1.000000000000000000e+00 -8.419044274564715675e-20 -3.898450528174134867e-21 0.000000000000000000e+00 -1.464674234986926426e-19 1.000000000000000000e+00 -6.189583660629636452e-19 1.387778780781445676e-17 1.474349598590897266e-20 7.412272411268768779e-19 1.000000000000000000e+00 0.000000000000000000e+00
9.999965911792110251e-01 1.607330594558519518e-03 2.057696164848389631e-03 4.137315033199228873e-03 -1.599805674603574758e-03 9.999920466475248348e-01 -3.653393395817548447e-03 -2.194738807670261471e-02 -2.063552236954895990e-03 3.650089462204623991e-03 9.999912092534053443e-01 9.739379640726983922e-01
9.999964920439142757e-01 5.116679042746465284e-04 2.598863670901883395e-03 3.416117131520867746e-03 -5.000598767620206960e-04 9.999899056349461635e-01 -4.465264769164856845e-03 -2.847523778595140165e-02 -2.601122451500110285e-03 4.463950048300321591e-03 9.999866535580725913e-01 1.932082790651433513e+00
9.999957756542294796e-01 6.984285805680650195e-05 2.905820479643186210e-03 1.814969741529571384e-02 -6.453537185496873742e-05 9.999983297649730485e-01 -1.826557254977717679e-03 -1.692945922100007328e-02 -2.905943508888546127e-03 1.826362229485497223e-03 9.999941099263464084e-01 2.936208551219778418e+00
9.999930231381453094e-01 -3.089009291317454733e-03 2.100404861815073024e-03 1.213716065984979213e-02 3.083253057742695816e-03 9.999914977172728037e-01 2.738251852059165551e-03 1.565134718527573521e-02 -2.108845702787894971e-03 -2.731756990137401871e-03 9.999940451273389153e-01 3.888127741534188608e+00
9.999887047805789964e-01 -4.611784633275900318e-03 1.149678927038904524e-03 1.416044083460877082e-02 4.607855460675373827e-03 9.999836134995991888e-01 3.397112453962616071e-03 1.326234298420686519e-03 -1.165326947902949224e-03 -3.391776930176444976e-03 9.999935689202177347e-01 4.845682786334478465e+00
9.999797666732860302e-01 -6.319182323354900592e-03 7.308833208012746390e-04 2.045377396947019658e-02 6.318548829483332935e-03 9.999796630105055595e-01 8.657305949324377260e-04 -6.747665712839981400e-03 -7.363392278041120797e-04 -8.610950597392190865e-04 9.999993581622133032e-01 5.801270529085357452e+00
9.999833349028901530e-01 -5.766302982506267376e-03 -2.822722781094433222e-04 1.730275014123335009e-02 5.765765908323808482e-03 9.999816337300301283e-01 -1.867657380250522040e-03 -1.446688810751356469e-02 2.930366161241338536e-04 1.865998958090417555e-03 9.999982160825185984e-01 6.726485817592463334e+00
9.999774308674771461e-01 -6.606726805177726841e-03 -1.220217180691561543e-03 1.159784482402404469e-02 6.603527416845203848e-03 9.999747966095967611e-01 -2.607598686546075666e-03 -1.588808367023601675e-02 1.237414265001180553e-03 2.599482401685918650e-03 9.999958557334895914e-01 7.652433597657921638e+00
9.999804111048394839e-01 -6.005875786968989036e-03 -1.762632967654842843e-03 9.610080883261339080e-03 6.003670205097839767e-03 9.999811916642951104e-01 -1.253896468718936931e-03 -1.736892803107903394e-03 1.770130764033557959e-03 1.243289782557750007e-03 9.999976604275704339e-01 8.553751689152214510e+00
9.999772428869966312e-01 -6.163456480653500824e-03 -2.743269065311927744e-03 -3.427419429259931979e-03 6.166661218108573234e-03 9.999803116080434595e-01 1.161321581840256845e-03 9.814657048048652799e-03 2.736057607155602776e-03 -1.178212108486865637e-03 9.999955628951807673e-01 9.497128821231893170e+00
9.999730109587632310e-01 -6.309636708889068517e-03 -3.763755006475037659e-03 -1.003378364945739509e-02 6.318360486263293815e-03 9.999773697178190313e-01 2.310486642596842541e-03 6.837090596261280462e-03 3.749091916840272074e-03 -2.334205327406247300e-03 9.999902478557876062e-01 1.043234320252456193e+01
9.999502233545468632e-01 -8.911824946374694370e-03 -4.486669974448934291e-03 -1.619002791535452748e-02 8.926564990121494889e-03 9.999547908212657044e-01 3.276082382957404976e-03 5.842192995709843961e-03 4.457271762367219330e-03 -3.315970261096270588e-03 9.999845684243420241e-01 1.135374917255272109e+01
9.999495713669769303e-01 -8.848102383305958205e-03 -4.750350001414656124e-03 -2.512773517906121898e-02 8.862716283902585118e-03 9.999560304313339643e-01 3.064217705494179725e-03 1.217834379678044143e-02 4.723029145768278640e-03 -3.106164560315438378e-03 9.999840222490677943e-01 1.227510158287128839e+01
9.999351291755965709e-01 -9.728277707948302863e-03 -5.924362628602308084e-03 -2.942782544865316097e-02 9.742844379055270315e-03 9.999495728003259254e-01 2.434914307951009139e-03 1.062478939984033699e-02 5.900377010951668444e-03 -2.492476799820394790e-03 9.999794863513751242e-01 1.315439624056514667e+01
9.999345397039001160e-01 -9.193685724537506432e-03 -6.811201608661830373e-03 -3.350454912757804687e-02 9.196728939697714975e-03 9.999576228093202124e-01 4.156226783050599467e-04 5.547085218471359269e-03 6.807092611855379560e-03 -4.782363125071346921e-04 9.999767171204186900e-01 1.406840543403712296e+01
9.999183632507455677e-01 -9.697965380134640143e-03 -8.319634511238850963e-03 -5.863062472946105330e-02 9.690644841244018884e-03 9.999526215908179916e-01 -9.197617798981949123e-04 1.472753766578641099e-03 8.328161066833188880e-03 8.390641584777153682e-04 9.999649682374367465e-01 1.496943007647131907e+01
9.999037241645860608e-01 -9.549176262964689452e-03 -1.006755426334219293e-02 -6.166970465784100269e-02 9.534281648676269302e-03 9.999533826697544203e-01 -1.526417209991052073e-03 5.999777230356037605e-03 1.008166206197918212e-02 1.430283511635808665e-03 9.999481558441168927e-01 1.585458914942413955e+01
9.998959894256790326e-01 -8.629341335244343145e-03 -1.155615890311835307e-02 -8.096514723140091352e-02 8.604843369172013312e-03 9.999606275624521867e-01 -2.167945830116005130e-03 -2.129415492454628245e-04 1.157441310339017010e-02 2.068281634563798148e-03 9.999308751952491470e-01 1.675503071379662501e+01
9.998871008895321433e-01 -7.387216382759975893e-03 -1.308489638455114998e-02 -1.111011348945716432e-01 7.358459543825461580e-03 9.999704072262929344e-01 -2.244491330951118874e-03 -1.101460677688376188e-03 1.310109111817954648e-02 2.147953488753710002e-03 9.999118699696784018e-01 1.765424376251424121e+01
9.998640291891351950e-01 -7.604302650190818136e-03 -1.463207833121687139e-02 -1.084597320677164189e-01 7.578126964837728942e-03 9.999695862186859241e-01 -1.843535615704750301e-03 2.753063087283874610e-03 1.464565369111107788e-02 1.732401390278659383e-03 9.998912458951390025e-01 1.856116662520731353e+01
9.998436647075000794e-01 -7.407815337644198077e-03 -1.605523009834180365e-02 -1.297977519730570406e-01 7.393124882595944296e-03 9.999721959742620125e-01 -9.741526475581037577e-04 -6.565503855337453953e-03 1.606200176605188795e-02 8.553021160260356262e-04 9.998706319168237933e-01 1.943022302897893283e+01
9.998302503553445630e-01 -6.581804845495180939e-03 -1.720901832552948832e-02 -1.463783027980256335e-01 6.570963351204986078e-03 9.999781753667243978e-01 -6.864558468665577689e-04 1.139157111090860486e-03 1.721316270877258636e-02 5.732595424704122400e-04 9.998516782102827571e-01 2.031835022052808171e+01
9.997972133111767690e-01 -6.871478891103750125e-03 -1.892921077335712673e-02 -1.725723792249784783e-01 6.859899885377521329e-03 9.999762417305640971e-01 -6.765634532255426336e-04 -1.026657403937988877e-02 1.893341206846047009e-02 5.465738095450226649e-04 9.998205975008426227e-01 2.120648052749198342e+01
9.997723231880307759e-01 -6.677349681376515064e-03 -2.026609905272517068e-02 -1.900804924719748379e-01 6.662103513906982889e-03 9.999774719602235740e-01 -8.197194848233525831e-04 -1.434024186268130496e-02 2.027111822131962351e-02 6.845180644028152827e-04 9.997942854545025515e-01 2.207071636905197920e+01
9.997478497142390230e-01 -6.367017537447808469e-03 -2.153364939833950567e-02 -2.095880216157315901e-01 6.356541701221680822e-03 9.999796430203253816e-01 -5.548991642839260635e-04 -1.724486963175930754e-02 2.153674639540139463e-02 4.178797338052166925e-04 9.997679700629101829e-01 2.291666116598539560e+01
9.997297787645802458e-01 -6.466495473266817284e-03 -2.232831972171591545e-02 -2.359213136729291505e-01 6.489771893653179316e-03 9.999784705871662682e-01 9.701574120446401902e-04 -1.211142931141340195e-02 2.232156787716087568e-02 -1.114801110775082800e-03 9.997502212400494193e-01 2.378228452580867014e+01
9.996960654937352420e-01 -7.576719397467462577e-03 -2.345996442515276698e-02 -2.492461478812030562e-01 7.668744536726132197e-03 9.999632402314994062e-01 3.835167132464500743e-03 -1.564605563824128520e-02 2.343004657011522537e-02 -4.013910465190098122e-03 9.997174208271083495e-01 2.462504146175765740e+01
9.996795496079670107e-01 -7.727262145118460150e-03 -2.410575624417342702e-02 -2.750472533008636034e-01 7.854516847726460832e-03 9.999556904164005333e-01 5.188807595257823209e-03 -1.030571507037980616e-02 2.406459543383624583e-02 -5.376484568467456218e-03 9.996959481443488116e-01 2.547582758656765378e+01
9.996745070505136388e-01 -6.932750575318117475e-03 -2.455232958381745739e-02 -3.128568595998367230e-01 7.046775737857538871e-03 9.999647708579151306e-01 4.560696836076640580e-03 -1.323215043718697914e-02 2.451984908063452664e-02 -4.732227705832390240e-03 9.996881429205464187e-01 2.629288306972661005e+01
9.996598412776938058e-01 -5.549484665247657669e-03 -2.548342431645954712e-02 -3.268420843850018964e-01 5.611203755456402667e-03 9.999814932690072045e-01 2.351061166917284458e-03 -2.169968229119541292e-02 2.546990824689517388e-02 -2.493254438704255518e-03 9.996724801259675441e-01 2.710752106333095313e+01
9.996403704146712421e-01 -5.380139027551428081e-03 -2.627135122940044143e-02 -3.507030573950031815e-01 5.396414422656306206e-03 9.999852887313940286e-01 5.486520187389605291e-04 -1.923904955317037868e-02 2.626801572617130931e-02 -6.902259128230575245e-04 9.996546978817112405e-01 2.790038903647537794e+01
9.996255851144597582e-01 -4.646429239019006507e-03 -2.696479610981056957e-02 -3.832711348182284983e-01 4.663072154398100085e-03 9.999889741548114719e-01 5.543601474557012391e-04 -1.849343113737808575e-02 2.696192588264068046e-02 -6.798914826707632341e-04 9.996362300170225090e-01 2.869695864241599637e+01
9.995913297925733687e-01 -4.738719469430655550e-03 -2.819074111186343004e-02 -4.043635353603780014e-01 4.743593993967401383e-03 9.999887434678566001e-01 1.060378446492722925e-04 -3.188336192040905348e-02 2.818992430627462187e-02 -2.397199954053772647e-04 9.996025564034799471e-01 2.949505397573603460e+01
9.995344587803479675e-01 -4.197757084676813182e-03 -3.021993509308756182e-02 -4.317576142600061950e-01 4.180693799093516266e-03 9.999910637907557520e-01 -6.278002737550497430e-04 -2.697830855462766964e-02 3.022230361634298257e-02 5.011677426442214629e-04 9.995430762448046513e-01 3.026504804844229568e+01
9.994776109375856921e-01 -3.944393807024017089e-03 -3.207720236188813662e-02 -4.668052623681017144e-01 3.924385245417807457e-03 9.999920637897466991e-01 -6.866978582495606147e-04 -4.005206438889379050e-02 3.207965981579931347e-02 5.604558717141288997e-04 9.994851581689268016e-01 3.104441378718842159e+01
9.994108254054651086e-01 -3.878690310193508642e-03 -3.410216606318008242e-02 -4.886083875675080179e-01 3.882074523993377883e-03 9.999924641712544249e-01 3.302379402229206818e-05 -3.686452912325606512e-02 3.410178462003925909e-02 -1.653915382722436205e-04 9.994183513586957224e-01 3.177518994024324783e+01
9.993508734784123382e-01 -4.091251610693733172e-03 -3.579236278155752821e-02 -5.117030194091202189e-01 4.158005707454245567e-03 9.999897519537366275e-01 1.790798345869273455e-03 -3.437592694897678713e-02 3.578467318834237243e-02 -1.938461002021601032e-03 9.993576435169636563e-01 3.252210891557241723e+01
9.992853079419645734e-01 -3.398931732075669617e-03 -3.764731697275851274e-02 -5.471004716547418489e-01 3.517768733132026551e-03 9.999890360778375120e-01 3.090793401670687696e-03 -3.814328803230006282e-02 3.763640282628241684e-02 -3.221019405814669508e-03 9.992863085016515656e-01 3.328187739495100317e+01
9.992055182702815896e-01 -2.607683200538062247e-03 -3.976848136370186165e-02 -6.012851171627431324e-01 2.751134243717830337e-03 9.999899041854185544e-01 3.552852794774859213e-03 -3.822211422906092448e-02 3.975881938950993899e-02 -3.659439017478365551e-03 9.992026045542653501e-01 3.400208895764102124e+01
9.991394584164968729e-01 -4.388830461418371967e-04 -4.147468942706941664e-02 -6.335995995663549207e-01 5.698549658122635617e-04 9.999948886268879011e-01 3.146103508756802232e-03 -4.404957832020831021e-02 4.147310107474809493e-02 -3.167031124446377088e-03 9.991346015292525973e-01 3.470383924840871970e+01
9.990480915556965158e-01 1.644714611428938975e-03 -4.359134659450530913e-02 -6.706818644769857451e-01 -1.538018132096610714e-03 9.999957393702222364e-01 2.481074601439473958e-03 -4.113275435812913106e-02 4.359524615884597526e-02 -2.411668886658024404e-03 9.990463645651418423e-01 3.541881161714793080e+01
9.989982937159630483e-01 2.170152202901242961e-03 -4.469563073431470634e-02 -6.981147713385662534e-01 -2.028950494785825009e-03 9.999928078673027132e-01 3.204303333681159018e-03 -3.881938916962095198e-02 4.470226785167730199e-02 -3.110408746712135970e-03 9.989955119044936493e-01 3.611614108864416295e+01
9.989341965034308490e-01 3.260341880110858691e-03 -4.604173137340253352e-02 -7.405396395025634071e-01 -3.045363077311837204e-03 9.999841356513172741e-01 4.738585056645682088e-03 -3.606283813932111004e-02 4.605645524968081383e-02 -4.593321449407244961e-03 9.989282779799472101e-01 3.681634871980871537e+01
9.989144211062833678e-01 5.943654872612372589e-03 -4.620229505286319038e-02 -7.876663694014625072e-01 -5.701906578895803331e-03 9.999693659049985195e-01 5.362414809405259206e-03 -2.332565785110227163e-02 4.623275693380612256e-02 -5.093152955342887360e-03 9.989177104266937501e-01 3.749893228145504054e+01
9.989419740958390692e-01 9.440679353540114283e-03 -4.500895204349011913e-02 -8.227327746450092683e-01 -9.268716177491382463e-03 9.999489325296153641e-01 4.027806742271406761e-03 -4.064603351748968807e-02 4.504468354898797516e-02 -3.606370478932399617e-03 9.989784636221592518e-01 3.816561677804359931e+01
9.990075249736467544e-01 1.082677707024326877e-02 -4.320585329756709836e-02 -8.663703954740704649e-01 -1.079032574544843553e-02 9.999412029748407926e-01 1.076789908376105326e-03 -3.998892248873429922e-02 4.321497565201741498e-02 -6.095160962009421200e-04 9.990656107291862043e-01 3.881030829620926426e+01
9.990861760414555537e-01 1.138521767210022920e-02 -4.119695974298454716e-02 -8.791205316103140044e-01 -1.142529832123585082e-02 9.999344571245385449e-01 -7.375883190966579100e-04 -4.167533858260197288e-02 4.118586631909913753e-02 1.207601958845139776e-03 9.991507725359606296e-01 3.945076115144732398e+01
9.992126963214664759e-01 1.226464629596175047e-02 -3.773017117867492887e-02 -9.177063312969936382e-01 -1.228088314522824548e-02 9.999245673981950189e-01 -1.986066127383712609e-04 -4.142596154056835123e-02 3.772489323125624572e-02 6.618101215268107308e-04 9.992879437680715071e-01 4.007462486052688888e+01
9.992477042542334820e-01 1.725629044918192134e-02 -3.473105026945588758e-02 -9.477999504541461118e-01 -1.718445139466884958e-02 9.998495372674517379e-01 2.365897704171427383e-03 -4.209248961571333825e-02 3.476665481155422066e-02 -1.767284038249450741e-03 9.993938945853536593e-01 4.073933672169837195e+01
9.992799988074002604e-01 2.189893495357321182e-02 -3.098258412803473610e-02 -9.859221057452285386e-01 -2.173356468445978434e-02 9.997477522149149642e-01 5.664283669452939256e-03 -3.028500012268456332e-02 3.109881387398391941e-02 -4.986843992651149131e-03 9.995038745660759227e-01 4.134190123128980332e+01
9.992931488028680143e-01 2.637176066714857700e-02 -2.679053751201912470e-02 -9.920945057201440154e-01 -2.620218774909648107e-02 9.996344708790947386e-01 6.661080154144492088e-03 -3.411195689459950442e-02 2.695641200588715092e-02 -5.954401787962923867e-03 9.996188758944635211e-01 4.196186682379585875e+01
9.993082796207517493e-01 3.042217237461606119e-02 -2.138816573746677926e-02 -1.021841333839383248e+00 -3.027944360017379918e-02 9.995172000018029967e-01 6.965787820988090205e-03 -2.983932906687723763e-02 2.158975615245309343e-02 -6.313348442255750995e-03 9.997469800566470832e-01 4.253897723746383264e+01
9.993064634655192124e-01 3.388051169526556244e-02 -1.545001431484870416e-02 -1.028826315708601502e+00 -3.374803849495457142e-02 9.993920168474944576e-01 8.755943970491224249e-03 -2.564608943213431136e-02 1.573727842310462810e-02 -8.228464702897205288e-03 9.998423028167331417e-01 4.309920463776005306e+01
9.992105552367449572e-01 3.871105018016569171e-02 -8.928652938154410523e-03 -1.045771253690944480e+00 -3.862066841608066681e-02 9.992030790145436381e-01 1.008220460514998133e-02 -1.579448007629800921e-02 9.311831136398761657e-03 -9.729415864861501798e-03 9.999093100532675527e-01 4.365360977581683244e+01
9.990972160624423948e-01 4.244598272011364942e-02 -1.758224018024687934e-03 -1.064375449148542652e+00 -4.242689561364165057e-02 9.990519655034451052e-01 9.753396783299127931e-03 -1.954763819471277975e-02 2.170549804433946888e-03 -9.669996719920245093e-03 9.999508887620265352e-01 4.419391047424046093e+01
9.989467604241702992e-01 4.552482981909268533e-02 5.732332867457857854e-03 -1.052199859639475932e+00 -4.558016912364106638e-02 9.989113808268669237e-01 9.924788914225267031e-03 -3.144088211870255112e-02 -5.274268880295848727e-03 -1.017561762096556854e-02 9.999343173248609329e-01 4.468446904340498094e+01
9.986711342019467530e-01 4.981641194825360552e-02 1.320192104922461931e-02 -1.069517918197828266e+00 -4.994030762446687727e-02 9.987095799226964887e-01 9.227169171769317862e-03 -2.384042677437946123e-02 -1.272522203447463973e-02 -9.874216642663052879e-03 9.998702759143094365e-01 4.517881833025293759e+01
9.982795836021182145e-01 5.484781773698304413e-02 2.072654631282020571e-02 -1.045366589134085977e+00 -5.500691508937455981e-02 9.984601212740986664e-01 7.185091562599570450e-03 -2.236757728772287290e-02 -2.030054564183385313e-02 -8.312834535336238728e-03 9.997593634150901964e-01 4.566101123469680090e+01
9.980115794165923537e-01 5.613565666069173649e-02 2.866487782921878225e-02 -1.042585534318802631e+00 -5.627312518574466293e-02 9.984073548566608780e-01 4.011133729955709652e-03 -3.762937303747634910e-02 -2.839406037989878132e-02 -5.616220789395736171e-03 9.995810300000951276e-01 4.609674795469997122e+01
9.976850199074358549e-01 5.708319539660210856e-02 3.696092001622137274e-02 -1.028446113451418009e+00 -5.724081525965759448e-02 9.983552090086986741e-01 3.219590433156074849e-03 -2.055300665191707454e-02 -3.671634656033381794e-02 -5.327810918993972598e-03 9.993115252634138246e-01 4.651061826421215528e+01
9.974097524639591317e-01 5.640445363317105748e-02 4.463544532641576523e-02 -1.006478237522525632e+00 -5.665850155704681146e-02 9.983837169500177078e-01 4.446118733968554108e-03 -3.693923294903725396e-02 -4.431252576116777309e-02 -6.963580399319285567e-03 9.989934478703594856e-01 4.692025475333113604e+01
9.969515263262657134e-01 5.761925438134585242e-02 5.260869955331750475e-02 -9.878957281765952114e-01 -5.796501276296544408e-02 9.983057458193567157e-01 5.069043071287988173e-03 -2.672407549738514687e-02 -5.222749825181430272e-02 -8.103055059151129808e-03 9.986023379195692051e-01 4.728530507825337992e+01
9.962482510815801051e-01 6.084052958237709530e-02 6.154552498843763458e-02 -9.706281277030279764e-01 -6.128373946179698634e-02 9.981061124899784920e-01 5.337745369159718062e-03 -3.063606364915022473e-02 -6.110422007306003100e-02 -9.089460404910888400e-03 9.980900042039456688e-01 4.765680115366006220e+01
9.953874006949032793e-01 6.548932924166449288e-02 7.010755758926683068e-02 -9.452773686695254973e-01 -6.597157766504316290e-02 9.978109774262352571e-01 4.583046162395444656e-03 -2.492624545626655197e-02 -6.965395750523717400e-02 -9.187013586372857338e-03 9.975289096579460502e-01 4.798182508840750415e+01
9.944523874038738720e-01 6.919223140564717545e-02 7.922678512710595866e-02 -9.285371327640662420e-01 -6.977601582651593581e-02 9.975519822732791253e-01 4.620640934354054707e-03 -1.737715497846714641e-02 -7.871313262866283522e-02 -1.012313792054078850e-02 9.968459086559345872e-01 4.828058325818185637e+01
9.936760970110368740e-01 6.907221920201365994e-02 8.852593840243008771e-02 -8.895468847624979913e-01 -6.978049799756362581e-02 9.975502004177830839e-01 4.927452525383039725e-03 -2.984648092804510766e-02 -8.796872703006460015e-02 -1.107367706210801890e-02 9.960616836781183148e-01 4.857318396905495916e+01
9.927271433489537333e-01 6.828383528531578595e-02 9.914703970137990485e-02 -8.411274120619306460e-01 -6.894928824468568584e-02 9.976147185085562086e-01 3.296834537548829023e-03 -3.739066866167403691e-02 -9.868543624927053615e-02 -1.010897602618461046e-02 9.950673316108202826e-01 4.883667904131110049e+01
9.916054705815158243e-01 6.695089831035537509e-02 1.106172068290713351e-01 -8.178950108496010341e-01 -6.728453588402955043e-02 9.977335693987716692e-01 -7.181914267594109811e-04 -4.239593020834329928e-02 -1.104145960661823134e-01 -6.730665535956938811e-03 9.938628258091244394e-01 4.910127672964780032e+01
9.899624526595214302e-01 6.781320631650583630e-02 1.239988288018303575e-01 -7.852959589166225163e-01 -6.775962988745004578e-02 9.976908190755671146e-01 -4.654264750885855201e-03 -4.736393615416883973e-02 -1.240281270366863781e-01 -3.794567695313304321e-03 9.922714480919224700e-01 4.936548423578656042e+01
9.878326639232425377e-01 6.936406147948363798e-02 1.391950171190361740e-01 -7.247993370192405971e-01 -6.901850270450494984e-02 9.975885688951289243e-01 -7.313931533903032974e-03 -4.305069582548075313e-02 -1.393666969054343507e-01 -2.382091305299206731e-03 9.902379772585013784e-01 4.962232902569317616e+01
9.852973841455154869e-01 7.092348187746504162e-02 1.554314051854158163e-01 -6.744543426081618387e-01 -7.041515989313516799e-02 9.974791236531869165e-01 -8.780844966475128549e-03 -4.836655645554426008e-02 -1.556623666505432546e-01 -2.292983751201064634e-03 9.878076596816337540e-01 4.988878878404117501e+01
9.824387639777658610e-01 7.169143244208904531e-02 1.722626197067693987e-01 -6.237217157010923607e-01 -7.099556298033000978e-02 9.974244241903438279e-01 -1.020530130287171551e-02 -4.823594568362092605e-02 -1.725505954549189369e-01 -2.203798113869814921e-03 9.849981921673830465e-01 5.012784210679916441e+01
9.791519134571680105e-01 7.095249740396374072e-02 1.903346247320706341e-01 -5.669528928305198612e-01 -7.005183431702610708e-02 9.974774690615110240e-01 -1.146469953432103714e-02 -5.251547334649385446e-02 -1.906679692549798355e-01 -2.107607119164760148e-03 9.816523251609365897e-01 5.036180562007729833e+01
9.753314185471706477e-01 7.015831989015813841e-02 2.092998547744115423e-01 -4.904410766074221995e-01 -6.913703270139991142e-02 9.975325579115934538e-01 -1.220109540262845522e-02 -5.964905590584326789e-02 -2.096394503097992745e-01 -2.570259253467919482e-03 9.777753829301059074e-01 5.063027227087402338e+01
9.707737393386230984e-01 7.047925658559534012e-02 2.294145058793206349e-01 -4.283686645825718897e-01 -6.919455719237729840e-02 9.975097959972712980e-01 -1.364991797299971305e-02 -5.883127756492130545e-02 -2.298052776247320184e-01 -2.623253248024364371e-03 9.732330957667728599e-01 5.085528214172794748e+01
9.654140984286752047e-01 7.214439825675968143e-02 2.505410093414019435e-01 -3.618993268034006450e-01 -7.042749117931805525e-02 9.973913857401094374e-01 -1.582378770381433208e-02 -6.352373648019797592e-02 -2.510290689876990000e-01 -2.368466934860181516e-03 9.679766545539072453e-01 5.108350725587666830e+01
9.591176551192057698e-01 7.357969676240212753e-02 2.732752158185260405e-01 -2.794130047025165098e-01 -7.135773157394567634e-02 9.972869932663052106e-01 -1.807560036260694863e-02 -6.672084060145240525e-02 -2.738638447945137000e-01 -2.163671949511478381e-03 9.617660428599017486e-01 5.133960553804104165e+01
9.517731515658850450e-01 7.485203587472276376e-02 2.975315628731214357e-01 -1.737334206973908945e-01 -7.233396768188066206e-02 9.971901980914489316e-01 -1.948091559916412252e-02 -7.731261142449410984e-02 -2.981537761794582631e-01 -2.980225961588139384e-03 9.545132024536542303e-01 5.156707773438940023e+01
9.431956055674083350e-01 7.756742980599347359e-02 3.230562365639342293e-01 -8.784500709660456041e-02 -7.493396390938490692e-02 9.969756657156190194e-01 -2.060153263623398442e-02 -7.568500921674992110e-02 -3.236772490322249451e-01 -4.776609431894417168e-03 9.461555019270354583e-01 5.180679296429805447e+01
9.332029142395169563e-01 7.975870910477197984e-02 3.503867230704444391e-01 2.993674998516274166e-02 -7.693066023671137066e-02 9.967935365765759892e-01 -2.200725057415408442e-02 -8.560367182686084986e-02 -3.510185282484566405e-01 -6.418251828567048990e-03 9.363465235794893315e-01 5.208117051850214807e+01
9.219515714886867830e-01 8.076498050172216392e-02 3.787905780950837631e-01 1.373351123701929966e-01 -7.758474243667370929e-02 9.967045223905312001e-01 -2.367916615264843705e-02 -8.715872875645766515e-02 -3.794547701343556345e-01 -7.557325327856609203e-03 9.251794311560742612e-01 5.230422117835637863e+01
9.092504803591755502e-01 7.919943847317899299e-02 4.086453164917764336e-01 2.624605054951715255e-01 -7.522952526922335736e-02 9.968322312068970126e-01 -2.580739187598739617e-02 -1.069640572100032938e-01 -4.093947972472604668e-01 -7.276809944894045354e-03 9.123283214527463381e-01 5.252339305738301789e+01
8.942957841857238632e-01 7.668055417997440837e-02 4.408572579051508455e-01 4.247896454330568616e-01 -7.126815513591683304e-02 9.970398809370015769e-01 -2.885006066806304614e-02 -1.182127903776795247e-01 -4.417645536950170482e-01 -5.618595797877574440e-03 8.971134440608116156e-01 5.277485963711693273e+01
8.770120623423488526e-01 7.593217518349025530e-02 4.744303139954616499e-01 5.791780262231639442e-01 -6.845982424018343115e-02 9.971068139111928241e-01 -3.303413723171098881e-02 -1.311413971117178501e-01 -4.755661034160614808e-01 -3.508078741886087263e-03 8.796730068608040742e-01 5.296339528822585407e+01
8.574150691884605546e-01 7.810075681854053431e-02 5.086645681263004537e-01 7.571372444299262483e-01 -6.799152657278441370e-02 9.969441781525559820e-01 -3.846372380380485428e-02 -1.448813107241730957e-01 -5.101142801470580634e-01 -1.605503440019962402e-03 8.601051514249465901e-01 5.322057115979335151e+01
8.356549134064439333e-01 8.012339403463399068e-02 5.433793108624908053e-01 9.208876444489374480e-01 -6.750683576228702631e-02 9.967847640661597897e-01 -4.316203558351953268e-02 -1.481539725484498637e-01 -5.450905650595081475e-01 -6.132499282766142772e-04 8.383769627664519053e-01 5.341929467093531514e+01
8.109745670295847031e-01 8.303458847160452572e-02 5.791592807655537856e-01 1.124287562390341000e+00 -6.835715143416709605e-02 9.965457570041550417e-01 -4.715775744168030498e-02 -1.651999576587229734e-01 -5.810745107831138956e-01 -1.345935868729034599e-03 8.138492720303650563e-01 5.364806367028466383e+01
7.834316344475981131e-01 8.705048812852719808e-02 6.153511564853585414e-01 1.340319580507305375e+00 -7.078729517972545682e-02 9.961968150777846809e-01 -5.080417786234797672e-02 -1.767785588241382322e-01 -6.174334565191829105e-01 -3.757443168440683778e-03 7.866141679685437760e-01 5.391157406181027056e+01
7.535909673092076044e-01 9.141899441634129819e-02 6.509555866226752752e-01 1.568381108535749746e+00 -7.403854506708462679e-02 9.957850145086319937e-01 -5.413408092845074793e-02 -1.810283527306029983e-01 -6.531607711056085508e-01 -7.400849763232834715e-03 7.571831219807693136e-01 5.412997405297153364e+01
7.204616537370669427e-01 9.295916513844715290e-02 6.872361662767746404e-01 1.828757430405053119e+00 -7.398000576917389270e-02 9.956227540620743444e-01 -5.711646268252961595e-02 -2.033855476007591090e-01 -6.895375367037134273e-01 -9.691514177546791536e-03 7.241851358132251892e-01 5.435432824015732933e+01
6.839924518497394468e-01 9.100709801044561120e-02 7.237900093017261005e-01 2.133686585360722532e+00 -7.046366306342413677e-02 9.957905197957239718e-01 -5.861836596602996302e-02 -2.302842564799174041e-01 -7.260779942928821118e-01 -1.090637529258022334e-02 6.875258930287896364e-01 5.461221947571401358e+01
6.452073812813329257e-01 8.969672250625335130e-02 7.587238438632305515e-01 2.418300243131354499e+00 -6.753773120666034524e-02 9.958927347788405493e-01 -6.030187077030158688e-02 -2.536950340208296018e-01 -7.610165250108585910e-01 -1.233527474842841497e-02 6.486152569761142184e-01 5.479954334580805408e+01
6.028672038882427753e-01 8.945259389479548462e-02 7.928110118030018416e-01 2.760669582924699217e+00 -6.531287328260491909e-02 9.958929591243768087e-01 -6.270121583262670828e-02 -2.671970860420407323e-01 -7.951637756240972355e-01 -1.398025838510580723e-02 6.062336099881476814e-01 5.503118878219527232e+01
5.571296591912321405e-01 8.915003874912552639e-02 8.256262715763257320e-01 3.106229870903720602e+00 -6.179570523883647776e-02 9.959149764633590252e-01 -6.583806158954250143e-02 -3.021113459778266286e-01 -8.281231227163496911e-01 -1.433982070035880012e-02 5.603628613714791706e-01 5.520164849301875876e+01
5.091721338993929757e-01 8.841416326229536993e-02 8.561113217544148446e-01 3.495982640431962274e+00 -5.820212799183969998e-02 9.959696356578772169e-01 -6.824219370162706855e-02 -3.276956326023293120e-01 -8.586945490547118753e-01 -1.508047707269074417e-02 5.122658775844780576e-01 5.538627862314882577e+01
4.605009354688935908e-01 8.652688336968020200e-02 8.834318894509128883e-01 3.924818490308445984e+00 -5.602034629771801555e-02 9.960867014254429774e-01 -6.835937315656503976e-02 -3.592038781208677922e-01 -8.858897744764639981e-01 -1.801060502718990902e-02 4.635461242617637256e-01 5.557837655049622327e+01
4.107651425266056200e-01 8.460557369938521977e-02 9.078071416237395441e-01 4.324098640032515206e+00 -5.581059212652463020e-02 9.961512603722186832e-01 -6.758582786448519286e-02 -3.905426307408173536e-01 -9.100314628752856905e-01 -2.290335226295829238e-02 4.139061021178908617e-01 5.572933550692598459e+01
3.607123679186438614e-01 8.422268754740293295e-02 9.288665319878932625e-01 4.765261724132173526e+00 -5.757160290476297237e-02 9.960259131967134083e-01 -6.795506338062122509e-02 -3.989150052349667575e-01 -9.308985928794770714e-01 -2.896410424701495456e-02 3.641277013169333387e-01 5.588094115234095227e+01
3.114107902197466582e-01 8.481880556736277887e-02 9.464824320536343594e-01 5.255123026760371907e+00 -5.594342138751232096e-02 9.959175064177205883e-01 -7.084245788985189807e-02 -4.177581324419074038e-01 -9.486272971868965342e-01 -3.088836076647486287e-02 3.148845123946610869e-01 5.599785032586917310e+01
2.641423563491266946e-01 8.145713018804946748e-02 9.610376958491062549e-01 5.714315705338072426e+00 -4.563069798808686017e-02 9.963667990227348392e-01 -7.190995072742439875e-02 -4.723455192341449727e-01 -9.634037334473508629e-01 -2.485835720311788469e-02 2.668996203265665557e-01 5.609441145769403647e+01
2.200228033089352553e-01 7.596104849722536134e-02 9.725326648192087475e-01 6.202947327654962706e+00 -3.140553875317087656e-02 9.969983655889620433e-01 -7.076687754413603371e-02 -4.970327422188599575e-01 -9.749891072035623552e-01 -1.497258440007427117e-02 2.217479734674865088e-01 5.615664450658442775e+01
1.777963577177587018e-01 7.410855453284363736e-02 9.812727829475788033e-01 6.740618891307803118e+00 -2.188079902426686915e-02 9.972114792579498399e-01 -7.134771237578974024e-02 -5.597681454462354322e-01 -9.838240638722706155e-01 -8.785667196792946998e-03 1.789221237868777459e-01 5.621708444854748166e+01
1.392428394767285527e-01 7.647826616008167322e-02 9.873005633772496958e-01 7.250174718336413804e+00 -1.787048574805706613e-02 9.970449602096527197e-01 -7.471273522048074711e-02 -5.578801108522879471e-01 -9.900970566352103042e-01 -7.240324999951523732e-03 1.401980756155590813e-01 5.625954078057989705e+01
1.063567823938030010e-01 7.668066312178593857e-02 9.913668371983683780e-01 7.782332325865693790e+00 -9.944054076446783713e-03 9.970541336497866780e-01 -7.605373150706205843e-02 -6.163098136658393678e-01 -9.942783592440360696e-01 -1.769372281426406443e-03 1.068059866782911094e-01 5.629485300941936288e+01
7.736474692738543046e-02 7.553982126004982200e-02 9.941369754381604862e-01 8.359922410828298567e+00 -1.728438200591564085e-03 9.971342204972263312e-01 -7.563305178573792587e-02 -6.579734004764721256e-01 -9.970014112453798871e-01 4.133031345945470739e-03 7.727360301231729622e-02 5.631353198079953160e+01
5.210923014934863706e-02 7.392926370396248059e-02 9.959010926543482300e-01 8.897839885597557341e+00 4.625063652505446814e-03 9.972274652451562638e-01 -7.426971832658070538e-02 -6.896048949154499619e-01 -9.986307339760694957e-01 8.476248130373975967e-03 5.162282841910838249e-02 5.630634188396621198e+01
3.213006046550875849e-02 7.298168087638685908e-02 9.968155433905979690e-01 9.479447947423746967e+00 1.105635574089438265e-02 9.972435459201463015e-01 -7.336938619185234822e-02 -7.203628829967292369e-01 -9.994225944427060915e-01 1.337851504203702718e-02 3.123458446519563475e-02 5.633018870479018858e+01
1.581913029276432736e-02 7.421430858145014464e-02 9.971167863084010596e-01 1.006075878420929826e+01 1.277744397193398586e-02 9.971451900376968602e-01 -7.441912795373226142e-02 -7.656269619353430755e-01 -9.997932777294965545e-01 1.391785482926568424e-02 1.482570097068905239e-02 5.631477023191423825e+01
2.479990145556013048e-03 7.472046316292028922e-02 9.972013818905054450e-01 1.065254190159283354e+01 1.415724564137626693e-02 9.971019389897122220e-01 -7.474821300133281665e-02 -7.968674292022205341e-01 -9.998967587800534629e-01 1.430300490594379505e-02 1.414967488128593799e-03 5.630791040247645185e+01
-9.307019446484860944e-03 7.552623602818593629e-02 9.971003264966309398e-01 1.124572958797106281e+01 1.502112530653029049e-02 9.970416159336557005e-01 -7.538157314024264422e-02 -8.119279038997293529e-01 -9.998439134932541883e-01 1.427599636409370050e-02 -1.041397430858957869e-02 5.630786013390733302e+01
-1.822606048128682862e-02 7.819133287188992365e-02 9.967716991823916128e-01 1.188119585649415022e+01 1.900286745811646111e-02 9.967843648706085080e-01 -7.784484963688749481e-02 -8.810157539335252697e-01 -9.996533438433264918e-01 1.752272113907283810e-02 -1.965331121530672007e-02 5.629538287297895494e+01
-2.515754342999787160e-02 7.961364173018747881e-02 9.965082338968163089e-01 1.249554309020207299e+01 2.301336616164203000e-02 9.966057365807540203e-01 -7.904043524654795483e-02 -9.380805318723152153e-01 -9.994186255159032140e-01 2.094455170130219909e-02 -2.690432956048737639e-02 5.625724763189064248e+01
-2.963804361823782485e-02 7.951574210471108739e-02 9.963928579238385819e-01 1.312889460099030714e+01 2.386966915163892672e-02 9.966028571594599539e-01 -7.882248162083889398e-02 -9.686955026757237963e-01 -9.992757033343518946e-01 2.144742980005797869e-02 -3.143537297902070787e-02 5.624186098252697974e+01
-3.360766716726296122e-02 7.687898270839498005e-02 9.964738034254527754e-01 1.377885817253193856e+01 2.182017266089234658e-02 9.968558697688484349e-01 -7.617253195990138226e-02 -1.020463904766656604e+00 -9.991969329313034054e-01 1.918325516748417559e-02 -3.517951252127864831e-02 5.622250806870091111e+01
-3.595420447054902685e-02 7.065464221660651412e-02 9.968526023658160762e-01 1.446048874343770940e+01 2.009200526701398343e-02 9.973470852094196148e-01 -6.996501040816507921e-02 -1.046106339117083950e+00 -9.991514962774723507e-01 1.751323708011795141e-02 -3.727841401292514290e-02 5.619792116995221676e+01
-3.724321154608437046e-02 6.470178450587342478e-02 9.972093643513902927e-01 1.512386223802003116e+01 2.105398060145897282e-02 9.977310333820410548e-01 -6.394931370080267352e-02 -1.086105111508831156e+00 -9.990844704448386127e-01 1.861355455935780751e-02 -3.852093758533221834e-02 5.617299171988079109e+01
-3.784319848733910807e-02 6.247856493284338619e-02 9.973285393036923629e-01 1.582450118792682581e+01 2.392416883866166008e-02 9.978140749202809578e-01 -6.160118382161739597e-02 -1.118646610418477350e+00 -9.989973135242907754e-01 2.152907664664008291e-02 -3.925522335546746677e-02 5.614469560446917029e+01
-3.763812877951579899e-02 6.425071116660341364e-02 9.972237018091750782e-01 1.651696590337161652e+01 2.775622704719293496e-02 9.976130450688530660e-01 -6.322818956206884000e-02 -1.176623514964198591e+00 -9.989059360298611079e-01 2.529938330028193641e-02 -3.933164513176340416e-02 5.610694403236779237e+01
-3.698346004301236029e-02 7.114986550025735601e-02 9.967797221385430451e-01 1.720093921683983851e+01 2.854295194406296018e-02 9.971304153765491174e-01 -7.011586365577196500e-02 -1.215582797019400196e+00 -9.989082187501975296e-01 2.585791508930432997e-02 -3.890815962777078446e-02 5.609165470271937437e+01
-3.459083064218439890e-02 7.866104488393518834e-02 9.963010632700656233e-01 1.790834773759467780e+01 2.769404880494428026e-02 9.965903241866953532e-01 -7.772235853678713391e-02 -1.287477089424092558e+00 -9.990178276848048489e-01 2.490313583542078449e-02 -3.665132951779858511e-02 5.607678395590829723e+01
-3.277150672900411288e-02 8.056359228246492976e-02 9.962105350662278092e-01 1.863113617927833232e+01 2.808733853630737340e-02 9.964265399401132095e-01 -7.965708699130800985e-02 -1.326270566124271966e+00 -9.990681837110604313e-01 2.537042634671787117e-02 -3.491721553298103575e-02 5.603800747578392105e+01
-3.014920886321074966e-02 7.612456605213561989e-02 9.966423479864553459e-01 1.938046265136194535e+01 2.903968059299483206e-02 9.967414828317519015e-01 -7.525365772239962781e-02 -1.360471083014241689e+00 -9.991235299519359847e-01 2.667334391052772827e-02 -3.226159980819121725e-02 5.601839972105828735e+01
-2.767008549048452851e-02 7.021054864878702173e-02 9.971483035580694931e-01 2.010399049141419425e+01 2.905033906405584190e-02 9.971654510212475397e-01 -6.940562518713146167e-02 -1.404924154253903490e+00 -9.991949510132590584e-01 2.704704347367260439e-02 -2.963129308424210587e-02 5.599426513154377716e+01
-2.488635841953335329e-02 6.843594477457706771e-02 9.973450178602533134e-01 2.086406724107861521e+01 2.732818662545543481e-02 9.973277905076757266e-01 -6.775284671036459205e-02 -1.436551085128936700e+00 -9.993167392651827186e-01 2.556951570922493672e-02 -2.669008668121154379e-02 5.599405979543509915e+01
-2.176275085179095112e-02 7.331131135643158270e-02 9.970715763500894724e-01 2.158120525198443929e+01 3.336354603398576646e-02 9.968056014782084029e-01 -7.256353304067965360e-02 -1.519887745330633866e+00 -9.992063662758077225e-01 3.168666862186387406e-02 -2.413915684582343402e-02 5.596378393959470543e+01
-1.823028169641006252e-02 7.848403552673979822e-02 9.967486178112300310e-01 2.229049250286945139e+01 3.530618837836829726e-02 9.963431352603586699e-01 -7.780635886258850664e-02 -1.585901312834347765e+00 -9.992103060984368623e-01 3.377297014135264425e-02 -2.093458776564234916e-02 5.595360843889430669e+01
-1.611345625458585062e-02 7.939853485894383944e-02 9.967126583447769583e-01 2.304208924031480166e+01 2.978839953371023933e-02 9.964377660641118295e-01 -7.889505188300367788e-02 -1.627272934571689422e+00 -9.994263923769070024e-01 2.841920979594243779e-02 -1.842121122238203276e-02 5.594589861700268330e+01
-1.230459699457132905e-02 7.654020319547302775e-02 9.969905156265941315e-01 2.378919555341121495e+01 2.486649477564999502e-02 9.967811153120686996e-01 -7.621722403615345531e-02 -1.663452982804987546e+00 -9.996151061258624626e-01 2.385384354784959166e-02 -1.416827604986111398e-02 5.595393008777006827e+01
-7.985640983113703739e-03 7.281765550581886792e-02 9.973132469723211546e-01 2.451539651466116254e+01 2.963548283401593736e-02 9.969242460496706704e-01 -7.255195017922454193e-02 -1.707994690540821203e+00 -9.995289259003977689e-01 2.897649270411934569e-02 -1.011906507093116546e-02 5.594506246417547146e+01
-4.606415453941976879e-03 7.354048711215366296e-02 9.972815408375568236e-01 2.527032579061776829e+01 3.421283970042110489e-02 9.967199073081348670e-01 -7.334103648856972468e-02 -1.777201124608337901e+00 -9.994040066446177040e-01 3.378200168941538489e-02 -7.107334470386126625e-03 5.594033711215374893e+01
-1.659926680891602151e-03 7.756117156810030111e-02 9.969861600639716714e-01 2.598784248356440330e+01 3.400359744150678598e-02 9.964154155609460384e-01 -7.746014845899756862e-02 -1.847536700067938131e+00 -9.994203850074033779e-01 3.377254534726047835e-02 -4.291334988165865921e-03 5.593578902806684283e+01
1.806170177131730028e-03 7.898487792683069053e-02 9.968741248900504504e-01 2.672981046381931947e+01 2.984950060754823151e-02 9.964273408408640398e-01 -7.900355266625669337e-02 -1.886965658298985993e+00 -9.995528255559009700e-01 2.989889566316275560e-02 -5.579414085947735245e-04 5.594832262448277760e+01
5.492943586839861558e-03 7.818797093946638910e-02 9.969234488300754427e-01 2.747861156482324674e+01 2.831104243328148862e-02 9.965267599233301743e-01 -7.831284212613513762e-02 -1.947591131268736842e+00 -9.995841227601947043e-01 2.865411693552108105e-02 3.260282723277982408e-03 5.595613479749687968e+01
9.228649615051853425e-03 7.609871460899622631e-02 9.970575267718608803e-01 2.821118050744521355e+01 3.250311027773414296e-02 9.965503345590618345e-01 -7.636084164416803710e-02 -1.999496912437353169e+00 -9.994290799332899988e-01 3.311218556449631312e-02 6.723369353420815056e-03 5.595543875785430288e+01
1.271894553501162241e-02 7.596438674946921765e-02 9.970293548361968128e-01 2.896088911867044402e+01 3.734087677285903573e-02 9.963784684263597979e-01 -7.639113946739298222e-02 -2.055805888387316482e+00 -9.992216937394341469e-01 3.820157298022733294e-02 9.836307059360933566e-03 5.597070472388234208e+01
1.640490284886692365e-02 7.671610999471029091e-02 9.969179563448619108e-01 2.967620782259092849e+01 3.969476275387328473e-02 9.962161762248852304e-01 -7.731530010401062303e-02 -2.123325737380565403e+00 -9.990772296568094513e-01 4.084078001234969085e-02 1.329760218463281983e-02 5.597349199270939124e+01
1.952314223488297446e-02 7.647952874667814094e-02 9.968799439547627594e-01 3.043112126506427018e+01 4.028030750637887764e-02 9.962003554369854852e-01 -7.721624341096482158e-02 -2.174233516389942000e+00 -9.989977225041604125e-01 4.166214274481072621e-02 1.636834267874683058e-02 5.598358932810890565e+01
2.267571677139164354e-02 7.582130677771542482e-02 9.968634988651918771e-01 3.117670805142545731e+01 4.160802549267867551e-02 9.961844258732744928e-01 -7.671610950191887213e-02 -2.216306637733465479e+00 -9.988767140503395092e-01 4.321712317257025288e-02 1.943442140613460892e-02 5.599153250969752804e+01
2.634525744406737702e-02 7.439654305987174199e-02 9.968806226681848903e-01 3.192837637727044608e+01 4.461535057767779255e-02 9.961456140460475117e-01 -7.552076344685443310e-02 -2.276369272650771158e+00 -9.986568497860264237e-01 4.646580132262544127e-02 2.292448517643681793e-02 5.599590106008590595e+01
2.954092444111594898e-02 7.497237200730869078e-02 9.967478975662709129e-01 3.265297756482668490e+01 4.274833463517548754e-02 9.961760405839306109e-01 -7.619629683252325536e-02 -2.325348554524328204e+00 -9.986490972300106073e-01 4.486023042434511554e-02 2.622301747327938568e-02 5.603157319506174616e+01
3.245863320044162920e-02 7.611474835154148633e-02 9.965705576273348187e-01 3.341302112005493541e+01 3.940102469522176187e-02 9.962234710500853518e-01 -7.737153594403665957e-02 -2.383549926183825995e+00 -9.986962011248358140e-01 4.177728378988621039e-02 2.933705353309253722e-02 5.607707439543690953e+01
3.521676376485712023e-02 7.648045061386207766e-02 9.964489020324640567e-01 3.418036907634346733e+01 4.098666721738224855e-02 9.961180253328335565e-01 -7.790360902041260083e-02 -2.440963693417996794e+00 -9.985389218119340438e-01 4.358464108182796143e-02 3.194537477618671073e-02 5.609438454480639535e+01
3.799242168243838202e-02 7.606439376881550529e-02 9.963787824151613126e-01 3.490979364865656720e+01 3.905928953096501205e-02 9.962236826380354016e-01 -7.754189605351367864e-02 -2.500148001670747355e+00 -9.985144232877177783e-01 4.186386008675721526e-02 3.487792944090238600e-02 5.613278501439003065e+01
4.001191644895820548e-02 7.633120815584276686e-02 9.962793219644547893e-01 3.569062372696988206e+01 3.765327697022077119e-02 9.962544509330654163e-01 -7.784150127287725596e-02 -2.546492025377148138e+00 -9.984895507689753869e-01 4.062777707241867209e-02 3.698793011209694503e-02 5.616190131340342617e+01
4.330346451804702179e-02 7.663307962403873019e-02 9.961185046313003610e-01 3.639859319673061577e+01 3.584601987556940150e-02 9.962926655721946467e-01 -7.820477592230329345e-02 -2.595790908821900000e+00 -9.984187390732914835e-01 3.909342944238099887e-02 4.039593358237052872e-02 5.620391165631122732e+01
4.633470092836100562e-02 7.814557103089343759e-02 9.958645788787748865e-01 3.718970753224838433e+01 3.305581106131243868e-02 9.962694315010234281e-01 -7.971532342872476862e-02 -2.656835216062145122e+00 -9.983789433695446913e-01 3.661270471918404851e-02 4.357868130824774783e-02 5.624582156579429437e+01
4.955544138793953335e-02 8.170411869903711211e-02 9.954238240785310277e-01 3.795154261759821424e+01 3.169313749651708756e-02 9.960178444552786337e-01 -8.333065517499728403e-02 -2.734234125016485439e+00 -9.982684553593743626e-01 3.567759909063115270e-02 4.676864442417957152e-02 5.627616918439338178e+01
5.276176746064880491e-02 8.367428565872850332e-02 9.950953241782316550e-01 3.869657533473863253e+01 3.200809305666042076e-02 9.958296331775129406e-01 -8.543315025102694860e-02 -2.777039615561470942e+00 -9.980940754927186687e-01 3.635871538474903103e-02 4.986347758701003413e-02 5.631111336369043840e+01
5.577188910872613037e-02 8.597133056194596057e-02 9.947353020581809480e-01 3.947358352775371060e+01 2.590608916647224591e-02 9.958260199314811212e-01 -8.751806700286056395e-02 -2.850580261773918878e+00 -9.981074474349211911e-01 3.065075631827625033e-02 5.331191778163010819e-02 5.637628947776917698e+01
5.829525146146314479e-02 8.583525174179565398e-02 9.946023666250071171e-01 4.024438814305101886e+01 2.144499121846488512e-02 9.959591640806294555e-01 -8.720926172832990653e-02 -2.890785496010169098e+00 -9.980690766270734482e-01 2.641313131031221631e-02 5.621895408874658800e-02 5.642897168470110358e+01
6.188412840303907786e-02 8.583581323040000155e-02 9.943854696959377737e-01 4.102374829455665406e+01 2.394698814277254270e-02 9.958805825102343690e-01 -8.745516922415150218e-02 -2.970989384417081158e+00 -9.977960723751920780e-01 2.922463074747074993e-02 5.957369302576540765e-02 5.647889711066341789e+01
6.557532474230148845e-02 8.691418301777907585e-02 9.940551776246537852e-01 4.179075541706827579e+01 2.405064941665251491e-02 9.957723575650665460e-01 -8.865087500329858761e-02 -3.039985519843820150e+00 -9.975577921257716696e-01 2.972098931782500911e-02 6.320775355243368754e-02 5.654667592593395398e+01
6.916990160092660600e-02 8.805252925157236454e-02 9.937113119303436770e-01 4.258675186942681279e+01 1.961809104610625146e-02 9.957844392371194564e-01 -8.960178870309117027e-02 -3.104739938623619633e+00 -9.974120316050045787e-01 2.569247223566098817e-02 6.715088953047029796e-02 5.659401513825621066e+01
7.355594365025358572e-02 8.704892917376604033e-02 9.934847264976786052e-01 4.340095428175040126e+01 1.831347797630241206e-02 9.958974750606297555e-01 -8.861622409529330835e-02 -3.149788463513046644e+00 -9.971229839870647815e-01 2.471241685373709931e-02 7.166001030289792517e-02 5.666230495364411723e+01
7.822547363476710369e-02 8.553563135699068787e-02 9.932594453576377713e-01 4.418242925710935509e+01 2.011022517840155982e-02 9.959743929286738462e-01 -8.735323102314665467e-02 -3.237838970839180153e+00 -9.967328927750837009e-01 2.680792542191085329e-02 7.619042819845853187e-02 5.672290359115091007e+01
8.300882353268278224e-02 8.949436922714802678e-02 9.925221347563717433e-01 4.496696887642134044e+01 1.564610214028809565e-02 9.957196331628019870e-01 -9.109122388145669824e-02 -3.286165415537897427e+00 -9.964260334220071957e-01 2.309048401829988731e-02 8.125327766580102418e-02 5.681276392964588240e+01
8.917912772259081744e-02 9.774802674225968602e-02 9.912074967352076937e-01 4.575257838521100240e+01 1.332794659878240584e-02 9.949664989348705468e-01 -9.931782893215808372e-02 -3.373816742233270993e+00 -9.959264803679277467e-01 2.206784379302860130e-02 8.742746437930284942e-02 5.689848221956550844e+01
9.652263211097719675e-02 1.031366737616394857e-01 9.899727791169927738e-01 4.656032413234672163e+01 1.199462008396899419e-02 9.944241539751346171e-01 -1.047698920744012802e-01 -3.444262869909541447e+00 -9.952585672679117312e-01 2.198701895653773497e-02 9.474735191534280898e-02 5.697222646601017004e+01
1.033048362657268820e-01 1.057043209902700925e-01 9.890169881724868439e-01 4.737335134745882215e+01 7.113329368926873258e-03 9.942330578987674805e-01 -1.070047956722654237e-01 -3.521754241150268694e+00 -9.946243594324440940e-01 1.808932183407116825e-02 1.019571739663676230e-01 5.707420430961831670e+01
1.110183581303766792e-01 1.047902137270833034e-01 9.882782153736696662e-01 4.820034079843343733e+01 3.602610806508683202e-03 9.943764844456980390e-01 -1.058415210456450373e-01 -3.604368515114472871e+00 -9.938118786878328281e-01 1.531073866653010797e-02 1.100165266807439368e-01 5.717344499334738828e+01
1.184703640380763146e-01 1.025208709070269814e-01 9.876508187219220636e-01 4.901454123354193371e+01 2.758141280877177397e-03 9.946178322220361467e-01 -1.035748991286068454e-01 -3.701184618871538934e+00 -9.929538107016928628e-01 1.499464144128246149e-02 1.175499699924417996e-01 5.727823567042829467e+01
1.257928766169437718e-01 9.949984652565173338e-02 9.870541164041840565e-01 4.983003176580778870e+01 2.875331217468420075e-03 9.949168418523540725e-01 -1.006588772613940946e-01 -3.774844684997938682e+00 -9.920524125029496210e-01 1.550028222427382758e-02 1.248673568985183696e-01 5.738658517039597484e+01
1.333018762440593141e-01 9.358601793434531690e-02 9.866469293065764923e-01 5.064150822352814885e+01 1.530199195798142339e-03 9.955110011212645604e-01 -9.463352762713621302e-02 -3.858308931538244391e+00 -9.910743526929453040e-01 1.412459792479490821e-02 1.325602794220281377e-01 5.751089986423384204e+01
1.409538998762254747e-01 8.702077776815130006e-02 9.861842011157970767e-01 5.146094835021246183e+01 -1.029391402836436461e-03 9.961417942985755225e-01 -8.775229648168107743e-02 -3.915807689811401815e+00 -9.900156779227037296e-01 1.135386332330755831e-02 1.404996496008001916e-01 5.764161216489426920e+01
1.478823021090547307e-01 8.308022826273830930e-02 9.855092068202676581e-01 5.225460847599796921e+01 -4.834608101851125303e-04 9.964713834144424132e-01 -8.393180500935197574e-02 -3.993260701327934203e+00 -9.890049013218034091e-01 1.193557796465352303e-02 1.474006486314095865e-01 5.775668203575366277e+01
1.551480106186755026e-01 8.509465679044504738e-02 9.842194322292582287e-01 5.304607094408781620e+01 -1.188333246046783826e-03 9.962985980777701034e-01 -8.595167766539932308e-02 -4.065167189970216199e+00 -9.878905740412451397e-01 1.216565563372920891e-02 1.546748667089813400e-01 5.788634741541309836e+01
1.610074148241593950e-01 9.152263577633430736e-02 9.827004204722599168e-01 5.382970935487983155e+01 -1.784829267531969814e-03 9.957164312323344424e-01 -9.244242757552206813e-02 -4.141328945512242399e+00 -9.869516351738614190e-01 1.312996841889078718e-02 1.604810811752693245e-01 5.802858004257672775e+01
1.655878650337742064e-01 9.596160514163080968e-02 9.815151177680474515e-01 5.459911123829715507e+01 -2.863854046002680710e-03 9.952972128645967143e-01 -9.682590452544979909e-02 -4.205885006020212202e+00 -9.861909351399686940e-01 1.322228337470213871e-02 1.650839609771242722e-01 5.816610798529534776e+01
1.708060568107197530e-01 9.774015040751794781e-02 9.804448231717340922e-01 5.537100378966907499e+01 -3.873354207935372339e-03 9.951266437577909185e-01 -9.852897728370288433e-02 -4.282765216173040734e+00 -9.852971080626123923e-01 1.303174057904598303e-02 1.703522406595908978e-01 5.831447872807198962e+01
1.760958045515141346e-01 9.845403877791940317e-02 9.794370665850701263e-01 5.615496329792387797e+01 -6.487251174006729466e-03 9.950801924952248356e-01 -9.886013062971681087e-02 -4.348129350417676342e+00 -9.843517085242405873e-01 1.105500430186988001e-02 1.758681435620328970e-01 5.846245975460116995e+01
1.812672298607582722e-01 9.542182299848137039e-02 9.787935250839346901e-01 5.691530860502512468e+01 -3.740747984293029890e-03 9.953412345051695365e-01 -9.634227053360387705e-02 -4.441940718131864863e+00 -9.834268152012619613e-01 1.380228122403513551e-02 1.807796977285263673e-01 5.858694571839622967e+01
1.858252007586059518e-01 8.939226240001098278e-02 9.785080050424957987e-01 5.765010252667058666e+01 -2.367617563878768143e-03 9.958908551905722994e-01 -9.053064909371022484e-02 -4.495179627829894997e+00 -9.825800179312106364e-01 1.450614800586017168e-02 1.852732651940487418e-01 5.873120686090854292e+01
1.890976137018341441e-01 8.191623761585270502e-02 9.785354977051705649e-01 5.838610650269573910e+01 -2.605222517319789790e-03 9.965527133195118958e-01 -8.292105884591841058e-02 -4.557103628356586000e+00 -9.819548908498522133e-01 1.313087617045780552e-02 1.886591504701458644e-01 5.886714084375374512e+01
1.922102018089602571e-01 7.908633675052960388e-02 9.781617900464124604e-01 5.914855056299348490e+01 -6.466476257430290274e-03 9.968278453698508068e-01 -7.932484507759186843e-02 -4.607269196863005511e+00 -9.813325253179410179e-01 8.921788511874353608e-03 1.921118916921644160e-01 5.901768491996452326e+01
1.954782160399460844e-01 7.899666339858105180e-02 9.775211978283209202e-01 5.988038508814674543e+01 -8.307698343321756954e-03 9.968481389113065250e-01 -7.889721016991919911e-02 -4.686836832180445889e+00 -9.806729074018665226e-01 7.301738480291877775e-03 1.955183767574473208e-01 5.918823124194087626e+01
1.976783029461558483e-01 8.057357065590491085e-02 9.769498893729942068e-01 6.058763613772816825e+01 -1.067329043422581177e-02 9.967340583278149202e-01 -8.004559640479040616e-02 -4.745038980782256388e+00 -9.802088917357079101e-01 5.396011336589245228e-03 1.978926827120508491e-01 5.934125621715312349e+01
1.991968112177354699e-01 8.448412346648767612e-02 9.763108938710888252e-01 6.128680924315621326e+01 -1.418163623242568554e-02 9.964210209885460134e-01 -8.333084511250701820e-02 -4.812420513583689718e+00 -9.798569352498731622e-01 2.753555948972090123e-03 1.996820135679338026e-01 5.950981447308013372e+01
2.011181795366146496e-01 8.961879879982589947e-02 9.754587880219646179e-01 6.198248672899654110e+01 -1.622408773879841296e-02 9.959743192290124725e-01 -8.815857283116233789e-02 -4.870011466959756952e+00 -9.794326718660639752e-01 1.904365883556616420e-03 2.017625256431212766e-01 5.965072780779125594e+01
2.028838877057848877e-01 9.519177746759514835e-02 9.745648014097448852e-01 6.264806631720503560e+01 -1.760119557332976564e-02 9.954572702676167673e-01 -9.356826624737195341e-02 -4.938802694768743784e+00 -9.790446505800024513e-01 1.829991108020968902e-03 2.036377305549322836e-01 5.980220075401301472e+01
2.042412626624424965e-01 9.678772553100421783e-02 9.741239866839805916e-01 6.332724720316071654e+01 -1.718209947823676545e-02 9.953013179169196700e-01 -9.528935639783614464e-02 -5.005021352482701857e+00 -9.787698318957617216e-01 2.724526482395904156e-03 2.049446146483070719e-01 5.994507857304112264e+01
2.054948652346239857e-01 9.691483260145160317e-02 9.738476648123575163e-01 6.398890541329069492e+01 -1.981478557297590773e-02 9.952926585709341856e-01 -9.486778963754834149e-02 -5.059739359511588930e+00 -9.784576313390574986e-01 1.982639415804144495e-04 2.064478777951475053e-01 6.009245746305087010e+01
2.061643777530954569e-01 9.409477142922163806e-02 9.739827113412721227e-01 6.464152741660208790e+01 -1.825771091380599606e-02 9.955624608184676649e-01 -9.231490717251510103e-02 -5.131976044744372523e+00 -9.783470790055821542e-01 1.249353692364172427e-03 2.069674708143024733e-01 6.024092759728375057e+01
2.066701665756918160e-01 9.098524714455621942e-02 9.741709427385082387e-01 6.530307451191775669e+01 -1.734964705847673663e-02 9.958510184035038737e-01 -8.932938164300678607e-02 -5.175379802260221318e+00 -9.782568852977985285e-01 1.560199264925729102e-03 2.073912582203701893e-01 6.039194478890385653e+01
2.064619694846141496e-01 9.054579579680091528e-02 9.742560303279376166e-01 6.595440621009933579e+01 -1.824728458771432069e-02 9.958921500256517900e-01 -8.868969312733891719e-02 -5.249338132719529426e+00 -9.782845155727134534e-01 5.335246600359322237e-04 2.072660700337966011e-01 6.053452754075730979e+01
2.057824813969955369e-01 8.955924185234116763e-02 9.744909497343205995e-01 6.660293255559275849e+01 -1.722244181322790321e-02 9.959806425904156324e-01 -8.789736423214351835e-02 -5.305450066534651121e+00 -9.784462476424412580e-01 1.304627124475105180e-03 2.064977973285661017e-01 6.064116053721422617e+01
2.037415234003002729e-01 8.998513255588762305e-02 9.748804880835493236e-01 6.720379259364771940e+01 -1.816903771659452230e-02 9.959430791338664823e-01 -8.813210962610881771e-02 -5.357006742916465392e+00 -9.788561587276553011e-01 2.435328822454349909e-04 2.045499038737188802e-01 6.079393213020725284e+01
2.012768132614503602e-01 9.259032331829696039e-02 9.751484886385131112e-01 6.780899124931680433e+01 -1.985397567280388145e-02 9.957036182030593041e-01 -9.044403720285833226e-02 -5.411135567471345276e+00 -9.793332251942197253e-01 -1.156283979427045246e-03 2.022503376931143459e-01 6.092247844287509650e+01
1.996234354661843013e-01 9.680179383182031805e-02 9.750793788966509723e-01 6.844082556551643393e+01 -1.878626594132560765e-02 9.953034737600755522e-01 -9.496352338298885698e-02 -5.483719697082715783e+00 -9.796926365816240878e-01 6.388472779920471379e-04 2.005044434316864410e-01 6.106784925114923368e+01
1.980254410840902590e-01 9.752839745250022063e-02 9.753327815398046274e-01 6.903173305090268741e+01 -1.754376826865865213e-02 9.952309466025515139e-01 -9.595612820760879291e-02 -5.539162841969686113e+00 -9.800399190309853070e-01 1.890745483808094598e-03 1.987920632063117643e-01 6.117655758490122508e+01
1.954219315133543800e-01 9.675573512875668136e-02 9.759346774528306900e-01 6.961104999245571889e+01 -1.756311408059991683e-02 9.953070926398759344e-01 -9.515948612563178421e-02 -5.595490678158101083e+00 -9.805620367085021716e-01 1.455801635616889040e-03 1.962041669304246949e-01 6.131321734066308693e+01
1.929960481930214355e-01 9.378259968290525439e-02 9.767073499674514547e-01 7.018268554532656367e+01 -1.723599709838116723e-02 9.955922392708075330e-01 -9.219009162323721362e-02 -5.645931488733705095e+00 -9.810481884260853214e-01 9.578013937040545872e-04 1.937618048398916937e-01 6.143438209558205187e+01
1.907549700810604876e-01 8.997941277599540155e-02 9.775050611711360027e-01 7.074092458101533509e+01 -1.604702263829050138e-02 9.959428974688157021e-01 -8.854511612588396308e-02 -5.693949293643928655e+00 -9.815065648146075183e-01 1.204378244712099198e-03 1.914249597248928181e-01 6.153532746938150666e+01
1.885918747987659072e-01 8.852343340445792408e-02 9.780575669860871457e-01 7.130425394770612968e+01 -1.332429939798171828e-02 9.960679954140605474e-01 -8.758430859809510083e-02 -5.760003976539424642e+00 -9.819652082489388478e-01 3.485760499548888874e-03 1.890298438516005430e-01 6.163391554725097876e+01
1.870235201780008349e-01 9.022666999849125735e-02 9.782030713136191657e-01 7.186040328658093301e+01 -9.727566239080933860e-03 9.958943817696126466e-01 -8.999863513387916514e-02 -5.802383643190688112e+00 -9.823073245263428399e-01 7.316330229832912480e-03 1.871333593363713743e-01 6.173239212467881032e+01
1.852768718666398529e-01 9.177241989834827862e-02 9.783916401221144366e-01 7.241540279437084848e+01 -5.383833874688749577e-03 9.957095214042609443e-01 -9.237728499210136335e-02 -5.862970259214818292e+00 -9.826716631738656726e-01 1.184788072921534423e-02 1.849760332827316278e-01 6.184556306177897511e+01
1.832864712273087893e-01 9.400970796053442768e-02 9.785541078543852356e-01 7.295403595183314849e+01 -5.660781699940152858e-03 9.955014030806098591e-01 -9.457754195713910517e-02 -5.895244270358155347e+00 -9.830432989530796251e-01 1.179540712506411265e-02 1.829941081077849085e-01 6.193807155385071184e+01
1.818793841501373243e-01 9.627653922683375443e-02 9.785962473491015556e-01 7.351123347504582739e+01 -6.769410641270198412e-03 9.952943237589340075e-01 -9.666117920567988964e-02 -5.963346802682623071e+00 -9.832975985736722713e-01 1.095616018793459795e-02 1.816752544803712788e-01 6.204538158877959830e+01
1.807907838088188279e-01 9.531849609363127196e-02 9.788917072099696526e-01 7.403373805414940989e+01 -5.398495593531300180e-03 9.953737929716501842e-01 -9.592636714702448830e-02 -6.002725547355198366e+00 -9.835068131098189115e-01 1.205806496305408121e-02 1.804689850923119343e-01 6.214754661998458118e+01
1.812961634043385728e-01 9.323464200330262852e-02 9.789989276302013543e-01 7.458577235697121921e+01 9.748593533392027437e-04 9.954782675512050538e-01 -9.498456659673804037e-02 -6.060612461138647156e+00 -9.834281129988262649e-01 1.817472891775550464e-02 1.803855003806194290e-01 6.223458627325905468e+01
1.833869458606542657e-01 9.188924169833954936e-02 9.787366821779945880e-01 7.513933836436338254e+01 5.640591659589701788e-03 9.955069258253864684e-01 -9.452059970144724432e-02 -6.111763890766758855e+00 -9.830246763730449144e-01 2.285450376474950154e-02 1.820446653930372916e-01 6.233667094158383293e+01
1.856978196802045178e-01 9.089145127941684887e-02 9.783940727619595545e-01 7.570747315705057190e+01 8.399409102854634573e-03 9.955294446552723775e-01 -9.407749019766070697e-02 -6.166374205743201387e+00 -9.825710519489212480e-01 2.568792291898300273e-02 1.841042131834896289e-01 6.243412278537203264e+01
1.886388752095705668e-01 9.100113449133487298e-02 9.778210808542687760e-01 7.624636556272609766e+01 6.958143113882576079e-03 9.955485155500468641e-01 -9.399328085342344152e-02 -6.212215003190622475e+00 -9.820219250759012475e-01 2.453461168059837064e-02 1.871659536421547698e-01 6.252764319077880373e+01
1.939047882627459307e-01 9.154404958084823296e-02 9.767397392224475006e-01 7.680068851882194281e+01 4.674928724457514881e-03 9.955390923142393156e-01 -9.423407096622486712e-02 -6.265436518420436585e+00 -9.810092661398137626e-01 2.283863190873083870e-02 1.926118353680550399e-01 6.267194118956273030e+01
2.004560871395318078e-01 9.056722690880356086e-02 9.755074745453953255e-01 7.733927929664805845e+01 5.770217035426549942e-03 9.955915109682971220e-01 -9.361755875405135263e-02 -6.320526090350958803e+00 -9.796857473501378033e-01 2.439510519726996104e-02 1.990497864917458726e-01 6.278665045134347622e+01
2.081126140782903200e-01 9.043517976356854615e-02 9.739150459884563515e-01 7.792214953584834802e+01 4.783861109490873328e-03 9.956104161495858973e-01 -9.347199235892972302e-02 -6.365772482692872991e+00 -9.780932246160539689e-01 2.411178076496852882e-02 2.067664573383276028e-01 6.291834657614106163e+01
2.160935293051182426e-01 8.892467125484376789e-02 9.723147064838831843e-01 7.848404782078421249e+01 4.760346701372071901e-03 9.957361009539924535e-01 -9.212467534450412276e-02 -6.404062442267658639e+00 -9.763611149736393102e-01 2.453610714479777591e-02 2.147488164166453106e-01 6.304257160930491466e+01
2.249557289025616025e-01 8.809455419082729000e-02 9.703783638160148328e-01 7.905342624236273252e+01 2.093012039032286515e-03 9.958584707404236624e-01 -9.089293169291769170e-02 -6.456305840067810387e+00 -9.743667892886547222e-01 2.247790483855332394e-02 2.238396855841373323e-01 6.317370046813967122e+01
2.346621977353642030e-01 8.805257438605343379e-02 9.680807285403640883e-01 7.965632044311371374e+01 2.326184258624990747e-04 9.958838950677417756e-01 -9.063781174278226493e-02 -6.505302938982623573e+00 -9.720770026626210925e-01 2.149446691303431509e-02 2.336758212335974805e-01 6.334737179219193592e+01
2.441857984607636312e-01 9.099208173577585934e-02 9.654499662280235928e-01 8.023240015700453398e+01 -4.895974682579231838e-03 9.956909868964295418e-01 -9.260392813100408460e-02 -6.570100025732889648e+00 -9.697161569522749769e-01 1.788575048220061164e-02 2.435790939654237652e-01 6.350393592802405607e+01
2.536576728221798249e-01 9.394803866772095946e-02 9.627208588116552557e-01 8.082699410904059789e+01 -9.198086363910886951e-03 9.954615022651043255e-01 -9.471954468892967993e-02 -6.616788144334351252e+00 -9.672503706500742426e-01 1.517115426811529999e-02 2.533705906032031052e-01 6.368118021382226601e+01
2.645043421702271691e-01 9.581896008975138157e-02 9.596124641879396622e-01 8.142812881218259236e+01 -1.186277948748333359e-02 9.952997774757365024e-01 -9.611257373437694096e-02 -6.665541922827634025e+00 -9.643115814578635536e-01 1.403852646472504226e-02 2.643977924761153342e-01 6.386242000873068747e+01
2.751347042066126791e-01 9.739284953708221559e-02 9.564598421235910308e-01 8.205016184108282573e+01 -1.384919759002587944e-02 9.951539369569467608e-01 -9.734906715638252939e-02 -6.727211043216396291e+00 -9.613059826877233816e-01 1.353790979830887982e-02 2.751501972762860904e-01 6.403699377357831679e+01
2.849203512267238780e-01 9.853539376126291272e-02 9.534731629284282084e-01 8.266616560853753981e+01 -1.753231287556967014e-02 9.950717471584871188e-01 -9.759526322451939073e-02 -6.782736671631588443e+00 -9.583908956994159345e-01 1.109029088952229528e-02 2.852437454269693973e-01 6.424559639074369954e+01
2.949987430746997541e-01 9.909143838551151551e-02 9.503454802541868585e-01 8.326535232714857671e+01 -1.880497479770589300e-02 9.950173905626258364e-01 -9.791202575991944657e-02 -6.841444789504704360e+00 -9.553126249437651207e-01 1.101270571261637674e-02 2.953922919302707228e-01 6.442904636663016049e+01
3.053705081380550523e-01 9.956066703704118115e-02 9.470144826871220722e-01 8.390954181161892222e+01 -2.115980690550814391e-02 9.949830293692399907e-01 -9.778053605882376653e-02 -6.896962759538118881e+00 -9.519985354670185140e-01 9.820652208113575879e-03 3.059451581335099757e-01 6.465239285399286473e+01
3.163990673249912344e-01 9.562477051246361104e-02 9.437941715188364888e-01 8.461354824278055275e+01 -2.119987918988119543e-02 9.953706558326665954e-01 -9.374338426820197356e-02 -6.949399824253201352e+00 -9.483893139330304978e-01 9.652000698750122856e-03 3.169615811152374230e-01 6.489471057016817213e+01
3.263149979285661084e-01 8.826318390063188357e-02 9.411312542773111467e-01 8.524422652195100625e+01 -1.856631529667105221e-02 9.960374629617515518e-01 -8.697507622930963911e-02 -7.013535738744364423e+00 -9.450787844645689439e-01 1.090793610199960149e-02 3.266606851611077444e-01 6.509955007430370699e+01
3.374281532597629973e-01 8.436385558607698010e-02 9.375632710702700434e-01 8.591943741515127897e+01 -1.736549007582233878e-02 9.963644080806974834e-01 -8.340506992406203357e-02 -7.073478429769932241e+00 -9.411911469692031407e-01 1.186197700353779257e-02 3.376664222900121470e-01 6.536429338834375358e+01
3.474934264777411741e-01 8.046935647583777773e-02 9.342231574396712146e-01 8.658850759706844258e+01 -1.617126662095205725e-02 9.966770096483430486e-01 -7.983375381635572643e-02 -7.118762193415009598e+00 -9.375430133826796464e-01 1.263413692779846026e-02 3.476400009980133432e-01 6.562625959960293187e+01
3.570288001528067467e-01 7.806188009903225478e-02 9.308258086702804190e-01 8.730931083638986934e+01 -1.228587717237460651e-02 9.968081733691396273e-01 -7.888296652756228433e-02 -7.185896401056202087e+00 -9.340126260458998519e-01 1.672748382272482362e-02 3.568482851862649352e-01 6.590175259162273846e+01
3.661191049120182117e-01 7.406121896670234128e-02 9.276161085581006160e-01 8.799241071839963979e+01 -5.707598182827188643e-03 9.969878835996980326e-01 -7.734715877365978820e-02 -7.223850525152785806e+00 -9.305505446533152147e-01 2.302381772607301966e-02 3.654390236111630941e-01 6.617215038826391549e+01
3.735268612103871400e-01 6.466535275724047405e-02 9.253626232857240508e-01 8.872596919623173051e+01 2.551254781717146071e-03 9.974918345874207448e-01 -7.073564017254220515e-02 -7.274872024701137363e+00 -9.276159044832091860e-01 2.878250332955571006e-02 3.724250166471024803e-01 6.644360787982174088e+01
3.803722431963482697e-01 5.964408180449565222e-02 9.229081476921078275e-01 8.945139651758611876e+01 8.726783282408388451e-03 9.976423411199977220e-01 -6.807056806535169424e-02 -7.337399651907675846e+00 -9.247923499204760978e-01 3.394618051812640230e-02 3.789549545964743249e-01 6.672923851979172127e+01
3.877828778652940844e-01 5.868262699249477549e-02 9.198808066709814879e-01 9.016719589283610503e+01 1.225218778244646298e-02 9.975550433976295706e-01 -6.880275466635348003e-02 -7.373606769880878709e+00 -9.216693623583135375e-01 3.795108949549005212e-02 3.861157753512127755e-01 6.702410240156285681e+01
3.952649684503128369e-01 6.391809577315936408e-02 9.163405436700696738e-01 9.088675683952786244e+01 1.444907419537755713e-02 9.970199883389698758e-01 -7.577840577468338001e-02 -7.443852521841752612e+00 -9.184535471705500553e-01 4.319282917617012219e-02 3.931635172526233291e-01 6.734774614765986200e+01
4.023093383992664140e-01 6.967652525658447893e-02 9.128484479604643820e-01 9.158148528323910398e+01 1.657800630692442614e-02 9.963816990242799765e-01 -8.335873752300283768e-02 -7.502364252339105199e+00 -9.153537319892355306e-01 4.866921400360024047e-02 3.996985645429468326e-01 6.765638846477224888e+01
4.080917260813264336e-01 7.165742949748150903e-02 9.101243142002987119e-01 9.227816450770124845e+01 1.472328169779774792e-02 9.962686079826226226e-01 -8.504166783642114202e-02 -7.558689625455071059e+00 -9.128222479302910974e-01 4.810482572416095032e-02 4.055139436379167628e-01 6.797961299095722154e+01
4.123162518422417433e-01 7.353406162939508939e-02 9.080682584654515832e-01 9.299687623875973941e+01 8.398612398129520415e-03 9.963881231692695017e-01 -8.449953184610342616e-02 -7.614697069805948182e+00 -9.110021183753937990e-01 4.246705095769994637e-02 4.102094325437656841e-01 6.829509760715320965e+01
4.167740744465856517e-01 7.586330683646998196e-02 9.058388608080476523e-01 9.367866516464818005e+01 3.574253142051724876e-03 9.963669045961158766e-01 -8.508945707702940398e-02 -7.663866320589641568e+00 -9.090031260243426336e-01 3.870078402485532115e-02 4.149887401161836964e-01 6.861812713072909276e+01
4.205255031495068185e-01 7.918891806751364448e-02 9.038181946811377765e-01 9.436497651403455222e+01 1.040056559696573950e-03 9.961409484288111793e-01 -8.776177228566561794e-02 -7.749372880140542819e+00 -9.072801699017863930e-01 3.784609229005803793e-02 4.188203128930451102e-01 6.894544305969695586e+01
4.244033376909554511e-01 8.365834665778415502e-02 9.016002445545152622e-01 9.501454562118175318e+01 -2.037360072081662032e-03 9.958084328969600829e-01 -9.144076558126708332e-02 -7.809133934795822185e+00 -9.054710061596490389e-01 3.697088846011731961e-02 4.227948650898707972e-01 6.926362343071922112e+01
4.276354618034143296e-01 8.638418353680255013e-02 8.998142019128601010e-01 9.570856501668676231e+01 -4.994993322956678417e-03 9.956340137614230201e-01 -9.320922772489240171e-02 -7.884805976045220710e+00 -9.039375246328766877e-01 3.536501169820614049e-02 4.261998999729086912e-01 6.961917944653353629e+01
4.318384399959888098e-01 8.566986927476845370e-02 8.978731251868632413e-01 9.636743410754441186e+01 -6.068035872065757549e-03 9.957323316507487032e-01 -9.208855584057856758e-02 -7.937542491536730971e+00 -9.019306109056635101e-01 3.431905831321117872e-02 4.305153448885494782e-01 6.994162077032986247e+01
4.356937150229298616e-01 8.207208528445533724e-02 8.963453985493109455e-01 9.700756159261906930e+01 -4.599362220134976288e-03 9.960242827427552292e-01 -8.896332712779911334e-02 -8.011432173714899463e+00 -9.000832841475613355e-01 3.463815171044112157e-02 4.343389995505707590e-01 7.024516168634441726e+01
4.390844078244966475e-01 7.951319810770438035e-02 8.949203586936821386e-01 9.763846078788456850e+01 -5.043904435268907818e-03 9.962785639922605574e-01 -8.604406733679122177e-02 -8.072994674609946131e+00 -8.984317043397984648e-01 3.326672178973752447e-02 4.378514405821167799e-01 7.057523231765583205e+01
4.422789760667013570e-01 7.795611496519240513e-02 8.934831089720540742e-01 9.827861626671187878e+01 -4.987791015189011606e-03 9.964137265919195130e-01 -8.446778670064530870e-02 -8.129103769487763032e+00 -8.968637101024444780e-01 3.290182533924967956e-02 4.410816718602991182e-01 7.087532635911651369e+01
4.455569257297435359e-01 7.963183689310074365e-02 8.917049463623518690e-01 9.889179058221007779e+01 -7.704422235587825990e-03 9.963403707777818141e-01 -8.512641787966677975e-02 -8.191853242500876320e+00 -8.952205050913069062e-01 3.105859955446646850e-02 4.445398701954427767e-01 7.119672502505065381e+01
4.485323406750587050e-01 8.043888843923051313e-02 8.901394496187442495e-01 9.949874324320286689e+01 -7.606045889921894503e-03 9.962492461641385688e-01 -8.619505294067549006e-02 -8.260678254937365850e+00 -8.937342849380744969e-01 3.189083335953270260e-02 4.474618284651635247e-01 7.151639663518501777e+01
4.508417506737439351e-01 7.880634277960857359e-02 8.891182101144607941e-01 1.001035600418971541e+02 -5.347107369619511462e-03 9.963155484126977601e-01 -8.559635510656452007e-02 -8.314807620732619142e+00 -8.925879277162559466e-01 3.383620628866118585e-02 4.496020323525554141e-01 7.181578490418235106e+01
4.520474150991444229e-01 7.774611033137689142e-02 8.885992304192539271e-01 1.006892327170428985e+02 -3.921522501992511130e-03 9.963579244381675082e-01 -8.517926771310121992e-02 -8.374957185561450856e+00 -8.919853364580057065e-01 3.502041228374958709e-02 4.507059076810615572e-01 7.212427482423272806e+01
4.536984895283660557e-01 7.766579482797739131e-02 8.877643947252045198e-01 1.012459362773846721e+02 -4.804289396587300975e-03 9.963937321854716700e-01 -8.471392359590798615e-02 -8.419852104368644063e+00 -8.911423475171369457e-01 3.416950837486320419e-02 4.524354605295350940e-01 7.241331687295996744e+01
4.558623594765825460e-01 7.740960615555714242e-02 8.866776065293652254e-01 1.018255334803814520e+02 -4.159502777551234154e-03 9.963851481076517747e-01 -8.484889362942395208e-02 -8.482305675857551464e+00 -8.900406123725552732e-01 3.499128523811481650e-02 4.545364703393124373e-01 7.271128338244669465e+01
4.584526361408304829e-01 7.877243930498983859e-02 8.852208760097787232e-01 1.023943663791596066e+02 -4.510439128847056924e-03 9.962574935565802203e-01 -8.631721747382663235e-02 -8.535131594040063163e+00 -8.887074434401024403e-01 3.557962743680569140e-02 4.570921727861584349e-01 7.300252507542269598e+01
4.610128443117287866e-01 7.941085830760842568e-02 8.838331230058628085e-01 1.029504920623026578e+02 -2.971194443232769416e-03 9.961204698879955188e-01 -8.794987781002119864e-02 -8.598649099337899671e+00 -8.873885354223706168e-01 3.791998995012466067e-02 4.594602764877448453e-01 7.328118075640490758e+01
4.642132998231796592e-01 7.805763410831911830e-02 8.822771303167274981e-01 1.034800296739768157e+02 -3.817972493312436029e-04 9.961266409829256929e-01 -8.792934029010072983e-02 -8.659569414009197885e+00 -8.857234046752532342e-01 4.048112520709507695e-02 4.624450375215446440e-01 7.357711312168137852e+01
4.678274851467761897e-01 7.682099283767826470e-02 8.804748129256172451e-01 1.040504441925388335e+02 2.008562838519344865e-03 9.961203729811106689e-01 -8.797822305058207448e-02 -8.706886264432331046e+00 -8.838175674534406445e-01 4.292712708664932902e-02 4.658581894753089925e-01 7.386863295154714137e+01
4.710841354159320260e-01 7.571000740642448712e-02 8.788331180851229885e-01 1.045601672211633968e+02 3.744802599578725844e-03 9.961291272118854012e-01 -8.782219478394585888e-02 -8.762337558319163833e+00 -8.820803796717908707e-01 4.466270670046717378e-02 4.689771098890624934e-01 7.414117545373588314e+01
4.743164018059259357e-01 7.545097451957658019e-02 8.771151686338073405e-01 1.050810096294911347e+02 4.204934168781489234e-03 9.961150053259681947e-01 -8.796143594275428190e-02 -8.814104407768866167e+00 -8.803444505234204742e-01 4.540977087032903314e-02 4.721564189932341837e-01 7.444653976823802566e+01
4.773466153281785695e-01 7.472251916268761451e-02 8.755322220721351023e-01 1.055730290642354987e+02 5.024783142996870101e-03 9.961294622486641659e-01 -8.775446151789731419e-02 -8.865728727654902386e+00 -8.787007693967642252e-01 4.628866236458595296e-02 4.751235630385438058e-01 7.471541198941078221e+01
4.809764633221937369e-01 7.435038914241733077e-02 8.735751711501986705e-01 1.060956690236074280e+02 6.536754951719223050e-03 9.960658568527896994e-01 -8.837465222470912429e-02 -8.913532975998240460e+00 -8.767091843568243226e-01 4.821648234563084834e-02 4.785982230430260165e-01 7.499700174714448053e+01
4.849976758635980989e-01 7.528585241851289134e-02 8.712687378422668827e-01 1.066053532968115718e+02 6.052171326253399583e-03 9.959746678665657438e-01 -8.943059701998476441e-02 -8.962756729815266610e+00 -8.744945434867250622e-01 4.864670726280207608e-02 4.825897565040944137e-01 7.527794986656716958e+01
4.896256631780057655e-01 7.504640320538444320e-02 8.686971086097605710e-01 1.071053046308083339e+02 8.922016074607186376e-03 9.958058052926316295e-01 -9.105600054628409934e-02 -9.020144908825129093e+00 -8.718871418075493374e-01 5.233389252744379688e-02 4.869025128290517812e-01 7.556399692935518431e+01
4.944436830042576725e-01 7.818610546251415772e-02 8.656860267880641668e-01 1.075969837675983882e+02 6.925944296165257100e-03 9.955602073392614271e-01 -9.387174375420588579e-02 -9.070112781121911993e+00 -8.691821187763452139e-01 5.240999221282777870e-02 4.917069431807594704e-01 7.583461675705387961e+01
4.995746276618725501e-01 8.408960608833933315e-02 8.621798245689079598e-01 1.080655452402087064e+02 3.348698266391742645e-03 9.950825812240824408e-01 -9.899213149091830310e-02 -9.126074247005588447e+00 -8.662644267525809738e-01 5.234114559335470429e-02 4.968364194973691750e-01 7.611382086596530883e+01
5.052745318213646142e-01 9.144826036773980038e-02 8.580995188433818699e-01 1.085487599826444551e+02 -2.542253817756517410e-03 9.945226868546109822e-01 -1.044900067724684745e-01 -9.178707609142517043e+00 -8.629549601738907283e-01 5.061464053157833237e-02 5.027394698708461673e-01 7.643046945906662870e+01
5.110802582167337516e-01 9.770338682319225365e-02 8.539619076213533777e-01 1.090321995098257020e+02 -7.126942284328481592e-03 9.939660718260582284e-01 -1.094561734082496463e-01 -9.225771778893298247e+00 -8.595034930622831304e-01 4.985476009030013339e-02 5.086927632287975287e-01 7.674331350184991152e+01
5.178834088471422348e-01 1.018619133195455828e-01 8.493649675366856666e-01 1.095239725450592516e+02 -1.086500877365249342e-02 9.935885277483107458e-01 -1.125334981075313129e-01 -9.280949719107898233e+00 -8.553822560204398240e-01 4.905088161908500305e-02 5.156697444972961897e-01 7.706810195655820905e+01
5.234431191247015391e-01 1.024710340974906847e-01 8.458764161864312792e-01 1.100333307505704141e+02 -1.486868958649509992e-02 9.936894572862816633e-01 -1.111763629018046179e-01 -9.346815889180119186e+00 -8.519309244205172105e-01 4.561743571948662784e-02 5.216635191442714481e-01 7.738638756019841480e+01
5.287569657413465629e-01 1.013236147531240833e-01 8.427036964989683687e-01 1.104904317645562344e+02 -2.103407990832876009e-02 9.941083875706265838e-01 -1.063300544200770914e-01 -9.400736322222892127e+00 -8.485126486583524086e-01 3.849726660108040294e-02 5.277729838505782478e-01 7.770264379757246331e+01
5.342669007928201319e-01 9.917616069753987240e-02 8.394777497156071799e-01 1.109976942360501653e+02 -2.712872372030586746e-02 9.945937610041398758e-01 -1.002361325853192292e-01 -9.454941006753010413e+00 -8.448804570456752705e-01 3.077889358082980600e-02 5.340690491467146028e-01 7.803916688599426266e+01
5.407387077539412834e-01 9.725473307331360118e-02 8.355495747923995520e-01 1.115224226379692851e+02 -3.347328995112816563e-02 9.949950571549678324e-01 -9.415080758032866315e-02 -9.520502408769189628e+00 -8.405243980161106743e-01 2.294239750907536499e-02 5.412877775831229643e-01 7.838964178190536813e+01
5.463013601097541638e-01 9.537630644497060994e-02 8.321406791065151243e-01 1.120085131984409514e+02 -3.662341644098984772e-02 9.952654876213583579e-01 -9.002962879652846862e-02 -9.568911010579343568e+00 -8.367876812626772187e-01 1.870747818374864438e-02 5.472078960423626404e-01 7.873128435961926641e+01
5.525169978821712347e-01 9.848025644012196878e-02 8.276632966584409612e-01 1.125324047393582845e+02 -4.111078858447852341e-02 9.950067397592171625e-01 -9.094773459257560200e-02 -9.629260052790236557e+00 -8.324872032409007527e-01 1.622428230972325705e-02 5.538067380224818148e-01 7.908828390283308352e+01
5.587100239897790921e-01 1.023885951011937051e-01 8.230185975922190700e-01 1.130562772563573759e+02 -4.535410722340986467e-02 9.946372567201752224e-01 -9.295015870532589985e-02 -9.673186122615689442e+00 -8.281220844376363521e-01 1.460491530284783492e-02 5.603575491758245875e-01 7.946257322918553712e+01
5.654571191127583107e-01 1.055831714589360038e-01 8.179916677528280555e-01 1.135759462197165135e+02 -4.742843337146956245e-02 9.942937590069892417e-01 -9.555346129278365075e-02 -9.733376430763124532e+00 -8.234129352935015689e-01 1.523532530928044249e-02 5.672381292129748953e-01 7.984776079402023186e+01
5.713127819730439150e-01 1.078112756515001852e-01 8.136205275876728926e-01 1.141068815432311823e+02 -5.003838433304604733e-02 9.940660933696536805e-01 -9.658551416555494207e-02 -9.778897497256878069e+00 -8.192056740349042965e-01 1.446828570359440236e-02 5.733173675913791900e-01 8.023519711110741071e+01
5.775621453048899179e-01 1.090277400285357828e-01 8.090332810941879282e-01 1.146422088476192727e+02 -5.319030855760125548e-02 9.939613636452967471e-01 -9.597707074536530880e-02 -9.840859132159852862e+00 -8.146120731455477326e-01 1.239999632778993055e-02 5.798736769510373090e-01 8.064107105559193656e+01
5.837307842651576761e-01 1.107275113533153221e-01 8.043616849590342621e-01 1.151934264909997268e+02 -5.843545435000740279e-02 9.938177829348946446e-01 -9.440080232724576415e-02 -9.885627480202712647e+00 -8.098417985545547371e-01 8.101416628652415020e-03 5.865924465762749618e-01 8.105090045275541399e+01
5.907414557532170152e-01 1.093368915057565116e-01 7.994184811194453566e-01 1.157483410130107586e+02 -5.958993765115946917e-02 9.939824433939362658e-01 -9.191268182920510343e-02 -9.947166093742362492e+00 -8.046574677485486271e-01 6.659336598734591495e-03 5.937020144499990382e-01 8.148681352860653249e+01
5.982142896525879383e-01 1.070031204909778350e-01 7.941598882476026411e-01 1.163112760240612289e+02 -5.964742735605822049e-02 9.942412379093155117e-01 -8.903114524431554599e-02 -1.000799471621430392e+01 -7.991132058314855957e-01 5.890111530734609864e-03 6.011517770396503924e-01 8.192793119644311162e+01
6.060952249971256478e-01 1.072616896520834501e-01 7.881265389664651178e-01 1.168797813055994652e+02 -6.088370371489012361e-02 9.942147799048951518e-01 -8.848811006494151921e-02 -1.007701170353116638e+01 -7.930585221151632558e-01 5.648160701578115207e-03 6.091193199565808625e-01 8.238600039299564060e+01
6.134270500031603346e-01 1.088886004505373317e-01 7.822087069668491877e-01 1.174499929091446973e+02 -6.442611468937704811e-02 9.940478076317924572e-01 -8.785346596267587516e-02 -1.012634008242153882e+01 -7.871191750399231246e-01 3.497026723281549104e-03 6.167910839635825093e-01 8.286165624491665938e+01
6.208549546147986709e-01 1.103133081408806254e-01 7.761250122371831095e-01 1.180367650124873222e+02 -6.658442363776259643e-02 9.938924600249094965e-01 -8.800165922110576855e-02 -1.018813770066470248e+01 -7.810926350300368970e-01 2.958431573980770113e-03 6.244082065046545615e-01 8.334175870541925235e+01
6.279059179211256003e-01 1.106962523389920100e-01 7.703768130888382082e-01 1.186190080199833830e+02 -6.793533333585272116e-02 9.938509733638458687e-01 -8.743587838301540571e-02 -1.023754493464501536e+01 -7.753186521719167557e-01 2.565701856982008453e-03 6.315650948087607741e-01 8.382015649815187430e+01
6.332085139841037158e-01 1.095568401096832234e-01 7.661881058052331106e-01 1.191936173875168663e+02 -6.774643222195755876e-02 9.939770319720625524e-01 -8.613988886532190914e-02 -1.030417959331085065e+01 -7.710106754834921139e-01 2.638002408248738169e-03 6.368168046927455972e-01 8.430597806826203566e+01
6.369070957022742174e-01 1.082925817424190001e-01 7.632968004197534517e-01 1.198229886978638774e+02 -6.673271504765369844e-02 9.941131573715257241e-01 -8.535674967806831936e-02 -1.036518580652208144e+01 -7.680469768632358640e-01 3.427453702661153231e-03 6.403843821585363250e-01 8.485797364690650113e+01
6.403532389971601235e-01 1.067065913348767686e-01 7.606322176022165538e-01 1.204234009305549193e+02 -6.470250780762983045e-02 9.942768327453729293e-01 -8.501273426111966014e-02 -1.041971567910399266e+01 -7.653504927991628959e-01 5.223369989460526809e-03 6.435925746602372266e-01 8.534412814727461694e+01
6.442372445134919579e-01 1.027920050128342949e-01 7.578866107293529275e-01 1.210497934849501291e+02 -5.903731449916269081e-02 9.946542355467683505e-01 -8.472040395243388144e-02 -1.048421421727797487e+01 -7.625437888098479666e-01 9.836452185892161776e-03 6.468618681603826026e-01 8.588060905985570059e+01
6.482707433598948743e-01 9.683778885040415785e-02 7.552267372338644646e-01 1.216790464939642504e+02 -5.206958412878212594e-02 9.951956391422887016e-01 -8.291198891041216823e-02 -1.055240405547038485e+01 -7.596274500064903457e-01 1.442507786643916143e-02 6.501985204398758045e-01 8.643007213024415591e+01
6.520724305157281631e-01 9.074560693383436349e-02 7.527062636132919593e-01 1.223310683066950730e+02 -4.544070358190548803e-02 9.957040562066598044e-01 -8.067573739431750657e-02 -1.060488586197537586e+01 -7.567937291245863118e-01 1.840292572897739981e-02 6.533947084960449736e-01 8.701204192909287372e+01
6.550179882112590057e-01 8.596865934737438208e-02 7.507068430232136658e-01 1.229558865076666194e+02 -4.128337492956489496e-02 9.960944303441049419e-01 -7.804850105972566121e-02 -1.068169986104323144e+01 -7.544847104603923382e-01 2.013146405108973830e-02 6.560088464942240849e-01 8.752299020533020268e+01
6.587853179851453911e-01 8.342063940215209417e-02 7.476916755247130508e-01 1.235996888868844650e+02 -3.921348194256496500e-02 9.962900082086306730e-01 -7.660627990527968390e-02 -1.071860368035230593e+01 -7.513083703596435958e-01 2.114750252477554451e-02 6.596124438647013033e-01 8.810167907021575218e+01
6.618027113326707678e-01 8.491887673197311137e-02 7.448529358293527469e-01 1.242263451166998323e+02 -4.051826836045914482e-02 9.961632515714855529e-01 -7.756961956345154174e-02 -1.080174376325623875e+01 -7.485823271355026565e-01 2.115563746645958074e-02 6.627043069166412836e-01 8.866527636793220779e+01
6.652789706773211131e-01 8.923759731677009810e-02 7.412425266568006821e-01 1.248885744926660095e+02 -4.546093160366829200e-02 9.958307237028093395e-01 -7.908522707794156392e-02 -1.086144637945510993e+01 -7.452095367350586308e-01 1.891616644836189090e-02 6.665620634017628277e-01 8.926173517442317973e+01
6.677157959797491715e-01 9.262605111541157010e-02 7.386311473129090199e-01 1.254913803254636093e+02 -5.126536780647327624e-02 9.955945973376041369e-01 -7.850642994020436138e-02 -1.091322927474091564e+01 -7.426489993486717900e-01 1.455378917975722053e-02 6.695227478838418067e-01 8.987437960900420819e+01
6.705148460547716294e-01 9.040677428058546683e-02 7.363670267417311566e-01 1.261598735379919276e+02 -5.281404583539611730e-02 9.958458872746188684e-01 -7.417307560289107538e-02 -1.097443630604046838e+01 -7.400139023957644779e-01 1.084362928139844667e-02 6.725041996100886710e-01 9.044357092899529960e+01
6.739129829783280234e-01 8.722104014192713639e-02 7.336441396566354411e-01 1.267966231681354543e+02 -5.473562408169727056e-02 9.961722568235903408e-01 -6.815310739369259685e-02 -1.101681721769092448e+01 -7.367804016661900768e-01 5.772796266988867823e-03 6.761075155366390588e-01 9.106955101374421702e+01
6.774798282365196433e-01 8.124144645560044120e-02 7.310409374691764217e-01 1.274599614348417163e+02 -5.351614711822644949e-02 9.966917554040871652e-01 -6.116834667295920763e-02 -1.107521024296941192e+01 -7.335919582975227726e-01 2.317828419428427395e-03 6.795862887961110488e-01 9.170576208028757037e+01
6.824645239687958664e-01 7.600695129037911280e-02 7.269560234802477927e-01 1.280876486301631871e+02 -4.995438519738427258e-02 9.971032768619516595e-01 -5.735516219849837866e-02 -1.111708129075336693e+01 -7.292097017899370481e-01 2.828224073123304129e-03 6.842844940587908820e-01 9.232288682216673692e+01
6.869559591116148889e-01 7.380933903482475578e-02 7.229409626885160423e-01 1.287573208753324536e+02 -4.584096493412065376e-02 9.972486463208304341e-01 -5.825584343948760763e-02 -1.118032125557626344e+01 -7.252517989065846438e-01 6.878889772954626530e-03 6.884493919583924981e-01 9.293560223707166301e+01
6.924891236088658308e-01 7.107452064187660956e-02 7.179186380072103413e-01 1.293995744928122633e+02 -3.620409100252650059e-02 9.973049962544053848e-01 -6.381228823766545155e-02 -1.124013101632872491e+01 -7.205193490656149891e-01 1.819772746503803620e-02 6.931960515240656040e-01 9.355898246454873401e+01
6.975461735069344860e-01 7.386999829562801434e-02 7.127218984704307703e-01 1.300557606112567441e+02 -3.229777499631719673e-02 9.969021966644445731e-01 -7.171376307481154566e-02 -1.128791004930486430e+01 -7.158115979292496434e-01 2.700433414513383687e-02 6.977711494661006375e-01 9.419069443119472851e+01
7.033462095383352652e-01 7.473849601425976152e-02 7.069074996059259153e-01 1.307069074961036961e+02 -2.993243514721997262e-02 9.966892938442095673e-01 -7.559431599161973991e-02 -1.136554211664891412e+01 -7.102170176609559071e-01 3.200951793726656419e-02 7.032547423095942829e-01 9.482161500970536849e+01
7.091515392412556240e-01 6.954242496515375405e-02 7.016180532085787291e-01 1.313401908435311043e+02 -2.566552941942548682e-02 9.970104403016788464e-01 -7.287977981723549326e-02 -1.139571190161204406e+01 -7.045888357461760343e-01 3.367541463689564113e-02 7.088163317441826816e-01 9.547159647617795031e+01
7.151828132706268271e-01 6.263709494905295161e-02 6.961250504359669522e-01 1.319809002238019957e+02 -1.988668677369641660e-02 9.973966362801521823e-01 -6.931428019053095801e-02 -1.148533672262987615e+01 -6.986545032150190959e-01 3.572876668036690379e-02 7.145665767798894397e-01 9.615540574179836142e+01
7.206833596516402096e-01 5.866107309751540655e-02 6.907780557694652712e-01 1.326119717627921943e+02 -1.407681062712885268e-02 9.974464564861109661e-01 -7.001720961237595242e-02 -1.151860568448683431e+01 -6.931214823287954463e-01 4.073629216065614844e-02 7.196688243427921128e-01 9.679290560958084200e+01
7.250178066972690072e-01 6.193808818012346007e-02 6.859393578233283773e-01 1.332562589490834171e+02 -1.444105938966038991e-02 9.970961790612210551e-01 -7.477075126113875980e-02 -1.160961811347161010e+01 -6.885787433916626954e-01 4.430444166822751495e-02 7.238069365874348904e-01 9.747940277525981401e+01
7.288862321679319134e-01 6.460177227327730531e-02 6.815800918511923934e-01 1.338832428200358606e+02 -1.613375576657209362e-02 9.968824979382633344e-01 -7.723332790061142317e-02 -1.165071591783674698e+01 -6.844447471898198465e-01 4.529786932609928402e-02 7.276561972090399566e-01 9.817150477228342709e+01
7.318749756249910421e-01 6.153194931902385839e-02 6.786551331369511386e-01 1.345258608459400591e+02 -1.366610711645636217e-02 9.970399221285272118e-01 -7.566129079420114145e-02 -1.172681958695230087e+01 -6.813019202853007883e-01 4.610003838730302589e-02 7.305494710720285001e-01 9.882441473416425026e+01
7.346729320420158915e-01 5.423614332963225954e-02 6.762500088865671666e-01 1.351458098652289550e+02 -7.822098235383080633e-03 9.974102332660138570e-01 -7.149574200304288640e-02 -1.179097285488027680e+01 -6.783764045755110716e-01 4.723629930427300505e-02 7.331945411257124734e-01 9.953114674475979484e+01
7.361608535314563273e-01 5.099726455525345481e-02 6.748825288753801388e-01 1.357850473238245286e+02 -6.152577409870464177e-03 9.976202096112090079e-01 -6.867359729596163309e-02 -1.185819075793269484e+01 -6.767786875091762466e-01 4.640255379404361474e-02 7.347227097961378517e-01 1.002216957614946580e+02
7.368481849291611541e-01 4.598593875689430815e-02 6.744923994550952040e-01 1.364347601265990306e+02 -2.034609817178715477e-03 9.978302334452175959e-01 -6.580794335663391059e-02 -1.191509478364316443e+01 -6.760552203518805925e-01 4.711814163497726055e-02 7.353429599997018951e-01 1.009207453491622317e+02
7.373505745347490592e-01 4.533874704553964713e-02 6.739870024295430140e-01 1.370730794740862279e+02 -2.520556829234634703e-03 9.979227753967057080e-01 -6.437220655553199666e-02 -1.197991308499853957e+01 -6.755056070708426175e-01 4.576606766037071700e-02 7.359332108509559767e-01 1.016170760388501151e+02
7.371594359381358208e-01 4.487289667366545221e-02 6.742272171256937785e-01 1.376922357466381470e+02 -2.253248032478182700e-03 9.979502670743364279e-01 -6.395457108262503354e-02 -1.202350562719333205e+01 -6.757151301160980728e-01 4.562552109281611118e-02 7.357495659209242200e-01 1.023019667833045219e+02
7.363143687959259331e-01 4.814324086784686069e-02 6.749246844744722917e-01 1.383202980977585526e+02 -5.825250179046130052e-03 9.978796498451107944e-01 -6.482492364314329514e-02 -1.209522563240255799e+01 -6.766145616880933078e-01 4.379992408144802590e-02 7.350335711193994870e-01 1.030040543295534121e+02
7.354513668179090136e-01 5.155214970623216153e-02 6.756135092231408956e-01 1.389499858628764741e+02 -8.718579958055146240e-03 9.977389322054652787e-01 -6.664089848258133997e-02 -1.214329930993231699e+01 -6.775214549137928977e-01 4.312075588339601279e-02 7.342379231417585084e-01 1.037015382208956709e+02
7.332306969985556977e-01 5.686388571544225001e-02 6.775981066345088122e-01 1.395700978432519719e+02 -1.466427416243394968e-02 9.975878201516912291e-01 -6.784909704387966090e-02 -1.221300023178022620e+01 -6.798218537559387320e-01 3.981256233509022219e-02 7.322958804885202344e-01 1.043835987561826073e+02
7.310689573846569367e-01 5.738133072285535319e-02 6.798863969332301638e-01 1.402286512838780368e+02 -1.521100260259983239e-02 9.975803821804295479e-01 -6.783808893874147816e-02 -1.226802452368706930e+01 -6.821340440748314693e-01 3.925257316613725567e-02 7.301728776733669157e-01 1.051058607565816487e+02
7.289831253570852043e-01 6.077702069332396873e-02 6.818282090888582170e-01 1.408651541878383853e+02 -2.021876174385680777e-02 9.975278415860294734e-01 -6.730086752255293181e-02 -1.232420003716386780e+01 -6.842330407610306420e-01 3.527548014102539070e-02 7.284097998981440281e-01 1.057929839562802528e+02
7.263504184689870691e-01 5.970217483320572338e-02 6.847267115433984808e-01 1.414796956137012103e+02 -2.032848414626002576e-02 9.976505866960651003e-01 -6.542216331314612554e-02 -1.238703866822514854e+01 -6.870239240232327571e-01 3.359996491532796919e-02 7.258575760651876374e-01 1.064763502300565250e+02
7.241605256211809394e-01 5.782072733931860331e-02 6.872032056513980303e-01 1.421221134712560001e+02 -2.026944757390876026e-02 9.978330132633755900e-01 -6.259734036358211018e-02 -1.242787141898220504e+01 -6.893335425054194499e-01 3.140129861362481872e-02 7.237632738008665800e-01 1.071480521442680498e+02
7.214147893135873790e-01 5.372462733810288299e-02 6.904160448277041340e-01 1.427483300011585357e+02 -1.598122725105044495e-02 9.980121777146913065e-01 -6.096140912429336145e-02 -1.247916684467954340e+01 -6.923188230593538828e-01 3.294477166426361403e-02 7.208393306316601690e-01 1.078037974192512536e+02
7.186371695615213495e-01 5.657828763430129693e-02 6.930796954675636501e-01 1.434033243823003829e+02 -1.530340844326233581e-02 9.977299501052154795e-01 -6.558012046197365941e-02 -1.256656533908386919e+01 -6.952168548503708800e-01 3.652183617308450009e-02 7.178716681910010111e-01 1.084985213455294968e+02
7.150266337742420264e-01 7.031306878169663044e-02 6.955522506024875984e-01 1.439944785221177312e+02 -2.584271808886650160e-02 9.969076834990657776e-01 -7.421067485972362987e-02 -1.261312388817171382e+01 -6.986194375274574764e-01 3.508765383924599551e-02 7.146326261302673455e-01 1.091329680571861616e+02
7.113745890622655832e-01 7.586165320496632281e-02 6.987067704629073006e-01 1.446531780931482558e+02 -2.771337559171877310e-02 9.964120286633828538e-01 -7.996897920374035351e-02 -1.271185722932245810e+01 -7.022664843008544766e-01 3.752438239462582703e-02 7.109245800967690654e-01 1.098169559386111303e+02
7.081612765481212213e-01 7.268557396258241987e-02 7.022993383810207657e-01 1.452959878690791129e+02 -2.543323818132269681e-02 9.966674219049820316e-01 -7.750613025138797241e-02 -1.275988667833261836e+01 -7.055925236355059527e-01 3.702509957750854674e-02 7.076499034963185109e-01 1.104424548120225467e+02
7.041975296614343405e-01 7.169181493191717491e-02 7.063753033886231991e-01 1.459314936374541105e+02 -2.964515852148766339e-02 9.969903880439106025e-01 -7.163330594742604862e-02 -1.282993136005391044e+01 -7.093849850326821027e-01 2.950339415415170752e-02 7.042034838028238264e-01 1.111069055987285736e+02
7.009887463483570613e-01 6.816108404683537958e-02 7.099075925358588890e-01 1.465583798376375455e+02 -2.850832571966615755e-02 9.973047825057946847e-01 -6.760507375483414128e-02 -1.287378242735450051e+01 -7.126023481139475146e-01 2.715212366089084575e-02 7.010425878475521344e-01 1.117382505739486618e+02
6.972847390991510075e-01 7.043068194072349408e-02 7.133256317850091843e-01 1.472223346308153680e+02 -3.224678061960993547e-02 9.972356968183293535e-01 -6.694109338661580200e-02 -1.294736332014649527e+01 -7.160685665298335278e-01 2.367455192129986827e-02 6.976283956847576517e-01 1.123711082172060003e+02
6.945001862299855500e-01 6.832757838818546980e-02 7.162407264475061375e-01 1.478636534995322052e+02 -2.865048612005812595e-02 9.973172420413509709e-01 -6.736073200774396474e-02 -1.299778707462327887e+01 -7.189218981325693480e-01 2.626140049071465712e-02 6.945946289176909705e-01 1.130212353024061258e+02
6.910496351210169141e-01 6.819306299890244560e-02 7.195832490488314193e-01 1.485030753206835925e+02 -2.653733984949953675e-02 9.972620554178248664e-01 -6.902291098718887907e-02 -1.306450214681301070e+01 -7.223200305635834040e-01 2.860243707011777062e-02 6.909672422502584066e-01 1.136362026897514141e+02
6.876125353730202505e-01 6.644585634332283997e-02 7.230310458085068559e-01 1.491296769448406678e+02 -2.095647447333089802e-02 9.972051811254811771e-01 -7.171229113373737973e-02 -1.311599160953772980e+01 -7.257753668032161931e-01 3.415809418574322631e-02 6.870832540001988731e-01 1.142467156727829263e+02
6.838337610875159234e-01 6.942507864264135797e-02 7.263273979169007077e-01 1.498093084324647180e+02 -2.238536793788560922e-02 9.969905889782794128e-01 -7.422035130325341235e-02 -1.320661714845024548e+01 -7.292944115579255149e-01 3.449528150507064073e-02 6.833299303816212644e-01 1.148851647061583776e+02
6.802330828950177155e-01 6.892431271892983380e-02 7.297481310942252053e-01 1.504664317905515816e+02 -2.065405671119276143e-02 9.969762874892373894e-01 -7.491122660302386438e-02 -1.324502489738452837e+01 -7.327048652999554879e-01 3.588484107769413650e-02 6.795998204950002286e-01 1.154837720469863882e+02
6.761796768770491628e-01 7.065564591378617476e-02 7.333408256046037854e-01 1.511056390905168314e+02 -2.307625886704569099e-02 9.969334201038504428e-01 -7.477460736870991664e-02 -1.331216173204677666e+01 -7.363753038984184318e-01 3.363831261427698005e-02 6.757365860770687682e-01 1.160787769018144218e+02
6.711072619806311979e-01 6.962568980031781651e-02 7.380834964401277176e-01 1.517652913823625056e+02 -2.072397711569202994e-02 9.969529288734902961e-01 -7.520222154348805976e-02 -1.336933017559299408e+01 -7.410705889181018469e-01 3.517273719846558677e-02 6.705052718480001284e-01 1.166884520871214761e+02
6.654425023909803505e-01 7.233502435726776869e-02 7.429359736683277537e-01 1.524384314750251974e+02 -2.333524489006136640e-02 9.968230318088157071e-01 -7.615319648178518752e-02 -1.342234635727476721e+01 -7.460843124115198455e-01 3.333898624419639328e-02 6.650163684669812003e-01 1.172982759909304917e+02
6.592178350711682677e-01 7.870290554500876390e-02 7.478219296705326258e-01 1.531149886833030678e+02 -2.671056802795023638e-02 9.963308134989531384e-01 -8.131085594652255610e-02 -1.351069372943326741e+01 -7.514775121155471416e-01 3.362682345047209032e-02 6.589012414234358683e-01 1.179065643998878699e+02
6.531128659768511424e-01 8.454568766210329711e-02 7.525261125959025188e-01 1.537880576424772983e+02 -2.954292139698253342e-02 9.958361632248584616e-01 -8.624123958680747493e-02 -1.358026172000180942e+01 -7.566841221198616907e-01 3.409344898514785061e-02 6.528911374233828946e-01 1.185293112032599367e+02
6.465039011251223489e-01 8.870143008207999336e-02 7.577365640037708738e-01 1.544782578142365992e+02 -3.340110577778212381e-02 9.955565331534824702e-01 -8.804291567464007928e-02 -1.368091616049005843e+01 -7.621792003438362384e-01 3.161085467899779622e-02 6.465939085396650299e-01 1.191144276043755923e+02
6.400789761884733142e-01 8.226592997302424604e-02 7.638921117061179267e-01 1.551699857211127949e+02 -3.072459258049666658e-02 9.961964769468699687e-01 -8.153881527907581861e-02 -1.372840969754177110e+01 -7.676945786053411824e-01 2.872101252968549054e-02 6.401720084726393312e-01 1.197026569984649740e+02
6.327525325744561835e-01 7.807177768536284479e-02 7.704083114293324153e-01 1.558954009359287056e+02 -3.494984837388013382e-02 9.967699726703520557e-01 -7.230580526686306020e-02 -1.376938617440153401e+01 -7.735649965965480934e-01 1.882603161805530834e-02 6.334373216905271331e-01 1.202889225666238531e+02
6.259189584437716558e-01 7.321306532025841085e-02 7.764439708183177302e-01 1.566087467196411183e+02 -3.377157793723167822e-02 9.971944326577155682e-01 -6.680377127041314811e-02 -1.383947654658456372e+01 -7.791565967425748696e-01 1.559201238463511947e-02 6.266354217193836895e-01 1.208878137524912262e+02
6.181774461100365547e-01 7.385523521071697683e-02 7.825611692580738410e-01 1.573333291037849619e+02 -3.829228252519685516e-02 9.972235876894398610e-01 -6.386561786736043300e-02 -1.388674628974668579e+01 -7.851053505638158070e-01 9.514233991869193094e-03 6.192892165209527011e-01 1.214783543371015782e+02
6.106888160407549782e-01 7.632709212132672560e-02 7.881835308496661918e-01 1.580708121604120890e+02 -3.982670205296250099e-02 9.970446270696166069e-01 -6.569509348762531120e-02 -1.396681513789625129e+01 -7.908685541869914237e-01 8.728510977707245114e-03 6.119238595524280067e-01 1.220394359073601009e+02
6.040189845330607987e-01 7.506051655991342886e-02 7.934273234721442858e-01 1.588110151924537092e+02 -3.089190925146198183e-02 9.970118582036302524e-01 -7.080285553545966060e-02 -1.400465751882462406e+01 -7.963710337616647372e-01 1.825578794053252241e-02 6.045328531432041519e-01 1.226029914665544851e+02
5.964089773896833480e-01 8.406624277800461842e-02 7.982663278146742147e-01 1.595529670239811537e+02 -3.332260705972259901e-02 9.962362531071358163e-01 -8.001832006233702832e-02 -1.411401314291738629e+01 -8.019887802573061331e-01 2.112333354690752035e-02 5.969655516199640077e-01 1.231936881474748162e+02
5.893061239044812272e-01 8.517141994366439484e-02 8.034077745977665774e-01 1.603180724075835712e+02 -2.878001833810889948e-02 9.960095201033465351e-01 -8.447926390840070077e-02 -1.419224729126835172e+01 -8.073970967881011207e-01 2.666206203409158398e-02 5.894057449609891863e-01 1.237503678976999026e+02
5.823071127625839560e-01 8.132949138704753667e-02 8.088905179693052228e-01 1.610934583986745281e+02 -2.576384741359159791e-02 9.963297710308084421e-01 -8.162849493369622733e-02 -1.425325443213253074e+01 -8.125605949748977430e-01 2.669272630650305553e-02 5.822652732145000565e-01 1.242857925610041576e+02
5.754858508867870537e-01 7.567202321372060170e-02 8.143032047223401904e-01 1.618724215170473144e+02 -2.042165330977256665e-02 9.967291212246068843e-01 -7.819216508836808466e-02 -1.430641821356015875e+01 -8.175567639457775870e-01 2.836907212438942449e-02 5.751488545427251298e-01 1.248343773378936277e+02
5.680988794356257587e-01 7.448872897161318285e-02 8.195822230977559686e-01 1.626401223421761415e+02 -2.012235637302983021e-02 9.968548030799008197e-01 -7.665241074450394876e-02 -1.438613189988838137e+01 -8.227143037698149142e-01 2.705422814924008865e-02 5.678109856384527809e-01 1.253755010383474229e+02
5.611669145347990550e-01 7.612481088615151437e-02 8.241945367246645837e-01 1.633682998778375861e+02 -2.125158906198073433e-02 9.967585348201637441e-01 -7.759376867307754555e-02 -1.444148025689574411e+01 -8.274298378086502037e-01 2.602761712176956260e-02 5.609656850216306889e-01 1.258766466268204596e+02
5.555918758847936401e-01 7.464341809975849618e-02 8.280977925785966143e-01 1.641534115486286680e+02 -1.827440366553564205e-02 9.968177935199555861e-01 -7.759080100254439616e-02 -1.452692224917763042e+01 -8.312543454275236332e-01 2.797583056245238689e-02 5.551879320701452736e-01 1.263819884082073486e+02
5.507997167459555143e-01 6.810604233830666598e-02 8.318540526311013483e-01 1.649079991359180895e+02 -1.165649770033157402e-02 9.971956922509747079e-01 -7.392480749344386426e-02 -1.459199962857744559e+01 -8.345560926817572334e-01 3.102126376948851835e-02 5.500489830617181219e-01 1.268817354592548980e+02
5.452345687916029249e-01 6.573635125868074192e-02 8.357020535422923224e-01 1.656652961708398664e+02 -1.105344771220928383e-02 9.973976877697651178e-01 -7.124376114706716667e-02 -1.464927418573139128e+01 -8.382106899083578977e-01 2.960717787915338392e-02 5.445423118429272291e-01 1.273643660791520489e+02
5.410003734521789953e-01 6.467193255145144148e-02 8.385320874856028173e-01 1.663989555219350791e+02 -1.191083643788390899e-02 9.975282331832464600e-01 -6.924995147498673453e-02 -1.469795352910257868e+01 -8.409380493111138222e-01 2.747663627130170899e-02 5.404334438208979741e-01 1.278628907945840609e+02
5.362473971318874044e-01 6.638932943801142961e-02 8.414458450542771084e-01 1.671427337127505552e+02 -1.280415278861398581e-02 9.974270455282012726e-01 -7.053610641641130941e-02 -1.478215668980837627e+01 -8.439637777572069899e-01 2.705080747462573765e-02 5.357177164398851943e-01 1.283334957679286958e+02
5.323563268400836046e-01 6.900592949439714185e-02 8.437030560027817261e-01 1.678854655748298796e+02 -1.150152548959981931e-02 9.971695573581554894e-01 -7.430066305282943817e-02 -1.484585870621035042e+01 -8.464422792212396018e-01 2.985056137269823107e-02 5.316431965627633760e-01 1.288188853675015366e+02
5.288700914833298627e-01 7.498645942072423853e-02 8.453835701366474442e-01 1.685957584308682726e+02 -1.251828827818205966e-02 9.966699917413496257e-01 -8.057431153526410650e-02 -1.491662466349840699e+01 -8.486105084528365872e-01 3.203059405833207779e-02 5.280476521206893814e-01 1.292797990979385929e+02
5.256693122691091791e-01 7.770110915018881015e-02 8.471329499384596673e-01 1.693135460393156677e+02 -1.545129967228050898e-02 9.965276714916704304e-01 -8.181599437098847905e-02 -1.498997764613925554e+01 -8.505487100105775244e-01 2.991885796412094289e-02 5.250445991497315612e-01 1.297239563504656701e+02
5.230180844256829831e-01 7.316784470449461120e-02 8.491751719221047878e-01 1.700471834250537881e+02 -1.413775865633544980e-02 9.969161527192835770e-01 -7.719007665929178419e-02 -1.504540701953882120e+01 -8.522043675459504142e-01 2.836637775963516198e-02 5.224396061721924278e-01 1.301817474366818885e+02
5.211919182525869276e-01 6.585104708792310912e-02 8.508951441894465617e-01 1.707940739285472773e+02 -1.100039880007638166e-02 9.974542795471580403e-01 -7.045531367941780532e-02 -1.509254245509668735e+01 -8.533686499381170076e-01 2.736055941639380443e-02 5.205894974404441378e-01 1.306300396830881709e+02
5.187423374754734917e-01 6.005527043444867930e-02 8.528186641584525329e-01 1.715098433515713623e+02 -5.700146628228962460e-03 9.977504973926314413e-01 -6.679410977159003227e-02 -1.515840662977015363e+01 -8.549116755700897352e-01 2.978774674538603451e-02 5.179177494209845634e-01 1.310547959928866248e+02
5.163424665806100045e-01 5.869914487203531372e-02 8.543680643932024532e-01 1.722072628615713938e+02 -2.050301420850130819e-03 9.977300254895863363e-01 -6.730967469710319451e-02 -1.522649065671044788e+01 -8.563797820550551609e-01 3.300313733512033609e-02 5.152907336135047478e-01 1.314815047025777801e+02
5.138489938319348305e-01 6.057621861920057388e-02 8.557392446758423921e-01 1.729150850842633247e+02 5.466948317715886923e-04 9.974805698247590779e-01 -7.093809772111610290e-02 -1.528136221244462867e+01 -8.578805223173029404e-01 3.691930476594745131e-02 5.125212707781693355e-01 1.318917220260953798e+02
5.117535129920601777e-01 6.795070085898971546e-02 8.564408710714036532e-01 1.735580400370982659e+02 -1.806354022737931796e-03 9.969502000106701400e-01 -7.801945565176057751e-02 -1.533845367614145161e+01 -8.591304657448640691e-01 3.837970168463798737e-02 5.103155104469833114e-01 1.323001091421877788e+02
5.092670111718318182e-01 7.618775073319203339e-02 8.572295254173278867e-01 1.742843271122594331e+02 -4.451443223938551103e-03 9.962935807948005706e-01 -8.590276530921435449e-02 -1.542156597042345467e+01 -8.605971034164110467e-01 3.993154275656354835e-02 5.077185998562688818e-01 1.327312417504734299e+02
5.073430152172602181e-01 7.765503148195515570e-02 8.582381266783953855e-01 1.749393912794751884e+02 -1.605966647230999819e-03 9.960149493019468947e-01 -8.917197513464102110e-02 -1.550729541303436498e+01 -8.617427483917242670e-01 4.386248418079180533e-02 5.054459392218780822e-01 1.331194468014077472e+02
5.051268760556149040e-01 7.145251294265227149e-02 8.600821462245904492e-01 1.755891760422692300e+02 -7.482872534042138857e-04 9.966028028947414574e-01 -8.235467772085365568e-02 -1.555443809546404843e+01 -8.630448180792453794e-01 4.095597949056097031e-02 5.034643277758058533e-01 1.335032644372925290e+02
5.016393612621462550e-01 6.433096607854194016e-02 8.626815161811238752e-01 1.762706890012484848e+02 -7.148333132616435832e-03 9.975053371263293833e-01 -7.022822453157089029e-02 -1.558596309580961226e+01 -8.650473581356510344e-01 2.906251234501565708e-02 5.008477996868290205e-01 1.339119756761780877e+02
4.980149112977564352e-01 6.104628124209732221e-02 8.650170053709337337e-01 1.769466556750277846e+02 -1.401935505766562819e-02 9.979554588906962564e-01 -6.235671280255920129e-02 -1.561984011563660601e+01 -8.670551801665205005e-01 1.892759659019856502e-02 4.978525292161496973e-01 1.343262054878413210e+02
4.961018070846938688e-01 6.215396696161001877e-02 8.660368358888583806e-01 1.776077794776429073e+02 -1.596528699158441394e-02 9.979189306467642906e-01 -6.247333308914283789e-02 -1.570015870084722742e+01 -8.681176109641953742e-01 1.716661093162649004e-02 4.960616911288633357e-01 1.347354937702220639e+02
4.934134627803271611e-01 6.427688574747120187e-02 8.674165989665434395e-01 1.782491084401027024e+02 -1.311870132821598214e-02 9.977022512644342367e-01 -6.646892004149247690e-02 -1.576811381779663357e+01 -8.696960012291857778e-01 2.141728534949683196e-02 4.931229522574850921e-01 1.350858512755630443e+02
4.909250839932731703e-01 6.644974231854978985e-02 8.686638664475894167e-01 1.788759405319634652e+02 -1.305960643199817472e-02 9.975361958323655243e-01 -6.892738563975568666e-02 -1.581728390398167328e+01 -8.711039484349299977e-01 2.249377913602139747e-02 4.905833485704399477e-01 1.354327984010263890e+02
4.887783450658423900e-01 6.569659251702397729e-02 8.699308053606505942e-01 1.795318542063951668e+02 -1.238166689587961132e-02 9.975825121738685075e-01 -6.838000834959931384e-02 -1.585760789399771831e+01 -8.723201845289584311e-01 2.265147865628280160e-02 4.884101630564592900e-01 1.357960946500617752e+02
4.863837138933414517e-01 6.498656050584571131e-02 8.713251680902137641e-01 1.801319160962166563e+02 -1.305263063101423995e-02 9.976593343290535154e-01 -6.712288199047393433e-02 -1.590439587455063197e+01 -8.736478653093678881e-01 2.127439568934579028e-02 4.860934981739224447e-01 1.361534118920940557e+02
4.835423282397385836e-01 6.447121188439537687e-02 8.729434105805946587e-01 1.807746405752343435e+02 -1.278733860864001391e-02 9.976976953535228176e-01 -6.660174539606530941e-02 -1.595059824968616269e+01 -8.752276172131359111e-01 2.104214467563989346e-02 4.832534820828700006e-01 1.365035317406219519e+02
4.810249853843095447e-01 6.422557827128708152e-02 8.743511632688407698e-01 1.813511928828081636e+02 -1.068998824970242463e-02 9.976685779659228981e-01 -6.740276337841388798e-02 -1.600107081735597347e+01 -8.766417563666807355e-01 2.307561447515393480e-02 4.805900841806254875e-01 1.368365779461081502e+02
4.773681725247223562e-01 6.606580643825302190e-02 8.762162147012826363e-01 1.819887497884483025e+02 -1.075144234107723758e-02 9.975340639558806233e-01 -6.935558761854909715e-02 -1.605404646354078935e+01 -8.786376478051882710e-01 2.368756695664389275e-02 4.769013162143851403e-01 1.371740377693375308e+02
4.727997172428304307e-01 6.826892301795690898e-02 8.785213138645021624e-01 1.825994099299365416e+02 -1.095089518980479903e-02 9.973725053680381203e-01 -7.161119467709223252e-02 -1.610145294591367104e+01 -8.811019166509387324e-01 2.423716279532269272e-02 4.723050447029815135e-01 1.375010310956873241e+02
4.678229409708739572e-01 7.024555304211144158e-02 8.810262056798581209e-01 1.832093580994493891e+02 -1.119436205504588736e-02 9.972275015704197276e-01 -7.356627025370476858e-02 -1.615010157829673787e+01 -8.837513592159161879e-01 2.455346766347625553e-02 4.673122571097501621e-01 1.378270543337601453e+02
4.631525910994513939e-01 7.232158961682902398e-02 8.833228070826679712e-01 1.837802325651178990e+02 -1.066788340659212929e-02 9.970477554256683694e-01 -7.603926210394149066e-02 -1.619424520146522184e+01 -8.862143966567690434e-01 2.579460179721787885e-02 4.625567700078712652e-01 1.381415897818049530e+02
4.576744411475370811e-01 7.564791884429078461e-02 8.858958258626006277e-01 1.843527955816398958e+02 -9.904237378663473604e-03 9.967459143495329688e-01 -7.999679976153606376e-02 -1.625104384931269408e+01 -8.890647309168817625e-01 2.783837357610001798e-02 4.569343645949052179e-01 1.384219534854573510e+02
4.509312243153558164e-01 7.814332625551406730e-02 8.891313552388686592e-01 1.849467781515418210e+02 -7.985338153901214500e-03 9.964734783688794506e-01 -8.352748584128917575e-02 -1.631380249209363242e+01 -8.925230247570874464e-01 3.056514276679804520e-02 4.499650068032106098e-01 1.387186747098996875e+02
4.445745643601988206e-01 8.053974823639881153e-02 8.921136253177830433e-01 1.855568383249424187e+02 -9.393147158744294747e-03 9.963139498501831781e-01 -8.526594692805986031e-02 -1.636941010923726125e+01 -8.956926428916959226e-01 2.952732238904330966e-02 4.436923622482060736e-01 1.390217191083633281e+02
4.381210718630618173e-01 8.230764035967749748e-02 8.951398175423020964e-01 1.861592985158721945e+02 -1.316880338145337906e-02 9.962800864150378466e-01 -8.516203157962870529e-02 -1.641471161243578081e+01 -8.988195562178447062e-01 2.552336559056893328e-02 4.375751928014083303e-01 1.393317288744359246e+02
4.311325288875781370e-01 8.401559322964909093e-02 8.983685414310187412e-01 1.867824073655710322e+02 -1.713651727179947223e-02 9.962383134471154422e-01 -8.494446537097616323e-02 -1.645936672914075771e+01 -9.021259161521575365e-01 2.122741894490201217e-02 4.309504784620069029e-01 1.396274524662725582e+02
4.246374649093024867e-01 8.520195379265280144e-02 9.013454185263971574e-01 1.873988799397536695e+02 -1.770187838604284428e-02 9.961530208991488111e-01 -8.582425090735408546e-02 -1.651983731365337960e+01 -9.051904516584702298e-01 2.048869008357205243e-02 4.245121284287306507e-01 1.399160713458162775e+02
4.177503910641813811e-01 8.799712281311204698e-02 9.042903458538873451e-01 1.880291392338432104e+02 -1.836346282478756864e-02 9.959131327973211878e-01 -8.842971618057220151e-02 -1.658316174577724667e+01 -9.083762884925888903e-01 2.033565110283959074e-02 4.176590329294796455e-01 1.402115759077397570e+02
4.098418986824169941e-01 9.261740111412813947e-02 9.074423105298788927e-01 1.886658153334339829e+02 -2.107648234696150175e-02 9.955277283495403973e-01 -9.208867178728603886e-02 -1.664434199239817502e+01 -9.119130924440601582e-01 1.861610880924121844e-02 4.099610237387329992e-01 1.404977415078857916e+02
4.022651934801917406e-01 9.606439668922611697e-02 9.104692510216741974e-01 1.893008818696233106e+02 -2.236487194607337387e-02 9.952141086845887052e-01 -9.512460154923849109e-02 -1.670170335187433253e+01 -9.152500289366463093e-01 1.790279253054651715e-02 4.024884642524181877e-01 1.408326858087592939e+02
3.948949237107802768e-01 9.859127860646131614e-02 9.134208612063990929e-01 1.899504693291758315e+02 -2.354128001606795723e-02 9.949847080540097366e-01 -9.721747929260281251e-02 -1.676187270885072778e+01 -9.184246821819513906e-01 1.688759719745920596e-02 3.952353756142306107e-01 1.411038466017336646e+02
3.878731640450582829e-01 1.011616057936056273e-01 9.161444472735849054e-01 1.906264861803267081e+02 -2.387400106789679816e-02 9.947279624710660961e-01 -9.973119928890844532e-02 -1.682642352245606787e+01 -9.214035656284781384e-01 1.681102671626298964e-02 3.882434147853138229e-01 1.413924045719180924e+02
3.801284210979000155e-01 1.034825256495701812e-01 9.191265744813100769e-01 1.912776910327624478e+02 -2.491113427342200870e-02 9.945065644368501490e-01 -1.016667497580013846e-01 -1.688529755288687184e+01 -9.245982422457996730e-01 1.574993985607182900e-02 3.806180775350060941e-01 1.416624152368240459e+02
3.727935531932455304e-01 1.039097141447228867e-01 9.220778963774535208e-01 1.919714348293576052e+02 -2.234272080198637309e-02 9.944273122204312365e-01 -1.030297182032769432e-01 -1.697221539778250587e+01 -9.276453313748013185e-01 1.780709030584938166e-02 3.730377171729387098e-01 1.419369071002097371e+02
3.657187301263243873e-01 1.034111486982315503e-01 9.249626225866759421e-01 1.926612159113779796e+02 -2.057066305148451055e-02 9.944636535108177799e-01 -1.030479934827406158e-01 -1.703174717451143039e+01 -9.304981193504106018e-01 1.865949156452665486e-02 3.658212207402838367e-01 1.421677241338013289e+02
3.580132962021840837e-01 1.011035572915197495e-01 9.282265123534758633e-01 1.933782652052793480e+02 -1.916987380585956358e-02 9.947067054613343284e-01 -1.009509057919511787e-01 -1.710776446685815344e+01 -9.335197309844404101e-01 1.834778610787799608e-02 3.580563691453457764e-01 1.424749122481545385e+02
3.506313277562455033e-01 9.826660783119829656e-02 9.313437888168796253e-01 1.941067236202834181e+02 -1.935351598474789950e-02 9.950277394888803473e-01 -9.769973622717688377e-02 -1.716771099221649166e+01 -9.363136261060590604e-01 1.623181577691291608e-02 3.507897021664062587e-01 1.427591247094015330e+02
3.442387643996522861e-01 9.470467301800140902e-02 9.340934667626339394e-01 1.948370769804485292e+02 -1.842096859061269007e-02 9.953894169419927884e-01 -9.413063268815956286e-02 -1.721821850803065956e+01 -9.387014618578808367e-01 1.519651061871943321e-02 3.443961751547357508e-01 1.430056323903850739e+02
3.380423095936458955e-01 9.087849848834420041e-02 9.367328336206539596e-01 1.956014238431030776e+02 -1.568088510821405782e-02 9.957325786360770037e-01 -9.094361544037760092e-02 -1.732217343505523743e+01 -9.410003191885967233e-01 1.605399432628390466e-02 3.380247962840359777e-01 1.432996178149916773e+02
3.325415706665268423e-01 8.551078520396462879e-02 9.392038730040784822e-01 1.963738586578657532e+02 -1.521180235797172167e-02 9.962376871120542932e-01 -8.531747440967417384e-02 -1.736892011134175817e+01 -9.429659586586672804e-01 1.408462749870825065e-02 3.325912187847928081e-01 1.435611978462973752e+02
3.269564467429975085e-01 8.057306421869371571e-02 9.415983052607789228e-01 1.971467201109507528e+02 -1.461318982433347513e-02 9.966707496729845239e-01 -8.021141499865790114e-02 -1.740456892308208481e+01 -9.449264687541930607e-01 1.246588853012266587e-02 3.270453567777585335e-01 1.438278787862609533e+02
3.225979359796803392e-01 7.988426930685073313e-02 9.431590428583916941e-01 1.979203425691128189e+02 -1.000788903008781143e-02 9.966644250816242279e-01 -8.099299712118813999e-02 -1.748246921097598161e+01 -9.464832322299342460e-01 1.668914724103946409e-02 3.223213596964409899e-01 1.440875592931181757e+02
3.170370775035282196e-01 8.661556771098438690e-02 9.444496490267778599e-01 1.987244282021778474e+02 -6.313199030839547303e-03 9.959916450103575292e-01 -8.922323747712507247e-02 -1.755103030401068054e+01 -9.483921817542563248e-01 2.232458110986839175e-02 3.163131020344612798e-01 1.443436847031526895e+02
3.128024468679181380e-01 9.795703857238281798e-02 9.447533817684324875e-01 1.995320616614828282e+02 -2.894953930508090308e-03 9.947613418087277726e-01 -1.021836159491854856e-01 -1.764442207340917790e+01 -9.498138471074357714e-01 2.922827367730298359e-02 3.114473631959325806e-01 1.446145710606921568e+02
3.089273827774861036e-01 1.046520823706519332e-01 9.453103819552881593e-01 2.003319406863985250e+02 2.155429299465190431e-03 9.938481965833274590e-01 -1.107299208650959765e-01 -1.774077216191169271e+01 -9.510832362175251076e-01 3.624506127962724006e-02 3.068013523600305881e-01 1.449003223282651902e+02
3.044596830302587209e-01 1.012133770872706701e-01 9.471325449799855578e-01 2.011374348960569876e+02 9.383384557845637561e-03 9.939716560392103384e-01 -1.092350594122840912e-01 -1.780156004067200470e+01 -9.524790547176276156e-01 4.214498810967714365e-02 3.016745715651294457e-01 1.451378273486373018e+02
3.002410826103824593e-01 9.336026049107898350e-02 9.492834443509143849e-01 2.019823533698379094e+02 1.574684981873028522e-02 9.945778798144966348e-01 -1.027953157523132099e-01 -1.788045295137643720e+01 -9.537334142377320578e-01 4.581160881588459272e-02 2.971430096490006445e-01 1.453803622429511506e+02
2.951155734035294520e-01 8.780157967905437288e-02 9.514187217910211603e-01 2.028316183600174156e+02 1.960497478079438471e-02 9.950026533504344739e-01 -9.790487275281939406e-02 -1.794277053853928550e+01 -9.552604566257182350e-01 4.754580102055745716e-02 2.919194311095984484e-01 1.456265199697180037e+02
2.905775315525482849e-01 9.257321846888462435e-02 9.523627462316629488e-01 2.036830741140363159e+02 1.703229001947956234e-02 9.946508223805784477e-01 -1.018805275077405148e-01 -1.805036069605202442e+01 -9.566998987429530255e-01 4.582511881632578277e-02 2.874464470975510721e-01 1.458996653901479874e+02
2.858722463331054287e-01 1.026439691765388268e-01 9.527545210036990619e-01 2.045324511102905944e+02 1.119804551548718267e-02 9.938210216671101715e-01 -1.104281656116314764e-01 -1.814118865088228105e+01 -9.582023585285902589e-01 4.223734396516717199e-02 2.829564363449127429e-01 1.461715130842201518e+02
2.807640821882605442e-01 1.058073139102379823e-01 9.539267504152912913e-01 2.054005370783302453e+02 7.793145212693849098e-03 9.936207351967251133e-01 -1.125037800625397211e-01 -1.824409893168506258e+01 -9.597452238538008995e-01 3.902111758603587360e-02 2.781484422692775960e-01 1.464564929021572084e+02
2.752285370857882052e-01 1.019290979599547370e-01 9.559600481432523056e-01 2.062676483958643701e+02 5.051267864307058993e-03 9.941965387003434129e-01 -1.074603475435579741e-01 -1.831198935911753622e+01 -9.613656094756202197e-01 3.440497133409318314e-02 2.731163880413545741e-01 1.466920449178951742e+02
2.692305127810838417e-01 9.862566058021304816e-02 9.580124278640419488e-01 2.071536545028232297e+02 3.088324552825210886e-03 9.946490597381354437e-01 -1.032652384193998296e-01 -1.838861512269667742e+01 -9.630708653136493824e-01 3.076081279402970853e-02 2.674852886585719070e-01 1.469304794722490328e+02
2.638489120989677694e-01 9.937218235606233574e-02 9.594315100877970348e-01 2.080353967663147898e+02 2.293958537347672022e-03 9.946115253695041458e-01 -1.036467587660668405e-01 -1.848381099472555533e+01 -9.645613448751676477e-01 2.954798691706084918e-02 2.621992135840010008e-01 1.472036673534702516e+02
2.587855166579068333e-01 1.037342663657217640e-01 9.603484574595591017e-01 2.089554334092367469e+02 -5.519620842139608087e-04 9.942324083951163960e-01 -1.072455715367629236e-01 -1.859388842190721292e+01 -9.659347031204177370e-01 2.722353071288707502e-02 2.573502051842475602e-01 1.474451025768065904e+02
2.541938912244439686e-01 1.040936508531255661e-01 9.615351676726133778e-01 2.098438397403179181e+02 3.094536927508990780e-03 9.940985111750728631e-01 -1.084369543524388302e-01 -1.867428786348148151e+01 -9.671483798919808805e-01 3.053952387812623043e-02 2.523716474767784823e-01 1.476852378535526498e+02
2.501546127375829931e-01 1.029710423839172440e-01 9.627146696067505616e-01 2.107668794082023567e+02 7.429480253077316507e-03 9.940950753044346389e-01 -1.082579476189142742e-01 -1.877557362458594881e+01 -9.681774485939702579e-01 3.423370145359221767e-02 2.479124475602055011e-01 1.479128241780850033e+02
2.460309766386817032e-01 1.019833723314197554e-01 9.638817619336162990e-01 2.116753189536875368e+02 9.303807039599711406e-03 9.941549300222067842e-01 -1.075612078853776937e-01 -1.886778754454241991e+01 -9.692173633057221682e-01 3.543116596370542160e-02 2.436440750447093073e-01 1.481550154874735483e+02
2.424272690915493522e-01 1.011468350970903679e-01 9.648824992901680053e-01 2.126145845996036599e+02 1.159780809247387863e-02 9.941771931558638364e-01 -1.071316881924469361e-01 -1.896101122784675042e+01 -9.701003091670905576e-01 3.716217189234358176e-02 2.398425806432196439e-01 1.483832786538595485e+02
2.394391182137176333e-01 1.004477497227910660e-01 9.657013298978409654e-01 2.135331604314756362e+02 1.205482008235659631e-02 9.942496763720142239e-01 -1.064061159872247836e-01 -1.906486936173739366e+01 -9.708365928059639050e-01 3.711914960496089794e-02 2.368513865426353227e-01 1.486239651033209839e+02
2.372185241280937162e-01 9.940104277195919991e-02 9.663574414769691145e-01 2.144602709792103781e+02 9.752930593709659493e-03 9.944575457692333975e-01 -1.046855731182443211e-01 -1.916150392252858481e+01 -9.714074079574467335e-01 3.425818111044992564e-02 2.349343001547541665e-01 1.488479136981531781e+02
2.340682502264552767e-01 9.707367557363670574e-02 9.673616985081866515e-01 2.153874979463113846e+02 1.056456840915839454e-02 9.946900531614036867e-01 -1.023722974794018109e-01 -1.924510949219600420e+01 -9.721628178261103592e-01 3.418187028473789607e-02 2.317998190918900692e-01 1.490858065523403297e+02
2.312521571732922554e-01 9.718659489726515222e-02 9.680274301039912821e-01 2.163292944487629654e+02 7.749518178420101988e-03 9.947824766352857395e-01 -1.017239815408234327e-01 -1.933123904745128385e+01 -9.728630351512532748e-01 3.102564287012410382e-02 2.292924446833911889e-01 1.493123062514746664e+02
2.298605022521735264e-01 9.982976134353871434e-02 9.680899070301797193e-01 2.172286530291758311e+02 5.125695227204895080e-03 9.945871540269684008e-01 -1.037791864077555332e-01 -1.943184150879005756e+01 -9.732101403246070648e-01 2.881687600523216708e-02 2.281046061546214698e-01 1.495107830556342492e+02
2.272431068207812765e-01 1.012181694676879962e-01 9.685635509927421616e-01 2.182392558365812647e+02 4.269380841596996656e-03 9.944707382570853182e-01 -1.049272240893877467e-01 -1.953181685716073446e+01 -9.738287546591791743e-01 2.797916124700321194e-02 2.255544816176122402e-01 1.497574059040392171e+02
2.255396304077317005e-01 1.009168217348968000e-01 9.689930700782540818e-01 2.191428248417573457e+02 5.490954749524682918e-03 9.944730459958341928e-01 -1.048485070014425896e-01 -1.962095298595890469e+01 -9.742185715838952431e-01 2.896819692650679651e-02 2.237389538679817880e-01 1.499894259335748927e+02
2.243562838485345656e-01 9.981116909038514895e-02 9.693822197665331597e-01 2.200717663322046747e+02 5.043632176881647500e-03 9.946087655326076860e-01 -1.035758878445088432e-01 -1.974537169873276099e+01 -9.744941869603429563e-01 2.812711486012867829e-02 2.226433160248482424e-01 1.501980804863870276e+02
2.232006842952211634e-01 9.625877764259427316e-02 9.700080420883168131e-01 2.209964700286342350e+02 6.081134843420875000e-03 9.949554065874105513e-01 -1.001337006602833202e-01 -1.979612200354789664e+01 -9.747535971342439209e-01 2.824866644043499617e-02 2.214893653263359241e-01 1.504210455977785443e+02
2.215186837232940575e-01 9.283115287247002689e-02 9.707274329800327228e-01 2.219447581131061611e+02 8.928780661763294213e-03 9.952237160991711518e-01 -9.721127066419230078e-02 -1.992484855341946215e+01 -9.751153011295564665e-01 3.020153151644138639e-02 2.196317789402390808e-01 1.506336833804077742e+02
2.202555430413902504e-01 9.503187506892311898e-02 9.708019045003328795e-01 2.228678701763798813e+02 7.938185540086120304e-03 9.950353430276717148e-01 -9.920509390257400972e-02 -1.998860450383221732e+01 -9.754099558113944468e-01 2.955688386238014553e-02 2.184076695064557094e-01 1.508435883189167157e+02
2.181427223393596071e-01 1.008960478190980142e-01 9.706871996343980902e-01 2.237992091537897466e+02 5.851258197739363752e-03 9.944882229190320500e-01 -1.046849390892843762e-01 -2.010130039015120573e+01 -9.758993885163380622e-01 2.851600531013891507e-02 2.163499997830190813e-01 1.510503061891985794e+02
2.162633642453726801e-01 1.043587525016577838e-01 9.707416274948076351e-01 2.247193619915580314e+02 7.567425317580694401e-03 9.940620050730938351e-01 -1.085516618104188508e-01 -2.019006614641184782e+01 -9.763057884061926428e-01 3.082176889989311774e-02 2.141894667323265555e-01 1.512700729187015725e+02
2.138321009250452598e-01 1.049127968098958891e-01 9.712203853248810859e-01 2.256347136736517882e+02 5.421591681064513724e-03 9.940734672724426124e-01 -1.085750760990191605e-01 -2.029552305077293894e+01 -9.768554346470000871e-01 2.848240327511287681e-02 2.119960239530026824e-01 1.514556780250167947e+02
2.102339035706859427e-01 1.017212788277264829e-01 9.723447877133315487e-01 2.265877708113577569e+02 4.982155294265061367e-03 9.944480369158332778e-01 -1.051107949515672352e-01 -2.038979339454770567e+01 -9.776384737349170795e-01 2.694223157235603114e-02 2.085599018231808210e-01 1.516857617601620518e+02
2.071935839802318269e-01 9.582575135752936790e-02 9.735954718797810159e-01 2.275113416705403040e+02 4.531284509128334984e-03 9.950865325412056039e-01 -9.890530596477196956e-02 -2.046911168940689407e+01 -9.782895214434905728e-01 2.490418877398819023e-02 2.057413316584622565e-01 1.518786241403795430e+02
2.037377827938830210e-01 9.186031538717441547e-02 9.747063644165493423e-01 2.284294501164696101e+02 6.342320126742994821e-03 9.954436615346928807e-01 -9.514037566753125175e-02 -2.056449898935829168e+01 -9.790050012784021760e-01 2.556559494929726978e-02 2.022268773321296842e-01 1.520714673338096645e+02
1.996633624394767437e-01 9.201551574832105007e-02 9.755345124118602884e-01 2.293453242106693608e+02 4.441756953055476381e-03 9.954858124044606571e-01 -9.480647394774829873e-02 -2.066126019964562488e+01 -9.798545373540663572e-01 2.326247227514610660e-02 1.983533343777965086e-01 1.522772907427950315e+02
1.951284251710593276e-01 9.371540335069908356e-02 9.762900281433830596e-01 2.303103105815778520e+02 3.906361691661637374e-03 9.953422700078234930e-01 -9.632499807455607854e-02 -2.075634836701465247e+01 -9.807699730841700214e-01 2.260949278224748393e-02 1.938534837588213600e-01 1.524694629024355379e+02
1.913764411255447218e-01 9.378660223866715218e-02 9.770256030727004770e-01 2.311989524732692303e+02 4.639119358015899620e-03 9.953268200079821160e-01 -9.645205711023868700e-02 -2.083869508956759375e+01 -9.815058016033322286e-01 2.299119551037778070e-02 1.900470176947572643e-01 1.526361107731357549e+02
1.870742667381154190e-01 9.361094325404194227e-02 9.778753028334052910e-01 2.321217864534148703e+02 4.533569979916537984e-03 9.953563686041129177e-01 -9.615168019556732948e-02 -2.092315626118556438e+01 -9.823353642576857503e-01 2.242077682223891227e-02 1.857811714071652687e-01 1.528201211830124748e+02
1.827695142020723251e-01 9.275973097628367747e-02 9.787700622062425193e-01 2.330713079394125202e+02 5.528827412646659945e-03 9.954264721820645923e-01 -9.537069749392360074e-02 -2.101208033855062141e+01 -9.831402948285453691e-01 2.284231249917222442e-02 1.814207605722412409e-01 1.529987278388221057e+02
1.793370200970594019e-01 9.254735587210682901e-02 9.794248912981168287e-01 2.339910646286648159e+02 4.900793914165963924e-03 9.954689553633353505e-01 -9.496073151089916287e-02 -2.109709547053381229e+01 -9.837755425651970587e-01 2.182993974990303163e-02 1.780708809106515966e-01 1.531726468876713909e+02
1.752533215205858697e-01 9.298575875335211849e-02 9.801223491850623581e-01 2.349112240188704845e+02 3.758225863007614610e-03 9.954594067634975341e-01 -9.511279948651198135e-02 -2.118349812626978945e+01 -9.845162527378935602e-01 2.035236061466757368e-02 1.741081063697055009e-01 1.533592156695718529e+02
1.708613117119344160e-01 9.383239877339109858e-02 9.808168995095208897e-01 2.358543429521394899e+02 6.959205304539930591e-04 9.954432887103296101e-01 -9.535289224403140085e-02 -2.127302617936352291e+01 -9.852948954022092698e-01 1.697469589707237964e-02 1.700174465385206890e-01 1.535140607680517633e+02
1.665055587300216522e-01 9.339400100441856700e-02 9.816075369469187129e-01 2.367583301688678716e+02 -1.128609832512942734e-03 9.955217151385318264e-01 -9.452640027142587831e-02 -2.135986744365896683e+01 -9.860399223004343572e-01 1.463132394388932597e-02 1.658653051907361120e-01 1.536707415717658023e+02
1.627424248405434370e-01 9.408837787601043168e-02 9.821721729367002274e-01 2.376772116225399714e+02 -5.300094794683967055e-03 9.955118862987846207e-01 -9.448805565540056850e-02 -2.144212733499082546e+01 -9.866544053117615176e-01 1.017161392619701961e-02 1.625106960633309616e-01 1.538250957851592773e+02
1.587516896463850025e-01 9.834591789437958920e-02 9.824082035461862983e-01 2.386020469509872726e+02 -1.054341721150308525e-02 9.951387748116576892e-01 -9.791656956673613910e-02 -2.153786553851465513e+01 -9.872622959024934808e-01 5.186484973052915039e-03 1.590168643892766742e-01 1.539917657730836993e+02
1.553992757911049072e-01 1.034955499158915354e-01 9.824152040481355375e-01 2.395131260560027613e+02 -1.322185845886741581e-02 9.946254865543341372e-01 -1.026904243136368966e-01 -2.162331349268648850e+01 -9.877633072677518555e-01 2.968666211620612540e-03 1.559324842116281418e-01 1.541455090533038401e+02
1.517937563978592752e-01 1.058351843305691403e-01 9.827295996971530112e-01 2.404013331012419599e+02 -1.509955749609644647e-02 9.943831175723838456e-01 -1.047579023411022436e-01 -2.171614075878083838e+01 -9.882969000491960143e-01 1.062816617186792189e-03 1.525392135713153352e-01 1.543010527424586940e+02
1.480215935433529528e-01 1.038280056911690674e-01 9.835188100727907390e-01 2.413419915219201641e+02 -1.615791793395495932e-02 9.945950139969753634e-01 -1.025654869690975773e-01 -2.180664999792454140e+01 -9.888521797627989329e-01 -7.097063938017696746e-04 1.488991837132673246e-01 1.544576288762913236e+02
1.449272577425432251e-01 9.980438652749018535e-02 9.843957897670013724e-01 2.422686667295094765e+02 -1.539692839116294301e-02 9.950067018225197124e-01 -9.861337279786476506e-02 -2.189813771484639915e+01 -9.893225604148542240e-01 -8.649027953991384474e-04 1.457402741498740051e-01 1.546050917312178399e+02
1.419591556310589586e-01 9.747429371253613084e-02 9.850615496430444873e-01 2.431856827843290318e+02 -1.543699327402353431e-02 9.952368486512597201e-01 -9.625649971932735693e-02 -2.198157763478525695e+01 -9.897521919401086610e-01 -1.541894172737451330e-03 1.427876931387158099e-01 1.547447624767375771e+02
1.386748241069848397e-01 9.563740292711024604e-02 9.857092251672340266e-01 2.441017235088687016e+02 -1.351157454065148381e-02 9.954162203482417315e-01 -9.467832412417280519e-02 -2.207706677272203066e+01 -9.902458455803331283e-01 -1.889806381224809592e-04 1.393313816043509346e-01 1.548659981510299417e+02
1.352819109039276602e-01 9.574746848545646893e-02 9.861699260401808331e-01 2.450034578661969817e+02 -1.300069445308565594e-02 9.954056572169885930e-01 -9.486073454353526058e-02 -2.216223880056291762e+01 -9.907219038675884049e-01 1.205067288202827584e-05 1.359051634504759853e-01 1.549833124101230339e+02
1.310089904708857944e-01 9.725030721556741919e-02 9.865996747599692362e-01 2.459161923396058853e+02 -1.358854475085625145e-02 9.952596411916735386e-01 -9.629951960439912806e-02 -2.223750395752051645e+01 -9.912881015473287150e-01 -7.903479477296777769e-04 1.317094514344482603e-01 1.551188232403682434e+02
1.262539849013213367e-01 1.001331385558978659e-01 9.869311940858870313e-01 2.468130290560945639e+02 -1.478526409770945446e-02 9.949718614134239747e-01 -9.905751017573130590e-02 -2.234521849803881821e+01 -9.918878121033057882e-01 -2.085630059748461163e-03 1.270996576971110958e-01 1.552344418209936805e+02
1.214860382987759668e-01 9.655562110435816914e-02 9.878856463910075103e-01 2.477302957284106242e+02 -5.146532447840358217e-03 9.953053271144695069e-01 -9.664790950421552063e-02 -2.240920770579892718e+01 -9.925798508657300845e-01 6.657190047248105064e-03 1.214126281408976493e-01 1.553304505717522375e+02
1.173993277312676137e-01 9.045557850693165813e-02 9.889565621274786222e-01 2.486425347188317403e+02 -2.366136307787108321e-03 9.958657317356028882e-01 -9.080663653944645586e-02 -2.248921824035708994e+01 -9.930820227882847240e-01 8.320636207782955082e-03 1.171279980710662749e-01 1.554619375583216652e+02
1.119759847226208249e-01 9.134513564415117082e-02 9.895035828817911883e-01 2.495242194732475696e+02 -3.002277198115517291e-03 9.957926491687000281e-01 -9.158594688758762981e-02 -2.256246735301442996e+01 -9.937064305183886948e-01 7.284666589828465121e-03 1.117791063153165676e-01 1.555459707386587525e+02
1.075381851222939888e-01 1.027412782949529285e-01 9.888779823993477658e-01 2.504230087053005320e+02 -9.094998972723899880e-04 9.946557826135955516e-01 -1.032426568003801948e-01 -2.267799562662732527e+01 -9.942005916939060661e-01 1.020314791936019656e-02 1.070569212560424921e-01 1.556709689867801387e+02
1.019600372927966375e-01 1.160421455844429378e-01 9.879970986794922583e-01 2.512843071161025534e+02 -2.572734009456558281e-04 9.931761203032868357e-01 -1.166238691131586541e-01 -2.275730558120227798e+01 -9.947885150646362806e-01 1.163679325901996638e-02 1.012941291746774219e-01 1.557558656573971234e+02
9.647290247636455818e-02 1.202901878964541676e-01 9.880400525915998822e-01 2.521962503274507981e+02 -1.522364131931836775e-03 9.926869772196600383e-01 -1.207072762965305801e-01 -2.286896562343908101e+01 -9.953344999141587879e-01 1.014082898337344101e-02 9.595051975680081446e-02 1.558544054147888289e+02
9.060884694647981796e-02 1.156261637681576387e-01 9.891514154217082577e-01 2.530880530335576850e+02 -5.529659179035562554e-03 9.932801928087294785e-01 -1.156022510694309779e-01 -2.295645906281402304e+01 -9.958712592927055907e-01 5.004920302486284660e-03 9.063934661588794739e-02 1.559278481061806758e+02
8.521562290217642166e-02 1.087308562810576223e-01 9.904119313624552001e-01 2.539788223570464822e+02 -7.143551421261524516e-03 9.940688518186104883e-01 -1.085176791196514473e-01 -2.305261909919087415e+01 -9.963369775117587590e-01 2.172346572653036014e-03 8.548692127683883701e-02 1.560209105659344857e+02
8.018269339995304223e-02 1.041998911261217270e-01 9.913188253394711325e-01 2.548573106711636740e+02 -9.245050033314137355e-03 9.945560181838707381e-01 -1.037923648782411168e-01 -2.313195381744822043e+01 -9.967373627480511367e-01 -8.424376028803459314e-04 8.070951390058982156e-02 1.560907497751482254e+02
7.369777162263523029e-02 1.038538632955745139e-01 9.918583107142785460e-01 2.557590843979396595e+02 -1.308664221398513766e-02 9.945780329243497642e-01 -1.031662517528945666e-01 -2.323617438607400487e+01 -9.971948074180949639e-01 -5.376969333019431148e-03 7.465728351476588753e-02 1.561810154684190479e+02
6.659045015789030741e-02 1.020558431423716772e-01 9.925473347352691267e-01 2.566411471735590339e+02 -1.687837818009757518e-02 9.947282355169427825e-01 -1.011476996292093866e-01 -2.332420489126555552e+01 -9.976376787702855298e-01 -1.001711631284222560e-02 6.796193855302282150e-02 1.562382814625541414e+02
5.967165344828657264e-02 9.799402318044575511e-02 9.933963760226314221e-01 2.575360499829009768e+02 -2.094716886691334531e-02 9.950735517524997853e-01 -9.690119776226263637e-02 -2.340346995622937953e+01 -9.979983045051955548e-01 -1.502658541115246479e-02 6.143038196018137803e-02 1.562975644604871945e+02
5.236897291596571274e-02 9.403213301646387579e-02 9.941907981793807192e-01 2.584069435720138586e+02 -2.211230933984141209e-02 9.954220491650409564e-01 -9.298381198005019332e-02 -2.347736638411040744e+01 -9.983830139017247918e-01 -1.711438643217093672e-02 5.420849843434255577e-02 1.563466112057495820e+02
4.522882473393748104e-02 9.577169402196336612e-02 9.943751960642939203e-01 2.593028875316510948e+02 -1.802857086680809129e-02 9.953100249790116649e-01 -9.504169741019628803e-02 -2.357950795382526721e+01 -9.988140117760456738e-01 -1.362853767522892792e-02 4.674332992313603302e-02 1.563984010193697998e+02
3.907698376548562891e-02 9.954160810496144596e-02 9.942657351655528331e-01 2.601573288419463665e+02 -1.675567743354972050e-02 9.949511602206102534e-01 -9.895168222537936709e-02 -2.365330750675717653e+01 -9.990957625505385575e-01 -1.279286080601450305e-02 4.054757787480280790e-02 1.564429637852946371e+02
3.247988339375904726e-02 1.018050525598935691e-01 9.942739476495111584e-01 2.610204352719443932e+02 -1.434003921536927684e-02 9.947439374853876970e-01 -1.013847198954080514e-01 -2.374206778420778718e+01 -9.993695645929259186e-01 -1.096496143042514568e-02 3.376905599432258875e-02 1.564560870520076605e+02
2.592441003150307635e-02 1.001953211116847764e-01 9.946299397529210218e-01 2.618849585093356040e+02 -1.351415962580606103e-02 9.949085995488360368e-01 -9.987114386857393056e-02 -2.382146713723916420e+01 -9.995726080093860766e-01 -1.085248517079464604e-02 2.714647449768283274e-02 1.565008649614075580e+02
1.953007364137059401e-02 9.750157075146172192e-02 9.950436745744871692e-01 2.627633679859082463e+02 -1.505108656147587619e-02 9.951494430604173047e-01 -9.721651179183979363e-02 -2.390275908158428919e+01 -9.996960274420302328e-01 -1.307784097196162780e-02 2.090284695676147483e-02 1.565162106795240220e+02
1.379751805600293313e-02 9.622176735529158753e-02 9.952642334226203813e-01 2.636217911785560659e+02 -1.120536032421687311e-02 9.953114119211065036e-01 -9.607097693706112551e-02 -2.398008505326435014e+01 -9.998420748693200855e-01 -9.826751042297724240e-03 1.481102721474348953e-02 1.565225733181716521e+02
8.578309145815421477e-03 9.819561748517172117e-02 9.951301059129202820e-01 2.645103731122692352e+02 -8.638591825652736436e-03 9.951369172287818365e-01 -9.812181240101956747e-02 -2.407133826177932789e+01 -9.999259440759284967e-01 -7.754801026545434656e-03 9.384864429656927798e-03 1.565310898352208255e+02
3.565977929407311217e-03 1.020616602139237938e-01 9.947716299539653972e-01 2.653515436678174524e+02 -1.020600603762302806e-02 9.947299112912899588e-01 -1.020207837740554763e-01 -2.415503112661550489e+01 -9.999416120700368449e-01 -9.788839095095779042e-03 4.588827277642105670e-03 1.565618223225808379e+02
3.839256822385300684e-04 1.034628914775974073e-01 9.946331872414888586e-01 2.662244481711609296e+02 -7.633946557554588397e-03 9.946046343771044462e-01 -1.034569640115050870e-01 -2.423789040709133857e+01 -9.999708404569025433e-01 -7.553254234065085587e-03 1.171684885628515062e-03 1.565341449220860852e+02
-1.928715432221697786e-03 1.026168184506034697e-01 9.947190372601858455e-01 2.671087978766188371e+02 -2.044959117806919441e-03 9.947184559874500120e-01 -1.026207129876580554e-01 -2.432867427097017199e+01 -9.999961022331091964e-01 -2.232082704857642989e-03 -1.708681210955034563e-03 1.565617889837048438e+02
-3.817600288318507076e-03 1.001949201187303934e-01 9.949604506346730881e-01 2.679515359900701128e+02 2.686443136234092639e-04 9.949678210944082890e-01 -1.001946212773225792e-01 -2.440409707065097322e+01 -9.999927299883811793e-01 -1.152090793744206521e-04 -3.825305808066080393e-03 1.565401388532656028e+02
-5.443340615535296849e-03 9.861217739867007837e-02 9.951110002919307806e-01 2.688289906731624797e+02 2.071252921446317674e-03 9.951247735658937943e-01 -9.860220225258073401e-02 -2.449498603376156680e+01 -9.999830929648284572e-01 1.524404860875184326e-03 -5.621053429919492354e-03 1.565152875700155732e+02
-7.183881379911790863e-03 9.762250419316573224e-02 9.951975346128695277e-01 2.697173742626802664e+02 4.519514621893573614e-03 9.952162739113098455e-01 -9.759170807933369163e-02 -2.457730663466001886e+01 -9.999640353941040560e-01 3.796726495109276327e-03 -7.590721569344677233e-03 1.565366095239856179e+02
-8.766995851992313155e-03 9.882012622550387371e-02 9.950666393958724765e-01 2.705521258449600737e+02 6.132842137381743462e-03 9.950915335227105141e-01 -9.876855517003062246e-02 -2.466262121805274532e+01 -9.999428154974571159e-01 5.236687217138138485e-03 -9.330011162628812360e-03 1.565364404713151600e+02
-8.888809594841220671e-03 1.002171791362733988e-01 9.949258266314787713e-01 2.714247361377400125e+02 8.204244372164838303e-03 9.949390076096765734e-01 -1.001451986519312914e-01 -2.474176685658675368e+01 -9.999268901564957179e-01 7.272447367933511375e-03 -9.666029215467246069e-03 1.565305852848749453e+02
-8.591426334271465640e-03 1.019462562694539443e-01 9.947527545508563218e-01 2.722878104910608386e+02 1.147188880718755938e-02 9.947341047376474510e-01 -1.018452546874859255e-01 -2.483508758516366655e+01 -9.998973394087500299e-01 1.053670173066590526e-02 -9.715700502308027495e-03 1.565267450344564679e+02
-7.280033507995629927e-03 1.028357124583007126e-01 9.946716603127995215e-01 2.730931747434229351e+02 1.331189666190423643e-02 9.946198971404000000e-01 -1.027329200509257967e-01 -2.491151022521730241e+01 -9.998849437320143085e-01 1.249307222580934434e-02 -8.609804166552676580e-03 1.565084307096703071e+02
-6.078185721948848631e-03 1.031187206129714345e-01 9.946504308521224580e-01 2.739560410117350671e+02 1.501544822895587231e-02 9.945661282386624169e-01 -1.030182125074237953e-01 -2.500517064639071307e+01 -9.998688404695800225e-01 1.430896340569333056e-02 -7.593531066569763309e-03 1.565002618890654844e+02
-4.507699618115976366e-03 1.030782452365345270e-01 9.946629833647309127e-01 2.747444477423333069e+02 1.684855044357178033e-02 9.945397772919353230e-01 -1.029891108906748759e-01 -2.508497631506893910e+01 -9.998479450125538071e-01 1.629439088867469868e-02 -6.219805209324155357e-03 1.564968331504456387e+02
-2.341545949203297557e-03 1.021365768711847144e-01 9.947675765116600344e-01 2.755795130570969604e+02 1.778607101914411737e-02 9.946172521981793135e-01 -1.020792660284772224e-01 -2.517038695571679696e+01 -9.998391265526557214e-01 1.745398901821390916e-02 -4.145550028895441178e-03 1.564967489823133064e+02
5.589955989154007368e-04 1.003147574421946325e-01 9.949555424122668024e-01 2.763938758484378582e+02 1.876922127857709455e-02 9.947794297403352859e-01 -1.003075359828112939e-01 -2.524661440986049143e+01 -9.998237394617477403e-01 1.873061789937438548e-02 -1.326752176632881985e-03 1.564932231611951465e+02
3.624665508276956553e-03 9.710319404934887599e-02 9.952676654341608975e-01 2.772207550927462876e+02 1.892020127656889039e-02 9.950894378988005551e-01 -9.715470086569620578e-02 -2.533082351215646000e+01 -9.998144797479084911e-01 1.918282358294577661e-02 1.769654774308634633e-03 1.564913551408475314e+02
6.799099886982187639e-03 9.404229203649430713e-02 9.955449331142921521e-01 2.779916551364706265e+02 1.789731068172000644e-02 9.953970867126907818e-01 -9.415054659361708767e-02 -2.541475210790819972e+01 -9.998167655351150040e-01 1.845772157753889850e-02 5.084700498608729115e-03 1.565062753508116202e+02
1.091855889498954957e-02 9.175468787574203589e-02 9.957217264829656411e-01 2.787960292122488681e+02 1.698266779568492757e-02 9.956204970969845247e-01 -9.193157338081064944e-02 -2.548953723446794939e+01 -9.997962193357976535e-01 1.791377716209930845e-02 9.312502055392808675e-03 1.565198763313913730e+02
1.479998457493106497e-02 9.190836232703285258e-02 9.956574248538416771e-01 2.795712854722429483e+02 1.135988377169097098e-02 9.956868181140153817e-01 -9.207992568150152879e-02 -2.556331419929049176e+01 -9.998259946926751907e-01 1.267333903793089502e-02 1.369208165239434172e-02 1.565336052546576582e+02
1.811309771485856285e-02 9.289033972513202619e-02 9.955115241813585758e-01 2.803266399482570250e+02 8.908250704334623113e-03 9.956204095180938296e-01 -9.306257382856812643e-02 -2.563527744881009340e+01 -9.997963117209860417e-01 1.055392240583591726e-02 1.720627974956523421e-02 1.565607787623931415e+02
2.219928913559111178e-02 9.355952258195743276e-02 9.953661143632229757e-01 2.810749097174909252e+02 7.480518815352741289e-03 9.955681059066965322e-01 -9.374533459292121174e-02 -2.570226045806474602e+01 -9.997256321412151259e-01 9.526939278391346327e-03 2.140103088830062894e-02 1.565885818792354769e+02
2.581965086468648515e-02 9.091234918058335723e-02 9.955240753960321598e-01 2.818180825612796525e+02 8.479020731287981866e-03 9.958003911134215569e-01 -9.115748310382529307e-02 -2.576717515562031480e+01 -9.996307107972007833e-01 1.079472834580815464e-02 2.494037115952649902e-02 1.566016964195926846e+02
2.903905952508332305e-02 8.771929170077870375e-02 9.957218251839060619e-01 2.825534273539259971e+02 6.191426449299214027e-03 9.961070799224400751e-01 -8.793378806573035056e-02 -2.583668535570510016e+01 -9.995591555216553070e-01 8.718457380440075913e-03 2.838290568140193482e-02 1.566334938205705498e+02
3.272286462218192138e-02 8.578427281956155226e-02 9.957761630613045645e-01 2.832811305603474352e+02 3.447447926552426115e-03 9.962941617491980484e-01 -8.594217777169495254e-02 -2.590561422359347432e+01 -9.994585711026903185e-01 6.245164844451363099e-03 3.230586261352030863e-02 1.566704568946674101e+02
3.647553851368390970e-02 8.657497454534025805e-02 9.955773215389125408e-01 2.839397646832259170e+02 4.504192627617418718e-03 9.962159648757750174e-01 -8.679552472987563105e-02 -2.596363980266393057e+01 -9.993244485248237163e-01 7.650189821153213950e-03 3.594756387506325979e-02 1.566915790785579077e+02
4.096819260343662755e-02 8.801398060271840851e-02 9.952763640110042775e-01 2.846476455786570341e+02 3.840117029443386627e-03 9.960914756232495115e-01 -8.824412279655435842e-02 -2.603146972943488890e+01 -9.991531247714259267e-01 7.437184180844835964e-03 4.047008387732310003e-02 1.567394151682600523e+02
4.411401046810937282e-02 8.990437797944333953e-02 9.949728897323283361e-01 2.852996812899003203e+02 3.662379663138393051e-03 9.959212439351754487e-01 -9.015243945482392940e-02 -2.608293613942345957e+01 -9.990198431816054159e-01 7.620958396024454275e-03 4.360481664848431249e-02 1.567579636992431631e+02
4.700002932593155824e-02 9.256151960415132107e-02 9.945970323719681705e-01 2.859312198481338214e+02 2.149263547948512734e-03 9.956857670940342242e-01 -9.276439682193783620e-02 -2.616314362511394265e+01 -9.988926288161301681e-01 6.497584638836898137e-03 4.659832158252566470e-02 1.568120944043740792e+02
4.983874766108704196e-02 9.300416033382263858e-02 9.944175279517696309e-01 2.865863043985930290e+02 -1.831086016910590873e-04 9.956557380715118644e-01 -9.311077896784025754e-02 -2.620497165549617336e+01 -9.987573137040941518e-01 4.458442086791662359e-03 4.963926538270085204e-02 1.568667255637968196e+02
5.339375594468392938e-02 9.375169272042728486e-02 9.941627741433968213e-01 2.872152808563591861e+02 -2.892009093365959568e-03 9.955933333746807001e-01 -9.373126618622097672e-02 -2.626774370840972139e+01 -9.985694012211296933e-01 2.129540155259512790e-03 5.342959864828501076e-02 1.568985496849003312e+02
5.692445896998648419e-02 9.436081551057884376e-02 9.939092197330777756e-01 2.878637787932823926e+02 -4.739456562553656833e-03 9.955378490044207718e-01 -9.424398221098108375e-02 -2.631601444114403776e+01 -9.983672918479016278e-01 6.542015277997469212e-04 5.711767286537414168e-02 1.569332608987163269e+02
6.028307381651366870e-02 9.340082628867578396e-02 9.938018571555015113e-01 2.884599305456015372e+02 -5.644642906177116046e-03 9.956285882868107784e-01 -9.323010052142968740e-02 -2.639520416479290787e+01 -9.981654145912618459e-01 1.054374675018508847e-05 6.054676643748320430e-02 1.569721621686795743e+02
6.330159758426355532e-02 9.451127732021799566e-02 9.935091448419980376e-01 2.890292354756778082e+02 -5.870849627310410247e-03 9.955237815234738719e-01 -9.432885549018564519e-02 -2.643749511472938352e+01 -9.979772275435252471e-01 1.384277837510740719e-04 6.357310774194821490e-02 1.570204333810665673e+02
6.585368366071542301e-02 9.760517005952527858e-02 9.930440160917103354e-01 2.896066544071913427e+02 -1.066782534225837326e-02 9.952163602860877312e-01 -9.711124091473402609e-02 -2.650388787141172742e+01 -9.977723165410726791e-01 -4.198484376522313918e-03 6.657989871579732266e-02 1.570767408286274360e+02
6.882382284804970662e-02 9.770584405528100203e-02 9.928326869405008637e-01 2.902046454445507493e+02 -1.102134591038415184e-02 9.952062442926088437e-01 -9.717541173219243489e-02 -2.654903969880121295e+01 -9.975680012430724330e-01 -4.254366360790799023e-03 6.957074860395613680e-02 1.571061355913002160e+02
7.123445975348008385e-02 9.709917184125217704e-02 9.927221652637053806e-01 2.907223815617342666e+02 -1.276499181919178369e-02 9.952577946805423181e-01 -9.643120095384685730e-02 -2.661630859160654694e+01 -9.973779687033202945e-01 -5.802863213995730109e-03 7.213612190409246505e-02 1.571841183939074540e+02
7.495048284136253403e-02 9.703849873695284678e-02 9.924544572789325558e-01 2.913076031919598563e+02 -1.409866074317262831e-02 9.952575458511201401e-01 -9.624782908081136457e-02 -2.666362605311209322e+01 -9.970876383529774234e-01 -6.778454958528798598e-03 7.596314693888829572e-02 1.572196010806788991e+02
7.764341701398354278e-02 9.728283693616233962e-02 9.922234850909258386e-01 2.918421029230703425e+02 -1.388194913011907457e-02 9.952369497062840686e-01 -9.649199362710521310e-02 -2.672349506335066849e+01 -9.968845955806736603e-01 -6.282025318552648778e-03 7.862407335845006395e-02 1.572857480359500926e+02
8.034233130456647221e-02 9.844482692163795956e-02 9.918939564544863030e-01 2.923540608157520637e+02 -1.525711341872071879e-02 9.951157516587074703e-01 -9.752876847686556272e-02 -2.676152236419719088e+01 -9.966506087234070499e-01 -7.297747564186148582e-03 8.145190374683948520e-02 1.573469117051662067e+02
8.276479902906026809e-02 9.917230343914579249e-02 9.916222755281253187e-01 2.928951897846332031e+02 -1.593495379177342630e-02 9.950406749930639227e-01 -9.818417253197544992e-02 -2.682288423436083846e+01 -9.964417548580013495e-01 -7.675259482957478077e-03 8.393464801425480626e-02 1.573794039885577263e+02
8.549833609226670239e-02 1.005641480486237221e-01 9.912501106060241929e-01 2.933838386594160283e+02 -1.503363703282981946e-02 9.949101003987949055e-01 -9.963875366918260867e-02 -2.686909708185420342e+01 -9.962249393416426901e-01 -6.383144227457317188e-03 8.657500348861098260e-02 1.574319459788387405e+02
8.792569333510052987e-02 1.022789936798493421e-01 9.908622382058279721e-01 2.939076288408214737e+02 -1.607789420789034612e-02 9.947309233833301345e-01 -1.012516207507024035e-01 -2.692033374969937043e+01 -9.959973289157998400e-01 -7.028356872319035942e-03 8.910683740060823532e-02 1.574906610535053630e+02
8.909924249362226323e-02 1.033437727660574262e-01 9.906469022098635113e-01 2.944018457364990695e+02 -1.742496397229943358e-02 9.946122509187198535e-01 -1.021902160616099259e-01 -2.696647170916248015e+01 -9.958703736099194792e-01 -8.156913463433824313e-03 9.041996008949769459e-02 1.575333851574106916e+02
9.033674700687714665e-02 1.050220006923591742e-01 9.903582921380615911e-01 2.948961872196811669e+02 -1.769267996420307437e-02 9.944365722229512317e-01 -1.038406094706280647e-01 -2.701283374719789165e+01 -9.957541597241464926e-01 -8.141467171777898651e-03 9.169228612294676173e-02 1.575867844048257211e+02
9.186109875923377521e-02 1.062781519879841263e-01 9.900840309255767302e-01 2.953817042091592953e+02 -1.841346211083673065e-02 9.942993913578332954e-01 -1.050222072241622367e-01 -2.706608876508515493e+01 -9.956016212872002002e-01 -8.583417222509845054e-03 9.329438374479943896e-02 1.576408988385903456e+02
9.187185530866660843e-02 1.069648558416846779e-01 9.900090793422028357e-01 2.958431171451214823e+02 -1.785792973073875578e-02 9.942309157433739664e-01 -1.057637923014072834e-01 -2.710996735259895374e+01 -9.956107481888707422e-01 -7.962794457146774030e-03 9.325201014458416038e-02 1.576819372404868318e+02
9.127518096185138763e-02 1.073234206619318593e-01 9.900254643578714209e-01 2.963210372413504956e+02 -1.764298824435613089e-02 9.941937347752495269e-01 -1.061486784071073303e-01 -2.716513023566833240e+01 -9.956694590472358053e-01 -7.778265484023614076e-03 9.263871933114553592e-02 1.577366151447872369e+02
9.073191257312537839e-02 1.068990242712657412e-01 9.901213127648760270e-01 2.968262708548969613e+02 -1.961318983235287028e-02 9.942211577121562449e-01 -1.055443583757023629e-01 -2.720275406925860651e+01 -9.956822526340646240e-01 -9.843193696236094900e-03 9.230421845191159880e-02 1.577873825735446189e+02
8.904436383397898447e-02 1.059162959435543117e-01 9.903800961312735351e-01 2.973319331411612438e+02 -1.988847421610883195e-02 9.943207914755655130e-01 -1.045495647802725386e-01 -2.725126199392948578e+01 -9.958291295605328219e-01 -1.038759750986866133e-02 9.064517628490224854e-02 1.578423687207618116e+02
8.742949478028196053e-02 1.061031288299278674e-01 9.905039650398799189e-01 2.978358032094004102e+02 -1.859077394670296743e-02 9.943121477577435696e-01 -1.048700872527529721e-01 -2.731390108738747813e+01 -9.959972751047523332e-01 -9.245494410419271419e-03 8.890474845199843046e-02 1.578865798713121649e+02
8.540383924837788299e-02 1.091696403635730450e-01 9.903474487048378183e-01 2.983530720213273639e+02 -1.584877829104806152e-02 9.940021770536618950e-01 -1.082057642780356183e-01 -2.735848943772507269e+01 -9.962204103281262491e-01 -6.454606960285866335e-03 8.662180798893283351e-02 1.579326012172087417e+02
8.379637798400285664e-02 1.128970806145137840e-01 9.900668217693615603e-01 2.988718774837873298e+02 -1.054597228206187801e-02 9.936061621281290224e-01 -1.124080786104772189e-01 -2.743708057838687964e+01 -9.964271448591365266e-01 -1.021824280396934140e-03 8.445120740850632635e-02 1.579642247737125160e+02
8.193501294196679774e-02 1.178709233998591205e-01 9.896428620938547693e-01 2.994045869932957089e+02 -7.495267300930370802e-03 9.930264383267571882e-01 -1.176533582944328526e-01 -2.748425119684732110e+01 -9.966095424762505539e-01 2.222295175993070811e-03 8.224710852907032854e-02 1.579960787119882752e+02
7.936520562645328625e-02 1.211220132707926112e-01 9.894597098886228626e-01 2.999546048302513555e+02 -7.864269913273713719e-03 9.926359725018415459e-01 -1.208800159055782586e-01 -2.752992260332021246e+01 -9.968146382221734214e-01 1.812292575099591499e-03 7.973329464267678302e-02 1.580393777931782324e+02
7.692844558888213558e-02 1.217607362417007927e-01 9.895737631938505974e-01 3.004996023998462533e+02 -8.522729986125812673e-03 9.925590636815992962e-01 -1.214654973871041599e-01 -2.757151787691217848e+01 -9.970002422047730128e-01 9.102853045397973951e-04 7.739376017103681560e-02 1.580806462198904967e+02
7.564701147692376448e-02 1.190965258800559118e-01 9.899966881400650287e-01 3.010776793581175639e+02 -4.232751890794287167e-03 9.928709785037225233e-01 -1.191188598973224738e-01 -2.764414064073825728e+01 -9.971257288309620659e-01 4.820579258056496494e-03 7.561182871627272761e-02 1.581233713685343787e+02
7.455847057197464989e-02 1.135612171243787910e-01 9.907294179748931118e-01 3.016472229504626057e+02 4.523716350075808294e-03 9.934459823111831955e-01 -1.142130257133222443e-01 -2.773192543152302036e+01 -9.972064360311200248e-01 1.299733220496010304e-02 7.355609465955852133e-02 1.581692636747925746e+02
7.259001536008793942e-02 1.125793760128638021e-01 9.909876229932639280e-01 3.022262212937039862e+02 6.688629267586322646e-03 9.935316567887195749e-01 -1.133583178874960351e-01 -2.779586022041833360e+01 -9.973394896085696626e-01 1.485703590287937303e-02 7.136747687249846150e-02 1.581945176672468847e+02
6.949025910039481613e-02 1.159032851148196069e-01 9.908266385083734917e-01 3.028180920757173453e+02 2.772201812488817724e-03 9.932014191704877648e-01 -1.163754906853519400e-01 -2.785186035418735884e+01 -9.975788312127972235e-01 1.083373898249700464e-02 6.869651701733531235e-02 1.582405955912416289e+02
6.711402743576279362e-02 1.180085869786447889e-01 9.907419320508344951e-01 3.034399880424263074e+02 -4.079722077952098480e-04 9.929840100358805488e-01 -1.182479949603342656e-01 -2.789457980977276819e+01 -9.977452814367363532e-01 7.531908198203290938e-03 6.669130067759697356e-02 1.582949220535812174e+02
6.628904041892615118e-02 1.166282894295152944e-01 9.909608975060150149e-01 3.040611107052077386e+02 4.484558605695984287e-03 9.931005563035315564e-01 -1.171800868737753465e-01 -2.796794666652752426e+01 -9.977904377120069279e-01 1.221178248631821402e-02 6.530865686980390217e-02 1.583345337146336078e+02
6.514882373632729928e-02 1.144687173302496169e-01 9.912882722075964104e-01 3.046761270076344772e+02 8.796259859074425161e-03 9.932942685375469871e-01 -1.152784493890759848e-01 -2.804312541440649653e+01 -9.978368415237172107e-01 1.622988984693390230e-02 6.370505698263444205e-02 1.583666520394703809e+02
6.319292226537648327e-02 1.143028319085829941e-01 9.914340181082923475e-01 3.053070017364648834e+02 1.045006541684668534e-02 9.932893427616324988e-01 -1.151827967987504864e-01 -2.812111663898396330e+01 -9.979466701423301833e-01 1.763929327173352490e-02 6.157438449690422894e-02 1.584150146871584468e+02
6.144243676199714205e-02 1.157314250093394725e-01 9.913783129104244418e-01 3.059877398397713932e+02 7.060041466897720545e-03 9.931797525197416654e-01 -1.163792677782180679e-01 -2.819024399342382736e+01 -9.980857120343518130e-01 1.414980279210006908e-02 6.020631582724070979e-02 1.584495497359504270e+02
5.913897396303659237e-02 1.173059013066819617e-01 9.913333457340107735e-01 3.066316300217453659e+02 4.956703817322061396e-03 9.930247637885817324e-01 -1.178017339890879561e-01 -2.825577389788041671e+01 -9.982375061467926303e-01 1.188042418801490280e-02 5.814501539305836492e-02 1.584962808336128717e+02
5.720748658990747193e-02 1.208965472173554462e-01 9.910152488719772279e-01 3.073042660479707706e+02 4.111027293279799488e-03 9.926039977259878411e-01 -1.213276638414527431e-01 -2.831774334579580454e+01 -9.983538995743030942e-01 1.101494607076362355e-02 5.628737122844880425e-02 1.585488472993956179e+02
5.557529225779813536e-02 1.227482035741723487e-01 9.908804976299923073e-01 3.079836538609088734e+02 4.742513512493880083e-03 9.923706802903299318e-01 -1.231987835974771295e-01 -2.840203287444305857e+01 -9.984432889931591504e-01 1.154607725319508824e-02 5.456915590975922048e-02 1.585842841013819964e+02
5.404603979240932971e-02 1.218108181340480795e-01 9.910807461065266333e-01 3.087104100731319249e+02 2.516662849597995927e-03 9.925116696972056118e-01 -1.221239156231973544e-01 -2.847903899457543275e+01 -9.985353263165265281e-01 9.094534511035303956e-03 5.333476878185824943e-02 1.586129217480796854e+02
5.149555112643218469e-02 1.210671901513366150e-01 9.913076408329677403e-01 3.093863981068888620e+02 -1.305984248371861974e-03 9.926319995580217270e-01 -1.211610776299836406e-01 -2.856257259012482663e+01 -9.986724230598963414e-01 4.944628230967302966e-03 5.127424408699799568e-02 1.586721831337428910e+02
4.970470143068883573e-02 1.220916553250277481e-01 9.912734060051598961e-01 3.100975506952947853e+02 -2.325214415050302214e-03 9.925116875512746129e-01 -1.221275657033313450e-01 -2.862632857088490468e+01 -9.987613038257454612e-01 3.765394769248823527e-03 4.961638673437351876e-02 1.586976987385407085e+02
4.787422420325992967e-02 1.266585268574798584e-01 9.907903771346828758e-01 3.108083120932674319e+02 1.010026253276950217e-03 9.919211568098051934e-01 -1.268518712950765237e-01 -2.873600106175030433e+01 -9.988529143443545255e-01 7.073663408912245210e-03 4.735952775656056268e-02 1.587436537783721064e+02
4.680528980661376875e-02 1.326919026879269936e-01 9.900515234793099140e-01 3.115343273419485399e+02 2.460277783675933038e-03 9.911195122486621267e-01 -1.329513371284365142e-01 -2.881684152263619936e+01 -9.989010550967210023e-01 8.658632012719994636e-03 4.606317738469670187e-02 1.587734908577064061e+02
4.510200274136135640e-02 1.366944860154491459e-01 9.895859347578902510e-01 3.122747316025752298e+02 1.962269117051642676e-03 9.905799958190300014e-01 -1.369212176684939941e-01 -2.889323475741237601e+01 -9.989805127544513219e-01 8.117259373643895271e-03 4.440891063095825375e-02 1.588124906627310224e+02
4.482299026052690566e-02 1.345002734481218765e-01 9.898992228270465654e-01 3.130098260417157690e+02 5.746455821772767161e-03 9.908440733022718661e-01 -1.348888400142765065e-01 -2.898773248908316091e+01 -9.989784701307251602e-01 1.173453806443494098e-02 4.363969467641400091e-02 1.588412222993200658e+02
4.435884566371908061e-02 1.285703268111229314e-01 9.907077566483978304e-01 3.137834724011866570e+02 1.120228840503926376e-02 9.915575983188984477e-01 -1.291821837683409524e-01 -2.909481544289904775e+01 -9.989529055504485777e-01 1.682857192259729073e-02 4.254406889953436105e-02 1.588606978375157439e+02
4.337449163805419394e-02 1.257562561809678903e-01 9.911124621534369572e-01 3.145462320840211419e+02 1.481104263512186305e-02 9.918561828966686589e-01 -1.264987912145884297e-01 -2.919300817716592533e+01 -9.989491440678092138e-01 2.016623544818137159e-02 4.115867674804462445e-02 1.588941118216550592e+02
4.215176969105580151e-02 1.264017427016743134e-01 9.910831059448229619e-01 3.153085432777456845e+02 1.653533868300929854e-02 9.917406793623250172e-01 -1.271888602223669174e-01 -2.928020947152426956e+01 -9.989744325187236429e-01 2.174913630724496089e-02 3.971352938706264324e-02 1.589167623099625928e+02
4.097204114226365296e-02 1.283654154139047543e-01 9.908801679040564192e-01 3.160922025697875597e+02 1.695727326246991226e-02 9.914808008812167062e-01 -1.291443804777729909e-01 -2.936352960682275892e+01 -9.990164406430503963e-01 2.209394063585055912e-02 3.844626503600363787e-02 1.589628664009068757e+02
4.086140137486329177e-02 1.294772922289907369e-01 9.907400627195506182e-01 3.168786951266164351e+02 1.775019322548551659e-02 9.913177030023617720e-01 -1.302848454926525956e-01 -2.946289556546225441e+01 -9.990071984019679441e-01 2.290945499936137414e-02 3.820838388917433687e-02 1.589999020669005176e+02
4.095895605325527294e-02 1.287755700445672169e-01 9.908274883471721584e-01 3.176861448845924087e+02 1.837635391554945374e-02 9.913948909330621007e-01 -1.296089444256208756e-01 -2.955538449332643225e+01 -9.989918815835826527e-01 2.351644981073298946e-02 3.824007461069675595e-02 1.590148180774186812e+02
4.135094829386146142e-02 1.268146067137172761e-01 9.910640997122684981e-01 3.184919918062826696e+02 1.935249545781174071e-02 9.916248145773799427e-01 -1.276938005821712518e-01 -2.965649909390597116e+01 -9.989572993456604655e-01 2.445982950084286955e-02 3.855044762897551908e-02 1.590487874677600360e+02
4.270257734392034210e-02 1.255443997211590501e-01 9.911684966267894081e-01 3.193007425814946600e+02 1.935972427418317099e-02 9.917832408802782496e-01 -1.264563279922533978e-01 -2.975548670768575121e+01 -9.989002937593054465e-01 2.458876620980916111e-02 3.992119588702958133e-02 1.590803011403328640e+02
4.350302355343190625e-02 1.249648839215561219e-01 9.912069207986345942e-01 3.201167343141813149e+02 2.011091612899984851e-02 9.918356690272563947e-01 -1.259267859252365396e-01 -2.985801049446485322e+01 -9.988509117417334604e-01 2.541228155940239777e-02 4.063469246816848318e-02 1.591139420791013492e+02
4.472981305326401841e-02 1.232625267128394514e-01 9.913654666229265722e-01 3.209464038983088585e+02 1.973839572359123440e-02 9.920559846520285996e-01 -1.242389544729051720e-01 -2.993859453796033421e+01 -9.988041577020625450e-01 2.512515543170740911e-02 4.194147450369629243e-02 1.591561297053732176e+02
4.720268856053656120e-02 1.219012416779941682e-01 9.914191285925856301e-01 3.218009999844197750e+02 2.027570006422613202e-02 9.922040977592456734e-01 -1.229630967591924806e-01 -3.004603813360001752e+01 -9.986795822650340604e-01 2.590591207335343760e-02 4.436306830451198363e-02 1.591934177151402707e+02
4.891742547626456994e-02 1.206577649519298551e-01 9.914881160646537017e-01 3.226286312319567173e+02 2.219427722412137954e-02 9.923001588782924820e-01 -1.218515800425728213e-01 -3.014162772090216436e+01 -9.985562604876222492e-01 2.796603436113291596e-02 4.586285748822672287e-02 1.592563038915186269e+02
5.064702559811780358e-02 1.199268244990785298e-01 9.914899548755718994e-01 3.234771561325757716e+02 2.237292866516842407e-02 9.923787311916578702e-01 -1.211771627298851572e-01 -3.024292929893487880e+01 -9.984660418139096327e-01 2.831980359559655575e-02 4.757791701371193865e-02 1.592749184495384895e+02
5.248800730073000659e-02 1.202697761901312806e-01 9.913526542592751012e-01 3.243509648216202095e+02 2.303605028873822319e-02 9.923111361082267434e-01 -1.216057085702433316e-01 -3.033384678885148134e+01 -9.983558760497378559e-01 2.921969771877059099e-02 4.931389384225032257e-02 1.593331564825370492e+02
5.619740605915731629e-02 1.194878156416813719e-01 9.912438693726894900e-01 3.252044714100751435e+02 2.466039650640743791e-02 9.923438857554045534e-01 -1.210184947531900146e-01 -3.043457726050544210e+01 -9.981151346915595468e-01 3.124539937603473469e-02 5.282053568109310038e-02 1.593751419031055718e+02
5.904104103437901596e-02 1.182550244543598833e-01 9.912264119626483794e-01 3.260902322682991894e+02 2.641427177616697750e-02 9.924258856111457527e-01 -1.199714410193409436e-01 -3.053297078627404559e+01 -9.979060814366481624e-01 3.326576987376424904e-02 5.547023737295907891e-02 1.594296762690185858e+02
6.166557130114030255e-02 1.171471321604788951e-01 9.911981647765070180e-01 3.269552341685333658e+02 2.801694997789892436e-02 9.924937036763066267e-01 -1.190432591092839554e-01 -3.063064844993970226e+01 -9.977036200318545323e-01 3.511122745921945593e-02 5.792058619763929689e-02 1.594824697795951636e+02
6.503561123340199923e-02 1.176841769049017106e-01 9.909191182664990327e-01 3.278385155553247614e+02 2.846528581526128893e-02 9.923985645324238103e-01 -1.197280896988826143e-01 -3.072876053679200581e+01 -9.974769181875458024e-01 3.599339298840616153e-02 6.119133378530257350e-02 1.595367590101302540e+02
6.797401853712525810e-02 1.182556238751024391e-01 9.906538423921131820e-01 3.287291944032811557e+02 2.955479207868209543e-02 9.922760528877534458e-01 -1.204771677785726608e-01 -3.083169109178469824e+01 -9.972492930831801106e-01 3.746789330857935862e-02 6.395397071670462508e-02 1.596011292092685210e+02
7.130791706430608667e-02 1.189631369533002830e-01 9.903347152823630539e-01 3.296258918302523853e+02 2.852351134157769461e-02 9.922130068237414724e-01 -1.212425552364276848e-01 -3.094149451359293224e+01 -9.970464862338404011e-01 3.689338521897328471e-02 6.735939669346596714e-02 1.596677410562080297e+02
7.338027213632622447e-02 1.203985518189594067e-01 9.900098078947467961e-01 3.305180681667380327e+02 2.586107132536988318e-02 9.921225878220628625e-01 -1.225723235790691784e-01 -3.102823997270592216e+01 -9.969687287446286073e-01 3.459711210031590073e-02 6.968859023209260373e-02 1.597363583072763333e+02
7.618401100287340577e-02 1.212809782377148177e-01 9.896902627564115873e-01 3.314430389941500152e+02 2.475104575872867640e-02 9.920390803438572380e-01 -1.234740765085593495e-01 -3.114303551319540730e+01 -9.967865807737965600e-01 3.390262667916029565e-02 7.257568545065150312e-02 1.598282365658821220e+02
7.846961698088468495e-02 1.219053546987872161e-01 9.894349393298674800e-01 3.323449748632794467e+02 2.208751799873992852e-02 9.920391223593698626e-01 -1.239779013224895227e-01 -3.124646114822005671e+01 -9.966718447702186401e-01 3.158266747652679202e-02 7.515234353048302895e-02 1.598972594105137262e+02
7.987394652573683029e-02 1.206691042713547990e-01 9.894741105223781030e-01 3.332460583851396336e+02 2.128528243973818596e-02 9.922128872445942216e-01 -1.227213181509035356e-01 -3.135333232733966469e+01 -9.965777414730523365e-01 3.086347883846036338e-02 7.668348342167194409e-02 1.599704327644317914e+02
8.169825812362593864e-02 1.182405712931188374e-01 9.896183392331727724e-01 3.341813244700871905e+02 2.201850160315793961e-02 9.924812026116941466e-01 -1.204003608575891088e-01 -3.146938877255417921e+01 -9.964139127634554782e-01 3.162641975946010875e-02 7.848050555908747672e-02 1.600484517226249181e+02
8.359227995526953559e-02 1.156275075296865906e-01 9.897689152695233750e-01 3.350943743880908414e+02 2.213859853230849828e-02 9.927846521569710925e-01 -1.178495473074284011e-01 -3.156683027969467048e+01 -9.962541435261881295e-01 3.176341602805898140e-02 8.042930190985188299e-02 1.601379659665639394e+02
8.458024479341501312e-02 1.152179488376949140e-01 9.897327426449574750e-01 3.360198353606141382e+02 2.225485283073153769e-02 9.928258668188782998e-01 -1.174798647130200074e-01 -3.166241549075562034e+01 -9.961681630141122623e-01 3.196283928806276792e-02 8.140929665826471262e-02 1.602035032229728415e+02
8.541429040311585008e-02 1.165943829805787396e-01 9.894998960609402427e-01 3.369455319975955376e+02 2.443784631171560043e-02 9.925853806076152530e-01 -1.190674293929089994e-01 -3.179787380848194900e+01 -9.960458302262206187e-01 3.435131370104548693e-02 8.193166062718051923e-02 1.602802305447908964e+02
8.595184036080738554e-02 1.164790829882877687e-01 9.894669270995606336e-01 3.378680939190081176e+02 2.313667357404402755e-02 9.926411180440247728e-01 -1.188625423864924091e-01 -3.188356676247578037e+01 -9.960306625433366090e-01 3.310943474809037446e-02 8.262439268619171939e-02 1.603778197655117026e+02
8.605855838850944017e-02 1.149643296678981713e-01 9.896347926681100526e-01 3.387902013284375471e+02 2.163888195940344428e-02 9.928699781039175276e-01 -1.172218592538531862e-01 -3.199236621298359395e+01 -9.960551132245886174e-01 3.150254166505954412e-02 8.295725972570267004e-02 1.604554140948971224e+02
8.592528731297856270e-02 1.133302643386332742e-01 9.898348304510888873e-01 3.397026944787983780e+02 1.953020913847508186e-02 9.931267918953728957e-01 -1.154025351361579882e-01 -3.209310394338988459e+01 -9.961101953195029557e-01 2.924768395711212568e-02 8.312134148003055834e-02 1.605401662039496955e+02
8.641639439602791239e-02 1.139370998432272797e-01 9.897224052580261278e-01 3.406213067175817741e+02 1.769063413781380226e-02 9.931066796143265263e-01 -1.158713222847950475e-01 -3.220339880459532367e+01 -9.961020798790735098e-01 2.752200536712987380e-02 8.380507927042225857e-02 1.606443487158243499e+02
8.673366852662187099e-02 1.150633983679723860e-01 9.895643387577708339e-01 3.415372527288639617e+02 1.710141030141607357e-02 9.929893113640095859e-01 -1.169605412865830502e-01 -3.230793151783048245e+01 -9.960847944853370439e-01 2.706736905276278457e-02 8.415785971008617194e-02 1.607176638772483557e+02
8.671975586444313766e-02 1.153458048616744364e-01 9.895326799509022164e-01 3.424389752199479062e+02 1.655392821836062026e-02 9.929706758306277026e-01 -1.171972838095305669e-01 -3.240937182816463746e+01 -9.960952548344679247e-01 2.654397918898906972e-02 8.420074872925865928e-02 1.608008259529198654e+02
8.712660386448078942e-02 1.160387293358146610e-01 9.894159204616521652e-01 3.433694327425450865e+02 1.577969736142792109e-02 9.929074809553840586e-01 -1.178377457879287299e-01 -3.251181364171065269e+01 -9.960723173292038712e-01 2.587949270269552030e-02 8.467760105081319211e-02 1.608909829182965439e+02
8.720566042700775289e-02 1.163999932123204323e-01 9.893665194703938903e-01 3.442669565557757210e+02 1.547064813716204738e-02 9.928721365347781269e-01 -1.181760485476736761e-01 -3.261987563527153355e+01 -9.960702470891220628e-01 2.561176794545430915e-02 8.478328736239547359e-02 1.609761909164636791e+02
8.749590177839680627e-02 1.163271195003497960e-01 9.893494650140302049e-01 3.451656743029827226e+02 1.528822467548419765e-02 9.928846262599442252e-01 -1.180948264592442815e-01 -3.272206474643193985e+01 -9.960476106365169224e-01 2.545821650494252408e-02 8.509490091278859580e-02 1.610463167145387331e+02
8.774252340474293643e-02 1.155144635905043099e-01 9.894228387080095111e-01 3.460714783051371910e+02 1.574391167683768245e-02 9.929688121095557873e-01 -1.173246195519786900e-01 -3.281969962681615982e+01 -9.960188171513100208e-01 2.587175027376135278e-02 8.530694004049427237e-02 1.611203346502657041e+02
8.853851962477683746e-02 1.157656562463380140e-01 9.893225656303407112e-01 3.469599784669038058e+02 1.496896532740361364e-02 9.929564498270589956e-01 -1.175304971102902468e-01 -3.292911782987699354e+01 -9.959603234560412410e-01 2.521511764068190206e-02 8.618200234214905275e-02 1.611883215274341126e+02
8.854043313948058158e-02 1.178816512497052604e-01 9.890724966021212650e-01 3.478642565905435617e+02 1.518953090759966006e-02 9.926971133219941734e-01 -1.196733814603378881e-01 -3.302443840717659640e+01 -9.959568138867089804e-01 2.561948656808066618e-02 8.610326571526480399e-02 1.612863558293329618e+02
8.895403961315362373e-02 1.189287590560416108e-01 9.889100184920714964e-01 3.487479812406884321e+02 1.751842843268916830e-02 9.925055933574894462e-01 -1.209369697892289097e-01 -3.314213238664904537e+01 -9.958817142363979302e-01 2.808198795875831849e-02 8.620393721471014681e-02 1.613777036994284515e+02
9.044569675531138886e-02 1.163604889706477408e-01 9.890802333895083454e-01 3.496510673890387579e+02 2.019850600244516708e-02 9.927322124130620873e-01 -1.186371513608097117e-01 -3.322865526826188898e+01 -9.956965910798435404e-01 3.070816972602488995e-02 8.743804890841361255e-02 1.614334946179678809e+02
9.244197921667099416e-02 1.130407535670632652e-01 9.892806295548137729e-01 3.505563835563012844e+02 2.274322213176558152e-02 9.930360146410178723e-01 -1.155950622932330057e-01 -3.333278146342530590e+01 -9.954583524460187682e-01 3.318527262165076736e-02 8.922730396014109944e-02 1.615239479362579686e+02
9.388988072593067169e-02 1.143490127316419552e-01 9.889938772011855894e-01 3.514341327570762701e+02 2.668311965017184859e-02 9.927362365097750496e-01 -1.173148530734264561e-01 -3.343633839897999138e+01 -9.952250029416773724e-01 3.740412718414923288e-02 9.015669873603925077e-02 1.615936517412781086e+02
9.733342450576433491e-02 1.192974275535019085e-01 9.880760213610183529e-01 3.523320137508603693e+02 3.152249669932693371e-02 9.919223876847789167e-01 -1.228670329054781102e-01 -3.354971614669996427e+01 -9.947525529518648213e-01 4.310570052352067499e-02 9.278665032851382555e-02 1.616892914641692016e+02
1.010318963502435247e-01 1.226651310236345493e-01 9.872921135309822294e-01 3.532247045500753302e+02 3.449373897095604075e-02 9.913414076908210193e-01 -1.266980427281574062e-01 -3.365018981660238495e+01 -9.942850912602373414e-01 4.685594873769934054e-02 9.592592357708557005e-02 1.617733593920563919e+02
1.045650776865035131e-01 1.220663203894922638e-01 9.869984062320561469e-01 3.541085461931962755e+02 3.765578002281319558e-02 9.912413648415376866e-01 -1.265803994081950989e-01 -3.376673801260963614e+01 -9.938049564418995896e-01 5.040209334103504246e-02 9.905272804095209549e-02 1.618589454016041316e+02
1.078050866448993228e-01 1.220872662201206160e-01 9.866471804758603081e-01 3.550239327811166277e+02 3.846938452760085420e-02 9.911755401221953310e-01 -1.268509115654064545e-01 -3.385875116432368515e+01 -9.934275385505002554e-01 5.163089260345619935e-02 1.021571432179973898e-01 1.619552271177528269e+02
1.107158211668579084e-01 1.238337228031924364e-01 9.861070490406796951e-01 3.559160310273300638e+02 3.875999825954081629e-02 9.909142270310548062e-01 -1.287891913167794333e-01 -3.397771813928900286e+01 -9.930960547741063404e-01 5.248051798411255964e-02 1.049100876889637463e-01 1.620499064820589297e+02
1.143736032759262444e-01 1.238865878196001163e-01 9.856828538863474654e-01 3.568114826600029232e+02 3.886370212926910234e-02 9.908763795269457386e-01 -1.290488734671146331e-01 -3.409556461472063660e+01 -9.926773876587821066e-01 5.306707894981962242e-02 1.085154106958648446e-01 1.621650447389396845e+02
1.180518023814409179e-01 1.206282578473523159e-01 9.856533323572306271e-01 3.577104007802948900e+02 3.760603189652569900e-02 9.913390232141910952e-01 -1.258281609694965053e-01 -3.419476809886835156e+01 -9.922951489766028699e-01 5.192076116773212263e-02 1.124930085753530762e-01 1.622792182709248721e+02
1.217074508840899488e-01 1.166436638740662307e-01 9.856883119423772710e-01 3.585991887125014159e+02 3.664562980534212533e-02 9.918657243089651354e-01 -1.218994730530132964e-01 -3.430777717952431516e+01 -9.918893579912280156e-01 5.095725230734815536e-02 1.164429686378038037e-01 1.623925027957473617e+02
1.268312782686428497e-01 1.148969606593576026e-01 9.852473859893363661e-01 3.595013306483972997e+02 3.363345510823520512e-02 9.921994902449227105e-01 -1.200373320283158601e-01 -3.441182200468188768e+01 -9.913539840703314843e-01 4.836177086214753229e-02 1.219775481261066163e-01 1.624915937212022641e+02
1.317488666327955305e-01 1.143295860685128312e-01 9.846679025559643694e-01 3.603988414480543838e+02 3.214345838217696344e-02 9.923115802592294976e-01 -1.195178840504222545e-01 -3.452662620910466984e+01 -9.907618978779850760e-01 4.739698625851926361e-02 1.270609780067138983e-01 1.626257115002578644e+02
1.367787828364445679e-01 1.136430246548669198e-01 9.840613416201439145e-01 3.612838325734556406e+02 3.041886837873254007e-02 9.924474100971304447e-01 -1.188395115244888500e-01 -3.462552102816842847e+01 -9.901345165932713410e-01 4.618876475641585377e-02 1.322888568300825962e-01 1.627364702151215567e+02
1.432113077956293501e-01 1.137151398481155568e-01 9.831374700594327498e-01 3.621932837372980885e+02 2.859347093092975967e-02 9.924870415395843359e-01 -1.189616940831876024e-01 -3.472507172091127359e+01 -9.892790498655332776e-01 4.514798090794239910e-02 1.388838569021117741e-01 1.628735036232874336e+02
1.502874152338760927e-01 1.145592166834074888e-01 9.819825740179385365e-01 3.630493066115769807e+02 2.637257321125462128e-02 9.924457681762707262e-01 -1.198160400770856976e-01 -3.483201466594935169e+01 -9.882905867040551184e-01 4.390425857552536504e-02 1.461308881889219757e-01 1.630220731386033322e+02
1.584341633508458413e-01 1.154369865160790321e-01 9.805981925780872244e-01 3.639332110443536408e+02 2.426909065444486299e-02 9.923867423819209277e-01 -1.207458637597349921e-01 -3.493551821687556469e+01 -9.870712894395322623e-01 4.292850448008891928e-02 1.544264128172623818e-01 1.631624931993302425e+02
1.675936393679156589e-01 1.164966471032191642e-01 9.789488244290640573e-01 3.648157725849345638e+02 2.185995670862829823e-02 9.923103464222202685e-01 -1.218290502617137561e-01 -3.503748021032507864e+01 -9.856138276989818703e-01 4.181756082590798451e-02 1.637582909341157855e-01 1.633073418059435937e+02
1.769725795200369489e-01 1.169004026083978603e-01 9.772486377106451849e-01 3.656983077847671098e+02 1.984061569520163132e-02 9.922956660709320031e-01 -1.222933353486947428e-01 -3.514255967269100722e+01 -9.840158325720818056e-01 4.103178954567927861e-02 1.732897479652003303e-01 1.634923537560277680e+02
1.859263571063742848e-01 1.169594898873700523e-01 9.755776574612892160e-01 3.665922522154075978e+02 1.845357020415875834e-02 9.922992736504036015e-01 -1.224810845118745051e-01 -3.524832673674375627e+01 -9.823904304438252355e-01 4.077536046607751347e-02 1.823362692073315638e-01 1.636620589348568728e+02
1.953936597148409338e-01 1.168620841565768398e-01 9.737373720277399114e-01 3.674987945568371970e+02 1.650899080076233608e-02 9.923425842151490928e-01 -1.224077104824053824e-01 -3.535957221236415648e+01 -9.805859844712351281e-01 3.999311954396767704e-02 1.919681744051896510e-01 1.638448708665662252e+02
2.047288884726298774e-01 1.167894483073910195e-01 9.718262221359247333e-01 3.683894605097495401e+02 1.422237108028801683e-02 9.923964925357546818e-01 -1.222576156386852991e-01 -3.546293612396376460e+01 -9.787154376923430377e-01 3.885134645135727982e-02 2.015112082276729610e-01 1.640326817511313209e+02
2.114816772955386004e-01 1.164300593035505482e-01 9.704223002315918167e-01 3.692334581853575060e+02 1.259297789436324838e-02 9.924723263914985161e-01 -1.218199371479304904e-01 -3.556842444628109234e+01 -9.773008842611267122e-01 3.798319862727882884e-02 2.084235113527490024e-01 1.642358231635516574e+02
2.191481732405436700e-01 1.162904586302070525e-01 9.687365519412924897e-01 3.701612399349536418e+02 1.081164991465066033e-02 9.925213453377040862e-01 -1.215914722180873042e-01 -3.568012859915914703e+01 -9.756317375683212223e-01 3.712019677020689939e-02 2.162519482686119376e-01 1.644480655652886298e+02
2.251192298117598856e-01 1.163271281310527538e-01 9.673619961412841528e-01 3.710262264563367580e+02 9.544676760507896443e-03 9.925362874062129137e-01 -1.215755574585137000e-01 -3.578410468106059028e+01 -9.742845232255800125e-01 3.660216063761647515e-02 2.223287000077724673e-01 1.646600877059377126e+02
2.300828547944492319e-01 1.168222688686352539e-01 9.661337058722461180e-01 3.718881171037360218e+02 8.086050794569773700e-03 9.925049433897543683e-01 -1.219366719556704975e-01 -3.589297655163915834e+01 -9.731375011585376988e-01 3.586775092209872062e-02 2.274137402359929783e-01 1.648566456675825407e+02
2.349443219830310015e-01 1.166708531396786763e-01 9.649813355840071161e-01 3.727802867843454919e+02 7.167365070003177061e-03 9.925352523713132369e-01 -1.217472813768171458e-01 -3.599639807601180763e+01 -9.719824559411458509e-01 3.552021305396878964e-02 2.323542995790068288e-01 1.650820677699056205e+02
2.393877832542224138e-01 1.166613889900955103e-01 9.638897811462385778e-01 3.736834531248078406e+02 5.901671312352151783e-03 9.925619658406205081e-01 -1.215973399906258023e-01 -3.610722641084807094e+01 -9.709061538051917406e-01 3.479748530143097346e-02 2.369187118376952783e-01 1.653115479994851853e+02
2.439118041273397597e-01 1.166187253857990935e-01 9.627600976233173791e-01 3.745503629730004604e+02 5.511184443516223448e-03 9.925608579923693719e-01 -1.216247050481125691e-01 -3.620394835160271185e+01 -9.697818096938062293e-01 3.497165667748677181e-02 2.414546025379692429e-01 1.655088212276961031e+02
2.484846292022956371e-01 1.167259357693367777e-01 9.615770099614866506e-01 3.754484214443187966e+02 5.215333906470342312e-03 9.925370483786447595e-01 -1.218318789735573643e-01 -3.632289469256137693e+01 -9.686218502912831152e-01 3.528830145019848374e-02 2.460214359672418249e-01 1.657463852503018700e+02
2.527757894477041245e-01 1.165445161899669041e-01 9.604799203285213638e-01 3.763253041331552708e+02 4.532792171394081117e-03 9.925650813059322397e-01 -1.216306376680284934e-01 -3.642491734971853390e+01 -9.675143168739823718e-01 3.509894328151726833e-02 2.503681501968769152e-01 1.659861135243877754e+02
2.568210080507338788e-01 1.151587498581030378e-01 9.595735165581182891e-01 3.772050514126594862e+02 4.485293743184344366e-03 9.927229109354329672e-01 -1.203374552118743612e-01 -3.653362482336977024e+01 -9.664486282438976561e-01 3.520916260572335560e-02 2.544355781457513510e-01 1.662289581112920303e+02
2.614470791992314358e-01 1.139441563975561039e-01 9.584685992514334618e-01 3.780946107736328941e+02 3.454705165959757410e-03 9.928908001153473606e-01 -1.189786660503310556e-01 -3.663459451492740016e+01 -9.652116807255373132e-01 3.441785800238391507e-02 2.591947564573073293e-01 1.664784338327150692e+02
2.664972184209131179e-01 1.117604375939351274e-01 9.573341836296633822e-01 3.789864570133047437e+02 3.371666375579870315e-03 9.931404290736108864e-01 -1.168790784112233166e-01 -3.674210886195573522e+01 -9.638298412958833383e-01 3.437576760133775194e-02 2.642923432135659834e-01 1.667264841327528302e+02
2.707345325066723984e-01 1.093633276420293565e-01 9.564216526447186784e-01 3.798550162690740990e+02 3.405150190521608489e-03 9.934108640960173098e-01 -1.145567940591120520e-01 -3.684751678875774417e+01 -9.626480749207558807e-01 3.427124626937021884e-02 2.685782276011979275e-01 1.669740622018310603e+02
2.749892190965390615e-01 1.077899035981977477e-01 9.553858741090076601e-01 3.807152521746619982e+02 2.414103475139932949e-03 9.936150198550373069e-01 -1.127978877470299790e-01 -3.694510741264221565e+01 -9.614443299166475221e-01 3.332461011347509494e-02 2.729732026968089698e-01 1.672319069450478537e+02
2.794937279474387637e-01 1.077549003903586072e-01 9.540817785314958943e-01 3.815911245104567229e+02 2.102103655840425502e-03 9.936114909050641764e-01 -1.128352132922048195e-01 -3.704510187492277851e+01 -9.601452676420698662e-01 3.354231990193360519e-02 2.774816680380319256e-01 1.674925791576868903e+02
2.837012585349359961e-01 1.103759747219584531e-01 9.525390506739351837e-01 3.824492953340335362e+02 8.178127326336355170e-04 9.933250794016460494e-01 -1.153456406549741298e-01 -3.714898849570700889e+01 -9.589124175944863104e-01 3.350270866847990248e-02 2.817173085594750770e-01 1.677662793562105037e+02
2.880360296003077747e-01 1.136487215420977498e-01 9.508517849923088239e-01 3.833018426377392984e+02 -1.749959448735101527e-03 9.929935599251410450e-01 -1.181555184236806472e-01 -3.724679315678005054e+01 -9.576180243540326487e-01 3.236910087444525019e-02 2.862168033447759496e-01 1.680202259420731821e+02
2.923693626599625506e-01 1.140710533989760106e-01 9.494776743594979251e-01 3.841447141802609053e+02 -3.296116261863815764e-03 9.929745927186306442e-01 -1.182818362108618709e-01 -3.735810577224676621e+01 -9.562998423114652535e-01 3.145240268145733931e-02 2.906913405370399883e-01 1.682863445362967525e+02
2.952864738276885781e-01 1.107503947626300306e-01 9.489679404999447065e-01 3.849900644756472730e+02 -5.391982482072817454e-03 9.934359857569581287e-01 -1.142622762187548713e-01 -3.744681037913625943e+01 -9.553935951908778534e-01 2.862329219828272514e-02 2.939453736852129517e-01 1.685520857335355629e+02
2.976482726078852892e-01 1.081115528910461671e-01 9.485342912622286571e-01 3.858405892098282948e+02 -8.673583300584833400e-03 9.938324088517379584e-01 -1.105527529862062874e-01 -3.755057930062620386e+01 -9.546362508605110708e-01 2.467865036879510546e-02 2.967502146242078642e-01 1.688273575699892035e+02
2.991733570816572652e-01 1.090609783202529659e-01 9.479456257037224276e-01 3.866611999140828289e+02 -1.256168762413537726e-02 9.938108205284610364e-01 -1.103732582574442761e-01 -3.763698977094017550e+01 -9.541161370695065980e-01 2.111294654246264127e-02 2.986917097403010701e-01 1.691004740343205128e+02
2.996492390302703535e-01 1.141857828899457972e-01 9.471915564146903277e-01 3.874988419793500043e+02 -1.574805208299289577e-02 9.932685904298524937e-01 -1.147584644559339756e-01 -3.774284825943812649e+01 -9.539195086465285245e-01 1.947086955993496127e-02 2.994303812408901644e-01 1.693824336746246217e+02
3.002841459116151746e-01 1.185358840484138920e-01 9.464557993128396296e-01 3.883076860557512759e+02 -1.740391415191697849e-02 9.927640097515383344e-01 -1.188138193462869308e-01 -3.783747039190620143e+01 -9.536910569037934104e-01 1.920587572827231124e-02 3.001742814098518619e-01 1.696475575257103117e+02
3.009819807997623498e-01 1.190990452830488350e-01 9.461633943719629514e-01 3.891292531950895182e+02 -1.916179171552205573e-02 9.927255611416606618e-01 -1.188645655725541622e-01 -3.794210825956986355e+01 -9.534373442753886208e-01 1.764591125741332006e-02 3.010746571857516041e-01 1.699144042490167976e+02
3.010537042149256659e-01 1.156040055723971255e-01 9.465739723882591328e-01 3.899507476334993044e+02 -2.172790703455074884e-02 9.931985418094236850e-01 -1.143877338821706613e-01 -3.803351641858915144e+01 -9.533596706988762826e-01 1.386978403710043516e-02 3.015179334430038161e-01 1.701849997159417001e+02
3.013571056056220110e-01 1.116176169620999720e-01 9.469558102395985166e-01 3.907687843470232565e+02 -2.421320228804835217e-02 9.937004485632495721e-01 -1.094218375335614946e-01 -3.812183680856638546e+01 -9.532039195230612716e-01 1.004621951241477240e-02 3.021613113032447506e-01 1.704583737466424509e+02
3.014105166001213587e-01 1.095723276163991372e-01 9.471776546804895336e-01 3.915807226514237414e+02 -2.549301076820452774e-02 9.939461024359890207e-01 -1.068702534734655568e-01 -3.821513950560301964e+01 -9.531536619755812678e-01 8.065411777933554141e-03 3.023791370940441259e-01 1.707296943294350626e+02
3.004780998596347508e-01 1.092678956439719767e-01 9.475090197161123440e-01 3.923784630412692991e+02 -2.570764509455460839e-02 9.939830140597651909e-01 -1.064748044178915748e-01 -3.831200992539849892e+01 -9.534422504803115039e-01 7.635124882786273846e-03 3.014791479994865520e-01 1.709804675072816167e+02
3.002774403110631263e-01 1.098570681252702547e-01 9.475045052028758796e-01 3.931848614539694609e+02 -2.558122519354957131e-02 9.939157552434112475e-01 -1.071310954602266163e-01 -3.840513990276328826e+01 -9.535088653408168025e-01 7.930728609748107644e-03 3.012607576263720000e-01 1.712328077962646944e+02
2.998636446698785818e-01 1.108591917534990923e-01 9.475188326151642304e-01 3.939844529671993314e+02 -2.555305290449747316e-02 9.938020504685790568e-01 -1.081874538381701611e-01 -3.848483149186043306e+01 -9.536398338182903167e-01 8.229489000952107738e-03 3.008378960805868085e-01 1.714971559785882960e+02
2.994707685916532247e-01 1.079612360822004846e-01 9.479776021243978557e-01 3.947924675253199212e+02 -2.016240769518020878e-02 9.940716359545362923e-01 -1.068412800559161852e-01 -3.856958303301228597e+01 -9.538924638862065208e-01 1.288233355169195703e-02 2.998721556583724968e-01 1.717415212889395946e+02
2.996574695064859739e-01 1.060689279320250894e-01 9.481322098404544318e-01 3.955744936311732545e+02 -1.812402206348069644e-02 9.942540703315657646e-01 -1.055005340988076634e-01 -3.865772583833748399e+01 -9.538747388234843916e-01 1.443005836823122411e-02 2.998580546984346840e-01 1.719908927881948841e+02
2.992998956318647652e-01 1.075525136920626318e-01 9.480780205874579369e-01 3.963836228274685709e+02 -1.837946814398454948e-02 9.940923293968922936e-01 -1.069702528624789789e-01 -3.874363029660872115e+01 -9.539821089626565609e-01 1.459102013901707184e-02 2.995084887782976657e-01 1.722586675587397451e+02
2.989121650794455687e-01 1.117343936412765054e-01 9.477166489805695093e-01 3.971759313723518972e+02 -1.637754273480964556e-02 9.935759846859274491e-01 -1.119756127658645961e-01 -3.884138011348699138e+01 -9.541401313650981209e-01 1.794960772695649784e-02 2.988218838811784184e-01 1.725113242533386142e+02
2.991135066658621167e-01 1.164828678139096935e-01 9.470811769123335111e-01 3.979629527800414621e+02 -1.564908473572720546e-02 9.929866286901717354e-01 -1.171864342742190562e-01 -3.894535092130767850e+01 -9.540892583420201856e-01 2.023109676837417034e-02 2.988385631503013840e-01 1.727605417578513141e+02
2.983886351278540738e-01 1.158934770097733158e-01 9.473820920727712425e-01 3.987573332874757170e+02 -1.660220171961399385e-02 9.930806629802308994e-01 -1.162547320485108615e-01 -3.900324004366450481e+01 -9.543001026816294585e-01 1.896046714447143650e-02 2.982480707893704897e-01 1.730166279026359462e+02
2.980504146163608370e-01 1.124824327861781575e-01 9.478995498116400409e-01 3.995847259274205499e+02 -1.602282093795357257e-02 9.934824480338197983e-01 -1.128534170655245972e-01 -3.910666652715032399e+01 -9.544156936215955067e-01 1.844798785315877876e-02 2.979101417473924984e-01 1.732685707548133394e+02
2.978542419608261604e-01 1.120783083975101097e-01 9.480090754752147353e-01 4.004006766810052227e+02 -1.686806927707464737e-02 9.935467298365510125e-01 -1.121622172192068556e-01 -3.919868537547724685e+01 -9.544623698568041048e-01 1.741691416410990137e-02 2.978226530606722933e-01 1.735349395367079239e+02
2.981310516596061833e-01 1.132742476239416984e-01 9.477798925674695285e-01 4.012133902558108502e+02 -1.619195235237684202e-02 9.933909361671420246e-01 -1.136321595704853638e-01 -3.928080547725561189e+01 -9.543876536215559758e-01 1.853087324341445852e-02 2.979948160443180449e-01 1.738034225602893059e+02
2.981010771614032162e-01 1.163190148012454295e-01 9.474204655533585706e-01 4.020579761182852394e+02 -1.555881534877012751e-02 9.930076230743128951e-01 -1.170204374173409168e-01 -3.939401339702338589e+01 -9.544075480273863654e-01 2.014318342332592840e-02 2.978264284434383180e-01 1.740779219929133887e+02
2.979900395407745206e-01 1.174912642679261793e-01 9.473107426462461511e-01 4.028724295295856450e+02 -1.504290299902600117e-02 9.928511349247260975e-01 -1.184074909271207732e-01 -3.948169302358174804e+01 -9.544504932588749879e-01 2.103395445814136566e-02 2.976271589428164943e-01 1.743231916767173004e+02
2.980127559243652136e-01 1.164792570181093501e-01 9.474285640339162873e-01 4.037298794859883060e+02 -1.479035741944110909e-02 9.929714761419478064e-01 -1.174261124183113292e-01 -3.957866316547513463e+01 -9.544473475841339649e-01 2.098167744796144984e-02 2.976409363021258470e-01 1.746030740841599993e+02
2.990111174249672210e-01 1.136011307406908644e-01 9.474634761861331356e-01 4.045921651675801627e+02 -1.348672239267280706e-02 9.932924755443809373e-01 -1.148397378273352115e-01 -3.966177195159966118e+01 -9.541543672733492354e-01 2.156018667788038232e-02 2.985376002606465184e-01 1.748703341338557209e+02
2.989287093448406707e-01 1.127939405266663447e-01 9.475859104288826273e-01 4.054459336456683900e+02 -1.054343938497746130e-02 9.933197560001604254e-01 -1.149116933042430705e-01 -3.976671751906502550e+01 -9.542172494918931269e-01 2.435959511724824708e-02 2.981210290001191643e-01 1.751350320536426466e+02
3.001694864714075095e-01 1.129049752756304398e-01 9.471803682317114781e-01 4.063058275847130858e+02 -6.393886170899623980e-03 9.931862132905757701e-01 -1.163626355088003134e-01 -3.986011204931408258e+01 -9.538645051234850847e-01 2.887235517646213889e-02 2.988460974559496441e-01 1.754164617082535642e+02
3.007957320757904118e-01 1.126014919377114898e-01 9.470178116728131812e-01 4.071635427502267248e+02 -3.049977310171264697e-03 9.931138406453451362e-01 -1.171136035136318559e-01 -3.997560668913033766e+01 -9.536837639783117826e-01 3.233889576506902147e-02 2.990678369982389673e-01 1.756780341674771364e+02
3.022134604224131493e-01 1.111819453779199496e-01 9.467341250153282761e-01 4.080271865302148058e+02 -3.161781720582250020e-04 9.931863898535195911e-01 -1.165362347958631695e-01 -4.005671796387395744e+01 -9.532402744015091578e-01 3.491948891692663731e-02 3.001894492922422830e-01 1.759629793498195909e+02
3.040869384668316022e-01 1.094618483839206458e-01 9.463345823719128136e-01 4.089032174303035276e+02 4.882405998758601248e-03 9.931845762012895262e-01 -1.164498118476907373e-01 -4.017648718990591306e+01 -9.526318240479900723e-01 4.003126381150240443e-02 3.014800201772112054e-01 1.762273888480860080e+02
3.051069135857227277e-01 1.079095501640903038e-01 9.461845509677425659e-01 4.097439022424924815e+02 9.507636065196608394e-03 9.931647204365664505e-01 -1.163333224064937305e-01 -4.028787147591285844e+01 -9.522706927486470629e-01 4.449008723275144767e-02 3.019954580454299320e-01 1.765191555593890484e+02
3.058896449410971052e-01 1.055132277714505434e-01 9.462020862955153877e-01 4.106595809164824118e+02 7.799603118861641454e-03 9.935288172693852449e-01 -1.133121991774965476e-01 -4.037978229569210953e+01 -9.520350767686189819e-01 4.204103674974145333e-02 3.030872161083423832e-01 1.767994084621018374e+02
3.056165577469241446e-01 1.003528250223376800e-01 9.468514847914899502e-01 4.115067135990670977e+02 5.471984344848660094e-03 9.942288486843129380e-01 -1.071403425507534285e-01 -4.044432976921031297e+01 -9.521389988539049609e-01 3.792502633311956722e-02 3.033036695418259154e-01 1.770815479508635235e+02
3.069072708493564283e-01 9.614894885438127203e-02 9.468702185899721124e-01 4.123785596896562424e+02 6.523843887153970601e-03 9.946480409638783771e-01 -1.031150489327924552e-01 -4.055006235789775815e+01 -9.517171126917409740e-01 3.782399886810931811e-02 3.046374552676541225e-01 1.773602111157844377e+02
3.069793936029145964e-01 9.673748245348202934e-02 9.467868902373716145e-01 4.132524209123270680e+02 6.608309893297709819e-03 9.945800608181941671e-01 -1.037633466075096600e-01 -4.064960422522840844e+01 -9.516932689516479638e-01 3.810987755627399942e-02 3.046763129867834929e-01 1.776354172819597181e+02
3.072540556492470154e-01 9.968336150911290272e-02 9.463921369757816171e-01 4.140829070034031361e+02 6.516482873558552408e-03 9.942548333788472359e-01 -1.068403525291887757e-01 -4.074359393163207699e+01 -9.516052630922289257e-01 3.899428704104261623e-02 3.048392452659038354e-01 1.779225306484749751e+02
3.081540140242888248e-01 1.011922438755932380e-01 9.459392885965794973e-01 4.149331853492385562e+02 7.276602928315964967e-03 9.940469785985492912e-01 -1.087090360729188049e-01 -4.084815582481835605e+01 -9.513087041720491577e-01 4.038235785317532273e-02 3.055832310767056526e-01 1.782001754144210111e+02
3.088190667453782345e-01 9.967974217639986867e-02 9.458829934615990975e-01 4.157926971895472548e+02 9.461459249443804342e-03 9.941219015447000373e-01 -1.078523287017380677e-01 -4.093732324126122535e+01 -9.510737935033201085e-01 4.225629654242772648e-02 3.060606823158626422e-01 1.784721107876472104e+02
3.100068781838676846e-01 9.727686519397603371e-02 9.457446015265209560e-01 4.166498465551188701e+02 1.131079101844171576e-02 9.943040223839778591e-01 -1.059791312488688325e-01 -4.103975283770770943e+01 -9.506670801492564937e-01 4.355138697455290114e-02 3.071408079213405196e-01 1.787467858492654500e+02
3.102208376482709085e-01 9.575325207514133463e-02 9.458299270655959878e-01 4.174788876095088312e+02 1.125062415472981303e-02 9.944751076446972649e-01 -1.043680168732929320e-01 -4.111680191829093900e+01 -9.505979965923628816e-01 4.301831837667195735e-02 3.074296173381846353e-01 1.790265741159191748e+02
3.096470791692012559e-01 9.624163628556345329e-02 9.459683599915937879e-01 4.183120452961886713e+02 1.001467299856400109e-02 9.944791694010234329e-01 -1.044551921535561007e-01 -4.122051504424918988e+01 -9.507988685908480564e-01 4.181781654108145119e-02 3.069737418613052715e-01 1.792943988087437219e+02
3.091900101644746157e-01 9.637057716191861634e-02 9.461047266252113896e-01 4.191323697360559208e+02 9.521693020838783300e-03 9.944886844993758857e-01 -1.044106938116895478e-01 -4.130545924448330197e+01 -9.509526648771561286e-01 4.129126978673758330e-02 3.065683556962939815e-01 1.795708670095581283e+02
3.093811252838861159e-01 9.498917632266218325e-02 9.461819486540090640e-01 4.199214500252524545e+02 1.013293012914288048e-02 9.946126950474654116e-01 -1.031644794398580839e-01 -4.139165556074111407e+01 -9.508841879476466197e-01 4.150474587149100697e-02 3.067518764107877161e-01 1.798284447959483714e+02
3.083837452268088919e-01 9.189887450511170786e-02 9.468125298530891687e-01 4.207562301253561259e+02 1.162109411319800674e-02 9.948843432333642767e-01 -1.003498532739381804e-01 -4.148457601227980973e+01 -9.511911015937718483e-01 4.194926871549959496e-02 3.057381946526734895e-01 1.801054664559150638e+02
3.074350128707684648e-01 9.028174423252578740e-02 9.472765296226332010e-01 4.215301740813105766e+02 1.162014153113171029e-02 9.950586111632292452e-01 -9.860695707906276530e-02 -4.156067842158881120e+01 -9.514981771575967695e-01 4.132272600330035017e-02 3.048667705791028859e-01 1.803476987364157651e+02
3.063387769950907669e-01 8.994493925845029048e-02 9.476636352573187816e-01 4.223119549535476267e+02 1.217895025227924873e-02 9.950742244765897748e-01 -9.838170703808478412e-02 -4.164386581462130010e+01 -9.518446947429723970e-01 4.167968766896996968e-02 3.037343862993675536e-01 1.805897160815410700e+02
3.049530228479317429e-01 9.115275116969694114e-02 9.479951127081623907e-01 4.231059353771819929e+02 1.386426793956834456e-02 9.948787061402629694e-01 -1.001206344075414034e-01 -4.173071189722615060e+01 -9.522665236367774400e-01 4.367535618695544269e-02 3.021275029242307952e-01 1.808523213514162364e+02
3.039789363976727055e-01 9.534951936588700883e-02 9.478951309610288423e-01 4.238489701633781124e+02 1.392385533278060750e-02 9.944278844013267893e-01 -1.044954936089598219e-01 -4.181584863855263734e+01 -9.525770460446670862e-01 4.496279166248686593e-02 3.009574979819302776e-01 1.810860888337922745e+02
3.022839184136444368e-01 1.009701672341521972e-01 9.478551376166338693e-01 4.246011644705253616e+02 1.160784658908720242e-02 9.939104081087476450e-01 -1.095780893194397004e-01 -4.189987916302941784e+01 -9.531473059632458167e-01 4.412625912709272624e-02 2.992710867644678974e-01 1.813445219815144185e+02
3.008347334837707665e-01 1.056377951992939351e-01 9.478074821722441978e-01 4.253545743580048111e+02 1.029748291779101349e-02 9.934284261777698299e-01 -1.139908896519767206e-01 -4.199476938652772162e+01 -9.536207429460080709e-01 4.405245815013136834e-02 2.977699726826145143e-01 1.815873263749325588e+02
2.997937217471608462e-01 1.065821011952792358e-01 9.480315838437088916e-01 4.260900521390608446e+02 1.023550466070233429e-02 9.933230894837775660e-01 -1.149107189894115894e-01 -4.208227938036253590e+01 -9.539491890632082471e-01 4.415310170944458656e-02 2.967011045475692055e-01 1.818151391043166996e+02
2.985616444754837784e-01 1.030338563827896126e-01 9.488123484649289008e-01 4.268481871851064398e+02 1.037349624795657656e-02 9.937464161207236746e-01 -1.111775611341596359e-01 -4.216609416557457024e+01 -9.543340251561899246e-01 4.303586458864180203e-02 2.956257431260477242e-01 1.820582862639947166e+02
2.970130795558212355e-01 9.855652260241873353e-02 9.497735235084323602e-01 4.275929806888905773e+02 1.075013239676813996e-02 9.942509821350045129e-01 -1.065336489081278315e-01 -4.222478226273004509e+01 -9.548129460107169786e-01 4.185208589769043308e-02 2.942460506640190987e-01 1.822952854304558343e+02
2.964882950331332312e-01 9.638285214950002844e-02 9.501604812771311526e-01 4.283161720440864428e+02 1.260993771846328701e-02 9.944126813082626581e-01 -1.048065261682330218e-01 -4.231568902061572857e+01 -9.549532852673096039e-01 4.305538052162306839e-02 2.936163389544265701e-01 1.825076776833346628e+02
2.956945888799921152e-01 9.691427520089165859e-02 9.503537429768844635e-01 4.290458301197919582e+02 1.376440864424644667e-02 9.943050316803514477e-01 -1.056789676966509717e-01 -4.240859834287235230e+01 -9.551834105905295802e-01 4.432976411267177536e-02 2.926766501481690708e-01 1.827406728511297160e+02
2.952967823144386772e-01 9.881767856389789273e-02 9.502814215736591352e-01 4.297787934875358928e+02 1.342320071945229606e-02 9.941094383362439890e-01 -1.075464617724884997e-01 -4.248682839457667626e+01 -9.553113234807445453e-01 4.451395032707767402e-02 2.922308691414139403e-01 1.829687749614942334e+02
2.952004219174125255e-01 9.976662056747867546e-02 9.502122056476091094e-01 4.305021924592768983e+02 1.429625942431544776e-02 9.939607067751056180e-01 -1.088013302880262712e-01 -4.256380918107213773e+01 -9.553284380772421036e-01 4.570268690206014117e-02 2.919913307799292257e-01 1.831971708535967878e+02
2.951961912572959035e-01 1.002548942230241658e-01 9.501621273770058940e-01 4.312255932600764368e+02 1.481111053464984062e-02 9.938798336727623361e-01 -1.094692026423967762e-01 -4.264871804173625236e+01 -9.553219019791487909e-01 4.638785615140724600e-02 2.919046554043275288e-01 1.834190061727996977e+02
2.952482966682644649e-01 1.006543146959117258e-01 9.501037078699822169e-01 4.319643841724450795e+02 1.695914947060713981e-02 9.937263247267469346e-01 -1.105458179709051109e-01 -4.272925926798662744e+01 -9.552700808003498079e-01 4.875142371081788578e-02 2.916889934101367654e-01 1.836485815373924311e+02
2.950077432256779653e-01 1.019983719496236341e-01 9.500350872612075559e-01 4.326957110931273860e+02 1.733062037853150272e-02 9.935512136814348416e-01 -1.120519273954002082e-01 -4.281299500379777356e+01 -9.553377296824898668e-01 4.952089221734803925e-02 2.913376065059954390e-01 1.838766180500679752e+02
2.954661622450553971e-01 1.036532740935197094e-01 9.497134564008142821e-01 4.333793354478892752e+02 1.634962832259151053e-02 9.934025359318795489e-01 -1.135081066352885554e-01 -4.289668048877965845e+01 -9.552133444009729413e-01 4.906527517004711375e-02 2.918221425899582000e-01 1.840787297170393515e+02
2.950414219031116669e-01 1.035479773797727404e-01 9.498569783101236119e-01 4.341362537400169117e+02 1.711149430345336453e-02 9.933783391061059564e-01 -1.136075312986458419e-01 -4.297800079861056588e+01 -9.553312791092417600e-01 4.977240842532603543e-02 2.913158972701087035e-01 1.843182080921710053e+02
2.953986330418524320e-01 1.025316079261123364e-01 9.498562104225868330e-01 4.348460345058730923e+02 1.713295791217606806e-02 9.934960210909682399e-01 -1.125704973001717957e-01 -4.305933227476203484e+01 -9.552205012706799225e-01 4.952702604752765719e-02 2.917206970802879162e-01 1.845426826206803241e+02
2.961803799202345489e-01 1.011196232471941181e-01 9.497641327571898495e-01 4.355964594128226395e+02 1.758477222735911963e-02 9.936341608480511178e-01 -1.112741175709862501e-01 -4.314309165014895342e+01 -9.549701853881584768e-01 4.965860492332604958e-02 2.925167779627695919e-01 1.847648255434959879e+02
2.976284894557616467e-01 9.946283906879375969e-02 9.494863503473612854e-01 4.363238395405866754e+02 1.802385596526588987e-02 9.937953295320230973e-01 -1.097541922087083288e-01 -4.322598643015105324e+01 -9.545116654231259323e-01 4.977938822975668670e-02 2.939890991184073155e-01 1.849996765872944877e+02
2.990486798036945948e-01 9.710205343345759688e-02 9.492844578737880123e-01 4.370443978072578375e+02 1.865224525191596164e-02 9.940242179452013493e-01 -1.075543909870363968e-01 -4.330294180529940462e+01 -9.540555944529269805e-01 4.987029373186201847e-02 2.954504590062840830e-01 1.852211096893204569e+02
3.006210403142179910e-01 9.586810603671522268e-02 9.489131678278001081e-01 4.377598331988413065e+02 1.897862046692498292e-02 9.941369634278381939e-01 -1.064495611474323283e-01 -4.338104063724522064e+01 -9.535548743695356766e-01 5.001004927132446376e-02 2.970390440152586020e-01 1.854413969398552524e+02
3.024753799093838347e-01 9.639716252210354941e-02 9.482700751605434020e-01 4.384667915747604070e+02 1.755369565306479085e-02 9.941406568807077404e-01 -1.066593702468529303e-01 -4.346508607012227543e+01 -9.529955973446706530e-01 4.890748628680057636e-02 2.990109466765877300e-01 1.856821286694495541e+02
3.042962357447260846e-01 9.773110662388001524e-02 9.475507034919992133e-01 4.391348756818775882e+02 1.561853795644642384e-02 9.940774601453029602e-01 -1.075456351744169398e-01 -4.354335988779749300e+01 -9.524494518460635550e-01 4.752509686806145883e-02 3.009676124193480518e-01 1.858920833266806767e+02
3.061602192965240388e-01 9.829991064406477796e-02 9.468912037801294757e-01 4.398336216612391922e+02 1.534136862214295627e-02 9.940159422273759926e-01 -1.081524301005686445e-01 -4.361924353855311409e+01 -9.518564274866018193e-01 4.763858701309348770e-02 3.028200839463973670e-01 1.861194943599678879e+02
3.081956243131266926e-01 9.807520160194525827e-02 9.462539913897994870e-01 4.404990157522042864e+02 1.462312289085561899e-02 9.940657613414327631e-01 -1.077934392463013591e-01 -4.369114081140380534e+01 -9.512106587508547539e-01 4.705866292675166956e-02 3.049325524558275102e-01 1.863529597239560474e+02
3.095443067413344851e-01 9.730121073051152536e-02 9.458935991243868635e-01 4.411663962428203831e+02 1.335650726091719941e-02 9.942077622163176809e-01 -1.066420574993636045e-01 -4.377001821923942515e+01 -9.507912608391938525e-01 4.564428453078359094e-02 3.064517484471745434e-01 1.865744201926405026e+02
3.102486839814039277e-01 9.630076594787037592e-02 9.457652038979310616e-01 4.418347958954916521e+02 1.188962256680742464e-02 9.943851191039005943e-01 -1.051516570386896166e-01 -4.384501596424481562e+01 -9.505811310652049206e-01 4.386796236132555621e-02 3.073616950834899275e-01 1.867855508090441958e+02
3.113783007984191054e-01 9.562368881094093775e-02 9.454626213291951187e-01 4.424513911452246475e+02 1.163454454579426929e-02 9.944661165543978720e-01 -1.044115875353372053e-01 -4.391486142162828799e+01 -9.502148635260525555e-01 4.351153748459560267e-02 3.085426317805771701e-01 1.870028005982007073e+02
3.123642561261013029e-01 9.573972473845213105e-02 9.451255901038613239e-01 4.430855285054277601e+02 1.126537642123763908e-02 9.944651834602725726e-01 -1.044609467333109942e-01 -4.398664077448098908e+01 -9.498956565993346146e-01 4.327706921783143479e-02 3.095568335108445646e-01 1.872169349323068843e+02
3.133837845540651257e-01 9.558662566086933987e-02 9.448035272506445370e-01 4.437169497417852426e+02 1.155383607718601761e-02 9.944637484621828838e-01 -1.044430997204352785e-01 -4.406112560930388611e+01 -9.495563216668807538e-01 4.364688674021000719e-02 3.105444211633424656e-01 1.874245771749298797e+02
3.147729124517100741e-01 9.524491442904782501e-02 9.443761562428376610e-01 4.443132160230391037e+02 1.188153999148152881e-02 9.944792763676625347e-01 -1.042583190849325492e-01 -4.412848604649389017e+01 -9.490926920303399683e-01 4.403834565570377557e-02 3.119034822070164692e-01 1.876248411549515822e+02
3.161070395291439850e-01 9.464652863591296872e-02 9.439906137635065697e-01 4.449170734414784079e+02 1.320266791082004044e-02 9.944761236749853905e-01 -1.041293820971855716e-01 -4.419178890220749167e+01 -9.486317117257992981e-01 4.537923328470593737e-02 3.131113169191475087e-01 1.878297249752279470e+02
3.169878103901592192e-01 9.484627577088892980e-02 9.436751648713227469e-01 4.455152338797790321e+02 1.306176448390459523e-02 9.944561524191406487e-01 -1.043376750556215676e-01 -4.425981855488114292e+01 -9.483397142825920056e-01 4.539984190741618020e-02 3.139916188356062787e-01 1.880261796097264835e+02
3.182738033666692723e-01 9.517800078482745174e-02 9.432087993161210049e-01 4.460899341091763972e+02 1.241753573814476791e-02 9.944433521435270817e-01 -1.045381432437392233e-01 -4.432275805032508487e+01 -9.479175523888269117e-01 4.498408936574564004e-02 3.153233919609655378e-01 1.882316408997064343e+02
3.193654521460389528e-01 9.548286450217985388e-02 9.428089071974528057e-01 4.466579584420313722e+02 1.173922381800053712e-02 9.944358378321932479e-01 -1.046878897804593006e-01 -4.438491746367299129e+01 -9.475589658485938926e-01 4.450154791756970318e-02 3.164675565306864780e-01 1.884265464769204073e+02
3.202570330698171763e-01 9.565012865535517383e-02 9.424894644765819951e-01 4.472162765641525084e+02 1.137860221674003719e-02 9.944295087870106409e-01 -1.047877792088884319e-01 -4.445069799149282375e+01 -9.472624004375347351e-01 4.428324383721525537e-02 3.173846795837012014e-01 1.886094580999844084e+02
3.211784906542523577e-01 9.560648320371717412e-02 9.421802813494967177e-01 4.477658323730283882e+02 1.128834366132941934e-02 9.944337913852967503e-01 -1.047568950263267629e-01 -4.451498786418864029e+01 -9.469514483211517453e-01 4.428132409017655757e-02 3.183115056023786416e-01 1.887972848169363829e+02
3.218825193764912607e-01 9.513917119522287413e-02 9.419873071953270838e-01 4.482791464062541422e+02 1.033706455146558845e-02 9.945259074416408218e-01 -1.039777079389439529e-01 -4.456983743235311124e+01 -9.467232350657276418e-01 4.320599791531152395e-02 3.191370451913487782e-01 1.889772931611851732e+02
3.222965256127551803e-01 9.452567978385020830e-02 9.419075063666841885e-01 4.488299507335405565e+02 9.136337387821295494e-03 9.946451506875771953e-01 -1.029444063549309757e-01 -4.462964504855137449e+01 -9.465947242053092126e-01 4.178421681992078307e-02 3.197070580608559198e-01 1.891772951552272843e+02
3.234619400197066841e-01 9.355761482242638816e-02 9.416046151335875081e-01 4.493658262152630414e+02 8.390417152461339401e-03 9.947773645525637143e-01 -1.017231298464975758e-01 -4.468985841237550005e+01 -9.462040314641440020e-01 4.080402387332961178e-02 3.209876290940326116e-01 1.893761264892618783e+02
3.241778409398976546e-01 9.296856959073580839e-02 9.414167396664577803e-01 4.498478887263511865e+02 9.089080696262241688e-03 9.948071807728523508e-01 -1.013709079178547190e-01 -4.474533800500797298e+01 -9.459525415695669848e-01 4.141882228390066090e-02 3.216494454667289116e-01 1.895276851641475560e+02
3.245248413323104653e-01 9.383643574133959664e-02 9.412110581247602470e-01 4.503478888092934653e+02 9.789159165013805106e-03 9.946804603697982916e-01 -1.025424466978216154e-01 -4.479579398486667685e+01 -9.458265668391671044e-01 4.249124373173653046e-02 3.218799390506307811e-01 1.896979734546011684e+02
3.250272392022374168e-01 9.675315539009668453e-02 9.407422739699143888e-01 4.508280655175712468e+02 8.620384037027542523e-03 9.944083322196695107e-01 -1.052509239570352390e-01 -4.485813198748280684e+01 -9.456654152213598286e-01 4.231898452870511834e-02 3.223757457759018896e-01 1.898687958454466980e+02
3.255571437962727077e-01 9.989012902431491925e-02 9.402310427096635115e-01 4.512915072779288153e+02 7.005938848420633844e-03 9.941217212601950459e-01 -1.080412851128060292e-01 -4.491492619192112556e+01 -9.454964609701230760e-01 4.176082092473461932e-02 3.229436042890238556e-01 1.900332045309416458e+02
3.265659105876350665e-01 1.017156155497907360e-01 9.396853436798977555e-01 4.517542015657396632e+02 6.406989237060288153e-03 9.939314992765727608e-01 -1.098140444038695901e-01 -4.496901035787625744e+01 -9.451527660790807195e-01 4.188208484362920814e-02 3.239324545290548363e-01 1.902008087258524540e+02
3.273530373606423072e-01 1.022287979763415872e-01 9.393557193046770948e-01 4.522009444165197465e+02 8.228317338550627386e-03 9.937841507430427157e-01 -1.110196181324133169e-01 -4.501174035097219672e+01 -9.448663282997321611e-01 4.407193396602787638e-02 3.244770894870595557e-01 1.903442428447679617e+02
3.279128293980632658e-01 1.022725493352994730e-01 9.391556886924756764e-01 4.526322717121193477e+02 9.273797011408240962e-03 9.937264094968547568e-01 -1.114532136401698292e-01 -4.506587961515254648e+01 -9.446625151817054089e-01 4.525648579953080869e-02 3.249071839704364972e-01 1.904991547358490607e+02
3.275867457066406474e-01 1.009958669543395554e-01 9.394076135968916219e-01 4.530957454154444122e+02 9.358851963003036317e-03 9.938747662364897373e-01 -1.101152125266236653e-01 -4.511799641111498715e+01 -9.447748041379450124e-01 4.486406881751525688e-02 3.246349951952753887e-01 1.906507099425398621e+02
3.264900935535848259e-01 1.000095535811655750e-01 9.398947885260116042e-01 4.535132703667226792e+02 7.862271161607722533e-03 9.940648528090525460e-01 -1.085046185191032020e-01 -4.516541621511320415e+01 -9.451679735350124734e-01 4.281539840703125349e-02 3.237660248241147620e-01 1.908106641591923847e+02
3.252522621072448938e-01 9.910087370946363272e-02 9.404200594505643940e-01 4.539203161854727000e+02 7.420216327711594284e-03 9.941953276454159605e-01 -1.073340115745111539e-01 -4.521924461808664830e+01 -9.455982239648865750e-01 4.188875790435434704e-02 3.226289296387243599e-01 1.909502198978324259e+02
3.240484683066665039e-01 9.846779587608060769e-02 9.409020080021347487e-01 4.542986377431990945e+02 7.716516915463488523e-03 9.942603018419082783e-01 -1.067094500176100913e-01 -4.525662349357821768e+01 -9.460090593744459042e-01 4.183952764879021041e-02 3.214286997662841316e-01 1.910872556098999269e+02
3.229089437683022590e-01 9.798969647166280716e-02 9.413435816069484208e-01 4.546789397890827900e+02 8.041193592470064627e-03 9.943057375940624887e-01 -1.062611809490721787e-01 -4.530525545454687375e+01 -9.463959256995858604e-01 4.188221924501784460e-02 3.202822616599690364e-01 1.912157034159505713e+02
3.219141086204307389e-01 9.773419567263282037e-02 9.417108042323514283e-01 4.550528482552140304e+02 7.903599573339277831e-03 9.943455257331154096e-01 -1.058985729811257465e-01 -4.534490840328970052e+01 -9.467359372048649302e-01 4.153315736185649032e-02 3.193214019020139127e-01 1.913397502790826081e+02
3.207499836442821994e-01 9.681550699863607223e-02 9.422027969828350447e-01 4.554093023705353289e+02 8.181035626392963236e-03 9.944419135071359550e-01 -1.049683310598545499e-01 -4.538216656660216586e+01 -9.471286152033402406e-01 4.137679263063749613e-02 3.181751766558506556e-01 1.914613231567301739e+02
3.199115377171461994e-01 9.611610270358111885e-02 9.425593921940149666e-01 4.557725714136083184e+02 8.683386842587228691e-03 9.945016747974632088e-01 -1.043600346788434996e-01 -4.542551694354455094e+01 -9.474076746425215134e-01 4.157059453073298771e-02 3.173179470216122011e-01 1.915744368574681005e+02
3.187908588956713252e-01 9.511742381109805633e-02 9.430402795511977354e-01 4.560833118887275077e+02 9.565248560320101234e-03 9.945783406427082252e-01 -1.035491650314444706e-01 -4.546317290108495257e+01 -9.477768669464167184e-01 4.203094952806403495e-02 3.161526619289815043e-01 1.916841754522266967e+02
3.177103178878089018e-01 9.503952587343991731e-02 9.434127131004125255e-01 4.564134732515406085e+02 8.951041787829492474e-03 9.946190552581133382e-01 -1.032124653832314914e-01 -4.550333238425567828e+01 -9.481456259722794710e-01 4.123619930743747941e-02 3.151500337364822601e-01 1.918076983839462173e+02
3.168021730698056815e-01 9.509411491334941735e-02 9.437125606864791294e-01 4.567273241439106073e+02 7.744384030410776318e-03 9.946689468160586634e-01 -1.028285466578227614e-01 -4.553660243712356248e+01 -9.484600692782231279e-01 3.988478686405990542e-02 3.143768387767993944e-01 1.919190662761107831e+02
3.159415557157682630e-01 9.518120198458882020e-02 9.439922546584471608e-01 4.570388428663594027e+02 6.450831945691128458e-03 9.947167572209137942e-01 -1.024546676964168956e-01 -4.556756752356967866e+01 -9.487567736601832946e-01 3.845922967379737656e-02 3.136583621246101794e-01 1.920293456866611166e+02
3.147327892948302841e-01 9.506451846451303977e-02 9.444077050109045413e-01 4.573238174106658107e+02 7.007227169494169988e-03 9.947120942772881280e-01 -1.024633960315008974e-01 -4.559674669095171851e+01 -9.491545003925951907e-01 3.886627699349167603e-02 3.124023735898625032e-01 1.921229991677134876e+02
3.137108609889406874e-01 9.557244120168369161e-02 9.446964108821446215e-01 4.576131236602502668e+02 7.990929600077252559e-03 9.946205625096347092e-01 -1.032767201256215572e-01 -4.562794497553102246e+01 -9.494849847733516368e-01 3.994803866484647470e-02 3.112595606575834228e-01 1.922168641600411831e+02
3.129824028302108374e-01 9.656413797694868295e-02 9.448371750190005525e-01 4.578916957764022868e+02 8.581358500680995663e-03 9.944898232316308206e-01 -1.044813427986010373e-01 -4.566380131017832156e+01 -9.497202069128179991e-01 4.080881570908830025e-02 3.104291632585788885e-01 1.923072395762715985e+02
3.124502557262058278e-01 9.707502362523280637e-02 9.449609420400535420e-01 4.581701012279918359e+02 8.616904924095052098e-03 9.944341995561000180e-01 -1.050065279412475960e-01 -4.569367111054892661e+01 -9.498950901521764356e-01 4.095196258667901240e-02 3.098747339831595671e-01 1.923933831037798541e+02
3.124040533563521294e-01 9.667083044625056354e-02 9.450176519375826922e-01 4.584600513021986217e+02 8.467951190645322049e-03 9.944856300564665075e-01 -1.045304961773140945e-01 -4.572460555912540769e+01 -9.499116258380204680e-01 4.065812150530724589e-02 3.098627382405323427e-01 1.924991462230699426e+02
3.126412649725723858e-01 9.627921816469467431e-02 9.449791828823328466e-01 4.587200652660868059e+02 7.996211470087274259e-03 9.945477654540000323e-01 -1.039750069088365841e-01 -4.574731092719223113e+01 -9.498376680667993677e-01 4.006313844474428815e-02 3.101668027614574163e-01 1.925850670183492639e+02
3.137454722530185758e-01 9.623988238085089131e-02 9.446171543261484560e-01 4.590014489381931071e+02 7.057670966717395633e-03 9.945861893125954589e-01 -1.036749755051507293e-01 -4.577918425565407290e+01 -9.494809442494741569e-01 3.919435848748026308e-02 3.113676845240919699e-01 1.926891699404013991e+02
3.147046277702194583e-01 9.625847409387085218e-02 9.442961442556705443e-01 4.592495536985267677e+02 5.736221870809661907e-03 9.946335584618536396e-01 -1.033014007010808893e-01 -4.580641914365840250e+01 -9.491723702959609099e-01 3.792612817010106857e-02 3.124636241086933275e-01 1.927636580269256399e+02
3.164009966506284299e-01 9.667596378214263209e-02 9.436864267840130438e-01 4.595232416937863604e+02 3.835168731611159152e-03 9.946549651583564966e-01 -1.031832884684071028e-01 -4.583481974332557485e+01 -9.486178346464507749e-01 3.626649890332756671e-02 3.143390539598339695e-01 1.928522686127029431e+02
3.191173575864336143e-01 9.662285071018038296e-02 9.427767719559704274e-01 4.597766488014672177e+02 3.444047445938253332e-03 9.946643659182728969e-01 -1.031064351257223871e-01 -4.586227624091608845e+01 -9.477089985070695777e-01 3.615002795726896673e-02 3.170818907485143945e-01 1.929413564367936829e+02
3.231194025871443887e-01 9.683428875436135563e-02 9.413909269797198220e-01 4.600514255604833238e+02 3.335078510700272870e-03 9.946285250983609716e-01 -1.034551765749198021e-01 -4.589616327300302601e+01 -9.463523782794872607e-01 3.656799443452701803e-02 3.210608251610149178e-01 1.930423214010750428e+02
3.287540688052779658e-01 9.615001939322777302e-02 9.395082977793941525e-01 4.603240585658145392e+02 4.445231125323263061e-03 9.946354039216993570e-01 -1.033472420239485851e-01 -4.591936663704574073e+01 -9.444051549611939267e-01 3.815216494875873360e-02 3.265630272437186066e-01 1.931443833209618219e+02
3.361645806972032302e-01 9.710749335571178253e-02 9.367835478576680419e-01 4.605920651617920498e+02 2.555842949506489502e-03 9.945724363899289822e-01 -1.040150742866600697e-01 -4.594901997793362369e+01 -9.417998388119587228e-01 3.736046245066469706e-02 3.340918348338584587e-01 1.932326524032917803e+02
3.450824067794290850e-01 9.750250422082096247e-02 9.334941354757558818e-01 4.608492006470860929e+02 1.680075149696469254e-03 9.945236735111410153e-01 -1.044980354079577956e-01 -4.597554690081729234e+01 -9.385709367261841907e-01 3.762878085877536388e-02 3.430288115999248211e-01 1.933591933307552893e+02
3.558065901665982134e-01 9.921107062103136365e-02 9.292786134683258537e-01 4.611429082179153056e+02 -9.170141051982388589e-04 9.943858478209730567e-01 -1.058108876614396038e-01 -4.601043889911174034e+01 -9.345592127166604257e-01 3.679605641275580236e-02 3.539000160501876158e-01 1.934798969066405618e+02
3.673962498648314368e-01 9.881123522460487363e-02 9.248006508677498738e-01 4.614207714367596509e+02 -2.670389976457827040e-04 9.943515467448664769e-01 -1.061363716064939733e-01 -4.605051525247825595e+01 -9.300645224769631403e-01 3.874715412875683052e-02 3.653474160416872452e-01 1.935846155875071588e+02
3.812620664966421824e-01 9.937880087330382139e-02 9.191098955842799123e-01 4.616984540642986303e+02 -2.838554815464504593e-03 9.943264057519402010e-01 -1.063340991073331576e-01 -4.607348227755736048e+01 -9.244626925143355489e-01 3.793222147288110441e-02 3.793810326677601874e-01 1.937358471950268211e+02
3.969199844267101152e-01 1.007014394885078212e-01 9.123122584579076433e-01 4.619820942077308246e+02 -6.023728365639464781e-03 9.942275779543102709e-01 -1.071225332175547440e-01 -4.610875722803302779e+01 -9.178334979498238289e-01 3.702355976162835516e-02 3.952353931362810324e-01 1.938718166249690285e+02
4.139822436331692113e-01 1.022526935524498137e-01 9.045236320817255926e-01 4.622589212185949350e+02 -1.001439552712253718e-02 9.941223707403350485e-01 -1.077980661215081487e-01 -4.613684240930327718e+01 -9.102299169257290767e-01 3.556823440907110057e-02 4.125730086592153678e-01 1.940117221992737484e+02
4.327949941360464403e-01 1.041559953549891782e-01 8.954551556501537668e-01 4.625369415046672543e+02 -1.239000304533771635e-02 9.938965716874950118e-01 -1.096179354021382391e-01 -4.616762794040904794e+01 -9.014072703296112099e-01 3.634740819256900013e-02 4.314439542595481236e-01 1.941764208362256738e+02
4.516069521632639083e-01 1.064067371769102238e-01 8.858491310286927822e-01 4.628349373172101764e+02 -1.392102099175449720e-02 9.935824201270753164e-01 -1.122505175247065362e-01 -4.620562710207348545e+01 -8.921084296671448755e-01 3.836119652015130416e-02 4.501900191248811578e-01 1.943421378558770982e+02
4.705725233699028509e-01 1.075080216846889536e-01 8.757873276657830441e-01 4.630791193853386858e+02 -1.512190827108312458e-02 9.933864364443827366e-01 -1.138187807071779079e-01 -4.624035937964056586e+01 -8.822317782886287540e-01 4.031642215522149991e-02 4.690860887320694728e-01 1.945063402011353446e+02
4.900684860212548566e-01 1.100620730389976903e-01 8.647075453014185786e-01 4.633373011222949458e+02 -2.117270420148557181e-02 9.932070157263174215e-01 -1.144182658784310275e-01 -4.627278072225147554e+01 -8.714268047769697656e-01 3.776459583779462337e-02 4.890697704270830504e-01 1.946701420636822490e+02
5.043465128974098377e-01 1.146127726798771979e-01 8.558612204577155103e-01 4.636208980000945985e+02 -2.731358165362538989e-02 9.927736884889921676e-01 -1.168519178771400407e-01 -4.630197982299355886e+01 -8.630693147908469198e-01 3.555722825497009687e-02 5.038324334125592330e-01 1.948267233102296530e+02
5.100895881422096156e-01 1.193284940061011823e-01 8.518035247213531225e-01 4.638571710196961249e+02 -3.382197401339277071e-02 9.923463931345709588e-01 -1.187632480174163202e-01 -4.633739963220155289e+01 -8.594560863964141317e-01 3.177022540055696870e-02 5.102214883955694669e-01 1.950038929416436133e+02
5.090734559919269930e-01 1.216268021564613777e-01 8.520862981448126261e-01 4.640831819991773841e+02 -3.650676135919993237e-02 9.921259696375062109e-01 -1.198053241596206409e-01 -4.635822399647618397e+01 -8.599485747287618498e-01 2.988280486218685555e-02 5.095051969901334132e-01 1.951788684614831482e+02
5.047327496756428555e-01 1.224921418847627064e-01 8.545410746241364208e-01 4.643407399035712615e+02 -3.768852025137015005e-02 9.920649605928686388e-01 -1.199445219839051363e-01 -4.639292180868650917e+01 -8.624526107030113797e-01 2.833354521243909921e-02 5.053442231984284216e-01 1.953107365620209350e+02
4.955305035138141689e-01 1.231087403716153578e-01 8.598218878400067933e-01 4.645767279957446476e+02 -3.690385241029012220e-02 9.919949386240968225e-01 -1.207648390479947320e-01 -4.642560197865507376e+01 -8.678062604145014847e-01 2.811192687391519604e-02 4.961069384182362207e-01 1.954619359334742228e+02
4.828090834597875691e-01 1.226687885747989037e-01 8.670915041597032635e-01 4.648140793636951003e+02 -3.389572484652402656e-02 9.920163765019035518e-01 -1.214684629797105619e-01 -4.645030907555420896e+01 -8.750694543637109746e-01 2.925538783511621305e-02 4.831124652346568960e-01 1.955623788569332078e+02
4.670128322947510457e-01 1.218570307226663624e-01 8.758137908677943173e-01 4.650422545663668075e+02 -2.900702856132568452e-02 9.920370743570213756e-01 -1.225603291190983102e-01 -4.649259717532159186e+01 -8.837746825876985346e-01 3.183249673290933224e-02 4.668287544180055870e-01 1.956905168105922712e+02
4.514860176951646653e-01 1.204027424563034604e-01 8.841173404187151474e-01 4.652690866629210973e+02 -2.407154702657825912e-02 9.921368875653442387e-01 -1.228208281310324002e-01 -4.652110995943639438e+01 -8.919534857848417930e-01 3.416982072028979661e-02 4.508342128621447009e-01 1.957487793402850969e+02
4.308593105707450577e-01 1.197195605850255168e-01 8.944425054523909013e-01 4.655270934970616281e+02 -2.020488632076306024e-02 9.921922456917483535e-01 -1.230703417324465615e-01 -4.656047280114408693e+01 -9.021929413207739890e-01 3.495389987667621434e-02 4.299141872584130164e-01 1.958665710030898310e+02
4.100989856864211136e-01 1.200459164459055789e-01 9.041060293442547691e-01 4.657602927515404190e+02 -1.820792533724997081e-02 9.921798572610992517e-01 -1.234811772861038881e-01 -4.658650361781577942e+01 -9.118592992168371714e-01 3.417761687624274597e-02 4.090777403865207273e-01 1.959522264797441835e+02
3.891500611710150825e-01 1.201143976537261820e-01 9.133097349813267263e-01 4.660398515453593404e+02 -1.695351508209287997e-02 9.922283768666451120e-01 -1.232697258621440334e-01 -4.661923741715344960e+01 -9.210184027385566186e-01 3.248661725372961606e-02 3.881620950381042268e-01 1.960576800464236271e+02
3.687884067164065027e-01 1.194689950091725877e-01 9.218037639882250556e-01 4.662793638324802714e+02 -1.517747827732275970e-02 9.923475632645689659e-01 -1.225396127724598661e-01 -4.665203733092884164e+01 -9.293895022231468683e-01 3.120053811790096318e-02 3.677795150852993800e-01 1.961351673612643083e+02
3.504278583215061915e-01 1.182900727386703432e-01 9.290897063162119052e-01 4.665564335042639073e+02 -1.028879848634766184e-02 9.924185959672424673e-01 -1.224723228371262934e-01 -4.668659889739554103e+01 -9.365332614300883041e-01 3.335850350831458255e-02 3.489881861077088754e-01 1.962092703111898686e+02
3.335186376605890901e-01 1.168606010989603761e-01 9.354725140648880721e-01 4.668198585219511187e+02 -4.121773291391698547e-03 9.924587343912846249e-01 -1.225098786293914582e-01 -4.672477193510773219e+01 -9.427345456537238322e-01 3.700352915466890297e-02 3.314851581710784867e-01 1.963067345330068463e+02
3.188816645568378072e-01 1.159178779562028833e-01 9.406792412290378991e-01 4.670980156350708512e+02 1.661304542731042782e-04 9.924859889324004758e-01 -1.223582159738272335e-01 -4.676192310476089631e+01 -9.477945725042122849e-01 3.917407430822558712e-02 3.164663269469025209e-01 1.963577049426818917e+02
3.047050251728314896e-01 1.160748709975528564e-01 9.453472252719622437e-01 4.673528808877516099e+02 4.133811163369778031e-04 9.925298369769148810e-01 -1.220014371943869552e-01 -4.679001628426862425e+01 -9.524467297205641003e-01 3.756524678914186649e-02 3.023808460457566016e-01 1.964323172359259218e+02
2.946952157343022960e-01 1.145387847558515665e-01 9.487020081757446821e-01 4.676162824200440014e+02 9.581905770740161083e-04 9.927546826412836367e-01 -1.201549868223491663e-01 -4.682572504043051964e+01 -9.555908688032281884e-01 3.631814407479299484e-02 2.924503056426561720e-01 1.965109519168927648e+02
2.850570354933051331e-01 1.113970314912976073e-01 9.520152787335609545e-01 4.678893147346311139e+02 3.571496351150154052e-03 9.930932889803701924e-01 -1.172730265302220215e-01 -4.685830627680491745e+01 -9.585039532325297928e-01 3.682962745484179984e-02 2.826903750963626338e-01 1.965841516433453364e+02
2.783072213832947228e-01 1.100469713745489270e-01 9.541669965160907152e-01 4.681145853423515177e+02 5.111396907028002007e-03 9.932310145019306313e-01 -1.160432007215164152e-01 -4.687921965012814240e+01 -9.604785588341788749e-01 3.717279412213752438e-02 2.758608703551028718e-01 1.966394664949163769e+02
2.756131207589608278e-01 1.099172730769782808e-01 9.549636135521618607e-01 4.683655589877253078e+02 6.440238166600853811e-03 9.932075401813633686e-01 -1.161778999390952888e-01 -4.691380055513410952e+01 -9.612471217033894400e-01 3.817035393701050799e-02 2.730331365576219582e-01 1.967056667582659486e+02
2.781565369578365976e-01 1.103695811804098481e-01 9.541736734572614509e-01 4.685838192661003632e+02 5.969282317668717953e-03 9.931587716854192172e-01 -1.166191273285561297e-01 -4.693989478568450835e+01 -9.605172598412796692e-01 3.813411188616765840e-02 2.755947776545685235e-01 1.967730114584511796e+02
2.841975105923336686e-01 1.097573729706518564e-01 9.524625961251248496e-01 4.688027970545705330e+02 7.177810436780384176e-03 9.931544009088679736e-01 -1.165882239208396315e-01 -4.696476521628615330e+01 -9.587389381242426012e-01 3.997068641476839851e-02 2.814641910117470225e-01 1.968397812002152421e+02
2.938059458631069321e-01 1.079556581096608875e-01 9.497492014056096998e-01 4.690071650896693995e+02 9.091504452487667379e-03 9.932412273257132940e-01 -1.157117447264003757e-01 -4.698660123506620323e+01 -9.558219016008479008e-01 4.263145543701919032e-02 2.908386991687067491e-01 1.969190641841623233e+02
3.058210180941808298e-01 1.069694435163643237e-01 9.460607524345757691e-01 4.692074010704930629e+02 7.530659830861097248e-03 9.933655743230555002e-01 -1.147524462358657932e-01 -4.701988282254359319e+01 -9.520592891985832917e-01 4.221817929637376038e-02 3.029865210391115560e-01 1.969803152703570390e+02
3.188748718652286707e-01 1.088599860656398050e-01 9.415244153368244051e-01 4.693862938444403881e+02 1.180451622097897614e-03 9.933357867312011535e-01 -1.152502509264728414e-01 -4.704028223978247070e+01 -9.477961373002394829e-01 3.786184012070993588e-02 3.166213180240134428e-01 1.970720214042898704e+02
3.324453688776305427e-01 1.111763301081736127e-01 9.365467454770931566e-01 4.695604086625174887e+02 -4.443616130020744230e-03 9.932013363570404429e-01 -1.163243685792907794e-01 -4.706576723283056651e+01 -9.431120958380657671e-01 3.450985006200842781e-02 3.306792098292629101e-01 1.971499879420611308e+02
3.464987468149404171e-01 1.115931015778235252e-01 9.313890193035030407e-01 4.697348365602260287e+02 -8.824584875871137671e-03 9.932425527029322687e-01 -1.157210318549634076e-01 -4.708510610807019248e+01 -9.380089756900182874e-01 3.187807737723499096e-02 3.451420628564911830e-01 1.972440207518984892e+02
3.612740600056799645e-01 1.100267234630880747e-01 9.259455069845337061e-01 4.699299061325851312e+02 -1.132961774173049836e-02 9.934586950125183780e-01 -1.136286061152280286e-01 -4.710766043611945975e+01 -9.323908973872926387e-01 3.056046533392911546e-02 3.601574171833870630e-01 1.973212163510499693e+02
3.762108627968491770e-01 1.076523834015938597e-01 9.202588007673839776e-01 4.700375985131238963e+02 -1.010796751013911567e-02 9.936449676864759217e-01 -1.121048896226671393e-01 -4.712096102009688536e+01 -9.264789834244695488e-01 3.287313753375797204e-02 3.749081776649936804e-01 1.973910312775983869e+02
3.920425816530642704e-01 1.065415080871511405e-01 9.137567684105357690e-01 4.701641917077383255e+02 -2.305972026930804691e-03 9.933817655331151908e-01 -1.148361851515356802e-01 -4.713663938199788817e+01 -9.199442300291728047e-01 4.291358443380412918e-02 3.896936338914193665e-01 1.974422809827587457e+02
4.079552118040565833e-01 1.088830032859473829e-01 9.064860444270387285e-01 4.702727442651220144e+02 2.790173188670171459e-03 9.927099509229853069e-01 -1.204955067810228042e-01 -4.717058273864179085e+01 -9.129977264016724270e-01 5.168603152686748053e-02 4.046773960383722168e-01 1.974974150272110194e+02
4.237362355692035898e-01 1.115976779940229674e-01 8.988845723229437201e-01 4.703949037400506086e+02 3.290522847216997555e-04 9.923621610897447320e-01 -1.233581443611637823e-01 -4.718214272438992651e+01 -9.057856155389321096e-01 5.256710427783995582e-02 4.204630851621191101e-01 1.975744820642773334e+02
4.371635352667863073e-01 1.133781276573031238e-01 8.922070153788856928e-01 4.704983188941830008e+02 -8.724266670833352028e-03 9.925102401443302025e-01 -1.218495352853676689e-01 -4.719223512725689318e+01 -8.993397668963268865e-01 4.548432934635154162e-02 4.348784265790782699e-01 1.976538129855888428e+02
4.503733823813803050e-01 1.136332291991016680e-01 8.855795964225560146e-01 4.705879513433518468e+02 -1.587179478485261155e-02 9.927301272790227671e-01 -1.193104331678434271e-01 -4.719566969932403566e+01 -8.926992702151588244e-01 3.967851264967549307e-02 4.489027887144704243e-01 1.977279681011414709e+02
4.632592356362369435e-01 1.129823761455984454e-01 8.789913426459472490e-01 4.706739786247536586e+02 -1.915873180190832969e-02 9.928851516608335759e-01 -1.175245403844109165e-01 -4.720597202234434775e+01 -8.860157486207509425e-01 3.760397600280895175e-02 4.621278156864376818e-01 1.977895487428209265e+02
4.756219224262507872e-01 1.118552083559766208e-01 8.725090931588035392e-01 4.707786054491468235e+02 -1.962214518790800222e-02 9.929846682839605920e-01 -1.166036833815667917e-01 -4.721868894272266459e+01 -8.794309752879445607e-01 3.833877464344460223e-02 4.744801162139589135e-01 1.978475276866022625e+02
4.869909392463663833e-01 1.112515954535381879e-01 8.662925759357131827e-01 4.708416140404778503e+02 -2.060117222365064754e-02 9.930416193797524382e-01 -1.159479749957566530e-01 -4.722608584115733521e+01 -8.731640725516878199e-01 3.861897738767514771e-02 4.858941844138236488e-01 1.979024957545625512e+02
4.984269657799816899e-01 1.110246243319775866e-01 8.597930060690400778e-01 4.709300268683572881e+02 -2.175977399174192778e-02 9.930553295176144379e-01 -1.156184405027445572e-01 -4.723685681176110052e+01 -8.666586130733184845e-01 3.891845369029111462e-02 4.973814256749737872e-01 1.979684174211438972e+02
5.090455473829599287e-01 1.099002842110717443e-01 8.536946058400437520e-01 4.710093902360791844e+02 -2.191464553779128022e-02 9.931485492970816287e-01 -1.147854798771632129e-01 -4.724694528804270988e+01 -8.604606077288593502e-01 3.972262950770273637e-02 5.079662728772760261e-01 1.980179228436951178e+02
5.187044619698800707e-01 1.075625981094619488e-01 8.481602982016378522e-01 4.710762946085138765e+02 -2.159002874115593246e-02 9.933858241520471255e-01 -1.127762125940336563e-01 -4.725564792879178810e+01 -8.546810101933014492e-01 4.018572624273244326e-02 5.175959392247572177e-01 1.980979128793383950e+02
5.263752775571025611e-01 1.077410458004815358e-01 8.433983980927372004e-01 4.711540588806936967e+02 -2.391678489156986651e-02 9.934226779376548189e-01 -1.119793261008871776e-01 -4.726867094403986158e+01 -8.499159553216790730e-01 3.877177738193457457e-02 5.254899574444971133e-01 1.981415163798044432e+02
5.331415610782126446e-01 1.117400201971677498e-01 8.386144336107008712e-01 4.711907000858435595e+02 -3.071690144919724322e-02 9.931425885141487164e-01 -1.128019057850167400e-01 -4.727666475142187608e+01 -8.454682865507655576e-01 3.437975328006467879e-02 5.329178974050268192e-01 1.981959522825877400e+02
5.416723610882677731e-01 1.183760254254612454e-01 8.322127705581671142e-01 4.712181596221439577e+02 -4.072121602741129998e-02 9.925674545176282892e-01 -1.146805557584720803e-01 -4.728389468221170944e+01 -8.396028290294780261e-01 2.823057669027862968e-02 5.424667725413645503e-01 1.982573188141850267e+02
5.478130213869679688e-01 1.237217007561143139e-01 8.274018134132778979e-01 4.712745921110812333e+02 -4.826360968261856482e-02 9.920309438147402181e-01 -1.163839745524807290e-01 -4.728330686425030649e+01 -8.352075140501810102e-01 2.382326331728210067e-02 5.494187247283828235e-01 1.982963328203321680e+02
5.525433297161012058e-01 1.231782347595475197e-01 8.243318010885362090e-01 4.713251661079070232e+02 -4.848385952446117309e-02 9.920945733819546142e-01 -1.157483126630450693e-01 -4.729065082145212529e+01 -8.320728679273152739e-01 2.398917559702205132e-02 5.541473954126638901e-01 1.983372737688684140e+02
5.590361253458793200e-01 1.181724518997777362e-01 8.206788713235753097e-01 4.713734539625037883e+02 -4.396342390521396082e-02 9.926237052392486993e-01 -1.129840531522873504e-01 -4.730264727586979490e+01 -8.279769927783063865e-01 2.708231929136916197e-02 5.601077759091024344e-01 1.983734568006087500e+02
5.648182541027736425e-01 1.129191199542149970e-01 8.174530814796608924e-01 4.714213139038650979e+02 -3.923736488019842483e-02 9.931481804581497874e-01 -1.100777907659895721e-01 -4.731933278532129350e+01 -8.242820154661862908e-01 3.009924620637789358e-02 5.653788702695650148e-01 1.983812676708870981e+02
5.684140432799255072e-01 1.109467405605712859e-01 8.152277134586878304e-01 4.714608158809174938e+02 -3.829641777442280293e-02 9.933599046474953509e-01 -1.084872500660141043e-01 -4.732028670380303481e+01 -8.218509179590312019e-01 3.044538082902729578e-02 5.688885827678690221e-01 1.984228953150037000e+02
5.731328080916588963e-01 1.121996524348680552e-01 8.117450039951987772e-01 4.714783689846484549e+02 -4.224142140723829986e-02 9.933104364806581987e-01 -1.074711045937876835e-01 -4.731924213634408005e+01 -8.183730919138090254e-01 2.730595825893259582e-02 5.740382727830891652e-01 1.984770621087448887e+02
5.778015427005001037e-01 1.153695272337107169e-01 8.079821652162775258e-01 4.715127290657400749e+02 -4.809691056940421094e-02 9.930518039701307087e-01 -1.074001911409550036e-01 -4.732306238537280052e+01 -8.147589427497189396e-01 2.319455476630546270e-02 5.793357823732312450e-01 1.984942587540532486e+02
5.803125503867624380e-01 1.181452703428354511e-01 8.057784864338831676e-01 4.715314151262164728e+02 -5.203340320651674705e-02 9.927784843808046267e-01 -1.080898011884473542e-01 -4.731994409275838365e+01 -8.127299298127127480e-01 2.079847560711552482e-02 5.822693149556689152e-01 1.985341884725925468e+02
