1.000000000000000000e+00 0.000000000000000000e+00 0.000000000000000000e+00 0.000000000000000000e+00 0.000000000000000000e+00 1.000000000000000000e+00 0.000000000000000000e+00 0.000000000000000000e+00 0.000000000000000000e+00 0.000000000000000000e+00 1.000000000000000000e+00 0.000000000000000000e+00
9.999999997925668183e-01 2.020164650511926762e-05 -2.599968866678352711e-06 3.212948748098152629e-04 -2.020170843754685809e-05 9.999999995121866547e-01 -2.382262822846370638e-05 -3.863518222893402767e-03 2.599487609095758876e-06 2.382268074733509251e-05 9.999999997128612428e-01 -2.172041718642496195e-03
9.999999999310088539e-01 -1.154288098781430848e-05 -2.178109358112412509e-06 -3.122047390447158953e-04 1.154279031841317301e-05 9.999999990671452066e-01 -4.162299258134962083e-05 -4.115684165699923930e-03 2.178589805330276314e-06 4.162296743701839649e-05 9.999999991313911485e-01 -1.232328399259242403e-03
9.999999993943854415e-01 3.235952584399422248e-05 1.280976848366637000e-05 7.921411806335202982e-04 -3.235845910780498652e-05 9.999999960097964991e-01 -8.326666217666905967e-05 -3.781911963338702859e-03 -1.281246290225943692e-05 8.326624762187191263e-05 9.999999964512863437e-01 -3.228021711685040841e-04
9.999999988800534201e-01 4.648123221288054765e-05 8.910000837739895770e-06 9.509173768824936545e-04 -4.648086118044206412e-05 9.999999980529061805e-01 -4.163793000626153044e-05 -1.293067443219273090e-03 -8.911936202684772769e-06 4.163751581511721683e-05 9.999999990934473892e-01 -3.254627316739529741e-04
9.999999999233267767e-01 -1.234604635479284089e-05 -9.599918125270754272e-07 8.288207245723487040e-04 1.234606487763826538e-05 9.999999997375966787e-01 1.929718380395587614e-05 -2.021473687313020060e-03 9.597535683494100115e-07 -1.929719565459749893e-05 9.999999998133485279e-01 -4.119633093138572958e-04
9.999999957086800340e-01 -9.264063928776407732e-05 5.932357818014058024e-07 -7.096000171986119667e-03 9.264062603597224223e-05 9.999999954602265539e-01 2.229935431407575395e-05 -1.340487691261140575e-03 -5.953016055476100188e-07 -2.229929926064787301e-05 9.999999997511934691e-01 -9.763514288295256855e-04
9.999999961946559601e-01 -8.709725662654871597e-05 4.975543906565684890e-06 -1.568131593430636614e-02 8.709737251283159918e-05 9.999999959356787871e-01 -2.329571215270403561e-05 2.477079210930266721e-04 -4.973514893723812979e-06 2.329614542085691744e-05 9.999999997162768439e-01 -1.360982712791049438e-03
9.999999971966212486e-01 -7.456325926975189184e-05 6.861327005185737681e-06 -2.025519872639262170e-02 7.456344175285620278e-05 9.999999968663804140e-01 -2.659947958960677078e-05 3.679196325316631735e-03 -6.859343639791869214e-06 2.659999111919485393e-05 9.999999996226949239e-01 -1.143240131714522764e-03
9.999999879139901404e-01 -3.726799068326243602e-05 -1.509407711487643802e-04 -2.673246946652078557e-02 3.725509845112563078e-05 9.999999956582159566e-01 -8.541443438111559635e-05 7.050784735906668113e-03 1.509439537177569035e-04 8.540881003550647790e-05 9.999999849606289182e-01 -6.335773308363404962e-05
9.999998414658467505e-01 -8.561856086356898642e-05 -5.565408730791589990e-04 -1.351194257315286446e-02 8.547373918684632148e-05 9.999999624857105474e-01 -2.602360802518306868e-04 1.889991993212342819e-02 5.565631332395994113e-04 2.601884693660916847e-04 9.999998112697017216e-01 -3.286974515235038894e-04
9.999992862694496720e-01 -8.454137002629725725e-05 -1.191768999452103061e-03 1.641607006629897461e-02 8.383695752632143114e-05 9.999998217847644311e-01 -5.911021940806864515e-04 2.808129677168681726e-02 1.191818759650023095e-03 5.910018579060039023e-04 9.999991151420325464e-01 -9.644182821326877444e-04
9.999985365067174392e-01 -3.650937724376034457e-05 -1.710453591502928252e-03 4.264640686556212673e-02 3.501200908631791654e-05 9.999996161863933253e-01 -8.754434448999292347e-04 1.797466511212643392e-02 1.710484896902551540e-03 8.753822772776410216e-04 9.999981539719391410e-01 8.491993269598711175e-03
9.999981445943870728e-01 -2.067958003467353794e-04 -1.915213638298524741e-03 7.716457764972442512e-02 2.051253462814389467e-04 9.999995984576213193e-01 -8.723578327387090806e-04 1.644785906856539859e-02 1.915393269195294788e-03 8.719633553003308364e-04 9.999977854718136161e-01 1.574147109980829004e-02
9.999981462002549559e-01 -5.685226267116497145e-04 -1.839667925560919699e-03 1.385081225228066981e-01 5.675885582584892959e-04 9.999997097778935418e-01 -5.082197922028035405e-04 1.849823032020968608e-02 1.839956326099829228e-03 5.071746755995388710e-04 9.999981786656245708e-01 1.571634376447405071e-02
9.999978623617635787e-01 -1.128061560254075852e-03 -1.732844199457827736e-03 2.277352972993222369e-01 1.127723620480600673e-03 9.999993449144441993e-01 -1.959849950033115543e-04 2.295824286933001793e-02 1.733064147435871977e-03 1.940304067239510789e-04 9.999984794192749993e-01 1.189950432104411662e-02
9.999968815953090839e-01 -1.655198397935272493e-03 -1.870058266700939291e-03 3.641975459305560325e-01 1.654644384405787837e-03 9.999985867435796649e-01 -2.977630004622653054e-04 2.551296748721515462e-02 1.870548480670416970e-03 2.946677905072195010e-04 9.999982071080301127e-01 5.378395487647952625e-03
9.999959294716120883e-01 -1.815791508584563545e-03 -2.200895591325651660e-03 5.025523003219958262e-01 1.814556328119689994e-03 9.999981951591496721e-01 -5.630841636071901241e-04 2.553611598324172574e-02 2.201914062502277353e-03 5.590882225343466469e-04 9.999974194940808303e-01 7.606555651544616957e-03
9.999948468573117699e-01 -2.002489102094095422e-03 -2.509242160011182759e-03 6.311941823660380813e-01 2.000736437936315604e-03 9.999977529646595364e-01 -7.007990708783024643e-04 2.923603377865242534e-02 2.510639864157563055e-03 6.957751273395539797e-04 9.999966062864636962e-01 1.482851702311556615e-02
9.999922607165103727e-01 -2.805422509872240039e-03 -2.758280555684205354e-03 7.816898385204106292e-01 2.803934305275523724e-03 9.999959214023016463e-01 -5.432597660566289765e-04 2.816703749713217464e-02 2.759793378943883185e-03 5.355215241416335899e-04 9.999960483707936998e-01 1.897596121062659208e-02
9.999899858274492459e-01 -3.318271633215502843e-03 -3.002884977177368905e-03 9.541582455981526545e-01 3.317218464462877263e-03 9.999944347783972232e-01 -3.556316814851426472e-04 3.167543354885538065e-02 3.004048347977567816e-03 3.456668946351687966e-04 9.999954280935092754e-01 1.218261519824817736e-02
9.999893423119077251e-01 -3.224833207858346287e-03 -3.303893669560305658e-03 1.144437333606034946e+00 3.224120420869234453e-03 9.999947780796982766e-01 -2.210448973163120403e-04 2.954591831652229883e-02 3.304589249816170925e-03 2.103903904403320801e-04 9.999945176978589645e-01 3.863531476487810055e-03
9.999873807927042169e-01 -3.354836532512132843e-03 -3.739428724738243313e-03 1.363963371752881626e+00 3.354424748066273370e-03 9.999943671285861369e-01 -1.163860301527549064e-04 3.206509978979898978e-02 3.739798117122906333e-03 1.038409291954222203e-04 9.999930015390631199e-01 6.761720598714420633e-03
9.999860723194371470e-01 -3.400917171809009557e-03 -4.035954600315131389e-03 1.589236862428605290e+00 3.401398365060537277e-03 9.999942089144588930e-01 1.123686237344432643e-04 3.876932074884459345e-02 4.035549071374770931e-03 -1.260949480791170743e-04 9.999918491886604643e-01 1.700523036648199024e-02
9.999847787268585364e-01 -3.628001963654703399e-03 -4.156911876307228283e-03 1.825550491909948558e+00 3.629841347224194679e-03 9.999933174784799705e-01 4.350289392442290601e-04 4.760134413807515924e-02 4.155305811808332993e-03 -4.501112481553076641e-04 9.999912653785905103e-01 1.952173112085084025e-02
9.999813554522345438e-01 -4.093801226529436912e-03 -4.530953479056334422e-03 2.072558588179769679e+00 4.095502753210128813e-03 9.999915462979557246e-01 3.663192896277132383e-04 5.155146608928636714e-02 4.529415537368466742e-03 -3.848689922183626093e-04 9.999896680820000716e-01 1.368457057604092683e-02
9.999745890738249710e-01 -4.610100887962145441e-03 -5.437662773451775074e-03 2.340704512664910197e+00 4.610061604015924450e-03 9.999893734143415758e-01 -1.975853483371953781e-05 4.934181529871042166e-02 5.437696078501513992e-03 -5.309927616427213762e-06 9.999852156072921439e-01 1.211309385451329185e-02
9.999700822945516432e-01 -3.974773036988403681e-03 -6.635939657057515588e-03 2.616880523380241019e+00 3.974405516823035188e-03 9.999920996682963859e-01 -6.856952549748894824e-05 4.505968054996509903e-02 6.636159779234166757e-03 4.219355887230823469e-05 9.999779795590941767e-01 2.198522707035489160e-02
9.999679674473122004e-01 -3.225958712689542488e-03 -7.325112263658680768e-03 2.933180214910594330e+00 3.226587045403496012e-03 9.999947918192849672e-01 7.396177026016407434e-05 4.536811439814316532e-02 7.324835515533077192e-03 -9.759451341190871821e-05 9.999731682700198077e-01 2.175408753463541067e-02
9.999740553548870370e-01 -2.897824537390017267e-03 -6.594788097574846505e-03 3.255069986214110589e+00 2.901717094570456339e-03 9.999956213706961972e-01 5.807558336934542974e-04 4.604308016370462636e-02 6.593076292937320032e-03 -5.998769755472544698e-04 9.999780855061823903e-01 2.883256437785809007e-02
9.999838829167336796e-01 -1.332320134442789268e-03 -5.518951877989756657e-03 3.575174292429983858e+00 1.335321022106423236e-03 9.999989626080192373e-01 5.400931893688655939e-04 3.941635319044461960e-02 5.518226575642664819e-03 -5.474540571046343420e-04 9.999846246165564612e-01 3.261422819694436565e-02
9.999840161825653828e-01 5.352905526302292362e-04 -5.628573834549165447e-03 3.924640628965695655e+00 -5.334410532392593052e-04 9.999998032415037263e-01 3.300872560307272852e-04 3.593048540708705663e-02 5.628749419669138582e-03 -3.270794676217526030e-04 9.999841049731702514e-01 3.606395224460386129e-02
9.999789481152134840e-01 2.192592447618296747e-03 -6.107034038691446648e-03 4.271467007054160270e+00 -2.189112624130898008e-03 9.999974377526925640e-01 5.764321023508294038e-04 4.447207797951013147e-02 6.108282271634103699e-03 -5.630509820585267826e-04 9.999811857536529125e-01 4.031238671889516428e-02
9.999724942392206328e-01 3.895649325409288218e-03 -6.311472199521245274e-03 4.617786032271057550e+00 -3.888594891475305459e-03 9.999918013805561001e-01 1.129602337323141591e-03 5.476140348335679919e-02 6.315820988745923445e-03 -1.105028508198728412e-03 9.999794444473517618e-01 3.429157881825990739e-02
9.999658497801383605e-01 5.435194763452653489e-03 -6.225586829298296668e-03 4.984995849992644779e+00 -5.426098000664071087e-03 9.999841876200495916e-01 1.477149402256292378e-03 4.510981249644606395e-02 6.233516982649917743e-03 -1.443318313032020952e-03 9.999795298396234600e-01 3.571746735376342408e-02
9.999568515436080274e-01 6.890296341452314087e-03 -6.230478899863657778e-03 5.364564168463743066e+00 -6.883116017322227741e-03 9.999756229065139834e-01 1.173160952924224469e-03 3.510413711302017015e-02 6.238410445518921023e-03 -1.130225223728766959e-03 9.999799022110679170e-01 3.222536135906666627e-02
9.999487480931871231e-01 8.083696372307630496e-03 -6.095493403170491355e-03 5.744884901831140311e+00 -8.081377387631438064e-03 9.999672631306475434e-01 4.049771858785377633e-04 3.372263684772529996e-02 6.098567568407666471e-03 -3.556964474707071527e-04 9.999813403027332237e-01 3.940483064867884855e-02
9.999418786403757586e-01 8.996226889229897578e-03 -5.941989810963398816e-03 6.152471909796016547e+00 -8.998401641773890597e-03 9.999594559781329606e-01 -3.393638309719559281e-04 2.269367236597849211e-02 5.938695904777146345e-03 3.928125175550693099e-04 9.999822886377921494e-01 3.967142356780352375e-02
9.999574886227572401e-01 8.617504767612875829e-03 -3.280176648992156989e-03 6.579205963509820343e+00 -8.633847491397920668e-03 9.999502213501330061e-01 -5.001149799317742943e-03 1.037045616819143833e-02 3.236915933988077781e-03 5.029257738484219607e-03 9.999821143109691723e-01 4.225473412533717332e-02
9.999821803836278500e-01 5.752836770103386330e-03 -1.594924544336428097e-03 7.009761680045000887e+00 -5.767690366679387171e-03 9.999385212055380556e-01 -9.470351477950294042e-03 -1.314402832977058311e-03 1.540345104090028953e-03 9.479381750849997026e-03 9.999538832659143894e-01 7.098339869732198104e-02
9.999991114909971834e-01 -8.302287784034248540e-04 -1.042946495174917020e-03 7.433481613591894188e+00 8.160233746351911724e-04 9.999078910208658577e-01 -1.354782565787560414e-02 9.202128001399519780e-03 1.054098225183915626e-03 1.354696255179198283e-02 9.999076800797921383e-01 9.757573645374791049e-02
9.999455077479010301e-01 -1.034160299512665998e-02 -1.425756740716203463e-03 7.842475077405723027e+00 1.032141417336408448e-02 9.998555107575876066e-01 -1.350651758024489293e-02 2.717453261236556575e-02 1.565229776866464400e-03 1.349106575385253075e-02 9.999077663467620392e-01 1.064841451733284927e-01
9.997578843543316607e-01 -2.190941328328535262e-02 -2.037223829893121570e-03 8.259591822441898046e+00 2.188468728538402533e-02 9.996948595535678495e-01 -1.145636262490273144e-02 3.791253733716288404e-02 2.287604373976363271e-03 1.140900485382124671e-02 9.999322984454865892e-01 6.657193728096265362e-02
9.993996116723125045e-01 -3.456249741809921255e-02 -2.418669356262012106e-03 8.696943259046207686e+00 3.453435379502518138e-02 9.993446781520254341e-01 -1.084401480932045865e-02 5.432175591180263274e-02 2.791880583238794556e-03 1.075397700614133360e-02 9.999382767858026044e-01 3.354132154751417183e-02
9.987983634633404995e-01 -4.893933122019261672e-02 -2.602115038402975575e-03 9.166277875019568810e+00 4.890304554128613312e-02 9.987247612983011225e-01 -1.254365602360133294e-02 7.897598253808425783e-02 3.212674857450922329e-03 1.240133175799339876e-02 9.999179394784796227e-01 4.245975495597544697e-02
9.977732270284794813e-01 -6.666460662287385097e-02 -2.101820399518257790e-03 9.635921465645953532e+00 6.662589674600419287e-02 9.976657562504068766e-01 -1.496758791838174833e-02 1.174421728646523055e-01 3.094722599060112985e-03 1.479422282923928932e-02 9.998857703072454584e-01 7.864500195948337380e-02
9.961413999492695348e-01 -8.776272908864168887e-02 1.212024055874587287e-04 1.007844305101532534e+01 8.775001245326280452e-02 9.959715755158444761e-01 -1.845416156152283882e-02 1.728418247040798827e-01 1.498873430832702589e-03 1.839358984538502773e-02 9.998297001144935692e-01 1.150808017046990595e-01
9.938062928942016372e-01 -1.111085763907496277e-01 1.984050479511556553e-03 1.051516959516787431e+01 1.111262865874256961e-01 9.936438162508847149e-01 -1.796983182078851909e-02 2.436706881259691482e-01 2.516294149274375279e-05 1.807901210794022120e-02 9.998365609878583360e-01 1.283028862300219786e-01
9.907598265249054625e-01 -1.356160387435139947e-01 1.804488807657581365e-03 1.097768597765155718e+01 1.356277923135872088e-01 9.906447007368430757e-01 -1.510559016235630062e-02 3.283273778046213454e-01 2.609530258568277129e-04 1.521075072204962179e-02 9.998842757869482734e-01 1.052532588820735138e-01
9.868102013756521185e-01 -1.618514367258736264e-01 3.120719582941017603e-03 1.147434105100452406e+01 1.618762471372321710e-01 9.867502744048172181e-01 -1.095338188795974901e-02 4.298633144503782866e-01 -1.306550309234087628e-03 1.131407936105614104e-02 9.999351401638514325e-01 8.084234376274608558e-02
9.821021699212783007e-01 -1.882075911561520987e-01 7.295921265697715916e-03 1.196169764219468412e+01 1.882517691558354134e-01 9.821029148063283865e-01 -5.927574429031957221e-03 5.466825527545448038e-01 -6.049731036552295944e-03 7.194953795011446024e-03 9.999558157210112208e-01 5.936850688060629072e-02
9.768369769425687688e-01 -2.136828618861825180e-01 1.136463874630375299e-02 1.243933753027992672e+01 2.137527166771722165e-01 9.768733086568146540e-01 -5.321179100191515340e-03 6.631119254418713638e-01 -9.964767475053317239e-03 7.627146912078137421e-03 9.999212619197321850e-01 5.257571729758675483e-02
9.710381048004848026e-01 -2.385705373221507497e-01 1.300375896819508555e-02 1.291160127381038869e+01 2.386635212961283614e-01 9.710830459063160003e-01 -6.118950550885986737e-03 7.976610275908226910e-01 -1.116792854629392213e-02 9.045257051735760764e-03 9.998967250155652575e-01 9.820474911065812940e-02
9.646052433217696676e-01 -2.634158815659973785e-01 1.219827426147089035e-02 1.340783718845032446e+01 2.634917281593908145e-01 9.646483481810431693e-01 -5.066906666082890594e-03 9.487281101330589106e-01 -1.043234143072837260e-02 8.101709103242763638e-03 9.999127604755723153e-01 1.250861704347542847e-01
9.569621376652529543e-01 -2.900126081750932783e-01 1.077748461513027868e-02 1.390694134281513961e+01 2.900678166877446729e-01 9.569979935610463118e-01 -3.937263280078286826e-03 1.122176945723051711e+00 -9.172175159387193841e-03 6.894013316751219922e-03 9.999341697248044225e-01 8.635325702999332997e-02
9.477477363137924993e-01 -3.188939251918142537e-01 8.994041796635741243e-03 1.438839074622515213e+01 3.189468039402905131e-01 9.477583828189846127e-01 -5.194617658394955206e-03 1.300385859875842431e+00 -6.867646493229568987e-03 7.791808012301830455e-03 9.999460601250166336e-01 4.690609647254168069e-02
9.368821479788731477e-01 -3.495723653457620816e-01 7.141581411861961347e-03 1.485073681766392184e+01 3.496269823216904271e-01 9.368467208178219430e-01 -8.899153078955234636e-03 1.483875957167240633e+00 -3.579669135771986702e-03 1.083434720983835267e-02 9.999348993256585993e-01 7.451312228148625205e-02
9.242637186294514473e-01 -3.816829073697587948e-01 7.398421928107027506e-03 1.531499599855952276e+01 3.817452724471325776e-01 9.242030523697951638e-01 -1.092084953738246995e-02 1.691901447428046490e+00 -2.669342526300313122e-03 1.291805759863790502e-02 9.999129954142788046e-01 1.325014521583835758e-01
9.098805170247791230e-01 -4.147352926827524433e-01 1.058686648977696064e-02 1.577692130409577587e+01 4.148216947559956180e-01 9.098684326975308156e-01 -7.899160734054291866e-03 1.930110901399458623e+00 -6.356594881245261792e-03 1.157895435220789027e-02 9.999127569531379711e-01 1.437364939437624778e-01
8.940723523472763334e-01 -4.477353338684473827e-01 1.294988702335916897e-02 1.624322690091845445e+01 4.478230854999495913e-01 8.941094273803839032e-01 -4.776605785158636631e-03 2.192851519857919484e+00 -9.439960885120370071e-03 1.006988953424885029e-02 9.999047376941742060e-01 6.814949714936879843e-02
8.768671114487761598e-01 -4.805718608228167210e-01 1.244007414667596366e-02 1.669620975864646084e+01 4.806579352816024442e-01 8.768936900366220977e-01 -5.040399268242548060e-03 2.456295583659703574e+00 -8.486348467178583474e-03 1.039918070098368001e-02 9.999099154076040996e-01 3.771473256343944869e-02
8.585784793345845323e-01 -5.125474237469684891e-01 1.175300956598098259e-02 1.714089287503524517e+01 5.126395652129449587e-01 8.585770274686046477e-01 -6.794415461080310047e-03 2.730864940112468275e+00 -6.608403876526745824e-03 1.185859660838979590e-02 9.999078470962632359e-01 7.451272003074631278e-02
8.393969700679262402e-01 -5.433909302608780356e-01 1.179082486523952422e-02 1.758162047858418120e+01 5.434894680934437838e-01 8.393796034043502496e-01 -7.815334942373746915e-03 3.035266183690409125e+00 -5.650195774558088892e-03 1.296835760508649113e-02 9.998999434887151372e-01 1.297773719717880136e-01
8.189258300788641032e-01 -5.737765002392611891e-01 1.187487274999578582e-02 1.801640222010852455e+01 5.738768043902506832e-01 8.189017945875713966e-01 -8.078626373896401897e-03 3.372882870642330388e+00 -5.089028637915727835e-03 1.343050983544856469e-02 9.998968562772274637e-01 1.209935521462341124e-01
7.970386676853749020e-01 -6.037562486875449608e-01 1.441368742085294419e-02 1.843940461357863825e+01 6.038893584911944057e-01 7.970312289143355322e-01 -7.672211962517162288e-03 3.728038275965704695e+00 -6.856013084604452995e-03 1.481932205087595732e-02 9.998666825024905558e-01 7.755745061449577371e-02
7.746372946304614926e-01 -6.321117843259276281e-01 1.928092020344535779e-02 1.884669487566997859e+01 6.323033976006393608e-01 7.747004108608429584e-01 -5.629102479880036293e-03 4.080129183731365572e+00 -1.137871479067377109e-02 1.655190406971721040e-02 9.997982593110369409e-01 7.232575636741636615e-02
7.528416178263900305e-01 -6.577771873515901868e-01 2.363620672558977218e-02 1.925090643045973593e+01 6.580380435216582891e-01 7.529697460133737419e-01 -4.742875366634669368e-03 4.446056694841579393e+00 -1.467759335626283614e-02 1.912415719414672921e-02 9.997093752010539625e-01 7.626544849139331450e-02
7.308515172225639178e-01 -6.821168649790838590e-01 2.392994535268781059e-02 1.965677650542417965e+01 6.823757142252424579e-01 7.309910809691378963e-01 -3.927362876263711111e-03 4.849266585939115970e+00 -1.481365616810141790e-02 1.919953266821226856e-02 9.997059235276419820e-01 1.142767617393870422e-01
7.088140169003825930e-01 -7.051088104616802799e-01 2.010608999428866936e-02 2.003983096888659432e+01 7.052697238280134506e-01 7.089378292316341756e-01 -1.330765154333054178e-03 5.273702972904261266e+00 -1.331563355991125658e-02 1.512348153212702065e-02 9.997969664933203937e-01 1.047110430864319902e-01
6.873634695457465638e-01 -7.261442654311123235e-01 1.568331965956449789e-02 2.040388850711792301e+01 7.262172593751921035e-01 6.874637499039980559e-01 1.443867555649054916e-03 5.690559901251519115e+00 -1.183016988968390616e-02 1.039703560845852727e-02 9.998759666733357809e-01 7.489965332753825700e-02
6.670596481763099161e-01 -7.449182397250078136e-01 1.132439401882187960e-02 2.076922296225925635e+01 7.449133431230783309e-01 6.671386722882760578e-01 5.486636003545500295e-03 6.114258958570219171e+00 -1.164203642395908629e-02 4.775778725207058956e-03 9.999208243283420616e-01 4.657171950157610457e-02
6.480172857070068959e-01 -7.615556293191479975e-01 1.032573858083351594e-02 2.113979385299682079e+01 7.614860996844808882e-01 6.480985223792132821e-01 1.035496389163896580e-02 6.572174246747045423e+00 -1.457797695978640257e-02 1.152710803626534174e-03 9.998930712058980985e-01 4.176367112338932874e-02
6.297269544200914115e-01 -7.767583316906702118e-01 9.510889859682456968e-03 2.150077684248117649e+01 7.765691242541580275e-01 6.297881834412770719e-01 1.752824157941446429e-02 7.061827066181734835e+00 -1.960505373433649862e-02 -3.652142776932926996e-03 9.998011320863817719e-01 6.681614539520730478e-02
6.119648535223508601e-01 -7.908370284657134652e-01 8.707035137649258433e-03 2.184359338884105739e+01 7.905013202479339585e-01 6.119738009613097107e-01 2.440757307150717703e-02 7.548356624287007044e+00 -2.463088994822138986e-02 -8.053654107784077171e-03 9.996641725679032975e-01 4.721543564717371744e-02
5.936134005509811074e-01 -8.046779453091665868e-01 1.079513868915978406e-02 2.218603466453382111e+01 8.041573013953682292e-01 5.936374665029217068e-01 3.042355956346172452e-02 8.037747983871103230e+00 -3.088956618049790506e-02 -9.378843052868368960e-03 9.994788001774576047e-01 2.430610870154042719e-03
5.746993480117977837e-01 -8.181826292704745818e-01 1.725817356697966279e-02 2.253752700936447440e+01 8.175792394010530373e-01 5.749438150511509971e-01 3.168275295525602164e-02 8.549106458481405824e+00 -3.584475826687248678e-02 -4.098133048261914761e-03 9.993489673834201614e-01 -3.694516221256712030e-02
5.550716637963448719e-01 -8.315065324139955250e-01 2.218861426972400588e-02 2.286973812945695173e+01 8.308669819740966966e-01 5.555148725883128913e-01 3.260804499577649868e-02 9.064715853365777676e+00 -3.943990765219461403e-02 3.359851835212246006e-04 9.992218876697721575e-01 4.069871841839035193e-02
5.350434083764511461e-01 -8.446136843956871809e-01 1.887525587780875674e-02 2.318087652936176468e+01 8.438939500746825972e-01 5.353690137676846428e-01 3.497170463054270761e-02 9.583678665746095504e+00 -3.964280742151556070e-02 -2.782665800865691610e-03 9.992100402772088330e-01 5.149216626797693819e-02
5.138534091759885403e-01 -8.577587732530324027e-01 1.430247480917705948e-02 2.348267284910958708e+01 8.570807696581058677e-01 5.140231157430278364e-01 3.453680303818872782e-02 1.012136636461574568e+01 -3.697604847036772141e-02 -5.488477865747768900e-03 9.993010799805203126e-01 -5.050963426041350096e-02
4.916237084565399096e-01 -8.707075104248740427e-01 1.321213734248785111e-02 2.378507005593806767e+01 8.700643297387697928e-01 4.917742632375310396e-01 3.385463237739836512e-02 1.066355290326181660e+01 -3.597487178106889560e-02 -5.148330496501165275e-03 9.993394334726486417e-01 -1.240395268908025678e-01
4.688510344932569351e-01 -8.831294212470574001e-01 1.615960341222288238e-02 2.407374318217299702e+01 8.825998153724220474e-01 4.691294274411917931e-01 3.058016045193868299e-02 1.122265702213565142e+01 -3.458718489801559937e-02 -7.507687474176689263e-05 9.994016815096387063e-01 -1.368039368047530846e-01
4.456475530419141129e-01 -8.948862563583246388e-01 2.401763203850259751e-02 2.435608080918864715e+01 8.945026385854029094e-01 4.462010786562682907e-01 2.774215149793633067e-02 1.180854891341724233e+01 -3.554276341966293440e-02 9.120613299840488880e-03 9.993265364141635798e-01 -8.296523206234120151e-02
4.217128087925839930e-01 -9.063478039511772000e-01 2.630523090847105075e-02 2.461912972677027156e+01 9.059493417347694866e-01 4.223758008153494226e-01 2.923137177640030768e-02 1.240680838163879685e+01 -3.760448258661897719e-02 1.150396272902442021e-02 9.992264817001809130e-01 -1.166417366279646692e-02
3.964068366765933216e-01 -9.179185285780698811e-01 1.694682062003740122e-02 2.485298542289176638e+01 9.172573844657617714e-01 3.967651912242016743e-01 3.487511542421615346e-02 1.300221210533446836e+01 -3.873642315813820985e-02 1.719862172901350742e-03 9.992479830327504198e-01 -4.508659972801790095e-02
3.706869358876629383e-01 -9.286806753859093710e-01 1.197492075075847276e-02 2.507850782932714040e+01 9.279730158883601199e-01 3.708728484878989762e-01 3.632371178078528523e-02 1.360578339347174115e+01 -3.817430215835343477e-02 -2.352322095980454494e-03 9.992683269450099992e-01 -2.627966829300218965e-01
3.438363293784338914e-01 -9.388530606682294888e-01 1.820739062751824955e-02 2.530674144564665085e+01 9.383972790642327588e-01 3.442516424629088467e-01 3.002254663472096047e-02 1.422423205494607146e+01 -3.445468392554935227e-02 6.762923590247427869e-03 9.993833786991371815e-01 -3.143660800984929837e-01
3.177172461714631857e-01 -9.478845643366897722e-01 2.388732252608707571e-02 2.549401630467687241e+01 9.478010711275031142e-01 3.182049462355002745e-01 2.046318061347360967e-02 1.481977693675681707e+01 -2.699779722086902839e-02 1.613892448417136860e-02 9.995052046196233331e-01 -1.382232338426209184e-01
2.925434467627662238e-01 -9.560739448371536886e-01 1.846466245788704053e-02 2.566264881723499869e+01 9.561375187878372595e-01 2.927528995134844880e-01 9.837936403832911805e-03 1.544557910085384833e+01 -1.481137813975379192e-02 1.477673272312887004e-02 9.997811116677641774e-01 -2.804820096838798321e-02
2.657735164264178884e-01 -9.639724736010006900e-01 1.102307152768662243e-02 2.582913275016953492e+01 9.640336473324728761e-01 2.657780261884897799e-01 -1.080558281473931745e-03 1.613254772722756059e+01 -1.888061753700620484e-03 1.091379562381348048e-02 9.999386602626662013e-01 -1.600674664855761264e-01
2.381742354069549539e-01 -9.711829083195173684e-01 8.763114535164510596e-03 2.599982960010781596e+01 9.712199544865727230e-01 2.381435053504763755e-01 -4.412580479426744980e-03 1.678861605742428509e+01 2.198543930011805266e-03 9.561874681862222655e-03 9.999518673202006935e-01 -3.195370068314288270e-01
2.122148987169573953e-01 -9.771802882041754623e-01 9.138988333312137238e-03 2.613743335117186106e+01 9.772004575366722845e-01 2.122642721907656849e-01 4.810877408856346210e-03 1.744311698803475608e+01 -6.640975280031598954e-03 7.909683718674778360e-03 9.999466657531292935e-01 -3.220518054113294393e-01
1.889855380764820236e-01 -9.818475074719357210e-01 1.612260739117638356e-02 2.624702036581701137e+01 9.817417335294478242e-01 1.892758028491029754e-01 1.891663559997690258e-02 1.813591507993631780e+01 -2.162487097157799951e-02 1.225326597176982016e-02 9.996910634933612316e-01 -2.628921106301250754e-01
1.671245265907522759e-01 -9.856355422958538171e-01 2.433044132305705459e-02 2.635721184284042096e+01 9.854612339828134893e-01 1.677587853008593033e-01 2.689137912882422557e-02 1.886311869778891293e+01 -3.058674433291196093e-02 1.948249772328906892e-02 9.993422253430378488e-01 -1.952874506698523416e-01
1.471752485830669921e-01 -9.886192516692642318e-01 3.116763438916585541e-02 2.646700606520379750e+01 9.886452620849339734e-01 1.479992696964423093e-01 2.601464830307049017e-02 1.958541869734115437e+01 -3.033136926558291022e-02 2.698502173843879762e-02 9.991755684764569434e-01 -1.838667158839883964e-01
1.299965389067652966e-01 -9.910605352332337858e-01 2.999858955814659056e-02 2.655917047568320655e+01 9.911147861621618649e-01 1.307436050857857246e-01 2.444566178086490099e-02 2.029031048515985347e+01 -2.814925439499546891e-02 2.655419425229107663e-02 9.992509665967891364e-01 -2.163603978789903626e-01
1.158734075708297423e-01 -9.929241456127461118e-01 2.598065582548980332e-02 2.664207429304438079e+01 9.928446285025566143e-01 1.165448608939949476e-01 2.601613062736054041e-02 2.102572261407414089e+01 -2.885995619443802729e-02 2.278017687371111308e-02 9.993238546487607232e-01 -3.135070273821949915e-01
1.046199975232542517e-01 -9.942106488405628717e-01 2.449166899706121947e-02 2.672496152200163877e+01 9.940365974591549580e-01 1.052998320871003785e-01 2.834057646299159572e-02 2.176230896874112020e+01 -3.075547154670984010e-02 2.138062427656882425e-02 9.992982387032830482e-01 -3.774859961477394776e-01
9.663510352570317541e-02 -9.949820052385828228e-01 2.593194975286934947e-02 2.679065164334123494e+01 9.948443406179633408e-01 9.736142413854023681e-02 2.838117386798975558e-02 2.248067288220961402e+01 -3.076352884482574587e-02 2.305563577791729449e-02 9.992607482293546228e-01 -3.431254361764021210e-01
9.213306992581390964e-02 -9.954039691343123941e-01 2.612346948056150017e-02 2.684485485754479228e+01 9.954163687116293069e-01 9.274651876716030752e-02 2.333101278398488909e-02 2.322307247039538325e+01 -2.564664358154418108e-02 2.385417129622266832e-02 9.993864258557706437e-01 -2.866540854389527104e-01
8.961761354097171062e-02 -9.956840247899951812e-01 2.412480302960544332e-02 2.690652032095431423e+01 9.958040962179328659e-01 9.002617378332174181e-02 1.641615026494086180e-02 2.400405609226612924e+01 -1.851716227738533019e-02 2.255240146705790594e-02 9.995741612753210603e-01 -3.093376897550949578e-01
8.847005799757103051e-02 -9.958402337678798899e-01 2.180086344713180399e-02 2.697599575011836848e+01 9.959626540561755670e-01 8.877282563906231660e-02 1.333330992047023107e-02 2.478328316392233788e+01 -1.521317071767390623e-02 2.053324711755806498e-02 9.996734192722762646e-01 -3.972059867660363008e-01
8.894217640446736017e-02 -9.958158823688884054e-01 2.097659834932474876e-02 2.705310355564680691e+01 9.958989659356040081e-01 8.926048279858458945e-02 1.475858594033130008e-02 2.553619230746383550e+01 -1.656921557682080118e-02 1.957791185075357515e-02 9.996710291204466969e-01 -4.393584330956112338e-01
9.161301798342859348e-02 -9.954609066619883873e-01 2.578057880770313198e-02 2.713261293016926601e+01 9.955969080522248937e-01 9.208008498447663170e-02 1.755148501128614077e-02 2.632096233830052867e+01 -1.984569507016151549e-02 2.405912003677111027e-02 9.995135352411383955e-01 -4.285396407425848264e-01
9.576951146111818691e-02 -9.949823083717393990e-01 2.895525343946402791e-02 2.721347143156272352e+01 9.951348669284075799e-01 9.637895456298535557e-02 2.043755711249265611e-02 2.711002992887283725e+01 -2.312568480886903477e-02 2.685708741823723822e-02 9.993717524312611955e-01 -3.633215915367078996e-01
1.011637217358407059e-01 -9.945258793095893557e-01 2.615677327274081032e-02 2.728834080935630269e+01 9.945835803141563902e-01 1.017302686368067310e-01 2.131793171386591260e-02 2.790010287272157541e+01 -2.386217035450224552e-02 2.385849589918300623e-02 9.994305223473022304e-01 -3.352956001014887888e-01
1.070628440118852054e-01 -9.940553015885364996e-01 1.978900744885290011e-02 2.736163178763994352e+01 9.940668760708464280e-01 1.074060079086354702e-01 1.717542907408135117e-02 2.870497594380378814e+01 -1.919878461870399428e-02 1.783274653142833885e-02 9.996566409624408900e-01 -4.021079218570705605e-01
1.121052317822975042e-01 -9.935597915923876089e-01 1.647293349496469633e-02 2.745442373617862586e+01 9.936533742612486675e-01 1.122391375079824505e-01 7.439612268117111807e-03 2.950554920674200687e+01 -9.240607462339799766e-03 1.553436649356510456e-02 9.998366339714556128e-01 -4.951535169235787848e-01
1.173247740964764863e-01 -9.929370296668121876e-01 1.763384528852424485e-02 2.756368464129412033e+01 9.930895144630748073e-01 1.173567244126384745e-01 7.845372081811038392e-04 3.032054669451805040e+01 -2.848446367014885634e-03 1.741994120497738704e-02 9.998442038646367935e-01 -5.094976472957128966e-01
1.225519054898998872e-01 -9.922793978145135751e-01 1.904277116549552354e-02 2.766480592099268776e+01 9.924446549731124056e-01 1.226409720110410440e-01 3.577540983354495635e-03 3.114527551427957164e+01 -5.885344178139940118e-03 1.846046199459383183e-02 9.998122694120387122e-01 -4.341354376889106081e-01
1.277121105155157865e-01 -9.917331173197335703e-01 1.245153962195289302e-02 2.776086097291026533e+01 9.917516369163347223e-01 1.278320462088857745e-01 9.362619068435674638e-03 3.196543440241400091e+01 -1.087692518334214611e-02 1.115311496101763916e-02 9.998786428988380992e-01 -3.578128391272134001e-01
1.321853359508644576e-01 -9.912242677109688316e-01 1.219860816031617407e-03 2.784134961322538260e+01 9.912127470934548601e-01 1.321897230566251302e-01 4.813223208973665783e-03 3.280526048827115204e+01 -4.932236714083209662e-03 5.729040636456811213e-04 9.999876723349794272e-01 -4.136483721571385108e-01
1.355697485845334116e-01 -9.907555202668425487e-01 -4.933794635444740256e-03 2.794726100864668084e+01 9.907458998700617858e-01 1.355981840612610068e-01 -5.974476541921034355e-03 3.366730960503743830e+01 6.588259207710518879e-03 -4.078178523155354986e-03 9.999699811997084797e-01 -5.351904449463942282e-01
1.393410680513582633e-01 -9.902363506554208161e-01 -4.004571755068915551e-03 2.808198367602732404e+01 9.902199126257429374e-01 1.393649438158324205e-01 -6.475884084527180722e-03 3.453126838543843746e+01 6.970752740781364400e-03 -3.063050088493048714e-03 9.999710127450606167e-01 -5.573262938359850871e-01
1.435994053589540187e-01 -9.896307502392244215e-01 -3.192015273340681122e-03 2.821160521254593689e+01 9.896119259894963216e-01 1.435727299350535724e-01 7.423419586436501467e-03 3.540588625193335304e+01 -6.888157947877796873e-03 -4.224855020780854051e-03 9.999673514071039104e-01 -4.653128301010501788e-01
1.476111794458427606e-01 -9.890438040535232123e-01 -1.814763329941941443e-03 2.833265311613884307e+01 9.888919491552425889e-01 1.475556909791792826e-01 1.788940903446933212e-02 3.628872223124900387e+01 -1.742563050660774632e-02 -4.435281613768883059e-03 9.998383247697868459e-01 -4.212152684901437905e-01
1.510053478015531969e-01 -9.885314731264716048e-01 -1.706333419882407471e-03 2.846421651419429111e+01 9.884112585835262976e-01 1.509594510090618569e-01 1.595080112006750511e-02 3.719014733030195430e+01 -1.551028177246384539e-02 -4.095215433958302592e-03 9.998713219059182089e-01 -4.258753288704160700e-01
1.536972699429576261e-01 -9.880956974311518870e-01 -6.636409430352105746e-03 2.860497843007112451e+01 9.880912708312115100e-01 1.536402640694289889e-01 8.385091760830291896e-03 3.809291341845985812e+01 -7.265653394089667538e-03 -7.846143939653651631e-03 9.999428225183853991e-01 -4.459556768637034652e-01
1.563788105972729325e-01 -9.876265087090275729e-01 -1.181299671547664590e-02 2.873975238563708956e+01 9.876971122051364516e-01 1.563641485779239670e-01 2.160458547518946931e-03 3.900168055611514006e+01 -2.865969589273923714e-04 -1.200551268037076957e-02 9.999278901638181116e-01 -5.150237552490252169e-01
1.593692787544360723e-01 -9.871337550612679923e-01 -1.297623242437512259e-02 2.888352520983069027e+01 9.872169177781138227e-01 1.593824230977878287e-01 2.145131060776812840e-05 3.990821106385630657e+01 2.047008053685757997e-03 -1.281377485826392520e-02 9.999158049215493005e-01 -5.313950516773865429e-01
1.635708672825150201e-01 -9.864458594407061742e-01 -1.300529771795545970e-02 2.902498242683412855e+01 9.865311910508498539e-01 1.635683930067295400e-01 1.260909587546417063e-03 4.083403277180155300e+01 8.834366065358124909e-04 -1.303637992246530625e-02 9.999146325253368550e-01 -4.674422060724059413e-01
1.683984282559346235e-01 -9.855606180794680427e-01 -1.767024198328593504e-02 2.917226491219436113e+01 9.857189879544450140e-01 1.683674579587106368e-01 3.236647430041558401e-03 4.178404171714549165e+01 -2.148185174159411765e-04 -1.796293938471237028e-02 9.998386303107446027e-01 -4.178545984027983162e-01
1.724860304705138347e-01 -9.847082293147003673e-01 -2.445960777347537529e-02 2.932778585211070066e+01 9.850100360138219768e-01 1.724816370545731170e-01 2.305174835785860337e-03 4.273213039128371094e+01 1.948908559674293085e-03 -2.449056959080016249e-02 9.996981613249792398e-01 -4.350981102879066253e-01
1.776123497542459739e-01 -9.836195117624408901e-01 -3.076539118868447040e-02 2.949171805316199979e+01 9.840627680791551590e-01 1.777925906503714237e-01 -3.203621422752802195e-03 4.366186488160693813e+01 8.621003141528126371e-03 -2.970607328555672708e-02 9.995214992759219319e-01 -4.787211626660335950e-01
1.845874083559975731e-01 -9.821821676464621564e-01 -3.529416713443619957e-02 2.966329698327421838e+01 9.827060951128967492e-01 1.849849849776251387e-01 -8.323818882619659840e-03 4.460345037457993556e+01 1.470439745038940905e-02 -3.314732100977623580e-02 9.993423016191678165e-01 -4.821342788429539006e-01
1.923894691720570982e-01 -9.805731043548105985e-01 -3.824498879152916225e-02 2.985186579784423344e+01 9.811911108546297333e-01 1.928466391931642210e-01 -8.612649520315660348e-03 4.559318452446198933e+01 1.582075003128253360e-02 -3.586865996760484065e-02 9.992312760820569739e-01 -4.522031728601183520e-01
1.996962099051852180e-01 -9.791170797874707565e-01 -3.809419664411144851e-02 3.004447757441963773e+01 9.797756832183769360e-01 2.000319945698687540e-01 -5.178003704411768965e-03 4.659397147076910528e+01 1.268993000245077774e-02 -3.628973982899345169e-02 9.992607369749283430e-01 -4.151707160874297253e-01
2.060518085861313964e-01 -9.777463021050647463e-01 -3.943121730628909583e-02 3.022929133154615045e+01 9.784910089406171352e-01 2.062815676467954218e-01 -1.805622206749115874e-03 4.756358549177734574e+01 9.899373755810497028e-03 -3.821103988446360872e-02 9.992206557263468847e-01 -3.651225812434371054e-01
2.120495132843915054e-01 -9.761770352170050513e-01 -4.597172860347083223e-02 3.042543584190321226e+01 9.772304100828826945e-01 2.121679278533793733e-01 2.344354846082424924e-03 4.854027346368924611e+01 7.465221034490994445e-03 -4.542209049946645955e-02 9.989399902744731108e-01 -3.516375457428903561e-01
2.184965567521513774e-01 -9.744808413776147038e-01 -5.144263285865104118e-02 3.064983993833509501e+01 9.758133190170346083e-01 2.185600799262178429e-01 4.456219429535849576e-03 4.954001465230669510e+01 6.900805490144482600e-03 -5.117207491026067034e-02 9.986660090505563581e-01 -4.175830330100008814e-01
2.240645825563730154e-01 -9.732743192369480711e-01 -5.032059576052334837e-02 3.088322291128479691e+01 9.744821914581579536e-01 2.244544180880612694e-01 -2.161650215929466785e-03 5.055038321870956253e+01 1.339855868160998685e-02 -4.855217517892974899e-02 9.987307769918026823e-01 -4.282202144733034954e-01
2.284596535478589929e-01 -9.723837327025592892e-01 -4.770810283620376818e-02 3.110985012678176531e+01 9.732832952316110564e-01 2.292760932814195962e-01 -1.233289393071537905e-02 5.153894374214868890e+01 2.293063287152677376e-02 -4.361593086301525368e-02 9.987851804322408489e-01 -3.521106614013577163e-01
2.312248966333579347e-01 -9.718399429778923349e-01 -4.541114851685605636e-02 3.134738122755320333e+01 9.726339173585836217e-01 2.320018785467030109e-01 -1.258535476245757276e-02 5.255531365819675926e+01 2.276642221757725279e-02 -4.125837591965873796e-02 9.988891011698360911e-01 -3.118215362703812832e-01
2.315562365881699280e-01 -9.720505964521864994e-01 -3.872140537315178765e-02 3.159478473802177234e+01 9.727536174927219337e-01 2.318268615238249231e-01 -2.589581208720809387e-03 5.359329996481516645e+01 1.149386583994798684e-02 -3.706675347210468263e-02 9.992466896793261721e-01 -3.220967545047886960e-01
2.314966033704091153e-01 -9.723148344025843715e-01 -3.183057380316768603e-02 3.183234068688821239e+01 9.728320971397769190e-01 2.314609918307138914e-01 4.849745907385784489e-03 5.460625384357969381e+01 2.652056294187514051e-03 -3.208850357086740629e-02 9.994815128535369242e-01 -2.786265152872180462e-01
2.314914067863982072e-01 -9.722915993435090609e-01 -3.256953223635651595e-02 3.207026490790942574e+01 9.728191089702207250e-01 2.315601439861339761e-01 1.697333056985625725e-03 5.561253312385366598e+01 5.891502901616583326e-03 -3.207718134689590411e-02 9.994680308195948992e-01 -2.136820583482592906e-01
2.314897755334852369e-01 -9.720751510367098280e-01 -3.850174749819416931e-02 3.231667714706620842e+01 9.726975379652387232e-01 2.319460922263797131e-01 -7.778813359052453441e-03 5.664588452706419730e+01 1.649192104698022493e-02 -3.564983924044882319e-02 9.992282549559486915e-01 -2.213031728368040352e-01
2.313277489776694729e-01 -9.719364796924238048e-01 -4.274285900619095857e-02 3.257688183526317971e+01 9.725995717143264274e-01 2.320857692455775279e-01 -1.364803336739377204e-02 5.770593838334757208e+01 2.318503081803653665e-02 -3.841451752641583672e-02 9.989928824517116945e-01 -2.736052208935541019e-01
2.312222606178598872e-01 -9.720241615180130745e-01 -4.129522514735155247e-02 3.282083102291229437e+01 9.726409278116204815e-01 2.319334133950663457e-01 -1.328598120816168807e-02 5.877448735322700202e+01 2.249203726915047566e-02 -3.709341149203220639e-02 9.990586504722162031e-01 -2.736669897734968493e-01
2.313325671011977336e-01 -9.721573343146314716e-01 -3.735452765917079976e-02 3.306084449969014116e+01 9.726374079064801226e-01 2.319536339445792128e-01 -1.319031617770090314e-02 5.982339707574795540e+01 2.148758104890883050e-02 -3.328106125372279345e-02 9.992150193139074377e-01 -1.894267147449910926e-01
2.310512763471340714e-01 -9.722775984545152239e-01 -3.593854813262530035e-02 3.331431194233498871e+01 9.726081698121015195e-01 2.317814032726168705e-01 -1.762751008314021248e-02 6.088480369418402915e+01 2.546872028812869476e-02 -3.088126682144528082e-02 9.991985246418190192e-01 -1.061991163116991627e-01
2.307605003547247569e-01 -9.722401696096082402e-01 -3.871232456876855937e-02 3.357043304421689811e+01 9.725180209575795542e-01 2.317268576626103083e-01 -2.261332241325231945e-02 6.195879242952821642e+01 3.095626574363300604e-02 -3.243017168152144414e-02 9.989944912640492669e-01 -8.437836038421493712e-02
2.305668883060268126e-01 -9.721376551074266681e-01 -4.227634727729550485e-02 3.382447592380290047e+01 9.724806669888302890e-01 2.317073111582342859e-01 -2.435311661330801999e-02 6.304630861604833569e+01 3.347032043223285847e-02 -3.549790807999150116e-02 9.988091089753377005e-01 -9.823156684072609224e-02
2.308518007413830897e-01 -9.719964433647769741e-01 -4.393586440124776227e-02 3.407623771889376485e+01 9.724104918888496485e-01 2.320360292998938090e-01 -2.402324647553722922e-02 6.413807072320871328e+01 3.354521365182169118e-02 -3.717788580544727217e-02 9.987454748073157917e-01 -7.767553396756375628e-02
2.307964833612937972e-01 -9.720133329789590881e-01 -4.385275110178658148e-02 3.433036698277857113e+01 9.723759852337535703e-01 2.320301244162377707e-01 -2.543550086144291331e-02 6.523136648485288447e+01 3.489880526246215420e-02 -3.677093790645611510e-02 9.987141590649110112e-01 -3.539684676701275456e-02
2.305520690682530960e-01 -9.721816094531621211e-01 -4.133596121305484206e-02 3.458676033873406652e+01 9.722750379431324141e-01 2.318640898867635469e-01 -3.033635465350936061e-02 6.633806159665421376e+01 3.907677111825017674e-02 -3.319581392348382176e-02 9.986846568847091987e-01 3.347587400733893770e-02
2.304220731177175907e-01 -9.722686615534784638e-01 -3.999147385557463852e-02 3.485371530651821104e+01 9.721720795296792117e-01 2.317954472094585772e-01 -3.394581617675932611e-02 6.744076137964513862e+01 4.227429482643650649e-02 -3.105672896450895754e-02 9.986232340492346982e-01 1.225813174634323988e-01
2.302992829762095517e-01 -9.723134809557050229e-01 -3.960725959270841590e-02 3.511719048177607760e+01 9.722265384032529045e-01 2.316407907282004019e-01 -3.343803366292367324e-02 6.855786852200512271e+01 4.168690783774343239e-02 -3.080647371275224006e-02 9.986556778451284311e-01 1.569964888411697068e-01
2.303057966532176815e-01 -9.723419721192592124e-01 -3.886295515212766227e-02 3.537525038281678036e+01 9.723291608490225446e-01 2.315434726193604520e-01 -3.104228164943876114e-02 6.968115227550686086e+01 3.918217695027088193e-02 -3.063836716597392526e-02 9.987622577304573479e-01 1.779767958546608075e-01
2.305348235156733927e-01 -9.722918933829201027e-01 -3.875782770555778051e-02 3.563716495981341126e+01 9.723041821048115096e-01 2.317458080450853219e-01 -3.030607059689332042e-02 7.080674404097334218e+01 3.844831086134652826e-02 -3.069779333090322943e-02 9.987889531209896976e-01 2.376975606365904770e-01
2.306842486114895341e-01 -9.722153496961742913e-01 -3.977551077859525774e-02 3.589962658957286123e+01 9.721330438859430156e-01 2.320327673972399363e-01 -3.343859804222720083e-02 7.194590447157479218e+01 4.173874012956992063e-02 -3.095333050132113503e-02 9.986489718130551196e-01 2.909802620746867463e-01
2.306005225664899405e-01 -9.721657763485697101e-01 -4.143793296781249358e-02 3.616736322751496857e+01 9.719338538964540364e-01 2.321651849660385791e-01 -3.799882287218519367e-02 7.309246685813059230e+01 4.656160050995218624e-02 -3.151238147567150816e-02 9.984182426076174677e-01 3.433065487660287296e-01
2.301737685555631518e-01 -9.721770332368918632e-01 -4.349542867526786510e-02 3.643780372299951864e+01 9.719851566021172617e-01 2.318544031873072953e-01 -3.857967169138693669e-02 7.424175873606175458e+01 4.759087742506618035e-02 -3.339688262956354292e-02 9.983084476335655211e-01 3.860805830152627682e-01
2.298035800368740666e-01 -9.721660254369537402e-01 -4.564574008987670045e-02 3.670259098786026186e+01 9.722959205277481587e-01 2.313907827851120202e-01 -3.315039316799038571e-02 7.540067263247868823e+01 4.278968949799989707e-02 -3.676308784922286549e-02 9.984074908795782521e-01 4.220251682902179668e-01
2.298370223535685097e-01 -9.721638430227644845e-01 -4.552368037466508061e-02 3.697199257926666860e+01 9.725183497054178394e-01 2.312051578628356030e-01 -2.742689307726454626e-02 7.657666277066854832e+01 3.718874348368966104e-02 -3.796889907319802443e-02 9.985866812957570060e-01 4.534464865063050909e-01
2.304174225336129422e-01 -9.720969798790084493e-01 -4.399173903220159748e-02 3.723897672944463011e+01 9.724565315446687119e-01 2.316649454022154664e-01 -2.568360036874783175e-02 7.774799872505928988e+01 3.515829417192264938e-02 -3.686210495752274829e-02 9.987016969891565621e-01 5.288041370671940911e-01
2.302416105200150998e-01 -9.721623501191755112e-01 -4.346453492114466660e-02 3.751567800030244371e+01 9.723225023374518772e-01 2.316432473444840490e-01 -3.050176073505240018e-02 7.892280839469306386e+01 3.972092941241300856e-02 -3.523877084212630184e-02 9.985892432808147756e-01 6.109421698578582083e-01
2.282993974576665586e-01 -9.726392377170007819e-01 -4.303833609421341827e-02 3.779427498244874073e+01 9.721199229598982416e-01 2.301607663323555764e-01 -4.482049783017597044e-02 8.008355439865108849e+01 5.349991126075249320e-02 -3.160593131984711091e-02 9.980675451092960726e-01 6.584101278460771089e-01
2.251475897986903729e-01 -9.733865409132145263e-01 -4.274581589872497589e-02 3.807602311332452416e+01 9.720262658270246714e-01 2.274118890230119316e-01 -5.872624007507988575e-02 8.124409937182267072e+01 6.688423842887994408e-02 -2.832798439692359518e-02 9.973585232752545382e-01 7.136338348314994473e-01
2.219189976530251407e-01 -9.742435871308275930e-01 -4.001738890950262695e-02 3.835421221730528174e+01 9.726916312704289025e-01 2.240541036606853442e-01 -6.058670719950824679e-02 8.242297207249268354e+01 6.799227115745369587e-02 -2.547923796475508665e-02 9.973604461254650388e-01 7.527196149109741663e-01
2.183597195974372740e-01 -9.752485340972726346e-01 -3.477541658197712271e-02 3.861308409845534584e+01 9.740787773641615965e-01 2.199779785118428366e-01 -5.272783381273941222e-02 8.361561679840397687e+01 5.907256847360925489e-02 -2.236036026017159187e-02 9.980032294251186542e-01 8.517613002074068129e-01
2.144900405395640808e-01 -9.762782578801426636e-01 -2.957677636001100965e-02 3.885981793001704432e+01 9.752474869558925841e-01 2.157327424564039475e-01 -4.849456689625564892e-02 8.481818182803654338e+01 5.372487036329341020e-02 -1.844307519783070295e-02 9.983854422424710551e-01 9.816728095803721743e-01
2.099183577687161462e-01 -9.772574419539764579e-01 -3.003623174194667775e-02 3.910523066622521071e+01 9.761259487711461125e-01 2.112303617282766666e-01 -5.059512248993356526e-02 8.602471954508057195e+01 5.578902407566633387e-02 -1.869830018242381667e-02 9.982674783658800344e-01 1.088520113040865489e+00
2.057925671820331481e-01 -9.780177929531002068e-01 -3.362463322885688582e-02 3.936351855743312456e+01 9.767893422723370467e-01 2.073781287186896027e-01 -5.363667171171011827e-02 8.722770789862588003e+01 5.943063280668933746e-02 -2.180615500911092450e-02 9.979942341957267482e-01 1.118341763278638545e+00
2.016935867915963521e-01 -9.787768121419506695e-01 -3.627187699005225002e-02 3.962686709564435006e+01 9.776235686503680355e-01 2.034393712711497770e-01 -5.352177347695562942e-02 8.844776206364082327e+01 5.976499867363894991e-02 -2.466524336064753256e-02 9.979076964847499731e-01 1.143284722730086855e+00
1.978569429499896504e-01 -9.796001320222467168e-01 -3.515979903926432643e-02 3.987450981901370994e+01 9.784785023458162367e-01 1.995199693512930694e-01 -5.264600912840001340e-02 8.967378446942686310e+01 5.858711951933668477e-02 -2.398672908205675899e-02 9.979940812722142285e-01 1.205139376230628612e+00
1.936912870232128103e-01 -9.805002887538042389e-01 -3.320947282024076797e-02 4.010248293750011328e+01 9.793457347278372582e-01 1.952432404249516695e-01 -5.255481841617922617e-02 9.089220740403386856e+01 5.801393971869563126e-02 -2.234414514076182162e-02 9.980656902109420470e-01 1.331444171021985978e+00
1.893768539873836032e-01 -9.813433744088491117e-01 -3.319018947964548494e-02 4.032185984252561894e+01 9.801340188257612329e-01 1.909563024208467408e-01 -5.360033307938038422e-02 9.211208030487108545e+01 5.893820759323779163e-02 -2.238017134902446983e-02 9.980107292089022142e-01 1.435471535738078952e+00
1.851276557602552220e-01 -9.821056252051230118e-01 -3.458745456328225082e-02 4.055352711033451385e+01 9.810077944579481679e-01 1.867650329608442628e-01 -5.236916722544860542e-02 9.333850611242496598e+01 5.789178081096395950e-02 -2.423558135447590259e-02 9.980286460372498336e-01 1.498720354089990270e+00
1.812522967398866036e-01 -9.827561563421733926e-01 -3.657789083687044279e-02 4.077878143203290762e+01 9.819310619518352157e-01 1.829068920267679088e-01 -4.854336641858766899e-02 9.458255334426418415e+01 5.439664052730731891e-02 -2.711837053855158455e-02 9.981510905061802275e-01 1.543877761859224762e+00
1.777409415554068728e-01 -9.833781427863231839e-01 -3.708889301555485379e-02 4.099777531230272132e+01 9.827112146235961188e-01 1.793532990178719477e-01 -4.594630327264898756e-02 9.582686833654173597e+01 5.183460569941539947e-02 -2.828113189968961202e-02 9.982551533703488689e-01 1.591039216012030577e+00
1.741693283257930991e-01 -9.840663219555209063e-01 -3.575638493297841891e-02 4.121498268783874863e+01 9.832708403892161941e-01 1.757654162856617519e-01 -4.780138991925535902e-02 9.707665677856115849e+01 5.332447384481865671e-02 -2.683267468705394926e-02 9.982166638853069429e-01 1.677943312340597792e+00
1.707031670283988001e-01 -9.846792168912001930e-01 -3.559871611459617530e-02 4.142407543771096812e+01 9.836935445456604921e-01 1.723863137597454742e-01 -5.128322579091217776e-02 9.832101456611276546e+01 5.663425805702489851e-02 -2.626401817810063502e-02 9.980494788152893815e-01 1.780313938076896640e+00
1.679229908932021731e-01 -9.851103686281930116e-01 -3.687045905203151924e-02 4.163679841881745602e+01 9.840572232845572476e-01 1.697318903367682208e-01 -5.312689247635708073e-02 9.957609744936964091e+01 5.859394534394021109e-02 -2.736141487447765405e-02 9.979068606563932242e-01 1.861968018407788472e+00
1.654918715062897727e-01 -9.854469430409531494e-01 -3.881704415055882429e-02 4.184206113497300095e+01 9.844806522475697541e-01 1.674041246479350542e-01 -5.266597004763656081e-02 1.008338937237453479e+02 5.839765248317438373e-02 -2.949883899578727500e-02 9.978574711261900543e-01 1.922640457609524622e+00
1.636176845926614609e-01 -9.856947180972427391e-01 -4.043730955112890407e-02 4.204645717637956182e+01 9.848258712511346324e-01 1.656026754464879069e-01 -5.190141808668565643e-02 1.021048165470182170e+02 5.785548031932753743e-02 -3.133171875532315270e-02 9.978331858566626966e-01 1.984597385321007712e+00
1.621347507904985219e-01 -9.858969225431523098e-01 -4.146782736103915568e-02 4.225493245264633657e+01 9.850883022072830508e-01 1.641670779850761264e-01 -5.148016472598812565e-02 1.033756414889568589e+02 5.756178802361763130e-02 -3.250274797280885974e-02 9.978127138565334731e-01 2.063448559362027979e+00
1.609922383367375920e-01 -9.860592013250901733e-01 -4.205651765722417251e-02 4.245116086885662554e+01 9.852246548943962567e-01 1.630865781521090019e-01 -5.229863683552102294e-02 1.046446986788475897e+02 5.842840562213525574e-02 -3.301544348878807100e-02 9.977455095903433602e-01 2.151971256520205600e+00
1.596843610062900487e-01 -9.862441190771895627e-01 -4.270178492371634604e-02 4.265585214615002485e+01 9.852960291851410313e-01 1.618951086571116527e-01 -5.460502417265029190e-02 1.059075205941532545e+02 6.076709407242181921e-02 -3.335433073171294172e-02 9.975945313099069400e-01 2.244547536277301969e+00
1.584289829151169782e-01 -9.863690342105059239e-01 -4.445655995593342930e-02 4.285087450830160805e+01 9.855008856136561191e-01 1.607380521566655618e-01 -5.432571254554067336e-02 1.072021650597307456e+02 6.073106146924527743e-02 -3.520521182317995490e-02 9.975331228752777335e-01 2.318025915018449901e+00
1.574812641597930774e-01 -9.865369043444630615e-01 -4.409748071123036767e-02 4.305269211586180234e+01 9.858604590107177268e-01 1.596487490609040660e-01 -5.090611242734759123e-02 1.085063564818907196e+02 5.726086619857198579e-02 -3.545720363667057007e-02 9.977294121716854258e-01 2.376233643720136346e+00
1.565818520001583669e-01 -9.867202747907034555e-01 -4.318822688140216970e-02 4.325897522544816809e+01 9.863624841588618519e-01 1.584707585581852374e-01 -4.445299231719815336e-02 1.098083028619467143e+02 5.070673986917361570e-02 -3.563871488918065461e-02 9.980775062753832749e-01 2.462253636777484544e+00
1.558353438950641490e-01 -9.869398669660004453e-01 -4.080495786348328768e-02 4.345217646468031347e+01 9.865979477446609192e-01 1.575384543069273946e-01 -4.249852845226086140e-02 1.110981405626035610e+02 4.837184200679759544e-02 -3.363531488952772180e-02 9.982629064996614288e-01 2.547606952208523179e+00
1.551435371977455124e-01 -9.870516385219908484e-01 -4.073752271340361220e-02 4.364354060498383348e+01 9.865417572629984200e-01 1.569549406266313452e-01 -4.583129705044011737e-02 1.123934738283494141e+02 5.163181230798331162e-02 -3.307883770545663044e-02 9.981182026462844803e-01 2.633841935201930440e+00
1.548572577458037502e-01 -9.870022803917513077e-01 -4.296193925944898767e-02 4.384368235412380699e+01 9.864354602470051248e-01 1.568722022039040764e-01 -4.833420055174881408e-02 1.137082798862566904e+02 5.444550018806844360e-02 -3.489427857371889263e-02 9.979068477729224895e-01 2.705730079931738086e+00
1.556774503899082396e-01 -9.868024616921634573e-01 -4.455819832964585947e-02 4.405217702329404972e+01 9.863875715515891818e-01 1.577134906979953677e-01 -4.654045058239309612e-02 1.150211074786872700e+02 5.295366020075004121e-02 -3.670635435642895933e-02 9.979221179136193998e-01 2.747236902271103176e+00
1.572157897393939852e-01 -9.865794972574308819e-01 -4.409184786209106865e-02 4.425401948914962702e+01 9.862359839651956284e-01 1.591626355489865197e-01 -4.478659818855248997e-02 1.163456296356960422e+02 5.120331423668803700e-02 -3.644380655715890455e-02 9.980230806824075263e-01 2.809419252793961874e+00
1.588992188421102791e-01 -9.863391207900651381e-01 -4.343013988520495750e-02 4.445624994071915381e+01 9.858879823255792818e-01 1.608666826088586965e-01 -4.633353787936859286e-02 1.176713776750003717e+02 5.268704354360118775e-02 -3.545489000831938270e-02 9.979814758887726178e-01 2.909730063554953006e+00
1.601170123664458766e-01 -9.861498612729956426e-01 -4.325498193382144863e-02 4.466404439892026090e+01 9.855941391910165716e-01 1.621374874464135973e-01 -4.812097211074707614e-02 1.189913763020272341e+02 5.446774406162475241e-02 -3.492687039824582396e-02 9.979044937172201202e-01 3.007552254454016527e+00
1.614657312637657327e-01 -9.859443623219952268e-01 -4.292472519343108750e-02 4.487651865306486343e+01 9.854700209179867443e-01 1.634055678165987902e-01 -4.634067628377696452e-02 1.203298769645980855e+02 5.270346762178256678e-02 -3.481859865085187161e-02 9.980030108615056683e-01 3.084053242730305122e+00
1.629313073427157144e-01 -9.857739195696294532e-01 -4.126946309225850568e-02 4.509492404875375371e+01 9.855421623232066830e-01 1.645783550907274628e-01 -4.025681704914989278e-02 1.216742778760279577e+02 4.647618068313937034e-02 -3.411370006258769572e-02 9.983367268097212976e-01 3.139812577651627468e+00
1.647454044239828053e-01 -9.855643774815996405e-01 -3.901037759988496695e-02 4.531575873665256182e+01 9.854977437069357693e-01 1.661069482258952790e-01 -3.467966118085169525e-02 1.230076620424873397e+02 4.065893345523562130e-02 -3.273132429931609882e-02 9.986368266491556511e-01 3.207592105813199090e+00
1.662157798963134481e-01 -9.853574896378721748e-01 -3.798594645406359882e-02 4.554383631639407071e+01 9.852821483540479264e-01 1.675148424843209971e-01 -3.402742544309000222e-02 1.243751478166932429e+02 3.989238835031335556e-02 -3.177097987163473441e-02 9.986987544748936463e-01 3.289411584087541307e+00
1.675683898520055060e-01 -9.850966419661689732e-01 -3.880000914154427272e-02 4.576843975318371349e+01 9.850181904526217336e-01 1.689220163823997034e-01 -3.470615015738247322e-02 1.257630200882792906e+02 4.074308775545629202e-02 -3.240306109431460857e-02 9.986441019862227764e-01 3.354025998771883454e+00
1.688142553947022118e-01 -9.848671198800460491e-01 -3.922376007875207071e-02 4.600062943491966649e+01 9.848765382022595105e-01 1.701225844574189017e-01 -3.281022334976977511e-02 1.271305972872360428e+02 3.898655760984384017e-02 -3.309172761751205671e-02 9.986916370376908159e-01 3.379052104333553963e+00
1.694778162464732063e-01 -9.847999872550343703e-01 -3.802965820002587871e-02 4.623363972493338991e+01 9.849289350078451744e-01 1.705995819991834028e-01 -2.847412168998058463e-02 1.284700410089542117e+02 3.452915846988742488e-02 -3.263077878610959326e-02 9.988708472526233173e-01 3.422335554468266761e+00
1.698264976982598595e-01 -9.848294770512362462e-01 -3.563512046467007255e-02 4.645685168328339643e+01 9.849956883010327902e-01 1.707595276379204052e-01 -2.499355415400012631e-02 1.298450595293967069e+02 3.069942520500315228e-02 -3.085587224278226251e-02 9.990522811345858845e-01 3.501913135783925934e+00
1.700862690293535040e-01 -9.848469012802780753e-01 -3.387096287838455705e-02 4.668812518568568493e+01 9.849695516395691186e-01 1.709561589837517437e-01 -2.467739954834385907e-02 1.312490513663311447e+02 3.009391019161164471e-02 -2.916458030139844684e-02 9.991215060367896195e-01 3.590635976256988826e+00
1.700591594609811297e-01 -9.848409481192513804e-01 -3.417878276063709281e-02 4.692753046677358952e+01 9.849453968451994390e-01 1.709645142968924947e-01 -2.556755922414619478e-02 1.326512773352511658e+02 3.102333826133458344e-02 -2.931623711873440272e-02 9.990886400737027939e-01 3.657352377515466380e+00
1.699395110435437395e-01 -9.848390769485813045e-01 -3.482176189321179588e-02 4.716265523356450018e+01 9.849677393467887176e-01 1.708599814473613643e-01 -2.540510157200508851e-02 1.340352436386576187e+02 3.096958237299705236e-02 -2.998098155287085356e-02 9.990705809464958120e-01 3.663699363217841398e+00
1.698924205362395412e-01 -9.848305130161031373e-01 -3.529059473538272845e-02 4.739806966643475050e+01 9.850223292573239142e-01 1.707779575634915947e-01 -2.378865433181768380e-02 1.354194087872411956e+02 2.945464833967634255e-02 -3.072051176139052597e-02 9.990939264395036767e-01 3.682963798678504652e+00
1.697628927252211595e-01 -9.848968146918957167e-01 -3.404151382242964763e-02 4.763696544143070355e+01 9.850899978022454873e-01 1.705714335787310576e-01 -2.242949568912595143e-02 1.368183693528496008e+02 2.789724867324777646e-02 -2.972625870596842107e-02 9.991687010008915015e-01 3.737328333506493294e+00
1.693604891268084001e-01 -9.850278022531632205e-01 -3.220642033867581605e-02 4.787755497822871575e+01 9.851938834304034831e-01 1.700916876414786116e-01 -2.149022676925904304e-02 1.382322055524655298e+02 2.664651523274154735e-02 -2.808997300776420666e-02 9.992501772040746078e-01 3.824435990503761484e+00
1.688092612929027458e-01 -9.851737976083563275e-01 -3.059447348254294707e-02 4.811928718089892953e+01 9.853236166459150569e-01 1.694694528448805471e-01 -2.043220576127049645e-02 1.396585428298915303e+02 2.531410242450995995e-02 -2.669631170005208956e-02 9.993230224307129150e-01 3.882243163252141027e+00
1.681229556834356875e-01 -9.853266936488184191e-01 -2.942751357748718197e-02 4.835864936295685368e+01 9.854498961768046739e-01 1.687501131636552909e-01 -2.029535494585798377e-02 1.410727913281588428e+02 2.496345123155741322e-02 -2.558722513953416364e-02 9.993608557534503500e-01 3.903964225628597795e+00
1.674402716974965066e-01 -9.854450392693319127e-01 -2.935694114402167057e-02 4.859491674009497331e+01 9.855615363754886005e-01 1.680710195063286616e-01 -2.050830122876967643e-02 1.424851464404109151e+02 2.514385473739524923e-02 -2.549915648738747959e-02 9.993585840865011338e-01 3.929582401071188613e+00
1.668698547512214303e-01 -9.855783954372602240e-01 -2.810121034086937933e-02 4.882734730914663146e+01 9.856945692411653859e-01 1.674384117680321193e-01 -1.925082941258930355e-02 1.439022827637546129e+02 2.367842359153076240e-02 -2.448682731417928943e-02 9.994196953954358476e-01 3.956976998724440087e+00
1.660317545400719075e-01 -9.857621441741251100e-01 -2.657915720215733163e-02 4.906500084733099953e+01 9.858686118198323189e-01 1.665381110864495584e-01 -1.811457380658544961e-02 1.453343059450485555e+02 2.228310375109720382e-02 -2.319596234237892782e-02 9.994825714429586005e-01 4.011364758780956663e+00
1.647328923754189101e-01 -9.860052653404853817e-01 -2.562598077085308582e-02 4.931114490737073197e+01 9.861001875144783657e-01 1.652082917313069388e-01 -1.768164379050857216e-02 1.467887241802584128e+02 2.166781838440831609e-02 -2.235703611981828751e-02 9.995152167838154966e-01 4.049362710578925828e+00
1.632212541833575337e-01 -9.862505687690945599e-01 -2.585803135293738425e-02 4.954556262800846866e+01 9.863460568373466630e-01 1.637071190014120770e-01 -1.792861817529046997e-02 1.482323740268757319e+02 2.191525368846172772e-02 -2.257863571820080059e-02 9.995048408411412177e-01 4.086960495392332859e+00
1.613518093503693851e-01 -9.865554302817153287e-01 -2.596105932010487477e-02 4.977142344699069554e+01 9.866311433921851615e-01 1.618630283936789704e-01 -1.895644818674607421e-02 1.496613269838663882e+02 2.290372257934843864e-02 -2.255533242687939380e-02 9.994832046968679107e-01 4.120183680435705043e+00
1.598687522710264541e-01 -9.868050652712551107e-01 -2.564654367159994661e-02 5.000297081284689682e+01 9.868767312198849506e-01 1.603704748584877937e-01 -1.885810622566143693e-02 1.511179710651376240e+02 2.272222313199954297e-02 -2.229515527322559892e-02 9.994931848828597643e-01 4.140476713602118330e+00
1.588908062863809145e-01 -9.870292529131983184e-01 -2.295573068489750734e-02 5.023898698604043034e+01 9.870840508353126985e-01 1.592956647734836140e-01 -1.702844006138034758e-02 1.525667589325839231e+02 2.046431685187323490e-02 -1.995357306318107024e-02 9.995914498722958674e-01 4.187037880390540145e+00
1.578302969998588712e-01 -9.872651799142146967e-01 -1.992641156580532077e-02 5.047567907305807466e+01 9.873052859811251025e-01 1.581367784946328126e-01 -1.486713022302414526e-02 1.540287066438544059e+02 1.782889852641663525e-02 -1.732696789091952780e-02 9.996909055108192943e-01 4.234589870614312801e+00
1.564086147300688123e-01 -9.875628624764940522e-01 -1.599805911523019888e-02 5.070902234006140930e+01 9.875764949345479105e-01 1.566179105435914487e-01 -1.278658475717668261e-02 1.554978524525240005e+02 1.513313883547592366e-02 -1.379937513777610737e-02 9.997902606821059690e-01 4.274257692285924115e+00
1.545928351523797595e-01 -9.878935094440730591e-01 -1.294099369533311360e-02 5.093889525422252973e+01 9.878940120407385672e-01 1.547374505764456121e-01 -1.103369218147382501e-02 1.569819466453843972e+02 1.290256926362351106e-02 -1.107860042494383974e-02 9.998553837025742075e-01 4.311318779133834767e+00
1.532703285862578868e-01 -9.881258203150040664e-01 -1.075033031404567033e-02 5.116811429810218215e+01 9.881393754294330867e-01 1.533580218088468339e-01 -7.867138794211966241e-03 1.584700298719232023e+02 9.422372365316436862e-03 -9.417025734158618322e-03 9.999112653257445915e-01 4.324140547574661042e+00
1.520338250226998811e-01 -9.883321394082283939e-01 -9.235705805275266911e-03 5.140013679392890822e+01 9.883470744578759515e-01 1.520934548537888620e-01 -6.135258853256557628e-03 1.599504824850197906e+02 7.468363912199856014e-03 -8.195315942232444736e-03 9.999385282791547480e-01 4.327785587499752396e+00
1.502864611162617881e-01 -9.886047954363667012e-01 -8.633541878631842414e-03 5.162446374233942947e+01 9.886033199803042626e-01 1.503525144117126566e-01 -7.589277567468257456e-03 1.614331675419462044e+02 8.800870926827903187e-03 -7.394582496360582215e-03 9.999339302277094887e-01 4.340691444500190066e+00
1.479651230630653902e-01 -9.889674375921559957e-01 -7.051931603277619698e-03 5.184375873199452656e+01 9.889266268618337463e-01 1.480338404650018425e-01 -1.049327217115685745e-02 1.629245251232072746e+02 1.142142900899579573e-02 -5.421204625150228239e-03 9.999200775561039034e-01 4.360484671746751140e+00
1.453362146286831524e-01 -9.893742251770613061e-01 -4.003407635405642657e-03 5.207303254705308859e+01 9.893144305223778856e-01 1.453724547269367728e-01 -1.112685790545050839e-02 1.644035602924103046e+02 1.159061161409184748e-02 -2.343493536280846865e-03 9.999300804358556283e-01 4.388501267409269602e+00
1.422792068149062450e-01 -9.898264974251381743e-01 3.637350743962455791e-04 5.229437430477444337e+01 9.897772083856621883e-01 1.422684330620298254e-01 -1.003846175270148126e-02 1.658967215167722884e+02 9.884587417128689463e-03 1.788281062344015439e-03 9.999495472184760647e-01 4.435664451063534131e+00
1.386055200734909454e-01 -9.903381909096716784e-01 4.333293310598826387e-03 5.250516388122380107e+01 9.903191548774478159e-01 1.385669978958067594e-01 -8.195033676639500511e-03 1.673884043226333915e+02 7.515403380715339823e-03 5.427220273958728060e-03 9.999570310728972400e-01 4.453431335550744663e+00
1.346306664143762100e-01 -9.908585590176651747e-01 8.596492439209025768e-03 5.271159222968148583e+01 9.908771162521919917e-01 1.345697098464559427e-01 -7.316671345676195419e-03 1.688948755096808441e+02 6.092958933140954145e-03 9.503115977250569876e-03 9.999362812890439933e-01 4.474759829648193410e+00
1.305934078924630981e-01 -9.913859267113223073e-01 9.965246297279514026e-03 5.290910707771818267e+01 9.914232225651946617e-01 1.305340766113488593e-01 -6.391291079804173152e-03 1.703916861065148964e+02 5.035431806413435962e-03 1.071443708064906929e-02 9.999299201766931322e-01 4.513837299117106738e+00
1.266517874404092248e-01 -9.918919385907896125e-01 1.047410601220021865e-02 5.310476091753681516e+01 9.919463158259214097e-01 1.266302038083459702e-01 -2.701481600585607223e-03 1.718810239940907820e+02 1.353239642837080663e-03 1.073189834382369187e-02 9.999414958388349595e-01 4.511169248998767145e+00
1.225911937048053679e-01 -9.923823798624800130e-01 1.219062609186362563e-02 5.328965752672533540e+01 9.924561215165370598e-01 1.226003541883433079e-01 4.152785679333368140e-06 1.733626739145608440e+02 -1.498696227975656031e-03 1.209815239503565093e-02 9.999256915482485075e-01 4.485273497298714496e+00
1.191766282663027782e-01 -9.927611299754252050e-01 1.490872512968034053e-02 5.346606517416148563e+01 9.928727205636592723e-01 1.191505690960667357e-01 -2.627288450290057604e-03 1.748558395920063333e+02 8.318867669831126518e-04 1.511557785863008527e-02 9.998854070694335183e-01 4.494790435722386235e+00
1.163384735253539942e-01 -9.930601868227576512e-01 1.722860775977532941e-02 5.364858499243423751e+01 9.932003904019557350e-01 1.162450851477748043e-01 -6.329667004618165851e-03 1.763599405373560103e+02 4.282999322119273103e-03 1.784784375033210413e-02 9.998315410059188668e-01 4.557526551220754563e+00
1.145699629203337511e-01 -9.932621240915827654e-01 1.743778774703542284e-02 5.382164835227355582e+01 9.934060342264124932e-01 1.144759266933930292e-01 -6.301854508046428674e-03 1.778428537304948804e+02 4.263186482553743030e-03 1.804480680878061544e-02 9.998280903176549606e-01 4.596725715615432861e+00
1.141804104084942623e-01 -9.933406393380037613e-01 1.540156221017636475e-02 5.398742755164848006e+01 9.934579081981604887e-01 1.141343932796058669e-01 -3.837304943798993100e-03 1.793366364652563902e+02 2.053902987791604400e-03 1.573894882965116288e-02 9.998740255513463016e-01 4.585118656929688896e+00
1.154841309360509494e-01 -9.932000493933550445e-01 1.473354631383809628e-02 5.416851438495479698e+01 9.933087132101303673e-01 1.154548901356687723e-01 -2.822871693099723682e-03 1.808319776986583634e+02 1.102616334044808580e-03 1.496095681424198728e-02 9.998874706727863826e-01 4.538934484131178948e+00
1.167949773728034907e-01 -9.930094993457558861e-01 1.706069956296851417e-02 5.435907771660198051e+01 9.931536092100878843e-01 1.167393972158324578e-01 -4.221569691523045960e-03 1.823514910821780575e+02 2.200403022771160906e-03 1.743695348321030320e-02 9.998455435114774748e-01 4.554198897966862170e+00
1.170383028780785512e-01 -9.929149718160046323e-01 2.054006823362639414e-02 5.453947835976008918e+01 9.931252208496456069e-01 1.169696699055525757e-01 -4.515754037686138360e-03 1.838618359038375729e+02 2.081194791932343673e-03 2.092737598957263023e-02 9.997788323236440622e-01 4.609177855615604003e+00
1.162441344796321802e-01 -9.929235119899578743e-01 2.429404323305138849e-02 5.470749286424763369e+01 9.932199269811657905e-01 1.162392066845291810e-01 -1.619715061108882581e-03 1.853303485244218223e+02 -1.215667145670282180e-03 2.431761022139082573e-02 9.997035440501906844e-01 4.643868650514207275e+00
1.160760933542351742e-01 -9.928523863614486800e-01 2.775751155985792251e-02 5.486801186214083259e+01 9.932319018630486607e-01 1.161448569730831326e-01 8.725366545455999403e-04 1.867891559792374210e+02 -4.090192309701813980e-03 2.746836535141521443e-02 9.996143052356698533e-01 4.639905675772212135e+00
1.171507601735088944e-01 -9.926870439757784492e-01 2.912270786517381568e-02 5.505134370364635288e+01 9.931069301099018087e-01 1.172112855834075984e-01 3.740315114018684275e-04 1.882833102918985162e+02 -3.784806263954341825e-03 2.887814492858069987e-02 9.995757740096686828e-01 4.626433842254841444e+00
1.184239535316867209e-01 -9.925629235050585919e-01 2.818882957868771091e-02 5.523505824884014714e+01 9.929595782871288856e-01 1.184516754990839749e-01 -6.902603182073806330e-04 1.898010346941051409e+02 -2.653887294534230078e-03 2.807211168670965470e-02 9.996023776620766021e-01 4.635451087089411892e+00
1.198022716870484616e-01 -9.924629987389426145e-01 2.578006657726404985e-02 5.540906631349265865e+01 9.927792070352078335e-01 1.199184347110338195e-01 3.002514779248906251e-03 1.912997288238966007e+02 -6.071390052263088248e-03 2.523420596256311862e-02 9.996631297953687545e-01 4.635017554858488431e+00
1.214324678160420834e-01 -9.923037025482306372e-01 2.423876377166075957e-02 5.557205724951722203e+01 9.925484875582797351e-01 1.216380373615202348e-01 7.189416708547923147e-03 1.927838507693063548e+02 -1.008244047230853063e-02 2.318511970876744113e-02 9.996803462198367018e-01 4.623100402458245384e+00
1.237937856560709787e-01 -9.920213238464791194e-01 2.384935359329541996e-02 5.575013351387536886e+01 9.922500153280213731e-01 1.240105414250910337e-01 7.828965257145300075e-03 1.942778143790182526e+02 -1.072407173048435698e-02 2.269534422155890935e-02 9.996849081766636669e-01 4.617411358717148140e+00
1.266226991634107901e-01 -9.916816407010351497e-01 2.311310349293990360e-02 5.594727420822059116e+01 9.919139764460499498e-01 1.267847869668986827e-01 5.681648065771308619e-03 1.957867745044131880e+02 -8.564775978246199489e-03 2.220678477990656666e-02 9.997167115349134825e-01 4.629647187087095439e+00
1.286158562358159785e-01 -9.914361632559827164e-01 2.263395045025276900e-02 5.613817996327554027e+01 9.916687557765180294e-01 1.287434389131530688e-01 4.266820065132913113e-03 1.972894800445812109e+02 -7.144252331834447314e-03 2.189660076522829610e-02 9.997347140784635933e-01 4.614265084466563138e+00
1.293457908549985880e-01 -9.913086642490437361e-01 2.401663117241814582e-02 5.634202344971085097e+01 9.915697426907503775e-01 1.294917521597396259e-01 4.618603988246742023e-03 1.987902392427085942e+02 -7.688417801774808345e-03 2.321676780642749002e-02 9.997008902288363474e-01 4.600777856467395566e+00
1.289026067640869633e-01 -9.913251024747792295e-01 2.566435607591719889e-02 5.652739991637640316e+01 9.916214272805412566e-01 1.290747778580264571e-01 5.162042134988401899e-03 2.002652710287167395e+02 -8.429883007814791343e-03 2.478392471481098355e-02 9.996572883484645677e-01 4.624852894049197971e+00
1.279322273753006334e-01 -9.914493067031286966e-01 2.572192521332685583e-02 5.669916100467100506e+01 9.917501779950762542e-01 1.280956870095978639e-01 4.804104107334280366e-03 2.017235818139025696e+02 -8.057893367956805650e-03 2.489512416969884290e-02 9.996575929522298898e-01 4.644120784577121519e+00
1.281114472105148450e-01 -9.914729633175923817e-01 2.384994976639940797e-02 5.688900010956293585e+01 9.917368035501690215e-01 1.282351169755705511e-01 3.723876791135753359e-03 2.032111638244519725e+02 -6.750524255292662812e-03 2.317580170121500555e-02 9.997086138659528887e-01 4.636331366394054854e+00
1.288925981861807624e-01 -9.914166693319838020e-01 2.190173288787812533e-02 5.709717786571518872e+01 9.916392606991378811e-01 1.289964380617269479e-01 3.390517284258564180e-03 2.047395631747774871e+02 -6.186660883187784267e-03 2.128160562700221609e-02 9.997543790797084329e-01 4.616010771549239777e+00
1.293832752211218351e-01 -9.913283987266255926e-01 2.297768419923595234e-02 5.729530246075554345e+01 9.915602761750219596e-01 1.295370177008543233e-01 5.327265422603107321e-03 2.062419522522586419e+02 -8.257530185821908980e-03 2.209449984210821311e-02 9.997217844340281490e-01 4.575379211127682311e+00
1.294421487096363010e-01 -9.911049803784703904e-01 3.091355700051995337e-02 5.748491229789651413e+01 9.915027367467171837e-01 1.297746011525656995e-01 8.993103994886947686e-03 2.077294676635558233e+02 -1.292490468834353243e-02 2.948678966392378337e-02 9.994816036696787531e-01 4.583526167704726539e+00
1.295695153295363944e-01 -9.908997058561366256e-01 3.646249623231045955e-02 5.767937247597136263e+01 9.914780407240405546e-01 1.299715563965544718e-01 8.870698387107075339e-03 2.092080353762441973e+02 -1.352905980793977885e-02 3.500239223366692631e-02 9.992956504851974175e-01 4.633934426293458309e+00
1.298546917540572831e-01 -9.907901213382966921e-01 3.837570179035543205e-02 5.787657111485135175e+01 9.914701477144232111e-01 1.301850648226589580e-01 6.228570322336390332e-03 2.106762879734173737e+02 -1.116714917062421389e-02 3.723955364345288982e-02 9.992439694208004042e-01 4.659324081989221433e+00
1.302479967795223681e-01 -9.909223245144549441e-01 3.329273364851528805e-02 5.807420606431153232e+01 9.914290917574229978e-01 1.305127457509822619e-01 5.897390405206162645e-03 2.121804161839864094e+02 -1.018898189091995907e-02 3.223926139676441815e-02 9.994282438837805982e-01 4.632325837738010321e+00
1.314515934079719950e-01 -9.909186906192360977e-01 2.829535601408631265e-02 5.826357308905541998e+01 9.912792445272436970e-01 1.316592078142307942e-01 5.595745457586793169e-03 2.136791496882794092e+02 -9.270272919506656120e-03 2.731302947656768371e-02 9.995839436789739629e-01 4.526702119202359320e+00
1.322364074689617308e-01 -9.908252671625683572e-01 2.790739134938201305e-02 5.844792439652716354e+01 9.911721226585463729e-01 1.324493275986542984e-01 5.915985396882110850e-03 2.152007342156020968e+02 -9.558023030653700625e-03 2.687871966610718907e-02 9.995930064905698131e-01 4.493042746623880035e+00
1.327348700901751499e-01 -9.906895621269192764e-01 3.025963904142695698e-02 5.864790897137574888e+01 9.910876461322548625e-01 1.330111968608957418e-01 7.300629675507127117e-03 2.167020987561093079e+02 -1.125752842195781346e-02 2.902090629882459957e-02 9.995154101120321544e-01 4.543818666656445515e+00
1.329992744071480104e-01 -9.905981080825126961e-01 3.204030696667733991e-02 5.885415194831249863e+01 9.910227452091567857e-01 1.333610105489683451e-01 9.421217727291420624e-03 2.181927816441303776e+02 -1.360556817186352706e-02 3.049965784569912131e-02 9.994421741081452870e-01 4.600423731650442605e+00
1.330349317790186503e-01 -9.906019898338798146e-01 3.177112940563554117e-02 5.905328681848254035e+01 9.910227286077718523e-01 1.333833411857316964e-01 9.101410711386334271e-03 2.196779520602157731e+02 -1.325361495436258585e-02 3.027510580144144106e-02 9.994537306245613317e-01 4.589919473561328012e+00
1.328517732688790365e-01 -9.907060819192231582e-01 2.918673650095269384e-02 5.924039122732233409e+01 9.910864300163310103e-01 1.330817948376759319e-01 6.076522053559967225e-03 2.211679934129381309e+02 -9.904270634379220770e-03 2.811930175243365290e-02 9.995555063587797662e-01 4.542008423311309606e+00
1.331223067454427034e-01 -9.907322608655186880e-01 2.698219277727734525e-02 5.944056250056070212e+01 9.910698276662487372e-01 1.332800437801605065e-01 4.126332457608999221e-03 2.226637223386911160e+02 -7.684278519449968398e-03 2.619193025067825809e-02 9.996273979105311236e-01 4.496786493217958203e+00
1.334123109488427883e-01 -9.906900157667186679e-01 2.710070012800357489e-02 5.965171732358312795e+01 9.910253488743769879e-01 1.335883815252198181e-01 4.785625339720781836e-03 2.241652682870440287e+02 -8.361409911561881736e-03 2.621901946318712720e-02 9.996212531967695325e-01 4.479898345766985202e+00
1.335790129954942673e-01 -9.906086110686694868e-01 2.917579414088113110e-02 5.985733274987182995e+01 9.909993010783483269e-01 1.337766011006951417e-01 4.919985789712325031e-03 2.256575392461296303e+02 -8.776818864205154086e-03 2.825598475627733724e-02 9.995621875481675023e-01 4.514175369690455852e+00
1.334428615146385222e-01 -9.905828517916217546e-01 3.063684786597557427e-02 6.004673852234464704e+01 9.910190581119394659e-01 1.336427862746738804e-01 4.564223446137900993e-03 2.271572974108008225e+02 -8.615635188971714972e-03 2.975263707841305227e-02 9.995201605856536275e-01 4.543399650623645591e+00
1.336521240005159317e-01 -9.905574466203069806e-01 3.054594400585054076e-02 6.024039662445835575e+01 9.909946284398475358e-01 1.338381955031179293e-01 4.121143996273906977e-03 2.286519005431754294e+02 -8.170443899785984759e-03 2.972006678200826355e-02 9.995248678632030481e-01 4.543072681706890492e+00
1.336549134836001740e-01 -9.905923062445729510e-01 2.938106381242257606e-02 6.044554182704099787e+01 9.910031541209357586e-01 1.338024711211579787e-01 3.106001324693304522e-03 2.301263479090551982e+02 -7.008039957697193012e-03 2.870159457120742552e-02 9.995634576378937819e-01 4.503433927390911862e+00
1.337205818191080087e-01 -9.906294223138499833e-01 2.778765272719289220e-02 6.064319579699932206e+01 9.910065624023148834e-01 1.338072163010380899e-01 1.273633116028837940e-03 2.316318272862233130e+02 -4.979886896937044810e-03 2.736743524510527534e-02 9.996130372372095119e-01 4.485730353753472066e+00
1.342774999122835489e-01 -9.905722537973357111e-01 2.713232434152155342e-02 6.084618597625190972e+01 9.909349060424010869e-01 1.343417586020828336e-01 5.512553287865994611e-04 2.331567330326871286e+02 -4.191062400456017044e-03 2.681234608471482622e-02 9.996316987237795493e-01 4.495159397202467488e+00
1.350376173292673898e-01 -9.904726792739328989e-01 2.699469425556274421e-02 6.105430879966594659e+01 9.908305250487348115e-01 1.351082164467281577e-01 8.003000893678294259e-04 2.346736542340997858e+02 -4.439880368133124026e-03 2.663909646555265992e-02 9.996352564819909192e-01 4.516222784064098050e+00
1.355440870807428089e-01 -9.904104221540112052e-01 2.673941185144957863e-02 6.125987865599714155e+01 9.907614075377854101e-01 1.356140593288801544e-01 8.125552841310263938e-04 2.361711305359629023e+02 -4.431003407221504979e-03 2.638224025848454404e-02 9.996421077604468186e-01 4.539013454047113427e+00
1.360442598438500461e-01 -9.903934532894135279e-01 2.475413187751548602e-02 6.145828868081571272e+01 9.906966363264253506e-01 1.360887995795844463e-01 1.157605053318372097e-04 2.376753026117633283e+02 -3.483408538475913502e-03 2.450808663396831372e-02 9.996935628253770245e-01 4.537133270665717255e+00
1.373131825455584099e-01 -9.903114185875149245e-01 2.069744221863674405e-02 6.166009865774677223e+01 9.905229791973887421e-01 1.373469432703584570e-01 2.117928669612453147e-04 2.391827366760489610e+02 -3.052471316771708867e-03 2.047221017556698219e-02 9.997857625658548297e-01 4.523003550026443165e+00
1.398036183737810523e-01 -9.900057421883565745e-01 1.853587666336510564e-02 6.185516751032508864e+01 9.901688656626429497e-01 1.398633896422870893e-01 1.962067818666755111e-03 2.407093057221909191e+02 -4.534948947172661067e-03 1.807934378928252248e-02 9.998262706921615672e-01 4.495776830262624202e+00
1.433787919743797212e-01 -9.894948388081554747e-01 1.850637684664558497e-02 6.206864356562169860e+01 9.896364622672747524e-01 1.434981813978550846e-01 5.286254498332739436e-03 2.422563559166327423e+02 -7.886352964483634570e-03 1.755664852785927127e-02 9.998147676091750924e-01 4.502493290496230038e+00
1.469444722637100742e-01 -9.889307707512583479e-01 2.057310702013477599e-02 6.229382201434267330e+01 9.890883431609732712e-01 1.471264126864321731e-01 7.620243638023338657e-03 2.438091843508028660e+02 -1.056274084794925697e-02 1.922886765630826486e-02 9.997593106115267858e-01 4.518437069710317999e+00
1.499288444268410125e-01 -9.884615638822822348e-01 2.156567495408191065e-02 6.253124995831271349e+01 9.886403422825864595e-01 1.501176928594845361e-01 7.412955005669138488e-03 2.453307945304620716e+02 -1.056481046695703814e-02 2.020928049037040014e-02 9.997399510682060120e-01 4.536299627925068023e+00
1.527441895780802805e-01 -9.880471744279191171e-01 2.078445705668069410e-02 6.275823006604582588e+01 9.882303682032349545e-01 1.528829246818261822e-01 5.248876225455368326e-03 2.468407742041502502e+02 -8.363725906232206270e-03 1.973809630477505600e-02 9.997702014179202790e-01 4.519371722156918736e+00
1.556983304325300077e-01 -9.876225367423798751e-01 1.896720377571290209e-02 6.299462725436542598e+01 9.877845195594074923e-01 1.557890425261387879e-01 3.393692322514824979e-03 2.483925070312431274e+02 -6.306569536101686198e-03 1.820711804036069525e-02 9.998143467831168696e-01 4.496114273695836161e+00
1.586060361572828037e-01 -9.871765513083876620e-01 1.807157550832260567e-02 6.322638979317780183e+01 9.873249623009353604e-01 1.586841048702015144e-01 2.962039668837252587e-03 2.499475455830973374e+02 -5.791727888253806432e-03 1.737272023665821508e-02 9.998323081795503775e-01 4.482251742207437495e+00
1.618523913697912653e-01 -9.866444950045901718e-01 1.834240674004753574e-02 6.347893447611340889e+01 9.867910704623238383e-01 1.619498968104509939e-01 3.951478065930552272e-03 2.514901785124686739e+02 -6.869254959687761536e-03 1.746056700745070994e-02 9.998239554722007094e-01 4.483352740042333195e+00
1.648813834946942780e-01 -9.861359242427004679e-01 1.871011210202686709e-02 6.373427165847605380e+01 9.862780665669761415e-01 1.650063832617605641e-01 5.335624778834601595e-03 2.530421267950031279e+02 -8.348939201065840726e-03 1.757362799389562344e-02 9.998107134919835826e-01 4.485071966127336829e+00
1.673653043829581855e-01 -9.857061544535676845e-01 1.929331389780282804e-02 6.399313797111337010e+01 9.858334978077040178e-01 1.675413193008461754e-01 7.888024287472974669e-03 2.545955914269067364e+02 -1.100770135076454409e-02 1.769981353831988000e-02 9.997827499570500764e-01 4.485317914719699317e+00
1.686730926551491538e-01 -9.854421184994551774e-01 2.128893847643773332e-02 6.425265702401452472e+01 9.855693510535059598e-01 1.689279495168900525e-01 1.078898215729072636e-02 2.561520330600155830e+02 -1.422821415774922459e-02 1.916191429176929834e-02 9.997151489112067191e-01 4.469175756566166946e+00
1.696067220283813959e-01 -9.852186300464367275e-01 2.403769648302550924e-02 6.452683404659711641e+01 9.853919836655751219e-01 1.699160152929356238e-01 1.145365769500086318e-02 2.576951951612691687e+02 -1.536874654650626122e-02 2.174393608327528440e-02 9.996454385796974540e-01 4.470168493153028777e+00
1.703598588256591828e-01 -9.850460736497790304e-01 2.572452697437691005e-02 6.478181590752596719e+01 9.852874108922324847e-01 1.706470150032683430e-01 9.397563926648033750e-03 2.592517497187006938e+02 -1.364684718836590288e-02 2.374508491516236219e-02 9.996248969009271512e-01 4.472233454584455536e+00
1.709546895369751518e-01 -9.849379436779879260e-01 2.591797115310665034e-02 6.504290583426899275e+01 9.852085800345774524e-01 1.711975919465174578e-01 7.445692577976476857e-03 2.607788484361517476e+02 -1.177063938656175077e-02 2.426173149407361354e-02 9.996363440938614842e-01 4.461294136450406178e+00
1.717853272880947857e-01 -9.848017875063468374e-01 2.559766889437850579e-02 6.531790285252876060e+01 9.850622884865802842e-01 1.720291593579121314e-01 7.632570483875785773e-03 2.623242293587043150e+02 -1.192011451721114272e-02 2.390413468239618866e-02 9.996431879500717876e-01 4.440690178938322852e+00
1.726653732898119076e-01 -9.846447974748970822e-01 2.571559200774993850e-02 6.559150502482383160e+01 9.848932599511366348e-01 1.729387777877859356e-01 8.800320453823600592e-03 2.638947797480362283e+02 -1.311241280287894426e-02 2.380760262785680884e-02 9.996305631019896110e-01 4.415087803154392532e+00
1.735411232281820204e-01 -9.844953236180423728e-01 2.554283310260063722e-02 6.586067229269795575e+01 9.847281973716649484e-01 1.738320863695464458e-01 9.632395837070487771e-03 2.654646586561555068e+02 -1.392321262684795627e-02 2.348113120394553638e-02 9.996273208688979395e-01 4.401653326632958496e+00
1.739889324535802972e-01 -9.844139628203172343e-01 2.563203441131099020e-02 6.613241760695508731e+01 9.846568065619207832e-01 1.742674104874942509e-01 9.046708421502127132e-03 2.670376493178432611e+02 -1.337253435007633787e-02 2.366473000865077295e-02 9.996305096777877708e-01 4.397550953276621044e+00
1.731024325598379821e-01 -9.845772225845260683e-01 2.536218858078462604e-02 6.640702714895510894e+01 9.848332671398781768e-01 1.733408673236634945e-01 7.508638363492519709e-03 2.685949140045592571e+02 -1.178913807113858743e-02 2.367776347589916480e-02 9.996501286651839902e-01 4.382789446806681255e+00
1.708909377723577261e-01 -9.849481761120154610e-01 2.594952332700012007e-02 6.668160673629213875e+01 9.852248873463694823e-01 1.711230422401079088e-01 6.987543761871673094e-03 2.701480453587920465e+02 -1.132292986015527754e-02 2.437200829034404798e-02 9.996388330148431312e-01 4.372510808771083113e+00
1.670919614272194653e-01 -9.855646337792678402e-01 2.725122143945601580e-02 6.694246282513218205e+01 9.858541482953409041e-01 1.673808841835889571e-01 8.673978256155888758e-03 2.717054893586273465e+02 -1.311009974305650701e-02 2.541637766200449330e-02 9.995909828681276421e-01 4.371294454063306745e+00
1.633999694730314534e-01 -9.861411694354252910e-01 2.874097981531713655e-02 6.720535692402026484e+01 9.864479851667526944e-01 1.637508961940563612e-01 1.029643414478189321e-02 2.732625764738698990e+02 -1.486009881080350113e-02 2.666904460559945539e-02 9.995338611188505640e-01 4.356363698846033472e+00
1.606733544135874048e-01 -9.865596079564519227e-01 2.973572145244733969e-02 6.745909258467915492e+01 9.868968994642562942e-01 1.610336818346098653e-01 1.013228220232109331e-02 2.748310736631478335e+02 -1.478455306472199401e-02 2.771810353544103614e-02 9.995064400628317358e-01 4.341864262740036118e+00
1.577478655222981918e-01 -9.870171640224858489e-01 3.021140261835507032e-02 6.772390380480776173e+01 9.873721791600811315e-01 1.581077841669024098e-01 9.904968778594118103e-03 2.764120593515813198e+02 -1.455303211814148664e-02 2.826741075587959826e-02 9.994944535840739608e-01 4.328493629593045178e+00
1.546101808512334863e-01 -9.874947458539333756e-01 3.081913185060005528e-02 6.797373666087314348e+01 9.878659408288457122e-01 1.549824501484367012e-01 1.006593742914437158e-02 2.779768394104548292e+02 -1.471648488902821232e-02 2.888887427476405020e-02 9.994742908227545186e-01 4.316138602453246875e+00
1.516102618139987535e-01 -9.879644934485399821e-01 3.066738002602851718e-02 6.820542697745044336e+01 9.883322864541816966e-01 1.519794775764159722e-01 1.007620701699235045e-02 2.795435779889813261e+02 -1.461574715641867500e-02 2.878190543674579924e-02 9.994788551312577818e-01 4.315836925089379328e+00
1.489303207051863309e-01 -9.883935039741964523e-01 2.996733014902008482e-02 6.844237256122080737e+01 9.887469314982866297e-01 1.492793648499072534e-01 9.755853767415004901e-03 2.811182699630936099e+02 -1.411612650032835481e-02 2.817716329970567854e-02 9.995032678490893829e-01 4.300202497247031630e+00
1.468412363120880915e-01 -9.887307934564069090e-01 2.913879526339080081e-02 6.868741732319840310e+01 9.890731965154483385e-01 1.471550362359254627e-01 8.922289230754500491e-03 2.826677147405994788e+02 -1.310966258342691898e-02 2.751024139239311925e-02 9.995355538276170515e-01 4.278335531060328378e+00
1.450313130557846775e-01 -9.890284811279667077e-01 2.808169779451061623e-02 6.891227541522532363e+01 9.893535378545802450e-01 1.453081180580038934e-01 8.070189654965795323e-03 2.842198335676710030e+02 -1.206214607525936400e-02 2.661229685969334485e-02 9.995730540025129507e-01 4.270028691260284504e+00
1.435330426181208596e-01 -9.892529506877262291e-01 2.787230224455025662e-02 6.912445712179075485e+01 9.895689320075063966e-01 1.438153941896894439e-01 8.394116962934164775e-03 2.857811720609109329e+02 -1.231237110827465564e-02 2.637673121694769987e-02 9.995762470006982481e-01 4.270662712358034518e+00
1.420290255565936355e-01 -9.894938337406689044e-01 2.701312437757536974e-02 6.934744317753339260e+01 9.897822815514033534e-01 1.423120307331741663e-01 8.849917259445189838e-03 2.873468537646374443e+02 -1.260123114395667390e-02 2.548016675365290945e-02 9.995959033908965452e-01 4.274518981700710540e+00
1.409875105011581253e-01 -9.896657406964055603e-01 2.615804989904289835e-02 6.956914679079311270e+01 9.899287481514120746e-01 1.412678844755390350e-01 9.190125090781573608e-03 2.889098242294954275e+02 -1.279044432630432361e-02 2.459891273289818367e-02 9.996155751219040209e-01 4.265411299406968837e+00
1.410202329758856732e-01 -9.896776312370553219e-01 2.552410861201782205e-02 6.978686457482331207e+01 9.899233018398334583e-01 1.412961475105856402e-01 9.341047756489662471e-03 2.904804164291147686e+02 -1.285108423243475247e-02 2.394963314286816317e-02 9.996305641117486651e-01 4.254746310011200627e+00
1.410795993845784801e-01 -9.896740420269770633e-01 2.533450562912216084e-02 7.001335254998319613e+01 9.898778860128326640e-01 1.414152942748845010e-01 1.197853613400287100e-02 2.920211552721897306e+02 -1.543753284215582805e-02 2.338813979633682510e-02 9.996072616265921917e-01 4.241050315801539128e+00
1.401457477871220492e-01 -9.898031034095170488e-01 2.547520084468858984e-02 7.022763498434161988e+01 9.899699698066661835e-01 1.405404306778896550e-01 1.441687295713843867e-02 2.935448797387040258e+02 -1.785016129275461896e-02 2.319922036970500923e-02 9.995714921485409077e-01 4.236049254838873956e+00
1.391899719675581126e-01 -9.899455394600066294e-01 2.517897152202117073e-02 7.043636287276602559e+01 9.901053737227134555e-01 1.395799601337775475e-01 1.444934789045745557e-02 2.950960803860107831e+02 -1.781854733351743297e-02 2.291863068094206549e-02 9.995785290504363152e-01 4.236853686154782750e+00
1.386372484253232673e-01 -9.900715500314719586e-01 2.319567130594914206e-02 7.065297660379046363e+01 9.901721499729044806e-01 1.390106091505583230e-01 1.533505662287979604e-02 2.966138972652275356e+02 -1.840724767833108039e-02 2.084169767243388566e-02 9.996133236762300145e-01 4.215528044714623057e+00
1.384184923652319599e-01 -9.901300553557585982e-01 2.197258411153856991e-02 7.086546440478387865e+01 9.901913299388450662e-01 1.387848210948746941e-01 1.612152435736735959e-02 2.981578160660068875e+02 -1.901186695929129797e-02 1.952554518742135800e-02 9.996285820242717390e-01 4.193687996820514741e+00
1.383526644293785191e-01 -9.901482684544020696e-01 2.156262326436559143e-02 7.107264482155405005e+01 9.901785225189684292e-01 1.387337340572854794e-01 1.730446695726242656e-02 2.996923788510313784e+02 -2.012545123579572229e-02 1.895672733547526523e-02 9.996177312859572117e-01 4.179044051492438960e+00
1.385032304822689520e-01 -9.901283104310963923e-01 2.151241569043320020e-02 7.127884433267102793e+01 9.901377388631188436e-01 1.389014173733901236e-01 1.826620734290393053e-02 3.012152548069116733e+02 -2.107399404494025505e-02 1.877032590355787178e-02 9.996017014993862082e-01 4.160506894977971548e+00
1.388738400338800361e-01 -9.900984877587688526e-01 2.047049320469941300e-02 7.148831264357414739e+01 9.901015613178011376e-01 1.392391000125858258e-01 1.764571629994646576e-02 3.027276616155916713e+02 -2.032129007463332956e-02 1.781733890019632574e-02 9.996347270899597071e-01 4.146371352751470063e+00
1.395465539506945130e-01 -9.900191231919405199e-01 1.972042075482863949e-02 7.169092346772310975e+01 9.900388915960137703e-01 1.398701217607682123e-01 1.610410401000651401e-02 3.042327347300289944e+02 -1.870166858392990558e-02 1.727671128685760032e-02 9.996758288761850020e-01 4.135471644536605318e+00
1.402083118341129753e-01 -9.899281713129169935e-01 1.959196094555612846e-02 7.189158485856064829e+01 9.899670364754090679e-01 1.405090200825334090e-01 1.491582942858646170e-02 3.057245461381600080e+02 -1.751844698381132062e-02 1.730407225222646908e-02 9.996967905814068134e-01 4.115009074907998610e+00
1.415901719421032434e-01 -9.897231327533609901e-01 2.000859071195540753e-02 7.210260833451197016e+01 9.897630024953507633e-01 1.419040866393243006e-01 1.524562515765277501e-02 3.072183277522119056e+02 -1.792824868173563402e-02 1.764513213132866062e-02 9.996835635396201791e-01 4.104993393484047459e+00
1.443154987009016565e-01 -9.893578871449935086e-01 1.854745208119766911e-02 7.233294758869178054e+01 9.892867363756838728e-01 1.446714850984550937e-01 1.954263622328721028e-02 3.087210421843261088e+02 -2.201794872049392393e-02 1.552844304499842627e-02 9.996369728009962818e-01 4.085600590057167913e+00
1.477407770773329909e-01 -9.888100801068944179e-01 2.067095226599083985e-02 7.255105060197027456e+01 9.886731967866547732e-01 1.482140929303140398e-01 2.361975047499327227e-02 3.102038595195205062e+02 -2.641917379939258403e-02 1.694721616789330101e-02 9.995072881774880180e-01 4.056099291296265896e+00
1.528103657895409639e-01 -9.880220936778327800e-01 2.147869902341421194e-02 7.276064017479039592e+01 9.877681552756012451e-01 1.533814182773999557e-01 2.807511265603702261e-02 3.116823442303559659e+02 -3.103326490562337281e-02 1.692580667752613399e-02 9.993750314759781705e-01 4.047979481389090139e+00
1.597293707319129008e-01 -9.869245396536316939e-01 2.159817480840230813e-02 7.299296701755514505e+01 9.866452683278109648e-01 1.603147636474564208e-01 2.881477126410057071e-02 3.131665392836725914e+02 -3.190051115467257975e-02 1.670717169742826427e-02 9.993514035623021208e-01 4.017844875183517850e+00
1.670617326776006328e-01 -9.857053872041634524e-01 2.180062181333234858e-02 7.323886741212511708e+01 9.855225439161092726e-01 1.675973944611399979e-01 2.562086655360602122e-02 3.146285797929751311e+02 -2.890835360027559434e-02 1.720473790928131116e-02 9.994339918601899964e-01 3.985944583373504990e+00
1.733897471688667091e-01 -9.846112174775766279e-01 2.183451382653281078e-02 7.349651152143212585e+01 9.844744247336897347e-01 1.738953380324646802e-01 2.388552816761732589e-02 3.160684165487986093e+02 -2.731487913185206423e-02 1.735401474873767003e-02 9.994762306078683878e-01 3.972551771254059005e+00
1.783616160613919477e-01 -9.837173150836029389e-01 2.207663744043507001e-02 7.375250566748309211e+01 9.835105601668978625e-01 1.789161812724333889e-01 2.638139721631304474e-02 3.175141166720186447e+02 -2.990170490396413736e-02 1.700717741418469875e-02 9.994081468350349828e-01 3.944915251065957307e+00
1.828425511428896644e-01 -9.828694332200852424e-01 2.315769274319318463e-02 7.399351851177611650e+01 9.826064857963846544e-01 1.834697093063530071e-01 2.869424747090976516e-02 3.189486144807095229e+02 -3.245143390420941742e-02 1.750836967483494766e-02 9.993199494800902860e-01 3.894303646385196327e+00
1.862310567695752150e-01 -9.821821836809955242e-01 2.522204500271055597e-02 7.425945227955615735e+01 9.819404036251379031e-01 1.869334274224656589e-01 2.913653103222351229e-02 3.203938313979926988e+02 -3.333222499307869624e-02 1.934041808548248725e-02 9.992571796115801153e-01 3.847733222202435410e+00
1.883630592259654679e-01 -9.816879436271206405e-01 2.842779020942179380e-02 7.455197630050950863e+01 9.815160558661835122e-01 1.891698601105896160e-01 2.899993280390971914e-02 3.218209001904879187e+02 -3.384656549676428455e-02 2.243981646305111266e-02 9.991750920840540839e-01 3.836129055145395927e+00
1.898032253428583171e-01 -9.813797659111511695e-01 2.947016643356382623e-02 7.482042635764155136e+01 9.812571475145823729e-01 1.906266779503480169e-01 2.821134709933182522e-02 3.232256655217730099e+02 -3.330384513825462162e-02 2.356320678065878041e-02 9.991674680378754836e-01 3.832227367297096343e+00
1.917537875754772581e-01 -9.810241246007338489e-01 2.867319134353124230e-02 7.508300875221875970e+01 9.809175100417791837e-01 1.925252652017378496e-01 2.710831518992910111e-02 3.246094702190363819e+02 -3.211422494619447371e-02 2.292791334518941987e-02 9.992211904006744749e-01 3.799053982232650561e+00
1.940096330575379613e-01 -9.806273794562186952e-01 2.702230452253138668e-02 7.535680227594730241e+01 9.805003993331878887e-01 1.947159946039630496e-01 2.654521336980124671e-02 3.260153428737734203e+02 -3.129263792553023393e-02 2.134535326993585239e-02 9.992823158174286569e-01 3.744026561142730358e+00
1.958507778378225372e-01 -9.802696399125166993e-01 2.671901731172764832e-02 7.563733652637849048e+01 9.801267836817691981e-01 1.965528358177325019e-01 2.680430267024221797e-02 3.274352516532665049e+02 -3.152714274954758478e-02 2.093838097351377256e-02 9.992835550894739738e-01 3.702851414576511235e+00
1.971573560904174016e-01 -9.799931936466012017e-01 2.724550138594216200e-02 7.591653361454334004e+01 9.798462477566628470e-01 1.978854498553963004e-01 2.725214657079447558e-02 3.288307857904457023e+02 -3.209840644993110920e-02 2.132344113557801610e-02 9.992572257239437095e-01 3.687304243595665554e+00
1.979668998003643043e-01 -9.797969907255246191e-01 2.840710384109922104e-02 7.618798808988833571e+01 9.796847453230279612e-01 1.987254192690567356e-01 2.694452667410926136e-02 3.301977938153557375e+02 -3.204537977285792927e-02 2.249588187967047070e-02 9.992332204914271543e-01 3.660886072645784139e+00
1.988485233644219918e-01 -9.796084416562657049e-01 2.875005724466664012e-02 7.646186626927105578e+01 9.795037675726412374e-01 1.996176070991194929e-01 2.692917093085456584e-02 3.315693508705820705e+02 -3.211906080181269052e-02 2.280596351405153599e-02 9.992238257574752591e-01 3.646144598298094675e+00
2.000094812520519238e-01 -9.793689197567538862e-01 2.885699956291346707e-02 7.674747264167793048e+01 9.792477659054857897e-01 2.007945478259010319e-01 2.748385949074526671e-02 3.329407219483250060e+02 -3.271116595904501739e-02 2.276111987317035179e-02 9.992056400179689657e-01 3.609420459419901750e+00
2.011213657596317150e-01 -9.791419013880977573e-01 2.883284899348417460e-02 7.703682708238105192e+01 9.789828398704879531e-01 2.019302652154963684e-01 2.857913975461894365e-02 3.343171480407406762e+02 -3.380525808354635509e-02 2.247898876951373581e-02 9.991756099854544049e-01 3.564112752066199707e+00
2.019584616399729970e-01 -9.789575022967920148e-01 2.924018585511955690e-02 7.731405003690544220e+01 9.787474938367385358e-01 2.028198449215821708e-01 3.028950006667268172e-02 3.356789698156109125e+02 -3.558262329170196886e-02 2.250153778770964605e-02 9.991133858160790027e-01 3.525341918847681555e+00
2.021308938521413634e-01 -9.788674654725221247e-01 3.100946290949192774e-02 7.759059017993617147e+01 9.785254095920120632e-01 2.031634191252416066e-01 3.482309452255376997e-02 3.370256350834283126e+02 -4.038718278513198090e-02 2.330472417219749820e-02 9.989122910936365507e-01 3.494785845145090164e+00
2.023892500206465050e-01 -9.787485208082309374e-01 3.301400447961260615e-02 7.785702853469661022e+01 9.782000245938486938e-01 2.036470570457698248e-01 4.065203612601804573e-02 3.383894602283474455e+02 -4.651132507975189179e-02 2.406676489054146786e-02 9.986278022702097523e-01 3.451818572112947958e+00
2.032987101397392971e-01 -9.785368289764905247e-01 3.369434362252503312e-02 7.813697234199779018e+01 9.778878231292144063e-01 2.046469266801245745e-01 4.307018430406640841e-02 3.397361514163532092e+02 -4.904120544118793779e-02 2.419317542230119134e-02 9.985037057677156325e-01 3.398754312628445629e+00
2.043308182534350481e-01 -9.783770619595472118e-01 3.205060597377625692e-02 7.841836753373553393e+01 9.778121279124276644e-01 2.055384184429179251e-01 4.046481250858349754e-02 3.410694102287533269e+02 -4.617747523687894956e-02 2.307126297775022317e-02 9.986667900783320340e-01 3.352745846733612645e+00
2.052963475939853788e-01 -9.782423998061826609e-01 2.992017523361746242e-02 7.869608610419605554e+01 9.777895146586220720e-01 2.063277967529860979e-01 3.683076581766013546e-02 3.423973750264225373e+02 -4.220278057458289045e-02 2.169441191872471114e-02 9.988735044054749546e-01 3.309492698615017048e+00
2.061606186733480339e-01 -9.780809940966763705e-01 2.924668006936517739e-02 7.896741087110635249e+01 9.776537604203240361e-01 2.071425079633996691e-01 3.584837695953287107e-02 3.437376573781052684e+02 -4.112084683250374906e-02 2.120260317721231122e-02 9.989291894695476737e-01 3.255086055748776630e+00
2.069362324922482677e-01 -9.779005043953162835e-01 2.979931518173776703e-02 7.924883790112059501e+01 9.774071324376651937e-01 2.079799785607085449e-01 3.767792427759208973e-02 3.450827381187041851e+02 -4.304292208824742755e-02 2.132913550225537178e-02 9.988455210075437574e-01 3.208214397104355076e+00
2.077123621641208673e-01 -9.777163161337227848e-01 3.043648747972155233e-02 7.953388001898709092e+01 9.772143106599052720e-01 2.087940661591269342e-01 3.817366865032118667e-02 3.464124955146792217e+02 -4.367797666659380129e-02 2.181382824357627065e-02 9.988074845793217804e-01 3.166069776112830692e+00
2.085635508076824907e-01 -9.775574511764337782e-01 2.970984557222687214e-02 7.980923134394872420e+01 9.770956993956818604e-01 2.095850509084454805e-01 3.685241726356529302e-02 3.477320224368461368e+02 -4.225209458659849593e-02 2.134329133799721043e-02 9.988789838703717727e-01 3.127934137655254521e+00
2.092623104639170784e-01 -9.774498980833707940e-01 2.830162815300926032e-02 8.009162147351949557e+01 9.770004185877868563e-01 2.102038242783108024e-01 3.584040091939099532e-02 3.490513147093756174e+02 -4.098130669699110579e-02 2.015065744786108393e-02 9.989566975128733040e-01 3.082760392794650528e+00
2.099912552227627405e-01 -9.773257609175385330e-01 2.716670346071882805e-02 8.037431164868432631e+01 9.768629813160674136e-01 2.108815253511739374e-01 3.560474687238759928e-02 3.503716191713066905e+02 -4.052639219389193165e-02 1.906146144754591876e-02 9.989966327386846645e-01 3.038204519362201150e+00
2.105765740479951520e-01 -9.771860945513310970e-01 2.765579645799666128e-02 8.065339036777591275e+01 9.766943783134927060e-01 2.115043026503300172e-01 3.652425675106109326e-02 3.516923747260001392e+02 -4.154031575504750495e-02 1.932010807201975031e-02 9.989500165629191519e-01 2.981676616209558262e+00
2.110954930991797707e-01 -9.770317056051550653e-01 2.911595843340205811e-02 8.093685797130889625e+01 9.764838336267933627e-01 2.121245356076676691e-01 3.850329932294496021e-02 3.530229486853561980e+02 -4.379515337038027145e-02 2.030338975424443235e-02 9.988341989067814897e-01 2.936467149849176117e+00
2.119133969850919286e-01 -9.768101730217594314e-01 3.057119656538130267e-02 8.123590797189120849e+01 9.762132898932210923e-01 2.130435997321240005e-01 4.024968632216160969e-02 3.543432910777052030e+02 -4.582930082482939566e-02 2.131456061894957538e-02 9.987218655319048954e-01 2.902871581336629703e+00
2.126650143499260182e-01 -9.766361429017212936e-01 3.091012859232920504e-02 8.151672374653425379e+01 9.759518557526654092e-01 2.138531136040422997e-01 4.224714256355734110e-02 3.556619233295344316e+02 -4.787031360326269441e-02 2.118230818171492474e-02 9.986289315334400118e-01 2.864564170505909946e+00
2.132173790332180796e-01 -9.765300613371118432e-01 3.045305539911796755e-02 8.180000724958249236e+01 9.758600707501138283e-01 2.143725005619586954e-01 4.173192205490125484e-02 3.569895005532865753e+02 -4.728077403964903863e-02 2.081994975377580298e-02 9.986646374526645387e-01 2.802462409276765154e+00
2.133214281385550914e-01 -9.765637233778162729e-01 2.858780298279842841e-02 8.207312675283854730e+01 9.759544711631170655e-01 2.143475310774157205e-01 3.959805724700427715e-02 3.583029573289320524e+02 -4.479775121195280624e-02 1.945328001834920398e-02 9.988066536536887030e-01 2.750579403570991843e+00
2.135761744696204334e-01 -9.765404235610736228e-01 2.745940367308071645e-02 8.234944851774504571e+01 9.760082412781747596e-01 2.145094907237570792e-01 3.733083640261241481e-02 3.595979075414764452e+02 -4.234537348998686224e-02 1.882762705688976329e-02 9.989256177530937419e-01 2.703054991532258367e+00
2.138564479100857063e-01 -9.764732987223020411e-01 2.766435558018079388e-02 8.263956086831151993e+01 9.759207849260892464e-01 2.148089339107337181e-01 3.789120559417497730e-02 3.608999968160370599e+02 -4.294230124861506126e-02 1.889494097688345156e-02 9.988988637339383247e-01 2.657839925663900704e+00
2.137672726279847835e-01 -9.764355309594192622e-01 2.961768109069266852e-02 8.293001548736999951e+01 9.757581761894152939e-01 2.148781802532843122e-01 4.151324186983497422e-02 3.622077708514134429e+02 -4.689919778310923382e-02 2.002552199155352083e-02 9.986988753955151621e-01 2.599937533457954419e+00
2.136002307722672799e-01 -9.764028851646213703e-01 3.181740492619271332e-02 8.321786020371322934e+01 9.756464649494708263e-01 2.148715795749978341e-01 4.409285341806155195e-02 3.635063972567269275e+02 -4.988904534700434878e-02 2.162429497460010425e-02 9.985206422609479437e-01 2.557017305527824025e+00
2.134232674940270413e-01 -9.764175458496543447e-01 3.254665956916683728e-02 8.349798445558448634e+01 9.757136506432881884e-01 2.147148413341559703e-01 4.336368133814465231e-02 3.648012865603177488e+02 -4.932931015654806739e-02 2.250140146271948846e-02 9.985290712301233551e-01 2.515168164544069107e+00
2.136486353946812078e-01 -9.763728126285114994e-01 3.240974165093638698e-02 8.377883766189796688e+01 9.757543437207559789e-01 2.148919230294193128e-01 4.153218182079033288e-02 3.660827039217331276e+02 -4.751548488722014824e-02 2.275065222379305668e-02 9.986113791256958638e-01 2.459193432602697627e+00
2.131711788605409330e-01 -9.764637719153348439e-01 3.281083113980042681e-02 8.406009062179519731e+01 9.758690598858821286e-01 2.144270352124771628e-01 4.123862906828827668e-02 3.673672961545761950e+02 -4.730355653280272910e-02 2.322818776539188612e-02 9.986104469874544920e-01 2.412014475676973024e+00
2.128583026063078643e-01 -9.765104347731764500e-01 3.344717911369343710e-02 8.432789432712142741e+01 9.759445845701146816e-01 2.141376983345011364e-01 4.095380324546879502e-02 3.686243539421693072e+02 -4.715411816403593248e-02 2.392523628105256567e-02 9.986010575845931658e-01 2.377036865802615306e+00
2.123151599784244559e-01 -9.766157189237244518e-01 3.382322270914785850e-02 8.459980616653841423e+01 9.760849065710307526e-01 2.135995142950662118e-01 4.041661362773984328e-02 3.698919622031589256e+02 -4.669612411708536776e-02 2.443327738982999445e-02 9.986102778103345123e-01 2.338568854694627941e+00
2.120897413202496862e-01 -9.766754565166488877e-01 3.351110658729745256e-02 8.488651397478408001e+01 9.761109794266140671e-01 2.133731920201208387e-01 4.097849155302338287e-02 3.711816968716173051e+02 -4.717305872557087804e-02 2.401944139942181408e-02 9.985979015426246219e-01 2.275460059522261602e+00
2.121325400369347414e-01 -9.766514698639482406e-01 3.393658601078761855e-02 8.516588346990185698e+01 9.760551596653586071e-01 2.134575425714027030e-01 4.185932166208092969e-02 3.724523155021045113e+02 -4.812598828190489675e-02 2.424425564885616252e-02 9.985469970511767768e-01 2.211049166646636532e+00
2.121284741921061756e-01 -9.766178345419943563e-01 3.491583725811152339e-02 8.543855682880993641e+01 9.760517589614756684e-01 2.134975905518207151e-01 4.173419050103931160e-02 3.737158401147401037e+02 -4.821280188019437529e-02 2.522665421876420927e-02 9.985184733653093003e-01 2.163717167435241340e+00
2.112419331999246808e-01 -9.767836285432455190e-01 3.564531761465188076e-02 8.570704689056977088e+01 9.762264114077190413e-01 2.126527284890577518e-01 4.196201539685637250e-02 3.749604984104439609e+02 -4.856788370894367379e-02 2.593376324504302957e-02 9.984831498808502959e-01 2.125314481948864298e+00
2.104360608312142722e-01 -9.769263378498338479e-01 3.649102241859007029e-02 8.597209582575131037e+01 9.762946239571618223e-01 2.119409046606241520e-01 4.393017373037391704e-02 3.761957036127567449e+02 -5.065048404690822292e-02 2.638149629851897771e-02 9.983679407507359826e-01 2.085705799012108841e+00
2.100227259777230904e-01 -9.770272734621329169e-01 3.616851509306055062e-02 8.622751361101285283e+01 9.763125947442609087e-01 2.115494996050778509e-01 4.539302325876069105e-02 3.774400835590156476e+02 -5.200165301810577567e-02 2.577821033337779691e-02 9.983142350760069172e-01 2.038523500768471219e+00
2.098765275918033357e-01 -9.771139113143684218e-01 3.464458806139421310e-02 8.650347972848170741e+01 9.763930131465627937e-01 2.113093278046081214e-01 4.477780545472170165e-02 3.787004895166697338e+02 -5.107374124325772535e-02 2.442892340446783245e-02 9.983960640230485906e-01 1.971980450572401233e+00
2.098061815475025793e-01 -9.771757305480308631e-01 3.330101818831677357e-02 8.677337072357539682e+01 9.765143766234286593e-01 2.111278679916697154e-01 4.294991973273932367e-02 3.799388926239528246e+02 -4.900039216386994217e-02 2.350776436019184554e-02 9.985220811692512299e-01 1.914666940397521611e+00
2.095926214610461802e-01 -9.772100418735101268e-01 3.363728720719830201e-02 8.703598262174892852e+01 9.765943363827483958e-01 2.109125710479400895e-01 4.218281070634419261e-02 3.811664065105012469e+02 -4.831599294463709282e-02 2.400877830129197546e-02 9.985435110150449045e-01 1.859363160267821113e+00
2.089706324406208626e-01 -9.772602993925407766e-01 3.596640110670757534e-02 8.730490714875335811e+01 9.766282469172548053e-01 2.104441374256074693e-01 4.370963676950793270e-02 3.824005589954106767e+02 -5.028461097291299364e-02 2.599177282129273500e-02 9.983966574688184492e-01 1.829299464775222983e+00
2.086954612679455534e-01 -9.772462837151946191e-01 3.789334256832992825e-02 8.756595511511821428e+01 9.765476995848623165e-01 2.103299189275218972e-01 4.599908302842149743e-02 3.836276951247305078e+02 -5.292253661412121835e-02 2.740485666416477353e-02 9.982225097389576529e-01 1.775445827703280521e+00
2.088608875277044308e-01 -9.771273493671519539e-01 3.999090871514957707e-02 8.784055510859258220e+01 9.764112791087883325e-01 2.106484153323743003e-01 4.741581115091925841e-02 3.848550981113901912e+02 -5.475530741653902855e-02 2.914426593145497124e-02 9.980743800303847335e-01 1.723369242092824161e+00
2.094721416889425702e-01 -9.770225455872678655e-01 3.934929822020614976e-02 8.809968254210274097e+01 9.762690618890891292e-01 2.112333462213841495e-01 4.774088648438547244e-02 3.860637889769295157e+02 -5.495580637608435404e-02 2.841511672142174594e-02 9.980843854540869531e-01 1.681848684509281933e+00
2.100744808170969258e-01 -9.770186442379230618e-01 3.610098781082857894e-02 8.834690292414052237e+01 9.761829947891508263e-01 2.116548770982560890e-01 4.763374523389049542e-02 3.872774591824698973e+02 -5.418000732661686775e-02 2.523453609663785929e-02 9.982122745158342747e-01 1.623203184346783567e+00
2.104677251551142214e-01 -9.770080209182441244e-01 3.403914995188984244e-02 8.860000585468503687e+01 9.760686094709721816e-01 2.119591082243718339e-01 4.861487474150325699e-02 3.884915320110440007e+02 -5.471203042690265389e-02 2.299268366557001911e-02 9.982374117535470770e-01 1.546868038580237581e+00
2.111771879844743238e-01 -9.768525488927137790e-01 3.410708132892966565e-02 8.886138976518446952e+01 9.758720025340211768e-01 2.126889291857147202e-01 4.936855347357805429e-02 3.897144543193060713e+02 -5.547999590131107162e-02 2.285863345964195270e-02 9.981981030492635965e-01 1.474952034533524525e+00
2.124642499503177073e-01 -9.765319920720619828e-01 3.527337455956216367e-02 8.912428337790741750e+01 9.756157841010697496e-01 2.140226861036300665e-01 4.866345287628046079e-02 3.909303392546067357e+02 -5.507072094955600683e-02 2.407401696346642139e-02 9.981921946205243312e-01 1.430384452801739092e+00
2.146098273177748372e-01 -9.760270289956971546e-01 3.624721628577140531e-02 8.938749592231563668e+01 9.752409065325281512e-01 2.161693456248367506e-01 4.664748908293669949e-02 3.921244549677095961e+02 -5.336474720494504415e-02 2.533875849291949631e-02 9.982535504939561433e-01 1.387518917627199810e+00
2.165893881856355840e-01 -9.755560015116593320e-01 3.714195525218108584e-02 8.966831104458917423e+01 9.748244462926787257e-01 2.181781436727248391e-01 4.599561428762512227e-02 3.933316321465513283e+02 -5.297486041080438218e-02 2.624472400515568196e-02 9.982509096546563487e-01 1.345940569957231103e+00
2.185918633503985686e-01 -9.750935786367349589e-01 3.755143377297660845e-02 8.993495412259179034e+01 9.742129588414258912e-01 2.202761653968216549e-01 4.886227362195096763e-02 3.945383030206867261e+02 -5.591697508301948782e-02 2.590219796615010270e-02 9.980993778367399649e-01 1.283346463895719269e+00
2.204377824791286800e-01 -9.746258811296989455e-01 3.887899031407932721e-02 9.019237912179332284e+01 9.735246518041006381e-01 2.223100750546774251e-01 5.317878203652681712e-02 3.957229209183666967e+02 -6.047260855452718520e-02 2.612704272093618538e-02 9.978278615338765922e-01 1.216856756012826279e+00
2.218659067337893087e-01 -9.742657997429132744e-01 3.977022605537036681e-02 9.045710879870946997e+01 9.732358292241759523e-01 2.237680665938517333e-01 5.234379702677635637e-02 3.969159734599589342e+02 -5.989607786428360892e-02 2.709250494419614824e-02 9.978368884904608160e-01 1.159285592595301173e+00
2.226113154921616488e-01 -9.740541060665798279e-01 4.077745295730465791e-02 9.073645650955678832e+01 9.733163210608839488e-01 2.244421313752310576e-01 4.776053622238590063e-02 3.981072096155205031e+02 -5.567352486914727006e-02 2.905732469756066444e-02 9.980261171482763816e-01 1.112934674604971752e+00
2.231400273979060878e-01 -9.738790354126871662e-01 4.204940613749439532e-02 9.101270112143156155e+01 9.731977195814183190e-01 2.250307875809773317e-01 4.740615194478471628e-02 3.992886485090503470e+02 -5.563026850904693316e-02 3.034417611897389719e-02 9.979902325179701439e-01 1.059451206359431685e+00
2.234297450782917471e-01 -9.736599547455209169e-01 4.544712905344166359e-02 9.128806442258566278e+01 9.727448393983559871e-01 2.257012663279363007e-01 5.316404613865741841e-02 4.004717302978269799e+02 -6.202117733578487585e-02 3.233003097611569093e-02 9.975510727070402428e-01 9.902858697025799239e-01
2.246148520577122276e-01 -9.733062097842645199e-01 4.715071823929192774e-02 9.155513980137837393e+01 9.721959642351080122e-01 2.271208408477354279e-01 5.701868796794908045e-02 4.016559421829662710e+02 -6.620555384603878102e-02 3.303249382058058570e-02 9.972590831834687863e-01 9.374013328157210223e-01
2.260841712271092485e-01 -9.729982285821554555e-01 4.648004621920005103e-02 9.181962852830406518e+01 9.719316395260172436e-01 2.285098144861342495e-01 5.596563920639865269e-02 4.028404303403569884e+02 -6.507561454815022350e-02 3.252248236989812441e-02 9.973502155871226682e-01 8.872783050495733903e-01
2.278438101061575349e-01 -9.726272935020394694e-01 4.564368665222792720e-02 9.209370895107304023e+01 9.715301342159898823e-01 2.302127921451629089e-01 5.595773979521222879e-02 4.040087474164130867e+02 -6.493378555551690412e-02 3.159459237948148563e-02 9.973892846957023162e-01 8.003790401643366970e-01
2.304549768885658378e-01 -9.720240053484835441e-01 4.538542336017143547e-02 9.236539777471374180e+01 9.706390443043638738e-01 2.329295479160388149e-01 6.003058703311934391e-02 4.051634601003934790e+02 -6.892277779661611092e-02 3.021851640834120542e-02 9.971642251740067131e-01 7.198293836067309881e-01
2.341669679521731218e-01 -9.711131968401713888e-01 4.588017047645573387e-02 9.263660272119264505e+01 9.695156219869364156e-01 2.367632707231070166e-01 6.310794212918414969e-02 4.063226554876337673e+02 -7.214769465041592778e-02 2.970374655425540161e-02 9.969515522818903630e-01 6.502428251643844748e-01
2.390007625677355307e-01 -9.698961695891021861e-01 4.669106668762957463e-02 9.292320784526661726e+01 9.683533115755698084e-01 2.416296246344817045e-01 6.250590739783477845e-02 4.074924441421209735e+02 -7.190618507936653858e-02 3.027448951489110709e-02 9.969518322526643717e-01 5.848742778079126792e-01
2.447701251941851730e-01 -9.684117443724611363e-01 4.760545319509090073e-02 9.322240846733757280e+01 9.670123295923001017e-01 2.473988886011092014e-01 6.067078650725286904e-02 4.086378174969770498e+02 -7.053183840575549812e-02 3.118466418647211288e-02 9.970219538659523817e-01 5.271409714388837209e-01
2.506216288411339255e-01 -9.668150519375013907e-01 4.957271935352607767e-02 9.353660127386950762e+01 9.654643279725239058e-01 2.533806245962936243e-01 6.063736877334822278e-02 4.097794220773615166e+02 -7.118588743269128882e-02 3.266365604580553222e-02 9.969281092456674376e-01 4.645008360572743800e-01
2.565329667915938194e-01 -9.651585288902252424e-01 5.157374389706093770e-02 9.383400975081582374e+01 9.637734316966164450e-01 2.594665454674525695e-01 6.178902927635520487e-02 4.109109141224100767e+02 -7.301786976371552051e-02 3.385448114567678191e-02 9.967558702117215175e-01 3.870229374646684262e-01
2.628212348160074985e-01 -9.634099137882614627e-01 5.259597460151933801e-02 9.413281653797557169e+01 9.619961596934868409e-01 2.658413285930630310e-01 6.238410652448878740e-02 4.120289637975204755e+02 -7.408365045523036818e-02 3.420125767233826025e-02 9.966653835208972856e-01 3.330133790223812618e-01
2.696141651373505921e-01 -9.615603918922047688e-01 5.205588056501424948e-02 9.443602095454892265e+01 9.601130192630396021e-01 2.725815051982737325e-01 6.230821186211011470e-02 4.131225152474664242e+02 -7.410257889506623175e-02 3.318035213726802657e-02 9.966984860192912299e-01 2.532970384625379268e-01
2.767978453633131442e-01 -9.595729138613631193e-01 5.101740669458693783e-02 9.474973347557039460e+01 9.580507988600084346e-01 2.796853287083343464e-01 6.256823242677554686e-02 4.142261525240583069e+02 -7.430760126613832062e-02 3.155851531559250578e-02 9.967358930555014762e-01 1.760302821499768744e-01
2.846243988502208389e-01 -9.573123020552191109e-01 5.041932082929553860e-02 9.506830735849608516e+01 9.555731937815895582e-01 2.875244632021859981e-01 6.488107880073860911e-02 4.153335493533766112e+02 -7.660824306302310704e-02 2.971261338273451999e-02 9.966184514149659668e-01 8.687298750348285137e-02
2.927906370337960973e-01 -9.548588918145881621e-01 5.018106802331422783e-02 9.540594126598702474e+01 9.528760593419015601e-01 2.957346511872162020e-01 6.758869447048357348e-02 4.164336226766297386e+02 -7.937794654935752259e-02 2.802700144132807061e-02 9.964505149739323331e-01 1.033797120989775678e-02
3.016087081815868598e-01 -9.521202397996448852e-01 4.999236054539667878e-02 9.574433098916595952e+01 9.500407396329617615e-01 3.045409605626296923e-01 6.839149345675681058e-02 4.175059471377321074e+02 -8.034164665159154728e-02 2.686730919644449156e-02 9.964052225424421261e-01 -5.291405677399848434e-02
3.110384182362544991e-01 -9.490972502897774277e-01 4.969418349738965318e-02 9.608789131498073743e+01 9.470491649431953540e-01 3.139038156291906190e-01 6.754460536439320373e-02 4.185679653901004258e+02 -7.970559303766149017e-02 2.605386777080389779e-02 9.964779046284449882e-01 -1.187579707502823823e-01
3.215891590541821166e-01 -9.455616040113977716e-01 4.993661780914472603e-02 9.644970532334339453e+01 9.435558357303901467e-01 3.244292015286971420e-01 6.669391317486948745e-02 4.196439387552189828e+02 -7.926410056229098167e-02 2.566994769851773175e-02 9.965230835997761494e-01 -1.966648522474156724e-01
3.335471237813899537e-01 -9.413780793514771039e-01 5.053343382045578924e-02 9.681835776703599095e+01 9.393602470837784102e-01 3.364062964607304473e-01 6.658175350858731856e-02 4.207017896050739978e+02 -7.967836855675035357e-02 2.526094650046434645e-02 9.965004978252821610e-01 -2.870428736903858913e-01
3.462006164482770432e-01 -9.367572915444319914e-01 5.129239621204279703e-02 9.720502133590166238e+01 9.346630253842639346e-01 3.491106428616652102e-01 6.728140917259327336e-02 4.217476166942935834e+02 -8.093307204331265381e-02 2.464824089169571908e-02 9.964147239330503059e-01 -3.729791777548978060e-01
3.595799366243497830e-01 -9.316412836116371166e-01 5.240980678928360698e-02 9.761736035354212504e+01 9.295198549586001224e-01 3.625545399994704043e-01 6.743177858781092271e-02 4.227949840464721092e+02 -8.182364215171368527e-02 2.446884133411091067e-02 9.963464093320125725e-01 -4.544802262014266958e-01
3.735915500820053969e-01 -9.260689928646188562e-01 5.315613005134149638e-02 9.803354118393812655e+01 9.240797902976101152e-01 3.765478752468200963e-01 6.548464560971746506e-02 4.238318785330330343e+02 -8.065912763506379035e-02 2.465599525097101133e-02 9.964367451210009996e-01 -5.228021161291324104e-01
3.887809770110936536e-01 -9.197173779433152063e-01 5.449125272346668630e-02 9.846207165510935511e+01 9.181063694649092000e-01 3.916857851782689637e-01 6.052222762958110736e-02 4.248484309847634108e+02 -7.700679361110532306e-02 2.649887541682049291e-02 9.966783650402872841e-01 -6.026622060678767934e-01
4.052136643872643607e-01 -9.125372193683782829e-01 5.547710754242528297e-02 9.891818353934354491e+01 9.111709209452107938e-01 4.080706014726187547e-01 5.697312557365546287e-02 4.258479979413673391e+02 -7.462867423250761634e-02 2.746283818551146366e-02 9.968331623201018843e-01 -6.562844589514587046e-01
4.227247979213396012e-01 -9.043996196785109021e-01 5.800925053581955371e-02 9.939180557906843205e+01 9.029380136080302766e-01 4.257865050321227307e-01 5.838489285863832784e-02 4.268529726681460374e+02 -7.750283094150248187e-02 2.769801541437653253e-02 9.966073103977101111e-01 -7.253905818424744023e-01
4.411729992775390019e-01 -8.952939319744958047e-01 6.176698210296167890e-02 9.987774158018234516e+01 8.934266341869738781e-01 4.446547606645359640e-01 6.380433483471133205e-02 4.278430355956016911e+02 -8.458861645514907657e-02 2.703551715819815793e-02 9.960491186574045308e-01 -8.170004659605223374e-01
4.602051441744355875e-01 -8.854865842575826429e-01 6.422409497397386924e-02 1.003830559596584777e+02 8.834020797678345804e-01 4.639209065687080469e-01 6.616765002879056168e-02 4.288247742873360835e+02 -8.838546677622564907e-02 2.628500615003230567e-02 9.957394778326515983e-01 -9.074500961717634206e-01
4.793217060718092393e-01 -8.753186729492994367e-01 6.378027026195055849e-02 1.008982745766299445e+02 8.732590612564544719e-01 4.829199631834181772e-01 6.486078239138004520e-02 4.297902812205330747e+02 -8.757461973600569327e-02 2.460751806264526581e-02 9.958539832891620813e-01 -9.757818194768737019e-01
4.977636280010257486e-01 -8.650468331079167461e-01 6.265259108146165046e-02 1.014370265148969139e+02 8.631595233973234915e-01 5.011467631644863641e-01 6.170542065543081073e-02 4.307374142206651868e+02 -8.477622194791489818e-02 2.336446660470518910e-02 9.961260431755187827e-01 -1.067221966143495404e+00
5.157959718655580339e-01 -8.543714970560880584e-01 6.327606518584559525e-02 1.019918385459430112e+02 8.527981763577923147e-01 5.190889708159422966e-01 5.728796364045228573e-02 4.316523707666029850e+02 -8.179111081339100753e-02 2.441281211546006066e-02 9.963504548082098289e-01 -1.160458062723876749e+00
5.332135295180864265e-01 -8.434773071102082964e-01 6.503356309611439678e-02 1.025753732061811974e+02 8.420378715414443827e-01 5.365711536122511616e-01 5.534997742702411211e-02 4.325595002111971894e+02 -8.158158388275431327e-02 2.524736622559847418e-02 9.963468350277686625e-01 -1.210002204278045390e+00
5.503440404408317388e-01 -8.321933073282672400e-01 6.764418961966127408e-02 1.031825247249248036e+02 8.307166678820804284e-01 5.538981134176046428e-01 5.573775789634897310e-02 4.334611697176079019e+02 -8.385257810081794827e-02 2.551821291663908253e-02 9.961513770283044744e-01 -1.285157987189806006e+00
5.676091727559817723e-01 -8.203370185358924704e-01 6.976390917166859496e-02 1.037924518354903682e+02 8.188703678096282967e-01 5.713024355045408509e-01 5.536106854011926814e-02 4.343495395372155485e+02 -8.527102512925446853e-02 2.570414764629746704e-02 9.960261789065502080e-01 -1.371634177436786173e+00
5.847702773703311596e-01 -8.081387331932384788e-01 7.039538775412841620e-02 1.044216120099757035e+02 8.068138134872843148e-01 5.884260414292767916e-01 5.297418365559295600e-02 4.352381682429502803e+02 -8.423296902241757256e-02 2.581824317607649133e-02 9.961115526129439290e-01 -1.455883094080351992e+00
6.015295377720800696e-01 -7.957408314811542649e-01 7.041835202125175386e-02 1.050844876882888030e+02 7.943962309090044638e-01 6.051427207510846618e-01 5.231554109003225261e-02 4.361077802105946262e+02 -8.424276529931663815e-02 2.447073018232252470e-02 9.961447384085648782e-01 -1.530576659572472131e+00
6.178658536264621803e-01 -7.829527125263715526e-01 7.229686625324939497e-02 1.057584560106295868e+02 7.814198371186618086e-01 6.216539388655222265e-01 5.412410230595607330e-02 4.369575722031695477e+02 -8.732024438746947836e-02 2.305277077876832434e-02 9.959135226913700123e-01 -1.626099096561840707e+00
6.342993563374584864e-01 -7.695013893552613560e-01 7.437700135262606538e-02 1.064303008684169924e+02 7.678131448838021456e-01 6.382685982226635746e-01 5.546324067814527997e-02 4.377865173745345260e+02 -9.015154515332379770e-02 2.192734145304955917e-02 9.956866427763655381e-01 -1.715392379323877670e+00
6.511969740983256649e-01 -7.552586989891034719e-01 7.434244095045237921e-02 1.071348012841728234e+02 7.536017610091744201e-01 6.550977126848837040e-01 5.414215214511638313e-02 4.386076709806259259e+02 -8.959289441164304535e-02 2.076738876991050808e-02 9.957619338148167021e-01 -1.784165711072703164e+00
6.676604272274364593e-01 -7.408956343133258349e-01 7.282316231757136882e-02 1.078616025501419529e+02 7.393523805885733324e-01 6.713398736102911268e-01 5.158324746396098642e-02 4.394266464298027017e+02 -8.710689543593268247e-02 1.940188538191767176e-02 9.960100178266985127e-01 -1.864094239646212570e+00
6.837028766899667653e-01 -7.262245551679188393e-01 7.175145905849279748e-02 1.085968008383036079e+02 7.247349450709326124e-01 6.872236324792193596e-01 4.982909145368075859e-02 4.402073018824365818e+02 -8.549640810523222167e-02 1.793249656978708473e-02 9.961770875541547943e-01 -1.970669310528576634e+00
6.996117304707538676e-01 -7.108556954506417558e-01 7.230219106708699051e-02 1.093453270597102716e+02 7.094207963437041409e-01 7.031217341612759908e-01 4.839380812774131402e-02 4.409613107200491413e+02 -8.523825609890055277e-02 1.743580211588877452e-02 9.962080267202195749e-01 -2.062741767517550340e+00
7.155715413809938807e-01 -6.946229155167752412e-01 7.386727560025284356e-02 1.101199313443040921e+02 6.933219541094062244e-01 7.191450477295813215e-01 4.620679902278846535e-02 4.417150794897850119e+02 -8.521758689110497942e-02 1.814953346488686753e-02 9.961970474356285354e-01 -2.132453500954536008e+00
7.314630782226519967e-01 -6.776822504089550225e-01 7.555483225907533296e-02 1.109165862035346350e+02 6.765105670855866560e-01 7.351126452548532031e-01 4.407778814721405314e-02 4.424545700045285344e+02 -8.541204726840874450e-02 1.887236781823631304e-02 9.961669618665098813e-01 -2.203633862740744576e+00
7.470016818635192291e-01 -6.603294298924844430e-01 7.715912979641405267e-02 1.117368322307565478e+02 6.593014051240725371e-01 7.507182248102926003e-01 4.175888096089776930e-02 4.431810265111361673e+02 -8.549938300652866474e-02 1.967716838239738988e-02 9.961438975117768990e-01 -2.280256925395047762e+00
7.618726039258379990e-01 -6.428857448511243744e-01 7.904463583620506550e-02 1.125664078601927685e+02 6.420077900923406578e-01 7.656825447813233598e-01 3.944918348896742782e-02 4.438690553308229028e+02 -8.588441562945194063e-02 2.069201982436805892e-02 9.960902105068473178e-01 -2.360499395071864903e+00
7.760744749614563176e-01 -6.254421651585407860e-01 8.081155458903495348e-02 1.133868156913478913e+02 6.245917015723325694e-01 7.799996169669519697e-01 3.854612637330517150e-02 4.445357465627133706e+02 -8.714135436334587148e-02 2.055956160051004150e-02 9.959837793792208904e-01 -2.445465843976968312e+00
7.901186719035103723e-01 -6.074467123574737171e-01 8.198155863076329875e-02 1.142375913602375590e+02 6.066464108300071434e-01 7.941002414296742806e-01 3.721476573086626716e-02 4.451940344413249022e+02 -8.770756259583842307e-02 2.032973702313003658e-02 9.959387959388203981e-01 -2.538392356259227878e+00
8.041742332480735778e-01 -5.887389356807112284e-01 8.179405964626365599e-02 1.151106314185109198e+02 5.880517341577344848e-01 8.080733888768882878e-01 3.482177685160173924e-02 4.458303600493049430e+02 -8.659653881047783830e-02 2.009636291881418055e-02 9.960407500014649695e-01 -2.615316850400364324e+00
8.181953602366357492e-01 -5.692766721946279640e-01 8.050107441675223574e-02 1.159942129371302570e+02 5.686221882134879779e-01 8.219332089077474590e-01 3.308484798087690110e-02 4.464478815706943351e+02 -8.500093857450127799e-02 1.870482797630260846e-02 9.962052849949304401e-01 -2.688825221920521091e+00
8.316669934328297931e-01 -5.494700613573780812e-01 8.007910905046956851e-02 1.168848585582620672e+02 5.487600330002270210e-01 8.353439039353119933e-01 3.260350195458327355e-02 4.470484695489145111e+02 -8.480824379733106766e-02 1.682895807921481329e-02 9.962551620714346079e-01 -2.794216287883111605e+00
8.445510320242234359e-01 -5.292302926638305927e-01 8.154049076241473570e-02 1.177986535838433895e+02 5.285601648158980703e-01 8.483158113235745867e-01 3.137572992323695020e-02 4.476154225219713112e+02 -8.577707430665627852e-02 1.660065014936809927e-02 9.961760446517515799e-01 -2.878781056979330621e+00
8.569810928348835510e-01 -5.086296628276490983e-01 8.294138059714961653e-02 1.187227813068228386e+02 5.080522389759177804e-01 8.608205450972381545e-01 2.951121159917228717e-02 4.481622267763510763e+02 -8.640792206207818793e-02 1.684800374899547357e-02 9.961173704813039986e-01 -2.940803280962773769e+00
8.690248682555107296e-01 -4.876914699158498290e-01 8.338350271372822753e-02 1.196598758082510869e+02 4.872362610103319058e-01 8.728492228220201543e-01 2.711199320720005662e-02 4.486876600145760108e+02 -8.600351335942343911e-02 1.706646976715050709e-02 9.961486491982622926e-01 -3.016686831787432688e+00
8.807840171588467992e-01 -4.662796378757101401e-01 8.247917567496459990e-02 1.206019845320268047e+02 4.660122086088624438e-01 8.844621651679062113e-01 2.364952037547551553e-02 4.491901158721508978e+02 -8.397700009535420673e-02 1.760618326033729086e-02 9.963121427373993200e-01 -3.094580111735115491e+00
8.919846671581452835e-01 -4.447303068063491183e-01 8.110676767510621721e-02 1.215511934007549826e+02 4.447065065462146860e-01 8.954671536953201505e-01 1.935716116230898690e-02 4.496654044868280380e+02 -8.123716261806857020e-02 1.880241635356321231e-02 9.965174321350493969e-01 -3.176726167534325462e+00
9.023598838277671064e-01 -4.233587054670980288e-01 8.070964355987433891e-02 1.225181189962835191e+02 4.234224966916551036e-01 9.057695663860345636e-01 1.717212579328414312e-02 4.501290571190463652e+02 -8.037430779636170475e-02 1.867884134731188917e-02 9.965897207638545474e-01 -3.264787912292016703e+00
9.119641231184707486e-01 -4.016877158955045046e-01 8.347704500885830270e-02 1.234998318269700235e+02 4.018136596306858821e-01 9.155811549001204863e-01 1.602908999154675773e-02 4.505615181810707099e+02 -8.286869782344770397e-02 1.892426195163683655e-02 9.963807762249489164e-01 -3.349247944600104443e+00
9.211587571910784256e-01 -3.795539326162813420e-01 8.605437981708473349e-02 1.244827127933328939e+02 3.797902144630991295e-01 9.249628903286395420e-01 1.424936886190214698e-02 4.509609911059641263e+02 -8.500551186988417052e-02 1.955668045463256760e-02 9.961885359716474708e-01 -3.409451821316506592e+00
9.302184687462577983e-01 -3.570195749440516209e-01 8.503307303712029364e-02 1.254777933530794343e+02 3.573751537741908235e-01 9.338898126203896144e-01 1.152464093703142040e-02 4.513486831220353679e+02 -8.352604305389392525e-02 1.966827370723706753e-02 9.963114769694947359e-01 -3.469003875486538657e+00
9.388001167664017377e-01 -3.343558559810151931e-01 8.282814938530302928e-02 1.264818630711919809e+02 3.347198615441320801e-01 9.422660401582753087e-01 9.865285212345959939e-03 4.517145174688711222e+02 -8.134466821659834534e-02 1.846269578492109459e-02 9.965150143460383969e-01 -3.558542825982087265e+00
9.463577986855751245e-01 -3.119990006619581258e-01 8.404487166348868776e-02 1.274923592610386009e+02 3.122656941915966100e-01 9.499390599779998778e-01 1.029167426392149816e-02 4.520461052627701406e+02 -8.304849846946794900e-02 1.650472399204922294e-02 9.964088222150148111e-01 -3.662109887568701261e+00
9.530888112999500450e-01 -2.896796484061701649e-01 8.779190779408867218e-02 1.285081047658204341e+02 2.899418886312571386e-01 9.569916820357414755e-01 1.003103839799286343e-02 4.523540875131278085e+02 -8.692191318527101029e-02 1.589408108951208612e-02 9.960883290123080380e-01 -3.760398158210304764e+00
9.594309305338244442e-01 -2.670000247595082921e-01 9.057193998928067535e-02 1.295453778437705523e+02 2.673947775517933056e-01 9.635540784065781406e-01 7.973137655713094865e-03 4.526358985325646813e+02 -8.939979011735360581e-02 1.656878886557302394e-02 9.958579982921768048e-01 -3.819750902206670684e+00
9.655822903706784421e-01 -2.444543926780293197e-01 8.884194067517162119e-02 1.305840136650070633e+02 2.449936186856534193e-01 9.695120426477606967e-01 4.952369561677666052e-03 4.529103842854893855e+02 -8.734395987029384967e-02 1.698378819293969860e-02 9.960334249475736312e-01 -3.870412714000898813e+00
9.709305390550655446e-01 -2.235507210135772860e-01 8.555094075782913865e-02 1.316232249924979953e+02 2.240793050325330660e-01 9.745646385821578050e-01 3.497181917647098747e-03 4.531609559344996683e+02 -8.415671919922300404e-02 1.577467462541904536e-02 9.963276600868237187e-01 -3.957229714754415539e+00
9.749258499937455413e-01 -2.052301744390551685e-01 8.602419725686302754e-02 1.326796512965732688e+02 2.056493345118786120e-01 9.786173390201918787e-01 4.056474314021112949e-03 4.533976792128761417e+02 -8.501728194193348964e-02 1.373605724921762514e-02 9.962847898580263761e-01 -4.101413061283635919e+00
9.778562544698812253e-01 -1.880498194762114106e-01 9.183904936953350695e-02 1.337370127123358543e+02 1.888566288793507575e-01 9.820046662173147478e-01 -9.620679730153826109e-05 4.535962788952278970e+02 -9.016828335097927527e-02 1.743848968187819426e-02 9.957738597468565045e-01 -4.214878072865151815e+00
9.805599993746488829e-01 -1.717337566367105883e-01 9.491893624473177193e-02 1.347958610006341473e+02 1.731121936376628367e-01 9.848811751515421653e-01 -6.421779042769751138e-03 4.537570337072929760e+02 -9.238103723353996433e-02 2.272856492524143873e-02 9.954642918237167626e-01 -4.251159539239995233e+00
9.837352335515121560e-01 -1.564670051220780345e-01 8.822168994912425732e-02 1.358492120748096283e+02 1.580135423110759219e-01 9.873780537792015144e-01 -1.078421816833152920e-02 4.539180223341945180e+02 -8.542078620369650266e-02 2.454903711602466829e-02 9.960424860722650875e-01 -4.243993540071589798e+00
9.869795628540616317e-01 -1.422822334706813630e-01 7.501405566292314309e-02 1.369228751331283434e+02 1.435493859446791420e-01 9.895733692140661342e-01 -1.175247791860976714e-02 4.540948672236312404e+02 -7.255974299369566394e-02 2.236767714619409750e-02 9.971132186044734391e-01 -4.315627985530731792e+00
9.892943397863447341e-01 -1.286179146390073746e-01 6.895028136718224510e-02 1.379979115345256275e+02 1.295325593402903985e-01 9.915348316938632500e-01 -8.943914611461666747e-03 4.542529948746657738e+02 -6.721625798461799972e-02 1.777947051337566003e-02 9.975800043559459596e-01 -4.456347955037614383e+00
9.905426421801715176e-01 -1.147227672154664535e-01 7.525928982624602304e-02 1.391020314687858672e+02 1.154814644703085341e-01 9.932927390263490697e-01 -5.793613839949227767e-03 4.543775766402830527e+02 -7.408984671679293144e-02 1.442987456492521303e-02 9.971471673396673507e-01 -4.603311930916476058e+00
9.914602948945300254e-01 -1.009178986607907474e-01 8.259577094223329030e-02 1.402072361677207084e+02 1.020678164469766280e-01 9.947290764293850174e-01 -9.809452160500619494e-03 4.544682895937071976e+02 -8.117046564728945535e-02 1.815605231963213911e-02 9.965348530135657024e-01 -4.671737904495669724e+00
9.925557139181682142e-01 -8.918207990512153072e-02 8.294402565701960994e-02 1.412878006158551045e+02 9.077213461830778429e-02 9.957495995571472580e-01 -1.559341395003511870e-02 4.545669120803076453e+02 -8.120082724474930735e-02 2.300633837832200684e-02 9.964322024348621909e-01 -4.692971490992380978e+00
9.935017514624925328e-01 -7.994490556955126392e-02 8.101285030435140255e-02 1.423989882371307090e+02 8.175427389222086894e-02 9.964663307917647206e-01 -1.926370418048376637e-02 4.546736972005212465e+02 -7.918654267813100833e-02 2.576167059553739064e-02 9.965268826212424491e-01 -4.727649551783247972e+00
9.942604586206587047e-01 -7.201660930900702362e-02 7.911857182148564205e-02 1.435029715206242429e+02 7.384647009022118902e-02 9.970599855235678932e-01 -2.044710549092260826e-02 4.547680414761133534e+02 -7.741343086733598611e-02 2.617237573046606730e-02 9.966554908643063815e-01 -4.820461173933184185e+00
9.949663250821605409e-01 -6.365966111304134645e-02 7.739159837781788009e-02 1.446048065822591298e+02 6.548674379754187980e-02 9.976260451826135522e-01 -2.130165158135484058e-02 4.548324212571374687e+02 -7.585181829920646657e-02 2.626254976713164949e-02 9.967731838991421567e-01 -4.925424496535661056e+00
9.956240606427549933e-01 -5.539026385627478233e-02 7.526385944903572767e-02 1.457193610787443561e+02 5.717052156678009006e-02 9.981284180332289369e-01 -2.170697072984214757e-02 4.548894773211752636e+02 -7.392064213069490797e-02 2.591485644212909029e-02 9.969273588795571905e-01 -5.006367520380655911e+00
9.961967907144594347e-01 -4.686957815306764391e-02 7.345200347142133435e-02 1.468470091390941263e+02 4.870635300236025172e-02 9.985385984890648992e-01 -2.341705585046717497e-02 4.549461911988880729e+02 -7.224711307326875387e-02 2.690557509602630945e-02 9.970237934379150291e-01 -5.077238999859275737e+00
9.966481467531349558e-01 -3.837208083214753429e-02 7.224994800103544390e-02 1.480119891828344407e+02 4.040175586825475035e-02 9.988228763850162117e-01 -2.684324370720554340e-02 4.549912805606832649e+02 -7.113486976373213644e-02 2.967229385426112254e-02 9.970252681256995819e-01 -5.138644362981334091e+00
9.969439542307996227e-01 -3.025262428067326814e-02 7.202451559566330763e-02 1.491664063593844105e+02 3.234745629982465481e-02 9.990816448787676052e-01 -2.809820167319147105e-02 4.550246307770348722e+02 -7.110832717473010434e-02 3.034214215359275907e-02 9.970070010867239096e-01 -5.222764293568221028e+00
9.971520886432606590e-01 -2.258284195765290076e-02 7.195642683943137552e-02 1.503243929652775250e+02 2.473315182916282010e-02 9.992694775231146798e-01 -2.913387188954958892e-02 4.550475086710390542e+02 -7.124593542777263311e-02 3.083061043503326770e-02 9.969821914885064196e-01 -5.319600865170957427e+00
9.973121054659609408e-01 -1.518816181469311889e-02 7.167903481313983582e-02 1.514748409283304227e+02 1.732803086719531677e-02 9.994196745755827838e-01 -2.932666734394226427e-02 4.550743668228371348e+02 -7.119201947773458328e-02 3.048989688285972874e-02 9.969965208318203320e-01 -5.397963993255913806e+00
9.974325258715308617e-01 -7.676038111582021012e-03 7.119996328965172427e-02 1.526599061527280412e+02 9.797705841350517336e-03 9.995168343972908875e-01 -2.949750356666706180e-02 4.550866016390973527e+02 -7.093913795490174035e-02 3.011936578563218295e-02 9.970258083474501376e-01 -5.461125616572758190e+00
9.975210332456058149e-01 -1.889470140695223403e-04 7.036868999523188117e-02 1.538516951933054884e+02 2.314212400684096966e-03 9.995435638313424631e-01 -3.012156078797871214e-02 4.550917140717216398e+02 -7.033087980100696801e-02 3.020973853520172309e-02 9.970661658305585151e-01 -5.540399861046836349e+00
9.976608685364766194e-01 7.509920133037624977e-03 6.794403940478314918e-02 1.550544076140711240e+02 -5.337371434624330925e-03 9.994703861888276641e-01 -3.210077254093413740e-02 4.550897400324632258e+02 -6.814912954111874976e-02 3.166304203880816043e-02 9.971725767948276253e-01 -5.612105915805061684e+00
9.977371180867518063e-01 1.443252009819914923e-02 6.566845175240912380e-02 1.562677827549940730e+02 -1.220361235893752290e-02 9.993399066949384402e-01 -3.421728703951962963e-02 4.550658370228885587e+02 -6.611894612995729281e-02 3.333846503015948370e-02 9.972546473755320440e-01 -5.684416687214569386e+00
9.975698412291340578e-01 1.962233281925969408e-02 6.685339127381963176e-02 1.574733639095893238e+02 -1.722159440044135001e-02 9.991925549685892749e-01 -3.629951489550896360e-02 4.550374341216113976e+02 -6.751169199766000883e-02 3.505997932219576119e-02 9.971022862743521564e-01 -5.768825683968811013e+00
9.973272074204524440e-01 2.392678889472723072e-02 6.903586105864843725e-02 1.586705975152478629e+02 -2.115613853578780443e-02 9.989519130224496779e-01 -4.058932459456338071e-02 4.550026869029699128e+02 -6.993467767264255341e-02 3.902030550848404472e-02 9.967881202225717940e-01 -5.849089007503321724e+00
9.972555585023853419e-01 2.776936754495067106e-02 6.863099345229316250e-02 1.598874384935979265e+02 -2.479120706409458294e-02 9.987295531403075355e-01 -4.387112645540432176e-02 4.549841319125317227e+02 -6.976207485733530722e-02 4.204927954572271198e-02 9.966770344506213908e-01 -5.908355863506209005e+00
9.972748025711162256e-01 3.113991193189142789e-02 6.688253913851940902e-02 1.611283997687030762e+02 -2.820432198876570221e-02 9.986157774129134079e-01 -4.439645620043069368e-02 4.549578980974923184e+02 -6.817246055333163468e-02 4.238909042285271545e-02 9.967726323666935562e-01 -5.973187363936406591e+00
9.971610905288244009e-01 3.434899296983875278e-02 6.700676247456817392e-02 1.623569615747514092e+02 -3.149325892797787130e-02 9.985691061498518373e-01 -4.321938089770514108e-02 4.549180047345615208e+02 -6.839542512084105519e-02 4.098642366739923409e-02 9.968160205862943712e-01 -6.069040458409838301e+00
9.968794123343398539e-01 3.844488677662465798e-02 6.894510819974315752e-02 1.635928252701095289e+02 -3.547405770840005718e-02 9.984099282651273111e-01 -4.380874765757109685e-02 4.548615613205877821e+02 -7.051970287545802907e-02 4.122627587299328850e-02 9.966580986898169181e-01 -6.163297288439346211e+00
9.966883661637792047e-01 4.238833151991148324e-02 6.939402066989881768e-02 1.648394171296677371e+02 -3.930149419370874281e-02 9.982018487527825057e-01 -4.525993482837750714e-02 4.548059455621880716e+02 -7.118773284715665395e-02 4.238276179633858332e-02 9.965620945001855135e-01 -6.229880662053947304e+00
9.966666354572726316e-01 4.644148632822890643e-02 6.707314003313680217e-02 1.661012943951536442e+02 -4.324805918111473274e-02 9.978959701206475685e-01 -4.830360435866756091e-02 4.547550465958612449e+02 -6.917530732383232739e-02 4.524180770699616494e-02 9.965781232256989419e-01 -6.280557329586243576e+00
9.965362224667274615e-01 4.978041479600531227e-02 6.661431989056855463e-02 1.673456110736690619e+02 -4.668281870252906363e-02 9.977903771962793877e-01 -4.727660745541722304e-02 4.547015486573021121e+02 -6.882057649956260792e-02 4.400310758622014151e-02 9.966581433836896320e-01 -6.351847592581479240e+00
9.961296645865128641e-01 5.314640268616834667e-02 7.000822246194614296e-02 1.685715478447087037e+02 -5.003258976544618791e-02 9.977103664389436188e-01 -4.550565527087702122e-02 4.546472429458214606e+02 -7.226639116577131261e-02 4.182684044712156601e-02 9.965079448384176475e-01 -6.456514554165251774e+00
9.957627990404661622e-01 5.742884064786498571e-02 7.182183727069575696e-02 1.698199241425503772e+02 -5.425894927089103259e-02 9.974972062785544269e-01 -4.533530512192874423e-02 4.545828419684200981e+02 -7.424563604088153801e-02 4.124623289855249703e-02 9.963866387103769151e-01 -6.557843062760268182e+00
9.957759896512262676e-01 6.213520661758802771e-02 6.759729678552603427e-02 1.710679990643124881e+02 -5.921985321955394732e-02 9.972610161812425211e-01 -4.431111135833137177e-02 4.545122526901529909e+02 -7.016542894314360679e-02 4.012083877171065266e-02 9.967282131441242976e-01 -6.621274840915826410e+00
9.959250519685527436e-01 6.677977187860099917e-02 6.061149172621849157e-02 1.723207572023257512e+02 -6.429082861697753282e-02 9.970416364608281068e-01 -4.212676725380751219e-02 4.544219294526954513e+02 -6.324539680623299243e-02 3.805833983972572998e-02 9.972720704759889809e-01 -6.675147239899847484e+00
9.956813199627304600e-01 7.183521724097627348e-02 5.880825317263343316e-02 1.735677356836630167e+02 -6.956106634526521004e-02 9.967815367806456273e-01 -3.984753420381589861e-02 4.543375284636277343e+02 -6.148143724885118261e-02 3.558468065272477748e-02 9.974736905686580890e-01 -6.752161492249111774e+00
9.949539536588732913e-01 7.845606957457196273e-02 6.254018904261757217e-02 1.748353094624649486e+02 -7.611064394712822867e-02 9.963345935920820962e-01 -3.904545414839158401e-02 4.542557951508995302e+02 -6.537430670018533341e-02 3.408845491673971606e-02 9.972783850384301374e-01 -6.838961689539777566e+00
9.939331469600528601e-01 8.684504787655565605e-02 6.748953276919947286e-02 1.761191909001904605e+02 -8.433243994116847164e-02 9.956650367077121144e-01 -3.923231131860740323e-02 4.541501844388285463e+02 -7.060410007680371913e-02 3.330273768250393424e-02 9.969483380372298198e-01 -6.911769608653372643e+00
9.928540365346718577e-01 9.694780128657365381e-02 6.958438016183696173e-02 1.773785388707055972e+02 -9.440077867244593690e-02 9.947696503780608657e-01 -3.901071228196827806e-02 4.540352713877040287e+02 -7.300243230772456016e-02 3.216312348652803493e-02 9.968130107320761768e-01 -6.972820885255006651e+00
9.918614243384166196e-01 1.081876938351957751e-01 6.712926196517572663e-02 1.786425680429614147e+02 -1.057633545469248426e-01 9.936385703316852336e-01 -3.868467893347819070e-02 4.539067238087019405e+02 -7.088743008706635540e-02 3.127002481333775175e-02 9.969940610674791204e-01 -7.045564621341446454e+00
9.905313953871587307e-01 1.204871905163238527e-01 6.580571155949413442e-02 1.798917637168059116e+02 -1.182746185211734496e-01 9.923077689253591016e-01 -3.655689188166125203e-02 4.537689463129189562e+02 -6.970415601697768637e-02 2.842760369534588771e-02 9.971625755021600312e-01 -7.137826577885243218e+00
9.888175299898699366e-01 1.344836836131023394e-01 6.445177442540944712e-02 1.811487866797401693e+02 -1.325627048693431564e-01 9.906175182661144385e-01 -3.322742514863118862e-02 4.536062624348787722e+02 -6.831560336011306689e-02 2.431195891193176431e-02 9.973674884371397376e-01 -7.215805260090374595e+00
9.869428031169985571e-01 1.499038001989299040e-01 5.893007773183786546e-02 1.823862279770699786e+02 -1.483754518037714576e-01 9.884900498733047991e-01 -2.953212832659407247e-02 4.534196387961169421e+02 -6.267877374030104975e-02 2.040274460436688683e-02 9.978251847568395672e-01 -7.266630736114501943e+00
9.843577999628524422e-01 1.668609835281080755e-01 5.654320320184712950e-02 1.836058688539114883e+02 -1.656847161661486600e-01 9.858638210614206754e-01 -2.492190103339640694e-02 4.532189493907607130e+02 -5.990239128144806552e-02 1.516372309850313495e-02 9.980890566580499224e-01 -7.323032454598246588e+00
9.806418366677630560e-01 1.864004127109958608e-01 5.997061211999461100e-02 1.848374035382237821e+02 -1.853448103250511791e-01 9.824100046748378556e-01 -2.275706484492865181e-02 4.530128125582587586e+02 -6.315765561234237824e-02 1.120128813824061882e-02 9.979407004835491035e-01 -7.409866673825250771e+00
9.760693776606860217e-01 2.085496341221716177e-01 6.160860411167936451e-02 1.860657351726033255e+02 -2.074513101319389319e-01 9.779560879408466523e-01 -2.378747535947554545e-02 4.527668546804284802e+02 -6.521137874346309704e-02 1.043744063187436802e-02 9.978168849620819847e-01 -7.483110011910639514e+00
9.710417989656705551e-01 2.315715096520289673e-01 5.875764272836836444e-02 1.872682781581375764e+02 -2.304448774768879937e-01 9.727546200443691893e-01 -2.536942307183259748e-02 4.524900457285801849e+02 -6.303160402668202267e-02 1.109437243902392997e-02 9.979498643689509452e-01 -7.530633764315300738e+00
9.654947601030824389e-01 2.547284077364010968e-01 5.416000836012568181e-02 1.884549354290839460e+02 -2.535861718506579598e-01 9.669324372277762203e-01 -2.712407201880133803e-02 4.521731083611593363e+02 -5.927834056060980045e-02 1.245392021936745329e-02 9.981638032966081431e-01 -7.576724526250074199e+00
9.591835533740641351e-01 2.778614673322078454e-01 5.253490181485665628e-02 1.896244584861538556e+02 -2.765626952688954310e-01 9.605052636744726424e-01 -3.070364863068107339e-02 4.518432972796247782e+02 -5.899141058076499966e-02 1.492124075352186351e-02 9.981469681625381174e-01 -7.642759445345149949e+00
9.518021430687508833e-01 3.020388529184620530e-01 5.334052659500662652e-02 1.907884237902885047e+02 -3.005681138562704691e-01 9.531571219737385858e-01 -3.391621682357619239e-02 4.514820229687093160e+02 -6.108591803858696295e-02 1.624906638670288450e-02 9.980002397088606481e-01 -7.712893391578703017e+00
9.434374402431185969e-01 3.274273926941272950e-01 5.212579842110757339e-02 1.919270829891011658e+02 -3.259283108787166539e-01 9.447357016252813100e-01 -3.528725325573319610e-02 4.510879565769639044e+02 -6.079911607300508836e-02 1.630204245220352038e-02 9.980168890838611029e-01 -7.767974661463419750e+00
9.346380406715012468e-01 3.523799924569028241e-01 4.775011880415275939e-02 1.930529606916197167e+02 -3.509444422097188765e-01 9.357050519960798951e-01 -3.597296416926461932e-02 4.506775036132795549e+02 -5.735618024107664442e-02 1.686406193913639676e-02 9.982113363426935448e-01 -7.811844251999824351e+00
9.251056565500537232e-01 3.771849246558418023e-01 4.371563600659208321e-02 1.941482679781530862e+02 -3.758575187703028231e-01 9.259890598352411573e-01 -3.571255590514083728e-02 4.502381509725141768e+02 -5.395043839419189774e-02 1.660703699680243783e-02 9.984055070557560363e-01 -7.857402745013032153e+00
9.144799300067093517e-01 4.025814002227219857e-01 4.067768195996939590e-02 1.952197243599912326e+02 -4.013407523221025897e-01 9.152428555430462964e-01 -3.544172545093417226e-02 4.497710456241504176e+02 -5.149813725226062150e-02 1.608513512915397958e-02 9.985435445124183351e-01 -7.908300055813493046e+00
9.028738682593693277e-01 4.283562040132595783e-01 3.646560705259316998e-02 1.962786419218234641e+02 -4.272516531961162989e-01 9.034768831365805886e-01 -3.443176555152936691e-02 4.492864101375826635e+02 -4.769489339068781059e-02 1.550755045648865432e-02 9.987415646819202131e-01 -7.957030874970181245e+00
8.900410442495436669e-01 4.548653129009205820e-01 3.040537239912656856e-02 1.973132015758653210e+02 -4.539688192458172789e-01 8.904368546512487770e-01 -3.216393992267928270e-02 4.487733213137614712e+02 -4.170432476063406363e-02 1.482413566920021825e-02 9.990200169655863993e-01 -7.996324573902075628e+00
8.756955548478009277e-01 4.822028648206241330e-01 2.525257172220506802e-02 1.983087519974689030e+02 -4.814438861504548028e-01 8.759334175926694055e-01 -3.086150405885189352e-02 4.482344578491986908e+02 -3.700107712148679312e-02 1.486758565502249892e-02 9.992046212806665606e-01 -8.017082651358453660e+00
8.600592935534828731e-01 5.096843222482478897e-01 2.280138650670116701e-02 1.992840291455297290e+02 -5.089800201883039055e-01 8.602366936514886930e-01 -3.053145827943307827e-02 4.476505382607240335e+02 -3.517599495959779915e-02 1.465341427446477558e-02 9.992736996582582965e-01 -8.031672259513580769e+00
8.431303664769315143e-01 5.372728595121679662e-01 2.165778280649735890e-02 2.002472524195703727e+02 -5.366073113951868034e-01 8.432970511870611086e-01 -3.004458048361905234e-02 4.470449135338999440e+02 -3.440608204524655406e-02 1.370977355122396726e-02 9.993138964446907080e-01 -8.067604492858325926e+00
8.245361891973647106e-01 5.655110352030985332e-01 1.836686602030037502e-02 2.011804588728879821e+02 -5.649246712716650132e-01 8.246277217526664094e-01 -2.914165928029438524e-02 4.464245270261882865e+02 -3.162575678919202909e-02 1.365245694105305177e-02 9.994065348630574164e-01 -8.104600638385567990e+00
8.044804725032438375e-01 5.938277733837599159e-01 1.340689818876588356e-02 2.020822716307082771e+02 -5.934176006063646147e-01 8.044964256645925627e-01 -2.531901229275417345e-02 4.457795659221574169e+02 -2.582093436619349938e-02 1.241276161783905208e-02 9.995895171006323743e-01 -8.117310230371348467e+00
7.826769859616159453e-01 6.223551916048922772e-01 9.526338671179012188e-03 2.029467122426702588e+02 -6.220657808310735559e-01 7.826519081471416950e-01 -2.213944427181213995e-02 4.451046141224867370e+02 -2.123440522046364867e-02 1.140202420957888395e-02 9.997095047456822092e-01 -8.113733412029800363e+00
7.587072289167933192e-01 6.513852117693322841e-01 7.787597679824540681e-03 2.037890322668361023e+02 -6.511558909508852189e-01 7.586796092594074725e-01 -2.003137973160784222e-02 4.443984579889056477e+02 -1.895643609330405210e-02 1.012701250197502352e-02 9.997690218987710375e-01 -8.122862694706006081e+00
7.327722699059978639e-01 6.804415113162155526e-01 6.644556758437175290e-03 2.045897331017985152e+02 -6.802311307814786767e-01 7.327367001796758483e-01 -1.955855121299446969e-02 4.436654860569984749e+02 -1.817716073985936598e-02 9.812129611085233793e-03 9.997866337073788578e-01 -8.154795379179198278e+00
7.053018166545197420e-01 7.088905199522604894e-01 4.855733276064646067e-03 2.053421251123618845e+02 -7.087117367663401390e-01 7.052516735489340327e-01 -1.864808639152381459e-02 4.429064157205660877e+02 -1.664396567745383970e-02 9.711214045718292998e-03 9.998143181252635570e-01 -8.171349920593732108e+00
6.770676738988049559e-01 7.359155181995509221e-01 2.777595065520666474e-03 2.060647729163069357e+02 -7.357704474853964394e-01 6.770008409668977212e-01 -1.765530903873107835e-02 4.421190270460740521e+02 -1.487325009543399162e-02 9.910166658526836994e-03 9.998402747581228711e-01 -8.157107335487491895e+00
6.479127644419516718e-01 7.617032063017645793e-01 4.156342478643779495e-03 2.067579439855420844e+02 -7.615707436771330663e-01 6.478868257934409236e-01 -1.589538732961457215e-02 4.413311066209447517e+02 -1.480040702977484211e-02 7.133475514168544779e-03 9.998650216298405891e-01 -8.147326436034957098e+00
6.172412768397348426e-01 7.867595454544931144e-01 4.756448411731330379e-03 2.074153832629582439e+02 -7.866231782654881100e-01 6.172300744876780820e-01 -1.584331289338238025e-02 4.405295529727812323e+02 -1.540070065796057645e-02 6.037614112790853221e-03 9.998631734567829943e-01 -8.173608320428737528e+00
5.847675670652608959e-01 8.111910906879157279e-01 3.988345161257274805e-03 2.080308324371778781e+02 -8.110745860816387376e-01 5.847562075167423989e-01 -1.477137715770423382e-02 4.396972040786682783e+02 -1.431461913828524155e-02 5.402976881896629814e-03 9.998829429086882881e-01 -8.187922156688301811e+00
5.512189395224579291e-01 8.343589984259653924e-01 1.656036641295164378e-03 2.085952884767897899e+02 -8.342880259562341916e-01 5.511960657800487606e-01 -1.209904188961373299e-02 4.388358452749315006e+02 -1.100774535440141380e-02 5.287609499253339597e-03 9.999254325838482504e-01 -8.175654848839025490e+00
5.176730203696959798e-01 8.555784078350083810e-01 -4.816926704299641306e-04 2.091146671728879198e+02 -8.555180977237172302e-01 5.176296730658751510e-01 -1.217809627601434096e-02 4.379632491235469729e+02 -1.016997780278092352e-02 6.716368678650992512e-03 9.999257282134825786e-01 -8.156853526407445543e+00
4.833571372064870975e-01 8.754188400905523748e-01 -2.780706036539756006e-03 2.095986384603714043e+02 -8.753400701029357966e-01 4.832649800441660703e-01 -1.532059839235247120e-02 4.370770782752932746e+02 -1.206812262686930357e-02 9.839383996178171360e-03 9.998787661205925659e-01 -8.168553356192237658e+00
4.472863267443285551e-01 8.943632508310520590e-01 -7.022639851127605685e-03 2.100446043355949541e+02 -8.943161251396177791e-01 4.471337072825581349e-01 -1.643520997783944754e-02 4.361952776834534689e+02 -1.155898883232652982e-02 1.363170476017104733e-02 9.998402704444873113e-01 -8.183642867232091334e+00
4.101799091438609879e-01 9.119503706103238017e-01 -9.948048975902642685e-03 2.104572508741747470e+02 -9.119808669789960520e-01 4.100660811143825302e-01 -1.169219328148523966e-02 4.352961890234190037e+02 -6.583342538015675253e-03 1.386833310768529476e-02 9.998821575254962513e-01 -8.161043587409075428e+00
3.725395747300424554e-01 9.279588015126380984e-01 -1.033092228153531002e-02 2.108298532526315796e+02 -9.280160165171631448e-01 3.725075721211209001e-01 -4.937793033761017636e-03 4.343781366499741239e+02 -7.337217288596380128e-04 1.142678465956111292e-02 9.999344429735224082e-01 -8.138850737428247939e+00
3.351089087520083831e-01 9.421344803059168438e-01 -9.200015964031398735e-03 2.111548802914901160e+02 -9.421787501613237970e-01 3.350812450792595154e-01 -4.445440425821982865e-03 4.334593923842560912e+02 -1.105449901336026967e-03 1.015776623247460070e-02 9.999477975202915037e-01 -8.143562565747487270e+00
2.968322671082473385e-01 9.548779327108314341e-01 -9.936741179453088477e-03 2.114480678836571883e+02 -9.549125100378865749e-01 2.967485581314289189e-01 -9.076971965455184199e-03 4.325330587091162329e+02 -5.718686608120143386e-03 1.218305662825241824e-02 9.999094307759431866e-01 -8.177392896448035131e+00
2.570728044390512834e-01 9.663045068049286312e-01 -1.300666545758145942e-02 2.116998023566730467e+02 -9.663663943905894671e-01 2.569446486735736945e-01 -1.074426873017913543e-02 4.315884277542341465e+02 -7.040242209882407835e-03 1.533126369540153099e-02 9.998576835445773803e-01 -8.166756853748204037e+00
2.168337926786142733e-01 9.761211710087337456e-01 -1.306008656731345863e-02 2.119021897510686472e+02 -9.761995018527220846e-01 2.167548238569340091e-01 -7.202702079540979768e-03 4.306445343922965776e+02 -4.199873224854286033e-03 1.431103921060585156e-02 9.998887714249058423e-01 -8.129628310408268277e+00
1.772372575425250896e-01 9.840844167668453268e-01 -1.283803783536270442e-02 2.120724848219352907e+02 -9.841670337847584493e-01 1.772022978817305860e-01 -3.820371283643181782e-03 4.296993135107620105e+02 -1.484638041777957542e-03 1.331188574515256191e-02 9.999102907500215798e-01 -8.131092447377607613e+00
1.380536050305378737e-01 9.902927480918872760e-01 -1.617019525826310714e-02 2.122010313750291459e+02 -9.904247541900050855e-01 1.380336906113314999e-01 -2.346602625861446152e-03 4.287600613749399940e+02 -9.179183364008076983e-05 1.633931861594389162e-02 9.998665002096158716e-01 -8.138916611947013990e+00
9.765612071118609516e-02 9.950359532118179251e-01 -1.915029773898192789e-02 2.122935168660877707e+02 -9.952201757054224274e-01 9.764363785057758593e-02 -1.588035318929005395e-03 4.278156154875460970e+02 2.897524998513037399e-04 1.921384404939970383e-02 9.998153550732925554e-01 -8.112128871797393614e+00
5.738523333620895034e-02 9.981620057998272788e-01 -1.948191912042580506e-02 2.123482024127258967e+02 -9.983517904520426978e-01 5.735868141192107528e-02 -1.919418632470347138e-03 4.268537643250744509e+02 -7.984335600348458403e-04 1.955995512141315423e-02 9.998083669681397945e-01 -8.090311407852055936e+00
1.784972374626088779e-02 9.996238886691029002e-01 -2.081990788269450637e-02 2.123647460811337453e+02 -9.998276538181720685e-01 1.773932386929211874e-02 -5.475312695253001412e-03 4.259019744747345726e+02 -5.103922279248169179e-03 2.091405247009954504e-02 9.997682493391382152e-01 -8.115980203051266884e+00
-2.172364632556835623e-02 9.995138586472455122e-01 -2.236357669103442025e-02 2.123282370382296449e+02 -9.997204330023837793e-01 -2.192612276523703621e-02 -8.848783984837869931e-03 4.249628443375328288e+02 -9.334828753018683742e-03 2.216509671934497119e-02 9.997107428949504326e-01 -8.121549106053713274e+00
-6.232470208324855654e-02 9.977535213342163534e-01 -2.456709537991689021e-02 2.122807807134432494e+02 -9.980089828704226118e-01 -6.254162338965543744e-02 -8.161829067759621484e-03 4.240249977371407795e+02 -9.679959719913656599e-03 2.400949830708899030e-02 9.996648650277064618e-01 -8.117886760440141458e+00
-1.027730038822570469e-01 9.943903723405018713e-01 -2.500993941487213504e-02 2.121858158394611849e+02 -9.946807065424700944e-01 -1.029131480689558509e-01 -4.379039473466250082e-03 4.230864468827385281e+02 -6.928326290712210657e-03 2.442685716696225626e-02 9.996776115047061317e-01 -8.087388866758862704e+00
-1.417041777462802188e-01 9.895831226602350705e-01 -2.540018415816738123e-02 2.120510535759589175e+02 -9.899016183524377288e-01 -1.417558802707724330e-01 -2.374697529559354479e-04 4.221675447920076749e+02 -3.835621524048250970e-03 2.511003294853761045e-02 9.996773350700952632e-01 -8.094661164293475153e+00
-1.801023972085765978e-01 9.832750196565105405e-01 -2.708066172037831842e-02 2.118751828590848731e+02 -9.836457827091825701e-01 -1.800904257901143612e-01 2.900464992973313550e-03 4.212522205600137113e+02 -2.025013126922149860e-03 2.716015939247812955e-02 9.996290437275273666e-01 -8.102282376604756919e+00
-2.185887546884555110e-01 9.753730096896447987e-01 -2.943549375692462028e-02 2.116671814618833594e+02 -9.758170280456140988e-01 -2.184982372991078059e-01 6.296671613464220607e-03 4.203577587607228452e+02 -2.899999572650183784e-04 3.010003764360673351e-02 9.995468491440899772e-01 -8.091430118178040587e+00
-2.567015361741364909e-01 9.660372306956586108e-01 -2.960388886111726264e-02 2.114247781292800141e+02 -9.664891412289284833e-01 -2.565252171154767669e-01 9.672273281173359230e-03 4.194602485428667364e+02 1.749632077515750860e-03 3.109472453199112196e-02 9.995149107911661668e-01 -8.066530671032568378e+00
-2.943464830215672401e-01 9.552850924600687632e-01 -2.811654417585544505e-02 2.111426712727613619e+02 -9.556920449200940748e-01 -2.941065943945485595e-01 1.241073769324032260e-02 4.185657742448454997e+02 3.586531651080010225e-03 3.052381459121790777e-02 9.995276051883292823e-01 -8.059871556597382636e+00
-3.311771239379589504e-01 9.431767726928875772e-01 -2.718985165113763786e-02 2.108362646159102951e+02 -9.435625034946106826e-01 -3.309338268682351925e-01 1.313789303229921830e-02 4.177039003925151519e+02 3.393313891297747211e-03 3.000629412263591811e-02 9.995439498760726460e-01 -8.060682558670972497e+00
-3.676189384828731921e-01 9.296032565384259039e-01 -2.634580615353292188e-02 2.105033977795246756e+02 -9.299744542093103528e-01 -3.674109553081643109e-01 1.251816430784239570e-02 4.168526854709600684e+02 1.957188499220116097e-03 2.910284097293924094e-02 9.995745065078852631e-01 -8.055958139320097189e+00
-4.039905472446192469e-01 9.144338049965087256e-01 -2.454493871657163415e-02 2.101414125555765509e+02 -9.147629549914516600e-01 -4.038270667555295401e-01 1.150809849335173406e-02 4.160028842095928781e+02 6.114836879428641467e-04 2.710196367852928112e-02 9.996324872934387873e-01 -8.040837890267285459e+00
-4.401257971041744876e-01 8.976369493581523029e-01 -2.317735684682755912e-02 2.097411516619793872e+02 -8.979352814663649207e-01 -4.400141016919829617e-01 9.991026479692481990e-03 4.151745392659854019e+02 -1.230049322363689548e-03 2.520907493716601291e-02 9.996814440207824060e-01 -8.032996366581359737e+00
-4.758860455947487855e-01 8.792231242424801696e-01 -2.234209939745631160e-02 2.093064363388365337e+02 -8.795021193778740365e-01 -4.758140382749337371e-01 8.776274285181346127e-03 4.143640707515961026e+02 -2.914381241617584623e-03 2.382643023604372190e-02 9.997118622904228591e-01 -8.029938831298048640e+00
-5.114101986658498022e-01 8.590474590426333545e-01 -2.229510737699995360e-02 2.088279583207219048e+02 -8.593309625454524925e-01 -5.113296420619269922e-01 9.606974525231131920e-03 4.135838413466659631e+02 -3.147302219826488435e-03 2.407198083285775475e-02 9.997052736819584950e-01 -8.037303485675185044e+00
-5.465003960679299944e-01 8.372201837113348866e-01 -1.999202550904842848e-02 2.083296516023550282e+02 -8.374572912665997348e-01 -5.463896243426954458e-01 1.112041883465189965e-02 4.128206140692553845e+02 -1.613196208044300221e-03 2.281978082731897159e-02 9.997382933553097262e-01 -7.998657586059590763e+00
-5.809711750383896867e-01 8.137803498964962801e-01 -1.529823182099113860e-02 2.078084746753792160e+02 -8.139225981015482114e-01 -5.808309505037433373e-01 1.286122997788694509e-02 4.120704087181192108e+02 1.580529701891239796e-03 1.992358048279282284e-02 9.998002564845674955e-01 -8.008556109176453219e+00
-6.143527224066791526e-01 7.888568886346293274e-01 -1.659944954489920438e-02 2.072513769442754779e+02 -7.890185640867678485e-01 -6.140861350823115794e-01 1.865272704255889133e-02 4.113570744673545505e+02 4.520840403823008814e-03 2.455662748345186289e-02 9.996882184204642918e-01 -8.053485675871513649e+00
-6.468491667859844751e-01 7.623551467540251592e-01 -2.001963151325908755e-02 2.066609306888484809e+02 -7.626043250565169851e-01 -6.464576996391659947e-01 2.295835321473109480e-02 4.106906268389028583e+02 4.560573798561861660e-03 3.011764922577621698e-02 9.995359565176936689e-01 -7.994653347807152421e+00
-6.787767665582986609e-01 7.339856994222162534e-01 -2.295853271318034489e-02 2.060354831446617254e+02 -7.343441318522175854e-01 -6.784064410335824968e-01 2.243650548464491343e-02 4.100235215512180957e+02 8.928577014357597834e-04 3.208884241959589906e-02 9.994846216912470771e-01 -7.947379656028982886e+00
-7.090978648584860267e-01 7.045475314601578054e-01 -2.816014855312704013e-02 2.053745478676986806e+02 -7.050675414381650796e-01 -7.089280560610913273e-01 1.734281810386916270e-02 4.093632067948949498e+02 -7.744679688516369759e-03 3.215256199496947798e-02 9.994529667241384141e-01 -7.959725356336010194e+00
-7.377012455233350474e-01 6.743342458505707793e-01 -3.271386902312503620e-02 2.047083487564941322e+02 -6.749615180072149334e-01 -7.377275215677301379e-01 1.360342350037612932e-02 4.087563736173242432e+02 -1.496066718820932007e-02 3.211586515534652769e-02 9.993721777409090290e-01 -8.014842504273484991e+00
-7.653542385520361035e-01 6.427387021685054824e-01 -3.346416389481277065e-02 2.040219714875616148e+02 -6.434461048460935473e-01 -7.652959302872861524e-01 1.729882204396213444e-02 4.081922551289105741e+02 -1.449136600958678828e-02 3.477211268335231309e-02 9.992901983361552887e-01 -8.031967489296190976e+00
-7.917753089606249794e-01 6.101643933984604029e-01 -2.812957783181921009e-02 2.033150554035816810e+02 -6.107604427251845935e-01 -7.914688915938010716e-01 2.342381782325515457e-02 4.076505116653750633e+02 -7.971306194348978802e-03 3.572683400427964506e-02 9.993298012215919846e-01 -7.971252921380474810e+00
-8.167871297774049744e-01 5.765970340351368462e-01 -1.986567320460078459e-02 2.025858144154148306e+02 -5.769391414948407126e-01 -8.162963318192688611e-01 2.831122868409206850e-02 4.071290798037298373e+02 1.078943231020226021e-04 3.458553166123069789e-02 9.994017357191876672e-01 -7.950823650218270089e+00
-8.393945527839080656e-01 5.433342705983392751e-01 -1.430577331271253028e-02 2.018203658749034730e+02 -5.434997410507079740e-01 -8.388272678284703909e-01 3.125453927413557320e-02 4.066313949307149755e+02 4.981589557323517006e-03 3.401007410746943044e-02 9.994090747159977139e-01 -7.984718751345512899e+00
-8.593281124460897535e-01 5.112120827766439835e-01 -1.474454417765198692e-02 2.010522402163389586e+02 -5.114109608078086788e-01 -8.587367675500238162e-01 3.209350749561918487e-02 4.061823618969263521e+02 3.744906604327930249e-03 3.511937472255099307e-02 9.993761079761822597e-01 -8.011633454778978702e+00
-8.768112273501694753e-01 4.804261860007814633e-01 -1.981795643935042525e-02 2.002791039943507485e+02 -4.808336332895047360e-01 -8.761535499960053652e-01 3.397019174234127553e-02 4.057675158472426347e+02 -1.043403231514825578e-03 3.931458551402881862e-02 9.992263380613806145e-01 -8.005540337426895192e+00
-8.928931207410294446e-01 4.496480603949460919e-01 -2.363253512444747281e-02 1.994827640550855392e+02 -4.502547410867597244e-01 -8.920476829689569787e-01 3.900768435334391049e-02 4.053794409041485096e+02 -3.541618590466494992e-03 4.547035399882009415e-02 9.989594105092466370e-01 -7.966618415973020007e+00
-9.071895921873873725e-01 4.200751410474994896e-01 -2.332208611606425425e-02 1.986500535520382300e+02 -4.207195695991063356e-01 -9.059797104706515114e-01 4.685944912029423037e-02 4.050114853793902512e+02 -1.444847128387783015e-03 5.232246257046917898e-02 9.986291966127054387e-01 -7.939217025749780277e+00
-9.189620468864001523e-01 3.938421793753324462e-01 -1.992722076071960086e-02 1.978202738874197735e+02 -3.943337714305432673e-01 -9.173618602328716953e-01 5.429635438451990009e-02 4.046665363880968584e+02 3.103722236609855571e-03 5.775426508037130591e-02 9.983260047566145934e-01 -7.928652709880735117e+00
-9.287638983460649866e-01 3.703575505640567811e-01 -1.526125385453858813e-02 1.970107227024778922e+02 -3.705835223373649678e-01 -9.268564850388526510e-01 6.004089534188539884e-02 4.043553527520867874e+02 8.091606827590264867e-03 6.141938522661716249e-02 9.980792478642825927e-01 -7.931362104316280082e+00
-9.375965972468380816e-01 3.475704672739310941e-01 -1.036296821047979350e-02 1.961979030701065767e+02 -3.474908919005411656e-01 -9.354561614597631802e-01 6.458986014175818746e-02 4.040691602662170681e+02 1.275542540712376258e-02 6.416027015175819470e-02 9.978580855295690055e-01 -7.942882673834044560e+00
-9.464787341408971155e-01 3.227260797958184657e-01 -5.087557239893963565e-03 1.953627736518484710e+02 -3.222872249715937332e-01 -9.440984664309780561e-01 6.934717227678463547e-02 4.037955820048125588e+02 1.757698606574828459e-02 6.727527853751130715e-02 9.975796140953084867e-01 -7.920417166695329136e+00
-9.552603554094477589e-01 2.957646874587256391e-01 9.502817785685126976e-04 1.944943700999469627e+02 -2.949580054238086779e-01 -9.528824616814289827e-01 7.081517673740277130e-02 4.035231031604687928e+02 2.185013545552571407e-02 6.736663768055696500e-02 9.974890012968522512e-01 -7.872994590937437032e+00
-9.632016860655209234e-01 2.686643636707781724e-01 7.872207690037874919e-03 1.935967675805995611e+02 -2.675109681021310415e-01 -9.610862688514867358e-01 6.892797523640172008e-02 4.032633873759377821e+02 2.608436132244554631e-02 6.428564006452142099e-02 9.975905786322837310e-01 -7.851546770853428114e+00
-9.701011141331904453e-01 2.423220208690327615e-01 1.355974039173369478e-02 1.927066899201758190e+02 -2.409211162817054275e-01 -9.682363004541126861e-01 6.689904492973726413e-02 4.030502764551259247e+02 2.934014463359261096e-02 6.163201022911779514e-02 9.976676055821385170e-01 -7.854869082398119318e+00
-9.762013266181185367e-01 2.163327695792754690e-01 1.520206285955476300e-02 1.918295410464759527e+02 -2.148966459079635349e-01 -9.743818350039822329e-01 6.632850964540294714e-02 4.028659258465971789e+02 2.916164409859455312e-02 6.148310678904462395e-02 9.976820265460502046e-01 -7.844653663777487296e+00
-9.817785410546036040e-01 1.896764704442460148e-01 1.156429351530007671e-02 1.909349865914867621e+02 -1.885421340874959273e-01 -9.798899743205358170e-01 6.532611958347023240e-02 4.027022221234842618e+02 2.372256306615392121e-02 6.195542579882900441e-02 9.977969559061893312e-01 -7.796627482046050162e+00
-9.866214992410150542e-01 1.629227736360375212e-01 5.846970681763787731e-03 1.899940619172285210e+02 -1.622093063808427438e-01 -9.846264260733562645e-01 6.479924383398813492e-02 4.025370909497573848e+02 1.631435438069206434e-02 6.298389404245532952e-02 9.978811907899605149e-01 -7.758463140360173149e+00
-9.904827698240349365e-01 1.375566748002342021e-01 4.695093141861375087e-03 1.890626893936968145e+02 -1.369459667895647215e-01 -9.883513243647399360e-01 6.638871746416226405e-02 4.023893986290962062e+02 1.377261274339687709e-02 6.511390668948942306e-02 9.977827891349162481e-01 -7.751356291322451852e+00
-9.933887276630232188e-01 1.143329762544466610e-01 1.033471300232188458e-02 1.881343114192253552e+02 -1.133971298909284137e-01 -9.912990827695039586e-01 6.683726081191927737e-02 4.022874570710071112e+02 1.788649447320919336e-02 6.522345468572432470e-02 9.977103659250610157e-01 -7.727806136850029262e+00
-9.955347745950288152e-01 9.316306082284012136e-02 1.520383734934954018e-02 1.871923621368535180e+02 -9.198882731671960411e-02 -9.936243771675902225e-01 6.518169027582788877e-02 4.022113514638564311e+02 2.117942919250727363e-02 6.349205616798843377e-02 9.977575810699914616e-01 -7.712509231131381426e+00
-9.971974623122912273e-01 7.370889922353529577e-02 1.281480913561401994e-02 1.862474421794249224e+02 -7.273388226655042033e-02 -9.952518124681533074e-01 6.468084839651284945e-02 4.021542559719819110e+02 1.752151615480464567e-02 6.356750706227046188e-02 9.978237161530714161e-01 -7.705271676577688744e+00
-9.984635331385153245e-01 5.510814118386706678e-02 5.802220937905028242e-03 1.852850535377360472e+02 -5.460247148393343464e-02 -9.962959534290402042e-01 6.642998787270118499e-02 4.021099917511390345e+02 9.441562391867433165e-03 6.601110479442043322e-02 9.977742184198890030e-01 -7.694960019028886933e+00
-9.993005192419025517e-01 3.728425430465531765e-02 2.890782560173663258e-03 1.843158111366866478e+02 -3.699483333108744693e-02 -9.969128871384459467e-01 6.925372021843896608e-02 4.020580531696711546e+02 5.463931704319925295e-03 6.909833455470941466e-02 9.975948905302672864e-01 -7.670514982323669351e+00
-9.997543895146535631e-01 2.128728883695753943e-02 6.165385645249081385e-03 1.833444006616309707e+02 -2.078997270115581081e-02 -9.972005458920105703e-01 7.182512309604489886e-02 4.020226382040465865e+02 7.677088072172689147e-03 7.167930389344433217e-02 9.973981851357477391e-01 -7.649356429765260756e+00
-9.999234782301386071e-01 7.440019263024959424e-03 9.883511395637551572e-03 1.823546505670745432e+02 -6.695321569285216795e-03 -9.972834633064827647e-01 7.335438967445410963e-02 4.020321733192147917e+02 1.040242054647588614e-02 7.328260317970158866e-02 9.972569627322641628e-01 -7.634442088643596414e+00
-9.999235193707670666e-01 -4.605409799453456104e-03 1.147804903973181044e-02 1.813668277096814734e+02 5.443636429869494128e-03 -9.972358489634760570e-01 7.410147343012202237e-02 4.020581627847453206e+02 1.110505432669232906e-02 7.415828842870343662e-02 9.971846499148120380e-01 -7.624258461683748322e+00
-9.998253465374207227e-01 -1.457825681939727870e-02 1.169405188265833402e-02 1.803867053921957790e+02 1.543384731994751867e-02 -9.969300444920540238e-01 7.676120599610043727e-02 4.020832168785945555e+02 1.053910708889314526e-02 7.692828359698991592e-02 9.969809257977756412e-01 -7.624431239018644391e+00
-9.996758576575048849e-01 -2.280911843554146723e-02 1.131033743646979624e-02 1.793926533432708084e+02 2.364536311237152091e-02 -9.964867163719604015e-01 8.034376701097435680e-02 4.021021064619623644e+02 9.438030515815817173e-03 8.058516122973923002e-02 9.967030427211304167e-01 -7.609666699884844121e+00
-9.994866438233974693e-01 -3.014658244924313737e-02 1.084584645251903019e-02 1.783739455085424765e+02 3.094741726821731778e-02 -9.960362888314755470e-01 8.339045925792858138e-02 4.021337078403061014e+02 8.288919294303673940e-03 8.368330118639193127e-02 9.964579263167512302e-01 -7.586103138189569606e+00
-9.993218802013794644e-01 -3.514366720508704800e-02 1.098646467968143747e-02 1.773518323091726359e+02 3.596337990072655949e-02 -9.956075651195507303e-01 8.644195499198160937e-02 4.021711151891045688e+02 7.900320050214272583e-03 8.677844739391137041e-02 9.961963089727878806e-01 -7.567337807589255227e+00
-9.991943066884205749e-01 -3.838075472377538294e-02 1.173265307935470077e-02 1.763252187690121957e+02 3.926780856381579393e-02 -9.953296347338206340e-01 8.818705931844753043e-02 4.022153275996606681e+02 8.293171410420394074e-03 8.857672316965245485e-02 9.960348324333261338e-01 -7.565613665658040610e+00
-9.991234133187281152e-01 -3.996529062925913145e-02 1.245714667380222809e-02 1.752883361423810697e+02 4.091754223857971273e-02 -9.951918367021423961e-01 8.898855487404411235e-02 4.022609953921844976e+02 8.840797220150261801e-03 8.942026451725337832e-02 9.959547462601785472e-01 -7.555586918584857870e+00
-9.990358508970772489e-01 -4.182993699062513560e-02 1.332760269939589452e-02 1.742324639417753360e+02 4.283805679716766457e-02 -9.952463185579200067e-01 8.746237069020103283e-02 4.023036902022678873e+02 9.605702066754526203e-03 8.794897252536731935e-02 9.960786659293214829e-01 -7.537262139218742441e+00
-9.989076752158891903e-01 -4.416073804073358117e-02 1.527369013976680179e-02 1.731708933515255069e+02 4.530960416535886881e-02 -9.953021278425989715e-01 8.556117158135652379e-02 4.023476899752079134e+02 1.142349181145587908e-02 8.615975584745774740e-02 9.962158402209533303e-01 -7.527799219614955462e+00
-9.987723886908100868e-01 -4.711732986397960954e-02 1.528636043478826326e-02 1.720969179995528577e+02 4.822004355133832632e-02 -9.954382815471571888e-01 8.232530006231644770e-02 4.024123203093072902e+02 1.133768004312881751e-02 8.296134555883437345e-02 9.964882699531927290e-01 -7.515738896553295412e+00
-9.986590769135709200e-01 -4.994109269436396853e-02 1.363581162335392345e-02 1.710026463530133753e+02 5.088361613446379383e-02 -9.954245982946966498e-01 8.087475946747957334e-02 4.024797227264352841e+02 9.534448448399433090e-03 8.146015203972478691e-02 9.966309938600392826e-01 -7.509416184771815495e+00
-9.985689290705553889e-01 -5.196086899752427185e-02 1.265551215503847582e-02 1.699050179632691027e+02 5.282670068264713054e-02 -9.952286743290118531e-01 8.203185654551878314e-02 4.025222618073610192e+02 8.332682033428231647e-03 8.258301209292788492e-02 9.965493527787717687e-01 -7.492214336703540312e+00
-9.985507570473186600e-01 -5.227661643459996510e-02 1.278831397708550706e-02 1.688155853530647050e+02 5.315377274697555970e-02 -9.951974968296249946e-01 8.219865416666966018e-02 4.025589881259014078e+02 8.429830543355483138e-03 8.275927548135365852e-02 9.965339132607637929e-01 -7.461253228797335879e+00
-9.985103617981495594e-01 -5.321954090288535943e-02 1.203070437734101231e-02 1.676979772824468000e+02 5.401190822814497250e-02 -9.953515089758231404e-01 7.973761564724066164e-02 4.026223648262979395e+02 7.731180458591563852e-03 8.026863674959690276e-02 9.967432843029733203e-01 -7.444619802063922265e+00
-9.984364701762508121e-01 -5.514291570864941067e-02 9.158267802208918534e-03 1.665652758631457573e+02 5.569773413776305665e-02 -9.952766366500827022e-01 7.951213083812065652e-02 4.027050319188484195e+02 4.730479247101617921e-03 7.989790601541527093e-02 9.967918274045211025e-01 -7.459426095514848143e+00
-9.983453330662169778e-01 -5.727744659457659898e-02 5.088227246323319235e-03 1.654127531159422233e+02 5.750185345779061652e-02 -9.949700074442406894e-01 8.202573459181587701e-02 4.027764467413144303e+02 3.644088686886780499e-04 8.218259181854549456e-02 9.966172228133339805e-01 -7.460870173388630455e+00
-9.982607335525824910e-01 -5.883333840218300109e-02 3.761135402295797021e-03 1.642565701926449719e+02 5.893927370047545578e-02 -9.945892969538002726e-01 8.554701865410770101e-02 4.028392469769404443e+02 -1.292231682257526755e-03 8.561990818378638346e-02 9.963270353954464253e-01 -7.449671895106497743e+00
-9.981928065389927829e-01 -5.966533425997243983e-02 7.153241325164256051e-03 1.631070442237806901e+02 6.006368471132395026e-02 -9.943110492792548438e-01 8.796528326611270654e-02 4.028966795857372176e+02 1.864068858426072171e-03 8.823596301301711575e-02 9.960978566779754573e-01 -7.424757815072988265e+00
-9.981416125144069174e-01 -6.011185166299005261e-02 9.994331232543302718e-03 1.619332542112955480e+02 6.076180249008099332e-02 -9.942229203868711007e-01 8.848043815193229467e-02 4.029720699788026650e+02 4.617870212067579257e-03 8.892328079332316448e-02 9.960277734117940485e-01 -7.416469339889459000e+00
-9.980756911505973550e-01 -6.137904135584475174e-02 8.804999517048626989e-03 1.607427316923658793e+02 6.191945427472286129e-02 -9.941202742973964668e-01 8.883052073015447470e-02 4.030582678833968089e+02 3.300896329519462710e-03 8.920478413800117523e-02 9.960078366008543460e-01 -7.428477506630858151e+00
-9.980077024803089003e-01 -6.282121091978461191e-02 5.841339619300669854e-03 1.595322294534830121e+02 6.309210201914966509e-02 -9.938833209806000601e-01 9.063846280349054096e-02 4.031309724734350084e+02 1.115920305829954442e-04 9.082642641404786721e-02 9.958667319536645968e-01 -7.442759608530730375e+00
-9.978825002155985446e-01 -6.471629417972933618e-02 6.505154195707494452e-03 1.583239804649340385e+02 6.504083066132256008e-02 -9.935530516819895963e-01 9.285485361731060650e-02 4.032185507591548230e+02 4.539937800935227937e-04 9.308133411726401962e-02 9.956584048400323184e-01 -7.429119262218187636e+00
-9.977254515538994672e-01 -6.657874328263438390e-02 1.054486910649577933e-02 1.571134736730840871e+02 6.727072003170581072e-02 -9.934274186091931469e-01 9.261001124010144470e-02 4.033063913680804262e+02 4.309703932281365620e-03 9.310872622037591473e-02 9.956466198173100635e-01 -7.395181722674788460e+00
-9.975293496282647832e-01 -6.913271345828962688e-02 1.248457288441607617e-02 1.558759185021018538e+02 6.997925594496133550e-02 -9.934689964104740367e-01 9.012356466849433256e-02 4.033921036717695188e+02 6.172549522027636661e-03 9.077456197118599635e-02 9.958523377144511413e-01 -7.383842888312762476e+00
-9.972764399324042239e-01 -7.280299498868064711e-02 1.180789043087973264e-02 1.546181070638673987e+02 7.356063603608893608e-02 -9.934228375570045566e-01 8.774906635489312934e-02 4.034860850566814179e+02 5.341833179310068354e-03 8.837867243214002355e-02 9.960726254030962679e-01 -7.398587477139540347e+00
-9.970241742960221920e-01 -7.615130134178586807e-02 1.199062856098415293e-02 1.533509790216973840e+02 7.690871610035622530e-02 -9.932266403125312726e-01 8.709701694820908002e-02 4.035790029386512288e+02 5.276860537268066378e-03 8.776001525429633077e-02 9.961276697619817488e-01 -7.405914096189211371e+00
-9.967970953212750285e-01 -7.873257155235999227e-02 1.402615185364027191e-02 1.520820217867534438e+02 7.965896086146539989e-02 -9.930102692847182499e-01 8.709222152157886088e-02 4.036751074515535151e+02 7.071118266609987928e-03 8.793058211933289792e-02 9.961015068830156860e-01 -7.381290124048986989e+00
-9.965593835623495211e-01 -8.149227266275360648e-02 1.511305826400229958e-02 1.508119529603772264e+02 8.249672828793801205e-02 -9.928562168656136500e-01 8.620221837684544086e-02 4.037830967914329108e+02 7.980279169166845307e-03 8.715240746854110987e-02 9.961630253210663755e-01 -7.354756360862182873e+00
-9.963309488636141742e-01 -8.438689500234503038e-02 1.426507232349568527e-02 1.495188983739046762e+02 8.529918383160353668e-02 -9.927124496265304909e-01 8.512368409647663725e-02 4.038891111455940290e+02 6.977791498294895478e-03 8.602815997310198082e-02 9.962682701549059328e-01 -7.338866984704216279e+00
-9.960967513910251592e-01 -8.747254709099885894e-02 1.182435510541895995e-02 1.482038653685149825e+02 8.816163473128221795e-02 -9.925060873095212788e-01 8.461201342039383066e-02 4.040027519817593316e+02 4.334516092258104865e-03 8.532420617244503014e-02 9.963438120504829465e-01 -7.343866253852910475e+00
-9.958377495984626071e-01 -9.051883213821436402e-02 1.065445930133473648e-02 1.468912927027863589e+02 9.109896772987524649e-02 -9.921872520255748951e-01 8.523752106020945907e-02 4.041214218545600829e+02 2.855617835283033243e-03 8.585335139802208193e-02 9.963036924053361165e-01 -7.347693264662086499e+00
-9.955606389093611952e-01 -9.331067979609972141e-02 1.233415138444663404e-02 1.455690138106068900e+02 9.402465879119914494e-02 -9.919198118794076979e-01 8.517306111863820473e-02 4.042402463940952657e+02 4.286932887657569219e-03 8.595466152053903020e-02 9.962898264909193502e-01 -7.321728552748403729e+00
-9.953070765873541781e-01 -9.583150535980405893e-02 1.342184322691548568e-02 1.442564912557585615e+02 9.662621343695475262e-02 -9.917292239779874619e-01 8.447793312371344732e-02 4.043713332824939357e+02 5.215186666852763241e-03 8.537838654186653831e-02 9.963349501746575632e-01 -7.301685221830077843e+00
-9.950622875193225747e-01 -9.855186305627385013e-02 1.177175623898817775e-02 1.429231669495874826e+02 9.919370304706887076e-02 -9.915334467954842745e-01 8.379757252854434790e-02 4.045216865206467105e+02 3.413683146198910005e-03 8.455148830153233486e-02 9.964132639589725615e-01 -7.306888997087525262e+00
-9.947740299736644864e-01 -1.015709233506076337e-01 1.039118952099630719e-02 1.415705535733991098e+02 1.020857161423245063e-01 -9.912250548038313847e-01 8.397259844051070676e-02 4.046580898158924242e+02 1.770833042674144903e-03 8.459455218184848413e-02 9.964138828275563853e-01 -7.302719482476178747e+00
-9.944708025561863618e-01 -1.043923767337648634e-01 1.140414587470620598e-02 1.402169636354371391e+02 1.049814337341839487e-01 -9.909690857166215672e-01 8.342163823061701788e-02 4.047909911725979555e+02 2.592572924918229264e-03 8.415760710619386853e-02 9.964490833614071397e-01 -7.284753264323914124e+00
-9.941736516449450889e-01 -1.071264804822611022e-01 1.194435240769046828e-02 1.388684627991625007e+02 1.077482772503291636e-01 -9.907599491402159231e-01 8.237130525409519510e-02 4.049363031332018750e+02 3.009837959355013415e-03 8.317836473002371278e-02 9.965301302601429212e-01 -7.265082036608350613e+00
-9.938918387463260284e-01 -1.098984932986447755e-01 1.006648121912630429e-02 1.375039412136193846e+02 1.103538437771095920e-01 -9.905498167651179964e-01 8.144378226856176239e-02 4.050892363372240084e+02 1.020802167217247551e-03 8.205718540919690329e-02 9.966270999153374888e-01 -7.258987664768811854e+00
-9.935960837566012449e-01 -1.126536537225022172e-01 8.716458370076068593e-03 1.361364165003939775e+02 1.129885628105138234e-01 -9.901838096362658437e-01 8.227762641342721561e-02 4.052337039870715216e+02 -6.379792796697449347e-04 8.273558748920242789e-02 9.965713298832428180e-01 -7.267214444305339249e+00
-9.933029227275305129e-01 -1.149973802052465660e-01 1.117614633387829619e-02 1.347673896126755722e+02 1.155280732380607606e-01 -9.898914782655946487e-01 8.226861826394021859e-02 4.053821898028700161e+02 1.602496442296808682e-03 8.300881762250678086e-02 9.965475243068268041e-01 -7.253268251625917706e+00
-9.930114349085306102e-01 -1.170340276581435524e-01 1.520942178433842482e-02 1.334015118429305176e+02 1.178811756972900915e-01 -9.897954668310712245e-01 8.005599450938455375e-02 4.055308558565847648e+02 5.684941259648412792e-03 8.128942250240717149e-02 9.966743255608120355e-01 -7.219924862081340322e+00
-9.926698184826322491e-01 -1.197906046629367838e-01 1.602630675315051823e-02 1.320436188519305176e+02 1.206741393478383689e-01 -9.897172126060190811e-01 7.679577569131600112e-02 4.057111455452105133e+02 6.662099242475157460e-03 7.816680949009242874e-02 9.969180339064104279e-01 -7.214996042165744861e+00
-9.923336947970952115e-01 -1.228401115502083391e-01 1.357000975232557777e-02 1.306567028489305073e+02 1.235167361332713820e-01 -9.894816848810792376e-01 7.529682051643982188e-02 4.058948264870719527e+02 4.177806281968330683e-03 7.639569542345632513e-02 9.970688259370246165e-01 -7.227258746746053397e+00
-9.920238274796758793e-01 -1.255941301598224868e-01 1.071635115006974726e-02 1.292522382478327359e+02 1.260468703977905558e-01 -9.890480534048051720e-01 7.678629121847246886e-02 4.060708796578833812e+02 9.550787907959642402e-04 7.752459303706815685e-02 9.969899825469362709e-01 -7.224611887340092409e+00
-9.917380086066900358e-01 -1.279078874720371017e-01 9.761895680558766927e-03 1.278406930068672693e+02 1.282783753149478456e-01 -9.884848086274981016e-01 8.026482130557986705e-02 4.062372039198148741e+02 -6.170181478785320044e-04 8.085391416066363413e-02 9.967257716410793389e-01 -7.207142496133500664e+00
-9.914017160669207351e-01 -1.303426781582898986e-01 1.155091468625949087e-02 1.264479069400391893e+02 1.308517864787732132e-01 -9.879698463219366289e-01 8.242204034069083862e-02 4.064060180514048284e+02 6.688459301853140254e-04 8.322481005765874906e-02 9.965305733573798230e-01 -7.168802627202575550e+00
-9.910002043312654552e-01 -1.331093435321421270e-01 1.415972033028655569e-02 1.250440278983088831e+02 1.338202156503544848e-01 -9.877350831667495168e-01 8.044597792846394646e-02 4.066097090634056030e+02 3.277941226194475838e-03 8.161683739288387585e-02 9.966583902999568423e-01 -7.146713713735354467e+00
-9.906352507227161874e-01 -1.357485275956398785e-01 1.463343025946028594e-02 1.236242761343477810e+02 1.364746694474010535e-01 -9.876792679538298758e-01 7.657890214289263253e-02 4.068123519626558959e+02 4.057662475528931410e-03 7.785885248193610830e-02 9.969561346746559360e-01 -7.164154619115967293e+00
-9.902706514612769073e-01 -1.385720994569579478e-01 1.272046015481872148e-02 1.221819489003936212e+02 1.391339441776912045e-01 -9.875569202243472677e-01 7.330126120717664340e-02 4.070036673242398706e+02 2.404668796007998228e-03 7.435793548165907374e-02 9.972287174960852152e-01 -7.185479734427007159e+00
-9.899206213230370421e-01 -1.411856550132397914e-01 1.112538978620502758e-02 1.207511889991802434e+02 1.416214379619825936e-01 -9.872528706389461783e-01 7.263014336169634766e-02 4.071852703288155908e+02 7.292386391815128396e-04 7.347367034280156972e-02 9.972968905884367352e-01 -7.176826620594373374e+00
-9.895591770283275190e-01 -1.437756374830623241e-01 1.005988197535758258e-02 1.193016754127262971e+02 1.441253040575339595e-01 -9.867799094951027472e-01 7.411684658132920711e-02 4.073815270218639171e+02 -7.293074402901581757e-04 7.479288925543622901e-02 9.971988226163733815e-01 -7.148928441255923083e+00
-9.891558131296270817e-01 -1.465403956508444516e-01 9.833096885532360484e-03 1.178543085945238857e+02 1.468638848464271229e-01 -9.862881443890481048e-01 7.527745721943422674e-02 4.076038445357730211e+02 -1.332921483695961905e-03 7.590526121490072387e-02 9.971141432354753142e-01 -7.121706974393630318e+00
-9.887444851508992993e-01 -1.492117562687222954e-01 1.096334232279190177e-02 1.163892301664978959e+02 1.496133672020964478e-01 -9.858725224343409810e-01 7.530743564483587116e-02 4.078367077058738914e+02 -4.282967825777196885e-04 7.610007424538980936e-02 9.971000929002624691e-01 -7.130777729892435524e+00
-9.882870083557616647e-01 -1.520975424670002740e-01 1.245498658044129174e-02 1.149330090752225715e+02 1.526037229509481785e-01 -9.854764800370898747e-01 7.448631441559387667e-02 4.080618055459085554e+02 9.449109641663854886e-04 7.551453415871327290e-02 9.971442534929748636e-01 -7.130526896173775775e+00
-9.878347749391152011e-01 -1.548688473701818058e-01 1.407471261584132896e-02 1.134621552626860250e+02 1.554869797185116920e-01 -9.851089345092036709e-01 7.337701471276125709e-02 4.082908391632347502e+02 2.501311456484491685e-03 7.467280136952786362e-02 9.972049519414876162e-01 -7.132775461465388211e+00
-9.874219594742819073e-01 -1.574183509884878318e-01 1.474234445520548366e-02 1.119880304815101795e+02 1.580754162913060867e-01 -9.847911345881218415e-01 7.210120665405504725e-02 4.085139409926604230e+02 3.168077066769214335e-03 7.352471699167353880e-02 9.972883631522997394e-01 -7.117559992773543343e+00
-9.870186872320387828e-01 -1.601348074634484364e-01 1.228635395011022993e-02 1.105233382555189081e+02 1.606041179271230357e-01 -9.844298703427531994e-01 7.144331796467119633e-02 4.087408191539841482e+02 6.544918592696516262e-04 7.248912894768871906e-02 9.973689877998068720e-01 -7.101224535353273914e+00
-9.865318278472434699e-01 -1.632448928579871006e-01 1.029842707219716033e-02 1.090553931522498203e+02 1.635618800512909365e-01 -9.839250097897178637e-01 7.168742221890493649e-02 4.089950941475684090e+02 -1.569725601560119973e-03 7.240635376877303797e-02 9.973739799570906506e-01 -7.092418933483118693e+00
-9.860448943685050649e-01 -1.661023097073234256e-01 1.120218727288597831e-02 1.075760239243932688e+02 1.664770497873473976e-01 -9.834204124804443170e-01 7.190051606835133613e-02 4.092434799523365996e+02 -9.263821595169286459e-04 7.276204386001386415e-02 9.973488992270497233e-01 -7.081437815858488527e+00
-9.855681798689509554e-01 -1.687183816540759884e-01 1.376482916107046178e-02 1.060792136816708506e+02 1.692723003108170254e-01 -9.829866052571449853e-01 7.130373224817569688e-02 4.094786463411375053e+02 1.500392378177505068e-03 7.260469390517730603e-02 9.973596679461461667e-01 -7.071543797233774242e+00
-9.850465983251346369e-01 -1.716485015313131135e-01 1.483209527124746893e-02 1.045780708099874659e+02 1.722705800198671422e-01 -9.825182972458470498e-01 7.057366957116534278e-02 4.097329327668915084e+02 2.458940361037674320e-03 7.207348679768618704e-02 9.973962934125655266e-01 -7.064919743097465066e+00
-9.845501180831610633e-01 -1.744886597417924234e-01 1.465512210618342449e-02 1.030998904692531681e+02 1.750893218405551732e-01 -9.820656624392224421e-01 6.993399770659981807e-02 4.100137168347852707e+02 2.189602669126544665e-03 7.141948109112249143e-02 9.974439650230112475e-01 -7.050121589570098379e+00
-9.841266489697521047e-01 -1.769246808846911545e-01 1.387069145421483511e-02 1.016268550872166401e+02 1.774619303244656665e-01 -9.817080879982059693e-01 6.896733461880719118e-02 4.102801769963720631e+02 1.414946317830161320e-03 7.033411158718221035e-02 9.975224863000128339e-01 -7.035306764246550770e+00
-9.836272583998763031e-01 -1.798433520415726183e-01 1.156655779370336506e-02 1.001289292749745243e+02 1.802131494201931194e-01 -9.813052794554093516e-01 6.755123454828412810e-02 4.105386625020578322e+02 -7.983162276226284061e-04 6.852968144820961727e-02 9.976487585577439310e-01 -7.029485982818743928e+00
-9.830463364114555569e-01 -1.831042500103388648e-01 9.629854420877791144e-03 9.863668780946466086e+01 1.833384057029616987e-01 -9.808344499376533410e-01 6.596067623817983283e-02 4.108148779038903626e+02 -2.632387188885345220e-03 6.660792327984013661e-02 9.977757539116866026e-01 -7.027676491733880759e+00
-9.824038420955811812e-01 -1.865101731201068425e-01 9.830887983761988497e-03 9.712677724302392335e+01 1.867548430879639176e-01 -9.803171469116406245e-01 6.403842638769192963e-02 4.110977670036226073e+02 -2.306429932058129927e-03 6.474756206784634815e-02 9.978990097135275184e-01 -7.011214352816489637e+00
-9.817406402449837532e-01 -1.899244501765354198e-01 1.067794533190741593e-02 9.562812608519359969e+01 1.902205605721182247e-01 -9.798172382298149241e-01 6.143547837632685332e-02 4.113743633887331725e+02 -1.205664546877830085e-03 6.234487062172576477e-02 9.980539381617411498e-01 -6.997021717407926999e+00
-9.811360011511157664e-01 -1.930286900864721655e-01 1.058640867804116863e-02 9.412459465479032872e+01 1.933154221714656340e-01 -9.793244740562553341e-01 5.960471512478900113e-02 4.116638951152315826e+02 -1.137890972748102896e-03 6.052684791016207932e-02 9.981659210202451504e-01 -7.013900438112275815e+00
-9.806223427918278057e-01 -1.957659937985325171e-01 7.449596602522713315e-03 9.261214479142296341e+01 1.958554246435199597e-01 -9.787734422241440857e-01 6.035893831411725391e-02 4.119591003850263746e+02 -4.524760233855012678e-03 6.064836740402702875e-02 9.981489378224335240e-01 -7.026984329702809617e+00
-9.802374080810712931e-01 -1.977785425061424907e-01 4.274566954623759858e-03 9.109604064818640268e+01 1.976505417527574526e-01 -9.782390628513248920e-01 6.310783831350355588e-02 4.122699292180114981e+02 -8.299827910571613843e-03 6.270553433236779328e-02 9.979975595264484189e-01 -7.018678489256703124e+00
-9.800315543450841549e-01 -1.987807340165877179e-01 4.936828109802391014e-03 8.958714418326309215e+01 1.986764892083676404e-01 -9.779009186849948465e-01 6.509566706687541782e-02 4.125863437852318043e+02 -8.112035736887209317e-03 6.477663945336067930e-02 9.978668156910183162e-01 -6.984933355956218115e+00
-9.799985068386692921e-01 -1.988807312345313993e-01 7.027185609948245586e-03 8.808328963331834416e+01 1.989213362475751590e-01 -9.779535246334692955e-01 6.353900882492399815e-02 4.128840519366322042e+02 -5.764423601515738550e-03 6.366599092602517884e-02 9.979546147094813247e-01 -6.961136482731296482e+00
-9.798112614441666368e-01 -1.997996807035440636e-01 7.069620778573616586e-03 8.656932413845018459e+01 1.998607514128377116e-01 -9.779907626373578466e-01 5.991450776477683787e-02 4.131842409991616591e+02 -5.056875704118266902e-03 6.011784915282179786e-02 9.981784771379071941e-01 -6.979461083770468477e+00
-9.794136988849820868e-01 -2.017981099364086484e-01 5.131204783588178171e-03 8.504710587235049957e+01 2.017728315364985259e-01 -9.778971693859902503e-01 5.481651722439538632e-02 4.134896391434321572e+02 -6.044078935768839624e-03 5.472338561311557853e-02 9.984832598380687374e-01 -7.013628155584315849e+00
-9.790556813205449904e-01 -2.035905985709402788e-01 9.170864135753946421e-04 8.350385418133689086e+01 2.033550565694659529e-01 -9.776855672525761598e-01 5.270343967558708403e-02 4.138183584298764686e+02 -9.833302679824100154e-03 5.178609619902981714e-02 9.986097868531390587e-01 -7.029197571624327345e+00
-9.788045720016792517e-01 -2.047637375549768990e-01 -3.663551709320993135e-03 8.196678812159510130e+01 2.042581075282725311e-01 -9.773714115387646117e-01 5.498862987647817890e-02 4.141279149153380672e+02 -1.484032808191921606e-02 5.307481219222704577e-02 9.984802596812721864e-01 -7.040525069109845546e+00
-9.786483893244581900e-01 -2.054835470826758270e-01 -4.882822029007654989e-03 8.045261276558193231e+01 2.048777709765724764e-01 -9.771202673018226648e-01 5.710588575346304402e-02 4.144447966092694742e+02 -1.650542433009074064e-02 5.488620142019467324e-02 9.983561868698692665e-01 -7.010188460855554027e+00
-9.784925993642373809e-01 -2.062400674924644850e-01 -4.155424180828364879e-03 7.893160792403925541e+01 2.056689475190433269e-01 -9.769387976174621624e-01 5.736610267533606006e-02 4.147608164088168223e+02 -1.589078399034989444e-02 5.527766520441908943e-02 9.983445611179139201e-01 -7.003466940780600503e+00
-9.783287472683365182e-01 -2.070291217112445181e-01 -3.435845141763643664e-03 7.739707157574392227e+01 2.065142643048525350e-01 -9.768284036266123849e-01 5.619722864083052938e-02 4.150862068915981240e+02 -1.499069401305435853e-02 5.426981326441928516e-02 9.984137751760299162e-01 -7.048831191371632165e+00
-9.781293704946831813e-01 -2.079758525916265144e-01 -2.996550426935336645e-03 7.586315642520952451e+01 2.075012983236251274e-01 -9.766894215723008754e-01 5.496348772389537951e-02 4.154200541533066939e+02 -1.435777732398223032e-02 5.313961354348467614e-02 9.984838685240559064e-01 -7.092468365260969243e+00
-9.780431613333249175e-01 -2.083795070049574150e-01 -3.091218123415802928e-03 7.431449944547064490e+01 2.079012801899826346e-01 -9.766119321012809440e-01 5.482874950945022807e-02 4.157384942433042738e+02 -1.444410829653313896e-02 5.298221529697103027e-02 9.984909877398711053e-01 -7.107465206229059085e+00
-9.780568342205016030e-01 -2.082754071343979607e-01 -5.117012563234174354e-03 7.276626609357896314e+01 2.076539955730676845e-01 -9.765394363442627679e-01 5.701357195415373419e-02 4.160682431896553908e+02 -1.687148947520482681e-02 5.469994558892912057e-02 9.983602900734063201e-01 -7.111820941267597895e+00
-9.781934408812538173e-01 -2.075474966948618605e-01 -7.850403339270001571e-03 7.122476206442595981e+01 2.066875703531993458e-01 -9.764687897964138275e-01 6.155445406320220192e-02 4.163933759875925489e+02 -2.044114669934718811e-02 5.858958242916444126e-02 9.980728532288571930e-01 -7.130911876067833610e+00
-9.784335395692709270e-01 -2.063993700466526526e-01 -8.191989397738491663e-03 6.967891104737967112e+01 2.053911931107228195e-01 -9.763392193123069385e-01 6.764751750943537312e-02 4.167256789316781465e+02 -2.196056553237005909e-02 6.450603752347916497e-02 9.976756510432225333e-01 -7.154267463912959535e+00
-9.786778316673379052e-01 -2.053236139797187665e-01 -5.649366798613388377e-03 6.813392094437601543e+01 2.043812648985312563e-01 -9.761868403535967076e-01 7.271555046163277747e-02 4.170595147952790853e+02 -2.044505713844396375e-02 7.001047252211126115e-02 9.973367201581601060e-01 -7.162170231245105434e+00
-9.789004647517317581e-01 -2.043294173586937823e-01 -1.835568222665154856e-03 6.659516540305922661e+01 2.036251194348968618e-01 -9.761971283263464194e-01 7.467246736595312129e-02 4.173894464526079560e+02 -1.704965817743409745e-02 7.272314521011891131e-02 9.972064246216931771e-01 -7.175014234977101779e+00
-9.790373008553538980e-01 -2.036766272549285495e-01 1.339792491576908108e-03 6.503245732702899318e+01 2.032021580125277227e-01 -9.762635499269661787e-01 7.495574736503247959e-02 4.177135003553600541e+02 -1.395874324268994021e-02 7.365672130943455576e-02 9.971859610388772444e-01 -7.193687986833942283e+00
-9.791373215946979069e-01 -2.031980949905863587e-01 7.997828190684288250e-04 6.347409261131550551e+01 2.026980988195681566e-01 -9.764365157765322323e-01 7.406221299096406308e-02 4.180366697818793114e+02 -1.426836344132184631e-02 7.267919131624228646e-02 9.972533023030424326e-01 -7.223011316027930562e+00
-9.792540114913355076e-01 -2.026362977571808111e-01 -3.343791120571197053e-04 6.191234028988456117e+01 2.020711533140388538e-01 -9.766434381938575715e-01 7.304001390481375255e-02 4.183612781576182442e+02 -1.512712717146413866e-02 7.145715824285422957e-02 9.973289550391053471e-01 -7.235315703377396268e+00
-9.794097492934927818e-01 -2.018804234119671304e-01 -9.152223022313011160e-04 6.034983402672627051e+01 2.012771924655905875e-01 -9.768139412045868664e-01 7.295214912209124769e-02 4.186854384894083978e+02 -1.562161265770164141e-02 7.126583270661385194e-02 9.973350220996983762e-01 -7.245534401250767864e+00
-9.796591457499598254e-01 -2.006667822104712395e-01 -8.947992815226968061e-04 5.877322993464405698e+01 2.000507892848431835e-01 -9.769821214895798578e-01 7.406494444898779894e-02 4.190113829152836047e+02 -1.573657697754508172e-02 7.237939490639345996e-02 9.972530187159194259e-01 -7.252319255965033129e+00
-9.797857395749807186e-01 -2.000473020791724288e-01 -9.906847894703605349e-04 5.720161786580145957e+01 1.993906421450917232e-01 -9.769472867216665302e-01 7.627169063382822911e-02 4.193262487733828721e+02 -1.622579275338411481e-02 7.453238153996362414e-02 9.970865798673179681e-01 -7.262267341855450198e+00
-9.798240598027473380e-01 -1.998605844337778825e-01 -7.474098281172432759e-04 5.563620818844816540e+01 1.992225178488789272e-01 -9.769811643216206321e-01 7.627708006160260901e-02 4.196425954564317635e+02 -1.597498712411337882e-02 7.458921738803613033e-02 9.970863796260706069e-01 -7.284829906198793559e+00
-9.797626075491039366e-01 -2.001628848398400995e-01 -2.288693372689539287e-04 5.406129504462359847e+01 1.995838541905468611e-01 -9.770139942261384380e-01 7.489953426246596935e-02 4.199691481528433314e+02 -1.521571539649666134e-02 7.333808436876888825e-02 9.971910586172000324e-01 -7.315752618603932333e+00
-9.796651988782633103e-01 -2.006324892792062664e-01 -1.643883341858109375e-03 5.247917294905580121e+01 1.999626453594371411e-01 -9.770011714601364305e-01 7.405168078023292855e-02 4.203004714734969980e+02 -1.646324900098646016e-02 7.221713931713627521e-02 9.972530502441097067e-01 -7.341426761813854895e+00
-9.795757670398811401e-01 -2.010664180813066526e-01 -1.900565226869262636e-03 5.089804124953781184e+01 2.003839387991001586e-01 -9.769467712889161604e-01 7.362936329699795723e-02 4.206141210908215271e+02 -1.666114340574851443e-02 7.174469728221012643e-02 9.972838636578340576e-01 -7.353634262876991734e+00
-9.795461162444496495e-01 -2.012197933188714927e-01 3.044874598457282075e-05 4.930630726746496606e+01 2.006763200484828757e-01 -9.768893298334965225e-01 7.359518890023733495e-02 4.209279612092290677e+02 -1.477906364470991593e-02 7.209599180379835937e-02 9.972881966831915745e-01 -7.353273335928382615e+00
-9.795173229255631497e-01 -2.013598296122884324e-01 1.819539731443615862e-04 4.771980413352777362e+01 2.008197793613549220e-01 -9.768233025318979745e-01 7.407868686696045257e-02 4.212582863970999938e+02 -1.473873488447755009e-02 7.259789700250691979e-02 9.972523828223316400e-01 -7.375847377111350411e+00
-9.795044063470348394e-01 -2.014186030485680678e-01 -1.290074690238075892e-03 4.612018827094448170e+01 2.007630313051672610e-01 -9.767942394181453603e-01 7.461379966660365570e-02 4.215985082214953650e+02 -1.628874482283672320e-02 7.282554624231088458e-02 9.972116709137562873e-01 -7.394759585859715934e+00
-9.795139312077556504e-01 -2.013664766654711946e-01 -2.000161309033400732e-03 4.451591909449185636e+01 2.006578296987867605e-01 -9.768088766742415441e-01 7.470511248220836065e-02 4.219359335498322707e+02 -1.699688061088421714e-02 7.277335038144738810e-02 9.972036630116030143e-01 -7.408381329549173167e+00
-9.794467915812157255e-01 -2.017025361836569108e-01 -2.633597218921309357e-04 4.291390211839943447e+01 2.011314097661796030e-01 -9.767699973777715927e-01 7.393597384289851693e-02 4.222536638550125190e+02 -1.517031531418313803e-02 7.236338245071984032e-02 9.972629555004834945e-01 -7.418040248665867864e+00
-9.793713184375099079e-01 -2.020660509129826032e-01 1.063809384029295322e-03 4.130893479568521798e+01 2.016204879467315969e-01 -9.768341722203576216e-01 7.172293094046815198e-02 4.225757267188819242e+02 -1.345360405599647230e-02 7.045786720445905427e-02 9.974240269248095814e-01 -7.433842345713040700e+00
-9.792804179327956327e-01 -2.025076396896093311e-01 7.203615153157398240e-04 3.970960874659343176e+01 2.020575290885139597e-01 -9.768540481951493160e-01 7.020629219232425722e-02 4.229011332796742408e+02 -1.351362246082646323e-02 6.889720162744640553e-02 9.975322338731181793e-01 -7.457289128991874350e+00
-9.792186837665854959e-01 -2.027977872129068937e-01 -1.956237200388934606e-03 3.810268049823071124e+01 2.021653326635322878e-01 -9.768408507823469478e-01 7.007945855858248307e-02 4.232422149713149224e+02 -1.612289153591913923e-02 6.822763182442467822e-02 9.975394942678468269e-01 -7.476564102665261835e+00
-9.791132028221609662e-01 -2.032722888533237404e-01 -4.208639169698067360e-03 3.648856370297547613e+01 2.024684991077126406e-01 -9.767115627278291079e-01 7.100021199146336337e-02 4.235857209002126069e+02 -1.854300214096930507e-02 6.866512810803936107e-02 9.974674216502043000e-01 -7.477935674223935791e+00
-9.790599214662503158e-01 -2.035145183557006132e-01 -4.848813973238319357e-03 3.488136293285791112e+01 2.026494274832829623e-01 -9.766104852408614700e-01 7.186911477336833942e-02 4.239128756996126981e+02 -1.936181084499956004e-02 6.938156049021318439e-02 9.974022856123526681e-01 -7.484477092982238844e+00
-9.790148708179735593e-01 -2.037552876907207100e-01 -3.696681665774893821e-03 3.328811858859945261e+01 2.029615280589290860e-01 -9.765129218840711278e-01 7.231273415809520710e-02 4.242393976288320800e+02 -1.834395936680641506e-02 7.004495793064893783e-02 9.973751566102108113e-01 -7.505599062053264880e+00
-9.789371271559665910e-01 -2.041478945775059006e-01 -2.395457199532023858e-03 3.168720281113342097e+01 2.034443875828469417e-01 -9.764121966739087721e-01 7.231599648399723856e-02 4.245688764532464461e+02 -1.710211205271574414e-02 7.030547152252543397e-02 9.973788941206505054e-01 -7.532304211300875352e+00
-9.788899705949780650e-01 -2.043825606139909878e-01 -1.481345817584525703e-03 3.008483936372908829e+01 2.037409915957260620e-01 -9.763421209479429264e-01 7.242700605756713372e-02 4.249010603109944100e+02 -1.624911727304845233e-02 7.059625896420332336e-02 9.973726156297382239e-01 -7.554661691565717874e+00
-9.788329539948646962e-01 -2.046475525335874346e-01 -2.329681458786343230e-03 2.847951100692202786e+01 2.039382811828785447e-01 -9.762697645674224267e-01 7.284589391065968145e-02 4.252453552688957075e+02 -1.718213147022429679e-02 7.082885029055900616e-02 9.973404876593837676e-01 -7.563398479385154971e+00
-9.787786544194096994e-01 -2.048936027811594784e-01 -3.310164993769567059e-03 2.687994019560946768e+01 2.041068639618843772e-01 -9.762038781408737265e-01 7.325555532765876121e-02 4.255800876993886845e+02 -1.824099055902257335e-02 7.102534647627770092e-02 9.973077089952480101e-01 -7.582595334094918371e+00
-9.786967992381859771e-01 -2.053033175242995612e-01 -1.767193947089987617e-03 2.526709034267697618e+01 2.046180528742353455e-01 -9.760643684491018268e-01 7.368718397396510633e-02 4.259179664727703312e+02 -1.685311837277190389e-02 7.175581131569029603e-02 9.972798383320201632e-01 -7.596643575430525708e+00
-9.785833492563911218e-01 -2.058458706695292795e-01 -1.451236178993933453e-03 2.365840036275319846e+01 2.051710210735948337e-01 -9.758992055075043082e-01 7.433433124365132483e-02 4.262553347998137383e+02 -1.671767536957052824e-02 7.244458722448315902e-02 9.972323205312350058e-01 -7.604072934804836592e+00
-9.785182351639138965e-01 -2.061471415128690865e-01 -2.327981480247439706e-03 2.205213035939880228e+01 2.053922227212311991e-01 -9.757843725403673174e-01 7.522561499671513718e-02 4.265877244318546673e+02 -1.777915344810927778e-02 7.313148673502382902e-02 9.971638217216837186e-01 -7.611756881490294724e+00
-9.784539765939298528e-01 -2.064504017121195079e-01 -2.459130014801441666e-03 2.046336789456951877e+01 2.056866119621349742e-01 -9.757290715619055810e-01 7.513851587887478145e-02 4.269237607132208723e+02 -1.791182143343839767e-02 7.301376953593219366e-02 9.971700738144372300e-01 -7.625970240965188829e+00
-9.783199959643383847e-01 -2.070756428372852731e-01 -3.108639551639267098e-03 1.887164645147790409e+01 2.063096529064958329e-01 -9.757907738443618584e-01 7.258576167419504566e-02 4.272630178806826393e+02 -1.806412505321518605e-02 7.037075972125676759e-02 9.973573299286043747e-01 -7.642865425817448433e+00
-9.781743812011394201e-01 -2.077532972527158239e-01 -3.667075454967002983e-03 1.727484552906622639e+01 2.070002940856509599e-01 -9.758583991735012564e-01 6.965100868606168005e-02 4.275962079068906405e+02 -1.804877309463939761e-02 6.737174662391111346e-02 9.975646793800498902e-01 -7.679926296957652276e+00
-9.780878655589428927e-01 -2.081524639135640675e-01 -4.083994743320425690e-03 1.567595149727174686e+01 2.074164809812259203e-01 -9.759466687469033896e-01 6.713049366113114924e-02 4.279309316646706520e+02 -1.795913872422177232e-02 6.481243344092853242e-02 9.977358457065423902e-01 -7.699812039984311518e+00
-9.780914225652527216e-01 -2.081234559057944800e-01 -4.668640713209730800e-03 1.407735559369422340e+01 2.073739985251279172e-01 -9.760455676804302705e-01 6.581089991093741487e-02 4.282598410511645284e+02 -1.825359800095539831e-02 6.340092202181273062e-02 9.978211910191140399e-01 -7.711147451568148625e+00
-9.780999010979897212e-01 -2.080684439824727339e-01 -5.301517784092980162e-03 1.247371828069299227e+01 2.072936073402331658e-01 -9.761145965984844297e-01 6.503579524578570470e-02 4.285959231170685371e+02 -1.870678561313293686e-02 6.251253415188905149e-02 9.978688487200776391e-01 -7.717394305963577672e+00
-9.781084949288463282e-01 -2.080321327696859901e-01 -5.138470912911884125e-03 1.087674202292243208e+01 2.072667586567739639e-01 -9.761174027009509313e-01 6.507923555378299085e-02 4.289449606899635228e+02 -1.855432305264018145e-02 6.258951892805916795e-02 9.978668694853098931e-01 -7.733964992358831836e+00
-9.780792435079498359e-01 -2.081714274363103967e-01 -5.064604431270075535e-03 9.281076510131287094e+00 2.074005660021107367e-01 -9.760535815442020757e-01 6.560801152862461016e-02 4.292852306871041606e+02 -1.860103870541748167e-02 6.311943245835577310e-02 9.978326205357362921e-01 -7.763131640650602350e+00
-9.780861791530868210e-01 -2.081536687022937093e-01 -4.413202407705983307e-03 7.690038815276221129e+00 2.074377894226582253e-01 -9.760970539933574441e-01 6.483906773643398347e-02 4.296200818350551458e+02 -1.780420369341345968e-02 6.250273107044761189e-02 9.978859749187672934e-01 -7.779821036772875509e+00
-9.782030516724499192e-01 -2.076168175734300625e-01 -3.747900664020163263e-03 6.089872913905848506e+00 2.069676993572535095e-01 -9.762896510399436956e-01 6.342624610578080635e-02 4.299534042497305109e+02 -1.682739199851999295e-02 6.126805311895081735e-02 9.979794910445513034e-01 -7.795647494706024361e+00
-9.782488097720007936e-01 -2.073649839913904169e-01 -5.387911832464047784e-03 4.483253901781650619e+00 2.065992453860448219e-01 -9.763080802586439066e-01 6.433726935143189996e-02 4.302910987766616131e+02 -1.860155868686524938e-02 6.182471864822523117e-02 9.979136666959156354e-01 -7.830836949026927840e+00
-9.782742418117242877e-01 -2.072009557604663210e-01 -6.875444687085072518e-03 2.872052160698113532e+00 2.062679216845820507e-01 -9.761268752354348432e-01 6.804313284255265881e-02 4.306403025857824787e+02 -2.080990849617170291e-02 6.514666050578026002e-02 9.976586892987628907e-01 -7.850343488272867987e+00
-9.783493645497979285e-01 -2.068838622269487670e-01 -5.620358980291798902e-03 1.270388811034267595e+00 2.059717224743473629e-01 -9.759685450859998390e-01 7.114104682718508377e-02 4.309918653026185780e+02 -2.020322810733268803e-02 6.844316293668904760e-02 9.974504313605085937e-01 -7.848495313351369518e+00
-9.784520819663211633e-01 -2.064369252821619261e-01 -3.913971872456758344e-03 -3.257479814373570037e-01 2.056322938867738426e-01 -9.759980632854752258e-01 7.171568987233795101e-02 4.313279659534541679e+02 -1.862479547900614679e-02 6.936552705089846227e-02 9.974174355054739038e-01 -7.850389653259145284e+00
-9.784972201020881721e-01 -2.062297525361714567e-01 -3.532622447253319902e-03 -1.923237143206488975e+00 2.054881546575926532e-01 -9.761728696264316829e-01 6.972192553792182224e-02 4.316569982713753575e+02 -1.782718564167300873e-02 6.749679825123316990e-02 9.975602105526912844e-01 -7.881651473368630256e+00
-9.785127054440702077e-01 -2.061766754991729844e-01 -2.015878130055925258e-03 -3.530483745458446343e+00 2.055843993638347134e-01 -9.763551515990668284e-01 6.682568880434476555e-02 4.319892343333329450e+02 -1.574611135289811018e-02 6.497535245054464337e-02 9.977626288607874816e-01 -7.915197565074056918e+00
-9.784959057975549657e-01 -2.062612272311913353e-01 -1.438220603830675385e-03 -5.138162024183545284e+00 2.057398984495387995e-01 -9.764730892673916252e-01 6.458637722129022263e-02 4.323328246699896908e+02 -1.472604914415053846e-02 6.290160632034877408e-02 9.979110839142552036e-01 -7.935303834348018448e+00
-9.784538603180717997e-01 -2.064217910623158958e-01 -4.252928789521279521e-03 -6.735336170321475358e+00 2.057040511293321272e-01 -9.764055805318756498e-01 6.571138147377938998e-02 4.326721384693753976e+02 -1.771684446068988797e-02 6.342071018868378207e-02 9.978296081704123299e-01 -7.952133075976346888e+00
-9.784176238826061134e-01 -2.065302595859985768e-01 -6.648695455131308982e-03 -8.332457257326549183e+00 2.056097835309981803e-01 -9.762531983637123822e-01 6.822250069411379958e-02 4.330074669062529438e+02 -2.058082098097950910e-02 6.538306019117114121e-02 9.976479766168958596e-01 -7.959262951082800797e+00
-9.785329465023063777e-01 -2.059815124748818338e-01 -6.699934930626736534e-03 -9.966473550420166916e+00 2.050425897350247051e-01 -9.763171758188960991e-01 6.900948192654149382e-02 4.333414811382183416e+02 -2.075593901197690661e-02 6.615427967694442746e-02 9.975935055302613819e-01 -7.979696082029335003e+00
-9.786375218726022229e-01 -2.055289993651971125e-01 -5.141128571896357545e-03 -1.158961189737748754e+01 2.047387047093651991e-01 -9.765425313091339321e-01 6.668393613368150952e-02 4.336805029663158280e+02 -1.872601337667365376e-02 6.420681400202254974e-02 9.977609039538110070e-01 -8.002243920347114070e+00
-9.786251053678636236e-01 -2.056027651546104840e-01 -4.517311646980697731e-03 -1.318746847144139167e+01 2.048973457454021097e-01 -9.766774274869419736e-01 6.417382912043811949e-02 4.340208258012566489e+02 -1.760627303625145190e-02 6.187653511847687055e-02 9.979285112429170379e-01 -8.025624076282909414e+00
-9.785768328122047555e-01 -2.057663145411712524e-01 -6.899716180976137904e-03 -1.479446210085711932e+01 2.048814519523607380e-01 -9.765742030733020052e-01 6.577550104437225598e-02 4.343629957885601129e+02 -2.027246726786818137e-02 6.295275761942005499e-02 9.978105919356556885e-01 -8.056504136735622268e+00
-9.786281400257045293e-01 -2.054764068580934022e-01 -8.149219258133362856e-03 -1.641156582948067921e+01 2.044385225167333620e-01 -9.764297834639725782e-01 6.920815324566317872e-02 4.346990210137307713e+02 -2.217778304982275656e-02 6.606303194061954875e-02 9.975689558871645435e-01 -8.080839339688832723e+00
-9.787618097989587707e-01 -2.049737632287027822e-01 -3.328072554873455838e-03 -1.801328898144900847e+01 2.042663170039296094e-01 -9.764996415998014045e-01 6.872933648093829118e-02 4.350305181111179422e+02 -1.733757239976175396e-02 6.658983663685888454e-02 9.976297921774186506e-01 -8.075804971732413406e+00
-9.788069905852795349e-01 -2.047823628732920731e-01 1.029095437450322113e-03 -1.961939505492176750e+01 2.044448328215903998e-01 -9.768795012492056395e-01 6.251999977331929026e-02 4.353567326664041843e+02 -1.179769104274370518e-02 6.140540607418199653e-02 9.980431807246241682e-01 -8.081902487435289828e+00
-9.787982480307979571e-01 -2.048264965226501422e-01 3.097968646972059682e-04 -2.124988696389216614e+01 2.045193470659411039e-01 -9.772454160179863125e-01 5.624263105113880973e-02 4.356913261735129481e+02 -1.121723350749869244e-02 5.511354818998814853e-02 9.984170824251495935e-01 -8.110136458366765666e+00
-9.788309619996233835e-01 -2.046327380485868930e-01 -3.923053610400749174e-03 -2.287123500617189009e+01 2.041081357313213884e-01 -9.773826313075405503e-01 5.534492701804852310e-02 4.360318699340983812e+02 -1.515970841329651250e-02 5.337260099608244490e-02 9.984595879171758170e-01 -8.134966201644367345e+00
-9.789408942256679902e-01 -2.040286480141846881e-01 -6.858308986430238299e-03 -2.448569834396571210e+01 2.032705173294397094e-01 -9.773068397236189808e-01 5.960233060925645282e-02 4.363697551837652213e+02 -1.886325521407727565e-02 5.695306680888256867e-02 9.981986404437703797e-01 -8.156218759788231409e+00
-9.790142203832238321e-01 -2.037030854745728314e-01 -6.017412697115103251e-03 -2.609485599376590415e+01 2.029160418627636853e-01 -9.771160285966771220e-01 6.379143057031373687e-02 4.367047632678286391e+02 -1.887422163104222547e-02 6.123168810017288327e-02 9.979451107802599363e-01 -8.153364395448706503e+00
-9.791017854021353273e-01 -2.033386753757963350e-01 -3.616202257519586603e-03 -2.770750360551311076e+01 2.027103478385215984e-01 -9.771995935977964010e-01 6.316224466790094916e-02 4.370325351047166578e+02 -1.637707854094850798e-02 6.110922490687205333e-02 9.979967204002951897e-01 -8.156618390006002528e+00
-9.791230304360825087e-01 -2.032490230250563745e-01 -2.815299099949480823e-03 -2.933553175775579547e+01 2.027299408204497333e-01 -9.774426450829594160e-01 5.921525705563933373e-02 4.373728987142383744e+02 -1.478723654369056700e-02 5.740827651644456880e-02 9.982412671407711047e-01 -8.174322497439318269e+00
-9.791610958014734800e-01 -2.030391331208096783e-01 -4.319593778063189442e-03 -3.096818902453346212e+01 2.024672554586909867e-01 -9.776193069278455994e-01 5.716206074788364455e-02 4.377184513339054206e+02 -1.582905353716931515e-02 5.509628974322721556e-02 9.983555678818282209e-01 -8.209929665585663727e+00
-9.792314184516449638e-01 -2.026650516620518705e-01 -5.718911784369398559e-03 -3.259430445796426312e+01 2.019977832326262379e-01 -9.776514272506149350e-01 5.826304458180248114e-02 4.380610680946400635e+02 -1.739898520846853286e-02 5.589779628620428209e-02 9.982848850323544632e-01 -8.223805362871082991e+00
-9.792487542289241009e-01 -2.025366964814735993e-01 -7.124880312785307306e-03 -3.419275789000298005e+01 2.017314153015426215e-01 -9.775149434646550617e-01 6.139194885104590910e-02 4.383868481178704997e+02 -1.939879948699519546e-02 5.868067724272023333e-02 9.980883050596270900e-01 -8.230861303838688414e+00
-9.792593755138349065e-01 -2.023910613290966221e-01 -9.430469889450499715e-03 -3.581792850197625455e+01 2.013686528559752720e-01 -9.773474834618901541e-01 6.513495388561386934e-02 4.387142643680724063e+02 -2.239957846084872709e-02 6.188501324871117232e-02 9.978319016848393730e-01 -8.243845622902501447e+00
-9.793177857087894678e-01 -2.020268554240728653e-01 -1.103740376603250251e-02 -3.745615154098884148e+01 2.008087510911403528e-01 -9.771891685497736679e-01 6.911710608973285763e-02 4.390469381419817978e+02 -2.474914300839820003e-02 6.547120402485101520e-02 9.975474932873553691e-01 -8.293763237619291573e+00
-9.793998405374269023e-01 -2.017241418826325183e-01 -9.128139842169695484e-03 -3.907590610180783841e+01 2.005796570992690042e-01 -9.770733227040133695e-01 7.138293366120125605e-02 4.393936182172677718e+02 -2.331852296356633561e-02 6.808151468537763928e-02 9.974072156571469616e-01 -8.320821568219523456e+00
-9.795155310142243943e-01 -2.013113673248431990e-01 -4.801862943078988658e-03 -4.069388572698643003e+01 2.005075239860693304e-01 -9.772524527828075902e-01 6.909686212096027846e-02 4.397332704347442700e+02 -1.860261613047748189e-02 6.671863994259180641e-02 9.975983990350590913e-01 -8.320200748817415004e+00
-9.795220721573495437e-01 -2.013288208687223912e-01 -1.793333260097766495e-03 -4.231005111358604154e+01 2.008199394933924409e-01 -9.776065294503495373e-01 6.290330259941583069e-02 4.400583401419673919e+02 -1.441742204564088262e-02 6.125503623093622035e-02 9.980180151068940297e-01 -8.319960138862356303e+00
-9.794813812682517939e-01 -2.015220187675242081e-01 -2.258251690793291241e-03 -4.394320691423849468e+01 2.010539911461203255e-01 -9.778573237641878801e-01 5.807191235835505033e-02 4.403818398058730281e+02 -1.391101696689152865e-02 5.642632641420398942e-02 9.983098483408567869e-01 -8.350066489895755950e+00
-9.794695214372926007e-01 -2.015157337571558960e-01 -5.555683910737838072e-03 -4.559299036147605477e+01 2.008817468090387248e-01 -9.779582948760676686e-01 5.695697746584239829e-02 4.407129973769060598e+02 -1.691095427083460015e-02 5.467158797227540667e-02 9.983611756745349730e-01 -8.391637972161682058e+00
-9.795956559117329210e-01 -2.008494735401536169e-01 -7.199992882256581704e-03 -4.722789976966696912e+01 2.000937275444155672e-01 -9.780150023412598204e-01 5.872951040837537384e-02 4.410455457339439818e+02 -1.883749230239038439e-02 5.609049985576342739e-02 9.982479675459841051e-01 -8.421670752976782026e+00
-9.797676096475943508e-01 -2.000634370855530197e-01 -5.481991148678925369e-03 -4.884476685879589297e+01 1.994169372688710251e-01 -9.781926730934954461e-01 5.806874750247273398e-02 4.413738837203310936e+02 -1.697987678819893459e-02 5.580067605072279446e-02 9.982975349746886495e-01 -8.415186497766372398e+00
-9.798261352750335940e-01 -1.998315699559358449e-01 -2.843990319426332840e-03 -5.045793267058658671e+01 1.993720096538428854e-01 -9.783603088805556958e-01 5.533450798310415170e-02 4.416908720303817404e+02 -1.384002885037022811e-02 5.365118503901031288e-02 9.984638220513203377e-01 -8.416182772320970784e+00
-9.799397957167513828e-01 -1.992638068649436878e-01 -3.454279129134464176e-03 -5.209552376986061972e+01 1.987965044871417841e-01 -9.785716062949991745e-01 5.364290406865994398e-02 4.420167283319858029e+02 -1.406934875200055966e-02 5.188011783830107082e-02 9.985542082424861965e-01 -8.452053887113029518e+00
-9.802073140954303820e-01 -1.979031272727614921e-01 -5.289008364844120617e-03 -5.374743408036220416e+01 1.973338678645505939e-01 -9.788364999138047251e-01 5.420748131124746017e-02 4.423536071507991778e+02 -1.590490450893449273e-02 5.209086918217342710e-02 9.985156860863064754e-01 -8.462277276027649009e+00
-9.805730945698458711e-01 -1.960640326164392322e-01 -5.941491386512496621e-03 -5.537806994533400484e+01 1.954190359472533500e-01 -9.790702815866740849e-01 5.685757735990635414e-02 4.426813675600097895e+02 -1.696486354682198369e-02 5.459193006270657289e-02 9.983646200546503202e-01 -8.469712028279136717e+00
-9.809222623457328760e-01 -1.942830778129482905e-01 -6.752844590026844257e-03 -5.701121882114357931e+01 1.935555173659098682e-01 -9.793047215296057928e-01 5.914832277450637193e-02 4.430037805222102634e+02 -1.810461078687374686e-02 5.671285626161016308e-02 9.982263646102049748e-01 -8.490243159824446550e+00
-9.811774409629256954e-01 -1.929452939376897214e-01 -7.933655698546206517e-03 -5.864440580153507199e+01 1.921117734436440239e-01 -9.794582862434091375e-01 6.127423613120684676e-02 4.433355080338991456e+02 -1.959326031528643014e-02 5.859674953803655634e-02 9.980894374222152310e-01 -8.512975142963222552e+00
-9.816216418231139551e-01 -1.906911461363032245e-01 -7.472555768768568418e-03 -6.028196932323931634e+01 1.898755752770336369e-01 -9.798512521097952899e-01 6.195796681688768570e-02 4.436536121928621128e+02 -1.913682883107550858e-02 5.940042528543061640e-02 9.980507859113183500e-01 -8.527043013675630334e+00
-9.822179705833010699e-01 -1.876839946575173390e-01 -4.751464260470741711e-03 -6.191495368050819792e+01 1.870530745604727652e-01 -9.804585863313882710e-01 6.092706940704350344e-02 4.439669150678533356e+02 -1.609364970091500119e-02 5.895488646798892340e-02 9.981309111538679835e-01 -8.541391882441924821e+00
-9.827948485861742745e-01 -1.846702652951567325e-01 -3.343457536035211643e-03 -6.354111177677791034e+01 1.841496807806234370e-01 -9.811002305164886472e-01 5.942417646790130320e-02 4.442647840038755476e+02 -1.425414539259978013e-02 5.778607787616468067e-02 9.982272229020887622e-01 -8.572546109505013945e+00
-9.833215113867747048e-01 -1.818251306709751103e-01 -4.292679875288799539e-03 -6.517407687689447471e+01 1.812565855466015674e-01 -9.816466657062293821e-01 5.929480503240112249e-02 4.445669418729619338e+02 -1.499518055964780758e-02 5.752778080480533407e-02 9.982312853220229876e-01 -8.602540980502626056e+00
-9.838991257220132125e-01 -1.786549988859402471e-01 -4.990167985417644399e-03 -6.683368501471453271e+01 1.780438110564138976e-01 -9.822035914597062600e-01 5.980389843616578521e-02 4.448642389225527722e+02 -1.558562632575253085e-02 5.795253486017608313e-02 9.981976717841583024e-01 -8.611949886592059400e+00
-9.844204595360213084e-01 -1.757694843017434394e-01 -4.631115976518997493e-03 -6.849400880501984545e+01 1.752095792930112861e-01 -9.828154067294233576e-01 5.809887795168608426e-02 4.451628759243225772e+02 -1.476354194815144259e-02 5.638230824982296691e-02 9.983000917287181419e-01 -8.605174978365690563e+00
-9.849109576347977457e-01 -1.729918489097097556e-01 -4.921965227995751119e-03 -7.014465484673819162e+01 1.724420927010223703e-01 -9.833916299674503314e-01 5.660942302173651436e-02 4.454511155525698882e+02 -1.463318816244393687e-02 5.490648705537461149e-02 9.983842684474953932e-01 -8.615001751207282510e+00
-9.853588229774897789e-01 -1.703845927124870152e-01 -6.089379821929538986e-03 -7.177472576056116793e+01 1.697672948456165620e-01 -9.838292065190364921e-01 5.708903573301536694e-02 4.457369623884181919e+02 -1.571800182012040789e-02 5.521940751514740203e-02 9.983505203346462187e-01 -8.647441548459111615e+00
-9.858603970598110999e-01 -1.674932419725665145e-01 -5.029055834897194072e-03 -7.341357670633210830e+01 1.669062726607992153e-01 -9.841866426445488036e-01 5.932072644978775289e-02 4.460166345472092075e+02 -1.488535036706217264e-02 5.764257396725842170e-02 9.982263070120316328e-01 -8.663800174331571569e+00
-9.864251771401999491e-01 -1.641740989625120051e-01 -3.497875608479140887e-03 -7.506661449324886348e+01 1.636531627220684237e-01 -9.846038655935591688e-01 6.142369403809395945e-02 4.462952529856490287e+02 -1.352820146912708105e-02 6.001743986599624575e-02 9.981056530633128920e-01 -8.682643395101418804e+00
-9.868967219783597589e-01 -1.613101728255719736e-01 -3.726699793638472199e-03 -7.672211178677450505e+01 1.607753730471756515e-01 -9.850530371204353486e-01 6.182065578225826030e-02 4.465765964352309538e+02 -1.364329761858594676e-02 6.041144099250612270e-02 9.980803165213206762e-01 -8.697912715125760030e+00
-9.873053404547356138e-01 -1.587509770557083144e-01 -5.127571883125400971e-03 -7.840069238265338925e+01 1.581456689529310289e-01 -9.855174794202989919e-01 6.119840805520277566e-02 4.468374581993188031e+02 -1.476861879082151142e-02 5.961061181466868059e-02 9.981124500065572391e-01 -8.705489203237727125e+00
-9.876417152871242999e-01 -1.566336579794969097e-01 -5.453385431897867994e-03 -8.006159232435311424e+01 1.560274490981780615e-01 -9.859157098600033198e-01 6.021335548831215079e-02 4.470982683519263787e+02 -1.480801649858393305e-02 5.861834387978176464e-02 9.981706329121136090e-01 -8.712602056605369683e+00
-9.880252560892007763e-01 -1.542229127277734146e-01 -4.624556155034319736e-03 -8.172043414067840672e+01 1.536981225781247073e-01 -9.864063671385294718e-01 5.813231446045463019e-02 4.473576547928278160e+02 -1.352702649621369789e-02 5.672540928306268188e-02 9.982981756448520150e-01 -8.732515573282061183e+00
-9.884766221705439948e-01 -1.513236593183328316e-01 -3.888129733080995798e-03 -8.338640747386047281e+01 1.508830707359452572e-01 -9.870145072411032894e-01 5.510591130627254947e-02 4.476152637922400572e+02 -1.217646860152307026e-02 5.388425211610685384e-02 9.984729445439590734e-01 -8.747690999623007002e+00
-9.888635470939406424e-01 -1.487461058474599251e-01 -4.845742874523242989e-03 -8.505963730122850563e+01 1.482736920566670169e-01 -9.874779502962428568e-01 5.387216278020025284e-02 4.478734851674672655e+02 -1.279833866853209538e-02 5.255372178968812508e-02 9.985360829000511362e-01 -8.772704407211469047e+00
-9.892574902813013882e-01 -1.460937632853419044e-01 -5.121547760886070028e-03 -8.673914185234775687e+01 1.455954688245345852e-01 -9.878125296437491043e-01 5.503058909898878720e-02 4.481142660679603296e+02 -1.309875490665273270e-02 5.369374831341372500e-02 9.984715339016687619e-01 -8.780841124690715205e+00
-9.896099168907129817e-01 -1.437316193035525491e-01 -3.665242684297673626e-03 -8.841745892361871029e+01 1.432634421720808404e-01 -9.879009623550036867e-01 5.939086390233135060e-02 4.483556098089289321e+02 -1.215724181560129923e-02 5.824869260710523189e-02 9.982280757827841633e-01 -8.773376125519515512e+00
-9.899910223956824851e-01 -1.410848437030298719e-01 -3.583636873766985267e-03 -9.010520024572353748e+01 1.405945662949918407e-01 -9.881251479531713011e-01 6.198273881370028326e-02 4.485983363727300457e+02 -1.228590673391806616e-02 6.085851509703365386e-02 9.980707878882687512e-01 -8.782714215031978355e+00
-9.904116352091396625e-01 -1.381011883607521085e-01 -3.585333416322328184e-03 -9.179014852439941308e+01 1.376376256802611109e-01 -9.886504725392541992e-01 6.021733259627738005e-02 4.488329383370200389e+02 -1.186072676771841167e-02 5.914647006591698675e-02 9.981788508274872518e-01 -8.792427354173431908e+00
-9.907474463292059719e-01 -1.356606713330293923e-01 -3.959778482276909116e-03 -9.345026616194982694e+01 1.352372917498287919e-01 -9.892693259152587348e-01 5.529082856443839206e-02 4.490611901403342472e+02 -1.141807831154697216e-02 5.424373748777086557e-02 9.984624401703998675e-01 -8.809252381325892500e+00
-9.910775653098001792e-01 -1.331591215826656294e-01 -5.823047220458884253e-03 -9.515213410495621815e+01 1.326900233227090720e-01 -9.898293251100207524e-01 5.129585619580383227e-02 4.492939831920749043e+02 -1.259433405217457759e-02 5.006551199752693609e-02 9.986665245507169164e-01 -8.831703465024693500e+00
-9.913513574508960868e-01 -1.309825027601241032e-01 -8.128348599796027599e-03 -9.686648290787510973e+01 1.303970645890532298e-01 -9.901201844713324318e-01 5.156186428954662865e-02 4.495245623343989791e+02 -1.480174404670002268e-02 5.005601135877097568e-02 9.986367227876343788e-01 -8.840999891084919682e+00
-9.916411460273765188e-01 -1.286659408104740554e-01 -9.639148347585174345e-03 -9.857197157497131457e+01 1.279459042839004024e-01 -9.902366858719372500e-01 5.532767418153482220e-02 4.497469745299378019e+02 -1.666382556576325585e-02 5.363190868054801275e-02 9.984217221639337669e-01 -8.840179686073881271e+00
-9.920150934258689102e-01 -1.258021568448101923e-01 -8.937099555127581488e-03 -1.002577553805811732e+02 1.250609742223298126e-01 -9.903789247530448980e-01 5.923966687588019114e-02 4.499552327724341581e+02 -1.630359291157195550e-02 5.764896129330741165e-02 9.982037818601853241e-01 -8.853916022334766822e+00
-9.923803549982548322e-01 -1.229386330798544757e-01 -8.205090492795528295e-03 -1.019443708372918707e+02 1.222174159080507694e-01 -9.906283551523176190e-01 6.097839959340688870e-02 4.501647507814436153e+02 -1.562479639216455239e-02 5.951096087840936077e-02 9.981053608076814188e-01 -8.885348471759039413e+00
-9.926812581735094954e-01 -1.204939882531791684e-01 -8.069601347064390279e-03 -1.036646204614604585e+02 1.198013317802768263e-01 -9.909878900592652418e-01 5.992197142583268604e-02 4.503822804646672466e+02 -1.521711453363836473e-02 5.851666899891842105e-02 9.981704458029906357e-01 -8.910447748006671276e+00
-9.929736228986628666e-01 -1.180735741437418662e-01 -7.874980407997261150e-03 -1.053945125057896206e+02 1.174083797927474304e-01 -9.913224559758387899e-01 5.911903781755824261e-02 4.506004596803470577e+02 -1.478704101387560109e-02 5.777905647338124617e-02 9.982198776076840474e-01 -8.920181281093963577e+00
-9.932815356498937431e-01 -1.155093270537639744e-01 -7.027538728135994048e-03 -1.071235827614184473e+02 1.148946253415268071e-01 -9.916047876512180670e-01 5.932259413422474176e-02 4.507978740724293516e+02 -1.382085397575186746e-02 5.811661097113585833e-02 9.982141270912822106e-01 -8.928725805432742746e+00
-9.935643210204824216e-01 -1.130385649319366609e-01 -7.226536738725755464e-03 -1.088245191131783400e+02 1.124112203339035776e-01 -9.918667786627194394e-01 5.969933775414384969e-02 4.509856573317405264e+02 -1.391608918304311493e-02 5.850278816748039762e-02 9.981902455135897023e-01 -8.950493006912878968e+00
-9.938277410043208082e-01 -1.106411898118646320e-01 -8.059052504074131970e-03 -1.105227854699092944e+02 1.099724016239398694e-01 -9.921531218903332228e-01 5.948322120001114932e-02 4.511648908528184734e+02 -1.457710846880681810e-02 5.822980199418092279e-02 9.981967732207950306e-01 -8.970200080075663607e+00
-9.941083796930610950e-01 -1.080325512454895082e-01 -8.803254820069066414e-03 -1.122528977631321823e+02 1.072941074561566677e-01 -9.923239698660597519e-01 6.149075812226540566e-02 4.513655269797619098e+02 -1.537868424876109689e-02 6.018394055439477142e-02 9.980688299762306981e-01 -8.976960119140850125e+00
-9.944111754777277268e-01 -1.052774211334651100e-01 -7.942209043511398031e-03 -1.139845009580082404e+02 1.045073780688790255e-01 -9.922303668834810964e-01 6.750634757888948623e-02 4.515649604725717268e+02 -1.498739517635343244e-02 6.629904700491921765e-02 9.976872327298106358e-01 -8.998118864111347648e+00
-9.947780172744055127e-01 -1.018556662156471782e-01 -6.489962046834364673e-03 -1.157236020400660834e+02 1.010903928586124878e-01 -9.920660248330998021e-01 7.473777387334937239e-02 4.517639335333187773e+02 -1.405093659846504313e-02 7.369142169628134509e-02 9.971821025013870576e-01 -8.992019741734909033e+00
-9.951447102584780602e-01 -9.835464095203000356e-02 -3.656534939930027386e-03 -1.174452281477390443e+02 9.779302821981263050e-02 -9.922919953033794149e-01 7.611254619599787385e-02 4.519428855455362282e+02 -1.111437250449185711e-02 7.538541410668397891e-02 9.970925283361594671e-01 -8.974693443277359961e+00
-9.954465909898668752e-01 -9.529194718930696084e-02 -2.351443710466280361e-03 -1.191677106213211061e+02 9.488252451769071949e-02 -9.929297677331707650e-01 7.132869612226411249e-02 4.520973433622010020e+02 -9.131868801235827268e-03 7.078079647914960193e-02 9.974500928978723424e-01 -9.005061864674255290e+00
-9.956636915228502804e-01 -9.298243199343303456e-02 -2.842661372200812504e-03 -1.209107611978634793e+02 9.261193621100372031e-02 -9.936498804900145698e-01 6.389792072852992777e-02 4.522418071811226810e+02 -8.765994201423226231e-03 6.335757525953075731e-02 9.979523911504464273e-01 -9.044865053498178042e+00
-9.958913944294809362e-01 -9.051018584896966535e-02 -2.869975416145749240e-03 -1.226668857620722548e+02 9.018197826870413825e-02 -9.941596923184780055e-01 5.927661397864186776e-02 4.523944916714564215e+02 -8.218351224381565887e-03 5.877424969163710239e-02 9.982374698819603820e-01 -9.050214805616107583e+00
-9.961644888677352316e-01 -8.748790965575009571e-02 -1.475392473590152837e-03 -1.244104300563587628e+02 8.724936002942845770e-02 -9.944420540294091060e-01 5.892834930850963937e-02 4.525503540445924955e+02 -6.622710422401900318e-03 5.857360191961786394e-02 9.982611245885633089e-01 -9.031610840446665733e+00
-9.964656213442969479e-01 -8.399237284133344306e-02 -1.243697473915610736e-03 -1.261494381692304501e+02 8.375769503830904350e-02 -9.945910316922792482e-01 6.142742220831078764e-02 4.527166210363614027e+02 -6.396405302497255516e-03 6.110614520464270616e-02 9.981107779287002879e-01 -9.006559550171647999e+00
-9.967767866831648282e-01 -8.021187929474730971e-02 -1.446357352024260330e-03 -1.279084972845232926e+02 7.995728531830002817e-02 -9.947614491947378568e-01 6.369059365804506656e-02 4.528723881140235790e+02 -6.547522746263024530e-03 6.336965848094124054e-02 9.979686449633055068e-01 -8.989697269131720958e+00
-9.970848576133267693e-01 -7.629465669341442546e-02 -9.550278768808177429e-04 -1.296569956971175372e+02 7.606552902755427115e-02 -9.949165041551895072e-01 6.599382587315189008e-02 4.530072902078742914e+02 -5.985149285514109255e-03 6.572879977339932123e-02 9.978195743060860323e-01 -8.992491028361069283e+00
-9.973538174298870462e-01 -7.269900875139216623e-02 4.658160542992003088e-04 -1.313961733362163500e+02 7.257157675952449760e-02 -9.951832959424042890e-01 6.590579431165746738e-02 4.531299526545826097e+02 -4.327713561210273958e-03 6.576520055302090273e-02 9.978257409445564496e-01 -8.991193858454176180e+00
-9.976314110219959286e-01 -6.867032552005057633e-02 3.994262789511624639e-03 -1.331517482408889634e+02 6.878596182575372198e-02 -9.957364362432573612e-01 6.146088994868464245e-02 4.532537908347740654e+02 -2.433063240808237728e-04 6.159006356993521059e-02 9.981015002851583162e-01 -8.975641704252669939e+00
-9.978654973340131962e-01 -6.520402108050639411e-02 3.589549452935379345e-03 -1.349299280779842150e+02 6.530262343919018830e-02 -9.962464538660467106e-01 5.682051153665238635e-02 4.533685274365755049e+02 -1.288499185773583282e-04 5.693363499953603413e-02 9.983779567896309270e-01 -9.013554757411410989e+00
-9.980234712910133199e-01 -6.279058300603526654e-02 -2.548222517374760382e-03 -1.366973491019625158e+02 6.254769966460639596e-02 -9.964498616942304432e-01 5.635120580978219412e-02 4.534835458857825188e+02 -6.077501040893508975e-03 5.608044057701779689e-02 9.984077564631524959e-01 -9.036875424524383860e+00
-9.981918656695863978e-01 -5.986357853567236820e-02 -5.417681789660882402e-03 -1.384466357823206124e+02 5.944002153676040956e-02 -9.964796653005453253e-01 5.911988229202925355e-02 4.535906796378711761e+02 -8.937737453074733399e-03 5.869095848099024210e-02 9.982361886055836075e-01 -8.992632924204764677e+00
-9.984627250245995400e-01 -5.541743186696696660e-02 -1.046413742626192906e-03 -1.401913828334046457e+02 5.526029145716718216e-02 -9.967411420300391622e-01 5.876560195150724170e-02 4.536789729473371153e+02 -4.299642371130114708e-03 5.861743793381052336e-02 9.982712602522203493e-01 -8.927924663625958601e+00
-9.986901349107747405e-01 -5.104574446406498489e-02 3.513745011831990658e-03 -1.419609816988208877e+02 5.116002116635326447e-02 -9.973014589383596418e-01 5.265408088343283277e-02 4.537735610421901242e+02 8.164962688715056774e-04 5.276487441025685954e-02 9.986066299410959468e-01 -8.914223487702940929e+00
-9.988473172099772146e-01 -4.799355869846255035e-02 8.094602449438581841e-04 -1.437518020632991806e+02 4.797827462165021872e-02 -9.977334771566446214e-01 4.718043795093391363e-02 4.538684058783637170e+02 -1.456731533409412948e-03 4.716489037800934703e-02 9.988860550878012612e-01 -8.975602407957540052e+00
-9.989314486329737841e-01 -4.566925743811287713e-02 -7.090829082665395244e-03 -1.455389794320010992e+02 4.528155611619542886e-02 -9.978400984381633476e-01 4.758905992571291904e-02 4.539520822965162665e+02 -9.248870618840195415e-03 4.721712479565670639e-02 9.988418300803723060e-01 -9.019822266016765511e+00
-9.989981761264693505e-01 -4.292075949296884907e-02 -1.266698466621743804e-02 -1.473099235111030509e+02 4.219859484121186305e-02 -9.977220615763221501e-01 5.263047061656809383e-02 4.540264279751555136e+02 -1.489706982646959998e-02 5.204321520083970282e-02 9.985337155360074490e-01 -8.995134997104440089e+00
-9.990991136076893264e-01 -4.019413007703054319e-02 -1.361591332523817699e-02 -1.490548202094267367e+02 3.936811020639605085e-02 -9.976376209182644672e-01 5.629679588860582451e-02 4.540894067194471972e+02 -1.584654811328656265e-02 5.571004609491034265e-02 9.983212297036442306e-01 -8.940680154379377242e+00
-9.992213039306724331e-01 -3.778805455108715655e-02 -1.135115431710596867e-02 -1.508238316366965250e+02 3.710260799375222907e-02 -9.977688895846384964e-01 5.550350851162566546e-02 4.541557154212451906e+02 -1.342319824589673083e-02 5.503913071880955910e-02 9.983939662470768805e-01 -8.933410760806491879e+00
-9.992937503349943462e-01 -3.650619352256409544e-02 -8.904963554951818988e-03 -1.526048831384298126e+02 3.601135456475369062e-02 -9.980732817964624859e-01 5.052629519816085463e-02 4.542320247412441745e+02 -1.073232891005091241e-02 5.016993121913958936e-02 9.986830303542929554e-01 -8.993022067243160222e+00
-9.993266905598189309e-01 -3.590017800605518200e-02 -7.572499844406771832e-03 -1.543888513549264871e+02 3.551150421581067418e-02 -9.982921026871997006e-01 4.638761451832574406e-02 4.542992594625752076e+02 -9.224890410755489864e-03 4.608747043941417709e-02 9.988948125130121536e-01 -9.049480702801753651e+00
-9.993584519169452784e-01 -3.510235211808592631e-02 -7.107000629241418989e-03 -1.561626215812828491e+02 3.474509925980899527e-02 -9.983672143013162525e-01 4.533964584837856665e-02 4.543586878454466955e+02 -8.686924633732556397e-03 4.506362484319564876e-02 9.989463484373921620e-01 -9.056540843016501086e+00
-9.994053498215824671e-01 -3.381691043904901800e-02 -6.735229495521215769e-03 -1.579356412843538351e+02 3.346542388050920830e-02 -9.983426295729782574e-01 4.681943380488182149e-02 4.544070917911071206e+02 -8.307355325122807790e-03 4.656619531021620462e-02 9.988806621923527196e-01 -9.026077292651784489e+00
-9.994585343715810533e-01 -3.226404002578032310e-02 -6.455214405881000601e-03 -1.597113720257326577e+02 3.191270610024109222e-02 -9.983064881076859631e-01 4.863882185517113405e-02 4.544664138327518117e+02 -8.013567318659244043e-03 4.840648224478084211e-02 9.987955722846968420e-01 -8.994096646423878738e+00
-9.995131116201353416e-01 -3.079957429510563754e-02 -4.992586771887792645e-03 -1.614913681333376587e+02 3.052030711478706526e-02 -9.983464595088489268e-01 4.871198661280353587e-02 4.545237777433413271e+02 -6.484639778248124306e-03 4.853589403098638316e-02 9.988003886851263280e-01 -9.002216449765995776e+00
-9.995524559854580549e-01 -2.979854190313450599e-02 -2.633369303010191578e-03 -1.632553971760528952e+02 2.964411560370772830e-02 -9.984795099556686981e-01 4.647466631147328248e-02 4.545741642335641473e+02 -4.014242582718546490e-03 4.637580294869203534e-02 9.989159978483432845e-01 -9.014452944601440976e+00
-9.995884750135940466e-01 -2.868126803482170389e-02 -5.152513095209653804e-04 -1.650232681923265829e+02 2.863221721439238726e-02 -9.986553515837680584e-01 4.321672003391029138e-02 4.546231538431094918e+02 -1.754068808542087786e-03 4.318418248637161810e-02 9.990655882501402463e-01 -9.009144447269557432e+00
-9.996213170785502866e-01 -2.751572549030491602e-02 3.275559287311750173e-04 -1.668116443071022559e+02 2.750608194037178211e-02 -9.987838944639171324e-01 4.091634900355738125e-02 4.546714292618478908e+02 -7.986854410945294332e-04 4.090986446119736913e-02 9.991625218608496395e-01 -8.988165823393837073e+00
-9.996471630291861032e-01 -2.654381250099435707e-02 -9.876566262716774802e-04 -1.685925170784869067e+02 2.648392536444245382e-02 -9.988649266856433062e-01 3.959115980336043450e-02 4.547198984589277870e+02 -2.037435886108754281e-03 3.955103355408852439e-02 9.992154745598235133e-01 -8.974433913741158619e+00
-9.996653100762772359e-01 -2.576182382707093571e-02 -2.365642239024696135e-03 -1.703491872281394706e+02 2.565855788635937676e-02 -9.990058108501620460e-01 3.645584033873492530e-02 4.547510812147369847e+02 -3.302459279452574139e-03 3.638293996798425828e-02 9.993324649194550435e-01 -8.946130507059159243e+00
-9.996811445811503161e-01 -2.498965735729872725e-02 -3.623008982287953712e-03 -1.721103562491073831e+02 2.487539102525523557e-02 -9.992772598402084316e-01 2.874322333326425130e-02 4.547860694824831853e+02 -4.338673790639755411e-03 2.864393463562679709e-02 9.995802623693249567e-01 -8.942653630322947578e+00
-9.996381020271665196e-01 -2.523466696455636121e-02 -9.320759556584550659e-03 -1.738891063449359251e+02 2.498853748361788349e-02 -9.993588505393961041e-01 2.564099925914025552e-02 4.548247338722009090e+02 -9.961825633565265029e-03 2.539880768393143820e-02 9.996277620185830548e-01 -8.998942396423167622e+00
-9.994503932202130070e-01 -2.617615383665759105e-02 -2.034011952474650345e-02 -1.756929049022248819e+02 2.541205034512843131e-02 -9.989936642625901753e-01 3.695790119122792372e-02 4.548834778508074805e+02 -2.128706624262713051e-02 3.642070473677773423e-02 9.991098003108860315e-01 -9.066798266393064409e+00
-9.993747206873193623e-01 -2.634793121798685231e-02 -2.357868044812255759e-02 -1.774563685938637718e+02 2.508024211901632716e-02 -9.983041284568641149e-01 5.253426083265425039e-02 4.549414546961559154e+02 -2.492286312593243805e-02 5.191005323166276997e-02 9.983407220318581965e-01 -9.027328292843504798e+00
-9.995554153813654974e-01 -2.591312217366779219e-02 -1.474726011835959458e-02 -1.791657507037283210e+02 2.508232420329373213e-02 -9.982271248200859093e-01 5.397670132553483019e-02 4.549761976016841913e+02 -1.611981992290417026e-02 5.358280855496184297e-02 9.984332897259664552e-01 -8.924053978717848779e+00
-9.996064274038091169e-01 -2.773394163679155852e-02 -4.221229001127737614e-03 -1.809059867542750908e+02 2.754425571834756906e-02 -9.988278296444890181e-01 3.980302381230384906e-02 4.550054033080237446e+02 -5.320175741007052497e-03 3.967108782183301208e-02 9.991986291629493255e-01 -8.938909686165166235e+00
-9.994704339142967964e-01 -3.234488452099425898e-02 -3.558114176150739636e-03 -1.826943830388679544e+02 3.223126421661684504e-02 -9.990782636729572674e-01 2.835081415459353785e-02 4.550512733937599137e+02 -4.471838342965312948e-03 2.822111800679076923e-02 9.995917022266047613e-01 -9.073717495006382805e+00
-9.992354354813460793e-01 -3.743134872796866769e-02 -1.128887110432710839e-02 -1.844683516454623486e+02 3.707622280672329129e-02 -9.988566648443727436e-01 3.017808473650517020e-02 4.551194711492198053e+02 -1.240557055484049417e-02 2.973646294337427276e-02 9.994807875046054502e-01 -9.143036612270169172e+00
-9.990180809806760154e-01 -4.051094817524187458e-02 -1.793702739112500513e-02 -1.862219200091536209e+02 3.973592239645223206e-02 -9.983422374730420712e-01 4.163932454572508157e-02 4.551827281590497591e+02 -1.959414057799492917e-02 4.088569377256504045e-02 9.989716861351707333e-01 -9.071579965938246559e+00
-9.988940190816704146e-01 -4.210480272608870672e-02 -2.092663924916199000e-02 -1.879411613552662175e+02 4.097401241867901223e-02 -9.978161714520729086e-01 5.180751195572261270e-02 4.552546586157328079e+02 -2.306228412758267593e-02 5.089276545959703357e-02 9.984378085162306515e-01 -8.987398377205282785e+00
-9.988785327655481661e-01 -4.317672029919857046e-02 -1.942801081815967792e-02 -1.896702921207046870e+02 4.206525420601488902e-02 -9.976339063637511551e-01 5.437925396680686613e-02 4.553219548872895643e+02 -2.172996016400174923e-02 5.350102520146603896e-02 9.983313323409532813e-01 -9.005905774815680331e+00
-9.988483775274620280e-01 -4.541128678401133018e-02 -1.548333760456989394e-02 -1.914190094519842944e+02 4.453428189597143094e-02 -9.976047342336292756e-01 5.292912214141417410e-02 4.554060112061961831e+02 -1.784983044084622814e-02 5.217862845333195998e-02 9.984782292498731726e-01 -9.098940432526639199e+00
-9.987367187733600105e-01 -4.846278518821459796e-02 -1.327874337516166646e-02 -1.931506424297606941e+02 4.771285415363792776e-02 -9.975103396777470488e-01 5.192885310210908212e-02 4.554915254579466364e+02 -1.576230066760900966e-02 5.122968561086156669e-02 9.985625013938167482e-01 -9.157287048516371541e+00
-9.985727557225265727e-01 -5.151233764885933264e-02 -1.410427590020494996e-02 -1.948803736923801466e+02 5.065822140479579044e-02 -9.971793288138016687e-01 5.538168280721953579e-02 4.555714448035573696e+02 -1.691733231989856270e-02 5.458814208604914620e-02 9.983656337288316918e-01 -9.167309631496365796e+00
-9.984441290434841187e-01 -5.355540370058606975e-02 -1.552868033883585304e-02 -1.966203965080218836e+02 5.253614613902109903e-02 -9.968190842853925648e-01 5.993051437533311598e-02 4.556564878837350534e+02 -1.868888780687366982e-02 5.902145320898024433e-02 9.980817569385997956e-01 -9.133983433765500592e+00
-9.983396407905434922e-01 -5.525939045203841216e-02 -1.625919410911894070e-02 -1.983435183788740233e+02 5.414419219023294816e-02 -9.965763395869190466e-01 6.248204404151267571e-02 4.557483991242426669e+02 -1.965624781783035721e-02 6.149796047356020923e-02 9.979136399405094116e-01 -9.115385560699264644e+00
-9.981779939135585478e-01 -5.745734046734848194e-02 -1.842135969800213005e-02 -2.000574470310722859e+02 5.622495703029812414e-02 -9.965163371453580332e-01 6.159499987288717671e-02 4.558481337922405032e+02 -2.189627077027295199e-02 6.044703325076454525e-02 9.979312148126924242e-01 -9.161123181415785410e+00
-9.979779426368903250e-01 -6.005792204255037264e-02 -2.081038226872805597e-02 -2.017752994229919352e+02 5.872133724456760767e-02 -9.964827752908236302e-01 5.978196300648556949e-02 4.559448094196652050e+02 -2.432756795179921369e-02 5.843906697261679051e-02 9.979945114523030014e-01 -9.222113569506792174e+00
-9.978522611655061825e-01 -6.222125590345571611e-02 -2.047877439406326286e-02 -2.035004205254943486e+02 6.092750848113983458e-02 -9.964160751451057729e-01 5.867575225512287884e-02 4.560284198476202846e+02 -2.405625900190836580e-02 5.730201136278374741e-02 9.980670197419673206e-01 -9.251401456824019931e+00
-9.978104680087451772e-01 -6.390241926765259650e-02 -1.705141471873358044e-02 -2.052168858812107146e+02 6.283261958328961727e-02 -9.963809822905821401e-01 5.724508752685683599e-02 4.561215623100198968e+02 -2.064780493105052017e-02 5.604836252199548591e-02 9.982145306546745811e-01 -9.248296790039091775e+00
-9.977317036645526604e-01 -6.556721722808570019e-02 -1.524426212035141608e-02 -2.069077536157744817e+02 6.462421292386781591e-02 -9.963497477081013631e-01 5.577536504563872233e-02 4.562296811583141221e+02 -1.884565219353147303e-02 5.466370154836461270e-02 9.983269610335242517e-01 -9.277737015036215951e+00
-9.975187484761445234e-01 -6.770527261629699645e-02 -1.929617834025872114e-02 -2.086098757329880584e+02 6.653898400715409223e-02 -9.962250100109210083e-01 5.575206754943431986e-02 4.563467586076397993e+02 -2.299804439255342253e-02 5.432978454488751607e-02 9.982581652385439375e-01 -9.321611787471921318e+00
-9.973609640681256883e-01 -6.922998955099340934e-02 -2.187043437767591594e-02 -2.103201312091610191e+02 6.786222545099290793e-02 -9.960029768361194913e-01 5.807571343020712790e-02 4.564703231404772055e+02 -2.580359877880393504e-02 5.643827318724656261e-02 9.980725903508743668e-01 -9.353263760874334309e+00
-9.973225065357550490e-01 -6.988371665654963261e-02 -2.154261134369830216e-02 -2.120304322246072672e+02 6.844437808858969130e-02 -9.957545732861333709e-01 6.154832969152904815e-02 4.565845974690191724e+02 -2.575237979886003947e-02 5.990906380522116603e-02 9.978715944492443368e-01 -9.347870670285203687e+00
-9.974164796358141460e-01 -6.917464953654724191e-02 -1.937095796276507367e-02 -2.137276467525418013e+02 6.784358489836746220e-02 -9.957344965435117601e-01 6.253047562091913758e-02 4.567013873835506388e+02 -2.361385481105009523e-02 6.105473163266068870e-02 9.978550524030161961e-01 -9.331653584976711713e+00
-9.975768391767825261e-01 -6.734241901011776832e-02 -1.747708613942243819e-02 -2.154092379751212434e+02 6.618106955823076232e-02 -9.959912312851667560e-01 6.017917609261912160e-02 4.568024120137584987e+02 -2.145963583539309272e-02 5.887670001726965502e-02 9.980345776699767191e-01 -9.367635506998510664e+00
-9.975808899285151243e-01 -6.587298271505051539e-02 -2.220626482898221954e-02 -2.171014266334443050e+02 6.445225855761273215e-02 -9.961420745441109670e-01 5.955563524788103774e-02 4.569065079285506954e+02 -2.604370204588577625e-02 5.798031968848282175e-02 9.979779597328622964e-01 -9.479605244587533619e+00
-9.972754065695457193e-01 -6.547156392437164518e-02 -3.398878886991903159e-02 -2.187900709006013642e+02 6.305381067142644402e-02 -9.956975972964779986e-01 6.790074887534917891e-02 4.570328982338554056e+02 -3.828812363330078017e-02 6.557262428268550991e-02 9.971129577602140248e-01 -9.549207364913129936e+00
-9.969009549734253461e-01 -6.543201225142632194e-02 -4.367078824342188192e-02 -2.204617073406707561e+02 6.179538959653178842e-02 -9.948787056297949682e-01 7.998556687926537678e-02 4.571626650803048619e+02 -4.868075387342978705e-02 7.703903463254051232e-02 9.958389284142296072e-01 -9.521012974053219224e+00
-9.970106914122566222e-01 -6.597547910976113428e-02 -4.021091103035927261e-02 -2.220947683082032995e+02 6.235239928849393293e-02 -9.943833299370519185e-01 8.552176007466827379e-02 4.572754090960203825e+02 -4.562739870540745424e-02 8.275886236251901729e-02 9.955245407260633339e-01 -9.454125826589049097e+00
-9.972628121793343237e-01 -6.827991310192307872e-02 -2.836788520421513332e-02 -2.237263469292654747e+02 6.583366700040806097e-02 -9.946432316285654940e-01 7.969171892213176844e-02 4.573754961552767782e+02 -3.365726865693473985e-02 7.760602581165006175e-02 9.964158233510125307e-01 -9.476066288585494490e+00
-9.970547425248250661e-01 -7.378311703664172660e-02 -2.092587033105464470e-02 -2.253973555768508277e+02 7.219792095522296893e-02 -9.950403005726179417e-01 6.842704469797493416e-02 4.574734536035271617e+02 -2.587084495137843485e-02 6.671470510099332396e-02 9.974366383408970194e-01 -9.665851439615938290e+00
-9.964268464378959189e-01 -8.166877639690386936e-02 -2.153487078350536585e-02 -2.270926950733065439e+02 8.016680957438464261e-02 -9.947740602103476437e-01 6.322856771495477535e-02 4.576071335183785891e+02 -2.658613060402195694e-02 6.127626044768706010e-02 9.977667049792016130e-01 -9.791051996343608010e+00
-9.957080091040966252e-01 -8.881861296124120286e-02 -2.601566062197033236e-02 -2.287584321851589948e+02 8.693223671914070139e-02 -9.940009135204170843e-01 6.636994907022636392e-02 4.577591118116072835e+02 -3.175447724280136552e-02 6.382349028546138725e-02 9.974558713360799356e-01 -9.772725621165626819e+00
-9.951102574790137156e-01 -9.406634932038587804e-02 -3.011805746700506325e-02 -2.303541279087122575e+02 9.165182195601813409e-02 -9.930796925177550749e-01 7.343478631401061107e-02 4.579010703802143212e+02 -3.681737351024706034e-02 7.031533427622438381e-02 9.968451408184874074e-01 -9.701288542507569446e+00
-9.947340990774824476e-01 -9.819763265368568195e-02 -2.934786318833687915e-02 -2.319413462429121751e+02 9.570597530119831498e-02 -9.924433607209541819e-01 7.678894485891572808e-02 4.580421730502096693e+02 -3.666658457173174734e-02 7.357581601389807935e-02 9.966153525175764916e-01 -9.683677779031398813e+00
-9.943620822468174358e-01 -1.024627152091200227e-01 -2.730277241872446775e-02 -2.335589906940444394e+02 1.001242177931830901e-01 -9.920347910965353622e-01 7.643372465971881580e-02 4.582055482473168126e+02 -3.491690709494663786e-02 7.326912887450780232e-02 9.967007797493154797e-01 -9.763372796567900025e+00
-9.938910201375371622e-01 -1.070801513130326954e-01 -2.672978272907595293e-02 -2.351834677175751267e+02 1.048401592478745981e-01 -9.916951914585108163e-01 7.449287379977066748e-02 4.583766196700868250e+02 -3.448450519937745068e-02 7.123544365585346427e-02 9.968632456201339531e-01 -9.860263586627567634e+00
-9.933362550418676218e-01 -1.121676578918978096e-01 -2.648586306775503954e-02 -2.367804010369696073e+02 1.099835121152737960e-01 -9.912447764137131134e-01 7.305765049136311862e-02 4.585496605431773673e+02 -3.444867896142210506e-02 6.965780469965235366e-02 9.969759669933063728e-01 -9.910950007369898174e+00
-9.927664923983305911e-01 -1.169502924221797330e-01 -2.715364935845767866e-02 -2.383724070357888820e+02 1.146806608575642872e-01 -9.906518965614700134e-01 7.387263271628864703e-02 4.587293812662597361e+02 -3.553924023368745799e-02 7.022427601285749499e-02 9.968979453595450124e-01 -9.936492312243075276e+00
-9.921263445437310535e-01 -1.216504873773019829e-01 -2.977373646619902586e-02 -2.399462005886619522e+02 1.191045315619432832e-01 -9.899675006715804582e-01 7.601617048678042943e-02 4.589127014413160168e+02 -3.872243566337024712e-02 7.187145841660710910e-02 9.966619619717440592e-01 -9.945645777288580902e+00
-9.915141021686144640e-01 -1.262157384172921115e-01 -3.113474869890867774e-02 -2.415084018624264104e+02 1.235162311825543369e-01 -9.893389441836019094e-01 7.715046439351086471e-02 4.591042778230682870e+02 -4.054042223786403359e-02 7.265012661691840068e-02 9.965332073078756459e-01 -9.967033073943030175e+00
-9.909201396180684629e-01 -1.310748529999420653e-01 -2.994427842428418196e-02 -2.430746895176931162e+02 1.284646827854270534e-01 -9.887349916379069015e-01 7.681107724559586847e-02 4.593124996051205926e+02 -3.967495653617143098e-02 7.226686115940590682e-02 9.965959053708881576e-01 -1.001568205681333268e+01
-9.902757305067433347e-01 -1.360567068882667097e-01 -2.902671321483107914e-02 -2.446503755150498023e+02 1.334897773756036909e-01 -9.880451768124307588e-01 7.711814257296964459e-02 4.595320038439335804e+02 -3.917214451044957746e-02 7.249345548677738060e-02 9.965993387545665216e-01 -1.009434488900370575e+01
-9.895502887519503910e-01 -1.412844469267280634e-01 -2.879116335858393494e-02 -2.462044505829174454e+02 1.386694477399660064e-01 -9.872252072738403328e-01 7.846766459260039184e-02 4.597395620200219355e+02 -3.950962280793054310e-02 7.365524543257288836e-02 9.965008251506081161e-01 -1.016302237920592333e+01
-9.889028709023396368e-01 -1.459572380197076136e-01 -2.770553357668767425e-02 -2.477557899462845512e+02 1.433452732510970828e-01 -9.864213357826938644e-01 8.015660265539635565e-02 4.599457087682420138e+02 -3.902876577191332491e-02 7.529563720658179193e-02 9.963971710417368621e-01 -1.020507304139277949e+01
-9.883733565396566334e-01 -1.496820494670177693e-01 -2.670940190056571642e-02 -2.493112243649706272e+02 1.471188170764299863e-01 -9.858297072396918770e-01 8.059678644795044422e-02 4.601668718683116595e+02 -3.839481403216674776e-02 7.573026073544047998e-02 9.963888627761642303e-01 -1.024570730377080707e+01
-9.878951425857166457e-01 -1.526765008868727624e-01 -2.744218162769730684e-02 -2.508673966330062512e+02 1.500704015516446665e-01 -9.854265764158214314e-01 8.008331331508661277e-02 4.604129887115738597e+02 -3.926909514713742416e-02 7.499565700982238625e-02 9.964103520116550650e-01 -1.028183415678212320e+01
-9.872411658974770132e-01 -1.563527246688949657e-01 -3.014474823252876606e-02 -2.524177791660866319e+02 1.535198810466651687e-01 -9.848650675659241793e-01 8.045150596344595451e-02 4.606675097041919003e+02 -4.226732166588782758e-02 7.479722038272069995e-02 9.963025892479711043e-01 -1.032462540717103394e+01
-9.865654044739893269e-01 -1.604582675683351167e-01 -3.068952694393778033e-02 -2.539444538274608476e+02 1.575704298277476323e-01 -9.842167214352339766e-01 8.055435985208250771e-02 4.609191024694128487e+02 -4.313075861810211631e-02 7.463638265784650061e-02 9.962776460629729769e-01 -1.035575623514689347e+01
-9.860564401819491565e-01 -1.646307098739198671e-01 -2.427810005150304526e-02 -2.554852898310276430e+02 1.622265205298661084e-01 -9.834870576722836155e-01 8.022321003230932501e-02 4.611617582613879449e+02 -3.708440120150966607e-02 7.516606120799644575e-02 9.964812142885590696e-01 -1.040271329303274506e+01
-9.855605355523084921e-01 -1.681633987501059690e-01 -1.978641156601410739e-02 -2.570522287598154207e+02 1.661381496666602675e-01 -9.829545907155589068e-01 7.872984069936667106e-02 4.614037524392869614e+02 -3.268862167766090066e-02 7.430574615749512002e-02 9.966996087592253639e-01 -1.048839051569741265e+01
-9.848724605843479640e-01 -1.713498139238033846e-01 -2.579685350600293553e-02 -2.586034427510824116e+02 1.688802447961719466e-01 -9.825023554594325415e-01 7.854033635179222261e-02 4.616538008722777704e+02 -3.880334135248231231e-02 7.299563538284713216e-02 9.965771108724790217e-01 -1.058323940744092262e+01
-9.840330573552213966e-01 -1.741521939159398902e-01 -3.674173902253994456e-02 -2.601418078439621127e+02 1.708063867574591832e-01 -9.820387804649624020e-01 8.015617197540936267e-02 4.619253040436092874e+02 -5.004118578727793226e-02 7.260059928922736605e-02 9.961049305709956947e-01 -1.060615605264518813e+01
-9.834813237764209459e-01 -1.765554151804528682e-01 -3.990828427077172669e-02 -2.616756858523494884e+02 1.729004300500595614e-01 -9.815568167427274338e-01 8.155768997703048695e-02 4.622174600745832436e+02 -5.357170028553578239e-02 7.331030538978039468e-02 9.958693047042739277e-01 -1.059056840853307868e+01
-9.832025571183092838e-01 -1.792128213942540682e-01 -3.457595007991504793e-02 -2.631875209321076454e+02 1.759310436319456161e-01 -9.809925008882801611e-01 8.186562824246049197e-02 4.624955246024411508e+02 -4.859011795202864553e-02 7.440751204595853763e-02 9.960434340873585146e-01 -1.063195155927764723e+01
-9.829845809664646827e-01 -1.817279684915305837e-01 -2.676301646161983322e-02 -2.647500031035742722e+02 1.790997186276473141e-01 -9.805646482120788932e-01 8.010156967388602778e-02 4.627656264782909261e+02 -4.079956335160041248e-02 7.394535918273768826e-02 9.964273578568860756e-01 -1.074860662449111537e+01
-9.826261838839990270e-01 -1.841419512449101181e-01 -2.318457541741876515e-02 -2.662981258225032661e+02 1.818807917429960119e-01 -9.802833561335200230e-01 7.722641570436997172e-02 4.630281174450263961e+02 -3.694807627617122114e-02 7.166786922547906113e-02 9.967439772480042315e-01 -1.087232337850800690e+01
-9.820821180891482483e-01 -1.862760462465362366e-01 -2.856480219239385457e-02 -2.678380971234975050e+02 1.836515534071541111e-01 -9.799987176358194718e-01 7.664607206693253849e-02 4.633016865624493903e+02 -4.227079678302207016e-02 7.002676650330534602e-02 9.966491015961536082e-01 -1.095489892971317047e+01
-9.813359436128387125e-01 -1.884621296546337976e-01 -3.823338148188587526e-02 -2.693626795549139388e+02 1.850740061304916306e-01 -9.795941238544668694e-01 7.837706784902837009e-02 4.635913370159795477e+02 -5.222430495765518349e-02 6.983822875646575334e-02 9.961903652293820910e-01 -1.093673504732176482e+01
-9.807137864613304501e-01 -1.915136064966103391e-01 -3.902572960677822694e-02 -2.708695395411451159e+02 1.879175560414184654e-01 -9.788291686483945320e-01 8.111997740701248905e-02 4.638870056333470302e+02 -5.373510189904025236e-02 7.222186047004977572e-02 9.959400291654836312e-01 -1.092235126150639957e+01
-9.804374375784485895e-01 -1.940689600028339956e-01 -3.285832859450283500e-02 -2.724046594774633263e+02 1.908671990574541955e-01 -9.781719353329028088e-01 8.215459360891871898e-02 4.641942592687171896e+02 -4.808475141422761251e-02 7.427586209868483613e-02 9.960777846086767973e-01 -1.100410441600188882e+01
-9.801508582712389339e-01 -1.960580420116145584e-01 -2.942004746300793880e-02 -2.739389651641276942e+02 1.931745671482340276e-01 -9.778418557511817655e-01 8.067770291832764007e-02 4.644916743608844740e+02 -4.458566627567756707e-02 7.339311482460378344e-02 9.963059615695855076e-01 -1.114544062210040742e+01
-9.797274751602401688e-01 -1.980360492359157787e-01 -3.026214829073965371e-02 -2.754557479648936464e+02 1.952254742115833441e-01 -9.776827583304741331e-01 7.761081292048643832e-02 4.647772675877562847e+02 -4.495651938265707998e-02 7.012950353700102279e-02 9.965243419498847066e-01 -1.122204441426224619e+01
-9.791803727180671268e-01 -2.001652693560335705e-01 -3.375888960457380100e-02 -2.769830696412526549e+02 1.971405910175932641e-01 -9.773542839935749349e-01 7.690377710256543486e-02 4.650774453432671294e+02 -4.838786063612773164e-02 6.864742167797378836e-02 9.964668315804721122e-01 -1.125830783743540309e+01
-9.785737904838753831e-01 -2.025316847645818319e-01 -3.707092181805250047e-02 -2.785074280511697680e+02 1.991666698163248039e-01 -9.767757933508595114e-01 7.900434898203419209e-02 4.653969732768105132e+02 -5.221086297213625715e-02 6.992829320253722558e-02 9.961847517390963747e-01 -1.128278500729430078e+01
-9.782589989518504225e-01 -2.042132957630721779e-01 -3.614223019277132409e-02 -2.800392539153775715e+02 2.008143871190729013e-01 -9.762868725639295420e-01 8.085495894089411717e-02 4.657072830813250448e+02 -5.179684252649418424e-02 7.183921138853420485e-02 9.960703864744495650e-01 -1.132529045743726925e+01
-9.780416828667911622e-01 -2.057209589109404435e-01 -3.336695430899019876e-02 -2.815559233791098563e+02 2.025339008855434608e-01 -9.759560543559806511e-01 8.055928846503075669e-02 4.660237402565502407e+02 -4.913741514548752853e-02 7.203240264402047122e-02 9.961911701085037762e-01 -1.141339929650419904e+01
-9.778013269545383634e-01 -2.070661828653359848e-01 -3.206494845657934661e-02 -2.830829131465047794e+02 2.040919847798415288e-01 -9.758379611107124152e-01 7.801753266999456038e-02 4.663383550743643013e+02 -4.744498661153586511e-02 6.974144799807309447e-02 9.964362015084374802e-01 -1.152035163412824659e+01
-9.773968069956108229e-01 -2.085230476256995646e-01 -3.483705331503489377e-02 -2.845958314139314211e+02 2.056667501696446965e-01 -9.759905269658637472e-01 7.171944748499713140e-02 4.666459142298726874e+02 -4.895579178648167690e-02 6.293353543053568921e-02 9.968162822550463709e-01 -1.160313288212922167e+01
-9.768086669473361461e-01 -2.108719284387678139e-01 -3.711950933247145507e-02 -2.860973605247346541e+02 2.079828392524655234e-01 -9.756600835024469287e-01 6.950208656207668145e-02 4.669548675654590397e+02 -5.087206259875219627e-02 6.017001958213465812e-02 9.968909679550892466e-01 -1.163980047808851737e+01
-9.764327397921491736e-01 -2.128008361534774184e-01 -3.598484117483000816e-02 -2.876242604131391545e+02 2.098378326630148949e-01 -9.750605006375454575e-01 7.228488140509491122e-02 4.672718458976938223e+02 -5.046968045555143279e-02 6.303034371507823530e-02 9.967346623479460543e-01 -1.167454900498203152e+01
-9.761435065097916475e-01 -2.142732877727394070e-01 -3.508294237701824886e-02 -2.891331456723349902e+02 2.110471891785906107e-01 -9.743123285793647836e-01 7.857843417931552332e-02 4.676012827489329311e+02 -5.101900272040403583e-02 6.929967189906173497e-02 9.962904279556729081e-01 -1.175135365359814621e+01
-9.758186167932760835e-01 -2.152894970300626709e-01 -3.779496776292094046e-02 -2.906459645389398929e+02 2.115597054562790291e-01 -9.737192753767408560e-01 8.434016710351033286e-02 4.679456546893096629e+02 -5.495924077814480502e-02 7.430481295540809772e-02 9.957199790225923497e-01 -1.182467026860799386e+01
-9.753631807301775813e-01 -2.168536278519163640e-01 -4.051135351199432189e-02 -2.921507343592537040e+02 2.128758750789837007e-01 -9.733674306008599508e-01 8.508646693122420834e-02 4.682872816090029460e+02 -5.788374111327109633e-02 7.436631719363202830e-02 9.955496589230432569e-01 -1.187773729374511866e+01
-9.749173958599599565e-01 -2.188469226472728735e-01 -4.052277998178503704e-02 -2.936784691442128974e+02 2.149864097947825070e-01 -9.730851375787037405e-01 8.298288152978147703e-02 4.686137290816261043e+02 -5.759266318884270763e-02 7.218960777878224988e-02 9.957267424728344363e-01 -1.194456463591610174e+01
-9.745365788820388175e-01 -2.209187342551380828e-01 -3.838449265002322891e-02 -2.951920650177100924e+02 2.172733082993371923e-01 -9.726743260795529533e-01 8.183498571118470732e-02 4.689346175482453418e+02 -5.541449198136912113e-02 7.141126130237629432e-02 9.959064543608755482e-01 -1.202809536194640572e+01
-9.741729005512116402e-01 -2.228324664036977210e-01 -3.650824219383990571e-02 -2.967002868595564564e+02 2.192676195460026012e-01 -9.721480399348111368e-01 8.276411945725807573e-02 4.692650180296561189e+02 -5.393394895859789095e-02 7.262148695359181561e-02 9.959002202943731952e-01 -1.211138954620043151e+01
-9.739397116695469592e-01 -2.238190498486780922e-01 -3.669429053510073896e-02 -2.982106053661986493e+02 2.201299790315781602e-01 -9.717817517222689938e-01 8.475269524420044054e-02 4.696226063629326291e+02 -5.462810965607757530e-02 7.446650216328319638e-02 9.957261218281707738e-01 -1.218860002242491092e+01
-9.736483953236810818e-01 -2.247159549426634428e-01 -3.887855292867548745e-02 -2.997117052794781102e+02 2.207519711413548080e-01 -9.714703818614226494e-01 8.668254958888127470e-02 4.699739430027898948e+02 -5.724831456757010356e-02 7.581580811565102884e-02 9.954770684043623419e-01 -1.226885201937956005e+01
-9.731964439599519734e-01 -2.264000515558701465e-01 -4.039428324904030532e-02 -3.012131365539922285e+02 2.222944904718327508e-01 -9.710837532876519518e-01 8.707183015554365024e-02 4.703150810706270590e+02 -5.893929902512160673e-02 7.575856886363964426e-02 9.953827395902347108e-01 -1.234301817509336630e+01
-9.727259565680271836e-01 -2.284823662035784797e-01 -4.000027190945461275e-02 -3.027355836389757542e+02 2.244349337923327858e-01 -9.706409922815172342e-01 8.651603664283143147e-02 4.706545274159831820e+02 -5.859329238443311549e-02 7.517893612419888905e-02 9.954471124327932685e-01 -1.241905417892179031e+01
-9.723515416693574442e-01 -2.303940473630314845e-01 -3.809281235226657375e-02 -3.042545228212070469e+02 2.265105895381547829e-01 -9.701963189969226020e-01 8.609329492997704059e-02 4.709940688201707530e+02 -5.679288899414609848e-02 7.508452266947963916e-02 9.955585779928748380e-01 -1.251134130537568012e+01
-9.719995924114829267e-01 -2.319645618774588414e-01 -3.753977070933641608e-02 -3.057638234360478009e+02 2.280794779526844340e-01 -9.697662154065860296e-01 8.679423479021534937e-02 4.713341668916229423e+02 -5.653798801462577017e-02 7.580190953390694708e-02 9.955187222861615615e-01 -1.260949147512373436e+01
-9.716509042409613439e-01 -2.332990766617379641e-01 -3.828917753755432113e-02 -3.072563870938599848e+02 2.293078142272001740e-01 -9.694043501467357604e-01 8.759641688408048577e-02 4.717040225464850209e+02 -5.755385844637848219e-02 7.633313006399120026e-02 9.954199147257243308e-01 -1.268941138821148051e+01
-9.713383935520996104e-01 -2.345121420485259678e-01 -3.880438690970924170e-02 -3.087500308227417349e+02 2.305014900337964412e-01 -9.691563849230635519e-01 8.720644847176996228e-02 4.720655144061209967e+02 -5.805849036812880254e-02 7.576250256341703071e-02 9.954342042051309569e-01 -1.275563094406809128e+01
-9.709764375913941814e-01 -2.358931880047827334e-01 -3.948621905508401669e-02 -3.102677173686314518e+02 2.318114066260980322e-01 -9.688189569735704554e-01 8.748314332872150767e-02 4.724078967594505798e+02 -5.889167513626785561e-02 7.579071487711404320e-02 9.953831112381104074e-01 -1.284258771232747165e+01
-9.705139144642676019e-01 -2.378353058642926343e-01 -3.920598316178599413e-02 -3.117681443777589720e+02 2.337597222847511980e-01 -9.683342315796746869e-01 8.766531918813676161e-02 4.727482337191876809e+02 -5.881440358109503441e-02 7.591563235223833250e-02 9.953781606484843891e-01 -1.293095814364325769e+01
-9.701144182663430371e-01 -2.397343199161657001e-01 -3.748961624354640865e-02 -3.132806551329064177e+02 2.358437827868022640e-01 -9.679205536626388495e-01 8.664589960421285875e-02 4.731122592366949675e+02 -5.705896592619361801e-02 7.521474357960131196e-02 9.955335337173171206e-01 -1.300724002251276090e+01
-9.695800739609545804e-01 -2.416905220073355676e-01 -3.873205067759466491e-02 -3.147618498447823754e+02 2.380368307176955467e-01 -9.678831742547224781e-01 8.087415048381262073e-02 4.735071350176165765e+02 -5.703461580255757279e-02 6.919431021713255692e-02 9.959714855525885202e-01 -1.305256541215507049e+01
-9.690479480733691364e-01 -2.430878054832146806e-01 -4.306266550212107386e-02 -3.162679500038329934e+02 2.392503408082976846e-01 -9.677407088184073469e-01 7.897591353546312698e-02 4.738766375355843934e+02 -6.087157594400044447e-02 6.622868956126415352e-02 9.959459884557454457e-01 -1.314069796356387698e+01
-9.685223322315892336e-01 -2.446947138719652581e-01 -4.570545888403651502e-02 -3.177731885022262190e+02 2.407722578690429938e-01 -9.674796200459301332e-01 7.753647294291056424e-02 4.742368228632163323e+02 -6.319186505655938202e-02 6.409119907522904669e-02 9.959413167409880696e-01 -1.318916120555122262e+01
-9.683638429794985125e-01 -2.458772451961717953e-01 -4.261276692165046759e-02 -3.192663108467087341e+02 2.421989516575410450e-01 -9.671838338649613176e-01 7.677955018274083832e-02 4.746075913735271001e+02 -6.009272356920940944e-02 6.402977280154527329e-02 9.961370652520752378e-01 -1.324526329184455697e+01
-9.681928078067417731e-01 -2.472037988443252232e-01 -3.863895376730656916e-02 -3.207601676146832119e+02 2.437763015556847490e-01 -9.667814835194958878e-01 7.685491476591174709e-02 4.749742747495578215e+02 -5.635425193478804662e-02 6.499111447558079957e-02 9.962933068770924994e-01 -1.335388653307839490e+01
-9.677291912472100188e-01 -2.489630098847671891e-01 -3.895679808631684338e-02 -3.222719952912957524e+02 2.454598611459747615e-01 -9.662819497798338375e-01 7.777306793410181107e-02 4.753592319713480947e+02 -5.700586789287198641e-02 6.570093788372353971e-02 9.962096756140144116e-01 -1.348937887752664899e+01
-9.671720798420995191e-01 -2.504964800086899035e-01 -4.277477617899778928e-02 -3.237888108587402485e+02 2.466975794069066474e-01 -9.659082827202811750e-01 7.849518257276187627e-02 4.757478891867474999e+02 -6.097927753491641512e-02 6.536591524345242155e-02 9.959963980033791353e-01 -1.356892279775695265e+01
-9.666612960507613428e-01 -2.522106557146629457e-01 -4.422356681049358779e-02 -3.252780699993298867e+02 2.483631401996520272e-01 -9.655435558986856792e-01 7.772639353971361187e-02 4.761283035451663750e+02 -6.230320463371415152e-02 6.415159239256774948e-02 9.959934155835908909e-01 -1.359403438811719766e+01
-9.662705646092610845e-01 -2.540772587596606957e-01 -4.202311924257872561e-02 -3.267574916913656580e+02 2.504208401962151331e-01 -9.650799950463567756e-01 7.687656311741872250e-02 4.765042785411178556e+02 -6.008825813019810086e-02 6.376009522029536802e-02 9.961546323198912090e-01 -1.365904817990346665e+01
-9.657551099340117018e-01 -2.561832956665554550e-01 -4.107537775562553756e-02 -3.282502430464532495e+02 2.525839162466241850e-01 -9.645148587112597482e-01 7.689247413575585333e-02 4.768893051024207921e+02 -5.931637960853207436e-02 6.388432003724964225e-02 9.961929335041053157e-01 -1.378241170732389698e+01
-9.651316585767309997e-01 -2.581317728661678967e-01 -4.346112573205229701e-02 -3.297510675578741939e+02 2.543252888051051319e-01 -9.639889539910035943e-01 7.774280711121392407e-02 4.772912077384011695e+02 -6.196393376092274030e-02 6.397878101605755652e-02 9.960256956989471666e-01 -1.388459722864337564e+01
-9.646242719589831482e-01 -2.598894587905457576e-01 -4.424345326891561403e-02 -3.312498354875909854e+02 2.559894086873922836e-01 -9.634951984663161495e-01 7.839914012432913637e-02 4.777010971286246672e+02 -6.300346488472506612e-02 6.429985802404331041e-02 9.959398032364241704e-01 -1.393307364667693804e+01
-9.642338094789287828e-01 -2.616171343493746693e-01 -4.253981279429874807e-02 -3.327371028101201205e+02 2.578095416414937779e-01 -9.629892215841187042e-01 7.865112428577615555e-02 4.780999147875703557e+02 -6.154186295811711616e-02 6.487090355186149460e-02 9.959941591073763201e-01 -1.398273155723040873e+01
-9.638590775208005779e-01 -2.634957428877514052e-01 -3.931503733666215361e-02 -3.342299799065927459e+02 2.599616606826163911e-01 -9.625007379796097773e-01 7.753879263854666914e-02 4.784876311347811111e+02 -5.827189421914635847e-02 6.451606674882845449e-02 9.962138643260156634e-01 -1.405656541029832063e+01
-9.634122912952253204e-01 -2.655137205101498754e-01 -3.659537132126979009e-02 -3.357269556473228249e+02 2.622675846818192102e-01 -9.620381049364342685e-01 7.548773857706714274e-02 4.788792597969585358e+02 -5.524917199785418787e-02 6.312803554026352737e-02 9.964749771682070989e-01 -1.417889235893002287e+01
-9.624941265405775326e-01 -2.686038299201293222e-01 -3.817117927348748913e-02 -3.372394158508008104e+02 2.652881833873630968e-01 -9.612560792626877459e-01 7.489278894231941874e-02 4.792972133098679706e+02 -5.680876807257263794e-02 6.195750667000868989e-02 9.964607524821600393e-01 -1.430588123090066333e+01
-9.613168649785539532e-01 -2.720373653124129598e-01 -4.319209397199354900e-02 -3.387565510513345544e+02 2.682781171213566851e-01 -9.602588555817852534e-01 7.700507873238296441e-02 4.797313152881368978e+02 -6.242384946175982136e-02 6.243878722910594509e-02 9.960947047684441946e-01 -1.437363494407053111e+01
-9.602709143980605599e-01 -2.756614948152558142e-01 -4.348000962892099169e-02 -3.402166721704386418e+02 2.718208173091761215e-01 -9.591861157736307764e-01 7.794509981049103919e-02 4.801604888923970407e+02 -6.319188427704902633e-02 6.302964051392415112e-02 9.960090612932201992e-01 -1.437008618932401838e+01
-9.596455864200964525e-01 -2.787125718025976751e-01 -3.741190697639890095e-02 -3.416845251611570689e+02 2.753183514964596124e-01 -9.582757565545945155e-01 7.685948041062941327e-02 4.805728432161769206e+02 -5.727262691461666028e-02 6.345767659552137285e-02 9.963397861610251427e-01 -1.441367471723400762e+01
-9.588871976536307296e-01 -2.819649725431373488e-01 -3.211069034939642575e-02 -3.431692581572557970e+02 2.790342420558432623e-01 -9.573941393352443097e-01 7.440667797213226797e-02 4.809693829386487209e+02 -5.172266366195923948e-02 6.238762878388028760e-02 9.967108657170526964e-01 -1.454926198017258976e+01
-9.580633242376132008e-01 -2.847499408938793941e-01 -3.212690323865238090e-02 -3.446562843221159937e+02 2.819260443404955074e-01 -9.567126199807656217e-01 7.224035085781958798e-02 4.813968416262912342e+02 -5.130664940623688025e-02 6.015341993995101250e-02 9.968696975012497630e-01 -1.467622833921229741e+01
-9.569375348757794830e-01 -2.880294620231775848e-01 -3.618816591795443599e-02 -3.461306118182012028e+02 2.849614314576799368e-01 -9.558158516369057445e-01 7.220138739115311566e-02 4.818535583421646606e+02 -5.538534939364810061e-02 5.877998610289288800e-02 9.967333526607240479e-01 -1.474633115237220515e+01
-9.558902862644514942e-01 -2.909663666410462479e-01 -4.015388037254673248e-02 -3.476294420859288152e+02 2.875486223563489818e-01 -9.548927103988127385e-01 7.413299810594138617e-02 4.823163717852945638e+02 -5.991285676906413921e-02 5.931681979774289931e-02 9.964396441746242727e-01 -1.478067986329158323e+01
-9.548149449000666866e-01 -2.943555196387445116e-01 -4.102741831613478107e-02 -3.491128891549994933e+02 2.907796937434320439e-01 -9.537820805378146582e-01 7.580839367401226436e-02 4.827752578964588679e+02 -6.144583551355063678e-02 6.045304709576520413e-02 9.962779925276271653e-01 -1.482189662805312658e+01
-9.539178874603837510e-01 -2.977530515269308786e-01 -3.719925119568329164e-02 -3.505785288404243261e+02 2.944333172006176613e-01 -9.526965957350165271e-01 7.535395276395026598e-02 4.832204906581841328e+02 -5.787646935810156906e-02 6.092878450545286678e-02 9.964627426619265815e-01 -1.488428663910155159e+01
-9.530006391207740402e-01 -3.011415613569528582e-01 -3.321960052276714398e-02 -3.520506459702701818e+02 2.981608588856667907e-01 -9.516791973956125750e-01 7.353099668170472170e-02 4.836679004013120107e+02 -5.375764191217136806e-02 6.017030220914512673e-02 9.967395099363237643e-01 -1.499090211451297527e+01
-9.515399942557850599e-01 -3.057436380132240172e-01 -3.305249077057541285e-02 -3.535239727281699516e+02 3.028312579992738507e-01 -9.502954340289234691e-01 7.233130195397961815e-02 4.841411525490009353e+02 -5.352446646420368909e-02 5.881679928574050364e-02 9.968328423619995382e-01 -1.508373761618227249e+01
-9.496244273772459499e-01 -3.113560559601344924e-01 -3.564903007638912935e-02 -3.549930574884305088e+02 3.082526215150327431e-01 -9.485066495986184121e-01 7.290718069102973542e-02 4.846198443403721399e+02 -5.651343431032811865e-02 5.824553273989328817e-02 9.967014044628904612e-01 -1.513293908432430435e+01
-9.476851828551134949e-01 -3.171676769999233758e-01 -3.602025629201231760e-02 -3.564620675707400324e+02 3.139510055422005674e-01 -9.465211644669175861e-01 7.438044995314535557e-02 4.850930568888172729e+02 -5.768500945576044564e-02 5.918065463192711401e-02 9.965791939436751123e-01 -1.517710705738062060e+01
-9.461201987807286162e-01 -3.222557778987423238e-01 -3.174559922242483484e-02 -3.579140010267543630e+02 3.192339963599215014e-01 -9.446736586894999288e-01 7.537462534745038856e-02 4.855776151617679943e+02 -5.427913988990746424e-02 6.117918101013758436e-02 9.966498295709185218e-01 -1.523630723275572585e+01
-9.446302814941782700e-01 -3.268943039051632748e-01 -2.852622229787796573e-02 -3.593500723412402635e+02 3.240716398459898562e-01 -9.430375018772343410e-01 7.521863001063765208e-02 4.860574549619018399e+02 -5.148983911181289480e-02 6.180925600187052449e-02 9.967589539807180099e-01 -1.533465955224941091e+01
-9.430600953473495807e-01 -3.313241683725614006e-01 -2.935901932418924151e-02 -3.608033500708982046e+02 3.284322354559290891e-01 -9.415116632363692561e-01 7.541919320244422353e-02 4.865628870083465358e+02 -5.263006058203546778e-02 6.148238318507995293e-02 9.967196161815088384e-01 -1.542777225762054805e+01
-9.413112099165946711e-01 -3.361559530674921303e-01 -3.053491939800044921e-02 -3.622745567425163813e+02 3.331423958546296804e-01 -9.397932592375738414e-01 7.618906729876803730e-02 4.870883182935747868e+02 -5.430791995274409506e-02 6.154514691594230313e-02 9.966257295100813263e-01 -1.548400436772845268e+01
-9.393434240156374182e-01 -3.416282319384064126e-01 -3.039873190145663678e-02 -3.637254638775467015e+02 3.385592785087683798e-01 -9.377735604888376431e-01 7.719044101254582402e-02 4.876114570070897685e+02 -5.487756093523647738e-02 6.221656042186321511e-02 9.965528349842130984e-01 -1.552459348785778737e+01
-9.373381935533074971e-01 -3.472620512458861608e-01 -2.839328566266109341e-02 -3.651601345207756140e+02 3.442372448552128983e-01 -9.355935931916129489e-01 7.851972766954573579e-02 4.881334940156046400e+02 -5.383149784943978833e-02 6.382551326316818208e-02 9.965081403059279364e-01 -1.559108143233969557e+01
-9.354050890180383160e-01 -3.525679019153511451e-01 -2.670569186826825953e-02 -3.665889130721293441e+02 3.496225115728615607e-01 -9.335648554963127399e-01 7.887179460132417996e-02 4.886661654727892028e+02 -5.273915851281628375e-02 6.444016698578916569e-02 9.965269921272597031e-01 -1.567898371291266102e+01
-9.334708677849078429e-01 -3.577259507745159106e-01 -2.577369083697120949e-02 -3.680266417049626853e+02 3.548992499039978488e-01 -9.316823383329380093e-01 7.755348384211506463e-02 4.891947130319313715e+02 -5.175578628975620321e-02 6.324685431654331058e-02 9.966549924645896619e-01 -1.576138735764121712e+01
-9.313837896813844663e-01 -3.630677023619194310e-01 -2.657216250851516040e-02 -3.694544060367295515e+02 3.602207308890909010e-01 -9.297008308094377727e-01 7.679446744376419720e-02 4.897295828077444071e+02 -5.258575240948461238e-02 6.195327831421575809e-02 9.966927961762589439e-01 -1.582814393707797684e+01
-9.292299992462016434e-01 -3.684527119493262171e-01 -2.782458549719533589e-02 -3.708943528732114032e+02 3.654564838810490102e-01 -9.275595210220598519e-01 7.794160218155854469e-02 4.902936719666636805e+02 -5.452675389388659394e-02 6.225699975516475748e-02 9.965695656055733043e-01 -1.588460509568388268e+01
-9.271212778883211048e-01 -3.736760373835894544e-01 -2.850184506350895638e-02 -3.723297004491981852e+02 3.705135348574892240e-01 -9.253761576393938482e-01 7.999179557905049254e-02 4.908727972114174918e+02 -5.626594506568095150e-02 6.360177637338945700e-02 9.963879553005521306e-01 -1.594105002467496490e+01
-9.249652309903375613e-01 -3.790218633677658322e-01 -2.795976659806206910e-02 -3.737332249267491306e+02 3.758161178087592313e-01 -9.231309895073538385e-01 8.118757174794355436e-02 4.914465509974067459e+02 -5.658239173227341823e-02 6.458795011765845751e-02 9.963065941995237207e-01 -1.601200090949151900e+01
-9.228451370258005104e-01 -3.843220066123696488e-01 -2.556263486561499709e-02 -3.751223547062967327e+02 3.813142652913072972e-01 -9.209584577022967844e-01 8.021814178823886976e-02 4.920136156145322275e+02 -5.437172199941525674e-02 6.428152471783044053e-02 9.964494976800225556e-01 -1.608556846729733536e+01
-9.204073626888179538e-01 -3.902831897439160147e-01 -2.300692312172326892e-02 -3.765119447809821622e+02 3.875300247927989106e-01 -9.185284399024277180e-01 7.826867173080975792e-02 4.926013503040021533e+02 -5.167946006207144866e-02 6.312318824114397653e-02 9.966667931229402644e-01 -1.616103328552834029e+01
-9.176276930779377894e-01 -3.967675511586349901e-01 -2.312849420178808915e-02 -3.779398463819828180e+02 3.939324309653726153e-01 -9.157008955785874704e-01 7.942990413116328419e-02 4.932137007714349011e+02 -5.269399140484828936e-02 6.377601574380219185e-02 9.965721063152793713e-01 -1.625636447686930453e+01
-9.145743895902109788e-01 -4.036741316930513856e-01 -2.451288044180167242e-02 -3.793547795709145021e+02 4.005746647314938347e-01 -9.125540876899018716e-01 8.237095978379065098e-02 4.938188287843112789e+02 -5.562035491566489492e-02 6.551513139964224020e-02 9.963002276807644275e-01 -1.631318835590040095e+01
-9.114361855793032818e-01 -4.108190637126535316e-01 -2.262247791265193514e-02 -3.807286898381379388e+02 4.076948106088458812e-01 -9.091735654599821803e-01 8.478425131710315421e-02 4.944288455579681454e+02 -5.539874564705606075e-02 6.805236776955607414e-02 9.961424869072145194e-01 -1.635475596492166162e+01
-9.087653483326643133e-01 -4.168846921947469419e-01 -1.878017794117297842e-02 -3.821077093184300111e+02 4.139770994256474768e-01 -9.062736898965811916e-01 8.538711935862287883e-02 4.950524224919383869e+02 -5.261656413087681394e-02 6.982229167627736210e-02 9.961708411533305441e-01 -1.643131607112779591e+01
-9.061911279161528610e-01 -4.224979292165400024e-01 -1.769574790130543432e-02 -3.835014625498452574e+02 4.196941850252733364e-01 -9.037188730072684972e-01 8.455169795128325561e-02 4.956859233616149254e+02 -5.171489864654799096e-02 6.919319603984812328e-02 9.962619489269720630e-01 -1.651502922526070094e+01
-9.033176234896457268e-01 -4.285254130052659760e-01 -1.957655489825966752e-02 -3.848938389888554070e+02 4.256059044052463158e-01 -9.010010214750971969e-01 8.400460366089758379e-02 4.963333669097528968e+02 -5.363660343842506506e-02 6.755094158853884589e-02 9.962730474433657557e-01 -1.660284645194070308e+01
-9.001423074970250626e-01 -4.351515794588325381e-01 -1.967051469622114676e-02 -3.862748809739587159e+02 4.322634762315408774e-01 -8.979197936268763502e-01 8.299597176545646382e-02 4.969984468542161835e+02 -5.377837269902435713e-02 6.620534047606373151e-02 9.963557294070692905e-01 -1.666344339195123325e+01
-8.969289047959561056e-01 -4.418515207689739377e-01 -1.690483172561936531e-02 -3.876552957531311563e+02 4.392324654093921477e-01 -8.947122769200115400e-01 8.102334761657738194e-02 4.976783080417914675e+02 -5.092524984635646290e-02 6.524703152446409415e-02 9.965688354576074381e-01 -1.672169085640093655e+01
-8.937493699769818445e-01 -4.483378790868324248e-01 -1.432514717789969486e-02 -3.890379010884466311e+02 4.459125661594121603e-01 -8.914768823100365225e-01 8.019321447545009474e-02 4.983456865990201550e+02 -4.872419323986520306e-02 6.528487177515399087e-02 9.966763960837168312e-01 -1.680426309302822929e+01
-8.905471236433336601e-01 -4.547280448958014309e-01 -1.217480003231694204e-02 -3.904169646149544519e+02 4.524596668476486561e-01 -8.882334395199972255e-01 7.950853284139614008e-02 4.990135065402595842e+02 -4.696882419967472744e-02 6.529748926044795510e-02 9.967598343881950429e-01 -1.687738493758736524e+01
-8.875286203387192652e-01 -4.606537438716567512e-01 -9.543392304362919784e-03 -3.917768626411722153e+02 4.586343358820170746e-01 -8.852426257529062426e-01 7.745992189617802171e-02 4.997097635230508672e+02 -4.413042068358480341e-02 6.437097022048678119e-02 9.969497901916440918e-01 -1.692368561968425666e+01
-8.845923283214582877e-01 -4.662914153318720722e-01 -8.290275183654121152e-03 -3.931292162042860809e+02 4.643955333434545141e-01 -8.823493005058533623e-01 7.613475229801699995e-02 5.004289791525886244e+02 -4.281589991428207814e-02 6.349825103600326148e-02 9.970630726438017843e-01 -1.698618504167930965e+01
-8.814135727006440213e-01 -4.722332116618936371e-01 -1.029114486242312283e-02 -3.944701492379564343e+02 4.701584123011609551e-01 -8.792185689328255727e-01 7.697905810131996929e-02 5.011735004093021075e+02 -4.540023349651388374e-02 6.301191829493678342e-02 9.969795970586631251e-01 -1.703613741848561602e+01
-8.784813784898590772e-01 -4.776463247931940215e-01 -1.115598754534051669e-02 -3.958423847190366587e+02 4.754312532134598035e-01 -8.762414651176448910e-01 7.852399809206851711e-02 5.019018301226744825e+02 -4.728203796830764832e-02 6.367796494894042980e-02 9.968498009557533734e-01 -1.707542301593242584e+01
-8.758737806426710737e-01 -4.824420916492547229e-01 -9.733888627167303770e-03 -3.972278762896327748e+02 4.802928821421756922e-01 -8.735616893428227447e-01 7.879544578258494691e-02 5.026338142440289403e+02 -4.651739186880887028e-02 6.433974757182411852e-02 9.968432821342168015e-01 -1.712092667013787661e+01
-8.730242118948180474e-01 -4.876102880476243517e-01 -8.058066489181635317e-03 -3.985902115216013044e+02 4.855936770705027716e-01 -8.707018992059204487e-01 7.795500951415586244e-02 5.033814109361138094e+02 -4.502783844001085473e-02 6.414366460778865575e-02 9.969243121000228580e-01 -1.719540908518575151e+01
-8.699279696323620747e-01 -4.931351300404626659e-01 -6.562863040765641240e-03 -3.999082355387120629e+02 4.912612052647989946e-01 -8.676411094809159952e-01 7.655934521992099895e-02 5.041451859656422130e+02 -4.344831243089958273e-02 6.337703573615460773e-02 9.970434270823940182e-01 -1.725888252007453616e+01
-8.670369130300619176e-01 -4.982167547074227709e-01 -5.201612452320634496e-03 -4.012450213567879018e+02 4.965400818404448469e-01 -8.648874931651499010e-01 7.360415268439497727e-02 5.048964039532870629e+02 -4.116963163771312356e-02 6.123470825689359548e-02 9.972739703489247320e-01 -1.731745000664207979e+01
-8.639445090405338812e-01 -5.035750054942488285e-01 -3.478381833255781656e-03 -4.025873552167328739e+02 5.021105387927395913e-01 -8.619194760778422504e-01 7.056786514387024256e-02 5.056514347380739309e+02 -3.853429812486035971e-02 5.922018742933664315e-02 9.975009159238193979e-01 -1.737347342007968365e+01
-8.602519758439945985e-01 -5.098390915030853732e-01 -5.535235479339258718e-03 -4.039047538817632130e+02 5.083175131797413870e-01 -8.584298340393323734e-01 6.864055525684990833e-02 5.064271761975982713e+02 -3.974724960631751541e-02 5.623451614901200935e-02 9.976260999704346100e-01 -1.742937721629991188e+01
-8.567809390773076794e-01 -5.156088763019140986e-01 -8.597040914412934498e-03 -4.052370330432014498e+02 5.138491624377306000e-01 -8.550233020678663642e-01 6.995849614596721944e-02 5.072207596567239420e+02 -4.342189189624783702e-02 5.552152375106401277e-02 9.975128569118850708e-01 -1.747296713095001053e+01
-8.536833682161049097e-01 -5.207240105885688752e-01 -8.438698226734389629e-03 -4.065672544931424568e+02 5.188788434279690831e-01 -8.518227816868514379e-01 7.185189240464250060e-02 5.080258536003951804e+02 -4.460328097863655583e-02 5.696010354477076126e-02 9.973796137530132055e-01 -1.750702209321903524e+01
-8.505019830551447946e-01 -5.259439550729484436e-01 -5.415989428576419538e-03 -4.078850771403921271e+02 5.242298026966319968e-01 -8.484775195551638172e-01 7.258796576683686219e-02 5.088305669621969400e+02 -4.277254708240546544e-02 5.889698576108402112e-02 9.973473087567551465e-01 -1.756860936866982925e+01
-8.467955217109529586e-01 -5.319069389441258844e-01 -3.514642708002411152e-03 -4.092042576891701628e+02 5.303543925941772708e-01 -8.447933548801307424e-01 7.105213442561537918e-02 5.096438571090349683e+02 -4.076227013227394502e-02 5.830262304102756810e-02 9.974664112040060315e-01 -1.764531284754701090e+01
-8.426517915068494347e-01 -5.384335142192571144e-01 -5.225804799103543445e-03 -4.104989272647237044e+02 5.368691550099942145e-01 -8.408696315108189490e-01 6.862778738758293362e-02 5.104632924332391326e+02 -4.134572129195794588e-02 5.502375458255601842e-02 9.976286472242498204e-01 -1.769064335844159075e+01
-8.383330687306335127e-01 -5.451155106222365099e-01 -6.837101120896676293e-03 -4.117873641787117549e+02 5.435090554110424410e-01 -8.367058576371121381e-01 6.723997681396177983e-02 5.112971756123736213e+02 -4.237419685228163008e-02 5.265346973185688201e-02 9.977134055260160617e-01 -1.772178023275596104e+01
-8.341448604733133765e-01 -5.515067113133308441e-01 -6.534456542868607824e-03 -4.130935215818601591e+02 5.498789435044084684e-01 -8.324864383682543112e-01 6.781944723613853032e-02 5.121495634460094379e+02 -4.284272676233553956e-02 5.297808329199794886e-02 9.976762117311778200e-01 -1.777673006317525406e+01
-8.299470399899856465e-01 -5.578162906182737579e-01 -5.375568130976833385e-03 -4.143870290860047589e+02 5.561695617624703436e-01 -8.281657830064912407e-01 6.940356205691278202e-02 5.130135260197876050e+02 -4.316629913257740564e-02 5.461155352226634146e-02 9.975741821243578888e-01 -1.783711072654531904e+01
-8.255313212180721560e-01 -5.643503909810215768e-01 -2.583386829680778957e-03 -4.156801523785794643e+02 5.627362365838776137e-01 -8.234994888299590476e-01 7.194803633325151659e-02 5.138775625020143707e+02 -4.273132016867937921e-02 5.794159211106006402e-02 9.974050361715031121e-01 -1.790201771562851363e+01
-8.206285247116574810e-01 -5.714616361437245828e-01 6.502657192073992790e-04 -4.169619656345508361e+02 5.700299372758870220e-01 -8.184910139894892023e-01 7.168214999361458006e-02 5.147435929855552104e+02 -4.043136206977420571e-02 5.919508792455212970e-02 9.974273139065258365e-01 -1.795338940463684452e+01
-8.153102441854503946e-01 -5.790185167548584921e-01 2.600573256967983905e-03 -4.181962434251586842e+02 5.778472193010325553e-01 -8.133582979927912460e-01 6.738597949376926022e-02 5.156219236252208020e+02 -3.690253205846253520e-02 5.644321342086833920e-02 9.977235923773680737e-01 -1.797749955915348252e+01
-8.103824290618704129e-01 -5.858990242822510464e-01 1.628500196082640966e-03 -4.194429483456127628e+02 5.847629149485156219e-01 -8.086315985266814277e-01 6.455440469169998474e-02 5.165166842385708605e+02 -3.650550600522925460e-02 5.326604180235834651e-02 9.979128603350152504e-01 -1.802700990994724606e+01
-8.057791400350418076e-01 -5.922160908168887516e-01 -2.815349905665621576e-04 -4.207089104426353288e+02 5.909392370398678374e-01 -8.040728511181152172e-01 6.525081012159815452e-02 5.174264352984852167e+02 -3.886895433540229344e-02 5.241137159384572086e-02 9.978688553695442831e-01 -1.809152696330814791e+01
-8.010867671719612559e-01 -5.985482270455810827e-01 -1.065953451010263740e-04 -4.219749538730066547e+02 5.972036407454257567e-01 -7.992991008225546201e-01 6.684877638868874650e-02 5.183650579352910199e+02 -4.009741815110724056e-02 5.348801103843513899e-02 9.977631130347359711e-01 -1.812957028022159278e+01
-7.960312738865565896e-01 -6.052548433071849310e-01 8.863677232550529542e-04 -4.232182429816403442e+02 6.039069914485540869e-01 -7.941591732938558801e-01 6.787895957346171127e-02 5.193083785792238132e+02 -4.038015198215570700e-02 5.456905832442485865e-02 9.976931698671106519e-01 -1.816895095455499387e+01
-7.909360344383719044e-01 -6.118985557396258157e-01 5.889912246673529445e-04 -4.244219000761890470e+02 6.104929065877773287e-01 -7.890531570545830098e-01 6.850931577678748274e-02 5.202258250722135244e+02 -4.145600599322497859e-02 5.454606150728030095e-02 9.976503028321765942e-01 -1.822125909841972202e+01
-7.859258453760102903e-01 -6.183207542461698347e-01 1.021687402089403133e-04 -4.256479327529787611e+02 6.169597542823084257e-01 -7.841849472985881198e-01 6.644268226241999142e-02 5.211407601583058522e+02 -4.100277022248181163e-02 5.228205522699667235e-02 9.977902382441531381e-01 -1.829130305799585798e+01
-7.806276867302711642e-01 -6.249963303641518086e-01 -4.173115743848397293e-05 -4.268543594246887096e+02 6.238777653145564095e-01 -7.792345754648470901e-01 5.974956356522639206e-02 5.220841799289614755e+02 -3.737577632987633403e-02 4.661612844781923282e-02 9.982133979827536585e-01 -1.834864524743228031e+01
-7.752731942246894326e-01 -6.316259141290510026e-01 4.229861553010403979e-04 -4.280657720626198852e+02 6.307770259022105197e-01 -7.741961897447890983e-01 5.235077247389284538e-02 5.230618090958195125e+02 -3.273863024943565736e-02 4.085296054500343194e-02 9.986286685771137428e-01 -1.838157698231351134e+01
-7.699212067891307854e-01 -6.381374146849496665e-01 -1.405459205076625782e-03 -4.292496721666633448e+02 6.373379599911254134e-01 -7.690632407831569095e-01 4.839479755572068109e-02 5.240526039224055239e+02 -3.196341800745385042e-02 3.636442843380183892e-02 9.988272965102443779e-01 -1.839273281775277624e+01
-7.642750200422195883e-01 -6.448828824044054997e-01 -3.124375337618934094e-03 -4.304255791336986476e+02 6.439082539929035232e-01 -7.633693292978480649e-01 5.147259005688665373e-02 5.250457947965065841e+02 -3.557884454665830726e-02 3.732740372888727898e-02 9.986695202876602062e-01 -1.843027334822620489e+01
-7.582449930767083401e-01 -6.519654028334518348e-01 -2.375706698459788269e-03 -4.315981818091528908e+02 6.508252217991730149e-01 -7.571247130819501736e-01 5.646857099867497870e-02 5.260462321180219760e+02 -3.861426089101873543e-02 4.127084138698703525e-02 9.984015507334963457e-01 -1.845369954637152077e+01
-7.520000953476965178e-01 -6.591629759169035374e-01 1.666656142828223399e-04 -4.327687157791333448e+02 6.580714904290614342e-01 -7.507402913337513084e-01 5.771419628296270421e-02 5.270460324625037174e+02 -3.791793878270796614e-02 4.351075899689797744e-02 9.983331326616305956e-01 -1.848238677736206625e+01
-7.454376963151743141e-01 -6.665558361425496514e-01 5.094920669902911099e-03 -4.339295772664496553e+02 6.656330506797500934e-01 -7.439559511460352992e-01 5.884033138220454151e-02 5.280455772564247354e+02 -3.542996973037881858e-02 4.725314866445078088e-02 9.982544050422215154e-01 -1.857472478407708394e+01
-7.389471510560363665e-01 -6.737235883826909744e-01 7.323551250424918842e-03 -4.350694450611483717e+02 6.729156202920932861e-01 -7.374286595486544416e-01 5.816820474436622257e-02 5.290686107490669201e+02 -3.378869504841674337e-02 4.791136121031423778e-02 9.982799334625033216e-01 -1.863361339871007161e+01
-7.323862178748254959e-01 -6.808314045291482541e-01 8.889683564396056586e-03 -4.361931411198224282e+02 6.800158060213045141e-01 -7.307229999051692015e-01 6.018638526100161118e-02 5.301107659153822169e+02 -3.448088496839699785e-02 5.012480440317922809e-02 9.981475705301990908e-01 -1.868966849617471127e+01
-7.258488297835348213e-01 -6.877935080767690890e-01 9.141474133007530464e-03 -4.372953868323696724e+02 6.868696404934261368e-01 -7.240349902922251779e-01 6.311441832869643664e-02 5.311740773195888323e+02 -3.679094005737010287e-02 5.209052773767160888e-02 9.979644300523470291e-01 -1.870558512367292181e+01
-7.186218246128415199e-01 -6.953309627232905354e-01 9.875498388048870729e-03 -4.383919772753195048e+02 6.943902454929894441e-01 -7.167394377745153200e-01 6.408404873958567505e-02 5.322547253746887463e+02 -3.748146414290907252e-02 5.290964578386218864e-02 9.978956404498068311e-01 -1.869515556482301832e+01
-7.112798807882265706e-01 -7.027555036696856439e-01 1.468445599443811596e-02 -4.394867312827501564e+02 7.020099411246402132e-01 -7.091589517189279546e-01 6.538825398411046708e-02 5.333267844809915914e+02 -3.553834194310639960e-02 5.681798358687122075e-02 9.977518443947156479e-01 -1.874662080445725820e+01
-7.040811742352570679e-01 -7.098801904482129332e-01 1.843407976305076051e-02 -4.405752337492713195e+02 7.093504589722499087e-01 -7.018738590910066355e-01 6.476891446177356071e-02 5.343984097076986473e+02 -3.303977063116392970e-02 5.867879628883955478e-02 9.977300097835750670e-01 -1.881486440945030481e+01
-6.969764553825411602e-01 -7.167389735383066229e-01 2.256245672889219817e-02 -4.416675344079861816e+02 7.164165196262136659e-01 -6.946058478547600945e-01 6.534589912636612485e-02 5.354818037459160678e+02 -3.116393827891085835e-02 6.170866987080970978e-02 9.976075626285737519e-01 -1.890428499382539229e+01
-6.892097839706097240e-01 -7.241936917055703526e-01 2.309481701687383579e-02 -4.427201000257029477e+02 7.238446960544612230e-01 -6.867599731513838179e-01 6.640478349438302952e-02 5.365756129347771548e+02 -3.222932939126196827e-02 6.248388729079125403e-02 9.975254553925033685e-01 -1.896412028585967491e+01
-6.813509196662811407e-01 -7.316664117870311790e-01 2.062004201265137115e-02 -4.437538793162444222e+02 7.311193255352709253e-01 -6.789538223413305040e-01 6.697939203179069378e-02 5.377011072602612103e+02 -3.500651509024865771e-02 6.071218156834753965e-02 9.975412647657480036e-01 -1.896413644349705763e+01
-6.730444626125354768e-01 -7.393910725817014473e-01 1.766332735031734755e-02 -4.447864182170354184e+02 7.386033245491391286e-01 -6.707032490815379999e-01 6.798735644535601474e-02 5.388583212917322953e+02 -3.842239336067757721e-02 5.880470608675565647e-02 9.975298122013636082e-01 -1.895603224908606421e+01
-6.646449771838317533e-01 -7.469586970363849554e-01 1.731355613413967931e-02 -4.458067466892496213e+02 7.460787360550201752e-01 -6.622596987547884062e-01 6.912749823160813101e-02 5.400089488856386879e+02 -4.016931553869752120e-02 5.886252056209910488e-02 9.974575829388580006e-01 -1.897415904785587770e+01
-6.560128825366814409e-01 -7.544441112754003420e-01 2.147512299814687345e-02 -4.468168121692456225e+02 7.538543055369713031e-01 -6.535837896193482655e-01 6.731950660977056855e-02 5.411507217541480941e+02 -3.675301306403633284e-02 6.035157751611183036e-02 9.975003273794106340e-01 -1.902106392856176242e+01
-6.473001389787286231e-01 -7.618044383452663437e-01 2.562279835560186611e-02 -4.478063175993348750e+02 7.615621405565025093e-01 -6.449506899896848555e-01 6.373157422210966316e-02 5.422823234701968431e+02 -3.202555462622189847e-02 6.076681001404451304e-02 9.976380900164147914e-01 -1.908441578092501700e+01
-6.385926487858717415e-01 -7.690976777604585646e-01 2.623339436889240636e-02 -4.487991106958122600e+02 7.689497200561397072e-01 -6.363873057177357184e-01 6.105346138349702217e-02 5.434355531703590714e+02 -3.026147620703511718e-02 5.916045287851539464e-02 9.977896992217247796e-01 -1.915865863722639162e+01
-6.295985718482089988e-01 -7.765538138053192929e-01 2.387074760264726314e-02 -4.497761710247658584e+02 7.762462774115582720e-01 -6.274752669032149788e-01 6.096315468738361387e-02 5.446142556660378204e+02 -3.236286655094097742e-02 5.691189409212396577e-02 9.978545390884648869e-01 -1.920570419363005854e+01
-6.203141252372359471e-01 -7.840657908621357919e-01 2.124197803633341014e-02 -4.507196018787121830e+02 7.835164853984135647e-01 -6.181740942335494093e-01 6.295003040069691025e-02 5.458201446502670251e+02 -3.622572483857854075e-02 5.569223301560395634e-02 9.977905952862330397e-01 -1.922378629840926578e+01
-6.107983435747411649e-01 -7.914913197151223212e-01 2.160727428359023733e-02 -4.516443384477840937e+02 7.908774744766370324e-01 -6.085630675941912093e-01 6.452761521864044947e-02 5.470424594177192148e+02 -3.792365820710055790e-02 5.650206700610363453e-02 9.976819696537714277e-01 -1.921923305875480992e+01
-6.012530610920462371e-01 -7.986859487885928921e-01 2.440310912792925668e-02 -4.525570783933512757e+02 7.982151806853885478e-01 -5.989353501336122099e-01 6.425707497015897829e-02 5.482515421842570049e+02 -3.670533817903608165e-02 5.811369518446443672e-02 9.976349615872378562e-01 -1.924084465168434122e+01
-5.917970566952726053e-01 -8.055116303211694584e-01 3.045089660656704472e-02 -4.534651144176072535e+02 8.053823804258601893e-01 -5.892785667675624062e-01 6.410921967972262048e-02 5.494524158874011164e+02 -3.369666135372631488e-02 6.246426310858917835e-02 9.974781956754308343e-01 -1.932388471290345677e+01
-5.822024572036267331e-01 -8.123511101171313475e-01 3.355551694614985342e-02 -4.543644914691492431e+02 8.124068227116520990e-01 -5.796171995555957634e-01 6.355357103174671951e-02 5.506745245023045072e+02 -3.217845921757965522e-02 6.426177612541676687e-02 9.974141421152947773e-01 -1.940836058658183561e+01
-5.723529346495701553e-01 -8.194018973020651408e-01 3.150633104314782412e-02 -4.552417221808485692e+02 8.193139259537128849e-01 -5.698668265520256959e-01 6.305942224471935975e-02 5.519252044952345386e+02 -3.371659734223884236e-02 6.190582115843028255e-02 9.975123359489656005e-01 -1.944647052427404077e+01
-5.620332095102303915e-01 -8.266301161343747594e-01 2.830764044033441673e-02 -4.560964964891298905e+02 8.263229763730074451e-01 -5.596692301976253781e-01 6.293402488361854452e-02 5.531826113239031883e+02 -3.618024496439607024e-02 5.876226569549085343e-02 9.976161516358125203e-01 -1.945248466936713783e+01
-5.505546260752413046e-01 -8.343323753275641019e-01 2.791220499021776491e-02 -4.569302414422463130e+02 8.339788165391571750e-01 -5.482241768505816681e-01 6.268640586642167112e-02 5.544440591979036981e+02 -3.699915230243248226e-02 5.779047842652873523e-02 9.976428836673643108e-01 -1.946737646171748537e+01
-5.384141540574226559e-01 -8.421470452947021901e-01 2.997587049665769235e-02 -4.577531347860422670e+02 8.419068144156282019e-01 -5.360556338297586265e-01 6.194572850410816345e-02 5.556950859408786982e+02 -3.609867796967788922e-02 5.858934664918667018e-02 9.976292767897616542e-01 -1.952323529243204447e+01
-5.262606954141690885e-01 -8.497765245307444815e-01 3.048833906010686018e-02 -4.585768194134659552e+02 8.495181254056257680e-01 -5.238643800675082396e-01 6.233029683706801938e-02 5.569714808834939959e+02 -3.699506817816243520e-02 5.870238200392004918e-02 9.975897930901052035e-01 -1.962402844921428269e+01
-5.142240725471435292e-01 -8.573164261102309558e-01 2.412775859069476309e-02 -4.593805859880712319e+02 8.567585046902258528e-01 -5.121961496160317706e-01 6.016617786996709960e-02 5.582772968498704813e+02 -3.922330753517365431e-02 5.161055938558066492e-02 9.978967292790915655e-01 -1.965121071173973277e+01
-5.012762733597537768e-01 -8.650489704180035488e-01 2.030705653976529190e-02 -4.601599045943003148e+02 8.644512654839210386e-01 -4.996226190620476348e-01 5.568885099216597245e-02 5.595793859594167543e+02 -3.802771844069614132e-02 4.546996041709321090e-02 9.982416417530692865e-01 -1.966540231732611232e+01
-4.881226114197631527e-01 -8.724597954084891693e-01 2.345680320351115761e-02 -4.609011774282461147e+02 8.721778742523467187e-01 -4.866183521225805331e-01 5.008328106426982590e-02 5.608758888090528671e+02 -3.228113822976242525e-02 4.490528669635532322e-02 9.984695505328688991e-01 -1.970036287658244234e+01
-4.751619870343152252e-01 -8.793934394901994356e-01 2.980376921126151255e-02 -4.616088454092256939e+02 8.794038854778095660e-01 -4.734870970111971222e-01 4.958603805952904731e-02 5.621763852528068810e+02 -2.949393639602924944e-02 4.977095081979226315e-02 9.983250774023262331e-01 -1.975261985608791448e+01
-4.627507879205308705e-01 -8.859157182859296320e-01 3.185982380449283585e-02 -4.623040237730168656e+02 8.858431685546872547e-01 -4.607442513915386284e-01 5.474135123143532289e-02 5.635192081360220300e+02 -3.381699282787196947e-02 5.355441068274719579e-02 9.979921523200989686e-01 -1.979323160121656855e+01
-4.500097261231653656e-01 -8.924863499985690174e-01 3.097356067334329499e-02 -4.630050028170088012e+02 8.921156379717094520e-01 -4.477179999275058830e-01 6.064883368412021108e-02 5.648832301941583864e+02 -4.026083557110819028e-02 5.492456287623542766e-02 9.976784840378039032e-01 -1.984187181615117979e+01
-4.357169549211294957e-01 -8.996091732584979850e-01 2.922448602490967939e-02 -4.636771607344013546e+02 8.991412330231381977e-01 -4.335457377163465242e-01 5.985930492095639655e-02 5.662329970683447300e+02 -4.117982845871938358e-02 5.235865446275923818e-02 9.977789299393727829e-01 -1.988251061078932835e+01
-4.204040259350023678e-01 -9.068792554376908788e-01 2.881789434399007269e-02 -4.643375944982224723e+02 9.065767396363806352e-01 -4.185399187098154949e-01 5.424897783969409581e-02 5.675896744411246573e+02 -3.713583347539588936e-02 4.893212138422630558e-02 9.981115054786849905e-01 -1.996144664413805714e+01
-4.050149184123416068e-01 -9.138417010616779468e-01 2.926194224830060142e-02 -4.649636540319499431e+02 9.136644727773006736e-01 -4.033191044446963192e-01 5.050674385174785258e-02 5.689523125057462494e+02 -3.435326837467067573e-02 4.719158177712204361e-02 9.982949501832367734e-01 -2.003179775787160111e+01
-3.904246041560934799e-01 -9.201493747641263932e-01 2.989576208670538179e-02 -4.655503963344560248e+02 9.199639956986181977e-01 -3.886948297962980470e-01 5.081905063910499565e-02 5.703240985842738837e+02 -3.514078951575635990e-02 4.734403247310177421e-02 9.982603205083308007e-01 -2.005929543883562971e+01
-3.761828364300345284e-01 -9.260532287546516805e-01 3.019753447780917921e-02 -4.661269402009481837e+02 9.258019646903119515e-01 -3.743759148568733819e-01 5.228189505591511466e-02 5.717228376619717665e+02 -3.711058812539025364e-02 4.762448832443070407e-02 9.981756921308111430e-01 -2.007170750279341931e+01
-3.611432439521986004e-01 -9.320330197483466250e-01 2.983299258305895096e-02 -4.666799999229029936e+02 9.317047452623128390e-01 -3.593170127323851437e-01 5.308061808951038824e-02 5.731127520769828152e+02 -3.875338699226291844e-02 4.696524736284492935e-02 9.981444988260841367e-01 -2.010455225292748338e+01
-3.452506865722440588e-01 -9.380564396574742059e-01 2.919039976666459521e-02 -4.672057338955956425e+02 9.376870968545162333e-01 -3.434782988551843830e-01 5.258865474699134929e-02 5.745015172895567730e+02 -3.930485738358208136e-02 4.552773037053590294e-02 9.981895380905191351e-01 -2.015420693305350142e+01
-3.290747521172607271e-01 -9.438565367712500320e-01 2.906278570862227267e-02 -4.677075526573295292e+02 9.434969441652553135e-01 -3.273657264707699466e-01 5.143148338411598214e-02 5.759134126575606842e+02 -3.902978183117234573e-02 4.434545215066572343e-02 9.982535534641305830e-01 -2.021445278012129165e+01
-3.131783189067104400e-01 -9.492227736952805195e-01 2.992434569050886686e-02 -4.681878572813527626e+02 9.488858419836249114e-01 -3.114564239137991297e-01 5.109358947907192278e-02 5.773424066671706214e+02 -3.917906902664643892e-02 4.439619241631286711e-02 9.982454501018971360e-01 -2.025740997901214158e+01
-2.975676642651112203e-01 -9.541716195344102092e-01 3.178058619482908992e-02 -4.686399661211489160e+02 9.537593187524349148e-01 -2.956315374425769194e-01 5.426929115282357746e-02 5.787924082655370057e+02 -4.238687387267044138e-02 4.645981644840219138e-02 9.980204598999378174e-01 -2.029483311700689896e+01
-2.816773444678405958e-01 -9.588053060434793551e-01 3.674586665755950887e-02 -4.690710342196659894e+02 9.584847659683344290e-01 -2.794010183081762633e-01 5.693877742788177460e-02 5.802236011897017534e+02 -4.432636935474314199e-02 5.125871702670569546e-02 9.977012162509389936e-01 -2.034558113581921646e+01
-2.649535426260980486e-01 -9.634741207262392804e-01 3.895175144561089514e-02 -4.694841747589846364e+02 9.634313925475062046e-01 -2.628339816309076538e-01 5.213683874207874352e-02 5.816413606842410218e+02 -3.999465094052265940e-02 5.134118026344856173e-02 9.978800083703960322e-01 -2.040280469998203117e+01
-2.478308848113417173e-01 -9.681063898639650223e-01 3.674058298650253324e-02 -4.698740605861286781e+02 9.681054880872411728e-01 -2.460350875626872436e-01 4.731278498868361077e-02 5.830795307218046446e+02 -3.676433691761613748e-02 4.729432939139203984e-02 9.982042025249274753e-01 -2.046918747190809640e+01
-2.311879201463798994e-01 -9.723484633552018641e-01 3.302440596239350490e-02 -4.702296642405390799e+02 9.721301541658703416e-01 -2.295116614785506770e-01 4.782635891218416091e-02 5.845421787137988758e+02 -3.892440031436551762e-02 4.316089730453998713e-02 9.983095852510052159e-01 -2.053691562318115515e+01
-2.148573352698407712e-01 -9.761041428946314324e-01 3.251196248583655690e-02 -4.705589412990596543e+02 9.757014218990003318e-01 -2.130673663788228978e-01 5.107869114084405415e-02 5.860024050870392784e+02 -4.293088381354888405e-02 4.269659949375066016e-02 9.981652867169135135e-01 -2.055078934365156584e+01
-1.980693528518265301e-01 -9.795710225511531366e-01 3.477273700684303803e-02 -4.708663361836347008e+02 9.791798463738574654e-01 -1.961325008746551690e-01 5.233421974122645648e-02 5.874630557879818298e+02 -4.444502127492112875e-02 4.441456831650909820e-02 9.980240408953734432e-01 -2.057573991727880269e+01
-1.809197858755899335e-01 -9.828588894253583730e-01 3.544622062056851375e-02 -4.711530450322219963e+02 9.825574784680770613e-01 -1.790536755774599920e-01 5.020540577126025861e-02 5.889110377008578325e+02 -4.299805327204794803e-02 4.391110041610243875e-02 9.981097047294256175e-01 -2.064617158844286493e+01
-1.635308279559767042e-01 -9.860796564189494573e-01 3.007622823292788183e-02 -4.714123735123615688e+02 9.856704320424947152e-01 -1.620325956347201946e-01 4.689602700696319376e-02 5.903992264764021911e+02 -4.136988887095648104e-02 3.731419500085320778e-02 9.984468854907820878e-01 -2.069667073484274411e+01
-1.465747204614378518e-01 -9.888776739411562211e-01 2.523484302269177193e-02 -4.716562824385752037e+02 9.883749528777292515e-01 -1.453634278199965879e-01 4.454690086154224071e-02 5.918881589746723648e+02 -4.038321242297114588e-02 3.147093632463378310e-02 9.986885281814606996e-01 -2.075465784437200512e+01
-1.300599597226627935e-01 -9.912036968180529817e-01 2.448751296404590508e-02 -4.718704111291199865e+02 9.906871717955622048e-01 -1.289093012062221266e-01 4.383286098618016657e-02 5.933464134895139068e+02 -4.029062566714008281e-02 2.996036509704945103e-02 9.987387255967408173e-01 -2.081350842040718874e+01
-1.130928930084763445e-01 -9.931987277660033753e-01 2.768184811325560823e-02 -4.720492042076315329e+02 9.927368742193294349e-01 -1.118020465082674580e-01 4.442747980472359914e-02 5.948127143042130456e+02 -4.103042914970826682e-02 3.250522358875945067e-02 9.986290173649249313e-01 -2.089134503085101358e+01
-9.666035395128906582e-02 -9.948979596053781904e-01 2.889335472156899856e-02 -4.722049038959663676e+02 9.945152521364014619e-01 -9.537650312376122486e-02 4.292710006457184369e-02 5.963134809117943860e+02 -3.995233712916074209e-02 3.288423064233157028e-02 9.986603216975128428e-01 -2.091681423911168025e+01
-8.078271364563739676e-02 -9.963851566928976222e-01 2.628255501500719599e-02 -4.723449361561288242e+02 9.960768228470078256e-01 -7.974583274837808433e-02 3.836098468859864413e-02 5.978120338006195880e+02 -3.612639150341638572e-02 2.927834833691379465e-02 9.989182459819242466e-01 -2.092426698828820975e+01
-6.623584852311995008e-02 -9.975477395736548347e-01 2.261237806853315033e-02 -4.724668974969934538e+02 9.972073674825250311e-01 -6.539566883946905385e-02 3.606761338945747852e-02 5.992716871821382938e+02 -3.450041462062711228e-02 2.493819898329607820e-02 9.990934929337065284e-01 -2.098105730855664319e+01
-5.224944983498602119e-02 -9.983996117140647719e-01 2.163816815597046847e-02 -4.725629834912941192e+02 9.979971516741384940e-01 -5.143012405704430745e-02 3.683242579283126095e-02 6.007507126079196951e+02 -3.566062593742105880e-02 2.351930417086793915e-02 9.990871644101277926e-01 -2.105550383477714860e+01
-3.843608364178549563e-02 -9.989938456856466420e-01 2.310765579811241421e-02 -4.726175373602567333e+02 9.985256596847521537e-01 -3.751050356266793367e-02 3.923606852892080193e-02 6.022525494528455283e+02 -3.832981118415215022e-02 2.458166806133080945e-02 9.989627456366476643e-01 -2.110790023225693446e+01
-2.455344518022452988e-02 -9.993875656330847290e-01 2.493234821990323799e-02 -4.726638931829092485e+02 9.989056267664234712e-01 -2.353323414437375957e-02 4.041949659613611190e-02 6.037627117691341709e+02 -3.980800351889915434e-02 2.589750081924665354e-02 9.988716846057636989e-01 -2.112538312333093415e+01
-1.104434306806369344e-02 -9.996184513036499020e-01 2.531747024265511639e-02 -4.726891800543314730e+02 9.992174292171271954e-01 -1.007113662096618262e-02 3.825050791659554555e-02 6.052430496229833352e+02 -3.798093778345417587e-02 2.572010926210551926e-02 9.989474081975660003e-01 -2.114398965328206614e+01
1.937897018501217976e-03 -9.997174723703019517e-01 2.369008215858166636e-02 -4.727095053850641193e+02 9.994028130228526097e-01 2.753514802124384150e-03 3.444467271210483600e-02 6.067203935104469110e+02 -3.450017213225493179e-02 2.360918452147695717e-02 9.991257901431009891e-01 -2.120180578889154432e+01
1.393505454490109353e-02 -9.996766404654469085e-01 2.127037288220924929e-02 -4.727080770741473543e+02 9.993475046616435709e-01 1.463307929425233800e-02 3.302177943289758694e-02 6.082067187506754635e+02 -3.332235257867371264e-02 2.079633376549137880e-02 9.992282688758044040e-01 -2.127913580954301054e+01
2.499266838288913967e-02 -9.995287776296215565e-01 1.782103300421595746e-02 -4.726777182844664367e+02 9.990951701874447588e-01 2.558753365765118956e-02 3.397232740686863262e-02 6.096991592577460324e+02 -3.441231516803015811e-02 1.695584888918840599e-02 9.992638749365569950e-01 -2.132290260845329044e+01
3.530804215242212829e-02 -9.992283557957473139e-01 1.720567153848360370e-02 -4.726361399417310167e+02 9.987173217644125245e-01 3.590471887656040972e-02 3.570101357264720415e-02 6.111786045529788680e+02 -3.629122989210958189e-02 1.592306930596529974e-02 9.992143926589506231e-01 -2.134707679563182126e+01
4.482386838246373711e-02 -9.988183895861728612e-01 1.877885640063447353e-02 -4.725676461399405639e+02 9.982897124407377198e-01 4.549049443144854293e-02 3.671872752930988026e-02 6.126465050053551522e+02 -3.752959976100078004e-02 1.710086374620995928e-02 9.991491828555496557e-01 -2.135482294738412890e+01
5.421118979706551072e-02 -9.983027203273132644e-01 2.127969661137810164e-02 -4.724853133962568563e+02 9.978538181836751342e-01 5.494605569758444913e-02 3.561865381424635796e-02 6.141170163016394099e+02 -3.672743439239541802e-02 1.930309691121376986e-02 9.991388722357811281e-01 -2.138861495776004062e+01
6.337042426192540656e-02 -9.977534539684641546e-01 2.173095540613376869e-02 -4.723999025164148406e+02 9.973828743938022434e-01 6.407631157464936666e-02 3.349071753405266638e-02 6.156106949116219766e+02 -3.480791856490145914e-02 1.955176178732400197e-02 9.992027509050357414e-01 -2.145665229110848671e+01
7.192339225186693275e-02 -9.972284836022836663e-01 1.903620601049474392e-02 -4.723152410817917826e+02 9.968461377511790289e-01 7.251138507393736776e-02 3.224711902196834845e-02 6.170953007865787185e+02 -3.353808726719362254e-02 1.665684624858778523e-02 9.992986271258001985e-01 -2.151997770778905661e+01
8.002516708642093413e-02 -9.966818691621568416e-01 1.487361140474841199e-02 -4.722117572831881489e+02 9.961994074147417777e-01 8.048342973356532870e-02 3.330402685621832587e-02 6.185876278536950394e+02 -3.439059899606075610e-02 1.215192255370798821e-02 9.993345873524746015e-01 -2.156065588166273983e+01
8.800402104168981998e-02 -9.960387721919048420e-01 1.273014418365296836e-02 -4.720845374910871328e+02 9.954151693285774316e-01 8.841526919938000328e-02 3.648809179665441632e-02 6.200782241953959328e+02 -3.746909327770975295e-02 9.460679829904233493e-03 9.992530022902619269e-01 -2.159573832834187712e+01
9.626599929061550875e-02 -9.952647363539147696e-01 1.345220989100836748e-02 -4.719469219388649321e+02 9.945962888891162201e-01 9.671158653014419460e-02 3.775037958511769792e-02 6.215619592863299658e+02 -3.887260614593825853e-02 9.745440020592972818e-03 9.991966507601133252e-01 -2.162125774920672328e+01
1.048283740831751493e-01 -9.943822798419348352e-01 1.465924702819453897e-02 -4.718091638697317762e+02 9.938325907907786805e-01 1.052836798072957908e-01 3.481563224076614227e-02 6.230173309133166413e+02 -3.616342723204386822e-02 1.091917133259530381e-02 9.992862343834434391e-01 -2.166653956999087072e+01
1.131909007805955436e-01 -9.934730560034116253e-01 1.411052712408565266e-02 -4.716552322781566318e+02 9.930395341417057598e-01 1.135841225297548607e-01 3.116297066664953930e-02 6.244699672507447303e+02 -3.256230354416254219e-02 1.048494656103856650e-02 9.994147098594807765e-01 -2.173145660477695884e+01
1.213579264657925899e-01 -9.925522080541797632e-01 1.060037596952522962e-02 -4.714801649603334681e+02 9.921475567890517544e-01 1.216201440846462617e-01 2.918503229988204592e-02 6.259471435167355367e+02 -3.025688750414553402e-02 6.975302115458964503e-03 9.995178167091167687e-01 -2.177718973336586217e+01
1.295775541920458906e-01 -9.915407257828522392e-01 7.526391141998040393e-03 -4.712918693842639755e+02 9.911591186283329469e-01 1.297385226930223567e-01 2.777620005218081958e-02 6.274418086639891499e+02 -2.851769642720171014e-02 3.860679143244298908e-03 9.995858323060801132e-01 -2.179721486218607396e+01
1.373871603899680660e-01 -9.904931603906806936e-01 6.933064204385870274e-03 -4.710976413974516959e+02 9.901458038649014748e-01 1.375239665350702079e-01 2.642812360326068574e-02 6.289171833675152357e+02 -2.713033816061865069e-02 3.233859573611537561e-03 9.996266737655357115e-01 -2.181813455298564719e+01
1.449703187685829897e-01 -9.894054098545252973e-01 7.780850000751417771e-03 -4.708891355747667262e+02 9.890661082954814720e-01 1.451266518469098710e-01 2.620092259706068363e-02 6.303592836017191985e+02 -2.705254326984358332e-02 3.897418928547239682e-03 9.996264152313746321e-01 -2.184961170400407227e+01
1.518889878797910487e-01 -9.883760129781551385e-01 6.526279970873490391e-03 -4.706705299550599761e+02 9.879864618462018688e-01 1.520129231027708139e-01 2.783563217128365297e-02 6.318006068324671105e+02 -2.850415003953933601e-02 2.219950259950604927e-03 9.995912090706714492e-01 -2.188794900616906602e+01
1.585705361193292529e-01 -9.873435439927065183e-01 2.848018741262172207e-03 -4.704640627385840617e+02 9.868473636355630241e-01 1.585813429959009313e-01 3.137257622758473502e-02 6.332711604017551963e+02 -3.142715323359168700e-02 -2.164206445453390002e-03 9.995037019691791480e-01 -2.192597201006072183e+01
1.657384127159092502e-01 -9.861596437491235712e-01 -4.464929004174908109e-03 -4.702401459944273370e+02 9.855743693045934117e-01 1.654793514244302655e-01 3.549291227841223917e-02 6.347413909032367201e+02 -3.426282417233090377e-02 -1.028305853096852379e-02 9.993599539640283247e-01 -2.193537614869065777e+01
1.734122327569919686e-01 -9.847981263653000639e-01 -1.004230240680614554e-02 -4.699987816171616259e+02 9.842187121480080458e-01 1.729273411498503943e-01 3.754545698963373396e-02 6.362199168134966385e+02 -3.523810704268849625e-02 -1.639466346828158047e-02 9.992444599905520031e-01 -2.197994082662829385e+01
1.799528128462921650e-01 -9.836159948522159580e-01 -1.079628730595046972e-02 -4.697423485904655536e+02 9.831145671305178135e-01 1.794688950190644894e-01 3.573042983804000650e-02 6.376717728145783894e+02 -3.320742453853372383e-02 -1.704377867496858004e-02 9.993031454788864343e-01 -2.202920503628881121e+01
1.848288650895112961e-01 -9.827352275826516381e-01 -8.352430652039444237e-03 -4.694747774482647742e+02 9.823147592487114776e-01 1.844775813605298020e-01 3.202710941554674784e-02 6.391039744615452491e+02 -2.993333245513200153e-02 -1.412425019047279691e-02 9.994521004854047819e-01 -2.206441314649915242e+01
1.889198927944767126e-01 -9.819649753774372103e-01 -7.352634800684448683e-03 -4.692086022186563810e+02 9.816170977129338171e-01 1.886353612513519407e-01 2.906155472800474662e-02 6.405322828412474792e+02 -2.715046195113884550e-02 -1.270777783724646136e-02 9.995505814106053766e-01 -2.209144123451995156e+01
1.929655614021586474e-01 -9.811512844753250695e-01 -1.031741659378048771e-02 -4.689347225205548284e+02 9.808943448442918323e-01 1.926288967265137597e-01 2.721015248788202431e-02 6.419760042027186273e+02 -2.470984348872713038e-02 -1.537091794090444247e-02 9.995764895776694248e-01 -2.211038337599608283e+01
1.977424290954766517e-01 -9.801311447935854293e-01 -1.552001098698337599e-02 -4.686459054721104849e+02 9.800037328311226315e-01 1.973094067545073382e-01 2.572317327333850656e-02 6.434016438253813703e+02 -2.214983910745588550e-02 -2.029623146793754773e-02 9.995486219367788472e-01 -2.214544189868377089e+01
2.028084375732226441e-01 -9.790406694090547646e-01 -1.865758001933736157e-02 -4.683606349700154965e+02 9.790337990603382723e-01 2.023634019864226918e-01 2.327818364828554767e-02 6.448220622363977554e+02 -1.901467713609735974e-02 -2.298741350285544993e-02 9.995549113849918621e-01 -2.217319777376749812e+01
2.079726632286870158e-01 -9.779843974716526667e-01 -1.714321007208859798e-02 -4.680751201141054594e+02 9.779883108115117185e-01 2.076064617810678692e-01 2.093850383366325368e-02 6.462362790492153408e+02 -1.691848886908713795e-02 -2.112049546659984511e-02 9.996337776434087719e-01 -2.219039574997396969e+01
2.124761330919706370e-01 -9.770585242594856945e-01 -1.450975665403155326e-02 -4.677812449781411601e+02 9.770564409915647452e-01 2.122062232109359348e-01 1.814469474660278248e-02 6.476534423065915007e+02 -1.464936801299274866e-02 -1.803216577193410622e-02 9.997300820793546539e-01 -2.217413803218227386e+01
2.169240360463885742e-01 -9.760825888591847521e-01 -1.437853647964811715e-02 -4.674780787939052971e+02 9.761185589055657585e-01 2.167086681339187026e-01 1.516285315317825177e-02 6.490656923092351462e+02 -1.168424347002635852e-02 -1.732434361165136397e-02 9.997816489478882351e-01 -2.215350193252749023e+01
2.214343800889681246e-01 -9.750219148296772609e-01 -1.729395606806379340e-02 -4.671688183947356947e+02 9.751274685417986587e-01 2.212131050551171818e-01 1.382686685903576976e-02 6.504594050394130136e+02 -9.655848480488865571e-03 -1.992555529322740521e-02 9.997548383660758153e-01 -2.217223503179496902e+01
2.262850024865166176e-01 -9.737991035524545813e-01 -2.259211300681812987e-02 -4.668539878375336798e+02 9.740311067561736591e-01 2.260350319212345860e-01 1.309837454457643026e-02 6.518362045802655302e+02 -7.648576404838518424e-03 -2.496938655238042926e-02 9.996589563517036536e-01 -2.220429130055895328e+01
2.312587472826578838e-01 -9.725335811069307779e-01 -2.641638553217925262e-02 -4.665259849313632117e+02 9.728723450011004248e-01 2.309949196671758631e-01 1.267862058804355638e-02 6.532248823482420903e+02 -6.228333430083154813e-03 -2.863181285360743081e-02 9.995706213947065377e-01 -2.221599200727515466e+01
2.360994245150581095e-01 -9.713616846622623591e-01 -2.671215666602397287e-02 -4.661971179096365745e+02 9.717045624827584938e-01 2.358097217589754102e-01 1.356533722935470733e-02 6.546174639693444988e+02 -6.877862593120405432e-03 -2.915909281933305730e-02 9.995511204096084734e-01 -2.220832374185109970e+01
2.405145925911245097e-01 -9.703528447091075426e-01 -2.383458654283331091e-02 -4.658718535892924706e+02 9.705972568701478620e-01 2.401852383449390171e-01 1.587501928594959102e-02 6.559941497813366595e+02 -9.679654274289611199e-03 -2.695195811304455444e-02 9.995898640177394157e-01 -2.218581702108836495e+01
2.445971239761209337e-01 -9.693918298082818685e-01 -2.125387596559339190e-02 -4.655491680467295055e+02 9.695622078924989173e-01 2.442735189403142937e-01 1.672043573412925269e-02 6.573145851364038208e+02 -1.101689471826284433e-02 -2.469672539966962649e-02 9.996342830181946804e-01 -2.216522177453040499e+01
2.480844958050088256e-01 -9.684873514647124315e-01 -2.205295885003776338e-02 -4.652278642977545360e+02 9.687031199375977231e-01 2.478168979734364230e-01 1.417922783468790297e-02 6.586406554795343027e+02 -8.267306958079397375e-03 -2.488041663015992666e-02 9.996562491696686648e-01 -2.216146437260390911e+01
2.510773932502034511e-01 -9.676427525053875600e-01 -2.505286655215720887e-02 -4.648902124959523690e+02 9.679612802781025760e-01 2.509027032985048367e-01 9.939484890057031716e-03 6.599741478499570349e+02 -3.332038574187545441e-03 -2.674578473890784625e-02 9.996367142705595565e-01 -2.217629469161686018e+01
2.541457725200182982e-01 -9.667665188701674017e-01 -2.779252240911610564e-02 -4.645404534264494600e+02 9.671658491275021419e-01 2.540521749752921443e-01 6.907435978816313556e-03 6.612919196121296181e+02 3.828729305267158239e-04 -2.863547418817674606e-02 9.995898474005913137e-01 -2.218663900106306031e+01
2.571143696600017847e-01 -9.659728479223455011e-01 -2.808305523145241886e-02 -4.641837373753911038e+02 9.663788200485268209e-01 2.570666661073354731e-01 5.357736282883279397e-03 6.625965283224850282e+02 2.043789606864012450e-03 -2.851642076510666271e-02 9.995912347908970652e-01 -2.217651576525223689e+01
2.595149145249497358e-01 -9.653783765940759931e-01 -2.639316471540192541e-02 -4.638437355357835372e+02 9.657382289301322809e-01 2.594544515169796561e-01 5.749849642812719305e-03 6.638978074825467957e+02 1.297043561193350148e-03 -2.698105988669937533e-02 9.996351034679558101e-01 -2.214065028374890431e+01
2.619233932941855136e-01 -9.647646808428007592e-01 -2.500493238439120344e-02 -4.635232674965037063e+02 9.650886163143201912e-01 2.618438845769140988e-01 6.460864507364152617e-03 6.651698176428402576e+02 3.141747446963363529e-04 -2.582422715126802409e-02 9.996664496652218901e-01 -2.210928505176274683e+01
2.643269929006361041e-01 -9.641018995953620774e-01 -2.527386042379116404e-02 -4.631837637972779476e+02 9.644330022548565085e-01 2.642490705928726702e-01 6.435281849863428057e-03 6.664090484125173361e+02 4.743266713959283943e-04 -2.607596378692956032e-02 9.996598517129671180e-01 -2.209059311480590182e+01
2.663894771676168505e-01 -9.635204528419978320e-01 -2.578727223874628660e-02 -4.628334912462978536e+02 9.638621125195563355e-01 2.663638222311172088e-01 4.488012451894375643e-03 6.676530016108401924e+02 2.544504608417069279e-03 -2.605093398673680172e-02 9.996573784726027201e-01 -2.209532196196217768e+01
2.686449259084453534e-01 -9.628928542743923069e-01 -2.583127892612782292e-02 -4.624733158649665938e+02 9.632148943314736700e-01 2.687323184079022931e-01 9.154846868748671429e-05 6.688937078810882895e+02 6.853548106940604914e-03 -2.490566663286462173e-02 9.996663126503355645e-01 -2.207248767754549235e+01
2.711529571796769678e-01 -9.622339777920863035e-01 -2.412147995325647845e-02 -4.621452255497846977e+02 9.624714987993547854e-01 2.713402824436115801e-01 -4.802616198008685840e-03 6.701298776877694081e+02 1.116636967149314125e-02 -2.191399337958028007e-02 9.996974987877679242e-01 -2.204578851807686490e+01
2.735229656713781821e-01 -9.616136139604847255e-01 -2.201010441115807542e-02 -4.618089358753777560e+02 9.617983286680332755e-01 2.737026285207218024e-01 -5.553927639612982539e-03 6.713442015325382499e+02 1.136495586055276744e-02 -1.965015487734956753e-02 9.997423213966606381e-01 -2.202118381984385209e+01
2.757961717210479780e-01 -9.609680351840647061e-01 -2.183820089870051884e-02 -4.614621940092478098e+02 9.611716615268477426e-01 2.759307893262791800e-01 -3.352100758606334652e-03 6.725274345623976160e+02 9.247093691181245551e-03 -2.006576328611422988e-02 9.997558984082125511e-01 -2.197520274957537723e+01
2.779817812520627429e-01 -9.602984545742939693e-01 -2.351611009825583035e-02 -4.611176268426909814e+02 9.605368194184061847e-01 2.781327354509209870e-01 -3.346641923003208612e-03 6.737004057935546371e+02 9.754375095466448140e-03 -2.165778411590245020e-02 9.997178564743584017e-01 -2.193338360945058341e+01
2.801822691245816066e-01 -9.595922541470442990e-01 -2.608834700004851806e-02 -4.607779152149112747e+02 9.598498020489124594e-01 2.804368459534472002e-01 -6.597949556199147157e-03 6.748655904556579799e+02 1.364747503621433454e-02 -2.319226622555450520e-02 9.996378670360875907e-01 -2.190999883015927097e+01
2.823703662290233951e-01 -9.589027566598126162e-01 -2.779351625647600785e-02 -4.604470951515339721e+02 9.591472063841762763e-01 2.827315125662533957e-01 -9.976386491564036285e-03 6.760382330310069392e+02 1.742448739899268850e-02 -2.384103756572691912e-02 9.995639009921636342e-01 -2.190841563117658453e+01
2.848537108704179976e-01 -9.581603540757163140e-01 -2.805528971246197198e-02 -4.601130754303989079e+02 9.584054466080693668e-01 2.852264372005100523e-01 -1.024106605247944446e-02 6.771883978872045873e+02 1.781469380427017773e-02 -2.397113679827304888e-02 9.995539111449960323e-01 -2.188010996048063106e+01
2.873110692958265044e-01 -9.574519307126898582e-01 -2.716891301894636471e-02 -4.597827284558627525e+02 9.576911871680517940e-01 2.876471209151201247e-01 -9.312564087838039531e-03 6.783137026685524233e+02 1.673139207407944515e-02 -2.334382581721761510e-02 9.995874780705682472e-01 -2.182855572820965406e+01
2.895757083677896193e-01 -9.567692058420514956e-01 -2.717712044465057583e-02 -4.594493465020972849e+02 9.569949124435148669e-01 2.899299769621125344e-01 -1.006707584050986828e-02 6.794216732760970672e+02 1.751133006149042590e-02 -2.309318538268732846e-02 9.995799408293256638e-01 -2.177678969138830922e+01
2.916167515481145056e-01 -9.561195770969591612e-01 -2.819617896909637489e-02 -4.591194674839128425e+02 9.563204273336315397e-01 2.920492529948740534e-01 -1.258864923479282791e-02 6.805116734345012901e+02 2.027092698782646460e-02 -2.329352092467286417e-02 9.995231370018334838e-01 -2.175493881251484751e+01
2.936033309644307532e-01 -9.554802204682397715e-01 -2.923409551456208205e-02 -4.587996521590596330e+02 9.556821621214610651e-01 2.940833322910571535e-01 -1.366011242403153240e-02 6.815738913348435517e+02 2.164922745597207612e-02 -2.392784909997773546e-02 9.994792489031517624e-01 -2.173313505081318553e+01
2.956042137374718659e-01 -9.548278246591676011e-01 -3.036402603893143676e-02 -4.584705174576330933e+02 9.550994642165336890e-01 2.960576426213757939e-01 -1.161403025502174419e-02 6.826267336544980253e+02 2.007890121350831489e-02 -2.556750871938138353e-02 9.994714304190703835e-01 -2.169020011090148969e+01
2.978139464389041313e-01 -9.541248990100564820e-01 -3.086309115326794916e-02 -4.581499467393988425e+02 9.544439327451552657e-01 2.982299384882547422e-01 -9.781770558221112091e-03 6.836758325435171173e+02 1.853732862219877042e-02 -2.654394240389355147e-02 9.994757558686510057e-01 -2.164612385757447655e+01
2.997859506791603623e-01 -9.534733217695601226e-01 -3.189056990887619708e-02 -4.578331914705263443e+02 9.538111521034781104e-01 3.002334880680422313e-01 -1.020484029922564574e-02 6.847387571902834225e+02 1.930466001845022178e-02 -2.735831347538934810e-02 9.994392691831527342e-01 -2.161639024083679317e+01
3.017917717592890070e-01 -9.527976053453247607e-01 -3.314286871415790536e-02 -4.575122094449010888e+02 9.531320266762706162e-01 3.023158182700171337e-01 -1.202022244866185821e-02 6.857591930156274884e+02 2.147245263993955572e-02 -2.796192539766844537e-02 9.993783390216544049e-01 -2.158663827599599827e+01
3.034728596083236529e-01 -9.522435290312583067e-01 -3.371179169432815537e-02 -4.571988828467445387e+02 9.525594486182358267e-01 3.040521655455376004e-01 -1.351952200308976018e-02 6.867444425307307938e+02 2.312402061211850379e-02 -2.800967770546675811e-02 9.993401511125059589e-01 -2.155800071741568757e+01
3.043525827916230830e-01 -9.519880793904600402e-01 -3.298790758037149773e-02 -4.568821778216138796e+02 9.522781993334618056e-01 3.049217001431466789e-01 -1.374728540595927632e-02 6.877250568321663877e+02 2.314598069402355740e-02 -2.722964341073753208e-02 9.993612010166473825e-01 -2.151543817215557652e+01
3.044296179937231450e-01 -9.520024122958864465e-01 -3.184359701743614407e-02 -4.565726883392283639e+02 9.522675876143267271e-01 3.049659382276757036e-01 -1.349881847067585169e-02 6.886920669863191051e+02 2.256212018819410414e-02 -2.621418516236224960e-02 9.994017046357720480e-01 -2.146209215668656611e+01
3.042317162259299268e-01 -9.521227569727156448e-01 -3.008851104491801209e-02 -4.562708742763370537e+02 9.523416371573901751e-01 3.047308899975431640e-01 -1.358273969739932918e-02 6.896435063109215662e+02 2.210133431734940049e-02 -2.452224165895556737e-02 9.994549468012114968e-01 -2.142711277986429508e+01
3.038721949242550457e-01 -9.522418013654323499e-01 -2.995397943900178842e-02 -4.559766640638280819e+02 9.524349244762188027e-01 3.043926971432103223e-01 -1.458768534969330684e-02 6.905706579009716961e+02 2.300877636675412174e-02 -2.409642417867217598e-02 9.994448251664052041e-01 -2.139516320743374322e+01
3.039480084239242763e-01 -9.521960596583894931e-01 -3.063122828367555867e-02 -4.556881501392450673e+02 9.524012546618697561e-01 3.044888820747951863e-01 -1.477737498130644173e-02 6.914834020501108398e+02 2.339782668596869508e-02 -2.468166655390513151e-02 9.994215111965998322e-01 -2.135267466017108617e+01
3.041670390493060316e-01 -9.521130274739183497e-01 -3.103538738968021973e-02 -4.553921528172633657e+02 9.523437459118778703e-01 3.047005396017352652e-01 -1.410570058325653908e-02 6.924079139808339960e+02 2.288672057134947396e-02 -2.526586790238910182e-02 9.994187480433954773e-01 -2.132092381961277638e+01
3.046700461448454411e-01 -9.519980574697435305e-01 -2.959495828570421830e-02 -4.550906147238400763e+02 9.522053201734403949e-01 3.051577837178906516e-01 -1.355563608914914404e-02 6.933381860283243441e+02 2.193607110432566065e-02 -2.405048045715479921e-02 9.994700511642586882e-01 -2.130638232477140548e+01
3.050449848957103027e-01 -9.519083189655572763e-01 -2.860261306493763062e-02 -4.548112011532580254e+02 9.520907701935438228e-01 3.055124709801207428e-01 -1.361232485232986497e-02 6.942262618636931393e+02 2.169614026135179702e-02 -2.307991247356992737e-02 9.994981716531412541e-01 -2.127704459957190863e+01
3.047176641919536744e-01 -9.520175013612195425e-01 -2.845737569313410917e-02 -4.545382695242908540e+02 9.522005796669053002e-01 3.051778787710152097e-01 -1.343571326106990718e-02 6.951082886508562524e+02 2.147559571723010874e-02 -2.300303046913512034e-02 9.995047070313505255e-01 -2.123720502944412303e+01
3.044893175971392640e-01 -9.520746693469973598e-01 -2.898412422403346886e-02 -4.542678781030783171e+02 9.522917399910001413e-01 3.049366382511877194e-01 -1.241324280669775862e-02 6.959626298628555787e+02 2.065665544424236805e-02 -2.382164225804114105e-02 9.995027923652778368e-01 -2.119559810957732537e+01
3.047403358298222953e-01 -9.519923682565267775e-01 -2.904924266924755957e-02 -4.539930657483056962e+02 9.522306688058644886e-01 3.051655346128908652e-01 -1.143459093999724119e-02 6.968215392342099221e+02 1.975047097827314566e-02 -2.417699869211005145e-02 9.995125770246104935e-01 -2.117214393615091694e+01
3.052480828914210242e-01 -9.518521115165508029e-01 -2.830487047481275789e-02 -4.537172850934003350e+02 9.520880608033840398e-01 3.056395553191155190e-01 -1.062010828501786831e-02 6.976687768983961178e+02 1.875986052091562634e-02 -2.370696154755443097e-02 9.995429193423455150e-01 -2.115923506911607888e+01
3.057768931680526214e-01 -9.517068014612728444e-01 -2.747099664822488449e-02 -4.534386072470549038e+02 9.519290456476775519e-01 3.061455090033814996e-01 -1.029657075741418314e-02 6.985228906666418425e+02 1.820943867325933857e-02 -2.300198620584812531e-02 9.995695698518392014e-01 -2.113462655268707024e+01
3.063171403876034926e-01 -9.515615566840478490e-01 -2.646532345906306080e-02 -4.531788692747612117e+02 9.517618130085520045e-01 3.066666344863085980e-01 -1.024824821690158670e-02 6.993617070565315998e+02 1.786787070234182456e-02 -2.204947014947197456e-02 9.995971989069857289e-01 -2.109347206674340924e+01
3.068880821136045212e-01 -9.513902371027291860e-01 -2.600618776841393323e-02 -4.529219779842761682e+02 9.515915104401461155e-01 3.072155143418964784e-01 -9.603385126388480283e-03 7.001745843427167983e+02 1.712607120372879738e-02 -2.180010305609938331e-02 9.996156527345239073e-01 -2.106094369206965666e+01
3.074090145730121182e-01 -9.512175941847808014e-01 -2.616842128534023482e-02 -4.526628553344527859e+02 9.514363913380390336e-01 3.077207290841794118e-01 -8.760486832996825651e-03 7.009743461247048799e+02 1.638569488607755781e-02 -2.220453569022624862e-02 9.996191612798754900e-01 -2.104097374389307618e+01
3.078323703878508844e-01 -9.510802653349481606e-01 -2.618321278608545452e-02 -4.524008235443621402e+02 9.513077231975297643e-01 3.081327327711473885e-01 -8.236187207519172701e-03 7.017711629981048418e+02 1.590118002318062496e-02 -2.237292751047868442e-02 9.996232313169204353e-01 -2.102430081494827618e+01
3.084079946657208859e-01 -9.509088279747154315e-01 -2.563024982362764256e-02 -4.521403005229022369e+02 9.511260352376571525e-01 3.086967337115781862e-01 -8.098869606209251060e-03 7.025643597257836745e+02 1.561326100992611009e-02 -2.187984176258746943e-02 9.996386840279243291e-01 -2.100578022437336756e+01
3.091494305361106587e-01 -9.506990299210501538e-01 -2.445371354973990136e-02 -4.518839629296722364e+02 9.508944521256231797e-01 3.094153347623624373e-01 -7.867117045449798299e-03 7.033593284016790221e+02 1.504561450756018715e-02 -2.082078579375511163e-02 9.996700077340625601e-01 -2.096848765657797031e+01
3.100477884649819882e-01 -9.504265810000150916e-01 -2.365762026483460290e-02 -4.516369890573812995e+02 9.506102718431921339e-01 3.102954170391846733e-01 -7.540903837833339875e-03 7.041466613511332753e+02 1.450792659847337240e-02 -2.015113627317011158e-02 9.996916783552384222e-01 -2.094447754079056168e+01
3.107666868941343918e-01 -9.501871996024110478e-01 -2.384013482703213269e-02 -4.513961007111576009e+02 9.503852554034627476e-01 3.110015034960278979e-01 -6.777251279517077648e-03 7.048960161682941816e+02 1.385397518904122119e-02 -2.055116870005735397e-02 9.996928112357932328e-01 -2.093681583968530546e+01
3.112311693543864943e-01 -9.500205831365768905e-01 -2.441415243541310634e-02 -4.511464642508606744e+02 9.502473839940458467e-01 3.114473279956971319e-01 -5.520063116833515485e-03 7.056471423109832131e+02 1.284789612249395696e-02 -2.148146878542104427e-02 9.996866899504298631e-01 -2.092279962620619216e+01
3.117058367749041548e-01 -9.498661514025319441e-01 -2.436730884195303232e-02 -4.509003663622171985e+02 9.501074891936435174e-01 3.118938421739322897e-01 -4.241484661449807479e-03 7.063807921207185245e+02 1.162885628975977859e-02 -2.182946709666892804e-02 9.996940752388541185e-01 -2.089417301940367722e+01
3.124977043478161520e-01 -9.496294844805821533e-01 -2.343132481292245148e-02 -4.506635975026879919e+02 9.498652013227817381e-01 3.126464210600027882e-01 -2.883524649306744379e-03 7.071084162201647132e+02 1.006399986966287526e-02 -2.135550522734737042e-02 9.997212903120090699e-01 -2.088616303386003636e+01
3.136302078771715518e-01 -9.492776292451300391e-01 -2.254052620653691427e-02 -4.504307696571632391e+02 9.494982686071432587e-01 3.137623502574086176e-01 -2.495089774965511716e-03 7.078464051711067668e+02 9.440901384934780038e-03 -2.061965508180609030e-02 9.997428165310053849e-01 -2.086805003210619702e+01
3.146967555759853652e-01 -9.489246542975044996e-01 -2.253780149682271458e-02 -4.501970326424504947e+02 9.491448266678729206e-01 3.148296900479289895e-01 -2.522751263869764740e-03 7.085590173970291517e+02 9.489469930552666549e-03 -2.059773605731169202e-02 9.997428085411519394e-01 -2.085009156471534908e+01
3.150017843304274701e-01 -9.488150505667805046e-01 -2.288833079550952818e-02 -4.499697353716517796e+02 9.490366906106080247e-01 3.151502994271978553e-01 -3.106226941695937934e-03 7.092426800451465851e+02 1.016049917635072561e-02 -2.074339868260175607e-02 9.997332022432695586e-01 -2.083652079933674983e+01
3.152783020305236494e-01 -9.487625408032448471e-01 -2.119512767881222629e-02 -4.497348238706065331e+02 9.489280028223643360e-01 3.154496789795268596e-01 -5.210133517774553739e-03 7.099277023535197486e+02 1.162917573645935211e-02 -1.847000812898401401e-02 9.997617821618337564e-01 -2.083665352379569669e+01
3.158051918905330213e-01 -9.486618485694053859e-01 -1.754359837268144526e-02 -4.495086611191696306e+02 9.487421264032404045e-01 3.159669122661658558e-01 -7.299858960513692235e-03 7.106287189670039197e+02 1.246829430363076245e-02 -1.433901746506336707e-02 9.998194508086420962e-01 -2.080608326799982422e+01
3.164245000192522639e-01 -9.485054725347139559e-01 -1.459124255383946467e-02 -4.492818204453195676e+02 9.485512864227386709e-01 3.165469209539142348e-01 -6.964471291099314648e-03 7.113104105422065686e+02 1.122465203622823385e-02 -1.163681254876608798e-02 9.998692873472865283e-01 -2.076150875972012244e+01
3.169976419409097912e-01 -9.483182437968584733e-01 -1.431794279724350576e-02 -4.490575410457517478e+02 9.483940023684976905e-01 3.170753508987177449e-01 -3.469599965070781396e-03 7.119659154292592120e+02 7.830151682137327998e-03 -1.247919606775526810e-02 9.998914733060471072e-01 -2.075149372008961990e+01
3.170221493986573602e-01 -9.483229309480006863e-01 -1.343783572042202973e-02 -4.488310819922786550e+02 9.484110943737454891e-01 3.170425640766968423e-01 6.392436694293032826e-04 7.126257186511616055e+02 3.654156462260897079e-03 -1.294724688369202834e-02 9.999095038745667852e-01 -2.078311653402383641e+01
3.169708108527511392e-01 -9.483571829468637748e-01 -1.217204257461354175e-02 -4.486156953583712266e+02 9.484313420851296916e-01 3.169804297675233307e-01 1.181733894179273943e-03 7.132637799431439589e+02 2.737593459572925693e-03 -1.191892182560823875e-02 9.999252196462320441e-01 -2.076922788174051959e+01
3.175566526133160039e-01 -9.481737720653281576e-01 -1.114766111938991083e-02 -4.484098572747886919e+02 9.482291264863517144e-01 3.175857608840570445e-01 -8.989808814527358496e-04 7.138908094054708044e+02 4.392728532060736872e-03 -1.028505960612746337e-02 9.999374587867694286e-01 -2.072446741983999274e+01
3.181993334822933450e-01 -9.479527137645860080e-01 -1.161191792000253707e-02 -4.482087521733445783e+02 9.480047565691596123e-01 3.182467602999806688e-01 -2.445624831290639598e-03 7.145212566211077956e+02 6.013791954582136529e-03 -1.022995722978864083e-02 9.999295886618235762e-01 -2.070347880235377147e+01
3.182456906435882082e-01 -9.479207259870829905e-01 -1.288323060831029696e-02 -4.480104422906173340e+02 9.479916567923735160e-01 3.182911797989226854e-01 -1.594839885770206987e-03 7.151431245517920843e+02 5.612400452293148274e-03 -1.170564420829741173e-02 9.999157358771947335e-01 -2.072266079199047795e+01
3.184115764144010985e-01 -9.478679151170302797e-01 -1.266820812072237332e-02 -4.477942053821437867e+02 9.479427259352392054e-01 3.184407288607778996e-01 -3.009137498203096669e-04 7.157467640402398956e+02 4.319299915995102220e-03 -1.191292131722744736e-02 9.999197097537008139e-01 -2.073137207519430802e+01
3.187550156335006157e-01 -9.477626568665652451e-01 -1.188218236334925328e-02 -4.475830339160169160e+02 9.478299652002777353e-01 3.187763257529870331e-01 1.058672105538575469e-04 7.163501224174137860e+02 3.687421446965859478e-03 -1.129603420031184344e-02 9.999293987749424684e-01 -2.070235209085411654e+01
3.191466705554262262e-01 -9.476371461290373777e-01 -1.136846294798716205e-02 -4.473849124514015898e+02 9.476994961687530417e-01 3.191638508208339275e-01 3.182620130843991069e-04 7.169492196498160865e+02 3.326805506592989299e-03 -1.087545886986072269e-02 9.999353262884012050e-01 -2.065918390995235043e+01
3.193641685504611805e-01 -9.475610436860907315e-01 -1.160156604080639538e-02 -4.472019835743992644e+02 9.476288927714445753e-01 3.193708358574507411e-01 1.323173639423324156e-03 7.175341207163759236e+02 2.451414048957886640e-03 -1.141655343086647213e-02 9.999318241144847796e-01 -2.065019197906481452e+01
3.196534754379555809e-01 -9.474649221683405509e-01 -1.148376684613727425e-02 -4.470051655629371794e+02 9.475344605030788792e-01 3.196340612458509201e-01 3.537379061319129245e-03 7.181243166636317028e+02 3.190604584186862284e-04 -1.201200033398993477e-02 9.999278024179547586e-01 -2.067693009241245505e+01
3.197758710416989669e-01 -9.474328229707974502e-01 -1.069758183462344789e-02 -4.468028353155594914e+02 9.474903847416089597e-01 3.197269380961220153e-01 6.054409787689444232e-03 7.186907099733115274e+02 -2.315841471555770033e-03 -1.207191009179399421e-02 9.999244500786118595e-01 -2.067581509023202102e+01
3.199519640253762343e-01 -9.473845783674436083e-01 -9.654086587839789957e-03 -4.466061660546836833e+02 9.474250977111483563e-01 3.198888382533177088e-01 7.537598288872982347e-03 7.192486030494568467e+02 -4.052769833826068424e-03 -1.155819330535522854e-02 9.999249887987550212e-01 -2.065562542697491111e+01
3.201539212698256698e-01 -9.473224298203413163e-01 -9.037735050271797008e-03 -4.464323892413265753e+02 9.473547317893574737e-01 3.200901302611669497e-01 7.830751286103235231e-03 7.197961131601781517e+02 -4.525356546162643233e-03 -1.106898679526818405e-02 9.999284967833731441e-01 -2.064085619928227544e+01
3.197487341384996906e-01 -9.474509092292681123e-01 -9.875303411044523277e-03 -4.462634003818573660e+02 9.474941408941373044e-01 3.196851427501819498e-01 7.500831692371481667e-03 7.203304543840706629e+02 -3.949682026251921142e-03 -1.175517356013829409e-02 9.999231049968105856e-01 -2.063948700175232176e+01
3.189963952281678616e-01 -9.476908269699665377e-01 -1.110838910082253411e-02 -4.460881106067513997e+02 9.477476206662541758e-01 3.189226121307404127e-01 7.925591029060961162e-03 7.208582192844050951e+02 -3.968293447957537724e-03 -1.305618430806265717e-02 9.999068900144777450e-01 -2.065711152888210478e+01
3.186360700679723990e-01 -9.478118015075864822e-01 -1.112851178646138625e-02 -4.459083820605870301e+02 9.478628505586333963e-01 3.185448642874456060e-01 9.229624421131151293e-03 7.213838762136911100e+02 -5.203016673091135323e-03 -1.348919415814325666e-02 9.998954796669817791e-01 -2.066816323313366155e+01
3.182996176914292819e-01 -9.479351794955339638e-01 -1.021023272308229854e-02 -4.457314991629500014e+02 9.479665859405173034e-01 3.181972749988590254e-01 1.048075014400716605e-02 7.219002233082305793e+02 -6.686203539418288620e-03 -1.301497822011534952e-02 9.998929467818838956e-01 -2.064514315554362156e+01
3.178693703931745884e-01 -9.480911853543663170e-01 -9.064635635230054028e-03 -4.455627153029695933e+02 9.480969934570788737e-01 3.177572060543434884e-01 1.193519996421925702e-02 7.224001411436262288e+02 -8.435304588166665785e-03 -1.238798829068852095e-02 9.998876853840209522e-01 -2.062926020964558305e+01
3.173414722178564129e-01 -9.482725666936174802e-01 -8.574920810263227805e-03 -4.454061493124891058e+02 9.482625398358341950e-01 3.172204412360395409e-01 1.301334722913093968e-02 7.228813729447792866e+02 -9.620060015247448859e-03 -1.226095095460593212e-02 9.998785543889776584e-01 -2.062370717153470068e+01
3.169516224732896736e-01 -9.484013236631875232e-01 -8.752044644704581877e-03 -4.452438247593969436e+02 9.483889024575057336e-01 3.168231108037867783e-01 1.347613283029474793e-02 7.233597887293265103e+02 -1.000793220388353048e-02 -1.257162418007795254e-02 9.998708894444708895e-01 -2.063377686784084375e+01
3.165700550429873528e-01 -9.485238369377341217e-01 -9.269898111557301965e-03 -4.450811472381980138e+02 9.485193897085096859e-01 3.164382576222030674e-01 1.333403389905159567e-02 7.238398690153333064e+02 -9.714298589029673678e-03 -1.301383394480221632e-02 9.998681275693211967e-01 -2.064679484673375143e+01
3.163066731632793172e-01 -9.486153787917315228e-01 -8.885473099280928599e-03 -4.449287984544216670e+02 9.485992001833188914e-01 3.161701445969750113e-01 1.399989561019258748e-02 7.243029438682564205e+02 -1.047119496269532934e-02 -1.285701308032149472e-02 9.998625161944545425e-01 -2.064770684527595890e+01
3.159442780999264788e-01 -9.487425106863404123e-01 -8.176891371144981435e-03 -4.447910829609217558e+02 9.487083038083985453e-01 3.158051496289326909e-01 1.482099027863210960e-02 7.247320326518171214e+02 -1.147899912484328516e-02 -1.244009181745293381e-02 9.998567280839116833e-01 -2.063573072984848622e+01
3.156991588982636654e-01 -9.488316829636284089e-01 -7.244202877971930334e-03 -4.446380490893284332e+02 9.487778957301515881e-01 3.155628356722265382e-01 1.551132864616786358e-02 7.251561006974361590e+02 -1.243163886198764279e-02 -1.177005296979425318e-02 9.998534493656024980e-01 -2.063027624932956527e+01
3.149291064310574817e-01 -9.490934817406178059e-01 -6.420345785621181869e-03 -4.445091373423001073e+02 9.490342640547579922e-01 3.148067083456087545e-01 1.518887851842101386e-02 7.255617888371717754e+02 -1.239449767357145120e-02 -1.087654807713028110e-02 9.998640293206600971e-01 -2.062504585396188261e+01
3.143468695613851338e-01 -9.492887194823128594e-01 -6.080514829223631137e-03 -4.443884328105037298e+02 9.492281376526242598e-01 3.142307304456165573e-01 1.499969106834577598e-02 7.259559993737939294e+02 -1.232835291062787768e-02 -1.048690169903547346e-02 9.998690097244068431e-01 -2.062221410229920338e+01
3.143342740676618452e-01 -9.492929268192122905e-01 -6.074803484050378920e-03 -4.442635597684473510e+02 9.492227375123901689e-01 3.142102310387550612e-01 1.575199352643895379e-02 7.263365719965790959e+02 -1.304449063171199061e-02 -1.071773304323180194e-02 9.998574755746807430e-01 -2.062324735201124426e+01
3.143381312034675412e-01 -9.492897340827921582e-01 -6.367105820812791507e-03 -4.441416937416504993e+02 9.492146461037958005e-01 3.142035268338177478e-01 1.636152032168377429e-02 7.266924990455727311e+02 -1.353125617073785460e-02 -1.118679981997386039e-02 9.998458684298444643e-01 -2.064086344584156762e+01
3.141165437808033922e-01 -9.493631086492747562e-01 -6.362771329224571788e-03 -4.440195409317749409e+02 9.492869318554925107e-01 3.139811835749396485e-01 1.643585620727486957e-02 7.270473029586952407e+02 -1.360580506948429885e-02 -1.120287001912513569e-02 9.998446768232283066e-01 -2.063860539412961614e+01
3.134885666345359478e-01 -9.495691276880171561e-01 -6.587133765303013026e-03 -4.439109666314091101e+02 9.495051857287520880e-01 3.133585892162780717e-01 1.569384715716024351e-02 7.273840794362598672e+02 -1.283825781141943040e-02 -1.117435931952382062e-02 9.998551459237311478e-01 -2.063810483452326849e+01
3.129676510250151145e-01 -9.497435952585084884e-01 -6.192953845039634794e-03 -4.437986565873880522e+02 9.496830919791885428e-01 3.128494112820979778e-01 1.507549897328520037e-02 7.277102939190206143e+02 -1.238039663068597231e-02 -1.059948705774073352e-02 9.998671795060481982e-01 -2.063257434969664672e+01
3.130161608173165910e-01 -9.497323541689242088e-01 -5.416503663883904911e-03 -4.436898126582136683e+02 9.496616105025506016e-01 3.129058333744812459e-01 1.525663717612392271e-02 7.280356978801978585e+02 -1.279486634905776035e-02 -9.919419588590012299e-03 9.998689396666622375e-01 -2.062502368679556142e+01
3.134332917112680472e-01 -9.495988747564197974e-01 -4.642058636016315257e-03 -4.435915608157129668e+02 9.495178637976987579e-01 3.133308871398174378e-01 1.547842024336873977e-02 7.283525448245770804e+02 -1.324379009553188109e-02 -9.259169807063257623e-03 9.998694263744589694e-01 -2.061583297680515159e+01
3.133623838875195244e-01 -9.496206556637262208e-01 -4.962529710292594952e-03 -4.434906372337744074e+02 9.495505742381240566e-01 3.132615914975138138e-01 1.486210807706641809e-02 7.286512762036115873e+02 -1.255879486178900287e-02 -9.369398552705576755e-03 9.998772379859340864e-01 -2.061342787348000272e+01
3.129153251447558404e-01 -9.497643542196925193e-01 -5.627676536723311487e-03 -4.434042674238563109e+02 9.497039787087734330e-01 3.128089769176726209e-01 1.459098298419998080e-02 7.289412931612091597e+02 -1.209760779154318323e-02 -9.910368982494671686e-03 9.998777087586026013e-01 -2.063134224153881746e+01
3.128833030184278163e-01 -9.497743277102425052e-01 -5.724082008066096530e-03 -4.433116500041791710e+02 9.497113933378706907e-01 3.127728983785935113e-01 1.487895843447029944e-02 7.292166952916029459e+02 -1.234131502390805983e-02 -1.009160355991165284e-02 9.998729176655754003e-01 -2.064629586738738709e+01
3.132587198093605974e-01 -9.496528547839399037e-01 -5.331966252097759817e-03 -4.432186685572710871e+02 9.495845145018521061e-01 3.131519353626791013e-01 1.500383940499235708e-02 7.294889078059298981e+02 -1.257872337253784258e-02 -9.763236109071661215e-03 9.998732194328417977e-01 -2.063945089193813942e+01
3.136900216684330167e-01 -9.495144871104902462e-01 -4.561696281060085428e-03 -4.431206638617282465e+02 9.494420945553565527e-01 3.135952119995827903e-01 1.475642562664265453e-02 7.297711035607759413e+02 -1.258091379812892666e-02 -8.960009946385223342e-03 9.998807123001047792e-01 -2.062124034383612070e+01
3.141499570687669718e-01 -9.493623998981266521e-01 -4.564880432337292161e-03 -4.430311592221285082e+02 9.492882518122909286e-01 3.140537708935365879e-01 1.490113951063823730e-02 7.300421727311323821e+02 -1.271296365358264707e-02 -9.014579702888311785e-03 9.998785515791019929e-01 -2.061403946009094312e+01
3.140985689610339415e-01 -9.493742207421528301e-01 -5.538769435564945900e-03 -4.429612443908767432e+02 9.493111274172040259e-01 3.139916254734177459e-01 1.475271142665653817e-02 7.302922175991091081e+02 -1.226671669632035770e-02 -9.891821004788022703e-03 9.998758320605121153e-01 -2.062498755031904096e+01
3.139857315026558515e-01 -9.494049804612310073e-01 -6.568370281263387171e-03 -4.428939264272924561e+02 9.493564007488283218e-01 3.138698531151956628e-01 1.442704622146334659e-02 7.305134959294728105e+02 -1.163549612061530458e-02 -1.076561103027457236e-02 9.998743505306915136e-01 -2.065475604733642001e+01
3.144943917219770180e-01 -9.492359285838100069e-01 -6.665542817788702203e-03 -4.428131452856241594e+02 9.491867201853697589e-01 3.143757334452889629e-01 1.457629735145743802e-02 7.307487767330994757e+02 -1.174086023957110307e-02 -1.091100849457727479e-02 9.998715427966065050e-01 -2.065162857218223991e+01
3.161905522050962869e-01 -9.486714463369103623e-01 -6.783922263019172803e-03 -4.427348545000566560e+02 9.486153250980776663e-01 3.160625989408697434e-01 1.527738655044773991e-02 7.309985784401386582e+02 -1.234907629359862681e-02 -1.126589791261080158e-02 9.998602801686431452e-01 -2.064598235791221725e+01
3.173149187426062556e-01 -9.483010700126726089e-01 -6.026852926137496631e-03 -4.426375528629117184e+02 9.482342007797305294e-01 3.171941298040919510e-01 1.548497624962428751e-02 7.312508349435379387e+02 -1.277273717727608372e-02 -1.062848204801368490e-02 9.998619367464467445e-01 -2.064915638484335147e+01
3.174858681381909076e-01 -9.482479943201834738e-01 -5.335241352396763795e-03 -4.425647724566684929e+02 9.481823542072842503e-01 3.173804633487818383e-01 1.482783377453174116e-02 7.314492129757226166e+02 -1.236716226431151984e-02 -9.766409384295614629e-03 9.998758275632363413e-01 -2.064499834860990291e+01
3.181489784963215661e-01 -9.480338816352147369e-01 -3.603713836347652300e-03 -4.424961669534803832e+02 9.479712973633195316e-01 3.180773745981118061e-01 1.331176712828940206e-02 7.316413981460705145e+02 -1.147374642618788874e-02 -7.651342394614810659e-03 9.999049005292993675e-01 -2.063519890474577068e+01
3.187683118653586445e-01 -9.478325422352011920e-01 -4.850056340601715502e-04 -4.424240271735077386e+02 9.477693012960152208e-01 3.187410429309648352e-01 1.172599983561470154e-02 7.318586383074007244e+02 -1.095969303281247795e-02 -4.197550623450215478e-03 9.999311304771895115e-01 -2.062404959704856822e+01
3.190231240844951799e-01 -9.477457770365858014e-01 1.479327106027190832e-03 -4.423590408433706784e+02 9.476615024822564459e-01 3.190149362444512637e-01 1.292854075374601924e-02 7.320644547976780814e+02 -1.272489734502212089e-02 -2.722602113153312423e-03 9.999153286280254571e-01 -2.062052668899090691e+01
3.186809316203157438e-01 -9.478615485255609263e-01 9.739857972810688760e-04 -4.422958371812564451e+02 9.477490547946053612e-01 3.186586395148878204e-01 1.511292818926063784e-02 7.322552239236603100e+02 -1.463533250529657805e-02 -3.893107916108009582e-03 9.998853188007178483e-01 -2.062300990841955795e+01
3.182013871585322451e-01 -9.480211698561261668e-01 -1.933575705250437137e-03 -4.422405723165718996e+02 9.479065040977467937e-01 3.181295833902494374e-01 1.633486030351997964e-02 7.324391849517049877e+02 -1.487066574081455025e-02 -7.030624194793175588e-03 9.998647076599196382e-01 -2.064953387908404281e+01
3.184046720865930102e-01 -9.479430919108535747e-01 -4.728561294956914844e-03 -4.421814331333090990e+02 9.478395964294692444e-01 3.182841938631331691e-01 1.718346232041407726e-02 7.326167385321514303e+02 -1.478391808184917333e-02 -9.953212314947737505e-03 9.998411720522230040e-01 -2.066654334391300196e+01
3.186467005457592205e-01 -9.478589140717122996e-01 -5.268704403854539142e-03 -4.421180326060153334e+02 9.477513411211377914e-01 3.185114361001497030e-01 1.782864202639871873e-02 7.328006849119874460e+02 -1.522089466445667241e-02 -1.067445962164739574e-02 9.998271752044947114e-01 -2.067345246307949225e+01
3.187449204174350181e-01 -9.478323526461031046e-01 -3.937890988354087254e-03 -4.420604218899745206e+02 9.477070851048734479e-01 3.186275800231719857e-01 1.810375901856137171e-02 7.329588847300276484e+02 -1.590460782628678668e-02 -9.502448417661568669e-03 9.998283587316184606e-01 -2.065080481630415221e+01
3.184929640605421719e-01 -9.479212639532763607e-01 -2.740289976045455315e-03 -4.420155044644155282e+02 9.477945313376242575e-01 3.183997194549840204e-01 1.752555327175383745e-02 7.331040274340814449e+02 -1.574033704924318253e-02 -8.178997261897002699e-03 9.998426605188269756e-01 -2.062572992802273930e+01
3.184064916412793766e-01 -9.479500627729502416e-01 -2.825698046797118883e-03 -4.419684071758721871e+02 9.478248785911146390e-01 3.183123649658748389e-01 1.747105702500826446e-02 7.332420207762446580e+02 -1.566223497561089820e-02 -8.241164880738238024e-03 9.998433765330334566e-01 -2.061249853108267160e+01
3.185168882938679280e-01 -9.479088067716079369e-01 -3.985714041203316377e-03 -4.419200954201519380e+02 9.477815819970307754e-01 3.183973885146111349e-01 1.825310423687396752e-02 7.333981541837633813e+02 -1.603323731496781104e-02 -9.591508322592170316e-03 9.998254539014795883e-01 -2.063327534372819727e+01
3.187504658905316313e-01 -9.478238205156441776e-01 -5.305257552360552985e-03 -4.418726429586160407e+02 9.476951284567943778e-01 3.185997956280936516e-01 1.918629002693187161e-02 7.335476103576761489e+02 -1.649496874291126597e-02 -1.114340562237610410e-02 9.998018506270658357e-01 -2.066415474770027672e+01
3.185080378015411884e-01 -9.479039383335673419e-01 -5.545588113495893839e-03 -4.418262807583685117e+02 9.477776549396929040e-01 3.183532664990545435e-01 1.920194017277710927e-02 7.336837230341986924e+02 -1.643613862283118884e-02 -1.137195678388439567e-02 9.998002460222125132e-01 -2.067954321508753424e+01
3.184120539156622409e-01 -9.479410979479139243e-01 -4.630198971176322821e-03 -4.417857118355588568e+02 9.478098070590268431e-01 3.182756398368911110e-01 1.889938435898369518e-02 7.337835333667387658e+02 -1.644182361967135714e-02 -1.040633978500108033e-02 9.998106693411201729e-01 -2.066158748113243604e+01
3.188260138442275404e-01 -9.478078698860192830e-01 -3.196041039635460438e-03 -4.417500215312862224e+02 9.476516638510649182e-01 3.187075800987881347e-01 1.953976427399833557e-02 7.338851498227634238e+02 -1.750133984897464870e-02 -9.258518763881567679e-03 9.998039722534561857e-01 -2.063603651227904479e+01
3.186114755734805182e-01 -9.478822229513640396e-01 -2.453374343593105709e-03 -4.417137530197353499e+02 9.477063780322325659e-01 3.184999340027150350e-01 2.025865438013959435e-02 7.340109843085903094e+02 -1.842141878133171998e-02 -8.779718278313258448e-03 9.997917622570394736e-01 -2.063661360687521196e+01
3.180781520357771619e-01 -9.480616055775314965e-01 -2.341202096813467092e-03 -4.416739072467443634e+02 9.478884329599758241e-01 3.179705231046896508e-01 2.005654748983558278e-02 7.341129834804859229e+02 -1.827040936013793471e-02 -8.598747948575836270e-03 9.997961060513937959e-01 -2.065509914795510227e+01
3.183576928098255099e-01 -9.479685187684611103e-01 -2.016643928547865155e-03 -4.416381982292103885e+02 9.478133693874362109e-01 3.182653965834655319e-01 1.889323021628751612e-02 7.342047928974870956e+02 -1.726835948319865172e-02 -7.926207258153841403e-03 9.998194732046680189e-01 -2.066319214192285614e+01
3.189858546094099245e-01 -9.477584386527447835e-01 -1.402327214192305473e-03 -4.415976923632401281e+02 9.476169464901841311e-01 3.189118747174298774e-01 1.781400821921843777e-02 7.343076545596502456e+02 -1.643615781514826124e-02 -7.011285668519444576e-03 9.998403345482467230e-01 -2.064851028824578449e+01
3.186881400453884794e-01 -9.478588534525259623e-01 -1.209680153402581523e-03 -4.415760341766511488e+02 9.477153920993475200e-01 3.186171235281938241e-01 1.785116726156675548e-02 7.343993493489812181e+02 -1.653496212247164421e-02 -6.835387793124564348e-03 9.998399234384103273e-01 -2.063270809690499519e+01
3.185173292955141844e-01 -9.479150102053799376e-01 -1.960705431065552264e-03 -4.415548516715031155e+02 9.477732911715692765e-01 3.184323255792470553e-01 1.807325560060683498e-02 7.344794649208291730e+02 -1.650755827690356808e-02 -7.614949344999455416e-03 9.998347428781457769e-01 -2.064276762452775316e+01
3.185138319824896147e-01 -9.479134044169984508e-01 -3.019364569947562311e-03 -4.415303835107085320e+02 9.477749295777867511e-01 3.184086907321643234e-01 1.840077525679488860e-02 7.345516699309204114e+02 -1.648094959802039530e-02 -8.722579481142026664e-03 9.998261323387895860e-01 -2.066330825930898385e+01
3.187869846157533327e-01 -9.478210013113832488e-01 -3.194982422833406600e-03 -4.414917612835162686e+02 9.476834462190757424e-01 3.186785583099949748e-01 1.844077644243978867e-02 7.346502257691266777e+02 -1.646038280029830936e-02 -8.906511469138737175e-03 9.998248495869253016e-01 -2.067591845475045886e+01
3.189168149850836187e-01 -9.477794617642988362e-01 -2.481325763753381656e-03 -4.414604680343139762e+02 9.476336987748658069e-01 3.188191594511033400e-01 1.856654284349964351e-02 7.347319305153349660e+02 -1.680589378871165038e-02 -8.272570620303988653e-03 9.998245478629211869e-01 -2.066313104344702367e+01
3.188397331202414975e-01 -9.478069668558537497e-01 -1.782740396060394873e-03 -4.414480228580948733e+02 9.476519691757453456e-01 3.187522663236423415e-01 1.878132132930410841e-02 7.347956555842913531e+02 -1.723281466116190208e-02 -7.677648927136603192e-03 9.998220260655421576e-01 -2.064400841682484966e+01
3.190631009186690736e-01 -9.477315097653674636e-01 -1.929515488532093604e-03 -4.414357022231219503e+02 9.475819044693051252e-01 3.189750023751809493e-01 1.853327229818821018e-02 7.348478674434205686e+02 -1.694909892851708191e-02 -7.741657290956256363e-03 9.998263823224013969e-01 -2.064412865354004367e+01
3.193504016410031454e-01 -9.476329578918594176e-01 -2.664223874816826904e-03 -4.414124352585064912e+02 9.474926184321044165e-01 3.192515589612267557e-01 1.833521522920496943e-02 7.349187244649522199e+02 -1.652449661577836196e-02 -8.379690802860368867e-03 9.998283461643021619e-01 -2.065615039923631358e+01
3.189870689030960826e-01 -9.477537170718394188e-01 -3.184595598015256372e-03 -4.413916128014807896e+02 9.476140937325381319e-01 3.188777053742919976e-01 1.856174492571320556e-02 7.349884591078946414e+02 -1.657646621184383565e-02 -8.938724279098031467e-03 9.998226442605658848e-01 -2.067000117863759101e+01
3.188649939962414637e-01 -9.477944695001528919e-01 -3.280120226521800533e-03 -4.413813016945141499e+02 9.476532224805137572e-01 3.187527223283529998e-01 1.871020926024153166e-02 7.350266084438688949e+02 -1.668788560827932921e-02 -9.074447266222238073e-03 9.998195681625448028e-01 -2.067477720936386376e+01
3.192176338927883994e-01 -9.476758108710702233e-01 -3.264919868741359907e-03 -4.413624521183908200e+02 9.475314045104525906e-01 3.191039025479870950e-01 1.889277229775216879e-02 7.350746184592300096e+02 -1.686237463525292607e-02 -9.124520179406245615e-03 9.998161848325701762e-01 -2.066615012097184234e+01
3.190090201226534750e-01 -9.477466454760546943e-01 -3.088862131895332274e-03 -4.413451545475364242e+02 9.476039794241056802e-01 3.189000744614032823e-01 1.869333271814163991e-02 7.351191069971163188e+02 -1.673150501252406580e-02 -8.890359801317540556e-03 9.998204930099299226e-01 -2.065953677275001610e+01
3.188628928073239943e-01 -9.477959469780786739e-01 -3.049341317721524988e-03 -4.413370111775905116e+02 9.476556471786226066e-01 3.187560778933942185e-01 1.852935985097948698e-02 7.351428931298013367e+02 -1.659005608826146991e-02 -8.798050803865108127e-03 9.998236666237908521e-01 -2.065643734892096006e+01
3.190453186103796579e-01 -9.477336515862033739e-01 -3.318180809167575393e-03 -4.413256581057109997e+02 9.475937678152398513e-01 3.189329297888686687e-01 1.865040197976130729e-02 7.351615404917439491e+02 -1.661733644479270605e-02 -9.094610897095921354e-03 9.998205599916972774e-01 -2.066319360965628960e+01
3.190819346406887913e-01 -9.477209498270847687e-01 -3.423484307451518747e-03 -4.413179104202457097e+02 9.475793594331032299e-01 3.189663123295942704e-01 1.881087917164028789e-02 7.351945302833954656e+02 -1.673548811076338433e-02 -9.246234785463413805e-03 9.998171985818140595e-01 -2.067203047179163633e+01
3.190543601002493457e-01 -9.477305895967540472e-01 -3.323378342790757247e-03 -4.413090290007259000e+02 9.475876516064875021e-01 3.189401878723738260e-01 1.883611113891433750e-02 7.352214795982013129e+02 -1.679159980237258584e-02 -9.158935665448441135e-03 9.998170613034933485e-01 -2.066962873787567645e+01
3.190595000428628203e-01 -9.477292002519748237e-01 -3.224658454894198736e-03 -4.413131163532219716e+02 9.475852136359333988e-01 3.189469056345670683e-01 1.884500688983216724e-02 7.352387589044017204e+02 -1.683146847252671788e-02 -9.068317147457991348e-03 9.998172169417626209e-01 -2.066334931325753743e+01
3.191142053600254380e-01 -9.477109456934055265e-01 -3.176058933675975776e-03 -4.413122503599458355e+02 9.475656257339568622e-01 3.190019391162520201e-01 1.889835356549156298e-02 7.352389958529823843e+02 -1.689700757101019607e-02 -9.040257351521243864e-03 9.998163655802817518e-01 -2.066043208782417295e+01
3.191176606716958908e-01 -9.477095225218642449e-01 -3.252624909853632940e-03 -4.413131711700244750e+02 9.475646748637961414e-01 3.190039806128490141e-01 1.891156533515871499e-02 7.352270338472975482e+02 -1.688507026024047009e-02 -9.117086954555124120e-03 9.998158696118850663e-01 -2.066393344896239626e+01
3.190476253348714097e-01 -9.477325175251505307e-01 -3.418770776113155309e-03 -4.413094592411557642e+02 9.475932962893193201e-01 3.189334236345017226e-01 1.866590786215489850e-02 7.352085722191459354e+02 -1.659992758184518011e-02 -9.194917847134682215e-03 9.998199317327406410e-01 -2.066773784569346262e+01
3.190108906048683135e-01 -9.477441164822446584e-01 -3.625099830073349582e-03 -4.413162197602147785e+02 9.476127828507322493e-01 3.188966835573599501e-01 1.830079216887361970e-02 7.352029203002080067e+02 -1.618843579163954313e-02 -9.273342946654501706e-03 9.998259546827206190e-01 -2.067120280692425638e+01
3.190614613054515436e-01 -9.477267763528950395e-01 -3.706925057139331698e-03 -4.413158903980571495e+02 9.475986266374634148e-01 3.189473241381970969e-01 1.815068097558390423e-02 7.352176410243981763e+02 -1.601957254184451299e-02 -9.303859888952088417e-03 9.998283910185504775e-01 -2.067223767517198141e+01
3.191945862051704386e-01 -9.476822339740545997e-01 -3.633118117381797275e-03 -4.413078716897850882e+02 9.475532311147299991e-01 3.190815077501324426e-01 1.816220294836267193e-02 7.352276428416556655e+02 -1.605273625726597736e-02 -9.239849665823534827e-03 9.998284527041665370e-01 -2.067141616346692956e+01
3.191334943698171389e-01 -9.477032611932199035e-01 -3.513046405224586229e-03 -4.413072042541687097e+02 9.475718389560801036e-01 3.190216122155809519e-01 1.824338117686892177e-02 7.352226081487378906e+02 -1.616857410852677243e-02 -9.150937826631434791e-03 9.998274038793847351e-01 -2.066977797753094492e+01
3.191038474527642665e-01 -9.477132664391603178e-01 -3.507015263712553576e-03 -4.413094498685233589e+02 9.475819954569860704e-01 3.189921856672836009e-01 1.823039684061632248e-02 7.352222469984382087e+02 -1.615847847416242850e-02 -9.140574294118231774e-03 9.998276618872743438e-01 -2.066893937255716196e+01
3.190767213459721474e-01 -9.477219851983593735e-01 -3.617273391024974829e-03 -4.413099273956042339e+02 9.475919301641850812e-01 3.189634014916868376e-01 1.821763970902004828e-02 7.352217890305913670e+02 -1.611147984573423064e-02 -9.240523823549213686e-03 9.998275015904728447e-01 -2.066847812161298847e+01
3.190671033029653936e-01 -9.477253694935973138e-01 -3.578771867432700877e-03 -4.413110256873777644e+02 9.475963569143137644e-01 3.189552045729560081e-01 1.813068775708740268e-02 7.352207140552212650e+02 -1.604144484066174006e-02 -9.176137207351079891e-03 9.998292206939022320e-01 -2.067218204407843984e+01
3.190404252488843739e-01 -9.477340496031227968e-01 -3.657633097592069386e-03 -4.413165666644306384e+02 9.476043672866584222e-01 3.189264622908530300e-01 1.821742983776051400e-02 7.352154560884382590e+02 -1.609876256932852787e-02 -9.278085659591303602e-03 9.998273585825853127e-01 -2.067797312918414221e+01
3.191911831237360664e-01 -9.476834215504470471e-01 -3.622310658534103230e-03 -4.413117119872146077e+02 9.475533939249436433e-01 3.190777475566523025e-01 1.821967824893020588e-02 7.352247367909069453e+02 -1.611068829661889759e-02 -9.247893414754321251e-03 9.998274462075936730e-01 -2.067638541576455680e+01
3.191859689124869615e-01 -9.476854450349750936e-01 -3.551692309012843482e-03 -4.413087681148584238e+02 9.475556730067991040e-01 3.190741890444563911e-01 1.816338179566066510e-02 7.352205166576939064e+02 -1.607991921712711644e-02 -9.162922813355109386e-03 9.998287238539845800e-01 -2.067460440810217293e+01
3.191195476925158259e-01 -9.477079649234458891e-01 -3.511054141506196515e-03 -4.413073747524805981e+02 9.475789822609180790e-01 3.190090938072528415e-01 1.809061761351631742e-02 7.352206042081027135e+02 -1.602456420272369009e-02 -9.100070820375007544e-03 9.998301866082945910e-01 -2.067307862845902378e+01
3.190826466714363763e-01 -9.477201348183064145e-01 -3.579197273435081976e-03 -4.413108923647890833e+02 9.475920433219912065e-01 3.189712630145103422e-01 1.807353877308604320e-02 7.352239670769936311e+02 -1.598699552778729341e-02 -9.158571444221969005e-03 9.998302538646726134e-01 -2.066929010129724986e+01
3.190587365560701993e-01 -9.477282985654730263e-01 -3.548904822290640821e-03 -4.413133059840013175e+02 9.475984752685452372e-01 3.189470128285175621e-01 1.816404901156116330e-02 7.352169444840410506e+02 -1.608267067290437141e-02 -9.158335326847037369e-03 9.998287216308942016e-01 -2.067272983157850064e+01
3.190777029151199984e-01 -9.477220505145820262e-01 -3.512046532487762222e-03 -4.413157461368537042e+02 9.475902293102915763e-01 3.189656278844936188e-01 1.826706172103696388e-02 7.352141481351193306e+02 -1.619187506374303656e-02 -9.156593072025683358e-03 9.998269750237955833e-01 -2.067486458424865248e+01
3.191428007650564669e-01 -9.477001734061099025e-01 -3.500577932920584476e-03 -4.413099226966582478e+02 9.475684702958365735e-01 3.190310240493345328e-01 1.825376112591181946e-02 7.352243460260981465e+02 -1.618229962163616684e-02 -9.142593727268725351e-03 9.998272581595751829e-01 -2.067443656532610063e+01
3.191263202219352668e-01 -9.477057806260579254e-01 -3.484983437691874589e-03 -4.413063038431664040e+02 9.475762988347987692e-01 3.190161344635467078e-01 1.810701075498076518e-02 7.352207542796123789e+02 -1.604835281739151048e-02 -9.080711419844653826e-03 9.998299810727613313e-01 -2.067315176773853480e+01
3.191144451007816851e-01 -9.477093952581143732e-01 -3.587905728862563794e-03 -4.413054454524628341e+02 9.475813992370294425e-01 3.190029247839021864e-01 1.807279168556985560e-02 7.352201445874652563e+02 -1.598320205760118268e-02 -9.167121621048787347e-03 9.998302361567041885e-01 -2.067025391380155241e+01
3.190763222252766540e-01 -9.477220457976687218e-01 -3.636551150839694053e-03 -4.413063055559395025e+02 9.475955049482960302e-01 3.189646145728943782e-01 1.800926573043568762e-02 7.352204112131811371e+02 -1.590784702516014060e-02 -9.192309799295372147e-03 9.998312066761959604e-01 -2.067152696975805171e+01
3.190162314213593198e-01 -9.477426739850854931e-01 -3.531005142093629652e-03 -4.413110357097755241e+02 9.476115712157725524e-01 3.189041709487821508e-01 1.823293310044303214e-02 7.352192074413841283e+02 -1.615407650374978132e-02 -9.162622936131414181e-03 9.998275312038779061e-01 -2.067382787481882644e+01
3.190482316767780935e-01 -9.477320909680340133e-01 -3.479886963548505917e-03 -4.413137543864622785e+02 9.475977065699398016e-01 3.189354076136720062e-01 1.840631070290140239e-02 7.352207138413428993e+02 -1.633439216229917723e-02 -9.170033787235246786e-03 9.998245336622967328e-01 -2.067050908774243467e+01
3.191953131124397047e-01 -9.476825448607836266e-01 -3.485147520587839401e-03 -4.413110226513628618e+02 9.475495859034254176e-01 3.190831470979487161e-01 1.832286801558124373e-02 7.352204907754767191e+02 -1.625221035118448731e-02 -9.150923683296716127e-03 9.998260479975721315e-01 -2.066869979660435064e+01
3.192461017597643114e-01 -9.476651035747633012e-01 -3.574629746879145510e-03 -4.413065766152061542e+02 9.475364492016116191e-01 3.191344597092484192e-01 1.810729301933988733e-02 7.352243642413011457e+02 -1.601886218170042037e-02 -9.167774687414375484e-03 9.998296594728947051e-01 -2.067189022589516512e+01
3.191517555963808150e-01 -9.476966088379076281e-01 -3.646161937965519684e-03 -4.413076136041732980e+02 9.475696537746319814e-01 3.190395891445985677e-01 1.804139140616090736e-02 7.352276954985676412e+02 -1.593449544769283410e-02 -9.212934145841936498e-03 9.998305925001755856e-01 -2.067281386025495493e+01
3.190884255011541826e-01 -9.477180775994510364e-01 -3.608615024509401366e-03 -4.413077267022494539e+02 9.475899351570821194e-01 3.189763861061780115e-01 1.809364240941641749e-02 7.352239963414915564e+02 -1.599660902165753185e-02 -9.192959145083331313e-03 9.998297845143268026e-01 -2.067418856767212532e+01
3.191131357208037977e-01 -9.477101019411880989e-01 -3.517000008373071928e-03 -4.413151940918545506e+02 9.475786481196600830e-01 3.190011554562307561e-01 1.824742297717394171e-02 7.352222042416804015e+02 -1.617134002345087598e-02 -9.155626478440804378e-03 9.998273162229732725e-01 -2.067348791100487659e+01
3.191232159563356929e-01 -9.477068338031886530e-01 -3.482843726190786547e-03 -4.413178012126230669e+02 9.475754964297534721e-01 3.190120279014977411e-01 1.822099393778803256e-02 7.352177940969168048e+02 -1.615709143357204128e-02 -9.114999556180301832e-03 9.998279177836044695e-01 -2.067130577449221462e+01
3.191143450578799445e-01 -9.477095778822527405e-01 -3.548347294490464439e-03 -4.413128179228457952e+02 9.475815527157062101e-01 3.190036472613171914e-01 1.805198013705684723e-02 7.352140422058048443e+02 -1.597609874693665596e-02 -9.122994257322601316e-03 9.998307533000818648e-01 -2.067155388411032391e+01
3.190832886332007345e-01 -9.477199034085355134e-01 -3.583238526444925288e-03 -4.413078972502904094e+02 9.475927033434462521e-01 3.189723302780126390e-01 1.802001906976138934e-02 7.352172758169647295e+02 -1.593497678949213139e-02 -9.145337628010783912e-03 9.998312054113875913e-01 -2.067342121850948899e+01
3.190668770068032511e-01 -9.477254226557590977e-01 -3.584863886975089061e-03 -4.413044961346059267e+02 9.475973664288411813e-01 3.189553964135303787e-01 1.807446363830687505e-02 7.352238216912378448e+02 -1.598621700873181437e-02 -9.163970244951046007e-03 9.998302168443897742e-01 -2.067353351818056240e+01
3.191278471391779115e-01 -9.477049217803675818e-01 -3.577487048302548447e-03 -4.413067756992579120e+02 9.475750347506948223e-01 3.190154635146311701e-01 1.818481662720958236e-02 7.352249646806744749e+02 -1.609256653034813259e-02 -9.193218794977572883e-03 9.998282422649672485e-01 -2.067343144520814135e+01
3.191104339493029407e-01 -9.477109164424183385e-01 -3.542569767699047315e-03 -4.413113662963954198e+02 9.475809052589453385e-01 3.189987276567450292e-01 1.817249960836794451e-02 7.352197455803242292e+02 -1.609220100936461367e-02 -9.155905703389069852e-03 9.998285905381106842e-01 -2.067282981380056839e+01
3.190729668198934998e-01 -9.477234906618287047e-01 -3.553462045619031409e-03 -4.413166393050951228e+02 9.475952467145646319e-01 3.189620440265056311e-01 1.806828365942474146e-02 7.352172319875102176e+02 -1.599031734253682224e-02 -9.132344616365264955e-03 9.998304406413583978e-01 -2.067122057833573479e+01
3.190552353713975164e-01 -9.477293528864418892e-01 -3.581963085855529357e-03 -4.413131409904718794e+02 9.476014713754449259e-01 3.189439188751354015e-01 1.806178450938814364e-02 7.352205387651557658e+02 -1.597523800118793094e-02 -9.156980398439523022e-03 9.998304563678724888e-01 -2.067205761724728674e+01
3.190547727447243243e-01 -9.477294561219663516e-01 -3.595829191443414546e-03 -4.413097253796730115e+02 9.476007953621111701e-01 3.189427148293024761e-01 1.811842394936832856e-02 7.352229054448072247e+02 -1.602450055094061659e-02 -9.188180237456355579e-03 9.998293818077247375e-01 -2.067331301541180366e+01
3.191090356297553443e-01 -9.477112256765549692e-01 -3.585541254730699023e-03 -4.413091949771861664e+02 9.475810531457190544e-01 3.189963206990928946e-01 1.820700688449838900e-02 7.352235738220352914e+02 -1.611121034243552519e-02 -9.207611366871731873e-03 9.998278095723376335e-01 -2.067221406047615773e+01
3.191682047913841913e-01 -9.476913116820219196e-01 -3.582570676710426609e-03 -4.413064944980719702e+02 9.475613450390735215e-01 3.190556588623377210e-01 1.819296390537115948e-02 7.352259646118540104e+02 -1.609827437918611923e-02 -9.201321118633037574e-03 9.998280758468849339e-01 -2.067306699200598175e+01
3.191655367472428506e-01 -9.476921674848500787e-01 -3.593861532028493587e-03 -4.413077881265383553e+02 9.475644721636113932e-01 3.190540521777831540e-01 1.805776515058164083e-02 7.352215022674724878e+02 -1.596656651072753466e-02 -9.168831812366731726e-03 9.998304862710754026e-01 -2.067302793070243538e+01
3.190808157621592422e-01 -9.477208782534609632e-01 -3.545410419596521298e-03 -4.413158159004661911e+02 9.475921704746556040e-01 3.189697975024907706e-01 1.809272606192560001e-02 7.352157404742558811e+02 -1.601597538980546395e-02 -9.132644945929423858e-03 9.998300272189293292e-01 -2.067389447821397042e+01
3.190770279429932521e-01 -9.477222713983776137e-01 -3.513763589944911541e-03 -4.413142670281418418e+02 9.475919325564188256e-01 3.189657557101270302e-01 1.817624929020844951e-02 7.352154480287039178e+02 -1.610526600396597688e-02 -9.129237633412928127e-03 9.998286240287254101e-01 -2.067255202845616679e+01
3.191248622153336489e-01 -9.477061262240771278e-01 -3.524291900170205011e-03 -4.413101908580272834e+02 9.475758781364884697e-01 3.190134075954370041e-01 1.817693451082205355e-02 7.352256098539317009e+02 -1.610209582344557938e-02 -9.140245713376324993e-03 9.998285745158476123e-01 -2.067311164997660100e+01
3.191950656129455832e-01 -9.476821767052723278e-01 -3.605834647417546692e-03 -4.413053837997133542e+02 9.475535247193880295e-01 3.190827710257244654e-01 1.812465244935905495e-02 7.352252565358485299e+02 -1.602585037407655566e-02 -9.202020957500788717e-03 9.998292328843387811e-01 -2.067444322376767474e+01
3.191673790001340327e-01 -9.476915909941472371e-01 -3.582253643538095295e-03 -4.413081774493423382e+02 9.475641223814595948e-01 3.190562704671886518e-01 1.803691356699350240e-02 7.352214672555199968e+02 -1.595049082755320077e-02 -9.151209458316230880e-03 9.998309043072285407e-01 -2.067475584903646890e+01
3.191438451630185247e-01 -9.476995137544925729e-01 -3.582976983135126130e-03 -4.413125857315441181e+02 9.475725309509014371e-01 3.190330048755523618e-01 1.800667618911281145e-02 7.352196672441804139e+02 -1.592183035542725153e-02 -9.141850445847006859e-03 9.998314467391785643e-01 -2.067246299889607286e+01
3.190778085046160339e-01 -9.477217104172820372e-01 -3.593288693251358266e-03 -4.413108316121679309e+02 9.475927308602511978e-01 3.189656172844820836e-01 1.813701770252482137e-02 7.352175468417650563e+02 -1.604270989278105269e-02 -9.192094106938360557e-03 9.998290538213147061e-01 -2.067115892694757662e+01
3.191034258978817650e-01 -9.477132191559080043e-01 -3.557782649434132558e-03 -4.413099517581493956e+02 9.475841482630175117e-01 3.189919330634456429e-01 1.812259918163727085e-02 7.352167835561747324e+02 -1.604012284513908759e-02 -9.154281926603582281e-03 9.998294422457868480e-01 -2.067224615718362202e+01
3.191759251952073217e-01 -9.476887924815240449e-01 -3.561092626486025026e-03 -4.413081378608583236e+02 9.475590702284748534e-01 3.190639754669766792e-01 1.816557147346695503e-02 7.352236138024485399e+02 -1.607909212401392382e-02 -9.172358699894050948e-03 9.998286506358716741e-01 -2.067325463272409536e+01
3.191964537710414995e-01 -9.476819840752823687e-01 -3.532840093698348758e-03 -4.413067636749689200e+02 9.475521141452358798e-01 3.190850174247102378e-01 1.815881697597382383e-02 7.352280407455417617e+02 -1.608150735739431042e-02 -9.143780083129150055e-03 9.998288735613237721e-01 -2.067366418673187312e+01
3.191125606623891331e-01 -9.477101367708465895e-01 -3.559534980332748622e-03 -4.413132745376580033e+02 9.475810796050737617e-01 3.190010365407661697e-01 1.812281049948380809e-02 7.352242252469402501e+02 -1.603967586880865673e-02 -9.156164464445238835e-03 9.998294321784709782e-01 -2.067530843811306696e+01
3.190934030163004587e-01 -9.477166911719971942e-01 -3.531773701428894338e-03 -4.413098039836982025e+02 9.475871824950987676e-01 3.189822157588808604e-01 1.813498278344555584e-02 7.352194746737548030e+02 -1.606025287714739694e-02 -9.133416860958950070e-03 9.998293099194313083e-01 -2.067605093771493330e+01
3.190820179490231334e-01 -9.477205953058055465e-01 -3.512699074617762259e-03 -4.413081707056591654e+02 9.475899674080718871e-01 3.189706035522525407e-01 1.819361803164747451e-02 7.352169773570243478e+02 -1.612201876779108950e-02 -9.133854756963214611e-03 9.998283118656571267e-01 -2.067368107787303444e+01
3.191093471728746467e-01 -9.477115260485166059e-01 -3.476771734479641631e-03 -4.413125249931141525e+02 9.475802248045671616e-01 3.189983116301007282e-01 1.821523363758708117e-02 7.352159319836583791e+02 -1.615370255478563652e-02 -9.107171456444180038e-03 9.998280438764630684e-01 -2.067332010217942795e+01
3.190966431457477603e-01 -9.477156303432556772e-01 -3.523682193494900861e-03 -4.413095345446451461e+02 9.475857866636034910e-01 3.189854368667817686e-01 1.815125285011968612e-02 7.352250815947530782e+02 -1.607822273249929351e-02 -9.130995016638278686e-03 9.998290432287764151e-01 -2.067363222594894978e+01
3.191377039482430900e-01 -9.477017919851554728e-01 -3.526951483728468263e-03 -4.413093822747760555e+02 9.475719499818582303e-01 3.190264207304537858e-01 1.815330502952360384e-02 7.352222632632724526e+02 -1.607872899898877758e-02 -9.135444381122247853e-03 9.998289944434181065e-01 -2.067319327520534955e+01
3.191450124495154306e-01 -9.476992835080348954e-01 -3.539642207288070351e-03 -4.413094731275203344e+02 9.475695176057251645e-01 3.190335010010953987e-01 1.815584047732326026e-02 7.352203003113527302e+02 -1.607701256616306251e-02 -9.148402994023568241e-03 9.998289035578069583e-01 -2.067267746041219922e+01
3.191284703051969762e-01 -9.477049015552555522e-01 -3.526897901554320539e-03 -4.413067217213297226e+02 9.475755096594735694e-01 3.190174459247530625e-01 1.812519487444644653e-02 7.352196191797987694e+02 -1.605219406356583889e-02 -9.126267790847955239e-03 9.998295046166398858e-01 -2.067596912637662854e+01
3.191203652726450901e-01 -9.477076361789380510e-01 -3.525449812871785018e-03 -4.413118442358265270e+02 9.475774732266857292e-01 3.190089352523919897e-01 1.817227180254285535e-02 7.352191097850694632e+02 -1.609735076289906669e-02 -9.139778841129802406e-03 9.998286551910540165e-01 -2.067618840193789964e+01
3.191090637938451269e-01 -9.477114723500983384e-01 -3.517183621071008105e-03 -4.413157348991434219e+02 9.475809859369865862e-01 3.189976285534190659e-01 1.818758004749048210e-02 7.352218108834957775e+02 -1.611460503098387578e-02 -9.136637965006190812e-03 9.998284059534374713e-01 -2.067519716419958442e+01
3.191352151065772191e-01 -9.477026037774023415e-01 -3.534016470014336546e-03 -4.413106344084743000e+02 9.475728767762598981e-01 3.190238474879209529e-01 1.815014964035299022e-02 7.352212237413505136e+02 -1.607350854176234009e-02 -9.141090062756783430e-03 9.998290267818906729e-01 -2.067548295763397448e+01
3.191383628642299186e-01 -9.477015870814663456e-01 -3.522384364164527024e-03 -4.413112377616006938e+02 9.475721875607874267e-01 3.190274280004247731e-01 1.812317700343958615e-02 7.352154065259966274e+02 -1.605162638498968189e-02 -9.121514496157666005e-03 9.998295571064566012e-01 -2.067276565773129349e+01
3.191373114744814332e-01 -9.477019736939353844e-01 -3.513613732236604750e-03 -4.413139089196385498e+02 9.475720964096510102e-01 3.190262918819192217e-01 1.814792533300431387e-02 7.352086906515186229e+02 -1.607788949643749674e-02 -9.121082429843807224e-03 9.998291390655947852e-01 -2.067441344187634300e+01
3.190980304261843981e-01 -9.477150243107116401e-01 -3.560852970439201855e-03 -4.413065392302107171e+02 9.475846950463092666e-01 3.189857556722590082e-01 1.820256553872072469e-02 7.352191284673401697e+02 -1.611498346643264884e-02 -9.182612588207694077e-03 9.998279786712971351e-01 -2.067523188318024552e+01
3.191058684822390967e-01 -9.477121803127085409e-01 -3.614967099182221644e-03 -4.413061703258736088e+02 9.475834775612698158e-01 3.189933682433898077e-01 1.813240385685576175e-02 7.352216436594472952e+02 -1.603114946243414801e-02 -9.211639575525322476e-03 9.998290593612709776e-01 -2.067477887727549657e+01
3.191286265185536153e-01 -9.477046632286408867e-01 -3.576455098241852239e-03 -4.413132783800703578e+02 9.475758997132479600e-01 3.190169070644213734e-01 1.811428413378998389e-02 7.352197696345283475e+02 -1.602604190094543066e-02 -9.169749273483780369e-03 9.998295263089856943e-01 -2.067281762228171615e+01
3.191152197228117049e-01 -9.477094829283799760e-01 -3.494640022124144343e-03 -4.413105059459950326e+02 9.475794765913623241e-01 3.190045345543282562e-01 1.814504000041527315e-02 7.352169574652117490e+02 -1.608142046281566331e-02 -9.101807589651350269e-03 9.998292579308225569e-01 -2.067054912203214556e+01
3.191433457877601021e-01 -9.477000757299757217e-01 -3.477254778169572985e-03 -4.413074786031098711e+02 9.475700447241667268e-01 3.190330099053881319e-01 1.813694936172543376e-02 7.352184202119370866e+02 -1.607902922553057501e-02 -9.083229167351698427e-03 9.998294653424943945e-01 -2.067020284511324846e+01
3.191407677576282853e-01 -9.477008446067879399e-01 -3.504209847057249746e-03 -4.413055061192077915e+02 9.475697185779480280e-01 3.190292402198138255e-01 1.822010754296685478e-02 7.352171883177356904e+02 -1.614926590221870198e-02 -9.135262248503103408e-03 9.998278592810218024e-01 -2.067095341341096315e+01
3.191263503521032940e-01 -9.477053837827509319e-01 -3.588601417705743549e-03 -4.413065667073538521e+02 9.475758333417061419e-01 3.190139222764853955e-01 1.817023556656295960e-02 7.352170846251244711e+02 -1.607521625728325007e-02 -9.199072940308966953e-03 9.998284675279658362e-01 -2.067563196434414863e+01
3.191223647072379821e-01 -9.477065524805534658e-01 -3.634106366715279032e-03 -4.413114428832878389e+02 9.475785127241670436e-01 3.190098346564891885e-01 1.810214395853892641e-02 7.352197426531395195e+02 -1.599620477228364326e-02 -9.220400092373279288e-03 9.998295382989140778e-01 -2.067716140391565816e+01
3.191184550088113081e-01 -9.477078097757765107e-01 -3.649515418474353571e-03 -4.413060118346633089e+02 9.475788610989875904e-01 3.190050727780653350e-01 1.816770596986363312e-02 7.352269739833728863e+02 -1.605346290167465953e-02 -9.255853923958362595e-03 9.998282930068557173e-01 -2.067217781069012972e+01
3.191909154550640615e-01 -9.476836579936049887e-01 -3.583833536603812844e-03 -4.413085072841537908e+02 9.475527348033653263e-01 3.190777914487220035e-01 1.825315783282037765e-02 7.352224123716039230e+02 -1.615469769516240939e-02 -9.222113427292663590e-03 9.998269742141948635e-01 -2.066914176951432935e+01
3.191931512141541472e-01 -9.476832509440991092e-01 -3.491145657466921369e-03 -4.413086491999803798e+02 9.475527358114216314e-01 3.190822365946571759e-01 1.817523441504793197e-02 7.352183331832185331e+02 -1.611040267246139843e-02 -9.109454965844034427e-03 9.998287217098519308e-01 -2.067281245716039351e+01
3.190747222790110138e-01 -9.477229851124224780e-01 -3.530593741974350722e-03 -4.413105366942279488e+02 9.475927834159452168e-01 3.189631700529524383e-01 1.817726513514927519e-02 7.352175393477402849e+02 -1.610088260295436391e-02 -9.145470975858101953e-03 9.998285462718273786e-01 -2.067234629434792481e+01
3.190569403011604410e-01 -9.477287067134121390e-01 -3.601016104554357646e-03 -4.413092504273680561e+02 9.475994030968768467e-01 3.189444028455963864e-01 1.816147416674644341e-02 7.352238747014968112e+02 -1.606362649295515338e-02 -9.206865090218636222e-03 9.998285820775005828e-01 -2.067157272273606239e+01
3.191391971599016886e-01 -9.477008213787970758e-01 -3.650478610603879494e-03 -4.413047230594453936e+02 9.475721754351384973e-01 3.190259646837958485e-01 1.814955092262608705e-02 7.352225245827564777e+02 -1.603574685672356712e-02 -9.251325068689000147e-03 9.998286192179240972e-01 -2.067202189286950542e+01
3.191828592735366787e-01 -9.476862796533226385e-01 -3.608005378849022098e-03 -4.413048078541419272e+02 9.475577560204060390e-01 3.190705946353687983e-01 1.811779911042126975e-02 7.352185857143717840e+02 -1.601878121278442826e-02 -9.201684404299532993e-03 9.998293492654537484e-01 -2.067283517890983546e+01
3.191241355171972605e-01 -9.477062301971059810e-01 -3.561934304736657890e-03 -4.413047827735105102e+02 9.475770695684032630e-01 3.190124989374049647e-01 1.813071288918588833e-02 7.352182034701993416e+02 -1.604628799939150988e-02 -9.161155347549486405e-03 9.998292803644723836e-01 -2.067010444191423701e+01
3.190676467087357748e-01 -9.477253801907858932e-01 -3.527118651159774198e-03 -4.413097039249909699e+02 9.475949440449662475e-01 3.189560368305689453e-01 1.818979355997835806e-02 7.352161888978495199e+02 -1.611393323081727544e-02 -9.146054426185715874e-03 9.998283306869565346e-01 -2.066835028064932800e+01
3.191511901909078186e-01 -9.476972714499228845e-01 -3.521290402404740442e-03 -4.413065829229758492e+02 9.475667663894660198e-01 3.190396482927851940e-01 1.819137299457032619e-02 7.352242526406747629e+02 -1.611648329936212279e-02 -9.142456102548778690e-03 9.998283224946543646e-01 -2.066891785481288224e+01
3.192035449480341569e-01 -9.476793639614429221e-01 -3.594442132418914151e-03 -4.413058221851534881e+02 9.475505736620313257e-01 3.190914120012284805e-01 1.812680721523739907e-02 7.352322228111642062e+02 -1.603144551699759238e-02 -9.192056826261901445e-03 9.998292348425996678e-01 -2.067264699957258145e+01
3.191839204620113279e-01 -9.476857548245151142e-01 -3.651714828599886102e-03 -4.413064737099834929e+02 9.475567698932431115e-01 3.190704568439396427e-01 1.817171975580886625e-02 7.352276535396699728e+02 -1.605592563461810673e-02 -9.260327860755422288e-03 9.998282120344109680e-01 -2.067428587956879227e+01
3.191464753908523355e-01 -9.476987906638598691e-01 -3.539692056285934346e-03 -4.413074945766827568e+02 9.475690231252191786e-01 3.190349616520772869e-01 1.815598130578550268e-02 7.352174914661279672e+02 -1.607711600737120675e-02 -9.148519984942610900e-03 9.998289008240214271e-01 -2.067305379395855880e+01
3.190922984052546041e-01 -9.477172364379499170e-01 -3.484947182778410420e-03 -4.413068825387404672e+02 9.475868776775402402e-01 3.189816244456720740e-01 1.816129178585991488e-02 7.352173330047126001e+02 -1.610013514796835438e-02 -9.097418557758644303e-03 9.998289966908352477e-01 -2.067118303880133112e+01
3.191117266947919862e-01 -9.477105012858061395e-01 -3.537179451813722390e-03 -4.413060426455069774e+02 9.475816341907356000e-01 3.190007860636702719e-01 1.809820530263276869e-02 7.352208664304002923e+02 -1.602349619415467663e-02 -9.127115829575515801e-03 9.998299572058988449e-01 -2.067214548586786904e+01
3.191350575048448879e-01 -9.477022351566858349e-01 -3.645346403420685576e-03 -4.413087383472728789e+02 9.475747799643937652e-01 3.190226227579764928e-01 1.807214829656698940e-02 7.352175224013089974e+02 -1.596406736425897907e-02 -9.221694401976343602e-03 9.998300400095738727e-01 -2.067302933155979972e+01
3.191118604877788978e-01 -9.477101575520847643e-01 -3.616319763377554529e-03 -4.413106698547827591e+02 9.475806176263443792e-01 3.189988493615961707e-01 1.818535688002318601e-02 7.352157046038262251e+02 -1.608084559046661297e-02 -9.229917582534089351e-03 9.998280927372041882e-01 -2.067292554593008092e+01
3.191208554876246439e-01 -9.477075281839714149e-01 -3.510073542453806972e-03 -4.413091712301045391e+02 9.475764383052701634e-01 3.190092274726156751e-01 1.822104157352713583e-02 7.352199612720133928e+02 -1.614847242143450240e-02 -9.140777360367492027e-03 9.998278216911662408e-01 -2.067208842050580486e+01
3.191573989970560299e-01 -9.476953332589481693e-01 -3.479940322042024501e-03 -4.413102720651925210e+02 9.475639468808764176e-01 3.190462381415974380e-01 1.822263699993717859e-02 7.352226728823761732e+02 -1.615924617580750955e-02 -9.113355414231510271e-03 9.998278979485037965e-01 -2.066985444392891580e+01
3.191273928811979577e-01 -9.477052827709920857e-01 -3.521948438467683608e-03 -4.413071835569135146e+02 9.475747476685889570e-01 3.190158247887714960e-01 1.819343604574100853e-02 7.352231791333572346e+02 -1.611845816634362161e-02 -9.143333215710928302e-03 9.998282826385971322e-01 -2.066962062369399078e+01
3.191548319968219860e-01 -9.476958394679159126e-01 -3.576180683690230282e-03 -4.413074112167795420e+02 9.475659104688463064e-01 3.190424467560074584e-01 1.818687673261628127e-02 7.352207219890685792e+02 -1.609467397705017025e-02 -9.193096493687090767e-03 9.998282094672216180e-01 -2.067277712372475662e+01
3.191341334275834551e-01 -9.477026944531272701e-01 -3.606633847195631504e-03 -4.413074823648165079e+02 9.475739545631274297e-01 3.190217837583930738e-01 1.813014399307368713e-02 7.352229046033750137e+02 -1.603139154976334496e-02 -9.203500089395268841e-03 9.998291304373376764e-01 -2.067531523382913861e+01
3.190871940642643345e-01 -9.477185306694382305e-01 -3.598501070643881413e-03 -4.413089638937748873e+02 9.475893780134220235e-01 3.189747906070758976e-01 1.815085764663991810e-02 7.352204676427462573e+02 -1.605407301375573470e-02 -9.201607627638301243e-03 9.998287839208951366e-01 -2.067216604891042309e+01
3.190753514193383489e-01 -9.477226547171613280e-01 -3.562281920589018686e-03 -4.413109901512895021e+02 9.475927201685274692e-01 3.189632758155585557e-01 1.817870635165291446e-02 7.352218622859720654e+02 -1.609213473214258713e-02 -9.175969532640720558e-03 9.998284076694854416e-01 -2.066916047668864564e+01
3.191220623620620866e-01 -9.477070844380867110e-01 -3.520144832978031827e-03 -4.413119711614490370e+02 9.475765741266352071e-01 3.190105478441161435e-01 1.819083644659567900e-02 7.352230828728889946e+02 -1.611662124063429485e-02 -9.140704024191481647e-03 9.998283362906494887e-01 -2.067076403675492102e+01
3.191578162081270542e-01 -9.476950014187112137e-01 -3.531662391589260666e-03 -4.413092615297860561e+02 9.475657149746595787e-01 3.190467446372724503e-01 1.812154907621993730e-02 7.352209621668133650e+02 -1.604693608830304319e-02 -9.130116228610148793e-03 9.998295538839757635e-01 -2.067234381812898292e+01
3.191212541605587538e-01 -9.477071752086130285e-01 -3.568641352563932043e-03 -4.413103811502605254e+02 9.475789383311689074e-01 3.190100035717395310e-01 1.807687064550260111e-02 7.352213072242101362e+02 -1.599314772543307395e-02 -9.150283015838214795e-03 9.998302313625861970e-01 -2.067352168804550061e+01
3.191198035654472243e-01 -9.477076876109030712e-01 -3.562276736177816261e-03 -4.413101161048780909e+02 9.475793259288325388e-01 3.190086170050602798e-01 1.808102178469787880e-02 7.352214032156969097e+02 -1.599912637022098821e-02 -9.145551908634700494e-03 9.998301789982517729e-01 -2.067266219261212257e+01
3.191006141302833998e-01 -9.477145002849721722e-01 -3.467565613154817861e-03 -4.413123396505984033e+02 9.475843061128216283e-01 3.189904003036966862e-01 1.814131535391852804e-02 7.352141692130135198e+02 -1.608666747213138501e-02 -9.074715626008535499e-03 9.998294197841691711e-01 -2.067327045348779535e+01
3.190924664110358910e-01 -9.477170811911729276e-01 -3.511680253874252880e-03 -4.413100590920677178e+02 9.475877522521835017e-01 3.189818081401397665e-01 1.811236752338457601e-02 7.352148331132568728e+02 -1.604523796573296274e-02 -9.107145223977004128e-03 9.998297906366325760e-01 -2.067037602535850027e+01
3.191345938794568071e-01 -9.477028045041092641e-01 -3.536286815300155543e-03 -4.413076983730369989e+02 9.475740199013146237e-01 3.190237145471297442e-01 1.809271578881842951e-02 7.352201006074644738e+02 -1.601835813863788927e-02 -9.124905018538985446e-03 9.998300597156224434e-01 -2.067401166004653845e+01
3.191454605909465614e-01 -9.476990149157479282e-01 -3.571009929035733749e-03 -4.413087260555291778e+02 9.475695442997161821e-01 3.190334493847053476e-01 1.815535428806453258e-02 7.352221309230759516e+02 -1.606653975879783480e-02 -9.177979157602328061e-03 9.998288008448055209e-01 -2.067522191917965202e+01
3.191653113899755034e-01 -9.476923413367842608e-01 -3.567937351446738656e-03 -4.413104294134662382e+02 9.475627993363899826e-01 3.190533208378077412e-01 1.815818757893744931e-02 7.352222279845549338e+02 -1.607001304059538574e-02 -9.176308297502886249e-03 9.998287603619453456e-01 -2.067357031455193805e+01
3.190808876745578337e-01 -9.477209247120443880e-01 -3.526469022056414812e-03 -4.413077817646961307e+02 9.475911289491640854e-01 3.189696525605978938e-01 1.814974055519231327e-02 7.352221663680857091e+02 -1.607605230351948772e-02 -9.132886089228379675e-03 9.998290608569125881e-01 -2.067106133080542207e+01
3.190941016384736262e-01 -9.477165848178693563e-01 -3.497021688449745459e-03 -4.413072850853999398e+02 9.475873952119052701e-01 3.189838328255408806e-01 1.809538149486066005e-02 7.352203314010147324e+02 -1.603379976963005202e-02 -9.087863174665653312e-03 9.998301495793503468e-01 -2.067120015311959236e+01
3.191459401105022353e-01 -9.476989257801411437e-01 -3.551758177302716257e-03 -4.413096731194432323e+02 9.475696431427415023e-01 3.190344459626945350e-01 1.813266896004209205e-02 7.352140830135573424e+02 -1.605117769266953612e-02 -9.152505910561202843e-03 9.998292810926451279e-01 -2.067113036839687013e+01
3.191084809453211824e-01 -9.477113146430253821e-01 -3.611299815594866923e-03 -4.413102405307806748e+02 9.475832513211538410e-01 3.189964258245278073e-01 1.809038769092866095e-02 7.352170021237611763e+02 -1.599247336721643445e-02 -9.194803356521053656e-03 9.998298337151346749e-01 -2.067382377853901687e+01
3.191116744768195401e-01 -9.477102716289048656e-01 -3.602813021455464424e-03 -4.413106439142270574e+02 9.475817096979067822e-01 3.189995129482712799e-01 1.811668249869286679e-02 7.352161993497315962e+02 -1.602007049276284525e-02 -9.195204610715422902e-03 9.998293882225977036e-01 -2.067580726614669473e+01
3.191263081540842705e-01 -9.477053379961543067e-01 -3.604410844974043591e-03 -4.413106133100477564e+02 9.475769816055397143e-01 3.190142276321249470e-01 1.810487502343072208e-02 7.352226040231240631e+02 -1.600822836168027535e-02 -9.193198674765314451e-03 9.998295963427201727e-01 -2.067449355468419725e+01
3.191839949628260675e-01 -9.476859717163897967e-01 -3.588366136901686987e-03 -4.413081508589353916e+02 9.475573434451841637e-01 3.190720882518783830e-01 1.811307212185541207e-02 7.352279277675742151e+02 -1.602055687785603616e-02 -9.181585404894825053e-03 9.998295055892160166e-01 -2.067163694134413277e+01
3.191549496761619253e-01 -9.476959040552347391e-01 -3.548455176229564200e-03 -4.413099507810482010e+02 9.475664735757343138e-01 3.190434396811688278e-01 1.814005930685850740e-02 7.352288585926316955e+02 -1.605914855945009961e-02 -9.151886873184427243e-03 9.998291587637390121e-01 -2.067063631834395565e+01
3.191309614163391206e-01 -9.477040950111055295e-01 -3.518204750171248941e-03 -4.413103966447523590e+02 9.475742140178993189e-01 3.190198434249267856e-01 1.815071429713007237e-02 7.352182686269012493e+02 -1.607912913823031018e-02 -9.126215004933969921e-03 9.998290722947797970e-01 -2.067113397419059240e+01
3.190919288426544154e-01 -9.477171080126349789e-01 -3.553044840943569548e-03 -4.413095486339808531e+02 9.475874665432656441e-01 3.189802137608189203e-01 1.815534299368776541e-02 7.352121370201069794e+02 -1.607277815408925462e-02 -9.160044174000136347e-03 9.998288650529849608e-01 -2.067266914875510508e+01
3.190876385384195935e-01 -9.477183867449319177e-01 -3.596992849358339548e-03 -4.413095512535015246e+02 9.475885502707196428e-01 3.189748754840119882e-01 1.819253159391172325e-02 7.352155331990416016e+02 -1.609404634674724277e-02 -9.213481184794498208e-03 9.998280319318149090e-01 -2.067216777321277021e+01
3.191195615008883268e-01 -9.477076825918784309e-01 -3.585222979406570490e-03 -4.413102430944629759e+02 9.475778697560588437e-01 3.190070568319542943e-01 1.818456598284480877e-02 7.352213478771209338e+02 -1.608994145579415586e-02 -9.200328675955951607e-03 9.998282191137654040e-01 -2.067315313313120839e+01
3.191454368782107864e-01 -9.476990302169083780e-01 -3.569067910133276456e-03 -4.413055011420149754e+02 9.475695934011790778e-01 3.190334863628969675e-01 1.815214148964809995e-02 7.352214775778164721e+02 -1.606411470766383465e-02 -9.175113354415027206e-03 9.998288661133927224e-01 -2.067026169094722476e+01
3.191695599341067280e-01 -9.476910853839669580e-01 -3.521178102161554198e-03 -4.413063944483075147e+02 9.475621692450610922e-01 3.190589191202037878e-01 1.809258260841259749e-02 7.352232732565809101e+02 -1.602271597026019498e-02 -9.111136789980925008e-03 9.998301154492851284e-01 -2.067061881014244662e+01
3.191195986980562282e-01 -9.477076755178396317e-01 -3.583781712771631506e-03 -4.413094950009621016e+02 9.475783038652945134e-01 3.190073771082713727e-01 1.815630453240095823e-02 7.352250364321037068e+02 -1.606361636007583304e-02 -9.189946413031091152e-03 9.998287378918262469e-01 -2.066945921589182333e+01
3.191357407393844992e-01 -9.477022396400732740e-01 -3.583847640939415505e-03 -4.413102139932431101e+02 9.475734680604931404e-01 3.190238579177471223e-01 1.811907026001523605e-02 7.352237120758665014e+02 -1.602815056501034549e-02 -9.178401847064291200e-03 9.998294131145568642e-01 -2.066916694702036494e+01
3.191066919992142092e-01 -9.477122059246000374e-01 -3.534665874840821950e-03 -4.413109493096628171e+02 9.475827044833421420e-01 3.189954446762567897e-01 1.813627414417415956e-02 7.352180153315957796e+02 -1.606042606390171990e-02 -9.136794696464934501e-03 9.998292762753653307e-01 -2.067185050081469910e+01
3.190636142427457633e-01 -9.477266459221164174e-01 -3.551714455225830642e-03 -4.413085582630365025e+02 9.475970447109864914e-01 3.189519562022600230e-01 1.815187289942090526e-02 7.352180904229276166e+02 -1.607018734680659006e-02 -9.157196293993471320e-03 9.998289327853400188e-01 -2.067263277545842826e+01
3.190571861460953507e-01 -9.477286935258555367e-01 -3.582657716131806142e-03 -4.413077243540220138e+02 9.476003202636190670e-01 3.189455727241748972e-01 1.809294547428267133e-02 7.352211876428232245e+02 -1.600453075923009144e-02 -9.167611871320780273e-03 9.998298904752517258e-01 -2.067448406401900840e+01
3.191425184734933418e-01 -9.476998506008716960e-01 -3.611934866697909859e-03 -4.413095031682462945e+02 9.475714651362293628e-01 3.190302577290651254e-01 1.811113229221827589e-02 7.352177529350585701e+02 -1.601160085612463382e-02 -9.202598785758723046e-03 9.998294558641551699e-01 -2.067424797007885218e+01
3.191270512212271426e-01 -9.477050908129401874e-01 -3.603612920520774584e-03 -4.413111471647318353e+02 9.475756961543024826e-01 3.190143918003655044e-01 1.816914642828180299e-02 7.352196234691309655e+02 -1.606938818168451508e-02 -9.212962144697370293e-03 9.998284333284320757e-01 -2.067136110123193049e+01
3.190848710803068644e-01 -9.477192423961566803e-01 -3.616993187509172022e-03 -4.413072379189606522e+02 9.475901077544549578e-01 3.189720837884011395e-01 1.816032625220077856e-02 7.352200177089113140e+02 -1.605717078333448664e-02 -9.222112325258741139e-03 9.998285452569831699e-01 -2.067026546150097133e+01
3.190777196525005910e-01 -9.477218447354008868e-01 -3.565646181126670526e-03 -4.413107502771298414e+02 9.475930750101591027e-01 3.189662368439670215e-01 1.810811824541935788e-02 7.352161225797841553e+02 -1.602413848392455001e-02 -9.156678706118302410e-03 9.998296766054312057e-01 -2.067125286193130762e+01
3.191193786818181111e-01 -9.477079358004825149e-01 -3.534200124330494613e-03 -4.413107573075492382e+02 9.475784622154054260e-01 3.190081545266350016e-01 1.813436767572710467e-02 7.352118384147629513e+02 -1.605864549761982715e-02 -9.135960064440255476e-03 9.998293125021304739e-01 -2.067348502504636443e+01
3.191137600812077868e-01 -9.477097234267439774e-01 -3.562056883033562580e-03 -4.413117338055525920e+02 9.475807648955079099e-01 3.190022384031784286e-01 1.811810955388639885e-02 7.352145790941625592e+02 -1.603440447532194016e-02 -9.157074651130190854e-03 9.998295083947840167e-01 -2.067313373149481492e+01
3.191595117552498140e-01 -9.476945141570926046e-01 -3.509115658204383075e-03 -4.413100023250805179e+02 9.475654793757740668e-01 3.190490612735464859e-01 1.809305932751424303e-02 7.352238998565725296e+02 -1.602711301235362762e-02 -9.099688841979680295e-03 9.998301492310923688e-01 -2.067145592757766792e+01
3.191747675444721044e-01 -9.476892393227372979e-01 -3.545903950126013011e-03 -4.413045170835779345e+02 9.475604921091280719e-01 3.190636972805150351e-01 1.809615626578189168e-02 7.352280907977643665e+02 -1.601816334165541422e-02 -9.135794961532481273e-03 9.998299633905662898e-01 -2.067163740793207083e+01
3.191311987144453965e-01 -9.477037843181858046e-01 -3.579831849485262847e-03 -4.413096228950606132e+02 9.475747881484559709e-01 3.190192737487254071e-01 1.813074301415260395e-02 7.352192762560567871e+02 -1.604053841024755817e-02 -9.178244158073172940e-03 9.998292158972372778e-01 -2.067431614069465340e+01
3.190744942478461743e-01 -9.477228534485642175e-01 -3.586108167927118135e-03 -4.413141230220606985e+02 9.475933089676449317e-01 3.189621333884712362e-01 1.816805614326588714e-02 7.352087681699946415e+02 -1.607444929790579832e-02 -9.195135430540993596e-03 9.998285160787239167e-01 -2.067513297892188007e+01
3.191300141309706406e-01 -9.477042887597358911e-01 -3.551780844791006288e-03 -4.413089354075455617e+02 9.475758422892133215e-01 3.190189998158454721e-01 1.808040006155945192e-02 7.352181875897329064e+02 -1.600178710816135830e-02 -9.135580052768597567e-03 9.998302275818853335e-01 -2.067489721956853188e+01
3.191704980980705764e-01 -9.476906758669307873e-01 -3.546268279361450629e-03 -4.413126131106399725e+02 9.475617896252733763e-01 3.190593416778109703e-01 1.810500843058247822e-02 7.352262851439220412e+02 -1.602647765352920028e-02 -9.138892876141849198e-03 9.998298018418031452e-01 -2.067258288137469791e+01
3.191747959158622860e-01 -9.476892600589492677e-01 -3.537798890380786012e-03 -4.413138298030265787e+02 9.475605590586027027e-01 3.190639239962418938e-01 1.808865170954935403e-02 7.352196883438159603e+02 -1.601363695781241048e-02 -9.125720412194646830e-03 9.998301279009059739e-01 -2.067205776313012677e+01
3.191107918738423921e-01 -9.477105893108221935e-01 -3.597418210772869440e-03 -4.413121257571352771e+02 9.475815963770009009e-01 3.189984982440716710e-01 1.814046100963975783e-02 7.352169120127585984e+02 -1.604433598702324076e-02 -9.197664168742555879e-03 9.998289765037692289e-01 -2.067202415188560138e+01
3.190940948123511256e-01 -9.477161355081652472e-01 -3.617340646834403019e-03 -4.413087522268198768e+02 9.475863154891952522e-01 3.189809047623625715e-01 1.820321660027912625e-02 7.352162822434562486e+02 -1.609761949787368376e-02 -9.236281419142343060e-03 9.998277640434117819e-01 -2.067342425832608654e+01
3.191091042418779944e-01 -9.477111672721905133e-01 -3.594859876049924605e-03 -4.413074871867768252e+02 9.475814195714511445e-01 3.189964331763739946e-01 1.818595347253640360e-02 7.352207503355735980e+02 -1.608828371518641193e-02 -9.209725746913399388e-03 9.998281592747657598e-01 -2.067179105921849569e+01
3.191282158254897805e-01 -9.477047944295945436e-01 -3.578334696379516840e-03 -4.413125917092378359e+02 9.475763036445750132e-01 3.190166125819843823e-01 1.809833329345084119e-02 7.352202060016438736e+02 -1.601032901986451998e-02 -9.166433978152461678e-03 9.998298084438170807e-01 -2.067048248664427135e+01
3.191354813003058344e-01 -9.477023862868038107e-01 -3.568136981629353721e-03 -4.413134185433850121e+02 9.475741507886705772e-01 3.190242393270603660e-01 1.807660031424484018e-02 7.352194579934024432e+02 -1.599291506738354310e-02 -9.149958911824872254e-03 9.998302380502199771e-01 -2.067064902754178846e+01
3.191031715663433799e-01 -9.477132697107750747e-01 -3.567115138672832374e-03 -4.413104288571678921e+02 9.475849775253116780e-01 3.189919254002232529e-01 1.807932238259068666e-02 7.352193704176437450e+02 -1.599613280315067068e-02 -9.149313830564560768e-03 9.998301924785898409e-01 -2.067318812955619123e+01
3.190556336974322282e-01 -9.477293340124367527e-01 -3.551345980462726655e-03 -4.413093965202080540e+02 9.475996753013680163e-01 3.189439523666060539e-01 1.815518156094152180e-02 7.352183683334850457e+02 -1.607351780639590735e-02 -9.157767255787428382e-03 9.998288740200577118e-01 -2.067450996237666772e+01
3.190264063984595277e-01 -9.477392201429503116e-01 -3.538731879800818391e-03 -4.413115838850590080e+02 9.476097497571059902e-01 3.189151066358123510e-01 1.813606695907251168e-02 7.352143780362697498e+02 -1.605970690144946020e-02 -9.139221099230281434e-03 9.998292656508604992e-01 -2.067493801655296082e+01
3.190837153124447823e-01 -9.477197863994789584e-01 -3.576183626791623518e-03 -4.413095874563027223e+02 9.475897487029288913e-01 3.189712825034796140e-01 1.819310559542047442e-02 7.352143892807404200e+02 -1.610126627092937565e-02 -9.193878670685398657e-03 9.998280961342611572e-01 -2.067405116012047372e+01
3.191306968263735722e-01 -9.477039999038260332e-01 -3.567479418567008013e-03 -4.413093020188950959e+02 9.475745260010196569e-01 3.190187619815752496e-01 1.815343432210139024e-02 7.352212475329373547e+02 -1.606598945154086300e-02 -9.173770764071040307e-03 9.998288483100051804e-01 -2.067384630569938153e+01
3.191607264592983273e-01 -9.476940343845413617e-01 -3.528155031266991867e-03 -4.413086237808713577e+02 9.475644984569472351e-01 3.190495869254807992e-01 1.813511363942404281e-02 7.352236032463132460e+02 -1.606088260363308998e-02 -9.131170496261369757e-03 9.998293203219040803e-01 -2.067057751785901587e+01
3.191562376761011843e-01 -9.476954632505878440e-01 -3.550336137553738655e-03 -4.413116411531667609e+02 9.475667767746944747e-01 3.190451117226563160e-01 1.809475721569021173e-02 7.352221252642661966e+02 -1.601560193227160450e-02 -9.139235204950687391e-03 9.998299729827145876e-01 -2.067090272470732870e+01
3.191384843311685371e-01 -9.477014185757073328e-01 -3.556550069416594771e-03 -4.413098345208127284e+02 9.475721756525254946e-01 3.190269124170339587e-01 1.813287298786346591e-02 7.352253594756541588e+02 -1.604991426594874065e-02 -9.156985489010555437e-03 9.998292603583923688e-01 -2.067242101195471804e+01
3.191420634480141016e-01 -9.477002784479037212e-01 -3.539147907290364665e-03 -4.413111295075626686e+02 9.475699650243076810e-01 3.190302517078384970e-01 1.818955411951024559e-02 7.352196843505348625e+02 -1.610915025620894211e-02 -9.158642093626802316e-03 9.998282925347852235e-01 -2.067303495930996249e+01
3.190789630015208322e-01 -9.477214293753868368e-01 -3.564782258112779260e-03 -4.413143992776017512e+02 9.475918219779776441e-01 3.189670199799859440e-01 1.815982063635244309e-02 7.352173079480339766e+02 -1.607340319693680367e-02 -9.172375251860809958e-03 9.998287419562952305e-01 -2.067296301540437042e+01
3.190893281983865903e-01 -9.477178221548028247e-01 -3.595858737471224666e-03 -4.413102188157515116e+02 9.475897050679876754e-01 3.189775745075805191e-01 1.808473971130273444e-02 7.352213502173447068e+02 -1.599223183508182225e-02 -9.178046165628773317e-03 9.998299915433196405e-01 -2.067315340785640387e+01
3.191243058305626712e-01 -9.477060539696050556e-01 -3.593424205597897225e-03 -4.413098502235216074e+02 9.475775842172329266e-01 3.190123944947119705e-01 1.810563580169272796e-02 7.352204436650692969e+02 -1.601247379996995762e-02 -9.182996684644357394e-03 9.998296221130354988e-01 -2.067187655195092333e+01
3.191035534110832628e-01 -9.477133879246839587e-01 -3.500935408940754681e-03 -4.413075169788526750e+02 9.475829895394974889e-01 3.189925149396057313e-01 1.817287395803498379e-02 7.352199496855977259e+02 -1.610590375635844243e-02 -9.116455496689461133e-03 9.998287303850434959e-01 -2.067295393817006044e+01
3.190931567928305124e-01 -9.477168749845646945e-01 -3.504590914343382393e-03 -4.413091741249344295e+02 9.475863962969501841e-01 3.189819972246089042e-01 1.817985147242569613e-02 7.352197201498679533e+02 -1.611145061581832627e-02 -9.121968871378782762e-03 9.998285907309131249e-01 -2.067199062778647800e+01
3.191057998626914971e-01 -9.477124607234546083e-01 -3.546869533302056399e-03 -4.413122968912994111e+02 9.475832146236680131e-01 3.189944386668601695e-01 1.812731262738730836e-02 7.352204669570498936e+02 -1.604804840060428811e-02 -9.145484629540604274e-03 9.998293955737762584e-01 -2.067200757783698606e+01
3.191887802998690238e-01 -9.476844839665016229e-01 -3.555471815017089560e-03 -4.413119037779541713e+02 9.475561154816786180e-01 3.190777203104397941e-01 1.807806446402070166e-02 7.352215550353538447e+02 -1.599782935133491762e-02 -9.139324408195363680e-03 9.998302566963090943e-01 -2.067489058698497928e+01
3.192011834876952170e-01 -9.476802118252283247e-01 -3.580583045359562490e-03 -4.413100418645415175e+02 9.475512392603121503e-01 3.190892417794161662e-01 1.813021668057657881e-02 7.352220635959279207e+02 -1.603912205521407230e-02 -9.179972523233314100e-03 9.998292227516510922e-01 -2.067386939136114776e+01
3.191880743378298080e-01 -9.476845738966507282e-01 -3.594662547642272880e-03 -4.413090936036578000e+02 9.475549652618499019e-01 3.190754709297108360e-01 1.817777925375642020e-02 7.352228962897095244e+02 -1.607983234126116392e-02 -9.208270701203908476e-03 9.998283086323223046e-01 -2.067283365045631527e+01
3.191038477868106682e-01 -9.477131327720521581e-01 -3.542922386164778538e-03 -4.413128493583524801e+02 9.475834357318978496e-01 3.189923141108572668e-01 1.815312272676268546e-02 7.352184788654204795e+02 -1.607378779829792687e-02 -9.149945878669643595e-03 9.998289412875748239e-01 -2.067131328009740798e+01
3.190886439376519057e-01 -9.477183967327021952e-01 -3.503969809629391748e-03 -4.413137296727556986e+02 9.475886667903673510e-01 3.189779226311720284e-01 1.813293810602375003e-02 7.352159384255436407e+02 -1.606723001905620632e-02 -9.106336711236902304e-03 9.998294448310753868e-01 -2.066959527692919707e+01
3.190907580697301960e-01 -9.477175312179736411e-01 -3.545297814583388794e-03 -4.413143074662281151e+02 9.475886759412247562e-01 3.189796560877250498e-01 1.810193995442770445e-02 7.352209252246799451e+02 -1.602464796624183604e-02 -9.135645804529463412e-03 9.998298608429798673e-01 -2.067298228807521809e+01
3.190966794695057618e-01 -9.477151756889092837e-01 -3.640730761149278596e-03 -4.413124515726168511e+02 9.475872361349247930e-01 3.189840712441462944e-01 1.809950846526721738e-02 7.352239206739129713e+02 -1.599184372454840256e-02 -9.225403050765822177e-03 9.998295619118493516e-01 -2.067317194101178046e+01
3.191413241268655221e-01 -9.477000945221669692e-01 -3.653228329378260027e-03 -4.413076946792153876e+02 9.475723538002676083e-01 3.190285552004183955e-01 1.809462019923548104e-02 7.352276435758619755e+02 -1.598278911741937702e-02 -9.236439216995519577e-03 9.998296048040480333e-01 -2.067447566292739936e+01
3.191662052241736602e-01 -9.476919885911285757e-01 -3.581648083351086226e-03 -4.413084473025903094e+02 9.475632365869952611e-01 3.190543742256458093e-01 1.811681418628384097e-02 7.352264551113175912e+02 -1.602641917520521500e-02 -9.176112884763453631e-03 9.998294618787479937e-01 -2.067443557707315094e+01
3.191346493015118080e-01 -9.477028058397651833e-01 -3.530923198993756850e-03 -4.413138807576900717e+02 9.475729449011053296e-01 3.190232714553278281e-01 1.815671670174247299e-02 7.352177356603809812e+02 -1.608072469287854731e-02 -9.140244710967632483e-03 9.998289184755437820e-01 -2.067274057562757505e+01
3.190967784740884050e-01 -9.477155269212509392e-01 -3.539208927739310138e-03 -4.413120966112830956e+02 9.475849924363114463e-01 3.189848490486911770e-01 1.820297192383503460e-02 7.352141822290601567e+02 -1.612228510276332571e-02 -9.162210964572418959e-03 9.998280481229290251e-01 -2.066769008272594377e+01
3.191045726779640490e-01 -9.477129345733981136e-01 -3.530628597284146252e-03 -4.413093720740301364e+02 9.475822558931166206e-01 3.189927427574954510e-01 1.820709709325115527e-02 7.352125938865026455e+02 -1.612885651640210208e-02 -9.155528948583369422e-03 9.998280033471482753e-01 -2.066904278971890463e+01
3.191415406861010662e-01 -9.477003983551937072e-01 -3.554147704972522321e-03 -4.413036388460118360e+02 9.475709727140693150e-01 3.190299150499477654e-01 1.814290420347006161e-02 7.352273396852715450e+02 -1.606015810055632168e-02 -9.157961597986066099e-03 9.998290869249378821e-01 -2.067208526977586303e+01
3.191407093637667614e-01 -9.477005248145405902e-01 -3.594842560668110032e-03 -4.413089917458961509e+02 9.475716420194422174e-01 3.190285276631298350e-01 1.813234065625043967e-02 7.352257409116939471e+02 -1.603717142673383514e-02 -9.193138927474886826e-03 9.998291330668904742e-01 -2.067294461541206019e+01
3.191117928752887356e-01 -9.477101276356137971e-01 -3.630099834334336775e-03 -4.413130770995554712e+02 9.475819282988044989e-01 3.189992584178172885e-01 1.810972916425045501e-02 7.352143672830184187e+02 -1.600477458256287927e-02 -9.218845143025565167e-03 9.998294154928580868e-01 -2.067585887010191215e+01
3.190731986170063372e-01 -9.477231358362472324e-01 -3.626530714411199674e-03 -4.413109913028035294e+02 9.475946437282424251e-01 3.189605795643623010e-01 1.812566858110942897e-02 7.352136058425526244e+02 -1.602139512834099833e-02 -9.219896131538372203e-03 9.998291396100962292e-01 -2.067392069572180802e+01
3.190758044764185342e-01 -9.477224716122114589e-01 -3.570405994718041463e-03 -4.413029609575999643e+02 9.475933843160887493e-01 3.189640393420455355e-01 1.813062621610073838e-02 7.352222395371958328e+02 -1.604397077123380019e-02 -9.168337245480905062e-03 9.998292517195349616e-01 -2.066971594638861731e+01
3.191301239773429721e-01 -9.477044754658443537e-01 -3.491583052784974234e-03 -4.413046600634517631e+02 9.475748151956696619e-01 3.190196965414622277e-01 1.812188802213035924e-02 7.352243290851821484e+02 -1.606031061651501737e-02 -9.091776537189042579e-03 9.998296885081473517e-01 -2.066877945504642256e+01
3.191444183246754940e-01 -9.476995897893015774e-01 -3.511091766691965595e-03 -4.413123349964126874e+02 9.475699683905939308e-01 3.190335960353501976e-01 1.813062616134797356e-02 7.352181123894885104e+02 -1.606223074339478696e-02 -9.113293254506320273e-03 9.998294617731583456e-01 -2.067087672627972239e+01
3.190955946418390643e-01 -9.477156666136135055e-01 -3.607871295507980840e-03 -4.413155480816322438e+02 9.475872956333973862e-01 3.189834383116852412e-01 1.810754641137780202e-02 7.352173690848209162e+02 -1.600995422716866567e-02 -9.196811293547064309e-03 9.998295354847620553e-01 -2.067397298324014798e+01
3.191018553577651407e-01 -9.477134394776945969e-01 -3.639030171621504897e-03 -4.413108375080481665e+02 9.475849833062776062e-01 3.189889844664645646e-01 1.813083565354067436e-02 7.352188843689041278e+02 -1.602202607893345870e-02 -9.233873640658547127e-03 9.998290005085441745e-01 -2.067737639502248470e+01
3.191049008874446979e-01 -9.477126026791524716e-01 -3.589561633506565142e-03 -4.413118366223241082e+02 9.475833104339177471e-01 3.189926044991177601e-01 1.815456036282545732e-02 7.352187719498364231e+02 -1.606026203746670211e-02 -9.194617880919277175e-03 9.998287488291742742e-01 -2.067519167785960832e+01
3.191160625169088827e-01 -9.477088953014131123e-01 -3.576088684503490184e-03 -4.413123864309434907e+02 9.475807752733834688e-01 3.190047217562414494e-01 1.807378846608916761e-02 7.352209385588377017e+02 -1.598790092533308380e-02 -9.156269098170083040e-03 9.998302604743486421e-01 -2.067141180333691608e+01
3.191096740159627410e-01 -9.477111131334312599e-01 -3.558369404442503822e-03 -4.413114855549027311e+02 9.475826777247005062e-01 3.189985303145103646e-01 1.808332196443747028e-02 7.352232997829406713e+02 -1.600265057773396504e-02 -9.142412185792613000e-03 9.998301513126678364e-01 -2.067212629913246147e+01
3.191364098755640755e-01 -9.477020479451784274e-01 -3.574942272370029098e-03 -4.413104115593241090e+02 9.475724294484121346e-01 3.190242322072284753e-01 1.816673371366272702e-02 7.352225139643860530e+02 -1.607615753128485703e-02 -9.185182910711188822e-03 9.998285800945710955e-01 -2.067275073516985984e+01
3.191456418221118585e-01 -9.476990736750176003e-01 -3.539076357720328560e-03 -4.413110630738917166e+02 9.475683051716002891e-01 3.190335722329394885e-01 1.821776118273796957e-02 7.352181415196058651e+02 -1.613587122450478931e-02 -9.167635671384795348e-03 9.998277792280144682e-01 -2.067056275979556546e+01
3.190699065759489139e-01 -9.477246785103482507e-01 -3.511190691505990027e-03 -4.413107468196610625e+02 9.475933625338169852e-01 3.189581372229108869e-01 1.823529492894538501e-02 7.352159398782412154e+02 -1.616211618167895381e-02 -9.145514843225076990e-03 9.998275579112542166e-01 -2.066947365244631030e+01
3.190428381804512048e-01 -9.477337548032030989e-01 -3.520995936438068435e-03 -4.413131318243500800e+02 9.476034087132397810e-01 3.189314148730115761e-01 1.818055010576076144e-02 7.352152679757929263e+02 -1.610736480035007689e-02 -9.136882056857991222e-03 9.998285203901055018e-01 -2.067127043867753144e+01
3.191156697080669291e-01 -9.477089713249550185e-01 -3.590963236697136685e-03 -4.413112215157242417e+02 9.475815215191685237e-01 3.190043977079812798e-01 1.804035250171258029e-02 7.352142661336426954e+02 -1.595147084722351588e-02 -9.159689577902484919e-03 9.998308110198678156e-01 -2.067476070974423408e+01
3.191886217503447920e-01 -9.476841599435307240e-01 -3.654687023491355342e-03 -4.413074371805454348e+02 9.475569795330488487e-01 3.190761361220396108e-01 1.806072799295872430e-02 7.352168013077111937e+02 -1.594974242178469337e-02 -9.227803072998461142e-03 9.998302122696256511e-01 -2.067411041601145172e+01
3.191929099031182715e-01 -9.476828732192960070e-01 -3.613595771428358520e-03 -4.413065772580342241e+02 9.475541666605074020e-01 3.190804189615523700e-01 1.813249788727674602e-02 7.352206878652208388e+02 -1.603083004375216794e-02 -9.211842494295739356e-03 9.998290626131892678e-01 -2.067282669762700920e+01
3.191223593363194944e-01 -9.477068721648285177e-01 -3.550242692828092968e-03 -4.413159803868437621e+02 9.475769977715345904e-01 3.190105650200255605e-01 1.816845342591165771e-02 7.352142661923662672e+02 -1.608580324094577296e-02 -9.162088034999337285e-03 9.998286368558026993e-01 -2.067166223593152452e+01
3.191100050354965800e-01 -9.477111091164762691e-01 -3.529637865778451067e-03 -4.413141918888763939e+02 9.475819346436007429e-01 3.189990498667635288e-01 1.811307045184633660e-02 7.352227288247544266e+02 -1.604000696186706765e-02 -9.124683080542640018e-03 9.998297146691245141e-01 -2.067174693746674663e+01
3.190926622131137758e-01 -9.477169768124965588e-01 -3.522042465612076206e-03 -4.413101691235856947e+02 9.475869026412079288e-01 3.189813607588708466e-01 1.816462031702675839e-02 7.352212867166354044e+02 -1.609145315346795571e-02 -9.133638366010632739e-03 9.998288062391524900e-01 -2.067142508675033952e+01
3.191185793667958293e-01 -9.477081102635417365e-01 -3.559500474039410320e-03 -4.413124721961224850e+02 9.475786896132114556e-01 3.190068473166918772e-01 1.814547756259245886e-02 7.352204103404069429e+02 -1.606111122642838937e-02 -9.163465816574440856e-03 9.998290211833225083e-01 -2.067117549264051135e+01
3.191585495595179456e-01 -9.476945559061156210e-01 -3.584543063618246886e-03 -4.413118102388783655e+02 9.475658046596276973e-01 3.190466589394949648e-01 1.811836800869365618e-02 7.352188937815789131e+02 -1.602704223547033943e-02 -9.179222486454752250e-03 9.998294233476662241e-01 -2.067290041983992666e+01
3.191461579138298865e-01 -9.476987744797368274e-01 -3.572497508114379130e-03 -4.413116695304312884e+02 9.475696211477349085e-01 3.190342961846282521e-01 1.813645323423410116e-02 7.352135304794906006e+02 -1.604814527537008415e-02 -9.173369478204835767e-03 9.998291385660037500e-01 -2.067298588722439945e+01
3.190289311739995526e-01 -9.477383073052678686e-01 -3.555550607280117455e-03 -4.413132136912579426e+02 9.476084872505020629e-01 3.189170738059541876e-01 1.816741384630998074e-02 7.352140612673621263e+02 -1.608402825137333556e-02 -9.165200553891306168e-03 9.998286368843494198e-01 -2.067318756487976472e+01
3.190496421555593098e-01 -9.477314351385839331e-01 -3.528836999547855981e-03 -4.413117578555954879e+02 9.476021381627729445e-01 3.189386465697416906e-01 1.811980887324391928e-02 7.352193598170364339e+02 -1.604722997127526127e-02 -9.125052022935052978e-03 9.998295953990499196e-01 -2.067189681243798915e+01
3.191341084718135046e-01 -9.477028258101273250e-01 -3.574179822052423773e-03 -4.413134532614066075e+02 9.475739467903474544e-01 3.190223702342048773e-01 1.812022776662396834e-02 7.352215536681977710e+02 -1.603234774027821608e-02 -9.169582414128374728e-03 9.998294267445250183e-01 -2.067236878954912171e+01
3.191615448819985490e-01 -9.476936123176471494e-01 -3.567273589894273331e-03 -4.413095925142737315e+02 9.475641102357755807e-01 3.190495920365246096e-01 1.815529714465245401e-02 7.352199672875377701e+02 -1.606752195017749005e-02 -9.174693109654762091e-03 9.998288152202476908e-01 -2.067327768694601176e+01
3.191451620306810510e-01 -9.476991558022898055e-01 -3.560287072314470905e-03 -4.413089997634484689e+02 9.475694342108006429e-01 3.190332361304880071e-01 1.816484499059195165e-02 7.352187297307348217e+02 -1.607895835662940393e-02 -9.170841604525720170e-03 9.998286667036661024e-01 -2.067302391063442712e+01
3.191317965215172969e-01 -9.477037065888821443e-01 -3.546965836100419382e-03 -4.413115024406503153e+02 9.475740283140038356e-01 3.190201817661927342e-01 1.815446200351405331e-02 7.352173811602830256e+02 -1.607349724610603395e-02 -9.154678779668887906e-03 9.998289026342060959e-01 -2.067136292774451434e+01
3.191284702060067646e-01 -9.477048755234754873e-01 -3.533894877829335795e-03 -4.413111267876131478e+02 9.475756028871643588e-01 3.190173650281938333e-01 1.812174449371814489e-02 7.352211607505073516e+02 -1.604669177747561695e-02 -9.131797167143395136e-03 9.998295424538609089e-01 -2.067206924076931784e+01
3.190791881918520478e-01 -9.477213735783313053e-01 -3.559455805236972151e-03 -4.413091833369082337e+02 9.475919341044958255e-01 3.189674543830355313e-01 1.814633474031454238e-02 7.352185256914918909e+02 -1.606231872831771421e-02 -9.163029368441143532e-03 9.998290057854208879e-01 -2.067179230775160192e+01
3.190901191405779436e-01 -9.477176026581521917e-01 -3.583500905065785651e-03 -4.413107138148716899e+02 9.475893275180885533e-01 3.189785373311202488e-01 1.808753979723019129e-02 7.352159424902365572e+02 -1.599881997739225833e-02 -9.167242441649871981e-03 9.998299852601677529e-01 -2.067413391982882587e+01
3.191272444445221179e-01 -9.477050660876962240e-01 -3.592988305215553003e-03 -4.413092315621198054e+02 9.475763789266277159e-01 3.190152171308199280e-01 1.811897732424681481e-02 7.352218372447891852e+02 -1.602522865817994011e-02 -9.186890153421542471e-03 9.998293819926288295e-01 -2.067403173567286601e+01
3.191421659966460767e-01 -9.477001104526063813e-01 -3.574707132988406630e-03 -4.413095763584201450e+02 9.475704436568143096e-01 3.190299645714587684e-01 1.816964538900724124e-02 7.352214786230638310e+02 -1.607893625205619043e-02 -9.185986808787743527e-03 9.998285280263566888e-01 -2.067186579741904850e+01
3.191336332832630518e-01 -9.477031736655782135e-01 -3.524022079193603416e-03 -4.413115760933156935e+02 9.475734797831442124e-01 3.190224973347519644e-01 1.814239802127021184e-02 7.352186433577090838e+02 -1.606936585829471520e-02 -9.129119261413156522e-03 9.998292027453605790e-01 -2.067235358934870249e+01
3.191162450505437564e-01 -9.477090501019922453e-01 -3.518309199116829208e-03 -4.413125106378910800e+02 9.475798388714149478e-01 3.190055081615201238e-01 1.810896813830537022e-02 7.352170523133594315e+02 -1.603967297874698758e-02 -9.112744778034887264e-03 9.998298289075723266e-01 -2.067259644913721672e+01
3.191083106061724517e-01 -9.477117614941750201e-01 -3.507595712534056134e-03 -4.413095031649021962e+02 9.475822418853074858e-01 3.189976276024764634e-01 1.812204314107489223e-02 7.352196804619857176e+02 -1.605555871621452968e-02 -9.106629980390893234e-03 9.998296296493270896e-01 -2.067425657000129036e+01
3.190889610832215451e-01 -9.477181350188791376e-01 -3.545627048597990629e-03 -4.413074028632764794e+02 9.475881820337791472e-01 3.189772271687045246e-01 1.817046553291470912e-02 7.352170592438831136e+02 -1.608950542274258100e-02 -9.157789258446999425e-03 9.998286166694517751e-01 -2.067241909268501132e+01
3.191642594348749751e-01 -9.476927576402426334e-01 -3.551424449456523288e-03 -4.413080580601109091e+02 9.475627340456028724e-01 3.190523463909671897e-01 1.817870486149093107e-02 7.352182232185430166e+02 -1.609473663688505349e-02 -9.167190335686338509e-03 9.998284463216370321e-01 -2.067268443107197839e+01
3.191794460793531130e-01 -9.476875744155830450e-01 -3.569663679662839293e-03 -4.413081807612734337e+02 9.475587550111611579e-01 3.190678287835843063e-01 1.811426059843730674e-02 7.352223199383724932e+02 -1.602769484910715470e-02 -9.164165736056150216e-03 9.998295510056632862e-01 -2.067123820295554992e+01
3.191721496523858281e-01 -9.476899511392437025e-01 -3.591016008382602598e-03 -4.413087830303035730e+02 9.475618497602784629e-01 3.190604911184464765e-01 1.808158970156449608e-02 7.352217337442090184e+02 -1.598998952954673591e-02 -9.173849625602567559e-03 9.998300659201502238e-01 -2.067262145184169952e+01
3.191666990498784884e-01 -9.476918467309072280e-01 -3.575172354830711413e-03 -4.413086439969216030e+02 9.475635608319332714e-01 3.190552725085445962e-01 1.808400586170129040e-02 7.352159458255475784e+02 -1.599738732143270517e-02 -9.159515503609133580e-03 9.998300790007406125e-01 -2.067320610665024105e+01
3.191094685653961815e-01 -9.477113496803706294e-01 -3.513510910835579773e-03 -4.413113416554389801e+02 9.475810119011929267e-01 3.189981956915171613e-01 1.817627656778128542e-02 7.352099283539121188e+02 -1.610505995711666860e-02 -9.129558180257809838e-03 9.998286244208109963e-01 -2.067365676904518423e+01
3.190643804928277039e-01 -9.477264850137000485e-01 -3.525720395207687305e-03 -4.413131710394458196e+02 9.475964020953353550e-01 3.189530015790980055e-01 1.816704487967323381e-02 7.352086781416461463e+02 -1.609285048411869187e-02 -9.137416881211288602e-03 9.998287492246034081e-01 -2.067307865595365968e+01
3.191025319281961536e-01 -9.477136071691477648e-01 -3.534530160693033236e-03 -4.413120885050624338e+02 9.475851852854803026e-01 3.189919029823272134e-01 1.806882561751721461e-02 7.352190895398289285e+02 -1.599658540117962144e-02 -9.115076420736219903e-03 9.998304979532016690e-01 -2.067344665946599491e+01
3.191965779921243640e-01 -9.476819955186118749e-01 -3.518517866827339594e-03 -4.413114305706106961e+02 9.475529956925146102e-01 3.190859405394158022e-01 1.809648872622896670e-02 7.352264112234213371e+02 -1.602700696511136919e-02 -9.110319420195221035e-03 9.998300541231006644e-01 -2.067318132181201662e+01
3.191543439322185316e-01 -9.476961118277680285e-01 -3.547446366823016946e-03 -4.413129085464515811e+02 9.475667646038614667e-01 3.190429029661651650e-01 1.813429582566149917e-02 7.352209394003463103e+02 -1.605401405772591272e-02 -9.149081563327972691e-03 9.998292668946944239e-01 -2.067267058628103982e+01
3.191035742795744201e-01 -9.477132229034095356e-01 -3.543446914000028883e-03 -4.413103101680346185e+02 9.475831963763624577e-01 3.189918419721520793e-01 1.817390162761035877e-02 7.352166984221977373e+02 -1.609331622620469374e-02 -9.157067720933945859e-03 9.998285619462956575e-01 -2.067124405559689748e+01
3.190978899482956876e-01 -9.477151350946839692e-01 -3.543916337895271912e-03 -4.413137918391801122e+02 9.475861247265666698e-01 3.189867274568100597e-01 1.811087883243714391e-02 7.352189256419374033e+02 -1.603349170436066742e-02 -9.137309169521292546e-03 9.998297038620661548e-01 -2.067089550317449564e+01
3.191114501343687571e-01 -9.477103929311763153e-01 -3.590755265348253948e-03 -4.413139498873944717e+02 9.475818712951661338e-01 3.189995684548180277e-01 1.810725043708925203e-02 7.352254176180064178e+02 -1.601498004656408403e-02 -9.180765538627401814e-03 9.998296024614559130e-01 -2.067086123632325112e+01
3.191196422077193229e-01 -9.477078071181972430e-01 -3.544895546423895445e-03 -4.413078477731871772e+02 9.475783776818147430e-01 3.190082157159776499e-01 1.813770811346396977e-02 7.352222535766348983e+02 -1.605839677919664726e-02 -9.147165294568508978e-03 9.998292140460568467e-01 -2.067276374103427727e+01
3.190877416599023353e-01 -9.477186402631058160e-01 -3.520230139257893905e-03 -4.413069352346346363e+02 9.475881230044689296e-01 3.189762284016048888e-01 1.819106526719790201e-02 7.352233197929926973e+02 -1.611714190704004179e-02 -9.140274204701214628e-03 9.998283318271249387e-01 -2.067222649028990134e+01
3.190770157401525142e-01 -9.477223723028300739e-01 -3.487558322678979434e-03 -4.413113775604163038e+02 9.475918347423946120e-01 3.189661883801798714e-01 1.817375579681640430e-02 7.352167992135422310e+02 -1.611126177247265007e-02 -9.103609554196957776e-03 9.998287611072127490e-01 -2.067240304069435908e+01
3.190957646393611236e-01 -9.477159429409380831e-01 -3.519159670968751048e-03 -4.413153181968402237e+02 9.475868478626030544e-01 3.189850798566020718e-01 1.810206028864086089e-02 7.352123851355016768e+02 -1.603305170695085505e-02 -9.111000189090142157e-03 9.998299510059281969e-01 -2.067234042145113548e+01
3.190783299704134102e-01 -9.477217051335223852e-01 -3.548092741276470414e-03 -4.413096424032558502e+02 9.475923964082296758e-01 3.189669126641073715e-01 1.813170965013814404e-02 7.352179641820619054e+02 -1.605209059908395061e-02 -9.147581338059321970e-03 9.998293115042500290e-01 -2.067146119633950008e+01
3.191534372600824954e-01 -9.476965014875472493e-01 -3.524847987907269234e-03 -4.413145655023639051e+02 9.475659374146760960e-01 3.190417856176393507e-01 1.819706793290923677e-02 7.352242821893039491e+02 -1.612072382125662520e-02 -9.147682666748794059e-03 9.998282063261204611e-01 -2.067248409158499101e+01
3.191758026523551228e-01 -9.476888611020362063e-01 -3.553807022103196416e-03 -4.413115021469396879e+02 9.475593497911950491e-01 3.190641284363349151e-01 1.814829381650661169e-02 7.352167954792897717e+02 -1.606504355777197898e-02 -9.159939316801757325e-03 9.998289903214446772e-01 -2.067435606433024020e+01
3.191289015479106816e-01 -9.477045463178276341e-01 -3.582887849812307641e-03 -4.413102215865761195e+02 9.475749872587458933e-01 3.190165899247265346e-01 1.816752251649103589e-02 7.352140146090197277e+02 -1.607444302028018107e-02 -9.192836413170127688e-03 9.998285373204091053e-01 -2.067193783779760707e+01
3.190737573825019324e-01 -9.477233184403844879e-01 -3.528318885510756640e-03 -4.413105913360687964e+02 9.475929992223947051e-01 3.189621870642427859e-01 1.818326285082813576e-02 7.352152448411130763e+02 -1.610730190067800535e-02 -9.145212274221546297e-03 9.998284452434528236e-01 -2.067202303474419267e+01
3.190960465656716427e-01 -9.477160574540303140e-01 -3.462298362011292843e-03 -4.413105914877162945e+02 9.475856721863871179e-01 3.189858376239967930e-01 1.815018629079449483e-02 7.352195444192576588e+02 -1.609679885045755057e-02 -9.072477010499272257e-03 9.998292770406664864e-01 -2.067160085749116760e+01
3.191495386601024276e-01 -9.476979191807646252e-01 -3.496563097187881282e-03 -4.413107834908269069e+02 9.475683634463671901e-01 3.190390608709381959e-01 1.811833971873532539e-02 7.352213601719194003e+02 -1.605517264365284927e-02 -9.095692334210668528e-03 9.998297354111569391e-01 -2.067123206882313369e+01
3.191258988056445700e-01 -9.477056745814353977e-01 -3.551771056248254760e-03 -4.413085455075230925e+02 9.475764787981724169e-01 3.190144579882076004e-01 1.812711844026089134e-02 7.352162042659452936e+02 -1.604610669123775896e-02 -9.150407675981620664e-03 9.998293816944052725e-01 -2.067276324910748997e+01
3.190965903726510344e-01 -9.477154775884470972e-01 -3.569250880782505898e-03 -4.413114743191753178e+02 9.475859764338235847e-01 3.189846091836247011e-01 1.815589077759255029e-02 7.352120318743503731e+02 -1.606808260204507788e-02 -9.175654923311621705e-03 9.998287973839433684e-01 -2.067202975677447796e+01
3.191213604569573814e-01 -9.477071108419592438e-01 -3.576221425875387994e-03 -4.413154886482387269e+02 9.475781909808915771e-01 3.190095580078309290e-01 1.812384829526566751e-02 7.352144922460914813e+02 -1.603525108883752451e-02 -9.172456553978794100e-03 9.998293538215825560e-01 -2.067300264344398997e+01
3.191430463265151340e-01 -9.476998207937741281e-01 -3.572904823861333765e-03 -4.413153224556736518e+02 9.475700876237245218e-01 3.190308452467265354e-01 1.817274943224366640e-02 7.352173925397479479e+02 -1.608244453432487731e-02 -9.185284350952203219e-03 9.998284780547074257e-01 -2.067205820726353949e+01
3.191263552167977191e-01 -9.477055636765100433e-01 -3.540336513746019948e-03 -4.413098451475841557e+02 9.475759453528510567e-01 3.190149167848133627e-01 1.814691867590346661e-02 7.352240367243261971e+02 -1.606851563441593148e-02 -9.145897734336808430e-03 9.998290630702528770e-01 -2.067293052419649513e+01
3.191058893236146665e-01 -9.477124346436931468e-01 -3.545789151708597653e-03 -4.413096730046665925e+02 9.475832155896547482e-01 3.189945664893023558e-01 1.812501263647808142e-02 7.352262632462326337e+02 -1.604621238035257302e-02 -9.143728562544037666e-03 9.998294411029409190e-01 -2.067268587372172917e+01
3.190981119753626416e-01 -9.477148765678581332e-01 -3.592723998328664452e-03 -4.413042868615826251e+02 9.475866911120369718e-01 3.189863839177666804e-01 1.808728012744968694e-02 7.352223202317724144e+02 -1.599555441679278295e-02 -9.176034385093756809e-03 9.998299568585965469e-01 -2.066974441488275716e+01
3.191086682775157168e-01 -9.477112752878392721e-01 -3.605068993466621369e-03 -4.413043449514269696e+02 9.475841495090659983e-01 3.189972847380552201e-01 1.802808722323847104e-02 7.352210919074306048e+02 -1.593541431312650580e-02 -9.169025141494096739e-03 9.998309814906836124e-01 -2.067370025525252686e+01
3.191048996211102717e-01 -9.477126901799005632e-01 -3.566498251325682465e-03 -4.413095127878031008e+02 9.475838194571474249e-01 3.189933354614855610e-01 1.811510513799928154e-02 7.352145744158930256e+02 -1.603022585011708995e-02 -9.160174841765544515e-03 9.998295470009188612e-01 -2.067332167239631957e+01
3.190710405667848137e-01 -9.477243082063078194e-01 -3.508091575811374783e-03 -4.413147956897090012e+02 9.475932948356404761e-01 3.189595083149052712e-01 1.821481918794779983e-02 7.352134810413365358e+02 -1.614368774985632665e-02 -9.136065366942596605e-03 9.998279420257498717e-01 -2.067325396438236851e+01
3.190626647781498737e-01 -9.477271306919725635e-01 -3.507377229041745530e-03 -4.413119312037097757e+02 9.475963749580676998e-01 3.189512952830156345e-01 1.819839013804514308e-02 7.352207067717216660e+02 -1.612842555849357262e-02 -9.130004799967516432e-03 9.998282437005652223e-01 -2.067075973240763886e+01
3.191234214853173046e-01 -9.477066058247369806e-01 -3.525781567420919679e-03 -4.413074187132730799e+02 9.475775204612550962e-01 3.190125961333801219e-01 1.810541976153099211e-02 7.352240604784983589e+02 -1.603385717801046259e-02 -9.118814857072358657e-03 9.998298668471540251e-01 -2.066953362970332364e+01
3.191866870597171446e-01 -9.476850855661685946e-01 -3.582931660754326390e-03 -4.413087960955466542e+02 9.475582433337024213e-01 3.190759198421477261e-01 1.799813510438134923e-02 7.352263058213443401e+02 -1.591333699104034716e-02 -9.139801547669752779e-03 9.998316006875752615e-01 -2.067112420151028473e+01
3.191370608320515112e-01 -9.477018916434278850e-01 -3.558226938764673039e-03 -4.413140832317580475e+02 9.475725133037694592e-01 3.190253762654554626e-01 1.814225261269495834e-02 7.352200011364635657e+02 -1.605828243174663161e-02 -9.161543218958491386e-03 9.998290842394961242e-01 -2.067270020625736748e+01
3.190725778141833002e-01 -9.477236173197067792e-01 -3.554611295462750242e-03 -4.413176121107190966e+02 9.475939833185327288e-01 3.189608375796197937e-01 1.815562912774643101e-02 7.352132383045606048e+02 -1.607273671559207931e-02 -9.161291664244924915e-03 9.998288542893298825e-01 -2.067385626157425804e+01
3.191061304149390709e-01 -9.477125680305041877e-01 -3.487969126957763798e-03 -4.413150669564179225e+02 9.475821501565072635e-01 3.189953560305077152e-01 1.816677009654019820e-02 7.352108746795945535e+02 -1.610423038753455369e-02 -9.102264992646928732e-03 9.998288866279214648e-01 -2.067432649541574818e+01
3.191271736559365135e-01 -9.477053972932395487e-01 -3.510979298796206970e-03 -4.413157451044311301e+02 9.475755824970718555e-01 3.190162475501600037e-01 1.814247101005242446e-02 7.352188825186049144e+02 -1.607365825533453238e-02 -9.116673750764768547e-03 9.998292473067653674e-01 -2.067266664924684960e+01
3.191358247612197108e-01 -9.477023825267325563e-01 -3.538291555351039726e-03 -4.413095723159634076e+02 9.475725701941374313e-01 3.190243175154403033e-01 1.815789220929725153e-02 7.352266942367286902e+02 -1.607947665979806914e-02 -9.147621929339596475e-03 9.998288710791387590e-01 -2.067124490217173971e+01
3.191241369856872012e-01 -9.477063006801986766e-01 -3.542999321653225557e-03 -4.413056644391393775e+02 9.475767606922281816e-01 3.190126869531698106e-01 1.814354317500331895e-02 7.352268048387021508e+02 -1.606448845013997914e-02 -9.147306377932410207e-03 9.998291148975727571e-01 -2.067138502950587409e+01
3.190840964847593830e-01 -9.477198208453698758e-01 -3.532781811073604141e-03 -4.413072065697354560e+02 9.475904166915882776e-01 3.189729491443219489e-01 1.812897979579952690e-02 7.352189164179983436e+02 -1.605433165122286537e-02 -9.132299326768849798e-03 9.998294152225363218e-01 -2.067176343220193147e+01
3.190777388205613407e-01 -9.477219233938692922e-01 -3.542951845925070790e-03 -4.413126664662696044e+02 9.475930479462072453e-01 3.189666777907874673e-01 1.810176629850733521e-02 7.352189209947747486e+02 -1.602535719338020817e-02 -9.133147197592738492e-03 9.998298723028292700e-01 -2.067320460195311327e+01
3.191280904007152142e-01 -9.477049789027404136e-01 -3.540463267597047589e-03 -4.413121223062996137e+02 9.475759008650049831e-01 3.190169565695342158e-01 1.811335200857889724e-02 7.352229055195128922e+02 -1.603664606667311310e-02 -9.135337107526472419e-03 9.998296712934979791e-01 -2.067259915663586867e+01
3.191558390920392063e-01 -9.476958072556199708e-01 -3.493892324459015822e-03 -4.413111255933000621e+02 9.475657424375705240e-01 3.190451284441756519e-01 1.814854745636190758e-02 7.352244100528599802e+02 -1.608459300674665651e-02 -9.102907566159812100e-03 9.998291968839724264e-01 -2.067274161192698401e+01
3.191199299688439184e-01 -9.477078854767315708e-01 -3.497728105816086223e-03 -4.413111284693305834e+02 9.475781290692735226e-01 3.190093197976167638e-01 1.813127661907312782e-02 7.352219907096740599e+02 -1.606734596178207783e-02 -9.100422379426577335e-03 9.998294968174626929e-01 -2.067332177905981894e+01
3.190610493277339366e-01 -9.477276764714750446e-01 -3.506857833499412661e-03 -4.413126639637366679e+02 9.475985295174423895e-01 3.189506029576944512e-01 1.809805871646831196e-02 7.352204112466451988e+02 -1.603351671552126489e-02 -9.097478931122086540e-03 9.998300666707472528e-01 -2.067252287993043325e+01
3.191099623035198452e-01 -9.477111249346085176e-01 -3.529254004056344568e-03 -4.413159093941339961e+02 9.475825255503447231e-01 3.189993425718560260e-01 1.807696629289937476e-02 7.352219229338796822e+02 -1.600591235378557436e-02 -9.112799454761495374e-03 9.998303694406468489e-01 -2.066998887499935122e+01
3.191250465829078564e-01 -9.477059088963553091e-01 -3.565793935452958845e-03 -4.413151770756120413e+02 9.475768386338948579e-01 3.190133793031002529e-01 1.812729186091062081e-02 7.352180567273501310e+02 -1.604180563562643269e-02 -9.163736604111495654e-03 9.998293286373426403e-01 -2.066985781671643352e+01
3.191452187945879593e-01 -9.476992798021627307e-01 -3.521985663892843958e-03 -4.413148852395906943e+02 9.475695861757902350e-01 3.190341239178065003e-01 1.814131005854507581e-02 7.352158431863018677e+02 -1.606887286641975332e-02 -9.127038865906829390e-03 9.998292296619174513e-01 -2.067158270742426751e+01
3.191191149844577191e-01 -9.477079631389174752e-01 -3.550641437917055696e-03 -4.413133505516436230e+02 9.475784952912654768e-01 3.190075444731905741e-01 1.814336878110427848e-02 7.352172597160011946e+02 -1.606193366560386415e-02 -9.154407259322891108e-03 9.998290909523749326e-01 -2.067007330646080732e+01
3.191019004533474090e-01 -9.477137396998155383e-01 -3.555940276794222581e-03 -4.413110887123871748e+02 9.475852241400092302e-01 3.189907641075503952e-01 1.808688490620722136e-02 7.352231108220896658e+02 -1.600687722796636722e-02 -9.141115811066228072e-03 9.998300955078005536e-01 -2.067297601766978232e+01
3.191282306824917980e-01 -9.477048634626380474e-01 -3.558672607095253113e-03 -4.413082647529485598e+02 9.475761223863772287e-01 3.190169021844677655e-01 1.810271813357910639e-02 7.352244913084171003e+02 -1.602075730608193416e-02 -9.149201598386896492e-03 9.998297992385762889e-01 -2.067330048705260381e+01
3.191805536958787215e-01 -9.476873977501810709e-01 -3.517142004857675471e-03 -4.413057178965484582e+02 9.475582261768823455e-01 3.190698510662708376e-01 1.810630125311687294e-02 7.352209038515072734e+02 -1.603689954177828225e-02 -9.111876098689368833e-03 9.998298813133408292e-01 -2.067287485558765425e+01
3.191516881735624311e-01 -9.476971755538976527e-01 -3.501911353829178977e-03 -4.413112592981459557e+02 9.475671232777589381e-01 3.190408151316220242e-01 1.815227708204019200e-02 7.352180206861183933e+02 -1.608560906767687870e-02 -9.111625942449031942e-03 9.998291011235904691e-01 -2.067099878217985420e+01
3.190754744735674331e-01 -9.477227553408987815e-01 -3.524286952356876692e-03 -4.413113418100264198e+02 9.475934360576990789e-01 3.189645575783414122e-01 1.811880098728620506e-02 7.352204823866309198e+02 -1.604747736660662102e-02 -9.120856204747658166e-03 9.998296297131129551e-01 -2.067006247139139674e+01
3.190782450153524796e-01 -9.477217940160204135e-01 -3.531954838091167989e-03 -4.413127401468545941e+02 9.475921911914353402e-01 3.189670034537041010e-01 1.814083517315268762e-02 7.352198911436813660e+02 -1.606588780420941526e-02 -9.135198674378340253e-03 9.998292031113326095e-01 -2.067148694261824460e+01
3.191211144572679292e-01 -9.477073006145769751e-01 -3.547769635010079338e-03 -4.413110888844448141e+02 9.475772529425661173e-01 3.190092744228572585e-01 1.817780344328906450e-02 7.352200257439554889e+02 -1.609546561525781322e-02 -9.162706698023471985e-03 9.998284756860019717e-01 -2.067179113981949712e+01
3.191842278541854316e-01 -9.476859995055501029e-01 -3.560200878307877726e-03 -4.413079908002773095e+02 9.475563835277637237e-01 3.190723560594068142e-01 1.815851410455620110e-02 7.352175682282869502e+02 -1.607260790642548592e-02 -9.169402372323883638e-03 9.998287820098102907e-01 -2.067051961226393075e+01
3.191388205538064904e-01 -9.477012002793284706e-01 -3.584439237232860554e-03 -4.413108701798045104e+02 9.475729267283814483e-01 3.190272098343610585e-01 1.808833648272959241e-02 7.352228074581920509e+02 -1.599880454706397240e-02 -9.169207949583502507e-03 9.998299674837928253e-01 -2.067125988845746676e+01
3.191415146248626766e-01 -9.477003352983891515e-01 -3.573250378758594838e-03 -4.413116268141038745e+02 9.475707775191816173e-01 3.190294066768607495e-01 1.816202816604459841e-02 7.352192788802673249e+02 -1.607218823441601205e-02 -9.182164817241881410e-03 9.998286716306082900e-01 -2.067187783827376890e+01
3.191329469390186135e-01 -9.477034217774134017e-01 -3.519450155880564021e-03 -4.413092990984949893e+02 9.475733155745735825e-01 3.190216742442195663e-01 1.816543347749902809e-02 7.352182647989477573e+02 -1.609266258354768303e-02 -9.132125371306162517e-03 9.998288005939691692e-01 -2.067239413686837324e+01
3.191099307045570099e-01 -9.477110884063020269e-01 -3.541897439924336123e-03 -4.413093821099514003e+02 9.475814668148168085e-01 3.189984605487203861e-01 1.814789014257813665e-02 7.352200948663937652e+02 -1.606909688854338616e-02 -9.147408337263171485e-03 9.998290399092727432e-01 -2.067216810546632288e+01
3.191011044892717585e-01 -9.477139596572379254e-01 -3.568723094589664000e-03 -4.413121059189048765e+02 9.475847875642369189e-01 3.189893215727123699e-01 1.813513439214388054e-02 7.352180014092413103e+02 -1.604853546487077995e-02 -9.168609130056824125e-03 9.998291759676014578e-01 -2.067295536162079728e+01
3.191091924051354667e-01 -9.477113366914095005e-01 -3.541980960423016852e-03 -4.413145203275038284e+02 9.475822927898533976e-01 3.189980496205592209e-01 1.811194990619025696e-02 7.352217999033634896e+02 -1.603501523751529531e-02 -9.136008146942292685e-03 9.998296913182123102e-01 -2.067376880856246402e+01
3.191409581968213116e-01 -9.477006992588650203e-01 -3.526106276452156945e-03 -4.413128527701243797e+02 9.475720010558109641e-01 3.190303426669798825e-01 1.808157274343055732e-02 7.352253608705161696e+02 -1.601098423899242548e-02 -9.111810031357182177e-03 9.998302972513141151e-01 -2.067286064320762407e+01
3.191572400052845038e-01 -9.476953121608127084e-01 -3.500208655026202428e-03 -4.413157859398822893e+02 9.475645236629098855e-01 3.190459852798714913e-01 1.819705394505637813e-02 7.352123453561597444e+02 -1.612853519983936668e-02 -9.124395060252164791e-03 9.998282931419235631e-01 -2.066923960876452071e+01
3.191339949940003029e-01 -9.477030475439973678e-01 -3.525182972424110387e-03 -4.413093794164988140e+02 9.475731362380440670e-01 3.190227107792854566e-01 1.815658247121549121e-02 7.352201184976381683e+02 -1.608243511309910209e-02 -9.134751384469902077e-03 9.998289411684265771e-01 -2.067155733079150792e+01
3.191435975769024158e-01 -9.476995967762144035e-01 -3.583070732291001974e-03 -4.413017345599184296e+02 9.475705822302924464e-01 3.190315905944090535e-01 1.813383286970720459e-02 7.352239723377632572e+02 -1.604231334369369058e-02 -9.182509079865947346e-03 9.998291482596318724e-01 -2.067461722550754644e+01
3.191329435477253673e-01 -9.477030625097933036e-01 -3.615197383719698926e-03 -4.413095242422176625e+02 9.475745466658973548e-01 3.190205402974873317e-01 1.812107555359572172e-02 7.352167183749585320e+02 -1.602007657547767361e-02 -9.208701203655658002e-03 9.998292639089224609e-01 -2.067486992724865047e+01
3.191442187559924148e-01 -9.476994272414455134e-01 -3.572567824844022095e-03 -4.413130697721393858e+02 9.475708765001022993e-01 3.190327005333100097e-01 1.809889497322077559e-02 7.352181800748712703e+02 -1.601254643882599540e-02 -9.161418921718811684e-03 9.998298188991391333e-01 -2.067337635670734386e+01
3.191298331372152131e-01 -9.477045760947948594e-01 -3.490852445773208728e-03 -4.413190140305797513e+02 9.475746003344042157e-01 3.190192427110463136e-01 1.814110198320984316e-02 7.352197994859129722e+02 -1.607875626122373322e-02 -9.097209959956886749e-03 9.998293426220480340e-01 -2.067159225612074636e+01
3.190912196450161886e-01 -9.477176806615330573e-01 -3.462846658490047105e-03 -4.413132363110030383e+02 9.475870183042605088e-01 3.189808439047711053e-01 1.816766256406006363e-02 7.352265524386193647e+02 -1.611323327881437201e-02 -9.078490145628483055e-03 9.998289577372614367e-01 -2.067140045645053092e+01
3.191003340362046359e-01 -9.477143429968249988e-01 -3.535660628339071677e-03 -4.413095636010117460e+02 9.475849895129245803e-01 3.189891510492874893e-01 1.812758016520718204e-02 7.352188699168988251e+02 -1.605193034415931114e-02 -9.134855825411633892e-03 9.998294304236474694e-01 -2.067111009931243970e+01
3.191248000015973196e-01 -9.477057137045370450e-01 -3.638988281711393914e-03 -4.413081645508641486e+02 9.475782900423088684e-01 3.190125208804982515e-01 1.806642637502978849e-02 7.352187117948594732e+02 -1.596077267663470814e-02 -9.213670997143041941e-03 9.998301665794653292e-01 -2.067428179034422797e+01
3.191095851440239883e-01 -9.477108786074501801e-01 -3.628117735620255396e-03 -4.413110679287689209e+02 9.475832762488699546e-01 3.189974373275621944e-01 1.807123548367288446e-02 7.352203568689078566e+02 -1.596894619776819887e-02 -9.204648148770486552e-03 9.998301191751477468e-01 -2.067390047022700372e+01
3.191223960007150695e-01 -9.477070785576240386e-01 -3.491363993610878402e-03 -4.413185948109897367e+02 9.475773778628995281e-01 3.190119518947471255e-01 1.812422441860161992e-02 7.352193208011871093e+02 -1.606266893249882338e-02 -9.092183460349553825e-03 9.998296469232588191e-01 -2.067207556011911507e+01
3.191533248658932620e-01 -9.476969210673750199e-01 -3.420676316586367897e-03 -4.413129416385556851e+02 9.475652158004782555e-01 3.190432460121104818e-01 1.820903564304294717e-02 7.352194568652377029e+02 -1.616530333891740001e-02 -9.052788160188462302e-03 9.998283502654281563e-01 -2.066969958451341327e+01
3.191886730066514910e-01 -9.476846199922265290e-01 -3.528746865639727139e-03 -4.413070625820461714e+02 9.475543864621148726e-01 3.190771187552151056e-01 1.817902591659373637e-02 7.352205964921887471e+02 -1.610204088489112714e-02 -9.146218730122444504e-03 9.998285207785794215e-01 -2.067110214620869968e+01
3.192024673732397622e-01 -9.476795719934048012e-01 -3.635058353404281573e-03 -4.413053213004897088e+02 9.475512223330575523e-01 3.190897220859283956e-01 1.812264644730806132e-02 7.352226366063852083e+02 -1.601455206881876800e-02 -9.229197447333825979e-03 9.998291634256890603e-01 -2.067329216390819013e+01
3.191826048471982369e-01 -9.476863232079603128e-01 -3.619056166246901931e-03 -4.413122385662799161e+02 9.475582279683810727e-01 3.190703511955864102e-01 1.809739200402157161e-02 7.352226964011153996e+02 -1.599591736598337047e-02 -9.205639168591414970e-03 9.998296789129228479e-01 -2.067574092227442861e+01
3.191372292651780129e-01 -9.477018224668908308e-01 -3.561543187866455813e-03 -4.413126946385533529e+02 9.475728502170543965e-01 3.190257059052831190e-01 1.811884386941622210e-02 7.352235387509077782e+02 -1.603503752641754695e-02 -9.157219259671601358e-03 9.998294969178278535e-01 -2.067442961173800597e+01
3.191016750444687355e-01 -9.477139739060645995e-01 -3.513494982103607025e-03 -4.413109716399983427e+02 9.475839672221773036e-01 3.189905918322853418e-01 1.815564336421860922e-02 7.352190275691968964e+02 -1.608558507778387603e-02 -9.122827722989095695e-03 9.998289993629121408e-01 -2.067247137536315549e+01
3.191510542154352148e-01 -9.476973467807108253e-01 -3.513331464193515837e-03 -4.413096136915082752e+02 9.475670414150757503e-01 3.190397950493049084e-01 1.817446557063747206e-02 7.352170853451049197e+02 -1.610300025017391209e-02 -9.129516947707418464e-03 9.998286579725771395e-01 -2.067314484054703883e+01
3.191671754067298417e-01 -9.476918880862515993e-01 -3.521277950576490526e-03 -4.413123663885364181e+02 9.475621310725126367e-01 3.190560551033562176e-01 1.814501196480422865e-02 7.352174269531794835e+02 -1.607239559643956414e-02 -9.127921855474794080e-03 9.998291649788938473e-01 -2.067205640037091641e+01
3.191421851179924163e-01 -9.477001884238216434e-01 -3.552258375414817700e-03 -4.413141363338619954e+02 9.475712065234620507e-01 3.190308526241995013e-01 1.811418343583940521e-02 7.352194084400299516e+02 -1.603353503703860983e-02 -9.147017838016822944e-03 9.998296143938162350e-01 -2.067440010504551751e+01
3.191219169395056454e-01 -9.477069448069621593e-01 -3.570559271140175042e-03 -4.413102415064714705e+02 9.475782140574597889e-01 3.190103429824415193e-01 1.810881867765724504e-02 7.352155400854005620e+02 -1.602280788534021436e-02 -9.162305107257209119e-03 9.998296463861187089e-01 -2.067465998194339960e+01
3.190801283480301231e-01 -9.477210243434835979e-01 -3.568152286933228261e-03 -4.413085519546210094e+02 9.475913914796982862e-01 3.189680987339841289e-01 1.816333624632300581e-02 7.352138886711269379e+02 -1.607564888190392630e-02 -9.176710051291692496e-03 9.998286660751732891e-01 -2.067320750081736591e+01
3.190933031863599778e-01 -9.477166886142546209e-01 -3.541466313486309886e-03 -4.413105761858562914e+02 9.475866757864079837e-01 3.189816229617195575e-01 1.817184868891971380e-02 7.352155606814571911e+02 -1.609210159312214963e-02 -9.154361514556154378e-03 9.998286062778848349e-01 -2.067186401554981856e+01
3.191135192959458355e-01 -9.477099775041588625e-01 -3.515727751511564959e-03 -4.413118282572111184e+02 9.475800513371521738e-01 3.190024318788578506e-01 1.815199061412572576e-02 7.352208699602583692e+02 -1.608129691401258624e-02 -9.123979090365420819e-03 9.998290578369494197e-01 -2.067059457697194702e+01
3.191347336576142446e-01 -9.477027919059434202e-01 -3.527036569633895929e-03 -4.413094722560622358e+02 9.475732662184140898e-01 3.190236289991542629e-01 1.813365071840112100e-02 7.352197902459690795e+02 -1.606010340721861218e-02 -9.129203354616928501e-03 9.998293508017553899e-01 -2.067276442435782258e+01
3.191298795666437371e-01 -9.477043828052066354e-01 -3.538753958877146905e-03 -4.413119004311718072e+02 9.475743955254583017e-01 3.190182641730967550e-01 1.816898644798684709e-02 7.352157532651341398e+02 -1.608990094258884798e-02 -9.151499100490359528e-03 9.998286678985912612e-01 -2.067366761290445965e+01
3.191103550335075423e-01 -9.477108840246513122e-01 -3.558315837963258073e-03 -4.413128928993629643e+02 9.475793281941187196e-01 3.189974338020069022e-01 1.827714438630032717e-02 7.352154760033974981e+02 -1.618635504281953214e-02 -9.204212565350694888e-03 9.998266271616693679e-01 -2.067235181512820219e+01
3.191568034669221010e-01 -9.476951692482648015e-01 -3.577846318554371227e-03 -4.413098667189489106e+02 9.475653472898895036e-01 3.190444434222503012e-01 1.818119184151595694e-02 7.352207250992308900e+02 -1.608873569202709172e-02 -9.192894260747942400e-03 9.998283069002112944e-01 -2.067273913725423995e+01
3.191866031227429956e-01 -9.476852491969472991e-01 -3.546948193061800342e-03 -4.413099923327687861e+02 9.475573542713752184e-01 3.190759947673927344e-01 1.804355645183888107e-02 7.352230799049232246e+02 -1.596786626937049536e-02 -9.120198337671176977e-03 9.998309103188824931e-01 -2.067385672715953149e+01
3.191471764514012266e-01 -9.476985547341969518e-01 -3.539649391182251269e-03 -4.413145836875963823e+02 9.475701623383125938e-01 3.190364467958537453e-01 1.807022584311448674e-02 7.352192860613779430e+02 -1.599584975057420991e-02 -9.121127703892398936e-03 9.998304545372512786e-01 -2.067571208864566756e+01
3.190815723004786775e-01 -9.477204504534769702e-01 -3.591380029075253843e-03 -4.413117025850891650e+02 9.475906853814205499e-01 3.189689712596817661e-01 1.818483851758987205e-02 7.352198945720026586e+02 -1.608860455803728592e-02 -9.205605129439445658e-03 9.998281920598038885e-01 -2.067354755872980832e+01
3.190461749941061464e-01 -9.477323766278424877e-01 -3.588943155236935540e-03 -4.413108345436593822e+02 9.476027002533051746e-01 3.189336839796105272e-01 1.817767025334317277e-02 7.352176678534087841e+02 -1.608293176866501181e-02 -9.200408389591414882e-03 9.998283311604994061e-01 -2.067105788905239194e+01
3.190954383528610272e-01 -9.477160607698854600e-01 -3.517013108634986247e-03 -4.413091099839915614e+02 9.475860851100496030e-01 3.189842992094577556e-01 1.815566478159577959e-02 7.352170605539673716e+02 -1.608454314570406662e-02 -9.126062494963057409e-03 9.998289866047753716e-01 -2.067191349080408003e+01
3.191386024364857854e-01 -9.477015205172037993e-01 -3.518585549095779551e-03 -4.413104962325772362e+02 9.475715277732583708e-01 3.190274113675473089e-01 1.815793351610200251e-02 7.352185657844704565e+02 -1.608577596325685977e-02 -9.129009009821010753e-03 9.998289398722957078e-01 -2.067055562194346052e+01
3.191373143697702752e-01 -9.477018651722272091e-01 -3.542502777973603832e-03 -4.413110587759720147e+02 9.475712183287011703e-01 3.190252424971261047e-01 1.821210709147882967e-02 7.352236600804247928e+02 -1.612950005152104585e-02 -9.168936619446453259e-03 9.998278701003272539e-01 -2.067043016795397392e+01
3.192035132435672162e-01 -9.476795650050463538e-01 -3.543896839601827671e-03 -4.413093500963987026e+02 9.475501640008349158e-01 3.190921071189618541e-01 1.813598291718336933e-02 7.352264186170567655e+02 -1.605627089193448903e-02 -9.147089494856999736e-03 9.998292488814367607e-01 -2.067289813219638717e+01
3.191650250806715716e-01 -9.476922044179122429e-01 -3.629387106953103469e-03 -4.413098015614654059e+02 9.475643836212135351e-01 3.190527130874883377e-01 1.808604887926147653e-02 7.352222523560175205e+02 -1.598204172827926220e-02 -9.211512201082539333e-03 9.998298467165125381e-01 -2.067485674884089519e+01
3.190760096318100980e-01 -9.477221856741424588e-01 -3.627514089196953728e-03 -4.413131494720519754e+02 9.475942723483260499e-01 3.189637022918724862e-01 1.809009764785735747e-02 7.352147403816198903e+02 -1.598734155787981739e-02 -9.209527745114005556e-03 9.998297802669331436e-01 -2.067356853693891949e+01
3.190794121863764210e-01 -9.477213608316344962e-01 -3.542730900165725390e-03 -4.413186534771118090e+02 9.475920722801729479e-01 3.189681201508038910e-01 1.812740685344294000e-02 7.352121026019379997e+02 -1.604971247606758883e-02 -9.141146038478901656e-03 9.998294085385460717e-01 -2.067381402215854891e+01
3.191232733829566515e-01 -9.477068974931240897e-01 -3.460177640466656750e-03 -4.413154057139067845e+02 9.475758916871618309e-01 3.190127543625136952e-01 1.818768944432782100e-02 7.352188054236626158e+02 -1.613275793618349635e-02 -9.082895903807713250e-03 9.998286028731990793e-01 -2.067168837730848807e+01
3.191641353720051644e-01 -9.476930038436396364e-01 -3.496449350323055285e-03 -4.413127785226444644e+02 9.475621274260072058e-01 3.190529095504467394e-01 1.820042788766454422e-02 7.352226584782413283e+02 -1.613286583778400160e-02 -9.122026814996374300e-03 9.998282448834132641e-01 -2.067214417111640401e+01
3.191764141563633861e-01 -9.476885079030268333e-01 -3.592858864491043410e-03 -4.413104065622059125e+02 9.475597155972592667e-01 3.190643193116671217e-01 1.812582465500985063e-02 7.352184413718075575e+02 -1.603128265383644072e-02 -9.189784040831273579e-03 9.998292583465218097e-01 -2.067479114182816602e+01
3.191315932075005080e-01 -9.477036097611332144e-01 -3.590858192680415617e-03 -4.413128561075959055e+02 9.475739705890583453e-01 3.190190651100853758e-01 1.817708332968062668e-02 7.352127774955222321e+02 -1.608093526289543565e-02 -9.203485318326907333e-03 9.998283349550891597e-01 -2.067394178123208093e+01
3.190794151820972591e-01 -9.477213294396019672e-01 -3.550849515818322970e-03 -4.413153015595470947e+02 9.475909987845108073e-01 3.189673569290393806e-01 1.819681940000448042e-02 7.352156157267837671e+02 -1.611290878843124261e-02 -9.170983531555453039e-03 9.998281188441540124e-01 -2.067295322816935155e+01
3.190535010174834207e-01 -9.477301680001891659e-01 -3.520248687186804549e-03 -4.413139677994861927e+02 9.476010688360282375e-01 3.189427993756279722e-01 1.810262597678575711e-02 7.352188742767798431e+02 -1.603364678743399510e-02 -9.111497614050376170e-03 9.998299369302386941e-01 -2.067159465314874822e+01
3.191679713116830630e-01 -9.476916571295508351e-01 -3.511281223464562170e-03 -4.413113858043121240e+02 9.475618315353228072e-01 3.190570243689817009e-01 1.814361094809975941e-02 7.352216489458177193e+02 -1.607424978683722611e-02 -9.118015565715110321e-03 9.998292255610123913e-01 -2.067191975530839798e+01
3.192055714858283433e-01 -9.476788965441096391e-01 -3.537255623282557510e-03 -4.413107576391369662e+02 9.475482821305696302e-01 3.190936160143459932e-01 1.820761517322076403e-02 7.352165523105707052e+02 -1.612625696845730594e-02 -9.163692696060056139e-03 9.998279704891034347e-01 -2.067367726287769258e+01
3.191638142735847006e-01 -9.476929267000471224e-01 -3.546313724938910707e-03 -4.413129029704706454e+02 9.475635797864307985e-01 3.190523956458651278e-01 1.813370053131335702e-02 7.352172992514904308e+02 -1.605371983876896155e-02 -9.147978756717769361e-03 9.998292817096351426e-01 -2.067319774392496257e+01
3.190995580502887785e-01 -9.477144824175119942e-01 -3.568174353579988984e-03 -4.413154037446781217e+02 9.475852599012092314e-01 3.189877583253574178e-01 1.813795072552952872e-02 7.352172078487866429e+02 -1.605139464559701690e-02 -9.168961482664305870e-03 9.998291268388117548e-01 -2.067239293658817800e+01
3.190956707422984984e-01 -9.477157403866877106e-01 -3.581666767675949995e-03 -4.413116919699988898e+02 9.475862166613010507e-01 3.189834121637755704e-01 1.816438157155524091e-02 7.352188176729167708e+02 -1.607217804296589420e-02 -9.190113582918031307e-03 9.998285987634522032e-01 -2.067241631922979650e+01
3.191133202245002853e-01 -9.477099126722147160e-01 -3.551095340627831269e-03 -4.413087472432202958e+02 9.475800724546235010e-01 3.190015290560723749e-01 1.816674838210554505e-02 7.352216710273854687e+02 -1.608400267925915589e-02 -9.162198574062165729e-03 9.998286648096779139e-01 -2.067191197239062461e+01
3.191623848768394556e-01 -9.476935845066841724e-01 -3.498851897461146936e-03 -4.413064459842055385e+02 9.475642215553184977e-01 3.190519652001637119e-01 1.810772018165978173e-02 7.352203065770041803e+02 -1.604425467237186043e-02 -9.094690032416129569e-03 9.998299197889721768e-01 -2.067095275800496168e+01
3.191879660392839546e-01 -9.476848928022717500e-01 -3.519416152083008117e-03 -4.413126251725454949e+02 9.475563956261764398e-01 3.190775971358545404e-01 1.806555047428447941e-02 7.352179836125634438e+02 -1.599748241550853767e-02 -9.101151595043205714e-03 9.998306104515952697e-01 -2.067102916179980099e+01
3.191787372046437921e-01 -9.476878935326544795e-01 -3.548262686003050750e-03 -4.413148480517619419e+02 9.475588631364504355e-01 3.190674545391678496e-01 1.811519653369040445e-02 7.352188483196817970e+02 -1.603541730068377621e-02 -9.144173310695783569e-03 9.998296102268912078e-01 -2.067344824114320190e+01
3.191411474675713289e-01 -9.477006243536459928e-01 -3.529106514550108854e-03 -4.413164168058497694e+02 9.475701392811617385e-01 3.190294524215562255e-01 1.819449450471881044e-02 7.352159814881536022e+02 -1.611704488304671265e-02 -9.150687805358685353e-03 9.998282381373947425e-01 -2.067450804200744940e+01
3.190995445464795965e-01 -9.477146821725928039e-01 -3.515944358313107931e-03 -4.413150983288886096e+02 9.475843337711961079e-01 3.189882158857415551e-01 1.817824296873406242e-02 7.352107318915718679e+02 -1.610624293955811165e-02 -9.132322844327000685e-03 9.998285801165313069e-01 -2.067358266921878140e+01
3.190925907822859120e-01 -9.477167943414293028e-01 -3.577181998929154262e-03 -4.413098903030466431e+02 9.475874814747795583e-01 3.189805489962509455e-01 1.814867252267437711e-02 7.352165934531338962e+02 -1.605875026686338913e-02 -9.180799815661650973e-03 9.998289000897160328e-01 -2.067204466111165218e+01
3.191257512399762186e-01 -9.477056380629936827e-01 -3.574699866411713833e-03 -4.413083091826070472e+02 9.475763507881875825e-01 3.190137702021365040e-01 1.814590445144507666e-02 7.352190272288235064e+02 -1.605659747466177747e-02 -9.178126444573669537e-03 9.998289592087759026e-01 -2.067239446981184159e+01
3.191122606854946975e-01 -9.477103293331624601e-01 -3.535075023458808616e-03 -4.413127924804743998e+02 9.475804487523650232e-01 3.190007878874662195e-01 1.816013407007004490e-02 7.352228969233425460e+02 -1.608285492255578930e-02 -9.144889414554102647e-03 9.998288417399928685e-01 -2.067322558988835368e+01
3.191271757528476583e-01 -9.477053674219839685e-01 -3.518842931037023409e-03 -4.413162983977805993e+02 9.475752460781209363e-01 3.190159085620792312e-01 1.816598756743307425e-02 7.352215944877448237e+02 -1.609343704744529979e-02 -9.131628763443918467e-03 9.998287926640874179e-01 -2.067237057234798314e+01
3.191349940144003194e-01 -9.477027563514032193e-01 -3.513004324151639685e-03 -4.413110495554173554e+02 9.475728041203449470e-01 3.190239453324159591e-01 1.815222289547011036e-02 7.352202404797113786e+02 -1.608217917248134718e-02 -9.121836903417182563e-03 9.998290631925897953e-01 -2.067286645424460190e+01
3.191369383770730206e-01 -9.477019047622752268e-01 -3.565707961068350328e-03 -4.413088469609687081e+02 9.475725533128614986e-01 3.190251099123048162e-01 1.814484647459983432e-02 7.352189711398316376e+02 -1.605835519140229664e-02 -9.169457748263352970e-03 9.998290105178734288e-01 -2.067365725597782955e+01
3.191223458180433292e-01 -9.477067872756629319e-01 -3.574038504345774213e-03 -4.413110065236166406e+02 9.475776122216466035e-01 3.190104437105412138e-01 1.813851206485586620e-02 7.352180928765415047e+02 -1.604983538583547309e-02 -9.175083391721879436e-03 9.998290957102832222e-01 -2.067475068337448008e+01
3.190958154705504923e-01 -9.477158403919744289e-01 -3.542092505540398763e-03 -4.413096489243089309e+02 9.475851784840227943e-01 3.189837523015924270e-01 1.821250353464898622e-02 7.352229135908855824e+02 -1.613040813456502465e-02 -9.167968026218518973e-03 9.998278643324973736e-01 -2.067372719061555486e+01
3.191617716066917909e-01 -9.476937218411166652e-01 -3.517545708323494003e-03 -4.413107599922127520e+02 9.475632183123267049e-01 3.190503081779051953e-01 1.818923179164508644e-02 7.352216846291030379e+02 -1.611554673178439839e-02 -9.138404374725931853e-03 9.998283746318764598e-01 -2.067332442243242241e+01
3.191830355697575783e-01 -9.476864644961772166e-01 -3.543277467328971152e-03 -4.413134969975686772e+02 9.475563269692353074e-01 3.190712274750014399e-01 1.818128208262265871e-02 7.352238055003381305e+02 -1.609959704610317011e-02 -9.160611788056636368e-03 9.998284283648978255e-01 -2.067268514574555383e+01
3.191335505230247227e-01 -9.477029795274796165e-01 -3.583228335672151033e-03 -4.413114349478328791e+02 9.475729163322896831e-01 3.190209424703544516e-01 1.819907961538206123e-02 7.352190586898502715e+02 -1.610419709542276409e-02 -9.203307017825434685e-03 9.998279621894196056e-01 -2.067105594078972786e+01
3.190772101299473862e-01 -9.477219884147273232e-01 -3.573045049372427541e-03 -4.413091277133010522e+02 9.475928852336907848e-01 3.189653794557469890e-01 1.813313439924866405e-02 7.352184538491808325e+02 -1.604549251906185747e-02 -9.171662002428413937e-03 9.998291968061014945e-01 -2.067412940949764177e+01
3.191041859518441437e-01 -9.477129900537527574e-01 -3.550632533301591436e-03 -4.413147360922665143e+02 9.475837233549895267e-01 3.189927333282048805e-01 1.813072851531483468e-02 7.352184183169681546e+02 -1.605010095625990924e-02 -9.150112959764700182e-03 9.998293202802754909e-01 -2.067523730664796133e+01
3.191465320988103316e-01 -9.476986964298625971e-01 -3.559752019733225699e-03 -4.413179756523031187e+02 9.475694596383211765e-01 3.190348939179926124e-01 1.813437684277052070e-02 7.352167022177821991e+02 -1.605024018647153647e-02 -9.160635778928219106e-03 9.998292216884254735e-01 -2.067361094882118877e+01
3.191499223637888072e-01 -9.476976258668770026e-01 -3.540760013367511526e-03 -4.413158262663300206e+02 9.475673795680610301e-01 3.190381128214049289e-01 1.818636153482222975e-02 7.352157622886790023e+02 -1.610553425708944122e-02 -9.159284559464332676e-03 9.998283449035902937e-01 -2.067095999692661223e+01
3.191005523048696668e-01 -9.477142276854718661e-01 -3.546852302602950154e-03 -4.413095558565432839e+02 9.475831626426128862e-01 3.189881573851166552e-01 1.824021173868676030e-02 7.352179838833154690e+02 -1.615510430022450497e-02 -9.181399162299446262e-03 9.998273423519039582e-01 -2.067152008993142687e+01
3.190868894411944545e-01 -9.477187512980204120e-01 -3.567271347074434627e-03 -4.413115097260138100e+02 9.475889755295319183e-01 3.189747956613265267e-01 1.817176897574155486e-02 7.352205290510372606e+02 -1.608385655356429217e-02 -9.178680239323484466e-03 9.998285159903315122e-01 -2.067240985913432283e+01
3.190957491263331502e-01 -9.477157070940968042e-01 -3.583492240876135632e-03 -4.413164259215122911e+02 9.475869092242914515e-01 3.189838669534628690e-01 1.812021219993299737e-02 7.352160075966347677e+02 -1.602973350556215898e-02 -9.177753023026785639e-03 9.998293936933386750e-01 -2.067179348021772611e+01
3.191285343249291029e-01 -9.477047757733413347e-01 -3.554793386881118823e-03 -4.413131987120396502e+02 9.475763912597280347e-01 3.190174917686041112e-01 1.807823754850109918e-02 7.352171815472999015e+02 -1.599879079224098347e-02 -9.137719741245815472e-03 9.998302559790419597e-01 -2.067375036873515981e+01
3.191750025092238152e-01 -9.476891793966284450e-01 -3.540766552861867277e-03 -4.413092426743417604e+02 9.475589184252991570e-01 3.190631793529784543e-01 1.818745979644031258e-02 7.352270035861473616e+02 -1.610633061609487507e-02 -9.160067451391506674e-03 9.998283249030160968e-01 -2.067156057129827929e+01
3.191649902636907732e-01 -9.476925076681844695e-01 -3.552449797862988843e-03 -4.413067139082522772e+02 9.475630018314705749e-01 3.190533502636985763e-01 1.814710019928121934e-02 7.352261501760393685e+02 -1.606444988511082292e-02 -9.158089052736465702e-03 9.998290168097698771e-01 -2.067324669500182566e+01
3.191800955601706291e-01 -9.476875191252327468e-01 -3.526002334395874141e-03 -4.413130686997310477e+02 9.475580270256389603e-01 3.190690227491517206e-01 1.813130279876716891e-02 7.352221843871008105e+02 -1.605777124882510482e-02 -9.128242775208843252e-03 9.998293970304921174e-01 -2.067044839960824021e+01
3.191462106756691175e-01 -9.476987928538213035e-01 -3.562896963309442923e-03 -4.413164483196650849e+02 9.475702384906384834e-01 3.190348954611935128e-01 1.809360673995968893e-02 7.352159481086710002e+02 -1.601060080560311530e-02 -9.150601153754578040e-03 9.998299491215336676e-01 -2.067179359720692489e+01
3.190470513094393890e-01 -9.477319888779954793e-01 -3.613351368310406368e-03 -4.413137390111967306e+02 9.476031349174603990e-01 3.189345106712692113e-01 1.814046850222198262e-02 7.352126433970794324e+02 -1.603987984225400953e-02 -9.211686069174921179e-03 9.998289189128354293e-01 -2.067338320344294900e+01
3.190889842236236396e-01 -9.477180964662229590e-01 -3.553839835306331092e-03 -4.413138880116727591e+02 9.475882107195482407e-01 3.189771136118866313e-01 1.817096302223187090e-02 7.352143246059187049e+02 -1.608735691348274488e-02 -9.165730863850770835e-03 9.998285784699644241e-01 -2.067406190361734275e+01
3.191812498032812195e-01 -9.476872268707476898e-01 -3.499971435219203716e-03 -4.413154290534403685e+02 9.475564222191382724e-01 3.190699860815588429e-01 1.819809586690020187e-02 7.352190378684574625e+02 -1.612936716930939499e-02 -9.124911393862617306e-03 9.998282750086496806e-01 -2.067159814213848890e+01
3.191709426479861222e-01 -9.476905687920000876e-01 -3.534853871284187286e-03 -4.413123394787392044e+02 9.475608487457221063e-01 3.190595538921176533e-01 1.815045438688059690e-02 7.352215535106598736e+02 -1.607318554249034456e-02 -9.142586770616099867e-03 9.998290182894565836e-01 -2.067103202594539368e+01
3.191666725523504833e-01 -9.476917538027311849e-01 -3.602069705626119878e-03 -4.413104260654362747e+02 9.475631159867503595e-01 3.190544721023845787e-01 1.812139765441607084e-02 7.352231476357557085e+02 -1.602424267606570446e-02 -9.196934585622510913e-03 9.998293054521288914e-01 -2.067131054088761033e+01
3.191621545178484065e-01 -9.476932986961660310e-01 -3.595932410993749485e-03 -4.413126070427730383e+02 9.475650413203632327e-01 3.190503039681867881e-01 1.809408757982863825e-02 7.352227228586718866e+02 -1.600036221664849490e-02 -9.182327819621274173e-03 9.998298221521246809e-01 -2.067401218561747456e+01
3.191316529718144501e-01 -9.477036754316453537e-01 -3.568143050369032912e-03 -4.413094174920077535e+02 9.475753113067483246e-01 3.190203380619704987e-01 1.808461513954437785e-02 7.352181005206455211e+02 -1.600054603433076136e-02 -9.152457384582340927e-03 9.998300930910345441e-01 -2.067364091808497406e+01
3.191082246624783458e-01 -9.477117220486627192e-01 -3.526023868219858946e-03 -4.413073026038303510e+02 9.475824711621823049e-01 3.189973031252734681e-01 1.811576509493504142e-02 7.352187993537963848e+02 -1.604373082963243477e-02 -9.122088048271826191e-03 9.998296786006635184e-01 -2.067006536170131881e+01
3.190786177585154260e-01 -9.477219146584681120e-01 -3.465279989028905577e-03 -4.413181043544745989e+02 9.475918917545572695e-01 3.189685534590452898e-01 1.812921910244416970e-02 7.352171665513394601e+02 -1.607614289360011217e-02 -9.068317392512270300e-03 9.998296471146138620e-01 -2.067018075220775941e+01
3.191099039141027660e-01 -9.477112253701803768e-01 -3.507496440946320394e-03 -4.413209044285813434e+02 9.475812071099712908e-01 3.189989399685372318e-01 1.815302263976836458e-02 7.352147132251208177e+02 -1.608493568350219394e-02 -9.116447021772857567e-03 9.998290680100058170e-01 -2.067181628955918171e+01
3.191646843094993469e-01 -9.476926216596832653e-01 -3.549526928228908997e-03 -4.413143085795746856e+02 9.475630476627509013e-01 3.190530677384219582e-01 1.814967412330898908e-02 7.352180443416600610e+02 -1.606782479671601052e-02 -9.156135565759782047e-03 9.998289804700619676e-01 -2.067233491916779897e+01
3.192271512092212382e-01 -9.476714918460468207e-01 -3.573439957917316518e-03 -4.413066557641596432e+02 9.475419409678795812e-01 3.191150256668293106e-01 1.816233741794014492e-02 7.352196625562511372e+02 -1.607159101238093274e-02 -9.183895466886820083e-03 9.998286653354084841e-01 -2.066996710742695598e+01
3.192030028445307366e-01 -9.476797966199154155e-01 -3.527896465316514470e-03 -4.413099349346488793e+02 9.475501581611095459e-01 3.190918019164277752e-01 1.814165699664897768e-02 7.352171608387643573e+02 -1.606675897284010057e-02 -9.133730243592522516e-03 9.998292025280848261e-01 -2.067072020513341002e+01
3.190763917315717069e-01 -9.477223964212053708e-01 -3.537733908608509115e-03 -4.413203668786421190e+02 9.475930177437609236e-01 3.189651552106200216e-01 1.813015401859713674e-02 7.352125563087182627e+02 -1.605393916873721141e-02 -9.137236076224400025e-03 9.998293764208241452e-01 -2.067070178185843332e+01
3.190853671947959103e-01 -9.477194221182776435e-01 -3.524965526085282238e-03 -4.413185794158784461e+02 9.475895988265828906e-01 3.189741475022726536e-01 1.815063141807567865e-02 7.352131380725591043e+02 -1.607733304496256760e-02 -9.131821559594762924e-03 9.998290499866291370e-01 -2.067236390887111241e+01
3.191684957141610601e-01 -9.476912987716911152e-01 -3.559996627086422019e-03 -4.413140026506180789e+02 9.475629394130772321e-01 3.190573490199062334e-01 1.807993050980369679e-02 7.352182130954447530e+02 -1.599834974017977363e-02 -9.143865091693263378e-03 9.998302068535317444e-01 -2.067299981681963317e+01
3.191617425348862724e-01 -9.476935588953099288e-01 -3.563780357498008526e-03 -4.413125160095877391e+02 9.475652573720604321e-01 3.190505499593934702e-01 1.807842891487176223e-02 7.352216046461862788e+02 -1.599578455457644627e-02 -9.146857326433640092e-03 9.998302205262319386e-01 -2.067182771838376709e+01
3.191685472733087892e-01 -9.476912671255964815e-01 -3.563796476604862932e-03 -4.413145031508395277e+02 9.475619737496702166e-01 3.190567862244811370e-01 1.814037121272904854e-02 7.352226355197774410e+02 -1.605441793013618820e-02 -9.166753950379106716e-03 9.998290985398143871e-01 -2.067269976880296767e+01
3.191079567065970291e-01 -9.477115793607193694e-01 -3.588079172930179386e-03 -4.413160851525352655e+02 9.475815308390707070e-01 3.189952586456974437e-01 1.820075202425603181e-02 7.352159963584832667e+02 -1.610448320265036454e-02 -9.208002344440765694e-03 9.998279143500647947e-01 -2.067385894950303182e+01
3.191272164180226079e-01 -9.477052272854197268e-01 -3.552733760822053988e-03 -4.413120754377037542e+02 9.475752581143158659e-01 3.190153140390089015e-01 1.817579759407267695e-02 7.352157968262047234e+02 -1.609192191357878068e-02 -9.166874302796206714e-03 9.998284945252581268e-01 -2.067259056781606219e+01
3.192008966177846130e-01 -9.476805521916125130e-01 -3.515479512440578425e-03 -4.413087311050916810e+02 9.475511923650832280e-01 3.190901182003723635e-01 1.811723804507902463e-02 7.352202473083373206e+02 -1.604759938159170882e-02 -9.114135431975148999e-03 9.998296890417965876e-01 -2.067238032226714139e+01
3.191790040938347062e-01 -9.476876916830636599e-01 -3.578041097351539711e-03 -4.413087138095316959e+02 9.475593033242236674e-01 3.190674554332524337e-01 1.809214103034784138e-02 7.352258710658865084e+02 -1.600406290228721315e-02 -9.165037685463494135e-03 9.998299215640846782e-01 -2.067126340893911873e+01
3.191486793830485835e-01 -9.476980310043656708e-01 -3.544358687301209059e-03 -4.413088174756338162e+02 9.475692298587125029e-01 3.190376164576199103e-01 1.809845048636858980e-02 7.352240502260443691e+02 -1.602108214269405348e-02 -9.134621803273070342e-03 9.998299273433899348e-01 -2.067117030456824267e+01
3.190866455406420887e-01 -9.477189913659908038e-01 -3.525059127125622620e-03 -4.413128548350657638e+02 9.475889391460909916e-01 3.189752935881509099e-01 1.816492467199982627e-02 7.352124795690303927e+02 -1.609083731839636849e-02 -9.136491918787079461e-03 9.998287900784869064e-01 -2.067092739080862884e+01
3.190692623821233531e-01 -9.477248066103665103e-01 -3.535072597711149019e-03 -4.413141667002129225e+02 9.475946838642550496e-01 3.189576607445338552e-01 1.817486628775817972e-02 7.352175138257117624e+02 -1.609723315140682010e-02 -9.148857180994011268e-03 9.998285740551483558e-01 -2.067073730783707575e+01
3.191603460072222065e-01 -9.476942025165910888e-01 -3.517392925508156052e-03 -4.413118630099727966e+02 9.475643475306384511e-01 3.190492540531235099e-01 1.814885056915250747e-02 7.352253909680355264e+02 -1.607733887763063835e-02 -9.125349559752105391e-03 9.998291089831432554e-01 -2.067051963547262616e+01
3.191886050973781752e-01 -9.476846591523570007e-01 -3.524369911165444597e-03 -4.413129909598453651e+02 9.475559498726985330e-01 3.190780104336090051e-01 1.808162378157639541e-02 7.352298444259463395e+02 -1.601112853107761885e-02 -9.110985951614081202e-03 9.998303024504462400e-01 -2.067083657068083724e+01
3.191657900192171327e-01 -9.476921501437077788e-01 -3.575896727389717752e-03 -4.413088803368407866e+02 9.475643882083767400e-01 3.190546484201269850e-01 1.805163485101330539e-02 7.352263312765995806e+02 -1.596648617242186000e-02 -9.149856693147471326e-03 9.998306613831168255e-01 -2.067249887665326469e+01
3.191624000370172909e-01 -9.476930884988113979e-01 -3.629382067908148296e-03 -4.413098681864813102e+02 9.475647529839682504e-01 3.190497921376952428e-01 1.811819635961050418e-02 7.352178162563540127e+02 -1.601253587171280399e-02 -9.221721557137066080e-03 9.998292646979682896e-01 -2.067375018755358340e+01
3.191147707661048938e-01 -9.477092719289502698e-01 -3.591514832913518616e-03 -4.413175118624803872e+02 9.475790836247144355e-01 3.190019179331697319e-01 1.821144233458925690e-02 7.352166923833824512e+02 -1.611345263570478428e-02 -9.214784580119350296e-03 9.998277073522713332e-01 -2.067286625189668214e+01
3.191368716552721030e-01 -9.477021910837841734e-01 -3.494876976524744373e-03 -4.413153267551363683e+02 9.475711860428458477e-01 3.190256121793161870e-01 1.820731048144660913e-02 7.352163817584505523e+02 -1.614015277008246790e-02 -9.122268830024505074e-03 9.998281250694797118e-01 -2.067168902851341272e+01
3.191701280485181313e-01 -9.476910558598446999e-01 -3.477355999143629060e-03 -4.413116163649864347e+02 9.475610964502265698e-01 3.190598250334236718e-01 1.813274782502775212e-02 7.352185906407992206e+02 -1.607475833527513900e-02 -9.082438708481898118e-03 9.998295411976829694e-01 -2.067011287124737251e+01
3.191357166205061602e-01 -9.477024344872118089e-01 -3.534125652497078877e-03 -4.413109053617197333e+02 9.475728866034827114e-01 3.190244484571214123e-01 1.813907000298387029e-02 7.352224636620117053e+02 -1.606296831409569775e-02 -9.137666750387856904e-03 9.998292274660205425e-01 -2.066905238541623646e+01
3.190966383732611322e-01 -9.477154449504797684e-01 -3.573622979323649342e-03 -4.413122986094147677e+02 9.475861917595970185e-01 3.189847056926456426e-01 1.814295237057757942e-02 7.352227134253975009e+02 -1.605442510428123706e-02 -9.175670901379374272e-03 9.998290166313841265e-01 -2.067050232057685477e+01
3.191346163004754044e-01 -9.477026463871426332e-01 -3.576410149125013472e-03 -4.413162321565929460e+02 9.475722450783622408e-01 3.190219606255334517e-01 1.821617401633426891e-02 7.352171117025039848e+02 -1.612256294455374772e-02 -9.202318699492954140e-03 9.998276752994247341e-01 -2.067173275547253652e+01
3.191746997954826304e-01 -9.476891792898243239e-01 -3.567978060832310838e-03 -4.413144678554029383e+02 9.475596616871323485e-01 3.190627203911328147e-01 1.815676182521492460e-02 7.352192453247022286e+02 -1.606855792631368615e-02 -9.176051089050424325e-03 9.998287861091917916e-01 -2.067021563955613672e+01
3.191546504315598831e-01 -9.476960558193876505e-01 -3.534811492090401963e-03 -4.413114015156284040e+02 9.475670367650825821e-01 3.190436648207062853e-01 1.810664999424103569e-02 7.352201099920970364e+02 -1.603184157075747407e-02 -9.128292400481869545e-03 9.998298126849896050e-01 -2.067108012231701863e+01
3.191401672450350779e-01 -9.477008837051161816e-01 -3.548052332306329045e-03 -4.413108356531511731e+02 9.475717392742222245e-01 3.190288318679736501e-01 1.812190292938942529e-02 7.352199508631736080e+02 -1.604221242961854574e-02 -9.145461251243101539e-03 9.998294894425074908e-01 -2.067235317573308251e+01
3.191220263278346514e-01 -9.477066603841407533e-01 -3.635680947998149674e-03 -4.413104890124209874e+02 9.475784685350615577e-01 3.190093751150918089e-01 1.811255248237443952e-02 7.352193001862085566e+02 -1.600557031676480210e-02 -9.225207434930762437e-03 9.998293440715859681e-01 -2.067245848635662497e+01
3.191584066315200641e-01 -9.476946852830560042e-01 -3.562999112926212939e-03 -4.413127688637989650e+02 9.475651507021727316e-01 3.190465269402713577e-01 1.815485670887887967e-02 7.352165676547961084e+02 -1.606849872260954562e-02 -9.170448931220981717e-03 9.998288384594642420e-01 -2.067170892690969808e+01
3.191572902332724393e-01 -9.476953791887822165e-01 -3.477406387628755643e-03 -4.413131830455956219e+02 9.475648061222943230e-01 3.190466421960787002e-01 1.817080905811681302e-02 7.352187308230628560e+02 -1.611093694897479389e-02 -9.094414089836633242e-03 9.998288500253375011e-01 -2.067067188720686488e+01
3.191538981841394174e-01 -9.476964008890400581e-01 -3.510130457393645723e-03 -4.413042656867774554e+02 9.475665719879760029e-01 3.190429766771478715e-01 1.814306159228744331e-02 7.352276642494166481e+02 -1.607423170246696439e-02 -9.116511116916555316e-03 9.998292395705531410e-01 -2.066967762696995337e+01
3.191566936007445010e-01 -9.476951190585308771e-01 -3.600866906394998429e-03 -4.413070190021979897e+02 9.475666314671779000e-01 3.190446070217918817e-01 1.811125783197703107e-02 7.352245629531754503e+02 -1.601511348028662046e-02 -9.192390491458719143e-03 9.998294935124019123e-01 -2.067121207538941263e+01
3.191361814974447708e-01 -9.477020466225898332e-01 -3.595620472825859521e-03 -4.413135897727393058e+02 9.475737134736781364e-01 3.190242993784437320e-01 1.809845130936916721e-02 7.352197161826301226e+02 -1.600484904441437303e-02 -9.182986085567085288e-03 9.998297442933060664e-01 -2.067411995837760230e+01
3.190934565399560774e-01 -9.477165404022854789e-01 -3.567217586027526983e-03 -4.413159955293598387e+02 9.475873527527868267e-01 3.189816983412271378e-01 1.813518751798479448e-02 7.352154988141553531e+02 -1.604914005014749026e-02 -9.167069939151041569e-03 9.998291803765189112e-01 -2.067259331202519590e+01
3.191328424607609016e-01 -9.477035780390770103e-01 -3.486693970813472924e-03 -4.413142681365661133e+02 9.475733138308596315e-01 3.190221765875139726e-01 1.815670016739790241e-02 7.352165510588449706e+02 -1.609483701436220660e-02 -9.098297494367262386e-03 9.998290739942429228e-01 -2.067015892595506088e+01
3.192115588237261492e-01 -9.476773181137237989e-01 -3.417813059041362091e-03 -4.413142430012104569e+02 9.475461212119714594e-01 3.191018136317270715e-01 1.817637788699642820e-02 7.352204027453281014e+02 -1.613471070317604519e-02 -9.040645426199495766e-03 9.998289542920842932e-01 -2.066864829095080225e+01
3.192146828873125841e-01 -9.476760739058116556e-01 -3.470616028762582312e-03 -4.413165846644790236e+02 9.475461571329426569e-01 3.191045378143619882e-01 1.812661162148332394e-02 7.352213269902662205e+02 -1.607066681087335538e-02 -9.074849461511248772e-03 9.998296758825999664e-01 -2.067000861239408849e+01
3.191513187894201020e-01 -9.476969950875020476e-01 -3.583464398153899787e-03 -4.413158751027384028e+02 9.475680027952787521e-01 3.190393145875609626e-01 1.813272803707157918e-02 7.352181468984769026e+02 -1.604106584803567312e-02 -9.182660269127959976e-03 9.998291668864440762e-01 -2.067216231304861651e+01
3.190784166627582685e-01 -9.477214218600603646e-01 -3.615323987249565232e-03 -4.413147939289118540e+02 9.475922557600710006e-01 3.189656482700121698e-01 1.816127878845554336e-02 7.352137148192379072e+02 -1.605866879689284155e-02 -9.220725092772637591e-03 9.998285339923218551e-01 -2.067203423034502308e+01
3.191574970720332249e-01 -9.476949809894423815e-01 -3.565819700365941477e-03 -4.413118235680126986e+02 9.475659274082528505e-01 3.190458321699932709e-01 1.812650517597937452e-02 7.352174015341961422e+02 -1.604073806448336886e-02 -9.164059273976701142e-03 9.998293428080463618e-01 -2.067374597698957572e+01
3.192020576782582664e-01 -9.476800151959043905e-01 -3.554598747545304697e-03 -4.413134520470945859e+02 9.475508281714634107e-01 3.190905462280516636e-01 1.812874346053306232e-02 7.352193948623453252e+02 -1.604600902218482339e-02 -9.154895202777216592e-03 9.998293421820977356e-01 -2.067425153727445064e+01
3.191832706678803255e-01 -9.476862957712081093e-01 -3.567146366585091048e-03 -4.413162110224256480e+02 9.475568260461307846e-01 3.190713345758711128e-01 1.815337063346724594e-02 7.352225368613060255e+02 -1.606552641957861502e-02 -9.174326101599681801e-03 9.998288506546725296e-01 -2.067305811138576743e+01
3.191682785955094470e-01 -9.476914734214397784e-01 -3.532866071571586723e-03 -4.413141793210560877e+02 9.475620165392744099e-01 3.190570823540555545e-01 1.813292617704005336e-02 7.352156857725715327e+02 -1.605723358501800341e-02 -9.135064532766882725e-03 9.998293433609449776e-01 -2.067041962019127155e+01
3.191562752011582460e-01 -9.476953987272418445e-01 -3.564159218734285796e-03 -4.413109060472667124e+02 9.475659946237404707e-01 3.190444457118564725e-01 1.814738254229354003e-02 7.352193519950078553e+02 -1.606106573190476186e-02 -9.169127091946258773e-03 9.998289700123352830e-01 -2.066904155665727671e+01
3.191968947987167682e-01 -9.476817094435429079e-01 -3.566502070823488173e-03 -4.413089612005097138e+02 9.475524056009123619e-01 3.190850643893893834e-01 1.814277607048869062e-02 7.352171346355530659e+02 -1.605555949761850593e-02 -9.170565401517885226e-03 9.998290452569554843e-01 -2.066874367274772339e+01
3.191337284089594828e-01 -9.477031238903229626e-01 -3.528790206217974519e-03 -4.413109432488623156e+02 9.475738764242696011e-01 3.190227449034960250e-01 1.811731085240073438e-02 7.352188549807383424e+02 -1.604406775353597533e-02 -9.125634375864716610e-03 9.998296408324560680e-01 -2.066999821582676944e+01
3.191334758913684233e-01 -9.477031959865428457e-01 -3.532263068535715193e-03 -4.413115486035907225e+02 9.475734248143123928e-01 3.190221208093465544e-01 1.815188750466312576e-02 7.352135964540121904e+02 -1.607573174597662358e-02 -9.139953566549738687e-03 9.998290014285606819e-01 -2.067100763207752934e+01
3.191779705283823154e-01 -9.476881500644535050e-01 -3.548711991273693304e-03 -4.413127634091377445e+02 9.475576152982786438e-01 3.190658215335815395e-01 1.820898732331707737e-02 7.352175011533206543e+02 -1.612416880409960410e-02 -9.174516691065092919e-03 9.998279049035700972e-01 -2.067131769441333944e+01
3.192035670190032648e-01 -9.476795524203119880e-01 -3.542418211011868004e-03 -4.413115082230949042e+02 9.475500130330910542e-01 3.190921135144388354e-01 1.814375633318484476e-02 7.352205066962940236e+02 -1.606410916715198325e-02 -9.148170162689185647e-03 9.998291130885019751e-01 -2.067043063881483533e+01
3.192043233057103579e-01 -9.476791487054422314e-01 -3.582051349745046451e-03 -4.413073660386464212e+02 9.475514492442806969e-01 3.190930791789167165e-01 1.805153331940577768e-02 7.352249526742106127e+02 -1.596405393399522726e-02 -9.156305425569753048e-03 9.998306411852690978e-01 -2.067125890868748783e+01
3.191355925485304668e-01 -9.477024574353645203e-01 -3.539172172861193393e-03 -4.413104921862356491e+02 9.475736207871140460e-01 3.190246221338348120e-01 1.809761478104441462e-02 7.352171797414337107e+02 -1.602207093660072343e-02 -9.129219207290727167e-03 9.998299608431264751e-01 -2.067225571860572586e+01
3.190997696971887843e-01 -9.477143173685169675e-01 -3.592997902459742036e-03 -4.413102497885049615e+02 9.475854785053517970e-01 3.189876608197128038e-01 1.812824234590219158e-02 7.352184726916102591e+02 -1.603427282370194565e-02 -9.189390594263257064e-03 9.998292140138340667e-01 -2.067041663297250764e+01
3.190539674233803802e-01 -9.477297737650338672e-01 -3.583544429483034345e-03 -4.413081011933834930e+02 9.476001322724715292e-01 3.189416099809618821e-01 1.817247203731418154e-02 7.352137502311179560e+02 -1.607965138289752655e-02 -9.193766476777926952e-03 9.998284450191318173e-01 -2.067081863081852333e+01
3.191420380750610297e-01 -9.477003565569022125e-01 -3.520470880000336859e-03 -4.413099662473246667e+02 9.475710452226225877e-01 3.190311932021396846e-01 1.811662274615183713e-02 7.352175999590893980e+02 -1.604598981065506053e-02 -9.117672177681631837e-03 9.998296826285248962e-01 -2.067388127701327249e+01
3.192464998679289678e-01 -9.476650463386800949e-01 -3.554190482189468515e-03 -4.413048804556304958e+02 9.475363029959191774e-01 3.191352412967168317e-01 1.810116756766836157e-02 7.352267858202351363e+02 -1.601957636465060203e-02 -9.146458899138088308e-03 9.998298432546928183e-01 -2.067011241838094193e+01
3.192387201923357898e-01 -9.476676509526268388e-01 -3.558492361879914828e-03 -4.413064562265268478e+02 9.475383264628947089e-01 3.191270399919700629e-01 1.813979685280353582e-02 7.352270707164316264e+02 -1.605488753797338838e-02 -9.162733429144646197e-03 9.998291278524794601e-01 -2.066971737854871805e+01
3.191669479041502888e-01 -9.476917509985841592e-01 -3.578331285206208610e-03 -4.413086449562053986e+02 9.475617994528975352e-01 3.190545013893252291e-01 1.818959484970849791e-02 7.352232228591024068e+02 -1.609644628906776662e-02 -9.196207503443104558e-03 9.998281523263969905e-01 -2.066867649955629815e+01
3.191414976853842456e-01 -9.477002869941200114e-01 -3.587546012556716568e-03 -4.413114268314467949e+02 9.475710675829647212e-01 3.190292784969990803e-01 1.814914161510988722e-02 7.352185880185389806e+02 -1.605541450137578860e-02 -9.191599041871679684e-03 9.998288544407200051e-01 -2.067144502605223266e+01
3.191351293060264438e-01 -9.477023612549875242e-01 -3.606066353654013412e-03 -4.413117361302607264e+02 9.475731501094281084e-01 3.190225210987999716e-01 1.815919115658178387e-02 7.352175698562574553e+02 -1.605909195818096269e-02 -9.212247472084132000e-03 9.998286053429317199e-01 -2.067080590828992115e+01
3.191433362365301840e-01 -9.476996364592034094e-01 -3.595829655389713025e-03 -4.413085288666208044e+02 9.475707051654440605e-01 3.190311051637334527e-01 1.813594911413237906e-02 7.352183627058647062e+02 -1.604025087336634695e-02 -9.195270148312601963e-03 9.998290640698633824e-01 -2.067064608117338054e+01
3.191594500783544452e-01 -9.476942583848206869e-01 -3.583022484870948456e-03 -4.413055715324080097e+02 9.475659561828614352e-01 3.190478488669802326e-01 1.808946700742480179e-02 7.352230841024575057e+02 -1.600012840393801733e-02 -9.168574469201665883e-03 9.998299521084874630e-01 -2.067111271003757622e+01
3.191608914680247877e-01 -9.476939175979848251e-01 -3.544559933128811711e-03 -4.413113803671103597e+02 9.475647323611270378e-01 3.190496028525030003e-01 1.812260756752915106e-02 7.352197267302885848e+02 -1.604379452381092530e-02 -9.142727571350947255e-03 9.998294890579263461e-01 -2.067081479965189317e+01
3.191535467470992815e-01 -9.476963187466329597e-01 -3.563850842446374730e-03 -4.413118715362234639e+02 9.475662080255986552e-01 3.190413212095730700e-01 1.819111785565707268e-02 7.352140407142175036e+02 -1.610263974432438183e-02 -9.182744411673184753e-03 9.998281763374817777e-01 -2.066911314620234208e+01
3.191593658146048562e-01 -9.476943713226462229e-01 -3.560586495732746218e-03 -4.413094755617970577e+02 9.475644260501162597e-01 3.190473030662322462e-01 1.817902336425144746e-02 7.352201128398410219e+02 -1.609216259964638129e-02 -9.175890667294172090e-03 9.998284079447475881e-01 -2.066954118179026523e+01
3.191527753104216880e-01 -9.476964015257731688e-01 -3.610615841638366817e-03 -4.413083492047956611e+02 9.475672249010095305e-01 3.190400861872361160e-01 1.815978246128633136e-02 7.352268838802356186e+02 -1.605802930174657708e-02 -9.217046204797943801e-03 9.998285781843820885e-01 -2.067060066385648653e+01
3.191766553549035823e-01 -9.476883863209609737e-01 -3.603485650059320630e-03 -4.413090749924258489e+02 9.475600448039510626e-01 3.190645928318291413e-01 1.810378668107712891e-02 7.352223355599521710e+02 -1.600700370437735040e-02 -9.192825106145446554e-03 9.998296193847109326e-01 -2.067361265758886191e+01
3.191816229861032528e-01 -9.476868509535951723e-01 -3.567082507513631446e-03 -4.413073646772787129e+02 9.475572677707696512e-01 3.190696238062661338e-01 1.816038157424729182e-02 7.352164092463617635e+02 -1.607220715245579606e-02 -9.176475019647701778e-03 9.998287235639223836e-01 -2.067074435558263446e+01
3.191530285789678234e-01 -9.476965193126093423e-01 -3.556913217577303051e-03 -4.413081165694608785e+02 9.475661974608315941e-01 3.190408308692685990e-01 1.820026559882164871e-02 7.352100832658155696e+02 -1.611352781030253242e-02 -9.179080619083426068e-03 9.998280345641920031e-01 -2.066778147418528278e+01
3.191549257591009825e-01 -9.476958605345497944e-01 -3.562202883314504430e-03 -4.413121425277718117e+02 9.475662742462964694e-01 3.190430342333973046e-01 1.815759395240810342e-02 7.352107889170077897e+02 -1.607138060951670069e-02 -9.170508864096447998e-03 9.998287915900789802e-01 -2.067239119870248487e+01
3.191418067988341378e-01 -9.477000228930995140e-01 -3.629567686954041604e-03 -4.413105590809100249e+02 9.475698446685170140e-01 3.190281394297482254e-01 1.823282004728227559e-02 7.352181882961347128e+02 -1.612130975011187226e-02 -9.258124022268582332e-03 9.998271803224442200e-01 -2.067276187440560875e+01
3.191255440124006193e-01 -9.477056926511746582e-01 -3.578725380159827711e-03 -4.413120008957283744e+02 9.475761569045997312e-01 3.190133351835910402e-01 1.816366815794010631e-02 7.352204341056796011e+02 -1.607215059347574457e-02 -9.187605324512152991e-03 9.998286222566854509e-01 -2.067086946394866942e+01
3.191437664131226426e-01 -9.476998637007016946e-01 -3.496384034600571924e-03 -4.413116986620653961e+02 9.475695339384010429e-01 3.190328553508200993e-01 1.816633035218263165e-02 7.352192523932002359e+02 -1.610076741674373174e-02 -9.110738080636724898e-03 9.998288652265536758e-01 -2.066808923713016100e+01
3.191283980823081956e-01 -9.477050096568659932e-01 -3.504312871203647730e-03 -4.413112578396370509e+02 9.475745833718922650e-01 3.190172669094892832e-01 1.817669830264150715e-02 7.352168102885516419e+02 -1.610821172586764452e-02 -9.121298420682948452e-03 9.998286490344810984e-01 -2.067026590408895359e+01
3.191223120125788459e-01 -9.477067874263305214e-01 -3.577015768790497638e-03 -4.413084345738503771e+02 9.475773569379878358e-01 3.190102004625441356e-01 1.815611795690957528e-02 7.352180904334983325e+02 -1.606557170361672462e-02 -9.183521487498087083e-03 9.998287655088369252e-01 -2.067211736105979014e+01
3.191108019345392233e-01 -9.477105258188953663e-01 -3.613217509116347769e-03 -4.413073857027197846e+02 9.475811688360197271e-01 3.189979623238927142e-01 1.817219030738241245e-02 7.352169845684038592e+02 -1.606936700864926640e-02 -9.222759092443097093e-03 9.998283433463287517e-01 -2.067096177976569038e+01
3.191448953655885989e-01 -9.476991983118832064e-01 -3.572853355691668793e-03 -4.413110283782433498e+02 9.475703309124832163e-01 3.190331898015757450e-01 1.811882389778938368e-02 7.352223684173417269e+02 -1.603133607952958450e-02 -9.168059993562047844e-03 9.998294569272601073e-01 -2.067234066445540819e+01
3.191893148473043951e-01 -9.476844011205990403e-01 -3.529470215203626884e-03 -4.413153626760490056e+02 9.475548369676041194e-01 3.190781254963598879e-01 1.813782702054356905e-02 7.352205022610638707e+02 -1.606275899733041260e-02 -9.133767153855512633e-03 9.998292664605157309e-01 -2.067135944247725732e+01
3.191659819565184075e-01 -9.476921472090227283e-01 -3.559505595350954000e-03 -4.413121893243944669e+02 9.475629311438649172e-01 3.190543568892351134e-01 1.813308776916900886e-02 7.352166459127978442e+02 -1.604890911492509037e-02 -9.160320319104299849e-03 9.998292459454626302e-01 -2.067209556155547645e+01
3.191085513988930478e-01 -9.477113649644484106e-01 -3.591815880865037534e-03 -4.413103924354093124e+02 9.475830780607261694e-01 3.189967823414459058e-01 1.809317630391915968e-02 7.352151943192818635e+02 -1.600133110277076470e-02 -9.177231228765911700e-03 9.998298534400307247e-01 -2.067104179921566143e+01
3.190995878552027043e-01 -9.477145165067760724e-01 -3.556435429923305875e-03 -4.413078657181900439e+02 9.475840363115687337e-01 3.189873211204972692e-01 1.820942316068822550e-02 7.352127670375592743e+02 -1.612287685606965046e-02 -9.180640865224787978e-03 9.998278695231433977e-01 -2.066810880045985854e+01
3.191331365195130276e-01 -9.477032640775205907e-01 -3.544634259129158301e-03 -4.413052167368917367e+02 9.475730052366149181e-01 3.190212406865589601e-01 1.818922036975821610e-02 7.352161580840916031e+02 -1.610716989631770166e-02 -9.163582684833231767e-03 9.998282791711332607e-01 -2.066665854536905655e+01
3.191519815316726794e-01 -9.476969659422870285e-01 -3.531774085459430876e-03 -4.413049953944405956e+02 9.475675795445587246e-01 3.190408519076314842e-01 1.812779661514140814e-02 7.352192698432405678e+02 -1.605287763841807547e-02 -9.132116832182518226e-03 9.998294402355281107e-01 -2.066967789818538037e+01
3.191508803675356942e-01 -9.476972032325636786e-01 -3.567428458115784549e-03 -4.413108434260934700e+02 9.475675187304395397e-01 3.190388222505241567e-01 1.816665472883718241e-02 7.352145725074087750e+02 -1.607833970487033623e-02 -9.178283182346570757e-03 9.998286083675339553e-01 -2.067027759596486547e+01
3.191287716851299860e-01 -9.477045858869457273e-01 -3.583988224414014472e-03 -4.413133231180149210e+02 9.475748182592953484e-01 3.190163173402034702e-01 1.818111854531003282e-02 7.352136109822504295e+02 -1.608697869720126725e-02 -9.198215019619090244e-03 9.998282862356159262e-01 -2.067180629207489773e+01
3.191264613978643250e-01 -9.477054913751746801e-01 -3.550106057003281357e-03 -4.413121479283504414e+02 9.475762035728566568e-01 3.190150034081263297e-01 1.813190621434615513e-02 7.352167709518703305e+02 -1.605116999256138779e-02 -9.150367088358406925e-03 9.998293007928995557e-01 -2.067191497335758044e+01
3.191416795334706125e-01 -9.477003599680621226e-01 -3.551915111717810457e-03 -4.413094139948126440e+02 9.475719748287600996e-01 3.190306950259133578e-01 1.807672952740289538e-02 7.352138719638199973e+02 -1.599815313340062842e-02 -9.134733038682200587e-03 9.998302934741637449e-01 -2.066975003050179893e+01
3.191575917460859890e-01 -9.476949162194834297e-01 -3.574549284148075944e-03 -4.413069672058429660e+02 9.475663391378446043e-01 3.190460136169415151e-01 1.810177140619281116e-02 7.352149040248943948e+02 -1.601451103663137712e-02 -9.164440347586651561e-03 9.998297597438141615e-01 -2.066900752874259339e+01
3.191782810413704152e-01 -9.476880046758613396e-01 -3.559593370084342297e-03 -4.413122671682475016e+02 9.475593743121033530e-01 3.190669860670178881e-01 1.809670012364659672e-02 7.352221051695346432e+02 -1.601427690317908797e-02 -9.148999704549305723e-03 9.998299049036663000e-01 -2.067210743775090620e+01
3.192052110872026782e-01 -9.476789552988924559e-01 -3.553997520265780689e-03 -4.413088732266259626e+02 9.475500296657788368e-01 3.190938609380243318e-01 1.811212831355334812e-02 7.352217652863612329e+02 -1.603042404792193870e-02 -9.149076197326239460e-03 9.998296454444524084e-01 -2.066993054940803276e+01
3.192043247294941155e-01 -9.476793105471180700e-01 -3.538846553118783853e-03 -4.413101744664618877e+02 9.475502806949709367e-01 3.190932372128044703e-01 1.810998398495697673e-02 7.352201336839910937e+02 -1.603323513424931290e-02 -9.134020253524277599e-03 9.998297380279994595e-01 -2.067015612561357329e+01
3.191281665059666484e-01 -9.477049421193209922e-01 -3.543448201165113470e-03 -4.413111258023355958e+02 9.475755085002981470e-01 3.190167666795330481e-01 1.813720672370151138e-02 7.352158300922185390e+02 -1.605830106025957216e-02 -9.145778258338049110e-03 9.998292282720622204e-01 -2.067108081322995616e+01
3.190656866687838211e-01 -9.477259684124289540e-01 -3.546320247968610864e-03 -4.413097337101402218e+02 9.475956927876078018e-01 3.189537591413647566e-01 1.819072675751263329e-02 7.352160466042386133e+02 -1.610871195818079638e-02 -9.164514516110527920e-03 9.998282457866113360e-01 -2.067126065104873334e+01
3.190948669032235285e-01 -9.477159379867586830e-01 -3.600944583352570262e-03 -4.413076628471561094e+02 9.475866705381362776e-01 3.189823439498616908e-01 1.815946218098179327e-02 7.352159442800922307e+02 -1.606137399055284840e-02 -9.206798256205905862e-03 9.998286188799584417e-01 -2.067190306366283181e+01
3.192057983480171002e-01 -9.476785917140797544e-01 -3.597931047629945086e-03 -4.413086091964649995e+02 9.475506988456252611e-01 3.190941057281522775e-01 1.807276422461582405e-02 7.352182533440909538e+02 -1.597909315864946486e-02 -9.178153211254100677e-03 9.998302006268154907e-01 -2.067039671289615654e+01
3.192544792414879207e-01 -9.476624566327265242e-01 -3.527856724953440815e-03 -4.413107054572245147e+02 9.475331673896763007e-01 3.191434672809810302e-01 1.812026457758389789e-02 7.352265904750098571e+02 -1.604600201715594698e-02 -9.127736888126628673e-03 9.998295905996014143e-01 -2.067041872272153924e+01
3.192198420230029643e-01 -9.476742393000803233e-01 -3.496945213021499747e-03 -4.413103210767827136e+02 9.475433311432265304e-01 3.191085763036358158e-01 1.820308038395963834e-02 7.352272826392902516e+02 -1.613468514744803572e-02 -9.124291560471373824e-03 9.998281948608532810e-01 -2.067025180786221839e+01
3.191147698391989529e-01 -9.477094083623986975e-01 -3.555414443790113829e-03 -4.413117356714415678e+02 9.475791103090600576e-01 3.190026255094097762e-01 1.819765435417645613e-02 7.352168344969962845e+02 -1.611190169923685384e-02 -9.176176736272932677e-03 9.998280874251027628e-01 -2.067167358432153890e+01
3.190857197999176775e-01 -9.477190166178088848e-01 -3.601244332393316837e-03 -4.413095083176552862e+02 9.475909402811212301e-01 3.189738757240942468e-01 1.808525650056224884e-02 7.352202852241138089e+02 -1.599103864386075199e-02 -9.183253591362688581e-03 9.998299628119610150e-01 -2.067052022357498942e+01
3.191389070882005852e-01 -9.477011772424850378e-01 -3.582825108329998169e-03 -4.413067618643613059e+02 9.475736612049967533e-01 3.190277649764484136e-01 1.804000456459855378e-02 7.352210786681471291e+02 -1.595351287671780555e-02 -9.152258045969571820e-03 9.998308464933218787e-01 -2.066915199594042107e+01
3.191948858535962330e-01 -9.476824091962947616e-01 -3.560357400061706524e-03 -4.413103076949955721e+02 9.475525835020079946e-01 3.190828889196095086e-01 1.817172246615727030e-02 7.352201209344312929e+02 -1.608497260117634081e-02 -9.173946730967262944e-03 9.998285414798864235e-01 -2.066857044804572396e+01
3.191990947760981467e-01 -9.476810867309061193e-01 -3.534932339969003214e-03 -4.413087252368666782e+02 9.475504509785235285e-01 3.190871780702169702e-01 1.820757099623156877e-02 7.352149781234294323e+02 -1.612701908340897355e-02 -9.161366912984853297e-03 9.998279795103601764e-01 -2.066870506012008590e+01
3.191776359586152023e-01 -9.476884929460469564e-01 -3.486694927879549922e-03 -4.413088989398049193e+02 9.475579722640659064e-01 3.190668159806502868e-01 1.817295074505459462e-02 7.352168576936512636e+02 -1.610980765502910070e-02 -9.104245032963828241e-03 9.998287787514910097e-01 -2.067082723030894797e+01
3.191516572386462469e-01 -9.476969692112126031e-01 -3.560088440954584793e-03 -4.413082823773137875e+02 9.475681291591963040e-01 3.190402373724690599e-01 1.810987407631368604e-02 7.352218684860910116e+02 -1.602686131365003291e-02 -9.153222667475325799e-03 9.998296646085436112e-01 -2.066884477893527006e+01
3.191416075919604189e-01 -9.477002623769469336e-01 -3.584270397839419472e-03 -4.413080263678402844e+02 9.475714994733988039e-01 3.190297195467780011e-01 1.811881430003717611e-02 7.352202716946976579e+02 -1.602771628630185810e-02 -9.178819998772876423e-03 9.998294162376281102e-01 -2.066891793460353810e+01
3.191198859496000018e-01 -9.477075342466441121e-01 -3.595542192769419967e-03 -4.413093364214172993e+02 9.475785201525231960e-01 3.190076183258997999e-01 1.814077163716908137e-02 7.352178299666240946e+02 -1.604514060608729087e-02 -9.196139526061540559e-03 9.998289776160461662e-01 -2.067187094303069017e+01
3.191439860442413234e-01 -9.476996749715359547e-01 -3.527354623258760480e-03 -4.413091404938284086e+02 9.475692092934158151e-01 3.190323387626847196e-01 1.819231768255380466e-02 7.352147874104936136e+02 -1.611551335963153780e-02 -9.148381411852127623e-03 9.998282839301452229e-01 -2.066953132553059902e+01
3.191459746259793229e-01 -9.476992970362380087e-01 -3.448083098473107063e-03 -4.413084834650792345e+02 9.475694796057102520e-01 3.190363766372847909e-01 1.810722789155613799e-02 7.352157970466716961e+02 -1.606014320602158069e-02 -9.046147200482808348e-03 9.998301050783724442e-01 -2.067014627094755497e+01
3.191308826223999695e-01 -9.477040156522924530e-01 -3.546614324588398710e-03 -4.413090688079184361e+02 9.475741704815061617e-01 3.190191804962769773e-01 1.816463354350628459e-02 7.352263464860953945e+02 -1.608325815666666186e-02 -9.157575661891291172e-03 9.998287191389647610e-01 -2.067006813935635989e+01
3.191452806089943306e-01 -9.476988505301138233e-01 -3.630229869740088551e-03 -4.413102950654492247e+02 9.475703099876033875e-01 3.190325400563915337e-01 1.813135447683634355e-02 7.352216546265127590e+02 -1.602490233992005450e-02 -9.226434255326952660e-03 9.998290230914125276e-01 -2.067178487903388984e+01
3.191333519863461254e-01 -9.477028022469893287e-01 -3.647226776982709882e-03 -4.413119841933590237e+02 9.475737376946097301e-01 3.190199488634392622e-01 1.817371339700113789e-02 7.352177017432710500e+02 -1.605974101368521506e-02 -9.255854383709504266e-03 9.998281921801370764e-01 -2.067098753544230050e+01
3.191500175527657301e-01 -9.476975605075607101e-01 -3.549662531484255347e-03 -4.413066765139500944e+02 9.475673935983233154e-01 3.190380633744168137e-01 1.818649794716985235e-02 7.352151462460874427e+02 -1.610282227903113775e-02 -9.167765612174756662e-03 9.998283108555839904e-01 -2.066818267833829026e+01
3.191304058459973336e-01 -9.477043966272302722e-01 -3.487216366477635145e-03 -4.413049885545833035e+02 9.475743865764232332e-01 3.190198730814138850e-01 1.814118197457271348e-02 7.352201914079905691e+02 -1.607998659467606978e-02 -9.093799675395787541e-03 9.998293538592367691e-01 -2.066836052073714924e+01
3.191773168776901870e-01 -9.476885128726819651e-01 -3.510407372786026551e-03 -4.413091726569942352e+02 9.475591586190055260e-01 3.190666540391314254e-01 1.811383994397684771e-02 7.352209601637450760e+02 -1.604622410417205422e-02 -9.107845488237542239e-03 9.998297684318873113e-01 -2.067055714428531843e+01
3.191487633240182586e-01 -9.476976774501462142e-01 -3.630292598140780636e-03 -4.413105206178137792e+02 9.475692844506520274e-01 3.190361056816583551e-01 1.812220839637594325e-02 7.352181583977392165e+02 -1.601618039451722236e-02 -9.223634157970277136e-03 9.998291886809917983e-01 -2.067026864207510428e+01
3.191384553832126714e-01 -9.477011868149788354e-01 -3.620332180587970336e-03 -4.413116107257636713e+02 9.475730748856716623e-01 3.190261739315292111e-01 1.809884245811232278e-02 7.352203891526087318e+02 -1.599731375359618457e-02 -9.206565922773368021e-03 9.998296480383940255e-01 -2.067255933898073295e+01
3.191412286363291551e-01 -9.477003651144796370e-01 -3.590842014948861932e-03 -4.413082726614503599e+02 9.475713257549418511e-01 3.190290423603712178e-01 1.813981084926220844e-02 7.352233878072134985e+02 -1.604552247565684681e-02 -9.191740450345792235e-03 9.998290119395299991e-01 -2.067279545047230016e+01
3.191445251937981564e-01 -9.476993038999288466e-01 -3.577908106073062530e-03 -4.413091945828907114e+02 9.475698408203939715e-01 3.190323714539663458e-01 1.815881967728576185e-02 7.352210872353808782e+02 -1.606763225988315849e-02 -9.185605698528808913e-03 9.998287132511810560e-01 -2.067106511892543352e+01
3.191316486412340558e-01 -9.477037523087118442e-01 -3.548055173674214378e-03 -4.413141224252800043e+02 9.475741353993060168e-01 3.190200456820309616e-01 1.815126373818256103e-02 7.352169305459455018e+02 -1.607012003023273669e-02 -9.154688035231421314e-03 9.998289568367140223e-01 -2.066829318953404027e+01
3.190568099590362916e-01 -9.477291420542747202e-01 -3.496472484039199816e-03 -4.413133641958993394e+02 9.475994282433979343e-01 3.189462633664025271e-01 1.812745645134243924e-02 7.352175115552495299e+02 -1.606473191650924226e-02 -9.096943754780990876e-03 9.998295704782756976e-01 -2.066639732263353224e+01
3.190891410844440279e-01 -9.477182286901784103e-01 -3.504147591406173157e-03 -4.413118326024494991e+02 9.475890859732932769e-01 3.189787488743459631e-01 1.809646127993753961e-02 7.352172132826850657e+02 -1.603259761520498677e-02 -9.094876299739255987e-03 9.998301050872600015e-01 -2.066987186165211554e+01
3.191898936743099990e-01 -9.476840086704441113e-01 -3.582106433387594741e-03 -4.413110133582083563e+02 9.475555577690777387e-01 3.190782205598221011e-01 1.809845588192342952e-02 7.352203369818605552e+02 -1.600864507430515074e-02 -9.171089068097116812e-03 9.998297927188357637e-01 -2.066843245306519350e+01
3.191935608919067024e-01 -9.476829587743275107e-01 -3.532751601877342010e-03 -4.413055859998933670e+02 9.475541783559161546e-01 3.190827469998194776e-01 1.809087193294805010e-02 7.352256434619795300e+02 -1.601717095462858176e-02 -9.121963373369566461e-03 9.998301055773551882e-01 -2.066739088018149673e+01
3.191315074505867710e-01 -9.477038673696752680e-01 -3.529975194950482707e-03 -4.413047392727297620e+02 9.475747204433483395e-01 3.190205564288465800e-01 1.811170208842448684e-02 7.352199668592804755e+02 -1.603839546297416291e-02 -9.124930048502000873e-03 9.998297382667628019e-01 -2.066851410386211185e+01
3.191006534300871444e-01 -9.477141126498820345e-01 -3.568426086945435637e-03 -4.413093219871641963e+02 9.475842342548584929e-01 3.189884736421318423e-01 1.817890742308407234e-02 7.352148245138366747e+02 -1.609012032663296315e-02 -9.182285538444440176e-03 9.998283821037313723e-01 -2.067066747181071307e+01
3.191255307575406874e-01 -9.477057100179108184e-01 -3.575306723254188194e-03 -4.413139974619675172e+02 9.475759827845939842e-01 3.190132854181806366e-01 1.817362309804871484e-02 7.352162117740155054e+02 -1.608267603757111350e-02 -9.187541898996249429e-03 9.998284535885767488e-01 -2.067341099557938833e+01
3.191813142671611758e-01 -9.476870598171376336e-01 -3.539106926417308514e-03 -4.413113919149008666e+02 9.475572254113815429e-01 3.190697678299485585e-01 1.816006133325842251e-02 7.352192699010687420e+02 -1.608083310567719540e-02 -9.149858583151865635e-03 9.998288287974775868e-01 -2.067106842279924450e+01
3.192455848351412051e-01 -9.476655279569061729e-01 -3.507660962335114058e-03 -4.413110262244204591e+02 9.475355195902670502e-01 3.191345953805125868e-01 1.815348853856610725e-02 7.352195985048020930e+02 -1.608401933821304239e-02 -9.119054417785267888e-03 9.998290589738095813e-01 -2.066884212799699228e+01
3.192149480795830607e-01 -9.476757767924934850e-01 -3.526897119714728773e-03 -4.413071601565810056e+02 9.475458532604444928e-01 3.191036039534234092e-01 1.815890725990111296e-02 7.352181929005334950e+02 -1.608331096155570308e-02 -9.138491378813194677e-03 9.998288929030973993e-01 -2.066817839072126617e+01
3.191623927631894730e-01 -9.476933111942730248e-01 -3.571409149112848153e-03 -4.413072798066057203e+02 9.475643943571419037e-01 3.190506860963092661e-01 1.812120989497643248e-02 7.352196710962147108e+02 -1.603388886886152054e-02 -9.167748857225339193e-03 9.998294188453508147e-01 -2.066768005208531278e+01
3.191197867685545142e-01 -9.477076786072428094e-01 -3.566174654077614633e-03 -4.413119981468018977e+02 9.475788666211268918e-01 3.190082600298069782e-01 1.811136565188503980e-02 7.352183503466137608e+02 -1.602664112699520027e-02 -9.158926881800730918e-03 9.998296159009095740e-01 -2.067159080095651191e+01
3.190956249866679917e-01 -9.477157556607850308e-01 -3.581701645143571446e-03 -4.413121372508218769e+02 9.475871778681534963e-01 3.189839069497983903e-01 1.810545351300337988e-02 7.352182458879693741e+02 -1.601631837336078487e-02 -9.171345558286195937e-03 9.998296674766226078e-01 -2.067275883872843067e+01
3.191851770162442703e-01 -9.476855972442170817e-01 -3.582115154552190355e-03 -4.413061571872091804e+02 9.475575549966371858e-01 3.190737388557877141e-01 1.807288414681413116e-02 7.352198104557161287e+02 -1.598445313122413142e-02 -9.162857003158815170e-03 9.998302552481773686e-01 -2.067114672714582824e+01
3.192302611499224785e-01 -9.476706716759339955e-01 -3.512607498206132221e-03 -4.413063470349685531e+02 9.475412534893293826e-01 3.191195045912474382e-01 1.811945709197175861e-02 7.352254385732827586e+02 -1.605033650810108389e-02 -9.112619531231212419e-03 9.998296589235867726e-01 -2.066911388841057118e+01
3.191895290880787384e-01 -9.476843708066250427e-01 -3.518216790038246854e-03 -4.413068364025380674e+02 9.475543038036334798e-01 3.190782933405841848e-01 1.816271075781501765e-02 7.352239301132287892e+02 -1.608993050769502373e-02 -9.131048554864901537e-03 9.998288543988648192e-01 -2.066901843793769089e+01
3.191540287658619635e-01 -9.476963620385321363e-01 -3.508746421547013529e-03 -4.413140971085119872e+02 9.475665195267678476e-01 3.190431289167618423e-01 1.814312439825564033e-02 7.352138106882061948e+02 -1.607473155133353274e-02 -9.115221880670794710e-03 9.998292432888822301e-01 -2.067115604908795135e+01
3.191250706198693887e-01 -9.477060610303705834e-01 -3.522951626516776253e-03 -4.413157735322179178e+02 9.475763665476000241e-01 3.190139588251831859e-01 1.814176493986877081e-02 7.352132525415412374e+02 -1.606918984617714680e-02 -9.127757719382416715e-03 9.998292180051070455e-01 -2.067292125853060725e+01
3.191914578133224767e-01 -9.476834615698009889e-01 -3.587467921149287923e-03 -4.413054474765999089e+02 9.475532227336602720e-01 3.190786468651951036e-01 1.821283068968308078e-02 7.352213897571687085e+02 -1.611531402303093691e-02 -9.212696768885794696e-03 9.998276965918596604e-01 -2.067050488037790501e+01
3.192170498374775067e-01 -9.476749209268118257e-01 -3.566418289858353918e-03 -4.413090070880141411e+02 9.475447727480763582e-01 3.191047351268879173e-01 1.819537461542320919e-02 7.352200604415655789e+02 -1.610523923616795361e-02 -9.187614813411537976e-03 9.998280897250217958e-01 -2.066823380534059140e+01
3.192042387091465483e-01 -9.476793042986100257e-01 -3.548266367781210007e-03 -4.413116652932972670e+02 9.475497694378568481e-01 3.190926632079094105e-01 1.814681032988687756e-02 7.352200339538952676e+02 -1.606513082359963679e-02 -9.154697755046002985e-03 9.998290369261308985e-01 -2.066720751677765833e+01
3.191388817718981974e-01 -9.477012239601843024e-01 -3.572708461490945678e-03 -4.413131117709939986e+02 9.475721965271370895e-01 3.190270890066859710e-01 1.812867476285429449e-02 7.352208874154696332e+02 -1.604077648119409463e-02 -9.170964196229810378e-03 9.998292788799455488e-01 -2.067081465732320211e+01
3.191112882674395634e-01 -9.477103879884071214e-01 -3.606410841555939949e-03 -4.413103547396428326e+02 9.475818039060166509e-01 3.189990374614644075e-01 1.812012706576126772e-02 7.352183823761605481e+02 -1.602219106474489160e-02 -9.199706382392569201e-03 9.998293128309264644e-01 -2.067383148862165498e+01
3.191273468231506372e-01 -9.477051807576036824e-01 -3.553431413998248134e-03 -4.413059766596654754e+02 9.475753174601647677e-01 3.190154898682369677e-01 1.816961651761781621e-02 7.352200222916715120e+02 -1.608584004287547803e-02 -9.165565412253776773e-03 9.998286043921671418e-01 -2.067115643444741480e+01
3.191906114022363128e-01 -9.476840203326686307e-01 -3.514427233072236079e-03 -4.413084989313280744e+02 9.475538352532387742e-01 3.190793890611968164e-01 1.816790503089839998e-02 7.352193459961295048e+02 -1.609605198627515887e-02 -9.129133718126248784e-03 9.998287733547238654e-01 -2.067040339462172582e+01
3.192298309714165505e-01 -9.476706943476495004e-01 -3.545432639968889351e-03 -4.413076730113044164e+02 9.475419807899936320e-01 3.191187787487199667e-01 1.809418941266306355e-02 7.352211875009545565e+02 -1.601591891015354679e-02 -9.135651294202842485e-03 9.998300006585589816e-01 -2.067041160683599088e+01
3.191544608543435690e-01 -9.476958056029178845e-01 -3.618032532973136303e-03 -4.413066767691707355e+02 9.475670507736652093e-01 3.190418553860867035e-01 1.813777273818629673e-02 7.352223784854535324e+02 -1.603478733479110629e-02 -9.217079496226982666e-03 9.998289508914454116e-01 -2.066868690582772317e+01
3.191479012141759664e-01 -9.476982580849312443e-01 -3.553698548512712781e-03 -4.413088446108969833e+02 9.475681581653434549e-01 3.190358995563517541e-01 1.818462057368533044e-02 7.352182405701863672e+02 -1.609977582844011185e-02 -9.170955078756841058e-03 9.998283306654285330e-01 -2.066893241460367037e+01
3.191559803118537708e-01 -9.476956824163530468e-01 -3.514791684044588950e-03 -4.413155793496717365e+02 9.475649869908775447e-01 3.190444679498040670e-01 1.819953020286237816e-02 7.352180359011092605e+02 -1.612624135246826240e-02 -9.138982439477083553e-03 9.998281969117559509e-01 -2.066801435609610493e+01
3.191727272566001194e-01 -9.476899904982266643e-01 -3.528751203326949137e-03 -4.413119559545407924e+02 9.475600973414567418e-01 3.190613695498464297e-01 1.815776382778950745e-02 7.352203934434251096e+02 -1.608204283769268730e-02 -9.139166835515083118e-03 9.998289071274741868e-01 -2.066985327118197091e+01
3.191472372151067383e-01 -9.476982613135437328e-01 -3.611991313715002920e-03 -4.413077862893103429e+02 9.475696873527627018e-01 3.190348659842234258e-01 1.812296599943305150e-02 7.352238019313301720e+02 -1.602275220279990309e-02 -9.206508008720193370e-03 9.998292412317880684e-01 -2.067029290854348744e+01
3.190982720743215650e-01 -9.477147858103383005e-01 -3.602431907316765679e-03 -4.413041698265091100e+02 9.475860747108885151e-01 3.189860357873040564e-01 1.812567203476431882e-02 7.352229819945772533e+02 -1.602884191678641268e-02 -9.197484936946696138e-03 9.998292266670550932e-01 -2.066956823419750222e+01
3.191524113198550561e-01 -9.476967612677036357e-01 -3.547820658821843141e-03 -4.413048371352745676e+02 9.475663923166213198e-01 3.190403809350669251e-01 1.819800771708138601e-02 7.352176220156063664e+02 -1.611429492052286055e-02 -9.169733666390050136e-03 9.998281079684158135e-01 -2.066904421529908120e+01
3.191740070964063647e-01 -9.476895815101075149e-01 -3.522824324371293635e-03 -4.413098371379591072e+02 9.475595612995107997e-01 3.190627030553369603e-01 1.816230461426077483e-02 7.352181364202918985e+02 -1.608822500782485995e-02 -9.135021413175667404e-03 9.998288455530168761e-01 -2.067216568959666390e+01
3.191626607048662079e-01 -9.476932436107176061e-01 -3.565392879800557187e-03 -4.413141227409465728e+02 9.475645421054331718e-01 3.190512050204621364e-01 1.810433979774916241e-02 7.352224333248002495e+02 -1.601981761168773735e-02 -9.156669131728804173e-03 9.998297459338267856e-01 -2.067064380994752781e+01
3.191066425966914144e-01 -9.477121039238891598e-01 -3.566332404989553794e-03 -4.413084967503399412e+02 9.475833017803382274e-01 3.189951207993080295e-01 1.811074524441320943e-02 7.352221240471840247e+02 -1.602612984287226511e-02 -9.158656145434910037e-03 9.998296265763828572e-01 -2.066899645099397986e+01
3.191006044703809663e-01 -9.477141006035778581e-01 -3.575995496207579581e-03 -4.413114158919733541e+02 9.475843937469884404e-01 3.189883611778568939e-01 1.817256614290355121e-02 7.352191641914231468e+02 -1.608169623486618849e-02 -9.187434365294322100e-03 9.998284703367837922e-01 -2.066939254621297550e+01
3.191509878993124549e-01 -9.476971984634060542e-01 -3.559065538111335150e-03 -4.413097836436278385e+02 9.475676654603545357e-01 3.190391944053709294e-01 1.815246008634436789e-02 7.352219886390221291e+02 -1.606755416693237196e-02 -9.165830992528194859e-03 9.998288959843625312e-01 -2.067239583617855914e+01
3.191673427427504373e-01 -9.476919191436211642e-01 -3.497672999548773892e-03 -4.413091337941170309e+02 9.475614296672983938e-01 3.190563090936953117e-01 1.817714593587736391e-02 7.352164811640783455e+02 -1.611037967887256339e-02 -9.115811394962312561e-03 9.998286641466197500e-01 -2.067043158002033820e+01
3.191870710672068401e-01 -9.476850368597116159e-01 -3.561541203619814685e-03 -4.413083385947791726e+02 9.475560859749228015e-01 3.190755498192549555e-01 1.811787623937911179e-02 7.352242695763027314e+02 -1.603363949398673577e-02 -9.157751893745966557e-03 9.998295144597550976e-01 -2.066946132975154171e+01
3.191603713206199733e-01 -9.476940001449042361e-01 -3.569239111393952748e-03 -4.413094670714036170e+02 9.475659163334770874e-01 3.190491877194497339e-01 1.806792790161206377e-02 7.352241118957256276e+02 -1.598410402814171710e-02 -9.148655907273994109e-03 9.998303908731260847e-01 -2.067035999482767394e+01
3.191502497738559763e-01 -9.476974437907544901e-01 -3.559930021068488746e-03 -4.413116733374183127e+02 9.475690856981586752e-01 3.190391089111561107e-01 1.807967959704053981e-02 7.352120633559934504e+02 -1.599830923696340251e-02 -9.143413894440068426e-03 9.998302116279111917e-01 -2.067111027828287106e+01
3.191468920392602771e-01 -9.476987077183344210e-01 -3.524300026897061143e-03 -4.413107284073702203e+02 9.475686642338458920e-01 3.190355489131170841e-01 1.816439076301993097e-02 7.352158032764541531e+02 -1.608999265898920783e-02 -9.136625126650605583e-03 9.998288024544645936e-01 -2.067104198076449251e+01
3.191548814531964262e-01 -9.476959092213730340e-01 -3.553208363074795029e-03 -4.413114593521175379e+02 9.475662548803533980e-01 3.190431427110219098e-01 1.815669851863290288e-02 7.352213756452898679e+02 -1.607340214821167956e-02 -9.161699304704040356e-03 9.998288398567187762e-01 -2.067082666193152818e+01
3.191888630311018327e-01 -9.476844627186657988e-01 -3.553707718198621367e-03 -4.413117071889777776e+02 9.475550390396615397e-01 3.190772382367322857e-01 1.814287821063003889e-02 7.352177418760239789e+02 -1.605981654498771574e-02 -9.158338323815993359e-03 9.998290889605522258e-01 -2.067033338511523866e+01
3.192155234969174527e-01 -9.476753416296324062e-01 -3.591159387767622717e-03 -4.413058097850035892e+02 9.475459368561118811e-01 3.191031059882304399e-01 1.816329529953356059e-02 7.352220186933648165e+02 -1.606695696336989804e-02 -9.200794303951601721e-03 9.998285844474109618e-01 -2.067232412755100768e+01
3.191626463597030949e-01 -9.476929383368739579e-01 -3.646888412460364513e-03 -4.413063484744461675e+02 9.475638099746951371e-01 3.190492076907807117e-01 1.817770882497108526e-02 7.352242886981987340e+02 -1.606334943003678850e-02 -9.257305131997409925e-03 9.998281207821582139e-01 -2.067169469823571859e+01
3.191806176602188239e-01 -9.476870800569876518e-01 -3.596053823579446491e-03 -4.413112090926874203e+02 9.475590306225117887e-01 3.190688801381303952e-01 1.808129456443816757e-02 7.352226577683444475e+02 -1.598802038301672460e-02 -9.178672042311047594e-03 9.998300531509202171e-01 -2.067039844638727786e+01
3.191982361958621839e-01 -9.476815048609488201e-01 -3.500193414306553008e-03 -4.413149639396067982e+02 9.475519389839063278e-01 3.190876657774843195e-01 1.812138174964338794e-02 7.352214672892038152e+02 -1.605642978032095769e-02 -9.100928148462932368e-03 9.998296675782061271e-01 -2.066772882205654227e+01
3.191827939824278815e-01 -9.476866092873416081e-01 -3.526273249831507386e-03 -4.413100787604788593e+02 9.475566258470790038e-01 3.190714356504146254e-01 1.816204188088330063e-02 7.352205855436874344e+02 -1.608679081950956449e-02 -9.138354854391352380e-03 9.998288381676558867e-01 -2.067012096100075524e+01
3.191212422006423077e-01 -9.477070879597089270e-01 -3.592799360881522835e-03 -4.413126940073726701e+02 9.475773915566841898e-01 3.190086420195769601e-01 1.818167559540434519e-02 7.352183331366604762e+02 -1.608476878758511447e-02 -9.206614348065170553e-03 9.998282444826691595e-01 -2.067503177685049565e+01
3.191034338951222460e-01 -9.477130081264816264e-01 -3.612852639771924838e-03 -4.413095483732284947e+02 9.475840339152706848e-01 3.189908233254620806e-01 1.814809364665354724e-02 7.352211438968538459e+02 -1.604671758351668143e-02 -9.214600479633919261e-03 9.998287823386540207e-01 -2.067237073852184537e+01
3.191875186710046441e-01 -9.476850863929067170e-01 -3.507841660604911309e-03 -4.413097416588542501e+02 9.475562129139104561e-01 3.190771811096598243e-01 1.808247392814864296e-02 7.352157038642927773e+02 -1.601721863795016812e-02 -9.095577143983325785e-03 9.998303452003854952e-01 -2.066949486443311912e+01
3.192757524442362826e-01 -9.476552260050874477e-01 -3.544929676752123573e-03 -4.413092274263541412e+02 9.475300276155669277e-01 3.191667121812184482e-01 1.787334893842373179e-02 7.352164346810425286e+02 -1.580634897786711845e-02 -9.065454245521811782e-03 9.998339746534483652e-01 -2.067230346972097266e+01
3.192678999443878118e-01 -9.476572362156980844e-01 -3.710891149706116443e-03 -4.413096493055309111e+02 9.475362881724532782e-01 3.191578457800033908e-01 1.769892859576064834e-02 7.352211414745706861e+02 -1.558815773177321326e-02 -9.166903789838712346e-03 9.998364752365445085e-01 -2.067564237794914916e+01
3.192092504117937102e-01 -9.476764735431040254e-01 -3.841346697064171398e-03 -4.413035182436567538e+02 9.475585511031409114e-01 3.190982670938358745e-01 1.758090353274803161e-02 7.352300461304841974e+02 -1.543524158727632711e-02 -9.251887948805513628e-03 9.998380648317632957e-01 -2.067840894048389089e+01
3.191696884495703324e-01 -9.476898787228590360e-01 -3.821484169384149927e-03 -4.412914824727388350e+02 9.475687825046583690e-01 3.190572362730701994e-01 1.777308089303501759e-02 7.352447957673463179e+02 -1.562409669850690214e-02 -9.293747793163161658e-03 9.998347432722635153e-01 -2.067584981667704014e+01
3.192217710076526993e-01 -9.476731154239873556e-01 -3.623150194466834024e-03 -4.412947069368522648e+02 9.475492785569334941e-01 3.191118823500256330e-01 1.783174835115473866e-02 7.352619981339576043e+02 -1.574247823480217148e-02 -9.125395641688864926e-03 9.998344370611613741e-01 -2.067644459884703423e+01
3.192901624387149417e-01 -9.476501170780256000e-01 -3.612169965978891638e-03 -4.412943971534051570e+02 9.475265800780361403e-01 3.191806647975766742e-01 1.780683197535502110e-02 7.352848943532964086e+02 -1.572171159513091263e-02 -9.108173328454580164e-03 9.998349208560073365e-01 -2.067384530332155634e+01
3.193806049842239370e-01 -9.476188905062153944e-01 -3.803618761178092708e-03 -4.412790783084774375e+02 9.475000348052099453e-01 3.192698220417701793e-01 1.762001071347563119e-02 7.353092084240431632e+02 -1.548267431801530862e-02 -9.231418590100340035e-03 9.998375206536193049e-01 -2.067674193423144047e+01
3.196638765468744481e-01 -9.475227703468230844e-01 -3.950405714091222500e-03 -4.412601940250807502e+02 9.474131633746195602e-01 3.195555918513158233e-01 1.710326229268336815e-02 7.353517054505308579e+02 -1.494335623351244341e-02 -9.209961500277483518e-03 9.998459244871891194e-01 -2.068849670410435237e+01
3.198846895673801427e-01 -9.474468776850489826e-01 -4.266069060909968846e-03 -4.412400001775388887e+02 9.473528141431438732e-01 3.197798402682640040e-01 1.623266130583305225e-02 7.354124138537545150e+02 -1.401538138785923641e-02 -9.234052352850885201e-03 9.998591407601862269e-01 -2.069130676817227865e+01
3.197793469396579824e-01 -9.474806100382775487e-01 -4.654339087264466879e-03 -4.412224857021788011e+02 9.474065880608713019e-01 3.196806754788906191e-01 1.500075412169389957e-02 7.354717173601841296e+02 -1.272502140293220972e-02 -9.206482870981233524e-03 9.998766496440655294e-01 -2.069236512415333351e+01
3.194307933262550692e-01 -9.475905158998941813e-01 -6.015185078733296942e-03 -4.411944879499092167e+02 9.475636376359088953e-01 3.193463373280667206e-01 1.187726674589184572e-02 7.355517299326512557e+02 -9.333857999976373498e-03 -9.493735393445543180e-03 9.999113701139294985e-01 -2.066834448085133147e+01
3.194674580053964430e-01 -9.475746461052435565e-01 -6.544718030023748828e-03 -4.411663631770776988e+02 9.475585510790214272e-01 3.193843761173142393e-01 1.124333443334457790e-02 7.356460672277769390e+02 -8.563617961836494930e-03 -9.793383004675188311e-03 9.999153734675387817e-01 -2.065622954521304422e+01
3.196169977843755783e-01 -9.475270316450268293e-01 -6.123645096403633817e-03 -4.411309058357192043e+02 9.474954272468185668e-01 3.195256806398953375e-01 1.248017459737460651e-02 7.357524839113291364e+02 -9.868640923236481760e-03 -9.791001663562545754e-03 9.999033684375469022e-01 -2.066328492324395683e+01
3.200242020898299011e-01 -9.473926521293463132e-01 -5.627856438384771717e-03 -4.410945510648584786e+02 9.473470546530652348e-01 3.199293781516317492e-01 1.336978068904199311e-02 7.358499665010034505e+02 -1.086591537472009553e-02 -9.610186618040781475e-03 9.998947825627634289e-01 -2.066635054429892193e+01
3.201247667844391853e-01 -9.473572554641441767e-01 -5.862099508917275464e-03 -4.410502612634932120e+02 9.473174819415500769e-01 3.200306546258858131e-01 1.303719707792809490e-02 7.359786206778406950e+02 -1.047483169937021841e-02 -9.726799019772807905e-03 9.998978284213336787e-01 -2.066722774213481983e+01
3.200094287438002283e-01 -9.473905474383940151e-01 -6.716854877617807820e-03 -4.410128695536866417e+02 9.473654491633736185e-01 3.199128292261153028e-01 1.242929716528084344e-02 7.361170531775267136e+02 -9.626590598289930592e-03 -1.034080852364805021e-02 9.999001932355700006e-01 -2.067691849420671346e+01
3.198496156672663848e-01 -9.474391998480955479e-01 -7.428724567660537764e-03 -4.409703655919058178e+02 9.474247485552093062e-01 3.197498786725814779e-01 1.209797148154811812e-02 7.362586489624191017e+02 -9.086758641061528849e-03 -1.090768903432840116e-02 9.998992214905108034e-01 -2.068534069064690684e+01
3.198269689547064698e-01 -9.474399062347612643e-01 -8.266438357095676898e-03 -4.409130676288093582e+02 9.474326381282648368e-01 3.197167311825243052e-01 1.235346150996296209e-02 7.364196742500176924e+02 -9.061243764621562322e-03 -1.178286365141791893e-02 9.998895228902092702e-01 -2.068789732186153785e+01
3.197642807908622209e-01 -9.474554725974716485e-01 -8.884378166407760902e-03 -4.408409386345759344e+02 9.474522983080033711e-01 3.196438845331195377e-01 1.272515270872262398e-02 7.366199230235253026e+02 -9.216678424745964812e-03 -1.248657381665905369e-02 9.998795619039005933e-01 -2.068928779102869697e+01
3.195920428252475021e-01 -9.475072172996175102e-01 -9.539356787559887668e-03 -4.407747307331232491e+02 9.475088419632560210e-01 3.194605777123973311e-01 1.311234872595645924e-02 7.368171347218124083e+02 -9.376596623234608949e-03 -1.322922721842064754e-02 9.998685248486266497e-01 -2.068983863358424813e+01
3.192786622648086658e-01 -9.476023105133681845e-01 -1.053550815673798789e-02 -4.407028965029938945e+02 9.476116117830100105e-01 3.191289764591030975e-01 1.374516635665286660e-02 7.370344048714753171e+02 -9.662765463418522549e-03 -1.437210819231891056e-02 9.998500254886767413e-01 -2.068333331949752818e+01
3.191310681910276004e-01 -9.476459962330572306e-01 -1.106467978342880187e-02 -4.406377493804270102e+02 9.476594992438677201e-01 3.189708862103100562e-01 1.410841036657448089e-02 7.372551138901088734e+02 -9.840467880943667284e-03 -1.498798097362016336e-02 9.998392498888101221e-01 -2.069333416933707070e+01
3.190831472234514354e-01 -9.476652418687951940e-01 -1.079511517933448746e-02 -4.405597650304104036e+02 9.476813040804280552e-01 3.189356387859879072e-01 1.342401611268804335e-02 7.374894377544543431e+02 -9.278526520791745280e-03 -1.451370614046495686e-02 9.998516196314688464e-01 -2.070322833787517425e+01
3.194940258871472039e-01 -9.475431830095563113e-01 -9.245742508911948543e-03 -4.404664276291134684e+02 9.475542267687344644e-01 3.193846022731858803e-01 1.159582526191735817e-02 7.377384620967964111e+02 -8.034597384370642179e-03 -1.246563929034874389e-02 9.998900204932311686e-01 -2.070230464259259762e+01
3.199762932824971040e-01 -9.473920014775397691e-01 -7.972908727338036058e-03 -4.403679719698289432e+02 9.473876931469569218e-01 3.198769503149652693e-01 1.163166071053912259e-02 7.380192134127779582e+02 -8.469392592224832608e-03 -1.127529128574198715e-02 9.999005636539768371e-01 -2.067542544693823459e+01
3.197434554702697218e-01 -9.474763884506123279e-01 -7.253689579493504194e-03 -4.402603177512498291e+02 9.474565431348742628e-01 3.196412739062276520e-01 1.247216446806568256e-02 7.383248219627276967e+02 -9.498502768655273792e-03 -1.086044861817321051e-02 9.998959091330287263e-01 -2.068251425196093507e+01
3.190591318997726411e-01 -9.476941261617544132e-01 -8.781434385801289641e-03 -4.401846635949548272e+02 9.476787600624112518e-01 3.189257966118987930e-01 1.383126827290835810e-02 7.386092123527781723e+02 -1.030718574271587140e-02 -1.273497129853259566e-02 9.998657822068374168e-01 -2.068110690735807466e+01
3.191282672569794032e-01 -9.476429329080309216e-01 -1.140266403184950206e-02 -4.400866064196496268e+02 9.476474097900337012e-01 3.189436157399831440e-01 1.547115693627294265e-02 7.389129001889191386e+02 -1.102432563918375776e-02 -1.574298854002172815e-02 9.998152942199024507e-01 -2.070561402901696724e+01
3.194185299920924148e-01 -9.475118761669715228e-01 -1.389414337899353910e-02 -4.399659898711850019e+02 9.475268992983258975e-01 3.191564270105345380e-01 1.821950065094432927e-02 7.392610127482885218e+02 -1.282878808738995013e-02 -1.898472070941871134e-02 9.997374668260634589e-01 -2.072587464335825658e+01
3.199350146522094707e-01 -9.473355519036080752e-01 -1.403347779334934188e-02 -4.398479133313666694e+02 9.473364638156153150e-01 3.196466993082379138e-01 1.948363278947009766e-02 7.396066370453667105e+02 -1.397178316524030385e-02 -1.952792156976391330e-02 9.997116832138898124e-01 -2.074544022022208978e+01
3.208831716642565612e-01 -9.470321314600198548e-01 -1.281140605003574379e-02 -4.397241432477733269e+02 9.470215587125689893e-01 3.206270644564521155e-01 1.866689239416125662e-02 7.399819157697243099e+02 -1.357046337839475439e-02 -1.812256936335832416e-02 9.997436746503405303e-01 -2.071888384608859113e+01
3.211692678253115218e-01 -9.469680946108885999e-01 -1.008608911204356487e-02 -4.395870864535217493e+02 9.469424298792571415e-01 3.209862439933530154e-01 1.636660201167053699e-02 7.403727297329603516e+02 -1.226115406158924913e-02 -1.480739531661374661e-02 9.998151854943070349e-01 -2.074814253826045274e+01
3.210119495291359759e-01 -9.470539478737565187e-01 -6.336250960588820161e-03 -4.394457990729271728e+02 9.469744108401298988e-01 3.208730457959229621e-01 1.673181686598357656e-02 7.407651866386166830e+02 -1.381280107337895351e-02 -1.137138067165266962e-02 9.998399363038704690e-01 -2.071308797339733587e+01
3.213394025254589503e-01 -9.469460976970779376e-01 -5.837502964177812732e-03 -4.393109908141286724e+02 9.468520591437780132e-01 3.212004617486179381e-01 1.736206979777182857e-02 7.411662288537321501e+02 -1.456593559539146737e-02 -1.110636883731098284e-02 9.998322269718458166e-01 -2.066403391252987021e+01
3.220001148988030359e-01 -9.466911899623196014e-01 -9.576891608709111464e-03 -4.391816922468973985e+02 9.466347593482903333e-01 3.217974145574034606e-01 1.813991118434004485e-02 7.415761837229235880e+02 -1.409107514573455441e-02 -1.490687196892658689e-02 9.997895912487483328e-01 -2.069737285975928742e+01
3.224616468985053719e-01 -9.464744198863026536e-01 -1.430590019503390209e-02 -4.390288666038418910e+02 9.464870603685096029e-01 3.221776574989781428e-01 1.907358286869794556e-02 7.420253779619727084e+02 -1.344361686755399070e-02 -1.969084836561839011e-02 9.997157294232000835e-01 -2.079022516375490071e+01
3.222030703649699790e-01 -9.465642808914694895e-01 -1.418603495700478806e-02 -4.388678001101550308e+02 9.465542094239599580e-01 3.218923376149765980e-01 2.050491664329694846e-02 7.424824987250541426e+02 -1.484284572340383371e-02 -2.003459820363637581e-02 9.996891040746870294e-01 -2.083149893459875202e+01
3.217694641365015928e-01 -9.467805249768861398e-01 -8.429084991889131476e-03 -4.387146631927995486e+02 9.466421032170931893e-01 3.215253051539868623e-01 2.214060889755240652e-02 7.429103497629432695e+02 -1.825213319114651553e-02 -1.510349860553885683e-02 9.997193325948263709e-01 -2.081032904831704045e+01
3.222136007023930770e-01 -9.466598522830234064e-01 -3.676900581066461747e-03 -4.385779502744595675e+02 9.464557447834694992e-01 3.220572200433610144e-01 2.237566053351246545e-02 7.433678080085965121e+02 -1.999796711587587331e-02 -1.068976582654549909e-02 9.997428720515121325e-01 -2.067860163419721786e+01
3.229554863885101268e-01 -9.463848029444728027e-01 -7.453761957041651377e-03 -4.384399796660950983e+02 9.462661906156056846e-01 3.227557184046694894e-01 2.022480494137207652e-02 7.438267828732440421e+02 -1.673470374376841152e-02 -1.358495464979888288e-02 9.997676723608197591e-01 -2.066638105350618559e+01
3.228449357492012006e-01 -9.463501455372732574e-01 -1.387622076345080939e-02 -4.382714486701065084e+02 9.464047641116063447e-01 3.226478884960318760e-01 1.470926632799278606e-02 7.442934677481173367e+02 -9.442983000610265590e-03 -1.788133358097295303e-02 9.997955230853038389e-01 -2.076903411476699901e+01
3.222753527199008206e-01 -9.464979547601931609e-01 -1.673973309328840448e-02 -4.380884120662420287e+02 9.466337865701940357e-01 3.221310899768430325e-01 1.077195405243025657e-02 7.447535830897727465e+02 -4.803244012133570107e-03 -1.931793221600350968e-02 9.998018535399191276e-01 -2.086416280955621616e+01
3.229612266738999815e-01 -9.463215006127189133e-01 -1.310204348115292898e-02 -4.379226031218168487e+02 9.463862824853186417e-01 3.228189874079902544e-01 1.187037036066392742e-02 7.452258523049433734e+02 -7.003598282970958933e-03 -1.623326359584284506e-02 9.998437031677096520e-01 -2.085658694514852129e+01
3.236090190517284526e-01 -9.461713636356157142e-01 -6.078932825523696709e-03 -4.377706984403611159e+02 9.460952353737090981e-01 3.234782732729512000e-01 1.629761711159879306e-02 7.457091672470394315e+02 -1.345393591274988455e-02 -1.102530526874995545e-02 9.998487056811078411e-01 -2.076233579988383227e+01
3.238842963590867208e-01 -9.460897088164706981e-01 -3.636680291840657751e-03 -4.376252279058136310e+02 9.459240684178832348e-01 3.237493794804551239e-01 2.034689346757794295e-02 7.462030963677444788e+02 -1.807261352820832556e-02 -1.003006269103282749e-02 9.997863664216842805e-01 -2.069656236346477485e+01
3.235286324679789716e-01 -9.462011229591666961e-01 -5.714795202915612209e-03 -4.374499929797615891e+02 9.459973029549934020e-01 3.233165931119886261e-01 2.356869577078304911e-02 7.467032131265210637e+02 -2.045303828965844284e-02 -1.303132876067358489e-02 9.997058855960853085e-01 -2.075742042086326222e+01
3.233384858864681854e-01 -9.462547820228023321e-01 -7.356020909759735001e-03 -4.372657717358442255e+02 9.460375561041906023e-01 3.230675487554131031e-01 2.530417715673420609e-02 7.471912589125061004e+02 -2.156770699580223480e-02 -1.514088637258181880e-02 9.996527334903836381e-01 -2.085923619351892100e+01
3.237903223965607480e-01 -9.461105070046450516e-01 -5.893696441507670185e-03 -4.370826637495378009e+02 9.458755985752796969e-01 3.235532438215769080e-01 2.515254325892256684e-02 7.476787349244395955e+02 -2.189016085340598355e-02 -1.371885374033204007e-02 9.996662512608213147e-01 -2.087629658234159891e+01
3.240638503662768843e-01 -9.460323019289653690e-01 -2.346186856587695411e-03 -4.369104074905920356e+02 9.457875899555948651e-01 3.239212924460677656e-01 2.368187040875383009e-02 7.481979351507950469e+02 -2.164383449787093960e-02 -9.893432521213531283e-03 9.997167921072332986e-01 -2.082191691804504075e+01
3.239568801590237968e-01 -9.460717546995672800e-01 -4.180398470836002448e-04 -4.367483239791849314e+02 9.458229170618487336e-01 3.238614733880025298e-01 2.308149942200267771e-02 7.487130634987923941e+02 -2.170136765845970955e-02 -7.872802209760998426e-03 9.997334993022481964e-01 -2.077736417604122821e+01
3.239675640739062001e-01 -9.460679394114785978e-01 -6.866190635341696451e-04 -4.365772265965227916e+02 9.457970211663329074e-01 3.238572459643242474e-01 2.417600027496615012e-02 7.492219019116304253e+02 -2.264977220440576172e-02 -8.481642183097501744e-03 9.997074819990927619e-01 -2.080155752854980022e+01
3.241621870636781089e-01 -9.460003341845119040e-01 -1.498065714359526207e-03 -4.363869597942132827e+02 9.457164606252600469e-01 3.240252279982749339e-01 2.506048130219645093e-02 7.497367176597465459e+02 -2.322181260205078562e-02 -9.540405832956554491e-03 9.996848143670172826e-01 -2.086553286584500100e+01
3.242280036953891220e-01 -9.459779677542669019e-01 -1.373369291170295492e-03 -4.362023386893889665e+02 9.456801494068042269e-01 3.240887574030208440e-01 2.560336585082329322e-02 7.502710357929628344e+02 -2.377512644819993262e-02 -9.600096274159773679e-03 9.996712367143004707e-01 -2.088761092011087683e+01
3.243512376702714084e-01 -9.459366000923526974e-01 -4.724695579306503485e-04 -4.360263132365799947e+02 9.456093378397659732e-01 3.242258024938199923e-01 2.646902316818699336e-02 7.508095401250192253e+02 -2.488483096190652333e-02 -9.032032050348786506e-03 9.996495223752367432e-01 -2.087888894141328322e+01
3.244347129672958130e-01 -9.459080911790936907e-01 -7.984451338578019348e-06 -4.358472591819884201e+02 9.455386763255813065e-01 3.243077723574695481e-01 2.794781495938100657e-02 7.513626196283247509e+02 -2.643347488122748182e-02 -9.074790931959734325e-03 9.996093834969962399e-01 -2.086836504255456504e+01
3.244712426572423647e-01 -9.458955607499361928e-01 -2.901772699087369997e-05 -4.356582530235249919e+02 9.454780308151029544e-01 3.243271053531241455e-01 2.971905077991436953e-02 7.518958736925211497e+02 -2.810170696702403437e-02 -9.670412960526566029e-03 9.995582910359518403e-01 -2.087369952072193158e+01
3.244226597349585406e-01 -9.459119016787200795e-01 -7.823765350945760619e-04 -4.354681269696733921e+02 9.454813274941288315e-01 3.242497996464959176e-01 3.044875677507702383e-02 7.524452228746868059e+02 -2.854815599011335803e-02 -1.061798906359479912e-02 9.995360229115355377e-01 -2.089581031645107245e+01
3.243663965156495799e-01 -9.459295737788644409e-01 -1.918922090161606685e-03 -4.352787281072882593e+02 9.454707925529840518e-01 3.241444357274997357e-01 3.186479587465589070e-02 7.530149754673313964e+02 -2.951984486214328032e-02 -1.215015380300138968e-02 9.994903463875369765e-01 -2.091983077532097468e+01
3.245779837899234188e-01 -9.458538128932445499e-01 -3.114012552841819402e-03 -4.350887620334332269e+02 9.453368938229882446e-01 3.242877144290339242e-01 3.428754070356241496e-02 7.535911343103791751e+02 -3.142116509573240901e-02 -1.407277178470650071e-02 9.994071580083477846e-01 -2.094495702629540901e+01
3.247719669108853346e-01 -9.457835891610163470e-01 -4.070869997976660909e-03 -4.348820385015982311e+02 9.452362321580737303e-01 3.244304168959192824e-01 3.568431039474521255e-02 7.541735645509404549e+02 -3.242892111130520755e-02 -1.543719749325275781e-02 9.993548208765048457e-01 -2.095801280494095664e+01
3.247610550533511220e-01 -9.457829693326562648e-01 -4.983175788372515985e-03 -4.346889040660878436e+02 9.452081021361986579e-01 3.243688918941644572e-01 3.696573585684295726e-02 7.547498863511934815e+02 -3.334517621366331341e-02 -1.671516950723044362e-02 9.993041090336938215e-01 -2.098221507437185096e+01
3.251631854964167623e-01 -9.456546383210258089e-01 -2.491549668906000489e-03 -4.344774112792180176e+02 9.449666184037291972e-01 3.248236292200329944e-01 3.908580308690090543e-02 7.553612913789482946e+02 -3.615235677579407836e-02 -1.506369550463340819e-02 9.992327517537140658e-01 -2.101300560189931232e+01
3.255503816403636508e-01 -9.455241627579893393e-01 -1.003321791215713334e-03 -4.342762627592323952e+02 9.447254805925631160e-01 3.252314036822130938e-01 4.145238687999191346e-02 7.559617921273212460e+02 -3.886792164452253923e-02 -1.444270403008062094e-02 9.991399766635977731e-01 -2.100479859484300604e+01
3.260683035479820524e-01 -9.453461272218697253e-01 -4.014572869310638987e-04 -4.340627316137147318e+02 9.444673277623120144e-01 3.257468220711449702e-01 4.324898495997115538e-02 7.565793885229737725e+02 -4.075448700277049807e-02 -1.448128644706847372e-02 9.990642442465744733e-01 -2.101695168732275576e+01
3.263121085968521684e-01 -9.452618956358433966e-01 -5.970276443678096271e-04 -4.338451637678143129e+02 9.442902469642691088e-01 3.259479245637758038e-01 4.553987220807314412e-02 7.572078337079391304e+02 -4.285250600882835326e-02 -1.542397910719210154e-02 9.989623434330567875e-01 -2.105929806012560235e+01
3.262018951493198538e-01 -9.452984873322207715e-01 1.758820174822733895e-03 -4.336309214091889430e+02 9.442890121941525106e-01 3.259384522734782852e-01 4.563317629709787160e-02 7.578294713076204516e+02 -4.371023965142023515e-02 -1.322479402428584222e-02 9.989567156652139346e-01 -2.111272348723519343e+01
3.264477846464871047e-01 -9.452101841373593549e-01 3.090582860888861638e-03 -4.334155378870654545e+02 9.441961631413797740e-01 3.262458759646380546e-01 4.535674068056098213e-02 7.584755046268018077e+02 -4.387994312323544727e-02 -1.188849103483256321e-02 9.989660726833602400e-01 -2.110121891433521313e+01
3.268853673473994248e-01 -9.450578621101349830e-01 3.404978410623473502e-03 -4.331831739343555796e+02 9.440510129297831066e-01 3.266996419173628374e-01 4.511129522988854140e-02 7.591167312305865380e+02 -4.374518945446460166e-02 -1.153174899518597148e-02 9.989761644627489501e-01 -2.112119262591917490e+01
3.272349667797774808e-01 -9.449373976034051159e-01 3.254401195599408280e-03 -4.329581134917288523e+02 9.439171791179158388e-01 3.270382183046644520e-01 4.545726272211848829e-02 7.597680837340056996e+02 -4.401858110747029762e-02 -1.180332066050389546e-02 9.989609832914748688e-01 -2.115964326876737189e+01
3.276457792958094584e-01 -9.447962342333184882e-01 2.884282958041368625e-03 -4.327358594978823021e+02 9.437856219533600211e-01 3.274337282021015372e-01 4.534151993242181711e-02 7.604365968160203693e+02 -4.378290880870832485e-02 -1.213381284727027033e-02 9.989673805895945558e-01 -2.120768051605299576e+01
3.280168984581701697e-01 -9.446680284680156747e-01 2.688924735778408775e-03 -4.324985438168436076e+02 9.436594704056587846e-01 3.277957855904454210e-01 4.535115062327541025e-02 7.611110495880647022e+02 -4.372320024420362633e-02 -1.233851447683077807e-02 9.989674883703224539e-01 -2.122810254157282017e+01
3.279565709788525574e-01 -9.446900047222980268e-01 2.298375421292955453e-03 -4.322590733306241191e+02 9.436982519863124086e-01 3.277219458947992492e-01 4.507699387609351988e-02 7.618004083530561275e+02 -4.333701362313666094e-02 -1.261432347415590224e-02 9.989808717355491696e-01 -2.125788657367013457e+01
3.273298351275740203e-01 -9.449073479472331893e-01 2.298440924194427269e-03 -4.320230924681726492e+02 9.439650931732216366e-01 3.271102524296803371e-01 4.391794195841659115e-02 7.624904027152839490e+02 -4.225022965413584297e-02 -1.220600469923052711e-02 9.990324977414174468e-01 -2.128332177838374406e+01
3.261840227986876894e-01 -9.453046226313461808e-01 1.775866738601180944e-03 -4.317782271188522145e+02 9.444228276891444285e-01 3.259598037467447695e-01 4.261137032559576127e-02 7.631930277938377003e+02 -4.085958651903661559e-02 -1.222197910289861758e-02 9.990901447898992149e-01 -2.131320376323524712e+01
3.245825843708483593e-01 -9.458568097443131872e-01 1.020481970017635392e-03 -4.315354437056087136e+02 9.449886129956291958e-01 3.243305048603248308e-01 4.249994030165760162e-02 7.639078461686144692e+02 -4.052983138058628698e-02 -1.283039661728477797e-02 9.990959481906153128e-01 -2.133574992656824421e+01
3.231635408172337520e-01 -9.463427278179067370e-01 -8.760094926820411821e-04 -4.312847455194041686e+02 9.454955908911002460e-01 3.228348098196041627e-01 4.261189005700101451e-02 7.646370530524940250e+02 -4.004264591604887735e-02 -1.459887238464474546e-02 9.990913168640487285e-01 -2.136025845933642486e+01
3.211177519296624094e-01 -9.470364368563370938e-01 -2.318763052268557699e-03 -4.310369863552507468e+02 9.462016683673999395e-01 3.207298241743832268e-01 4.283436311909706584e-02 7.653669610946839157e+02 -3.982200615726400744e-02 -1.594889185874848875e-02 9.990794966738576477e-01 -2.140205732293839702e+01
3.184064989030578885e-01 -9.479528322490000658e-01 -1.652055506413917241e-03 -4.307969402096517797e+02 9.470740733146816304e-01 3.180352835635888442e-01 4.363780544167492753e-02 7.660934642723891557e+02 -4.084116932012139822e-02 -1.545917978829789742e-02 9.990460513153727184e-01 -2.143699967872494838e+01
3.148441959345735230e-01 -9.491433107225264454e-01 -3.286289600361548199e-04 -4.305689236918490224e+02 9.482036069713314363e-01 3.145170415972112776e-01 4.459764872160452975e-02 7.668396656443020447e+02 -4.222620054977019310e-02 -1.435291801758765279e-02 9.990049758292054438e-01 -2.145108965500885745e+01
3.109031603273698097e-01 -9.504415121793741150e-01 3.960109070342345298e-04 -4.303256912820363027e+02 9.494473705601884639e-01 3.105969612757277787e-01 4.559844495845532392e-02 7.675946302801567072e+02 -4.346165476369908548e-02 -1.380070912920057166e-02 9.989597714586571087e-01 -2.147344630758070494e+01
3.062942917837279677e-01 -9.519367896318297051e-01 3.941651304531599165e-04 -4.300840449619954029e+02 9.509553319315432462e-01 3.059972448958079849e-01 4.527298076274830635e-02 7.683474407515868734e+02 -4.321762940830684713e-02 -1.349202214719840906e-02 9.989745751753174030e-01 -2.150422015090638794e+01
3.013311452296159043e-01 -9.535192073174298955e-01 -8.137514044337636416e-04 -4.298340918679659808e+02 9.526007208028174356e-01 3.010032094498591437e-01 4.414673970790625873e-02 7.691286629351513966e+02 -4.184982246750276053e-02 -1.407796780875506144e-02 9.990247260112304906e-01 -2.153032418639115519e+01
2.955805020720607690e-01 -9.553150234246436945e-01 -2.317933131142905882e-03 -4.296017438776863173e+02 9.544333363557522265e-01 2.952015780063105832e-01 4.373825322772114527e-02 7.698966704834688244e+02 -4.109955288876691870e-02 -1.514048750061100859e-02 9.990403357175262622e-01 -2.156637552733385732e+01
2.890576634223565033e-01 -9.573058518918646786e-01 -3.342626272641267219e-03 -4.293750671917817385e+02 9.564454371526852627e-01 2.886458342029334934e-01 4.353973067328281016e-02 7.706654619888321349e+02 -4.071600381443414574e-02 -1.578253246103225940e-02 9.990461043928351437e-01 -2.161129354237980849e+01
2.828252300458512503e-01 -9.591639326028311707e-01 -3.799953076388349216e-03 -4.291581103693575869e+02 9.582866760033766917e-01 2.823919969730939172e-01 4.406139625509113839e-02 7.714373870159236048e+02 -4.118902577035948864e-02 -1.610311893452855136e-02 9.990215982233162650e-01 -2.162602097828367675e+01
2.769097586800913224e-01 -9.608622999880340743e-01 -8.039030379272872617e-03 -4.289432397088912126e+02 9.600195863782484684e-01 2.762903082118799425e-01 4.501176910899670064e-02 7.722388831299418825e+02 -4.102900581138692326e-02 -2.018182474132797569e-02 9.989541103735644079e-01 -2.163235234315375166e+01
2.704672998368919945e-01 -9.626366449609390363e-01 -1.334651629780753482e-02 -4.287163820793915079e+02 9.619343840746642504e-01 2.696548496300550379e-01 4.436781272374295398e-02 7.730621964647298228e+02 -3.911112953926876995e-02 -2.483851544153361721e-02 9.989261072255661844e-01 -2.168434322040711848e+01
2.631541277298315995e-01 -9.646115011347646817e-01 -1.656975972328125768e-02 -4.284879081768243054e+02 9.640111398826098910e-01 2.622389838756297720e-01 4.374057061937836749e-02 7.738825108507313644e+02 -3.784742053275311907e-02 -2.748394466616893572e-02 9.989055038113485718e-01 -2.173873526348787877e+01
2.556606879692212564e-01 -9.666172442176806934e-01 -1.699163935942351114e-02 -4.282904494444956640e+02 9.659917549606169551e-01 2.547127998323139297e-01 4.451200905027125759e-02 7.746959980470169285e+02 -3.869808748778593571e-02 -2.779375438115195412e-02 9.988643377567285597e-01 -2.177897332431189881e+01
2.477649521842359426e-01 -9.686809077468903073e-01 -1.642642492461005715e-02 -4.280859701866602336e+02 9.679596756513650924e-01 2.467948556646334668e-01 4.632888440678519654e-02 7.755375461096493837e+02 -4.082394863371031912e-02 -2.737879077193317023e-02 9.987911728854129700e-01 -2.177090072141495014e+01
2.387554948967495205e-01 -9.709310562091936214e-01 -1.699110782460957689e-02 -4.278861825362169498e+02 9.700657439003315119e-01 2.376703006507601967e-01 4.985258969877107149e-02 7.763866594186786187e+02 -4.436514586592689435e-02 -2.838507137698530886e-02 9.986120475716375733e-01 -2.180263426864570420e+01
2.294574148105449629e-01 -9.731517050490658960e-01 -1.802924703246298541e-02 -4.276908464385916204e+02 9.722237213228680508e-01 2.282815540846272750e-01 5.165818194461024859e-02 7.772409565368766380e+02 -4.615550330758599190e-02 -2.938181452537346958e-02 9.985020673436887373e-01 -2.185381413496504877e+01
2.201702293054567938e-01 -9.752852419613414758e-01 -1.854095304967322624e-02 -4.275061238161019901e+02 9.743934903850342000e-01 2.190002586320528855e-01 5.095304322967161154e-02 7.780816734485041479e+02 -4.563327758175373533e-02 -2.928452716882379639e-02 9.985289281966971409e-01 -2.189729381756297499e+01
2.109601802322579878e-01 -9.773047988549343756e-01 -1.926479928494181232e-02 -4.273297557075292730e+02 9.764476742259012854e-01 2.097813638178977480e-01 5.041546284159175578e-02 7.789331685856843706e+02 -4.522987790390707585e-02 -2.944672358376513449e-02 9.985425121721054342e-01 -2.191228348882014743e+01
2.020169313478863415e-01 -9.791697589666991108e-01 -2.038976640080187447e-02 -4.271567599967249862e+02 9.782285819434985985e-01 2.007251633798400048e-01 5.270910979089747650e-02 7.798210249298656436e+02 -4.751842713722462946e-02 -3.059398488645153832e-02 9.984017263462500180e-01 -2.194054616924522350e+01
1.930288885853674308e-01 -9.809375018718115014e-01 -2.239342745065689075e-02 -4.269779256027589440e+02 9.798650763243985651e-01 1.915304099397983073e-01 5.639622565450716496e-02 7.807144310970879815e+02 -5.103215036894974410e-02 -3.282863825660189278e-02 9.981573023020661184e-01 -2.199850684872328088e+01
1.835705875421468070e-01 -9.826826159373994729e-01 -2.523322658441242913e-02 -4.268046243783700220e+02 9.816122287143104197e-01 1.818830929490073411e-01 5.793075985888163776e-02 7.816003568480190324e+02 -5.233805334511103940e-02 -3.540362740923618662e-02 9.980016589857514386e-01 -2.205070182009638202e+01
1.737817912093287953e-01 -9.843401462748593289e-01 -2.956967155153347737e-02 -4.266647145130019680e+02 9.834708324407318569e-01 1.719215468071723651e-01 5.681640152072227334e-02 7.824794041221654197e+02 -5.084300131199920997e-02 -3.895456552212520074e-02 9.979466574133963874e-01 -2.208288581070448586e+01
1.637551313563345157e-01 -9.859641381151051931e-01 -3.254190076512475382e-02 -4.265333570274789849e+02 9.852794225875523004e-01 1.618222210032755348e-01 5.511831106907982142e-02 7.833781189084816106e+02 -4.907867541010485501e-02 -4.108877146502000477e-02 9.979493957508492885e-01 -2.213188924081766018e+01
1.524703342339817080e-01 -9.877644789905646316e-01 -3.277394121975277241e-02 -4.263882719248727540e+02 9.870887016736349384e-01 1.505516891089175024e-01 5.468165994837795307e-02 7.842813236453855552e+02 -4.907842913985859673e-02 -4.068811805613191390e-02 9.979658234840580455e-01 -2.217543709548792918e+01
1.386462128238380165e-01 -9.898322253074760546e-01 -3.177095233789752060e-02 -4.262563029271323671e+02 9.890080763240914896e-01 1.367237058288185425e-01 5.629967344625974590e-02 7.852071885150617163e+02 -5.138338871004736325e-02 -3.922746496123112603e-02 9.979082890513476523e-01 -2.220707110322759092e+01
1.220999002998832406e-01 -9.920545921161934011e-01 -3.031997044740977754e-02 -4.261396380246619628e+02 9.910997107568737530e-01 1.202361072879993276e-01 5.713704439214736114e-02 7.861172292371591084e+02 -5.303751204949280762e-02 -3.702654136429598536e-02 9.979058360136981998e-01 -2.225657108792004735e+01
1.032032325691671082e-01 -9.943407025261049581e-01 -2.521230031485241496e-02 -4.260563987977005240e+02 9.931867319721199294e-01 1.016379955370196875e-01 5.700730916082565047e-02 7.870423755437316231e+02 -5.412216017321923311e-02 -3.092386074067503265e-02 9.980553625000347928e-01 -2.231024733840394347e+01
8.255350963095196837e-02 -9.963269835386393547e-01 -2.274774539175098212e-02 -4.259814534056966409e+02 9.950128312079831172e-01 8.111938296105862534e-02 5.804404740790430894e-02 7.879579472434691070e+02 -5.598556759635695684e-02 -2.742603837255236723e-02 9.980548224622237674e-01 -2.230385226200428406e+01
6.090534952927128404e-02 -9.978450126792339780e-01 -2.441042953117921605e-02 -4.259550610390538736e+02 9.965387764420714500e-01 5.940302041437033748e-02 5.815280056015985355e-02 7.888634713554343989e+02 -5.657742876852147468e-02 -2.786775622164927926e-02 9.980092097356186853e-01 -2.234011865912811601e+01
3.738741148117773194e-02 -9.988794356696714116e-01 -2.901817463203901909e-02 -4.259143080848346585e+02 9.979887463016889892e-01 3.583499111507370410e-02 5.229068432298922264e-02 7.897775318023855107e+02 -5.119222321721358937e-02 -3.091482505240805354e-02 9.982102132687573626e-01 -2.243647900577197163e+01
1.268701477719447711e-02 -9.994644452085983399e-01 -3.016392580404388471e-02 -4.258871997028971919e+02 9.989792077171386619e-01 1.136137372227644625e-02 4.372026687911900744e-02 7.906869409590692612e+02 -4.335414864671975621e-02 -3.068781437332058007e-02 9.985883415322387435e-01 -2.250571952587062796e+01
-1.260810686464574649e-02 -9.995055806692806355e-01 -2.880329585747927468e-02 -4.259147856645453771e+02 9.990431511852960744e-01 -1.379825041848393649e-02 4.150169099137231143e-02 7.916025175318591209e+02 -4.187860684220779534e-02 -2.825247770289575355e-02 9.987231747549483174e-01 -2.247918414205378568e+01
-3.777473214321373784e-02 -9.989171826834803980e-01 -2.715753580880326742e-02 -4.259675914851083576e+02 9.983004166907218924e-01 -3.893042723135267669e-02 4.336703668358991154e-02 7.925045661931716268e+02 -4.437733257689023547e-02 -2.547320111965397857e-02 9.986900261733255846e-01 -2.250029187572491551e+01
-6.438875576108499255e-02 -9.975110407338126928e-01 -2.873694043709523055e-02 -4.260368190635927022e+02 9.969160313263597528e-01 -6.559152235686566135e-02 4.308339215300840269e-02 7.934229111436055746e+02 -4.486105901603802681e-02 -2.587423059831186339e-02 9.986581044456130929e-01 -2.251416217492263883e+01
-9.222582753896974017e-02 -9.951957846400371066e-01 -3.285950348762797790e-02 -4.261111512177657232e+02 9.948710663724377179e-01 -9.347218103805311762e-02 3.865892739017642854e-02 7.943161863597590582e+02 -4.154465103622492078e-02 -2.912561770487731919e-02 9.987120407622948060e-01 -2.259028437563430103e+01
-1.211404933509139803e-01 -9.921650887353841153e-01 -3.055188317279942598e-02 -4.262176797201794329e+02 9.916751061912524312e-01 -1.223194679290195708e-01 4.022973435321796493e-02 7.952114896719911030e+02 -4.365162804828781606e-02 -2.542409212280357170e-02 9.987232604222578969e-01 -2.268764893154057205e+01
-1.510712269264716245e-01 -9.881252767098284151e-01 -2.803429902914637492e-02 -4.263712893086741360e+02 9.870022565181958418e-01 -1.523505863187463449e-01 5.114532702334032704e-02 7.961242430302912680e+02 -5.480903231147829513e-02 -1.994332909670169449e-02 9.982976678334073428e-01 -2.266597084437225007e+01
-1.826326536938875367e-01 -9.827945095135607323e-01 -2.757291922753362171e-02 -4.265382213048849849e+02 9.811869375615999145e-01 -1.839758514273885093e-01 5.852418004600248858e-02 7.970091608054149219e+02 -6.258999411421839465e-02 -1.636576186943678249e-02 9.979051330037416179e-01 -2.267720703554882533e+01
-2.158343655530936545e-01 -9.760402891170074646e-01 -2.758406544876657734e-02 -4.267307560441639112e+02 9.746511818396434990e-01 -2.170596122679765427e-01 5.422359689897458118e-02 7.978677236349590203e+02 -5.891180174532296282e-02 -1.518152635488555051e-02 9.981477450120577188e-01 -2.273551794082826660e+01
-2.481319998051870757e-01 -9.684466154573195817e-01 -2.327366928399550450e-02 -4.269535341577423537e+02 9.674675917254815793e-01 -2.489623802046110335e-01 4.499102359084528047e-02 7.986938270396907456e+02 -4.936567262355297248e-02 -1.135280811592367066e-02 9.987162480476160509e-01 -2.281743388567029740e+01
-2.781956202932709954e-01 -9.603286813588947091e-01 -1.939125083971496993e-02 -4.272180214139398231e+02 9.594937382643035084e-01 -2.787754555495434161e-01 4.069412260680285026e-02 7.995527717190499288e+02 -4.448553788856514368e-02 -7.284857076929011389e-03 9.989834672186189701e-01 -2.282646045165877879e+01
-3.077044733234389207e-01 -9.513070967768140207e-01 -1.824183978699610298e-02 -4.274855053838172694e+02 9.503717538721164759e-01 -3.082148366634680503e-01 4.239273407731554422e-02 8.004115106893201528e+02 -4.595091444991269286e-02 -4.292095360220673714e-03 9.989344780207739527e-01 -2.283574902621247560e+01
-3.377478929987305922e-01 -9.410854777192024789e-01 -1.686666537695916818e-02 -4.277750093924307748e+02 9.400544709139950772e-01 -3.381673664250762212e-01 4.405024403720831511e-02 8.012650458183173896e+02 -4.715880076430289947e-02 -9.777070873737633578e-04 9.988869263331681125e-01 -2.289807908087334098e+01
-3.679967125770373104e-01 -9.297117464651107888e-01 -1.464540942708119839e-02 -4.281024189178803567e+02 9.288044106819139945e-01 -3.682848902564135329e-01 4.109265514231170979e-02 8.020713142603108281e+02 -4.359800718285994359e-02 1.519241131317070450e-03 9.990479996857350997e-01 -2.293327626752811810e+01
-3.973465335958852318e-01 -9.176035128312001188e-01 -1.093277088278248044e-02 -4.284635036345770800e+02 9.168703777090082552e-01 -3.974695294798875067e-01 3.696868424462058933e-02 8.028459639570736499e+02 -3.826803782630222583e-02 4.665444767497976125e-03 9.992566191454756996e-01 -2.292976530374854249e+01
-4.252968040929832605e-01 -9.050029259090449640e-01 -9.608981442496184605e-03 -4.288400915720711168e+02 9.042215387453500508e-01 -4.253369468124693076e-01 3.836522572901884809e-02 8.036366360214282167e+02 -3.880769636665200306e-02 7.627959905148172688e-03 9.992175823765309106e-01 -2.298221739164662125e+01
-4.524298792159001104e-01 -8.917049288004876839e-01 -1.302015151997642714e-02 -4.292462471644518018e+02 8.905361656465186071e-01 -4.525175587708373803e-01 4.661755763313312623e-02 8.044407155459851992e+02 -4.746095309075172575e-02 9.496260158562168027e-03 9.988279526398519126e-01 -2.300561672869910268e+01
-4.794090726313088302e-01 -8.774019261160068694e-01 -1.824283768248504203e-02 -4.296806443381204303e+02 8.759717497407981668e-01 -4.796832158065142404e-01 5.076914544845135407e-02 8.052074460554373445e+02 -5.329572904870558819e-02 8.358978492762290588e-03 9.985437860923899178e-01 -2.302367222784712197e+01
-5.068819306037202210e-01 -8.617543622474794773e-01 -2.121621019138262426e-02 -4.301203789803104769e+02 8.606107653271317659e-01 -5.073071485814707460e-01 4.459335826316258161e-02 8.059463443345357518e+02 -4.919165610644046782e-02 4.344668638388093571e-03 9.987799080998417400e-01 -2.308390870175355758e+01
-5.337458791946070313e-01 -8.454298766397423393e-01 -1.906987487336969309e-02 -4.305736638726206138e+02 8.445103539318179475e-01 -5.340619757099440701e-01 3.975007173260546728e-02 8.066675922473366427e+02 -4.379039329273076014e-02 5.111730206223247773e-03 9.990276631152747999e-01 -2.318574826176251946e+01
-5.587135013556955299e-01 -8.291856609306262893e-01 -1.704004430451459828e-02 -4.310685282394273372e+02 8.281273728935707457e-01 -5.588849552724756142e-01 4.304254911684927271e-02 8.073798235134455581e+02 -4.521368893656321775e-02 9.937126200461599695e-03 9.989279132428043884e-01 -2.318770276100097760e+01
-5.836517219623111874e-01 -8.117468740486899481e-01 -2.043721905272669753e-02 -4.316001604818582678e+02 8.103451208659758764e-01 -5.838828101197086617e-01 4.921025437263855384e-02 8.080878713556587627e+02 -5.187921104966831259e-02 1.216044895934757786e-02 9.985793263141246046e-01 -2.314106099535810657e+01
-6.094805916460551698e-01 -7.925225439967101826e-01 -2.101013240693708206e-02 -4.321210278548088581e+02 7.910622676362503158e-01 -6.096845069899592406e-01 5.005287862455789355e-02 8.087668060723271992e+02 -5.247758692021031734e-02 1.388593509251418931e-02 9.985255548445609586e-01 -2.320200984731822658e+01
-6.357217898078223461e-01 -7.717231924794492048e-01 -1.735281397542074583e-02 -4.326561499001253424e+02 7.705063444528112981e-01 -6.357576749312577880e-01 4.617523063252766680e-02 8.094091654240771732e+02 -4.666668106373722535e-02 1.598414700032834562e-02 9.987826229581526771e-01 -2.327119660354286523e+01
-6.608527468347182854e-01 -7.503765853311156198e-01 -1.444393256085711730e-02 -4.332045118016761194e+02 7.493092332432153002e-01 -6.607590609156838157e-01 4.396744698398175749e-02 8.100181656726427946e+02 -4.253610204840848480e-02 1.823303607848160424e-02 9.989285442001785142e-01 -2.330503065946395935e+01
-6.842834181895136592e-01 -7.290747270533139979e-01 -1.436126606573224010e-02 -4.337904997034141843e+02 7.280047248773864332e-01 -6.841488667392962020e-01 4.415256159655813611e-02 8.106388904087970104e+02 -4.201576069852747120e-02 1.975779622004148264e-02 9.989215711663510522e-01 -2.330165223775195216e+01
-7.067165780604142133e-01 -7.073291191736745809e-01 -1.540115137163883263e-02 -4.344064489402924210e+02 7.063462051401289132e-01 -7.066410571836461152e-01 4.163477856934749005e-02 8.112380017141083499e+02 -4.033257713954774976e-02 1.854544341268652557e-02 9.990141889632546679e-01 -2.329417603153623162e+01
-7.287303484934410935e-01 -6.846221559253513611e-01 -1.563914322307066035e-02 -4.350307471717626413e+02 6.837969286429164129e-01 -7.287084385996921432e-01 3.749362468625450778e-02 8.118031009963823408e+02 -3.706534180528029548e-02 1.662874408135411874e-02 9.991744819135117694e-01 -2.336097430224947402e+01
-7.501636915530842664e-01 -6.610502495004398904e-01 -1.634024206842954116e-02 -4.356625534266153181e+02 6.602818762482765003e-01 -7.501723756796854214e-01 3.562654438972952947e-02 8.123443799069377746e+02 -3.580893426932411222e-02 1.593657436538562996e-02 9.992315776755616996e-01 -2.341775043200776807e+01
-7.707437491388031692e-01 -6.368850878759013678e-01 -1.820598815683236588e-02 -4.363080225284188032e+02 6.360230870302616690e-01 -7.707672740689751611e-01 3.731543901360918902e-02 8.128648540655626675e+02 -3.779822651868404437e-02 1.718121257616459299e-02 9.991376782037874049e-01 -2.344135277980390697e+01
-7.908901631676280575e-01 -6.116755074265571857e-01 -1.859632810924772423e-02 -4.369707788634747203e+02 6.106702163282805573e-01 -7.908316777113479912e-01 4.083067985996312321e-02 8.133753876130601839e+02 -3.968169217982132208e-02 2.093635934730538398e-02 9.989930090661429674e-01 -2.345431671767491366e+01
-8.116766981772424172e-01 -5.838702286179185963e-01 -1.662810180835895546e-02 -4.376612897060171576e+02 5.828229159548872218e-01 -8.114507112530511268e-01 4.318786686976588268e-02 8.138777422980865595e+02 -3.870899474195144130e-02 2.536334639942735766e-02 9.989285832257932540e-01 -2.344921920015270089e+01
-8.331617275958506097e-01 -5.528323925885612056e-01 -1.476080534064461679e-02 -4.383442814032613910e+02 5.518208087087553837e-01 -8.328083656377577304e-01 4.386366605497819815e-02 8.143238057411369937e+02 -3.654217762411857834e-02 2.840020824878605049e-02 9.989284746296468454e-01 -2.344934293584214302e+01
-8.544299511308860451e-01 -5.193838665636806295e-01 -1.377888833804833540e-02 -4.390246046059047558e+02 5.184515085799453749e-01 -8.540328586189136484e-01 4.284751626857924434e-02 8.147215098147548815e+02 -3.402193206815910809e-02 2.946651578602618032e-02 9.989866028059543046e-01 -2.348886932358556834e+01
-8.746680318287003431e-01 -4.845888071596845537e-01 -1.138077644370708019e-02 -4.397307233966020590e+02 4.838078265745334172e-01 -8.742186381437212495e-01 4.088715773154493610e-02 8.150787220090604706e+02 -2.976274587691496790e-02 3.025658106415942891e-02 9.990989531874078233e-01 -2.352665025949918132e+01
-8.930234308917099906e-01 -4.499188474607501709e-01 -9.065460715755285781e-03 -4.404564919825493803e+02 4.492734879440148932e-01 -8.925328120508816410e-01 3.922387593245722781e-02 8.154388530196747524e+02 -2.573878219764446848e-02 3.095496910248688588e-02 9.991893238915466879e-01 -2.354379942160247197e+01
-9.096719533014465675e-01 -4.152359982718756837e-01 -8.717976593774393046e-03 -4.412201539108021962e+02 4.146245614147670011e-01 -9.091529759759621188e-01 3.908118915365890039e-02 8.157871271387884917e+02 -2.415389095659031121e-02 3.193637445313423501e-02 9.991980071729759105e-01 -2.355691790440420874e+01
-9.251594311029843754e-01 -3.794624071587143765e-01 -9.397265267962274030e-03 -4.420045437109202453e+02 3.788245547603383834e-01 -9.245980809558346225e-01 4.012910917800255328e-02 8.161070283343410665e+02 -2.391618179881054018e-02 3.356590898668974920e-02 9.991503120161968621e-01 -2.357575419755841750e+01
-9.398926954089380503e-01 -3.413763012773605721e-01 -7.996376873925400280e-03 -4.427862626590394939e+02 3.408038211535059370e-01 -9.392639521053137708e-01 4.044729611082252541e-02 8.163767507694382175e+02 -2.131845688810947784e-02 3.529092236958712020e-02 9.991496755712898636e-01 -2.357947319725833424e+01
-9.536536604437522158e-01 -3.008770701667554670e-01 -4.205302617168268052e-03 -4.435400947678084549e+02 3.004728879542939990e-01 -9.529365213430008863e-01 4.034885246332833852e-02 8.165914069532788062e+02 -1.614743096095585390e-02 3.721525142425564231e-02 9.991768039415200864e-01 -2.357913073623168287e+01
-9.657397476179683249e-01 -2.595019417428056085e-01 -2.341389010040198417e-03 -4.442847434624388256e+02 2.592086382588937865e-01 -9.650061722130593989e-01 3.967328373943430908e-02 8.167765380197977265e+02 -1.255474901193710108e-02 3.770715876877044070e-02 9.992099621475127869e-01 -2.356762538311075872e+01
-9.757022858918202868e-01 -2.190430899586970070e-01 -5.017374494944353523e-03 -4.450536386385559808e+02 2.186754734149047030e-01 -9.749797391057423157e-01 3.994428194455541814e-02 8.169475377765082840e+02 -1.364135741939346072e-02 3.787655045862820674e-02 9.991893115386650814e-01 -2.360820670937744126e+01
-9.835113926633900494e-01 -1.805569184951860695e-01 -1.022446501494424405e-02 -4.458774355158402045e+02 1.799070471956202011e-01 -9.825933598290166326e-01 4.630057871429393151e-02 8.170978894222273539e+02 -1.840638124868501993e-02 4.369769334242257219e-02 9.988752258044443222e-01 -2.366085277796231168e+01
-9.896278815760205516e-01 -1.430840560835754671e-01 -1.279096955003305308e-02 -4.467293939573215766e+02 1.421994290185305543e-01 -9.883536315366621139e-01 5.418875727580958063e-02 8.172279137173791241e+02 -2.039554839080123458e-02 5.180783650148845093e-02 9.984487817023331990e-01 -2.362801195914684627e+01
-9.943444182367662254e-01 -1.056372213236583119e-01 -1.095241491192362401e-02 -4.475571580338881290e+02 1.048688503901310520e-01 -9.929115721031094299e-01 5.593866463890832114e-02 8.173166952811365036e+02 -1.678398460553388871e-02 5.447373178650766895e-02 9.983741334820392943e-01 -2.356408632122933966e+01
-9.976567120384417509e-01 -6.813109935737445000e-02 -6.264042225364340084e-03 -4.483593420262795917e+02 6.765712170434375061e-02 -9.960319578254839268e-01 5.781740977437341278e-02 8.173552114489120868e+02 -1.017834993155502382e-02 5.725811986687797533e-02 9.983075222104565993e-01 -2.359436661631064425e+01
-9.995052869746364754e-01 -3.109543002239650161e-02 -4.717577924312958346e-03 -4.491646771687019282e+02 3.076283895939332935e-02 -9.977788043884505687e-01 5.908557567049245451e-02 8.173723130196326565e+02 -6.544390644525164766e-03 5.891121917663310475e-02 9.982417739236395526e-01 -2.363878058759795664e+01
-9.999683958178681165e-01 3.803321493430547855e-03 -6.981555060040187631e-03 -4.499892369300976043e+02 -4.233312581995800003e-03 -9.980268750798011457e-01 6.264531652909267889e-02 8.173707848095911004e+02 -6.729519300951634052e-03 6.267289177997693861e-02 9.980114339054004802e-01 -2.366951439160234116e+01
-9.992479015753218397e-01 3.754685881882790371e-02 -9.688373968590301838e-03 -4.508549410786473004e+02 -3.810354006239469876e-02 -9.971121354793555103e-01 6.569253773841966793e-02 8.173531308630248304e+02 -7.193846817228720728e-03 6.601229182992508770e-02 9.977928772522537404e-01 -2.363182421433027613e+01
-9.974076711841057818e-01 7.136246277481284039e-02 -9.237768659826025783e-03 -4.517276131212116184e+02 -7.182282551618240918e-02 -9.951597842153708795e-01 6.707075081799759864e-02 8.172936836086519179e+02 -4.406721907615897965e-03 6.756036402456193357e-02 9.977054565426098920e-01 -2.361155975755573522e+01
-9.945028713372492390e-01 1.044094529555237710e-01 -7.918651115887019240e-03 -4.525581254359128138e+02 -1.047061714565715312e-01 -9.922104621124206991e-01 6.749086259312667146e-02 8.171864170344340437e+02 -8.102844401565329488e-04 6.794898827933704144e-02 9.976884676245086903e-01 -2.361136203761584795e+01
-9.907057817627555885e-01 1.357912179713831324e-01 -7.924588550543855067e-03 -4.533793454827514893e+02 -1.360148596076572458e-01 -9.883617391677911312e-01 6.812510928526388509e-02 8.170562009403249704e+02 1.418431442274855139e-03 6.856980145128115101e-02 9.976453129149536192e-01 -2.362621946897720804e+01
-9.862609912489858077e-01 1.650013783446787619e-01 -7.987633249226583007e-03 -4.542208531130622191e+02 -1.651573243813496406e-01 -9.838578808788159824e-01 6.889650525128326874e-02 8.168967338507849263e+02 3.509322407771880547e-03 6.926915169830334673e-02 9.975918350103091248e-01 -2.362145803811256073e+01
-9.813634653028114885e-01 1.919724981953345455e-01 -8.503464323475979150e-03 -4.550873142265280080e+02 -1.920985149126744063e-01 -9.789586356383064292e-01 6.883422315630582933e-02 8.167322063842646003e+02 4.889737948342100932e-03 6.918489463625190905e-02 9.975918708655195921e-01 -2.360953356917719859e+01
-9.760935782915027836e-01 2.171111455639230525e-01 -1.020180817360955179e-02 -4.559604142109252507e+02 -2.172974625638751378e-01 -9.737401663399141150e-01 6.791098011086697805e-02 8.165382700826417022e+02 4.810320300300637529e-03 6.850429861138794541e-02 9.976392243142661043e-01 -2.360569722967264994e+01
-9.706682939401410914e-01 2.400096520911828291e-01 -1.408651988267545924e-02 -4.568363999328061595e+02 -2.404095109654526274e-01 -9.683345735520290098e-01 6.731582801364308088e-02 8.163336405056242029e+02 2.515984238361637041e-03 6.872787328936993956e-02 9.976322715592317314e-01 -2.361030944157754874e+01
-9.653115962197452715e-01 2.605608244712351862e-01 -1.678031449518155652e-02 -4.577152123102949872e+02 -2.610948870382395204e-01 -9.628698772897664737e-01 6.863715736013158153e-02 8.161091946328590438e+02 1.726894952258613627e-03 7.063749824887995132e-02 9.975005572304025403e-01 -2.360163196069091995e+01
-9.598998527395979918e-01 2.798836363434849539e-01 -1.604440144244734592e-02 -4.585688183293578959e+02 -2.803064397094608418e-01 -9.572751386955000719e-01 7.108170434731417298e-02 8.158554468421931460e+02 4.535699274113723714e-03 7.272866658106823257e-02 9.973414503014675914e-01 -2.357292363502839194e+01
-9.544246849152391299e-01 2.981349604862025271e-01 -1.375013310252331047e-02 -4.594245238145940107e+02 -2.983335974787068579e-01 -9.517364593568555797e-01 7.207479827436363840e-02 8.155678058926522453e+02 8.401514140897363772e-03 7.289209330762574934e-02 9.973044456400326219e-01 -2.355127979303778929e+01
-9.493488151185273116e-01 3.139402433983451424e-01 -1.335480467981130757e-02 -4.602825184000936929e+02 -3.140629037538255064e-01 -9.466427734261153581e-01 7.233223351886991503e-02 8.152762492606092337e+02 1.006576965579927471e-02 7.286276892282249340e-02 9.972911797394659050e-01 -2.355356990339862833e+01
-9.452381604875422783e-01 3.260092054673207063e-01 -1.558261559220022394e-02 -4.611697401529581839e+02 -3.262578464681059609e-01 -9.424892246978574528e-01 7.259393188432758381e-02 8.149711603520574954e+02 8.979842767100868969e-03 7.370250524235132106e-02 9.972398423372781373e-01 -2.355404885888718880e+01
-9.421262415032204407e-01 3.348059764791686543e-01 -1.740985884049415372e-02 -4.620710330152869574e+02 -3.351668726259002806e-01 -9.393855606515123524e-01 7.223528177849189436e-02 8.146592725947888312e+02 7.830234044354580925e-03 7.388996246632341391e-02 9.972356596519881267e-01 -2.352064811514116016e+01
-9.405322849528634510e-01 3.391636345288067123e-01 -1.915854834157017239e-02 -4.629591647548876381e+02 -3.396596019492673646e-01 -9.379967142288166970e-01 6.923524319022823781e-02 8.143299899307285159e+02 5.511421324096842100e-03 7.162536638059602279e-02 9.974163780116274136e-01 -2.350417201766836328e+01
-9.403048237346500748e-01 3.397183911596444172e-01 -2.045123881949926364e-02 -4.638659820232111315e+02 -3.403209031039709509e-01 -9.380556061538342094e-01 6.506429646020672752e-02 8.139927460487870121e+02 2.919138887973351474e-03 6.814025587908061066e-02 9.976714810782586484e-01 -2.352389479255200300e+01
-9.407977416008779237e-01 3.382841161144702347e-01 -2.152826475450735424e-02 -4.648024163641891278e+02 -3.389667078214807505e-01 -9.386900067132603054e-01 6.294952172437760785e-02 8.136571708230770810e+02 1.086456329426351616e-03 6.652013290209436713e-02 9.977844915267685133e-01 -2.354269307671254197e+01
-9.413431634763511635e-01 3.365185785748132652e-01 -2.506581038631795419e-02 -4.657601009390604077e+02 -3.374410949556546080e-01 -9.392792287553809460e-01 6.235413269244035467e-02 8.133298075840532420e+02 -2.560470945864048564e-03 6.715487102723591284e-02 9.977392782114227199e-01 -2.354168961451214770e+01
-9.411434702119437778e-01 3.366405276455713969e-01 -3.036648850182606732e-02 -4.666941146412356716e+02 -3.379188951246385186e-01 -9.391476027441902907e-01 6.174625962424579867e-02 8.129854614198994796e+02 -7.732321460202452867e-03 6.837349929872237053e-02 9.976298290440617222e-01 -2.351702054862364832e+01
-9.407484937933509039e-01 3.376195865709225585e-01 -3.170624842552902806e-02 -4.676196643346473252e+02 -3.389830930181005342e-01 -9.387983049107480049e-01 6.122258851591546452e-02 8.126376439475606048e+02 -9.095827253420649822e-03 6.834294009176364315e-02 9.976204230398401096e-01 -2.350016356523943628e+01
-9.408918387180432719e-01 3.376919042562059881e-01 -2.620545045589304720e-02 -4.685473132716725786e+02 -3.386856639572792815e-01 -9.388838492330588981e-01 6.155598004363216358e-02 8.123064238713571967e+02 -3.816918075623932337e-03 6.679292963429794838e-02 9.977595580535781883e-01 -2.349250174353780451e+01
-9.413302594875931906e-01 3.369380038411914913e-01 -1.923861067055559690e-02 -4.694963618892682007e+02 -3.374824096525655404e-01 -9.394964030440091651e-01 5.875484526800590218e-02 8.119729128809137819e+02 1.722134756048898131e-03 6.180040642975202086e-02 9.980870423049282847e-01 -2.350764879677107189e+01
-9.416134795942324720e-01 3.362463740238421650e-01 -1.739054347225440014e-02 -4.704729577994079932e+02 -3.366864419105052297e-01 -9.399456354114653633e-01 5.607532705728398431e-02 8.116097826553234427e+02 2.508959961033889029e-03 5.865644403435704701e-02 9.982750756645977219e-01 -2.355775891597956218e+01
-9.415940761253950297e-01 3.362283642903889369e-01 -1.873720502566835269e-02 -4.714683185178790836e+02 -3.367454721683811325e-01 -9.398324935078496978e-01 5.759662421455846726e-02 8.112447847022790484e+02 1.755784627667490716e-03 6.054230911873313692e-02 9.981640877265185452e-01 -2.355458665609772595e+01
-9.416294992307928657e-01 3.360538221474880238e-01 -2.004282411316783696e-02 -4.724641693443697363e+02 -3.366488837751519525e-01 -9.397429502913386967e-01 5.958788828844326785e-02 8.108970842869966873e+02 1.189634948750153704e-03 6.285710777466686772e-02 9.980218278028255563e-01 -2.350525548749902072e+01
-9.418920678346117681e-01 3.353231327632412717e-01 -1.994314880064328513e-02 -4.734557307844510206e+02 -3.359138476931330386e-01 -9.400303868385707640e-01 5.920100293172578937e-02 8.105567358789177206e+02 1.104299883944217511e-03 6.246013491798688144e-02 9.980468486337668033e-01 -2.346263017803713424e+01
-9.422093012753849361e-01 3.344675032269235904e-01 -1.931636289001272683e-02 -4.744515509702870872e+02 -3.350233832342385254e-01 -9.404687902152266687e-01 5.725196343701369206e-02 8.101877783534835089e+02 9.824848270884953966e-04 6.041476571382488336e-02 9.981728762129875587e-01 -2.348474179727629974e+01
-9.426004623712990194e-01 3.334080724429966947e-01 -1.853174485198284469e-02 -4.754687574689253893e+02 -3.339197836401321950e-01 -9.409076874935862200e-01 5.648275585698554757e-02 8.098076628110592310e+02 1.395145562645554692e-03 5.942878801824798274e-02 9.982315726942027068e-01 -2.352248575032371747e+01
-9.432530853125151715e-01 3.315516299985448723e-01 -1.863152419233644191e-02 -4.765338836591158156e+02 -3.320727386228735090e-01 -9.415680347326171873e-01 5.636782977251333926e-02 8.094348501428925147e+02 1.145998222705847756e-03 5.935615060856131581e-02 9.982362115616761900e-01 -2.352372903298650897e+01
-9.438456625712069448e-01 3.298187910665929534e-01 -1.936311712742306429e-02 -4.775891120464611390e+02 -3.303865632956787812e-01 -9.421715054132915323e-01 5.619228755730888009e-02 8.090722715224885633e+02 2.898951359798803795e-04 5.943416060334094642e-02 9.982321856733464838e-01 -2.348936289034251956e+01
-9.446034075496699822e-01 3.276239666307743104e-01 -1.967076344906545579e-02 -4.786175992116822044e+02 -3.282137633335965865e-01 -9.428395137607578080e-01 5.770075259280720015e-02 8.087099085714694411e+02 3.577763964166500734e-04 6.096054281660884949e-02 9.981401125170527022e-01 -2.347246616950460663e+01
-9.459029300783042826e-01 3.238276068919456741e-01 -2.008302477003968967e-02 -4.796549833368839018e+02 -3.244491734260224747e-01 -9.442051114617120433e-01 5.665193158884373331e-02 8.083410503271098833e+02 -6.170352092621856407e-04 6.010314887101660120e-02 9.981919809151638123e-01 -2.345370654591567927e+01
-9.481724584408269818e-01 3.168297726179122864e-01 -2.424632419894515167e-02 -4.807301049207027859e+02 -3.176814334047861066e-01 -9.468406657252818048e-01 5.070759902407547676e-02 8.079870928481469718e+02 -6.891728677122141954e-03 5.578215585460735704e-02 9.984191780830601326e-01 -2.347541187832003473e+01
-9.512347978729364106e-01 3.073750760150740780e-01 -2.594073939504695087e-02 -4.818406804581497909e+02 -3.083041861902179326e-01 -9.501009178210566564e-01 4.750552318598531831e-02 8.076271062923327690e+02 -1.004430650776286064e-02 5.318654529403126635e-02 9.985340771883873812e-01 -2.350393046395417329e+01
-9.548442719553197344e-01 2.964933250475347282e-01 -1.908204696494570154e-02 -4.829431142583101746e+02 -2.970803809314056521e-01 -9.536438708761247884e-01 4.802722983946192126e-02 8.072824897079140101e+02 -3.957724063966608190e-03 5.152742709138882771e-02 9.986637375401067329e-01 -2.349952836250930588e+01
-9.581713582951042474e-01 2.859635183955446802e-01 -1.151148512383523038e-02 -4.840432452407157484e+02 -2.861850375810098268e-01 -9.570245546416183968e-01 4.692681619041604718e-02 8.069360941312033901e+02 2.402583541010336159e-03 4.825834601241361932e-02 9.988319977015527318e-01 -2.347489275377769502e+01
-9.612410159304236590e-01 2.753382080215636130e-01 -1.430316386401764284e-02 -4.851497135063006567e+02 -2.757046259500473551e-01 -9.602371765579434948e-01 4.394910676878439199e-02 8.065877164587466268e+02 -1.633561382764468295e-03 4.618913248269215094e-02 9.989313767810604761e-01 -2.350692559529342418e+01
-9.639128421466627294e-01 2.651071044072346727e-01 -2.429518342294734526e-02 -4.862977896643930649e+02 -2.659286894805565904e-01 -9.631008657458296485e-01 4.145665822021592922e-02 8.062708191145013643e+02 -1.240825756893249900e-02 4.642139153930523870e-02 9.988448776219747138e-01 -2.353091807579381722e+01
-9.669316564929655300e-01 2.534038770325496293e-01 -2.880358964856178164e-02 -4.874592553583587460e+02 -2.544705445792121434e-01 -9.661304574363975828e-01 4.285651823582314890e-02 8.059792009870647007e+02 -1.696801736590154014e-02 4.876898931299111090e-02 9.986659461842383179e-01 -2.350889761660602417e+01
-9.704037231940279007e-01 2.403248522566926448e-01 -2.367655800508116845e-02 -4.886192024911053977e+02 -2.411688799023438967e-01 -9.694922213235330766e-01 4.384522961294144011e-02 8.057090964867517187e+02 -1.241714048475071538e-02 4.825762303472368869e-02 9.987577366114470667e-01 -2.348622534245793858e+01
-9.739122844902494691e-01 2.262593207280887975e-01 -1.736611363107101735e-02 -4.897903798916339611e+02 -2.268040596806249198e-01 -9.730356149465840820e-01 4.197154462146337334e-02 8.054104851747588327e+02 -7.401393880280487426e-03 4.481530797827577156e-02 9.989678711247130805e-01 -2.350697729465303354e+01
-9.771225943096288891e-01 2.120132971406339939e-01 -1.678682594112482565e-02 -4.909843285591093718e+02 -2.125316246680497845e-01 -9.763252328825318127e-01 4.024112514368759219e-02 8.051256771039257956e+02 -7.857748123965169196e-03 4.288824398862543796e-02 9.990489749366606720e-01 -2.356238458180731499e+01
-9.798922998601078405e-01 1.982926181684739608e-01 -2.216118802684037548e-02 -4.921951345933502466e+02 -1.990664180071089195e-01 -9.791243430981795282e-01 4.108627476881675233e-02 8.048790729105596711e+02 -1.355145367435735097e-02 4.467167259518528555e-02 9.989098056235409251e-01 -2.358726988269501135e+01
-9.824699084848725894e-01 1.844762736251193969e-01 -2.685858133104173512e-02 -4.934198189912918338e+02 -1.855286121024077028e-01 -9.816465838142595102e-01 4.414882305508425336e-02 8.046501105188597194e+02 -1.822122424757788642e-02 4.835792546403124004e-02 9.986638563759753229e-01 -2.355708039433290324e+01
-9.850438402879433397e-01 1.702515602862642585e-01 -2.651488130981973987e-02 -4.946500728504387325e+02 -1.713276002327543956e-01 -9.841541855828447316e-01 4.568798964995378353e-02 8.044351182343567643e+02 -1.831627989704411735e-02 4.954740376509396416e-02 9.986038096617055881e-01 -2.353127308859423650e+01
-9.874212796001086145e-01 1.560713399302412763e-01 -2.531705838487523577e-02 -4.958776740946785822e+02 -1.570805037529650061e-01 -9.865809042705974141e-01 4.454025897237178649e-02 8.042315577649435454e+02 -1.802586845616372183e-02 4.795681579285896584e-02 9.986867436215477456e-01 -2.358197485347769273e+01
-9.894552761902227767e-01 1.423739855164123935e-01 -2.660647792365994010e-02 -4.971203560749992221e+02 -1.434710507041153382e-01 -9.886182403350572967e-01 4.527728444455329099e-02 8.040439133581677424e+02 -1.985734194667092625e-02 4.861710732847206867e-02 9.986200793323880553e-01 -2.365212544695556929e+01
-9.913899043523257681e-01 1.280823739786206839e-01 -2.722063600077975418e-02 -4.983894487864247935e+02 -1.292919954808602057e-01 -9.904121328924933021e-01 4.865580051669071010e-02 8.038824371218306624e+02 -2.072769772221452408e-02 5.175627976722675661e-02 9.984446154152933905e-01 -2.367748650129532706e+01
-9.931284661271578829e-01 1.138546824338994568e-01 -2.707325351329693125e-02 -4.997007000584868592e+02 -1.151703221728713061e-01 -9.919101986847146391e-01 5.338496638425760388e-02 8.037233606299721487e+02 -2.077610787699197062e-02 5.613616510884181232e-02 9.982069346124362585e-01 -2.366118599215158724e+01
-9.945771186698495470e-01 1.003839640239862080e-01 -2.719218242824925427e-02 -5.010073228948239148e+02 -1.018281042417265303e-01 -9.930920353712704429e-01 5.830305711267449315e-02 8.035969134242128575e+02 -2.115164780616983140e-02 6.075581493963125301e-02 9.979285238663664348e-01 -2.366928536998636545e+01
-9.957285342759156777e-01 8.789043768830695491e-02 -2.828351095062627343e-02 -5.022949249809313415e+02 -8.947189422034844408e-02 -9.941441161658386427e-01 6.059914551763071616e-02 8.034821136502480385e+02 -2.279180057299520432e-02 6.287087764459782513e-02 9.977613875926643061e-01 -2.368204358354169514e+01
-9.966379365551647496e-01 7.610978396577365579e-02 -3.033354914523714654e-02 -5.035790576042023758e+02 -7.782649963722307329e-02 -9.951517577721020746e-01 6.013330988157342127e-02 8.033782040592274143e+02 -2.560975152711572264e-02 6.229189183015110265e-02 9.977293524994340634e-01 -2.372596184715143153e+01
-9.974272514572711801e-01 6.438907355993386816e-02 -3.151071653401636002e-02 -5.048715221109599725e+02 -6.619865116437868846e-02 -9.959874973447635504e-01 6.022162167305263047e-02 8.032713635701840076e+02 -2.750666527245052354e-02 6.215265351542743899e-02 9.976875417817849812e-01 -2.375620011098376594e+01
-9.981695564514821983e-01 5.210513602798956534e-02 -3.070165098094596035e-02 -5.062001708705432179e+02 -5.384686447891617878e-02 -9.968083763315076506e-01 5.893705168341009659e-02 8.031918958364426544e+02 -2.753273976996066866e-02 6.048235837703747064e-02 9.977894730682975721e-01 -2.378059728952226237e+01
-9.987739849174439577e-01 4.004461347924846010e-02 -2.910250819822134474e-02 -5.075102040521575759e+02 -4.167100425367419037e-02 -9.974689869809711951e-01 5.761204227977258924e-02 8.031312799812247931e+02 -2.672179740624165342e-02 5.875413978992134051e-02 9.979147742171805557e-01 -2.379832541317302486e+01
-9.992038559449412105e-01 2.847374579929824040e-02 -2.794458918857238225e-02 -5.088095605107218375e+02 -3.000476894193521496e-02 -9.979803269760646467e-01 5.599089934524270618e-02 8.030763160583500166e+02 -2.629387962059273956e-02 5.678479346537198408e-02 9.980401390352958702e-01 -2.383104936914585181e+01
-9.994858636208800995e-01 1.740639143112638135e-02 -2.692630608475232029e-02 -5.101119765401842869e+02 -1.888970806811237149e-02 -9.982603583409668246e-01 5.585191038869179170e-02 8.030408200359173634e+02 -2.590728374656164554e-02 5.633182495101120291e-02 9.980759180275636799e-01 -2.387800852330259005e+01
-9.996338869681548056e-01 7.172082408193364289e-03 -2.608933228099914389e-02 -5.114202242933571370e+02 -8.658553845540714958e-03 -9.983184836106906435e-01 5.731696717862843488e-02 8.030271315359893833e+02 -2.563438062918967780e-02 5.752187857834768769e-02 9.980150860656245015e-01 -2.389389055019124086e+01
-9.996676801798030088e-01 -2.355280738431247967e-03 -2.567064191978324708e-02 -5.127531349033674815e+02 8.426843981089463193e-04 -9.982708726211769745e-01 5.877546051847983705e-02 8.030416370330715381e+02 -2.576468682005939037e-02 5.873429601857307891e-02 9.979411121826112785e-01 -2.390499958133548475e+01
-9.996233549090214332e-01 -1.026969056878332572e-02 -2.544959284653019321e-02 -5.140559289643284728e+02 8.714008302705258946e-03 -9.981300173450916580e-01 6.050235147486500431e-02 8.030567763838113251e+02 -2.602334297766333709e-02 6.025779559782415418e-02 9.978435667427826283e-01 -2.392284833234353769e+01
-9.994909501138604657e-01 -1.675462898635043246e-02 -2.715001009248624309e-02 -5.153408436754066315e+02 1.503943891434740207e-02 -9.979508850639012829e-01 6.219201136254151607e-02 8.030592297143833775e+02 -2.813638067758477551e-02 6.175203160792872015e-02 9.976948584986591317e-01 -2.394591330782515115e+01
-9.992812061173581561e-01 -2.213312520388123830e-02 -3.077654739159971925e-02 -5.166450113404683862e+02 2.019451684484170617e-02 -9.978759306185412958e-01 6.193390494377096211e-02 8.030827784704563328e+02 -3.208196674210399280e-02 6.126786972704348355e-02 9.976056312737356935e-01 -2.399082186640007563e+01
-9.990679514309661613e-01 -2.680586315324271288e-02 -3.383303303197191664e-02 -5.179613820937065611e+02 2.467048093333301662e-02 -9.977694782467445567e-01 6.202770066460378678e-02 8.031129186366579233e+02 -3.542027377154116641e-02 6.113521063862674410e-02 9.975008221681423981e-01 -2.403572334130497978e+01
-9.989378111335721622e-01 -3.095088061958731901e-02 -3.413638054246556641e-02 -5.192641299376255120e+02 2.876340538668701111e-02 -9.976109705293498831e-01 6.280937820143107919e-02 8.031400164547964096e+02 -3.599883328983129183e-02 6.176078422722107442e-02 9.974415719897631316e-01 -2.404769859589170267e+01
-9.988875145360002206e-01 -3.344794739777796205e-02 -3.324106073769410308e-02 -5.205684136020137203e+02 3.127808116744149047e-02 -9.974736180223712223e-01 6.378136865765735020e-02 8.031830929415622222e+02 -3.529043698474872842e-02 6.267069621630622089e-02 9.974101307351901369e-01 -2.405915503960124724e+01
-9.989186315513375325e-01 -3.364001527015510890e-02 -3.209231858602377280e-02 -5.218650124534271981e+02 3.154962747224530212e-02 -9.974793510845780808e-01 6.355757363408491567e-02 8.032288009781423170e+02 -3.414950286557116854e-02 6.247634378317375170e-02 9.974620383360566223e-01 -2.409934596451347844e+01
-9.989599806454180220e-01 -3.347094177359041106e-02 -3.096212405012097740e-02 -5.231376707156401835e+02 3.148900842242657178e-02 -9.975528595196312409e-01 6.242383208983515175e-02 8.032630420424787872e+02 -3.297573983216298826e-02 6.138394351128402537e-02 9.975693520059270014e-01 -2.415084880223479047e+01
-9.989758058835309651e-01 -3.335152444984838815e-02 -3.057801622441825434e-02 -5.244058572139800845e+02 3.141791734075056325e-02 -9.976018710279596080e-01 6.167188493539325911e-02 8.032880934412804663e+02 -3.256153757609396571e-02 6.064802336750792222e-02 9.976279684994276975e-01 -2.420366370478634366e+01
-9.989432242507479964e-01 -3.352977495674066416e-02 -3.143547223869603419e-02 -5.257037742486625120e+02 3.152441837643608913e-02 -9.975624412826130660e-01 6.225260467082056881e-02 8.033363842522207960e+02 -3.344616225438897666e-02 6.119583264916314547e-02 9.975652481401047211e-01 -2.423743726780422492e+01
-9.989375991797192489e-01 -3.281198499608011659e-02 -3.235809922840991032e-02 -5.270106945948580233e+02 3.071167557097147574e-02 -9.975156895196792828e-01 6.339749321308442431e-02 8.033868117916910023e+02 -3.435790925947034002e-02 6.233636821869480843e-02 9.974636390709293865e-01 -2.425549148219666762e+01
-9.990100315591214919e-01 -3.118217049409225186e-02 -3.172741854486395979e-02 -5.283018576332628982e+02 2.910294004363691081e-02 -9.975248299491961124e-01 6.400962830422096683e-02 8.034123024626002234e+02 -3.364484693173810936e-02 6.302289963263681127e-02 9.974448046868732431e-01 -2.427513782090173677e+01
-9.990791828620695370e-01 -2.977819665543882111e-02 -3.088762495903342453e-02 -5.295808112547790643e+02 2.777029753879861271e-02 -9.975944157065408380e-01 6.351529206209252654e-02 8.034422541160877245e+02 -3.270469303122232330e-02 6.259904755726186654e-02 9.975027630531443368e-01 -2.429661884550112561e+01
-9.990783083176338897e-01 -2.893242651567523582e-02 -3.170880863561208879e-02 -5.308447058991482663e+02 2.689982279955108885e-02 -9.976663939904671929e-01 6.275480726933772846e-02 8.034789097043317270e+02 -3.345046161905038118e-02 6.184400535196619975e-02 9.975251303197821828e-01 -2.433692039309789124e+01
-9.990458959396306682e-01 -2.771878813347881942e-02 -3.374857908997154488e-02 -5.321233358149975174e+02 2.557813552160041748e-02 -9.977303802054044990e-01 6.228842106217245822e-02 8.035129440979703759e+02 -3.539854219342074976e-02 6.136576569709825679e-02 9.974874365178688640e-01 -2.438357603047202460e+01
-9.989920867205780430e-01 -2.654096453651719201e-02 -3.619927998091633514e-02 -5.334203567521773266e+02 2.424007108181953918e-02 -9.977453099554668414e-01 6.258366732478036487e-02 8.035490366976081305e+02 -3.777869271975628496e-02 6.164311529556062985e-02 9.973830240750263254e-01 -2.442543973660301049e+01
-9.989659736738945028e-01 -2.511983991966005789e-02 -3.789428827909172709e-02 -5.346927370251044067e+02 2.274692006019804480e-02 -9.978292399560774184e-01 6.180117730636441181e-02 8.035759662438922533e+02 -3.936446455298499292e-02 6.087529491582265723e-02 9.973688572435819299e-01 -2.444801734804793369e+01
-9.990163917166642316e-01 -2.356471161410359991e-02 -3.756266028866019069e-02 -5.359406742540261348e+02 2.121881716123955736e-02 -9.978708500563777672e-01 6.167275254146589031e-02 8.035995417849849218e+02 -3.893598438071189244e-02 6.081505549045508607e-02 9.973893513297594771e-01 -2.448229311401704322e+01
-9.990850420366598206e-01 -2.227840883576040487e-02 -3.650686618093916536e-02 -5.371771844354080940e+02 1.997935443077371309e-02 -9.978653315637576737e-01 6.217399343521583938e-02 8.036288076347572087e+02 -3.781407377069821718e-02 6.138772322622375321e-02 9.973974349585850163e-01 -2.451705414180784715e+01
-9.991257557231854047e-01 -2.114592950641949395e-02 -3.606347065776177585e-02 -5.383983326768011466e+02 1.888697447238390018e-02 -9.979056156870736993e-01 6.186812083361161591e-02 8.036446633231015539e+02 -3.729619881238870061e-02 6.113290313335679321e-02 9.974325850445404651e-01 -2.454418274120233434e+01
-9.991438639409960798e-01 -1.974152489289715193e-02 -3.635672350418096138e-02 -5.396355527953980982e+02 1.745754496660469057e-02 -9.979171493546130645e-01 6.210150680702013898e-02 8.036650793892862339e+02 -3.750697632168333018e-02 6.141364033231147546e-02 9.974074350576790371e-01 -2.458421921428339019e+01
-9.991085293083641350e-01 -1.801004205412785192e-02 -3.818095138267604827e-02 -5.408433608576607412e+02 1.558528127142679541e-02 -9.978993889585221488e-01 6.288011230826096032e-02 8.036781008129258908e+02 -3.923322152166753424e-02 6.222899566454163922e-02 9.972904824711877891e-01 -2.459992634661123745e+01
-9.990567169434985129e-01 -1.654474698407604194e-02 -4.014906819979302544e-02 -5.420356421774484943e+02 1.401103143014616539e-02 -9.979410696552428739e-01 6.258843737955149811e-02 8.036964283392561583e+02 -4.110191392553612377e-02 6.196686891060003421e-02 9.972315377228473388e-01 -2.462682693251434074e+01
-9.991278864545984906e-01 -1.551076076684634354e-02 -3.876703250445076576e-02 -5.432181071325524044e+02 1.310722000797372340e-02 -9.980208563087604734e-01 6.150261097215173334e-02 8.037097106358367000e+02 -3.964425926196697009e-02 6.094084568795319484e-02 9.973537717552419801e-01 -2.466467751096859828e+01
-9.992212046125141800e-01 -1.478356800529351603e-02 -3.658456463796062180e-02 -5.444074658800632278e+02 1.255634259443860062e-02 -9.980966668617793358e-01 6.037699777281153868e-02 8.037184221626995395e+02 -3.740751947626763663e-02 5.987060811817316447e-02 9.975049813260046250e-01 -2.470395351576738463e+01
-9.991501367841438830e-01 -1.446722746380734760e-02 -3.859667723699986008e-02 -5.456012244355873690e+02 1.215321821505200781e-02 -9.981526083546182759e-01 5.952873022238944212e-02 8.037295629953262051e+02 -3.938658973869167690e-02 5.900906510344957473e-02 9.974801385413009092e-01 -2.474209700101087606e+01
-9.990270742432750817e-01 -1.429741356830893304e-02 -4.171916698807387469e-02 -5.467635374996048085e+02 1.180481352257324416e-02 -9.981648454502006773e-01 5.939349867683405004e-02 8.037479676143220786e+02 -4.249177928281337724e-02 5.884322622557797838e-02 9.973624834636334313e-01 -2.476891697432863992e+01
-9.990652248204066055e-01 -1.392373173500604210e-02 -4.092439674720225323e-02 -5.478977059390991826e+02 1.145043253629268905e-02 -9.981290435990584076e-01 6.006080184913694525e-02 8.037591300146340245e+02 -4.168409947789015330e-02 5.953605645825951059e-02 9.973554500939554313e-01 -2.478988608612306876e+01
-9.991777175719069870e-01 -1.321550897920336330e-02 -3.833065392366001578e-02 -5.490278312250177351e+02 1.090045454951867748e-02 -9.981394994988035396e-01 5.998932930857594353e-02 8.037728997540100409e+02 -3.905212924295772825e-02 5.952217958626417060e-02 9.974628019825562131e-01 -2.481031168610983784e+01
-9.992362250882231844e-01 -1.265613550186210981e-02 -3.697010556647833263e-02 -5.501640354172491243e+02 1.047383609974990824e-02 -9.982244069532099084e-01 5.863729291388406623e-02 8.037811149209634323e+02 -3.764658322867589502e-02 5.820528839436814317e-02 9.975945464837581156e-01 -2.483847077792430724e+01
-9.992463455992198762e-01 -1.231349100909341458e-02 -3.681193754441721561e-02 -5.513020949959628751e+02 1.016825785554864754e-02 -9.982703085552361300e-01 5.790507395054031448e-02 8.037941886271256635e+02 -3.746127785845232427e-02 5.748712026361593730e-02 9.976431644957072242e-01 -2.488936720017776238e+01
-9.991906445331256714e-01 -1.183376393957907662e-02 -3.844499848484046051e-02 -5.524093864612677862e+02 9.582557319365475265e-03 -9.982576698734739740e-01 5.822198153622112210e-02 8.038033996145023821e+02 -3.906699979136025319e-02 5.780645785554858196e-02 9.975631222922671792e-01 -2.492614995131461697e+01
-9.990658001959150658e-01 -1.123251122765950120e-02 -4.172957668628434619e-02 -5.535032434727511372e+02 8.751045747888206924e-03 -9.982090162293473234e-01 5.917921186326502436e-02 8.038140622219035549e+02 -4.231957085338117902e-02 5.875874922051471660e-02 9.973747857815669082e-01 -2.495293903940497415e+01
-9.990447610372538145e-01 -1.061740920520081941e-02 -4.238910314911243510e-02 -5.545870698441603963e+02 8.013178591412359331e-03 -9.980970187027419227e-01 6.114025045386566742e-02 8.038195375540099121e+02 -4.295758853658929871e-02 6.074217545057639112e-02 9.972286767380150740e-01 -2.497237572615913237e+01
-9.991407679539158204e-01 -1.012756873317031785e-02 -4.018903039405805760e-02 -5.556641359836123684e+02 7.611097412950540778e-03 -9.980295672252854633e-01 6.228205311548904582e-02 8.038374354485598587e+02 -4.074060638515569072e-02 6.192265575429503621e-02 9.972491101503700994e-01 -2.498180113406370495e+01
-9.992303958527957164e-01 -9.503127414310601553e-03 -3.805662325026802628e-02 -5.567407646075744196e+02 7.145355136737246461e-03 -9.980742326669281850e-01 6.161793558935117071e-02 8.038545418540196579e+02 -3.856889814131802402e-02 6.129858608215120463e-02 9.973740138185342996e-01 -2.501376929623508971e+01
-9.992487415566262410e-01 -9.005364144893690873e-03 -3.769424245315165095e-02 -5.578077507940638498e+02 6.697632759344710612e-03 -9.981209765548059165e-01 6.090696082306389092e-02 8.038628161032276012e+02 -3.817190344900381338e-02 6.060874176139236652e-02 9.974314443655669660e-01 -2.506290188482589443e+01
-9.992229917946461315e-01 -8.700878704120788149e-03 -3.844095964896109691e-02 -5.588647684805139306e+02 6.345501140381149333e-03 -9.981191148788265410e-01 6.097513533225032423e-02 8.038600620279187297e+02 -3.889919387640700110e-02 6.068382999848470627e-02 9.973987795723839866e-01 -2.510207278131190023e+01
-9.991986287313902038e-01 -8.585835755403151484e-03 -3.909454905342707454e-02 -5.599023634098962248e+02 6.177814920289304186e-03 -9.981000121749241671e-01 6.130416216887357023e-02 8.038593696341622490e+02 -3.954661735370328113e-02 6.101351588622095506e-02 9.973532052062007436e-01 -2.512047988600629367e+01
-9.992099964077286733e-01 -8.212059529145320294e-03 -3.888373898118532845e-02 -5.609395420341264753e+02 5.829332672510323908e-03 -9.981207569711841865e-01 6.099978183456165187e-02 8.038694484718834019e+02 -3.931160082546095169e-02 6.072492553771214469e-02 9.973801088145778371e-01 -2.514262569362776389e+01
-9.992234564822897180e-01 -7.614185892241508852e-03 -3.865886947111125266e-02 -5.619833359304167288e+02 5.257590572528783417e-03 -9.981423028115467000e-01 6.069844379747350166e-02 8.038846265904519441e+02 -3.904922223242972973e-02 6.044805630673146662e-02 9.974072341485099580e-01 -2.517170937828582566e+01
-9.992313495425029224e-01 -7.056859747713490477e-03 -3.856048264700666361e-02 -5.630250613448228023e+02 4.740061927764696939e-03 -9.981963326772224088e-01 5.984658087698485618e-02 8.038854184481824632e+02 -3.891326129213482088e-02 5.961780069950274596e-02 9.974625185616573519e-01 -2.519631641912981124e+01
-9.992539175931224316e-01 -6.599324144357468849e-03 -3.805334539347815515e-02 -5.640587427157920501e+02 4.342521897805548016e-03 -9.982434044432043629e-01 5.908678354089637319e-02 8.038695580204271209e+02 -3.837643389327263094e-02 5.887745244556154972e-02 9.975272903109748679e-01 -2.522886900664930820e+01
-9.992601939575815884e-01 -6.269339730832703024e-03 -3.794417150493484964e-02 -5.650864572713480811e+02 4.033371127893841356e-03 -9.982663410816154936e-01 5.872004922400177185e-02 8.038770499035015291e+02 -3.824652519120111394e-02 5.852356485095484145e-02 9.975531041844013513e-01 -2.526430046160628251e+01
-9.991153847664736576e-01 -6.222223575882228006e-03 -4.159004516363568049e-02 -5.661119666152769696e+02 3.788659665389435601e-03 -9.982897084124588982e-01 5.833784479828162811e-02 8.038915524485579454e+02 -4.188190517253689155e-02 5.812866772548871963e-02 9.974301800164152576e-01 -2.528778438806548223e+01
-9.989514491910161942e-01 -6.017540637508614516e-03 -4.538492441158184509e-02 -5.671316384418362304e+02 3.363630001748868243e-03 -9.982918744890731944e-01 5.832683192411780571e-02 8.038939416820072665e+02 -4.565838534574347823e-02 5.811301518394034610e-02 9.972653555167004802e-01 -2.533498225089652323e+01
-9.989316083373753763e-01 -5.691985461132287837e-03 -4.586112914021010789e-02 -5.681356269460550266e+02 2.945975958453532668e-03 -9.982106313233306549e-01 5.972316752090753994e-02 8.038903918281934011e+02 -4.611901007347172371e-02 5.952425400278802542e-02 9.971609198596056434e-01 -2.537452434494443665e+01
-9.990078172784867538e-01 -5.234353757981334565e-03 -4.422649157699732464e-02 -5.691246669316625457e+02 2.527703406838758930e-03 -9.981323999702171879e-01 6.103542287214841489e-02 8.038998494029204949e+02 -4.446337517509175996e-02 6.086307312674264780e-02 9.971553011430106528e-01 -2.538142658418203368e+01
-9.990541762980852392e-01 -4.771127393392882513e-03 -4.322024022088370027e-02 -5.701021108961683694e+02 2.079615015579984287e-03 -9.980673605074888988e-01 6.210651407865387663e-02 8.038980473665642421e+02 -4.343302916838578942e-02 6.195789080505458707e-02 9.971332868499813706e-01 -2.540482162962485191e+01
-9.989986761019212791e-01 -4.466573566336415856e-03 -4.451623150250957200e-02 -5.710588068377638820e+02 1.659074854517073169e-03 -9.980181201929729795e-01 6.290531962491421880e-02 8.039022143113124912e+02 -4.470897692002840512e-02 6.276847526475379246e-02 9.970261911783974140e-01 -2.544391098048688704e+01
-9.989190135011190019e-01 -4.355205360979039209e-03 -4.627998111727342490e-02 -5.720157714185969553e+02 1.419061585550928815e-03 -9.979943302005417349e-01 6.328746441270508005e-02 8.039068650367744340e+02 -4.646278866112001082e-02 6.315337737474292779e-02 9.969216921082597604e-01 -2.547824498355981504e+01
-9.988860425820368372e-01 -4.259625224173404189e-03 -4.699499470951126051e-02 -5.729600864054822296e+02 1.245937359986037420e-03 -9.979509382231940284e-01 6.397165418794925618e-02 8.039124901906636751e+02 -4.717119433396187861e-02 6.384183966958621725e-02 9.968445705990029992e-01 -2.551436951245279161e+01
-9.989131362975884887e-01 -3.831445139926608658e-03 -4.645283802154047403e-02 -5.738784504072798427e+02 8.115263368916600991e-04 -9.978943204858741201e-01 6.485573657773699430e-02 8.039167550448198654e+02 -4.660351442885264650e-02 6.474754953027955784e-02 9.968128546887345953e-01 -2.552728069580003023e+01
-9.989317591025681509e-01 -3.477353357595923660e-03 -4.607872252868502189e-02 -5.747681082619368453e+02 4.649305717769699098e-04 -9.978704323097449258e-01 6.522564036885250549e-02 8.039055900333416957e+02 -4.620740736951768624e-02 6.513454026543726016e-02 9.968060830314980914e-01 -2.554498430945918841e+01
-9.989183026970978041e-01 -3.259088101433476464e-03 -4.638537357289360119e-02 -5.756546787273871360e+02 1.958942186783866018e-04 -9.978268861267635126e-01 6.588980913633700476e-02 8.039109442223738142e+02 -4.649931356702903529e-02 6.580944968099125547e-02 9.967481779117934870e-01 -2.558510724946546588e+01
-9.988296132262055593e-01 -3.391931818491872308e-03 -4.824830091233843488e-02 -5.765257130043024745e+02 1.697377334396678230e-04 -9.977776405337046572e-01 6.663145833685402142e-02 8.039095544491103738e+02 -4.836708520771853398e-02 6.654528420205869932e-02 9.966104305188545620e-01 -2.561321039849197945e+01
-9.987180112990771130e-01 -3.614089599332036707e-03 -5.049031850944193933e-02 -5.773723539607494786e+02 2.074050510258856623e-04 -9.977317553992258725e-01 6.731494077190239289e-02 8.039229188813653764e+02 -5.061907634441492609e-02 6.721817183134271012e-02 9.964534241426894479e-01 -2.564123431305605294e+01
-9.986439531639492717e-01 -3.957884482437257732e-03 -5.190943998449645130e-02 -5.782021268781996923e+02 4.037314504951939925e-04 -9.976646902533115036e-01 6.830082592971187250e-02 8.039252959846689919e+02 -5.205854214244035744e-02 6.818724933731085125e-02 9.963134081290966337e-01 -2.565931227519531177e+01
-9.986536602620277314e-01 -4.138500301633917314e-03 -5.170821656669531696e-02 -5.790155297971907657e+02 5.639715908195272248e-04 -9.976197491564741116e-01 6.895301319753223412e-02 8.039100066145822439e+02 -5.187050010651175769e-02 6.883101705065584885e-02 9.962789480413972720e-01 -2.568301652716828087e+01
-9.987153173666806216e-01 -4.064372478434467514e-03 -5.050936283034832691e-02 -5.798019217157249159e+02 5.325202307073956557e-04 -9.975648990451305709e-01 6.974230147681648173e-02 8.039103127653361298e+02 -5.066982612339535758e-02 6.962580749575413008e-02 9.962855091042874811e-01 -2.571905189709453765e+01
-9.987190333049005275e-01 -4.205431817616299243e-03 -5.042426853959123406e-02 -5.805776099879108187e+02 6.395152727478608688e-04 -9.975096791109865357e-01 7.052681121469817072e-02 8.039145962802897429e+02 -5.059529162621116682e-02 7.040422162857228050e-02 9.962345918718813476e-01 -2.573948076334282220e+01
-9.987189250631758330e-01 -4.478088735969077208e-03 -5.040293088628390594e-02 -5.813374871442260883e+02 9.088722292552566190e-04 -9.975032349519253883e-01 7.061494326072617622e-02 8.039231680193150851e+02 -5.059330659213346487e-02 7.047867040259395144e-02 9.962294285687193218e-01 -2.575745756967372202e+01
-9.986778126035704695e-01 -4.836789246099626113e-03 -5.117843376987143977e-02 -5.820836966894373745e+02 1.234288944850643957e-03 -9.975328972970644026e-01 7.018970965124443628e-02 8.039200808197252854e+02 -5.139166415041376140e-02 7.003373672676753425e-02 9.962199418682289309e-01 -2.579349787410458461e+01
-9.985817081240725424e-01 -4.954977340849616926e-03 -5.300962553689438084e-02 -5.828186317444341284e+02 1.234295803660653487e-03 -9.975467538430127235e-01 6.999250253518476961e-02 8.039264191775182553e+02 -5.322639114085384732e-02 6.982780317910941559e-02 9.961380572939178002e-01 -2.581666349001992344e+01
-9.985242579254814954e-01 -5.492691721947432458e-03 -5.402903545330649954e-02 -5.835214933560948793e+02 1.721096931932357106e-03 -9.975730002720116785e-01 6.960708982315344517e-02 8.039180112924902915e+02 -5.428023728501835121e-02 6.941137850486260585e-02 9.961102932779768437e-01 -2.584675926874174223e+01
-9.985250362002187074e-01 -6.163886102268846534e-03 -5.394217820472932412e-02 -5.842177133824895918e+02 2.404088894225600223e-03 -9.975797730401162466e-01 6.948968828408529086e-02 8.039145200762466175e+02 -5.423995241462864492e-02 6.925751171785575477e-02 9.961231975176113584e-01 -2.587068051571190352e+01
-9.985369834604786998e-01 -6.710432804381188075e-03 -5.365503474256633903e-02 -5.849048970702181123e+02 2.949836237585557082e-03 -9.975522535239129684e-01 6.986272221675117466e-02 8.039228959999052222e+02 -5.399250992331756233e-02 6.960223833283950279e-02 9.961126127558265209e-01 -2.590334762271761448e+01
-9.985377947688857114e-01 -7.523923144195883601e-03 -5.353188768024961380e-02 -5.855785629845515814e+02 3.748708266088822752e-03 -9.975204972547765392e-01 7.027663013349436105e-02 8.039284954409689590e+02 -5.392791118174691811e-02 6.997319584744172982e-02 9.960901225584305463e-01 -2.592577685380091523e+01
-9.985041414062449938e-01 -8.283541314609269360e-03 -5.404500474481422484e-02 -5.862489712347123714e+02 4.491187020375390394e-03 -9.975426343367270743e-01 6.991796564325612751e-02 8.039204976499761415e+02 -5.449136476292223974e-02 6.957065202966471185e-02 9.960876545477519439e-01 -2.594814752385129708e+01
-9.984473113473631978e-01 -8.833486801648155612e-03 -5.499941794371150661e-02 -5.869002434232077121e+02 5.000465173946535072e-03 -9.975733560702666480e-01 6.944346338389023598e-02 8.039202295750872054e+02 -5.547938185728186478e-02 6.906061663227935910e-02 9.960686067832392743e-01 -2.598274296474480138e+01
-9.984204101847946600e-01 -8.884593189937929625e-03 -5.547745965954094943e-02 -5.875338404701431045e+02 5.015547474577893017e-03 -9.975697288578326827e-01 6.949446272935104474e-02 8.039272187433172121e+02 -5.596006442059320296e-02 6.910644015111913618e-02 9.960385389731077899e-01 -2.601431993667355158e+01
-9.984001473095174273e-01 -9.237991258179456197e-03 -5.578355823939649266e-02 -5.881515891719457159e+02 5.317394361288456210e-03 -9.975309994979099093e-01 7.002592632666873596e-02 8.039413423191168704e+02 -5.629272750134672182e-02 6.961727198199663125e-02 9.959842188871488311e-01 -2.603848026752020672e+01
-9.984075423466722832e-01 -9.967315618103947394e-03 -5.552505744839559415e-02 -5.887622328667397369e+02 6.034342300343872867e-03 -9.974896500124772469e-01 7.055483563150471982e-02 8.039399816769964673e+02 -5.608891243624547496e-02 7.010742284063410656e-02 9.959613361794542596e-01 -2.605142727658456892e+01
-9.984414940693999707e-01 -1.069145455971397783e-02 -5.477477265915460525e-02 -5.893622829057710533e+02 6.819433270701416756e-03 -9.974958758954898252e-01 7.039511986889969430e-02 8.039354663353914248e+02 -5.539023605592369170e-02 6.991187575003172949e-02 9.960141823180940213e-01 -2.607120913442146559e+01
-9.984628294247774871e-01 -1.122155842272821481e-02 -5.427757256578093908e-02 -5.899500658241440760e+02 7.408252952701329871e-03 -9.975227592168377511e-01 6.995328893351791810e-02 8.039428301884314578e+02 -5.492809886803940583e-02 6.944365680890332571e-02 9.960725287265734806e-01 -2.610413339738508753e+01
-9.984336842033392223e-01 -1.182792399698222134e-02 -5.468343864524555925e-02 -5.905085129083424818e+02 8.006295377626615820e-03 -9.975439333108291340e-01 6.958448353682684939e-02 8.039525565582978288e+02 -5.537217245578249236e-02 6.903768049900242676e-02 9.960761623434448708e-01 -2.613234858368080182e+01
-9.983855529139942231e-01 -1.255902900750246846e-02 -5.539457124129506388e-02 -5.910478314547773380e+02 8.685463783052809264e-03 -9.975356872510660056e-01 6.962122793672378962e-02 8.039543367707117341e+02 -5.613243671435864945e-02 6.902770060586312095e-02 9.960342996591915465e-01 -2.616069669721630220e+01
-9.983025125236142383e-01 -1.398350025415920003e-02 -5.653808636380766584e-02 -5.915852665217327058e+02 1.000007282691683409e-02 -9.974874219624917382e-01 7.013445351664994443e-02 8.039570237193531739e+02 -5.737675515830260864e-02 6.945001617900960211e-02 9.959340355767744013e-01 -2.618263577473269876e+01
-9.981363021959337445e-01 -1.561184488895070617e-02 -5.899315670305662479e-02 -5.921132954626986020e+02 1.137687716224241447e-02 -9.973790647554120481e-01 7.145325642443033087e-02 8.039629304699370778e+02 -5.995405661557270255e-02 7.064893125011505182e-02 9.956978656241827208e-01 -2.619551573105160713e+01
-9.979578698011188909e-01 -1.727357924212430743e-02 -6.149563856225319369e-02 -5.926185467909233466e+02 1.280568105606465744e-02 -9.972992307430762482e-01 7.232052884181404406e-02 8.039803475289260177e+02 -6.257878741797073818e-02 7.138534737209982495e-02 9.954838158131257275e-01 -2.620524899132928098e+01
-9.978714331479168198e-01 -1.906078806450674235e-02 -6.236416651958317375e-02 -5.930816868937830577e+02 1.452046249683505708e-02 -9.972653787335609143e-01 7.246323583918828914e-02 8.039947326305674551e+02 -6.357483052435412840e-02 7.140343645629225466e-02 9.954194041639090607e-01 -2.622205014980137250e+01
-9.978583014987948419e-01 -2.107135568475134238e-02 -6.192582740300826144e-02 -5.935208602592880425e+02 1.663993514185533457e-02 -9.973215239552807310e-01 7.122422631374858426e-02 8.039936776900625546e+02 -6.326075156378811737e-02 7.004124374341111348e-02 9.955361879341508846e-01 -2.624827266675527682e+01
-9.979190983370037626e-01 -2.354492876267500617e-02 -6.002590693877533218e-02 -5.939718025627978477e+02 1.932261368149570252e-02 -9.973614856075927460e-01 6.997645051824381845e-02 8.040018122550955013e+02 -6.151511826191696092e-02 6.867097899533039507e-02 9.957410239962224408e-01 -2.628609291959362437e+01
-9.980092368809695413e-01 -2.607500703372702192e-02 -5.742523059123472162e-02 -5.944215863867436838e+02 2.203110252504070568e-02 -9.973064150802398720e-01 6.996102458749525743e-02 8.040194991530013340e+02 -5.909478506430611289e-02 6.855660761729723274e-02 9.958954754040263424e-01 -2.631612762094480473e+01
-9.980264944795801396e-01 -2.846363642441634978e-02 -5.597265152107172570e-02 -5.948376663090599550e+02 2.445448479623765076e-02 -9.971728342912234977e-01 7.105150754881801867e-02 8.040358691303355272e+02 -5.783679183833829313e-02 6.954250465080906440e-02 9.959009717621232216e-01 -2.632648015528863183e+01
-9.979930964408779692e-01 -3.046576554846555998e-02 -5.551231021939849464e-02 -5.952326698958720499e+02 2.641820983886680393e-02 -9.970372091086707744e-01 7.224182889229055493e-02 8.040471032560817548e+02 -5.754874147414873464e-02 7.063031064875271992e-02 9.958411025722940790e-01 -2.632165690686055015e+01
-9.979438460085779949e-01 -3.238346020497635119e-02 -5.531176835684011722e-02 -5.956078598567544304e+02 2.829137742958665741e-02 -9.969139377220079812e-01 7.322703557251114548e-02 8.040569712022019075e+02 -5.751241758737583865e-02 7.151162339615743657e-02 9.957803018449911114e-01 -2.633918236419231107e+01
-9.978210962621734126e-01 -3.449385582364095787e-02 -5.624263298044313714e-02 -5.959798731545146211e+02 3.036313688136271435e-02 -9.968905510057680663e-01 7.271388611634060917e-02 8.040690129245930393e+02 -5.857593168596284677e-02 7.084774679433630817e-02 9.957657641239165969e-01 -2.635075834871307876e+01
-9.976096018897533391e-01 -3.696491787438596632e-02 -5.838387674613745859e-02 -5.963543038252449833e+02 3.273029183346550658e-02 -9.968752229003304821e-01 7.189240546756836547e-02 8.040867224651287870e+02 -6.085893700899194098e-02 6.980963267312736975e-02 9.957021668009862214e-01 -2.637827011897798357e+01
-9.974570159176365802e-01 -3.923763683100423005e-02 -5.949713650758513273e-02 -5.966929912081448037e+02 3.501289018701251449e-02 -9.968999644270256644e-01 7.045962280730440341e-02 8.040944256802047221e+02 -6.207736235888408616e-02 6.819727840107425720e-02 9.957386867553406073e-01 -2.640505960835454857e+01
-9.974844521550516596e-01 -4.141504157676244996e-02 -5.752879313988448068e-02 -5.970178720758207191e+02 3.737503920929375473e-02 -9.968739211286805624e-01 6.960956699788845015e-02 8.041028318385133389e+02 -6.023183670651535704e-02 6.728431990237254690e-02 9.959141258874858460e-01 -2.642000397129539024e+01
-9.975332375608290114e-01 -4.330067954411290221e-02 -5.524935395486181566e-02 -5.973201713904895769e+02 3.942970191474350072e-02 -9.968144192686684280e-01 6.932757131893949043e-02 8.041143243229206519e+02 -5.807528362673772260e-02 6.697809111258853920e-02 9.960628477875219655e-01 -2.642823627879310067e+01
-9.974481460827536727e-01 -4.556299409379787474e-02 -5.496552960980417846e-02 -5.976252904101463628e+02 4.167560120207017271e-02 -9.966824354416293774e-01 6.990899188651619744e-02 8.041407884359159652e+02 -5.796844090126732768e-02 6.743987285984101576e-02 9.960379126359220070e-01 -2.644223008788630835e+01
-9.972602330592673647e-01 -4.831844396081513143e-02 -5.601210165474481556e-02 -5.979202759138491956e+02 4.433027758741029528e-02 -9.965346738256405379e-01 7.038089479573254870e-02 8.041603181967618639e+02 -5.921869677389936248e-02 6.770503553230290683e-02 9.959463711043735623e-01 -2.645221163858925451e+01
-9.971693917309735200e-01 -5.120747678291221600e-02 -5.505450496015996259e-02 -5.981987937679223251e+02 4.721684934914566201e-02 -9.963229324056241953e-01 7.149254157042354840e-02 8.041680906953646399e+02 -5.851301848666541627e-02 6.869067392438484021e-02 9.959205881913443248e-01 -2.647371955461216331e+01
-9.972322391855134027e-01 -5.385644037416503771e-02 -5.125763318054444434e-02 -5.984671523999496685e+02 5.010034455861863550e-02 -9.961499707696985784e-01 7.193880184321510551e-02 8.041798220731772062e+02 -5.493465758658124670e-02 6.917166736282774619e-02 9.960910921346959324e-01 -2.647324884108579823e+01
-9.972049190599138191e-01 -5.659281914263675217e-02 -4.878116669576652159e-02 -5.987182170576347744e+02 5.302372177083427424e-02 -9.960237278552435125e-01 7.159063122304222537e-02 8.041976667246495936e+02 -5.263871514655826811e-02 6.880397060368886875e-02 9.962405228140874813e-01 -2.648293757399701676e+01
-9.970326591908096336e-01 -5.942433204359250098e-02 -4.893490848132973914e-02 -5.989607307443523041e+02 5.587504545395174937e-02 -9.959132487691895186e-01 7.095618522382736437e-02 8.042157947617074569e+02 -5.295144759515142685e-02 6.801139380406888424e-02 9.962783719977093000e-01 -2.648864045156478753e+01
-9.968052323303628892e-01 -6.246078794353210339e-02 -4.977930060060120621e-02 -5.991991277319516485e+02 5.889909984347192762e-02 -9.958022596762554635e-01 7.006251252483809699e-02 8.042310470934384057e+02 -5.394649976078724068e-02 6.690672307875709934e-02 9.962997869970774412e-01 -2.650949254378743802e+01
-9.965886375896325644e-01 -6.587473792034610753e-02 -4.971525250027374748e-02 -5.994249825388820909e+02 6.233914304206325530e-02 -9.956254076628227034e-01 6.959798029411566611e-02 8.042481203237983891e+02 -5.408251724930548954e-02 6.626135012331592355e-02 9.963355432823893798e-01 -2.652652636205052517e+01
-9.964556402905202503e-01 -6.879221053584028134e-02 -4.841269154676885317e-02 -5.996387990582268230e+02 6.535557507683077694e-02 -9.954521339757127496e-01 6.930871351840763028e-02 8.042618709313118188e+02 -5.296041672406553991e-02 6.589901920964073845e-02 9.964198480197093977e-01 -2.653213537384063869e+01
-9.963582954434996308e-01 -7.151746698108123190e-02 -4.642627507709831680e-02 -5.998368829343409061e+02 6.820326339415362649e-02 -9.952530558954221229e-01 6.942384023670986060e-02 8.042834808094045229e+02 -5.117090934615232956e-02 6.600459565389725503e-02 9.965063629446896387e-01 -2.654293686642011352e+01
-9.961922911790062063e-01 -7.449854276697950861e-02 -4.528671020419770127e-02 -6.000199773845465643e+02 7.120170514387925975e-02 -9.949669266561826930e-01 7.050625536046557784e-02 8.043015040171895862e+02 -5.031139215055099867e-02 6.701329708309862465e-02 9.964828055886995051e-01 -2.654211947051870268e+01
-9.959983179366374006e-01 -7.726072775542179583e-02 -4.492360864948576060e-02 -6.001972386778635382e+02 7.394253990366787821e-02 -9.947070736996248552e-01 7.134660695873726310e-02 8.043154299443662012e+02 -5.019812207626920403e-02 6.773933479620727893e-02 9.964394266895422181e-01 -2.654011641690594203e+01
-9.957907221490840399e-01 -7.996348335283096076e-02 -4.479597093364094673e-02 -6.003719119717186459e+02 7.664745093281871702e-02 -9.944980316284594002e-01 7.140611565280637063e-02 8.043319984164468224e+02 -5.025938665868510263e-02 6.767205048764479702e-02 9.964409102578489774e-01 -2.654552880863640496e+01
-9.955797147359771726e-01 -8.248856845486440825e-02 -4.490732323906002771e-02 -6.005306162668506431e+02 7.919017818765819450e-02 -9.943389265060105231e-01 7.084500627060678901e-02 8.043469187572908368e+02 -5.049700273122360861e-02 6.697563220412722229e-02 9.964759492361169313e-01 -2.656116483501583048e+01
-9.954041929116922427e-01 -8.469628202345581836e-02 -4.468817008141891256e-02 -6.006698642856214292e+02 8.142067476939725268e-02 -9.941740106302237034e-01 7.063080282364490869e-02 8.043594066637197102e+02 -5.040998367306433192e-02 6.666765631713636453e-02 9.965010070979665180e-01 -2.657507917483096804e+01
-9.952188486051697369e-01 -8.695829052702375161e-02 -4.447132884925089624e-02 -6.007953328293665436e+02 8.367617338760871548e-02 -9.939610746300220345e-01 7.099070451502302592e-02 8.043774787596703391e+02 -5.037600012116199427e-02 6.693009658554373298e-02 9.964851332472766110e-01 -2.657539656547825402e+01
-9.950204947948497747e-01 -8.941189266907532962e-02 -4.404234766161330139e-02 -6.009263396154119619e+02 8.612117624783804937e-02 -9.937033736713352106e-01 7.167111102736045680e-02 8.043926659285823462e+02 -5.017327914240270886e-02 6.752124557160640861e-02 9.964554799169692556e-01 -2.657035615284738839e+01
-9.948597419040986489e-01 -9.152588189438384814e-02 -4.332559153624937487e-02 -6.010487151253091724e+02 8.827555935758370220e-02 -9.935066734460699100e-01 7.177684472189088671e-02 8.044021969664679546e+02 -4.961370333502964497e-02 6.758330238735026085e-02 9.964792911444791956e-01 -2.657060128446424940e+01
-9.947080394703312622e-01 -9.348590209060701761e-02 -4.261809854270651871e-02 -6.011590978240144523e+02 9.029814299946307965e-02 -9.933503096682029243e-01 7.142413914731300661e-02 8.044085859191144436e+02 -4.901185146409909460e-02 6.719783026550524285e-02 9.965351423927154562e-01 -2.658397286330497877e+01
-9.945689278704894498e-01 -9.526100739258079597e-02 -4.192836969279725018e-02 -6.012661684769284420e+02 9.213794739436077796e-02 -9.932119074538983128e-01 7.099792632002593917e-02 8.044276547060977691e+02 -4.840709002304526692e-02 6.674913754004987987e-02 9.965948556324984997e-01 -2.660143721432823938e+01
-9.944417123338133990e-01 -9.689711664407854586e-02 -4.119016334827001191e-02 -6.013593273822533547e+02 9.381405715547809498e-02 -9.930443773069987934e-01 7.114623938750833099e-02 8.044419452509927169e+02 -4.779752557007527214e-02 6.688657178402705739e-02 9.966150626316854222e-01 -2.660803388932869495e+01
-9.942948916310581087e-01 -9.861609893107665947e-02 -4.065136538910611719e-02 -6.014448054673193838e+02 9.555695140257645936e-02 -9.928634574312845684e-01 7.135141159249903942e-02 8.044411976286003210e+02 -4.739765305400819861e-02 6.705982351015155052e-02 9.966225175841449957e-01 -2.660461746968235630e+01
-9.941100929455770618e-01 -1.004985761789428805e-01 -4.056056323254857154e-02 -6.015448333873735010e+02 9.744933504054234530e-02 -9.926893421696375563e-01 7.121444406136211158e-02 8.044467401366322292e+02 -4.742098906489049942e-02 6.684239768902647261e-02 9.966360136315011164e-01 -2.659637972497558067e+01
-9.939492735955646197e-01 -1.020611888165777054e-01 -4.059994157872975906e-02 -6.016351667409927586e+02 9.903835633624408219e-02 -9.925788988496039300e-01 7.055872400152476964e-02 8.044579859428913551e+02 -4.749995255855025966e-02 6.611084098584048274e-02 9.966810478839659426e-01 -2.659578982645039247e+01
-9.938506653993429696e-01 -1.030654566765653035e-01 -4.047674054731143639e-02 -6.017064326499925073e+02 1.000854501900969029e-01 -9.925274628406521860e-01 6.980070320092676694e-02 8.044620724309997968e+02 -4.736831795123129518e-02 6.532034252167764898e-02 9.967394320018255760e-01 -2.660897418139427373e+01
-9.937585845210830104e-01 -1.042869088848954323e-01 -3.959944855534060920e-02 -6.017618853909322070e+02 1.013997512737825762e-01 -9.924495811384922428e-01 6.900666155993313844e-02 8.044685579298435414e+02 -4.649694755861460277e-02 6.456058808023404372e-02 9.968299575827694881e-01 -2.662098312022255797e+01
-9.936535941872505218e-01 -1.055035994122998783e-01 -3.900673364700127377e-02 -6.018301509007702634e+02 1.026636032112996783e-01 -9.923353562824207552e-01 6.878026786451663099e-02 8.044783588400312055e+02 -4.596432675925913452e-02 6.433918854703413182e-02 9.968689730765409873e-01 -2.662239514480299718e+01
-9.935560447985183341e-01 -1.064892544214182807e-01 -3.881268526004331282e-02 -6.018925341022344355e+02 1.036455195121394057e-01 -9.922107216572830790e-01 6.910492105048039735e-02 8.044884608291692984e+02 -4.586929397084121146e-02 6.463685110759077868e-02 9.968540943134616139e-01 -2.662003963012432450e+01
-9.934646484254494592e-01 -1.073208569858709188e-01 -3.886162612033484953e-02 -6.019406217718029666e+02 1.044655684706571330e-01 -9.921137394828243306e-01 6.926234859943544708e-02 8.044888160195929458e+02 -4.598844782117436636e-02 6.474999293610407547e-02 9.968412617271487086e-01 -2.661417048031541910e+01
-9.933718003235195715e-01 -1.081247232269413744e-01 -3.900654495218918577e-02 -6.019763648976139621e+02 1.052683868734103495e-01 -9.920430830253709198e-01 6.905858488694914532e-02 8.044917915429285813e+02 -4.616311348988309110e-02 6.449469473232109784e-02 9.968497385786411202e-01 -2.661703768932749270e+01
-9.933057818700996577e-01 -1.087510070368331166e-01 -3.894665803255616815e-02 -6.020074642798513196e+02 1.059070029634508331e-01 -9.919890817293401941e-01 6.885759546397469955e-02 8.045000204673114013e+02 -4.612299238698414766e-02 6.427192387236792259e-02 9.968659836582924871e-01 -2.662467081780002687e+01
-9.932703173925077067e-01 -1.091520418361639488e-01 -3.872865024737721928e-02 -6.020393934092658128e+02 1.063311632096405335e-01 -9.919581821763285845e-01 6.864873301029972286e-02 8.044976013261540402e+02 -4.591035087507101820e-02 6.406868639539091415e-02 9.968888820255229488e-01 -2.662739238999349567e+01
-9.932416699737536270e-01 -1.094673683747649229e-01 -3.857305132930134023e-02 -6.020609467186978918e+02 1.066567667472249903e-01 -9.919242919141451065e-01 6.863332439602931601e-02 8.045009941854747240e+02 -4.577465603123007792e-02 6.405540080060441455e-02 9.968959757635179608e-01 -2.662520692630360841e+01
-9.932121478619497790e-01 -1.096938274920487011e-01 -3.868970857472842778e-02 -6.020724056490596467e+02 1.068636742648705895e-01 -9.918843126281073896e-01 6.888879070559518480e-02 8.045062336564012639e+02 -4.593239011922169851e-02 6.428665936578391304e-02 9.968738340259130082e-01 -2.662354038320509986e+01
-9.932063923981372389e-01 -1.097286164864685609e-01 -3.873877674170003033e-02 -6.020835014053834584e+02 1.068939660781777906e-01 -9.918791047616181134e-01 6.891677265636537986e-02 8.045087952756621235e+02 -4.598632531041307869e-02 6.430763765881380989e-02 9.968699943438902311e-01 -2.662446049274845450e+01
-9.931975611136010240e-01 -1.097746512945139002e-01 -3.883465631575591659e-02 -6.020846653400228661e+02 1.069375383817762620e-01 -9.918800792746967909e-01 6.883510167689264880e-02 8.045112011698442984e+02 -4.607567126848087502e-02 6.421397255418723193e-02 9.968719066389467587e-01 -2.662558340423712622e+01
-9.932020268111028116e-01 -1.097283835653918571e-01 -3.885120047622465933e-02 -6.020790441848967021e+02 1.068959155978919523e-01 -9.918930371850359640e-01 6.871292463819272944e-02 8.045147720953373209e+02 -4.607599338924666527e-02 6.409278137178822665e-02 9.968796909402971584e-01 -2.662333828813328296e+01
-9.932371726394518818e-01 -1.096346077146590353e-01 -3.821219279811854941e-02 -6.020724256081160775e+02 1.068541444529597928e-01 -9.919139715683744640e-01 6.847528620371551300e-02 8.045135292275922438e+02 -4.541046906181157861e-02 6.392906849554112758e-02 9.969207408319272767e-01 -2.662556065673879147e+01
-9.932645224429298425e-01 -1.096722879216512347e-01 -3.738419075289840104e-02 -6.020684396219440941e+02 1.069552260340498884e-01 -9.919190937803402663e-01 6.824288254458854563e-02 8.045103166085011708e+02 -4.456644567635990872e-02 6.378479956870337919e-02 9.969680693300847496e-01 -2.662640901933615822e+01
-9.932583648342523386e-01 -1.097665028123701592e-01 -3.727110874563970694e-02 -6.020766103018928561e+02 1.070572555315786184e-01 -9.919091930113308475e-01 6.822680453939876377e-02 8.045128479646898541e+02 -4.445857313087798329e-02 6.377670170174211395e-02 9.969734036548886236e-01 -2.662750562701914703e+01
-9.932340233089985704e-01 -1.098439692997564415e-01 -3.768922060608203423e-02 -6.020809954512637887e+02 1.071003064048596937e-01 -9.918929048441790242e-01 6.839583092383751117e-02 8.045154131125827917e+02 -4.489654006050913110e-02 6.389653925097335541e-02 9.969461033387632121e-01 -2.662982542758940951e+01
-9.932250715986971068e-01 -1.098441095696062880e-01 -3.792398634932341722e-02 -6.020751876385305650e+02 1.070807106960020849e-01 -9.918878379925863964e-01 6.849991415492956426e-02 8.045188789328680059e+02 -4.514065290403348335e-02 6.397490473032342584e-02 9.969300542265459031e-01 -2.662517909651084480e+01
-9.932433069845425511e-01 -1.097643881284714185e-01 -3.767641476032993625e-02 -6.020740739128012819e+02 1.070219994834674809e-01 -9.919018885878928549e-01 6.838812062290310079e-02 8.045182182027307363e+02 -4.487788717142108391e-02 6.389383784493105067e-02 9.969471163148400095e-01 -2.662550311264347513e+01
-9.932566043523476385e-01 -1.097038214185678956e-01 -3.750185964198821803e-02 -6.020781864223910134e+02 1.069784082987060569e-01 -9.919153791289373467e-01 6.826053622242229946e-02 8.045153025308227370e+02 -4.468711300050324381e-02 6.378833916681216076e-02 9.969624414781231847e-01 -2.663064076646530509e+01
-9.932567104895260179e-01 -1.097109180844421106e-01 -3.747828065153475940e-02 -6.020781873923176590e+02 1.069875663843616875e-01 -9.919152582397181561e-01 6.824793850649131521e-02 8.045134149686115279e+02 -4.466282242176543987e-02 6.377801285947111432e-02 9.969641906151991417e-01 -2.663050250129313667e+01
-9.932363235828730597e-01 -1.098303435158150265e-01 -3.766830443193174005e-02 -6.020742795274902619e+02 1.070897655332320730e-01 -9.918966890382225898e-01 6.835744577622548945e-02 8.045070969975724893e+02 -4.487078819918344924e-02 6.386120824264378271e-02 9.969495265298909947e-01 -2.662458217430442176e+01
-9.932311721013287187e-01 -1.098550711047529410e-01 -3.773197740366256853e-02 -6.020702451594472677e+02 1.071077601685949815e-01 -9.918907284694399307e-01 6.841571813575746119e-02 8.045083123326768373e+02 -4.494181213399766478e-02 6.391123632769413199e-02 9.969431214433340793e-01 -2.662424146785203760e+01
-9.932397570138858933e-01 -1.097881828687881089e-01 -3.770066298311778447e-02 -6.020732892893707913e+02 1.070448549322560727e-01 -9.919004091740023510e-01 6.837380575176203734e-02 8.045115968169760663e+02 -4.490193892839514783e-02 6.387592021111698770e-02 9.969471814984252056e-01 -2.662805847381016378e+01
-9.932497658316924438e-01 -1.097112071816084694e-01 -3.766103681582101681e-02 -6.020776347671475150e+02 1.069726141830613236e-01 -9.919114119078966674e-01 6.832723279722033305e-02 8.045142703584693891e+02 -4.485267539545814003e-02 6.383730841473367335e-02 9.969518722406975897e-01 -2.662692151689937958e+01
-9.932499644593489885e-01 -1.097114456260440685e-01 -3.765510324173645951e-02 -6.020736977394394671e+02 1.069735997508123454e-01 -9.919118691340376159e-01 6.831905171600273496e-02 8.045090731190267661e+02 -4.484592576650909407e-02 6.382979374605908529e-02 9.969526570366721296e-01 -2.662480603012230063e+01
-9.932459824099632018e-01 -1.097440228466783352e-01 -3.766520776386530350e-02 -6.020700020133848511e+02 1.070040208110326213e-01 -9.919063430054347874e-01 6.835163667285276690e-02 8.045122184897970783e+02 -4.486154206822894064e-02 6.385965984103995907e-02 9.969500418216789006e-01 -2.662954141449056422e+01
-9.932450671914015983e-01 -1.097785466302258900e-01 -3.758865785983615815e-02 -6.020743375963974131e+02 1.070450224592789379e-01 -9.919044147949794832e-01 6.831540878105296644e-02 8.045139644643521706e+02 -4.478392196582325901e-02 6.383026406012465293e-02 9.969554141100663847e-01 -2.662994369483246615e+01
-9.932354238609955033e-01 -1.098515226951844587e-01 -3.763025045383625034e-02 -6.020747098270998094e+02 1.071124443557092965e-01 -9.918928514741156555e-01 6.837759471269755362e-02 8.045127233977809738e+02 -4.483655932176480036e-02 6.388438115923351923e-02 9.969495818706619605e-01 -2.662622279682779691e+01
-9.932355637599329379e-01 -1.098392812557625192e-01 -3.766227788790604131e-02 -6.020757086765698887e+02 1.070970462161242864e-01 -9.918927926070575385e-01 6.840256329959357173e-02 8.045105047263098186e+02 -4.487023037905731038e-02 6.390633980593066199e-02 9.969466596354789045e-01 -2.662634903046213353e+01
