0.0000 0.0000 0.0000 0.0000 0.0000 0.0000 0.0000 1.0000
1.0000 0.0038 -0.0023 0.0006 -0.0001 -0.0000 0.0001 1.0000
2.0000 0.0023 -0.0055 -0.0013 -0.0001 -0.0000 0.0001 1.0000
3.0000 -0.0005 -0.0071 -0.0014 -0.0000 -0.0000 0.0001 1.0000
4.0000 -0.0010 -0.0077 0.0007 0.0000 -0.0000 0.0002 1.0000
5.0000 0.0047 -0.0108 0.0001 -0.0000 -0.0000 0.0002 1.0000
6.0000 0.0094 -0.0092 -0.0012 -0.0001 0.0000 0.0002 1.0000
7.0000 0.0091 -0.0088 -0.0007 -0.0000 0.0001 0.0001 1.0000
8.0000 -0.0019 -0.0055 0.0009 0.0000 0.0001 -0.0001 1.0000
9.0000 -0.0307 -0.0018 0.0003 0.0000 0.0001 -0.0002 1.0000
10.0000 -0.0678 -0.0062 0.0006 -0.0000 0.0000 -0.0004 1.0000
11.0000 -0.0797 -0.0105 -0.0016 -0.0000 0.0000 -0.0015 1.0000
12.0000 -0.0885 -0.0037 -0.0009 -0.0000 0.0000 -0.0025 1.0000
13.0000 -0.1129 -0.0051 0.0021 0.0000 0.0001 -0.0038 1.0000
14.0000 -0.1616 -0.0144 0.0037 0.0000 0.0001 -0.0048 1.0000
15.0000 -0.2097 -0.0134 0.0015 0.0000 0.0001 -0.0059 1.0000
16.0000 -0.2380 -0.0131 -0.0000 0.0000 0.0001 -0.0075 1.0000
17.0000 -0.2592 -0.0182 -0.0025 0.0000 0.0001 -0.0096 1.0000
18.0000 -0.2928 -0.0266 -0.0032 0.0001 0.0002 -0.0118 0.9999
19.0000 -0.3466 -0.0364 -0.0021 0.0001 0.0002 -0.0138 0.9999
20.0000 -0.3998 -0.0421 -0.0012 0.0001 0.0002 -0.0164 0.9999
21.0000 -0.4532 -0.0397 -0.0047 0.0001 0.0002 -0.0190 0.9998
22.0000 -0.4913 -0.0553 -0.0094 0.0002 0.0001 -0.0218 0.9998
23.0000 -0.5324 -0.0702 -0.0140 0.0002 0.0001 -0.0244 0.9997
24.0000 -0.5689 -0.0834 -0.0145 0.0002 0.0001 -0.0268 0.9996
25.0000 -0.6145 -0.0916 -0.0163 0.0003 0.0001 -0.0289 0.9996
26.0000 -0.6532 -0.0871 -0.0177 0.0004 0.0002 -0.0314 0.9995
27.0000 -0.6974 -0.0765 -0.0197 0.0003 0.0002 -0.0339 0.9994
28.0000 -0.7422 -0.0831 -0.0208 0.0003 0.0002 -0.0370 0.9993
29.0000 -0.7862 -0.0988 -0.0234 0.0003 0.0002 -0.0408 0.9992
30.0000 -0.8411 -0.1013 -0.0239 0.0004 0.0002 -0.0448 0.9990
31.0000 -0.9041 -0.1074 -0.0290 0.0005 0.0002 -0.0496 0.9988
32.0000 -0.9570 -0.1244 -0.0441 0.0007 0.0001 -0.0548 0.9985
33.0000 -1.0304 -0.1286 -0.0592 0.0011 -0.0000 -0.0602 0.9982
34.0000 -1.1163 -0.1266 -0.0729 0.0013 -0.0004 -0.0654 0.9979
35.0000 -1.2186 -0.1306 -0.0869 0.0014 -0.0007 -0.0705 0.9975
36.0000 -1.2859 -0.1279 -0.0626 0.0033 -0.0025 -0.0764 0.9971
37.0000 -1.3578 -0.1232 -0.0471 0.0046 -0.0036 -0.0824 0.9966
38.0000 -1.4274 -0.1178 -0.0243 0.0065 -0.0046 -0.0884 0.9961
39.0000 -1.5159 -0.1011 0.0205 0.0086 -0.0055 -0.0945 0.9955
40.0000 -1.6250 -0.0860 0.0346 0.0088 -0.0057 -0.1007 0.9949
41.0000 -1.7221 -0.0760 0.0102 0.0071 -0.0054 -0.1072 0.9942
42.0000 -1.8145 -0.0847 -0.0467 0.0041 -0.0040 -0.1140 0.9935
43.0000 -1.9013 -0.0927 -0.0996 0.0008 -0.0018 -0.1210 0.9926
44.0000 -2.0006 -0.0861 -0.1210 -0.0016 0.0002 -0.1281 0.9918
45.0000 -2.0923 -0.0493 -0.0656 -0.0014 0.0007 -0.1352 0.9908
46.0000 -2.1863 -0.0290 -0.0318 -0.0018 0.0002 -0.1426 0.9898
47.0000 -2.2825 -0.0184 -0.0502 -0.0024 0.0004 -0.1504 0.9886
48.0000 -2.3833 -0.0160 -0.0799 -0.0026 0.0008 -0.1587 0.9873
49.0000 -2.4881 -0.0043 -0.0837 -0.0022 0.0009 -0.1674 0.9859
50.0000 -2.5850 0.0181 -0.0599 -0.0019 0.0010 -0.1763 0.9843
51.0000 -2.6751 0.0427 -0.0446 -0.0020 0.0013 -0.1854 0.9827
52.0000 -2.7782 0.0693 -0.0546 -0.0021 0.0018 -0.1949 0.9808
53.0000 -2.8910 0.0764 -0.0744 -0.0019 0.0023 -0.2048 0.9788
54.0000 -3.0000 0.0818 -0.0990 -0.0011 0.0027 -0.2148 0.9767
55.0000 -3.1018 0.1163 -0.0780 0.0022 0.0030 -0.2251 0.9743
56.0000 -3.2027 0.1548 -0.0172 0.0060 0.0033 -0.2354 0.9719
57.0000 -3.3002 0.1944 0.0162 0.0063 0.0034 -0.2452 0.9694
58.0000 -3.4137 0.2373 -0.0017 0.0016 0.0031 -0.2549 0.9670
59.0000 -3.5288 0.2945 -0.0574 -0.0058 0.0022 -0.2650 0.9642
60.0000 -3.6338 0.3337 -0.1069 -0.0111 0.0014 -0.2762 0.9610
61.0000 -3.7253 0.3444 -0.1263 -0.0120 0.0015 -0.2877 0.9577
62.0000 -3.8068 0.3655 -0.0796 -0.0092 0.0018 -0.2988 0.9543
63.0000 -3.9025 0.4154 -0.0139 -0.0064 0.0021 -0.3094 0.9509
64.0000 -3.9820 0.5022 0.0438 -0.0047 0.0021 -0.3197 0.9475
65.0000 -4.0719 0.5516 0.0114 -0.0079 0.0022 -0.3296 0.9441
66.0000 -4.1691 0.5821 -0.0609 -0.0117 0.0026 -0.3394 0.9406
67.0000 -4.2558 0.6011 -0.1222 -0.0141 0.0032 -0.3493 0.9369
68.0000 -4.3323 0.6403 -0.1017 -0.0135 0.0035 -0.3588 0.9333
69.0000 -4.3900 0.7048 -0.0293 -0.0116 0.0034 -0.3680 0.9297
70.0000 -4.4587 0.7765 0.0186 -0.0109 0.0034 -0.3770 0.9261
71.0000 -4.5366 0.8246 -0.0004 -0.0121 0.0038 -0.3858 0.9225
72.0000 -4.6158 0.8508 -0.0739 -0.0155 0.0047 -0.3946 0.9187
73.0000 -4.6839 0.8912 -0.1056 -0.0173 0.0054 -0.4034 0.9148
74.0000 -4.7523 0.9397 -0.0864 -0.0179 0.0065 -0.4121 0.9109
75.0000 -4.8012 1.0017 -0.0521 -0.0176 0.0075 -0.4208 0.9070
76.0000 -4.8529 1.0526 -0.0303 -0.0172 0.0084 -0.4290 0.9031
77.0000 -4.9238 1.0923 -0.0537 -0.0186 0.0092 -0.4368 0.8993
78.0000 -4.9784 1.1315 -0.0916 -0.0199 0.0094 -0.4441 0.8957
79.0000 -5.0216 1.1666 -0.0950 -0.0200 0.0092 -0.4504 0.8926
80.0000 -5.0604 1.2164 -0.0628 -0.0192 0.0092 -0.4557 0.8899
81.0000 -5.0929 1.2525 -0.0398 -0.0189 0.0093 -0.4603 0.8875
82.0000 -5.1196 1.2779 -0.0493 -0.0191 0.0094 -0.4640 0.8856
83.0000 -5.1447 1.2914 -0.0710 -0.0195 0.0094 -0.4665 0.8842
84.0000 -5.1647 1.3100 -0.0713 -0.0197 0.0092 -0.4681 0.8834
85.0000 -5.1690 1.3254 -0.0582 -0.0197 0.0093 -0.4689 0.8830
86.0000 -5.1581 1.3242 -0.0520 -0.0196 0.0093 -0.4688 0.8830
87.0000 -5.1513 1.3318 -0.0355 -0.0199 0.0097 -0.4685 0.8832
88.0000 -5.1615 1.3423 -0.0540 -0.0220 0.0109 -0.4685 0.8831
89.0000 -5.1618 1.3210 -0.1071 -0.0234 0.0115 -0.4689 0.8829
90.0000 -5.1546 1.3097 -0.1131 -0.0230 0.0111 -0.4692 0.8827
91.0000 -5.1485 1.3168 -0.0601 -0.0217 0.0107 -0.4694 0.8826
92.0000 -5.1497 1.3270 -0.0279 -0.0210 0.0106 -0.4695 0.8826
93.0000 -5.1531 1.3304 -0.0418 -0.0215 0.0107 -0.4694 0.8827
94.0000 -5.1542 1.3299 -0.0747 -0.0224 0.0109 -0.4694 0.8827
95.0000 -5.1544 1.3225 -0.0908 -0.0227 0.0109 -0.4695 0.8826
96.0000 -5.1470 1.3064 -0.0761 -0.0223 0.0108 -0.4696 0.8825
97.0000 -5.1346 1.2972 -0.0487 -0.0219 0.0106 -0.4696 0.8826
98.0000 -5.1260 1.2917 -0.0399 -0.0220 0.0104 -0.4697 0.8825
99.0000 -5.1158 1.2763 -0.0513 -0.0225 0.0104 -0.4700 0.8823
100.0000 -5.0856 1.2445 -0.0653 -0.0228 0.0104 -0.4709 0.8818
101.0000 -5.0613 1.1983 -0.0674 -0.0229 0.0104 -0.4722 0.8812
102.0000 -5.0489 1.1576 -0.0548 -0.0227 0.0101 -0.4739 0.8802
103.0000 -5.0173 1.1091 -0.0476 -0.0228 0.0095 -0.4761 0.8791
104.0000 -4.9818 1.0643 -0.0498 -0.0231 0.0086 -0.4787 0.8776
105.0000 -4.9554 1.0030 -0.0558 -0.0236 0.0077 -0.4823 0.8757
106.0000 -4.9202 0.9112 -0.0594 -0.0238 0.0066 -0.4867 0.8732
107.0000 -4.8783 0.8040 -0.0663 -0.0238 0.0050 -0.4917 0.8704
108.0000 -4.8343 0.7023 -0.0562 -0.0226 0.0035 -0.4970 0.8674
109.0000 -4.7819 0.5914 -0.0204 -0.0210 0.0023 -0.5028 0.8641
110.0000 -4.7239 0.4668 -0.0003 -0.0206 0.0015 -0.5083 0.8609
111.0000 -4.6614 0.3316 -0.0023 -0.0219 0.0016 -0.5136 0.8577
112.0000 -4.5928 0.1679 -0.0503 -0.0255 0.0016 -0.5186 0.8546
113.0000 -4.5107 -0.0002 -0.0861 -0.0277 0.0013 -0.5228 0.8520
114.0000 -4.4290 -0.1672 -0.0623 -0.0272 0.0009 -0.5261 0.8500
115.0000 -4.3465 -0.3460 -0.0255 -0.0268 0.0005 -0.5283 0.8486
116.0000 -4.2489 -0.5431 -0.0170 -0.0268 0.0006 -0.5293 0.8480
117.0000 -4.1445 -0.7415 -0.0217 -0.0258 0.0013 -0.5290 0.8483
118.0000 -4.0521 -0.9417 -0.0242 -0.0242 0.0021 -0.5274 0.8493
119.0000 -3.9474 -1.1446 -0.0131 -0.0214 0.0025 -0.5246 0.8511
120.0000 -3.8334 -1.3632 0.0045 -0.0192 0.0020 -0.5206 0.8536
121.0000 -3.7121 -1.5680 0.0376 -0.0176 0.0016 -0.5156 0.8566
122.0000 -3.5838 -1.7668 0.0519 -0.0182 0.0018 -0.5101 0.8599
123.0000 -3.4413 -1.9828 0.0264 -0.0199 0.0022 -0.5045 0.8632
124.0000 -3.2951 -2.2156 0.0008 -0.0211 0.0023 -0.4988 0.8664
125.0000 -3.1531 -2.4488 0.0078 -0.0207 0.0020 -0.4935 0.8695
126.0000 -2.9962 -2.6856 0.0480 -0.0196 0.0019 -0.4880 0.8726
127.0000 -2.8292 -2.9214 0.0760 -0.0190 0.0020 -0.4819 0.8760
128.0000 -2.6518 -3.1509 0.0699 -0.0195 0.0024 -0.4755 0.8795
129.0000 -2.4807 -3.3894 0.0466 -0.0206 0.0029 -0.4693 0.8828
130.0000 -2.3020 -3.6385 0.0379 -0.0209 0.0031 -0.4631 0.8861
131.0000 -2.1075 -3.8943 0.0585 -0.0204 0.0035 -0.4566 0.8894
132.0000 -1.9070 -4.1320 0.0769 -0.0195 0.0039 -0.4500 0.8928
133.0000 -1.7112 -4.3678 0.0796 -0.0190 0.0044 -0.4430 0.8963
134.0000 -1.5143 -4.6049 0.0808 -0.0189 0.0052 -0.4357 0.8999
135.0000 -1.3072 -4.8237 0.0849 -0.0191 0.0057 -0.4279 0.9036
136.0000 -1.1005 -5.0311 0.0911 -0.0194 0.0062 -0.4201 0.9072
137.0000 -0.8924 -5.2596 0.0946 -0.0198 0.0069 -0.4125 0.9107
138.0000 -0.6781 -5.4805 0.0889 -0.0200 0.0074 -0.4049 0.9141
139.0000 -0.4634 -5.6803 0.0976 -0.0203 0.0078 -0.3973 0.9174
140.0000 -0.2572 -5.8763 0.0999 -0.0207 0.0079 -0.3898 0.9206
141.0000 -0.0450 -6.0660 0.1033 -0.0207 0.0080 -0.3822 0.9238
142.0000 0.1680 -6.2475 0.1082 -0.0207 0.0079 -0.3749 0.9268
143.0000 0.3714 -6.4227 0.1075 -0.0205 0.0078 -0.3677 0.9297
144.0000 0.5767 -6.5946 0.1078 -0.0206 0.0077 -0.3606 0.9325
145.0000 0.7767 -6.7573 0.1143 -0.0209 0.0077 -0.3535 0.9352
146.0000 0.9839 -6.9097 0.1183 -0.0213 0.0079 -0.3465 0.9378
147.0000 1.1899 -7.0649 0.1128 -0.0217 0.0078 -0.3399 0.9402
148.0000 1.4012 -7.2094 0.1130 -0.0219 0.0077 -0.3331 0.9426
149.0000 1.5998 -7.3498 0.1193 -0.0220 0.0076 -0.3264 0.9449
150.0000 1.7936 -7.4829 0.1260 -0.0222 0.0075 -0.3198 0.9472
151.0000 1.9927 -7.6134 0.1236 -0.0224 0.0073 -0.3132 0.9494
152.0000 2.1836 -7.7507 0.1174 -0.0225 0.0070 -0.3067 0.9515
153.0000 2.3789 -7.8730 0.1171 -0.0224 0.0066 -0.3002 0.9536
154.0000 2.5868 -7.9918 0.1293 -0.0224 0.0064 -0.2934 0.9557
155.0000 2.7897 -8.1132 0.1338 -0.0224 0.0063 -0.2859 0.9580
156.0000 3.0026 -8.2370 0.1360 -0.0225 0.0062 -0.2780 0.9603
157.0000 3.2065 -8.3316 0.1340 -0.0227 0.0062 -0.2701 0.9625
158.0000 3.4135 -8.4335 0.1298 -0.0231 0.0062 -0.2620 0.9648
159.0000 3.6341 -8.5486 0.1289 -0.0236 0.0060 -0.2540 0.9669
160.0000 3.8600 -8.6443 0.1326 -0.0244 0.0062 -0.2461 0.9689
161.0000 4.0813 -8.7503 0.1327 -0.0250 0.0067 -0.2382 0.9709
162.0000 4.2984 -8.8468 0.1308 -0.0254 0.0070 -0.2300 0.9728
163.0000 4.5165 -8.9384 0.1280 -0.0250 0.0073 -0.2214 0.9748
164.0000 4.7324 -9.0133 0.1345 -0.0248 0.0073 -0.2128 0.9768
165.0000 4.9574 -9.0855 0.1465 -0.0252 0.0074 -0.2043 0.9786
166.0000 5.1926 -9.1729 0.1379 -0.0256 0.0075 -0.1959 0.9803
167.0000 5.4320 -9.2523 0.1296 -0.0257 0.0077 -0.1875 0.9819
168.0000 5.6541 -9.3178 0.1341 -0.0256 0.0075 -0.1787 0.9835
169.0000 5.8882 -9.3825 0.1408 -0.0255 0.0074 -0.1698 0.9851
170.0000 6.1405 -9.4436 0.1418 -0.0260 0.0072 -0.1607 0.9866
171.0000 6.3962 -9.5095 0.1319 -0.0264 0.0072 -0.1515 0.9881
172.0000 6.6514 -9.5732 0.1242 -0.0267 0.0073 -0.1421 0.9895
173.0000 6.9105 -9.6291 0.1230 -0.0267 0.0073 -0.1326 0.9908
174.0000 7.1941 -9.6801 0.1323 -0.0267 0.0071 -0.1231 0.9920
175.0000 7.4817 -9.7233 0.1378 -0.0268 0.0069 -0.1139 0.9931
176.0000 7.7756 -9.7856 0.1270 -0.0270 0.0067 -0.1055 0.9940
177.0000 8.0820 -9.8349 0.1219 -0.0271 0.0065 -0.0979 0.9948
178.0000 8.4092 -9.8840 0.1202 -0.0264 0.0064 -0.0906 0.9955
179.0000 8.7336 -9.9199 0.1238 -0.0256 0.0065 -0.0828 0.9962
180.0000 9.0585 -9.9596 0.1301 -0.0254 0.0064 -0.0746 0.9969
181.0000 9.4015 -9.9957 0.1208 -0.0259 0.0061 -0.0661 0.9975
182.0000 9.7510 -10.0182 0.1027 -0.0266 0.0060 -0.0572 0.9980
183.0000 10.0976 -10.0238 0.1020 -0.0266 0.0062 -0.0484 0.9985
184.0000 10.4570 -10.0535 0.1015 -0.0257 0.0069 -0.0399 0.9988
185.0000 10.8258 -10.0690 0.1035 -0.0246 0.0077 -0.0315 0.9992
186.0000 11.2004 -10.0616 0.1030 -0.0241 0.0082 -0.0233 0.9994
187.0000 11.5956 -10.0624 0.1030 -0.0243 0.0080 -0.0154 0.9996
188.0000 12.0006 -10.0633 0.0988 -0.0252 0.0078 -0.0076 0.9996
189.0000 12.3973 -10.0473 0.0804 -0.0258 0.0080 0.0001 0.9996
190.0000 12.7837 -10.0210 0.0642 -0.0253 0.0082 0.0075 0.9996
191.0000 13.1833 -10.0032 0.0671 -0.0244 0.0072 0.0148 0.9996
192.0000 13.5949 -9.9934 0.0859 -0.0243 0.0054 0.0224 0.9994
193.0000 14.0124 -9.9627 0.0843 -0.0251 0.0043 0.0300 0.9992
194.0000 14.4409 -9.9234 0.0532 -0.0255 0.0047 0.0377 0.9990
195.0000 14.8808 -9.8714 0.0359 -0.0239 0.0053 0.0455 0.9987
196.0000 15.3050 -9.8037 0.0549 -0.0215 0.0045 0.0539 0.9983
197.0000 15.7349 -9.7188 0.0851 -0.0207 0.0035 0.0625 0.9978
198.0000 16.1870 -9.6506 0.0772 -0.0216 0.0028 0.0711 0.9972
199.0000 16.6548 -9.5898 0.0443 -0.0223 0.0021 0.0797 0.9966
200.0000 17.1012 -9.4919 0.0300 -0.0210 0.0010 0.0885 0.9959
201.0000 17.5576 -9.3879 0.0499 -0.0198 -0.0008 0.0973 0.9951
202.0000 18.0267 -9.2755 0.0658 -0.0194 -0.0021 0.1063 0.9941
203.0000 18.4874 -9.1589 0.0592 -0.0199 -0.0017 0.1148 0.9932
204.0000 18.9710 -9.0252 0.0394 -0.0201 -0.0009 0.1226 0.9922
205.0000 19.4736 -8.8883 0.0412 -0.0199 -0.0004 0.1303 0.9913
206.0000 19.9683 -8.7391 0.0602 -0.0197 -0.0004 0.1371 0.9904
207.0000 20.4514 -8.5723 0.0607 -0.0199 0.0000 0.1429 0.9895
208.0000 20.9333 -8.4089 0.0472 -0.0205 0.0008 0.1481 0.9888
209.0000 21.4448 -8.2385 0.0392 -0.0212 0.0016 0.1527 0.9880
210.0000 21.9670 -8.0809 0.0417 -0.0216 0.0018 0.1562 0.9875
211.0000 22.4937 -7.9245 0.0417 -0.0218 0.0017 0.1591 0.9870
212.0000 23.0240 -7.7392 0.0408 -0.0213 0.0014 0.1616 0.9866
213.0000 23.5382 -7.5434 0.0378 -0.0200 0.0010 0.1637 0.9863
214.0000 24.0629 -7.3416 0.0322 -0.0185 0.0009 0.1658 0.9860
215.0000 24.5922 -7.1536 0.0428 -0.0178 0.0013 0.1680 0.9856
216.0000 25.1301 -6.9640 0.0466 -0.0183 0.0012 0.1700 0.9853
217.0000 25.6942 -6.7774 0.0241 -0.0191 0.0004 0.1714 0.9850
218.0000 26.2660 -6.5937 0.0093 -0.0187 -0.0002 0.1731 0.9847
219.0000 26.7952 -6.3698 0.0185 -0.0152 -0.0003 0.1750 0.9844
220.0000 27.3396 -6.1464 0.0515 -0.0129 -0.0000 0.1766 0.9842
221.0000 27.8921 -5.9322 0.0617 -0.0137 0.0003 0.1775 0.9840
222.0000 28.4624 -5.7386 0.0329 -0.0157 0.0003 0.1781 0.9839
223.0000 29.0294 -5.5384 0.0062 -0.0160 0.0003 0.1784 0.9838
224.0000 29.5862 -5.3266 0.0212 -0.0132 0.0004 0.1780 0.9839
225.0000 30.1459 -5.1116 0.0626 -0.0107 0.0004 0.1767 0.9842
226.0000 30.7167 -4.9113 0.0766 -0.0106 0.0003 0.1746 0.9846
227.0000 31.2951 -4.7148 0.0448 -0.0122 0.0003 0.1715 0.9851
228.0000 31.8776 -4.5230 0.0108 -0.0130 0.0005 0.1679 0.9857
229.0000 32.4594 -4.3304 0.0181 -0.0108 0.0009 0.1642 0.9864
230.0000 33.0409 -4.1335 0.0591 -0.0077 0.0012 0.1606 0.9870
231.0000 33.6250 -3.9379 0.0900 -0.0060 0.0010 0.1573 0.9875
232.0000 34.2192 -3.7514 0.0856 -0.0056 0.0006 0.1539 0.9881
233.0000 34.8104 -3.5814 0.0549 -0.0064 0.0002 0.1503 0.9886
234.0000 35.4149 -3.4072 0.0372 -0.0069 0.0001 0.1465 0.9892
235.0000 36.0296 -3.2307 0.0444 -0.0065 0.0007 0.1424 0.9898
236.0000 36.6453 -3.0506 0.0648 -0.0057 0.0012 0.1382 0.9904
237.0000 37.2584 -2.8763 0.0849 -0.0053 0.0009 0.1334 0.9910
238.0000 37.8729 -2.7076 0.0812 -0.0059 0.0004 0.1283 0.9917
239.0000 38.5095 -2.5529 0.0721 -0.0070 -0.0009 0.1231 0.9924
240.0000 39.1476 -2.4094 0.0744 -0.0076 -0.0023 0.1172 0.9931
241.0000 39.7937 -2.2727 0.0782 -0.0078 -0.0025 0.1108 0.9938
242.0000 40.4438 -2.1320 0.0866 -0.0073 -0.0014 0.1042 0.9945
243.0000 41.1180 -1.9985 0.1015 -0.0069 -0.0001 0.0974 0.9952
244.0000 41.7987 -1.8751 0.1111 -0.0078 0.0000 0.0902 0.9959
245.0000 42.4681 -1.7646 0.1017 -0.0092 -0.0011 0.0824 0.9966
246.0000 43.1572 -1.6762 0.0949 -0.0100 -0.0021 0.0737 0.9972
247.0000 43.8494 -1.5862 0.1086 -0.0102 -0.0017 0.0636 0.9979
248.0000 44.5767 -1.5096 0.1218 -0.0111 -0.0001 0.0521 0.9986
249.0000 45.3199 -1.4589 0.1051 -0.0116 0.0015 0.0400 0.9991
250.0000 46.0747 -1.4259 0.0941 -0.0108 0.0018 0.0278 0.9996
251.0000 46.8151 -1.4139 0.1125 -0.0095 0.0017 0.0155 0.9998
252.0000 47.5591 -1.4164 0.1391 -0.0091 0.0011 0.0031 1.0000
253.0000 48.3170 -1.4245 0.1500 -0.0100 -0.0001 -0.0094 0.9999
254.0000 49.0870 -1.4764 0.1067 -0.0105 -0.0018 -0.0219 0.9997
255.0000 49.8551 -1.5552 0.1041 -0.0095 -0.0038 -0.0340 0.9994
256.0000 50.6428 -1.6262 0.1582 -0.0074 -0.0050 -0.0456 0.9989
257.0000 51.4270 -1.7080 0.1845 -0.0066 -0.0063 -0.0563 0.9984
258.0000 52.2248 -1.8182 0.1970 -0.0076 -0.0075 -0.0661 0.9978
259.0000 53.0277 -1.9442 0.2013 -0.0091 -0.0074 -0.0756 0.9971
260.0000 53.8661 -2.0988 0.1934 -0.0099 -0.0054 -0.0846 0.9963
261.0000 54.7306 -2.2631 0.1810 -0.0097 -0.0035 -0.0926 0.9957
262.0000 55.5694 -2.4201 0.1919 -0.0090 -0.0038 -0.0988 0.9951
263.0000 56.4086 -2.5901 0.2445 -0.0092 -0.0048 -0.1032 0.9946
264.0000 57.2549 -2.7629 0.2857 -0.0107 -0.0052 -0.1072 0.9942
265.0000 58.1450 -2.9640 0.2749 -0.0136 -0.0051 -0.1116 0.9936
266.0000 59.0544 -3.1777 0.2421 -0.0151 -0.0053 -0.1167 0.9930
267.0000 59.9878 -3.4168 0.2571 -0.0152 -0.0056 -0.1219 0.9924
268.0000 60.9166 -3.6393 0.2991 -0.0148 -0.0061 -0.1265 0.9918
269.0000 61.8573 -3.8883 0.3360 -0.0148 -0.0065 -0.1301 0.9914
270.0000 62.8082 -4.1578 0.3437 -0.0148 -0.0065 -0.1329 0.9910
271.0000 63.7671 -4.4289 0.3502 -0.0143 -0.0058 -0.1359 0.9906
272.0000 64.7361 -4.7062 0.3654 -0.0139 -0.0052 -0.1395 0.9901
273.0000 65.7438 -5.0024 0.3811 -0.0140 -0.0058 -0.1430 0.9896
274.0000 66.7766 -5.3056 0.4054 -0.0144 -0.0077 -0.1465 0.9891
275.0000 67.7977 -5.6085 0.4443 -0.0155 -0.0093 -0.1501 0.9885
276.0000 68.8246 -5.9416 0.4617 -0.0165 -0.0096 -0.1537 0.9879
277.0000 69.8871 -6.2957 0.4746 -0.0174 -0.0089 -0.1573 0.9874
278.0000 70.9722 -6.6638 0.4953 -0.0184 -0.0081 -0.1611 0.9867
279.0000 72.0638 -7.0170 0.5175 -0.0192 -0.0082 -0.1652 0.9860
280.0000 73.1625 -7.3809 0.5543 -0.0198 -0.0084 -0.1692 0.9853
281.0000 74.2791 -7.7817 0.5863 -0.0209 -0.0071 -0.1732 0.9846
282.0000 75.4091 -8.2054 0.5991 -0.0213 -0.0046 -0.1774 0.9839
283.0000 76.5584 -8.6330 0.6110 -0.0215 -0.0029 -0.1819 0.9831
284.0000 77.7078 -9.0778 0.6338 -0.0227 -0.0036 -0.1870 0.9821
285.0000 78.8564 -9.5385 0.6570 -0.0234 -0.0033 -0.1926 0.9810
286.0000 80.0568 -10.0446 0.6435 -0.0219 0.0036 -0.1981 0.9799
287.0000 81.2469 -10.5419 0.6249 -0.0181 0.0128 -0.2042 0.9787
288.0000 82.4345 -11.0596 0.6310 -0.0151 0.0137 -0.2109 0.9773
289.0000 83.6466 -11.6409 0.6671 -0.0159 0.0073 -0.2174 0.9759
290.0000 84.8480 -12.2178 0.6310 -0.0188 0.0022 -0.2237 0.9745
291.0000 86.0517 -12.8198 0.5962 -0.0213 0.0019 -0.2301 0.9729
292.0000 87.2695 -13.4345 0.6014 -0.0214 0.0028 -0.2371 0.9712
293.0000 88.5220 -14.0824 0.6342 -0.0216 0.0037 -0.2446 0.9694
294.0000 89.7698 -14.7496 0.6747 -0.0222 0.0041 -0.2525 0.9673
295.0000 91.0237 -15.4547 0.6658 -0.0260 0.0048 -0.2603 0.9652
296.0000 92.2899 -16.1879 0.6269 -0.0287 0.0062 -0.2674 0.9631
297.0000 93.5661 -16.9338 0.6345 -0.0320 0.0094 -0.2739 0.9612
298.0000 94.8254 -17.7138 0.6691 -0.0376 0.0110 -0.2804 0.9591
299.0000 96.1110 -18.5395 0.6551 -0.0423 0.0113 -0.2871 0.9569
300.0000 97.4132 -19.3879 0.6148 -0.0430 0.0126 -0.2938 0.9548
301.0000 98.7026 -20.2498 0.6115 -0.0408 0.0134 -0.2997 0.9531
302.0000 99.9912 -21.1348 0.6616 -0.0377 0.0118 -0.3045 0.9517
303.0000 101.2741 -22.0462 0.7062 -0.0371 0.0103 -0.3082 0.9506
304.0000 102.5748 -23.0058 0.6853 -0.0385 0.0100 -0.3110 0.9496
305.0000 103.8837 -23.9784 0.6458 -0.0399 0.0110 -0.3137 0.9486
306.0000 105.2205 -24.9643 0.6341 -0.0398 0.0118 -0.3169 0.9475
307.0000 106.5708 -25.9620 0.6639 -0.0391 0.0115 -0.3204 0.9464
308.0000 107.9258 -26.9828 0.6953 -0.0385 0.0106 -0.3236 0.9453
309.0000 109.2861 -28.0423 0.6982 -0.0390 0.0107 -0.3263 0.9444
310.0000 110.6506 -29.1200 0.6804 -0.0396 0.0115 -0.3286 0.9436
311.0000 112.0342 -30.2055 0.6711 -0.0397 0.0119 -0.3308 0.9428
312.0000 113.4295 -31.3111 0.6894 -0.0391 0.0117 -0.3323 0.9423
313.0000 114.8345 -32.4325 0.7188 -0.0379 0.0111 -0.3331 0.9421
314.0000 116.2400 -33.5599 0.7271 -0.0370 0.0105 -0.3337 0.9419
315.0000 117.6593 -34.7078 0.7263 -0.0368 0.0106 -0.3345 0.9416
316.0000 119.1118 -35.8917 0.7179 -0.0372 0.0113 -0.3355 0.9413
317.0000 120.5815 -37.0859 0.7221 -0.0370 0.0114 -0.3361 0.9410
318.0000 122.0375 -38.2729 0.7377 -0.0368 0.0108 -0.3359 0.9411
319.0000 123.5111 -39.4590 0.7501 -0.0364 0.0103 -0.3351 0.9414
320.0000 125.0126 -40.6678 0.7575 -0.0359 0.0106 -0.3345 0.9417
321.0000 126.5355 -41.8972 0.7661 -0.0359 0.0108 -0.3343 0.9417
322.0000 128.0578 -43.1326 0.7696 -0.0365 0.0110 -0.3341 0.9418
323.0000 129.5929 -44.3684 0.7670 -0.0368 0.0111 -0.3339 0.9418
324.0000 131.1570 -45.6232 0.7760 -0.0366 0.0111 -0.3331 0.9421
325.0000 132.7350 -46.8746 0.7904 -0.0362 0.0107 -0.3321 0.9425
326.0000 134.3162 -48.1394 0.8074 -0.0360 0.0107 -0.3307 0.9430
327.0000 135.9161 -49.3991 0.8069 -0.0354 0.0114 -0.3290 0.9436
328.0000 137.5434 -50.6747 0.8060 -0.0344 0.0119 -0.3270 0.9443
329.0000 139.1784 -51.9558 0.8189 -0.0339 0.0119 -0.3249 0.9451
330.0000 140.8313 -53.2318 0.8296 -0.0344 0.0118 -0.3232 0.9456
331.0000 142.4983 -54.5134 0.8189 -0.0351 0.0121 -0.3218 0.9461
332.0000 144.1796 -55.8067 0.8016 -0.0353 0.0123 -0.3205 0.9465
333.0000 145.8979 -57.1007 0.8058 -0.0348 0.0120 -0.3193 0.9469
334.0000 147.6299 -58.4054 0.8202 -0.0339 0.0116 -0.3179 0.9474
335.0000 149.3657 -59.7096 0.8252 -0.0330 0.0113 -0.3166 0.9479
336.0000 151.1201 -61.0020 0.8256 -0.0325 0.0113 -0.3154 0.9483
337.0000 152.8923 -62.3220 0.8183 -0.0325 0.0114 -0.3142 0.9487
338.0000 154.6764 -63.6553 0.8179 -0.0323 0.0116 -0.3130 0.9491
339.0000 156.4798 -64.9827 0.8218 -0.0318 0.0114 -0.3118 0.9495
340.0000 158.3033 -66.3135 0.8189 -0.0311 0.0114 -0.3106 0.9500
341.0000 160.1291 -67.6400 0.8099 -0.0306 0.0116 -0.3094 0.9504
342.0000 161.9784 -68.9690 0.8122 -0.0304 0.0116 -0.3081 0.9508
343.0000 163.8494 -70.3137 0.8184 -0.0305 0.0115 -0.3067 0.9512
344.0000 165.7296 -71.6562 0.8139 -0.0302 0.0123 -0.3053 0.9517
345.0000 167.6195 -72.9840 0.7953 -0.0296 0.0136 -0.3040 0.9521
346.0000 169.5176 -74.3224 0.7836 -0.0292 0.0139 -0.3026 0.9526
347.0000 171.3990 -75.6548 0.7833 -0.0294 0.0137 -0.3014 0.9529
348.0000 173.3015 -76.9887 0.7857 -0.0299 0.0137 -0.3002 0.9533
349.0000 175.2163 -78.3124 0.7741 -0.0300 0.0140 -0.2991 0.9537
350.0000 177.1327 -79.6315 0.7543 -0.0293 0.0144 -0.2980 0.9540
351.0000 179.0605 -80.9439 0.7572 -0.0283 0.0144 -0.2971 0.9543
352.0000 180.9984 -82.2613 0.7656 -0.0279 0.0142 -0.2959 0.9547
353.0000 182.9483 -83.5937 0.7569 -0.0280 0.0138 -0.2946 0.9551
354.0000 184.8880 -84.9200 0.7346 -0.0280 0.0132 -0.2936 0.9554
355.0000 186.8259 -86.2253 0.7255 -0.0275 0.0132 -0.2928 0.9557
356.0000 188.7814 -87.5382 0.7288 -0.0274 0.0137 -0.2920 0.9559
357.0000 190.7399 -88.8446 0.7168 -0.0279 0.0141 -0.2913 0.9561
358.0000 192.7183 -90.1698 0.7021 -0.0284 0.0144 -0.2907 0.9563
359.0000 194.7152 -91.4876 0.6840 -0.0280 0.0150 -0.2899 0.9565
360.0000 196.6989 -92.7969 0.6741 -0.0271 0.0152 -0.2889 0.9568
361.0000 198.6705 -94.1076 0.6635 -0.0263 0.0143 -0.2880 0.9571
362.0000 200.6516 -95.4165 0.6576 -0.0254 0.0131 -0.2872 0.9575
363.0000 202.6627 -96.7381 0.6450 -0.0248 0.0134 -0.2863 0.9577
364.0000 204.6951 -98.0557 0.6262 -0.0255 0.0145 -0.2855 0.9579
365.0000 206.7162 -99.3623 0.6114 -0.0267 0.0144 -0.2848 0.9581
366.0000 208.7345 -100.6594 0.5986 -0.0282 0.0137 -0.2840 0.9583
367.0000 210.7581 -101.9580 0.5824 -0.0291 0.0126 -0.2830 0.9586
368.0000 212.8041 -103.2655 0.5702 -0.0288 0.0134 -0.2819 0.9589
369.0000 214.8619 -104.5763 0.5583 -0.0289 0.0155 -0.2811 0.9591
370.0000 216.9096 -105.8744 0.5441 -0.0301 0.0164 -0.2808 0.9591
371.0000 218.9686 -107.1886 0.5210 -0.0314 0.0156 -0.2809 0.9591
372.0000 221.0354 -108.5046 0.4958 -0.0313 0.0148 -0.2809 0.9591
373.0000 223.1047 -109.8119 0.4965 -0.0301 0.0151 -0.2807 0.9592
374.0000 225.1725 -111.1189 0.4969 -0.0289 0.0158 -0.2805 0.9593
375.0000 227.2324 -112.4328 0.4899 -0.0283 0.0160 -0.2808 0.9592
376.0000 229.3024 -113.7521 0.4653 -0.0283 0.0153 -0.2811 0.9591
377.0000 231.3775 -115.0713 0.4548 -0.0292 0.0147 -0.2813 0.9591
378.0000 233.4698 -116.3991 0.4209 -0.0304 0.0150 -0.2814 0.9590
379.0000 235.5513 -117.7249 0.3916 -0.0305 0.0155 -0.2816 0.9589
380.0000 237.6347 -119.0564 0.3847 -0.0298 0.0153 -0.2816 0.9590
381.0000 239.7171 -120.3818 0.3937 -0.0294 0.0148 -0.2815 0.9590
382.0000 241.8287 -121.7161 0.3818 -0.0294 0.0148 -0.2814 0.9590
383.0000 243.9267 -123.0499 0.3657 -0.0299 0.0152 -0.2813 0.9590
384.0000 246.0276 -124.3878 0.3436 -0.0307 0.0157 -0.2813 0.9590
385.0000 248.1235 -125.7297 0.3159 -0.0312 0.0162 -0.2814 0.9589
386.0000 250.2528 -127.0846 0.2889 -0.0310 0.0165 -0.2815 0.9589
387.0000 252.3659 -128.4312 0.2738 -0.0303 0.0165 -0.2817 0.9589
388.0000 254.4864 -129.7782 0.2689 -0.0296 0.0162 -0.2817 0.9589
389.0000 256.6105 -131.1295 0.2623 -0.0297 0.0160 -0.2817 0.9589
390.0000 258.7333 -132.4880 0.2353 -0.0304 0.0160 -0.2816 0.9589
391.0000 260.8581 -133.8583 0.2082 -0.0309 0.0164 -0.2815 0.9589
392.0000 262.9784 -135.2064 0.1863 -0.0307 0.0168 -0.2815 0.9589
393.0000 265.1098 -136.5581 0.1708 -0.0301 0.0167 -0.2816 0.9589
394.0000 267.2620 -137.9198 0.1597 -0.0299 0.0161 -0.2817 0.9589
395.0000 269.4023 -139.2933 0.1433 -0.0299 0.0155 -0.2817 0.9589
396.0000 271.5425 -140.6694 0.1216 -0.0301 0.0160 -0.2815 0.9590
397.0000 273.6726 -142.0325 0.0992 -0.0299 0.0165 -0.2814 0.9590
398.0000 275.8287 -143.4047 0.0807 -0.0297 0.0165 -0.2813 0.9590
399.0000 277.9919 -144.7809 0.0772 -0.0298 0.0159 -0.2811 0.9591
400.0000 280.1582 -146.1551 0.0600 -0.0296 0.0160 -0.2809 0.9592
401.0000 282.3141 -147.5373 0.0329 -0.0291 0.0167 -0.2806 0.9592
402.0000 284.4847 -148.9131 -0.0013 -0.0285 0.0170 -0.2805 0.9593
403.0000 286.6619 -150.2842 -0.0246 -0.0283 0.0168 -0.2804 0.9593
404.0000 288.8351 -151.6694 -0.0395 -0.0281 0.0162 -0.2804 0.9593
405.0000 291.0161 -153.0621 -0.0594 -0.0279 0.0158 -0.2802 0.9594
406.0000 293.2108 -154.4429 -0.0750 -0.0281 0.0157 -0.2802 0.9594
407.0000 295.3918 -155.8297 -0.1022 -0.0284 0.0159 -0.2806 0.9593
408.0000 297.5740 -157.2221 -0.1175 -0.0287 0.0162 -0.2812 0.9591
409.0000 299.7664 -158.6177 -0.1357 -0.0288 0.0164 -0.2819 0.9589
410.0000 301.9697 -160.0138 -0.1553 -0.0292 0.0165 -0.2825 0.9587
411.0000 304.1667 -161.4141 -0.1812 -0.0292 0.0165 -0.2830 0.9585
412.0000 306.3705 -162.8221 -0.2033 -0.0291 0.0164 -0.2837 0.9583
413.0000 308.5712 -164.2368 -0.2291 -0.0287 0.0164 -0.2842 0.9582
414.0000 310.7635 -165.6540 -0.2429 -0.0283 0.0163 -0.2847 0.9580
415.0000 312.9451 -167.0589 -0.2555 -0.0283 0.0163 -0.2852 0.9579
416.0000 315.1597 -168.4941 -0.2825 -0.0290 0.0163 -0.2857 0.9577
417.0000 317.3860 -169.9410 -0.3140 -0.0293 0.0162 -0.2860 0.9576
418.0000 319.5852 -171.3756 -0.3345 -0.0288 0.0164 -0.2864 0.9575
419.0000 321.7881 -172.8023 -0.3588 -0.0274 0.0169 -0.2865 0.9575
420.0000 324.0005 -174.2486 -0.3684 -0.0264 0.0171 -0.2865 0.9576
421.0000 326.2145 -175.7012 -0.3754 -0.0266 0.0165 -0.2863 0.9576
422.0000 328.4323 -177.1629 -0.4177 -0.0270 0.0164 -0.2859 0.9577
423.0000 330.6661 -178.6096 -0.4709 -0.0265 0.0166 -0.2852 0.9580
424.0000 332.8929 -180.0501 -0.4930 -0.0247 0.0166 -0.2845 0.9582
425.0000 335.1180 -181.5003 -0.4885 -0.0235 0.0170 -0.2837 0.9585
426.0000 337.3466 -182.9435 -0.5228 -0.0231 0.0178 -0.2833 0.9586
427.0000 339.6015 -184.3902 -0.5918 -0.0224 0.0183 -0.2828 0.9587
428.0000 341.8567 -185.8382 -0.6440 -0.0205 0.0180 -0.2826 0.9589
429.0000 344.0940 -187.2864 -0.6640 -0.0181 0.0173 -0.2821 0.9591
430.0000 346.3191 -188.7358 -0.6841 -0.0163 0.0170 -0.2816 0.9592
431.0000 348.5795 -190.1896 -0.7398 -0.0149 0.0170 -0.2814 0.9593
432.0000 350.8631 -191.6493 -0.7951 -0.0134 0.0169 -0.2812 0.9594
433.0000 353.1400 -193.1020 -0.8386 -0.0123 0.0167 -0.2810 0.9595
434.0000 355.4109 -194.5463 -0.8818 -0.0113 0.0160 -0.2807 0.9596
435.0000 357.6707 -195.9998 -0.9280 -0.0099 0.0152 -0.2803 0.9597
436.0000 359.9314 -197.4540 -0.9709 -0.0076 0.0150 -0.2801 0.9598
437.0000 362.2374 -198.9224 -1.0071 -0.0060 0.0150 -0.2798 0.9599
438.0000 364.5270 -200.3816 -1.0483 -0.0056 0.0146 -0.2797 0.9599
439.0000 366.8093 -201.8393 -1.1122 -0.0057 0.0146 -0.2798 0.9599
440.0000 369.0965 -203.2959 -1.1711 -0.0048 0.0147 -0.2797 0.9600
441.0000 371.3906 -204.7484 -1.2052 -0.0029 0.0142 -0.2796 0.9600
442.0000 373.6759 -206.2058 -1.2324 -0.0008 0.0135 -0.2796 0.9600
443.0000 375.9467 -207.6550 -1.2667 0.0006 0.0130 -0.2795 0.9601
444.0000 378.2314 -209.1202 -1.3173 0.0014 0.0125 -0.2793 0.9601
445.0000 380.5293 -210.5752 -1.3672 0.0022 0.0118 -0.2794 0.9601
446.0000 382.8343 -212.0385 -1.4082 0.0030 0.0112 -0.2796 0.9600
447.0000 385.1331 -213.4986 -1.4299 0.0037 0.0104 -0.2797 0.9600
448.0000 387.4218 -214.9528 -1.4601 0.0041 0.0099 -0.2795 0.9601
449.0000 389.7149 -216.4071 -1.4945 0.0034 0.0099 -0.2792 0.9602
450.0000 392.0053 -217.8558 -1.5308 0.0021 0.0100 -0.2794 0.9601
451.0000 394.2987 -219.3145 -1.5804 0.0017 0.0105 -0.2799 0.9600
452.0000 396.5985 -220.7805 -1.6091 0.0026 0.0110 -0.2802 0.9599
453.0000 398.9011 -222.2483 -1.6399 0.0042 0.0112 -0.2804 0.9598
454.0000 401.1965 -223.7076 -1.6708 0.0057 0.0108 -0.2805 0.9598
455.0000 403.4750 -225.1607 -1.6993 0.0062 0.0104 -0.2809 0.9597
456.0000 405.7632 -226.6171 -1.7412 0.0055 0.0102 -0.2816 0.9595
457.0000 408.0583 -228.0921 -1.7977 0.0049 0.0104 -0.2825 0.9592
458.0000 410.3653 -229.5701 -1.8373 0.0048 0.0104 -0.2832 0.9590
459.0000 412.6606 -231.0398 -1.8771 0.0056 0.0104 -0.2837 0.9588
460.0000 414.9388 -232.5203 -1.9108 0.0065 0.0102 -0.2843 0.9586
461.0000 417.2098 -234.0006 -1.9382 0.0073 0.0099 -0.2851 0.9584
462.0000 419.4992 -235.4845 -1.9859 0.0078 0.0096 -0.2860 0.9581
463.0000 421.7958 -236.9779 -2.0255 0.0081 0.0094 -0.2869 0.9579
464.0000 424.0842 -238.4769 -2.0653 0.0083 0.0094 -0.2877 0.9576
465.0000 426.3548 -239.9748 -2.0989 0.0085 0.0091 -0.2885 0.9574
466.0000 428.6259 -241.4762 -2.1370 0.0086 0.0090 -0.2893 0.9572
467.0000 430.8938 -242.9869 -2.1794 0.0087 0.0098 -0.2901 0.9569
468.0000 433.1725 -244.5066 -2.2344 0.0095 0.0103 -0.2908 0.9567
469.0000 435.4364 -246.0257 -2.2663 0.0105 0.0099 -0.2917 0.9564
470.0000 437.6872 -247.5363 -2.2907 0.0111 0.0089 -0.2926 0.9561
471.0000 439.9467 -249.0542 -2.3330 0.0112 0.0084 -0.2934 0.9559
472.0000 442.2373 -250.5896 -2.3894 0.0110 0.0086 -0.2942 0.9557
473.0000 444.5140 -252.1451 -2.4307 0.0111 0.0088 -0.2951 0.9553
474.0000 446.7706 -253.6754 -2.4604 0.0115 0.0086 -0.2961 0.9550
475.0000 449.0238 -255.2115 -2.4856 0.0115 0.0084 -0.2970 0.9548
476.0000 451.2725 -256.7556 -2.5295 0.0112 0.0086 -0.2979 0.9545
477.0000 453.5231 -258.3137 -2.5854 0.0111 0.0091 -0.2988 0.9542
478.0000 455.7817 -259.8848 -2.6318 0.0121 0.0092 -0.2998 0.9539
479.0000 458.0260 -261.4433 -2.6627 0.0139 0.0089 -0.3011 0.9535
480.0000 460.2698 -263.0034 -2.6885 0.0151 0.0081 -0.3022 0.9531
481.0000 462.5096 -264.5793 -2.7336 0.0149 0.0078 -0.3034 0.9527
482.0000 464.7418 -266.1702 -2.7930 0.0143 0.0078 -0.3045 0.9524
483.0000 466.9794 -267.7666 -2.8406 0.0139 0.0080 -0.3057 0.9520
484.0000 469.2130 -269.3566 -2.8776 0.0139 0.0082 -0.3071 0.9515
485.0000 471.4405 -270.9539 -2.9133 0.0144 0.0082 -0.3085 0.9511
486.0000 473.6609 -272.5577 -2.9534 0.0151 0.0076 -0.3099 0.9506
487.0000 475.8814 -274.1655 -2.9866 0.0160 0.0070 -0.3110 0.9502
488.0000 478.0914 -275.7786 -3.0203 0.0162 0.0068 -0.3122 0.9498
489.0000 480.3130 -277.4242 -3.0717 0.0157 0.0073 -0.3135 0.9494
490.0000 482.5428 -279.0848 -3.1355 0.0157 0.0075 -0.3149 0.9490
491.0000 484.7478 -280.7306 -3.1706 0.0163 0.0073 -0.3163 0.9485
492.0000 486.9268 -282.3652 -3.1925 0.0171 0.0067 -0.3175 0.9481
493.0000 489.1211 -284.0068 -3.2264 0.0179 0.0068 -0.3187 0.9477
494.0000 491.3345 -285.6709 -3.2717 0.0183 0.0068 -0.3201 0.9472
495.0000 493.5422 -287.3572 -3.3136 0.0180 0.0064 -0.3214 0.9467
496.0000 495.7222 -289.0389 -3.3619 0.0179 0.0060 -0.3227 0.9463
497.0000 497.8879 -290.7189 -3.4003 0.0184 0.0058 -0.3240 0.9459
498.0000 500.0577 -292.3883 -3.4262 0.0182 0.0057 -0.3253 0.9454
499.0000 502.2573 -294.0820 -3.4650 0.0177 0.0058 -0.3266 0.9450
500.0000 504.4492 -295.8010 -3.5233 0.0176 0.0059 -0.3280 0.9445
501.0000 506.6036 -297.4988 -3.5539 0.0181 0.0059 -0.3294 0.9440
502.0000 508.7557 -299.2079 -3.5869 0.0183 0.0062 -0.3307 0.9435
503.0000 510.9181 -300.9359 -3.6312 0.0181 0.0063 -0.3322 0.9430
504.0000 513.0682 -302.6594 -3.6687 0.0174 0.0062 -0.3336 0.9425
505.0000 515.2089 -304.3846 -3.7144 0.0169 0.0060 -0.3349 0.9421
506.0000 517.3483 -306.1283 -3.7663 0.0183 0.0060 -0.3362 0.9416
507.0000 519.4846 -307.8773 -3.7815 0.0204 0.0060 -0.3378 0.9410
508.0000 521.6221 -309.6225 -3.8072 0.0201 0.0064 -0.3393 0.9404
509.0000 523.7472 -311.3827 -3.8767 0.0179 0.0066 -0.3408 0.9399
510.0000 525.8625 -313.1504 -3.9475 0.0163 0.0058 -0.3424 0.9394
511.0000 527.9873 -314.9323 -3.9777 0.0170 0.0053 -0.3438 0.9389
512.0000 530.1022 -316.7054 -3.9828 0.0185 0.0056 -0.3451 0.9384
513.0000 532.1983 -318.4772 -3.9930 0.0191 0.0061 -0.3466 0.9378
514.0000 534.3014 -320.2769 -4.0529 0.0183 0.0065 -0.3483 0.9372
515.0000 536.3948 -322.0849 -4.1124 0.0162 0.0065 -0.3501 0.9365
516.0000 538.4841 -323.8970 -4.1654 0.0153 0.0067 -0.3520 0.9359
517.0000 540.5674 -325.7025 -4.1922 0.0161 0.0066 -0.3537 0.9352
518.0000 542.6361 -327.5228 -4.2111 0.0171 0.0066 -0.3555 0.9345
519.0000 544.6906 -329.3503 -4.2516 0.0177 0.0070 -0.3573 0.9338
520.0000 546.7573 -331.1863 -4.3154 0.0177 0.0070 -0.3589 0.9332
521.0000 548.8150 -333.0336 -4.3666 0.0176 0.0065 -0.3605 0.9326
522.0000 550.8596 -334.8811 -4.4068 0.0174 0.0062 -0.3618 0.9321
523.0000 552.8773 -336.7352 -4.4444 0.0173 0.0062 -0.3628 0.9317
524.0000 554.9019 -338.5985 -4.4870 0.0177 0.0062 -0.3640 0.9312
525.0000 556.9407 -340.4590 -4.5283 0.0187 0.0057 -0.3653 0.9307
526.0000 558.9817 -342.3495 -4.5644 0.0199 0.0051 -0.3666 0.9302
527.0000 560.9972 -344.2306 -4.5973 0.0209 0.0050 -0.3678 0.9296
528.0000 562.9884 -346.0928 -4.6363 0.0208 0.0052 -0.3691 0.9291
529.0000 564.9970 -347.9848 -4.6880 0.0203 0.0051 -0.3704 0.9286
530.0000 567.0054 -349.8805 -4.7426 0.0197 0.0049 -0.3717 0.9281
531.0000 569.0002 -351.7918 -4.7872 0.0193 0.0054 -0.3729 0.9277
532.0000 571.0023 -353.7077 -4.8232 0.0197 0.0057 -0.3741 0.9272
533.0000 572.9945 -355.6137 -4.8616 0.0208 0.0055 -0.3755 0.9266
534.0000 574.9715 -357.5201 -4.8902 0.0212 0.0050 -0.3770 0.9260
535.0000 576.9490 -359.4444 -4.9357 0.0203 0.0047 -0.3780 0.9256
536.0000 578.9145 -361.3746 -5.0043 0.0195 0.0047 -0.3791 0.9252
537.0000 580.8924 -363.3225 -5.0597 0.0194 0.0049 -0.3801 0.9247
538.0000 582.8719 -365.2779 -5.0916 0.0202 0.0049 -0.3816 0.9241
539.0000 584.8192 -367.2166 -5.1118 0.0213 0.0045 -0.3830 0.9235
540.0000 586.7661 -369.1642 -5.1414 0.0217 0.0043 -0.3842 0.9230
541.0000 588.7302 -371.1313 -5.1837 0.0206 0.0046 -0.3851 0.9226
542.0000 590.6940 -373.1186 -5.2471 0.0189 0.0053 -0.3861 0.9223
543.0000 592.6433 -375.0912 -5.3194 0.0186 0.0056 -0.3873 0.9218
544.0000 594.5742 -377.0423 -5.3544 0.0200 0.0052 -0.3883 0.9213
545.0000 596.5008 -379.0054 -5.3730 0.0212 0.0047 -0.3893 0.9208
546.0000 598.4268 -380.9955 -5.4151 0.0216 0.0045 -0.3902 0.9204
547.0000 600.3476 -382.9969 -5.4657 0.0209 0.0043 -0.3913 0.9200
548.0000 602.2673 -384.9892 -5.5179 0.0199 0.0044 -0.3924 0.9196
549.0000 604.1893 -386.9853 -5.5573 0.0193 0.0048 -0.3935 0.9191
550.0000 606.1139 -388.9862 -5.6014 0.0199 0.0053 -0.3944 0.9187
551.0000 608.0291 -390.9911 -5.6361 0.0208 0.0055 -0.3954 0.9183
552.0000 609.9290 -392.9935 -5.6790 0.0211 0.0052 -0.3964 0.9178
553.0000 611.8134 -395.0068 -5.7217 0.0202 0.0048 -0.3975 0.9174
554.0000 613.7099 -397.0241 -5.7858 0.0192 0.0047 -0.3986 0.9169
555.0000 615.6089 -399.0530 -5.8422 0.0200 0.0046 -0.3999 0.9163
556.0000 617.5054 -401.0988 -5.8656 0.0213 0.0043 -0.4010 0.9158
557.0000 619.3745 -403.1324 -5.8898 0.0221 0.0041 -0.4022 0.9153
558.0000 621.2442 -405.1737 -5.9397 0.0222 0.0041 -0.4035 0.9147
559.0000 623.1257 -407.2235 -6.0042 0.0219 0.0042 -0.4049 0.9141
560.0000 624.9884 -409.2737 -6.0569 0.0218 0.0046 -0.4064 0.9134
561.0000 626.8430 -411.3264 -6.1009 0.0226 0.0044 -0.4077 0.9128
562.0000 628.6970 -413.3923 -6.1318 0.0232 0.0037 -0.4089 0.9123
563.0000 630.5552 -415.4669 -6.1754 0.0234 0.0037 -0.4099 0.9118
564.0000 632.3951 -417.5460 -6.2348 0.0233 0.0045 -0.4109 0.9114
565.0000 634.2294 -419.6244 -6.2965 0.0231 0.0047 -0.4117 0.9110
566.0000 636.0710 -421.7012 -6.3397 0.0224 0.0044 -0.4124 0.9107
567.0000 637.9113 -423.7945 -6.3771 0.0217 0.0043 -0.4133 0.9103
568.0000 639.7404 -425.8863 -6.4349 0.0217 0.0050 -0.4141 0.9099
569.0000 641.5590 -427.9818 -6.4901 0.0220 0.0054 -0.4149 0.9096
570.0000 643.3839 -430.0774 -6.5451 0.0225 0.0051 -0.4157 0.9092
571.0000 645.2073 -432.1886 -6.5869 0.0224 0.0045 -0.4165 0.9088
572.0000 647.0323 -434.2959 -6.6266 0.0221 0.0041 -0.4175 0.9084
573.0000 648.8565 -436.4034 -6.6789 0.0220 0.0045 -0.4185 0.9079
574.0000 650.6578 -438.5102 -6.7359 0.0215 0.0051 -0.4194 0.9075
575.0000 652.4565 -440.6298 -6.7896 0.0211 0.0050 -0.4202 0.9072
576.0000 654.2485 -442.7550 -6.8301 0.0206 0.0049 -0.4214 0.9066
577.0000 656.0474 -444.8843 -6.8729 0.0204 0.0049 -0.4233 0.9057
578.0000 657.8512 -447.0055 -6.9236 0.0202 0.0050 -0.4251 0.9049
579.0000 659.6397 -449.1445 -6.9842 0.0204 0.0055 -0.4267 0.9042
580.0000 661.4053 -451.2912 -7.0391 0.0213 0.0056 -0.4279 0.9036
581.0000 663.1717 -453.4475 -7.0822 0.0219 0.0054 -0.4291 0.9030
582.0000 664.9271 -455.6127 -7.1369 0.0221 0.0051 -0.4306 0.9023
583.0000 666.6760 -457.7821 -7.1981 0.0226 0.0046 -0.4322 0.9015
584.0000 668.4257 -459.9545 -7.2480 0.0231 0.0043 -0.4339 0.9006
585.0000 670.1689 -462.1214 -7.2920 0.0231 0.0044 -0.4356 0.8998
586.0000 671.9034 -464.3101 -7.3344 0.0219 0.0050 -0.4373 0.8990
587.0000 673.6256 -466.4958 -7.4058 0.0210 0.0056 -0.4392 0.8982
588.0000 675.3295 -468.6869 -7.4867 0.0218 0.0058 -0.4411 0.8972
589.0000 677.0379 -470.8951 -7.5216 0.0225 0.0055 -0.4427 0.8964
590.0000 678.7418 -473.1040 -7.5585 0.0223 0.0051 -0.4443 0.8956
591.0000 680.4289 -475.3251 -7.6184 0.0216 0.0051 -0.4457 0.8949
592.0000 682.1083 -477.5636 -7.6967 0.0216 0.0053 -0.4468 0.8944
593.0000 683.7722 -479.7838 -7.7515 0.0223 0.0054 -0.4479 0.8938
594.0000 685.4445 -482.0143 -7.7844 0.0230 0.0054 -0.4491 0.8932
595.0000 687.1230 -484.2480 -7.8405 0.0233 0.0055 -0.4505 0.8924
596.0000 688.7918 -486.4801 -7.9117 0.0231 0.0052 -0.4520 0.8917
597.0000 690.4259 -488.7203 -7.9738 0.0226 0.0048 -0.4533 0.8911
598.0000 692.0712 -490.9900 -8.0327 0.0224 0.0049 -0.4544 0.8905
599.0000 693.7179 -493.2721 -8.0849 0.0225 0.0053 -0.4556 0.8899
600.0000 695.3565 -495.5212 -8.1361 0.0227 0.0056 -0.4570 0.8892
601.0000 696.9819 -497.7575 -8.1931 0.0224 0.0058 -0.4583 0.8885
602.0000 698.6062 -500.0384 -8.2560 0.0219 0.0060 -0.4594 0.8879
603.0000 700.2214 -502.3234 -8.3206 0.0216 0.0063 -0.4606 0.8873
604.0000 701.8325 -504.6096 -8.3900 0.0217 0.0063 -0.4618 0.8867
605.0000 703.4322 -506.8936 -8.4397 0.0217 0.0061 -0.4630 0.8861
606.0000 705.0301 -509.1743 -8.4902 0.0211 0.0060 -0.4642 0.8855
607.0000 706.6141 -511.4829 -8.5579 0.0208 0.0064 -0.4655 0.8848
608.0000 708.2028 -513.7765 -8.6270 0.0213 0.0067 -0.4669 0.8840
609.0000 709.7884 -516.0749 -8.6815 0.0216 0.0063 -0.4683 0.8833
610.0000 711.3609 -518.3802 -8.7270 0.0217 0.0057 -0.4697 0.8826
611.0000 712.9189 -520.6996 -8.7986 0.0215 0.0063 -0.4711 0.8818
612.0000 714.4743 -523.0248 -8.8774 0.0218 0.0065 -0.4724 0.8811
613.0000 716.0334 -525.3623 -8.9463 0.0230 0.0060 -0.4739 0.8803
614.0000 717.5718 -527.6870 -8.9944 0.0234 0.0057 -0.4753 0.8795
615.0000 719.1007 -530.0181 -9.0441 0.0226 0.0056 -0.4767 0.8788
616.0000 720.6299 -532.3537 -9.1133 0.0218 0.0058 -0.4780 0.8781
617.0000 722.1514 -534.6998 -9.1930 0.0216 0.0070 -0.4794 0.8773
618.0000 723.6680 -537.0533 -9.2674 0.0221 0.0078 -0.4809 0.8765
619.0000 725.1738 -539.4096 -9.3308 0.0223 0.0069 -0.4824 0.8756
620.0000 726.6722 -541.7877 -9.3829 0.0219 0.0059 -0.4838 0.8749
621.0000 728.1593 -544.1518 -9.4509 0.0216 0.0059 -0.4850 0.8742
622.0000 729.6383 -546.5105 -9.5291 0.0217 0.0065 -0.4863 0.8735
623.0000 731.1250 -548.8908 -9.5907 0.0219 0.0070 -0.4876 0.8727
624.0000 732.6081 -551.2726 -9.6538 0.0222 0.0071 -0.4890 0.8720
625.0000 734.0672 -553.6654 -9.7214 0.0223 0.0069 -0.4903 0.8712
626.0000 735.5133 -556.0504 -9.7913 0.0223 0.0066 -0.4917 0.8705
627.0000 736.9518 -558.4291 -9.8630 0.0222 0.0067 -0.4930 0.8697
628.0000 738.3963 -560.8391 -9.9404 0.0224 0.0069 -0.4945 0.8689
629.0000 739.8378 -563.2575 -9.9955 0.0224 0.0070 -0.4958 0.8681
630.0000 741.2770 -565.6574 -10.0641 0.0220 0.0068 -0.4972 0.8673
631.0000 742.6806 -568.0651 -10.1370 0.0215 0.0068 -0.4984 0.8667
632.0000 744.0841 -570.4707 -10.2072 0.0212 0.0072 -0.4995 0.8660
633.0000 745.4828 -572.9057 -10.2816 0.0217 0.0073 -0.5007 0.8653
634.0000 746.8970 -575.3407 -10.3431 0.0226 0.0067 -0.5020 0.8646
635.0000 748.2956 -577.7689 -10.3966 0.0233 0.0067 -0.5032 0.8638
636.0000 749.6802 -580.1907 -10.4737 0.0238 0.0070 -0.5043 0.8632
637.0000 751.0527 -582.6284 -10.5601 0.0238 0.0074 -0.5054 0.8625
638.0000 752.4172 -585.0841 -10.6405 0.0233 0.0074 -0.5066 0.8618
639.0000 753.7784 -587.5391 -10.7003 0.0226 0.0070 -0.5078 0.8611
640.0000 755.1369 -589.9733 -10.7660 0.0220 0.0066 -0.5089 0.8605
641.0000 756.4909 -592.4059 -10.8407 0.0219 0.0071 -0.5099 0.8599
642.0000 757.8378 -594.8580 -10.9182 0.0220 0.0079 -0.5110 0.8593
643.0000 759.1816 -597.3232 -10.9947 0.0223 0.0085 -0.5122 0.8585
644.0000 760.5242 -599.7925 -11.0637 0.0221 0.0088 -0.5135 0.8577
645.0000 761.8464 -602.2506 -11.1476 0.0220 0.0088 -0.5148 0.8570
646.0000 763.1464 -604.7136 -11.2246 0.0223 0.0087 -0.5159 0.8563
647.0000 764.4517 -607.1899 -11.2962 0.0226 0.0090 -0.5168 0.8558
648.0000 765.7585 -609.6492 -11.3728 0.0226 0.0090 -0.5177 0.8552
649.0000 767.0416 -612.0989 -11.4532 0.0224 0.0088 -0.5189 0.8545
650.0000 768.3212 -614.5557 -11.5230 0.0222 0.0087 -0.5202 0.8537
651.0000 769.6031 -617.0220 -11.5900 0.0217 0.0085 -0.5214 0.8530
652.0000 770.8862 -619.4975 -11.6715 0.0212 0.0082 -0.5224 0.8524
653.0000 772.1406 -621.9654 -11.7437 0.0211 0.0085 -0.5234 0.8518
654.0000 773.3924 -624.4289 -11.8095 0.0210 0.0091 -0.5243 0.8512
655.0000 774.6579 -626.8929 -11.8823 0.0208 0.0095 -0.5252 0.8507
656.0000 775.9037 -629.3593 -11.9649 0.0208 0.0098 -0.5263 0.8500
657.0000 777.1384 -631.8392 -12.0399 0.0211 0.0098 -0.5273 0.8494
658.0000 778.3531 -634.2965 -12.1046 0.0207 0.0098 -0.5282 0.8488
659.0000 779.5767 -636.7625 -12.1822 0.0197 0.0100 -0.5292 0.8482
660.0000 780.7979 -639.2498 -12.2707 0.0194 0.0103 -0.5302 0.8476
661.0000 782.0178 -641.7334 -12.3535 0.0197 0.0108 -0.5310 0.8471
662.0000 783.2182 -644.1898 -12.4345 0.0202 0.0109 -0.5314 0.8468
663.0000 784.4090 -646.6415 -12.5056 0.0202 0.0103 -0.5315 0.8467
664.0000 785.5873 -649.0977 -12.5818 0.0203 0.0100 -0.5315 0.8468
665.0000 786.7846 -651.5867 -12.6670 0.0207 0.0101 -0.5317 0.8466
666.0000 787.9864 -654.0801 -12.7502 0.0209 0.0108 -0.5320 0.8464
667.0000 789.1872 -656.5389 -12.8326 0.0209 0.0105 -0.5323 0.8462
668.0000 790.3691 -658.9763 -12.8993 0.0207 0.0100 -0.5326 0.8461
669.0000 791.5447 -661.4502 -12.9760 0.0201 0.0101 -0.5328 0.8459
670.0000 792.7459 -663.9353 -13.0656 0.0195 0.0107 -0.5331 0.8458
671.0000 793.9264 -666.4165 -13.1498 0.0190 0.0114 -0.5334 0.8456
672.0000 795.1037 -668.8794 -13.2362 0.0188 0.0117 -0.5337 0.8454
673.0000 796.2787 -671.3342 -13.3167 0.0190 0.0119 -0.5339 0.8453
674.0000 797.4689 -673.8008 -13.3962 0.0196 0.0120 -0.5341 0.8451
675.0000 798.6533 -676.2872 -13.4778 0.0196 0.0118 -0.5343 0.8450
676.0000 799.8213 -678.7582 -13.5543 0.0185 0.0121 -0.5345 0.8449
677.0000 800.9877 -681.2323 -13.6429 0.0171 0.0126 -0.5347 0.8448
678.0000 802.1653 -683.7052 -13.7366 0.0165 0.0133 -0.5348 0.8447
679.0000 803.3456 -686.1760 -13.8196 0.0168 0.0136 -0.5351 0.8445
680.0000 804.5173 -688.6343 -13.8845 0.0170 0.0141 -0.5354 0.8443
681.0000 805.6816 -691.0888 -13.9733 0.0168 0.0147 -0.5356 0.8442
682.0000 806.8453 -693.5660 -14.0733 0.0158 0.0156 -0.5357 0.8441
683.0000 808.0177 -696.0515 -14.1724 0.0148 0.0163 -0.5359 0.8440
684.0000 809.1941 -698.5274 -14.2672 0.0143 0.0169 -0.5365 0.8436
685.0000 810.3621 -700.9869 -14.3461 0.0141 0.0170 -0.5371 0.8432
686.0000 811.5289 -703.4520 -14.4292 0.0140 0.0169 -0.5379 0.8427
687.0000 812.6853 -705.9253 -14.5309 0.0139 0.0170 -0.5389 0.8421
688.0000 813.8425 -708.4287 -14.6331 0.0139 0.0174 -0.5397 0.8416
689.0000 814.9785 -710.8970 -14.7279 0.0138 0.0176 -0.5406 0.8410
690.0000 816.1141 -713.3551 -14.8175 0.0133 0.0177 -0.5414 0.8405
691.0000 817.2521 -715.8348 -14.9110 0.0131 0.0176 -0.5422 0.8400
692.0000 818.4014 -718.3470 -14.9924 0.0124 0.0179 -0.5429 0.8395
693.0000 819.5187 -720.8317 -15.0968 0.0120 0.0188 -0.5437 0.8390
694.0000 820.6322 -723.2976 -15.2142 0.0127 0.0193 -0.5446 0.8384
695.0000 821.7531 -725.7915 -15.3044 0.0136 0.0188 -0.5453 0.8379
696.0000 822.8779 -728.2993 -15.3828 0.0139 0.0181 -0.5458 0.8376
697.0000 823.9805 -730.8111 -15.4669 0.0134 0.0180 -0.5463 0.8373
698.0000 825.0682 -733.2790 -15.5790 0.0129 0.0188 -0.5467 0.8370
699.0000 826.1673 -735.7689 -15.6933 0.0129 0.0194 -0.5470 0.8368
700.0000 827.2770 -738.2768 -15.7950 0.0133 0.0197 -0.5471 0.8367
701.0000 828.3833 -740.7958 -15.8920 0.0139 0.0196 -0.5472 0.8367
702.0000 829.4809 -743.2916 -15.9825 0.0141 0.0191 -0.5473 0.8366
703.0000 830.5767 -745.7780 -16.0793 0.0137 0.0190 -0.5473 0.8366
704.0000 831.6676 -748.2694 -16.1967 0.0135 0.0195 -0.5473 0.8366
705.0000 832.7688 -750.7850 -16.3147 0.0137 0.0198 -0.5475 0.8365
706.0000 833.8678 -753.2791 -16.4038 0.0136 0.0196 -0.5477 0.8363
707.0000 834.9623 -755.7570 -16.4974 0.0130 0.0197 -0.5477 0.8363
708.0000 836.0586 -758.2548 -16.6077 0.0125 0.0197 -0.5478 0.8363
709.0000 837.1496 -760.7682 -16.7025 0.0120 0.0194 -0.5478 0.8363
710.0000 838.2468 -763.2877 -16.7869 0.0114 0.0195 -0.5477 0.8364
711.0000 839.3446 -765.7607 -16.8770 0.0108 0.0201 -0.5478 0.8363
712.0000 840.4384 -768.2457 -16.9851 0.0099 0.0207 -0.5479 0.8362
713.0000 841.5342 -770.7531 -17.0852 0.0086 0.0212 -0.5480 0.8362
714.0000 842.6343 -773.2589 -17.1680 0.0070 0.0217 -0.5481 0.8361
715.0000 843.7383 -775.7536 -17.2692 0.0057 0.0223 -0.5481 0.8361
716.0000 844.8323 -778.2452 -17.3626 0.0041 0.0233 -0.5480 0.8361
717.0000 845.9230 -780.7466 -17.4519 0.0031 0.0247 -0.5480 0.8361
718.0000 847.0226 -783.2274 -17.5523 0.0029 0.0259 -0.5479 0.8361
719.0000 848.1254 -785.7161 -17.6514 0.0025 0.0264 -0.5480 0.8360
720.0000 849.2308 -788.2247 -17.7401 0.0007 0.0270 -0.5480 0.8361
721.0000 850.3152 -790.7208 -17.8426 -0.0018 0.0283 -0.5479 0.8360
722.0000 851.4057 -793.2087 -17.9587 -0.0030 0.0292 -0.5479 0.8361
723.0000 852.5068 -795.7023 -18.0500 -0.0031 0.0295 -0.5475 0.8363
724.0000 853.6145 -798.1807 -18.1318 -0.0029 0.0296 -0.5471 0.8365
725.0000 854.7182 -800.6650 -18.2152 -0.0037 0.0303 -0.5468 0.8367
726.0000 855.8067 -803.1649 -18.3323 -0.0050 0.0318 -0.5466 0.8368
727.0000 856.9017 -805.6517 -18.4640 -0.0055 0.0334 -0.5464 0.8368
728.0000 858.0155 -808.1429 -18.5758 -0.0058 0.0349 -0.5462 0.8369
729.0000 859.1376 -810.6362 -18.6800 -0.0063 0.0361 -0.5461 0.8369
730.0000 860.2479 -813.1203 -18.8015 -0.0067 0.0371 -0.5462 0.8368
731.0000 861.3494 -815.6153 -18.9300 -0.0071 0.0376 -0.5462 0.8368
732.0000 862.4506 -818.1152 -19.0594 -0.0074 0.0376 -0.5460 0.8369
733.0000 863.5538 -820.6010 -19.1784 -0.0076 0.0376 -0.5458 0.8370
734.0000 864.6581 -823.0802 -19.2948 -0.0075 0.0385 -0.5456 0.8371
735.0000 865.7713 -825.5658 -19.4251 -0.0077 0.0393 -0.5455 0.8371
736.0000 866.8811 -828.0572 -19.5685 -0.0081 0.0395 -0.5456 0.8371
737.0000 867.9936 -830.5575 -19.7015 -0.0083 0.0391 -0.5455 0.8372
738.0000 869.1000 -833.0599 -19.8233 -0.0081 0.0388 -0.5453 0.8373
739.0000 870.2137 -835.5550 -19.9572 -0.0067 0.0384 -0.5450 0.8375
740.0000 871.3180 -838.0406 -20.0712 -0.0051 0.0378 -0.5450 0.8376
741.0000 872.4306 -840.5274 -20.1914 -0.0051 0.0378 -0.5447 0.8377
742.0000 873.5517 -843.0249 -20.3339 -0.0067 0.0388 -0.5445 0.8378
743.0000 874.6725 -845.5092 -20.4780 -0.0084 0.0400 -0.5444 0.8378
744.0000 875.7840 -847.9943 -20.6192 -0.0085 0.0401 -0.5445 0.8378
745.0000 876.9009 -850.4790 -20.7323 -0.0078 0.0398 -0.5446 0.8377
746.0000 878.0266 -852.9735 -20.8505 -0.0071 0.0397 -0.5445 0.8378
747.0000 879.1420 -855.4711 -20.9940 -0.0070 0.0400 -0.5444 0.8378
748.0000 880.2576 -857.9573 -21.1446 -0.0069 0.0397 -0.5446 0.8378
749.0000 881.3717 -860.4458 -21.2730 -0.0065 0.0391 -0.5445 0.8378
750.0000 882.4789 -862.9362 -21.3855 -0.0059 0.0389 -0.5445 0.8379
751.0000 883.5936 -865.4059 -21.5165 -0.0055 0.0395 -0.5443 0.8380
752.0000 884.7165 -867.9053 -21.6687 -0.0058 0.0402 -0.5440 0.8381
753.0000 885.8313 -870.4064 -21.8080 -0.0068 0.0405 -0.5437 0.8382
754.0000 886.9394 -872.8859 -21.9517 -0.0079 0.0409 -0.5433 0.8385
755.0000 888.0676 -875.3775 -22.0872 -0.0079 0.0413 -0.5428 0.8388
756.0000 889.2012 -877.8678 -22.2291 -0.0067 0.0414 -0.5424 0.8391
757.0000 890.3360 -880.3418 -22.3647 -0.0058 0.0410 -0.5422 0.8392
758.0000 891.4505 -882.8115 -22.5006 -0.0063 0.0412 -0.5420 0.8393
759.0000 892.5857 -885.3078 -22.6541 -0.0073 0.0417 -0.5414 0.8397
760.0000 893.7246 -887.7919 -22.8130 -0.0080 0.0425 -0.5409 0.8400
761.0000 894.8716 -890.2659 -22.9554 -0.0081 0.0428 -0.5403 0.8404
762.0000 896.0022 -892.7263 -23.0927 -0.0075 0.0425 -0.5397 0.8408
763.0000 897.1358 -895.1996 -23.2191 -0.0066 0.0420 -0.5392 0.8411
764.0000 898.2794 -897.6827 -23.3503 -0.0061 0.0420 -0.5385 0.8415
765.0000 899.4208 -900.1385 -23.5001 -0.0059 0.0426 -0.5381 0.8418
766.0000 900.5643 -902.5716 -23.6595 -0.0064 0.0436 -0.5377 0.8420
767.0000 901.7064 -905.0023 -23.8099 -0.0073 0.0443 -0.5372 0.8423
768.0000 902.8535 -907.4626 -23.9620 -0.0084 0.0446 -0.5367 0.8426
769.0000 904.0023 -909.9075 -24.1040 -0.0094 0.0444 -0.5361 0.8429
770.0000 905.1458 -912.3259 -24.2477 -0.0096 0.0436 -0.5355 0.8433
771.0000 906.3054 -914.7776 -24.3918 -0.0077 0.0437 -0.5350 0.8437
772.0000 907.4586 -917.2281 -24.5264 -0.0055 0.0446 -0.5344 0.8441
773.0000 908.6153 -919.6744 -24.6842 -0.0048 0.0456 -0.5338 0.8443
774.0000 909.7829 -922.0964 -24.8609 -0.0058 0.0454 -0.5334 0.8446
775.0000 910.9421 -924.5085 -25.0150 -0.0086 0.0453 -0.5331 0.8448
776.0000 912.1098 -926.9180 -25.1659 -0.0107 0.0460 -0.5332 0.8447
777.0000 913.2615 -929.3289 -25.3229 -0.0110 0.0471 -0.5335 0.8444
778.0000 914.4282 -931.7503 -25.4674 -0.0101 0.0469 -0.5339 0.8442
779.0000 915.5895 -934.1613 -25.6068 -0.0089 0.0463 -0.5343 0.8440
780.0000 916.7424 -936.5830 -25.7464 -0.0083 0.0457 -0.5344 0.8439
781.0000 917.8934 -939.0003 -25.9141 -0.0080 0.0456 -0.5344 0.8440
782.0000 919.0427 -941.4243 -26.0820 -0.0083 0.0456 -0.5346 0.8439
783.0000 920.1970 -943.8395 -26.2429 -0.0084 0.0455 -0.5349 0.8437
784.0000 921.3353 -946.2278 -26.3763 -0.0088 0.0453 -0.5350 0.8436
785.0000 922.4800 -948.6275 -26.5085 -0.0097 0.0463 -0.5349 0.8436
786.0000 923.6320 -951.0573 -26.6869 -0.0106 0.0478 -0.5346 0.8437
787.0000 924.7932 -953.4614 -26.8697 -0.0110 0.0490 -0.5340 0.8440
788.0000 925.9500 -955.8549 -27.0251 -0.0110 0.0492 -0.5333 0.8444
789.0000 927.0695 -958.2089 -27.1599 -0.0111 0.0487 -0.5325 0.8449
790.0000 928.2022 -960.5882 -27.3027 -0.0113 0.0483 -0.5319 0.8454
791.0000 929.3767 -963.0241 -27.4871 -0.0107 0.0486 -0.5315 0.8456
792.0000 930.5608 -965.4293 -27.6502 -0.0099 0.0486 -0.5310 0.8459
793.0000 931.7248 -967.8234 -27.7837 -0.0106 0.0487 -0.5303 0.8463
794.0000 932.8694 -970.1927 -27.9502 -0.0118 0.0490 -0.5296 0.8467
795.0000 933.9949 -972.4839 -28.1319 -0.0117 0.0496 -0.5290 0.8471
796.0000 935.1415 -974.8394 -28.2964 -0.0105 0.0501 -0.5283 0.8475
797.0000 936.3530 -977.2702 -28.4429 -0.0093 0.0500 -0.5277 0.8479
798.0000 937.5478 -979.6843 -28.5929 -0.0090 0.0496 -0.5273 0.8482
799.0000 938.7022 -982.0214 -28.7685 -0.0094 0.0497 -0.5268 0.8485
800.0000 939.8480 -984.3169 -28.9574 -0.0095 0.0500 -0.5259 0.8490
801.0000 941.0448 -986.6814 -29.1284 -0.0092 0.0503 -0.5250 0.8496
802.0000 942.2258 -989.0522 -29.2771 -0.0097 0.0506 -0.5244 0.8499
803.0000 943.4171 -991.4037 -29.4460 -0.0104 0.0504 -0.5241 0.8501
804.0000 944.6120 -993.7179 -29.6283 -0.0101 0.0506 -0.5239 0.8502
805.0000 945.8112 -996.0586 -29.8053 -0.0098 0.0504 -0.5232 0.8506
806.0000 946.9784 -998.4008 -29.9729 -0.0098 0.0495 -0.5225 0.8511
807.0000 948.1586 -1000.7306 -30.1337 -0.0100 0.0489 -0.5216 0.8517
808.0000 949.3522 -1003.0745 -30.2991 -0.0100 0.0493 -0.5209 0.8521
809.0000 950.5643 -1005.4303 -30.4747 -0.0098 0.0500 -0.5202 0.8525
810.0000 951.7756 -1007.7566 -30.6511 -0.0096 0.0506 -0.5194 0.8530
811.0000 953.0146 -1010.1399 -30.8270 -0.0096 0.0505 -0.5187 0.8534
812.0000 954.2346 -1012.4781 -31.0009 -0.0095 0.0500 -0.5178 0.8540
813.0000 955.4488 -1014.8112 -31.1730 -0.0094 0.0499 -0.5166 0.8547
814.0000 956.6890 -1017.1459 -31.3425 -0.0093 0.0501 -0.5154 0.8554
815.0000 957.9431 -1019.4817 -31.5324 -0.0091 0.0504 -0.5145 0.8559
816.0000 959.2250 -1021.8854 -31.7193 -0.0089 0.0499 -0.5138 0.8564
817.0000 960.4936 -1024.2574 -31.8906 -0.0090 0.0494 -0.5128 0.8571
818.0000 961.7147 -1026.5335 -32.0660 -0.0088 0.0497 -0.5118 0.8576
819.0000 962.9466 -1028.8067 -32.2319 -0.0088 0.0502 -0.5111 0.8580
820.0000 964.2284 -1031.1696 -32.4064 -0.0096 0.0507 -0.5099 0.8587
821.0000 965.5385 -1033.5464 -32.6054 -0.0099 0.0511 -0.5091 0.8591
822.0000 966.8473 -1035.8984 -32.8012 -0.0099 0.0513 -0.5083 0.8596
823.0000 968.1233 -1038.2359 -32.9868 -0.0098 0.0511 -0.5073 0.8602
824.0000 969.4063 -1040.5598 -33.1608 -0.0092 0.0507 -0.5063 0.8608
825.0000 970.7608 -1042.9498 -33.3316 -0.0087 0.0508 -0.5051 0.8615
826.0000 972.1087 -1045.3426 -33.5198 -0.0085 0.0513 -0.5041 0.8621
827.0000 973.3680 -1047.5849 -33.7163 -0.0086 0.0516 -0.5036 0.8623
828.0000 974.6478 -1049.8149 -33.9168 -0.0088 0.0515 -0.5028 0.8628
829.0000 975.9885 -1052.1503 -34.1082 -0.0089 0.0514 -0.5019 0.8634
830.0000 977.3263 -1054.4884 -34.2912 -0.0087 0.0518 -0.5010 0.8638
831.0000 978.7196 -1056.9346 -34.4793 -0.0089 0.0523 -0.5001 0.8644
832.0000 980.0756 -1059.2968 -34.6787 -0.0088 0.0524 -0.4992 0.8648
833.0000 981.3961 -1061.5632 -34.8783 -0.0087 0.0519 -0.4985 0.8653
834.0000 982.7009 -1063.8357 -35.0637 -0.0089 0.0516 -0.4979 0.8657
835.0000 984.0900 -1066.1724 -35.2592 -0.0088 0.0517 -0.4971 0.8661
836.0000 985.4959 -1068.5410 -35.4517 -0.0085 0.0520 -0.4963 0.8666
837.0000 986.8725 -1070.8894 -35.6474 -0.0084 0.0522 -0.4955 0.8670
838.0000 988.2251 -1073.2111 -35.8445 -0.0088 0.0521 -0.4947 0.8674
839.0000 989.5787 -1075.4765 -36.0404 -0.0098 0.0519 -0.4940 0.8678
840.0000 991.0148 -1077.8682 -36.2457 -0.0101 0.0520 -0.4932 0.8683
841.0000 992.4220 -1080.2093 -36.4403 -0.0095 0.0522 -0.4926 0.8686
842.0000 993.8551 -1082.5934 -36.6302 -0.0088 0.0522 -0.4919 0.8691
843.0000 995.2172 -1084.8703 -36.8085 -0.0085 0.0519 -0.4912 0.8694
844.0000 996.6192 -1087.1913 -37.0066 -0.0089 0.0516 -0.4904 0.8699
845.0000 998.0383 -1089.5348 -37.2188 -0.0090 0.0518 -0.4895 0.8704
846.0000 999.5075 -1091.9218 -37.4272 -0.0086 0.0523 -0.4886 0.8709
847.0000 1000.8983 -1094.1838 -37.6079 -0.0086 0.0524 -0.4879 0.8713
848.0000 1002.3113 -1096.4693 -37.7947 -0.0088 0.0519 -0.4871 0.8717
849.0000 1003.7607 -1098.8212 -38.0046 -0.0090 0.0515 -0.4863 0.8722
850.0000 1005.2329 -1101.1989 -38.2184 -0.0086 0.0522 -0.4855 0.8726
851.0000 1006.6984 -1103.5378 -38.4118 -0.0084 0.0526 -0.4846 0.8731
852.0000 1008.1370 -1105.8382 -38.5999 -0.0086 0.0527 -0.4835 0.8737
853.0000 1009.5526 -1108.1174 -38.7991 -0.0091 0.0526 -0.4826 0.8742
854.0000 1010.9993 -1110.3833 -39.0105 -0.0092 0.0524 -0.4819 0.8746
855.0000 1012.5282 -1112.7486 -39.2257 -0.0089 0.0527 -0.4812 0.8750
856.0000 1014.0107 -1115.1027 -39.4239 -0.0086 0.0534 -0.4804 0.8754
857.0000 1015.4760 -1117.4129 -39.6237 -0.0084 0.0540 -0.4795 0.8758
858.0000 1016.9475 -1119.7000 -39.8287 -0.0084 0.0539 -0.4787 0.8763
859.0000 1018.4309 -1121.9787 -40.0487 -0.0085 0.0535 -0.4779 0.8767
860.0000 1019.8941 -1124.2378 -40.2621 -0.0084 0.0532 -0.4772 0.8771
861.0000 1021.4152 -1126.5707 -40.4668 -0.0085 0.0530 -0.4765 0.8775
862.0000 1022.9006 -1128.8852 -40.6637 -0.0086 0.0531 -0.4757 0.8780
863.0000 1024.3952 -1131.1838 -40.8686 -0.0092 0.0532 -0.4747 0.8785
864.0000 1025.9031 -1133.4484 -41.0778 -0.0097 0.0531 -0.4738 0.8790
865.0000 1027.4269 -1135.7317 -41.2939 -0.0097 0.0535 -0.4730 0.8794
866.0000 1028.9746 -1138.0643 -41.5031 -0.0092 0.0539 -0.4723 0.8798
867.0000 1030.4941 -1140.3687 -41.7028 -0.0088 0.0540 -0.4716 0.8801
868.0000 1031.9942 -1142.6193 -41.9152 -0.0086 0.0538 -0.4711 0.8804
869.0000 1033.5221 -1144.8707 -42.1307 -0.0087 0.0540 -0.4704 0.8808
870.0000 1035.1047 -1147.2274 -42.3568 -0.0087 0.0542 -0.4697 0.8811
871.0000 1036.6563 -1149.5502 -42.5728 -0.0084 0.0542 -0.4691 0.8814
872.0000 1038.2286 -1151.8605 -42.7870 -0.0080 0.0543 -0.4686 0.8817
873.0000 1039.7632 -1154.0995 -43.0012 -0.0074 0.0544 -0.4680 0.8820
874.0000 1041.2917 -1156.3717 -43.2264 -0.0068 0.0542 -0.4673 0.8824
875.0000 1042.8400 -1158.6802 -43.4395 -0.0059 0.0535 -0.4667 0.8828
876.0000 1044.4163 -1160.9895 -43.6460 -0.0061 0.0526 -0.4658 0.8833
877.0000 1045.9929 -1163.2482 -43.8684 -0.0065 0.0519 -0.4651 0.8837
878.0000 1047.5520 -1165.4920 -44.0845 -0.0063 0.0521 -0.4647 0.8839
879.0000 1049.1384 -1167.8163 -44.3015 -0.0060 0.0534 -0.4641 0.8842
880.0000 1050.7381 -1170.1277 -44.5066 -0.0065 0.0544 -0.4632 0.8846
881.0000 1052.3104 -1172.3726 -44.7262 -0.0078 0.0544 -0.4625 0.8849
882.0000 1053.9056 -1174.6421 -44.9831 -0.0080 0.0545 -0.4620 0.8852
883.0000 1055.4855 -1176.9048 -45.2209 -0.0073 0.0559 -0.4615 0.8854
884.0000 1057.0873 -1179.1877 -45.4344 -0.0064 0.0559 -0.4608 0.8857
885.0000 1058.6671 -1181.4448 -45.6303 -0.0062 0.0538 -0.4599 0.8863
886.0000 1060.2786 -1183.7278 -45.8451 -0.0065 0.0520 -0.4593 0.8867
887.0000 1061.9192 -1186.0362 -46.0870 -0.0062 0.0518 -0.4587 0.8871
888.0000 1063.5322 -1188.2831 -46.3101 -0.0052 0.0524 -0.4581 0.8873
889.0000 1065.1350 -1190.5366 -46.5085 -0.0046 0.0527 -0.4577 0.8875
890.0000 1066.7323 -1192.7899 -46.7246 -0.0043 0.0526 -0.4573 0.8878
891.0000 1068.3361 -1195.0602 -46.9502 -0.0040 0.0527 -0.4570 0.8879
892.0000 1069.9817 -1197.3293 -47.1728 -0.0039 0.0532 -0.4568 0.8880
893.0000 1071.6085 -1199.5844 -47.3998 -0.0039 0.0536 -0.4566 0.8881
894.0000 1073.2309 -1201.8403 -47.6215 -0.0037 0.0535 -0.4563 0.8882
895.0000 1074.8512 -1204.1101 -47.8400 -0.0037 0.0535 -0.4559 0.8884
896.0000 1076.4701 -1206.3528 -48.0659 -0.0035 0.0533 -0.4554 0.8887
897.0000 1078.0896 -1208.5963 -48.2983 -0.0031 0.0532 -0.4550 0.8889
898.0000 1079.7106 -1210.8457 -48.5284 -0.0025 0.0532 -0.4548 0.8890
899.0000 1081.3448 -1213.1034 -48.7476 -0.0020 0.0529 -0.4544 0.8892
900.0000 1082.9928 -1215.3530 -48.9676 -0.0018 0.0527 -0.4541 0.8894
901.0000 1084.6186 -1217.5791 -49.1938 -0.0016 0.0528 -0.4537 0.8896
902.0000 1086.2364 -1219.8307 -49.4235 -0.0013 0.0530 -0.4534 0.8897
903.0000 1087.8632 -1222.0681 -49.6532 -0.0010 0.0527 -0.4530 0.8899
904.0000 1089.5072 -1224.3195 -49.8796 -0.0007 0.0523 -0.4529 0.8900
905.0000 1091.1255 -1226.5358 -50.0924 -0.0005 0.0523 -0.4529 0.8900
906.0000 1092.7626 -1228.7758 -50.3161 -0.0004 0.0526 -0.4528 0.8900
907.0000 1094.4239 -1231.0348 -50.5606 -0.0002 0.0533 -0.4528 0.8900
908.0000 1096.0416 -1233.2346 -50.7927 -0.0002 0.0535 -0.4526 0.8901
909.0000 1097.6642 -1235.4481 -51.0098 -0.0009 0.0533 -0.4526 0.8901
910.0000 1099.3043 -1237.6827 -51.2520 -0.0012 0.0531 -0.4526 0.8901
911.0000 1100.9417 -1239.9308 -51.4949 -0.0008 0.0529 -0.4528 0.8900
912.0000 1102.5881 -1242.1728 -51.7252 -0.0001 0.0531 -0.4528 0.8900
913.0000 1104.2151 -1244.3946 -51.9464 0.0008 0.0529 -0.4526 0.8901
914.0000 1105.8364 -1246.6227 -52.1691 0.0017 0.0527 -0.4524 0.8903
915.0000 1107.4723 -1248.8634 -52.3987 0.0020 0.0532 -0.4524 0.8902
916.0000 1109.0895 -1251.0716 -52.6388 0.0021 0.0537 -0.4526 0.8901
917.0000 1110.7316 -1253.3062 -52.8864 0.0022 0.0535 -0.4527 0.8900
918.0000 1112.3728 -1255.5472 -53.1334 0.0034 0.0527 -0.4527 0.8901
919.0000 1114.0138 -1257.7946 -53.3683 0.0048 0.0522 -0.4523 0.8903
920.0000 1115.6108 -1259.9796 -53.6040 0.0066 0.0521 -0.4517 0.8906
921.0000 1117.2348 -1262.1964 -53.8401 0.0088 0.0510 -0.4513 0.8909
922.0000 1118.8771 -1264.4409 -54.0767 0.0106 0.0501 -0.4511 0.8910
923.0000 1120.5133 -1266.6596 -54.3260 0.0121 0.0497 -0.4509 0.8911
924.0000 1122.1385 -1268.8738 -54.5724 0.0135 0.0492 -0.4507 0.8912
925.0000 1123.7701 -1271.0884 -54.8054 0.0143 0.0484 -0.4505 0.8913
926.0000 1125.4115 -1273.3020 -55.0526 0.0146 0.0485 -0.4502 0.8915
927.0000 1127.0523 -1275.5199 -55.3156 0.0155 0.0484 -0.4499 0.8917
928.0000 1128.6730 -1277.7314 -55.5596 0.0166 0.0474 -0.4496 0.8918
929.0000 1130.3142 -1279.9524 -55.7941 0.0182 0.0462 -0.4494 0.8920
930.0000 1131.9495 -1282.1482 -56.0226 0.0200 0.0452 -0.4493 0.8920
931.0000 1133.6017 -1284.3738 -56.2655 0.0214 0.0446 -0.4491 0.8921
932.0000 1135.2316 -1286.5789 -56.5124 0.0225 0.0439 -0.4489 0.8922
933.0000 1136.8572 -1288.7725 -56.7476 0.0232 0.0431 -0.4487 0.8923
934.0000 1138.4863 -1290.9667 -56.9744 0.0235 0.0425 -0.4486 0.8924
935.0000 1140.1371 -1293.1868 -57.2093 0.0233 0.0418 -0.4487 0.8924
936.0000 1141.7852 -1295.3742 -57.4527 0.0235 0.0414 -0.4489 0.8923
937.0000 1143.4276 -1297.5753 -57.6890 0.0240 0.0412 -0.4491 0.8922
938.0000 1145.0592 -1299.7916 -57.9079 0.0245 0.0407 -0.4493 0.8921
939.0000 1146.6900 -1301.9937 -58.1253 0.0247 0.0402 -0.4498 0.8919
940.0000 1148.3443 -1304.2116 -58.3542 0.0246 0.0402 -0.4505 0.8915
941.0000 1150.0073 -1306.4263 -58.5817 0.0242 0.0401 -0.4511 0.8913
942.0000 1151.6375 -1308.6327 -58.8197 0.0241 0.0400 -0.4515 0.8910
943.0000 1153.2495 -1310.8381 -59.0399 0.0241 0.0402 -0.4520 0.8908
944.0000 1154.8625 -1313.0390 -59.2599 0.0242 0.0404 -0.4523 0.8906
945.0000 1156.4899 -1315.2503 -59.4816 0.0241 0.0400 -0.4526 0.8905
946.0000 1158.1133 -1317.4641 -59.7059 0.0241 0.0398 -0.4530 0.8903
947.0000 1159.7435 -1319.6932 -59.9302 0.0240 0.0399 -0.4535 0.8900
948.0000 1161.3512 -1321.8956 -60.1596 0.0238 0.0400 -0.4539 0.8898
949.0000 1162.9473 -1324.0896 -60.3902 0.0239 0.0398 -0.4542 0.8897
950.0000 1164.5690 -1326.2994 -60.6073 0.0245 0.0400 -0.4546 0.8895
951.0000 1166.1768 -1328.5009 -60.8166 0.0250 0.0403 -0.4550 0.8892
952.0000 1167.7724 -1330.7242 -61.0412 0.0248 0.0401 -0.4556 0.8889
953.0000 1169.3645 -1332.9209 -61.2767 0.0243 0.0399 -0.4561 0.8887
954.0000 1170.9596 -1335.1427 -61.5157 0.0240 0.0396 -0.4564 0.8886
955.0000 1172.5390 -1337.3509 -61.7395 0.0240 0.0393 -0.4567 0.8884
956.0000 1174.1425 -1339.5631 -61.9478 0.0245 0.0392 -0.4572 0.8881
957.0000 1175.7297 -1341.7567 -62.1599 0.0251 0.0392 -0.4577 0.8879
958.0000 1177.3207 -1343.9790 -62.3868 0.0255 0.0387 -0.4581 0.8877
959.0000 1178.9023 -1346.2240 -62.6161 0.0261 0.0380 -0.4586 0.8875
960.0000 1180.4820 -1348.4554 -62.8408 0.0272 0.0376 -0.4590 0.8872
961.0000 1182.0533 -1350.6638 -63.0490 0.0282 0.0374 -0.4594 0.8870
962.0000 1183.6216 -1352.8643 -63.2572 0.0292 0.0372 -0.4598 0.8868
963.0000 1185.1885 -1355.0761 -63.4840 0.0295 0.0369 -0.4601 0.8866
964.0000 1186.7606 -1357.3044 -63.7226 0.0293 0.0368 -0.4607 0.8863
965.0000 1188.3293 -1359.5366 -63.9538 0.0291 0.0369 -0.4612 0.8860
966.0000 1189.8863 -1361.7392 -64.1680 0.0295 0.0369 -0.4617 0.8858
967.0000 1191.4470 -1363.9467 -64.3744 0.0298 0.0368 -0.4621 0.8855
968.0000 1193.0025 -1366.1640 -64.5887 0.0296 0.0365 -0.4624 0.8854
969.0000 1194.5682 -1368.3959 -64.8173 0.0290 0.0362 -0.4630 0.8851
970.0000 1196.1207 -1370.6275 -65.0431 0.0288 0.0362 -0.4637 0.8848
971.0000 1197.6652 -1372.8390 -65.2730 0.0300 0.0358 -0.4644 0.8844
972.0000 1199.2051 -1375.0656 -65.4771 0.0312 0.0353 -0.4648 0.8842
973.0000 1200.7391 -1377.2974 -65.6821 0.0318 0.0351 -0.4651 0.8840
974.0000 1202.2711 -1379.5290 -65.9099 0.0321 0.0351 -0.4657 0.8837
975.0000 1203.7863 -1381.7285 -66.1394 0.0319 0.0348 -0.4664 0.8833
976.0000 1205.3227 -1383.9647 -66.3532 0.0313 0.0342 -0.4671 0.8830
977.0000 1206.8504 -1386.1850 -66.5642 0.0316 0.0338 -0.4677 0.8827
978.0000 1208.3660 -1388.4151 -66.7691 0.0322 0.0337 -0.4684 0.8823
979.0000 1209.8854 -1390.6556 -66.9771 0.0327 0.0336 -0.4692 0.8818
980.0000 1211.4097 -1392.9222 -67.2062 0.0328 0.0333 -0.4700 0.8814
981.0000 1212.9286 -1395.1646 -67.4247 0.0327 0.0330 -0.4707 0.8810
982.0000 1214.4261 -1397.3880 -67.6365 0.0330 0.0326 -0.4716 0.8806
983.0000 1215.9095 -1399.6169 -67.8437 0.0338 0.0327 -0.4725 0.8801
984.0000 1217.4207 -1401.8714 -68.0475 0.0342 0.0324 -0.4736 0.8795
985.0000 1218.9286 -1404.1327 -68.2517 0.0336 0.0317 -0.4746 0.8790
986.0000 1220.3963 -1406.3821 -68.4811 0.0335 0.0314 -0.4756 0.8784
987.0000 1221.8812 -1408.6612 -68.6982 0.0345 0.0314 -0.4766 0.8779
988.0000 1223.3683 -1410.9458 -68.9054 0.0356 0.0316 -0.4777 0.8772
989.0000 1224.8376 -1413.1918 -69.1105 0.0357 0.0319 -0.4789 0.8766
990.0000 1226.3034 -1415.4366 -69.3222 0.0347 0.0317 -0.4800 0.8760
991.0000 1227.7671 -1417.7263 -69.5474 0.0336 0.0313 -0.4812 0.8754
992.0000 1229.2151 -1420.0213 -69.7648 0.0333 0.0313 -0.4824 0.8748
993.0000 1230.6738 -1422.3072 -69.9771 0.0346 0.0314 -0.4835 0.8741
994.0000 1232.1167 -1424.5904 -70.1770 0.0364 0.0309 -0.4846 0.8734
995.0000 1233.5504 -1426.9034 -70.3803 0.0371 0.0303 -0.4856 0.8729
996.0000 1234.9821 -1429.2213 -70.5966 0.0373 0.0299 -0.4866 0.8723
997.0000 1236.4184 -1431.5328 -70.8336 0.0374 0.0299 -0.4876 0.8718
998.0000 1237.8423 -1433.8346 -71.0536 0.0371 0.0300 -0.4887 0.8712
999.0000 1239.2606 -1436.1474 -71.2613 0.0369 0.0299 -0.4898 0.8705
1000.0000 1240.6816 -1438.4693 -71.4707 0.0375 0.0293 -0.4909 0.8699
1001.0000 1242.1020 -1440.8139 -71.6839 0.0383 0.0291 -0.4918 0.8694
1002.0000 1243.5098 -1443.1496 -71.9016 0.0385 0.0289 -0.4928 0.8688
1003.0000 1244.9142 -1445.4846 -72.1147 0.0380 0.0288 -0.4940 0.8682
1004.0000 1246.3302 -1447.8501 -72.3362 0.0372 0.0288 -0.4953 0.8675
1005.0000 1247.7192 -1450.2026 -72.5677 0.0378 0.0289 -0.4964 0.8668
1006.0000 1249.0982 -1452.5456 -72.7796 0.0390 0.0285 -0.4974 0.8662
1007.0000 1250.4712 -1454.8990 -72.9784 0.0395 0.0277 -0.4983 0.8657
1008.0000 1251.8650 -1457.2843 -73.1744 0.0388 0.0276 -0.4992 0.8652
1009.0000 1253.2412 -1459.6594 -73.4018 0.0374 0.0283 -0.5002 0.8646
1010.0000 1254.6140 -1462.0214 -73.6341 0.0361 0.0291 -0.5014 0.8640
1011.0000 1255.9874 -1464.4101 -73.8564 0.0358 0.0289 -0.5025 0.8634
1012.0000 1257.3460 -1466.7931 -74.0507 0.0369 0.0281 -0.5034 0.8628
1013.0000 1258.7112 -1469.1890 -74.2492 0.0382 0.0274 -0.5043 0.8623
1014.0000 1260.0696 -1471.6010 -74.4536 0.0387 0.0268 -0.5051 0.8618
1015.0000 1261.4084 -1473.9856 -74.6755 0.0383 0.0268 -0.5059 0.8613
1016.0000 1262.7503 -1476.3854 -74.8996 0.0379 0.0273 -0.5069 0.8608
1017.0000 1264.1012 -1478.8084 -75.1169 0.0380 0.0275 -0.5079 0.8601
1018.0000 1265.4520 -1481.2285 -75.3229 0.0387 0.0272 -0.5090 0.8595
1019.0000 1266.7751 -1483.6274 -75.5180 0.0389 0.0266 -0.5101 0.8588
1020.0000 1268.0957 -1486.0330 -75.7252 0.0383 0.0264 -0.5111 0.8583
1021.0000 1269.4203 -1488.4626 -75.9411 0.0372 0.0265 -0.5121 0.8577
1022.0000 1270.7447 -1490.9009 -76.1630 0.0370 0.0267 -0.5132 0.8571
1023.0000 1272.0556 -1493.3318 -76.3727 0.0375 0.0267 -0.5142 0.8564
1024.0000 1273.3454 -1495.7521 -76.5593 0.0377 0.0261 -0.5153 0.8558
1025.0000 1274.6474 -1498.2038 -76.7688 0.0379 0.0256 -0.5163 0.8552
1026.0000 1275.9507 -1500.6717 -76.9790 0.0385 0.0256 -0.5173 0.8546
1027.0000 1277.2306 -1503.1233 -77.1782 0.0387 0.0259 -0.5184 0.8539
1028.0000 1278.5112 -1505.5555 -77.3797 0.0381 0.0264 -0.5194 0.8533
1029.0000 1279.7982 -1508.0080 -77.6028 0.0373 0.0274 -0.5204 0.8527
1030.0000 1281.0823 -1510.4777 -77.8197 0.0370 0.0274 -0.5215 0.8520
1031.0000 1282.3567 -1512.9619 -78.0300 0.0370 0.0270 -0.5226 0.8514
1032.0000 1283.5970 -1515.4233 -78.2299 0.0372 0.0264 -0.5237 0.8507
1033.0000 1284.8394 -1517.8836 -78.4313 0.0373 0.0258 -0.5248 0.8500
1034.0000 1286.0822 -1520.3542 -78.6351 0.0378 0.0258 -0.5258 0.8494
1035.0000 1287.3298 -1522.8415 -78.8422 0.0385 0.0257 -0.5269 0.8487
1036.0000 1288.5750 -1525.3197 -79.0386 0.0387 0.0265 -0.5279 0.8480
1037.0000 1289.7975 -1527.7865 -79.2526 0.0379 0.0270 -0.5290 0.8474
1038.0000 1291.0236 -1530.2764 -79.4757 0.0364 0.0265 -0.5301 0.8467
1039.0000 1292.2288 -1532.7594 -79.6722 0.0353 0.0257 -0.5313 0.8461
1040.0000 1293.4312 -1535.2422 -79.8625 0.0364 0.0251 -0.5324 0.8453
1041.0000 1294.6322 -1537.7459 -80.0597 0.0391 0.0247 -0.5333 0.8447
1042.0000 1295.8224 -1540.2495 -80.2594 0.0407 0.0242 -0.5342 0.8440
1043.0000 1297.0106 -1542.7678 -80.4507 0.0400 0.0237 -0.5354 0.8433
1044.0000 1298.1930 -1545.2666 -80.6622 0.0387 0.0240 -0.5367 0.8426
1045.0000 1299.3668 -1547.7406 -80.8746 0.0382 0.0248 -0.5378 0.8418
1046.0000 1300.5446 -1550.2357 -81.0851 0.0379 0.0257 -0.5389 0.8411
1047.0000 1301.7082 -1552.7593 -81.2803 0.0368 0.0258 -0.5400 0.8404
1048.0000 1302.8582 -1555.2835 -81.4826 0.0362 0.0250 -0.5414 0.8396
1049.0000 1303.9942 -1557.7895 -81.6916 0.0379 0.0247 -0.5426 0.8388
1050.0000 1305.1284 -1560.2951 -81.8865 0.0401 0.0248 -0.5436 0.8380
1051.0000 1306.2558 -1562.7983 -82.0817 0.0408 0.0246 -0.5448 0.8372
1052.0000 1307.3783 -1565.3332 -82.2908 0.0395 0.0242 -0.5461 0.8364
1053.0000 1308.4863 -1567.8535 -82.5040 0.0383 0.0237 -0.5475 0.8356
1054.0000 1309.5826 -1570.3655 -82.7128 0.0382 0.0236 -0.5489 0.8347
1055.0000 1310.6896 -1572.8975 -82.9068 0.0393 0.0234 -0.5503 0.8337
1056.0000 1311.7791 -1575.4295 -83.0896 0.0402 0.0228 -0.5515 0.8329
1057.0000 1312.8498 -1577.9478 -83.2847 0.0405 0.0225 -0.5528 0.8320
1058.0000 1313.9186 -1580.4703 -83.4840 0.0404 0.0223 -0.5541 0.8312
1059.0000 1314.9759 -1583.0229 -83.6885 0.0399 0.0223 -0.5554 0.8303
1060.0000 1316.0430 -1585.5833 -83.8988 0.0399 0.0222 -0.5568 0.8294
1061.0000 1317.0883 -1588.1254 -84.0958 0.0404 0.0220 -0.5580 0.8285
1062.0000 1318.1335 -1590.6718 -84.2807 0.0409 0.0221 -0.5591 0.8278
1063.0000 1319.1579 -1593.2066 -84.4831 0.0415 0.0220 -0.5605 0.8268
1064.0000 1320.1821 -1595.7677 -84.6856 0.0416 0.0217 -0.5619 0.8259
1065.0000 1321.1943 -1598.3481 -84.8898 0.0411 0.0214 -0.5632 0.8250
1066.0000 1322.2019 -1600.9016 -85.0870 0.0407 0.0211 -0.5645 0.8242
1067.0000 1323.1990 -1603.4501 -85.2755 0.0405 0.0208 -0.5656 0.8234
1068.0000 1324.1959 -1606.0192 -85.4701 0.0406 0.0209 -0.5666 0.8227
1069.0000 1325.1800 -1608.5865 -85.6698 0.0405 0.0210 -0.5677 0.8219
1070.0000 1326.1636 -1611.1729 -85.8678 0.0402 0.0211 -0.5689 0.8211
1071.0000 1327.1434 -1613.7602 -86.0655 0.0402 0.0213 -0.5700 0.8204
1072.0000 1328.1113 -1616.3334 -86.2550 0.0404 0.0216 -0.5711 0.8196
1073.0000 1329.0780 -1618.9069 -86.4565 0.0403 0.0218 -0.5721 0.8189
1074.0000 1330.0360 -1621.4932 -86.6557 0.0398 0.0218 -0.5732 0.8181
1075.0000 1330.9741 -1624.0809 -86.8647 0.0394 0.0220 -0.5743 0.8174
1076.0000 1331.9068 -1626.6686 -87.0581 0.0391 0.0221 -0.5754 0.8166
1077.0000 1332.8442 -1629.2567 -87.2555 0.0388 0.0219 -0.5764 0.8160
1078.0000 1333.7856 -1631.8499 -87.4542 0.0385 0.0220 -0.5774 0.8152
1079.0000 1334.7166 -1634.4533 -87.6439 0.0380 0.0223 -0.5785 0.8145
1080.0000 1335.6295 -1637.0615 -87.8327 0.0372 0.0222 -0.5797 0.8137
1081.0000 1336.5347 -1639.6633 -88.0294 0.0367 0.0219 -0.5808 0.8129
1082.0000 1337.4287 -1642.2764 -88.2499 0.0371 0.0223 -0.5818 0.8122
1083.0000 1338.3138 -1644.8897 -88.4348 0.0383 0.0223 -0.5829 0.8113
1084.0000 1339.1882 -1647.4957 -88.5776 0.0382 0.0214 -0.5842 0.8104
1085.0000 1340.0748 -1650.1109 -88.7668 0.0363 0.0209 -0.5856 0.8095
1086.0000 1340.9581 -1652.7361 -89.0073 0.0347 0.0216 -0.5870 0.8086
1087.0000 1341.8199 -1655.3467 -89.2296 0.0349 0.0224 -0.5883 0.8076
1088.0000 1342.6568 -1657.9674 -89.3884 0.0365 0.0223 -0.5896 0.8066
1089.0000 1343.4940 -1660.5932 -89.5352 0.0384 0.0217 -0.5909 0.8056
1090.0000 1344.3392 -1663.2363 -89.7124 0.0391 0.0208 -0.5922 0.8046
1091.0000 1345.1672 -1665.8670 -89.9163 0.0383 0.0200 -0.5936 0.8036
1092.0000 1345.9790 -1668.4920 -90.1174 0.0368 0.0200 -0.5949 0.8027
1093.0000 1346.7770 -1671.1012 -90.3113 0.0357 0.0207 -0.5962 0.8018
1094.0000 1347.5711 -1673.7367 -90.5084 0.0359 0.0212 -0.5975 0.8008
1095.0000 1348.3631 -1676.3837 -90.6808 0.0366 0.0208 -0.5989 0.7997
1096.0000 1349.1467 -1679.0297 -90.8417 0.0370 0.0201 -0.6003 0.7987
1097.0000 1349.9183 -1681.6744 -91.0277 0.0374 0.0200 -0.6014 0.7978
1098.0000 1350.6767 -1684.3166 -91.2272 0.0384 0.0197 -0.6024 0.7970
1099.0000 1351.4251 -1686.9640 -91.4160 0.0395 0.0191 -0.6036 0.7961
1100.0000 1352.1787 -1689.6145 -91.5909 0.0403 0.0188 -0.6048 0.7951
1101.0000 1352.9235 -1692.2650 -91.7741 0.0400 0.0191 -0.6060 0.7943
1102.0000 1353.6498 -1694.9068 -91.9732 0.0384 0.0195 -0.6072 0.7934
1103.0000 1354.3672 -1697.5561 -92.1721 0.0366 0.0198 -0.6083 0.7926
1104.0000 1355.0823 -1700.2212 -92.3605 0.0356 0.0199 -0.6095 0.7917
1105.0000 1355.7933 -1702.8753 -92.5302 0.0358 0.0200 -0.6108 0.7908
1106.0000 1356.4977 -1705.5203 -92.6930 0.0365 0.0205 -0.6119 0.7899
1107.0000 1357.1937 -1708.1670 -92.8747 0.0367 0.0207 -0.6128 0.7891
1108.0000 1357.8820 -1710.8202 -93.0576 0.0358 0.0205 -0.6139 0.7883
1109.0000 1358.5543 -1713.4803 -93.2546 0.0347 0.0200 -0.6150 0.7875
1110.0000 1359.2124 -1716.1415 -93.4366 0.0352 0.0194 -0.6161 0.7866
1111.0000 1359.8622 -1718.7870 -93.5952 0.0366 0.0192 -0.6170 0.7858
1112.0000 1360.5243 -1721.4420 -93.7611 0.0374 0.0194 -0.6180 0.7851
1113.0000 1361.1796 -1724.1052 -93.9552 0.0372 0.0193 -0.6190 0.7843
1114.0000 1361.8131 -1726.7666 -94.1507 0.0364 0.0191 -0.6201 0.7835
1115.0000 1362.4390 -1729.4199 -94.3310 0.0355 0.0189 -0.6211 0.7827
1116.0000 1363.0611 -1732.0732 -94.4921 0.0350 0.0187 -0.6220 0.7820
1117.0000 1363.6850 -1734.7344 -94.6670 0.0355 0.0188 -0.6229 0.7813
1118.0000 1364.2952 -1737.3939 -94.8333 0.0369 0.0192 -0.6239 0.7804
1119.0000 1364.8998 -1740.0326 -95.0001 0.0378 0.0195 -0.6249 0.7796
1120.0000 1365.4947 -1742.6713 -95.1701 0.0369 0.0191 -0.6260 0.7787
1121.0000 1366.0856 -1745.3185 -95.3435 0.0350 0.0191 -0.6271 0.7779
1122.0000 1366.6710 -1747.9786 -95.5392 0.0337 0.0199 -0.6283 0.7770
1123.0000 1367.2370 -1750.6194 -95.7219 0.0336 0.0209 -0.6295 0.7760
1124.0000 1367.7994 -1753.2588 -95.8878 0.0343 0.0213 -0.6307 0.7750
1125.0000 1368.3612 -1755.8955 -96.0464 0.0346 0.0208 -0.6318 0.7741
1126.0000 1368.9050 -1758.5470 -96.2103 0.0342 0.0203 -0.6331 0.7731
1127.0000 1369.4336 -1761.1904 -96.3873 0.0337 0.0200 -0.6343 0.7721
1128.0000 1369.9578 -1763.8220 -96.5672 0.0333 0.0201 -0.6353 0.7713
1129.0000 1370.4748 -1766.4455 -96.7450 0.0334 0.0205 -0.6365 0.7703
1130.0000 1370.9892 -1769.0922 -96.9076 0.0341 0.0204 -0.6378 0.7692
1131.0000 1371.4926 -1771.7428 -97.0606 0.0344 0.0201 -0.6394 0.7679
1132.0000 1371.9711 -1774.3710 -97.2233 0.0338 0.0201 -0.6411 0.7664
1133.0000 1372.4504 -1776.9999 -97.4023 0.0327 0.0208 -0.6429 0.7650
1134.0000 1372.9192 -1779.6412 -97.5955 0.0323 0.0214 -0.6447 0.7634
1135.0000 1373.3767 -1782.2776 -97.7712 0.0324 0.0213 -0.6468 0.7617
1136.0000 1373.8145 -1784.9083 -97.9267 0.0325 0.0207 -0.6487 0.7601
1137.0000 1374.2416 -1787.5482 -98.0729 0.0327 0.0205 -0.6505 0.7585
1138.0000 1374.6517 -1790.1886 -98.2489 0.0329 0.0208 -0.6523 0.7569
1139.0000 1375.0493 -1792.8126 -98.4376 0.0335 0.0209 -0.6541 0.7554
1140.0000 1375.4331 -1795.4415 -98.6066 0.0339 0.0208 -0.6560 0.7537
1141.0000 1375.8098 -1798.0854 -98.7657 0.0336 0.0207 -0.6579 0.7521
1142.0000 1376.1744 -1800.7239 -98.9357 0.0330 0.0209 -0.6596 0.7506
1143.0000 1376.5164 -1803.3557 -99.1255 0.0327 0.0213 -0.6613 0.7491
1144.0000 1376.8580 -1805.9916 -99.3050 0.0326 0.0214 -0.6631 0.7475
1145.0000 1377.1787 -1808.6284 -99.4647 0.0324 0.0213 -0.6649 0.7459
1146.0000 1377.4940 -1811.2535 -99.6283 0.0319 0.0217 -0.6666 0.7445
1147.0000 1377.7876 -1813.8727 -99.8168 0.0319 0.0221 -0.6679 0.7433
1148.0000 1378.0760 -1816.4869 -99.9971 0.0323 0.0215 -0.6689 0.7423
1149.0000 1378.3571 -1819.1018 -100.1438 0.0330 0.0206 -0.6697 0.7416
1150.0000 1378.6229 -1821.7317 -100.2993 0.0341 0.0199 -0.6705 0.7409
1151.0000 1378.8918 -1824.3544 -100.4654 0.0346 0.0196 -0.6711 0.7403
1152.0000 1379.1506 -1826.9868 -100.6499 0.0343 0.0195 -0.6719 0.7396
1153.0000 1379.3942 -1829.6093 -100.8393 0.0340 0.0195 -0.6726 0.7389
1154.0000 1379.6373 -1832.2041 -101.0028 0.0342 0.0192 -0.6733 0.7383
1155.0000 1379.8930 -1834.8045 -101.1495 0.0340 0.0195 -0.6738 0.7379
1156.0000 1380.1408 -1837.4254 -101.3205 0.0333 0.0200 -0.6741 0.7376
1157.0000 1380.3748 -1840.0461 -101.5086 0.0328 0.0197 -0.6745 0.7372
1158.0000 1380.5980 -1842.6588 -101.6754 0.0330 0.0193 -0.6750 0.7369
1159.0000 1380.8292 -1845.2705 -101.8310 0.0340 0.0193 -0.6751 0.7367
1160.0000 1381.0562 -1847.8692 -101.9753 0.0343 0.0195 -0.6753 0.7365
1161.0000 1381.2928 -1850.4610 -102.1416 0.0338 0.0198 -0.6757 0.7361
1162.0000 1381.5277 -1853.0504 -102.3338 0.0331 0.0201 -0.6760 0.7359
1163.0000 1381.7469 -1855.6464 -102.5137 0.0329 0.0202 -0.6764 0.7355
1164.0000 1381.9587 -1858.2557 -102.6722 0.0333 0.0198 -0.6767 0.7352
1165.0000 1382.1755 -1860.8453 -102.8181 0.0337 0.0195 -0.6772 0.7348
1166.0000 1382.3955 -1863.4150 -102.9679 0.0334 0.0192 -0.6775 0.7345
1167.0000 1382.6037 -1865.9832 -103.1446 0.0333 0.0192 -0.6777 0.7343
1168.0000 1382.8035 -1868.5753 -103.3195 0.0340 0.0196 -0.6778 0.7342
1169.0000 1383.0118 -1871.1409 -103.4894 0.0354 0.0189 -0.6781 0.7339
1170.0000 1383.2105 -1873.6877 -103.6277 0.0350 0.0177 -0.6787 0.7334
1171.0000 1383.4173 -1876.2477 -103.7751 0.0332 0.0173 -0.6791 0.7331
1172.0000 1383.6285 -1878.8215 -103.9516 0.0318 0.0182 -0.6795 0.7328
1173.0000 1383.8251 -1881.3774 -104.1321 0.0322 0.0193 -0.6798 0.7324
1174.0000 1384.0079 -1883.9322 -104.2829 0.0343 0.0204 -0.6802 0.7319
1175.0000 1384.1958 -1886.4784 -104.4152 0.0357 0.0203 -0.6808 0.7314
1176.0000 1384.3835 -1889.0268 -104.5641 0.0351 0.0192 -0.6812 0.7310
1177.0000 1384.5727 -1891.5962 -104.7410 0.0328 0.0183 -0.6818 0.7306
1178.0000 1384.7447 -1894.1282 -104.9207 0.0311 0.0183 -0.6827 0.7298
1179.0000 1384.9203 -1896.6415 -105.0870 0.0312 0.0194 -0.6839 0.7287
1180.0000 1385.0872 -1899.1663 -105.2407 0.0325 0.0204 -0.6851 0.7275
1181.0000 1385.2468 -1901.7138 -105.3851 0.0336 0.0205 -0.6861 0.7264
1182.0000 1385.3962 -1904.2606 -105.5284 0.0335 0.0201 -0.6871 0.7255
1183.0000 1385.5341 -1906.7746 -105.7023 0.0326 0.0192 -0.6883 0.7245
1184.0000 1385.6655 -1909.2715 -105.8676 0.0318 0.0192 -0.6895 0.7234
1185.0000 1385.7920 -1911.7940 -106.0244 0.0315 0.0196 -0.6904 0.7224
1186.0000 1385.9031 -1914.3097 -106.1746 0.0315 0.0198 -0.6914 0.7215
1187.0000 1386.0140 -1916.8263 -106.3198 0.0320 0.0198 -0.6924 0.7206
1188.0000 1386.1243 -1919.3281 -106.4737 0.0326 0.0197 -0.6934 0.7195
1189.0000 1386.2143 -1921.8239 -106.6302 0.0325 0.0197 -0.6945 0.7184
1190.0000 1386.2952 -1924.3142 -106.7931 0.0323 0.0197 -0.6955 0.7175
1191.0000 1386.3784 -1926.8170 -106.9509 0.0323 0.0194 -0.6965 0.7165
1192.0000 1386.4584 -1929.3137 -107.1043 0.0323 0.0193 -0.6975 0.7156
1193.0000 1386.5302 -1931.8023 -107.2511 0.0322 0.0195 -0.6984 0.7148
1194.0000 1386.5904 -1934.2749 -107.4015 0.0318 0.0196 -0.6993 0.7138
1195.0000 1386.6420 -1936.7374 -107.5590 0.0317 0.0198 -0.7002 0.7129
1196.0000 1386.6913 -1939.2107 -107.7094 0.0318 0.0197 -0.7010 0.7121
1197.0000 1386.7359 -1941.6843 -107.8449 0.0318 0.0195 -0.7018 0.7114
1198.0000 1386.7670 -1944.1518 -107.9977 0.0316 0.0190 -0.7026 0.7107
1199.0000 1386.7899 -1946.6162 -108.1590 0.0320 0.0191 -0.7033 0.7099
1200.0000 1386.8204 -1949.0567 -108.3152 0.0327 0.0198 -0.7040 0.7091
1201.0000 1386.8517 -1951.4837 -108.4655 0.0335 0.0198 -0.7049 0.7083
1202.0000 1386.8644 -1953.9141 -108.5970 0.0336 0.0193 -0.7055 0.7076
1203.0000 1386.8691 -1956.3205 -108.7331 0.0331 0.0188 -0.7061 0.7071
1204.0000 1386.8700 -1958.7293 -108.8851 -0.0326 -0.0187 0.7067 -0.7065
1205.0000 1386.8675 -1961.1233 -109.0432 -0.0327 -0.0196 0.7075 -0.7057
1206.0000 1386.8636 -1963.5059 -109.1934 -0.0331 -0.0203 0.7083 -0.7048
1207.0000 1386.8585 -1965.8750 -109.3167 -0.0327 -0.0201 0.7090 -0.7041
1208.0000 1386.8465 -1968.2361 -109.4512 -0.0324 -0.0201 0.7096 -0.7036
1209.0000 1386.8306 -1970.5840 -109.5975 -0.0333 -0.0203 0.7099 -0.7032
1210.0000 1386.8062 -1972.8938 -109.7400 -0.0347 -0.0202 0.7104 -0.7027
1211.0000 1386.7822 -1975.1813 -109.8746 -0.0352 -0.0196 0.7109 -0.7022
1212.0000 1386.7533 -1977.4624 -110.0127 -0.0350 -0.0191 0.7114 -0.7017
1213.0000 1386.7188 -1979.7237 -110.1621 -0.0345 -0.0188 0.7118 -0.7013
1214.0000 1386.6880 -1981.9606 -110.3058 -0.0343 -0.0186 0.7122 -0.7009
1215.0000 1386.6616 -1984.1840 -110.4293 -0.0343 -0.0187 0.7127 -0.7004
1216.0000 1386.6240 -1986.3950 -110.5535 -0.0346 -0.0192 0.7130 -0.7000
1217.0000 1386.5783 -1988.5932 -110.6875 -0.0350 -0.0193 0.7134 -0.6996
1218.0000 1386.5336 -1990.7673 -110.8228 -0.0349 -0.0189 0.7136 -0.6994
1219.0000 1386.4905 -1992.9101 -110.9578 -0.0347 -0.0184 0.7138 -0.6992
1220.0000 1386.4539 -1995.0370 -111.0909 -0.0348 -0.0182 0.7142 -0.6989
1221.0000 1386.4300 -1997.1364 -111.2111 -0.0350 -0.0186 0.7146 -0.6984
1222.0000 1386.3905 -1999.2309 -111.3323 -0.0351 -0.0191 0.7151 -0.6979
1223.0000 1386.3269 -2001.3159 -111.4629 -0.0343 -0.0192 0.7154 -0.6976
1224.0000 1386.2598 -2003.3646 -111.5815 -0.0334 -0.0190 0.7157 -0.6973
1225.0000 1386.1988 -2005.3794 -111.6924 -0.0334 -0.0189 0.7162 -0.6969
1226.0000 1386.1517 -2007.3904 -111.8092 -0.0341 -0.0192 0.7167 -0.6962
1227.0000 1386.1065 -2009.3908 -111.9259 -0.0344 -0.0196 0.7174 -0.6955
1228.0000 1386.0448 -2011.3828 -112.0460 -0.0340 -0.0198 0.7182 -0.6947
1229.0000 1385.9764 -2013.3277 -112.1670 -0.0333 -0.0197 0.7192 -0.6937
1230.0000 1385.9051 -2015.2599 -112.2808 -0.0328 -0.0198 0.7201 -0.6928
1231.0000 1385.8250 -2017.1616 -112.3860 -0.0330 -0.0199 0.7209 -0.6919
1232.0000 1385.7569 -2019.0414 -112.4843 -0.0335 -0.0201 0.7220 -0.6908
1233.0000 1385.6680 -2020.9118 -112.5973 -0.0340 -0.0204 0.7234 -0.6893
1234.0000 1385.5771 -2022.7663 -112.7114 -0.0338 -0.0209 0.7250 -0.6876
1235.0000 1385.4886 -2024.5719 -112.8211 -0.0326 -0.0217 0.7270 -0.6855
1236.0000 1385.3754 -2026.3529 -112.9320 -0.0312 -0.0224 0.7296 -0.6828
1237.0000 1385.2517 -2028.1113 -113.0278 -0.0305 -0.0229 0.7325 -0.6797
1238.0000 1385.1177 -2029.8230 -113.1253 -0.0312 -0.0232 0.7356 -0.6763
1239.0000 1384.9763 -2031.5061 -113.2192 -0.0322 -0.0234 0.7386 -0.6730
1240.0000 1384.8192 -2033.1790 -113.3197 -0.0321 -0.0232 0.7412 -0.6701
1241.0000 1384.6502 -2034.8203 -113.4214 -0.0308 -0.0226 0.7439 -0.6671
1242.0000 1384.4680 -2036.4631 -113.5310 -0.0296 -0.0225 0.7469 -0.6639
1243.0000 1384.2756 -2038.0804 -113.6193 -0.0291 -0.0230 0.7503 -0.6601
1244.0000 1384.0552 -2039.6566 -113.6979 -0.0288 -0.0239 0.7544 -0.6554
1245.0000 1383.8297 -2041.2149 -113.7793 -0.0287 -0.0247 0.7590 -0.6500
1246.0000 1383.5841 -2042.7622 -113.8772 -0.0283 -0.0252 0.7639 -0.6443
1247.0000 1383.3154 -2044.3062 -113.9716 -0.0272 -0.0250 0.7688 -0.6385
1248.0000 1383.0235 -2045.8318 -114.0664 -0.0260 -0.0246 0.7735 -0.6328
1249.0000 1382.7108 -2047.3067 -114.1509 -0.0257 -0.0251 0.7782 -0.6270
1250.0000 1382.3742 -2048.7760 -114.2477 -0.0272 -0.0262 0.7828 -0.6211
1251.0000 1382.0319 -2050.2170 -114.3061 -0.0273 -0.0291 0.7879 -0.6145
1252.0000 1381.6711 -2051.6558 -114.3803 -0.0248 -0.0309 0.7936 -0.6071
1253.0000 1381.2830 -2053.1029 -114.4889 -0.0200 -0.0319 0.7998 -0.5991
1254.0000 1380.8744 -2054.4996 -114.6091 -0.0150 -0.0330 0.8058 -0.5911
1255.0000 1380.4299 -2055.9053 -114.7305 -0.0126 -0.0342 0.8110 -0.5840
1256.0000 1379.9554 -2057.3091 -114.7876 -0.0143 -0.0358 0.8156 -0.5773
1257.0000 1379.4553 -2058.6934 -114.8244 -0.0179 -0.0372 0.8202 -0.5706
1258.0000 1378.9330 -2060.0447 -114.8805 -0.0208 -0.0376 0.8250 -0.5636
1259.0000 1378.3912 -2061.4125 -114.9737 -0.0196 -0.0370 0.8301 -0.5561
1260.0000 1377.8375 -2062.7627 -115.0772 -0.0139 -0.0347 0.8353 -0.5486
1261.0000 1377.2523 -2064.1019 -115.1858 -0.0083 -0.0331 0.8398 -0.5418
1262.0000 1376.6560 -2065.4188 -115.3210 -0.0082 -0.0337 0.8437 -0.5356
1263.0000 1376.0206 -2066.7059 -115.3403 -0.0123 -0.0364 0.8475 -0.5294
1264.0000 1375.3718 -2068.0226 -115.3306 -0.0141 -0.0379 0.8518 -0.5222
1265.0000 1374.7181 -2069.3364 -115.4025 -0.0119 -0.0380 0.8565 -0.5145
1266.0000 1374.0309 -2070.6055 -115.5213 -0.0079 -0.0377 0.8610 -0.5071
1267.0000 1373.3159 -2071.8655 -115.6176 -0.0052 -0.0347 0.8651 -0.5004
1268.0000 1372.5672 -2073.1081 -115.6526 -0.0056 -0.0287 0.8688 -0.4943
1269.0000 1371.8113 -2074.3164 -115.6132 -0.0052 -0.0230 0.8724 -0.4881
1270.0000 1371.0507 -2075.5160 -115.6228 -0.0006 -0.0218 0.8761 -0.4817
1271.0000 1370.2737 -2076.7373 -115.7334 0.0031 -0.0252 0.8799 -0.4746
1272.0000 1369.4584 -2077.9853 -115.8132 0.0030 -0.0291 0.8839 -0.4668
1273.0000 1368.6262 -2079.2121 -115.7796 0.0004 -0.0285 0.8880 -0.4590
1274.0000 1367.7745 -2080.3866 -115.7238 -0.0013 -0.0243 0.8922 -0.4511
1275.0000 1366.9003 -2081.5236 -115.7398 -0.0014 -0.0208 0.8962 -0.4431
1276.0000 1365.9967 -2082.6690 -115.8179 -0.0013 -0.0206 0.9003 -0.4347
1277.0000 1365.0627 -2083.8137 -115.8587 -0.0008 -0.0219 0.9044 -0.4261
1278.0000 1364.1208 -2084.9525 -115.8480 0.0006 -0.0219 0.9084 -0.4175
1279.0000 1363.1614 -2086.0558 -115.8423 0.0017 -0.0209 0.9123 -0.4090
1280.0000 1362.1775 -2087.1318 -115.8648 0.0005 -0.0190 0.9159 -0.4009
1281.0000 1361.1633 -2088.1948 -115.8831 -0.0022 -0.0174 0.9194 -0.3930
1282.0000 1360.1399 -2089.2684 -115.8856 -0.0034 -0.0158 0.9227 -0.3851
1283.0000 1359.0858 -2090.3345 -115.8855 -0.0021 -0.0148 0.9259 -0.3775
1284.0000 1358.0220 -2091.3557 -115.9041 -0.0000 -0.0150 0.9286 -0.3707
1285.0000 1356.9438 -2092.3482 -115.9173 0.0018 -0.0164 0.9310 -0.3646
1286.0000 1355.8679 -2093.3325 -115.9185 0.0034 -0.0174 0.9334 -0.3585
1287.0000 1354.7740 -2094.3460 -115.9258 0.0054 -0.0186 0.9359 -0.3516
1288.0000 1353.6546 -2095.3412 -115.9138 0.0078 -0.0188 0.9384 -0.3449
1289.0000 1352.5146 -2096.2970 -115.8938 0.0095 -0.0178 0.9405 -0.3392
1290.0000 1351.3709 -2097.2185 -115.8595 0.0108 -0.0157 0.9421 -0.3348
1291.0000 1350.2198 -2098.1229 -115.8297 0.0114 -0.0140 0.9434 -0.3310
1292.0000 1349.0540 -2099.0353 -115.8106 0.0115 -0.0140 0.9449 -0.3268
1293.0000 1347.8840 -2099.9658 -115.7850 0.0117 -0.0153 0.9466 -0.3218
1294.0000 1346.7067 -2100.8839 -115.7472 0.0131 -0.0175 0.9483 -0.3165
1295.0000 1345.5223 -2101.8005 -115.7152 0.0157 -0.0197 0.9498 -0.3117
1296.0000 1344.3144 -2102.6917 -115.6893 0.0171 -0.0215 0.9509 -0.3083
1297.0000 1343.1127 -2103.5550 -115.6613 0.0164 -0.0222 0.9516 -0.3060
1298.0000 1341.9304 -2104.3961 -115.6054 0.0154 -0.0217 0.9523 -0.3039
1299.0000 1340.7314 -2105.2618 -115.5520 0.0157 -0.0217 0.9531 -0.3016
1300.0000 1339.4982 -2106.1400 -115.5203 0.0170 -0.0239 0.9536 -0.2995
1301.0000 1338.2666 -2107.0023 -115.5099 0.0179 -0.0273 0.9540 -0.2981
1302.0000 1337.0564 -2107.8448 -115.4842 0.0180 -0.0304 0.9541 -0.2973
1303.0000 1335.8470 -2108.7130 -115.4398 0.0179 -0.0314 0.9544 -0.2962
1304.0000 1334.6303 -2109.5780 -115.3882 0.0180 -0.0316 0.9548 -0.2951
1305.0000 1333.3915 -2110.4338 -115.3502 0.0190 -0.0333 0.9551 -0.2940
1306.0000 1332.1638 -2111.2642 -115.3267 0.0200 -0.0341 0.9551 -0.2937
1307.0000 1330.9561 -2112.1027 -115.2962 0.0210 -0.0348 0.9548 -0.2943
1308.0000 1329.7249 -2112.9554 -115.2496 0.0219 -0.0362 0.9547 -0.2945
1309.0000 1328.4747 -2113.7968 -115.2108 0.0220 -0.0378 0.9547 -0.2945
1310.0000 1327.2476 -2114.6504 -115.1780 0.0211 -0.0396 0.9547 -0.2943
1311.0000 1326.0245 -2115.5222 -115.1404 0.0204 -0.0412 0.9546 -0.2942
1312.0000 1324.8149 -2116.3878 -115.1003 0.0211 -0.0415 0.9543 -0.2951
1313.0000 1323.5735 -2117.2417 -115.0603 0.0235 -0.0427 0.9537 -0.2968
1314.0000 1322.3377 -2118.0830 -115.0356 0.0260 -0.0448 0.9528 -0.2990
1315.0000 1321.1278 -2118.9335 -115.0009 0.0269 -0.0460 0.9519 -0.3016
1316.0000 1319.9129 -2119.8286 -114.9420 0.0269 -0.0465 0.9512 -0.3040
1317.0000 1318.7002 -2120.7321 -114.8925 0.0268 -0.0464 0.9503 -0.3066
1318.0000 1317.4955 -2121.6114 -114.8519 0.0269 -0.0476 0.9492 -0.3098
1319.0000 1316.3051 -2122.5015 -114.8260 0.0265 -0.0482 0.9479 -0.3137
1320.0000 1315.1254 -2123.4180 -114.7937 0.0261 -0.0482 0.9464 -0.3184
1321.0000 1313.9300 -2124.3574 -114.7412 0.0262 -0.0475 0.9446 -0.3237
1322.0000 1312.7473 -2125.2859 -114.6863 0.0269 -0.0475 0.9427 -0.3292
1323.0000 1311.5920 -2126.2288 -114.6513 0.0281 -0.0480 0.9407 -0.3346
1324.0000 1310.4488 -2127.1940 -114.6269 0.0289 -0.0487 0.9386 -0.3405
1325.0000 1309.3063 -2128.1784 -114.5963 0.0288 -0.0492 0.9364 -0.3464
1326.0000 1308.1729 -2129.1628 -114.5534 0.0282 -0.0495 0.9340 -0.3527
1327.0000 1307.0594 -2130.1633 -114.5069 0.0273 -0.0489 0.9316 -0.3592
1328.0000 1305.9646 -2131.1855 -114.4648 0.0269 -0.0486 0.9293 -0.3652
1329.0000 1304.8647 -2132.2235 -114.4464 0.0268 -0.0486 0.9267 -0.3716
1330.0000 1303.7914 -2133.2875 -114.4176 0.0270 -0.0482 0.9241 -0.3781
1331.0000 1302.7172 -2134.3603 -114.3798 0.0275 -0.0479 0.9213 -0.3849
1332.0000 1301.6760 -2135.4401 -114.3534 0.0274 -0.0480 0.9185 -0.3916
1333.0000 1300.6631 -2136.5335 -114.3299 0.0267 -0.0480 0.9157 -0.3981
1334.0000 1299.6516 -2137.6515 -114.3027 0.0264 -0.0471 0.9129 -0.4046
1335.0000 1298.6364 -2138.7774 -114.2756 0.0264 -0.0462 0.9099 -0.4114
1336.0000 1297.6509 -2139.9242 -114.2533 0.0264 -0.0456 0.9069 -0.4180
1337.0000 1296.6828 -2141.0758 -114.2352 0.0260 -0.0451 0.9040 -0.4243
1338.0000 1295.7491 -2142.2430 -114.2169 0.0253 -0.0446 0.9012 -0.4304
1339.0000 1294.8105 -2143.4311 -114.1919 0.0249 -0.0438 0.8984 -0.4363
1340.0000 1293.8777 -2144.6269 -114.1633 0.0247 -0.0433 0.8958 -0.4418
1341.0000 1292.9563 -2145.8271 -114.1562 0.0242 -0.0431 0.8934 -0.4464
1342.0000 1292.0600 -2147.0466 -114.1398 0.0236 -0.0430 0.8916 -0.4502
1343.0000 1291.1784 -2148.2712 -114.1251 0.0227 -0.0425 0.8900 -0.4533
1344.0000 1290.3087 -2149.5068 -114.1153 0.0223 -0.0424 0.8886 -0.4562
1345.0000 1289.4286 -2150.7346 -114.1014 0.0221 -0.0426 0.8872 -0.4588
1346.0000 1288.5433 -2151.9815 -114.0902 0.0217 -0.0428 0.8859 -0.4614
1347.0000 1287.6835 -2153.2250 -114.0850 0.0209 -0.0429 0.8846 -0.4638
1348.0000 1286.8478 -2154.4780 -114.0811 0.0203 -0.0424 0.8834 -0.4663
1349.0000 1286.0046 -2155.7285 -114.0691 0.0208 -0.0424 0.8820 -0.4689
1350.0000 1285.1605 -2156.9834 -114.0669 0.0214 -0.0436 0.8807 -0.4713
1351.0000 1284.3342 -2158.2523 -114.0784 0.0209 -0.0448 0.8795 -0.4734
1352.0000 1283.5116 -2159.5266 -114.0736 0.0205 -0.0444 0.8786 -0.4751
1353.0000 1282.6866 -2160.7970 -114.0599 0.0205 -0.0438 0.8777 -0.4768
1354.0000 1281.8741 -2162.0714 -114.0549 0.0203 -0.0436 0.8767 -0.4786
1355.0000 1281.0656 -2163.3358 -114.0755 0.0190 -0.0437 0.8757 -0.4805
1356.0000 1280.2579 -2164.6047 -114.0899 0.0171 -0.0430 0.8749 -0.4822
1357.0000 1279.4592 -2165.8790 -114.0755 0.0166 -0.0409 0.8741 -0.4837
1358.0000 1278.6624 -2167.1607 -114.0637 0.0172 -0.0382 0.8732 -0.4855
1359.0000 1277.8686 -2168.4362 -114.0632 0.0175 -0.0354 0.8722 -0.4876
1360.0000 1277.0781 -2169.7055 -114.0559 0.0168 -0.0333 0.8712 -0.4896
1361.0000 1276.3039 -2170.9746 -114.0532 0.0147 -0.0319 0.8703 -0.4913
1362.0000 1275.5419 -2172.2461 -114.0536 0.0125 -0.0312 0.8696 -0.4927
1363.0000 1274.7784 -2173.5445 -114.0585 0.0118 -0.0305 0.8687 -0.4943
1364.0000 1274.0089 -2174.8355 -114.0667 0.0118 -0.0300 0.8678 -0.4959
1365.0000 1273.2470 -2176.1226 -114.0755 0.0106 -0.0282 0.8669 -0.4976
1366.0000 1272.4990 -2177.3962 -114.0633 0.0088 -0.0253 0.8659 -0.4995
1367.0000 1271.7628 -2178.6786 -114.0495 0.0074 -0.0235 0.8650 -0.5012
1368.0000 1271.0217 -2179.9618 -114.0547 0.0063 -0.0237 0.8641 -0.5028
1369.0000 1270.2899 -2181.2482 -114.0809 0.0057 -0.0240 0.8634 -0.5039
1370.0000 1269.5710 -2182.5370 -114.0943 0.0061 -0.0237 0.8628 -0.5049
1371.0000 1268.8439 -2183.8352 -114.0948 0.0068 -0.0230 0.8621 -0.5063
1372.0000 1268.1301 -2185.1163 -114.0954 0.0066 -0.0217 0.8612 -0.5078
1373.0000 1267.4185 -2186.3926 -114.1024 0.0058 -0.0198 0.8604 -0.5093
1374.0000 1266.7018 -2187.6890 -114.1044 0.0051 -0.0180 0.8596 -0.5106
1375.0000 1266.0020 -2188.9964 -114.0987 0.0043 -0.0170 0.8590 -0.5117
1376.0000 1265.3071 -2190.2899 -114.1088 0.0032 -0.0169 0.8586 -0.5123
1377.0000 1264.6148 -2191.5623 -114.1155 0.0027 -0.0173 0.8587 -0.5122
1378.0000 1263.9197 -2192.8539 -114.1296 0.0031 -0.0177 0.8592 -0.5114
1379.0000 1263.2198 -2194.1471 -114.1372 0.0034 -0.0176 0.8597 -0.5105
1380.0000 1262.5145 -2195.4317 -114.1363 0.0027 -0.0173 0.8600 -0.5099
1381.0000 1261.8114 -2196.7047 -114.1483 0.0019 -0.0170 0.8601 -0.5099
1382.0000 1261.1273 -2197.9857 -114.1649 0.0013 -0.0165 0.8601 -0.5099
1383.0000 1260.4420 -2199.2671 -114.1719 0.0015 -0.0161 0.8603 -0.5095
1384.0000 1259.7382 -2200.5414 -114.1799 0.0019 -0.0157 0.8607 -0.5089
1385.0000 1259.0277 -2201.8098 -114.1886 0.0019 -0.0157 0.8608 -0.5086
1386.0000 1258.3253 -2203.0706 -114.1931 0.0017 -0.0154 0.8609 -0.5085
1387.0000 1257.6369 -2204.3327 -114.1943 0.0018 -0.0152 0.8612 -0.5081
1388.0000 1256.9462 -2205.6077 -114.2038 0.0015 -0.0151 0.8614 -0.5076
1389.0000 1256.2486 -2206.8694 -114.2072 0.0012 -0.0155 0.8616 -0.5073
1390.0000 1255.5493 -2208.1220 -114.2258 0.0008 -0.0153 0.8618 -0.5070
1391.0000 1254.8491 -2209.3779 -114.2310 0.0008 -0.0149 0.8620 -0.5067
1392.0000 1254.1579 -2210.6230 -114.2270 0.0013 -0.0153 0.8623 -0.5062
1393.0000 1253.4657 -2211.8666 -114.2318 0.0017 -0.0158 0.8625 -0.5058
1394.0000 1252.7806 -2213.1035 -114.2467 0.0018 -0.0161 0.8627 -0.5055
1395.0000 1252.0959 -2214.3292 -114.2528 0.0018 -0.0158 0.8629 -0.5052
1396.0000 1251.3996 -2215.5464 -114.2492 0.0018 -0.0153 0.8631 -0.5048
1397.0000 1250.7159 -2216.7590 -114.2475 0.0015 -0.0147 0.8634 -0.5042
1398.0000 1250.0342 -2217.9705 -114.2496 0.0014 -0.0145 0.8637 -0.5038
1399.0000 1249.3655 -2219.1702 -114.2563 0.0015 -0.0150 0.8640 -0.5033
1400.0000 1248.7035 -2220.3560 -114.2640 0.0014 -0.0153 0.8644 -0.5026
1401.0000 1248.0306 -2221.5256 -114.2584 0.0016 -0.0156 0.8648 -0.5019
1402.0000 1247.3674 -2222.6851 -114.2577 0.0020 -0.0159 0.8652 -0.5011
1403.0000 1246.7046 -2223.8435 -114.2529 0.0032 -0.0168 0.8657 -0.5004
1404.0000 1246.0611 -2224.9822 -114.2456 0.0041 -0.0182 0.8661 -0.4994
1405.0000 1245.4081 -2226.1084 -114.2488 0.0038 -0.0199 0.8667 -0.4984
1406.0000 1244.7555 -2227.2238 -114.2668 0.0020 -0.0207 0.8671 -0.4977
1407.0000 1244.1209 -2228.3342 -114.2683 0.0005 -0.0205 0.8675 -0.4970
1408.0000 1243.4987 -2229.4181 -114.2597 0.0007 -0.0199 0.8678 -0.4965
1409.0000 1242.8769 -2230.4698 -114.2529 0.0020 -0.0196 0.8682 -0.4958
1410.0000 1242.2608 -2231.5103 -114.2724 0.0025 -0.0196 0.8685 -0.4952
1411.0000 1241.6397 -2232.5390 -114.2783 0.0016 -0.0198 0.8689 -0.4945
1412.0000 1241.0348 -2233.5609 -114.2716 0.0006 -0.0198 0.8693 -0.4939
1413.0000 1240.4452 -2234.5546 -114.2600 0.0003 -0.0195 0.8695 -0.4935
1414.0000 1239.8537 -2235.5348 -114.2651 0.0001 -0.0197 0.8698 -0.4930
1415.0000 1239.2827 -2236.5045 -114.2834 -0.0002 -0.0208 0.8703 -0.4921
1416.0000 1238.7259 -2237.4564 -114.2912 -0.0004 -0.0219 0.8708 -0.4911
1417.0000 1238.1704 -2238.3820 -114.3037 -0.0001 -0.0221 0.8713 -0.4902
1418.0000 1237.6057 -2239.3001 -114.3013 0.0006 -0.0209 0.8718 -0.4894
1419.0000 1237.0542 -2240.1928 -114.2954 0.0003 -0.0206 0.8722 -0.4887
1420.0000 1236.5056 -2241.0771 -114.3104 -0.0017 -0.0213 0.8727 -0.4878
1421.0000 1235.9636 -2241.9490 -114.3166 -0.0033 -0.0219 0.8731 -0.4871
1422.0000 1235.4361 -2242.7953 -114.3160 -0.0019 -0.0214 0.8735 -0.4863
1423.0000 1234.9245 -2243.6312 -114.3239 0.0006 -0.0207 0.8740 -0.4854
1424.0000 1234.4190 -2244.4650 -114.3365 0.0011 -0.0210 0.8744 -0.4847
1425.0000 1233.9065 -2245.2883 -114.3560 0.0001 -0.0221 0.8750 -0.4836
1426.0000 1233.3955 -2246.0899 -114.3578 -0.0011 -0.0225 0.8756 -0.4824
1427.0000 1232.8983 -2246.8817 -114.3513 -0.0009 -0.0237 0.8763 -0.4812
1428.0000 1232.4098 -2247.6537 -114.3492 0.0002 -0.0252 0.8770 -0.4798
1429.0000 1231.9228 -2248.4064 -114.3783 0.0008 -0.0256 0.8776 -0.4786
1430.0000 1231.4511 -2249.1434 -114.4024 0.0000 -0.0250 0.8782 -0.4776
1431.0000 1230.9969 -2249.8575 -114.3905 -0.0011 -0.0241 0.8788 -0.4766
1432.0000 1230.5373 -2250.5611 -114.3715 -0.0014 -0.0231 0.8790 -0.4762
1433.0000 1230.0889 -2251.2432 -114.3822 -0.0017 -0.0230 0.8789 -0.4764
1434.0000 1229.6570 -2251.8854 -114.4091 -0.0025 -0.0233 0.8788 -0.4766
1435.0000 1229.2361 -2252.5282 -114.4112 -0.0032 -0.0236 0.8788 -0.4766
1436.0000 1228.8321 -2253.1642 -114.4042 -0.0032 -0.0240 0.8790 -0.4763
1437.0000 1228.4342 -2253.7879 -114.4114 -0.0023 -0.0248 0.8793 -0.4756
1438.0000 1228.0556 -2254.3854 -114.4414 -0.0016 -0.0254 0.8796 -0.4750
1439.0000 1227.6841 -2254.9359 -114.4609 -0.0018 -0.0254 0.8799 -0.4744
1440.0000 1227.3246 -2255.4792 -114.4465 -0.0021 -0.0253 0.8802 -0.4740
1441.0000 1226.9827 -2256.0177 -114.4258 -0.0010 -0.0262 0.8803 -0.4736
1442.0000 1226.6398 -2256.5451 -114.4450 0.0006 -0.0272 0.8806 -0.4731
1443.0000 1226.3211 -2257.0337 -114.4808 0.0011 -0.0275 0.8808 -0.4728
1444.0000 1226.0123 -2257.4877 -114.4836 0.0003 -0.0274 0.8809 -0.4725
1445.0000 1225.7132 -2257.9321 -114.4551 -0.0005 -0.0276 0.8811 -0.4721
1446.0000 1225.4271 -2258.3882 -114.4394 -0.0009 -0.0292 0.8813 -0.4716
1447.0000 1225.1562 -2258.8066 -114.4609 0.0004 -0.0316 0.8815 -0.4712
1448.0000 1224.9031 -2259.1908 -114.5120 0.0018 -0.0322 0.8816 -0.4709
1449.0000 1224.6631 -2259.5529 -114.5261 0.0014 -0.0322 0.8817 -0.4708
1450.0000 1224.4271 -2259.9137 -114.4874 -0.0005 -0.0324 0.8817 -0.4706
1451.0000 1224.1995 -2260.2540 -114.4534 -0.0015 -0.0333 0.8818 -0.4704
1452.0000 1223.9842 -2260.5657 -114.4737 -0.0003 -0.0342 0.8819 -0.4701
1453.0000 1223.7907 -2260.8528 -114.5141 0.0017 -0.0345 0.8821 -0.4698
1454.0000 1223.6102 -2261.1449 -114.5382 0.0029 -0.0346 0.8822 -0.4697
1455.0000 1223.4385 -2261.4133 -114.5219 0.0028 -0.0344 0.8822 -0.4696
1456.0000 1223.2747 -2261.6563 -114.4996 0.0024 -0.0342 0.8822 -0.4697
1457.0000 1223.1218 -2261.8774 -114.4958 0.0027 -0.0341 0.8823 -0.4695
1458.0000 1222.9684 -2262.0855 -114.5220 0.0036 -0.0341 0.8824 -0.4693
1459.0000 1222.8411 -2262.2898 -114.5389 0.0042 -0.0343 0.8825 -0.4690
1460.0000 1222.7249 -2262.4935 -114.5302 0.0048 -0.0347 0.8826 -0.4688
1461.0000 1222.6099 -2262.6714 -114.5252 0.0050 -0.0350 0.8827 -0.4686
1462.0000 1222.4930 -2262.8146 -114.5250 0.0049 -0.0347 0.8828 -0.4685
1463.0000 1222.3930 -2262.9441 -114.5190 0.0052 -0.0342 0.8829 -0.4682
1464.0000 1222.3071 -2263.0851 -114.5176 0.0060 -0.0338 0.8832 -0.4678
1465.0000 1222.2324 -2263.2112 -114.5264 0.0072 -0.0338 0.8832 -0.4676
1466.0000 1222.1560 -2263.3242 -114.5439 0.0083 -0.0336 0.8833 -0.4675
1467.0000 1222.0702 -2263.4333 -114.5465 0.0091 -0.0331 0.8834 -0.4673
1468.0000 1221.9809 -2263.5486 -114.5394 0.0092 -0.0328 0.8836 -0.4671
1469.0000 1221.9077 -2263.6763 -114.5304 0.0088 -0.0329 0.8836 -0.4670
1470.0000 1221.8361 -2263.7843 -114.5310 0.0089 -0.0328 0.8835 -0.4671
1471.0000 1221.7595 -2263.8991 -114.5382 0.0099 -0.0320 0.8834 -0.4675
1472.0000 1221.6783 -2264.0176 -114.5454 0.0111 -0.0311 0.8831 -0.4681
1473.0000 1221.5955 -2264.1318 -114.5446 0.0117 -0.0306 0.8824 -0.4693
1474.0000 1221.5101 -2264.2584 -114.5434 0.0119 -0.0305 0.8815 -0.4711
1475.0000 1221.4200 -2264.4084 -114.5441 0.0120 -0.0302 0.8801 -0.4736
1476.0000 1221.3219 -2264.5774 -114.5487 0.0122 -0.0297 0.8780 -0.4775
1477.0000 1221.2265 -2264.7504 -114.5530 0.0123 -0.0287 0.8754 -0.4824
1478.0000 1221.1111 -2264.9280 -114.5524 0.0126 -0.0273 0.8722 -0.4883
1479.0000 1220.9942 -2265.1416 -114.5435 0.0132 -0.0259 0.8684 -0.4951
1480.0000 1220.9025 -2265.3716 -114.5285 0.0144 -0.0255 0.8640 -0.5026
1481.0000 1220.7933 -2265.6150 -114.5416 0.0161 -0.0258 0.8591 -0.5109
1482.0000 1220.6792 -2265.8577 -114.5695 0.0178 -0.0258 0.8536 -0.5200
1483.0000 1220.5550 -2266.1241 -114.5870 0.0188 -0.0246 0.8476 -0.5298
1484.0000 1220.4307 -2266.4310 -114.5653 0.0180 -0.0234 0.8410 -0.5402
1485.0000 1220.3145 -2266.7559 -114.5453 0.0160 -0.0236 0.8338 -0.5513
1486.0000 1220.2074 -2267.0870 -114.5516 0.0145 -0.0239 0.8261 -0.5629
1487.0000 1220.1088 -2267.4240 -114.5684 0.0146 -0.0240 0.8178 -0.5748
1488.0000 1220.0053 -2267.7987 -114.5918 0.0153 -0.0245 0.8091 -0.5869
1489.0000 1219.9021 -2268.2134 -114.6109 0.0137 -0.0260 0.8001 -0.5991
1490.0000 1219.8163 -2268.6443 -114.6020 0.0097 -0.0287 0.7904 -0.6119
1491.0000 1219.7511 -2269.0721 -114.6101 0.0051 -0.0296 0.7797 -0.6255
1492.0000 1219.6944 -2269.4987 -114.5894 0.0036 -0.0288 0.7678 -0.6400
1493.0000 1219.6556 -2269.9456 -114.5915 0.0052 -0.0268 0.7550 -0.6552
1494.0000 1219.6273 -2270.4283 -114.6232 0.0076 -0.0266 0.7413 -0.6706
1495.0000 1219.6290 -2270.9289 -114.6826 0.0081 -0.0275 0.7270 -0.6860
1496.0000 1219.6456 -2271.4450 -114.7233 0.0060 -0.0280 0.7118 -0.7018
1497.0000 1219.6690 -2271.9795 -114.7155 -0.0022 0.0268 -0.6955 0.7180
1498.0000 1219.7380 -2272.5141 -114.6766 0.0007 0.0257 -0.6783 0.7343
1499.0000 1219.8366 -2273.0663 -114.6881 0.0018 0.0263 -0.6603 0.7505
1500.0000 1219.9715 -2273.6460 -114.7636 0.0019 0.0283 -0.6415 0.7666
1501.0000 1220.1318 -2274.2342 -114.8591 0.0026 0.0291 -0.6220 0.7824
1502.0000 1220.3206 -2274.8305 -114.8811 0.0049 0.0278 -0.6015 0.7984
1503.0000 1220.5315 -2275.4167 -114.8487 0.0080 0.0267 -0.5802 0.8140
1504.0000 1220.7946 -2275.9991 -114.8632 0.0103 0.0266 -0.5589 0.8287
1505.0000 1221.1022 -2276.5897 -114.9324 0.0102 0.0271 -0.5375 0.8428
1506.0000 1221.4428 -2277.1953 -114.9971 0.0091 0.0273 -0.5160 0.8561
1507.0000 1221.8220 -2277.7899 -115.0383 0.0090 0.0273 -0.4946 0.8686
1508.0000 1222.2255 -2278.3646 -115.0653 0.0096 0.0274 -0.4738 0.8801
1509.0000 1222.6657 -2278.9348 -115.1019 0.0095 0.0272 -0.4540 0.8905
1510.0000 1223.1462 -2279.5137 -115.1506 0.0092 0.0272 -0.4353 0.8998
1511.0000 1223.6646 -2280.1173 -115.2060 0.0098 0.0271 -0.4178 0.9081
1512.0000 1224.2002 -2280.7082 -115.2473 0.0108 0.0276 -0.4013 0.9155
1513.0000 1224.7746 -2281.2778 -115.2949 0.0117 0.0286 -0.3854 0.9223
1514.0000 1225.3853 -2281.8251 -115.3487 0.0122 0.0291 -0.3699 0.9286
1515.0000 1226.0257 -2282.3559 -115.4054 0.0124 0.0288 -0.3548 0.9344
1516.0000 1226.6620 -2282.8933 -115.4556 0.0127 0.0287 -0.3408 0.9396
1517.0000 1227.3437 -2283.4526 -115.5029 0.0132 0.0289 -0.3283 0.9440
1518.0000 1228.0696 -2283.9886 -115.5616 0.0132 0.0292 -0.3172 0.9478
1519.0000 1228.8226 -2284.4955 -115.6196 0.0130 0.0288 -0.3070 0.9512
1520.0000 1229.5932 -2285.0011 -115.6757 0.0124 0.0283 -0.2973 0.9543
1521.0000 1230.3844 -2285.5358 -115.7454 0.0120 0.0286 -0.2884 0.9570
1522.0000 1231.1956 -2286.0672 -115.8096 0.0123 0.0293 -0.2811 0.9592
1523.0000 1232.0312 -2286.5811 -115.8655 0.0126 0.0295 -0.2750 0.9609
1524.0000 1232.8961 -2287.0995 -115.9236 0.0120 0.0294 -0.2701 0.9623
1525.0000 1233.7835 -2287.6236 -115.9889 0.0107 0.0290 -0.2666 0.9633
1526.0000 1234.6910 -2288.1554 -116.0601 0.0096 0.0293 -0.2645 0.9639
1527.0000 1235.6169 -2288.7013 -116.1385 0.0094 0.0297 -0.2637 0.9641
1528.0000 1236.5563 -2289.2463 -116.2026 0.0099 0.0301 -0.2639 0.9640
1529.0000 1237.5067 -2289.7961 -116.2650 0.0105 0.0310 -0.2641 0.9639
1530.0000 1238.4753 -2290.3608 -116.3378 0.0116 0.0319 -0.2639 0.9640
1531.0000 1239.4351 -2290.9214 -116.4064 0.0123 0.0326 -0.2630 0.9642
1532.0000 1240.3973 -2291.4837 -116.4783 0.0120 0.0329 -0.2623 0.9643
1533.0000 1241.3687 -2292.0451 -116.5570 0.0114 0.0326 -0.2621 0.9644
1534.0000 1242.3844 -2292.6364 -116.6344 0.0108 0.0317 -0.2618 0.9645
1535.0000 1243.3931 -2293.2321 -116.7089 0.0106 0.0309 -0.2615 0.9646
1536.0000 1244.4011 -2293.8180 -116.7782 0.0107 0.0308 -0.2609 0.9648
1537.0000 1245.4277 -2294.3915 -116.8488 0.0108 0.0311 -0.2603 0.9650
1538.0000 1246.4737 -2294.9930 -116.9244 0.0111 0.0309 -0.2599 0.9651
1539.0000 1247.5427 -2295.6075 -117.0040 0.0106 0.0306 -0.2595 0.9652
1540.0000 1248.6123 -2296.2202 -117.0950 0.0104 0.0308 -0.2591 0.9653
1541.0000 1249.6936 -2296.8379 -117.1731 0.0099 0.0315 -0.2585 0.9655
1542.0000 1250.7854 -2297.4663 -117.2484 0.0094 0.0314 -0.2578 0.9656
1543.0000 1251.9000 -2298.0861 -117.3227 0.0091 0.0305 -0.2572 0.9658
1544.0000 1253.0240 -2298.7210 -117.4048 0.0084 0.0306 -0.2568 0.9659
1545.0000 1254.1609 -2299.3775 -117.4975 0.0082 0.0317 -0.2562 0.9661
1546.0000 1255.3085 -2300.0237 -117.5796 0.0083 0.0325 -0.2557 0.9662
1547.0000 1256.4841 -2300.6714 -117.6566 0.0082 0.0321 -0.2551 0.9663
1548.0000 1257.6544 -2301.3232 -117.7392 0.0079 0.0317 -0.2545 0.9665
1549.0000 1258.8318 -2301.9977 -117.8362 0.0075 0.0318 -0.2541 0.9666
1550.0000 1260.0361 -2302.6689 -117.9297 0.0077 0.0323 -0.2537 0.9667
1551.0000 1261.2675 -2303.3463 -118.0162 0.0082 0.0326 -0.2533 0.9668
1552.0000 1262.5103 -2304.0352 -118.1013 0.0086 0.0328 -0.2528 0.9669
1553.0000 1263.7475 -2304.7222 -118.1952 0.0090 0.0325 -0.2522 0.9671
1554.0000 1264.9840 -2305.4061 -118.2956 0.0089 0.0320 -0.2518 0.9672
1555.0000 1266.2465 -2306.1173 -118.3937 0.0091 0.0317 -0.2512 0.9674
1556.0000 1267.5391 -2306.8349 -118.4778 0.0095 0.0317 -0.2508 0.9675
1557.0000 1268.8491 -2307.5462 -118.5682 0.0105 0.0320 -0.2505 0.9675
1558.0000 1270.1516 -2308.2563 -118.6717 0.0117 0.0320 -0.2500 0.9677
1559.0000 1271.4768 -2308.9798 -118.7705 0.0124 0.0321 -0.2493 0.9678
1560.0000 1272.7960 -2309.7176 -118.8729 0.0124 0.0333 -0.2489 0.9679
1561.0000 1274.1316 -2310.4527 -118.9818 0.0125 0.0346 -0.2483 0.9680
1562.0000 1275.4894 -2311.1796 -119.0946 0.0129 0.0356 -0.2475 0.9682
1563.0000 1276.8639 -2311.9129 -119.2038 0.0128 0.0359 -0.2465 0.9684
1564.0000 1278.2503 -2312.6436 -119.3115 0.0123 0.0358 -0.2457 0.9686
1565.0000 1279.6393 -2313.3991 -119.4215 0.0118 0.0352 -0.2451 0.9688
1566.0000 1281.0382 -2314.1506 -119.5368 0.0111 0.0345 -0.2442 0.9690
1567.0000 1282.4288 -2314.8829 -119.6543 0.0109 0.0341 -0.2431 0.9693
1568.0000 1283.8336 -2315.6195 -119.7559 0.0110 0.0337 -0.2420 0.9696
1569.0000 1285.2567 -2316.3835 -119.8422 0.0110 0.0331 -0.2408 0.9699
1570.0000 1286.6754 -2317.1233 -119.9285 0.0103 0.0330 -0.2399 0.9702
1571.0000 1288.1147 -2317.8670 -120.0453 0.0101 0.0333 -0.2391 0.9704
1572.0000 1289.5575 -2318.6005 -120.1657 0.0100 0.0339 -0.2379 0.9706
1573.0000 1290.9974 -2319.3404 -120.2682 0.0102 0.0342 -0.2370 0.9709
1574.0000 1292.4472 -2320.0957 -120.3632 0.0099 0.0345 -0.2361 0.9711
1575.0000 1293.9002 -2320.8322 -120.4734 0.0097 0.0347 -0.2353 0.9713
1576.0000 1295.3570 -2321.5717 -120.5797 0.0086 0.0351 -0.2347 0.9714
1577.0000 1296.8327 -2322.3153 -120.7058 0.0080 0.0357 -0.2343 0.9715
1578.0000 1298.3154 -2323.0567 -120.8210 0.0078 0.0361 -0.2339 0.9716
1579.0000 1299.7860 -2323.8084 -120.9229 0.0077 0.0355 -0.2334 0.9717
1580.0000 1301.2731 -2324.5679 -121.0332 0.0076 0.0345 -0.2328 0.9719
1581.0000 1302.7474 -2325.3087 -121.1479 0.0076 0.0339 -0.2322 0.9720
1582.0000 1304.2531 -2326.0554 -121.2505 0.0075 0.0333 -0.2317 0.9722
1583.0000 1305.7632 -2326.8007 -121.3475 0.0077 0.0327 -0.2312 0.9723
1584.0000 1307.2600 -2327.5613 -121.4526 0.0085 0.0317 -0.2306 0.9725
1585.0000 1308.7647 -2328.3177 -121.5458 0.0091 0.0312 -0.2300 0.9726
1586.0000 1310.2730 -2329.0573 -121.6493 0.0092 0.0325 -0.2292 0.9728
1587.0000 1311.8092 -2329.8018 -121.7634 0.0092 0.0339 -0.2283 0.9730
1588.0000 1313.3473 -2330.5636 -121.8712 0.0098 0.0346 -0.2277 0.9731
1589.0000 1314.8847 -2331.3186 -121.9537 0.0106 0.0353 -0.2271 0.9732
1590.0000 1316.4086 -2332.0663 -122.0531 0.0107 0.0359 -0.2263 0.9733
1591.0000 1317.9326 -2332.7959 -122.1859 0.0103 0.0366 -0.2255 0.9735
1592.0000 1319.4513 -2333.5247 -122.3231 0.0097 0.0371 -0.2248 0.9737
1593.0000 1320.9742 -2334.2677 -122.4466 0.0099 0.0375 -0.2241 0.9738
1594.0000 1322.5003 -2335.0122 -122.5460 0.0103 0.0382 -0.2233 0.9739
1595.0000 1324.0360 -2335.7438 -122.6398 0.0108 0.0386 -0.2226 0.9741
1596.0000 1325.5535 -2336.4594 -122.7411 0.0105 0.0382 -0.2218 0.9743
1597.0000 1327.0603 -2337.1677 -122.8652 0.0094 0.0372 -0.2210 0.9745
1598.0000 1328.5801 -2337.8737 -122.9985 0.0081 0.0366 -0.2202 0.9747
1599.0000 1330.1001 -2338.5901 -123.1329 0.0081 0.0370 -0.2196 0.9748
1600.0000 1331.6105 -2339.3070 -123.2265 0.0089 0.0376 -0.2189 0.9750
1601.0000 1333.1121 -2340.0120 -123.2936 0.0095 0.0374 -0.2181 0.9752
1602.0000 1334.6158 -2340.7113 -123.4041 0.0091 0.0370 -0.2173 0.9754
1603.0000 1336.1216 -2341.4069 -123.5676 0.0087 0.0373 -0.2164 0.9755
1604.0000 1337.6338 -2342.1112 -123.6921 0.0098 0.0381 -0.2158 0.9756
1605.0000 1339.1395 -2342.8022 -123.7656 0.0112 0.0379 -0.2150 0.9758
1606.0000 1340.6369 -2343.4891 -123.8421 0.0118 0.0374 -0.2141 0.9760
1607.0000 1342.1312 -2344.1678 -123.9614 0.0112 0.0378 -0.2133 0.9762
1608.0000 1343.6148 -2344.8454 -124.1078 0.0100 0.0388 -0.2124 0.9764
1609.0000 1345.1008 -2345.5079 -124.2221 0.0085 0.0404 -0.2116 0.9765
1610.0000 1346.5854 -2346.1556 -124.3650 0.0081 0.0417 -0.2110 0.9766
1611.0000 1348.0497 -2346.8094 -124.4521 0.0087 0.0432 -0.2101 0.9767
1612.0000 1349.4884 -2347.4506 -124.5597 0.0098 0.0435 -0.2092 0.9769
1613.0000 1350.9221 -2348.0890 -124.6657 0.0106 0.0416 -0.2082 0.9771
1614.0000 1352.3460 -2348.7153 -124.7547 0.0097 0.0394 -0.2074 0.9774
1615.0000 1353.7697 -2349.3428 -124.8838 0.0090 0.0385 -0.2065 0.9776
1616.0000 1355.1828 -2349.9664 -124.9923 0.0095 0.0385 -0.2057 0.9778
1617.0000 1356.5796 -2350.5743 -125.0831 0.0105 0.0383 -0.2048 0.9780
1618.0000 1357.9526 -2351.1647 -125.1574 0.0107 0.0386 -0.2039 0.9782
1619.0000 1359.3272 -2351.7506 -125.2562 0.0106 0.0397 -0.2031 0.9783
1620.0000 1360.6914 -2352.3416 -125.3714 0.0108 0.0409 -0.2025 0.9784
1621.0000 1362.0376 -2352.9185 -125.4821 0.0112 0.0411 -0.2020 0.9785
1622.0000 1363.3662 -2353.4757 -125.5652 0.0109 0.0404 -0.2016 0.9786
1623.0000 1364.6768 -2354.0301 -125.6474 0.0100 0.0393 -0.2013 0.9787
1624.0000 1365.9867 -2354.5867 -125.7531 0.0094 0.0390 -0.2013 0.9787
1625.0000 1367.2858 -2355.1406 -125.8672 0.0093 0.0402 -0.2020 0.9785
1626.0000 1368.5766 -2355.6922 -125.9594 0.0105 0.0409 -0.2029 0.9783
1627.0000 1369.8373 -2356.2302 -126.0278 0.0116 0.0409 -0.2040 0.9780
1628.0000 1371.0705 -2356.7597 -126.1178 0.0121 0.0406 -0.2052 0.9778
1629.0000 1372.2964 -2357.2928 -126.2121 0.0111 0.0408 -0.2068 0.9775
1630.0000 1373.5186 -2357.8321 -126.3172 0.0102 0.0412 -0.2091 0.9770
1631.0000 1374.7306 -2358.3817 -126.4151 0.0096 0.0418 -0.2123 0.9763
1632.0000 1375.9164 -2358.9232 -126.5029 0.0098 0.0426 -0.2157 0.9755
1633.0000 1377.0787 -2359.4564 -126.5864 0.0108 0.0429 -0.2187 0.9748
1634.0000 1378.2281 -2359.9950 -126.6669 0.0114 0.0429 -0.2217 0.9741
1635.0000 1379.3542 -2360.5381 -126.7489 0.0117 0.0429 -0.2249 0.9734
1636.0000 1380.4515 -2361.0832 -126.8454 0.0116 0.0434 -0.2283 0.9726
1637.0000 1381.5292 -2361.6168 -126.9540 0.0125 0.0439 -0.2317 0.9717
1638.0000 1382.6013 -2362.1608 -127.0430 0.0142 0.0450 -0.2356 0.9707
1639.0000 1383.6514 -2362.7052 -127.1154 0.0153 0.0453 -0.2400 0.9696
1640.0000 1384.6693 -2363.2515 -127.2040 0.0153 0.0431 -0.2448 0.9685
1641.0000 1385.6688 -2363.8012 -127.2764 0.0146 0.0411 -0.2496 0.9674
1642.0000 1386.6458 -2364.3563 -127.3634 0.0132 0.0416 -0.2548 0.9660
1643.0000 1387.6153 -2364.9090 -127.4723 0.0133 0.0428 -0.2605 0.9644
1644.0000 1388.5869 -2365.4770 -127.5520 0.0140 0.0438 -0.2667 0.9627
1645.0000 1389.5311 -2366.0479 -127.6201 0.0147 0.0439 -0.2729 0.9609
1646.0000 1390.4498 -2366.6316 -127.7012 0.0154 0.0429 -0.2796 0.9590
1647.0000 1391.3357 -2367.2226 -127.7798 0.0161 0.0417 -0.2869 0.9569
1648.0000 1392.2062 -2367.8127 -127.8503 0.0165 0.0416 -0.2953 0.9544
1649.0000 1393.0835 -2368.4262 -127.9441 0.0163 0.0429 -0.3046 0.9514
1650.0000 1393.9240 -2369.0568 -128.0410 0.0168 0.0436 -0.3144 0.9481
1651.0000 1394.7337 -2369.6906 -128.1031 0.0179 0.0433 -0.3244 0.9448
1652.0000 1395.5299 -2370.3275 -128.1719 0.0194 0.0441 -0.3342 0.9413
1653.0000 1396.3006 -2370.9675 -128.2694 0.0208 0.0461 -0.3438 0.9377
1654.0000 1397.0242 -2371.6149 -128.3516 0.0208 0.0460 -0.3540 0.9339
1655.0000 1397.7330 -2372.2698 -128.4044 0.0185 0.0432 -0.3649 0.9299
1656.0000 1398.4341 -2372.9248 -128.4978 0.0166 0.0420 -0.3763 0.9254
1657.0000 1399.1070 -2373.6014 -128.6233 0.0178 0.0432 -0.3879 0.9205
1658.0000 1399.7422 -2374.3069 -128.6764 0.0205 0.0440 -0.4002 0.9151
1659.0000 1400.3507 -2375.0303 -128.7046 0.0209 0.0441 -0.4128 0.9095
1660.0000 1400.9604 -2375.7496 -128.8051 0.0203 0.0447 -0.4251 0.9038
1661.0000 1401.5427 -2376.4820 -128.9214 0.0208 0.0450 -0.4374 0.8979
1662.0000 1402.0749 -2377.2178 -129.0091 0.0213 0.0443 -0.4506 0.8914
1663.0000 1402.6056 -2377.9936 -129.0735 0.0226 0.0424 -0.4643 0.8844
1664.0000 1403.1087 -2378.7826 -129.1303 0.0247 0.0408 -0.4778 0.8772
1665.0000 1403.5791 -2379.5892 -129.2075 0.0267 0.0400 -0.4907 0.8700
1666.0000 1404.0231 -2380.3882 -129.2937 0.0278 0.0400 -0.5033 0.8628
1667.0000 1404.4446 -2381.1902 -129.3767 0.0280 0.0402 -0.5159 0.8553
1668.0000 1404.8461 -2382.0145 -129.4605 0.0273 0.0406 -0.5284 0.8476
1669.0000 1405.2296 -2382.8572 -129.5445 0.0263 0.0409 -0.5408 0.8397
1670.0000 1405.5879 -2383.7015 -129.6286 0.0254 0.0410 -0.5532 0.8316
1671.0000 1405.9134 -2384.5460 -129.7128 0.0252 0.0406 -0.5654 0.8234
1672.0000 1406.2048 -2385.3961 -129.7821 0.0255 0.0401 -0.5775 0.8150
1673.0000 1406.4789 -2386.2749 -129.8514 0.0260 0.0395 -0.5894 0.8065
1674.0000 1406.7316 -2387.1584 -129.9426 0.0265 0.0391 -0.6013 0.7977
1675.0000 1406.9518 -2388.0493 -130.0252 0.0272 0.0381 -0.6130 0.7887
1676.0000 1407.1412 -2388.9421 -130.0899 0.0276 0.0371 -0.6247 0.7795
1677.0000 1407.3020 -2389.8414 -130.1574 0.0275 0.0361 -0.6364 0.7701
1678.0000 1407.4467 -2390.7546 -130.2337 0.0271 0.0357 -0.6479 0.7604
1679.0000 1407.5721 -2391.6769 -130.3240 0.0266 0.0360 -0.6592 0.7507
1680.0000 1407.6652 -2392.5890 -130.4029 0.0263 0.0363 -0.6704 0.7407
1681.0000 1407.7352 -2393.5023 -130.4644 0.0251 0.0367 -0.6815 0.7304
1682.0000 1407.7668 -2394.4167 -130.5296 0.0233 0.0367 -0.6928 0.7198
1683.0000 1407.7701 -2395.3382 -130.6000 0.0217 0.0375 -0.7042 0.7087
1684.0000 1407.7500 -2396.2734 -130.6912 -0.0204 -0.0395 0.7155 -0.6972
1685.0000 1407.7066 -2397.1963 -130.7920 -0.0207 -0.0412 0.7270 -0.6851
1686.0000 1407.6221 -2398.1160 -130.8503 -0.0217 -0.0410 0.7383 -0.6729
1687.0000 1407.5042 -2399.0371 -130.8665 -0.0213 -0.0407 0.7494 -0.6606
1688.0000 1407.3574 -2399.9559 -130.9247 -0.0193 -0.0420 0.7600 -0.6482
1689.0000 1407.1810 -2400.8702 -131.0458 -0.0172 -0.0434 0.7702 -0.6361
1690.0000 1406.9841 -2401.7831 -131.1399 -0.0153 -0.0431 0.7797 -0.6245
1691.0000 1406.7548 -2402.6776 -131.1868 -0.0137 -0.0415 0.7883 -0.6137
1692.0000 1406.4942 -2403.5761 -131.2203 -0.0140 -0.0408 0.7959 -0.6039
1693.0000 1406.2142 -2404.4700 -131.2731 -0.0163 -0.0421 0.8023 -0.5952
1694.0000 1405.9302 -2405.3536 -131.3588 -0.0191 -0.0423 0.8084 -0.5868
1695.0000 1405.6245 -2406.2446 -131.4169 -0.0191 -0.0413 0.8141 -0.5790
1696.0000 1405.2998 -2407.1335 -131.4768 -0.0168 -0.0402 0.8193 -0.5718
1697.0000 1404.9535 -2408.0239 -131.5526 -0.0150 -0.0399 0.8237 -0.5654
1698.0000 1404.5811 -2408.9011 -131.6269 -0.0156 -0.0407 0.8275 -0.5598
1699.0000 1404.2182 -2409.7847 -131.6803 -0.0178 -0.0406 0.8309 -0.5547
1700.0000 1403.8531 -2410.6584 -131.7137 -0.0187 -0.0393 0.8337 -0.5505
1701.0000 1403.4740 -2411.5405 -131.7595 -0.0174 -0.0387 0.8359 -0.5473
1702.0000 1403.0847 -2412.4231 -131.8458 -0.0157 -0.0390 0.8374 -0.5449
1703.0000 1402.6862 -2413.2988 -131.9308 -0.0153 -0.0398 0.8385 -0.5432
1704.0000 1402.2844 -2414.1703 -131.9894 -0.0161 -0.0394 0.8392 -0.5421
1705.0000 1401.8792 -2415.0615 -132.0208 -0.0167 -0.0385 0.8397 -0.5414
1706.0000 1401.4778 -2415.9560 -132.0618 -0.0161 -0.0381 0.8402 -0.5407
1707.0000 1401.0744 -2416.8472 -132.1413 -0.0159 -0.0388 0.8406 -0.5400
1708.0000 1400.6646 -2417.7250 -132.2362 -0.0165 -0.0396 0.8411 -0.5391
1709.0000 1400.2544 -2418.6106 -132.2852 -0.0174 -0.0389 0.8418 -0.5382
1710.0000 1399.8368 -2419.5033 -132.3138 -0.0180 -0.0379 0.8424 -0.5373
1711.0000 1399.4212 -2420.3943 -132.3677 -0.0187 -0.0376 0.8430 -0.5362
1712.0000 1399.0088 -2421.2737 -132.4451 -0.0190 -0.0376 0.8436 -0.5354
1713.0000 1398.5963 -2422.1417 -132.5115 -0.0180 -0.0370 0.8441 -0.5346
1714.0000 1398.1769 -2423.0214 -132.5636 -0.0161 -0.0370 0.8447 -0.5337
1715.0000 1397.7596 -2423.9057 -132.6279 -0.0155 -0.0382 0.8453 -0.5327
1716.0000 1397.3377 -2424.7862 -132.6921 -0.0165 -0.0393 0.8456 -0.5320
1717.0000 1396.9209 -2425.6596 -132.7402 -0.0175 -0.0394 0.8461 -0.5312
1718.0000 1396.4986 -2426.5399 -132.7838 -0.0175 -0.0393 0.8468 -0.5302
1719.0000 1396.0699 -2427.4219 -132.8433 -0.0171 -0.0395 0.8475 -0.5290
1720.0000 1395.6350 -2428.2892 -132.9143 -0.0169 -0.0401 0.8481 -0.5281
1721.0000 1395.2064 -2429.1530 -132.9825 -0.0171 -0.0402 0.8486 -0.5272
1722.0000 1394.7805 -2430.0177 -133.0399 -0.0168 -0.0402 0.8492 -0.5262
1723.0000 1394.3558 -2430.8917 -133.0902 -0.0163 -0.0401 0.8498 -0.5253
1724.0000 1393.9160 -2431.7539 -133.1518 -0.0164 -0.0406 0.8504 -0.5244
1725.0000 1393.4752 -2432.6208 -133.2168 -0.0172 -0.0412 0.8509 -0.5234
1726.0000 1393.0378 -2433.5013 -133.2800 -0.0177 -0.0417 0.8513 -0.5227
1727.0000 1392.5969 -2434.3579 -133.3428 -0.0180 -0.0417 0.8517 -0.5221
1728.0000 1392.1581 -2435.2109 -133.3990 -0.0183 -0.0416 0.8522 -0.5213
1729.0000 1391.7226 -2436.0667 -133.4577 -0.0182 -0.0415 0.8527 -0.5205
1730.0000 1391.2820 -2436.9278 -133.5262 -0.0182 -0.0416 0.8532 -0.5197
1731.0000 1390.8395 -2437.7885 -133.5944 -0.0183 -0.0417 0.8536 -0.5190
1732.0000 1390.3877 -2438.6481 -133.6569 -0.0182 -0.0415 0.8539 -0.5184
1733.0000 1389.9385 -2439.5034 -133.7099 -0.0182 -0.0414 0.8542 -0.5180
1734.0000 1389.4959 -2440.3473 -133.7737 -0.0185 -0.0411 0.8544 -0.5177
1735.0000 1389.0500 -2441.1969 -133.8382 -0.0191 -0.0409 0.8546 -0.5173
1736.0000 1388.5989 -2442.0590 -133.9001 -0.0197 -0.0402 0.8550 -0.5167
1737.0000 1388.1435 -2442.9100 -133.9614 -0.0198 -0.0392 0.8554 -0.5161
1738.0000 1387.6948 -2443.7586 -134.0173 -0.0196 -0.0388 0.8557 -0.5157
1739.0000 1387.2475 -2444.5996 -134.0750 -0.0196 -0.0390 0.8559 -0.5153
1740.0000 1386.7998 -2445.4402 -134.1451 -0.0203 -0.0397 0.8561 -0.5148
1741.0000 1386.3510 -2446.2982 -134.2174 -0.0215 -0.0408 0.8564 -0.5143
1742.0000 1385.9011 -2447.1621 -134.2829 -0.0225 -0.0416 0.8566 -0.5139
1743.0000 1385.4524 -2448.0027 -134.3403 -0.0225 -0.0421 0.8568 -0.5135
1744.0000 1385.0017 -2448.8379 -134.4083 -0.0219 -0.0428 0.8570 -0.5131
1745.0000 1384.5452 -2449.6831 -134.4966 -0.0219 -0.0434 0.8572 -0.5127
1746.0000 1384.0914 -2450.5318 -134.5696 -0.0224 -0.0434 0.8574 -0.5124
1747.0000 1383.6363 -2451.3754 -134.6245 -0.0228 -0.0433 0.8575 -0.5122
1748.0000 1383.1765 -2452.2206 -134.6808 -0.0232 -0.0431 0.8575 -0.5122
1749.0000 1382.7169 -2453.0695 -134.7570 -0.0239 -0.0432 0.8575 -0.5121
1750.0000 1382.2687 -2453.9116 -134.8403 -0.0246 -0.0434 0.8575 -0.5121
1751.0000 1381.8114 -2454.7533 -134.9180 -0.0249 -0.0435 0.8576 -0.5119
1752.0000 1381.3517 -2455.5967 -134.9906 -0.0249 -0.0434 0.8577 -0.5117
1753.0000 1380.8970 -2456.4411 -135.0634 -0.0252 -0.0431 0.8579 -0.5113
1754.0000 1380.4384 -2457.2792 -135.1287 -0.0256 -0.0424 0.8582 -0.5109
1755.0000 1379.9752 -2458.1251 -135.2051 -0.0254 -0.0415 0.8584 -0.5107
1756.0000 1379.5164 -2458.9758 -135.2755 -0.0248 -0.0406 0.8586 -0.5104
1757.0000 1379.0567 -2459.8144 -135.3500 -0.0245 -0.0405 0.8589 -0.5099
1758.0000 1378.5877 -2460.6573 -135.4270 -0.0252 -0.0407 0.8592 -0.5094
1759.0000 1378.1300 -2461.4992 -135.5069 -0.0263 -0.0415 0.8596 -0.5087
1760.0000 1377.6650 -2462.3450 -135.5746 -0.0273 -0.0418 0.8600 -0.5079
1761.0000 1377.2065 -2463.1933 -135.6368 -0.0277 -0.0420 0.8603 -0.5073
1762.0000 1376.7368 -2464.0323 -135.7200 -0.0283 -0.0422 0.8607 -0.5066
1763.0000 1376.2622 -2464.8734 -135.8141 -0.0291 -0.0425 0.8610 -0.5059
1764.0000 1375.7907 -2465.7193 -135.8951 -0.0297 -0.0429 0.8615 -0.5050
1765.0000 1375.3232 -2466.5494 -135.9659 -0.0298 -0.0431 0.8622 -0.5039
1766.0000 1374.8499 -2467.3863 -136.0444 -0.0299 -0.0432 0.8632 -0.5022
1767.0000 1374.3693 -2468.2184 -136.1304 -0.0299 -0.0438 0.8647 -0.4994
1768.0000 1373.8754 -2469.0527 -136.2197 -0.0300 -0.0445 0.8667 -0.4959
1769.0000 1373.3637 -2469.8876 -136.3116 -0.0303 -0.0451 0.8690 -0.4918
1770.0000 1372.8530 -2470.7220 -136.3987 -0.0307 -0.0454 0.8714 -0.4875
1771.0000 1372.3437 -2471.5482 -136.4744 -0.0310 -0.0455 0.8737 -0.4833
1772.0000 1371.8277 -2472.3607 -136.5540 -0.0311 -0.0460 0.8762 -0.4787
1773.0000 1371.2895 -2473.1671 -136.6406 -0.0309 -0.0466 0.8791 -0.4734
1774.0000 1370.7401 -2473.9705 -136.7412 -0.0305 -0.0471 0.8822 -0.4675
1775.0000 1370.1733 -2474.7706 -136.8283 -0.0304 -0.0471 0.8855 -0.4613
1776.0000 1369.6044 -2475.5657 -136.9068 -0.0309 -0.0467 0.8887 -0.4551
1777.0000 1369.0278 -2476.3495 -136.9787 -0.0314 -0.0465 0.8918 -0.4490
1778.0000 1368.4299 -2477.1080 -137.0665 -0.0317 -0.0464 0.8949 -0.4428
1779.0000 1367.8212 -2477.8666 -137.1607 -0.0318 -0.0463 0.8979 -0.4366
1780.0000 1367.2121 -2478.6203 -137.2457 -0.0317 -0.0465 0.9010 -0.4301
1781.0000 1366.5978 -2479.3768 -137.3259 -0.0316 -0.0466 0.9042 -0.4233
1782.0000 1365.9660 -2480.1117 -137.4039 -0.0316 -0.0470 0.9075 -0.4163
1783.0000 1365.3239 -2480.8280 -137.4848 -0.0317 -0.0477 0.9108 -0.4088
1784.0000 1364.6531 -2481.5490 -137.5789 -0.0316 -0.0478 0.9143 -0.4009
1785.0000 1363.9698 -2482.2639 -137.6717 -0.0320 -0.0474 0.9179 -0.3927
1786.0000 1363.2774 -2482.9564 -137.7520 -0.0331 -0.0461 0.9215 -0.3842
1787.0000 1362.5746 -2483.6252 -137.8250 -0.0340 -0.0441 0.9250 -0.3758
1788.0000 1361.8571 -2484.2843 -137.8919 -0.0338 -0.0420 0.9285 -0.3673
1789.0000 1361.1149 -2484.9396 -137.9764 -0.0336 -0.0402 0.9319 -0.3589
1790.0000 1360.3616 -2485.5866 -138.0666 -0.0342 -0.0386 0.9353 -0.3501
1791.0000 1359.6030 -2486.2258 -138.1436 -0.0347 -0.0383 0.9386 -0.3412
1792.0000 1358.8305 -2486.8437 -138.2262 -0.0345 -0.0385 0.9421 -0.3314
1793.0000 1358.0333 -2487.4463 -138.3060 -0.0335 -0.0386 0.9457 -0.3209
1794.0000 1357.2220 -2488.0380 -138.3885 -0.0325 -0.0387 0.9494 -0.3098
1795.0000 1356.4076 -2488.6089 -138.4555 -0.0319 -0.0387 0.9530 -0.2988
1796.0000 1355.5803 -2489.1635 -138.5230 -0.0310 -0.0387 0.9565 -0.2873
1797.0000 1354.7279 -2489.6927 -138.6006 -0.0297 -0.0380 0.9601 -0.2754
1798.0000 1353.8478 -2490.2054 -138.6515 -0.0276 -0.0380 0.9636 -0.2631
1799.0000 1352.9567 -2490.7020 -138.7193 -0.0249 -0.0379 0.9670 -0.2506
1800.0000 1352.0728 -2491.1725 -138.7806 -0.0229 -0.0377 0.9702 -0.2384
1801.0000 1351.1669 -2491.6188 -138.8418 -0.0218 -0.0378 0.9732 -0.2257
1802.0000 1350.2365 -2492.0386 -138.8863 -0.0210 -0.0375 0.9762 -0.2125
1803.0000 1349.3040 -2492.4304 -138.9261 -0.0203 -0.0371 0.9790 -0.1994
1804.0000 1348.3581 -2492.8084 -138.9755 -0.0196 -0.0360 0.9817 -0.1861
1805.0000 1347.4081 -2493.1490 -139.0119 -0.0187 -0.0345 0.9843 -0.1724
1806.0000 1346.4316 -2493.4645 -139.0382 -0.0172 -0.0329 0.9867 -0.1585
1807.0000 1345.4450 -2493.7601 -139.0649 -0.0157 -0.0316 0.9888 -0.1448
1808.0000 1344.4623 -2494.0267 -139.1001 -0.0148 -0.0303 0.9908 -0.1311
1809.0000 1343.4724 -2494.2543 -139.1302 -0.0147 -0.0292 0.9926 -0.1173
1810.0000 1342.4754 -2494.4571 -139.1638 -0.0146 -0.0273 0.9942 -0.1032
1811.0000 1341.4549 -2494.6432 -139.1736 -0.0141 -0.0249 0.9956 -0.0890
1812.0000 1340.4357 -2494.7979 -139.1806 -0.0136 -0.0233 0.9968 -0.0750
1813.0000 1339.4187 -2494.9189 -139.2158 -0.0138 -0.0217 0.9978 -0.0609
1814.0000 1338.3855 -2495.0148 -139.2454 -0.0142 -0.0201 0.9986 -0.0469
1815.0000 1337.3588 -2495.0759 -139.2587 -0.0141 -0.0185 0.9992 -0.0327
1816.0000 1336.3191 -2495.1221 -139.2660 -0.0136 -0.0173 0.9996 -0.0191
1817.0000 1335.2883 -2495.1334 -139.2799 -0.0128 -0.0165 0.9998 -0.0061
1818.0000 1334.2586 -2495.1173 -139.3069 -0.0121 -0.0157 0.9998 0.0068
1819.0000 1333.2222 -2495.0732 -139.3224 -0.0115 -0.0150 0.9996 0.0196
1820.0000 1332.1747 -2495.0041 -139.3396 -0.0110 -0.0140 0.9993 0.0323
1821.0000 1331.1204 -2494.9141 -139.3390 -0.0103 -0.0131 0.9989 0.0448
1822.0000 1330.0850 -2494.8033 -139.3437 -0.0093 -0.0127 0.9982 0.0574
1823.0000 1329.0387 -2494.6578 -139.3622 -0.0078 -0.0116 0.9974 0.0700
1824.0000 1327.9904 -2494.4908 -139.3634 -0.0069 -0.0116 0.9965 0.0825
1825.0000 1326.9507 -2494.2895 -139.3732 -0.0065 -0.0116 0.9954 0.0951
1826.0000 1325.9105 -2494.0482 -139.3660 -0.0059 -0.0111 0.9941 0.1079
1827.0000 1324.8727 -2493.7911 -139.3524 -0.0041 -0.0106 0.9926 0.1206
1828.0000 1323.8292 -2493.5253 -139.3528 -0.0026 -0.0103 0.9910 0.1333
1829.0000 1322.7996 -2493.2167 -139.3603 -0.0019 -0.0101 0.9892 0.1459
1830.0000 1321.7753 -2492.8785 -139.3491 -0.0011 -0.0094 0.9873 0.1585
1831.0000 1320.7449 -2492.5162 -139.3218 -0.0000 -0.0082 0.9852 0.1712
1832.0000 1319.7185 -2492.1116 -139.3079 0.0010 -0.0071 0.9829 0.1840
1833.0000 1318.6931 -2491.6789 -139.2961 0.0022 -0.0058 0.9805 0.1966
1834.0000 1317.6851 -2491.2213 -139.2752 0.0030 -0.0047 0.9779 0.2088
1835.0000 1316.6779 -2490.7545 -139.2585 0.0039 -0.0030 0.9753 0.2209
1836.0000 1315.6788 -2490.2641 -139.2367 0.0050 -0.0017 0.9726 0.2326
1837.0000 1314.6974 -2489.7327 -139.2113 0.0069 -0.0009 0.9697 0.2443
1838.0000 1313.7272 -2489.1673 -139.1809 0.0091 -0.0007 0.9667 0.2559
1839.0000 1312.7546 -2488.5771 -139.1520 0.0111 -0.0006 0.9635 0.2676
1840.0000 1311.7902 -2487.9798 -139.1137 0.0121 -0.0004 0.9601 0.2795
1841.0000 1310.8357 -2487.3502 -139.0809 0.0129 -0.0002 0.9563 0.2921
1842.0000 1309.9090 -2486.6903 -139.0432 0.0143 -0.0007 0.9523 0.3048
1843.0000 1308.9869 -2486.0052 -139.0002 0.0159 -0.0015 0.9479 0.3180
1844.0000 1308.0853 -2485.2901 -138.9491 0.0172 -0.0019 0.9433 0.3316
1845.0000 1307.1828 -2484.5413 -138.9070 0.0181 -0.0025 0.9383 0.3454
1846.0000 1306.3113 -2483.7715 -138.8687 0.0195 -0.0028 0.9330 0.3593
1847.0000 1305.4615 -2482.9807 -138.8007 0.0216 -0.0029 0.9276 0.3729
1848.0000 1304.6537 -2482.1534 -138.7187 0.0231 -0.0029 0.9220 0.3865
1849.0000 1303.8614 -2481.3016 -138.6493 0.0237 -0.0037 0.9162 0.4001
1850.0000 1303.0780 -2480.4296 -138.6216 0.0243 -0.0040 0.9100 0.4138
1851.0000 1302.3223 -2479.5414 -138.5591 0.0252 -0.0043 0.9037 0.4275
1852.0000 1301.5900 -2478.6189 -138.4777 0.0264 -0.0047 0.8970 0.4412
1853.0000 1300.8984 -2477.6658 -138.3873 0.0270 -0.0046 0.8901 0.4549
1854.0000 1300.2438 -2476.6985 -138.3077 0.0272 -0.0048 0.8830 0.4686
1855.0000 1299.6018 -2475.7230 -138.2606 0.0279 -0.0053 0.8756 0.4823
1856.0000 1298.9925 -2474.7216 -138.1973 0.0296 -0.0059 0.8679 0.4959
1857.0000 1298.4219 -2473.6823 -138.1157 0.0309 -0.0054 0.8600 0.5093
1858.0000 1297.8825 -2472.6369 -138.0196 0.0306 -0.0028 0.8523 0.5222
1859.0000 1297.3705 -2471.5923 -137.9509 0.0303 0.0005 0.8443 0.5350
1860.0000 1296.9068 -2470.5171 -137.8712 0.0312 0.0028 0.8359 0.5480
1861.0000 1296.4667 -2469.4160 -137.7917 0.0326 0.0032 0.8272 0.5610
1862.0000 1296.0457 -2468.2922 -137.7421 0.0343 0.0037 0.8184 0.5737
1863.0000 1295.6784 -2467.1608 -137.6834 0.0357 0.0050 0.8095 0.5861
1864.0000 1295.3456 -2466.0280 -137.6097 0.0377 0.0075 0.8003 0.5983
1865.0000 1295.0535 -2464.9029 -137.5135 0.0398 0.0097 0.7909 0.6106
1866.0000 1294.7885 -2463.7476 -137.4285 0.0420 0.0106 0.7812 0.6228
1867.0000 1294.5544 -2462.5711 -137.3545 0.0433 0.0101 0.7715 0.6347
1868.0000 1294.3369 -2461.3897 -137.2805 0.0433 0.0077 0.7617 0.6464
1869.0000 1294.1617 -2460.2051 -137.2608 0.0435 0.0051 0.7517 0.6580
1870.0000 1294.0293 -2459.0065 -137.1860 0.0440 0.0039 0.7417 0.6693
1871.0000 1293.9385 -2457.7819 -137.0850 0.0439 0.0038 0.7319 0.6800
1872.0000 1293.8701 -2456.5532 -136.9963 0.0442 0.0051 0.7225 0.6899
1873.0000 1293.8291 -2455.3453 -136.9154 0.0455 0.0065 0.7138 0.6988
1874.0000 1293.8263 -2454.1220 -136.8248 0.0467 0.0074 0.7056 0.7070
1875.0000 1293.8570 -2452.8820 -136.7387 0.0464 0.0074 0.6974 0.7151
1876.0000 1293.9122 -2451.6467 -136.6754 0.0458 0.0058 0.6892 0.7231
1877.0000 1293.9943 -2450.3995 -136.6081 0.0461 0.0024 0.6808 0.7310
1878.0000 1294.0965 -2449.1522 -136.5268 0.0474 -0.0026 0.6722 0.7389
1879.0000 1294.2275 -2447.8958 -136.4318 0.0482 -0.0071 0.6636 0.7465
1880.0000 1294.3900 -2446.6225 -136.3326 0.0479 -0.0086 0.6553 0.7538
1881.0000 1294.5824 -2445.3612 -136.2331 0.0473 -0.0078 0.6470 0.7610
1882.0000 1294.8081 -2444.0963 -136.1135 0.0462 -0.0067 0.6388 0.7680
1883.0000 1295.0720 -2442.7995 -136.0271 0.0449 -0.0055 0.6308 0.7746
1884.0000 1295.3603 -2441.4990 -135.9453 0.0437 -0.0044 0.6234 0.7807
1885.0000 1295.6603 -2440.2009 -135.8841 0.0430 -0.0032 0.6164 0.7863
1886.0000 1295.9973 -2438.9144 -135.8065 0.0444 -0.0022 0.6100 0.7912
1887.0000 1296.3435 -2437.6299 -135.6934 0.0472 -0.0024 0.6038 0.7958
1888.0000 1296.7210 -2436.3202 -135.5638 0.0488 -0.0030 0.5979 0.8000
1889.0000 1297.1297 -2434.9993 -135.4813 0.0485 -0.0036 0.5921 0.8044
1890.0000 1297.5540 -2433.6950 -135.4176 0.0468 -0.0046 0.5861 0.8089
1891.0000 1297.9920 -2432.3887 -135.3537 0.0444 -0.0051 0.5798 0.8135
1892.0000 1298.4460 -2431.0697 -135.2650 0.0426 -0.0044 0.5736 0.8180
1893.0000 1298.9248 -2429.7440 -135.1537 0.0415 -0.0040 0.5677 0.8221
1894.0000 1299.4310 -2428.4207 -135.0825 0.0415 -0.0055 0.5624 0.8258
1895.0000 1299.9620 -2427.0949 -134.9836 0.0419 -0.0078 0.5579 0.8288
1896.0000 1300.5178 -2425.7587 -134.9014 0.0421 -0.0092 0.5543 0.8312
1897.0000 1301.0953 -2424.4037 -134.8179 0.0420 -0.0090 0.5514 0.8331
1898.0000 1301.6707 -2423.0234 -134.7262 0.0420 -0.0083 0.5489 0.8348
1899.0000 1302.2682 -2421.6322 -134.6298 0.0412 -0.0083 0.5470 0.8361
1900.0000 1302.8852 -2420.2243 -134.5430 0.0396 -0.0087 0.5457 0.8370
1901.0000 1303.5143 -2418.7697 -134.4739 0.0377 -0.0087 0.5449 0.8376
1902.0000 1304.1570 -2417.3099 -134.3994 0.0366 -0.0086 0.5442 0.8381
1903.0000 1304.7852 -2415.8571 -134.2952 0.0358 -0.0083 0.5435 0.8386
1904.0000 1305.4471 -2414.3760 -134.1987 0.0347 -0.0079 0.5429 0.8391
1905.0000 1306.1377 -2412.8693 -134.1292 0.0335 -0.0076 0.5422 0.8396
1906.0000 1306.8291 -2411.3402 -134.0612 0.0328 -0.0077 0.5418 0.8398
1907.0000 1307.5020 -2409.8095 -133.9640 0.0324 -0.0077 0.5422 0.8396
1908.0000 1308.1685 -2408.2857 -133.8786 0.0321 -0.0073 0.5432 0.8390
1909.0000 1308.8519 -2406.7551 -133.7921 0.0318 -0.0072 0.5439 0.8385
1910.0000 1309.5576 -2405.1879 -133.7064 0.0310 -0.0079 0.5441 0.8384
1911.0000 1310.2751 -2403.5864 -133.6206 0.0301 -0.0089 0.5441 0.8384
1912.0000 1310.9801 -2401.9862 -133.5449 0.0293 -0.0096 0.5443 0.8383
1913.0000 1311.6671 -2400.4002 -133.4546 0.0290 -0.0102 0.5449 0.8380
1914.0000 1312.3669 -2398.7997 -133.3479 0.0286 -0.0109 0.5455 0.8375
1915.0000 1313.0829 -2397.1625 -133.2544 0.0279 -0.0114 0.5461 0.8372
1916.0000 1313.8020 -2395.4989 -133.1766 0.0270 -0.0116 0.5465 0.8369
1917.0000 1314.5252 -2393.8272 -133.0821 0.0258 -0.0122 0.5468 0.8368
1918.0000 1315.2490 -2392.1682 -132.9887 0.0243 -0.0126 0.5472 0.8366
1919.0000 1315.9742 -2390.4892 -132.8989 0.0228 -0.0128 0.5478 0.8362
1920.0000 1316.6952 -2388.8090 -132.7948 0.0212 -0.0131 0.5484 0.8359
1921.0000 1317.4096 -2387.1185 -132.7028 0.0195 -0.0132 0.5491 0.8354
1922.0000 1318.1283 -2385.4210 -132.6228 0.0184 -0.0130 0.5500 0.8349
1923.0000 1318.8469 -2383.7240 -132.5326 0.0182 -0.0128 0.5507 0.8344
1924.0000 1319.5564 -2382.0276 -132.4341 0.0184 -0.0131 0.5515 0.8339
1925.0000 1320.2659 -2380.3255 -132.3358 0.0181 -0.0137 0.5524 0.8333
1926.0000 1320.9798 -2378.6228 -132.2449 0.0171 -0.0141 0.5532 0.8328
1927.0000 1321.6874 -2376.9089 -132.1630 0.0164 -0.0146 0.5540 0.8322
1928.0000 1322.3944 -2375.1892 -132.0827 0.0157 -0.0153 0.5549 0.8316
1929.0000 1323.1010 -2373.4557 -131.9854 0.0155 -0.0161 0.5556 0.8311
1930.0000 1323.8021 -2371.7332 -131.8806 0.0152 -0.0165 0.5564 0.8306
1931.0000 1324.4892 -2370.0048 -131.7680 0.0143 -0.0166 0.5573 0.8301
1932.0000 1325.1884 -2368.2649 -131.6778 0.0126 -0.0175 0.5579 0.8296
1933.0000 1325.8889 -2366.5098 -131.6026 0.0108 -0.0192 0.5584 0.8293
1934.0000 1326.5782 -2364.7597 -131.5176 0.0099 -0.0205 0.5592 0.8287
1935.0000 1327.2629 -2363.0260 -131.4081 0.0092 -0.0211 0.5601 0.8281
1936.0000 1327.9445 -2361.2710 -131.2970 0.0082 -0.0213 0.5612 0.8274
1937.0000 1328.6329 -2359.4959 -131.2030 0.0066 -0.0215 0.5619 0.8269
1938.0000 1329.3342 -2357.7090 -131.1239 0.0056 -0.0220 0.5626 0.8264
1939.0000 1330.0220 -2355.9393 -131.0352 0.0049 -0.0231 0.5633 0.8259
1940.0000 1330.7006 -2354.1736 -130.9247 0.0040 -0.0244 0.5641 0.8253
1941.0000 1331.3668 -2352.3945 -130.8256 0.0028 -0.0252 0.5650 0.8247
1942.0000 1332.0225 -2350.6017 -130.7362 0.0016 -0.0252 0.5658 0.8242
1943.0000 1332.6969 -2348.8101 -130.6509 0.0011 -0.0246 0.5661 0.8240
1944.0000 1333.3779 -2347.0132 -130.5506 0.0010 -0.0245 0.5665 0.8237
1945.0000 1334.0562 -2345.2164 -130.4464 0.0008 -0.0251 0.5669 0.8234
1946.0000 1334.7142 -2343.4121 -130.3460 0.0003 -0.0260 0.5676 0.8229
1947.0000 1335.3849 -2341.6026 -130.2553 -0.0009 -0.0268 0.5683 0.8224
1948.0000 1336.0525 -2339.8162 -130.1672 -0.0015 -0.0269 0.5687 0.8221
1949.0000 1336.7200 -2337.9975 -130.0708 -0.0014 -0.0260 0.5689 0.8220
1950.0000 1337.3952 -2336.1652 -129.9628 -0.0009 -0.0255 0.5691 0.8219
1951.0000 1338.0683 -2334.3225 -129.8641 -0.0003 -0.0256 0.5693 0.8217
1952.0000 1338.7513 -2332.4969 -129.7744 -0.0002 -0.0261 0.5695 0.8215
1953.0000 1339.4327 -2330.6876 -129.6817 -0.0004 -0.0263 0.5700 0.8212
1954.0000 1340.1014 -2328.8428 -129.5843 -0.0004 -0.0261 0.5704 0.8210
1955.0000 1340.7701 -2327.0008 -129.4956 -0.0002 -0.0254 0.5706 0.8209
1956.0000 1341.4405 -2325.1528 -129.3940 0.0004 -0.0247 0.5709 0.8207
1957.0000 1342.1085 -2323.3104 -129.2949 0.0017 -0.0243 0.5717 0.8201
1958.0000 1342.7770 -2321.4740 -129.1939 0.0028 -0.0243 0.5727 0.8194
1959.0000 1343.4330 -2319.6240 -129.0914 0.0026 -0.0248 0.5736 0.8188
1960.0000 1344.0942 -2317.7683 -129.0034 0.0021 -0.0250 0.5745 0.8181
1961.0000 1344.7615 -2315.9104 -128.9081 0.0019 -0.0250 0.5755 0.8174
1962.0000 1345.4171 -2314.0135 -128.8050 0.0016 -0.0248 0.5766 0.8167
1963.0000 1346.0569 -2312.1232 -128.6978 0.0014 -0.0249 0.5776 0.8159
1964.0000 1346.6955 -2310.2501 -128.6017 0.0012 -0.0252 0.5785 0.8153
1965.0000 1347.3526 -2308.3697 -128.5095 0.0010 -0.0255 0.5791 0.8149
1966.0000 1348.0027 -2306.4798 -128.4088 0.0013 -0.0259 0.5793 0.8147
1967.0000 1348.6595 -2304.5728 -128.3077 0.0021 -0.0260 0.5797 0.8144
1968.0000 1349.3017 -2302.6652 -128.1988 0.0026 -0.0258 0.5803 0.8140
1969.0000 1349.9385 -2300.7621 -128.0988 0.0030 -0.0252 0.5809 0.8136
1970.0000 1350.5736 -2298.8645 -127.9896 0.0031 -0.0248 0.5815 0.8132
1971.0000 1351.2235 -2296.9469 -127.8780 0.0028 -0.0252 0.5821 0.8127
1972.0000 1351.8759 -2295.0197 -127.7792 0.0026 -0.0257 0.5826 0.8123
1973.0000 1352.5177 -2293.0886 -127.6843 0.0025 -0.0263 0.5830 0.8120
1974.0000 1353.1467 -2291.1612 -127.5802 0.0026 -0.0265 0.5836 0.8116
1975.0000 1353.7750 -2289.2278 -127.4674 0.0030 -0.0263 0.5843 0.8111
1976.0000 1354.4159 -2287.2890 -127.3461 0.0033 -0.0258 0.5848 0.8108
1977.0000 1355.0586 -2285.3215 -127.2367 0.0036 -0.0254 0.5854 0.8103
1978.0000 1355.7005 -2283.3647 -127.1389 0.0041 -0.0244 0.5863 0.8097
1979.0000 1356.3363 -2281.4084 -127.0478 0.0055 -0.0227 0.5878 0.8087
1980.0000 1356.9603 -2279.4344 -126.9295 0.0078 -0.0206 0.5898 0.8072
1981.0000 1357.5693 -2277.4735 -126.7947 0.0093 -0.0186 0.5925 0.8053
1982.0000 1358.1860 -2275.5081 -126.6930 0.0094 -0.0170 0.5955 0.8031
1983.0000 1358.7878 -2273.5141 -126.6306 0.0089 -0.0167 0.5983 0.8010
1984.0000 1359.3676 -2271.5039 -126.5614 0.0096 -0.0192 0.6009 0.7991
1985.0000 1359.9249 -2269.4818 -126.4554 0.0105 -0.0220 0.6035 0.7970
1986.0000 1360.4806 -2267.4629 -126.3355 0.0104 -0.0216 0.6063 0.7949
1987.0000 1361.0358 -2265.4188 -126.2291 0.0098 -0.0192 0.6092 0.7927
1988.0000 1361.5793 -2263.3694 -126.1246 0.0100 -0.0189 0.6119 0.7907
1989.0000 1362.0827 -2261.3235 -126.0104 0.0102 -0.0216 0.6144 0.7887
1990.0000 1362.5831 -2259.2639 -125.9010 0.0093 -0.0243 0.6169 0.7866
1991.0000 1363.0821 -2257.1916 -125.8096 0.0083 -0.0242 0.6191 0.7849
1992.0000 1363.5766 -2255.0920 -125.7048 0.0084 -0.0224 0.6209 0.7835
1993.0000 1364.0604 -2252.9826 -125.5778 0.0091 -0.0214 0.6219 0.7827
1994.0000 1364.5355 -2250.8869 -125.4533 0.0093 -0.0221 0.6224 0.7824
1995.0000 1365.0190 -2248.7736 -125.3561 0.0093 -0.0231 0.6227 0.7821
1996.0000 1365.5007 -2246.6407 -125.2526 0.0093 -0.0237 0.6233 0.7816
1997.0000 1365.9691 -2244.4783 -125.1252 0.0090 -0.0242 0.6239 0.7811
1998.0000 1366.4484 -2242.3306 -124.9992 0.0085 -0.0248 0.6242 0.7809
1999.0000 1366.9302 -2240.1758 -124.8945 0.0081 -0.0250 0.6240 0.7810
2000.0000 1367.4061 -2238.0005 -124.7830 0.0081 -0.0248 0.6240 0.7810
2001.0000 1367.8889 -2235.7989 -124.6560 0.0078 -0.0242 0.6242 0.7809
2002.0000 1368.3714 -2233.6022 -124.5377 0.0075 -0.0236 0.6244 0.7807
2003.0000 1368.8598 -2231.4157 -124.4254 0.0072 -0.0234 0.6245 0.7807
2004.0000 1369.3543 -2229.2129 -124.3215 0.0075 -0.0236 0.6244 0.7807
2005.0000 1369.8410 -2227.0179 -124.2010 0.0082 -0.0239 0.6241 0.7809
2006.0000 1370.3314 -2224.7811 -124.0675 0.0087 -0.0240 0.6241 0.7809
2007.0000 1370.8280 -2222.5445 -123.9471 0.0094 -0.0241 0.6240 0.7810
2008.0000 1371.3203 -2220.3247 -123.8373 0.0101 -0.0246 0.6239 0.7810
2009.0000 1371.8134 -2218.0725 -123.7070 0.0103 -0.0247 0.6237 0.7812
2010.0000 1372.3244 -2215.7998 -123.5820 0.0101 -0.0242 0.6236 0.7813
2011.0000 1372.8369 -2213.4900 -123.4554 0.0099 -0.0237 0.6236 0.7813
2012.0000 1373.3359 -2211.1770 -123.3344 0.0100 -0.0235 0.6235 0.7814
2013.0000 1373.8514 -2208.8793 -123.2086 0.0101 -0.0240 0.6233 0.7816
2014.0000 1374.3677 -2206.5750 -123.0844 0.0101 -0.0246 0.6233 0.7815
2015.0000 1374.8870 -2204.2507 -122.9644 0.0099 -0.0247 0.6237 0.7812
2016.0000 1375.4176 -2201.8835 -122.8290 0.0099 -0.0242 0.6241 0.7809
2017.0000 1375.9427 -2199.5367 -122.6846 0.0103 -0.0237 0.6242 0.7809
2018.0000 1376.4691 -2197.1677 -122.5491 0.0108 -0.0237 0.6243 0.7808
2019.0000 1376.9899 -2194.7872 -122.4231 0.0108 -0.0239 0.6243 0.7807
2020.0000 1377.5098 -2192.3871 -122.3096 0.0107 -0.0243 0.6245 0.7805
2021.0000 1378.0473 -2189.9621 -122.1897 0.0108 -0.0244 0.6248 0.7804
2022.0000 1378.5908 -2187.5390 -122.0461 0.0111 -0.0241 0.6250 0.7801
2023.0000 1379.1269 -2185.1109 -121.8900 0.0111 -0.0236 0.6257 0.7797
2024.0000 1379.6444 -2182.6815 -121.7494 0.0111 -0.0236 0.6261 0.7793
2025.0000 1380.1583 -2180.2325 -121.6292 0.0112 -0.0240 0.6265 0.7790
2026.0000 1380.7039 -2177.7491 -121.5004 0.0113 -0.0242 0.6270 0.7786
2027.0000 1381.2434 -2175.2612 -121.3541 0.0113 -0.0242 0.6277 0.7780
2028.0000 1381.7736 -2172.7686 -121.2049 0.0112 -0.0237 0.6284 0.7775
2029.0000 1382.3074 -2170.2759 -121.0500 0.0110 -0.0231 0.6291 0.7769
2030.0000 1382.8375 -2167.7707 -120.9157 0.0110 -0.0226 0.6297 0.7765
2031.0000 1383.3548 -2165.2444 -120.7799 0.0116 -0.0227 0.6301 0.7761
2032.0000 1383.8819 -2162.7114 -120.6416 0.0120 -0.0231 0.6308 0.7755
2033.0000 1384.4058 -2160.1655 -120.5001 0.0123 -0.0235 0.6316 0.7749
2034.0000 1384.9099 -2157.6115 -120.3495 0.0120 -0.0233 0.6323 0.7743
2035.0000 1385.4193 -2155.0335 -120.1999 0.0116 -0.0230 0.6329 0.7738
2036.0000 1385.9300 -2152.4299 -120.0569 0.0110 -0.0233 0.6336 0.7732
2037.0000 1386.4279 -2149.8512 -119.9171 0.0107 -0.0241 0.6345 0.7725
2038.0000 1386.9369 -2147.2706 -119.7630 0.0111 -0.0244 0.6354 0.7717
2039.0000 1387.4387 -2144.6862 -119.6169 0.0119 -0.0234 0.6367 0.7707
2040.0000 1387.9375 -2142.0690 -119.4586 0.0124 -0.0225 0.6379 0.7697
2041.0000 1388.4108 -2139.4332 -119.3022 0.0125 -0.0222 0.6389 0.7689
2042.0000 1388.9012 -2136.7834 -119.1637 0.0123 -0.0227 0.6398 0.7681
2043.0000 1389.3769 -2134.1487 -119.0237 0.0122 -0.0236 0.6406 0.7674
2044.0000 1389.8218 -2131.4698 -118.8695 0.0120 -0.0241 0.6414 0.7667
2045.0000 1390.2734 -2128.7830 -118.7170 0.0119 -0.0240 0.6422 0.7660
2046.0000 1390.7433 -2126.1315 -118.5600 0.0119 -0.0236 0.6430 0.7654
2047.0000 1391.2067 -2123.4660 -118.4030 0.0119 -0.0230 0.6437 0.7648
2048.0000 1391.6540 -2120.7717 -118.2286 0.0114 -0.0228 0.6445 0.7642
2049.0000 1392.0931 -2118.0730 -118.0704 0.0112 -0.0231 0.6448 0.7639
2050.0000 1392.5344 -2115.3811 -117.9373 0.0112 -0.0239 0.6449 0.7638
2051.0000 1392.9762 -2112.6825 -117.8068 0.0114 -0.0243 0.6451 0.7636
2052.0000 1393.4157 -2109.9934 -117.6403 0.0109 -0.0241 0.6453 0.7635
2053.0000 1393.8592 -2107.2863 -117.4575 0.0101 -0.0237 0.6454 0.7634
2054.0000 1394.3020 -2104.5849 -117.2940 0.0098 -0.0237 0.6452 0.7636
2055.0000 1394.7381 -2101.8791 -117.1450 0.0097 -0.0241 0.6452 0.7636
2056.0000 1395.1766 -2099.1654 -116.9998 0.0095 -0.0249 0.6450 0.7637
2057.0000 1395.6192 -2096.4588 -116.8536 0.0092 -0.0253 0.6450 0.7637
2058.0000 1396.0656 -2093.7475 -116.6952 0.0092 -0.0255 0.6450 0.7637
2059.0000 1396.5179 -2091.0425 -116.5284 0.0092 -0.0250 0.6451 0.7636
2060.0000 1396.9605 -2088.3459 -116.3424 0.0093 -0.0246 0.6452 0.7636
2061.0000 1397.4103 -2085.6325 -116.1683 0.0095 -0.0250 0.6451 0.7636
2062.0000 1397.8449 -2082.9191 -116.0220 0.0092 -0.0256 0.6449 0.7638
2063.0000 1398.2885 -2080.2098 -115.8711 0.0086 -0.0260 0.6449 0.7638
2064.0000 1398.7264 -2077.4939 -115.7087 0.0080 -0.0263 0.6449 0.7638
2065.0000 1399.1662 -2074.7786 -115.5365 0.0075 -0.0264 0.6449 0.7638
2066.0000 1399.6085 -2072.0741 -115.3690 0.0075 -0.0266 0.6447 0.7639
2067.0000 1400.0510 -2069.3599 -115.2150 0.0078 -0.0267 0.6448 0.7638
2068.0000 1400.4948 -2066.6533 -115.0520 0.0083 -0.0263 0.6451 0.7636
2069.0000 1400.9316 -2063.9449 -114.8811 0.0087 -0.0260 0.6456 0.7632
2070.0000 1401.3759 -2061.2377 -114.7173 0.0090 -0.0258 0.6463 0.7626
2071.0000 1401.8057 -2058.5316 -114.5517 0.0091 -0.0255 0.6471 0.7619
2072.0000 1402.2416 -2055.8160 -114.3830 0.0090 -0.0255 0.6480 0.7612
2073.0000 1402.6608 -2053.1116 -114.2145 0.0084 -0.0258 0.6488 0.7605
2074.0000 1403.0831 -2050.3969 -114.0592 0.0082 -0.0262 0.6497 0.7597
2075.0000 1403.4987 -2047.6684 -113.9020 0.0089 -0.0261 0.6508 0.7588
2076.0000 1403.9000 -2044.9521 -113.7222 0.0097 -0.0256 0.6522 0.7575
2077.0000 1404.2836 -2042.2659 -113.5452 0.0099 -0.0251 0.6539 0.7561
2078.0000 1404.6640 -2039.5554 -113.3974 0.0100 -0.0246 0.6557 0.7545
2079.0000 1405.0463 -2036.8443 -113.2446 0.0105 -0.0239 0.6575 0.7530
2080.0000 1405.4019 -2034.1301 -113.0716 0.0113 -0.0234 0.6594 0.7514
2081.0000 1405.7361 -2031.4215 -112.8947 0.0120 -0.0229 0.6615 0.7495
2082.0000 1406.0611 -2028.6965 -112.7281 0.0122 -0.0229 0.6636 0.7476
2083.0000 1406.3804 -2025.9790 -112.5711 0.0120 -0.0236 0.6656 0.7458
2084.0000 1406.6858 -2023.2618 -112.4193 0.0112 -0.0242 0.6676 0.7441
2085.0000 1406.9624 -2020.5602 -112.2578 0.0109 -0.0244 0.6694 0.7424
2086.0000 1407.2401 -2017.8259 -112.0841 0.0109 -0.0243 0.6711 0.7409
2087.0000 1407.4962 -2015.0912 -111.9098 0.0105 -0.0244 0.6727 0.7394
2088.0000 1407.7379 -2012.3598 -111.7443 0.0102 -0.0247 0.6744 0.7379
2089.0000 1407.9752 -2009.6647 -111.5835 0.0100 -0.0249 0.6759 0.7365
2090.0000 1408.1959 -2006.9498 -111.4221 0.0096 -0.0250 0.6773 0.7352
2091.0000 1408.4082 -2004.2171 -111.2718 0.0093 -0.0249 0.6786 0.7341
2092.0000 1408.6018 -2001.4868 -111.1112 0.0093 -0.0249 0.6798 0.7329
2093.0000 1408.7903 -1998.7639 -110.9470 0.0095 -0.0252 0.6812 0.7316
2094.0000 1408.9747 -1996.0483 -110.7881 0.0095 -0.0256 0.6826 0.7303
2095.0000 1409.1467 -1993.3269 -110.6264 0.0093 -0.0262 0.6838 0.7291
2096.0000 1409.3126 -1990.5864 -110.4574 0.0093 -0.0270 0.6850 0.7279
2097.0000 1409.4631 -1987.8671 -110.2871 0.0096 -0.0274 0.6863 0.7267
2098.0000 1409.6015 -1985.1585 -110.1153 0.0097 -0.0273 0.6878 0.7254
2099.0000 1409.7293 -1982.4509 -109.9424 0.0096 -0.0275 0.6893 0.7239
2100.0000 1409.8464 -1979.7206 -109.7772 0.0093 -0.0277 0.6908 0.7225
2101.0000 1409.9609 -1976.9786 -109.6080 0.0091 -0.0277 0.6921 0.7212
2102.0000 1410.0516 -1974.2400 -109.4267 0.0087 -0.0275 0.6933 0.7200
2103.0000 1410.1319 -1971.5176 -109.2546 0.0080 -0.0278 0.6947 0.7187
2104.0000 1410.2020 -1968.8049 -109.1045 0.0078 -0.0283 0.6961 0.7174
2105.0000 1410.2701 -1966.0741 -108.9405 0.0077 -0.0287 0.6974 0.7160
2106.0000 1410.3324 -1963.3443 -108.7788 0.0076 -0.0289 0.6987 0.7148
2107.0000 1410.3912 -1960.6280 -108.6084 0.0077 -0.0286 0.6998 0.7137
2108.0000 1410.4308 -1957.9050 -108.4270 0.0077 -0.0282 0.7010 0.7125
2109.0000 1410.4460 -1955.1738 -108.2670 0.0072 -0.0281 0.7022 0.7114
2110.0000 1410.4708 -1952.4401 -108.1223 0.0072 -0.0280 0.7033 0.7103
2111.0000 1410.4948 -1949.7181 -107.9536 0.0073 -0.0282 0.7043 0.7093
2112.0000 1410.4949 -1947.0110 -107.7878 0.0077 -0.0286 0.7052 0.7084
2113.0000 1410.4945 -1944.2807 -107.6253 0.0084 -0.0287 0.7062 0.7074
2114.0000 1410.4791 -1941.5487 -107.4629 0.0085 -0.0283 0.7073 0.7063
2115.0000 1410.4598 -1938.8187 -107.2985 0.0083 -0.0280 0.7083 0.7053
2116.0000 1410.4407 -1936.0981 -107.1376 0.0084 -0.0276 0.7092 0.7044
2117.0000 1410.4094 -1933.3773 -106.9673 0.0087 -0.0272 0.7102 0.7034
2118.0000 1410.3648 -1930.6490 -106.7971 0.0088 -0.0267 0.7112 0.7024
2119.0000 1410.3072 -1927.9156 -106.6405 0.0091 -0.0266 0.7123 0.7013
2120.0000 1410.2571 -1925.2033 -106.4865 0.0095 -0.0265 0.7132 0.7004
2121.0000 1410.1944 -1922.4840 -106.3180 0.0102 -0.0261 0.7142 0.6994
2122.0000 1410.1214 -1919.7630 -106.1382 0.0110 -0.0263 0.7152 0.6983
2123.0000 1410.0434 -1917.0310 -105.9590 0.0111 -0.0274 0.7163 0.6972
2124.0000 1409.9566 -1914.3026 -105.8099 0.0104 -0.0284 0.7173 0.6962
2125.0000 1409.8701 -1911.5769 -105.6663 0.0098 -0.0283 0.7182 0.6951
2126.0000 1409.7699 -1908.8727 -105.4825 0.0102 -0.0271 0.7193 0.6941
2127.0000 1409.6573 -1906.1434 -105.2849 0.0106 -0.0260 0.7204 0.6930
2128.0000 1409.5363 -1903.4132 -105.1100 0.0108 -0.0261 0.7215 0.6919
2129.0000 1409.4047 -1900.6912 -104.9553 0.0108 -0.0271 0.7224 0.6909
2130.0000 1409.2761 -1897.9701 -104.8056 0.0102 -0.0279 0.7232 0.6900
2131.0000 1409.1319 -1895.2436 -104.6412 0.0098 -0.0279 0.7242 0.6890
2132.0000 1408.9829 -1892.5317 -104.4657 0.0095 -0.0277 0.7252 0.6879
2133.0000 1408.8211 -1889.8161 -104.2897 0.0094 -0.0278 0.7261 0.6870
2134.0000 1408.6551 -1887.0881 -104.1283 0.0094 -0.0282 0.7270 0.6860
2135.0000 1408.4795 -1884.3742 -103.9668 0.0094 -0.0287 0.7280 0.6849
2136.0000 1408.2938 -1881.6731 -103.8027 0.0093 -0.0287 0.7290 0.6839
2137.0000 1408.1156 -1878.9409 -103.6361 0.0090 -0.0282 0.7300 0.6828
2138.0000 1407.9248 -1876.2061 -103.4679 0.0089 -0.0278 0.7311 0.6817
2139.0000 1407.7171 -1873.4928 -103.3061 0.0091 -0.0278 0.7320 0.6807
2140.0000 1407.4955 -1870.7832 -103.1322 0.0094 -0.0284 0.7329 0.6796
2141.0000 1407.2725 -1868.0540 -102.9723 0.0095 -0.0291 0.7340 0.6785
2142.0000 1407.0481 -1865.3394 -102.8114 0.0094 -0.0292 0.7350 0.6774
2143.0000 1406.8104 -1862.6221 -102.6416 0.0091 -0.0288 0.7360 0.6763
2144.0000 1406.5712 -1859.9231 -102.4636 0.0092 -0.0287 0.7370 0.6752
2145.0000 1406.3227 -1857.2167 -102.2820 0.0098 -0.0287 0.7380 0.6741
2146.0000 1406.0692 -1854.4760 -102.1107 0.0100 -0.0284 0.7390 0.6731
2147.0000 1405.7948 -1851.7563 -101.9429 0.0098 -0.0282 0.7399 0.6721
2148.0000 1405.5126 -1849.0493 -101.7856 0.0097 -0.0287 0.7408 0.6711
2149.0000 1405.2290 -1846.3463 -101.6290 0.0093 -0.0291 0.7418 0.6699
2150.0000 1404.9425 -1843.6431 -101.4577 0.0091 -0.0292 0.7429 0.6687
2151.0000 1404.6531 -1840.9278 -101.2879 0.0089 -0.0293 0.7438 0.6677
2152.0000 1404.3341 -1838.2207 -101.1282 0.0089 -0.0290 0.7447 0.6667
2153.0000 1404.0069 -1835.5038 -100.9556 0.0092 -0.0289 0.7457 0.6656
2154.0000 1403.6799 -1832.7950 -100.7734 0.0096 -0.0291 0.7468 0.6643
2155.0000 1403.3588 -1830.0858 -100.6116 0.0095 -0.0291 0.7479 0.6631
2156.0000 1403.0307 -1827.3869 -100.4524 0.0092 -0.0285 0.7488 0.6621
2157.0000 1402.6865 -1824.6723 -100.2790 0.0090 -0.0280 0.7498 0.6610
2158.0000 1402.3170 -1821.9680 -100.1093 0.0089 -0.0284 0.7507 0.6600
2159.0000 1401.9450 -1819.2690 -99.9423 0.0089 -0.0298 0.7516 0.6589
2160.0000 1401.5801 -1816.5643 -99.7946 0.0085 -0.0309 0.7525 0.6578
2161.0000 1401.1973 -1813.8657 -99.6396 0.0085 -0.0309 0.7534 0.6568
2162.0000 1400.8082 -1811.1719 -99.4467 0.0092 -0.0301 0.7544 0.6556
2163.0000 1400.4136 -1808.4761 -99.2544 0.0094 -0.0294 0.7554 0.6545
2164.0000 1400.0098 -1805.7703 -99.0914 0.0089 -0.0294 0.7563 0.6535
2165.0000 1399.6039 -1803.0668 -98.9417 0.0085 -0.0301 0.7571 0.6526
2166.0000 1399.1847 -1800.3785 -98.7845 0.0081 -0.0307 0.7580 0.6515
2167.0000 1398.7514 -1797.6812 -98.6264 0.0081 -0.0305 0.7590 0.6504
2168.0000 1398.3073 -1794.9780 -98.4467 0.0083 -0.0301 0.7600 0.6492
2169.0000 1397.8800 -1792.2827 -98.2693 0.0086 -0.0299 0.7608 0.6482
2170.0000 1397.4396 -1789.5929 -98.1084 0.0089 -0.0299 0.7616 0.6473
2171.0000 1396.9829 -1786.9021 -97.9546 0.0092 -0.0298 0.7625 0.6463
2172.0000 1396.5096 -1784.2113 -97.7787 0.0094 -0.0298 0.7634 0.6452
2173.0000 1396.0306 -1781.5246 -97.5991 0.0090 -0.0302 0.7643 0.6441
2174.0000 1395.5513 -1778.8443 -97.4369 0.0081 -0.0310 0.7650 0.6433
2175.0000 1395.0688 -1776.1526 -97.2928 0.0077 -0.0314 0.7657 0.6424
2176.0000 1394.5819 -1773.4501 -97.1329 0.0082 -0.0309 0.7665 0.6414
2177.0000 1394.0818 -1770.7643 -96.9383 0.0096 -0.0303 0.7674 0.6404
2178.0000 1393.5696 -1768.0976 -96.7454 0.0103 -0.0305 0.7683 0.6393
2179.0000 1393.0589 -1765.4232 -96.5789 0.0096 -0.0312 0.7691 0.6383
2180.0000 1392.5417 -1762.7299 -96.4379 0.0089 -0.0316 0.7697 0.6375
2181.0000 1392.0259 -1760.0383 -96.2759 0.0093 -0.0310 0.7704 0.6368
2182.0000 1391.4964 -1757.3645 -96.0798 0.0102 -0.0293 0.7712 0.6358
2183.0000 1390.9596 -1754.7048 -95.8828 0.0108 -0.0279 0.7721 0.6347
2184.0000 1390.4190 -1752.0233 -95.7274 0.0112 -0.0274 0.7729 0.6338
2185.0000 1389.8834 -1749.3316 -95.5787 0.0116 -0.0270 0.7736 0.6330
2186.0000 1389.3399 -1746.6509 -95.4137 0.0118 -0.0270 0.7742 0.6323
2187.0000 1388.7848 -1743.9872 -95.2486 0.0119 -0.0271 0.7749 0.6314
2188.0000 1388.2116 -1741.3183 -95.0738 0.0120 -0.0272 0.7757 0.6304
2189.0000 1387.6273 -1738.6400 -94.8996 0.0119 -0.0275 0.7765 0.6294
2190.0000 1387.0365 -1735.9665 -94.7313 0.0121 -0.0281 0.7772 0.6285
2191.0000 1386.4555 -1733.2946 -94.5584 0.0124 -0.0290 0.7778 0.6277
2192.0000 1385.8736 -1730.6293 -94.3762 0.0121 -0.0296 0.7786 0.6267
2193.0000 1385.2706 -1727.9624 -94.2008 0.0113 -0.0300 0.7793 0.6258
2194.0000 1384.6547 -1725.2892 -94.0370 0.0106 -0.0304 0.7800 0.6250
2195.0000 1384.0380 -1722.6270 -93.8670 0.0108 -0.0306 0.7806 0.6242
2196.0000 1383.4253 -1719.9762 -93.6683 0.0112 -0.0309 0.7814 0.6232
2197.0000 1382.8126 -1717.3176 -93.4765 0.0112 -0.0314 0.7821 0.6222
2198.0000 1382.1825 -1714.6515 -93.3093 0.0105 -0.0318 0.7829 0.6213
2199.0000 1381.5382 -1711.9816 -93.1585 0.0100 -0.0319 0.7835 0.6205
2200.0000 1380.8947 -1709.3207 -92.9744 0.0103 -0.0321 0.7843 0.6195
2201.0000 1380.2455 -1706.6721 -92.7812 0.0106 -0.0321 0.7852 0.6183
2202.0000 1379.5885 -1704.0291 -92.5987 0.0109 -0.0319 0.7861 0.6172
2203.0000 1378.9236 -1701.3786 -92.4155 0.0107 -0.0324 0.7869 0.6161
2204.0000 1378.2535 -1698.7272 -92.2449 0.0101 -0.0333 0.7877 0.6151
2205.0000 1377.5744 -1696.0705 -92.0835 0.0098 -0.0338 0.7885 0.6141
2206.0000 1376.8837 -1693.4206 -91.9052 0.0101 -0.0333 0.7894 0.6128
2207.0000 1376.1873 -1690.7857 -91.7048 0.0107 -0.0325 0.7905 0.6115
2208.0000 1375.4860 -1688.1610 -91.5009 0.0110 -0.0320 0.7915 0.6102
2209.0000 1374.7845 -1685.5307 -91.3264 0.0108 -0.0322 0.7924 0.6090
2210.0000 1374.0660 -1682.8707 -91.1755 0.0103 -0.0328 0.7933 0.6078
2211.0000 1373.3274 -1680.2217 -91.0136 0.0101 -0.0332 0.7942 0.6067
2212.0000 1372.5892 -1677.5881 -90.8304 0.0106 -0.0333 0.7951 0.6055
2213.0000 1371.8597 -1674.9692 -90.6298 0.0112 -0.0334 0.7961 0.6041
2214.0000 1371.1152 -1672.3610 -90.4354 0.0115 -0.0333 0.7971 0.6028
2215.0000 1370.3558 -1669.7366 -90.2557 0.0114 -0.0332 0.7982 0.6014
2216.0000 1369.5794 -1667.1066 -90.0811 0.0115 -0.0334 0.7991 0.6002
2217.0000 1368.8037 -1664.4757 -89.8959 0.0113 -0.0335 0.7999 0.5991
2218.0000 1368.0224 -1661.8606 -89.7234 0.0107 -0.0333 0.8007 0.5980
2219.0000 1367.2386 -1659.2575 -89.5514 0.0106 -0.0331 0.8017 0.5968
2220.0000 1366.4415 -1656.6504 -89.3620 0.0110 -0.0334 0.8026 0.5955
2221.0000 1365.6292 -1654.0439 -89.1713 0.0112 -0.0341 0.8035 0.5943
2222.0000 1364.8149 -1651.4494 -88.9884 0.0110 -0.0348 0.8043 0.5932
2223.0000 1363.9963 -1648.8496 -88.8205 0.0106 -0.0352 0.8051 0.5921
2224.0000 1363.1643 -1646.2443 -88.6474 0.0106 -0.0355 0.8059 0.5909
2225.0000 1362.3238 -1643.6425 -88.4612 0.0112 -0.0353 0.8068 0.5897
2226.0000 1361.4894 -1641.0586 -88.2524 0.0115 -0.0345 0.8076 0.5885
2227.0000 1360.6417 -1638.4801 -88.0521 0.0121 -0.0336 0.8085 0.5875
2228.0000 1359.7908 -1635.8880 -87.8596 0.0130 -0.0332 0.8093 0.5863
2229.0000 1358.9263 -1633.2964 -87.6688 0.0128 -0.0333 0.8101 0.5852
2230.0000 1358.0480 -1630.7120 -87.5053 0.0121 -0.0337 0.8108 0.5842
2231.0000 1357.1726 -1628.1361 -87.3457 0.0125 -0.0341 0.8115 0.5832
2232.0000 1356.3004 -1625.5600 -87.1531 0.0134 -0.0341 0.8122 0.5822
2233.0000 1355.4102 -1622.9850 -86.9299 0.0137 -0.0338 0.8131 0.5810
2234.0000 1354.5067 -1620.4103 -86.7265 0.0134 -0.0334 0.8139 0.5799
2235.0000 1353.5953 -1617.8482 -86.5526 0.0130 -0.0332 0.8146 0.5789
2236.0000 1352.6884 -1615.2824 -86.3813 0.0129 -0.0337 0.8153 0.5779
2237.0000 1351.7827 -1612.7088 -86.2074 0.0131 -0.0338 0.8160 0.5769
2238.0000 1350.8610 -1610.1419 -86.0060 0.0135 -0.0336 0.8168 0.5758
2239.0000 1349.9274 -1607.5927 -85.8011 0.0137 -0.0334 0.8177 0.5745
2240.0000 1348.9909 -1605.0651 -85.6179 0.0134 -0.0334 0.8184 0.5735
2241.0000 1348.0499 -1602.5152 -85.4376 0.0131 -0.0342 0.8190 0.5726
2242.0000 1347.0984 -1599.9539 -85.2493 0.0132 -0.0359 0.8196 0.5716
2243.0000 1346.1332 -1597.3935 -85.0617 0.0131 -0.0369 0.8203 0.5707
2244.0000 1345.1696 -1594.8565 -84.8644 0.0128 -0.0363 0.8210 0.5696
2245.0000 1344.2009 -1592.3262 -84.6655 0.0128 -0.0351 0.8219 0.5684
2246.0000 1343.2285 -1589.7862 -84.4649 0.0130 -0.0350 0.8227 0.5672
2247.0000 1342.2494 -1587.2333 -84.2787 0.0134 -0.0358 0.8233 0.5663
2248.0000 1341.2531 -1584.6953 -84.1064 0.0134 -0.0359 0.8239 0.5655
2249.0000 1340.2646 -1582.1864 -83.9169 0.0128 -0.0353 0.8246 0.5645
2250.0000 1339.2654 -1579.6573 -83.7142 0.0126 -0.0348 0.8255 0.5631
2251.0000 1338.2567 -1577.1365 -83.5217 0.0131 -0.0353 0.8263 0.5620
2252.0000 1337.2340 -1574.6040 -83.3362 0.0134 -0.0364 0.8269 0.5610
2253.0000 1336.2152 -1572.0917 -83.1564 0.0132 -0.0374 0.8275 0.5601
2254.0000 1335.1999 -1569.5874 -82.9661 0.0130 -0.0374 0.8282 0.5591
2255.0000 1334.1742 -1567.0729 -82.7518 0.0130 -0.0366 0.8289 0.5581
2256.0000 1333.1245 -1564.5575 -82.5393 0.0127 -0.0363 0.8296 0.5571
2257.0000 1332.0764 -1562.0645 -82.3561 0.0118 -0.0375 0.8301 0.5562
2258.0000 1331.0312 -1559.5631 -82.1862 0.0114 -0.0392 0.8306 0.5553
2259.0000 1329.9774 -1557.0624 -81.9974 0.0116 -0.0404 0.8312 0.5544
2260.0000 1328.9169 -1554.5615 -81.7919 0.0120 -0.0405 0.8318 0.5534
2261.0000 1327.8537 -1552.0657 -81.5818 0.0124 -0.0398 0.8326 0.5523
2262.0000 1326.7838 -1549.5920 -81.3816 0.0128 -0.0392 0.8335 0.5510
2263.0000 1325.7105 -1547.1131 -81.1931 0.0136 -0.0389 0.8343 0.5498
2264.0000 1324.6211 -1544.6119 -80.9837 0.0142 -0.0389 0.8351 0.5485
2265.0000 1323.5344 -1542.1321 -80.7764 0.0137 -0.0384 0.8360 0.5473
2266.0000 1322.4316 -1539.6647 -80.5893 0.0138 -0.0378 0.8367 0.5461
2267.0000 1321.3256 -1537.2071 -80.3918 0.0147 -0.0381 0.8375 0.5450
2268.0000 1320.2166 -1534.7219 -80.1761 0.0149 -0.0390 0.8383 0.5437
2269.0000 1319.0894 -1532.2463 -79.9767 0.0145 -0.0385 0.8391 0.5425
2270.0000 1317.9733 -1529.8062 -79.7943 0.0142 -0.0371 0.8399 0.5413
2271.0000 1316.8452 -1527.3650 -79.5980 0.0145 -0.0363 0.8407 0.5401
2272.0000 1315.7034 -1524.8913 -79.3883 0.0148 -0.0370 0.8415 0.5387
2273.0000 1314.5455 -1522.4148 -79.1824 0.0147 -0.0382 0.8424 0.5373
2274.0000 1313.3862 -1519.9686 -78.9752 0.0142 -0.0386 0.8432 0.5360
2275.0000 1312.2291 -1517.5474 -78.7886 0.0131 -0.0384 0.8441 0.5346
2276.0000 1311.0690 -1515.1318 -78.6007 0.0127 -0.0389 0.8450 0.5332
2277.0000 1309.8805 -1512.6908 -78.4026 0.0131 -0.0398 0.8458 0.5318
2278.0000 1308.6740 -1510.2557 -78.2218 0.0131 -0.0400 0.8467 0.5305
2279.0000 1307.4791 -1507.8249 -78.0328 0.0135 -0.0391 0.8475 0.5292
2280.0000 1306.2851 -1505.4054 -77.8169 0.0140 -0.0383 0.8484 0.5278
2281.0000 1305.0798 -1502.9993 -77.6109 0.0137 -0.0382 0.8493 0.5263
2282.0000 1303.8681 -1500.6014 -77.4196 0.0136 -0.0388 0.8501 0.5250
2283.0000 1302.6478 -1498.1972 -77.2386 0.0139 -0.0396 0.8507 0.5240
2284.0000 1301.4258 -1495.7715 -77.0500 0.0144 -0.0397 0.8513 0.5229
2285.0000 1300.1878 -1493.3656 -76.8292 0.0147 -0.0390 0.8522 0.5216
2286.0000 1298.9322 -1490.9669 -76.6126 0.0144 -0.0385 0.8530 0.5204
2287.0000 1297.6786 -1488.5794 -76.4145 0.0143 -0.0389 0.8536 0.5192
2288.0000 1296.4270 -1486.1997 -76.2330 0.0147 -0.0399 0.8542 0.5182
2289.0000 1295.1750 -1483.8126 -76.0479 0.0156 -0.0402 0.8549 0.5171
2290.0000 1293.9145 -1481.4293 -75.8311 0.0160 -0.0392 0.8557 0.5158
2291.0000 1292.6455 -1479.0467 -75.5989 0.0161 -0.0378 0.8564 0.5146
2292.0000 1291.3640 -1476.6847 -75.3890 0.0155 -0.0372 0.8571 0.5136
2293.0000 1290.0746 -1474.3189 -75.2147 0.0148 -0.0371 0.8576 0.5128
2294.0000 1288.7888 -1471.9463 -75.0416 0.0152 -0.0376 0.8582 0.5118
2295.0000 1287.5055 -1469.5897 -74.8286 0.0162 -0.0385 0.8587 0.5108
2296.0000 1286.2089 -1467.2415 -74.6102 0.0166 -0.0392 0.8594 0.5096
2297.0000 1284.8924 -1464.8858 -74.4074 0.0165 -0.0393 0.8601 0.5084
2298.0000 1283.5792 -1462.5398 -74.2171 0.0164 -0.0383 0.8607 0.5074
2299.0000 1282.2713 -1460.1919 -74.0101 0.0163 -0.0367 0.8613 0.5065
2300.0000 1280.9669 -1457.8552 -73.8076 0.0162 -0.0355 0.8619 0.5055
2301.0000 1279.6438 -1455.5262 -73.6186 0.0165 -0.0354 0.8625 0.5045
2302.0000 1278.3136 -1453.1925 -73.4176 0.0166 -0.0360 0.8631 0.5035
2303.0000 1276.9814 -1450.8556 -73.2297 0.0163 -0.0368 0.8636 0.5025
2304.0000 1275.6456 -1448.5342 -73.0464 0.0156 -0.0372 0.8642 0.5015
2305.0000 1274.2877 -1446.2049 -72.8555 0.0159 -0.0368 0.8649 0.5004
2306.0000 1272.9457 -1443.9186 -72.6478 0.0163 -0.0373 0.8655 0.4993
2307.0000 1271.5866 -1441.6193 -72.4361 0.0165 -0.0382 0.8662 0.4980
2308.0000 1270.2271 -1439.3121 -72.2466 0.0164 -0.0380 0.8668 0.4969
2309.0000 1268.8546 -1436.9835 -72.0582 0.0168 -0.0369 0.8676 0.4957
2310.0000 1267.4886 -1434.6727 -71.8502 0.0172 -0.0360 0.8682 0.4945
2311.0000 1266.1179 -1432.3968 -71.6329 0.0173 -0.0359 0.8689 0.4934
2312.0000 1264.7267 -1430.1137 -71.4459 0.0175 -0.0360 0.8696 0.4922
2313.0000 1263.3407 -1427.8181 -71.2561 0.0178 -0.0360 0.8702 0.4911
2314.0000 1261.9443 -1425.5089 -71.0406 0.0180 -0.0361 0.8708 0.4900
2315.0000 1260.5538 -1423.2312 -70.8368 0.0180 -0.0360 0.8715 0.4888
2316.0000 1259.1561 -1420.9715 -70.6461 0.0180 -0.0355 0.8721 0.4878
2317.0000 1257.7423 -1418.7150 -70.4546 0.0185 -0.0346 0.8726 0.4868
2318.0000 1256.3379 -1416.4520 -70.2409 0.0195 -0.0340 0.8732 0.4858
2319.0000 1254.9204 -1414.2017 -70.0262 0.0196 -0.0338 0.8738 0.4846
2320.0000 1253.4924 -1411.9500 -69.8429 0.0195 -0.0336 0.8744 0.4837
2321.0000 1252.0683 -1409.6966 -69.6526 0.0194 -0.0331 0.8747 0.4831
2322.0000 1250.6281 -1407.4238 -69.4437 0.0195 -0.0327 0.8752 0.4824
2323.0000 1249.2003 -1405.1906 -69.2429 0.0192 -0.0326 0.8755 0.4817
2324.0000 1247.7621 -1402.9603 -69.0497 0.0187 -0.0327 0.8758 0.4811
2325.0000 1246.3396 -1400.7465 -68.8692 0.0189 -0.0325 0.8760 0.4808
2326.0000 1244.9056 -1398.5057 -68.6708 0.0193 -0.0323 0.8762 0.4804
2327.0000 1243.4687 -1396.2449 -68.4551 0.0196 -0.0323 0.8765 0.4800
2328.0000 1242.0310 -1394.0197 -68.2449 0.0194 -0.0332 0.8768 0.4794
2329.0000 1240.5876 -1391.8270 -68.0614 0.0188 -0.0341 0.8769 0.4791
2330.0000 1239.1297 -1389.5999 -67.8777 0.0188 -0.0346 0.8771 0.4788
2331.0000 1237.6884 -1387.3770 -67.6782 0.0189 -0.0342 0.8773 0.4784
2332.0000 1236.2577 -1385.1575 -67.4732 0.0193 -0.0332 0.8776 0.4778
2333.0000 1234.8312 -1382.9577 -67.2750 0.0196 -0.0329 0.8781 0.4770
2334.0000 1233.3839 -1380.7572 -67.0791 0.0199 -0.0335 0.8784 0.4764
2335.0000 1231.9190 -1378.5302 -66.8870 0.0202 -0.0342 0.8786 0.4758
2336.0000 1230.4537 -1376.3148 -66.6947 0.0201 -0.0336 0.8789 0.4754
2337.0000 1228.9967 -1374.1047 -66.4919 0.0202 -0.0324 0.8791 0.4751
2338.0000 1227.5318 -1371.9013 -66.2817 0.0207 -0.0313 0.8794 0.4746
2339.0000 1226.0884 -1369.7176 -66.0801 0.0217 -0.0308 0.8798 0.4738
2340.0000 1224.6494 -1367.5450 -65.8784 0.0220 -0.0305 0.8802 0.4732
2341.0000 1223.1858 -1365.3419 -65.6933 0.0217 -0.0296 0.8805 0.4726
2342.0000 1221.7038 -1363.1291 -65.4899 0.0218 -0.0290 0.8808 0.4721
2343.0000 1220.2273 -1360.9399 -65.2916 0.0222 -0.0295 0.8810 0.4716
2344.0000 1218.7612 -1358.7760 -65.0952 0.0220 -0.0311 0.8812 0.4713
2345.0000 1217.3039 -1356.6169 -64.8994 0.0212 -0.0322 0.8814 0.4707
2346.0000 1215.8363 -1354.4656 -64.7028 0.0206 -0.0324 0.8818 0.4701
2347.0000 1214.3515 -1352.2709 -64.5084 0.0208 -0.0316 0.8822 0.4694
2348.0000 1212.8654 -1350.0784 -64.3018 0.0212 -0.0313 0.8824 0.4690
2349.0000 1211.3923 -1347.9128 -64.0997 0.0215 -0.0314 0.8826 0.4687
2350.0000 1209.9147 -1345.7760 -63.9085 0.0216 -0.0315 0.8828 0.4682
2351.0000 1208.4276 -1343.5937 -63.7139 0.0219 -0.0316 0.8831 0.4676
2352.0000 1206.9403 -1341.4248 -63.5151 0.0219 -0.0317 0.8834 0.4670
2353.0000 1205.4596 -1339.2732 -63.3099 0.0218 -0.0312 0.8837 0.4666
2354.0000 1203.9813 -1337.1146 -63.0982 0.0221 -0.0301 0.8838 0.4663
2355.0000 1202.5097 -1334.9713 -62.9009 0.0231 -0.0286 0.8841 0.4659
2356.0000 1201.0283 -1332.8463 -62.6964 0.0241 -0.0279 0.8845 0.4651
2357.0000 1199.5271 -1330.6946 -62.4937 0.0239 -0.0286 0.8847 0.4646
2358.0000 1198.0220 -1328.4961 -62.2996 0.0233 -0.0293 0.8849 0.4643
2359.0000 1196.5336 -1326.3569 -62.1057 0.0232 -0.0290 0.8850 0.4642
2360.0000 1195.0750 -1324.2665 -61.9090 0.0233 -0.0282 0.8852 0.4638
2361.0000 1193.5906 -1322.1591 -61.7009 0.0237 -0.0280 0.8855 0.4631
2362.0000 1192.0799 -1320.0009 -61.4910 0.0240 -0.0285 0.8858 0.4625
2363.0000 1190.5763 -1317.8607 -61.2969 0.0238 -0.0286 0.8860 0.4622
2364.0000 1189.0815 -1315.7472 -61.0979 0.0235 -0.0283 0.8862 0.4618
2365.0000 1187.6023 -1313.6443 -60.8912 0.0238 -0.0282 0.8865 0.4613
2366.0000 1186.1230 -1311.5426 -60.6892 0.0239 -0.0280 0.8867 0.4608
2367.0000 1184.6072 -1309.4125 -60.4919 0.0240 -0.0276 0.8869 0.4604
2368.0000 1183.0874 -1307.2815 -60.2920 0.0243 -0.0279 0.8871 0.4600
2369.0000 1181.5800 -1305.1608 -60.0883 0.0245 -0.0283 0.8874 0.4596
2370.0000 1180.0928 -1303.0765 -59.8932 0.0241 -0.0283 0.8876 0.4591
2371.0000 1178.5972 -1300.9865 -59.7011 0.0237 -0.0284 0.8878 0.4588
2372.0000 1177.0888 -1298.8840 -59.5008 0.0236 -0.0283 0.8879 0.4585
2373.0000 1175.5938 -1296.7956 -59.3058 0.0237 -0.0280 0.8881 0.4582
2374.0000 1174.0796 -1294.6836 -59.0948 0.0239 -0.0274 0.8883 0.4578
2375.0000 1172.5670 -1292.5717 -58.8884 0.0240 -0.0274 0.8884 0.4577
2376.0000 1171.0731 -1290.5059 -58.7057 0.0239 -0.0279 0.8883 0.4577
2377.0000 1169.5750 -1288.4394 -58.5247 0.0239 -0.0282 0.8884 0.4577
2378.0000 1168.0568 -1286.3206 -58.3198 0.0240 -0.0281 0.8885 0.4575
2379.0000 1166.5412 -1284.2120 -58.1062 0.0242 -0.0278 0.8885 0.4574
2380.0000 1165.0608 -1282.1529 -57.9055 0.0240 -0.0272 0.8884 0.4576
2381.0000 1163.6013 -1280.1143 -57.7251 0.0244 -0.0257 0.8881 0.4582
2382.0000 1162.0902 -1278.0043 -57.5280 0.0249 -0.0239 0.8882 0.4582
2383.0000 1160.5846 -1275.8982 -57.3282 0.0250 -0.0224 0.8883 0.4581
2384.0000 1159.0801 -1273.7917 -57.1350 0.0248 -0.0214 0.8884 0.4579
2385.0000 1157.5999 -1271.7240 -56.9569 0.0251 -0.0204 0.8883 0.4582
2386.0000 1156.1414 -1269.6665 -56.7712 0.0252 -0.0199 0.8880 0.4587
2387.0000 1154.6321 -1267.5693 -56.5917 0.0258 -0.0190 0.8880 0.4587
2388.0000 1153.1050 -1265.4375 -56.3982 0.0268 -0.0178 0.8880 0.4586
2389.0000 1151.6325 -1263.3409 -56.2169 0.0280 -0.0162 0.8880 0.4588
2390.0000 1150.1990 -1261.3077 -56.0307 0.0287 -0.0151 0.8878 0.4591
2391.0000 1148.7467 -1259.2703 -55.8345 0.0289 -0.0144 0.8877 0.4592
2392.0000 1147.2705 -1257.1952 -55.6576 0.0285 -0.0135 0.8877 0.4593
2393.0000 1145.7563 -1255.0595 -55.4797 0.0286 -0.0126 0.8877 0.4594
2394.0000 1144.2453 -1252.9226 -55.2927 0.0297 -0.0115 0.8875 0.4598
2395.0000 1142.7819 -1250.8548 -55.0998 0.0303 -0.0106 0.8873 0.4600
2396.0000 1141.3543 -1248.8275 -54.9178 0.0307 -0.0088 0.8873 0.4601
2397.0000 1139.9146 -1246.7797 -54.7392 0.0314 -0.0073 0.8872 0.4602
2398.0000 1138.4298 -1244.6636 -54.5550 0.0328 -0.0060 0.8871 0.4603
2399.0000 1136.9722 -1242.5672 -54.3743 0.0337 -0.0050 0.8870 0.4606
2400.0000 1135.5387 -1240.5342 -54.1926 0.0342 -0.0044 0.8867 0.4610
2401.0000 1134.0994 -1238.4942 -54.0107 0.0344 -0.0035 0.8866 0.4612
2402.0000 1132.6709 -1236.4272 -53.8309 0.0351 -0.0018 0.8865 0.4614
2403.0000 1131.2076 -1234.3201 -53.6308 0.0366 -0.0001 0.8863 0.4616
2404.0000 1129.7295 -1232.2025 -53.4239 0.0372 -0.0006 0.8862 0.4619
2405.0000 1128.2398 -1230.1010 -53.2365 0.0360 -0.0030 0.8861 0.4621
2406.0000 1126.7857 -1228.0562 -53.0741 0.0346 -0.0047 0.8861 0.4621
2407.0000 1125.3678 -1226.0095 -52.9041 0.0343 -0.0045 0.8863 0.4618
2408.0000 1123.9423 -1223.9449 -52.7055 0.0353 -0.0031 0.8863 0.4617
2409.0000 1122.5335 -1221.9010 -52.5007 0.0359 -0.0016 0.8862 0.4618
2410.0000 1121.0716 -1219.8310 -52.3131 0.0361 -0.0019 0.8862 0.4619
2411.0000 1119.6370 -1217.7747 -52.1344 0.0363 -0.0041 0.8861 0.4621
2412.0000 1118.1942 -1215.7046 -51.9597 0.0356 -0.0054 0.8859 0.4625
2413.0000 1116.7691 -1213.6520 -51.7881 0.0352 -0.0033 0.8858 0.4627
2414.0000 1115.3297 -1211.5726 -51.5891 0.0365 0.0004 0.8858 0.4627
2415.0000 1113.9014 -1209.5121 -51.3865 0.0378 0.0021 0.8854 0.4632
2416.0000 1112.4490 -1207.4235 -51.1958 0.0384 0.0015 0.8851 0.4639
2417.0000 1111.0094 -1205.3299 -51.0157 0.0383 0.0001 0.8848 0.4644
2418.0000 1109.5841 -1203.2611 -50.8297 0.0388 -0.0001 0.8847 0.4646
2419.0000 1108.1968 -1201.2433 -50.6355 0.0389 0.0010 0.8845 0.4649
2420.0000 1106.7783 -1199.2069 -50.4393 0.0379 0.0024 0.8843 0.4655
2421.0000 1105.3383 -1197.1135 -50.2657 0.0372 0.0034 0.8840 0.4659
2422.0000 1103.8984 -1194.9990 -50.0960 0.0369 0.0030 0.8838 0.4664
2423.0000 1102.4695 -1192.8921 -49.9213 0.0370 0.0028 0.8836 0.4668
2424.0000 1101.0424 -1190.8073 -49.7404 0.0374 0.0033 0.8834 0.4671
2425.0000 1099.6130 -1188.7157 -49.5590 0.0376 0.0038 0.8831 0.4676
2426.0000 1098.2238 -1186.6581 -49.3897 0.0373 0.0038 0.8829 0.4681
2427.0000 1096.8195 -1184.5833 -49.2189 0.0369 0.0033 0.8826 0.4687
2428.0000 1095.4209 -1182.5037 -49.0414 0.0368 0.0029 0.8822 0.4693
2429.0000 1094.0154 -1180.4331 -48.8606 0.0369 0.0026 0.8819 0.4700
2430.0000 1092.6218 -1178.3555 -48.6823 0.0369 0.0033 0.8816 0.4706
2431.0000 1091.2232 -1176.2581 -48.5066 0.0367 0.0036 0.8813 0.4711
2432.0000 1089.8229 -1174.1640 -48.3322 0.0367 0.0033 0.8810 0.4716
2433.0000 1088.4423 -1172.0964 -48.1665 0.0369 0.0028 0.8806 0.4723
2434.0000 1087.0505 -1170.0005 -47.9933 0.0370 0.0031 0.8803 0.4729
2435.0000 1085.6521 -1167.8700 -47.8155 0.0369 0.0038 0.8801 0.4733
2436.0000 1084.2916 -1165.8002 -47.6334 0.0369 0.0039 0.8799 0.4737
2437.0000 1082.9266 -1163.7291 -47.4607 0.0374 0.0038 0.8797 0.4740
2438.0000 1081.5438 -1161.6327 -47.2924 0.0378 0.0041 0.8794 0.4746
2439.0000 1080.1488 -1159.4845 -47.1151 0.0380 0.0051 0.8792 0.4748
2440.0000 1078.7599 -1157.3502 -46.9303 0.0377 0.0058 0.8790 0.4753
2441.0000 1077.3737 -1155.2442 -46.7633 0.0374 0.0067 0.8788 0.4757
2442.0000 1075.9789 -1153.1174 -46.5987 0.0381 0.0072 0.8786 0.4760
2443.0000 1074.6415 -1151.0274 -46.4345 0.0386 0.0073 0.8784 0.4763
2444.0000 1073.2909 -1148.9413 -46.2677 0.0388 0.0078 0.8782 0.4767
2445.0000 1071.9291 -1146.8233 -46.0942 0.0384 0.0083 0.8779 0.4773
2446.0000 1070.5534 -1144.6951 -45.9235 0.0383 0.0088 0.8777 0.4775
2447.0000 1069.1796 -1142.5663 -45.7510 0.0382 0.0084 0.8774 0.4781
2448.0000 1067.8100 -1140.4504 -45.5895 0.0378 0.0078 0.8772 0.4786
2449.0000 1066.4545 -1138.3365 -45.4239 0.0380 0.0077 0.8769 0.4792
2450.0000 1065.1070 -1136.2188 -45.2544 0.0385 0.0084 0.8766 0.4796
2451.0000 1063.7763 -1134.1262 -45.0823 0.0386 0.0087 0.8764 0.4800
2452.0000 1062.4183 -1132.0017 -44.9181 0.0381 0.0088 0.8763 0.4802
2453.0000 1061.0554 -1129.8557 -44.7589 0.0375 0.0088 0.8760 0.4807
2454.0000 1059.6692 -1127.6738 -44.5876 0.0377 0.0089 0.8756 0.4815
2455.0000 1058.3053 -1125.5106 -44.4098 0.0380 0.0086 0.8752 0.4822
2456.0000 1056.9634 -1123.3875 -44.2435 0.0385 0.0086 0.8750 0.4826
2457.0000 1055.6208 -1121.2626 -44.0853 0.0390 0.0094 0.8749 0.4826
2458.0000 1054.2891 -1119.1260 -43.9166 0.0393 0.0102 0.8747 0.4829
2459.0000 1052.9663 -1117.0028 -43.7455 0.0391 0.0106 0.8745 0.4834
2460.0000 1051.6226 -1114.8560 -43.5816 0.0391 0.0108 0.8743 0.4837
2461.0000 1050.2772 -1112.6972 -43.4212 0.0393 0.0108 0.8741 0.4841
2462.0000 1048.9199 -1110.5224 -43.2474 0.0398 0.0107 0.8739 0.4844
2463.0000 1047.5815 -1108.3945 -43.0801 0.0399 0.0107 0.8736 0.4850
2464.0000 1046.2555 -1106.2540 -42.9150 0.0394 0.0110 0.8733 0.4854
2465.0000 1044.9268 -1104.0911 -42.7558 0.0387 0.0112 0.8731 0.4858
2466.0000 1043.5969 -1101.9390 -42.5930 0.0379 0.0106 0.8731 0.4860
2467.0000 1042.2490 -1099.7823 -42.4311 0.0377 0.0102 0.8729 0.4864
2468.0000 1040.9089 -1097.6079 -42.2701 0.0382 0.0102 0.8726 0.4868
2469.0000 1039.5633 -1095.4274 -42.0949 0.0387 0.0098 0.8724 0.4872
2470.0000 1038.2247 -1093.2494 -41.9302 0.0385 0.0098 0.8720 0.4878
2471.0000 1036.9217 -1091.1223 -41.7706 0.0377 0.0095 0.8718 0.4884
2472.0000 1035.5927 -1088.9455 -41.6098 0.0373 0.0093 0.8715 0.4889
2473.0000 1034.2669 -1086.7785 -41.4574 0.0374 0.0098 0.8713 0.4892
2474.0000 1032.9485 -1084.6086 -41.2845 0.0376 0.0097 0.8709 0.4900
2475.0000 1031.6370 -1082.4450 -41.1213 0.0377 0.0097 0.8703 0.4909
2476.0000 1030.3315 -1080.2853 -40.9665 0.0379 0.0096 0.8698 0.4918
2477.0000 1029.0019 -1078.0804 -40.7998 0.0380 0.0099 0.8692 0.4929
2478.0000 1027.6889 -1075.8668 -40.6340 0.0379 0.0103 0.8688 0.4937
2479.0000 1026.3670 -1073.6534 -40.4729 0.0376 0.0113 0.8684 0.4943
2480.0000 1025.0636 -1071.4434 -40.3061 0.0375 0.0115 0.8679 0.4952
2481.0000 1023.7634 -1069.2474 -40.1535 0.0373 0.0113 0.8673 0.4963
2482.0000 1022.4722 -1067.0388 -40.0099 0.0370 0.0111 0.8668 0.4971
2483.0000 1021.1990 -1064.8606 -39.8572 0.0367 0.0112 0.8663 0.4980
2484.0000 1019.9323 -1062.6799 -39.6976 0.0365 0.0111 0.8658 0.4989
2485.0000 1018.6553 -1060.4988 -39.5480 0.0367 0.0112 0.8653 0.4997
2486.0000 1017.4111 -1058.3360 -39.4089 0.0371 0.0112 0.8649 0.5005
2487.0000 1016.1751 -1056.1712 -39.2491 0.0372 0.0106 0.8644 0.5013
2488.0000 1014.9481 -1053.9996 -39.1019 0.0369 0.0109 0.8640 0.5021
2489.0000 1013.6476 -1051.7134 -38.9461 0.0368 0.0116 0.8634 0.5030
2490.0000 1012.3556 -1049.4126 -38.7811 0.0369 0.0121 0.8630 0.5038
2491.0000 1011.0943 -1047.1797 -38.6188 0.0367 0.0118 0.8626 0.5045
2492.0000 1009.8659 -1045.0049 -38.4845 0.0364 0.0116 0.8622 0.5052
2493.0000 1008.6547 -1042.8368 -38.3400 0.0362 0.0109 0.8618 0.5059
2494.0000 1007.4097 -1040.5901 -38.1801 0.0364 0.0105 0.8613 0.5067
2495.0000 1006.1721 -1038.3768 -38.0239 0.0366 0.0106 0.8608 0.5075
2496.0000 1004.9525 -1036.1684 -37.8791 0.0366 0.0111 0.8604 0.5082
2497.0000 1003.6931 -1033.8701 -37.7310 0.0362 0.0115 0.8601 0.5086
2498.0000 1002.4892 -1031.6774 -37.5847 0.0355 0.0112 0.8598 0.5093
2499.0000 1001.2840 -1029.4862 -37.4410 0.0348 0.0110 0.8593 0.5102
2500.0000 1000.0226 -1027.1697 -37.2895 0.0349 0.0109 0.8588 0.5110
2501.0000 998.8287 -1024.9548 -37.1410 0.0349 0.0101 0.8583 0.5118
2502.0000 997.6467 -1022.7555 -37.0094 0.0349 0.0099 0.8578 0.5127
2503.0000 996.4100 -1020.4473 -36.8642 0.0345 0.0102 0.8574 0.5134
2504.0000 995.1917 -1018.1759 -36.7203 0.0342 0.0107 0.8569 0.5142
2505.0000 994.0077 -1015.9585 -36.5781 0.0344 0.0110 0.8564 0.5151
2506.0000 992.8259 -1013.7522 -36.4334 0.0347 0.0110 0.8559 0.5159
2507.0000 991.6376 -1011.4967 -36.2957 0.0349 0.0111 0.8555 0.5164
2508.0000 990.4540 -1009.2311 -36.1640 0.0348 0.0115 0.8552 0.5170
2509.0000 989.2696 -1006.9592 -36.0210 0.0347 0.0120 0.8547 0.5179
2510.0000 988.0901 -1004.6963 -35.8709 0.0343 0.0120 0.8542 0.5186
2511.0000 986.9067 -1002.4317 -35.7330 0.0338 0.0116 0.8539 0.5193
2512.0000 985.7323 -1000.1552 -35.6082 0.0339 0.0116 0.8535 0.5198
2513.0000 984.5638 -997.8726 -35.4690 0.0341 0.0122 0.8532 0.5204
2514.0000 983.3818 -995.5845 -35.3231 0.0342 0.0124 0.8528 0.5209
2515.0000 982.2048 -993.2962 -35.1981 0.0345 0.0129 0.8523 0.5217
2516.0000 981.0459 -991.0131 -35.0655 0.0341 0.0123 0.8519 0.5225
2517.0000 979.9119 -988.7691 -34.9263 0.0334 0.0112 0.8515 0.5232
2518.0000 978.7543 -986.5106 -34.7883 0.0319 0.0096 0.8513 0.5237
2519.0000 977.5865 -984.2001 -34.6765 0.0313 0.0091 0.8510 0.5242
2520.0000 976.4345 -981.8970 -34.5455 0.0325 0.0097 0.8505 0.5249
2521.0000 975.2865 -979.5977 -34.3915 0.0337 0.0104 0.8501 0.5255
2522.0000 974.1671 -977.3576 -34.2479 0.0331 0.0102 0.8499 0.5259
2523.0000 973.0422 -975.1057 -34.1215 0.0316 0.0097 0.8495 0.5265
2524.0000 971.9090 -972.8123 -33.9989 0.0308 0.0095 0.8491 0.5273
2525.0000 970.7434 -970.4637 -33.8581 0.0307 0.0091 0.8485 0.5283
2526.0000 969.6069 -968.1429 -33.7308 0.0307 0.0084 0.8481 0.5289
2527.0000 968.4745 -965.8526 -33.6116 0.0301 0.0078 0.8476 0.5296
2528.0000 967.3536 -963.5600 -33.4951 0.0298 0.0083 0.8473 0.5302
2529.0000 966.2392 -961.2657 -33.3685 0.0300 0.0092 0.8469 0.5308
2530.0000 965.1287 -958.9720 -33.2334 0.0302 0.0094 0.8465 0.5314
2531.0000 964.0126 -956.6496 -33.1145 0.0299 0.0089 0.8461 0.5322
2532.0000 962.9002 -954.3305 -33.0070 0.0296 0.0091 0.8456 0.5330
2533.0000 961.7867 -952.0080 -32.8773 0.0296 0.0093 0.8452 0.5336
2534.0000 960.6928 -949.7062 -32.7379 0.0295 0.0088 0.8448 0.5342
2535.0000 959.6066 -947.4124 -32.6200 0.0291 0.0082 0.8444 0.5349
2536.0000 958.4914 -945.0525 -32.5095 0.0290 0.0085 0.8440 0.5356
2537.0000 957.3944 -942.7173 -32.3888 0.0293 0.0093 0.8437 0.5360
2538.0000 956.3030 -940.3894 -32.2578 0.0293 0.0092 0.8434 0.5364
2539.0000 955.2176 -938.0822 -32.1416 0.0280 0.0083 0.8431 0.5370
2540.0000 954.1186 -935.7243 -32.0430 0.0273 0.0080 0.8426 0.5377
2541.0000 953.0339 -933.3728 -31.9328 0.0275 0.0083 0.8422 0.5384
2542.0000 951.9394 -931.0247 -31.7957 0.0277 0.0084 0.8419 0.5389
2543.0000 950.8568 -928.6746 -31.6866 0.0275 0.0090 0.8415 0.5395
2544.0000 949.7820 -926.3350 -31.5893 0.0267 0.0099 0.8411 0.5401
2545.0000 948.6893 -923.9443 -31.4724 0.0269 0.0094 0.8409 0.5405
2546.0000 947.6089 -921.5892 -31.3598 0.0271 0.0082 0.8405 0.5410
2547.0000 946.5342 -919.2455 -31.2741 0.0265 0.0084 0.8402 0.5416
2548.0000 945.4793 -916.9151 -31.1675 0.0266 0.0089 0.8398 0.5422
2549.0000 944.4226 -914.5404 -31.0433 0.0277 0.0088 0.8395 0.5426
2550.0000 943.3572 -912.1470 -30.9076 0.0291 0.0083 0.8391 0.5431
2551.0000 942.2879 -909.7665 -30.7846 0.0283 0.0080 0.8389 0.5435
2552.0000 941.2199 -907.4142 -30.6918 0.0262 0.0095 0.8387 0.5439
2553.0000 940.1551 -905.0253 -30.6053 0.0250 0.0112 0.8385 0.5443
2554.0000 939.0916 -902.6144 -30.5060 0.0261 0.0117 0.8380 0.5449
2555.0000 938.0292 -900.2015 -30.3783 0.0277 0.0108 0.8377 0.5453
2556.0000 936.9779 -897.8204 -30.2653 0.0283 0.0101 0.8375 0.5457
2557.0000 935.9334 -895.4671 -30.1677 0.0273 0.0102 0.8373 0.5460
2558.0000 934.8868 -893.1096 -30.0688 0.0261 0.0102 0.8371 0.5464
2559.0000 933.8413 -890.7169 -29.9655 0.0254 0.0097 0.8368 0.5468
2560.0000 932.7717 -888.2827 -29.8522 0.0252 0.0085 0.8365 0.5473
2561.0000 931.7126 -885.8769 -29.7517 0.0252 0.0078 0.8362 0.5479
2562.0000 930.6686 -883.4881 -29.6681 0.0248 0.0084 0.8359 0.5483
2563.0000 929.6300 -881.0884 -29.5663 0.0239 0.0089 0.8357 0.5487
2564.0000 928.5677 -878.6505 -29.4587 0.0238 0.0088 0.8355 0.5489
2565.0000 927.5331 -876.2541 -29.3577 0.0244 0.0085 0.8352 0.5493
2566.0000 926.4997 -873.8549 -29.2670 0.0248 0.0082 0.8349 0.5498
2567.0000 925.4526 -871.4216 -29.1776 0.0241 0.0084 0.8348 0.5500
2568.0000 924.3976 -868.9707 -29.0724 0.0236 0.0088 0.8347 0.5502
2569.0000 923.3638 -866.5547 -28.9552 0.0237 0.0090 0.8344 0.5506
2570.0000 922.3416 -864.1545 -28.8644 0.0241 0.0096 0.8341 0.5510
2571.0000 921.3022 -861.7341 -28.7776 0.0240 0.0101 0.8339 0.5513
2572.0000 920.2541 -859.2797 -28.6896 0.0235 0.0103 0.8338 0.5515
2573.0000 919.2210 -856.8430 -28.5981 0.0231 0.0101 0.8337 0.5516
2574.0000 918.1968 -854.4125 -28.5112 0.0234 0.0100 0.8336 0.5517
2575.0000 917.1624 -851.9749 -28.4224 0.0236 0.0101 0.8336 0.5518
2576.0000 916.1052 -849.5149 -28.3377 0.0234 0.0105 0.8336 0.5518
2577.0000 915.0646 -847.0658 -28.2355 0.0232 0.0107 0.8335 0.5519
2578.0000 914.0419 -844.6381 -28.1421 0.0230 0.0107 0.8334 0.5521
2579.0000 913.0141 -842.2236 -28.0583 0.0227 0.0105 0.8334 0.5522
2580.0000 911.9815 -839.7810 -27.9739 0.0221 0.0100 0.8334 0.5522
2581.0000 910.9311 -837.3103 -27.8839 0.0214 0.0092 0.8333 0.5523
2582.0000 909.8902 -834.8486 -27.7947 0.0213 0.0092 0.8332 0.5524
2583.0000 908.8643 -832.4140 -27.7075 0.0216 0.0098 0.8332 0.5524
2584.0000 907.8458 -829.9860 -27.6207 0.0218 0.0101 0.8332 0.5524
2585.0000 906.8039 -827.5306 -27.5310 0.0216 0.0099 0.8332 0.5525
2586.0000 905.7590 -825.0629 -27.4456 0.0214 0.0095 0.8331 0.5526
2587.0000 904.7146 -822.5952 -27.3718 0.0212 0.0097 0.8331 0.5526
2588.0000 903.6783 -820.1362 -27.2863 0.0211 0.0101 0.8332 0.5526
2589.0000 902.6425 -817.6976 -27.2000 0.0209 0.0105 0.8332 0.5525
2590.0000 901.6148 -815.2536 -27.1177 0.0209 0.0107 0.8331 0.5526
2591.0000 900.5715 -812.7714 -27.0370 0.0209 0.0105 0.8330 0.5527
2592.0000 899.5291 -810.2993 -26.9597 0.0204 0.0102 0.8330 0.5528
2593.0000 898.4959 -807.8601 -26.8836 0.0200 0.0101 0.8330 0.5528
2594.0000 897.4595 -805.3972 -26.8004 0.0196 0.0096 0.8329 0.5530
2595.0000 896.4229 -802.9203 -26.7191 0.0188 0.0085 0.8328 0.5532
2596.0000 895.3807 -800.4571 -26.6419 0.0183 0.0075 0.8327 0.5533
2597.0000 894.3367 -798.0096 -26.5593 0.0178 0.0067 0.8326 0.5535
2598.0000 893.3010 -795.5599 -26.4742 0.0173 0.0058 0.8325 0.5537
2599.0000 892.2569 -793.0794 -26.3998 0.0173 0.0049 0.8323 0.5540
2600.0000 891.2239 -790.6032 -26.3176 0.0173 0.0042 0.8322 0.5543
2601.0000 890.1831 -788.1227 -26.2203 0.0176 0.0034 0.8321 0.5544
2602.0000 889.1411 -785.6817 -26.1290 0.0170 0.0022 0.8319 0.5546
2603.0000 888.1061 -783.2423 -26.0468 0.0159 0.0007 0.8318 0.5549
2604.0000 887.0698 -780.7727 -25.9608 0.0146 -0.0008 0.8316 0.5552
2605.0000 886.0308 -778.2845 -25.8677 0.0136 -0.0019 0.8314 0.5555
2606.0000 884.9934 -775.8034 -25.7812 0.0131 -0.0026 0.8312 0.5558
2607.0000 883.9530 -773.3339 -25.6901 0.0129 -0.0034 0.8310 0.5561
2608.0000 882.9248 -770.8728 -25.6020 0.0121 -0.0046 0.8310 0.5562
2609.0000 881.9014 -768.4136 -25.5171 0.0110 -0.0058 0.8310 0.5562
2610.0000 880.8695 -765.9415 -25.4367 0.0100 -0.0067 0.8308 0.5565
2611.0000 879.8289 -763.4561 -25.3584 0.0092 -0.0072 0.8307 0.5566
2612.0000 878.7958 -760.9801 -25.2764 0.0085 -0.0073 0.8308 0.5565
2613.0000 877.7698 -758.5068 -25.1880 0.0078 -0.0080 0.8310 0.5561
2614.0000 876.7475 -756.0476 -25.1045 0.0073 -0.0092 0.8313 0.5557
2615.0000 875.7116 -753.5785 -25.0302 0.0067 -0.0106 0.8315 0.5554
2616.0000 874.6668 -751.0935 -24.9554 0.0056 -0.0118 0.8317 0.5551
2617.0000 873.6148 -748.6038 -24.8747 0.0045 -0.0123 0.8318 0.5549
2618.0000 872.5665 -746.1383 -24.8011 0.0034 -0.0119 0.8320 0.5546
2619.0000 871.5314 -743.6766 -24.7309 0.0029 -0.0115 0.8323 0.5542
2620.0000 870.4960 -741.1932 -24.6630 0.0023 -0.0116 0.8325 0.5540
2621.0000 869.4375 -738.7034 -24.5987 0.0016 -0.0121 0.8326 0.5538
2622.0000 868.3786 -736.2444 -24.5442 0.0012 -0.0124 0.8326 0.5538
2623.0000 867.3242 -733.7828 -24.4820 0.0009 -0.0125 0.8328 0.5534
2624.0000 866.2822 -731.2996 -24.4152 0.0004 -0.0125 0.8331 0.5530
2625.0000 865.2325 -728.8126 -24.3653 0.0001 -0.0122 0.8333 0.5526
2626.0000 864.1734 -726.3306 -24.3135 0.0001 -0.0119 0.8334 0.5525
2627.0000 863.1165 -723.8712 -24.2549 0.0001 -0.0122 0.8335 0.5525
2628.0000 862.0644 -721.4025 -24.1984 -0.0002 -0.0126 0.8334 0.5525
2629.0000 861.0046 -718.9140 -24.1420 -0.0006 -0.0132 0.8335 0.5523
2630.0000 859.9400 -716.4289 -24.0929 -0.0010 -0.0137 0.8336 0.5522
2631.0000 858.8732 -713.9557 -24.0447 -0.0011 -0.0135 0.8337 0.5521
2632.0000 857.8056 -711.4757 -23.9832 -0.0012 -0.0131 0.8337 0.5520
2633.0000 856.7483 -708.9896 -23.9227 -0.0013 -0.0132 0.8337 0.5520
2634.0000 855.6806 -706.4974 -23.8668 -0.0017 -0.0138 0.8337 0.5520
2635.0000 854.6146 -704.0198 -23.8179 -0.0022 -0.0143 0.8337 0.5520
2636.0000 853.5411 -701.5317 -23.7683 -0.0025 -0.0140 0.8338 0.5519
2637.0000 852.4817 -699.0636 -23.7186 -0.0026 -0.0136 0.8338 0.5518
2638.0000 851.4283 -696.5976 -23.6632 -0.0025 -0.0133 0.8338 0.5519
2639.0000 850.3558 -694.1063 -23.6124 -0.0029 -0.0134 0.8338 0.5519
2640.0000 849.2810 -691.6216 -23.5706 -0.0035 -0.0140 0.8338 0.5518
2641.0000 848.2060 -689.1334 -23.5302 -0.0036 -0.0143 0.8339 0.5517
2642.0000 847.1413 -686.6356 -23.4836 -0.0036 -0.0144 0.8340 0.5516
2643.0000 846.0663 -684.1489 -23.4338 -0.0036 -0.0140 0.8340 0.5516
2644.0000 845.0058 -681.6587 -23.3727 -0.0034 -0.0136 0.8341 0.5514
2645.0000 843.9438 -679.1604 -23.3286 -0.0036 -0.0135 0.8344 0.5509
2646.0000 842.8677 -676.6692 -23.2997 -0.0040 -0.0136 0.8346 0.5507
2647.0000 841.7808 -674.1759 -23.2618 -0.0043 -0.0134 0.8346 0.5506
2648.0000 840.6852 -671.6854 -23.2177 -0.0041 -0.0129 0.8349 0.5502
2649.0000 839.5978 -669.1928 -23.1639 -0.0037 -0.0125 0.8353 0.5496
2650.0000 838.5275 -666.7016 -23.1156 -0.0037 -0.0127 0.8359 0.5488
2651.0000 837.4423 -664.2166 -23.0816 -0.0040 -0.0132 0.8362 0.5483
2652.0000 836.3380 -661.7268 -23.0489 -0.0041 -0.0136 0.8365 0.5478
2653.0000 835.2268 -659.2317 -23.0124 -0.0045 -0.0137 0.8369 0.5472
2654.0000 834.1284 -656.7412 -22.9718 -0.0045 -0.0134 0.8374 0.5464
2655.0000 833.0200 -654.2548 -22.9244 -0.0045 -0.0127 0.8380 0.5456
2656.0000 831.9039 -651.7682 -22.8775 -0.0045 -0.0124 0.8384 0.5449
2657.0000 830.7935 -649.2847 -22.8430 -0.0046 -0.0123 0.8388 0.5443
2658.0000 829.6779 -646.8088 -22.8165 -0.0051 -0.0124 0.8392 0.5437
2659.0000 828.5470 -644.3313 -22.7837 -0.0058 -0.0128 0.8396 0.5430
2660.0000 827.4059 -641.8418 -22.7486 -0.0061 -0.0134 0.8401 0.5422
2661.0000 826.2702 -639.3530 -22.7099 -0.0066 -0.0141 0.8406 0.5415
2662.0000 825.1312 -636.8707 -22.6896 -0.0069 -0.0143 0.8410 0.5408
2663.0000 824.0034 -634.4019 -22.6557 -0.0071 -0.0145 0.8414 0.5401
2664.0000 822.8556 -631.9101 -22.6238 -0.0071 -0.0147 0.8419 0.5395
2665.0000 821.6904 -629.4284 -22.5852 -0.0069 -0.0149 0.8423 0.5388
2666.0000 820.5145 -626.9536 -22.5562 -0.0069 -0.0148 0.8429 0.5378
2667.0000 819.3665 -624.4858 -22.5299 -0.0072 -0.0143 0.8434 0.5370
2668.0000 818.2155 -622.0151 -22.4867 -0.0071 -0.0139 0.8440 0.5361
2669.0000 817.0423 -619.5456 -22.4582 -0.0073 -0.0141 0.8445 0.5352
2670.0000 815.8519 -617.0570 -22.4350 -0.0077 -0.0148 0.8450 0.5345
2671.0000 814.6619 -614.5787 -22.4127 -0.0081 -0.0152 0.8455 0.5337
2672.0000 813.4784 -612.1237 -22.3839 -0.0081 -0.0153 0.8460 0.5328
2673.0000 812.2926 -609.6719 -22.3488 -0.0076 -0.0151 0.8465 0.5321
2674.0000 811.0875 -607.1952 -22.3102 -0.0072 -0.0153 0.8470 0.5313
2675.0000 809.8560 -604.6975 -22.2786 -0.0076 -0.0157 0.8475 0.5305
2676.0000 808.6430 -602.2466 -22.2544 -0.0081 -0.0155 0.8480 0.5298
2677.0000 807.4386 -599.8139 -22.2362 -0.0090 -0.0150 0.8486 0.5287
2678.0000 806.2341 -597.3666 -22.2127 -0.0097 -0.0149 0.8492 0.5278
2679.0000 805.0016 -594.8962 -22.1875 -0.0098 -0.0156 0.8496 0.5271
2680.0000 803.7584 -592.4143 -22.1693 -0.0096 -0.0166 0.8499 0.5265
2681.0000 802.5298 -589.9695 -22.1411 -0.0096 -0.0170 0.8504 0.5258
2682.0000 801.2969 -587.5398 -22.1143 -0.0102 -0.0171 0.8510 0.5247
2683.0000 800.0581 -585.1038 -22.1007 -0.0106 -0.0169 0.8516 0.5238
2684.0000 798.7922 -582.6383 -22.0798 -0.0107 -0.0167 0.8522 0.5229
2685.0000 797.5299 -580.1854 -22.0611 -0.0108 -0.0168 0.8527 0.5221
2686.0000 796.2700 -577.7527 -22.0433 -0.0107 -0.0169 0.8533 0.5211
2687.0000 795.0132 -575.3110 -22.0253 -0.0108 -0.0171 0.8540 0.5200
2688.0000 793.7316 -572.8613 -22.0021 -0.0112 -0.0175 0.8546 0.5189
2689.0000 792.4434 -570.4059 -21.9958 -0.0112 -0.0174 0.8551 0.5181
2690.0000 791.1459 -567.9598 -21.9733 -0.0106 -0.0171 0.8556 0.5172
2691.0000 789.8552 -565.5472 -21.9508 -0.0106 -0.0168 0.8562 0.5163
2692.0000 788.5578 -563.1088 -21.9293 -0.0110 -0.0167 0.8568 0.5152
2693.0000 787.2464 -560.6527 -21.9146 -0.0112 -0.0168 0.8575 0.5141
2694.0000 785.9264 -558.2127 -21.9062 -0.0112 -0.0168 0.8581 0.5131
2695.0000 784.6095 -555.8000 -21.8944 -0.0113 -0.0171 0.8586 0.5122
2696.0000 783.2803 -553.3724 -21.8726 -0.0116 -0.0177 0.8592 0.5113
2697.0000 781.9460 -550.9280 -21.8507 -0.0121 -0.0182 0.8596 0.5105
2698.0000 780.5981 -548.4842 -21.8445 -0.0120 -0.0180 0.8602 0.5094
2699.0000 779.2625 -546.0669 -21.8195 -0.0119 -0.0178 0.8609 0.5084
2700.0000 777.9162 -543.6638 -21.8131 -0.0121 -0.0172 0.8615 0.5073
2701.0000 776.5510 -541.2257 -21.7997 -0.0125 -0.0168 0.8622 0.5062
2702.0000 775.1768 -538.7812 -21.7915 -0.0128 -0.0172 0.8626 0.5054
2703.0000 773.7989 -536.3526 -21.7784 -0.0128 -0.0182 0.8631 0.5045
2704.0000 772.4208 -533.9426 -21.7739 -0.0130 -0.0186 0.8637 0.5035
2705.0000 771.0491 -531.5504 -21.7684 -0.0134 -0.0182 0.8644 0.5023
2706.0000 769.6586 -529.1326 -21.7643 -0.0135 -0.0176 0.8650 0.5013
2707.0000 768.2675 -526.7180 -21.7534 -0.0133 -0.0173 0.8656 0.5003
2708.0000 766.8680 -524.3002 -21.7374 -0.0128 -0.0175 0.8661 0.4994
2709.0000 765.4569 -521.8981 -21.7272 -0.0126 -0.0174 0.8667 0.4983
2710.0000 764.0438 -519.4934 -21.7201 -0.0129 -0.0171 0.8674 0.4972
2711.0000 762.6259 -517.0931 -21.7205 -0.0135 -0.0169 0.8679 0.4963
2712.0000 761.2052 -514.7036 -21.7184 -0.0139 -0.0168 0.8683 0.4955
2713.0000 759.7788 -512.3020 -21.7166 -0.0137 -0.0166 0.8689 0.4945
2714.0000 758.3427 -509.9170 -21.7142 -0.0135 -0.0165 0.8695 0.4935
2715.0000 756.8901 -507.5177 -21.7053 -0.0132 -0.0164 0.8702 0.4923
2716.0000 755.4357 -505.1210 -21.7020 -0.0129 -0.0161 0.8708 0.4911
2717.0000 753.9927 -502.7461 -21.6970 -0.0129 -0.0163 0.8713 0.4903
2718.0000 752.5377 -500.3696 -21.7016 -0.0134 -0.0167 0.8719 0.4893
2719.0000 751.0658 -497.9825 -21.7008 -0.0138 -0.0168 0.8725 0.4882
2720.0000 749.5843 -495.6029 -21.7022 -0.0137 -0.0162 0.8731 0.4871
2721.0000 748.1094 -493.2364 -21.6918 -0.0134 -0.0156 0.8736 0.4862
2722.0000 746.6362 -490.8834 -21.6855 -0.0130 -0.0153 0.8741 0.4853
2723.0000 745.1474 -488.5370 -21.6813 -0.0131 -0.0158 0.8747 0.4842
2724.0000 743.6644 -486.1699 -21.6792 -0.0136 -0.0165 0.8753 0.4831
2725.0000 742.1680 -483.8046 -21.6938 -0.0140 -0.0167 0.8759 0.4821
2726.0000 740.6621 -481.4544 -21.6958 -0.0137 -0.0166 0.8764 0.4812
2727.0000 739.1463 -479.1180 -21.6865 -0.0131 -0.0162 0.8770 0.4801
2728.0000 737.6388 -476.7780 -21.6730 -0.0130 -0.0158 0.8776 0.4789
2729.0000 736.1153 -474.4324 -21.6746 -0.0135 -0.0153 0.8783 0.4778
2730.0000 734.5844 -472.0933 -21.6793 -0.0142 -0.0155 0.8788 0.4768
2731.0000 733.0622 -469.7864 -21.6871 -0.0147 -0.0164 0.8793 0.4758
2732.0000 731.5276 -467.4474 -21.6969 -0.0147 -0.0171 0.8798 0.4748
2733.0000 729.9851 -465.1109 -21.6988 -0.0147 -0.0170 0.8802 0.4740
2734.0000 728.4395 -462.7965 -21.7002 -0.0143 -0.0164 0.8807 0.4732
2735.0000 726.8888 -460.4773 -21.6945 -0.0138 -0.0160 0.8813 0.4721
2736.0000 725.3230 -458.1505 -21.6963 -0.0141 -0.0161 0.8819 0.4709
2737.0000 723.7609 -455.8541 -21.7097 -0.0145 -0.0166 0.8824 0.4699
2738.0000 722.1958 -453.5422 -21.7273 -0.0148 -0.0171 0.8830 0.4689
2739.0000 720.6339 -451.2360 -21.7250 -0.0146 -0.0171 0.8835 0.4679
2740.0000 719.0553 -448.9354 -21.7153 -0.0142 -0.0165 0.8840 0.4669
2741.0000 717.4728 -446.6409 -21.7147 -0.0139 -0.0156 0.8846 0.4658
2742.0000 715.8819 -444.3650 -21.7304 -0.0141 -0.0149 0.8852 0.4648
2743.0000 714.2732 -442.0622 -21.7378 -0.0144 -0.0155 0.8857 0.4637
2744.0000 712.6970 -439.7698 -21.7446 -0.0147 -0.0167 0.8863 0.4626
2745.0000 711.0961 -437.4893 -21.7535 -0.0143 -0.0173 0.8870 0.4612
2746.0000 709.4745 -435.2187 -21.7493 -0.0136 -0.0166 0.8879 0.4596
2747.0000 707.8519 -432.9608 -21.7428 -0.0134 -0.0154 0.8888 0.4578
2748.0000 706.2344 -430.7030 -21.7440 -0.0136 -0.0148 0.8898 0.4560
2749.0000 704.6095 -428.4499 -21.7571 -0.0140 -0.0147 0.8906 0.4543
2750.0000 702.9581 -426.1848 -21.7753 -0.0143 -0.0146 0.8914 0.4527
2751.0000 701.3000 -423.9512 -21.7841 -0.0135 -0.0142 0.8922 0.4513
2752.0000 699.6394 -421.7205 -21.7710 -0.0127 -0.0145 0.8930 0.4497
2753.0000 697.9840 -419.4953 -21.7735 -0.0123 -0.0151 0.8938 0.4481
2754.0000 696.3176 -417.2683 -21.7899 -0.0125 -0.0150 0.8947 0.4462
2755.0000 694.6370 -415.0452 -21.7878 -0.0128 -0.0141 0.8955 0.4446
2756.0000 692.9416 -412.8277 -21.7891 -0.0134 -0.0133 0.8963 0.4430
2757.0000 691.2336 -410.6109 -21.7999 -0.0138 -0.0134 0.8972 0.4413
2758.0000 689.5120 -408.4111 -21.8107 -0.0139 -0.0139 0.8980 0.4395
2759.0000 687.7885 -406.2338 -21.8266 -0.0142 -0.0145 0.8989 0.4377
2760.0000 686.0671 -404.0450 -21.8424 -0.0143 -0.0150 0.8997 0.4360
2761.0000 684.3524 -401.8741 -21.8577 -0.0141 -0.0151 0.9005 0.4344
2762.0000 682.6215 -399.6899 -21.8647 -0.0138 -0.0146 0.9013 0.4328
2763.0000 680.8640 -397.5010 -21.8662 -0.0137 -0.0142 0.9021 0.4311
2764.0000 679.1055 -395.3617 -21.8755 -0.0140 -0.0141 0.9028 0.4296
2765.0000 677.3440 -393.2430 -21.8978 -0.0147 -0.0145 0.9035 0.4280
2766.0000 675.5559 -391.0846 -21.9205 -0.0151 -0.0154 0.9043 0.4263
2767.0000 673.7702 -388.9383 -21.9296 -0.0150 -0.0164 0.9051 0.4246
2768.0000 671.9876 -386.7824 -21.9470 -0.0152 -0.0163 0.9059 0.4228
2769.0000 670.2030 -384.6662 -21.9567 -0.0147 -0.0157 0.9068 0.4210
2770.0000 668.4004 -382.5601 -21.9622 -0.0141 -0.0154 0.9077 0.4191
2771.0000 666.5807 -380.4534 -21.9638 -0.0138 -0.0157 0.9085 0.4174
2772.0000 664.7557 -378.3415 -21.9815 -0.0140 -0.0161 0.9092 0.4159
2773.0000 662.9197 -376.2153 -22.0060 -0.0143 -0.0158 0.9098 0.4145
2774.0000 661.0885 -374.1227 -22.0133 -0.0142 -0.0152 0.9104 0.4132
2775.0000 659.2596 -372.0589 -22.0159 -0.0139 -0.0146 0.9111 0.4117
2776.0000 657.4178 -369.9764 -22.0253 -0.0138 -0.0144 0.9118 0.4101
2777.0000 655.5674 -367.8889 -22.0423 -0.0141 -0.0139 0.9125 0.4085
2778.0000 653.7008 -365.8213 -22.0584 -0.0143 -0.0136 0.9131 0.4074
2779.0000 651.8212 -363.7562 -22.0805 -0.0152 -0.0138 0.9136 0.4061
2780.0000 649.9477 -361.7049 -22.1071 -0.0156 -0.0145 0.9141 0.4049
2781.0000 648.0775 -359.6527 -22.1350 -0.0153 -0.0151 0.9146 0.4037
2782.0000 646.2004 -357.6065 -22.1428 -0.0150 -0.0155 0.9151 0.4027
2783.0000 644.3074 -355.5763 -22.1562 -0.0150 -0.0157 0.9156 0.4016
2784.0000 642.4119 -353.5330 -22.1798 -0.0152 -0.0160 0.9161 0.4004
2785.0000 640.5202 -351.4956 -22.2036 -0.0153 -0.0158 0.9166 0.3993
2786.0000 638.6284 -349.4742 -22.2182 -0.0149 -0.0151 0.9171 0.3981
2787.0000 636.7313 -347.4631 -22.2258 -0.0144 -0.0147 0.9176 0.3969
2788.0000 634.8281 -345.4492 -22.2386 -0.0142 -0.0144 0.9182 0.3957
2789.0000 632.9057 -343.4265 -22.2590 -0.0143 -0.0142 0.9186 0.3946
2790.0000 630.9755 -341.4132 -22.2735 -0.0147 -0.0145 0.9191 0.3935
2791.0000 629.0550 -339.4270 -22.3013 -0.0148 -0.0152 0.9196 0.3922
2792.0000 627.1322 -337.4490 -22.3282 -0.0149 -0.0157 0.9202 0.3909
2793.0000 625.1967 -335.4586 -22.3448 -0.0149 -0.0154 0.9207 0.3896
2794.0000 623.2513 -333.4652 -22.3480 -0.0144 -0.0146 0.9214 0.3882
2795.0000 621.3079 -331.4867 -22.3595 -0.0142 -0.0144 0.9220 0.3867
2796.0000 619.3654 -329.5226 -22.3888 -0.0143 -0.0143 0.9226 0.3852
2797.0000 617.4015 -327.5606 -22.4198 -0.0144 -0.0139 0.9232 0.3838
2798.0000 615.4278 -325.5969 -22.4343 -0.0144 -0.0135 0.9238 0.3823
2799.0000 613.4648 -323.6513 -22.4432 -0.0141 -0.0132 0.9245 0.3808
2800.0000 611.4970 -321.7213 -22.4639 -0.0150 -0.0137 0.9251 0.3791
2801.0000 609.5142 -319.7937 -22.5001 -0.0163 -0.0149 0.9258 0.3774
2802.0000 607.5177 -317.8561 -22.5328 -0.0160 -0.0164 0.9264 0.3758
2803.0000 605.5217 -315.9299 -22.5533 -0.0151 -0.0169 0.9270 0.3744
2804.0000 603.5331 -314.0163 -22.5643 -0.0148 -0.0163 0.9277 0.3726
2805.0000 601.5304 -312.1217 -22.5832 -0.0149 -0.0151 0.9285 0.3708
2806.0000 599.5066 -310.2321 -22.5911 -0.0149 -0.0147 0.9291 0.3692
2807.0000 597.4890 -308.3429 -22.6183 -0.0155 -0.0151 0.9297 0.3677
2808.0000 595.4551 -306.4546 -22.6568 -0.0157 -0.0159 0.9302 0.3664
2809.0000 593.4347 -304.5828 -22.6816 -0.0158 -0.0169 0.9307 0.3651
2810.0000 591.3939 -302.7071 -22.7075 -0.0162 -0.0174 0.9312 0.3638
2811.0000 589.3462 -300.8394 -22.7352 -0.0163 -0.0169 0.9316 0.3627
2812.0000 587.3087 -298.9843 -22.7566 -0.0163 -0.0165 0.9321 0.3615
2813.0000 585.2597 -297.1444 -22.7808 -0.0160 -0.0167 0.9326 0.3601
2814.0000 583.2107 -295.2944 -22.8056 -0.0160 -0.0175 0.9330 0.3590
2815.0000 581.1525 -293.4397 -22.8314 -0.0161 -0.0181 0.9335 0.3578
2816.0000 579.0857 -291.6049 -22.8537 -0.0165 -0.0184 0.9339 0.3567
2817.0000 577.0252 -289.7988 -22.8822 -0.0165 -0.0180 0.9342 0.3558
2818.0000 574.9565 -287.9733 -22.9031 -0.0162 -0.0173 0.9346 0.3548
2819.0000 572.8852 -286.1401 -22.9216 -0.0161 -0.0167 0.9351 0.3537
2820.0000 570.8075 -284.3168 -22.9408 -0.0163 -0.0169 0.9355 0.3526
2821.0000 568.7246 -282.5147 -22.9743 -0.0166 -0.0176 0.9359 0.3515
2822.0000 566.6491 -280.7224 -23.0110 -0.0166 -0.0183 0.9363 0.3504
2823.0000 564.5683 -278.9249 -23.0377 -0.0162 -0.0183 0.9367 0.3493
2824.0000 562.4765 -277.1260 -23.0540 -0.0161 -0.0176 0.9370 0.3484
2825.0000 560.3774 -275.3244 -23.0727 -0.0167 -0.0172 0.9374 0.3473
2826.0000 558.2783 -273.5562 -23.1040 -0.0170 -0.0175 0.9378 0.3464
2827.0000 556.1800 -271.7839 -23.1361 -0.0171 -0.0186 0.9381 0.3454
2828.0000 554.0726 -270.0025 -23.1715 -0.0174 -0.0199 0.9384 0.3444
2829.0000 551.9605 -268.2327 -23.2185 -0.0176 -0.0201 0.9388 0.3434
2830.0000 549.8561 -266.4724 -23.2374 -0.0176 -0.0195 0.9392 0.3425
2831.0000 547.7451 -264.7053 -23.2444 -0.0176 -0.0188 0.9395 0.3415
2832.0000 545.6288 -262.9427 -23.2716 -0.0175 -0.0183 0.9399 0.3404
2833.0000 543.5088 -261.1844 -23.3186 -0.0170 -0.0178 0.9403 0.3395
2834.0000 541.3801 -259.4321 -23.3466 -0.0166 -0.0176 0.9406 0.3386
2835.0000 539.2601 -257.6928 -23.3686 -0.0165 -0.0177 0.9410 0.3377
2836.0000 537.1352 -255.9614 -23.4051 -0.0168 -0.0177 0.9413 0.3367
2837.0000 535.0067 -254.2180 -23.4383 -0.0169 -0.0175 0.9416 0.3358
2838.0000 532.8715 -252.4728 -23.4720 -0.0170 -0.0173 0.9419 0.3350
2839.0000 530.7307 -250.7459 -23.4996 -0.0169 -0.0169 0.9422 0.3343
2840.0000 528.5819 -249.0404 -23.5326 -0.0165 -0.0162 0.9425 0.3333
2841.0000 526.4470 -247.3263 -23.5568 -0.0163 -0.0163 0.9429 0.3323
2842.0000 524.3171 -245.6167 -23.5849 -0.0163 -0.0164 0.9432 0.3314
2843.0000 522.1838 -243.9122 -23.6290 -0.0165 -0.0162 0.9435 0.3306
2844.0000 520.0265 -242.2073 -23.6581 -0.0166 -0.0160 0.9438 0.3298
2845.0000 517.8621 -240.5159 -23.6891 -0.0166 -0.0157 0.9441 0.3289
2846.0000 515.7010 -238.8163 -23.7208 -0.0166 -0.0156 0.9444 0.3279
2847.0000 513.5503 -237.1234 -23.7624 -0.0164 -0.0155 0.9447 0.3270
2848.0000 511.4151 -235.4476 -23.7960 -0.0163 -0.0151 0.9451 0.3260
2849.0000 509.2581 -233.7679 -23.8145 -0.0160 -0.0150 0.9455 0.3248
2850.0000 507.0901 -232.0989 -23.8366 -0.0156 -0.0152 0.9458 0.3239
2851.0000 504.8990 -230.4264 -23.8748 -0.0155 -0.0147 0.9461 0.3232
2852.0000 502.7148 -228.7507 -23.9117 -0.0155 -0.0138 0.9464 0.3223
2853.0000 500.5448 -227.0801 -23.9358 -0.0155 -0.0130 0.9468 0.3213
2854.0000 498.3632 -225.4248 -23.9720 -0.0156 -0.0126 0.9471 0.3202
2855.0000 496.1783 -223.7797 -24.0134 -0.0157 -0.0121 0.9475 0.3192
2856.0000 494.0047 -222.1399 -24.0483 -0.0157 -0.0117 0.9478 0.3182
2857.0000 491.8310 -220.4956 -24.0732 -0.0159 -0.0118 0.9481 0.3172
2858.0000 489.6430 -218.8537 -24.1115 -0.0156 -0.0119 0.9484 0.3164
2859.0000 487.4469 -217.2209 -24.1585 -0.0153 -0.0119 0.9488 0.3154
2860.0000 485.2444 -215.6048 -24.1979 -0.0153 -0.0114 0.9491 0.3145
2861.0000 483.0403 -213.9766 -24.2213 -0.0151 -0.0107 0.9495 0.3134
2862.0000 480.8396 -212.3554 -24.2455 -0.0150 -0.0102 0.9498 0.3123
2863.0000 478.6271 -210.7385 -24.2879 -0.0152 -0.0098 0.9501 0.3113
2864.0000 476.4090 -209.1254 -24.3316 -0.0152 -0.0087 0.9504 0.3104
2865.0000 474.2016 -207.5220 -24.3569 -0.0151 -0.0078 0.9507 0.3095
2866.0000 471.9956 -205.9266 -24.3901 -0.0154 -0.0082 0.9510 0.3087
2867.0000 469.7853 -204.3342 -24.4419 -0.0154 -0.0092 0.9512 0.3079
2868.0000 467.5585 -202.7365 -24.4996 -0.0157 -0.0099 0.9514 0.3074
2869.0000 465.3359 -201.1500 -24.5504 -0.0159 -0.0098 0.9516 0.3069
2870.0000 463.1203 -199.5646 -24.5814 -0.0161 -0.0094 0.9517 0.3063
2871.0000 460.9028 -197.9764 -24.6015 -0.0155 -0.0089 0.9519 0.3058
2872.0000 458.6684 -196.3833 -24.6384 -0.0148 -0.0084 0.9521 0.3053
2873.0000 456.4347 -194.7981 -24.6975 -0.0149 -0.0080 0.9522 0.3050
2874.0000 454.2031 -193.2230 -24.7451 -0.0156 -0.0074 0.9523 0.3048
2875.0000 451.9801 -191.6569 -24.7843 -0.0157 -0.0066 0.9524 0.3045
2876.0000 449.7624 -190.0861 -24.8198 -0.0152 -0.0062 0.9524 0.3043
2877.0000 447.5358 -188.5167 -24.8620 -0.0145 -0.0060 0.9525 0.3040
2878.0000 445.3072 -186.9418 -24.9081 -0.0143 -0.0059 0.9526 0.3038
2879.0000 443.0647 -185.3658 -24.9636 -0.0144 -0.0056 0.9526 0.3037
2880.0000 440.8322 -183.7941 -25.0037 -0.0149 -0.0052 0.9527 0.3035
2881.0000 438.6038 -182.2267 -25.0407 -0.0149 -0.0043 0.9527 0.3034
2882.0000 436.3729 -180.6575 -25.0811 -0.0148 -0.0038 0.9528 0.3032
2883.0000 434.1441 -179.0907 -25.1286 -0.0148 -0.0037 0.9529 0.3030
2884.0000 431.9124 -177.5154 -25.1801 -0.0146 -0.0040 0.9529 0.3028
2885.0000 429.6935 -175.9580 -25.2326 -0.0144 -0.0038 0.9530 0.3027
2886.0000 427.4603 -174.3918 -25.2746 -0.0141 -0.0032 0.9530 0.3026
2887.0000 425.2285 -172.8351 -25.3074 -0.0142 -0.0023 0.9531 0.3023
2888.0000 422.9945 -171.2708 -25.3470 -0.0144 -0.0019 0.9532 0.3019
2889.0000 420.7547 -169.7108 -25.4043 -0.0146 -0.0018 0.9533 0.3016
2890.0000 418.5336 -168.1548 -25.4538 -0.0147 -0.0019 0.9534 0.3013
2891.0000 416.3039 -166.6023 -25.5002 -0.0146 -0.0023 0.9535 0.3009
2892.0000 414.0703 -165.0467 -25.5447 -0.0145 -0.0025 0.9536 0.3006
2893.0000 411.8117 -163.4772 -25.6011 -0.0146 -0.0022 0.9537 0.3004
2894.0000 409.5745 -161.9215 -25.6444 -0.0146 -0.0020 0.9538 0.3002
2895.0000 407.3505 -160.3855 -25.6799 -0.0147 -0.0019 0.9538 0.3001
2896.0000 405.1157 -158.8522 -25.7346 -0.0148 -0.0019 0.9539 0.2997
2897.0000 402.8755 -157.2951 -25.7988 -0.0148 -0.0020 0.9540 0.2995
2898.0000 400.6313 -155.7345 -25.8471 -0.0150 -0.0020 0.9540 0.2993
2899.0000 398.3912 -154.2003 -25.8968 -0.0152 -0.0015 0.9541 0.2992
2900.0000 396.1561 -152.6562 -25.9455 -0.0151 -0.0009 0.9541 0.2990
2901.0000 393.9182 -151.1050 -25.9922 -0.0149 -0.0008 0.9542 0.2987
2902.0000 391.6696 -149.5486 -26.0439 -0.0146 -0.0007 0.9543 0.2985
2903.0000 389.4372 -148.0105 -26.0945 -0.0144 -0.0005 0.9543 0.2984
2904.0000 387.2033 -146.4737 -26.1608 -0.0142 0.0003 0.9544 0.2983
2905.0000 384.9689 -144.9320 -26.2039 -0.0142 0.0015 0.9544 0.2982
2906.0000 382.7266 -143.3917 -26.2442 -0.0141 0.0024 0.9544 0.2981
2907.0000 380.4900 -141.8560 -26.2926 -0.0135 0.0029 0.9545 0.2979
2908.0000 378.2542 -140.3172 -26.3520 -0.0128 0.0030 0.9546 0.2978
2909.0000 376.0180 -138.7613 -26.4061 -0.0124 0.0036 0.9546 0.2977
2910.0000 373.7860 -137.2181 -26.4480 -0.0122 0.0051 0.9545 0.2978
2911.0000 371.5379 -135.6754 -26.4859 -0.0119 0.0068 0.9545 0.2979
2912.0000 369.3057 -134.1427 -26.5236 -0.0114 0.0079 0.9545 0.2980
2913.0000 367.0850 -132.6110 -26.5715 -0.0110 0.0084 0.9544 0.2983
2914.0000 364.8580 -131.0599 -26.6252 -0.0107 0.0088 0.9542 0.2988
2915.0000 362.6135 -129.5042 -26.6733 -0.0107 0.0096 0.9539 0.2997
2916.0000 360.3733 -127.9639 -26.7183 -0.0103 0.0105 0.9536 0.3006
2917.0000 358.1484 -126.4131 -26.7561 -0.0102 0.0115 0.9535 0.3011
2918.0000 355.9248 -124.8639 -26.8081 -0.0101 0.0127 0.9534 0.3014
2919.0000 353.7003 -123.3124 -26.8611 -0.0099 0.0140 0.9532 0.3019
2920.0000 351.4671 -121.7466 -26.9051 -0.0095 0.0153 0.9530 0.3023
2921.0000 349.2443 -120.1895 -26.9457 -0.0091 0.0165 0.9529 0.3028
2922.0000 347.0346 -118.6350 -26.9997 -0.0090 0.0175 0.9528 0.3029
2923.0000 344.8279 -117.0691 -27.0518 -0.0089 0.0184 0.9528 0.3030
2924.0000 342.6210 -115.4961 -27.1055 -0.0086 0.0192 0.9526 0.3035
2925.0000 340.4057 -113.9292 -27.1599 -0.0087 0.0199 0.9524 0.3041
2926.0000 338.1903 -112.3683 -27.2175 -0.0082 0.0210 0.9522 0.3045
2927.0000 335.9728 -110.8034 -27.2581 -0.0075 0.0220 0.9522 0.3045
2928.0000 333.7676 -109.2317 -27.2977 -0.0072 0.0226 0.9521 0.3048
2929.0000 331.5677 -107.6564 -27.3540 -0.0077 0.0231 0.9519 0.3054
2930.0000 329.3721 -106.0883 -27.4305 -0.0082 0.0236 0.9517 0.3060
2931.0000 327.1559 -104.5160 -27.4961 -0.0083 0.0244 0.9515 0.3065
2932.0000 324.9407 -102.9399 -27.5486 -0.0083 0.0254 0.9513 0.3070
2933.0000 322.7357 -101.3572 -27.6020 -0.0081 0.0259 0.9511 0.3077
2934.0000 320.5461 -99.7774 -27.6632 -0.0081 0.0258 0.9509 0.3083
2935.0000 318.3431 -98.1911 -27.7318 -0.0084 0.0255 0.9507 0.3089
2936.0000 316.1438 -96.5969 -27.8046 -0.0086 0.0256 0.9505 0.3096
2937.0000 313.9492 -95.0066 -27.8630 -0.0087 0.0261 0.9503 0.3102
2938.0000 311.7598 -93.4198 -27.9135 -0.0087 0.0264 0.9500 0.3110
2939.0000 309.5741 -91.8225 -27.9804 -0.0085 0.0266 0.9498 0.3117
2940.0000 307.3837 -90.2131 -28.0531 -0.0080 0.0265 0.9496 0.3123
2941.0000 305.1957 -88.6058 -28.1136 -0.0079 0.0266 0.9494 0.3129
2942.0000 303.0099 -87.0034 -28.1709 -0.0080 0.0272 0.9492 0.3134
2943.0000 300.8337 -85.4062 -28.2267 -0.0083 0.0275 0.9490 0.3140
2944.0000 298.6608 -83.7949 -28.2901 -0.0088 0.0276 0.9487 0.3147
2945.0000 296.4791 -82.1720 -28.3677 -0.0091 0.0278 0.9485 0.3155
2946.0000 294.3029 -80.5497 -28.4412 -0.0089 0.0282 0.9483 0.3161
2947.0000 292.1370 -78.9224 -28.5007 -0.0086 0.0282 0.9480 0.3168
2948.0000 289.9736 -77.3070 -28.5697 -0.0090 0.0281 0.9478 0.3176
2949.0000 287.7998 -75.6870 -28.6515 -0.0093 0.0277 0.9475 0.3183
2950.0000 285.6228 -74.0526 -28.7216 -0.0092 0.0274 0.9473 0.3191
2951.0000 283.4626 -72.4111 -28.7857 -0.0089 0.0275 0.9470 0.3198
2952.0000 281.3163 -70.7758 -28.8501 -0.0089 0.0281 0.9468 0.3205
2953.0000 279.1702 -69.1386 -28.9203 -0.0092 0.0286 0.9465 0.3212
2954.0000 277.0002 -67.4800 -28.9965 -0.0095 0.0288 0.9463 0.3220
2955.0000 274.8429 -65.8320 -29.0736 -0.0095 0.0288 0.9460 0.3228
2956.0000 272.7004 -64.1879 -29.1438 -0.0093 0.0289 0.9458 0.3234
2957.0000 270.5648 -62.5359 -29.2129 -0.0092 0.0292 0.9456 0.3240
2958.0000 268.4144 -60.8759 -29.2863 -0.0092 0.0298 0.9454 0.3244
2959.0000 266.2581 -59.2083 -29.3641 -0.0092 0.0301 0.9452 0.3249
2960.0000 264.1099 -57.5412 -29.4398 -0.0088 0.0300 0.9451 0.3253
2961.0000 261.9822 -55.8799 -29.5149 -0.0084 0.0299 0.9449 0.3259
2962.0000 259.8579 -54.2110 -29.5884 -0.0081 0.0303 0.9447 0.3263
2963.0000 257.7199 -52.5363 -29.6644 -0.0081 0.0315 0.9445 0.3268
2964.0000 255.5720 -50.8703 -29.7315 -0.0083 0.0325 0.9443 0.3273
2965.0000 253.4416 -49.1961 -29.8001 -0.0085 0.0325 0.9441 0.3279
2966.0000 251.3024 -47.5138 -29.8775 -0.0085 0.0319 0.9440 0.3284
2967.0000 249.1685 -45.8397 -29.9632 -0.0080 0.0317 0.9438 0.3289
2968.0000 247.0491 -44.1627 -30.0370 -0.0076 0.0321 0.9436 0.3295
2969.0000 244.9309 -42.4785 -30.1016 -0.0074 0.0331 0.9433 0.3301
2970.0000 242.8169 -40.7944 -30.1668 -0.0074 0.0341 0.9431 0.3308
2971.0000 240.6919 -39.1011 -30.2413 -0.0077 0.0345 0.9429 0.3313
2972.0000 238.5769 -37.4085 -30.3289 -0.0077 0.0348 0.9427 0.3318
2973.0000 236.4766 -35.7107 -30.4046 -0.0075 0.0350 0.9424 0.3327
2974.0000 234.3566 -34.0138 -30.4739 -0.0075 0.0356 0.9421 0.3333
2975.0000 232.2277 -32.3253 -30.5479 -0.0076 0.0360 0.9419 0.3340
2976.0000 230.1088 -30.6245 -30.6354 -0.0077 0.0355 0.9416 0.3349
2977.0000 228.0116 -28.9053 -30.7229 -0.0080 0.0346 0.9413 0.3356
2978.0000 225.9332 -27.2038 -30.8043 -0.0085 0.0343 0.9411 0.3363
2979.0000 223.8383 -25.4999 -30.8843 -0.0085 0.0348 0.9408 0.3370
2980.0000 221.7249 -23.7843 -30.9553 -0.0077 0.0354 0.9405 0.3379
2981.0000 219.6348 -22.0710 -31.0177 -0.0072 0.0355 0.9402 0.3388
2982.0000 217.5535 -20.3477 -31.1045 -0.0077 0.0352 0.9399 0.3397
2983.0000 215.4698 -18.6209 -31.2024 -0.0083 0.0350 0.9395 0.3405
2984.0000 213.3941 -16.8931 -31.2877 -0.0084 0.0353 0.9392 0.3416
2985.0000 211.3100 -15.1520 -31.3589 -0.0078 0.0359 0.9386 0.3431
2986.0000 209.2381 -13.4206 -31.4325 -0.0075 0.0365 0.9380 0.3445
2987.0000 207.1711 -11.6792 -31.5130 -0.0076 0.0365 0.9376 0.3457
2988.0000 205.1101 -9.9223 -31.6102 -0.0074 0.0362 0.9373 0.3466
2989.0000 203.0580 -8.1687 -31.6983 -0.0070 0.0368 0.9368 0.3478
2990.0000 201.0057 -6.4041 -31.7668 -0.0073 0.0386 0.9362 0.3492
2991.0000 198.9624 -4.6413 -31.8327 -0.0076 0.0401 0.9357 0.3504
2992.0000 196.9067 -2.8776 -31.9481 -0.0089 0.0392 0.9354 0.3514
2993.0000 194.8634 -1.1001 -32.0668 -0.0089 0.0362 0.9350 0.3528
2994.0000 192.8295 0.6886 -32.1433 -0.0066 0.0334 0.9346 0.3540
2995.0000 190.8029 2.4609 -32.2029 -0.0057 0.0339 0.9343 0.3547
2996.0000 188.7843 4.2419 -32.2650 -0.0069 0.0375 0.9341 0.3550
2997.0000 186.7688 6.0363 -32.3455 -0.0089 0.0408 0.9338 0.3554
2998.0000 184.7319 7.8563 -32.4406 -0.0093 0.0406 0.9334 0.3563
2999.0000 182.7032 9.6587 -32.5495 -0.0080 0.0374 0.9330 0.3578
3000.0000 180.6773 11.4444 -32.6642 -0.0071 0.0350 0.9327 0.3589
3001.0000 178.6703 13.2424 -32.7558 -0.0078 0.0353 0.9324 0.3597
3002.0000 176.6590 15.0672 -32.8235 -0.0094 0.0373 0.9320 0.3604
3003.0000 174.6403 16.9013 -32.8923 -0.0099 0.0381 0.9315 0.3615
3004.0000 172.6351 18.7214 -32.9992 -0.0097 0.0369 0.9310 0.3630
3005.0000 170.6183 20.5512 -33.1221 -0.0094 0.0352 0.9306 0.3643
3006.0000 168.6253 22.3765 -33.2356 -0.0093 0.0348 0.9301 0.3655
3007.0000 166.6440 24.2155 -33.3210 -0.0095 0.0358 0.9297 0.3665
3008.0000 164.6653 26.0624 -33.3896 -0.0094 0.0374 0.9292 0.3676
3009.0000 162.6924 27.9068 -33.4738 -0.0095 0.0381 0.9287 0.3688
3010.0000 160.7052 29.7681 -33.5838 -0.0093 0.0375 0.9282 0.3700
3011.0000 158.7278 31.6342 -33.6952 -0.0092 0.0363 0.9277 0.3715
3012.0000 156.7560 33.5119 -33.7985 -0.0092 0.0358 0.9272 0.3727
3013.0000 154.8080 35.3646 -33.8894 -0.0097 0.0363 0.9268 0.3736
3014.0000 152.8426 37.2368 -33.9868 -0.0099 0.0372 0.9264 0.3746
3015.0000 150.8740 39.1242 -34.0794 -0.0096 0.0373 0.9259 0.3757
3016.0000 148.9158 41.0206 -34.1872 -0.0096 0.0370 0.9255 0.3769
3017.0000 146.9722 42.9256 -34.2957 -0.0101 0.0368 0.9250 0.3781
3018.0000 145.0355 44.8219 -34.4011 -0.0099 0.0370 0.9245 0.3791
3019.0000 143.0913 46.7131 -34.4956 -0.0092 0.0374 0.9242 0.3799
3020.0000 141.1390 48.6197 -34.5923 -0.0090 0.0378 0.9240 0.3805
3021.0000 139.1981 50.5376 -34.6956 -0.0093 0.0381 0.9237 0.3811
3022.0000 137.2709 52.4521 -34.7986 -0.0095 0.0382 0.9234 0.3818
3023.0000 135.3474 54.3673 -34.8954 -0.0097 0.0378 0.9231 0.3826
3024.0000 133.4063 56.2896 -35.0098 -0.0099 0.0375 0.9227 0.3835
3025.0000 131.4840 58.2111 -35.1202 -0.0098 0.0376 0.9223 0.3845
3026.0000 129.5765 60.1402 -35.2159 -0.0096 0.0383 0.9219 0.3855
3027.0000 127.6678 62.0641 -35.3061 -0.0096 0.0387 0.9215 0.3862
3028.0000 125.7533 63.9943 -35.4112 -0.0097 0.0387 0.9212 0.3871
3029.0000 123.8342 65.9343 -35.5297 -0.0099 0.0385 0.9207 0.3882
3030.0000 121.9277 67.8893 -35.6486 -0.0102 0.0385 0.9202 0.3894
3031.0000 120.0310 69.8344 -35.7506 -0.0103 0.0385 0.9196 0.3907
3032.0000 118.1304 71.7971 -35.8566 -0.0102 0.0384 0.9190 0.3922
3033.0000 116.2384 73.7674 -35.9646 -0.0099 0.0382 0.9185 0.3935
3034.0000 114.3568 75.7371 -36.0804 -0.0102 0.0383 0.9178 0.3950
3035.0000 112.4851 77.7049 -36.1868 -0.0107 0.0385 0.9172 0.3964
3036.0000 110.6000 79.6815 -36.3032 -0.0107 0.0387 0.9166 0.3978
3037.0000 108.7220 81.6779 -36.4061 -0.0108 0.0386 0.9161 0.3989
3038.0000 106.8688 83.6668 -36.5201 -0.0107 0.0382 0.9157 0.4000
3039.0000 105.0283 85.6513 -36.6474 -0.0107 0.0378 0.9151 0.4013
3040.0000 103.1680 87.6577 -36.7610 -0.0105 0.0376 0.9145 0.4027
3041.0000 101.3143 89.6647 -36.8650 -0.0107 0.0377 0.9139 0.4040
3042.0000 99.4776 91.6753 -36.9705 -0.0110 0.0380 0.9135 0.4050
3043.0000 97.6405 93.6842 -37.0853 -0.0112 0.0380 0.9130 0.4060
3044.0000 95.8175 95.6949 -37.2070 -0.0114 0.0377 0.9125 0.4071
3045.0000 93.9804 97.7339 -37.3296 -0.0114 0.0373 0.9120 0.4084
3046.0000 92.1495 99.7767 -37.4426 -0.0115 0.0371 0.9114 0.4097
3047.0000 90.3382 101.8156 -37.5546 -0.0118 0.0369 0.9108 0.4109
3048.0000 88.5298 103.8478 -37.6737 -0.0121 0.0372 0.9104 0.4119
3049.0000 86.7292 105.8886 -37.7954 -0.0123 0.0377 0.9099 0.4130
3050.0000 84.9355 107.9452 -37.9157 -0.0121 0.0378 0.9093 0.4142
3051.0000 83.1214 109.9956 -38.0386 -0.0120 0.0377 0.9088 0.4153
3052.0000 81.3268 112.0571 -38.1741 -0.0120 0.0374 0.9085 0.4161
3053.0000 79.5278 114.1263 -38.3047 -0.0120 0.0374 0.9081 0.4169
3054.0000 77.7403 116.2041 -38.4220 -0.0122 0.0380 0.9077 0.4177
3055.0000 75.9605 118.2896 -38.5318 -0.0121 0.0388 0.9072 0.4187
3056.0000 74.1812 120.3572 -38.6600 -0.0121 0.0393 0.9068 0.4196
3057.0000 72.4030 122.4251 -38.7909 -0.0121 0.0394 0.9065 0.4202
3058.0000 70.6311 124.5266 -38.9143 -0.0119 0.0391 0.9060 0.4212
3059.0000 68.8566 126.6203 -39.0391 -0.0119 0.0390 0.9056 0.4222
3060.0000 67.0770 128.7003 -39.1662 -0.0123 0.0390 0.9052 0.4230
3061.0000 65.3151 130.8036 -39.2861 -0.0125 0.0390 0.9048 0.4238
3062.0000 63.5574 132.9054 -39.4190 -0.0128 0.0389 0.9043 0.4249
3063.0000 61.7972 135.0282 -39.5487 -0.0129 0.0388 0.9039 0.4257
3064.0000 60.0422 137.1296 -39.6809 -0.0130 0.0387 0.9036 0.4265
3065.0000 58.2810 139.2546 -39.8071 -0.0128 0.0384 0.9032 0.4272
3066.0000 56.5399 141.3728 -39.9381 -0.0126 0.0382 0.9029 0.4281
3067.0000 54.8096 143.4896 -40.0761 -0.0125 0.0380 0.9025 0.4289
3068.0000 53.0670 145.6299 -40.2110 -0.0125 0.0383 0.9020 0.4300
3069.0000 51.3300 147.7574 -40.3301 -0.0126 0.0386 0.9014 0.4310
3070.0000 49.5760 149.9086 -40.4582 -0.0128 0.0386 0.9010 0.4318
3071.0000 47.8480 152.0485 -40.5955 -0.0131 0.0384 0.9006 0.4327
3072.0000 46.1341 154.1806 -40.7286 -0.0131 0.0379 0.9002 0.4336
3073.0000 44.4039 156.3284 -40.8481 -0.0133 0.0377 0.8997 0.4347
3074.0000 42.6897 158.4714 -40.9774 -0.0133 0.0376 0.8992 0.4357
3075.0000 40.9875 160.6358 -41.1135 -0.0131 0.0377 0.8988 0.4366
3076.0000 39.2692 162.8178 -41.2492 -0.0132 0.0378 0.8983 0.4376
3077.0000 37.5633 164.9848 -41.3875 -0.0136 0.0378 0.8977 0.4387
3078.0000 35.8623 167.1461 -41.5241 -0.0136 0.0376 0.8973 0.4397
3079.0000 34.1761 169.3183 -41.6627 -0.0132 0.0376 0.8968 0.4406
3080.0000 32.4988 171.4917 -41.7858 -0.0130 0.0380 0.8963 0.4415
3081.0000 30.8022 173.6859 -41.9141 -0.0132 0.0383 0.8959 0.4425
3082.0000 29.1026 175.8854 -42.0551 -0.0133 0.0386 0.8953 0.4435
3083.0000 27.4390 178.0631 -42.1939 -0.0134 0.0387 0.8948 0.4447
3084.0000 25.7746 180.2510 -42.3309 -0.0135 0.0383 0.8943 0.4457
3085.0000 24.1065 182.4633 -42.4741 -0.0137 0.0386 0.8937 0.4469
3086.0000 22.4403 184.6925 -42.6199 -0.0138 0.0394 0.8931 0.4479
3087.0000 20.7881 186.8960 -42.7541 -0.0135 0.0396 0.8926 0.4490
3088.0000 19.1168 189.1141 -42.8839 -0.0132 0.0392 0.8921 0.4499
3089.0000 17.4501 191.3383 -43.0312 -0.0135 0.0388 0.8916 0.4510
3090.0000 15.8079 193.5667 -43.1824 -0.0142 0.0385 0.8910 0.4521
3091.0000 14.1720 195.7946 -43.3282 -0.0145 0.0383 0.8904 0.4532
3092.0000 12.5270 198.0333 -43.4634 -0.0143 0.0381 0.8900 0.4542
3093.0000 10.8840 200.2752 -43.6030 -0.0141 0.0380 0.8894 0.4552
3094.0000 9.2621 202.5241 -43.7430 -0.0141 0.0381 0.8888 0.4564
3095.0000 7.6380 204.7904 -43.8954 -0.0142 0.0382 0.8883 0.4575
3096.0000 6.0229 207.0488 -44.0401 -0.0141 0.0380 0.8878 0.4585
3097.0000 4.4012 209.3053 -44.1762 -0.0139 0.0378 0.8873 0.4595
3098.0000 2.8004 211.5645 -44.3195 -0.0138 0.0378 0.8868 0.4604
3099.0000 1.1944 213.8325 -44.4637 -0.0139 0.0383 0.8864 0.4612
3100.0000 -0.3994 216.0970 -44.6028 -0.0141 0.0387 0.8858 0.4622
3101.0000 -2.0027 218.3751 -44.7479 -0.0144 0.0385 0.8853 0.4632
3102.0000 -3.6023 220.6783 -44.9004 -0.0145 0.0381 0.8848 0.4642
3103.0000 -5.1962 222.9679 -45.0436 -0.0142 0.0379 0.8843 0.4651
3104.0000 -6.7707 225.2461 -45.1833 -0.0140 0.0379 0.8839 0.4659
3105.0000 -8.3407 227.5303 -45.3224 -0.0138 0.0378 0.8834 0.4669
3106.0000 -9.9157 229.8284 -45.4678 -0.0141 0.0377 0.8828 0.4680
3107.0000 -11.4902 232.1330 -45.6238 -0.0144 0.0379 0.8823 0.4690
3108.0000 -13.0506 234.4476 -45.7716 -0.0142 0.0382 0.8818 0.4698
3109.0000 -14.6047 236.7492 -45.9092 -0.0140 0.0388 0.8813 0.4707
3110.0000 -16.1692 239.0535 -46.0468 -0.0143 0.0388 0.8808 0.4716
3111.0000 -17.7226 241.3795 -46.1994 -0.0149 0.0385 0.8803 0.4727
3112.0000 -19.2744 243.7016 -46.3641 -0.0150 0.0381 0.8797 0.4738
3113.0000 -20.8112 246.0347 -46.5192 -0.0151 0.0380 0.8791 0.4750
3114.0000 -22.3510 248.3610 -46.6557 -0.0151 0.0383 0.8784 0.4762
3115.0000 -23.8814 250.6990 -46.8094 -0.0152 0.0385 0.8778 0.4773
3116.0000 -25.4118 253.0411 -46.9711 -0.0150 0.0381 0.8772 0.4784
3117.0000 -26.9300 255.3706 -47.1186 -0.0150 0.0375 0.8765 0.4798
3118.0000 -28.4499 257.7304 -47.2725 -0.0153 0.0374 0.8758 0.4810
3119.0000 -29.9515 260.1077 -47.4261 -0.0155 0.0378 0.8751 0.4821
3120.0000 -31.4471 262.4721 -47.5726 -0.0155 0.0378 0.8745 0.4833
3121.0000 -32.9380 264.8112 -47.7161 -0.0156 0.0373 0.8738 0.4847
3122.0000 -34.4361 267.1736 -47.8780 -0.0161 0.0368 0.8731 0.4859
3123.0000 -35.9265 269.5633 -48.0422 -0.0169 0.0363 0.8724 0.4871
3124.0000 -37.4147 271.9639 -48.2065 -0.0173 0.0356 0.8717 0.4884
3125.0000 -38.8855 274.3482 -48.3591 -0.0169 0.0348 0.8710 0.4897
3126.0000 -40.3444 276.7373 -48.5019 -0.0163 0.0345 0.8703 0.4910
3127.0000 -41.8036 279.1374 -48.6493 -0.0162 0.0349 0.8696 0.4922
3128.0000 -43.2621 281.5454 -48.8087 -0.0166 0.0354 0.8690 0.4932
3129.0000 -44.7050 283.9501 -48.9656 -0.0168 0.0355 0.8683 0.4945
3130.0000 -46.1385 286.3677 -49.1245 -0.0171 0.0354 0.8675 0.4958
3131.0000 -47.5760 288.7878 -49.2817 -0.0172 0.0352 0.8668 0.4971
3132.0000 -49.0209 291.2243 -49.4381 -0.0174 0.0351 0.8662 0.4982
3133.0000 -50.4487 293.6575 -49.6081 -0.0175 0.0353 0.8656 0.4992
3134.0000 -51.8489 296.0767 -49.7702 -0.0172 0.0353 0.8648 0.5005
3135.0000 -53.2615 298.5159 -49.9222 -0.0172 0.0353 0.8642 0.5017
3136.0000 -54.6706 300.9586 -50.0838 -0.0173 0.0353 0.8634 0.5030
3137.0000 -56.0670 303.4078 -50.2487 -0.0174 0.0353 0.8627 0.5042
3138.0000 -57.4439 305.8574 -50.4052 -0.0170 0.0357 0.8620 0.5054
3139.0000 -58.8249 308.3160 -50.5608 -0.0168 0.0359 0.8613 0.5066
3140.0000 -60.2117 310.7835 -50.7201 -0.0168 0.0358 0.8607 0.5076
3141.0000 -61.5726 313.2462 -50.8858 -0.0169 0.0356 0.8600 0.5088
3142.0000 -62.9238 315.7121 -51.0480 -0.0170 0.0353 0.8592 0.5102
3143.0000 -64.2908 318.1889 -51.2189 -0.0171 0.0356 0.8584 0.5115
3144.0000 -65.6497 320.6726 -51.3800 -0.0170 0.0364 0.8577 0.5126
3145.0000 -66.9925 323.1504 -51.5340 -0.0164 0.0370 0.8570 0.5137
3146.0000 -68.3275 325.6363 -51.6774 -0.0160 0.0371 0.8564 0.5147
3147.0000 -69.6678 328.1364 -51.8506 -0.0164 0.0370 0.8558 0.5156
3148.0000 -70.9981 330.6392 -52.0216 -0.0168 0.0362 0.8552 0.5168
3149.0000 -72.3236 333.1439 -52.1964 -0.0172 0.0354 0.8545 0.5179
3150.0000 -73.6351 335.6491 -52.3544 -0.0174 0.0354 0.8539 0.5189
3151.0000 -74.9383 338.1563 -52.5111 -0.0174 0.0362 0.8533 0.5199
3152.0000 -76.2434 340.6550 -52.6705 -0.0175 0.0370 0.8526 0.5210
3153.0000 -77.5475 343.1765 -52.8404 -0.0176 0.0369 0.8519 0.5221
3154.0000 -78.8439 345.7064 -53.0195 -0.0176 0.0362 0.8512 0.5233
3155.0000 -80.1250 348.2322 -53.1844 -0.0177 0.0356 0.8506 0.5244
3156.0000 -81.4023 350.7506 -53.3547 -0.0178 0.0355 0.8500 0.5253
3157.0000 -82.6785 353.2685 -53.5236 -0.0181 0.0355 0.8494 0.5263
3158.0000 -83.9509 355.8190 -53.6982 -0.0186 0.0354 0.8487 0.5274
3159.0000 -85.2105 358.3636 -53.8672 -0.0186 0.0354 0.8479 0.5287
3160.0000 -86.4680 360.9060 -54.0349 -0.0184 0.0357 0.8472 0.5298
3161.0000 -87.7063 363.4373 -54.2002 -0.0183 0.0354 0.8466 0.5307
3162.0000 -88.9569 365.9965 -54.3720 -0.0185 0.0348 0.8460 0.5317
3163.0000 -90.1931 368.5514 -54.5483 -0.0190 0.0344 0.8453 0.5328
3164.0000 -91.4233 371.1104 -54.7199 -0.0194 0.0346 0.8446 0.5340
3165.0000 -92.6447 373.6644 -54.8898 -0.0194 0.0349 0.8439 0.5351
3166.0000 -93.8662 376.2222 -55.0645 -0.0195 0.0350 0.8431 0.5363
3167.0000 -95.0806 378.7951 -55.2488 -0.0197 0.0352 0.8424 0.5374
3168.0000 -96.2764 381.3669 -55.4260 -0.0194 0.0354 0.8417 0.5385
3169.0000 -97.4670 383.9563 -55.5881 -0.0187 0.0357 0.8410 0.5396
3170.0000 -98.6600 386.5268 -55.7636 -0.0192 0.0362 0.8403 0.5406
3171.0000 -99.8459 389.0945 -55.9550 -0.0198 0.0361 0.8396 0.5417
3172.0000 -101.0195 391.6598 -56.1372 -0.0198 0.0355 0.8390 0.5426
3173.0000 -102.1913 394.2450 -56.3123 -0.0193 0.0349 0.8385 0.5435
3174.0000 -103.3563 396.8503 -56.4801 -0.0190 0.0349 0.8379 0.5444
3175.0000 -104.5166 399.4625 -56.6615 -0.0189 0.0356 0.8373 0.5453
3176.0000 -105.6707 402.0623 -56.8413 -0.0189 0.0365 0.8368 0.5460
3177.0000 -106.8219 404.6400 -57.0145 -0.0185 0.0369 0.8364 0.5466
3178.0000 -107.9550 407.2114 -57.1958 -0.0180 0.0370 0.8359 0.5473
3179.0000 -109.0934 409.8223 -57.3614 -0.0177 0.0371 0.8356 0.5478
3180.0000 -110.2309 412.4415 -57.5396 -0.0184 0.0378 0.8352 0.5483
3181.0000 -111.3757 415.0605 -57.7392 -0.0187 0.0389 0.8347 0.5490
3182.0000 -112.5015 417.6647 -57.9274 -0.0183 0.0392 0.8342 0.5498
3183.0000 -113.6248 420.2552 -58.1007 -0.0178 0.0387 0.8337 0.5505
3184.0000 -114.7395 422.8535 -58.2730 -0.0174 0.0386 0.8333 0.5511
3185.0000 -115.8607 425.4715 -58.4468 -0.0175 0.0392 0.8330 0.5516
3186.0000 -116.9738 428.0994 -58.6377 -0.0182 0.0403 0.8326 0.5520
3187.0000 -118.0814 430.7184 -58.8249 -0.0195 0.0405 0.8322 0.5526
3188.0000 -119.1912 433.3270 -59.0153 -0.0204 0.0393 0.8317 0.5535
3189.0000 -120.3182 435.9474 -59.2139 -0.0203 0.0370 0.8312 0.5544
3190.0000 -121.4282 438.5676 -59.4028 -0.0195 0.0343 0.8308 0.5552
3191.0000 -122.5256 441.1940 -59.5765 -0.0191 0.0333 0.8304 0.5558
3192.0000 -123.6043 443.8355 -59.7611 -0.0192 0.0357 0.8300 0.5562
3193.0000 -124.6766 446.4599 -59.9315 -0.0190 0.0404 0.8294 0.5569
3194.0000 -125.7612 449.0865 -60.0654 -0.0179 0.0415 0.8286 0.5580
3195.0000 -126.8453 451.7093 -60.2541 -0.0179 0.0374 0.8280 0.5592
3196.0000 -127.9318 454.3498 -60.5210 -0.0192 0.0341 0.8274 0.5602
3197.0000 -128.9930 457.0081 -60.7366 -0.0206 0.0349 0.8266 0.5613
3198.0000 -130.0378 459.6585 -60.8806 -0.0211 0.0382 0.8258 0.5623
3199.0000 -131.0776 462.3005 -61.0160 -0.0205 0.0398 0.8251 0.5633
3200.0000 -132.1247 464.9412 -61.1982 -0.0191 0.0382 0.8245 0.5643
3201.0000 -133.1692 467.5764 -61.4188 -0.0182 0.0351 0.8238 0.5655
3202.0000 -134.2022 470.2340 -61.6301 -0.0184 0.0337 0.8233 0.5663
3203.0000 -135.2164 472.9060 -61.8060 -0.0190 0.0351 0.8228 0.5669
3204.0000 -136.2150 475.5428 -61.9571 -0.0195 0.0382 0.8220 0.5678
3205.0000 -137.2253 478.2010 -62.1235 -0.0194 0.0403 0.8211 0.5690
3206.0000 -138.2517 480.8604 -62.3141 -0.0185 0.0395 0.8203 0.5703
3207.0000 -139.2630 483.5141 -62.5190 -0.0187 0.0370 0.8196 0.5714
3208.0000 -140.2517 486.1811 -62.7307 -0.0205 0.0356 0.8191 0.5721
3209.0000 -141.2286 488.8535 -62.9457 -0.0219 0.0371 0.8184 0.5730
3210.0000 -142.2102 491.5395 -63.1344 -0.0214 0.0390 0.8174 0.5743
3211.0000 -143.1773 494.2108 -63.2957 -0.0204 0.0390 0.8165 0.5756
3212.0000 -144.1298 496.8636 -63.4744 -0.0203 0.0377 0.8159 0.5766
3213.0000 -145.0893 499.5266 -63.6961 -0.0205 0.0368 0.8154 0.5774
3214.0000 -146.0484 502.2237 -63.9184 -0.0205 0.0371 0.8147 0.5783
3215.0000 -147.0043 504.9489 -64.0972 -0.0204 0.0377 0.8138 0.5796
3216.0000 -147.9351 507.6227 -64.2727 -0.0207 0.0377 0.8129 0.5808
3217.0000 -148.8565 510.2927 -64.4750 -0.0212 0.0372 0.8120 0.5821
3218.0000 -149.7810 512.9840 -64.6802 -0.0214 0.0368 0.8114 0.5829
3219.0000 -150.6992 515.6734 -64.8756 -0.0214 0.0370 0.8106 0.5840
3220.0000 -151.6060 518.3825 -65.0738 -0.0209 0.0379 0.8098 0.5851
3221.0000 -152.5025 521.1128 -65.2643 -0.0201 0.0383 0.8091 0.5861
3222.0000 -153.3920 523.8109 -65.4538 -0.0190 0.0383 0.8084 0.5871
3223.0000 -154.2811 526.4830 -65.6524 -0.0190 0.0382 0.8078 0.5880
3224.0000 -155.1531 529.1558 -65.8461 -0.0200 0.0381 0.8072 0.5887
3225.0000 -156.0348 531.8604 -66.0473 -0.0210 0.0378 0.8066 0.5895
3226.0000 -156.9153 534.5882 -66.2519 -0.0210 0.0374 0.8059 0.5905
3227.0000 -157.7797 537.3387 -66.4485 -0.0206 0.0372 0.8051 0.5915
3228.0000 -158.6367 540.0585 -66.6509 -0.0212 0.0379 0.8044 0.5924
3229.0000 -159.4765 542.7338 -66.8431 -0.0224 0.0387 0.8038 0.5932
3230.0000 -160.3287 545.4400 -67.0379 -0.0230 0.0388 0.8032 0.5941
3231.0000 -161.1795 548.1719 -67.2430 -0.0228 0.0381 0.8025 0.5950
3232.0000 -162.0145 550.9098 -67.4584 -0.0225 0.0370 0.8019 0.5959
3233.0000 -162.8444 553.6395 -67.6787 -0.0227 0.0362 0.8012 0.5969
3234.0000 -163.6533 556.3123 -67.8838 -0.0222 0.0367 0.8004 0.5979
3235.0000 -164.4662 559.0277 -68.0599 -0.0219 0.0376 0.7999 0.5986
3236.0000 -165.2684 561.7541 -68.2089 -0.0216 0.0373 0.7991 0.5996
3237.0000 -166.0717 564.4742 -68.4139 -0.0216 0.0361 0.7982 0.6009
3238.0000 -166.8868 567.2066 -68.6614 -0.0220 0.0356 0.7975 0.6019
3239.0000 -167.6723 569.9224 -68.8827 -0.0220 0.0362 0.7970 0.6025
3240.0000 -168.4451 572.6580 -69.0566 -0.0218 0.0371 0.7963 0.6034
3241.0000 -169.2139 575.3962 -69.2265 -0.0218 0.0375 0.7956 0.6043
3242.0000 -169.9782 578.1226 -69.4258 -0.0215 0.0374 0.7949 0.6053
3243.0000 -170.7318 580.8483 -69.6524 -0.0221 0.0379 0.7940 0.6063
3244.0000 -171.4979 583.6101 -69.8756 -0.0231 0.0388 0.7931 0.6075
3245.0000 -172.2533 586.3719 -70.0736 -0.0237 0.0393 0.7920 0.6088
3246.0000 -172.9867 589.0732 -70.2722 -0.0236 0.0383 0.7911 0.6100
3247.0000 -173.7139 591.7889 -70.4862 -0.0231 0.0366 0.7904 0.6111
3248.0000 -174.4279 594.5430 -70.7241 -0.0228 0.0365 0.7895 0.6122
3249.0000 -175.1364 597.3046 -70.9324 -0.0233 0.0377 0.7884 0.6136
3250.0000 -175.8461 600.0664 -71.1098 -0.0235 0.0379 0.7875 0.6148
3251.0000 -176.5548 602.8222 -71.3009 -0.0234 0.0366 0.7868 0.6157
3252.0000 -177.2485 605.5672 -71.5253 -0.0232 0.0358 0.7861 0.6166
3253.0000 -177.9245 608.3173 -71.7472 -0.0230 0.0353 0.7853 0.6177
3254.0000 -178.5952 611.0871 -71.9461 -0.0227 0.0350 0.7843 0.6189
3255.0000 -179.2597 613.8498 -72.1350 -0.0218 0.0351 0.7836 0.6199
3256.0000 -179.9268 616.6074 -72.3264 -0.0214 0.0362 0.7827 0.6210
3257.0000 -180.5718 619.3715 -72.5245 -0.0221 0.0375 0.7819 0.6219
3258.0000 -181.2258 622.1359 -72.7259 -0.0229 0.0375 0.7810 0.6230
3259.0000 -181.8728 624.9027 -72.9277 -0.0234 0.0357 0.7801 0.6243
3260.0000 -182.5115 627.6802 -73.1532 -0.0246 0.0345 0.7793 0.6252
3261.0000 -183.1373 630.4658 -73.3955 -0.0260 0.0350 0.7787 0.6259
3262.0000 -183.7466 633.2311 -73.6029 -0.0260 0.0359 0.7781 0.6266
3263.0000 -184.3696 636.0005 -73.7903 -0.0248 0.0363 0.7774 0.6274
3264.0000 -184.9698 638.7723 -73.9904 -0.0240 0.0361 0.7769 0.6281
3265.0000 -185.5706 641.5658 -74.2182 -0.0242 0.0359 0.7765 0.6287
3266.0000 -186.1809 644.3574 -74.4494 -0.0251 0.0362 0.7759 0.6293
3267.0000 -186.7696 647.1330 -74.6695 -0.0251 0.0366 0.7753 0.6300
3268.0000 -187.3440 649.9020 -74.8757 -0.0247 0.0372 0.7747 0.6307
3269.0000 -187.9177 652.6814 -75.0815 -0.0234 0.0384 0.7742 0.6314
3270.0000 -188.5047 655.4682 -75.2841 -0.0226 0.0388 0.7738 0.6318
3271.0000 -189.0913 658.2543 -75.4947 -0.0243 0.0373 0.7735 0.6322
3272.0000 -189.6554 661.0362 -75.7693 -0.0272 0.0377 0.7729 0.6329
3273.0000 -190.2122 663.8277 -76.0186 -0.0255 0.0392 0.7724 0.6335
3274.0000 -190.7748 666.6339 -76.1870 -0.0209 0.0391 0.7721 0.6339
3275.0000 -191.3387 669.4407 -76.3688 -0.0184 0.0379 0.7717 0.6345
3276.0000 -191.9011 672.2243 -76.5965 -0.0196 0.0379 0.7712 0.6352
3277.0000 -192.4657 675.0102 -76.8212 -0.0224 0.0377 0.7705 0.6359
3278.0000 -193.0058 677.7547 -77.0267 -0.0240 0.0369 0.7697 0.6369
3279.0000 -193.5524 680.5582 -77.2303 -0.0236 0.0369 0.7689 0.6379
3280.0000 -194.0805 683.4019 -77.4399 -0.0229 0.0377 0.7682 0.6387
3281.0000 -194.6136 686.2055 -77.6423 -0.0233 0.0376 0.7675 0.6396
3282.0000 -195.1350 688.9642 -77.8648 -0.0244 0.0368 0.7667 0.6405
3283.0000 -195.6352 691.7524 -78.1019 -0.0247 0.0365 0.7661 0.6412
3284.0000 -196.1483 694.5781 -78.3235 -0.0242 0.0370 0.7654 0.6420
3285.0000 -196.6526 697.3944 -78.5228 -0.0238 0.0373 0.7646 0.6429
3286.0000 -197.1451 700.1913 -78.7333 -0.0239 0.0374 0.7639 0.6438
3287.0000 -197.6273 702.9828 -78.9551 -0.0243 0.0371 0.7632 0.6447
3288.0000 -198.1079 705.7871 -79.1864 -0.0247 0.0372 0.7625 0.6454
3289.0000 -198.5893 708.5974 -79.3991 -0.0246 0.0376 0.7617 0.6464
3290.0000 -199.0699 711.4041 -79.6101 -0.0242 0.0381 0.7610 0.6471
3291.0000 -199.5440 714.2021 -79.8217 -0.0238 0.0382 0.7604 0.6479
3292.0000 -199.9973 717.0103 -80.0415 -0.0239 0.0374 0.7598 0.6487
3293.0000 -200.4395 719.8366 -80.2633 -0.0241 0.0365 0.7590 0.6496
3294.0000 -200.8858 722.6415 -80.4855 -0.0242 0.0362 0.7581 0.6507
3295.0000 -201.3295 725.4507 -80.6995 -0.0241 0.0365 0.7572 0.6517
3296.0000 -201.7478 728.2430 -80.9085 -0.0242 0.0368 0.7564 0.6526
3297.0000 -202.1740 731.0712 -81.1163 -0.0244 0.0370 0.7557 0.6534
3298.0000 -202.5963 733.9013 -81.3284 -0.0246 0.0366 0.7551 0.6541
3299.0000 -203.0092 736.7058 -81.5520 -0.0245 0.0364 0.7544 0.6550
3300.0000 -203.4085 739.4930 -81.7664 -0.0244 0.0365 0.7535 0.6560
3301.0000 -203.7997 742.2986 -81.9769 -0.0245 0.0367 0.7526 0.6570
3302.0000 -204.1968 745.1300 -82.2022 -0.0246 0.0369 0.7520 0.6577
3303.0000 -204.5849 747.9418 -82.4227 -0.0251 0.0367 0.7515 0.6583
3304.0000 -204.9540 750.7403 -82.6393 -0.0257 0.0366 0.7509 0.6589
3305.0000 -205.3318 753.5512 -82.8620 -0.0262 0.0362 0.7502 0.6597
3306.0000 -205.7083 756.3923 -83.0814 -0.0264 0.0353 0.7494 0.6606
3307.0000 -206.0862 759.2154 -83.3001 -0.0265 0.0345 0.7486 0.6615
3308.0000 -206.4299 762.0086 -83.5166 -0.0266 0.0341 0.7480 0.6623
3309.0000 -206.7708 764.8015 -83.7316 -0.0268 0.0342 0.7474 0.6630
3310.0000 -207.1148 767.6420 -83.9543 -0.0273 0.0344 0.7468 0.6636
3311.0000 -207.4685 770.4823 -84.1757 -0.0277 0.0346 0.7463 0.6641
3312.0000 -207.8173 773.2850 -84.3991 -0.0278 0.0345 0.7459 0.6645
3313.0000 -208.1373 776.0731 -84.6176 -0.0279 0.0341 0.7456 0.6649
3314.0000 -208.4509 778.8821 -84.8377 -0.0281 0.0334 0.7453 0.6653
3315.0000 -208.7847 781.7117 -85.0588 -0.0288 0.0327 0.7450 0.6656
3316.0000 -209.1120 784.5348 -85.2921 -0.0293 0.0327 0.7446 0.6660
3317.0000 -209.4241 787.3296 -85.5089 -0.0290 0.0331 0.7443 0.6664
3318.0000 -209.7432 790.1323 -85.7116 -0.0286 0.0331 0.7442 0.6665
3319.0000 -210.0638 792.9394 -85.9280 -0.0291 0.0328 0.7441 0.6666
3320.0000 -210.3786 795.7585 -86.1607 -0.0300 0.0322 0.7439 0.6669
3321.0000 -210.6973 798.5581 -86.3932 -0.0310 0.0318 0.7434 0.6674
3322.0000 -211.0054 801.3641 -86.6260 -0.0310 0.0321 0.7429 0.6679
3323.0000 -211.3138 804.1694 -86.8368 -0.0303 0.0325 0.7425 0.6683
3324.0000 -211.6183 806.9876 -87.0442 -0.0297 0.0324 0.7424 0.6685
3325.0000 -211.9242 809.7883 -87.2654 -0.0302 0.0319 0.7423 0.6686
3326.0000 -212.2208 812.6013 -87.5085 -0.0316 0.0317 0.7421 0.6688
3327.0000 -212.5130 815.4056 -87.7445 -0.0323 0.0312 0.7419 0.6690
3328.0000 -212.8045 818.2137 -87.9671 -0.0318 0.0302 0.7415 0.6695
3329.0000 -213.1042 821.0183 -88.1781 -0.0310 0.0291 0.7413 0.6698
3330.0000 -213.4060 823.8269 -88.3740 -0.0310 0.0282 0.7412 0.6699
3331.0000 -213.6912 826.6257 -88.5844 -0.0317 0.0274 0.7411 0.6701
3332.0000 -213.9794 829.4311 -88.8097 -0.0326 0.0266 0.7409 0.6703
3333.0000 -214.2677 832.2456 -89.0334 -0.0329 0.0257 0.7408 0.6704
3334.0000 -214.5516 835.0533 -89.2235 -0.0334 0.0244 0.7408 0.6704
3335.0000 -214.8474 837.8383 -89.4234 -0.0347 0.0235 0.7411 0.6700
3336.0000 -215.1465 840.6223 -89.6438 -0.0360 0.0235 0.7417 0.6694
3337.0000 -215.4468 843.4324 -89.8630 -0.0371 0.0229 0.7420 0.6689
3338.0000 -215.7399 846.2432 -90.0816 -0.0379 0.0214 0.7424 0.6685
3339.0000 -216.0378 849.0378 -90.2913 -0.0391 0.0195 0.7427 0.6682
3340.0000 -216.3530 851.8216 -90.5065 -0.0405 0.0179 0.7430 0.6679
3341.0000 -216.6721 854.6156 -90.7181 -0.0415 0.0167 0.7434 0.6674
3342.0000 -216.9796 857.4211 -90.9297 -0.0424 0.0159 0.7437 0.6669
3343.0000 -217.2794 860.2101 -91.1432 -0.0435 0.0152 0.7441 0.6665
3344.0000 -217.6011 862.9932 -91.3580 -0.0448 0.0145 0.7444 0.6661
3345.0000 -217.9305 865.7974 -91.5884 -0.0458 0.0141 0.7447 0.6656
3346.0000 -218.2635 868.5901 -91.8079 -0.0465 0.0136 0.7449 0.6654
3347.0000 -218.5877 871.3784 -92.0295 -0.0480 0.0130 0.7451 0.6651
3348.0000 -218.9020 874.1632 -92.2664 -0.0488 0.0126 0.7454 0.6647
3349.0000 -219.2205 876.9552 -92.4896 -0.0487 0.0128 0.7457 0.6644
3350.0000 -219.5547 879.7518 -92.7067 -0.0485 0.0134 0.7458 0.6642
3351.0000 -219.8911 882.5370 -92.9270 -0.0488 0.0138 0.7459 0.6642
3352.0000 -220.2183 885.3265 -93.1671 -0.0498 0.0138 0.7459 0.6641
3353.0000 -220.5455 888.1111 -93.4205 -0.0508 0.0133 0.7459 0.6640
3354.0000 -220.8723 890.8798 -93.6582 -0.0512 0.0127 0.7459 0.6640
3355.0000 -221.2044 893.6740 -93.8847 -0.0513 0.0117 0.7458 0.6641
3356.0000 -221.5325 896.4635 -94.1202 -0.0515 0.0111 0.7457 0.6642
3357.0000 -221.8661 899.2552 -94.3558 -0.0523 0.0107 0.7456 0.6642
3358.0000 -222.2134 902.0379 -94.5902 -0.0534 0.0104 0.7456 0.6642
3359.0000 -222.5485 904.8176 -94.8272 -0.0535 0.0103 0.7456 0.6642
3360.0000 -222.8817 907.6109 -95.0565 -0.0536 0.0095 0.7457 0.6641
3361.0000 -223.2029 910.3954 -95.3030 -0.0542 0.0088 0.7459 0.6638
3362.0000 -223.5387 913.1679 -95.5515 -0.0547 0.0089 0.7460 0.6637
3363.0000 -223.8685 915.9503 -95.7880 -0.0544 0.0096 0.7463 0.6633
3364.0000 -224.1962 918.7365 -96.0148 -0.0537 0.0100 0.7468 0.6628
3365.0000 -224.5230 921.5057 -96.2436 -0.0538 0.0097 0.7473 0.6622
3366.0000 -224.8738 924.2789 -96.4850 -0.0546 0.0092 0.7475 0.6620
3367.0000 -225.2230 927.0629 -96.7350 -0.0556 0.0085 0.7475 0.6618
3368.0000 -225.5704 929.8437 -96.9829 -0.0562 0.0080 0.7476 0.6617
3369.0000 -225.9129 932.6311 -97.2135 -0.0563 0.0078 0.7479 0.6613
3370.0000 -226.2527 935.3954 -97.4378 -0.0563 0.0074 0.7483 0.6609
3371.0000 -226.6046 938.1608 -97.6797 -0.0563 0.0068 0.7488 0.6603
3372.0000 -226.9754 940.9348 -97.9259 -0.0565 0.0067 0.7492 0.6599
3373.0000 -227.3314 943.7212 -98.1700 -0.0565 0.0072 0.7494 0.6597
3374.0000 -227.6818 946.4995 -98.4086 -0.0566 0.0074 0.7496 0.6595
3375.0000 -228.0341 949.2602 -98.6470 -0.0565 0.0076 0.7499 0.6591
3376.0000 -228.3999 952.0217 -98.8879 -0.0565 0.0074 0.7504 0.6586
3377.0000 -228.7789 954.8062 -99.1287 -0.0571 0.0065 0.7509 0.6579
3378.0000 -229.1494 957.5662 -99.3730 -0.0578 0.0060 0.7512 0.6575
3379.0000 -229.5280 960.3361 -99.6151 -0.0582 0.0059 0.7516 0.6570
3380.0000 -229.9019 963.1039 -99.8542 -0.0582 0.0059 0.7523 0.6562
3381.0000 -230.2885 965.8807 -100.0969 -0.0580 0.0059 0.7530 0.6554
3382.0000 -230.6705 968.6386 -100.3452 -0.0579 0.0063 0.7536 0.6547
3383.0000 -231.0653 971.4098 -100.5799 -0.0582 0.0062 0.7543 0.6539
3384.0000 -231.4627 974.1441 -100.8164 -0.0590 0.0056 0.7549 0.6532
3385.0000 -231.8676 976.8888 -101.0666 -0.0598 0.0045 0.7556 0.6523
3386.0000 -232.2766 979.6457 -101.3125 -0.0599 0.0036 0.7564 0.6513
3387.0000 -232.6947 982.4239 -101.5532 -0.0599 0.0036 0.7573 0.6503
3388.0000 -233.1235 985.1835 -101.8010 -0.0604 0.0044 0.7581 0.6493
3389.0000 -233.5604 987.9268 -102.0586 -0.0611 0.0066 0.7587 0.6485
3390.0000 -233.9840 990.6996 -102.3297 -0.0616 0.0099 0.7592 0.6479
3391.0000 -234.3975 993.4291 -102.6398 -0.0609 0.0134 0.7595 0.6475
3392.0000 -234.8428 996.1777 -102.8757 -0.0582 0.0117 0.7605 0.6466
3393.0000 -235.3031 998.8928 -103.0911 -0.0563 0.0050 0.7618 0.6454
3394.0000 -235.7679 1001.6419 -103.3580 -0.0572 0.0015 0.7626 0.6444
3395.0000 -236.2352 1004.4071 -103.6277 -0.0587 0.0037 0.7629 0.6439
3396.0000 -236.6903 1007.2125 -103.8555 -0.0585 0.0081 0.7634 0.6433
3397.0000 -237.1747 1009.9700 -104.0680 -0.0573 0.0101 0.7642 0.6424
3398.0000 -237.6633 1012.6834 -104.2918 -0.0564 0.0081 0.7652 0.6412
3399.0000 -238.1476 1015.3933 -104.5509 -0.0561 0.0047 0.7662 0.6401
3400.0000 -238.6404 1018.1327 -104.8102 -0.0564 0.0036 0.7671 0.6390
3401.0000 -239.1429 1020.8627 -105.0575 -0.0573 0.0057 0.7680 0.6379
3402.0000 -239.6546 1023.6107 -105.2912 -0.0575 0.0086 0.7690 0.6366
3403.0000 -240.1844 1026.3228 -105.5279 -0.0576 0.0102 0.7699 0.6354
3404.0000 -240.7245 1029.0372 -105.7922 -0.0581 0.0098 0.7709 0.6342
3405.0000 -241.2716 1031.8045 -106.0750 -0.0582 0.0083 0.7719 0.6330
3406.0000 -241.8060 1034.5426 -106.3364 -0.0579 0.0073 0.7727 0.6321
3407.0000 -242.3651 1037.2602 -106.5670 -0.0578 0.0070 0.7737 0.6309
3408.0000 -242.9138 1039.9336 -106.8045 -0.0578 0.0072 0.7746 0.6297
3409.0000 -243.4854 1042.6481 -107.0699 -0.0581 0.0079 0.7754 0.6287
3410.0000 -244.0663 1045.4153 -107.3377 -0.0577 0.0085 0.7762 0.6278
3411.0000 -244.6417 1048.1408 -107.5785 -0.0565 0.0076 0.7770 0.6269
3412.0000 -245.2276 1050.7788 -107.8141 -0.0568 0.0059 0.7777 0.6261
3413.0000 -245.8181 1053.4709 -108.0631 -0.0576 0.0053 0.7784 0.6251
3414.0000 -246.4228 1056.2585 -108.3236 -0.0578 0.0061 0.7792 0.6241
3415.0000 -247.0349 1058.9892 -108.5608 -0.0573 0.0072 0.7798 0.6233
3416.0000 -247.6480 1061.6949 -108.8006 -0.0568 0.0081 0.7805 0.6225
3417.0000 -248.2808 1064.4107 -109.0597 -0.0570 0.0083 0.7813 0.6215
3418.0000 -248.9117 1067.0938 -109.3149 -0.0571 0.0077 0.7820 0.6206
3419.0000 -249.5418 1069.7835 -109.5769 -0.0575 0.0068 0.7827 0.6197
3420.0000 -250.1817 1072.4599 -109.8340 -0.0580 0.0072 0.7833 0.6188
3421.0000 -250.8156 1075.1512 -110.0734 -0.0578 0.0084 0.7840 0.6180
3422.0000 -251.4496 1077.8148 -110.3191 -0.0573 0.0088 0.7847 0.6171
3423.0000 -252.1121 1080.5520 -110.5752 -0.0571 0.0072 0.7853 0.6165
3424.0000 -252.7707 1083.2757 -110.8358 -0.0568 0.0058 0.7859 0.6157
3425.0000 -253.4796 1086.0006 -111.0981 -0.0565 0.0062 0.7866 0.6148
3426.0000 -254.1579 1088.6794 -111.3281 -0.0566 0.0076 0.7874 0.6138
3427.0000 -254.8233 1091.3563 -111.5485 -0.0567 0.0085 0.7883 0.6127
3428.0000 -255.4920 1093.9919 -111.7746 -0.0565 0.0073 0.7891 0.6116
3429.0000 -256.1595 1096.6059 -112.0604 -0.0562 0.0067 0.7898 0.6107
3430.0000 -256.8737 1099.3078 -112.3405 -0.0571 0.0072 0.7905 0.6098
3431.0000 -257.5956 1102.0156 -112.5737 -0.0578 0.0078 0.7911 0.6089
3432.0000 -258.3298 1104.7134 -112.7987 -0.0573 0.0077 0.7918 0.6081
3433.0000 -259.0409 1107.3715 -113.0457 -0.0569 0.0076 0.7925 0.6071
3434.0000 -259.7537 1110.0281 -113.3158 -0.0569 0.0079 0.7935 0.6059
3435.0000 -260.4716 1112.6858 -113.5757 -0.0572 0.0078 0.7943 0.6048
3436.0000 -261.2192 1115.3454 -113.8277 -0.0572 0.0080 0.7951 0.6038
3437.0000 -261.9881 1118.0340 -114.0732 -0.0567 0.0084 0.7956 0.6031
3438.0000 -262.7557 1120.7116 -114.3277 -0.0564 0.0088 0.7964 0.6021
3439.0000 -263.5038 1123.3466 -114.5775 -0.0567 0.0087 0.7973 0.6009
3440.0000 -264.2375 1125.9723 -114.8254 -0.0562 0.0078 0.7981 0.5999
3441.0000 -265.0069 1128.6254 -115.0884 -0.0551 0.0074 0.7989 0.5989
3442.0000 -265.7896 1131.2879 -115.3599 -0.0555 0.0083 0.7995 0.5980
3443.0000 -266.5719 1133.9251 -115.5987 -0.0566 0.0090 0.8001 0.5971
3444.0000 -267.3842 1136.5677 -115.8215 -0.0564 0.0085 0.8007 0.5963
3445.0000 -268.1780 1139.1968 -116.0663 -0.0545 0.0073 0.8017 0.5952
3446.0000 -268.9751 1141.8461 -116.3334 -0.0538 0.0069 0.8025 0.5942
3447.0000 -269.7744 1144.4922 -116.5861 -0.0545 0.0073 0.8031 0.5934
3448.0000 -270.5972 1147.1308 -116.8299 -0.0562 0.0090 0.8036 0.5925
3449.0000 -271.4253 1149.7502 -117.0683 -0.0581 0.0102 0.8042 0.5914
3450.0000 -272.2495 1152.3740 -117.3230 -0.0580 0.0100 0.8050 0.5904
3451.0000 -273.0814 1154.9966 -117.5996 -0.0566 0.0087 0.8058 0.5895
3452.0000 -273.9315 1157.6350 -117.8842 -0.0552 0.0078 0.8065 0.5886
3453.0000 -274.7876 1160.2627 -118.1534 -0.0554 0.0080 0.8072 0.5876
3454.0000 -275.6399 1162.8969 -118.3795 -0.0556 0.0083 0.8081 0.5864
3455.0000 -276.4923 1165.5021 -118.5890 -0.0545 0.0079 0.8089 0.5853
3456.0000 -277.3522 1168.0930 -118.8290 -0.0538 0.0076 0.8097 0.5844
3457.0000 -278.2339 1170.6887 -119.0994 -0.0543 0.0082 0.8103 0.5834
3458.0000 -279.1158 1173.3141 -119.3595 -0.0549 0.0088 0.8110 0.5824
3459.0000 -279.9955 1175.9124 -119.6002 -0.0548 0.0088 0.8116 0.5816
3460.0000 -280.8780 1178.5184 -119.8443 -0.0543 0.0084 0.8122 0.5808
3461.0000 -281.7727 1181.1117 -120.1030 -0.0549 0.0089 0.8128 0.5798
3462.0000 -282.6645 1183.7104 -120.3557 -0.0557 0.0100 0.8135 0.5788
3463.0000 -283.5737 1186.3039 -120.5915 -0.0549 0.0096 0.8143 0.5778
3464.0000 -284.4925 1188.8961 -120.8325 -0.0540 0.0083 0.8150 0.5769
3465.0000 -285.4209 1191.4922 -121.1064 -0.0547 0.0078 0.8155 0.5761
3466.0000 -286.3372 1194.0732 -121.3784 -0.0553 0.0083 0.8160 0.5754
3467.0000 -287.2534 1196.6653 -121.6067 -0.0547 0.0086 0.8165 0.5748
3468.0000 -288.1862 1199.2366 -121.8249 -0.0540 0.0083 0.8170 0.5740
3469.0000 -289.1279 1201.8137 -122.0802 -0.0538 0.0079 0.8174 0.5734
3470.0000 -290.0656 1204.3918 -122.3414 -0.0536 0.0076 0.8179 0.5728
3471.0000 -291.0112 1206.9679 -122.5856 -0.0538 0.0076 0.8185 0.5720
3472.0000 -291.9581 1209.5382 -122.8200 -0.0543 0.0079 0.8191 0.5710
3473.0000 -292.8952 1212.0752 -123.0550 -0.0544 0.0082 0.8198 0.5700
3474.0000 -293.8465 1214.6328 -123.2938 -0.0539 0.0082 0.8205 0.5691
3475.0000 -294.8075 1217.1992 -123.5485 -0.0543 0.0084 0.8209 0.5684
3476.0000 -295.7803 1219.7707 -123.8185 -0.0562 0.0099 0.8212 0.5677
3477.0000 -296.7438 1222.3322 -124.0706 -0.0563 0.0107 0.8217 0.5670
3478.0000 -297.7210 1224.8668 -124.3038 -0.0547 0.0095 0.8225 0.5661
3479.0000 -298.7013 1227.3989 -124.5532 -0.0531 0.0077 0.8233 0.5651
3480.0000 -299.6815 1229.9454 -124.8174 -0.0527 0.0069 0.8240 0.5641
3481.0000 -300.6630 1232.4636 -125.0620 -0.0528 0.0073 0.8247 0.5630
3482.0000 -301.6656 1234.9961 -125.2760 -0.0526 0.0081 0.8254 0.5620
3483.0000 -302.6822 1237.5502 -125.4936 -0.0524 0.0081 0.8260 0.5611
3484.0000 -303.6841 1240.0860 -125.7346 -0.0519 0.0077 0.8266 0.5604
3485.0000 -304.7022 1242.6091 -125.9849 -0.0521 0.0082 0.8271 0.5595
3486.0000 -305.7299 1245.1338 -126.2345 -0.0524 0.0086 0.8279 0.5584
3487.0000 -306.7543 1247.6606 -126.4668 -0.0526 0.0087 0.8287 0.5572
3488.0000 -307.7865 1250.1784 -126.7069 -0.0532 0.0091 0.8292 0.5563
3489.0000 -308.8239 1252.7015 -126.9567 -0.0538 0.0095 0.8297 0.5555
3490.0000 -309.8683 1255.2143 -127.2088 -0.0535 0.0094 0.8303 0.5547
3491.0000 -310.9140 1257.7145 -127.4542 -0.0528 0.0088 0.8309 0.5538
3492.0000 -311.9660 1260.2243 -127.6963 -0.0525 0.0087 0.8315 0.5529
3493.0000 -313.0190 1262.7343 -127.9405 -0.0528 0.0091 0.8320 0.5521
3494.0000 -314.0858 1265.2308 -128.1804 -0.0535 0.0098 0.8325 0.5514
3495.0000 -315.1446 1267.7271 -128.4365 -0.0540 0.0100 0.8330 0.5506
3496.0000 -316.2130 1270.2168 -128.6919 -0.0536 0.0098 0.8335 0.5498
3497.0000 -317.2918 1272.7223 -128.9361 -0.0535 0.0094 0.8340 0.5491
3498.0000 -318.3688 1275.2111 -129.2072 -0.0539 0.0104 0.8345 0.5483
3499.0000 -319.4429 1277.6901 -129.4638 -0.0539 0.0119 0.8349 0.5476
3500.0000 -320.5245 1280.1694 -129.7069 -0.0524 0.0116 0.8356 0.5467
3501.0000 -321.6099 1282.6406 -129.9254 -0.0502 0.0098 0.8364 0.5458
3502.0000 -322.7029 1285.1302 -130.1488 -0.0497 0.0085 0.8371 0.5447
3503.0000 -323.8059 1287.6146 -130.3946 -0.0509 0.0081 0.8378 0.5436
3504.0000 -324.9231 1290.0806 -130.6484 -0.0522 0.0084 0.8384 0.5425
3505.0000 -326.0508 1292.5464 -130.8907 -0.0527 0.0086 0.8390 0.5415
3506.0000 -327.1741 1295.0111 -131.1079 -0.0523 0.0080 0.8396 0.5406
3507.0000 -328.2975 1297.4752 -131.3457 -0.0521 0.0076 0.8403 0.5396
3508.0000 -329.4187 1299.9330 -131.6008 -0.0521 0.0080 0.8410 0.5384
3509.0000 -330.5473 1302.3852 -131.8473 -0.0523 0.0093 0.8418 0.5372
3510.0000 -331.6992 1304.8399 -132.0791 -0.0522 0.0108 0.8426 0.5359
3511.0000 -332.8648 1307.3036 -132.3123 -0.0517 0.0112 0.8433 0.5348
3512.0000 -334.0261 1309.7415 -132.5706 -0.0509 0.0104 0.8441 0.5337
3513.0000 -335.1862 1312.1742 -132.8173 -0.0503 0.0092 0.8448 0.5326
3514.0000 -336.3377 1314.6062 -133.0475 -0.0505 0.0084 0.8456 0.5314
3515.0000 -337.5261 1317.0382 -133.2886 -0.0515 0.0087 0.8462 0.5303
3516.0000 -338.7259 1319.4656 -133.5337 -0.0518 0.0102 0.8467 0.5294
3517.0000 -339.9208 1321.8931 -133.7616 -0.0512 0.0111 0.8474 0.5283
3518.0000 -341.1045 1324.3196 -133.9939 -0.0506 0.0105 0.8482 0.5271
3519.0000 -342.2927 1326.7236 -134.2474 -0.0510 0.0094 0.8488 0.5261
3520.0000 -343.5063 1329.1414 -134.5078 -0.0514 0.0088 0.8494 0.5252
3521.0000 -344.7238 1331.5626 -134.7374 -0.0513 0.0089 0.8500 0.5242
3522.0000 -345.9457 1333.9695 -134.9542 -0.0510 0.0096 0.8506 0.5232
3523.0000 -347.1689 1336.3832 -135.1854 -0.0512 0.0101 0.8514 0.5219
3524.0000 -348.4064 1338.7836 -135.4441 -0.0516 0.0097 0.8521 0.5207
3525.0000 -349.6306 1341.1806 -135.7055 -0.0516 0.0089 0.8527 0.5198
3526.0000 -350.8680 1343.5768 -135.9490 -0.0512 0.0084 0.8533 0.5189
3527.0000 -352.1127 1345.9520 -136.1769 -0.0512 0.0084 0.8539 0.5179
3528.0000 -353.3733 1348.3342 -136.4137 -0.0511 0.0090 0.8544 0.5170
3529.0000 -354.6193 1350.7067 -136.6437 -0.0507 0.0095 0.8549 0.5162
3530.0000 -355.8622 1353.0834 -136.8789 -0.0500 0.0098 0.8554 0.5155
3531.0000 -357.1214 1355.4585 -137.1253 -0.0503 0.0103 0.8560 0.5145
3532.0000 -358.3949 1357.8277 -137.3645 -0.0507 0.0105 0.8565 0.5136
3533.0000 -359.6724 1360.1915 -137.5883 -0.0503 0.0103 0.8569 0.5129
3534.0000 -360.9418 1362.5558 -137.8298 -0.0501 0.0101 0.8573 0.5123
3535.0000 -362.2119 1364.9229 -138.0863 -0.0501 0.0102 0.8578 0.5114
3536.0000 -363.5036 1367.2877 -138.3290 -0.0497 0.0109 0.8583 0.5105
3537.0000 -364.7908 1369.6367 -138.5523 -0.0493 0.0118 0.8590 0.5095
3538.0000 -366.0795 1371.9863 -138.7813 -0.0488 0.0124 0.8595 0.5086
3539.0000 -367.3682 1374.3302 -139.0259 -0.0484 0.0121 0.8601 0.5077
3540.0000 -368.6676 1376.6740 -139.2689 -0.0485 0.0114 0.8606 0.5068
3541.0000 -369.9880 1379.0215 -139.5094 -0.0487 0.0104 0.8612 0.5058
3542.0000 -371.3060 1381.3612 -139.7548 -0.0487 0.0102 0.8617 0.5049
3543.0000 -372.6228 1383.7053 -139.9853 -0.0485 0.0110 0.8622 0.5042
3544.0000 -373.9390 1386.0395 -140.2005 -0.0480 0.0124 0.8626 0.5034
3545.0000 -375.2516 1388.3757 -140.4191 -0.0477 0.0137 0.8631 0.5025
3546.0000 -376.5793 1390.6946 -140.6535 -0.0479 0.0142 0.8636 0.5017
3547.0000 -377.9183 1393.0151 -140.9069 -0.0481 0.0134 0.8641 0.5009
3548.0000 -379.2496 1395.3366 -141.1580 -0.0480 0.0121 0.8645 0.5001
3549.0000 -380.5952 1397.6593 -141.3937 -0.0478 0.0117 0.8650 0.4993
3550.0000 -381.9515 1399.9846 -141.6219 -0.0479 0.0122 0.8655 0.4984
3551.0000 -383.3031 1402.2989 -141.8456 -0.0481 0.0128 0.8661 0.4974
3552.0000 -384.6515 1404.5956 -142.0740 -0.0480 0.0122 0.8666 0.4966
3553.0000 -386.0026 1406.8947 -142.3088 -0.0482 0.0108 0.8671 0.4957
3554.0000 -387.3732 1409.2223 -142.5591 -0.0488 0.0100 0.8676 0.4948
3555.0000 -388.7355 1411.5337 -142.8019 -0.0490 0.0107 0.8681 0.4939
3556.0000 -390.0994 1413.8154 -143.0240 -0.0488 0.0121 0.8685 0.4931
3557.0000 -391.4820 1416.0968 -143.2417 -0.0481 0.0134 0.8692 0.4920
3558.0000 -392.8712 1418.3810 -143.4798 -0.0474 0.0138 0.8698 0.4910
3559.0000 -394.2665 1420.6833 -143.7317 -0.0472 0.0134 0.8704 0.4900
3560.0000 -395.6551 1422.9810 -143.9709 -0.0469 0.0130 0.8709 0.4890
3561.0000 -397.0430 1425.2541 -144.1997 -0.0468 0.0130 0.8715 0.4880
3562.0000 -398.4421 1427.5246 -144.4236 -0.0466 0.0136 0.8719 0.4872
3563.0000 -399.8702 1429.8075 -144.6506 -0.0466 0.0139 0.8725 0.4863
3564.0000 -401.3005 1432.0904 -144.8841 -0.0468 0.0129 0.8731 0.4852
3565.0000 -402.7160 1434.3497 -145.1221 -0.0470 0.0116 0.8737 0.4841
3566.0000 -404.1303 1436.6025 -145.3612 -0.0473 0.0110 0.8742 0.4832
3567.0000 -405.5565 1438.8706 -145.5877 -0.0472 0.0108 0.8746 0.4824
3568.0000 -406.9929 1441.1310 -145.7957 -0.0474 0.0105 0.8752 0.4813
3569.0000 -408.4358 1443.3753 -146.0306 -0.0481 0.0107 0.8758 0.4801
3570.0000 -409.8838 1445.6303 -146.2739 -0.0485 0.0112 0.8763 0.4791
3571.0000 -411.3282 1447.8762 -146.5067 -0.0479 0.0120 0.8768 0.4783
3572.0000 -412.7818 1450.1318 -146.7301 -0.0468 0.0124 0.8774 0.4773
3573.0000 -414.2359 1452.3733 -146.9444 -0.0463 0.0120 0.8780 0.4763
3574.0000 -415.7014 1454.6108 -147.1761 -0.0469 0.0112 0.8785 0.4754
3575.0000 -417.1713 1456.8346 -147.4202 -0.0472 0.0105 0.8790 0.4744
3576.0000 -418.6447 1459.0707 -147.6517 -0.0473 0.0103 0.8795 0.4735
3577.0000 -420.1382 1461.3231 -147.8816 -0.0470 0.0111 0.8800 0.4725
3578.0000 -421.6147 1463.5331 -148.1014 -0.0470 0.0117 0.8805 0.4715
3579.0000 -423.0900 1465.7284 -148.3289 -0.0476 0.0115 0.8811 0.4704
3580.0000 -424.5819 1467.9301 -148.5657 -0.0477 0.0108 0.8815 0.4696
3581.0000 -426.0914 1470.1589 -148.8107 -0.0477 0.0100 0.8820 0.4687
3582.0000 -427.5910 1472.3890 -149.0403 -0.0475 0.0097 0.8826 0.4676
3583.0000 -429.0932 1474.5876 -149.2674 -0.0467 0.0105 0.8832 0.4665
3584.0000 -430.5948 1476.7660 -149.4773 -0.0457 0.0115 0.8838 0.4655
3585.0000 -432.1132 1478.9578 -149.6961 -0.0455 0.0122 0.8844 0.4644
3586.0000 -433.6359 1481.1698 -149.9321 -0.0456 0.0125 0.8849 0.4634
3587.0000 -435.1646 1483.3737 -150.1579 -0.0455 0.0123 0.8853 0.4627
3588.0000 -436.7028 1485.5588 -150.3762 -0.0457 0.0117 0.8856 0.4620
3589.0000 -438.2351 1487.7297 -150.6139 -0.0462 0.0116 0.8860 0.4613
3590.0000 -439.7657 1489.9035 -150.8473 -0.0459 0.0121 0.8864 0.4606
3591.0000 -441.2922 1492.0768 -151.0560 -0.0457 0.0124 0.8868 0.4598
3592.0000 -442.8358 1494.2408 -151.2775 -0.0459 0.0123 0.8871 0.4590
3593.0000 -444.3933 1496.4087 -151.5100 -0.0460 0.0116 0.8876 0.4581
3594.0000 -445.9412 1498.5847 -151.7456 -0.0459 0.0116 0.8881 0.4571
3595.0000 -447.4941 1500.7531 -151.9624 -0.0457 0.0122 0.8887 0.4560
3596.0000 -449.0571 1502.9024 -152.1758 -0.0454 0.0125 0.8893 0.4549
3597.0000 -450.6210 1505.0618 -152.3890 -0.0453 0.0115 0.8899 0.4538
3598.0000 -452.1950 1507.2044 -152.6190 -0.0456 0.0105 0.8904 0.4528
3599.0000 -453.7644 1509.3512 -152.8510 -0.0460 0.0102 0.8909 0.4518
3600.0000 -455.3411 1511.4890 -153.0780 -0.0462 0.0108 0.8913 0.4508
3601.0000 -456.9296 1513.6249 -153.3027 -0.0460 0.0114 0.8919 0.4497
3602.0000 -458.5141 1515.7580 -153.5219 -0.0460 0.0115 0.8925 0.4486
3603.0000 -460.1054 1517.8995 -153.7489 -0.0461 0.0116 0.8930 0.4475
3604.0000 -461.7059 1520.0227 -153.9749 -0.0456 0.0114 0.8936 0.4465
3605.0000 -463.3164 1522.1428 -154.2002 -0.0450 0.0119 0.8942 0.4452
3606.0000 -464.9133 1524.2432 -154.4237 -0.0446 0.0139 0.8950 0.4436
3607.0000 -466.5140 1526.3580 -154.6432 -0.0440 0.0162 0.8958 0.4419
3608.0000 -468.1301 1528.4675 -154.8630 -0.0439 0.0175 0.8967 0.4401
3609.0000 -469.7645 1530.5647 -155.1022 -0.0441 0.0179 0.8974 0.4386
3610.0000 -471.3979 1532.6504 -155.3400 -0.0441 0.0180 0.8980 0.4375
3611.0000 -473.0340 1534.7334 -155.5676 -0.0435 0.0186 0.8985 0.4363
3612.0000 -474.6731 1536.8146 -155.7910 -0.0429 0.0198 0.8992 0.4349
3613.0000 -476.3218 1538.8898 -156.0138 -0.0422 0.0201 0.9000 0.4334
3614.0000 -477.9794 1540.9611 -156.2347 -0.0415 0.0183 0.9006 0.4322
3615.0000 -479.6400 1543.0190 -156.4468 -0.0405 0.0161 0.9010 0.4315
3616.0000 -481.3159 1545.0774 -156.6615 -0.0396 0.0154 0.9015 0.4307
3617.0000 -482.9932 1547.1395 -156.8565 -0.0393 0.0157 0.9021 0.4295
3618.0000 -484.6632 1549.1873 -157.0705 -0.0398 0.0180 0.9025 0.4284
3619.0000 -486.3277 1551.2208 -157.2913 -0.0408 0.0211 0.9028 0.4276
3620.0000 -488.0086 1553.2742 -157.5086 -0.0413 0.0225 0.9031 0.4268
3621.0000 -489.7036 1555.3237 -157.7341 -0.0408 0.0211 0.9033 0.4265
3622.0000 -491.3976 1557.3582 -157.9608 -0.0406 0.0181 0.9033 0.4268
3623.0000 -493.0863 1559.3994 -158.1913 -0.0409 0.0162 0.9033 0.4268
3624.0000 -494.7716 1561.4423 -158.4148 -0.0412 0.0173 0.9034 0.4265
3625.0000 -496.4483 1563.4713 -158.6152 -0.0413 0.0203 0.9036 0.4259
3626.0000 -498.1425 1565.4985 -158.8241 -0.0409 0.0230 0.9038 0.4255
3627.0000 -499.8307 1567.5342 -159.0407 -0.0399 0.0235 0.9039 0.4252
3628.0000 -501.5216 1569.5794 -159.2799 -0.0384 0.0224 0.9040 0.4252
3629.0000 -503.2214 1571.6183 -159.5028 -0.0380 0.0215 0.9041 0.4252
3630.0000 -504.9053 1573.6461 -159.7140 -0.0386 0.0221 0.9041 0.4250
3631.0000 -506.5874 1575.6608 -159.9290 -0.0392 0.0237 0.9042 0.4247
3632.0000 -508.2884 1577.6838 -160.1421 -0.0387 0.0248 0.9043 0.4245
3633.0000 -509.9769 1579.7114 -160.3460 -0.0376 0.0245 0.9043 0.4245
3634.0000 -511.6684 1581.7392 -160.5724 -0.0374 0.0242 0.9044 0.4245
3635.0000 -513.3599 1583.7736 -160.8152 -0.0382 0.0255 0.9043 0.4243
3636.0000 -515.0485 1585.7928 -161.0310 -0.0383 0.0275 0.9043 0.4244
3637.0000 -516.7394 1587.8058 -161.2325 -0.0376 0.0285 0.9042 0.4246
3638.0000 -518.4401 1589.8345 -161.4427 -0.0373 0.0282 0.9041 0.4248
3639.0000 -520.1399 1591.8686 -161.6757 -0.0376 0.0276 0.9041 0.4248
3640.0000 -521.8276 1593.9040 -161.9194 -0.0382 0.0275 0.9040 0.4249
3641.0000 -523.5062 1595.9275 -162.1455 -0.0382 0.0278 0.9039 0.4250
3642.0000 -525.1890 1597.9530 -162.3483 -0.0374 0.0281 0.9039 0.4252
3643.0000 -526.8743 1599.9731 -162.5643 -0.0365 0.0292 0.9038 0.4253
3644.0000 -528.5651 1601.9991 -162.7839 -0.0360 0.0305 0.9038 0.4253
3645.0000 -530.2534 1604.0251 -163.0097 -0.0363 0.0314 0.9038 0.4253
3646.0000 -531.9483 1606.0559 -163.2539 -0.0362 0.0322 0.9038 0.4253
3647.0000 -533.6374 1608.0883 -163.4802 -0.0357 0.0324 0.9037 0.4254
3648.0000 -535.3101 1610.1126 -163.6865 -0.0351 0.0327 0.9036 0.4256
3649.0000 -536.9791 1612.1278 -163.9026 -0.0349 0.0333 0.9036 0.4256
3650.0000 -538.6655 1614.1459 -164.1342 -0.0352 0.0341 0.9036 0.4256
3651.0000 -540.3593 1616.1791 -164.3607 -0.0352 0.0343 0.9035 0.4258
3652.0000 -542.0580 1618.2184 -164.5905 -0.0347 0.0346 0.9034 0.4260
3653.0000 -543.7295 1620.2412 -164.8083 -0.0342 0.0348 0.9033 0.4263
3654.0000 -545.3967 1622.2453 -165.0238 -0.0337 0.0355 0.9031 0.4266
3655.0000 -547.0535 1624.2569 -165.2434 -0.0335 0.0365 0.9030 0.4268
3656.0000 -548.7373 1626.2866 -165.4723 -0.0335 0.0379 0.9029 0.4270
3657.0000 -550.4204 1628.3085 -165.6932 -0.0328 0.0396 0.9027 0.4272
3658.0000 -552.0887 1630.3400 -165.9062 -0.0320 0.0403 0.9027 0.4272
3659.0000 -553.7597 1632.3684 -166.1268 -0.0316 0.0400 0.9026 0.4275
3660.0000 -555.4135 1634.3920 -166.3587 -0.0315 0.0401 0.9024 0.4280
3661.0000 -557.0771 1636.4151 -166.5913 -0.0310 0.0416 0.9021 0.4284
3662.0000 -558.7420 1638.4474 -166.8114 -0.0306 0.0437 0.9018 0.4288
3663.0000 -560.4064 1640.4898 -167.0219 -0.0299 0.0453 0.9016 0.4291
3664.0000 -562.0829 1642.5243 -167.2387 -0.0292 0.0458 0.9014 0.4295
3665.0000 -563.7414 1644.5517 -167.4723 -0.0290 0.0456 0.9013 0.4299
3666.0000 -565.3857 1646.5883 -167.6980 -0.0290 0.0455 0.9011 0.4303
3667.0000 -567.0397 1648.6277 -167.9274 -0.0288 0.0462 0.9009 0.4307
3668.0000 -568.7122 1650.6708 -168.1463 -0.0286 0.0471 0.9007 0.4309
3669.0000 -570.3599 1652.6990 -168.3555 -0.0286 0.0477 0.9004 0.4314
3670.0000 -572.0022 1654.7359 -168.5843 -0.0285 0.0482 0.9002 0.4319
3671.0000 -573.6495 1656.7687 -168.8137 -0.0277 0.0484 0.9000 0.4323
3672.0000 -575.2907 1658.8020 -169.0323 -0.0265 0.0487 0.8999 0.4326
3673.0000 -576.9230 1660.8430 -169.2423 -0.0257 0.0495 0.8997 0.4329
3674.0000 -578.5608 1662.8890 -169.4643 -0.0260 0.0509 0.8995 0.4331
3675.0000 -580.2161 1664.9483 -169.6893 -0.0261 0.0516 0.8994 0.4333
3676.0000 -581.8632 1666.9959 -169.9032 -0.0258 0.0512 0.8993 0.4335
3677.0000 -583.4785 1669.0268 -170.1178 -0.0253 0.0507 0.8991 0.4340
3678.0000 -585.1066 1671.0608 -170.3325 -0.0251 0.0510 0.8989 0.4345
3679.0000 -586.7461 1673.0958 -170.5573 -0.0250 0.0525 0.8986 0.4349
3680.0000 -588.3776 1675.1468 -170.7704 -0.0252 0.0539 0.8984 0.4351
3681.0000 -590.0006 1677.2113 -170.9929 -0.0252 0.0547 0.8982 0.4354
3682.0000 -591.6227 1679.2621 -171.2223 -0.0249 0.0544 0.8981 0.4357
3683.0000 -593.2400 1681.2816 -171.4415 -0.0244 0.0536 0.8979 0.4363
3684.0000 -594.8591 1683.3018 -171.6586 -0.0242 0.0537 0.8976 0.4368
3685.0000 -596.4824 1685.3608 -171.8754 -0.0241 0.0547 0.8974 0.4371
3686.0000 -598.1025 1687.4181 -172.0929 -0.0239 0.0554 0.8972 0.4375
3687.0000 -599.7176 1689.4737 -172.3066 -0.0237 0.0552 0.8970 0.4379
3688.0000 -601.3341 1691.5234 -172.5276 -0.0236 0.0552 0.8968 0.4383
3689.0000 -602.9318 1693.5685 -172.7530 -0.0237 0.0559 0.8965 0.4388
3690.0000 -604.5331 1695.6223 -172.9689 -0.0235 0.0570 0.8962 0.4393
3691.0000 -606.1333 1697.6673 -173.1937 -0.0233 0.0581 0.8959 0.4398
3692.0000 -607.7271 1699.7212 -173.4157 -0.0226 0.0586 0.8956 0.4403
3693.0000 -609.3215 1701.7883 -173.6377 -0.0220 0.0585 0.8955 0.4407
3694.0000 -610.9111 1703.8460 -173.8608 -0.0221 0.0584 0.8952 0.4412
3695.0000 -612.5001 1705.8960 -174.0822 -0.0224 0.0587 0.8949 0.4419
3696.0000 -614.1001 1707.9710 -174.2967 -0.0222 0.0589 0.8946 0.4424
3697.0000 -615.6948 1710.0299 -174.5077 -0.0217 0.0587 0.8944 0.4429
3698.0000 -617.2791 1712.0831 -174.7177 -0.0217 0.0579 0.8942 0.4434
3699.0000 -618.8492 1714.1282 -174.9506 -0.0223 0.0576 0.8939 0.4440
3700.0000 -620.4111 1716.1898 -175.1818 -0.0225 0.0579 0.8935 0.4447
3701.0000 -621.9748 1718.2546 -175.3830 -0.0219 0.0584 0.8931 0.4455
3702.0000 -623.5409 1720.3087 -175.5896 -0.0211 0.0590 0.8927 0.4463
3703.0000 -625.1179 1722.3774 -175.8081 -0.0211 0.0594 0.8922 0.4471
3704.0000 -626.6868 1724.4497 -176.0338 -0.0215 0.0593 0.8916 0.4484
3705.0000 -628.2372 1726.5301 -176.2669 -0.0214 0.0593 0.8908 0.4500
3706.0000 -629.7625 1728.6000 -176.4796 -0.0211 0.0598 0.8900 0.4515
3707.0000 -631.2869 1730.6655 -176.6832 -0.0209 0.0607 0.8892 0.4530
3708.0000 -632.8197 1732.7458 -176.8938 -0.0209 0.0609 0.8886 0.4542
3709.0000 -634.3463 1734.8293 -177.1207 -0.0208 0.0606 0.8879 0.4556
3710.0000 -635.8533 1736.9147 -177.3542 -0.0206 0.0606 0.8871 0.4571
3711.0000 -637.3569 1739.0166 -177.5617 -0.0202 0.0605 0.8865 0.4584
3712.0000 -638.8597 1741.1129 -177.7772 -0.0202 0.0607 0.8858 0.4596
3713.0000 -640.3480 1743.2081 -177.9923 -0.0206 0.0608 0.8851 0.4610
3714.0000 -641.8143 1745.2902 -178.2064 -0.0211 0.0609 0.8843 0.4625
3715.0000 -643.2960 1747.3926 -178.4302 -0.0211 0.0611 0.8835 0.4639
3716.0000 -644.7732 1749.5175 -178.6615 -0.0207 0.0617 0.8829 0.4651
3717.0000 -646.2206 1751.6216 -178.8727 -0.0197 0.0622 0.8822 0.4664
3718.0000 -647.6573 1753.7084 -179.0844 -0.0193 0.0619 0.8815 0.4677
3719.0000 -649.0966 1755.8194 -179.2997 -0.0192 0.0611 0.8810 0.4688
3720.0000 -650.5391 1757.9416 -179.5191 -0.0191 0.0607 0.8804 0.4699
3721.0000 -651.9775 1760.0693 -179.7340 -0.0192 0.0609 0.8799 0.4709
3722.0000 -653.4169 1762.2042 -179.9525 -0.0191 0.0617 0.8794 0.4717
3723.0000 -654.8365 1764.3313 -180.1710 -0.0191 0.0623 0.8790 0.4724
3724.0000 -656.2503 1766.4565 -180.3908 -0.0189 0.0623 0.8786 0.4732
3725.0000 -657.6620 1768.5815 -180.6024 -0.0188 0.0620 0.8781 0.4741
3726.0000 -659.0755 1770.7192 -180.8207 -0.0196 0.0617 0.8775 0.4751
3727.0000 -660.4926 1772.8477 -181.0510 -0.0207 0.0617 0.8770 0.4760
3728.0000 -661.8932 1774.9727 -181.2752 -0.0211 0.0610 0.8767 0.4766
3729.0000 -663.2820 1777.1070 -181.4916 -0.0206 0.0596 0.8764 0.4774
3730.0000 -664.6658 1779.2457 -181.7045 -0.0205 0.0588 0.8760 0.4782
3731.0000 -666.0533 1781.3913 -181.9231 -0.0209 0.0595 0.8755 0.4791
3732.0000 -667.4567 1783.5448 -182.1551 -0.0214 0.0607 0.8751 0.4797
3733.0000 -668.8408 1785.6836 -182.3770 -0.0215 0.0609 0.8747 0.4803
3734.0000 -670.2141 1787.8307 -182.5899 -0.0214 0.0597 0.8745 0.4809
3735.0000 -671.5851 1789.9764 -182.8186 -0.0215 0.0583 0.8742 0.4816
3736.0000 -672.9535 1792.1122 -183.0527 -0.0215 0.0584 0.8738 0.4823
3737.0000 -674.3211 1794.2589 -183.2765 -0.0209 0.0599 0.8733 0.4831
3738.0000 -675.6884 1796.4279 -183.4764 -0.0205 0.0613 0.8729 0.4835
3739.0000 -677.0430 1798.5912 -183.6994 -0.0204 0.0616 0.8727 0.4838
3740.0000 -678.3945 1800.7419 -183.9492 -0.0206 0.0610 0.8725 0.4844
3741.0000 -679.7518 1802.8889 -184.1840 -0.0207 0.0601 0.8721 0.4852
3742.0000 -681.1013 1805.0405 -184.3998 -0.0207 0.0598 0.8717 0.4860
3743.0000 -682.4441 1807.1922 -184.6160 -0.0210 0.0605 0.8712 0.4867
3744.0000 -683.7908 1809.3563 -184.8373 -0.0215 0.0611 0.8708 0.4874
3745.0000 -685.1291 1811.5233 -185.0679 -0.0216 0.0612 0.8704 0.4881
3746.0000 -686.4702 1813.6984 -185.3011 -0.0216 0.0605 0.8700 0.4889
3747.0000 -687.7984 1815.8560 -185.5314 -0.0213 0.0596 0.8695 0.4898
3748.0000 -689.1142 1818.0120 -185.7585 -0.0211 0.0591 0.8690 0.4908
3749.0000 -690.4239 1820.1736 -185.9899 -0.0217 0.0590 0.8685 0.4917
3750.0000 -691.7422 1822.3539 -186.2165 -0.0226 0.0593 0.8678 0.4928
3751.0000 -693.0574 1824.5422 -186.4374 -0.0234 0.0599 0.8672 0.4938
3752.0000 -694.3745 1826.7294 -186.6756 -0.0230 0.0606 0.8666 0.4947
3753.0000 -695.6609 1828.8947 -186.9057 -0.0217 0.0601 0.8661 0.4958
3754.0000 -696.9481 1831.0689 -187.1404 -0.0212 0.0590 0.8657 0.4967
3755.0000 -698.2426 1833.2593 -187.3712 -0.0217 0.0582 0.8654 0.4972
3756.0000 -699.5345 1835.4433 -187.6085 -0.0223 0.0582 0.8652 0.4975
3757.0000 -700.8256 1837.6231 -187.8376 -0.0225 0.0589 0.8651 0.4976
3758.0000 -702.0966 1839.8183 -188.0526 -0.0219 0.0595 0.8649 0.4980
3759.0000 -703.3606 1842.0072 -188.2701 -0.0217 0.0597 0.8645 0.4986
3760.0000 -704.6421 1844.1984 -188.5070 -0.0221 0.0596 0.8643 0.4989
3761.0000 -705.9255 1846.3840 -188.7540 -0.0225 0.0595 0.8641 0.4993
3762.0000 -707.1989 1848.5714 -188.9857 -0.0229 0.0598 0.8639 0.4996
3763.0000 -708.4635 1850.7549 -189.2165 -0.0226 0.0601 0.8636 0.5001
3764.0000 -709.7260 1852.9522 -189.4449 -0.0220 0.0604 0.8631 0.5009
3765.0000 -710.9882 1855.1506 -189.6670 -0.0217 0.0607 0.8627 0.5015
3766.0000 -712.2537 1857.3433 -189.8989 -0.0219 0.0609 0.8625 0.5020
3767.0000 -713.5118 1859.5260 -190.1335 -0.0223 0.0605 0.8622 0.5024
3768.0000 -714.7703 1861.7173 -190.3667 -0.0228 0.0592 0.8618 0.5032
3769.0000 -716.0114 1863.9128 -190.5970 -0.0231 0.0578 0.8612 0.5045
3770.0000 -717.2564 1866.1105 -190.8411 -0.0235 0.0576 0.8603 0.5059
3771.0000 -718.4966 1868.3247 -191.0700 -0.0236 0.0585 0.8595 0.5072
3772.0000 -719.7289 1870.5427 -191.2919 -0.0236 0.0596 0.8586 0.5086
3773.0000 -720.9446 1872.7359 -191.5138 -0.0237 0.0599 0.8578 0.5100
3774.0000 -722.1556 1874.9295 -191.7571 -0.0240 0.0589 0.8571 0.5112
3775.0000 -723.3717 1877.1437 -192.0102 -0.0243 0.0573 0.8565 0.5123
3776.0000 -724.5636 1879.3781 -192.2454 -0.0245 0.0563 0.8558 0.5136
3777.0000 -725.7439 1881.5878 -192.4664 -0.0248 0.0561 0.8550 0.5150
3778.0000 -726.9354 1883.7840 -192.6926 -0.0254 0.0568 0.8542 0.5162
3779.0000 -728.1309 1886.0202 -192.9384 -0.0257 0.0576 0.8535 0.5172
3780.0000 -729.3162 1888.2664 -193.1806 -0.0254 0.0576 0.8528 0.5184
3781.0000 -730.4730 1890.4907 -193.4138 -0.0252 0.0568 0.8520 0.5199
3782.0000 -731.6127 1892.7037 -193.6526 -0.0252 0.0561 0.8513 0.5210
3783.0000 -732.7519 1894.9300 -193.8919 -0.0252 0.0561 0.8508 0.5219
3784.0000 -733.9082 1897.1454 -194.1329 -0.0254 0.0564 0.8503 0.5226
3785.0000 -735.0566 1899.3733 -194.3631 -0.0259 0.0560 0.8498 0.5235
3786.0000 -736.1807 1901.5986 -194.5952 -0.0266 0.0553 0.8492 0.5246
3787.0000 -737.2973 1903.8289 -194.8357 -0.0265 0.0548 0.8485 0.5257
3788.0000 -738.4211 1906.0653 -195.0786 -0.0258 0.0550 0.8479 0.5267
3789.0000 -739.5342 1908.2945 -195.3151 -0.0248 0.0563 0.8473 0.5276
3790.0000 -740.6419 1910.5209 -195.5388 -0.0239 0.0579 0.8467 0.5284
3791.0000 -741.7354 1912.7618 -195.7674 -0.0233 0.0585 0.8462 0.5291
3792.0000 -742.8281 1915.0063 -196.0129 -0.0236 0.0580 0.8457 0.5299
3793.0000 -743.9421 1917.2632 -196.2765 -0.0241 0.0572 0.8453 0.5307
3794.0000 -745.0563 1919.5290 -196.5313 -0.0247 0.0565 0.8449 0.5314
3795.0000 -746.1583 1921.7919 -196.7607 -0.0248 0.0561 0.8445 0.5320
3796.0000 -747.2511 1924.0546 -196.9946 -0.0247 0.0563 0.8442 0.5325
3797.0000 -748.3418 1926.3195 -197.2328 -0.0248 0.0564 0.8439 0.5330
3798.0000 -749.4201 1928.5784 -197.4787 -0.0254 0.0563 0.8434 0.5337
3799.0000 -750.5261 1930.8660 -197.7424 -0.0258 0.0562 0.8430 0.5343
3800.0000 -751.6286 1933.1584 -197.9877 -0.0258 0.0562 0.8425 0.5351
3801.0000 -752.7119 1935.4390 -198.2256 -0.0257 0.0563 0.8421 0.5358
3802.0000 -753.7808 1937.7164 -198.4647 -0.0257 0.0562 0.8417 0.5364
3803.0000 -754.8481 1939.9921 -198.7162 -0.0262 0.0559 0.8413 0.5371
3804.0000 -755.9114 1942.2514 -198.9644 -0.0264 0.0551 0.8408 0.5379
3805.0000 -756.9835 1944.5413 -199.2169 -0.0264 0.0542 0.8402 0.5389
3806.0000 -758.0587 1946.8670 -199.4698 -0.0262 0.0537 0.8397 0.5397
3807.0000 -759.1180 1949.1809 -199.7178 -0.0263 0.0546 0.8393 0.5403
3808.0000 -760.1708 1951.4769 -199.9540 -0.0260 0.0561 0.8387 0.5410
3809.0000 -761.2226 1953.7780 -200.1906 -0.0257 0.0571 0.8382 0.5418
3810.0000 -762.2604 1956.0852 -200.4432 -0.0254 0.0568 0.8375 0.5429
3811.0000 -763.3020 1958.3902 -200.7116 -0.0256 0.0563 0.8369 0.5438
3812.0000 -764.3596 1960.7142 -200.9782 -0.0260 0.0560 0.8364 0.5446
3813.0000 -765.4061 1963.0382 -201.2282 -0.0260 0.0560 0.8358 0.5455
3814.0000 -766.4242 1965.3655 -201.4690 -0.0260 0.0562 0.8351 0.5466
3815.0000 -767.4398 1967.6912 -201.7074 -0.0260 0.0564 0.8344 0.5477
3816.0000 -768.4665 1970.0145 -201.9622 -0.0264 0.0563 0.8337 0.5488
3817.0000 -769.4881 1972.3554 -202.2288 -0.0268 0.0560 0.8330 0.5498
3818.0000 -770.4901 1974.6914 -202.4921 -0.0269 0.0559 0.8322 0.5509
3819.0000 -771.4901 1977.0296 -202.7394 -0.0267 0.0557 0.8314 0.5522
3820.0000 -772.4911 1979.3627 -202.9845 -0.0268 0.0555 0.8306 0.5534
3821.0000 -773.4855 1981.7108 -203.2489 -0.0272 0.0558 0.8300 0.5544
3822.0000 -774.4762 1984.0769 -203.5115 -0.0274 0.0557 0.8292 0.5554
3823.0000 -775.4516 1986.4303 -203.7659 -0.0269 0.0552 0.8286 0.5565
3824.0000 -776.4137 1988.7765 -204.0220 -0.0266 0.0550 0.8279 0.5576
3825.0000 -777.3689 1991.1120 -204.2713 -0.0270 0.0548 0.8271 0.5587
3826.0000 -778.3168 1993.4521 -204.5161 -0.0276 0.0546 0.8263 0.5598
3827.0000 -779.2860 1995.8297 -204.7772 -0.0276 0.0545 0.8256 0.5609
3828.0000 -780.2420 1998.2434 -205.0437 -0.0276 0.0550 0.8249 0.5619
3829.0000 -781.1746 2000.6315 -205.3115 -0.0275 0.0565 0.8242 0.5628
3830.0000 -782.1103 2002.9748 -205.5669 -0.0272 0.0575 0.8235 0.5637
3831.0000 -783.0453 2005.3361 -205.8281 -0.0267 0.0572 0.8230 0.5645
3832.0000 -783.9661 2007.7249 -206.0906 -0.0266 0.0566 0.8225 0.5653
3833.0000 -784.8921 2010.1284 -206.3596 -0.0272 0.0565 0.8220 0.5660
3834.0000 -785.8133 2012.5358 -206.6237 -0.0278 0.0570 0.8215 0.5667
3835.0000 -786.7316 2014.9181 -206.8840 -0.0278 0.0571 0.8209 0.5676
3836.0000 -787.6547 2017.3144 -207.1476 -0.0271 0.0564 0.8203 0.5686
3837.0000 -788.5595 2019.6840 -207.4085 -0.0271 0.0555 0.8197 0.5695
3838.0000 -789.4479 2022.0600 -207.6736 -0.0277 0.0553 0.8191 0.5703
3839.0000 -790.3442 2024.4766 -207.9419 -0.0284 0.0557 0.8186 0.5709
3840.0000 -791.2386 2026.8993 -208.2067 -0.0284 0.0559 0.8183 0.5714
3841.0000 -792.1377 2029.3097 -208.4717 -0.0278 0.0557 0.8178 0.5722
3842.0000 -793.0318 2031.7217 -208.7378 -0.0275 0.0550 0.8172 0.5730
3843.0000 -793.9159 2034.1247 -209.0049 -0.0278 0.0545 0.8168 0.5737
3844.0000 -794.7994 2036.5143 -209.2750 -0.0285 0.0547 0.8162 0.5744
3845.0000 -795.6903 2038.9421 -209.5385 -0.0291 0.0546 0.8158 0.5750
3846.0000 -796.5660 2041.3749 -209.8038 -0.0294 0.0544 0.8155 0.5755
3847.0000 -797.4159 2043.8046 -210.0667 -0.0296 0.0540 0.8151 0.5760
3848.0000 -798.2837 2046.2173 -210.3351 -0.0298 0.0538 0.8147 0.5767
3849.0000 -799.1591 2048.6343 -210.6136 -0.0297 0.0536 0.8142 0.5773
3850.0000 -800.0181 2051.0787 -210.8816 -0.0294 0.0534 0.8138 0.5779
3851.0000 -800.8686 2053.4938 -211.1420 -0.0292 0.0536 0.8132 0.5787
3852.0000 -801.7181 2055.9206 -211.4186 -0.0295 0.0544 0.8128 0.5793
3853.0000 -802.5598 2058.3526 -211.6899 -0.0296 0.0551 0.8123 0.5799
3854.0000 -803.3990 2060.7796 -211.9616 -0.0297 0.0554 0.8118 0.5805
3855.0000 -804.2554 2063.2180 -212.2300 -0.0301 0.0546 0.8114 0.5811
3856.0000 -805.1081 2065.6709 -212.5036 -0.0300 0.0533 0.8111 0.5817
3857.0000 -805.9337 2068.1284 -212.7730 -0.0299 0.0522 0.8108 0.5822
3858.0000 -806.7591 2070.5915 -213.0431 -0.0298 0.0519 0.8104 0.5828
3859.0000 -807.5934 2073.0135 -213.3246 -0.0298 0.0529 0.8099 0.5834
3860.0000 -808.4273 2075.4513 -213.5876 -0.0300 0.0543 0.8093 0.5841
3861.0000 -809.2635 2077.8953 -213.8440 -0.0305 0.0548 0.8087 0.5848
3862.0000 -810.0779 2080.3478 -214.1273 -0.0308 0.0544 0.8082 0.5855
3863.0000 -810.8809 2082.8032 -214.4114 -0.0313 0.0532 0.8077 0.5864
3864.0000 -811.6912 2085.2728 -214.6970 -0.0318 0.0524 0.8071 0.5873
3865.0000 -812.4857 2087.7303 -214.9738 -0.0317 0.0522 0.8063 0.5883
3866.0000 -813.2892 2090.1836 -215.2332 -0.0317 0.0521 0.8057 0.5891
3867.0000 -814.0866 2092.6491 -215.5115 -0.0313 0.0528 0.8050 0.5901
3868.0000 -814.8672 2095.1149 -215.7916 -0.0312 0.0534 0.8042 0.5911
3869.0000 -815.6404 2097.5902 -216.0729 -0.0318 0.0526 0.8034 0.5922
3870.0000 -816.4218 2100.0669 -216.3468 -0.0325 0.0511 0.8027 0.5933
3871.0000 -817.1967 2102.5316 -216.6271 -0.0331 0.0500 0.8019 0.5944
3872.0000 -817.9596 2105.0007 -216.9138 -0.0333 0.0501 0.8011 0.5955
3873.0000 -818.7116 2107.4767 -217.1949 -0.0332 0.0510 0.8003 0.5965
3874.0000 -819.4552 2109.9609 -217.4722 -0.0332 0.0513 0.7996 0.5975
3875.0000 -820.2032 2112.4668 -217.7480 -0.0332 0.0503 0.7990 0.5983
3876.0000 -820.9483 2114.9796 -218.0237 -0.0331 0.0492 0.7983 0.5993
3877.0000 -821.6843 2117.4675 -218.3047 -0.0331 0.0494 0.7975 0.6004
3878.0000 -822.4015 2119.9361 -218.5818 -0.0329 0.0508 0.7966 0.6014
3879.0000 -823.1104 2122.4249 -218.8553 -0.0325 0.0514 0.7959 0.6023
3880.0000 -823.8341 2124.9417 -219.1345 -0.0327 0.0506 0.7952 0.6033
3881.0000 -824.5544 2127.4540 -219.4223 -0.0327 0.0493 0.7945 0.6044
3882.0000 -825.2556 2129.9650 -219.7010 -0.0326 0.0484 0.7937 0.6055
3883.0000 -825.9438 2132.4544 -219.9740 -0.0326 0.0488 0.7930 0.6063
3884.0000 -826.6300 2134.9501 -220.2453 -0.0329 0.0503 0.7923 0.6071
3885.0000 -827.3201 2137.4615 -220.5302 -0.0330 0.0524 0.7915 0.6080
3886.0000 -828.0004 2140.0086 -220.8202 -0.0332 0.0531 0.7908 0.6088
3887.0000 -828.6650 2142.5286 -221.1156 -0.0333 0.0524 0.7901 0.6098
3888.0000 -829.3260 2145.0395 -221.4048 -0.0335 0.0513 0.7894 0.6109
3889.0000 -829.9927 2147.5569 -221.6851 -0.0336 0.0510 0.7886 0.6118
3890.0000 -830.6497 2150.0674 -221.9665 -0.0340 0.0514 0.7878 0.6128
3891.0000 -831.2950 2152.5852 -222.2563 -0.0343 0.0516 0.7871 0.6137
3892.0000 -831.9275 2155.1197 -222.5488 -0.0344 0.0513 0.7863 0.6148
3893.0000 -832.5657 2157.6502 -222.8452 -0.0341 0.0507 0.7855 0.6158
3894.0000 -833.1996 2160.1812 -223.1376 -0.0338 0.0504 0.7849 0.6166
3895.0000 -833.8263 2162.7010 -223.4156 -0.0336 0.0510 0.7842 0.6175
3896.0000 -834.4371 2165.2359 -223.6959 -0.0335 0.0519 0.7834 0.6185
3897.0000 -835.0532 2167.7759 -223.9866 -0.0337 0.0519 0.7826 0.6195
3898.0000 -835.6566 2170.3123 -224.2836 -0.0343 0.0511 0.7818 0.6204
3899.0000 -836.2605 2172.8609 -224.5819 -0.0352 0.0504 0.7812 0.6212
3900.0000 -836.8584 2175.3887 -224.8759 -0.0354 0.0502 0.7806 0.6220
3901.0000 -837.4518 2177.9392 -225.1580 -0.0351 0.0501 0.7800 0.6228
3902.0000 -838.0319 2180.4803 -225.4479 -0.0349 0.0502 0.7792 0.6238
3903.0000 -838.6034 2183.0262 -225.7395 -0.0347 0.0504 0.7785 0.6246
3904.0000 -839.1825 2185.5777 -226.0303 -0.0345 0.0507 0.7779 0.6254
3905.0000 -839.7482 2188.1180 -226.3251 -0.0346 0.0511 0.7772 0.6262
3906.0000 -840.3049 2190.6713 -226.6300 -0.0340 0.0519 0.7765 0.6270
3907.0000 -840.8540 2193.2422 -226.9212 -0.0337 0.0522 0.7758 0.6280
3908.0000 -841.4074 2195.7906 -227.1953 -0.0339 0.0517 0.7750 0.6289
3909.0000 -841.9453 2198.3335 -227.4922 -0.0345 0.0513 0.7744 0.6297
3910.0000 -842.4898 2200.8824 -227.7991 -0.0349 0.0514 0.7737 0.6305
3911.0000 -843.0326 2203.4627 -228.0980 -0.0351 0.0512 0.7730 0.6313
3912.0000 -843.5655 2206.0426 -228.3941 -0.0346 0.0508 0.7722 0.6324
3913.0000 -844.0761 2208.5863 -228.6840 -0.0344 0.0503 0.7715 0.6334
3914.0000 -844.5705 2211.1313 -228.9687 -0.0345 0.0502 0.7708 0.6342
3915.0000 -845.0908 2213.7101 -229.2596 -0.0349 0.0501 0.7702 0.6349
3916.0000 -845.6191 2216.2771 -229.5606 -0.0350 0.0502 0.7694 0.6358
3917.0000 -846.1163 2218.8385 -229.8454 -0.0351 0.0503 0.7686 0.6368
3918.0000 -846.5963 2221.3943 -230.1290 -0.0355 0.0505 0.7679 0.6376
3919.0000 -847.0727 2223.9726 -230.4304 -0.0356 0.0510 0.7673 0.6383
3920.0000 -847.5615 2226.5628 -230.7378 -0.0354 0.0512 0.7666 0.6391
3921.0000 -848.0465 2229.1300 -231.0405 -0.0351 0.0513 0.7658 0.6400
3922.0000 -848.5127 2231.6917 -231.3442 -0.0352 0.0512 0.7651 0.6409
3923.0000 -848.9669 2234.2585 -231.6368 -0.0360 0.0507 0.7645 0.6417
3924.0000 -849.4267 2236.8312 -231.9325 -0.0361 0.0505 0.7637 0.6426
3925.0000 -849.8829 2239.4141 -232.2255 -0.0355 0.0508 0.7629 0.6435
3926.0000 -850.3321 2241.9978 -232.5238 -0.0354 0.0511 0.7624 0.6442
3927.0000 -850.7793 2244.5796 -232.8169 -0.0358 0.0509 0.7618 0.6448
3928.0000 -851.2161 2247.1681 -233.1188 -0.0359 0.0503 0.7612 0.6456
3929.0000 -851.6428 2249.7466 -233.4193 -0.0355 0.0500 0.7606 0.6464
3930.0000 -852.0606 2252.3123 -233.7091 -0.0350 0.0503 0.7599 0.6472
3931.0000 -852.4869 2254.8941 -233.9979 -0.0348 0.0506 0.7593 0.6479
3932.0000 -852.9113 2257.4839 -234.2922 -0.0352 0.0507 0.7586 0.6487
3933.0000 -853.3308 2260.0792 -234.5995 -0.0359 0.0507 0.7578 0.6496
3934.0000 -853.7339 2262.6644 -234.9112 -0.0363 0.0506 0.7571 0.6503
3935.0000 -854.1228 2265.2385 -235.2017 -0.0357 0.0507 0.7564 0.6512
3936.0000 -854.5113 2267.8069 -235.4848 -0.0351 0.0507 0.7557 0.6520
3937.0000 -854.9031 2270.4007 -235.7802 -0.0356 0.0505 0.7550 0.6528
3938.0000 -855.2921 2272.9934 -236.0822 -0.0366 0.0494 0.7544 0.6535
3939.0000 -855.6699 2275.5669 -236.3952 -0.0371 0.0487 0.7538 0.6543
3940.0000 -856.0428 2278.1533 -236.6954 -0.0370 0.0491 0.7532 0.6550
3941.0000 -856.4131 2280.7557 -236.9860 -0.0368 0.0497 0.7526 0.6556
3942.0000 -856.7765 2283.3618 -237.2783 -0.0367 0.0502 0.7520 0.6562
3943.0000 -857.1373 2285.9422 -237.5728 -0.0371 0.0498 0.7513 0.6570
3944.0000 -857.4924 2288.5252 -237.8867 -0.0376 0.0495 0.7507 0.6577
3945.0000 -857.8311 2291.1084 -238.1899 -0.0379 0.0496 0.7502 0.6583
3946.0000 -858.1808 2293.6949 -238.4933 -0.0374 0.0500 0.7496 0.6590
3947.0000 -858.5245 2296.2697 -238.7972 -0.0365 0.0503 0.7489 0.6597
3948.0000 -858.8580 2298.8506 -239.0969 -0.0362 0.0496 0.7484 0.6604
3949.0000 -859.1817 2301.4603 -239.3939 -0.0365 0.0484 0.7479 0.6611
3950.0000 -859.4953 2304.0692 -239.6972 -0.0371 0.0483 0.7473 0.6616
3951.0000 -859.8227 2306.6584 -239.9953 -0.0377 0.0490 0.7466 0.6624
3952.0000 -860.1522 2309.2265 -240.2892 -0.0380 0.0498 0.7459 0.6631
3953.0000 -860.4619 2311.8082 -240.5892 -0.0377 0.0495 0.7453 0.6638
3954.0000 -860.7608 2314.4036 -240.8895 -0.0375 0.0485 0.7448 0.6645
3955.0000 -861.0486 2317.0152 -241.1932 -0.0378 0.0480 0.7442 0.6652
3956.0000 -861.3501 2319.6252 -241.5019 -0.0383 0.0483 0.7436 0.6658
3957.0000 -861.6442 2322.2113 -241.8010 -0.0384 0.0490 0.7430 0.6664
3958.0000 -861.9313 2324.7667 -242.0947 -0.0376 0.0497 0.7423 0.6672
3959.0000 -862.2137 2327.3433 -242.3864 -0.0369 0.0496 0.7416 0.6680
3960.0000 -862.4897 2329.9661 -242.6922 -0.0368 0.0493 0.7410 0.6687
3961.0000 -862.7678 2332.5778 -243.0072 -0.0373 0.0492 0.7404 0.6694
3962.0000 -863.0298 2335.1707 -243.3218 -0.0378 0.0494 0.7397 0.6701
3963.0000 -863.2850 2337.7493 -243.6137 -0.0382 0.0491 0.7388 0.6711
3964.0000 -863.5387 2340.3324 -243.9061 -0.0383 0.0488 0.7379 0.6721
3965.0000 -863.7956 2342.9393 -244.2140 -0.0382 0.0486 0.7369 0.6732
3966.0000 -864.0389 2345.5510 -244.5205 -0.0386 0.0483 0.7360 0.6741
3967.0000 -864.2667 2348.1470 -244.8272 -0.0385 0.0483 0.7351 0.6751
3968.0000 -864.4822 2350.7358 -245.1303 -0.0383 0.0486 0.7342 0.6761
3969.0000 -864.7061 2353.3087 -245.4165 -0.0378 0.0490 0.7334 0.6770
3970.0000 -864.9217 2355.9047 -245.7121 -0.0379 0.0489 0.7326 0.6778
3971.0000 -865.1298 2358.5197 -246.0161 -0.0385 0.0482 0.7319 0.6786
3972.0000 -865.3346 2361.1272 -246.3393 -0.0392 0.0476 0.7311 0.6795
3973.0000 -865.5340 2363.6973 -246.6461 -0.0402 0.0479 0.7303 0.6803
3974.0000 -865.7215 2366.2816 -246.9463 -0.0410 0.0481 0.7295 0.6810
3975.0000 -865.9042 2368.8748 -247.2471 -0.0412 0.0473 0.7287 0.6819
3976.0000 -866.0816 2371.4843 -247.5514 -0.0411 0.0460 0.7280 0.6828
3977.0000 -866.2477 2374.0841 -247.8636 -0.0412 0.0457 0.7272 0.6836
3978.0000 -866.4099 2376.6714 -248.1760 -0.0409 0.0468 0.7265 0.6843
3979.0000 -866.5682 2379.2596 -248.4700 -0.0402 0.0477 0.7259 0.6850
3980.0000 -866.7277 2381.8521 -248.7621 -0.0396 0.0475 0.7253 0.6857
3981.0000 -866.8677 2384.4549 -249.0668 -0.0397 0.0467 0.7246 0.6864
3982.0000 -867.0104 2387.0390 -249.3919 -0.0404 0.0466 0.7238 0.6873
3983.0000 -867.1498 2389.6269 -249.6998 -0.0409 0.0464 0.7230 0.6881
3984.0000 -867.2818 2392.2332 -250.0000 -0.0406 0.0462 0.7223 0.6888
3985.0000 -867.4052 2394.8265 -250.2878 -0.0402 0.0461 0.7217 0.6895
3986.0000 -867.5288 2397.3897 -250.5793 -0.0400 0.0464 0.7210 0.6902
3987.0000 -867.6546 2399.9737 -250.8813 -0.0401 0.0464 0.7203 0.6909
3988.0000 -867.7708 2402.5646 -251.1895 -0.0406 0.0459 0.7195 0.6918
3989.0000 -867.8810 2405.1590 -251.5013 -0.0411 0.0453 0.7188 0.6926
3990.0000 -867.9781 2407.7588 -251.7913 -0.0415 0.0449 0.7182 0.6931
3991.0000 -868.0657 2410.3313 -252.0817 -0.0414 0.0451 0.7176 0.6937
3992.0000 -868.1543 2412.8958 -252.3811 -0.0416 0.0453 0.7169 0.6944
3993.0000 -868.2389 2415.4790 -252.6921 -0.0419 0.0454 0.7163 0.6951
3994.0000 -868.3233 2418.0738 -252.9974 -0.0427 0.0448 0.7158 0.6956
3995.0000 -868.4129 2420.6486 -253.2971 -0.0435 0.0437 0.7153 0.6961
3996.0000 -868.4837 2423.2043 -253.5926 -0.0437 0.0424 0.7147 0.6968
3997.0000 -868.5596 2425.7897 -253.9007 -0.0433 0.0421 0.7141 0.6975
3998.0000 -868.6316 2428.3807 -254.1973 -0.0430 0.0428 0.7135 0.6980
3999.0000 -868.6837 2430.9690 -254.4925 -0.0429 0.0436 0.7129 0.6986
4000.0000 -868.7244 2433.5501 -254.7804 -0.0434 0.0436 0.7123 0.6992
4001.0000 -868.7798 2436.1147 -255.0855 -0.0438 0.0438 0.7116 0.6999
4002.0000 -868.8408 2438.6952 -255.3922 -0.0436 0.0440 0.7111 0.7004
4003.0000 -868.8791 2441.2733 -255.6960 -0.0437 0.0444 0.7108 0.7007
4004.0000 -868.9198 2443.8207 -255.9948 -0.0441 0.0446 0.7104 0.7010
4005.0000 -868.9568 2446.4038 -256.3036 -0.0445 0.0436 0.7099 0.7015
4006.0000 -868.9889 2448.9863 -256.6047 -0.0451 0.0421 0.7095 0.7020
4007.0000 -869.0167 2451.5545 -256.9062 -0.0460 0.0409 0.7091 0.7024
4008.0000 -869.0468 2454.1149 -257.2056 -0.0464 0.0411 0.7085 0.7030
4009.0000 -869.0756 2456.6751 -257.5082 -0.0465 0.0418 0.7078 0.7037
4010.0000 -869.0989 2459.2457 -257.8184 -0.0468 0.0424 0.7071 0.7043
4011.0000 -869.1072 2461.8125 -258.1159 -0.0473 0.0417 0.7067 0.7047
4012.0000 -869.1217 2464.3684 -258.4224 -0.0476 0.0404 0.7064 0.7050
4013.0000 -869.1276 2466.9435 -258.7235 -0.0479 0.0393 0.7060 0.7055
4014.0000 -869.1265 2469.5216 -259.0240 -0.0488 0.0387 0.7055 0.7060
4015.0000 -869.1357 2472.0825 -259.3350 -0.0497 0.0388 0.7049 0.7065
4016.0000 -869.1480 2474.6119 -259.6425 -0.0500 0.0390 0.7042 0.7071
4017.0000 -869.1409 2477.1722 -259.9472 -0.0502 0.0388 0.7039 0.7075
4018.0000 -869.1144 2479.7397 -260.2485 -0.0499 0.0385 0.7035 0.7079
4019.0000 -869.0983 2482.3066 -260.5452 -0.0499 0.0383 0.7031 0.7083
4020.0000 -869.0737 2484.8652 -260.8432 -0.0502 0.0380 0.7027 0.7087
4021.0000 -869.0528 2487.4192 -261.1595 -0.0503 0.0377 0.7023 0.7091
4022.0000 -869.0317 2489.9891 -261.4673 -0.0498 0.0375 0.7019 0.7095
4023.0000 -869.0097 2492.5579 -261.7603 -0.0499 0.0377 0.7016 0.7099
4024.0000 -868.9798 2495.1088 -262.0632 -0.0504 0.0385 0.7011 0.7103
4025.0000 -868.9413 2497.6493 -262.3705 -0.0506 0.0389 0.7006 0.7107
4026.0000 -868.9005 2500.2095 -262.6710 -0.0503 0.0382 0.7004 0.7109
4027.0000 -868.8681 2502.7751 -262.9765 -0.0503 0.0372 0.7002 0.7112
4028.0000 -868.8365 2505.3288 -263.2889 -0.0508 0.0366 0.7000 0.7114
4029.0000 -868.7992 2507.8826 -263.6012 -0.0509 0.0370 0.6996 0.7118
4030.0000 -868.7494 2510.4499 -263.9001 -0.0508 0.0376 0.6991 0.7122
4031.0000 -868.7058 2513.0134 -264.1944 -0.0509 0.0382 0.6988 0.7125
4032.0000 -868.6604 2515.5596 -264.4966 -0.0511 0.0381 0.6988 0.7125
4033.0000 -868.6037 2518.1022 -264.7980 -0.0511 0.0378 0.6986 0.7126
4034.0000 -868.5468 2520.6506 -265.1130 -0.0516 0.0380 0.6986 0.7127
4035.0000 -868.5073 2523.1815 -265.4213 -0.0525 0.0379 0.6985 0.7127
4036.0000 -868.4641 2525.7343 -265.7211 -0.0537 0.0365 0.6985 0.7127
4037.0000 -868.4090 2528.2966 -266.0366 -0.0546 0.0352 0.6985 0.7127
4038.0000 -868.3521 2530.8149 -266.3518 -0.0546 0.0351 0.6982 0.7129
4039.0000 -868.2931 2533.3620 -266.6543 -0.0542 0.0357 0.6981 0.7130
4040.0000 -868.2425 2535.9222 -266.9528 -0.0539 0.0361 0.6981 0.7130
4041.0000 -868.1898 2538.4622 -267.2633 -0.0537 0.0357 0.6982 0.7130
4042.0000 -868.1335 2540.9816 -267.5700 -0.0541 0.0343 0.6983 0.7129
4043.0000 -868.0842 2543.5209 -267.8709 -0.0545 0.0329 0.6983 0.7130
4044.0000 -868.0291 2546.0754 -268.1583 -0.0551 0.0321 0.6983 0.7130
4045.0000 -867.9786 2548.6245 -268.4616 -0.0556 0.0327 0.6982 0.7130
4046.0000 -867.9273 2551.1715 -268.7659 -0.0559 0.0328 0.6982 0.7129
4047.0000 -867.8861 2553.6983 -269.0657 -0.0564 0.0322 0.6983 0.7129
4048.0000 -867.8356 2556.2338 -269.3824 -0.0566 0.0318 0.6984 0.7128
4049.0000 -867.7757 2558.7733 -269.6842 -0.0569 0.0315 0.6984 0.7128
4050.0000 -867.7252 2561.2973 -269.9744 -0.0576 0.0311 0.6985 0.7126
4051.0000 -867.6724 2563.8316 -270.2797 -0.0583 0.0308 0.6985 0.7126
4052.0000 -867.6298 2566.3832 -270.5709 -0.0593 0.0302 0.6984 0.7126
4053.0000 -867.5799 2568.9247 -270.8812 -0.0599 0.0295 0.6982 0.7127
4054.0000 -867.5331 2571.4677 -271.1963 -0.0604 0.0282 0.6981 0.7129
4055.0000 -867.4906 2573.9908 -271.4922 -0.0613 0.0267 0.6979 0.7130
4056.0000 -867.4340 2576.5108 -271.7953 -0.0624 0.0261 0.6979 0.7130
4057.0000 -867.3665 2579.0593 -272.0896 -0.0628 0.0260 0.6978 0.7130
4058.0000 -867.3209 2581.5996 -272.3877 -0.0630 0.0260 0.6975 0.7133
4059.0000 -867.2746 2584.1153 -272.6869 -0.0635 0.0261 0.6972 0.7136
4060.0000 -867.2214 2586.6163 -272.9980 -0.0649 0.0261 0.6969 0.7137
4061.0000 -867.1518 2589.1486 -273.3110 -0.0656 0.0259 0.6966 0.7139
4062.0000 -867.0872 2591.6926 -273.6187 -0.0652 0.0252 0.6966 0.7141
4063.0000 -867.0379 2594.2114 -273.9114 -0.0656 0.0240 0.6964 0.7142
4064.0000 -866.9812 2596.7249 -274.2187 -0.0669 0.0226 0.6963 0.7143
4065.0000 -866.9193 2599.2526 -274.5368 -0.0685 0.0222 0.6962 0.7143
4066.0000 -866.8560 2601.7917 -274.8432 -0.0698 0.0219 0.6960 0.7143
4067.0000 -866.7884 2604.3116 -275.1492 -0.0704 0.0217 0.6959 0.7144
4068.0000 -866.7169 2606.8365 -275.4522 -0.0712 0.0207 0.6959 0.7143
4069.0000 -866.6550 2609.3323 -275.7662 -0.0716 0.0201 0.6957 0.7145
4070.0000 -866.5815 2611.8409 -276.0775 -0.0715 0.0201 0.6954 0.7148
4071.0000 -866.5150 2614.3566 -276.3749 -0.0712 0.0200 0.6952 0.7150
4072.0000 -866.4575 2616.8594 -276.6640 -0.0710 0.0190 0.6951 0.7151
4073.0000 -866.3648 2619.3533 -276.9511 -0.0718 0.0176 0.6952 0.7150
4074.0000 -866.2815 2621.8508 -277.2613 -0.0734 0.0177 0.6951 0.7149
4075.0000 -866.2277 2624.3458 -277.5899 -0.0746 0.0193 0.6950 0.7149
4076.0000 -866.1641 2626.8293 -277.9085 -0.0753 0.0202 0.6949 0.7148
4077.0000 -866.0857 2629.2964 -278.2016 -0.0755 0.0193 0.6950 0.7148
4078.0000 -865.9991 2631.7721 -278.5006 -0.0755 0.0183 0.6953 0.7145
4079.0000 -865.9386 2634.2534 -278.8082 -0.0758 0.0179 0.6956 0.7142
4080.0000 -865.8726 2636.7360 -279.1318 -0.0759 0.0186 0.6958 0.7140
4081.0000 -865.7934 2639.1908 -279.4444 -0.0761 0.0201 0.6959 0.7138
4082.0000 -865.7231 2641.6112 -279.7374 -0.0764 0.0208 0.6962 0.7135
4083.0000 -865.6708 2644.0537 -280.0428 -0.0764 0.0202 0.6966 0.7131
4084.0000 -865.6239 2646.5101 -280.3624 -0.0763 0.0191 0.6971 0.7127
4085.0000 -865.5636 2648.9679 -280.6828 -0.0772 0.0191 0.6972 0.7124
4086.0000 -865.5030 2651.3893 -281.0022 -0.0778 0.0200 0.6973 0.7122
4087.0000 -865.4381 2653.7971 -281.3072 -0.0780 0.0202 0.6977 0.7119
4088.0000 -865.3911 2656.2262 -281.6158 -0.0785 0.0196 0.6981 0.7115
4089.0000 -865.3583 2658.6649 -281.9353 -0.0789 0.0189 0.6985 0.7110
4090.0000 -865.3129 2661.0906 -282.2497 -0.0791 0.0186 0.6988 0.7106
4091.0000 -865.2624 2663.5028 -282.5651 -0.0789 0.0190 0.6991 0.7104
4092.0000 -865.2278 2665.9143 -282.8781 -0.0787 0.0198 0.6995 0.7100
4093.0000 -865.1930 2668.3225 -283.1924 -0.0786 0.0201 0.6998 0.7097
4094.0000 -865.1548 2670.6964 -283.5056 -0.0795 0.0195 0.7000 0.7094
4095.0000 -865.1233 2673.0640 -283.8268 -0.0804 0.0184 0.7002 0.7091
4096.0000 -865.0876 2675.4455 -284.1369 -0.0803 0.0181 0.7004 0.7090
4097.0000 -865.0557 2677.8333 -284.4401 -0.0802 0.0194 0.7006 0.7088
4098.0000 -865.0302 2680.1843 -284.7303 -0.0803 0.0206 0.7009 0.7084
4099.0000 -865.0024 2682.5118 -285.0261 -0.0805 0.0197 0.7012 0.7082
4100.0000 -864.9743 2684.8540 -285.3366 -0.0800 0.0172 0.7015 0.7080
4101.0000 -864.9533 2687.1763 -285.6527 -0.0804 0.0162 0.7017 0.7077
4102.0000 -864.9386 2689.5003 -285.9739 -0.0818 0.0179 0.7020 0.7073
4103.0000 -864.9312 2691.8317 -286.2677 -0.0826 0.0197 0.7022 0.7069
4104.0000 -864.9107 2694.1379 -286.5619 -0.0837 0.0200 0.7024 0.7065
4105.0000 -864.8807 2696.4330 -286.8741 -0.0846 0.0189 0.7027 0.7062
4106.0000 -864.8644 2698.7143 -287.2072 -0.0848 0.0174 0.7030 0.7059
4107.0000 -864.8592 2701.0029 -287.5188 -0.0849 0.0164 0.7034 0.7055
4108.0000 -864.8532 2703.2889 -287.8201 -0.0846 0.0164 0.7037 0.7053
4109.0000 -864.8363 2705.5496 -288.1189 -0.0842 0.0168 0.7039 0.7051
4110.0000 -864.8328 2707.8244 -288.4229 -0.0839 0.0169 0.7043 0.7047
4111.0000 -864.8407 2710.0862 -288.7215 -0.0837 0.0165 0.7048 0.7043
4112.0000 -864.8397 2712.3232 -289.0285 -0.0840 0.0166 0.7051 0.7039
4113.0000 -864.8317 2714.5659 -289.3334 -0.0843 0.0168 0.7055 0.7035
4114.0000 -864.8365 2716.8377 -289.6320 -0.0844 0.0166 0.7060 0.7030
4115.0000 -864.8529 2719.1046 -289.9389 -0.0845 0.0164 0.7062 0.7028
4116.0000 -864.8484 2721.3338 -290.2506 -0.0842 0.0161 0.7064 0.7026
4117.0000 -864.8546 2723.5306 -290.5393 -0.0840 0.0156 0.7067 0.7023
4118.0000 -864.8689 2725.7478 -290.8289 -0.0840 0.0157 0.7072 0.7019
4119.0000 -864.8879 2727.9972 -291.1286 -0.0842 0.0164 0.7076 0.7014
4120.0000 -864.9109 2730.2283 -291.4439 -0.0844 0.0175 0.7079 0.7010
4121.0000 -864.9195 2732.4302 -291.7355 -0.0842 0.0177 0.7082 0.7007
4122.0000 -864.9330 2734.6190 -292.0321 -0.0839 0.0175 0.7086 0.7004
4123.0000 -864.9618 2736.8111 -292.3330 -0.0836 0.0171 0.7092 0.6999
4124.0000 -864.9897 2739.0349 -292.6345 -0.0836 0.0168 0.7097 0.6994
4125.0000 -865.0080 2741.2493 -292.9429 -0.0842 0.0170 0.7101 0.6989
4126.0000 -865.0426 2743.4243 -293.2402 -0.0845 0.0174 0.7104 0.6985
4127.0000 -865.0873 2745.6179 -293.5431 -0.0842 0.0176 0.7107 0.6982
4128.0000 -865.1296 2747.8124 -293.8480 -0.0836 0.0176 0.7113 0.6977
4129.0000 -865.1654 2749.9985 -294.1447 -0.0835 0.0174 0.7119 0.6971
4130.0000 -865.1928 2752.1574 -294.4317 -0.0840 0.0175 0.7124 0.6965
4131.0000 -865.2503 2754.3330 -294.7335 -0.0845 0.0178 0.7128 0.6960
4132.0000 -865.3147 2756.4981 -295.0414 -0.0850 0.0181 0.7131 0.6956
4133.0000 -865.3699 2758.6844 -295.3493 -0.0852 0.0176 0.7135 0.6952
4134.0000 -865.4147 2760.8469 -295.6402 -0.0859 0.0162 0.7141 0.6945
4135.0000 -865.4686 2762.9898 -295.9416 -0.0862 0.0154 0.7148 0.6938
4136.0000 -865.5344 2765.1432 -296.2583 -0.0859 0.0155 0.7156 0.6930
4137.0000 -865.6005 2767.2999 -296.5319 -0.0863 0.0162 0.7161 0.6924
4138.0000 -865.6734 2769.4608 -296.8227 -0.0871 0.0170 0.7164 0.6921
4139.0000 -865.7420 2771.6160 -297.1390 -0.0875 0.0167 0.7166 0.6917
4140.0000 -865.8120 2773.7435 -297.4581 -0.0880 0.0153 0.7170 0.6913
4141.0000 -865.8908 2775.8774 -297.7644 -0.0879 0.0144 0.7175 0.6908
4142.0000 -865.9691 2778.0158 -298.0458 -0.0871 0.0144 0.7180 0.6904
4143.0000 -866.0399 2780.1509 -298.3330 -0.0866 0.0150 0.7185 0.6900
4144.0000 -866.1292 2782.2797 -298.6271 -0.0867 0.0152 0.7189 0.6895
4145.0000 -866.2404 2784.4157 -298.9321 -0.0879 0.0146 0.7193 0.6889
4146.0000 -866.3311 2786.5347 -299.2442 -0.0895 0.0139 0.7196 0.6884
4147.0000 -866.4090 2788.6598 -299.5446 -0.0903 0.0130 0.7200 0.6879
4148.0000 -866.5034 2790.7750 -299.8451 -0.0904 0.0123 0.7204 0.6875
4149.0000 -866.6077 2792.8869 -300.1417 -0.0903 0.0117 0.7208 0.6871
4150.0000 -866.6984 2795.0201 -300.4302 -0.0902 0.0112 0.7214 0.6865
4151.0000 -866.7961 2797.1397 -300.7347 -0.0900 0.0119 0.7218 0.6861
4152.0000 -866.9085 2799.2290 -301.0338 -0.0897 0.0133 0.7221 0.6858
4153.0000 -867.0199 2801.3396 -301.3308 -0.0892 0.0140 0.7226 0.6853
4154.0000 -867.1235 2803.4500 -301.6173 -0.0889 0.0140 0.7231 0.6848
4155.0000 -867.2359 2805.5610 -301.9231 -0.0890 0.0133 0.7237 0.6842
4156.0000 -867.3653 2807.6556 -302.2262 -0.0893 0.0125 0.7243 0.6836
4157.0000 -867.4821 2809.7427 -302.5216 -0.0893 0.0118 0.7248 0.6830
4158.0000 -867.6028 2811.8330 -302.8113 -0.0889 0.0121 0.7254 0.6825
4159.0000 -867.7260 2813.9294 -303.0981 -0.0886 0.0129 0.7261 0.6817
4160.0000 -867.8477 2816.0196 -303.3898 -0.0889 0.0138 0.7268 0.6809
4161.0000 -867.9776 2818.1053 -303.6885 -0.0896 0.0141 0.7274 0.6802
4162.0000 -868.1277 2820.1854 -303.9994 -0.0906 0.0135 0.7280 0.6794
4163.0000 -868.2635 2822.2849 -304.3058 -0.0903 0.0132 0.7288 0.6786
4164.0000 -868.4117 2824.3704 -304.5951 -0.0888 0.0138 0.7297 0.6779
4165.0000 -868.5617 2826.4302 -304.8731 -0.0878 0.0149 0.7306 0.6770
4166.0000 -868.7284 2828.4956 -305.1684 -0.0882 0.0159 0.7314 0.6761
4167.0000 -868.8917 2830.5735 -305.4772 -0.0889 0.0157 0.7321 0.6752
4168.0000 -869.0585 2832.6450 -305.7981 -0.0890 0.0147 0.7328 0.6744
4169.0000 -869.2270 2834.7029 -306.1016 -0.0890 0.0139 0.7336 0.6736
4170.0000 -869.4006 2836.7482 -306.3793 -0.0889 0.0140 0.7343 0.6728
4171.0000 -869.5803 2838.7896 -306.6660 -0.0887 0.0149 0.7350 0.6720
4172.0000 -869.7583 2840.8431 -306.9747 -0.0881 0.0162 0.7357 0.6714
4173.0000 -869.9439 2842.8875 -307.2779 -0.0877 0.0166 0.7364 0.6706
4174.0000 -870.1317 2844.9282 -307.5723 -0.0878 0.0162 0.7372 0.6697
4175.0000 -870.3255 2846.9889 -307.8832 -0.0886 0.0163 0.7380 0.6688
4176.0000 -870.5160 2849.0315 -308.1884 -0.0896 0.0170 0.7386 0.6679
4177.0000 -870.7101 2851.0637 -308.4824 -0.0899 0.0180 0.7391 0.6673
4178.0000 -870.9265 2853.0714 -308.7863 -0.0888 0.0186 0.7396 0.6669
4179.0000 -871.1431 2855.1155 -309.0953 -0.0872 0.0185 0.7406 0.6661
4180.0000 -871.3577 2857.1611 -309.4034 -0.0860 0.0178 0.7414 0.6653
4181.0000 -871.5660 2859.1935 -309.7007 -0.0859 0.0173 0.7421 0.6646
4182.0000 -871.7848 2861.2003 -309.9911 -0.0861 0.0174 0.7426 0.6639
4183.0000 -872.0134 2863.2019 -310.2921 -0.0865 0.0177 0.7431 0.6633
4184.0000 -872.2457 2865.2297 -310.5928 -0.0868 0.0180 0.7437 0.6626
4185.0000 -872.4815 2867.2619 -310.8864 -0.0865 0.0183 0.7442 0.6621
4186.0000 -872.7148 2869.2728 -311.1733 -0.0859 0.0183 0.7446 0.6617
4187.0000 -872.9586 2871.2734 -311.4770 -0.0859 0.0186 0.7450 0.6613
4188.0000 -873.1885 2873.2938 -311.7814 -0.0862 0.0185 0.7455 0.6607
4189.0000 -873.4283 2875.3139 -312.0837 -0.0868 0.0183 0.7461 0.6599
4190.0000 -873.6683 2877.3140 -312.3838 -0.0873 0.0179 0.7466 0.6593
4191.0000 -873.9236 2879.3071 -312.6692 -0.0874 0.0172 0.7472 0.6587
4192.0000 -874.1781 2881.3073 -312.9603 -0.0871 0.0169 0.7476 0.6582
4193.0000 -874.4319 2883.3258 -313.2617 -0.0873 0.0176 0.7481 0.6576
4194.0000 -874.6946 2885.3232 -313.5720 -0.0868 0.0190 0.7486 0.6570
4195.0000 -874.9545 2887.3183 -313.8758 -0.0856 0.0197 0.7492 0.6564
4196.0000 -875.2072 2889.3053 -314.1593 -0.0848 0.0193 0.7501 0.6556
4197.0000 -875.4726 2891.3096 -314.4551 -0.0852 0.0188 0.7510 0.6545
4198.0000 -875.7472 2893.3161 -314.7686 -0.0858 0.0193 0.7519 0.6534
4199.0000 -876.0449 2895.3068 -315.0711 -0.0858 0.0204 0.7527 0.6524
4200.0000 -876.3351 2897.2976 -315.3733 -0.0857 0.0213 0.7537 0.6512
4201.0000 -876.6174 2899.2859 -315.6639 -0.0857 0.0212 0.7547 0.6501
4202.0000 -876.9132 2901.2661 -315.9680 -0.0858 0.0204 0.7557 0.6489
4203.0000 -877.2081 2903.2116 -316.2697 -0.0862 0.0192 0.7567 0.6478
4204.0000 -877.5116 2905.1925 -316.5808 -0.0870 0.0188 0.7577 0.6465
4205.0000 -877.8398 2907.1536 -316.8882 -0.0873 0.0196 0.7588 0.6451
4206.0000 -878.1642 2909.1155 -317.1846 -0.0871 0.0203 0.7597 0.6441
4207.0000 -878.5024 2911.1058 -317.4884 -0.0860 0.0203 0.7608 0.6429
4208.0000 -878.8125 2913.0678 -317.7831 -0.0852 0.0194 0.7620 0.6417
4209.0000 -879.1470 2914.9923 -318.0851 -0.0851 0.0194 0.7630 0.6405
4210.0000 -879.4779 2916.9354 -318.3771 -0.0851 0.0205 0.7638 0.6395
4211.0000 -879.8315 2918.9027 -318.6705 -0.0843 0.0218 0.7648 0.6383
4212.0000 -880.1956 2920.8720 -318.9686 -0.0842 0.0219 0.7658 0.6371
4213.0000 -880.5401 2922.8017 -319.2749 -0.0852 0.0214 0.7668 0.6359
4214.0000 -880.9054 2924.7402 -319.5789 -0.0852 0.0214 0.7676 0.6348
4215.0000 -881.2821 2926.6893 -319.8869 -0.0846 0.0222 0.7686 0.6337
4216.0000 -881.6611 2928.6142 -320.1735 -0.0839 0.0228 0.7696 0.6326
4217.0000 -882.0653 2930.5513 -320.4827 -0.0837 0.0232 0.7703 0.6317
4218.0000 -882.4525 2932.5003 -320.8008 -0.0834 0.0235 0.7708 0.6311
4219.0000 -882.8134 2934.4300 -321.0920 -0.0831 0.0239 0.7711 0.6308
4220.0000 -883.1929 2936.3576 -321.3886 -0.0823 0.0250 0.7714 0.6306
4221.0000 -883.5901 2938.2830 -321.6839 -0.0819 0.0255 0.7718 0.6301
4222.0000 -883.9948 2940.2031 -321.9799 -0.0824 0.0248 0.7723 0.6294
4223.0000 -884.3925 2942.1356 -322.2860 -0.0836 0.0237 0.7727 0.6288
4224.0000 -884.7924 2944.1011 -322.6086 -0.0849 0.0236 0.7730 0.6283
4225.0000 -885.1766 2945.9816 -322.9198 -0.0847 0.0247 0.7732 0.6279
4226.0000 -885.5765 2947.8797 -323.2042 -0.0830 0.0249 0.7737 0.6276
4227.0000 -885.9726 2949.7931 -323.4899 -0.0819 0.0246 0.7742 0.6271
4228.0000 -886.3831 2951.7246 -323.7853 -0.0822 0.0246 0.7745 0.6267
4229.0000 -886.8031 2953.6463 -324.1012 -0.0825 0.0251 0.7748 0.6263
4230.0000 -887.2072 2955.5517 -324.4161 -0.0830 0.0259 0.7752 0.6258
4231.0000 -887.6042 2957.4472 -324.7124 -0.0830 0.0261 0.7757 0.6251
4232.0000 -888.0223 2959.3522 -325.0046 -0.0825 0.0254 0.7762 0.6245
4233.0000 -888.4457 2961.2590 -325.3019 -0.0818 0.0250 0.7767 0.6240
4234.0000 -888.8745 2963.2131 -325.6146 -0.0816 0.0252 0.7772 0.6235
4235.0000 -889.2940 2965.1000 -325.9095 -0.0817 0.0257 0.7775 0.6230
4236.0000 -889.7144 2966.9992 -326.2193 -0.0818 0.0260 0.7781 0.6222
4237.0000 -890.1346 2968.8780 -326.5106 -0.0818 0.0257 0.7788 0.6214
4238.0000 -890.5860 2970.7851 -326.8104 -0.0819 0.0245 0.7792 0.6209
4239.0000 -891.0318 2972.6909 -327.1109 -0.0829 0.0233 0.7795 0.6204
4240.0000 -891.4762 2974.5917 -327.4148 -0.0842 0.0234 0.7798 0.6199
4241.0000 -891.9138 2976.4910 -327.7111 -0.0843 0.0246 0.7803 0.6193
4242.0000 -892.3511 2978.3771 -328.0029 -0.0834 0.0251 0.7806 0.6189
4243.0000 -892.7838 2980.2530 -328.2962 -0.0827 0.0245 0.7808 0.6187
4244.0000 -893.2225 2982.1349 -328.6049 -0.0825 0.0243 0.7811 0.6185
4245.0000 -893.6809 2984.0306 -328.9063 -0.0823 0.0243 0.7815 0.6180
4246.0000 -894.1248 2985.8931 -329.1897 -0.0821 0.0248 0.7820 0.6173
4247.0000 -894.5613 2987.7504 -329.4769 -0.0822 0.0251 0.7824 0.6168
4248.0000 -895.0023 2989.6186 -329.7708 -0.0824 0.0252 0.7826 0.6165
4249.0000 -895.4579 2991.5184 -330.0742 -0.0824 0.0254 0.7830 0.6161
4250.0000 -895.9135 2993.4031 -330.3710 -0.0824 0.0255 0.7833 0.6156
4251.0000 -896.3794 2995.2897 -330.6758 -0.0825 0.0257 0.7838 0.6150
4252.0000 -896.8309 2997.1485 -330.9730 -0.0821 0.0262 0.7843 0.6144
4253.0000 -897.2837 2999.0018 -331.2493 -0.0820 0.0259 0.7848 0.6137
4254.0000 -897.7501 3000.8648 -331.5487 -0.0822 0.0251 0.7853 0.6131
4255.0000 -898.2243 3002.7241 -331.8652 -0.0824 0.0249 0.7859 0.6124
4256.0000 -898.6923 3004.6020 -332.1686 -0.0824 0.0254 0.7865 0.6116
4257.0000 -899.1505 3006.4468 -332.4482 -0.0820 0.0257 0.7870 0.6109
4258.0000 -899.6258 3008.2958 -332.7400 -0.0818 0.0255 0.7876 0.6102
4259.0000 -900.1205 3010.1695 -333.0421 -0.0820 0.0247 0.7880 0.6096
4260.0000 -900.6215 3012.0192 -333.3559 -0.0824 0.0243 0.7886 0.6089
4261.0000 -901.1099 3013.8639 -333.6506 -0.0829 0.0248 0.7891 0.6081
4262.0000 -901.5860 3015.6994 -333.9391 -0.0830 0.0257 0.7896 0.6075
4263.0000 -902.0658 3017.5307 -334.2238 -0.0829 0.0263 0.7901 0.6068
4264.0000 -902.5668 3019.3842 -334.5195 -0.0831 0.0268 0.7905 0.6063
4265.0000 -903.0595 3021.2317 -334.8243 -0.0830 0.0270 0.7910 0.6055
4266.0000 -903.5547 3023.0670 -335.1329 -0.0826 0.0270 0.7915 0.6049
4267.0000 -904.0424 3024.8685 -335.4178 -0.0820 0.0270 0.7920 0.6043
4268.0000 -904.5332 3026.6431 -335.7040 -0.0817 0.0276 0.7926 0.6036
4269.0000 -905.0356 3028.4383 -335.9993 -0.0816 0.0286 0.7931 0.6029
4270.0000 -905.5345 3030.2613 -336.2900 -0.0817 0.0292 0.7936 0.6022
4271.0000 -906.0422 3032.0963 -336.5872 -0.0816 0.0290 0.7940 0.6017
4272.0000 -906.5676 3033.8926 -336.8936 -0.0811 0.0284 0.7944 0.6012
4273.0000 -907.0842 3035.6637 -337.1955 -0.0801 0.0288 0.7950 0.6006
4274.0000 -907.5730 3037.4485 -337.4843 -0.0790 0.0301 0.7956 0.5999
4275.0000 -908.0656 3039.2587 -337.7680 -0.0788 0.0315 0.7961 0.5991
4276.0000 -908.5838 3041.0764 -338.0567 -0.0789 0.0320 0.7966 0.5985
4277.0000 -909.1212 3042.8682 -338.3660 -0.0789 0.0320 0.7969 0.5980
4278.0000 -909.6487 3044.6534 -338.6664 -0.0789 0.0318 0.7974 0.5975
4279.0000 -910.1551 3046.3946 -338.9546 -0.0788 0.0321 0.7978 0.5969
4280.0000 -910.6902 3048.1762 -339.2383 -0.0786 0.0326 0.7983 0.5963
4281.0000 -911.2241 3049.9748 -339.5306 -0.0777 0.0330 0.7989 0.5955
4282.0000 -911.7601 3051.7315 -339.8184 -0.0762 0.0328 0.7995 0.5949
4283.0000 -912.2862 3053.4973 -340.0920 -0.0745 0.0321 0.8001 0.5943
4284.0000 -912.8131 3055.2785 -340.3813 -0.0742 0.0320 0.8007 0.5935
4285.0000 -913.3467 3057.0385 -340.6755 -0.0757 0.0337 0.8010 0.5928
4286.0000 -913.8982 3058.7920 -340.9700 -0.0775 0.0361 0.8013 0.5921
4287.0000 -914.4485 3060.5378 -341.2489 -0.0774 0.0369 0.8016 0.5917
4288.0000 -914.9905 3062.2910 -341.5361 -0.0757 0.0351 0.8021 0.5913
4289.0000 -915.5459 3064.0445 -341.8286 -0.0752 0.0331 0.8028 0.5906
4290.0000 -916.0955 3065.7882 -342.1304 -0.0754 0.0329 0.8032 0.5900
4291.0000 -916.6464 3067.5357 -342.4136 -0.0751 0.0338 0.8036 0.5894
4292.0000 -917.2057 3069.3055 -342.6806 -0.0748 0.0348 0.8040 0.5888
4293.0000 -917.7583 3071.0418 -342.9570 -0.0751 0.0355 0.8044 0.5882
4294.0000 -918.3192 3072.7784 -343.2470 -0.0752 0.0354 0.8050 0.5875
4295.0000 -918.8863 3074.5064 -343.5362 -0.0754 0.0350 0.8055 0.5868
4296.0000 -919.4502 3076.2501 -343.8291 -0.0759 0.0345 0.8059 0.5861
4297.0000 -920.0088 3077.9838 -344.1083 -0.0762 0.0343 0.8062 0.5857
4298.0000 -920.5633 3079.7259 -344.3985 -0.0763 0.0346 0.8065 0.5853
4299.0000 -921.1408 3081.4341 -344.6889 -0.0764 0.0351 0.8066 0.5851
4300.0000 -921.7100 3083.1474 -344.9675 -0.0766 0.0352 0.8070 0.5845
4301.0000 -922.2759 3084.8731 -345.2562 -0.0763 0.0352 0.8074 0.5840
4302.0000 -922.8439 3086.5866 -345.5463 -0.0758 0.0349 0.8078 0.5835
4303.0000 -923.4270 3088.3182 -345.8346 -0.0755 0.0349 0.8082 0.5830
4304.0000 -923.9981 3090.0378 -346.1286 -0.0753 0.0354 0.8085 0.5825
4305.0000 -924.5725 3091.7366 -346.4140 -0.0751 0.0358 0.8089 0.5820
4306.0000 -925.1575 3093.4539 -346.6893 -0.0746 0.0360 0.8093 0.5816
4307.0000 -925.7325 3095.1707 -346.9620 -0.0738 0.0365 0.8096 0.5812
4308.0000 -926.2999 3096.8554 -347.2485 -0.0742 0.0371 0.8099 0.5807
4309.0000 -926.8694 3098.5589 -347.5415 -0.0748 0.0371 0.8104 0.5799
4310.0000 -927.4712 3100.2617 -347.8222 -0.0747 0.0363 0.8108 0.5794
4311.0000 -928.0669 3101.9617 -348.1019 -0.0748 0.0355 0.8111 0.5790
4312.0000 -928.6501 3103.6454 -348.3790 -0.0748 0.0357 0.8115 0.5784
4313.0000 -929.2348 3105.3459 -348.6596 -0.0748 0.0364 0.8122 0.5774
4314.0000 -929.8268 3107.0349 -348.9462 -0.0749 0.0369 0.8129 0.5764
4315.0000 -930.4292 3108.7179 -349.2389 -0.0745 0.0377 0.8134 0.5756
4316.0000 -931.0343 3110.3898 -349.5131 -0.0738 0.0384 0.8140 0.5748
4317.0000 -931.6309 3112.0593 -349.7790 -0.0735 0.0384 0.8147 0.5740
4318.0000 -932.2292 3113.7513 -350.0723 -0.0738 0.0383 0.8155 0.5728
4319.0000 -932.8477 3115.4209 -350.3693 -0.0738 0.0383 0.8161 0.5719
4320.0000 -933.4695 3117.0970 -350.6536 -0.0734 0.0390 0.8168 0.5710
4321.0000 -934.0813 3118.7662 -350.9217 -0.0727 0.0399 0.8176 0.5698
4322.0000 -934.6927 3120.4155 -351.1934 -0.0723 0.0401 0.8185 0.5685
4323.0000 -935.3130 3122.0717 -351.4758 -0.0729 0.0392 0.8196 0.5670
4324.0000 -935.9464 3123.7423 -351.7779 -0.0737 0.0385 0.8205 0.5656
4325.0000 -936.5893 3125.3974 -352.0706 -0.0736 0.0388 0.8215 0.5641
4326.0000 -937.2435 3127.0470 -352.3339 -0.0726 0.0395 0.8225 0.5628
4327.0000 -937.8919 3128.6872 -352.5988 -0.0713 0.0403 0.8235 0.5613
4328.0000 -938.5326 3130.3240 -352.8777 -0.0711 0.0408 0.8247 0.5596
4329.0000 -939.1907 3131.9452 -353.1669 -0.0713 0.0408 0.8257 0.5581
4330.0000 -939.8517 3133.5645 -353.4501 -0.0719 0.0403 0.8267 0.5566
4331.0000 -940.5250 3135.1981 -353.7317 -0.0721 0.0407 0.8276 0.5551
4332.0000 -941.2033 3136.8390 -354.0016 -0.0723 0.0415 0.8285 0.5537
4333.0000 -941.8928 3138.4697 -354.2776 -0.0723 0.0417 0.8295 0.5522
4334.0000 -942.5825 3140.0750 -354.5663 -0.0720 0.0417 0.8306 0.5506
4335.0000 -943.2651 3141.6963 -354.8579 -0.0719 0.0410 0.8319 0.5487
4336.0000 -943.9777 3143.3087 -355.1394 -0.0723 0.0404 0.8330 0.5471
4337.0000 -944.6865 3144.9018 -355.4162 -0.0732 0.0398 0.8340 0.5454
4338.0000 -945.3897 3146.4876 -355.6858 -0.0732 0.0392 0.8350 0.5439
4339.0000 -946.1034 3148.0951 -355.9640 -0.0721 0.0390 0.8361 0.5425
4340.0000 -946.8326 3149.7242 -356.2428 -0.0715 0.0393 0.8372 0.5407
4341.0000 -947.5641 3151.3052 -356.5154 -0.0714 0.0398 0.8382 0.5392
4342.0000 -948.2969 3152.8782 -356.7963 -0.0717 0.0403 0.8390 0.5378
4343.0000 -949.0322 3154.4607 -357.0574 -0.0718 0.0406 0.8399 0.5364
4344.0000 -949.7776 3156.0439 -357.3450 -0.0728 0.0408 0.8409 0.5348
4345.0000 -950.5374 3157.6295 -357.6293 -0.0737 0.0396 0.8417 0.5334
4346.0000 -951.2849 3159.1888 -357.9116 -0.0731 0.0373 0.8425 0.5324
4347.0000 -952.0391 3160.7546 -358.2035 -0.0729 0.0363 0.8433 0.5312
4348.0000 -952.8096 3162.3359 -358.4791 -0.0734 0.0372 0.8441 0.5299
4349.0000 -953.5815 3163.9074 -358.7392 -0.0738 0.0383 0.8448 0.5286
4350.0000 -954.3526 3165.4790 -359.0052 -0.0736 0.0386 0.8455 0.5275
4351.0000 -955.1180 3167.0363 -359.2928 -0.0733 0.0382 0.8461 0.5266
4352.0000 -955.8994 3168.6056 -359.5833 -0.0734 0.0375 0.8464 0.5261
4353.0000 -956.6955 3170.1653 -359.8653 -0.0734 0.0369 0.8469 0.5254
4354.0000 -957.4785 3171.7306 -360.1291 -0.0737 0.0357 0.8472 0.5249
4355.0000 -958.2568 3173.2989 -360.4026 -0.0746 0.0344 0.8475 0.5244
4356.0000 -959.0456 3174.8391 -360.6838 -0.0758 0.0336 0.8478 0.5238
4357.0000 -959.8481 3176.4021 -360.9709 -0.0761 0.0332 0.8481 0.5233
4358.0000 -960.6418 3177.9561 -361.2397 -0.0757 0.0337 0.8484 0.5228
4359.0000 -961.4278 3179.5210 -361.5185 -0.0758 0.0350 0.8486 0.5223
4360.0000 -962.2253 3181.0804 -361.7913 -0.0759 0.0357 0.8489 0.5218
4361.0000 -963.0199 3182.6329 -362.0735 -0.0756 0.0356 0.8493 0.5212
4362.0000 -963.8140 3184.1735 -362.3497 -0.0752 0.0348 0.8496 0.5208
4363.0000 -964.6153 3185.7320 -362.6316 -0.0752 0.0343 0.8498 0.5205
4364.0000 -965.4145 3187.2870 -362.9143 -0.0755 0.0342 0.8500 0.5201
4365.0000 -966.2123 3188.8185 -363.1940 -0.0756 0.0343 0.8501 0.5200
4366.0000 -967.0305 3190.3730 -363.4692 -0.0757 0.0347 0.8502 0.5198
4367.0000 -967.8238 3191.9424 -363.7428 -0.0754 0.0348 0.8502 0.5198
4368.0000 -968.6145 3193.4885 -364.0170 -0.0753 0.0346 0.8503 0.5198
4369.0000 -969.4127 3195.0289 -364.2938 -0.0755 0.0343 0.8503 0.5197
4370.0000 -970.2076 3196.5712 -364.5766 -0.0758 0.0343 0.8503 0.5196
4371.0000 -971.0088 3198.1265 -364.8564 -0.0762 0.0348 0.8502 0.5198
4372.0000 -971.8147 3199.6621 -365.1325 -0.0763 0.0350 0.8498 0.5203
4373.0000 -972.6211 3201.2009 -365.4071 -0.0758 0.0350 0.8496 0.5207
4374.0000 -973.4141 3202.7489 -365.6896 -0.0757 0.0349 0.8495 0.5210
4375.0000 -974.1941 3204.2854 -365.9687 -0.0760 0.0353 0.8494 0.5211
4376.0000 -974.9954 3205.8362 -366.2403 -0.0758 0.0358 0.8491 0.5215
4377.0000 -975.7892 3207.3881 -366.5083 -0.0753 0.0354 0.8488 0.5221
4378.0000 -976.5742 3208.9345 -366.7961 -0.0752 0.0346 0.8486 0.5225
4379.0000 -977.3399 3210.4517 -367.0787 -0.0754 0.0344 0.8486 0.5226
4380.0000 -978.1212 3211.9844 -367.3522 -0.0758 0.0349 0.8485 0.5226
4381.0000 -978.9180 3213.5218 -367.6097 -0.0758 0.0355 0.8482 0.5231
4382.0000 -979.6996 3215.0652 -367.8695 -0.0754 0.0349 0.8481 0.5233
4383.0000 -980.4735 3216.5943 -368.1578 -0.0759 0.0337 0.8480 0.5234
4384.0000 -981.2511 3218.1232 -368.4517 -0.0761 0.0329 0.8481 0.5234
4385.0000 -982.0365 3219.6694 -368.7324 -0.0756 0.0328 0.8482 0.5233
4386.0000 -982.8014 3221.1904 -368.9839 -0.0753 0.0331 0.8484 0.5230
4387.0000 -983.5783 3222.7278 -369.2441 -0.0757 0.0342 0.8484 0.5228
4388.0000 -984.3602 3224.2639 -369.5128 -0.0764 0.0354 0.8485 0.5224
4389.0000 -985.1413 3225.7873 -369.7944 -0.0762 0.0357 0.8487 0.5221
4390.0000 -985.9161 3227.2850 -370.0620 -0.0755 0.0351 0.8492 0.5215
4391.0000 -986.6880 3228.8061 -370.3364 -0.0752 0.0342 0.8496 0.5209
4392.0000 -987.4658 3230.3335 -370.6119 -0.0752 0.0338 0.8500 0.5203
4393.0000 -988.2459 3231.8442 -370.8855 -0.0752 0.0342 0.8503 0.5198
4394.0000 -989.0298 3233.3644 -371.1477 -0.0749 0.0345 0.8506 0.5193
4395.0000 -989.8168 3234.8462 -371.3991 -0.0752 0.0346 0.8509 0.5187
4396.0000 -990.5989 3236.3584 -371.6741 -0.0754 0.0351 0.8513 0.5181
4397.0000 -991.3881 3237.8687 -371.9579 -0.0753 0.0355 0.8516 0.5176
4398.0000 -992.1788 3239.3800 -372.2277 -0.0749 0.0357 0.8518 0.5172
4399.0000 -992.9707 3240.8825 -372.4874 -0.0747 0.0358 0.8521 0.5169
4400.0000 -993.7499 3242.3708 -372.7498 -0.0748 0.0361 0.8523 0.5164
4401.0000 -994.5324 3243.8558 -373.0307 -0.0751 0.0361 0.8526 0.5159
4402.0000 -995.3195 3245.3434 -373.3016 -0.0745 0.0361 0.8530 0.5154
4403.0000 -996.1099 3246.8383 -373.5606 -0.0737 0.0358 0.8533 0.5150
4404.0000 -996.9048 3248.3337 -373.8233 -0.0735 0.0358 0.8535 0.5147
4405.0000 -997.6963 3249.8274 -374.0942 -0.0740 0.0360 0.8537 0.5143
4406.0000 -998.4955 3251.3102 -374.3661 -0.0740 0.0361 0.8538 0.5140
4407.0000 -999.2859 3252.7773 -374.6203 -0.0736 0.0360 0.8540 0.5138
4408.0000 -1000.0732 3254.2568 -374.8733 -0.0736 0.0358 0.8541 0.5137
4409.0000 -1000.8613 3255.7288 -375.1459 -0.0746 0.0357 0.8543 0.5132
4410.0000 -1001.6582 3257.2119 -375.4233 -0.0747 0.0357 0.8544 0.5129
4411.0000 -1002.4454 3258.6876 -375.6746 -0.0741 0.0352 0.8546 0.5127
4412.0000 -1003.2468 3260.1521 -375.9324 -0.0734 0.0355 0.8548 0.5125
4413.0000 -1004.0427 3261.6084 -376.1966 -0.0737 0.0362 0.8550 0.5121
4414.0000 -1004.8355 3263.0921 -376.4711 -0.0741 0.0371 0.8552 0.5116
4415.0000 -1005.6242 3264.5703 -376.7286 -0.0737 0.0377 0.8554 0.5113
4416.0000 -1006.4208 3266.0256 -376.9840 -0.0730 0.0375 0.8557 0.5110
4417.0000 -1007.2240 3267.4745 -377.2450 -0.0728 0.0373 0.8561 0.5103
4418.0000 -1008.0146 3268.9153 -377.5166 -0.0731 0.0372 0.8564 0.5097
4419.0000 -1008.8028 3270.3767 -377.7784 -0.0737 0.0366 0.8569 0.5089
4420.0000 -1009.6089 3271.8289 -378.0503 -0.0743 0.0364 0.8573 0.5081
4421.0000 -1010.4182 3273.2718 -378.3125 -0.0749 0.0364 0.8576 0.5076
4422.0000 -1011.2195 3274.7223 -378.5755 -0.0757 0.0363 0.8579 0.5069
4423.0000 -1012.0327 3276.1657 -378.8430 -0.0754 0.0364 0.8583 0.5063
4424.0000 -1012.8426 3277.6150 -379.1032 -0.0744 0.0364 0.8587 0.5057
4425.0000 -1013.6383 3279.0482 -379.3636 -0.0736 0.0363 0.8592 0.5051
4426.0000 -1014.4354 3280.4843 -379.6289 -0.0737 0.0369 0.8597 0.5042
4427.0000 -1015.2599 3281.9238 -379.8935 -0.0738 0.0379 0.8600 0.5035
4428.0000 -1016.0796 3283.3496 -380.1437 -0.0731 0.0385 0.8603 0.5030
4429.0000 -1016.8988 3284.7849 -380.4021 -0.0725 0.0386 0.8606 0.5026
4430.0000 -1017.6961 3286.2134 -380.6627 -0.0726 0.0386 0.8611 0.5018
4431.0000 -1018.5066 3287.6193 -380.9330 -0.0729 0.0388 0.8615 0.5010
4432.0000 -1019.3249 3289.0253 -381.1913 -0.0728 0.0393 0.8619 0.5002
4433.0000 -1020.1395 3290.4470 -381.4467 -0.0725 0.0397 0.8623 0.4996
4434.0000 -1020.9463 3291.8693 -381.7024 -0.0724 0.0401 0.8625 0.4992
4435.0000 -1021.7702 3293.2796 -381.9578 -0.0726 0.0405 0.8628 0.4987
4436.0000 -1022.5891 3294.6767 -382.2221 -0.0729 0.0408 0.8631 0.4980
4437.0000 -1023.4239 3296.0907 -382.4982 -0.0723 0.0409 0.8635 0.4975
4438.0000 -1024.2491 3297.4976 -382.7486 -0.0713 0.0409 0.8637 0.4972
4439.0000 -1025.0656 3298.9078 -383.0035 -0.0709 0.0412 0.8640 0.4968
4440.0000 -1025.8933 3300.3097 -383.2608 -0.0721 0.0415 0.8642 0.4962
4441.0000 -1026.7079 3301.6880 -383.5267 -0.0731 0.0422 0.8644 0.4956
4442.0000 -1027.5452 3303.0864 -383.7949 -0.0727 0.0425 0.8647 0.4952
4443.0000 -1028.3784 3304.4742 -384.0500 -0.0713 0.0415 0.8650 0.4949
4444.0000 -1029.1909 3305.8442 -384.3009 -0.0710 0.0406 0.8653 0.4945
4445.0000 -1029.9991 3307.2379 -384.5730 -0.0712 0.0412 0.8656 0.4940
4446.0000 -1030.8229 3308.6368 -384.8312 -0.0708 0.0427 0.8658 0.4934
4447.0000 -1031.6543 3310.0142 -385.0650 -0.0705 0.0434 0.8661 0.4930
4448.0000 -1032.4859 3311.3955 -385.3171 -0.0706 0.0436 0.8663 0.4926
4449.0000 -1033.3281 3312.7759 -385.5896 -0.0706 0.0437 0.8665 0.4922
4450.0000 -1034.1730 3314.1551 -385.8525 -0.0699 0.0440 0.8667 0.4919
4451.0000 -1034.9844 3315.5004 -386.1043 -0.0694 0.0441 0.8669 0.4916
4452.0000 -1035.7969 3316.8675 -386.3503 -0.0694 0.0444 0.8673 0.4910
4453.0000 -1036.6381 3318.2667 -386.6048 -0.0700 0.0446 0.8676 0.4904
4454.0000 -1037.4709 3319.6319 -386.8591 -0.0702 0.0447 0.8678 0.4899
4455.0000 -1038.3119 3321.0122 -387.1117 -0.0702 0.0445 0.8680 0.4895
4456.0000 -1039.1705 3322.3865 -387.3786 -0.0699 0.0445 0.8683 0.4890
4457.0000 -1040.0021 3323.7389 -387.6364 -0.0695 0.0448 0.8687 0.4883
4458.0000 -1040.8328 3325.1024 -387.8958 -0.0694 0.0450 0.8692 0.4876
4459.0000 -1041.6841 3326.4653 -388.1499 -0.0696 0.0455 0.8695 0.4868
4460.0000 -1042.5330 3327.8194 -388.3868 -0.0694 0.0463 0.8699 0.4862
4461.0000 -1043.3609 3329.1603 -388.6385 -0.0691 0.0468 0.8702 0.4855
4462.0000 -1044.2009 3330.5034 -388.8962 -0.0688 0.0471 0.8706 0.4849
4463.0000 -1045.0461 3331.8567 -389.1501 -0.0684 0.0473 0.8710 0.4842
4464.0000 -1045.9057 3333.2039 -389.4019 -0.0681 0.0476 0.8713 0.4836
4465.0000 -1046.7500 3334.5383 -389.6651 -0.0682 0.0479 0.8716 0.4831
4466.0000 -1047.5921 3335.8956 -389.9217 -0.0684 0.0480 0.8719 0.4826
4467.0000 -1048.4597 3337.2428 -390.1682 -0.0681 0.0483 0.8722 0.4820
4468.0000 -1049.3102 3338.5774 -390.4137 -0.0676 0.0485 0.8725 0.4814
4469.0000 -1050.1418 3339.9129 -390.6772 -0.0672 0.0488 0.8729 0.4808
4470.0000 -1050.9980 3341.2298 -390.9292 -0.0674 0.0491 0.8732 0.4802
4471.0000 -1051.8677 3342.5529 -391.1767 -0.0679 0.0496 0.8735 0.4796
4472.0000 -1052.7241 3343.8797 -391.4257 -0.0681 0.0501 0.8738 0.4788
4473.0000 -1053.5676 3345.1942 -391.6759 -0.0679 0.0500 0.8742 0.4782
4474.0000 -1054.4196 3346.5024 -391.9342 -0.0677 0.0496 0.8745 0.4776
4475.0000 -1055.2988 3347.8369 -392.1943 -0.0675 0.0495 0.8748 0.4772
4476.0000 -1056.1583 3349.1625 -392.4505 -0.0672 0.0500 0.8749 0.4769
4477.0000 -1057.0185 3350.4901 -392.6967 -0.0668 0.0503 0.8753 0.4764
4478.0000 -1057.8734 3351.7932 -392.9379 -0.0668 0.0503 0.8756 0.4758
4479.0000 -1058.7263 3353.0871 -393.1900 -0.0669 0.0508 0.8759 0.4751
4480.0000 -1059.5906 3354.3982 -393.4433 -0.0669 0.0512 0.8761 0.4747
4481.0000 -1060.4622 3355.7216 -393.6980 -0.0667 0.0514 0.8763 0.4744
4482.0000 -1061.3256 3357.0266 -393.9406 -0.0664 0.0513 0.8765 0.4740
4483.0000 -1062.1904 3358.3281 -394.1921 -0.0663 0.0515 0.8768 0.4735
4484.0000 -1063.0494 3359.6316 -394.4419 -0.0667 0.0518 0.8770 0.4729
4485.0000 -1063.9235 3360.9306 -394.6948 -0.0666 0.0522 0.8773 0.4725
4486.0000 -1064.7988 3362.2245 -394.9416 -0.0663 0.0524 0.8775 0.4720
4487.0000 -1065.6541 3363.5234 -395.1953 -0.0663 0.0522 0.8778 0.4716
4488.0000 -1066.5026 3364.8140 -395.4516 -0.0661 0.0524 0.8779 0.4714
4489.0000 -1067.3683 3366.0980 -395.6932 -0.0662 0.0529 0.8781 0.4709
4490.0000 -1068.2303 3367.3729 -395.9322 -0.0664 0.0538 0.8783 0.4703
4491.0000 -1069.1080 3368.6547 -396.1865 -0.0661 0.0545 0.8785 0.4699
4492.0000 -1069.9716 3369.9448 -396.4370 -0.0660 0.0541 0.8787 0.4696
4493.0000 -1070.8433 3371.2360 -396.6994 -0.0660 0.0536 0.8789 0.4693
4494.0000 -1071.7093 3372.5171 -396.9450 -0.0660 0.0533 0.8791 0.4689
4495.0000 -1072.5835 3373.7881 -397.1906 -0.0658 0.0535 0.8794 0.4684
4496.0000 -1073.4536 3375.0597 -397.4393 -0.0662 0.0535 0.8796 0.4680
4497.0000 -1074.3264 3376.3289 -397.6952 -0.0666 0.0538 0.8798 0.4675
4498.0000 -1075.1948 3377.6098 -397.9400 -0.0666 0.0540 0.8799 0.4673
4499.0000 -1076.0622 3378.8784 -398.1932 -0.0661 0.0543 0.8801 0.4671
4500.0000 -1076.9578 3380.1776 -398.4478 -0.0658 0.0542 0.8803 0.4668
4501.0000 -1077.8327 3381.4532 -398.6922 -0.0656 0.0543 0.8805 0.4663
4502.0000 -1078.6894 3382.7090 -398.9384 -0.0657 0.0544 0.8807 0.4659
4503.0000 -1079.5482 3383.9634 -399.1803 -0.0657 0.0542 0.8809 0.4657
4504.0000 -1080.4369 3385.2450 -399.4332 -0.0654 0.0540 0.8810 0.4654
4505.0000 -1081.3299 3386.5106 -399.6800 -0.0653 0.0538 0.8812 0.4651
4506.0000 -1082.2008 3387.7675 -399.9260 -0.0652 0.0537 0.8814 0.4648
4507.0000 -1083.0642 3389.0282 -400.1733 -0.0655 0.0535 0.8817 0.4642
4508.0000 -1083.9402 3390.2998 -400.4218 -0.0655 0.0537 0.8820 0.4636
4509.0000 -1084.8306 3391.5556 -400.6596 -0.0655 0.0539 0.8822 0.4631
4510.0000 -1085.7184 3392.8146 -400.9063 -0.0654 0.0537 0.8824 0.4627
4511.0000 -1086.5851 3394.0405 -401.1497 -0.0652 0.0538 0.8826 0.4624
4512.0000 -1087.4500 3395.2881 -401.3895 -0.0652 0.0540 0.8829 0.4619
4513.0000 -1088.3291 3396.5529 -401.6382 -0.0654 0.0545 0.8832 0.4612
4514.0000 -1089.2111 3397.7977 -401.8775 -0.0654 0.0547 0.8835 0.4606
4515.0000 -1090.0946 3399.0572 -402.1274 -0.0648 0.0548 0.8836 0.4605
4516.0000 -1090.9799 3400.3049 -402.3727 -0.0645 0.0549 0.8837 0.4603
4517.0000 -1091.8744 3401.5348 -402.6154 -0.0648 0.0552 0.8840 0.4597
4518.0000 -1092.7563 3402.7811 -402.8532 -0.0652 0.0558 0.8843 0.4589
4519.0000 -1093.6513 3404.0492 -403.0987 -0.0648 0.0557 0.8846 0.4584
4520.0000 -1094.5428 3405.2757 -403.3465 -0.0640 0.0547 0.8848 0.4582
4521.0000 -1095.4264 3406.5054 -403.5968 -0.0635 0.0540 0.8850 0.4581
4522.0000 -1096.3088 3407.7339 -403.8368 -0.0632 0.0542 0.8853 0.4576
4523.0000 -1097.1954 3408.9664 -404.0665 -0.0629 0.0552 0.8856 0.4569
4524.0000 -1098.0798 3410.1983 -404.2922 -0.0630 0.0557 0.8859 0.4562
4525.0000 -1098.9586 3411.4339 -404.5345 -0.0629 0.0555 0.8861 0.4559
4526.0000 -1099.8656 3412.6589 -404.7721 -0.0615 0.0547 0.8863 0.4558
4527.0000 -1100.7555 3413.8604 -404.9992 -0.0609 0.0543 0.8865 0.4555
4528.0000 -1101.6234 3415.0628 -405.2299 -0.0612 0.0554 0.8866 0.4550
4529.0000 -1102.5128 3416.3040 -405.4597 -0.0610 0.0574 0.8868 0.4545
4530.0000 -1103.3952 3417.5383 -405.6834 -0.0603 0.0579 0.8871 0.4540
4531.0000 -1104.2845 3418.7523 -405.9105 -0.0599 0.0571 0.8873 0.4537
4532.0000 -1105.1842 3419.9489 -406.1468 -0.0608 0.0562 0.8876 0.4531
4533.0000 -1106.1015 3421.1577 -406.3845 -0.0619 0.0561 0.8878 0.4525
4534.0000 -1106.9824 3422.3720 -406.6156 -0.0621 0.0566 0.8880 0.4522
4535.0000 -1107.8616 3423.5750 -406.8355 -0.0621 0.0564 0.8883 0.4515
4536.0000 -1108.7310 3424.7581 -407.0640 -0.0621 0.0553 0.8887 0.4510
4537.0000 -1109.6617 3425.9747 -407.3186 -0.0629 0.0546 0.8889 0.4504
4538.0000 -1110.5730 3427.1826 -407.5595 -0.0641 0.0553 0.8890 0.4500
4539.0000 -1111.4673 3428.4020 -407.7832 -0.0645 0.0559 0.8892 0.4495
4540.0000 -1112.3490 3429.5907 -408.0154 -0.0640 0.0558 0.8896 0.4487
4541.0000 -1113.2387 3430.7733 -408.2519 -0.0638 0.0548 0.8900 0.4482
4542.0000 -1114.1337 3431.9533 -408.4948 -0.0640 0.0543 0.8902 0.4478
4543.0000 -1115.0434 3433.1649 -408.7353 -0.0643 0.0544 0.8903 0.4474
4544.0000 -1115.9416 3434.3528 -408.9660 -0.0640 0.0552 0.8907 0.4467
4545.0000 -1116.8452 3435.5474 -409.1873 -0.0636 0.0554 0.8911 0.4459
4546.0000 -1117.7346 3436.7104 -409.4239 -0.0632 0.0556 0.8915 0.4450
4547.0000 -1118.6273 3437.8893 -409.6627 -0.0631 0.0557 0.8919 0.4444
4548.0000 -1119.5299 3439.0684 -409.8954 -0.0633 0.0560 0.8922 0.4437
4549.0000 -1120.4513 3440.2432 -410.1215 -0.0633 0.0565 0.8925 0.4430
4550.0000 -1121.3717 3441.4296 -410.3467 -0.0630 0.0567 0.8928 0.4424
4551.0000 -1122.2665 3442.6125 -410.5845 -0.0629 0.0563 0.8932 0.4418
4552.0000 -1123.1638 3443.7771 -410.8210 -0.0628 0.0561 0.8934 0.4412
4553.0000 -1124.0576 3444.9102 -411.0513 -0.0628 0.0566 0.8937 0.4406
4554.0000 -1124.9646 3446.0748 -411.2779 -0.0627 0.0570 0.8941 0.4398
4555.0000 -1125.8869 3447.2594 -411.5067 -0.0628 0.0568 0.8944 0.4393
4556.0000 -1126.8214 3448.4396 -411.7452 -0.0628 0.0565 0.8946 0.4389
4557.0000 -1127.7238 3449.5782 -411.9757 -0.0628 0.0560 0.8949 0.4383
4558.0000 -1128.6208 3450.7156 -412.2038 -0.0631 0.0562 0.8952 0.4376
4559.0000 -1129.5421 3451.8897 -412.4392 -0.0632 0.0573 0.8954 0.4371
4560.0000 -1130.4649 3453.0495 -412.6746 -0.0630 0.0575 0.8957 0.4365
4561.0000 -1131.3795 3454.1887 -412.9048 -0.0630 0.0570 0.8959 0.4361
4562.0000 -1132.3004 3455.3457 -413.1422 -0.0628 0.0565 0.8961 0.4357
4563.0000 -1133.2113 3456.5021 -413.3752 -0.0628 0.0564 0.8963 0.4353
4564.0000 -1134.1426 3457.6715 -413.6097 -0.0629 0.0566 0.8964 0.4350
4565.0000 -1135.0742 3458.8340 -413.8375 -0.0630 0.0568 0.8966 0.4346
4566.0000 -1136.0007 3459.9855 -414.0692 -0.0632 0.0569 0.8968 0.4342
4567.0000 -1136.9211 3461.1299 -414.3081 -0.0630 0.0571 0.8970 0.4338
4568.0000 -1137.8323 3462.2753 -414.5386 -0.0630 0.0567 0.8971 0.4335
4569.0000 -1138.7468 3463.4183 -414.7760 -0.0630 0.0567 0.8973 0.4332
4570.0000 -1139.6827 3464.5756 -415.0057 -0.0630 0.0567 0.8975 0.4328
4571.0000 -1140.6263 3465.7292 -415.2329 -0.0629 0.0568 0.8977 0.4324
4572.0000 -1141.5547 3466.8621 -415.4679 -0.0627 0.0571 0.8980 0.4318
4573.0000 -1142.4736 3467.9893 -415.7053 -0.0620 0.0576 0.8981 0.4316
4574.0000 -1143.3746 3469.1246 -415.9124 -0.0599 0.0578 0.8982 0.4316
4575.0000 -1144.3312 3470.3116 -416.1385 -0.0611 0.0574 0.8983 0.4312
4576.0000 -1145.2544 3471.4396 -416.3849 -0.0633 0.0593 0.8983 0.4307
4577.0000 -1146.2055 3472.5958 -416.6328 -0.0632 0.0615 0.8984 0.4303
4578.0000 -1147.1332 3473.7396 -416.8514 -0.0617 0.0598 0.8987 0.4301
4579.0000 -1148.0456 3474.8554 -417.0754 -0.0608 0.0567 0.8991 0.4298
4580.0000 -1148.9780 3475.9834 -417.3213 -0.0617 0.0560 0.8994 0.4292
4581.0000 -1149.9166 3477.1115 -417.5561 -0.0624 0.0584 0.8994 0.4287
4582.0000 -1150.8497 3478.2668 -417.7767 -0.0617 0.0604 0.8995 0.4284
4583.0000 -1151.7952 3479.4194 -417.9784 -0.0590 0.0589 0.8998 0.4283
4584.0000 -1152.7459 3480.5500 -418.2112 -0.0591 0.0567 0.9000 0.4280
4585.0000 -1153.6835 3481.6605 -418.4628 -0.0616 0.0571 0.9001 0.4274
4586.0000 -1154.6032 3482.7836 -418.6981 -0.0626 0.0593 0.9001 0.4271
4587.0000 -1155.5427 3483.9428 -418.9099 -0.0615 0.0601 0.9003 0.4268
4588.0000 -1156.5013 3485.0958 -419.1260 -0.0606 0.0594 0.9004 0.4267
4589.0000 -1157.4434 3486.1954 -419.3639 -0.0608 0.0587 0.9006 0.4264
4590.0000 -1158.3810 3487.3187 -419.6024 -0.0606 0.0590 0.9008 0.4260
4591.0000 -1159.3085 3488.4533 -419.8213 -0.0591 0.0586 0.9010 0.4257
4592.0000 -1160.2436 3489.5943 -420.0377 -0.0587 0.0586 0.9012 0.4254
4593.0000 -1161.2153 3490.7351 -420.2686 -0.0602 0.0591 0.9013 0.4249
4594.0000 -1162.1630 3491.8497 -420.4988 -0.0611 0.0602 0.9014 0.4244
4595.0000 -1163.1000 3492.9695 -420.7219 -0.0612 0.0599 0.9015 0.4241
4596.0000 -1164.0399 3494.0864 -420.9483 -0.0612 0.0585 0.9018 0.4237
4597.0000 -1164.9805 3495.1976 -421.1827 -0.0615 0.0574 0.9020 0.4234
4598.0000 -1165.9200 3496.3056 -421.4137 -0.0616 0.0576 0.9021 0.4232
4599.0000 -1166.8585 3497.4210 -421.6282 -0.0612 0.0583 0.9022 0.4230
4600.0000 -1167.8249 3498.5595 -421.8521 -0.0611 0.0583 0.9023 0.4227
4601.0000 -1168.7950 3499.6874 -422.0867 -0.0613 0.0580 0.9025 0.4223
4602.0000 -1169.7455 3500.8125 -422.3218 -0.0613 0.0579 0.9027 0.4219
4603.0000 -1170.6774 3501.9326 -422.5456 -0.0614 0.0579 0.9028 0.4217
4604.0000 -1171.6185 3503.0347 -422.7633 -0.0612 0.0587 0.9028 0.4216
4605.0000 -1172.5734 3504.1452 -422.9844 -0.0610 0.0593 0.9029 0.4214
4606.0000 -1173.5134 3505.2565 -423.2259 -0.0613 0.0596 0.9030 0.4210
4607.0000 -1174.4555 3506.3736 -423.4573 -0.0611 0.0597 0.9032 0.4206
4608.0000 -1175.4210 3507.4977 -423.6857 -0.0611 0.0596 0.9033 0.4204
4609.0000 -1176.3889 3508.6183 -423.9116 -0.0626 0.0591 0.9035 0.4200
4610.0000 -1177.3479 3509.7295 -424.1378 -0.0630 0.0590 0.9035 0.4197
4611.0000 -1178.2994 3510.8438 -424.3766 -0.0622 0.0587 0.9036 0.4197
4612.0000 -1179.2470 3511.9640 -424.6048 -0.0614 0.0587 0.9038 0.4195
4613.0000 -1180.2033 3513.0799 -424.8277 -0.0611 0.0587 0.9039 0.4192
4614.0000 -1181.1593 3514.1924 -425.0619 -0.0617 0.0590 0.9039 0.4191
4615.0000 -1182.0943 3515.2825 -425.2895 -0.0621 0.0594 0.9038 0.4192
4616.0000 -1183.0346 3516.3588 -425.5065 -0.0615 0.0596 0.9040 0.4189
4617.0000 -1184.0069 3517.4903 -425.7385 -0.0606 0.0599 0.9042 0.4186
4618.0000 -1184.9743 3518.6224 -425.9765 -0.0596 0.0605 0.9042 0.4186
4619.0000 -1185.9274 3519.7413 -426.1971 -0.0595 0.0604 0.9042 0.4186
4620.0000 -1186.8734 3520.8483 -426.4184 -0.0597 0.0606 0.9043 0.4184
4621.0000 -1187.8395 3521.9689 -426.6411 -0.0594 0.0605 0.9044 0.4182
4622.0000 -1188.8003 3523.0697 -426.8674 -0.0589 0.0609 0.9045 0.4179
4623.0000 -1189.7595 3524.1710 -427.0964 -0.0586 0.0614 0.9046 0.4177
4624.0000 -1190.7212 3525.2932 -427.3186 -0.0584 0.0620 0.9047 0.4175
4625.0000 -1191.6843 3526.4099 -427.5459 -0.0585 0.0623 0.9048 0.4172
4626.0000 -1192.6261 3527.4948 -427.7605 -0.0589 0.0623 0.9049 0.4169
4627.0000 -1193.5800 3528.5821 -427.9771 -0.0591 0.0621 0.9050 0.4166
4628.0000 -1194.5428 3529.6873 -428.2114 -0.0595 0.0619 0.9052 0.4162
4629.0000 -1195.5034 3530.7931 -428.4435 -0.0600 0.0616 0.9054 0.4159
4630.0000 -1196.4697 3531.8953 -428.6672 -0.0596 0.0615 0.9055 0.4156
4631.0000 -1197.4374 3532.9980 -428.8887 -0.0587 0.0615 0.9057 0.4153
4632.0000 -1198.4130 3534.1068 -429.1240 -0.0586 0.0621 0.9059 0.4148
4633.0000 -1199.3646 3535.1973 -429.3411 -0.0590 0.0623 0.9060 0.4145
4634.0000 -1200.3293 3536.2889 -429.5580 -0.0590 0.0623 0.9061 0.4143
4635.0000 -1201.2870 3537.3750 -429.7810 -0.0590 0.0621 0.9062 0.4141
4636.0000 -1202.2699 3538.4898 -430.0168 -0.0595 0.0617 0.9064 0.4137
4637.0000 -1203.2436 3539.5862 -430.2506 -0.0601 0.0614 0.9066 0.4132
4638.0000 -1204.1913 3540.6700 -430.4673 -0.0593 0.0608 0.9067 0.4131
4639.0000 -1205.1634 3541.7676 -430.6854 -0.0576 0.0603 0.9069 0.4129
4640.0000 -1206.1364 3542.8609 -430.9069 -0.0572 0.0609 0.9071 0.4125
4641.0000 -1207.1131 3543.9592 -431.1299 -0.0586 0.0619 0.9072 0.4119
4642.0000 -1208.0854 3545.0578 -431.3475 -0.0596 0.0626 0.9073 0.4116
4643.0000 -1209.0559 3546.1554 -431.5604 -0.0587 0.0623 0.9074 0.4114
4644.0000 -1210.0211 3547.2356 -431.7984 -0.0581 0.0620 0.9076 0.4112
4645.0000 -1211.0038 3548.3098 -432.0369 -0.0584 0.0624 0.9077 0.4109
4646.0000 -1211.9800 3549.4000 -432.2516 -0.0591 0.0626 0.9078 0.4104
4647.0000 -1212.9505 3550.5112 -432.4710 -0.0592 0.0621 0.9081 0.4099
4648.0000 -1213.9221 3551.6072 -432.6946 -0.0588 0.0614 0.9083 0.4097
4649.0000 -1214.9030 3552.6868 -432.9209 -0.0584 0.0605 0.9084 0.4096
4650.0000 -1215.8877 3553.7499 -433.1443 -0.0581 0.0601 0.9085 0.4095
4651.0000 -1216.8698 3554.8369 -433.3569 -0.0583 0.0603 0.9086 0.4092
4652.0000 -1217.8465 3555.9404 -433.5828 -0.0596 0.0609 0.9086 0.4089
4653.0000 -1218.8296 3557.0433 -433.7998 -0.0600 0.0611 0.9087 0.4087
4654.0000 -1219.8021 3558.1181 -434.0103 -0.0586 0.0602 0.9088 0.4087
4655.0000 -1220.7835 3559.2018 -434.2577 -0.0580 0.0598 0.9089 0.4086
4656.0000 -1221.7644 3560.2847 -434.4992 -0.0587 0.0608 0.9089 0.4083
4657.0000 -1222.7441 3561.3852 -434.7030 -0.0588 0.0618 0.9089 0.4082
4658.0000 -1223.7287 3562.4764 -434.9052 -0.0581 0.0622 0.9090 0.4080
4659.0000 -1224.7117 3563.5561 -435.1254 -0.0579 0.0626 0.9090 0.4079
4660.0000 -1225.7082 3564.6494 -435.3672 -0.0585 0.0627 0.9091 0.4076
4661.0000 -1226.7008 3565.7449 -435.6104 -0.0590 0.0627 0.9092 0.4074
4662.0000 -1227.6810 3566.8250 -435.8229 -0.0582 0.0625 0.9093 0.4074
4663.0000 -1228.6650 3567.9127 -436.0397 -0.0568 0.0629 0.9094 0.4071
4664.0000 -1229.6504 3569.0067 -436.2488 -0.0563 0.0637 0.9096 0.4066
4665.0000 -1230.6433 3570.1032 -436.4679 -0.0576 0.0642 0.9098 0.4060
4666.0000 -1231.6522 3571.1923 -436.7123 -0.0599 0.0640 0.9098 0.4056
4667.0000 -1232.6589 3572.2796 -436.9556 -0.0599 0.0631 0.9099 0.4056
4668.0000 -1233.6524 3573.3551 -437.1744 -0.0580 0.0622 0.9100 0.4057
4669.0000 -1234.6438 3574.4475 -437.4006 -0.0578 0.0620 0.9103 0.4053
4670.0000 -1235.6436 3575.5529 -437.6259 -0.0591 0.0626 0.9104 0.4046
4671.0000 -1236.6421 3576.6374 -437.8411 -0.0600 0.0624 0.9106 0.4042
4672.0000 -1237.6504 3577.7141 -438.0684 -0.0599 0.0612 0.9106 0.4044
4673.0000 -1238.6620 3578.7993 -438.3083 -0.0597 0.0602 0.9106 0.4045
4674.0000 -1239.6534 3579.8889 -438.5446 -0.0600 0.0600 0.9107 0.4043
4675.0000 -1240.6569 3581.0051 -438.7658 -0.0608 0.0605 0.9107 0.4041
4676.0000 -1241.6695 3582.0981 -438.9972 -0.0631 0.0616 0.9106 0.4039
4677.0000 -1242.6814 3583.1799 -439.2612 -0.0667 0.0634 0.9102 0.4038
4678.0000 -1243.6840 3584.2650 -439.5057 -0.0658 0.0636 0.9100 0.4043
4679.0000 -1244.6751 3585.3590 -439.7187 -0.0568 0.0618 0.9104 0.4051
4680.0000 -1245.6686 3586.4650 -439.9497 -0.0502 0.0606 0.9108 0.4052
4681.0000 -1246.6840 3587.5815 -440.1928 -0.0534 0.0624 0.9108 0.4046
4682.0000 -1247.7003 3588.6826 -440.3963 -0.0606 0.0645 0.9103 0.4044
4683.0000 -1248.7139 3589.7627 -440.5979 -0.0631 0.0652 0.9099 0.4048
4684.0000 -1249.7266 3590.8523 -440.8240 -0.0601 0.0648 0.9099 0.4054
4685.0000 -1250.7399 3591.9809 -441.0862 -0.0567 0.0646 0.9100 0.4055
4686.0000 -1251.7394 3593.1000 -441.3404 -0.0574 0.0652 0.9101 0.4052
4687.0000 -1252.7476 3594.2013 -441.5630 -0.0598 0.0658 0.9100 0.4050
4688.0000 -1253.7630 3595.2949 -441.7778 -0.0602 0.0659 0.9098 0.4052
4689.0000 -1254.7758 3596.3999 -442.0177 -0.0589 0.0661 0.9097 0.4057
4690.0000 -1255.8016 3597.5307 -442.2691 -0.0569 0.0670 0.9097 0.4059
4691.0000 -1256.8117 3598.6497 -442.5029 -0.0557 0.0681 0.9097 0.4059
4692.0000 -1257.8280 3599.7648 -442.7214 -0.0549 0.0691 0.9096 0.4060
4693.0000 -1258.8511 3600.8845 -442.9558 -0.0550 0.0700 0.9095 0.4060
4694.0000 -1259.8826 3602.0168 -443.1841 -0.0554 0.0705 0.9094 0.4062
4695.0000 -1260.9135 3603.1407 -443.4311 -0.0561 0.0706 0.9092 0.4066
4696.0000 -1261.9430 3604.2797 -443.6849 -0.0572 0.0719 0.9089 0.4068
4697.0000 -1262.9665 3605.4050 -443.9056 -0.0583 0.0721 0.9086 0.4073
4698.0000 -1264.0013 3606.5448 -444.1341 -0.0569 0.0711 0.9084 0.4081
4699.0000 -1265.0319 3607.6751 -444.3972 -0.0547 0.0703 0.9082 0.4089
4700.0000 -1266.0651 3608.8227 -444.6611 -0.0537 0.0707 0.9080 0.4096
4701.0000 -1267.0955 3609.9811 -444.8936 -0.0539 0.0718 0.9076 0.4100
4702.0000 -1268.1229 3611.1470 -445.1107 -0.0545 0.0733 0.9073 0.4105
4703.0000 -1269.1531 3612.3103 -445.3440 -0.0546 0.0742 0.9068 0.4113
4704.0000 -1270.1884 3613.4638 -445.5913 -0.0538 0.0747 0.9065 0.4122
4705.0000 -1271.2168 3614.6308 -445.8436 -0.0531 0.0749 0.9061 0.4129
4706.0000 -1272.2449 3615.8016 -446.0967 -0.0526 0.0757 0.9058 0.4136
4707.0000 -1273.2768 3616.9775 -446.3262 -0.0530 0.0771 0.9054 0.4140
4708.0000 -1274.3178 3618.1654 -446.5737 -0.0552 0.0787 0.9050 0.4145
4709.0000 -1275.3686 3619.3552 -446.8292 -0.0559 0.0794 0.9044 0.4154
4710.0000 -1276.4113 3620.5390 -447.0853 -0.0547 0.0783 0.9041 0.4164
4711.0000 -1277.4426 3621.7275 -447.3493 -0.0533 0.0776 0.9040 0.4171
4712.0000 -1278.4776 3622.9330 -447.6163 -0.0528 0.0786 0.9036 0.4177
4713.0000 -1279.5107 3624.1396 -447.8612 -0.0529 0.0806 0.9032 0.4183
4714.0000 -1280.5466 3625.3443 -448.1024 -0.0531 0.0827 0.9027 0.4189
4715.0000 -1281.5890 3626.5441 -448.3503 -0.0536 0.0835 0.9022 0.4198
4716.0000 -1282.6374 3627.7532 -448.6220 -0.0538 0.0829 0.9018 0.4208
4717.0000 -1283.6760 3628.9744 -448.8997 -0.0536 0.0813 0.9015 0.4216
4718.0000 -1284.7072 3630.1984 -449.1702 -0.0534 0.0800 0.9013 0.4224
4719.0000 -1285.7343 3631.4235 -449.4096 -0.0537 0.0795 0.9009 0.4233
4720.0000 -1286.7832 3632.6443 -449.6637 -0.0542 0.0803 0.9005 0.4240
4721.0000 -1287.8236 3633.8759 -449.9318 -0.0546 0.0817 0.8998 0.4250
4722.0000 -1288.8561 3635.1048 -450.1962 -0.0542 0.0834 0.8992 0.4261
4723.0000 -1289.8930 3636.3577 -450.4586 -0.0531 0.0839 0.8988 0.4270
4724.0000 -1290.9235 3637.6082 -450.7227 -0.0524 0.0828 0.8985 0.4278
4725.0000 -1291.9438 3638.8601 -451.0043 -0.0531 0.0810 0.8983 0.4285
4726.0000 -1292.9594 3640.0924 -451.2870 -0.0544 0.0812 0.8979 0.4292
4727.0000 -1294.0224 3641.3803 -451.5534 -0.0541 0.0843 0.8971 0.4303
4728.0000 -1295.0521 3642.6492 -451.8047 -0.0528 0.0858 0.8966 0.4313
4729.0000 -1296.0903 3643.9189 -452.0589 -0.0517 0.0856 0.8961 0.4324
4730.0000 -1297.0986 3645.1724 -452.3404 -0.0517 0.0848 0.8959 0.4330
4731.0000 -1298.1306 3646.4531 -452.6352 -0.0525 0.0851 0.8957 0.4333
4732.0000 -1299.1669 3647.7376 -452.8991 -0.0521 0.0884 0.8952 0.4337
4733.0000 -1300.2266 3649.0608 -453.1576 -0.0512 0.0916 0.8948 0.4340
4734.0000 -1301.2841 3650.3846 -453.4404 -0.0511 0.0920 0.8947 0.4341
4735.0000 -1302.3376 3651.6795 -453.7237 -0.0512 0.0909 0.8948 0.4342
4736.0000 -1303.2973 3652.8800 -453.9999 -0.0509 0.0895 0.8950 0.4340
4737.0000 -1304.3225 3654.1570 -454.2746 -0.0512 0.0883 0.8951 0.4339
4738.0000 -1305.3802 3655.4849 -454.5488 -0.0516 0.0893 0.8953 0.4335
4739.0000 -1306.4549 3656.8086 -454.8340 -0.0521 0.0906 0.8952 0.4332
4740.0000 -1307.5439 3658.1386 -455.1190 -0.0506 0.0933 0.8951 0.4330
4741.0000 -1308.5363 3659.3697 -455.3761 -0.0504 0.0906 0.8956 0.4327
4742.0000 -1309.5329 3660.6020 -455.6474 -0.0514 0.0867 0.8962 0.4321
4743.0000 -1310.6137 3661.9478 -455.9367 -0.0509 0.0895 0.8961 0.4318
4744.0000 -1311.6846 3663.2670 -456.2263 -0.0496 0.0954 0.8957 0.4314
4745.0000 -1312.7324 3664.5496 -456.4966 -0.0491 0.0975 0.8957 0.4311
4746.0000 -1313.7918 3665.8611 -456.7671 -0.0501 0.0949 0.8962 0.4305
4747.0000 -1314.8503 3667.1569 -457.0578 -0.0507 0.0942 0.8966 0.4297
4748.0000 -1315.9687 3668.4966 -457.3586 -0.0510 0.0943 0.8968 0.4292
4749.0000 -1317.0466 3669.7939 -457.6445 -0.0499 0.0952 0.8969 0.4289
4750.0000 -1318.1238 3671.1161 -457.9151 -0.0498 0.0929 0.8976 0.4280
4751.0000 -1319.1429 3672.3576 -458.1728 -0.0509 0.0900 0.8984 0.4268
4752.0000 -1320.2377 3673.6505 -458.4610 -0.0511 0.0904 0.8988 0.4259
4753.0000 -1321.3287 3674.9463 -458.7520 -0.0500 0.0939 0.8987 0.4254
4754.0000 -1322.4052 3676.2330 -459.0164 -0.0511 0.0921 0.8992 0.4246
4755.0000 -1323.4930 3677.5320 -459.2965 -0.0513 0.0924 0.8995 0.4238
4756.0000 -1324.5469 3678.7803 -459.5671 -0.0507 0.0936 0.8998 0.4232
4757.0000 -1325.6737 3680.1111 -459.8636 -0.0500 0.0945 0.9001 0.4224
4758.0000 -1326.7858 3681.4200 -460.1554 -0.0500 0.0945 0.9003 0.4219
4759.0000 -1327.8960 3682.7269 -460.4293 -0.0502 0.0924 0.9008 0.4213
4760.0000 -1328.9976 3684.0188 -460.6966 -0.0505 0.0907 0.9013 0.4206
4761.0000 -1330.0211 3685.1989 -460.9596 -0.0506 0.0915 0.9014 0.4201
4762.0000 -1331.0923 3686.4261 -461.2346 -0.0490 0.0952 0.9012 0.4199
4763.0000 -1332.1641 3687.6829 -461.4961 -0.0478 0.0956 0.9013 0.4197
4764.0000 -1333.2369 3688.9536 -461.7726 -0.0483 0.0942 0.9017 0.4193
4765.0000 -1334.3085 3690.2003 -462.0529 -0.0497 0.0934 0.9019 0.4189
4766.0000 -1335.4108 3691.4669 -462.3178 -0.0502 0.0934 0.9018 0.4189
4767.0000 -1336.5329 3692.7616 -462.5734 -0.0497 0.0949 0.9017 0.4189
4768.0000 -1337.6627 3694.0711 -462.8606 -0.0482 0.0977 0.9016 0.4187
4769.0000 -1338.7502 3695.3441 -463.1368 -0.0485 0.0951 0.9021 0.4182
4770.0000 -1339.8483 3696.6210 -463.4345 -0.0503 0.0920 0.9025 0.4177
4771.0000 -1340.9370 3697.8583 -463.7128 -0.0520 0.0921 0.9025 0.4175
4772.0000 -1342.0081 3699.0685 -463.9723 -0.0508 0.0970 0.9019 0.4179
4773.0000 -1343.0650 3700.3018 -464.2223 -0.0482 0.1005 0.9016 0.4180
4774.0000 -1344.1088 3701.5323 -464.4907 -0.0465 0.0997 0.9019 0.4176
4775.0000 -1345.1500 3702.7493 -464.7734 -0.0479 0.0942 0.9028 0.4168
4776.0000 -1346.2955 3704.0460 -465.0654 -0.0505 0.0892 0.9034 0.4165
4777.0000 -1347.4880 3705.3968 -465.3415 -0.0511 0.0901 0.9030 0.4169
4778.0000 -1348.7008 3706.7753 -465.6185 -0.0497 0.0946 0.9023 0.4176
4779.0000 -1349.7843 3708.0226 -465.8993 -0.0495 0.0966 0.9019 0.4181
4780.0000 -1350.8998 3709.3174 -466.1967 -0.0493 0.0977 0.9016 0.4185
4781.0000 -1352.0147 3710.6194 -466.4724 -0.0499 0.0951 0.9017 0.4188
4782.0000 -1352.9806 3711.7526 -466.7290 -0.0501 0.0937 0.9015 0.4195
4783.0000 -1353.9310 3712.8514 -466.9690 -0.0507 0.0936 0.9011 0.4203
4784.0000 -1354.9671 3714.0221 -467.2262 -0.0498 0.0968 0.9003 0.4214
4785.0000 -1356.0087 3715.2289 -467.4894 -0.0488 0.0995 0.8996 0.4224
4786.0000 -1357.1325 3716.5581 -467.7738 -0.0490 0.0978 0.8994 0.4231
4787.0000 -1358.2155 3717.8587 -468.0484 -0.0512 0.0917 0.8998 0.4234
4788.0000 -1359.2885 3719.1419 -468.3448 -0.0520 0.0900 0.8998 0.4238
4789.0000 -1360.3862 3720.4483 -468.6390 -0.0514 0.0934 0.8990 0.4248
4790.0000 -1361.4837 3721.7477 -468.9079 -0.0505 0.0968 0.8981 0.4261
4791.0000 -1362.5892 3723.0611 -469.1957 -0.0482 0.1015 0.8971 0.4272
4792.0000 -1363.6455 3724.3338 -469.4647 -0.0494 0.0976 0.8973 0.4276
4793.0000 -1364.7056 3725.6212 -469.7561 -0.0511 0.0937 0.8975 0.4279
4794.0000 -1365.7524 3726.9018 -470.0533 -0.0520 0.0932 0.8972 0.4286
4795.0000 -1366.7482 3728.0944 -470.3140 -0.0505 0.0977 0.8963 0.4295
4796.0000 -1367.7414 3729.2970 -470.5489 -0.0493 0.0999 0.8958 0.4302
4797.0000 -1368.7302 3730.5056 -470.8105 -0.0504 0.0961 0.8960 0.4305
4798.0000 -1369.6805 3731.6872 -471.0826 -0.0511 0.0938 0.8961 0.4308
4799.0000 -1370.6385 3732.8780 -471.3448 -0.0515 0.0927 0.8960 0.4312
4800.0000 -1371.6056 3734.0618 -471.5982 -0.0522 0.0923 0.8958 0.4316
4801.0000 -1372.5774 3735.2338 -471.8501 -0.0515 0.0960 0.8952 0.4322
4802.0000 -1373.5582 3736.4259 -472.1097 -0.0496 0.1002 0.8946 0.4327
4803.0000 -1374.4848 3737.5757 -472.3661 -0.0496 0.0992 0.8946 0.4329
4804.0000 -1375.4701 3738.8046 -472.6451 -0.0515 0.0943 0.8950 0.4328
4805.0000 -1376.4183 3739.9936 -472.9174 -0.0518 0.0943 0.8949 0.4331
4806.0000 -1377.3819 3741.1815 -473.1719 -0.0511 0.0975 0.8943 0.4336
4807.0000 -1378.4378 3742.4708 -473.4290 -0.0499 0.1001 0.8938 0.4342
4808.0000 -1379.5054 3743.7862 -473.7242 -0.0484 0.1013 0.8936 0.4346
4809.0000 -1380.5190 3745.0625 -474.0219 -0.0487 0.0980 0.8939 0.4348
4810.0000 -1381.5782 3746.4101 -474.3093 -0.0499 0.0938 0.8942 0.4349
4811.0000 -1382.5952 3747.6767 -474.5639 -0.0527 0.0894 0.8945 0.4349
4812.0000 -1383.5308 3748.8157 -474.8186 -0.0527 0.0939 0.8938 0.4355
4813.0000 -1384.5105 3750.0174 -475.0812 -0.0516 0.0999 0.8929 0.4360
4814.0000 -1385.4905 3751.2446 -475.3547 -0.0509 0.1017 0.8925 0.4364
4815.0000 -1386.4839 3752.5194 -475.6386 -0.0514 0.0990 0.8928 0.4364
4816.0000 -1387.5705 3753.8884 -475.9524 -0.0509 0.0963 0.8930 0.4367
4817.0000 -1388.5923 3755.1807 -476.2382 -0.0513 0.0932 0.8931 0.4370
4818.0000 -1389.5768 3756.4144 -476.5010 -0.0513 0.0942 0.8928 0.4375
4819.0000 -1390.5702 3757.6506 -476.7518 -0.0511 0.0971 0.8922 0.4381
4820.0000 -1391.5530 3758.8833 -477.0205 -0.0514 0.0985 0.8917 0.4387
4821.0000 -1392.5020 3760.0983 -477.3021 -0.0514 0.0992 0.8915 0.4391
4822.0000 -1393.2991 3761.1224 -477.5498 -0.0499 0.1014 0.8911 0.4395
4823.0000 -1394.2581 3762.3449 -477.8221 -0.0502 0.0996 0.8910 0.4400
4824.0000 -1395.2633 3763.6320 -478.0710 -0.0521 0.0935 0.8913 0.4405
4825.0000 -1396.2549 3764.9060 -478.3402 -0.0521 0.0917 0.8912 0.4412
4826.0000 -1397.2382 3766.1763 -478.6272 -0.0514 0.0941 0.8906 0.4419
4827.0000 -1398.1963 3767.4029 -478.9106 -0.0519 0.0969 0.8901 0.4424
4828.0000 -1399.1525 3768.6125 -479.1655 -0.0531 0.0973 0.8895 0.4432
4829.0000 -1400.1059 3769.8390 -479.4326 -0.0517 0.0996 0.8888 0.4443
4830.0000 -1401.0740 3771.1199 -479.7206 -0.0514 0.0981 0.8887 0.4449
4831.0000 -1402.0235 3772.3800 -480.0062 -0.0518 0.0959 0.8888 0.4451
4832.0000 -1402.9440 3773.5973 -480.2786 -0.0526 0.0949 0.8887 0.4455
4833.0000 -1403.8798 3774.8076 -480.5345 -0.0527 0.0956 0.8882 0.4463
4834.0000 -1404.8047 3776.0164 -480.7939 -0.0526 0.0971 0.8875 0.4473
4835.0000 -1405.7386 3777.2487 -481.0675 -0.0529 0.0979 0.8871 0.4479
4836.0000 -1406.6895 3778.5005 -481.3471 -0.0538 0.0962 0.8870 0.4483
4837.0000 -1407.6909 3779.8292 -481.6353 -0.0554 0.0912 0.8874 0.4485
4838.0000 -1408.6813 3781.1699 -481.9200 -0.0528 0.0919 0.8870 0.4495
4839.0000 -1409.5876 3782.4119 -482.1983 -0.0509 0.0944 0.8864 0.4503
4840.0000 -1410.5359 3783.6675 -482.4937 -0.0535 0.0948 0.8861 0.4506
4841.0000 -1411.4467 3784.8374 -482.7497 -0.0551 0.0971 0.8854 0.4512
4842.0000 -1412.3648 3786.0583 -482.9954 -0.0545 0.0980 0.8849 0.4521
4843.0000 -1413.2304 3787.2736 -483.2473 -0.0529 0.0950 0.8850 0.4528
4844.0000 -1414.0536 3788.4469 -483.5210 -0.0527 0.0912 0.8852 0.4531
4845.0000 -1414.9400 3789.6447 -483.8003 -0.0545 0.0892 0.8853 0.4531
4846.0000 -1415.7767 3790.7412 -484.0441 -0.0549 0.0934 0.8844 0.4539
4847.0000 -1416.7165 3791.9863 -484.3035 -0.0546 0.0984 0.8833 0.4551
4848.0000 -1417.6457 3793.2605 -484.5765 -0.0530 0.1016 0.8826 0.4560
4849.0000 -1418.6631 3794.6912 -484.8923 -0.0528 0.0979 0.8828 0.4564
4850.0000 -1419.6198 3796.0530 -485.1907 -0.0552 0.0888 0.8837 0.4563
4851.0000 -1420.5027 3797.2742 -485.4608 -0.0570 0.0837 0.8840 0.4564
4852.0000 -1421.3688 3798.4483 -485.7331 -0.0559 0.0892 0.8831 0.4572
4853.0000 -1422.2491 3799.6245 -485.9750 -0.0545 0.0961 0.8819 0.4583
4854.0000 -1423.0881 3800.7894 -486.2068 -0.0549 0.0968 0.8814 0.4590
4855.0000 -1423.9335 3801.9860 -486.4870 -0.0548 0.0955 0.8814 0.4594
4856.0000 -1424.7788 3803.1961 -486.7820 -0.0543 0.0935 0.8816 0.4595
4857.0000 -1425.6685 3804.4688 -487.0645 -0.0544 0.0913 0.8817 0.4596
4858.0000 -1426.5870 3805.7468 -487.3271 -0.0552 0.0901 0.8815 0.4602
4859.0000 -1427.5085 3807.0073 -487.5804 -0.0565 0.0900 0.8811 0.4608
4860.0000 -1428.4597 3808.3322 -487.8654 -0.0554 0.0936 0.8804 0.4616
4861.0000 -1429.4159 3809.6932 -488.1854 -0.0540 0.0964 0.8800 0.4620
4862.0000 -1430.3522 3811.0520 -488.5118 -0.0546 0.0962 0.8800 0.4618
4863.0000 -1431.2880 3812.3942 -488.8173 -0.0558 0.0964 0.8799 0.4619
4864.0000 -1432.1901 3813.6453 -489.0691 -0.0540 0.0983 0.8793 0.4628
4865.0000 -1433.0388 3814.8472 -489.2982 -0.0539 0.0943 0.8794 0.4635
4866.0000 -1433.8461 3816.0243 -489.5775 -0.0556 0.0902 0.8798 0.4634
4867.0000 -1434.6591 3817.1955 -489.8668 -0.0565 0.0909 0.8797 0.4633
4868.0000 -1435.6137 3818.5324 -490.1555 -0.0559 0.0935 0.8792 0.4638
4869.0000 -1436.5565 3819.8738 -490.4465 -0.0542 0.0975 0.8784 0.4648
4870.0000 -1437.4942 3821.2137 -490.7248 -0.0545 0.0966 0.8782 0.4652
4871.0000 -1438.3875 3822.5034 -491.0090 -0.0551 0.0939 0.8785 0.4653
4872.0000 -1439.2568 3823.7700 -491.2996 -0.0561 0.0910 0.8786 0.4654
4873.0000 -1440.1145 3825.0241 -491.5682 -0.0575 0.0880 0.8787 0.4657
4874.0000 -1440.9722 3826.2527 -491.8358 -0.0576 0.0893 0.8782 0.4664
4875.0000 -1441.8429 3827.4890 -492.1087 -0.0567 0.0933 0.8775 0.4670
4876.0000 -1442.7319 3828.7597 -492.3952 -0.0549 0.0976 0.8768 0.4676
4877.0000 -1443.5555 3829.9671 -492.6554 -0.0538 0.0975 0.8767 0.4680
4878.0000 -1444.3578 3831.1737 -492.9274 -0.0542 0.0945 0.8769 0.4681
4879.0000 -1445.1749 3832.3992 -493.2095 -0.0569 0.0902 0.8772 0.4681
4880.0000 -1446.0355 3833.6358 -493.4793 -0.0593 0.0892 0.8770 0.4683
4881.0000 -1446.9542 3834.9330 -493.7636 -0.0572 0.0957 0.8760 0.4693
4882.0000 -1447.8770 3836.2785 -494.0379 -0.0541 0.0998 0.8752 0.4702
4883.0000 -1448.7840 3837.6510 -494.3554 -0.0529 0.0984 0.8753 0.4705
4884.0000 -1449.6766 3839.0084 -494.6823 -0.0543 0.0941 0.8757 0.4705
4885.0000 -1450.5728 3840.3330 -494.9771 -0.0566 0.0907 0.8758 0.4707
4886.0000 -1451.4451 3841.5823 -495.2483 -0.0572 0.0926 0.8752 0.4714
4887.0000 -1452.3260 3842.8453 -495.5181 -0.0559 0.0970 0.8743 0.4722
4888.0000 -1453.1790 3844.1289 -495.7883 -0.0546 0.0991 0.8739 0.4728
4889.0000 -1454.0232 3845.4188 -496.0806 -0.0550 0.0968 0.8740 0.4729
4890.0000 -1454.8558 3846.6929 -496.3739 -0.0558 0.0933 0.8742 0.4732
4891.0000 -1455.7641 3848.0445 -496.6764 -0.0567 0.0910 0.8742 0.4736
4892.0000 -1456.6823 3849.4084 -496.9770 -0.0566 0.0916 0.8738 0.4742
4893.0000 -1457.5868 3850.7563 -497.2481 -0.0572 0.0913 0.8735 0.4748
4894.0000 -1458.4963 3852.1343 -497.5369 -0.0576 0.0915 0.8732 0.4753
4895.0000 -1459.3709 3853.4722 -497.8519 -0.0563 0.0945 0.8725 0.4760
4896.0000 -1460.2488 3854.8178 -498.1594 -0.0553 0.0957 0.8722 0.4765
4897.0000 -1461.0916 3856.1143 -498.4329 -0.0555 0.0936 0.8722 0.4769
4898.0000 -1461.8954 3857.3431 -498.7036 -0.0551 0.0940 0.8720 0.4773
4899.0000 -1462.6939 3858.5600 -498.9794 -0.0558 0.0943 0.8716 0.4778
4900.0000 -1463.4909 3859.7541 -499.2417 -0.0565 0.0953 0.8711 0.4784
4901.0000 -1464.2867 3860.9653 -499.4922 -0.0569 0.0952 0.8708 0.4789
4902.0000 -1465.0762 3862.1982 -499.7577 -0.0573 0.0934 0.8708 0.4793
4903.0000 -1465.8580 3863.4212 -500.0433 -0.0574 0.0922 0.8707 0.4796
4904.0000 -1466.6286 3864.6225 -500.3287 -0.0570 0.0927 0.8704 0.4801
4905.0000 -1467.4042 3865.8208 -500.5826 -0.0566 0.0935 0.8700 0.4808
4906.0000 -1468.2366 3867.0823 -500.8479 -0.0569 0.0933 0.8697 0.4813
4907.0000 -1469.0283 3868.3027 -501.1106 -0.0577 0.0922 0.8696 0.4817
4908.0000 -1469.8482 3869.6161 -501.3991 -0.0593 0.0899 0.8695 0.4821
4909.0000 -1470.5891 3870.7965 -501.6654 -0.0597 0.0902 0.8692 0.4826
4910.0000 -1471.3801 3872.0344 -501.9486 -0.0584 0.0929 0.8685 0.4833
4911.0000 -1472.2177 3873.3486 -502.2357 -0.0579 0.0941 0.8680 0.4841
4912.0000 -1473.0340 3874.6318 -502.5246 -0.0576 0.0948 0.8676 0.4848
4913.0000 -1473.8555 3875.9355 -502.8091 -0.0588 0.0921 0.8675 0.4853
4914.0000 -1474.6225 3877.1760 -503.0814 -0.0607 0.0891 0.8674 0.4857
4915.0000 -1475.3769 3878.3947 -503.3478 -0.0618 0.0881 0.8671 0.4863
4916.0000 -1476.1377 3879.6008 -503.6208 -0.0608 0.0899 0.8666 0.4870
4917.0000 -1476.9281 3880.8544 -503.9001 -0.0596 0.0902 0.8662 0.4878
4918.0000 -1477.7103 3882.1365 -504.1942 -0.0602 0.0883 0.8661 0.4883
4919.0000 -1478.4983 3883.4119 -504.4961 -0.0608 0.0884 0.8658 0.4888
4920.0000 -1479.3087 3884.7036 -504.7523 -0.0601 0.0886 0.8653 0.4896
4921.0000 -1480.1074 3886.0089 -505.0084 -0.0599 0.0861 0.8653 0.4902
4922.0000 -1480.8882 3887.3031 -505.3045 -0.0607 0.0846 0.8652 0.4905
4923.0000 -1481.5762 3888.4357 -505.5767 -0.0625 0.0853 0.8649 0.4907
4924.0000 -1482.2552 3889.5508 -505.8277 -0.0622 0.0888 0.8640 0.4916
4925.0000 -1482.9579 3890.7100 -506.0586 -0.0603 0.0916 0.8634 0.4925
4926.0000 -1483.6798 3891.9186 -506.3205 -0.0594 0.0910 0.8632 0.4930
4927.0000 -1484.3983 3893.1344 -506.6032 -0.0594 0.0895 0.8632 0.4932
4928.0000 -1485.1393 3894.3839 -506.8934 -0.0607 0.0878 0.8632 0.4935
4929.0000 -1485.8346 3895.5189 -507.1491 -0.0608 0.0891 0.8628 0.4940
4930.0000 -1486.5389 3896.6662 -507.3878 -0.0596 0.0918 0.8622 0.4946
4931.0000 -1487.2669 3897.9003 -507.6494 -0.0590 0.0926 0.8619 0.4951
4932.0000 -1487.9988 3899.1384 -507.9387 -0.0604 0.0905 0.8620 0.4951
4933.0000 -1488.7312 3900.3631 -508.2358 -0.0601 0.0922 0.8617 0.4954
4934.0000 -1489.4992 3901.6429 -508.5082 -0.0592 0.0933 0.8613 0.4959
4935.0000 -1490.2826 3902.9585 -508.7827 -0.0575 0.0938 0.8610 0.4965
4936.0000 -1491.0419 3904.2544 -509.0521 -0.0608 0.0859 0.8617 0.4964
4937.0000 -1491.7666 3905.4968 -509.3341 -0.0623 0.0831 0.8618 0.4965
4938.0000 -1492.4919 3906.7140 -509.6116 -0.0620 0.0856 0.8613 0.4969
4939.0000 -1493.2674 3908.0111 -509.8957 -0.0588 0.0926 0.8602 0.4980
4940.0000 -1494.0591 3909.3608 -510.1786 -0.0572 0.0947 0.8597 0.4986
4941.0000 -1494.7554 3910.5616 -510.4347 -0.0622 0.0864 0.8606 0.4980
4942.0000 -1495.4658 3911.7754 -510.7300 -0.0634 0.0858 0.8606 0.4980
4943.0000 -1496.1945 3913.0259 -511.0180 -0.0603 0.0924 0.8597 0.4987
4944.0000 -1497.0023 3914.4112 -511.3060 -0.0587 0.0947 0.8591 0.4995
4945.0000 -1497.7473 3915.6747 -511.5813 -0.0595 0.0925 0.8591 0.4999
4946.0000 -1498.4833 3916.9463 -511.8742 -0.0604 0.0901 0.8591 0.5002
4947.0000 -1499.1947 3918.1800 -512.1538 -0.0616 0.0874 0.8592 0.5003
4948.0000 -1499.9034 3919.4131 -512.4276 -0.0614 0.0882 0.8590 0.5006
4949.0000 -1500.7027 3920.7776 -512.7331 -0.0602 0.0914 0.8583 0.5013
4950.0000 -1501.5219 3922.1738 -513.0313 -0.0600 0.0920 0.8579 0.5019
4951.0000 -1502.4197 3923.7383 -513.3658 -0.0609 0.0891 0.8579 0.5024
4952.0000 -1503.2887 3925.2914 -513.7115 -0.0615 0.0866 0.8578 0.5029
4953.0000 -1504.1687 3926.8329 -514.0691 -0.0616 0.0866 0.8576 0.5032
4954.0000 -1505.0476 3928.3702 -514.4096 -0.0598 0.0902 0.8569 0.5041
4955.0000 -1505.8575 3929.7964 -514.6994 -0.0606 0.0895 0.8566 0.5045
4956.0000 -1506.6134 3931.1235 -515.0006 -0.0619 0.0892 0.8563 0.5049
4957.0000 -1507.3774 3932.4633 -515.3135 -0.0617 0.0908 0.8559 0.5054
4958.0000 -1508.1736 3933.8857 -515.6292 -0.0617 0.0904 0.8557 0.5058
4959.0000 -1508.9418 3935.2693 -515.9223 -0.0626 0.0879 0.8557 0.5061
4960.0000 -1509.6560 3936.5571 -516.2199 -0.0616 0.0895 0.8553 0.5066
4961.0000 -1510.3886 3937.8439 -516.5229 -0.0601 0.0923 0.8548 0.5071
4962.0000 -1511.1090 3939.1291 -516.7876 -0.0614 0.0898 0.8548 0.5074
4963.0000 -1511.8096 3940.3896 -517.0664 -0.0619 0.0886 0.8547 0.5078
4964.0000 -1512.5115 3941.6500 -517.3444 -0.0627 0.0876 0.8546 0.5081
4965.0000 -1513.2085 3942.9086 -517.6221 -0.0632 0.0871 0.8543 0.5084
4966.0000 -1513.9012 3944.1613 -517.8913 -0.0633 0.0867 0.8541 0.5089
4967.0000 -1514.5962 3945.4108 -518.1691 -0.0634 0.0861 0.8539 0.5093
4968.0000 -1515.2840 3946.6605 -518.4440 -0.0646 0.0843 0.8539 0.5096
4969.0000 -1516.0425 3948.0496 -518.7543 -0.0655 0.0834 0.8535 0.5102
4970.0000 -1516.7858 3949.4141 -519.0633 -0.0644 0.0864 0.8527 0.5112
4971.0000 -1517.5134 3950.7519 -519.3775 -0.0600 0.0945 0.8513 0.5126
4972.0000 -1518.2219 3952.0622 -519.6645 -0.0595 0.0954 0.8508 0.5134
4973.0000 -1518.8805 3953.2992 -519.9360 -0.0612 0.0914 0.8509 0.5137
4974.0000 -1519.5724 3954.5950 -520.2300 -0.0616 0.0899 0.8507 0.5142
4975.0000 -1520.2611 3955.9002 -520.5153 -0.0625 0.0886 0.8504 0.5149
4976.0000 -1521.0417 3957.3389 -520.8312 -0.0611 0.0911 0.8496 0.5160
4977.0000 -1521.7954 3958.7376 -521.1397 -0.0619 0.0907 0.8491 0.5166
4978.0000 -1522.5355 3960.1475 -521.4633 -0.0629 0.0902 0.8488 0.5172
4979.0000 -1523.2217 3961.4596 -521.7521 -0.0621 0.0907 0.8482 0.5182
4980.0000 -1523.9364 3962.8360 -522.0593 -0.0611 0.0914 0.8477 0.5189
4981.0000 -1524.6539 3964.2097 -522.3752 -0.0619 0.0902 0.8475 0.5194
4982.0000 -1525.3856 3965.6044 -522.6763 -0.0642 0.0877 0.8473 0.5198
4983.0000 -1526.1267 3967.0254 -522.9877 -0.0642 0.0879 0.8468 0.5206
4984.0000 -1526.8545 3968.4422 -523.3003 -0.0629 0.0894 0.8463 0.5213
4985.0000 -1527.5651 3969.8269 -523.6104 -0.0623 0.0898 0.8460 0.5218
4986.0000 -1528.2737 3971.2179 -523.9291 -0.0627 0.0895 0.8458 0.5222
4987.0000 -1528.9805 3972.6096 -524.2323 -0.0634 0.0892 0.8453 0.5229
4988.0000 -1529.7072 3974.0226 -524.5385 -0.0627 0.0903 0.8447 0.5238
4989.0000 -1530.3927 3975.3746 -524.8392 -0.0609 0.0924 0.8442 0.5245
4990.0000 -1531.0740 3976.7368 -525.1360 -0.0635 0.0874 0.8445 0.5245
4991.0000 -1531.7531 3978.1024 -525.4461 -0.0662 0.0839 0.8446 0.5247
4992.0000 -1532.3755 3979.3291 -525.7322 -0.0649 0.0875 0.8439 0.5254
4993.0000 -1533.0148 3980.5762 -525.9938 -0.0640 0.0895 0.8434 0.5259
4994.0000 -1533.7413 3982.0191 -526.3045 -0.0622 0.0904 0.8430 0.5265
4995.0000 -1534.4434 3983.4717 -526.6320 -0.0623 0.0881 0.8432 0.5267
4996.0000 -1535.1328 3984.8622 -526.9612 -0.0645 0.0851 0.8434 0.5266
4997.0000 -1535.8293 3986.2403 -527.2606 -0.0658 0.0849 0.8430 0.5270
4998.0000 -1536.5282 3987.6107 -527.5410 -0.0670 0.0850 0.8427 0.5274
4999.0000 -1537.2343 3989.0342 -527.8533 -0.0651 0.0889 0.8421 0.5279
5000.0000 -1537.9937 3990.5851 -528.2076 -0.0645 0.0894 0.8419 0.5282
5001.0000 -1538.6806 3992.0073 -528.5420 -0.0664 0.0857 0.8422 0.5282
5002.0000 -1539.3473 3993.3741 -528.8497 -0.0675 0.0834 0.8422 0.5283
5003.0000 -1540.0299 3994.7268 -529.1555 -0.0663 0.0853 0.8418 0.5289
5004.0000 -1540.7088 3996.0906 -529.4441 -0.0631 0.0893 0.8412 0.5296
5005.0000 -1541.3555 3997.4236 -529.7281 -0.0616 0.0909 0.8409 0.5299
5006.0000 -1541.9842 3998.7342 -530.0266 -0.0614 0.0910 0.8407 0.5302
5007.0000 -1542.6280 4000.0574 -530.3402 -0.0611 0.0921 0.8404 0.5306
5008.0000 -1543.2913 4001.4009 -530.6293 -0.0651 0.0872 0.8407 0.5304
5009.0000 -1543.9560 4002.7430 -530.8997 -0.0677 0.0834 0.8408 0.5306
5010.0000 -1544.6134 4004.0799 -531.1864 -0.0680 0.0823 0.8408 0.5308
5011.0000 -1545.2552 4005.4189 -531.5029 -0.0656 0.0861 0.8403 0.5313
5012.0000 -1545.8733 4006.7116 -531.8039 -0.0653 0.0875 0.8400 0.5315
5013.0000 -1546.5445 4008.1006 -532.1121 -0.0646 0.0886 0.8396 0.5320
5014.0000 -1547.2183 4009.4861 -532.4225 -0.0654 0.0878 0.8394 0.5323
5015.0000 -1547.8882 4010.8711 -532.7273 -0.0667 0.0868 0.8392 0.5327
5016.0000 -1548.5578 4012.2381 -533.0181 -0.0684 0.0841 0.8393 0.5327
5017.0000 -1549.1968 4013.5825 -533.3257 -0.0673 0.0850 0.8391 0.5331
5018.0000 -1549.8082 4014.8669 -533.6292 -0.0678 0.0848 0.8390 0.5332
5019.0000 -1550.4275 4016.1741 -533.9256 -0.0667 0.0871 0.8384 0.5338
5020.0000 -1551.0419 4017.4515 -534.2015 -0.0659 0.0885 0.8380 0.5344
5021.0000 -1551.6897 4018.8136 -534.5025 -0.0659 0.0881 0.8378 0.5347
5022.0000 -1552.3383 4020.1713 -534.7986 -0.0676 0.0842 0.8382 0.5346
5023.0000 -1553.0119 4021.6024 -535.1337 -0.0673 0.0839 0.8380 0.5350
5024.0000 -1553.6908 4023.0333 -535.4628 -0.0677 0.0841 0.8376 0.5354
5025.0000 -1554.3586 4024.4538 -535.7686 -0.0665 0.0869 0.8370 0.5362
5026.0000 -1555.0231 4025.8786 -536.0763 -0.0656 0.0889 0.8365 0.5368
5027.0000 -1555.6902 4027.2958 -536.3975 -0.0651 0.0898 0.8361 0.5373
5028.0000 -1556.3768 4028.7557 -536.7349 -0.0661 0.0880 0.8361 0.5374
5029.0000 -1557.0205 4030.1477 -537.0471 -0.0661 0.0868 0.8359 0.5379
5030.0000 -1557.6613 4031.5388 -537.3487 -0.0672 0.0842 0.8358 0.5384
5031.0000 -1558.2971 4032.9055 -537.6515 -0.0685 0.0827 0.8355 0.5388
5032.0000 -1558.9086 4034.2481 -537.9350 -0.0691 0.0828 0.8350 0.5395
5033.0000 -1559.5236 4035.5911 -538.2451 -0.0667 0.0872 0.8340 0.5407
5034.0000 -1560.1521 4036.9593 -538.5662 -0.0656 0.0896 0.8333 0.5416
5035.0000 -1560.7825 4038.3322 -538.8651 -0.0662 0.0877 0.8331 0.5421
5036.0000 -1561.4038 4039.7143 -539.1762 -0.0673 0.0853 0.8329 0.5426
5037.0000 -1562.0107 4041.0899 -539.4873 -0.0687 0.0839 0.8326 0.5432
5038.0000 -1562.6647 4042.5373 -539.8156 -0.0677 0.0865 0.8317 0.5443
5039.0000 -1563.3257 4044.0196 -540.1312 -0.0660 0.0888 0.8308 0.5455
5040.0000 -1563.9957 4045.5247 -540.4643 -0.0656 0.0880 0.8304 0.5462
5041.0000 -1564.6472 4047.0274 -540.8044 -0.0664 0.0858 0.8303 0.5466
5042.0000 -1565.2985 4048.5585 -541.1627 -0.0674 0.0854 0.8299 0.5472
5043.0000 -1565.9786 4050.0792 -541.5077 -0.0683 0.0857 0.8294 0.5478
5044.0000 -1566.6392 4051.5622 -541.8193 -0.0675 0.0875 0.8287 0.5487
5045.0000 -1567.2533 4053.0026 -542.1340 -0.0666 0.0886 0.8281 0.5494
5046.0000 -1567.8493 4054.4316 -542.4603 -0.0668 0.0877 0.8278 0.5500
5047.0000 -1568.4934 4055.9329 -542.8158 -0.0673 0.0869 0.8276 0.5504
5048.0000 -1569.1926 4057.5522 -543.1755 -0.0677 0.0867 0.8273 0.5510
5049.0000 -1569.8929 4059.1724 -543.5273 -0.0677 0.0869 0.8268 0.5516
5050.0000 -1570.5822 4060.8040 -543.8750 -0.0688 0.0849 0.8266 0.5522
5051.0000 -1571.2302 4062.3342 -544.2318 -0.0689 0.0849 0.8263 0.5526
5052.0000 -1571.8158 4063.7374 -544.5601 -0.0687 0.0859 0.8258 0.5531
5053.0000 -1572.4177 4065.1548 -544.8827 -0.0682 0.0872 0.8253 0.5537
5054.0000 -1573.0134 4066.5737 -545.1888 -0.0680 0.0870 0.8250 0.5542
5055.0000 -1573.6065 4068.0256 -545.5000 -0.0682 0.0852 0.8248 0.5547
5056.0000 -1574.2675 4069.6226 -545.8655 -0.0669 0.0850 0.8246 0.5553
5057.0000 -1574.9462 4071.2680 -546.2412 -0.0662 0.0859 0.8243 0.5557
5058.0000 -1575.6254 4072.8953 -546.5999 -0.0675 0.0863 0.8239 0.5561
5059.0000 -1576.2189 4074.3233 -546.9144 -0.0685 0.0881 0.8232 0.5567
5060.0000 -1576.8025 4075.7467 -547.2199 -0.0683 0.0895 0.8226 0.5574
5061.0000 -1577.4145 4077.2379 -547.5590 -0.0673 0.0892 0.8224 0.5578
5062.0000 -1578.0223 4078.7809 -547.9265 -0.0680 0.0867 0.8225 0.5580
5063.0000 -1578.6567 4080.3621 -548.2864 -0.0687 0.0854 0.8223 0.5584
5064.0000 -1579.3065 4081.9190 -548.6195 -0.0673 0.0857 0.8219 0.5591
5065.0000 -1579.9471 4083.4859 -548.9486 -0.0673 0.0856 0.8216 0.5595
5066.0000 -1580.5737 4085.0195 -549.3119 -0.0694 0.0863 0.8213 0.5597
5067.0000 -1581.1937 4086.5573 -549.6559 -0.0712 0.0869 0.8207 0.5602
5068.0000 -1581.8090 4088.0970 -549.9894 -0.0708 0.0866 0.8202 0.5610
5069.0000 -1582.4127 4089.6404 -550.3439 -0.0694 0.0859 0.8201 0.5615
5070.0000 -1583.0225 4091.2038 -550.7131 -0.0688 0.0859 0.8201 0.5616
5071.0000 -1583.6527 4092.7826 -551.0730 -0.0694 0.0867 0.8199 0.5617
5072.0000 -1584.2644 4094.3296 -551.4064 -0.0699 0.0868 0.8193 0.5624
5073.0000 -1584.8607 4095.8616 -551.7281 -0.0689 0.0859 0.8189 0.5633
5074.0000 -1585.4618 4097.4075 -552.0910 -0.0677 0.0853 0.8187 0.5638
5075.0000 -1586.0869 4098.9802 -552.4587 -0.0681 0.0851 0.8186 0.5639
5076.0000 -1586.7158 4100.5509 -552.8139 -0.0697 0.0852 0.8183 0.5642
5077.0000 -1587.3170 4102.1109 -553.1549 -0.0712 0.0852 0.8178 0.5647
5078.0000 -1587.9106 4103.6538 -553.5092 -0.0713 0.0852 0.8173 0.5653
5079.0000 -1588.4910 4105.1955 -553.8426 -0.0700 0.0851 0.8170 0.5661
5080.0000 -1589.0816 4106.7681 -554.1754 -0.0686 0.0847 0.8166 0.5667
5081.0000 -1589.6727 4108.3475 -554.5323 -0.0685 0.0847 0.8162 0.5675
5082.0000 -1590.2658 4109.9155 -554.8886 -0.0696 0.0848 0.8153 0.5685
5083.0000 -1590.8540 4111.4598 -555.2405 -0.0705 0.0852 0.8142 0.5700
5084.0000 -1591.4458 4113.0118 -555.5798 -0.0706 0.0850 0.8131 0.5715
5085.0000 -1592.0152 4114.5798 -555.9221 -0.0701 0.0839 0.8123 0.5729
5086.0000 -1592.5727 4116.1587 -556.2622 -0.0700 0.0827 0.8115 0.5742
5087.0000 -1593.1458 4117.7470 -556.6234 -0.0707 0.0827 0.8108 0.5752
5088.0000 -1593.7072 4119.3244 -556.9902 -0.0714 0.0837 0.8099 0.5761
5089.0000 -1594.2693 4120.9029 -557.3419 -0.0721 0.0845 0.8093 0.5768
5090.0000 -1594.8247 4122.4684 -557.6951 -0.0722 0.0849 0.8090 0.5772
5091.0000 -1595.3829 4124.0562 -558.0374 -0.0715 0.0841 0.8088 0.5776
5092.0000 -1595.9465 4125.6603 -558.3921 -0.0716 0.0819 0.8089 0.5778
5093.0000 -1596.5023 4127.2488 -558.7571 -0.0726 0.0799 0.8089 0.5780
5094.0000 -1597.0584 4128.8496 -559.1281 -0.0743 0.0799 0.8086 0.5782
5095.0000 -1597.6091 4130.4371 -559.4821 -0.0753 0.0821 0.8081 0.5784
5096.0000 -1598.1795 4132.0221 -559.8293 -0.0753 0.0845 0.8077 0.5785
5097.0000 -1598.7378 4133.6092 -560.1802 -0.0748 0.0844 0.8077 0.5787
5098.0000 -1599.2694 4135.2078 -560.5277 -0.0733 0.0805 0.8080 0.5790
5099.0000 -1599.8109 4136.8126 -560.9055 -0.0734 0.0768 0.8082 0.5792
5100.0000 -1600.3705 4138.4230 -561.2965 -0.0746 0.0772 0.8081 0.5791
5101.0000 -1600.9262 4140.0206 -561.6587 -0.0758 0.0811 0.8076 0.5792
5102.0000 -1601.4848 4141.6148 -561.9885 -0.0751 0.0846 0.8070 0.5797
5103.0000 -1602.0311 4143.2262 -562.3271 -0.0737 0.0848 0.8070 0.5797
5104.0000 -1602.5760 4144.8303 -562.6994 -0.0734 0.0828 0.8073 0.5797
5105.0000 -1603.1215 4146.4351 -563.0955 -0.0744 0.0809 0.8074 0.5796
5106.0000 -1603.6754 4148.0280 -563.4806 -0.0749 0.0808 0.8073 0.5798
5107.0000 -1604.2459 4149.6495 -563.8364 -0.0741 0.0815 0.8071 0.5801
5108.0000 -1604.8004 4151.2547 -564.1678 -0.0735 0.0820 0.8068 0.5805
5109.0000 -1605.3413 4152.8727 -564.5218 -0.0739 0.0822 0.8066 0.5807
5110.0000 -1605.8912 4154.4870 -564.9128 -0.0747 0.0819 0.8061 0.5813
5111.0000 -1606.4448 4156.1197 -565.2976 -0.0750 0.0812 0.8054 0.5823
5112.0000 -1606.9920 4157.7291 -565.6515 -0.0748 0.0805 0.8045 0.5837
5113.0000 -1607.5290 4159.3396 -566.0127 -0.0744 0.0802 0.8038 0.5847
5114.0000 -1608.0595 4160.9570 -566.3652 -0.0744 0.0800 0.8032 0.5856
5115.0000 -1608.6027 4162.5998 -566.7360 -0.0751 0.0805 0.8026 0.5863
5116.0000 -1609.1298 4164.2331 -567.1052 -0.0760 0.0810 0.8020 0.5870
5117.0000 -1609.6541 4165.8727 -567.4695 -0.0766 0.0808 0.8014 0.5876
5118.0000 -1610.1861 4167.4890 -567.8325 -0.0770 0.0801 0.8009 0.5883
5119.0000 -1610.7084 4169.1096 -568.2100 -0.0779 0.0788 0.8005 0.5890
5120.0000 -1611.2183 4170.7350 -568.6066 -0.0777 0.0778 0.8000 0.5898
5121.0000 -1611.7262 4172.3647 -568.9549 -0.0752 0.0774 0.7998 0.5905
5122.0000 -1612.2370 4174.0185 -569.2809 -0.0734 0.0783 0.7998 0.5906
5123.0000 -1612.7571 4175.6481 -569.6369 -0.0739 0.0805 0.7995 0.5906
5124.0000 -1613.2708 4177.2807 -570.0247 -0.0754 0.0814 0.7993 0.5906
5125.0000 -1613.7791 4178.9129 -570.4066 -0.0763 0.0804 0.7990 0.5910
5126.0000 -1614.3003 4180.5780 -570.7812 -0.0761 0.0794 0.7989 0.5913
5127.0000 -1614.8188 4182.2159 -571.1436 -0.0757 0.0790 0.7989 0.5915
5128.0000 -1615.3350 4183.8483 -571.5100 -0.0756 0.0797 0.7986 0.5917
5129.0000 -1615.8283 4185.4828 -571.8739 -0.0756 0.0807 0.7982 0.5922
5130.0000 -1616.3085 4187.1335 -572.2406 -0.0752 0.0809 0.7976 0.5930
5131.0000 -1616.8204 4188.8121 -572.6098 -0.0746 0.0806 0.7972 0.5936
5132.0000 -1617.3352 4190.4604 -572.9840 -0.0744 0.0804 0.7969 0.5941
5133.0000 -1617.8418 4192.1023 -573.3553 -0.0750 0.0802 0.7965 0.5946
5134.0000 -1618.3341 4193.7367 -573.7214 -0.0756 0.0800 0.7961 0.5951
5135.0000 -1618.8298 4195.3967 -574.1040 -0.0754 0.0801 0.7956 0.5958
5136.0000 -1619.3258 4197.0571 -574.4735 -0.0750 0.0805 0.7953 0.5962
5137.0000 -1619.8176 4198.7343 -574.8375 -0.0748 0.0806 0.7949 0.5966
5138.0000 -1620.3196 4200.4084 -575.2156 -0.0752 0.0803 0.7945 0.5972
5139.0000 -1620.8242 4202.0831 -575.6100 -0.0757 0.0801 0.7941 0.5977
5140.0000 -1621.3059 4203.7163 -575.9790 -0.0759 0.0801 0.7937 0.5983
5141.0000 -1621.7727 4205.3665 -576.3417 -0.0758 0.0799 0.7933 0.5988
5142.0000 -1622.2620 4207.0614 -576.7189 -0.0757 0.0798 0.7931 0.5991
5143.0000 -1622.7479 4208.7525 -577.1015 -0.0755 0.0800 0.7926 0.5997
5144.0000 -1623.2174 4210.4363 -577.4790 -0.0748 0.0806 0.7921 0.6004
5145.0000 -1623.6917 4212.0943 -577.8476 -0.0747 0.0820 0.7916 0.6009
5146.0000 -1624.1731 4213.7902 -578.2238 -0.0754 0.0833 0.7912 0.6011
5147.0000 -1624.6548 4215.4742 -578.5999 -0.0752 0.0827 0.7909 0.6016
5148.0000 -1625.1357 4217.1324 -578.9909 -0.0747 0.0812 0.7904 0.6025
5149.0000 -1625.6122 4218.8179 -579.3827 -0.0750 0.0801 0.7900 0.6032
5150.0000 -1626.0770 4220.5087 -579.7646 -0.0756 0.0806 0.7895 0.6037
5151.0000 -1626.5423 4222.2327 -580.1327 -0.0759 0.0821 0.7892 0.6039
5152.0000 -1627.0038 4223.9642 -580.5071 -0.0754 0.0831 0.7889 0.6042
5153.0000 -1627.4724 4225.6582 -580.8854 -0.0748 0.0827 0.7885 0.6048
5154.0000 -1627.9402 4227.3435 -581.2902 -0.0752 0.0823 0.7880 0.6054
5155.0000 -1628.4047 4229.0491 -581.6910 -0.0767 0.0820 0.7876 0.6058
5156.0000 -1628.8753 4230.7770 -582.0774 -0.0770 0.0807 0.7872 0.6065
5157.0000 -1629.3224 4232.4701 -582.4414 -0.0757 0.0787 0.7865 0.6078
5158.0000 -1629.7775 4234.1835 -582.8401 -0.0750 0.0788 0.7857 0.6089
5159.0000 -1630.2366 4235.8981 -583.2291 -0.0758 0.0809 0.7848 0.6097
5160.0000 -1630.6769 4237.6328 -583.6021 -0.0769 0.0828 0.7842 0.6101
5161.0000 -1631.1193 4239.3641 -583.9801 -0.0767 0.0829 0.7837 0.6108
5162.0000 -1631.5547 4241.0878 -584.3731 -0.0760 0.0811 0.7832 0.6118
5163.0000 -1631.9995 4242.8310 -584.7928 -0.0761 0.0796 0.7827 0.6126
5164.0000 -1632.4498 4244.5560 -585.1868 -0.0767 0.0800 0.7821 0.6132
5165.0000 -1632.8799 4246.2915 -585.5544 -0.0772 0.0811 0.7815 0.6137
5166.0000 -1633.3045 4248.0227 -585.9347 -0.0776 0.0821 0.7812 0.6140
5167.0000 -1633.7229 4249.7562 -586.3347 -0.0778 0.0825 0.7807 0.6145
5168.0000 -1634.1466 4251.5133 -586.7512 -0.0774 0.0818 0.7802 0.6153
5169.0000 -1634.5823 4253.2699 -587.1524 -0.0766 0.0807 0.7798 0.6161
5170.0000 -1635.0141 4255.0054 -587.5425 -0.0766 0.0799 0.7793 0.6167
5171.0000 -1635.4389 4256.7379 -587.9388 -0.0775 0.0801 0.7790 0.6171
5172.0000 -1635.8523 4258.4922 -588.3272 -0.0783 0.0809 0.7785 0.6174
5173.0000 -1636.2646 4260.2765 -588.7268 -0.0786 0.0817 0.7781 0.6178
5174.0000 -1636.6654 4262.0268 -589.1312 -0.0784 0.0825 0.7776 0.6183
5175.0000 -1637.0789 4263.7840 -589.5260 -0.0775 0.0821 0.7771 0.6191
5176.0000 -1637.5061 4265.5298 -589.9183 -0.0768 0.0803 0.7768 0.6199
5177.0000 -1637.9341 4267.2916 -590.3352 -0.0775 0.0786 0.7767 0.6202
5178.0000 -1638.3400 4269.0630 -590.7436 -0.0789 0.0788 0.7764 0.6203
5179.0000 -1638.7304 4270.8406 -591.1357 -0.0793 0.0803 0.7760 0.6205
5180.0000 -1639.1280 4272.6071 -591.5309 -0.0786 0.0820 0.7757 0.6208
5181.0000 -1639.5407 4274.3807 -591.9180 -0.0778 0.0820 0.7754 0.6213
5182.0000 -1639.9569 4276.1606 -592.3366 -0.0782 0.0810 0.7752 0.6216
5183.0000 -1640.3632 4277.9167 -592.7536 -0.0791 0.0797 0.7749 0.6220
5184.0000 -1640.7555 4279.6992 -593.1671 -0.0797 0.0791 0.7747 0.6223
5185.0000 -1641.1502 4281.4817 -593.5717 -0.0792 0.0798 0.7744 0.6226
5186.0000 -1641.5564 4283.2568 -593.9688 -0.0792 0.0814 0.7740 0.6229
5187.0000 -1641.9676 4285.0724 -594.3872 -0.0797 0.0839 0.7734 0.6232
5188.0000 -1642.3483 4286.8598 -594.7919 -0.0792 0.0845 0.7729 0.6238
5189.0000 -1642.7372 4288.6242 -595.1967 -0.0779 0.0825 0.7729 0.6243
5190.0000 -1643.1418 4290.4091 -595.6223 -0.0776 0.0803 0.7727 0.6248
5191.0000 -1643.5311 4292.1886 -596.0325 -0.0787 0.0803 0.7723 0.6252
5192.0000 -1643.9194 4293.9963 -596.4359 -0.0798 0.0819 0.7721 0.6251
5193.0000 -1644.2899 4295.7849 -596.8322 -0.0802 0.0829 0.7719 0.6251
5194.0000 -1644.6736 4297.5488 -597.2351 -0.0795 0.0823 0.7717 0.6256
5195.0000 -1645.0723 4299.3449 -597.6551 -0.0790 0.0811 0.7713 0.6263
5196.0000 -1645.4641 4301.1509 -598.0892 -0.0793 0.0808 0.7711 0.6265
5197.0000 -1645.8430 4302.9462 -598.4949 -0.0801 0.0813 0.7710 0.6266
5198.0000 -1646.2288 4304.7259 -598.8886 -0.0806 0.0817 0.7707 0.6268
5199.0000 -1646.6055 4306.5105 -599.2952 -0.0805 0.0813 0.7705 0.6271
5200.0000 -1646.9773 4308.2949 -599.7114 -0.0802 0.0807 0.7703 0.6274
5201.0000 -1647.3480 4310.0809 -600.1284 -0.0800 0.0805 0.7701 0.6278
5202.0000 -1647.7279 4311.8880 -600.5508 -0.0801 0.0808 0.7698 0.6281
5203.0000 -1648.1021 4313.7008 -600.9587 -0.0806 0.0811 0.7696 0.6282
5204.0000 -1648.4705 4315.4957 -601.3641 -0.0811 0.0816 0.7693 0.6284
5205.0000 -1648.8403 4317.2732 -601.7651 -0.0811 0.0819 0.7690 0.6287
5206.0000 -1649.2119 4319.0395 -602.1811 -0.0804 0.0819 0.7687 0.6292
5207.0000 -1649.5861 4320.8375 -602.6003 -0.0800 0.0815 0.7684 0.6297
5208.0000 -1649.9511 4322.6578 -603.0129 -0.0800 0.0812 0.7683 0.6298
5209.0000 -1650.3121 4324.4671 -603.4178 -0.0808 0.0814 0.7682 0.6299
5210.0000 -1650.6752 4326.2486 -603.8329 -0.0818 0.0818 0.7677 0.6303
5211.0000 -1651.0420 4328.0459 -604.2615 -0.0825 0.0817 0.7670 0.6310
5212.0000 -1651.4018 4329.8472 -604.6802 -0.0827 0.0807 0.7663 0.6320
5213.0000 -1651.7687 4331.6580 -605.0970 -0.0829 0.0797 0.7655 0.6331
5214.0000 -1652.1210 4333.4644 -605.5189 -0.0828 0.0793 0.7649 0.6339
5215.0000 -1652.4535 4335.2677 -605.9410 -0.0826 0.0797 0.7642 0.6347
5216.0000 -1652.7875 4337.0679 -606.3518 -0.0827 0.0804 0.7635 0.6354
5217.0000 -1653.1315 4338.8663 -606.7643 -0.0828 0.0808 0.7629 0.6361
5218.0000 -1653.4697 4340.6853 -607.1775 -0.0832 0.0800 0.7623 0.6369
5219.0000 -1653.7994 4342.4808 -607.5994 -0.0833 0.0793 0.7616 0.6378
5220.0000 -1654.1212 4344.2820 -608.0303 -0.0830 0.0794 0.7609 0.6387
5221.0000 -1654.4476 4346.1034 -608.4579 -0.0824 0.0802 0.7601 0.6395
5222.0000 -1654.7701 4347.9404 -608.8630 -0.0822 0.0803 0.7595 0.6402
5223.0000 -1655.0735 4349.7626 -609.2783 -0.0829 0.0803 0.7588 0.6410
5224.0000 -1655.3850 4351.5537 -609.7044 -0.0842 0.0805 0.7582 0.6415
5225.0000 -1655.7016 4353.3585 -610.1419 -0.0843 0.0809 0.7577 0.6421
5226.0000 -1656.0168 4355.1815 -610.5541 -0.0837 0.0807 0.7571 0.6428
5227.0000 -1656.3292 4357.0407 -610.9810 -0.0833 0.0800 0.7567 0.6435
5228.0000 -1656.6430 4358.9036 -611.4195 -0.0837 0.0795 0.7562 0.6440
5229.0000 -1656.9376 4360.6958 -611.8468 -0.0842 0.0794 0.7558 0.6445
5230.0000 -1657.2139 4362.4741 -612.2594 -0.0844 0.0795 0.7553 0.6450
5231.0000 -1657.4965 4364.2973 -612.6665 -0.0844 0.0800 0.7547 0.6456
5232.0000 -1657.8010 4366.1657 -613.0955 -0.0841 0.0809 0.7542 0.6462
5233.0000 -1658.0944 4368.0099 -613.5294 -0.0839 0.0814 0.7537 0.6467
5234.0000 -1658.3818 4369.8414 -613.9642 -0.0841 0.0804 0.7535 0.6471
5235.0000 -1658.6699 4371.6701 -614.4005 -0.0847 0.0789 0.7532 0.6475
5236.0000 -1658.9506 4373.5005 -614.8401 -0.0853 0.0782 0.7528 0.6480
5237.0000 -1659.2322 4375.3192 -615.2529 -0.0855 0.0785 0.7523 0.6485
5238.0000 -1659.5118 4377.1634 -615.6694 -0.0854 0.0795 0.7520 0.6487
5239.0000 -1659.7833 4379.0349 -616.0986 -0.0855 0.0799 0.7520 0.6487
5240.0000 -1660.0643 4380.8898 -616.5370 -0.0862 0.0794 0.7518 0.6488
5241.0000 -1660.3496 4382.7121 -616.9857 -0.0868 0.0787 0.7515 0.6493
5242.0000 -1660.6198 4384.5211 -617.4279 -0.0867 0.0784 0.7510 0.6499
5243.0000 -1660.8892 4386.3710 -617.8546 -0.0863 0.0788 0.7507 0.6502
5244.0000 -1661.1533 4388.2403 -618.2679 -0.0863 0.0792 0.7506 0.6502
5245.0000 -1661.4323 4390.0992 -618.6998 -0.0861 0.0791 0.7505 0.6504
5246.0000 -1661.7068 4391.9592 -619.1589 -0.0862 0.0789 0.7502 0.6508
5247.0000 -1661.9720 4393.8090 -619.6145 -0.0867 0.0788 0.7498 0.6512
5248.0000 -1662.2299 4395.6360 -620.0237 -0.0872 0.0782 0.7496 0.6514
5249.0000 -1662.4929 4397.4893 -620.4442 -0.0870 0.0777 0.7494 0.6517
5250.0000 -1662.7556 4399.3526 -620.8894 -0.0865 0.0778 0.7492 0.6520
5251.0000 -1663.0166 4401.2177 -621.3311 -0.0867 0.0784 0.7490 0.6522
5252.0000 -1663.2683 4403.0747 -621.7646 -0.0873 0.0786 0.7486 0.6525
5253.0000 -1663.5317 4404.9199 -622.1923 -0.0873 0.0781 0.7483 0.6529
5254.0000 -1663.7986 4406.7563 -622.6310 -0.0875 0.0775 0.7478 0.6535
5255.0000 -1664.0603 4408.6175 -623.0868 -0.0881 0.0776 0.7475 0.6538
5256.0000 -1664.3023 4410.5084 -623.5246 -0.0885 0.0781 0.7472 0.6540
5257.0000 -1664.5502 4412.3924 -623.9524 -0.0886 0.0784 0.7468 0.6544
5258.0000 -1664.7904 4414.2501 -624.3845 -0.0886 0.0782 0.7463 0.6551
5259.0000 -1665.0481 4416.1151 -624.8304 -0.0889 0.0780 0.7457 0.6557
5260.0000 -1665.3074 4417.9666 -625.2726 -0.0890 0.0777 0.7453 0.6562
5261.0000 -1665.5474 4419.8272 -625.7158 -0.0891 0.0773 0.7448 0.6568
5262.0000 -1665.7758 4421.6970 -626.1583 -0.0894 0.0770 0.7442 0.6574
5263.0000 -1666.0056 4423.5774 -626.5945 -0.0907 0.0772 0.7436 0.6579
5264.0000 -1666.2411 4425.4543 -627.0335 -0.0915 0.0772 0.7431 0.6584
5265.0000 -1666.4764 4427.3249 -627.4830 -0.0911 0.0762 0.7426 0.6592
5266.0000 -1666.7070 4429.1849 -627.9467 -0.0904 0.0753 0.7419 0.6601
5267.0000 -1666.9271 4431.0497 -628.3983 -0.0906 0.0758 0.7413 0.6607
5268.0000 -1667.1450 4432.9181 -628.8240 -0.0910 0.0770 0.7406 0.6613
5269.0000 -1667.3356 4434.7786 -629.2448 -0.0913 0.0775 0.7401 0.6618
5270.0000 -1667.5366 4436.6671 -629.6852 -0.0913 0.0775 0.7396 0.6623
5271.0000 -1667.7374 4438.5483 -630.1398 -0.0915 0.0766 0.7389 0.6632
5272.0000 -1667.9541 4440.4115 -630.6035 -0.0917 0.0758 0.7382 0.6640
5273.0000 -1668.1701 4442.2684 -631.0597 -0.0919 0.0756 0.7375 0.6648
5274.0000 -1668.3745 4444.1412 -631.4852 -0.0924 0.0760 0.7370 0.6653
5275.0000 -1668.5489 4446.0284 -631.9074 -0.0929 0.0762 0.7366 0.6656
5276.0000 -1668.7224 4447.9273 -632.3606 -0.0931 0.0758 0.7361 0.6661
5277.0000 -1668.9139 4449.7976 -632.8268 -0.0926 0.0753 0.7355 0.6670
5278.0000 -1669.1127 4451.6830 -633.2987 -0.0921 0.0757 0.7350 0.6676
5279.0000 -1669.2901 4453.5521 -633.7308 -0.0918 0.0763 0.7345 0.6680
5280.0000 -1669.4552 4455.4070 -634.1540 -0.0914 0.0766 0.7340 0.6686
5281.0000 -1669.6364 4457.2857 -634.5960 -0.0915 0.0770 0.7335 0.6690
5282.0000 -1669.8159 4459.1870 -635.0653 -0.0922 0.0775 0.7330 0.6695
5283.0000 -1669.9854 4461.0639 -635.5174 -0.0923 0.0771 0.7326 0.6700
5284.0000 -1670.1538 4462.9667 -635.9680 -0.0919 0.0761 0.7322 0.6705
5285.0000 -1670.3283 4464.8403 -636.4227 -0.0919 0.0759 0.7317 0.6711
5286.0000 -1670.4915 4466.7168 -636.8643 -0.0920 0.0766 0.7312 0.6715
5287.0000 -1670.6507 4468.5977 -637.3013 -0.0924 0.0772 0.7310 0.6717
5288.0000 -1670.8013 4470.4765 -637.7442 -0.0925 0.0772 0.7308 0.6719
5289.0000 -1670.9570 4472.3700 -638.1974 -0.0922 0.0765 0.7304 0.6724
5290.0000 -1671.1158 4474.2700 -638.6600 -0.0927 0.0764 0.7299 0.6730
5291.0000 -1671.2727 4476.1749 -639.1214 -0.0930 0.0770 0.7294 0.6733
5292.0000 -1671.4256 4478.0539 -639.5621 -0.0930 0.0769 0.7293 0.6735
5293.0000 -1671.5719 4479.9220 -640.0061 -0.0931 0.0765 0.7291 0.6737
5294.0000 -1671.7260 4481.8158 -640.4736 -0.0936 0.0763 0.7290 0.6738
5295.0000 -1671.8766 4483.6871 -640.9182 -0.0943 0.0764 0.7287 0.6740
5296.0000 -1672.0130 4485.5623 -641.3634 -0.0944 0.0765 0.7284 0.6743
5297.0000 -1672.1543 4487.4634 -641.8182 -0.0942 0.0763 0.7283 0.6744
5298.0000 -1672.3085 4489.3713 -642.2767 -0.0940 0.0761 0.7282 0.6746
5299.0000 -1672.4549 4491.2490 -642.7251 -0.0945 0.0761 0.7279 0.6749
5300.0000 -1672.6017 4493.1361 -643.1894 -0.0948 0.0767 0.7275 0.6752
5301.0000 -1672.7404 4495.0269 -643.6526 -0.0948 0.0770 0.7274 0.6752
5302.0000 -1672.8689 4496.9076 -644.0965 -0.0946 0.0767 0.7275 0.6753
5303.0000 -1673.0145 4498.7776 -644.5472 -0.0942 0.0766 0.7274 0.6754
5304.0000 -1673.1425 4500.6632 -645.0004 -0.0945 0.0771 0.7271 0.6756
5305.0000 -1673.2705 4502.5481 -645.4567 -0.0951 0.0775 0.7268 0.6758
5306.0000 -1673.4011 4504.4259 -645.9064 -0.0954 0.0772 0.7268 0.6758
5307.0000 -1673.5400 4506.3193 -646.3702 -0.0955 0.0764 0.7267 0.6760
5308.0000 -1673.6810 4508.2031 -646.8401 -0.0951 0.0759 0.7267 0.6761
5309.0000 -1673.8154 4510.0932 -647.2890 -0.0949 0.0754 0.7266 0.6763
5310.0000 -1673.9567 4511.9794 -647.7366 -0.0948 0.0756 0.7264 0.6765
5311.0000 -1674.0913 4513.8567 -648.1952 -0.0955 0.0760 0.7263 0.6765
5312.0000 -1674.2253 4515.7574 -648.6606 -0.0958 0.0763 0.7262 0.6765
5313.0000 -1674.3448 4517.6662 -649.1148 -0.0959 0.0757 0.7262 0.6766
5314.0000 -1674.4820 4519.5667 -649.5896 -0.0957 0.0759 0.7260 0.6768
5315.0000 -1674.6084 4521.4522 -650.0454 -0.0951 0.0770 0.7256 0.6772
5316.0000 -1674.7317 4523.3312 -650.4749 -0.0942 0.0778 0.7255 0.6773
5317.0000 -1674.8652 4525.2010 -650.9073 -0.0943 0.0773 0.7253 0.6775
5318.0000 -1675.0061 4527.0938 -651.3912 -0.0955 0.0764 0.7251 0.6777
5319.0000 -1675.1344 4529.0076 -651.8914 -0.0967 0.0757 0.7249 0.6778
5320.0000 -1675.2528 4530.9169 -652.3570 -0.0970 0.0755 0.7246 0.6781
5321.0000 -1675.3663 4532.8028 -652.7857 -0.0971 0.0754 0.7244 0.6784
5322.0000 -1675.4913 4534.6944 -653.2325 -0.0975 0.0755 0.7241 0.6786
5323.0000 -1675.6143 4536.6015 -653.7138 -0.0976 0.0755 0.7239 0.6787
5324.0000 -1675.7399 4538.5009 -654.2055 -0.0977 0.0754 0.7236 0.6791
5325.0000 -1675.8612 4540.4129 -654.6683 -0.0976 0.0753 0.7233 0.6794
5326.0000 -1675.9729 4542.3218 -655.1173 -0.0974 0.0755 0.7231 0.6796
5327.0000 -1676.0740 4544.2390 -655.5766 -0.0973 0.0761 0.7230 0.6797
5328.0000 -1676.1946 4546.1541 -656.0523 -0.0972 0.0763 0.7230 0.6797
5329.0000 -1676.3118 4548.0649 -656.5255 -0.0975 0.0760 0.7229 0.6798
5330.0000 -1676.4256 4549.9591 -656.9909 -0.0980 0.0758 0.7229 0.6798
5331.0000 -1676.5469 4551.8733 -657.4641 -0.0980 0.0759 0.7229 0.6797
5332.0000 -1676.6557 4553.7866 -657.9325 -0.0979 0.0767 0.7228 0.6798
5333.0000 -1676.7642 4555.6967 -658.3925 -0.0973 0.0776 0.7228 0.6798
5334.0000 -1676.8805 4557.6189 -658.8600 -0.0972 0.0772 0.7227 0.6800
5335.0000 -1677.0035 4559.5346 -659.3385 -0.0976 0.0759 0.7227 0.6800
5336.0000 -1677.1211 4561.4390 -659.8210 -0.0988 0.0748 0.7227 0.6800
5337.0000 -1677.2344 4563.3467 -660.3030 -0.0990 0.0750 0.7226 0.6800
5338.0000 -1677.3356 4565.2539 -660.7603 -0.0985 0.0757 0.7226 0.6800
5339.0000 -1677.4514 4567.1934 -661.2295 -0.0982 0.0759 0.7226 0.6800
5340.0000 -1677.5656 4569.1306 -661.7045 -0.0983 0.0759 0.7226 0.6800
5341.0000 -1677.6745 4571.0563 -662.1829 -0.0985 0.0760 0.7224 0.6802
5342.0000 -1677.7870 4572.9708 -662.6574 -0.0983 0.0760 0.7223 0.6803
5343.0000 -1677.8941 4574.8968 -663.1304 -0.0984 0.0760 0.7224 0.6802
5344.0000 -1678.0033 4576.8277 -663.6096 -0.0989 0.0761 0.7224 0.6801
5345.0000 -1678.1185 4578.7658 -664.0776 -0.0995 0.0759 0.7223 0.6801
5346.0000 -1678.2293 4580.6921 -664.5603 -0.1002 0.0754 0.7223 0.6801
5347.0000 -1678.3498 4582.6193 -665.0536 -0.1003 0.0756 0.7222 0.6802
5348.0000 -1678.4564 4584.5451 -665.5220 -0.0998 0.0764 0.7221 0.6803
5349.0000 -1678.5661 4586.4951 -665.9905 -0.0995 0.0764 0.7220 0.6804
5350.0000 -1678.6766 4588.4402 -666.4835 -0.0996 0.0758 0.7219 0.6806
5351.0000 -1678.7819 4590.3663 -666.9679 -0.1002 0.0749 0.7219 0.6806
5352.0000 -1678.9004 4592.2803 -667.4590 -0.1008 0.0743 0.7215 0.6810
5353.0000 -1679.0156 4594.2239 -667.9442 -0.1012 0.0746 0.7209 0.6815
5354.0000 -1679.1198 4596.1787 -668.4214 -0.1013 0.0752 0.7203 0.6821
5355.0000 -1679.2177 4598.1254 -668.8859 -0.1009 0.0755 0.7197 0.6827
5356.0000 -1679.3239 4600.0699 -669.3694 -0.1007 0.0750 0.7194 0.6832
5357.0000 -1679.4264 4601.9955 -669.8626 -0.1010 0.0738 0.7191 0.6836
5358.0000 -1679.5139 4603.9459 -670.3615 -0.1015 0.0734 0.7186 0.6840
5359.0000 -1679.6096 4605.9164 -670.8543 -0.1019 0.0743 0.7181 0.6845
5360.0000 -1679.6925 4607.8733 -671.3268 -0.1022 0.0752 0.7177 0.6847
5361.0000 -1679.7829 4609.8268 -671.7929 -0.1029 0.0752 0.7176 0.6847
5362.0000 -1679.8693 4611.7688 -672.2887 -0.1039 0.0742 0.7174 0.6849
5363.0000 -1679.9566 4613.7264 -672.8184 -0.1037 0.0729 0.7170 0.6854
5364.0000 -1680.0387 4615.6842 -673.3059 -0.1027 0.0724 0.7165 0.6862
5365.0000 -1680.1228 4617.6445 -673.7787 -0.1018 0.0734 0.7163 0.6864
5366.0000 -1680.2072 4619.6067 -674.2350 -0.1017 0.0745 0.7163 0.6864
5367.0000 -1680.2760 4621.5574 -674.7200 -0.1024 0.0753 0.7161 0.6863
5368.0000 -1680.3441 4623.5224 -675.2309 -0.1030 0.0756 0.7161 0.6862
5369.0000 -1680.4186 4625.5022 -675.7399 -0.1027 0.0749 0.7163 0.6862
5370.0000 -1680.4949 4627.4740 -676.2332 -0.1023 0.0742 0.7163 0.6862
5371.0000 -1680.5862 4629.4422 -676.7205 -0.1027 0.0745 0.7161 0.6863
5372.0000 -1680.6641 4631.4125 -677.2140 -0.1031 0.0752 0.7160 0.6863
5373.0000 -1680.7442 4633.3794 -677.7067 -0.1030 0.0753 0.7160 0.6863
5374.0000 -1680.8184 4635.3468 -678.2029 -0.1028 0.0750 0.7162 0.6862
5375.0000 -1680.8985 4637.3323 -678.6992 -0.1026 0.0746 0.7164 0.6861
5376.0000 -1680.9732 4639.2984 -679.1928 -0.1030 0.0747 0.7162 0.6862
5377.0000 -1681.0419 4641.2803 -679.6863 -0.1035 0.0749 0.7161 0.6862
5378.0000 -1681.1169 4643.2508 -680.1843 -0.1037 0.0751 0.7160 0.6862
5379.0000 -1681.1918 4645.2278 -680.6940 -0.1036 0.0751 0.7161 0.6861
5380.0000 -1681.2845 4647.2435 -681.2054 -0.1034 0.0749 0.7163 0.6860
5381.0000 -1681.3758 4649.2156 -681.7063 -0.1036 0.0751 0.7163 0.6859
5382.0000 -1681.4435 4651.1789 -682.1986 -0.1040 0.0754 0.7163 0.6859
5383.0000 -1681.5275 4653.1607 -682.6990 -0.1042 0.0755 0.7162 0.6859
5384.0000 -1681.5966 4655.1720 -683.2055 -0.1044 0.0755 0.7162 0.6859
5385.0000 -1681.6821 4657.1809 -683.7147 -0.1044 0.0753 0.7163 0.6858
5386.0000 -1681.7621 4659.1589 -684.2306 -0.1046 0.0757 0.7163 0.6858
5387.0000 -1681.8385 4661.1473 -684.7464 -0.1044 0.0759 0.7162 0.6858
5388.0000 -1681.9199 4663.1583 -685.2500 -0.1044 0.0758 0.7163 0.6858
5389.0000 -1681.9951 4665.1716 -685.7623 -0.1045 0.0760 0.7163 0.6857
5390.0000 -1682.0706 4667.1774 -686.2722 -0.1047 0.0762 0.7162 0.6857
5391.0000 -1682.1409 4669.1624 -686.7816 -0.1049 0.0765 0.7162 0.6857
5392.0000 -1682.2221 4671.1648 -687.2970 -0.1049 0.0764 0.7163 0.6856
5393.0000 -1682.3033 4673.1750 -687.8116 -0.1047 0.0765 0.7164 0.6856
5394.0000 -1682.3914 4675.1687 -688.3274 -0.1044 0.0771 0.7163 0.6856
5395.0000 -1682.4649 4677.1880 -688.8334 -0.1042 0.0770 0.7166 0.6854
5396.0000 -1682.5550 4679.1765 -689.3410 -0.1045 0.0766 0.7167 0.6852
5397.0000 -1682.6252 4681.1862 -689.8612 -0.1049 0.0765 0.7168 0.6851
5398.0000 -1682.7168 4683.1940 -690.3779 -0.1053 0.0773 0.7167 0.6851
5399.0000 -1682.8095 4685.2159 -690.9022 -0.1055 0.0781 0.7168 0.6848
5400.0000 -1682.8859 4687.2261 -691.4259 -0.1050 0.0780 0.7168 0.6849
5401.0000 -1682.9680 4689.2322 -691.9337 -0.1045 0.0769 0.7168 0.6851
5402.0000 -1683.0533 4691.2627 -692.4588 -0.1048 0.0763 0.7169 0.6850
5403.0000 -1683.1359 4693.2981 -692.9923 -0.1055 0.0770 0.7170 0.6848
5404.0000 -1683.2152 4695.3056 -693.5146 -0.1056 0.0778 0.7168 0.6848
5405.0000 -1683.3088 4697.3335 -694.0299 -0.1050 0.0778 0.7169 0.6849
5406.0000 -1683.3995 4699.3538 -694.5457 -0.1052 0.0773 0.7170 0.6847
5407.0000 -1683.4906 4701.3711 -695.0692 -0.1059 0.0767 0.7170 0.6847
5408.0000 -1683.5755 4703.3906 -695.6025 -0.1059 0.0767 0.7169 0.6848
5409.0000 -1683.6558 4705.4312 -696.1305 -0.1058 0.0769 0.7171 0.6846
5410.0000 -1683.7482 4707.4687 -696.6537 -0.1059 0.0769 0.7173 0.6843
5411.0000 -1683.8347 4709.4895 -697.1725 -0.1060 0.0766 0.7174 0.6843
5412.0000 -1683.9079 4711.5230 -697.6964 -0.1063 0.0762 0.7174 0.6843
5413.0000 -1683.9960 4713.5532 -698.2202 -0.1066 0.0765 0.7175 0.6841
5414.0000 -1684.0883 4715.5859 -698.7475 -0.1066 0.0764 0.7177 0.6839
5415.0000 -1684.2040 4717.6168 -699.2761 -0.1065 0.0756 0.7177 0.6840
5416.0000 -1684.2907 4719.6586 -699.8031 -0.1066 0.0750 0.7176 0.6841
5417.0000 -1684.3691 4721.7096 -700.3327 -0.1071 0.0752 0.7176 0.6841
5418.0000 -1684.4630 4723.7507 -700.8488 -0.1076 0.0753 0.7176 0.6840
5419.0000 -1684.5614 4725.7714 -701.3764 -0.1082 0.0754 0.7178 0.6836
5420.0000 -1684.6672 4727.8170 -701.9265 -0.1093 0.0757 0.7178 0.6834
5421.0000 -1684.7477 4729.8695 -702.4762 -0.1106 0.0771 0.7176 0.6833
5422.0000 -1684.8371 4731.9327 -703.0295 -0.1106 0.0794 0.7173 0.6834
5423.0000 -1684.9285 4733.9813 -703.5504 -0.1093 0.0806 0.7172 0.6835
5424.0000 -1685.0081 4736.0287 -704.0784 -0.1080 0.0798 0.7174 0.6835
5425.0000 -1685.1034 4738.0671 -704.6409 -0.1076 0.0783 0.7177 0.6836
5426.0000 -1685.2012 4740.1008 -705.2030 -0.1080 0.0777 0.7178 0.6835
5427.0000 -1685.2894 4742.1493 -705.7388 -0.1080 0.0778 0.7178 0.6834
5428.0000 -1685.3909 4744.2246 -706.2693 -0.1080 0.0782 0.7177 0.6835
5429.0000 -1685.4721 4746.3044 -706.8003 -0.1080 0.0783 0.7177 0.6835
5430.0000 -1685.5710 4748.3527 -707.3530 -0.1079 0.0784 0.7176 0.6835
5431.0000 -1685.6521 4750.3960 -707.9043 -0.1078 0.0784 0.7177 0.6835
5432.0000 -1685.7400 4752.4717 -708.4544 -0.1078 0.0786 0.7177 0.6835
5433.0000 -1685.8448 4754.5430 -708.9968 -0.1077 0.0792 0.7176 0.6835
5434.0000 -1685.9393 4756.6038 -709.5350 -0.1079 0.0798 0.7176 0.6834
5435.0000 -1686.0354 4758.6843 -710.0904 -0.1080 0.0798 0.7177 0.6833
5436.0000 -1686.1234 4760.7652 -710.6529 -0.1077 0.0797 0.7177 0.6834
5437.0000 -1686.2108 4762.8469 -711.2118 -0.1077 0.0797 0.7177 0.6834
5438.0000 -1686.3046 4764.9182 -711.7596 -0.1079 0.0799 0.7177 0.6833
5439.0000 -1686.4106 4766.9994 -712.3037 -0.1080 0.0800 0.7177 0.6833
5440.0000 -1686.5074 4769.0832 -712.8613 -0.1080 0.0799 0.7177 0.6833
5441.0000 -1686.6028 4771.1974 -713.4307 -0.1084 0.0799 0.7177 0.6832
5442.0000 -1686.6889 4773.2925 -713.9904 -0.1087 0.0798 0.7176 0.6832
5443.0000 -1686.7844 4775.3950 -714.5539 -0.1092 0.0794 0.7176 0.6832
5444.0000 -1686.8842 4777.4682 -715.1142 -0.1099 0.0793 0.7176 0.6831
5445.0000 -1686.9857 4779.5602 -715.6825 -0.1102 0.0795 0.7177 0.6830
5446.0000 -1687.0780 4781.7022 -716.2530 -0.1097 0.0801 0.7177 0.6830
5447.0000 -1687.1713 4783.8258 -716.8219 -0.1089 0.0801 0.7175 0.6833
5448.0000 -1687.2751 4785.9460 -717.3905 -0.1084 0.0798 0.7176 0.6833
5449.0000 -1687.3614 4788.0595 -717.9586 -0.1091 0.0793 0.7179 0.6830
5450.0000 -1687.4577 4790.1695 -718.5394 -0.1100 0.0791 0.7180 0.6828
5451.0000 -1687.5555 4792.2996 -719.1160 -0.1105 0.0796 0.7178 0.6828
5452.0000 -1687.6516 4794.4249 -719.6819 -0.1104 0.0800 0.7176 0.6830
5453.0000 -1687.7528 4796.5775 -720.2518 -0.1099 0.0799 0.7175 0.6832
5454.0000 -1687.8484 4798.7194 -720.8277 -0.1097 0.0795 0.7176 0.6832
5455.0000 -1687.9472 4800.8647 -721.4198 -0.1098 0.0794 0.7176 0.6831
5456.0000 -1688.0419 4802.9812 -721.9997 -0.1105 0.0796 0.7176 0.6830
5457.0000 -1688.1352 4805.1286 -722.5772 -0.1111 0.0799 0.7176 0.6829
5458.0000 -1688.2441 4807.3048 -723.1708 -0.1112 0.0802 0.7175 0.6829
5459.0000 -1688.3455 4809.4846 -723.7643 -0.1112 0.0803 0.7176 0.6829
5460.0000 -1688.4470 4811.6428 -724.3477 -0.1114 0.0801 0.7176 0.6828
5461.0000 -1688.5407 4813.8030 -724.9373 -0.1119 0.0797 0.7176 0.6827
5462.0000 -1688.6538 4815.9737 -725.5368 -0.1122 0.0791 0.7178 0.6826
5463.0000 -1688.7580 4818.1567 -726.1425 -0.1122 0.0785 0.7177 0.6827
5464.0000 -1688.8432 4820.3390 -726.7321 -0.1122 0.0783 0.7177 0.6828
5465.0000 -1688.9454 4822.5087 -727.3222 -0.1121 0.0791 0.7175 0.6829
5466.0000 -1689.0523 4824.6878 -727.9028 -0.1118 0.0799 0.7174 0.6830
5467.0000 -1689.1423 4826.8905 -728.5003 -0.1111 0.0803 0.7174 0.6831
5468.0000 -1689.2407 4829.1025 -729.1063 -0.1110 0.0796 0.7175 0.6831
5469.0000 -1689.3305 4831.2944 -729.7219 -0.1115 0.0795 0.7175 0.6830
5470.0000 -1689.4339 4833.4963 -730.3334 -0.1122 0.0798 0.7172 0.6832
5471.0000 -1689.5389 4835.7159 -730.9346 -0.1126 0.0799 0.7167 0.6836
5472.0000 -1689.6370 4837.9367 -731.5345 -0.1125 0.0801 0.7162 0.6841
5473.0000 -1689.7296 4840.1467 -732.1352 -0.1125 0.0799 0.7162 0.6841
5474.0000 -1689.8224 4842.3722 -732.7543 -0.1132 0.0792 0.7163 0.6840
5475.0000 -1689.9159 4844.6069 -733.3755 -0.1132 0.0788 0.7160 0.6843
5476.0000 -1690.0081 4846.8510 -733.9837 -0.1124 0.0791 0.7156 0.6849
5477.0000 -1690.1020 4849.0912 -734.5828 -0.1124 0.0800 0.7152 0.6852
5478.0000 -1690.1889 4851.3417 -735.2013 -0.1128 0.0808 0.7151 0.6851
5479.0000 -1690.2847 4853.5896 -735.8305 -0.1131 0.0807 0.7152 0.6850
5480.0000 -1690.3728 4855.8353 -736.4488 -0.1133 0.0797 0.7153 0.6849
5481.0000 -1690.4606 4858.0929 -737.0853 -0.1140 0.0789 0.7152 0.6850
5482.0000 -1690.5338 4860.3611 -737.7159 -0.1143 0.0792 0.7150 0.6852
5483.0000 -1690.6139 4862.6258 -738.3239 -0.1141 0.0796 0.7148 0.6853
5484.0000 -1690.7122 4864.8952 -738.9401 -0.1141 0.0793 0.7148 0.6854
5485.0000 -1690.7954 4867.1720 -739.5826 -0.1144 0.0792 0.7147 0.6855
5486.0000 -1690.8734 4869.4687 -740.2199 -0.1139 0.0795 0.7147 0.6855
5487.0000 -1690.9562 4871.7616 -740.8422 -0.1134 0.0800 0.7145 0.6857
5488.0000 -1691.0363 4874.0449 -741.4780 -0.1136 0.0811 0.7143 0.6857
5489.0000 -1691.1128 4876.3339 -742.1222 -0.1140 0.0824 0.7141 0.6858
5490.0000 -1691.1978 4878.6411 -742.7562 -0.1136 0.0824 0.7141 0.6859
5491.0000 -1691.2884 4880.9471 -743.3928 -0.1137 0.0809 0.7142 0.6859
5492.0000 -1691.3818 4883.2569 -744.0553 -0.1139 0.0798 0.7142 0.6860
5493.0000 -1691.4638 4885.5763 -744.7118 -0.1139 0.0801 0.7141 0.6861
5494.0000 -1691.5319 4887.9157 -745.3540 -0.1136 0.0811 0.7140 0.6861
5495.0000 -1691.6112 4890.2444 -745.9803 -0.1132 0.0821 0.7139 0.6862
5496.0000 -1691.6890 4892.5598 -746.6144 -0.1134 0.0824 0.7137 0.6862
5497.0000 -1691.7734 4894.8888 -747.2713 -0.1142 0.0823 0.7136 0.6863
5498.0000 -1691.8603 4897.2389 -747.9494 -0.1150 0.0817 0.7137 0.6861
5499.0000 -1691.9461 4899.5830 -748.6171 -0.1157 0.0816 0.7136 0.6861
5500.0000 -1692.0195 4901.9278 -749.2740 -0.1161 0.0816 0.7134 0.6863
5501.0000 -1692.1034 4904.2599 -749.9314 -0.1160 0.0817 0.7134 0.6862
5502.0000 -1692.1868 4906.6160 -750.5976 -0.1151 0.0817 0.7135 0.6863
5503.0000 -1692.2672 4908.9850 -751.2607 -0.1141 0.0814 0.7134 0.6866
5504.0000 -1692.3492 4911.3479 -751.9159 -0.1137 0.0816 0.7134 0.6867
5505.0000 -1692.4247 4913.7104 -752.5697 -0.1141 0.0821 0.7133 0.6866
5506.0000 -1692.5016 4916.0694 -753.2355 -0.1149 0.0827 0.7132 0.6865
5507.0000 -1692.5776 4918.4307 -753.9145 -0.1150 0.0837 0.7130 0.6866
5508.0000 -1692.6536 4920.8254 -754.5799 -0.1147 0.0834 0.7129 0.6867
5509.0000 -1692.7372 4923.2035 -755.2415 -0.1141 0.0821 0.7132 0.6867
5510.0000 -1692.8192 4925.6033 -755.9235 -0.1142 0.0817 0.7135 0.6864
5511.0000 -1692.8925 4927.9858 -756.6072 -0.1153 0.0827 0.7134 0.6863
5512.0000 -1692.9658 4930.3840 -757.2866 -0.1155 0.0841 0.7132 0.6863
5513.0000 -1693.0527 4932.7976 -757.9467 -0.1146 0.0846 0.7134 0.6862
5514.0000 -1693.1532 4935.2009 -758.6138 -0.1141 0.0841 0.7136 0.6860
5515.0000 -1693.2380 4937.5833 -759.3043 -0.1147 0.0829 0.7138 0.6859
5516.0000 -1693.3084 4939.9865 -760.0017 -0.1160 0.0816 0.7143 0.6854
5517.0000 -1693.3971 4942.4200 -760.6813 -0.1170 0.0813 0.7144 0.6850
5518.0000 -1693.4973 4944.8393 -761.3639 -0.1174 0.0820 0.7146 0.6847
5519.0000 -1693.5974 4947.2470 -762.0537 -0.1171 0.0829 0.7147 0.6846
5520.0000 -1693.6789 4949.6866 -762.7452 -0.1165 0.0836 0.7147 0.6845
5521.0000 -1693.7628 4952.1206 -763.4275 -0.1158 0.0835 0.7153 0.6841
5522.0000 -1693.8712 4954.5466 -764.1252 -0.1161 0.0832 0.7155 0.6839
5523.0000 -1693.9694 4956.9633 -764.8370 -0.1167 0.0831 0.7156 0.6837
5524.0000 -1694.0690 4959.4008 -765.5346 -0.1168 0.0832 0.7158 0.6834
5525.0000 -1694.1669 4961.8362 -766.2113 -0.1164 0.0834 0.7163 0.6829
5526.0000 -1694.2724 4964.2752 -766.9081 -0.1166 0.0836 0.7168 0.6824
5527.0000 -1694.3849 4966.7089 -767.6115 -0.1169 0.0840 0.7170 0.6821
5528.0000 -1694.4920 4969.1503 -768.3027 -0.1167 0.0843 0.7173 0.6818
5529.0000 -1694.5913 4971.5908 -769.0052 -0.1169 0.0843 0.7176 0.6813
5530.0000 -1694.7269 4974.0592 -769.7134 -0.1174 0.0844 0.7178 0.6810
5531.0000 -1694.8552 4976.5250 -770.4144 -0.1176 0.0839 0.7179 0.6810
5532.0000 -1694.9627 4978.9554 -771.1122 -0.1175 0.0834 0.7179 0.6811
5533.0000 -1695.0646 4981.3833 -771.8199 -0.1181 0.0841 0.7178 0.6810
5534.0000 -1695.1854 4983.8385 -772.5280 -0.1182 0.0855 0.7177 0.6809
5535.0000 -1695.3063 4986.3011 -773.2223 -0.1175 0.0859 0.7177 0.6810
5536.0000 -1695.4236 4988.7631 -773.9282 -0.1168 0.0849 0.7176 0.6813
5537.0000 -1695.5477 4991.2159 -774.6389 -0.1171 0.0837 0.7177 0.6813
5538.0000 -1695.6529 4993.6750 -775.3720 -0.1183 0.0837 0.7175 0.6813
5539.0000 -1695.7598 4996.1327 -776.0887 -0.1190 0.0847 0.7171 0.6815
5540.0000 -1695.8751 4998.5972 -776.7845 -0.1185 0.0855 0.7169 0.6817
5541.0000 -1695.9997 5001.0529 -777.4725 -0.1175 0.0857 0.7169 0.6818
5542.0000 -1696.1053 5003.5048 -778.1886 -0.1177 0.0857 0.7169 0.6818
5543.0000 -1696.2090 5005.9861 -778.9332 -0.1183 0.0863 0.7166 0.6820
5544.0000 -1696.3194 5008.4573 -779.6591 -0.1184 0.0860 0.7164 0.6821
5545.0000 -1696.4316 5010.8901 -780.3454 -0.1186 0.0847 0.7163 0.6824
5546.0000 -1696.5483 5013.3614 -781.0704 -0.1187 0.0847 0.7162 0.6825
5547.0000 -1696.6456 5015.8486 -781.8173 -0.1186 0.0863 0.7160 0.6825
5548.0000 -1696.7417 5018.3277 -782.5356 -0.1181 0.0874 0.7158 0.6826
5549.0000 -1696.8530 5020.7929 -783.2317 -0.1177 0.0873 0.7156 0.6830
5550.0000 -1696.9644 5023.2384 -783.9458 -0.1188 0.0870 0.7156 0.6828
5551.0000 -1697.0792 5025.7103 -784.6963 -0.1213 0.0862 0.7157 0.6823
5552.0000 -1697.1854 5028.1850 -785.4503 -0.1214 0.0841 0.7161 0.6822
5553.0000 -1697.3050 5030.6670 -786.1672 -0.1187 0.0818 0.7164 0.6826
5554.0000 -1697.3907 5033.1737 -786.8629 -0.1183 0.0822 0.7164 0.6827
5555.0000 -1697.4795 5035.6654 -787.5808 -0.1205 0.0852 0.7160 0.6823
5556.0000 -1697.5997 5038.1489 -788.3081 -0.1218 0.0871 0.7157 0.6822
5557.0000 -1697.7155 5040.6329 -789.0415 -0.1214 0.0860 0.7156 0.6825
5558.0000 -1697.8151 5043.1005 -789.7673 -0.1209 0.0835 0.7156 0.6828
5559.0000 -1697.9179 5045.5767 -790.5057 -0.1208 0.0831 0.7156 0.6830
5560.0000 -1698.0220 5048.0615 -791.2398 -0.1214 0.0846 0.7152 0.6830
5561.0000 -1698.1196 5050.5671 -791.9683 -0.1216 0.0855 0.7149 0.6832
5562.0000 -1698.2247 5053.0604 -792.6897 -0.1213 0.0854 0.7148 0.6834
5563.0000 -1698.3345 5055.5561 -793.4207 -0.1211 0.0851 0.7147 0.6835
5564.0000 -1698.4308 5058.0427 -794.1613 -0.1212 0.0848 0.7147 0.6836
5565.0000 -1698.5025 5060.5230 -794.9012 -0.1212 0.0849 0.7147 0.6836
5566.0000 -1698.6051 5063.0357 -795.6428 -0.1203 0.0856 0.7144 0.6840
5567.0000 -1698.7175 5065.5277 -796.3530 -0.1194 0.0860 0.7142 0.6843
5568.0000 -1698.8161 5068.0143 -797.0726 -0.1197 0.0863 0.7140 0.6844
5569.0000 -1698.9056 5070.5061 -797.8143 -0.1212 0.0868 0.7139 0.6842
5570.0000 -1698.9898 5073.0418 -798.5816 -0.1220 0.0868 0.7138 0.6842
5571.0000 -1699.0751 5075.5505 -799.3332 -0.1220 0.0864 0.7138 0.6842
5572.0000 -1699.1739 5078.0267 -800.0640 -0.1219 0.0862 0.7137 0.6844
5573.0000 -1699.2737 5080.5389 -800.8011 -0.1217 0.0866 0.7136 0.6844
5574.0000 -1699.3730 5083.0843 -801.5552 -0.1222 0.0872 0.7137 0.6841
5575.0000 -1699.4614 5085.6073 -802.3187 -0.1234 0.0873 0.7139 0.6837
5576.0000 -1699.5549 5088.0909 -803.0764 -0.1232 0.0871 0.7140 0.6837
5577.0000 -1699.6539 5090.5825 -803.8105 -0.1222 0.0864 0.7143 0.6837
5578.0000 -1699.7451 5093.1140 -804.5597 -0.1217 0.0864 0.7143 0.6837
5579.0000 -1699.8412 5095.6746 -805.3205 -0.1215 0.0871 0.7143 0.6837
5580.0000 -1699.9331 5098.1970 -806.0654 -0.1218 0.0872 0.7143 0.6836
5581.0000 -1700.0419 5100.6944 -806.8076 -0.1225 0.0868 0.7146 0.6833
5582.0000 -1700.1493 5103.1942 -807.5632 -0.1232 0.0861 0.7147 0.6830
5583.0000 -1700.2418 5105.7392 -808.3246 -0.1233 0.0855 0.7148 0.6830
5584.0000 -1700.3418 5108.2839 -809.0911 -0.1232 0.0860 0.7145 0.6833
5585.0000 -1700.4426 5110.8055 -809.8487 -0.1230 0.0872 0.7143 0.6834
5586.0000 -1700.5333 5113.3204 -810.5981 -0.1222 0.0885 0.7142 0.6835
5587.0000 -1700.6250 5115.8811 -811.3490 -0.1217 0.0895 0.7142 0.6834
5588.0000 -1700.7314 5118.4315 -812.1108 -0.1228 0.0895 0.7138 0.6837
5589.0000 -1700.8543 5120.9286 -812.8831 -0.1241 0.0879 0.7135 0.6840
5590.0000 -1700.9554 5123.4784 -813.6762 -0.1244 0.0857 0.7134 0.6843
5591.0000 -1701.0447 5126.0430 -814.4492 -0.1238 0.0848 0.7132 0.6848
5592.0000 -1701.1281 5128.6018 -815.1973 -0.1232 0.0865 0.7127 0.6851
5593.0000 -1701.2101 5131.1311 -815.9428 -0.1235 0.0887 0.7122 0.6853
5594.0000 -1701.3044 5133.6746 -816.7053 -0.1234 0.0888 0.7119 0.6856
5595.0000 -1701.3957 5136.2364 -817.4900 -0.1232 0.0873 0.7118 0.6860
5596.0000 -1701.4706 5138.7788 -818.2770 -0.1233 0.0867 0.7115 0.6864
5597.0000 -1701.5488 5141.3330 -819.0517 -0.1240 0.0871 0.7111 0.6866
5598.0000 -1701.6270 5143.8639 -819.8087 -0.1245 0.0886 0.7106 0.6868
5599.0000 -1701.6853 5146.4382 -820.5746 -0.1241 0.0896 0.7101 0.6873
5600.0000 -1701.7540 5149.0174 -821.3497 -0.1228 0.0889 0.7100 0.6877
5601.0000 -1701.8268 5151.5930 -822.1470 -0.1226 0.0875 0.7100 0.6879
5602.0000 -1701.8913 5154.1464 -822.9431 -0.1236 0.0878 0.7098 0.6879
5603.0000 -1701.9552 5156.7066 -823.7096 -0.1239 0.0888 0.7094 0.6881
5604.0000 -1702.0322 5159.2787 -824.4607 -0.1241 0.0891 0.7091 0.6884
5605.0000 -1702.0907 5161.8537 -825.2398 -0.1243 0.0886 0.7089 0.6886
5606.0000 -1702.1559 5164.4109 -826.0447 -0.1244 0.0885 0.7086 0.6888
5607.0000 -1702.2127 5167.0128 -826.8533 -0.1245 0.0891 0.7085 0.6889
5608.0000 -1702.2554 5169.5835 -827.6211 -0.1237 0.0895 0.7084 0.6891
5609.0000 -1702.3031 5172.1620 -828.3833 -0.1235 0.0897 0.7082 0.6894
5610.0000 -1702.3818 5174.7549 -829.1663 -0.1245 0.0897 0.7077 0.6897
5611.0000 -1702.4341 5177.3405 -829.9802 -0.1255 0.0899 0.7071 0.6901
5612.0000 -1702.4738 5179.9145 -830.7738 -0.1255 0.0893 0.7070 0.6902
5613.0000 -1702.5094 5182.5138 -831.5543 -0.1251 0.0885 0.7069 0.6905
5614.0000 -1702.5675 5185.1139 -832.3481 -0.1253 0.0881 0.7065 0.6909
5615.0000 -1702.6320 5187.7189 -833.1611 -0.1259 0.0887 0.7059 0.6914
5616.0000 -1702.6552 5190.3220 -833.9689 -0.1257 0.0891 0.7055 0.6918
5617.0000 -1702.6842 5192.9201 -834.7507 -0.1251 0.0892 0.7054 0.6919
5618.0000 -1702.7172 5195.5359 -835.5415 -0.1247 0.0892 0.7054 0.6920
5619.0000 -1702.7543 5198.1422 -836.3316 -0.1253 0.0892 0.7051 0.6922
5620.0000 -1702.7959 5200.7306 -837.1428 -0.1260 0.0890 0.7047 0.6926
5621.0000 -1702.8232 5203.3534 -837.9464 -0.1265 0.0888 0.7046 0.6926
5622.0000 -1702.8484 5205.9597 -838.7522 -0.1264 0.0893 0.7044 0.6927
5623.0000 -1702.8833 5208.5983 -839.5612 -0.1261 0.0900 0.7043 0.6928
5624.0000 -1702.9159 5211.2418 -840.3637 -0.1264 0.0897 0.7042 0.6929
5625.0000 -1702.9377 5213.8481 -841.1774 -0.1272 0.0892 0.7040 0.6930
5626.0000 -1702.9598 5216.4444 -841.9930 -0.1271 0.0890 0.7039 0.6932
5627.0000 -1702.9887 5219.0720 -842.7998 -0.1264 0.0890 0.7039 0.6933
5628.0000 -1703.0111 5221.7201 -843.5976 -0.1265 0.0893 0.7039 0.6933
5629.0000 -1703.0289 5224.3441 -844.4046 -0.1267 0.0899 0.7035 0.6935
5630.0000 -1703.0456 5226.9674 -845.2191 -0.1271 0.0899 0.7030 0.6939
5631.0000 -1703.0615 5229.6113 -846.0422 -0.1272 0.0895 0.7028 0.6942
5632.0000 -1703.0738 5232.2416 -846.8640 -0.1270 0.0895 0.7027 0.6943
5633.0000 -1703.1030 5234.8544 -847.6633 -0.1263 0.0897 0.7025 0.6946
5634.0000 -1703.1055 5237.4932 -848.4710 -0.1256 0.0902 0.7021 0.6951
5635.0000 -1703.1245 5240.1549 -849.2704 -0.1253 0.0904 0.7018 0.6954
5636.0000 -1703.1512 5242.8191 -850.1019 -0.1262 0.0905 0.7015 0.6956
5637.0000 -1703.1408 5245.4825 -850.9503 -0.1270 0.0910 0.7013 0.6955
5638.0000 -1703.1224 5248.1404 -851.7784 -0.1268 0.0917 0.7012 0.6956
5639.0000 -1703.1212 5250.7847 -852.5832 -0.1266 0.0919 0.7010 0.6958
5640.0000 -1703.1405 5253.4186 -853.3997 -0.1273 0.0920 0.7009 0.6957
5641.0000 -1703.1378 5256.0769 -854.2495 -0.1275 0.0922 0.7010 0.6956
5642.0000 -1703.1382 5258.7572 -855.0945 -0.1269 0.0921 0.7012 0.6955
5643.0000 -1703.1321 5261.4282 -855.9237 -0.1265 0.0923 0.7011 0.6957
5644.0000 -1703.1353 5264.1014 -856.7480 -0.1266 0.0926 0.7009 0.6958
5645.0000 -1703.1409 5266.7568 -857.5723 -0.1273 0.0919 0.7012 0.6955
5646.0000 -1703.1572 5269.3959 -858.4204 -0.1274 0.0911 0.7012 0.6955
5647.0000 -1703.1581 5272.0676 -859.2704 -0.1268 0.0918 0.7009 0.6958
5648.0000 -1703.1467 5274.7558 -860.0900 -0.1266 0.0931 0.7007 0.6960
5649.0000 -1703.1547 5277.4281 -860.8987 -0.1266 0.0925 0.7009 0.6958
5650.0000 -1703.1615 5280.1049 -861.7425 -0.1270 0.0910 0.7012 0.6957
5651.0000 -1703.1609 5282.8177 -862.6106 -0.1276 0.0905 0.7010 0.6957
5652.0000 -1703.1526 5285.5105 -863.4564 -0.1272 0.0917 0.7006 0.6961
5653.0000 -1703.1458 5288.1942 -864.2645 -0.1261 0.0933 0.7002 0.6965
5654.0000 -1703.1288 5290.8554 -865.0744 -0.1261 0.0943 0.7000 0.6966
5655.0000 -1703.1403 5293.5559 -865.9391 -0.1275 0.0944 0.6997 0.6966
5656.0000 -1703.1355 5296.2671 -866.8266 -0.1282 0.0928 0.6994 0.6970
5657.0000 -1703.1372 5298.9682 -867.6945 -0.1284 0.0916 0.6988 0.6977
5658.0000 -1703.1328 5301.6563 -868.5317 -0.1280 0.0915 0.6981 0.6985
5659.0000 -1703.1140 5304.3707 -869.3606 -0.1280 0.0919 0.6975 0.6990
5660.0000 -1703.0863 5307.1037 -870.2160 -0.1286 0.0925 0.6969 0.6994
5661.0000 -1703.0502 5309.8125 -871.0776 -0.1290 0.0930 0.6961 0.7001
5662.0000 -1703.0196 5312.5055 -871.9406 -0.1287 0.0929 0.6954 0.7008
5663.0000 -1702.9898 5315.2107 -872.7873 -0.1284 0.0923 0.6949 0.7015
5664.0000 -1702.9416 5317.9459 -873.6484 -0.1289 0.0919 0.6946 0.7018
5665.0000 -1702.8979 5320.7015 -874.5225 -0.1288 0.0921 0.6942 0.7022
5666.0000 -1702.8421 5323.4386 -875.3834 -0.1281 0.0925 0.6938 0.7026
5667.0000 -1702.7865 5326.1194 -876.2184 -0.1279 0.0926 0.6936 0.7029
5668.0000 -1702.7346 5328.8500 -877.0823 -0.1279 0.0931 0.6934 0.7030
5669.0000 -1702.6715 5331.6126 -877.9573 -0.1278 0.0936 0.6935 0.7028
5670.0000 -1702.6160 5334.3676 -878.8225 -0.1275 0.0936 0.6936 0.7028
5671.0000 -1702.5645 5337.1056 -879.6855 -0.1272 0.0936 0.6933 0.7031
5672.0000 -1702.5049 5339.8330 -880.5493 -0.1275 0.0936 0.6932 0.7031
5673.0000 -1702.4537 5342.5657 -881.4075 -0.1285 0.0936 0.6932 0.7030
5674.0000 -1702.3952 5345.3245 -882.2909 -0.1289 0.0941 0.6929 0.7031
5675.0000 -1702.3225 5348.0890 -883.1696 -0.1284 0.0951 0.6927 0.7033
5676.0000 -1702.2550 5350.8317 -884.0278 -0.1280 0.0953 0.6925 0.7036
5677.0000 -1702.2011 5353.5517 -884.8915 -0.1277 0.0947 0.6924 0.7038
5678.0000 -1702.1380 5356.3003 -885.7721 -0.1281 0.0935 0.6924 0.7039
5679.0000 -1702.0722 5359.0605 -886.6504 -0.1288 0.0927 0.6921 0.7041
5680.0000 -1702.0053 5361.8247 -887.5103 -0.1292 0.0928 0.6917 0.7045
5681.0000 -1701.9501 5364.5577 -888.3621 -0.1294 0.0937 0.6911 0.7049
5682.0000 -1701.8760 5367.3066 -889.2382 -0.1296 0.0943 0.6906 0.7052
5683.0000 -1701.7967 5370.0742 -890.1261 -0.1296 0.0938 0.6898 0.7061
5684.0000 -1701.7199 5372.8435 -891.0126 -0.1292 0.0927 0.6890 0.7071
5685.0000 -1701.6345 5375.5953 -891.8764 -0.1293 0.0915 0.6883 0.7079
5686.0000 -1701.5333 5378.3386 -892.7463 -0.1301 0.0919 0.6879 0.7081
5687.0000 -1701.4288 5381.1105 -893.6330 -0.1300 0.0933 0.6872 0.7086
5688.0000 -1701.3219 5383.8949 -894.4946 -0.1292 0.0937 0.6865 0.7094
5689.0000 -1701.2115 5386.6573 -895.3594 -0.1289 0.0930 0.6861 0.7100
5690.0000 -1701.0995 5389.4166 -896.2445 -0.1288 0.0927 0.6856 0.7105
5691.0000 -1700.9816 5392.2009 -897.1278 -0.1291 0.0926 0.6850 0.7110
5692.0000 -1700.8596 5394.9711 -898.0034 -0.1298 0.0927 0.6843 0.7115
5693.0000 -1700.7399 5397.7246 -898.8696 -0.1304 0.0929 0.6836 0.7121
5694.0000 -1700.6114 5400.4940 -899.7518 -0.1306 0.0927 0.6831 0.7125
5695.0000 -1700.4668 5403.2652 -900.6348 -0.1302 0.0929 0.6826 0.7131
5696.0000 -1700.3157 5406.0470 -901.5077 -0.1298 0.0933 0.6820 0.7137
5697.0000 -1700.1739 5408.8711 -902.3949 -0.1294 0.0937 0.6815 0.7142
5698.0000 -1700.0213 5411.6510 -903.2729 -0.1295 0.0936 0.6812 0.7145
5699.0000 -1699.8600 5414.4053 -904.1612 -0.1302 0.0932 0.6810 0.7146
5700.0000 -1699.7055 5417.1695 -905.0545 -0.1307 0.0936 0.6806 0.7148
5701.0000 -1699.5438 5419.9595 -905.9254 -0.1306 0.0941 0.6800 0.7153
5702.0000 -1699.3740 5422.7409 -906.7837 -0.1300 0.0944 0.6793 0.7161
5703.0000 -1699.2181 5425.5133 -907.6717 -0.1298 0.0941 0.6788 0.7166
5704.0000 -1699.0460 5428.2988 -908.5758 -0.1297 0.0936 0.6786 0.7169
5705.0000 -1698.8666 5431.0550 -909.4381 -0.1303 0.0922 0.6785 0.7171
5706.0000 -1698.6974 5433.7984 -910.3068 -0.1313 0.0916 0.6780 0.7174
5707.0000 -1698.5199 5436.5524 -911.1850 -0.1317 0.0929 0.6773 0.7178
5708.0000 -1698.3319 5439.3306 -912.0567 -0.1311 0.0943 0.6767 0.7183
5709.0000 -1698.1475 5442.1004 -912.9268 -0.1303 0.0944 0.6764 0.7187
5710.0000 -1697.9657 5444.8514 -913.8017 -0.1307 0.0932 0.6761 0.7191
5711.0000 -1697.7650 5447.6150 -914.6883 -0.1316 0.0921 0.6760 0.7192
5712.0000 -1697.5559 5450.3972 -915.5792 -0.1320 0.0918 0.6757 0.7195
5713.0000 -1697.3578 5453.1657 -916.4434 -0.1316 0.0922 0.6753 0.7198
5714.0000 -1697.1707 5455.9268 -917.2989 -0.1312 0.0926 0.6750 0.7201
5715.0000 -1696.9753 5458.6771 -918.1732 -0.1314 0.0927 0.6749 0.7202
5716.0000 -1696.7768 5461.4438 -919.0622 -0.1317 0.0927 0.6749 0.7202
5717.0000 -1696.5630 5464.2018 -919.9361 -0.1315 0.0929 0.6746 0.7204
5718.0000 -1696.3520 5466.9576 -920.7911 -0.1311 0.0934 0.6740 0.7209
5719.0000 -1696.1501 5469.7342 -921.6723 -0.1315 0.0937 0.6738 0.7211
5720.0000 -1695.9458 5472.4817 -922.5554 -0.1326 0.0928 0.6738 0.7210
5721.0000 -1695.7268 5475.2073 -923.4476 -0.1334 0.0918 0.6735 0.7213
5722.0000 -1695.5072 5477.9462 -924.3347 -0.1331 0.0917 0.6729 0.7218
5723.0000 -1695.2977 5480.7264 -925.1936 -0.1322 0.0923 0.6723 0.7225
5724.0000 -1695.0854 5483.4811 -926.0393 -0.1317 0.0931 0.6718 0.7229
5725.0000 -1694.8631 5486.2341 -926.9121 -0.1322 0.0934 0.6713 0.7233
5726.0000 -1694.6266 5488.9670 -927.8059 -0.1328 0.0928 0.6709 0.7237
5727.0000 -1694.3887 5491.6727 -928.6862 -0.1324 0.0916 0.6703 0.7244
5728.0000 -1694.1496 5494.4103 -929.5502 -0.1318 0.0908 0.6699 0.7250
5729.0000 -1693.9055 5497.1698 -930.4057 -0.1323 0.0911 0.6692 0.7255
5730.0000 -1693.6708 5499.9193 -931.2609 -0.1332 0.0918 0.6685 0.7259
5731.0000 -1693.4191 5502.6531 -932.1165 -0.1334 0.0919 0.6680 0.7264
5732.0000 -1693.1631 5505.3798 -932.9983 -0.1334 0.0915 0.6675 0.7269
5733.0000 -1692.8992 5508.1093 -933.8823 -0.1332 0.0916 0.6667 0.7276
5734.0000 -1692.6341 5510.8201 -934.7445 -0.1331 0.0920 0.6661 0.7281
5735.0000 -1692.3719 5513.5254 -935.5885 -0.1330 0.0923 0.6655 0.7286
5736.0000 -1692.1067 5516.2525 -936.4436 -0.1330 0.0916 0.6651 0.7291
5737.0000 -1691.8184 5518.9895 -937.3312 -0.1331 0.0912 0.6646 0.7296
5738.0000 -1691.5291 5521.7207 -938.2075 -0.1334 0.0916 0.6641 0.7299
5739.0000 -1691.2545 5524.4294 -939.0563 -0.1337 0.0923 0.6634 0.7304
5740.0000 -1690.9695 5527.1201 -939.8880 -0.1340 0.0923 0.6629 0.7308
5741.0000 -1690.6821 5529.8388 -940.7528 -0.1339 0.0917 0.6625 0.7313
5742.0000 -1690.3701 5532.5546 -941.6348 -0.1339 0.0909 0.6621 0.7317
5743.0000 -1690.0653 5535.2518 -942.4988 -0.1342 0.0905 0.6617 0.7321
5744.0000 -1689.7757 5537.9420 -943.3644 -0.1340 0.0914 0.6610 0.7327
5745.0000 -1689.4737 5540.6605 -944.2081 -0.1336 0.0919 0.6603 0.7333
5746.0000 -1689.1557 5543.3758 -945.0426 -0.1329 0.0912 0.6600 0.7338
5747.0000 -1688.8363 5546.0767 -945.9021 -0.1329 0.0903 0.6597 0.7342
5748.0000 -1688.5214 5548.7543 -946.7711 -0.1330 0.0900 0.6591 0.7347
5749.0000 -1688.1985 5551.4410 -947.6237 -0.1338 0.0908 0.6584 0.7351
5750.0000 -1687.8737 5554.1378 -948.4704 -0.1343 0.0920 0.6578 0.7354
5751.0000 -1687.5459 5556.8271 -949.3158 -0.1341 0.0925 0.6574 0.7357
5752.0000 -1687.2285 5559.4867 -950.1729 -0.1336 0.0918 0.6570 0.7363
5753.0000 -1686.8947 5562.1870 -951.0354 -0.1333 0.0904 0.6567 0.7367
5754.0000 -1686.5426 5564.8892 -951.8848 -0.1336 0.0901 0.6563 0.7371
5755.0000 -1686.1963 5567.5728 -952.7344 -0.1340 0.0911 0.6557 0.7374
5756.0000 -1685.8577 5570.2235 -953.5667 -0.1335 0.0917 0.6553 0.7378
5757.0000 -1685.5110 5572.8835 -954.3879 -0.1330 0.0914 0.6551 0.7381
5758.0000 -1685.1572 5575.5788 -955.2457 -0.1334 0.0907 0.6547 0.7385
5759.0000 -1684.8014 5578.2682 -956.1171 -0.1342 0.0903 0.6542 0.7388
5760.0000 -1684.4476 5580.9367 -956.9717 -0.1345 0.0907 0.6539 0.7390
5761.0000 -1684.0994 5583.5833 -957.7820 -0.1348 0.0909 0.6537 0.7391
5762.0000 -1683.7441 5586.2253 -958.6224 -0.1345 0.0909 0.6534 0.7394
5763.0000 -1683.3732 5588.8960 -959.4774 -0.1335 0.0909 0.6529 0.7401
5764.0000 -1683.0078 5591.5812 -960.3186 -0.1333 0.0905 0.6523 0.7406
5765.0000 -1682.6404 5594.2464 -961.1628 -0.1336 0.0904 0.6518 0.7410
5766.0000 -1682.2804 5596.8686 -961.9894 -0.1340 0.0904 0.6514 0.7413
5767.0000 -1681.9135 5599.5000 -962.8254 -0.1343 0.0904 0.6508 0.7418
5768.0000 -1681.5357 5602.1742 -963.6682 -0.1341 0.0904 0.6503 0.7422
5769.0000 -1681.1403 5604.8403 -964.5094 -0.1339 0.0904 0.6498 0.7427
5770.0000 -1680.7581 5607.4755 -965.3368 -0.1335 0.0908 0.6491 0.7434
5771.0000 -1680.3648 5610.0977 -966.1613 -0.1337 0.0911 0.6483 0.7440
5772.0000 -1679.9674 5612.7463 -967.0078 -0.1340 0.0918 0.6477 0.7444
5773.0000 -1679.5746 5615.3889 -967.8407 -0.1339 0.0921 0.6470 0.7449
5774.0000 -1679.1819 5618.0018 -968.6643 -0.1339 0.0914 0.6463 0.7456
5775.0000 -1678.7777 5620.6101 -969.4971 -0.1346 0.0907 0.6456 0.7463
5776.0000 -1678.3636 5623.2259 -970.3378 -0.1352 0.0904 0.6449 0.7467
5777.0000 -1677.9477 5625.8303 -971.1690 -0.1350 0.0902 0.6444 0.7473
5778.0000 -1677.5310 5628.4553 -971.9880 -0.1344 0.0905 0.6438 0.7479
5779.0000 -1677.1192 5631.0619 -972.7902 -0.1343 0.0906 0.6431 0.7485
5780.0000 -1676.6960 5633.6601 -973.6140 -0.1345 0.0904 0.6424 0.7490
5781.0000 -1676.2448 5636.2607 -974.4544 -0.1350 0.0902 0.6419 0.7494
5782.0000 -1675.8069 5638.8627 -975.2846 -0.1355 0.0901 0.6411 0.7500
5783.0000 -1675.3808 5641.4366 -976.0935 -0.1351 0.0899 0.6402 0.7509
5784.0000 -1674.9452 5644.0182 -976.9039 -0.1346 0.0898 0.6397 0.7514
5785.0000 -1674.4933 5646.6053 -977.7266 -0.1346 0.0895 0.6391 0.7519
5786.0000 -1674.0135 5649.1949 -978.5481 -0.1351 0.0887 0.6386 0.7524
5787.0000 -1673.5538 5651.7866 -979.3681 -0.1351 0.0882 0.6379 0.7530
5788.0000 -1673.1040 5654.3609 -980.1837 -0.1355 0.0883 0.6370 0.7537
5789.0000 -1672.6416 5656.9365 -980.9992 -0.1353 0.0894 0.6362 0.7543
5790.0000 -1672.1587 5659.5128 -981.7975 -0.1345 0.0901 0.6353 0.7551
5791.0000 -1671.6665 5662.0934 -982.6033 -0.1338 0.0897 0.6345 0.7560
5792.0000 -1671.1773 5664.6463 -983.4154 -0.1341 0.0889 0.6339 0.7565
5793.0000 -1670.7052 5667.2133 -984.2392 -0.1353 0.0884 0.6334 0.7568
5794.0000 -1670.2129 5669.7985 -985.0614 -0.1362 0.0883 0.6328 0.7571
5795.0000 -1669.7230 5672.3626 -985.8698 -0.1359 0.0885 0.6320 0.7578
5796.0000 -1669.2232 5674.9078 -986.6599 -0.1350 0.0884 0.6312 0.7587
5797.0000 -1668.7106 5677.4789 -987.4651 -0.1343 0.0881 0.6308 0.7592
5798.0000 -1668.1994 5680.0487 -988.2750 -0.1345 0.0878 0.6304 0.7594
5799.0000 -1667.6672 5682.6130 -989.0862 -0.1356 0.0879 0.6300 0.7596
5800.0000 -1667.1439 5685.1756 -989.8902 -0.1361 0.0878 0.6295 0.7600
5801.0000 -1666.6335 5687.7353 -990.6948 -0.1358 0.0877 0.6287 0.7606
5802.0000 -1666.1073 5690.2891 -991.4993 -0.1350 0.0881 0.6278 0.7615
5803.0000 -1665.5875 5692.8306 -992.2929 -0.1347 0.0886 0.6271 0.7621
5804.0000 -1665.0573 5695.3734 -993.0930 -0.1347 0.0885 0.6265 0.7626
5805.0000 -1664.5167 5697.9241 -993.9044 -0.1354 0.0880 0.6261 0.7629
5806.0000 -1663.9614 5700.4881 -994.7369 -0.1361 0.0879 0.6255 0.7632
5807.0000 -1663.4139 5703.0448 -995.5398 -0.1362 0.0878 0.6247 0.7638
5808.0000 -1662.8665 5705.5958 -996.3323 -0.1358 0.0875 0.6241 0.7644
5809.0000 -1662.3021 5708.1569 -997.1170 -0.1353 0.0872 0.6238 0.7649
5810.0000 -1661.7419 5710.7034 -997.9321 -0.1348 0.0871 0.6234 0.7653
5811.0000 -1661.1962 5713.2335 -998.7432 -0.1354 0.0869 0.6227 0.7657
5812.0000 -1660.6357 5715.7841 -999.5511 -0.1365 0.0869 0.6220 0.7661
5813.0000 -1660.0482 5718.3319 -1000.3479 -0.1366 0.0871 0.6214 0.7666
5814.0000 -1659.4704 5720.8735 -1001.1375 -0.1353 0.0870 0.6209 0.7672
5815.0000 -1658.8916 5723.4109 -1001.9228 -0.1345 0.0868 0.6205 0.7677
5816.0000 -1658.3170 5725.9568 -1002.7244 -0.1353 0.0869 0.6199 0.7680
5817.0000 -1657.7288 5728.4992 -1003.5471 -0.1364 0.0870 0.6192 0.7683
5818.0000 -1657.1435 5731.0295 -1004.3491 -0.1368 0.0869 0.6187 0.7688
5819.0000 -1656.5512 5733.5850 -1005.1316 -0.1364 0.0862 0.6182 0.7693
5820.0000 -1655.9427 5736.1354 -1005.9278 -0.1356 0.0857 0.6177 0.7699
5821.0000 -1655.3392 5738.6637 -1006.7329 -0.1355 0.0859 0.6172 0.7703
5822.0000 -1654.7332 5741.2177 -1007.5321 -0.1361 0.0861 0.6165 0.7707
5823.0000 -1654.1253 5743.7769 -1008.3243 -0.1365 0.0859 0.6159 0.7711
5824.0000 -1653.5064 5746.3273 -1009.1265 -0.1364 0.0859 0.6154 0.7715
5825.0000 -1652.8845 5748.8555 -1009.9339 -0.1361 0.0861 0.6148 0.7721
5826.0000 -1652.2699 5751.3918 -1010.7262 -0.1359 0.0864 0.6142 0.7725
5827.0000 -1651.6456 5753.9353 -1011.5127 -0.1358 0.0862 0.6136 0.7730
5828.0000 -1651.0067 5756.4908 -1012.3165 -0.1359 0.0860 0.6130 0.7735
5829.0000 -1650.3606 5759.0589 -1013.1242 -0.1366 0.0856 0.6124 0.7739
5830.0000 -1649.7209 5761.5947 -1013.9239 -0.1370 0.0851 0.6118 0.7744
5831.0000 -1649.0859 5764.1244 -1014.7230 -0.1369 0.0851 0.6111 0.7750
5832.0000 -1648.4427 5766.6576 -1015.5081 -0.1369 0.0853 0.6104 0.7755
5833.0000 -1647.7819 5769.1996 -1016.3043 -0.1370 0.0856 0.6096 0.7761
5834.0000 -1647.1182 5771.7293 -1017.0992 -0.1367 0.0851 0.6089 0.7767
5835.0000 -1646.4592 5774.2566 -1017.8886 -0.1363 0.0838 0.6083 0.7774
5836.0000 -1645.7957 5776.8051 -1018.6955 -0.1368 0.0834 0.6076 0.7779
5837.0000 -1645.1252 5779.3479 -1019.4867 -0.1382 0.0842 0.6064 0.7785
5838.0000 -1644.4492 5781.8724 -1020.2652 -0.1386 0.0850 0.6052 0.7793
5839.0000 -1643.7611 5784.3929 -1021.0517 -0.1377 0.0850 0.6044 0.7801
5840.0000 -1643.0643 5786.9211 -1021.8440 -0.1373 0.0840 0.6038 0.7807
5841.0000 -1642.3679 5789.4453 -1022.6372 -0.1378 0.0828 0.6030 0.7814
5842.0000 -1641.6744 5791.9837 -1023.4487 -0.1386 0.0827 0.6020 0.7820
5843.0000 -1640.9615 5794.5236 -1024.2386 -0.1389 0.0830 0.6012 0.7825
5844.0000 -1640.2423 5797.0354 -1025.0159 -0.1381 0.0830 0.6006 0.7831
5845.0000 -1639.5173 5799.5586 -1025.7901 -0.1376 0.0831 0.6000 0.7837
5846.0000 -1638.7836 5802.0801 -1026.5753 -0.1376 0.0832 0.5994 0.7841
5847.0000 -1638.0670 5804.6097 -1027.3742 -0.1375 0.0831 0.5986 0.7848
5848.0000 -1637.3373 5807.1497 -1028.1736 -0.1375 0.0832 0.5976 0.7855
5849.0000 -1636.5929 5809.6757 -1028.9581 -0.1381 0.0836 0.5964 0.7863
5850.0000 -1635.8416 5812.1740 -1029.7489 -0.1382 0.0839 0.5955 0.7869
5851.0000 -1635.0857 5814.6980 -1030.5300 -0.1377 0.0837 0.5949 0.7875
5852.0000 -1634.3261 5817.2237 -1031.3099 -0.1375 0.0832 0.5942 0.7881
5853.0000 -1633.5626 5819.7544 -1032.1038 -0.1379 0.0823 0.5936 0.7886
5854.0000 -1632.7947 5822.2540 -1032.9034 -0.1385 0.0818 0.5928 0.7891
5855.0000 -1632.0078 5824.7942 -1033.6905 -0.1388 0.0821 0.5922 0.7895
5856.0000 -1631.2224 5827.3381 -1034.4720 -0.1384 0.0823 0.5919 0.7898
5857.0000 -1630.4513 5829.8410 -1035.2486 -0.1383 0.0828 0.5914 0.7901
5858.0000 -1629.6750 5832.3270 -1036.0315 -0.1386 0.0831 0.5908 0.7905
5859.0000 -1628.8815 5834.8524 -1036.8124 -0.1390 0.0826 0.5904 0.7908
5860.0000 -1628.0843 5837.3716 -1037.6024 -0.1391 0.0816 0.5899 0.7912
5861.0000 -1627.2779 5839.9069 -1038.3901 -0.1390 0.0811 0.5895 0.7915
5862.0000 -1626.4838 5842.4338 -1039.1733 -0.1392 0.0814 0.5890 0.7919
5863.0000 -1625.6849 5844.9299 -1039.9558 -0.1388 0.0819 0.5885 0.7922
5864.0000 -1624.8780 5847.4388 -1040.7444 -0.1386 0.0820 0.5881 0.7926
5865.0000 -1624.0573 5849.9586 -1041.5313 -0.1385 0.0819 0.5875 0.7930
5866.0000 -1623.2362 5852.5002 -1042.3062 -0.1393 0.0812 0.5872 0.7932
5867.0000 -1622.4338 5855.0019 -1043.1055 -0.1401 0.0810 0.5866 0.7935
5868.0000 -1621.6191 5857.4949 -1043.8830 -0.1403 0.0809 0.5859 0.7941
5869.0000 -1620.7796 5860.0441 -1044.6600 -0.1399 0.0808 0.5853 0.7945
5870.0000 -1619.9625 5862.5724 -1045.4321 -0.1402 0.0805 0.5848 0.7949
5871.0000 -1619.1451 5865.0699 -1046.2321 -0.1408 0.0809 0.5840 0.7953
5872.0000 -1618.2901 5867.5795 -1047.0200 -0.1408 0.0811 0.5834 0.7957
5873.0000 -1617.4490 5870.0783 -1047.7903 -0.1404 0.0803 0.5829 0.7963
5874.0000 -1616.5995 5872.5832 -1048.5632 -0.1402 0.0794 0.5825 0.7967
5875.0000 -1615.7652 5875.1057 -1049.3446 -0.1407 0.0796 0.5817 0.7972
5876.0000 -1614.9137 5877.6385 -1050.1338 -0.1415 0.0800 0.5811 0.7975
5877.0000 -1614.0436 5880.1396 -1050.9267 -0.1412 0.0800 0.5805 0.7979
5878.0000 -1613.1817 5882.6267 -1051.6961 -0.1394 0.0800 0.5797 0.7988
5879.0000 -1612.3169 5885.1299 -1052.4531 -0.1385 0.0803 0.5788 0.7996
5880.0000 -1611.4537 5887.6327 -1053.2279 -0.1395 0.0805 0.5777 0.8002
5881.0000 -1610.5761 5890.1457 -1054.0294 -0.1411 0.0799 0.5769 0.8006
5882.0000 -1609.6853 5892.6563 -1054.8190 -0.1420 0.0793 0.5761 0.8010
5883.0000 -1608.7975 5895.1515 -1055.5956 -0.1414 0.0794 0.5752 0.8017
5884.0000 -1607.9025 5897.6397 -1056.3437 -0.1404 0.0796 0.5744 0.8025
5885.0000 -1606.9981 5900.1393 -1057.1136 -0.1402 0.0797 0.5737 0.8030
5886.0000 -1606.0988 5902.6410 -1057.9053 -0.1409 0.0798 0.5730 0.8034
5887.0000 -1605.1875 5905.1359 -1058.6950 -0.1413 0.0794 0.5723 0.8039
5888.0000 -1604.2880 5907.5958 -1059.4556 -0.1415 0.0785 0.5714 0.8045
5889.0000 -1603.3585 5910.0930 -1060.2186 -0.1419 0.0783 0.5707 0.8050
5890.0000 -1602.4235 5912.6090 -1060.9945 -0.1417 0.0781 0.5699 0.8056
5891.0000 -1601.5006 5915.1086 -1061.7748 -0.1417 0.0780 0.5689 0.8064
5892.0000 -1600.5770 5917.5838 -1062.5481 -0.1420 0.0786 0.5679 0.8069
5893.0000 -1599.6204 5920.0573 -1063.3164 -0.1417 0.0791 0.5672 0.8075
5894.0000 -1598.6588 5922.5418 -1064.0822 -0.1414 0.0785 0.5665 0.8080
5895.0000 -1597.7218 5925.0118 -1064.8441 -0.1424 0.0774 0.5658 0.8084
5896.0000 -1596.7802 5927.5071 -1065.6381 -0.1431 0.0772 0.5649 0.8090
5897.0000 -1595.7959 5929.9974 -1066.4222 -0.1430 0.0774 0.5639 0.8097
5898.0000 -1594.8040 5932.5160 -1067.1915 -0.1424 0.0772 0.5633 0.8102
5899.0000 -1593.8409 5935.0076 -1067.9513 -0.1419 0.0769 0.5625 0.8109
5900.0000 -1592.8706 5937.4879 -1068.7225 -0.1421 0.0765 0.5618 0.8114
5901.0000 -1591.8748 5939.9471 -1069.4976 -0.1427 0.0765 0.5611 0.8117
5902.0000 -1590.8843 5942.4172 -1070.2581 -0.1430 0.0771 0.5604 0.8121
5903.0000 -1589.8887 5944.9032 -1071.0271 -0.1423 0.0780 0.5594 0.8129
5904.0000 -1588.8858 5947.3943 -1071.7934 -0.1411 0.0784 0.5585 0.8137
5905.0000 -1587.8891 5949.8481 -1072.5529 -0.1411 0.0779 0.5578 0.8142
5906.0000 -1586.8839 5952.2949 -1073.3131 -0.1414 0.0770 0.5573 0.8145
5907.0000 -1585.8636 5954.7765 -1074.0851 -0.1422 0.0765 0.5566 0.8150
5908.0000 -1584.8234 5957.2770 -1074.8667 -0.1429 0.0768 0.5559 0.8153
5909.0000 -1583.7932 5959.7686 -1075.6417 -0.1427 0.0772 0.5551 0.8158
5910.0000 -1582.7792 5962.2570 -1076.3985 -0.1427 0.0770 0.5544 0.8163
5911.0000 -1581.7443 5964.7010 -1077.1540 -0.1432 0.0768 0.5538 0.8166
5912.0000 -1580.7091 5967.1503 -1077.9115 -0.1440 0.0761 0.5531 0.8170
5913.0000 -1579.6561 5969.6463 -1078.6965 -0.1446 0.0757 0.5524 0.8175
5914.0000 -1578.6217 5972.1094 -1079.4785 -0.1447 0.0758 0.5514 0.8181
5915.0000 -1577.5692 5974.5631 -1080.2279 -0.1442 0.0759 0.5505 0.8188
5916.0000 -1576.5046 5977.0258 -1080.9804 -0.1442 0.0756 0.5495 0.8195
5917.0000 -1575.4355 5979.5006 -1081.7378 -0.1446 0.0747 0.5486 0.8201
5918.0000 -1574.3630 5981.9594 -1082.5090 -0.1447 0.0744 0.5476 0.8207
5919.0000 -1573.2651 5984.4175 -1083.2744 -0.1447 0.0748 0.5467 0.8213
5920.0000 -1572.1811 5986.8738 -1084.0299 -0.1448 0.0751 0.5459 0.8218
5921.0000 -1571.0986 5989.3333 -1084.7886 -0.1447 0.0750 0.5450 0.8224
5922.0000 -1570.0111 5991.7821 -1085.5432 -0.1446 0.0745 0.5442 0.8231
5923.0000 -1568.9044 5994.2216 -1086.2939 -0.1445 0.0740 0.5437 0.8234
5924.0000 -1567.7892 5996.6708 -1087.0550 -0.1449 0.0735 0.5432 0.8237
5925.0000 -1566.6760 5999.1459 -1087.8310 -0.1455 0.0737 0.5424 0.8241
5926.0000 -1565.5611 6001.5979 -1088.5716 -0.1454 0.0734 0.5416 0.8247
5927.0000 -1564.4368 6004.0436 -1089.3182 -0.1452 0.0734 0.5409 0.8252
5928.0000 -1563.3122 6006.4854 -1090.0771 -0.1456 0.0740 0.5401 0.8256
5929.0000 -1562.1848 6008.9257 -1090.8359 -0.1465 0.0741 0.5394 0.8259
5930.0000 -1561.0505 6011.3809 -1091.6052 -0.1467 0.0738 0.5386 0.8264
5931.0000 -1559.9245 6013.8248 -1092.3709 -0.1457 0.0737 0.5376 0.8272
5932.0000 -1558.7728 6016.2670 -1093.1259 -0.1452 0.0733 0.5367 0.8280
5933.0000 -1557.6263 6018.6837 -1093.8682 -0.1451 0.0730 0.5361 0.8284
5934.0000 -1556.4592 6021.1106 -1094.6063 -0.1460 0.0728 0.5353 0.8287
5935.0000 -1555.2965 6023.5660 -1095.3645 -0.1471 0.0726 0.5347 0.8290
5936.0000 -1554.1408 6025.9890 -1096.1288 -0.1477 0.0727 0.5340 0.8293
5937.0000 -1552.9813 6028.4265 -1096.8859 -0.1474 0.0729 0.5332 0.8299
5938.0000 -1551.8090 6030.8712 -1097.6293 -0.1466 0.0725 0.5322 0.8307
5939.0000 -1550.6078 6033.2932 -1098.3750 -0.1462 0.0721 0.5314 0.8313
5940.0000 -1549.4148 6035.7144 -1099.1168 -0.1467 0.0716 0.5307 0.8317
5941.0000 -1548.2260 6038.1539 -1099.8681 -0.1474 0.0715 0.5297 0.8322
5942.0000 -1547.0189 6040.5824 -1100.6222 -0.1477 0.0716 0.5286 0.8328
5943.0000 -1545.8500 6042.9516 -1101.3372 -0.1474 0.0714 0.5278 0.8334
5944.0000 -1544.6476 6045.3684 -1102.0723 -0.1469 0.0714 0.5272 0.8339
5945.0000 -1543.4284 6047.7963 -1102.8137 -0.1471 0.0711 0.5263 0.8345
5946.0000 -1542.1970 6050.2156 -1103.5720 -0.1476 0.0713 0.5252 0.8350
5947.0000 -1540.9566 6052.6195 -1104.3229 -0.1477 0.0721 0.5240 0.8357
5948.0000 -1539.7270 6055.0043 -1105.0613 -0.1472 0.0722 0.5232 0.8363
5949.0000 -1538.5146 6057.3924 -1105.7937 -0.1468 0.0715 0.5225 0.8369
5950.0000 -1537.2820 6059.8022 -1106.5340 -0.1473 0.0709 0.5219 0.8372
5951.0000 -1536.0321 6062.2113 -1107.2875 -0.1482 0.0711 0.5214 0.8373
5952.0000 -1534.7952 6064.6094 -1108.0379 -0.1484 0.0711 0.5209 0.8376
5953.0000 -1533.5403 6067.0023 -1108.7779 -0.1477 0.0710 0.5205 0.8380
5954.0000 -1532.2858 6069.4053 -1109.4960 -0.1472 0.0707 0.5200 0.8384
5955.0000 -1531.0212 6071.8151 -1110.2314 -0.1473 0.0702 0.5198 0.8385
5956.0000 -1529.7542 6074.2132 -1110.9930 -0.1477 0.0698 0.5196 0.8387
5957.0000 -1528.4903 6076.6077 -1111.7343 -0.1480 0.0700 0.5189 0.8390
5958.0000 -1527.2340 6079.0132 -1112.4661 -0.1483 0.0708 0.5181 0.8394
5959.0000 -1525.9817 6081.3972 -1113.1943 -0.1485 0.0714 0.5177 0.8396
5960.0000 -1524.6947 6083.7909 -1113.9364 -0.1484 0.0713 0.5177 0.8396
5961.0000 -1523.4232 6086.1650 -1114.6823 -0.1486 0.0705 0.5176 0.8397
5962.0000 -1522.1405 6088.5695 -1115.4316 -0.1487 0.0694 0.5175 0.8398
5963.0000 -1520.8648 6090.9719 -1116.1744 -0.1488 0.0692 0.5170 0.8401
5964.0000 -1519.6041 6093.3674 -1116.8983 -0.1491 0.0696 0.5161 0.8406
5965.0000 -1518.3394 6095.7618 -1117.6339 -0.1495 0.0698 0.5153 0.8410
5966.0000 -1517.0435 6098.1457 -1118.3739 -0.1497 0.0695 0.5147 0.8413
5967.0000 -1515.7421 6100.5282 -1119.1263 -0.1500 0.0692 0.5140 0.8417
5968.0000 -1514.4421 6102.9302 -1119.8790 -0.1503 0.0691 0.5130 0.8423
5969.0000 -1513.1312 6105.3394 -1120.6084 -0.1506 0.0688 0.5122 0.8427
5970.0000 -1511.8462 6107.7078 -1121.3265 -0.1506 0.0683 0.5117 0.8431
5971.0000 -1510.5381 6110.0781 -1122.0649 -0.1504 0.0681 0.5111 0.8435
5972.0000 -1509.2118 6112.4665 -1122.8022 -0.1504 0.0684 0.5103 0.8440
5973.0000 -1507.8849 6114.8588 -1123.5443 -0.1507 0.0682 0.5095 0.8444
5974.0000 -1506.5676 6117.2199 -1124.2716 -0.1511 0.0673 0.5089 0.8448
5975.0000 -1505.2487 6119.5984 -1124.9966 -0.1504 0.0663 0.5084 0.8453
5976.0000 -1503.9166 6121.9797 -1125.7225 -0.1495 0.0665 0.5076 0.8459
5977.0000 -1502.5755 6124.3322 -1126.4417 -0.1493 0.0677 0.5063 0.8466
5978.0000 -1501.2107 6126.7141 -1127.1783 -0.1493 0.0693 0.5051 0.8472
5979.0000 -1499.8677 6129.0861 -1127.9007 -0.1480 0.0696 0.5042 0.8480
5980.0000 -1498.5274 6131.4578 -1128.6226 -0.1473 0.0688 0.5037 0.8485
5981.0000 -1497.1638 6133.8255 -1129.3538 -0.1476 0.0679 0.5032 0.8488
5982.0000 -1495.7881 6136.1811 -1130.0917 -0.1486 0.0678 0.5025 0.8490
5983.0000 -1494.4225 6138.5322 -1130.8147 -0.1493 0.0682 0.5019 0.8492
5984.0000 -1493.0469 6140.9047 -1131.5277 -0.1490 0.0682 0.5013 0.8496
5985.0000 -1491.6707 6143.2671 -1132.2371 -0.1484 0.0679 0.5009 0.8500
5986.0000 -1490.3028 6145.6042 -1132.9578 -0.1483 0.0675 0.5004 0.8503
5987.0000 -1488.9231 6147.9621 -1133.6843 -0.1488 0.0674 0.5000 0.8505
5988.0000 -1487.5472 6150.3196 -1134.4091 -0.1491 0.0674 0.4994 0.8508
5989.0000 -1486.1766 6152.6663 -1135.1230 -0.1492 0.0673 0.4988 0.8511
5990.0000 -1484.7945 6155.0023 -1135.8270 -0.1491 0.0667 0.4982 0.8516
5991.0000 -1483.3955 6157.3637 -1136.5355 -0.1491 0.0656 0.4978 0.8519
5992.0000 -1482.0028 6159.7240 -1137.2665 -0.1497 0.0652 0.4973 0.8521
5993.0000 -1480.6091 6162.0686 -1137.9852 -0.1503 0.0655 0.4964 0.8524
5994.0000 -1479.1982 6164.4359 -1138.7016 -0.1505 0.0658 0.4959 0.8527
5995.0000 -1477.7955 6166.7689 -1139.4083 -0.1507 0.0659 0.4955 0.8529
5996.0000 -1476.4007 6169.1124 -1140.1251 -0.1513 0.0657 0.4948 0.8532
5997.0000 -1474.9863 6171.4665 -1140.8475 -0.1528 0.0642 0.4940 0.8535
5998.0000 -1473.5583 6173.8052 -1141.5661 -0.1543 0.0630 0.4931 0.8539
5999.0000 -1472.1354 6176.1348 -1142.2860 -0.1545 0.0633 0.4921 0.8544
6000.0000 -1470.7181 6178.4704 -1142.9841 -0.1536 0.0636 0.4912 0.8551
6001.0000 -1469.2856 6180.8074 -1143.6764 -0.1530 0.0628 0.4903 0.8557
6002.0000 -1467.8378 6183.1333 -1144.3878 -0.1536 0.0617 0.4894 0.8562
6003.0000 -1466.4025 6185.4610 -1145.1074 -0.1548 0.0614 0.4884 0.8565
6004.0000 -1464.9594 6187.7861 -1145.8157 -0.1557 0.0618 0.4875 0.8569
6005.0000 -1463.4951 6190.1127 -1146.5173 -0.1560 0.0624 0.4865 0.8574
6006.0000 -1462.0333 6192.4366 -1147.2202 -0.1556 0.0624 0.4857 0.8579
6007.0000 -1460.5889 6194.7372 -1147.9240 -0.1552 0.0619 0.4854 0.8581
6008.0000 -1459.1243 6197.0380 -1148.6346 -0.1552 0.0615 0.4853 0.8583
6009.0000 -1457.6417 6199.3489 -1149.3356 -0.1559 0.0615 0.4850 0.8583
6010.0000 -1456.1628 6201.6783 -1150.0481 -0.1568 0.0616 0.4844 0.8585
6011.0000 -1454.6773 6204.0008 -1150.7553 -0.1570 0.0612 0.4838 0.8588
6012.0000 -1453.1984 6206.3226 -1151.4484 -0.1566 0.0605 0.4832 0.8593
6013.0000 -1451.7172 6208.6292 -1152.1525 -0.1564 0.0602 0.4828 0.8596
6014.0000 -1450.2322 6210.9590 -1152.8538 -0.1565 0.0601 0.4824 0.8598
6015.0000 -1448.7280 6213.2924 -1153.5597 -0.1571 0.0599 0.4821 0.8598
6016.0000 -1447.2428 6215.5805 -1154.2536 -0.1576 0.0595 0.4815 0.8601
6017.0000 -1445.7611 6217.8622 -1154.9424 -0.1579 0.0594 0.4808 0.8605
6018.0000 -1444.2733 6220.1666 -1155.6533 -0.1587 0.0598 0.4798 0.8609
6019.0000 -1442.7452 6222.5081 -1156.3651 -0.1601 0.0590 0.4791 0.8610
6020.0000 -1441.2341 6224.8049 -1157.0632 -0.1606 0.0575 0.4787 0.8613
6021.0000 -1439.7196 6227.1043 -1157.7524 -0.1602 0.0566 0.4787 0.8614
6022.0000 -1438.2228 6229.4061 -1158.4325 -0.1603 0.0568 0.4785 0.8615
6023.0000 -1436.7178 6231.7029 -1159.1248 -0.1610 0.0574 0.4779 0.8616
6024.0000 -1435.1844 6234.0097 -1159.8307 -0.1617 0.0570 0.4775 0.8618
6025.0000 -1433.6617 6236.3114 -1160.5224 -0.1619 0.0557 0.4771 0.8620
6026.0000 -1432.1403 6238.5982 -1161.2140 -0.1625 0.0552 0.4766 0.8622
6027.0000 -1430.6255 6240.9032 -1161.9066 -0.1632 0.0555 0.4762 0.8622
6028.0000 -1429.0920 6243.1990 -1162.5923 -0.1636 0.0557 0.4760 0.8623
6029.0000 -1427.5685 6245.4898 -1163.2716 -0.1642 0.0551 0.4758 0.8623
6030.0000 -1426.0480 6247.7749 -1163.9674 -0.1648 0.0547 0.4755 0.8624
6031.0000 -1424.5106 6250.0956 -1164.6753 -0.1659 0.0546 0.4751 0.8624
6032.0000 -1422.9769 6252.3952 -1165.3868 -0.1673 0.0550 0.4743 0.8625
6033.0000 -1421.4527 6254.6696 -1166.0771 -0.1678 0.0550 0.4740 0.8626
6034.0000 -1419.9006 6256.9453 -1166.7636 -0.1678 0.0542 0.4741 0.8626
6035.0000 -1418.3653 6259.2344 -1167.4541 -0.1679 0.0537 0.4742 0.8626
6036.0000 -1416.8340 6261.5401 -1168.1616 -0.1687 0.0541 0.4741 0.8625
6037.0000 -1415.2999 6263.8148 -1168.8713 -0.1696 0.0547 0.4737 0.8624
6038.0000 -1413.7531 6266.1107 -1169.5678 -0.1699 0.0546 0.4735 0.8625
6039.0000 -1412.2105 6268.3808 -1170.2550 -0.1693 0.0540 0.4736 0.8626
6040.0000 -1410.6790 6270.6656 -1170.9529 -0.1690 0.0535 0.4740 0.8625
6041.0000 -1409.1383 6272.9539 -1171.6608 -0.1697 0.0539 0.4741 0.8623
6042.0000 -1407.5994 6275.2326 -1172.3712 -0.1716 0.0549 0.4740 0.8619
6043.0000 -1406.0567 6277.5215 -1173.0657 -0.1728 0.0544 0.4743 0.8615
6044.0000 -1404.5218 6279.8100 -1173.7378 -0.1732 0.0521 0.4747 0.8614
6045.0000 -1403.0046 6282.0753 -1174.4356 -0.1739 0.0504 0.4749 0.8612
6046.0000 -1401.4850 6284.3455 -1175.1517 -0.1749 0.0511 0.4748 0.8610
6047.0000 -1399.9447 6286.6398 -1175.8515 -0.1754 0.0527 0.4745 0.8610
6048.0000 -1398.4091 6288.9239 -1176.5369 -0.1752 0.0526 0.4747 0.8609
6049.0000 -1396.8882 6291.2081 -1177.2279 -0.1752 0.0506 0.4751 0.8608
6050.0000 -1395.3782 6293.4726 -1177.9319 -0.1758 0.0493 0.4752 0.8607
6051.0000 -1393.8583 6295.7272 -1178.6306 -0.1766 0.0494 0.4753 0.8605
6052.0000 -1392.3542 6297.9894 -1179.3177 -0.1769 0.0502 0.4752 0.8605
6053.0000 -1390.8451 6300.2489 -1179.9948 -0.1769 0.0508 0.4748 0.8606
6054.0000 -1389.3230 6302.5016 -1180.6778 -0.1769 0.0504 0.4747 0.8607
6055.0000 -1387.8065 6304.7612 -1181.3689 -0.1775 0.0496 0.4748 0.8606
6056.0000 -1386.3077 6307.0096 -1182.0722 -0.1795 0.0492 0.4749 0.8601
6057.0000 -1384.7801 6309.2715 -1182.7709 -0.1804 0.0493 0.4750 0.8599
6058.0000 -1383.2701 6311.5277 -1183.4438 -0.1797 0.0494 0.4750 0.8600
6059.0000 -1381.7861 6313.7686 -1184.1253 -0.1789 0.0493 0.4748 0.8603
6060.0000 -1380.2665 6316.0327 -1184.8115 -0.1792 0.0490 0.4749 0.8602
6061.0000 -1378.7576 6318.2786 -1185.5113 -0.1802 0.0486 0.4750 0.8599
6062.0000 -1377.2479 6320.5252 -1186.2072 -0.1806 0.0485 0.4753 0.8597
6063.0000 -1375.7338 6322.7763 -1186.8851 -0.1802 0.0490 0.4754 0.8597
6064.0000 -1374.2387 6325.0067 -1187.5642 -0.1796 0.0498 0.4753 0.8598
6065.0000 -1372.7428 6327.2378 -1188.2520 -0.1801 0.0503 0.4752 0.8598
6066.0000 -1371.2344 6329.4756 -1188.9615 -0.1814 0.0501 0.4750 0.8596
6067.0000 -1369.7167 6331.7167 -1189.6735 -0.1822 0.0494 0.4748 0.8596
6068.0000 -1368.2148 6333.9551 -1190.3586 -0.1817 0.0488 0.4748 0.8597
6069.0000 -1366.7135 6336.1897 -1191.0212 -0.1806 0.0491 0.4749 0.8599
6070.0000 -1365.2207 6338.4320 -1191.7104 -0.1804 0.0498 0.4748 0.8600
6071.0000 -1363.7253 6340.6553 -1192.4116 -0.1812 0.0499 0.4746 0.8599
6072.0000 -1362.2323 6342.8597 -1193.1032 -0.1818 0.0489 0.4746 0.8598
6073.0000 -1360.7216 6345.0821 -1193.7971 -0.1815 0.0484 0.4748 0.8598
6074.0000 -1359.2116 6347.3294 -1194.4904 -0.1807 0.0495 0.4748 0.8599
6075.0000 -1357.7104 6349.5753 -1195.1704 -0.1801 0.0511 0.4745 0.8601
6076.0000 -1356.2386 6351.7843 -1195.8362 -0.1798 0.0513 0.4742 0.8604
6077.0000 -1354.7462 6353.9839 -1196.5173 -0.1807 0.0501 0.4743 0.8602
6078.0000 -1353.2445 6356.1922 -1197.2293 -0.1816 0.0489 0.4742 0.8601
6079.0000 -1351.7404 6358.4149 -1197.9244 -0.1815 0.0488 0.4741 0.8602
6080.0000 -1350.2523 6360.6244 -1198.6006 -0.1806 0.0501 0.4739 0.8604
6081.0000 -1348.7667 6362.8263 -1199.2686 -0.1800 0.0511 0.4738 0.8605
6082.0000 -1347.2697 6365.0401 -1199.9456 -0.1801 0.0510 0.4737 0.8605
6083.0000 -1345.7651 6367.2621 -1200.6503 -0.1805 0.0506 0.4734 0.8606
6084.0000 -1344.2732 6369.4759 -1201.3450 -0.1811 0.0501 0.4732 0.8607
6085.0000 -1342.7824 6371.6747 -1202.0305 -0.1811 0.0498 0.4733 0.8606
6086.0000 -1341.2868 6373.8714 -1202.7116 -0.1806 0.0499 0.4733 0.8607
6087.0000 -1339.7907 6376.0662 -1203.3824 -0.1804 0.0501 0.4731 0.8609
6088.0000 -1338.2992 6378.2686 -1204.0679 -0.1813 0.0502 0.4728 0.8609
6089.0000 -1336.8231 6380.4651 -1204.7655 -0.1815 0.0499 0.4725 0.8610
6090.0000 -1335.3411 6382.6523 -1205.4419 -0.1808 0.0496 0.4724 0.8612
6091.0000 -1333.8498 6384.8447 -1206.1041 -0.1802 0.0504 0.4723 0.8613
6092.0000 -1332.3506 6387.0414 -1206.7775 -0.1804 0.0515 0.4723 0.8613
6093.0000 -1330.8513 6389.2301 -1207.4645 -0.1811 0.0513 0.4720 0.8613
6094.0000 -1329.3663 6391.4045 -1208.1599 -0.1818 0.0500 0.4718 0.8613
6095.0000 -1327.8803 6393.5767 -1208.8457 -0.1823 0.0487 0.4716 0.8614
6096.0000 -1326.4002 6395.7739 -1209.5185 -0.1827 0.0482 0.4715 0.8614
6097.0000 -1324.9219 6397.9518 -1210.1896 -0.1833 0.0487 0.4710 0.8615
6098.0000 -1323.4278 6400.1232 -1210.8708 -0.1831 0.0496 0.4704 0.8618
6099.0000 -1321.9318 6402.2909 -1211.5498 -0.1822 0.0507 0.4694 0.8625
6100.0000 -1320.4339 6404.4665 -1212.2190 -0.1812 0.0507 0.4687 0.8631
6101.0000 -1318.9416 6406.6348 -1212.8908 -0.1812 0.0496 0.4682 0.8634
6102.0000 -1317.4447 6408.8028 -1213.5879 -0.1821 0.0494 0.4678 0.8635
6103.0000 -1315.9443 6410.9472 -1214.2695 -0.1827 0.0497 0.4674 0.8635
6104.0000 -1314.4218 6413.1121 -1214.9310 -0.1816 0.0500 0.4671 0.8639
6105.0000 -1312.9240 6415.2809 -1215.5641 -0.1805 0.0494 0.4670 0.8642
6106.0000 -1311.4397 6417.4131 -1216.2285 -0.1813 0.0483 0.4668 0.8642
6107.0000 -1309.9481 6419.5475 -1216.9219 -0.1826 0.0485 0.4666 0.8641
6108.0000 -1308.4357 6421.7088 -1217.6052 -0.1829 0.0497 0.4664 0.8640
6109.0000 -1306.9137 6423.8638 -1218.2583 -0.1817 0.0506 0.4663 0.8643
6110.0000 -1305.3997 6426.0098 -1218.9080 -0.1808 0.0506 0.4664 0.8644
6111.0000 -1303.9074 6428.1277 -1219.5774 -0.1810 0.0499 0.4665 0.8644
6112.0000 -1302.4163 6430.2486 -1220.2542 -0.1817 0.0490 0.4666 0.8642
6113.0000 -1300.9049 6432.4109 -1220.9352 -0.1819 0.0489 0.4667 0.8641
6114.0000 -1299.3969 6434.5788 -1221.5882 -0.1815 0.0496 0.4668 0.8641
6115.0000 -1297.9033 6436.7080 -1222.2336 -0.1811 0.0507 0.4665 0.8643
6116.0000 -1296.4150 6438.8289 -1222.9025 -0.1806 0.0514 0.4665 0.8644
6117.0000 -1294.9084 6440.9681 -1223.5793 -0.1806 0.0508 0.4668 0.8643
6118.0000 -1293.4172 6443.1093 -1224.2571 -0.1812 0.0499 0.4669 0.8641
6119.0000 -1291.9292 6445.2325 -1224.9322 -0.1814 0.0503 0.4670 0.8640
6120.0000 -1290.4435 6447.3609 -1225.5910 -0.1816 0.0514 0.4672 0.8638
6121.0000 -1288.9544 6449.4893 -1226.2487 -0.1813 0.0517 0.4675 0.8636
6122.0000 -1287.4595 6451.6276 -1226.9195 -0.1809 0.0508 0.4680 0.8635
6123.0000 -1285.9772 6453.7609 -1227.5980 -0.1809 0.0495 0.4685 0.8633
6124.0000 -1284.5079 6455.8894 -1228.2696 -0.1819 0.0491 0.4687 0.8631
6125.0000 -1283.0025 6458.0450 -1228.9381 -0.1821 0.0504 0.4687 0.8629
6126.0000 -1281.5022 6460.1854 -1229.5884 -0.1814 0.0515 0.4686 0.8631
6127.0000 -1280.0282 6462.3202 -1230.2364 -0.1809 0.0512 0.4688 0.8631
6128.0000 -1278.5646 6464.4526 -1230.9268 -0.1817 0.0504 0.4688 0.8629
6129.0000 -1277.0960 6466.5863 -1231.6262 -0.1826 0.0501 0.4686 0.8629
6130.0000 -1275.6104 6468.7044 -1232.3012 -0.1822 0.0508 0.4685 0.8630
6131.0000 -1274.1228 6470.8284 -1232.9528 -0.1812 0.0520 0.4684 0.8632
6132.0000 -1272.6529 6472.9574 -1233.6025 -0.1800 0.0527 0.4685 0.8633
6133.0000 -1271.1792 6475.1181 -1234.2781 -0.1798 0.0522 0.4688 0.8632
6134.0000 -1269.6843 6477.2667 -1234.9664 -0.1812 0.0510 0.4690 0.8629
6135.0000 -1268.1935 6479.3912 -1235.6568 -0.1820 0.0505 0.4691 0.8627
6136.0000 -1266.7194 6481.5067 -1236.3244 -0.1814 0.0515 0.4692 0.8627
6137.0000 -1265.2677 6483.6135 -1236.9754 -0.1802 0.0527 0.4691 0.8629
6138.0000 -1263.7965 6485.7474 -1237.6284 -0.1802 0.0530 0.4693 0.8628
6139.0000 -1262.3130 6487.9122 -1238.3223 -0.1815 0.0527 0.4692 0.8626
6140.0000 -1260.8225 6490.0360 -1239.0078 -0.1819 0.0522 0.4695 0.8624
6141.0000 -1259.3570 6492.1425 -1239.6770 -0.1815 0.0514 0.4699 0.8623
6142.0000 -1257.8939 6494.2702 -1240.3463 -0.1819 0.0512 0.4703 0.8621
6143.0000 -1256.4308 6496.4080 -1241.0290 -0.1823 0.0520 0.4701 0.8620
6144.0000 -1254.9551 6498.5291 -1241.7106 -0.1818 0.0528 0.4699 0.8622
6145.0000 -1253.4620 6500.6763 -1242.3882 -0.1813 0.0526 0.4703 0.8621
6146.0000 -1252.0185 6502.8009 -1243.0543 -0.1813 0.0517 0.4707 0.8619
6147.0000 -1250.5467 6504.9259 -1243.7339 -0.1817 0.0513 0.4707 0.8618
6148.0000 -1249.0602 6507.0719 -1244.4152 -0.1824 0.0518 0.4706 0.8618
6149.0000 -1247.5873 6509.2082 -1245.0837 -0.1826 0.0523 0.4701 0.8619
6150.0000 -1246.1204 6511.3359 -1245.7514 -0.1830 0.0526 0.4697 0.8620
6151.0000 -1244.6658 6513.4644 -1246.4370 -0.1832 0.0525 0.4693 0.8622
6152.0000 -1243.2087 6515.5770 -1247.1318 -0.1831 0.0521 0.4687 0.8626
6153.0000 -1241.7173 6517.7212 -1247.8163 -0.1826 0.0523 0.4684 0.8628
6154.0000 -1240.2409 6519.8500 -1248.4782 -0.1825 0.0524 0.4681 0.8630
6155.0000 -1238.7529 6521.9725 -1249.1428 -0.1828 0.0524 0.4676 0.8633
6156.0000 -1237.2762 6524.0854 -1249.8192 -0.1835 0.0520 0.4672 0.8634
6157.0000 -1235.8423 6526.1810 -1250.5174 -0.1838 0.0516 0.4670 0.8634
6158.0000 -1234.3778 6528.2830 -1251.1988 -0.1834 0.0519 0.4669 0.8635
6159.0000 -1232.8649 6530.4272 -1251.8470 -0.1830 0.0519 0.4671 0.8635
6160.0000 -1231.3583 6532.5620 -1252.5179 -0.1829 0.0511 0.4676 0.8633
6161.0000 -1229.8901 6534.6580 -1253.2115 -0.1828 0.0510 0.4678 0.8632
6162.0000 -1228.4123 6536.7734 -1253.8868 -0.1823 0.0519 0.4676 0.8634
6163.0000 -1226.9242 6538.9073 -1254.5442 -0.1821 0.0528 0.4676 0.8634
6164.0000 -1225.4296 6541.0452 -1255.2051 -0.1823 0.0527 0.4676 0.8633
6165.0000 -1223.9574 6543.1502 -1255.8854 -0.1831 0.0521 0.4677 0.8631
6166.0000 -1222.4863 6545.2614 -1256.5916 -0.1838 0.0513 0.4678 0.8630
6167.0000 -1221.0099 6547.3865 -1257.2947 -0.1840 0.0515 0.4678 0.8629
6168.0000 -1219.5177 6549.5113 -1257.9624 -0.1833 0.0525 0.4677 0.8631
6169.0000 -1218.0275 6551.6209 -1258.6131 -0.1825 0.0535 0.4675 0.8633
6170.0000 -1216.5555 6553.7389 -1259.2736 -0.1820 0.0540 0.4676 0.8633
6171.0000 -1215.0830 6555.8595 -1259.9488 -0.1823 0.0532 0.4677 0.8632
6172.0000 -1213.6004 6557.9907 -1260.6595 -0.1831 0.0522 0.4675 0.8632
6173.0000 -1212.1428 6560.1086 -1261.3624 -0.1836 0.0519 0.4670 0.8634
6174.0000 -1210.6743 6562.2143 -1262.0336 -0.1834 0.0525 0.4668 0.8635
6175.0000 -1209.1840 6564.3317 -1262.6940 -0.1831 0.0529 0.4669 0.8635
6176.0000 -1207.6966 6566.4304 -1263.3707 -0.1828 0.0531 0.4670 0.8636
6177.0000 -1206.2310 6568.5262 -1264.0474 -0.1825 0.0534 0.4668 0.8637
6178.0000 -1204.7516 6570.6467 -1264.7237 -0.1821 0.0534 0.4666 0.8638
6179.0000 -1203.2651 6572.7873 -1265.4176 -0.1818 0.0529 0.4666 0.8639
6180.0000 -1201.7773 6574.9096 -1266.1062 -0.1821 0.0522 0.4669 0.8638
6181.0000 -1200.3135 6577.0091 -1266.7821 -0.1832 0.0522 0.4670 0.8635
6182.0000 -1198.8380 6579.0919 -1267.4485 -0.1835 0.0533 0.4669 0.8634
6183.0000 -1197.3454 6581.1952 -1268.1113 -0.1823 0.0544 0.4669 0.8636
6184.0000 -1195.8498 6583.3555 -1268.7936 -0.1811 0.0541 0.4670 0.8638
6185.0000 -1194.3692 6585.4804 -1269.5017 -0.1806 0.0539 0.4668 0.8640
6186.0000 -1192.9051 6587.5796 -1270.1843 -0.1812 0.0539 0.4669 0.8639
6187.0000 -1191.4394 6589.6628 -1270.8505 -0.1816 0.0540 0.4672 0.8636
6188.0000 -1189.9506 6591.7779 -1271.5212 -0.1823 0.0542 0.4675 0.8633
6189.0000 -1188.4806 6593.8985 -1272.2026 -0.1828 0.0543 0.4674 0.8632
6190.0000 -1187.0071 6596.0041 -1272.8908 -0.1826 0.0542 0.4675 0.8632
6191.0000 -1185.5431 6598.1073 -1273.5802 -0.1818 0.0542 0.4678 0.8632
6192.0000 -1184.0598 6600.2177 -1274.2584 -0.1816 0.0539 0.4682 0.8631
6193.0000 -1182.5761 6602.3408 -1274.9397 -0.1823 0.0534 0.4681 0.8630
6194.0000 -1181.0923 6604.4865 -1275.6297 -0.1829 0.0533 0.4679 0.8630
6195.0000 -1179.6346 6606.6035 -1276.3105 -0.1830 0.0535 0.4675 0.8632
6196.0000 -1178.1895 6608.6803 -1276.9770 -0.1827 0.0543 0.4672 0.8634
6197.0000 -1176.7191 6610.7743 -1277.6590 -0.1823 0.0542 0.4671 0.8635
6198.0000 -1175.2287 6612.8818 -1278.3472 -0.1821 0.0541 0.4670 0.8636
6199.0000 -1173.7553 6614.9838 -1279.0292 -0.1817 0.0543 0.4669 0.8638
6200.0000 -1172.2754 6617.1039 -1279.7177 -0.1812 0.0550 0.4668 0.8639
6201.0000 -1170.7980 6619.2301 -1280.3893 -0.1804 0.0555 0.4670 0.8639
6202.0000 -1169.3289 6621.3413 -1281.0658 -0.1806 0.0553 0.4672 0.8638
6203.0000 -1167.8575 6623.4244 -1281.7650 -0.1824 0.0549 0.4671 0.8635
6204.0000 -1166.3772 6625.5169 -1282.4640 -0.1835 0.0550 0.4666 0.8635
6205.0000 -1164.9081 6627.6226 -1283.1380 -0.1820 0.0560 0.4661 0.8640
6206.0000 -1163.4198 6629.7602 -1283.7996 -0.1797 0.0564 0.4662 0.8644
6207.0000 -1161.9504 6631.8813 -1284.4809 -0.1796 0.0554 0.4665 0.8643
6208.0000 -1160.4923 6633.9537 -1285.1760 -0.1817 0.0542 0.4667 0.8639
6209.0000 -1159.0068 6636.0284 -1285.8782 -0.1830 0.0537 0.4669 0.8635
6210.0000 -1157.5308 6638.1328 -1286.5534 -0.1826 0.0540 0.4668 0.8636
6211.0000 -1156.0512 6640.2676 -1287.2203 -0.1814 0.0550 0.4665 0.8639
6212.0000 -1154.5579 6642.3955 -1287.8925 -0.1803 0.0556 0.4666 0.8641
6213.0000 -1153.0866 6644.5060 -1288.5808 -0.1804 0.0555 0.4669 0.8639
6214.0000 -1151.6256 6646.5952 -1289.2782 -0.1818 0.0555 0.4667 0.8637
6215.0000 -1150.1504 6648.6951 -1289.9754 -0.1830 0.0555 0.4665 0.8636
6216.0000 -1148.6613 6650.8182 -1290.6631 -0.1827 0.0552 0.4666 0.8636
6217.0000 -1147.1950 6652.8995 -1291.3352 -0.1817 0.0546 0.4668 0.8638
6218.0000 -1145.7375 6654.9880 -1292.0025 -0.1817 0.0541 0.4669 0.8637
6219.0000 -1144.2544 6657.1068 -1292.6981 -0.1822 0.0543 0.4668 0.8637
6220.0000 -1142.7719 6659.2299 -1293.3900 -0.1819 0.0549 0.4666 0.8638
6221.0000 -1141.2761 6661.3639 -1294.0682 -0.1811 0.0549 0.4667 0.8639
6222.0000 -1139.7928 6663.4729 -1294.7395 -0.1812 0.0548 0.4666 0.8640
6223.0000 -1138.3336 6665.5510 -1295.4256 -0.1822 0.0550 0.4664 0.8639
6224.0000 -1136.8637 6667.6468 -1296.1270 -0.1832 0.0558 0.4661 0.8638
6225.0000 -1135.3825 6669.7496 -1296.8267 -0.1830 0.0568 0.4658 0.8639
6226.0000 -1133.8940 6671.8716 -1297.5061 -0.1825 0.0564 0.4658 0.8640
6227.0000 -1132.4250 6673.9645 -1298.1832 -0.1824 0.0549 0.4660 0.8641
6228.0000 -1130.9447 6676.0479 -1298.8832 -0.1836 0.0537 0.4661 0.8638
6229.0000 -1129.4600 6678.1698 -1299.5994 -0.1850 0.0543 0.4661 0.8635
6230.0000 -1127.9822 6680.2871 -1300.2842 -0.1846 0.0554 0.4659 0.8636
6231.0000 -1126.5167 6682.3770 -1300.9487 -0.1831 0.0558 0.4659 0.8639
6232.0000 -1125.0392 6684.4619 -1301.6197 -0.1818 0.0552 0.4660 0.8642
6233.0000 -1123.5390 6686.5938 -1302.3249 -0.1813 0.0548 0.4662 0.8642
6234.0000 -1122.0538 6688.6976 -1303.0110 -0.1816 0.0548 0.4661 0.8642
6235.0000 -1120.5823 6690.8004 -1303.6871 -0.1823 0.0546 0.4662 0.8640
6236.0000 -1119.1415 6692.8841 -1304.3680 -0.1829 0.0546 0.4661 0.8639
6237.0000 -1117.6658 6694.9757 -1305.0470 -0.1828 0.0553 0.4659 0.8639
6238.0000 -1116.1523 6697.1079 -1305.7343 -0.1822 0.0560 0.4658 0.8641
6239.0000 -1114.6494 6699.2326 -1306.4337 -0.1819 0.0563 0.4656 0.8643
6240.0000 -1113.1938 6701.3250 -1307.1180 -0.1824 0.0559 0.4654 0.8643
6241.0000 -1111.7347 6703.4034 -1307.8076 -0.1831 0.0552 0.4654 0.8642
6242.0000 -1110.2520 6705.4900 -1308.4977 -0.1835 0.0555 0.4653 0.8641
6243.0000 -1108.7545 6707.5876 -1309.1833 -0.1833 0.0561 0.4650 0.8643
6244.0000 -1107.2644 6709.6820 -1309.8630 -0.1827 0.0562 0.4648 0.8646
6245.0000 -1105.7967 6711.7708 -1310.5431 -0.1822 0.0556 0.4646 0.8648
6246.0000 -1104.3238 6713.8839 -1311.2374 -0.1821 0.0550 0.4648 0.8647
6247.0000 -1102.8355 6715.9962 -1311.9333 -0.1823 0.0550 0.4649 0.8647
6248.0000 -1101.3358 6718.0937 -1312.6151 -0.1823 0.0557 0.4647 0.8647
6249.0000 -1099.8532 6720.1689 -1313.2930 -0.1819 0.0569 0.4645 0.8648
6250.0000 -1098.3703 6722.2497 -1313.9676 -0.1812 0.0580 0.4645 0.8649
6251.0000 -1096.8818 6724.3511 -1314.6642 -0.1807 0.0586 0.4645 0.8649
6252.0000 -1095.3923 6726.4522 -1315.3613 -0.1810 0.0579 0.4649 0.8647
6253.0000 -1093.9067 6728.5501 -1316.0613 -0.1826 0.0566 0.4652 0.8643
6254.0000 -1092.4400 6730.6333 -1316.7645 -0.1843 0.0559 0.4654 0.8639
6255.0000 -1090.9472 6732.7301 -1317.4590 -0.1841 0.0558 0.4657 0.8638
6256.0000 -1089.4567 6734.8321 -1318.1377 -0.1825 0.0563 0.4660 0.8639
6257.0000 -1087.9816 6736.9310 -1318.8145 -0.1814 0.0571 0.4663 0.8639
6258.0000 -1086.5079 6739.0180 -1319.5089 -0.1819 0.0576 0.4663 0.8638
6259.0000 -1085.0285 6741.1169 -1320.2142 -0.1824 0.0573 0.4661 0.8638
6260.0000 -1083.5408 6743.2431 -1320.9045 -0.1823 0.0566 0.4661 0.8639
6261.0000 -1082.0662 6745.3312 -1321.5906 -0.1823 0.0566 0.4660 0.8640
6262.0000 -1080.5882 6747.4130 -1322.2931 -0.1824 0.0578 0.4656 0.8641
6263.0000 -1079.1006 6749.5147 -1322.9954 -0.1824 0.0585 0.4653 0.8642
6264.0000 -1077.6071 6751.6297 -1323.6875 -0.1823 0.0578 0.4651 0.8644
6265.0000 -1076.1439 6753.7267 -1324.3651 -0.1823 0.0565 0.4648 0.8646
6266.0000 -1074.6721 6755.8189 -1325.0504 -0.1829 0.0559 0.4644 0.8647
6267.0000 -1073.1892 6757.9053 -1325.7577 -0.1836 0.0566 0.4640 0.8647
6268.0000 -1071.7022 6759.9775 -1326.4534 -0.1839 0.0571 0.4637 0.8648
6269.0000 -1070.1993 6762.0948 -1327.1477 -0.1837 0.0569 0.4635 0.8649
6270.0000 -1068.7080 6764.1994 -1327.8332 -0.1820 0.0577 0.4633 0.8654
6271.0000 -1067.2208 6766.2761 -1328.5019 -0.1805 0.0584 0.4633 0.8657
6272.0000 -1065.7307 6768.3446 -1329.1936 -0.1810 0.0582 0.4633 0.8656
6273.0000 -1064.2487 6770.4410 -1329.8963 -0.1825 0.0577 0.4635 0.8652
6274.0000 -1062.7683 6772.5338 -1330.6018 -0.1838 0.0573 0.4638 0.8648
6275.0000 -1061.2792 6774.6174 -1331.2945 -0.1838 0.0571 0.4641 0.8646
6276.0000 -1059.7929 6776.6871 -1331.9879 -0.1827 0.0579 0.4641 0.8648
6277.0000 -1058.3119 6778.7641 -1332.6523 -0.1810 0.0589 0.4639 0.8652
6278.0000 -1056.8186 6780.8756 -1333.3358 -0.1800 0.0580 0.4645 0.8651
6279.0000 -1055.3382 6782.9667 -1334.0317 -0.1810 0.0561 0.4649 0.8648
6280.0000 -1053.8560 6785.0492 -1334.7520 -0.1834 0.0557 0.4650 0.8643
6281.0000 -1052.3860 6787.1130 -1335.4473 -0.1845 0.0567 0.4649 0.8640
6282.0000 -1050.8939 6789.2124 -1336.1249 -0.1832 0.0581 0.4648 0.8643
6283.0000 -1049.3852 6791.3432 -1336.8048 -0.1814 0.0584 0.4651 0.8645
6284.0000 -1047.8979 6793.4408 -1337.5028 -0.1804 0.0585 0.4651 0.8647
6285.0000 -1046.4465 6795.4980 -1338.2054 -0.1811 0.0586 0.4650 0.8646
6286.0000 -1044.9652 6797.5547 -1338.9021 -0.1819 0.0587 0.4650 0.8644
6287.0000 -1043.4844 6799.6591 -1339.5811 -0.1823 0.0578 0.4653 0.8643
6288.0000 -1042.0242 6801.7604 -1340.2893 -0.1845 0.0558 0.4653 0.8639
6289.0000 -1040.5396 6803.8452 -1341.0326 -0.1849 0.0554 0.4649 0.8641
6290.0000 -1039.0547 6805.9393 -1341.7058 -0.1826 0.0582 0.4642 0.8648
6291.0000 -1037.5797 6808.0496 -1342.2961 -0.1809 0.0598 0.4638 0.8652
6292.0000 -1036.1134 6810.1250 -1342.9577 -0.1815 0.0583 0.4635 0.8653
6293.0000 -1034.6207 6812.1882 -1343.7461 -0.1841 0.0564 0.4631 0.8651
6294.0000 -1033.1300 6814.2492 -1344.5267 -0.1855 0.0557 0.4624 0.8653
6295.0000 -1031.6326 6816.3569 -1345.2044 -0.1851 0.0563 0.4620 0.8655
6296.0000 -1030.1499 6818.4457 -1345.8252 -0.1838 0.0577 0.4620 0.8657
6297.0000 -1028.6579 6820.5180 -1346.4823 -0.1823 0.0591 0.4624 0.8657
6298.0000 -1027.1729 6822.5568 -1347.2037 -0.1814 0.0604 0.4628 0.8656
6299.0000 -1025.7017 6824.6137 -1347.9017 -0.1809 0.0598 0.4636 0.8653
6300.0000 -1024.2222 6826.7105 -1348.5961 -0.1813 0.0580 0.4644 0.8649
6301.0000 -1022.7243 6828.8113 -1349.3176 -0.1832 0.0577 0.4650 0.8642
6302.0000 -1021.2324 6830.8934 -1350.0290 -0.1836 0.0593 0.4654 0.8638
6303.0000 -1019.7630 6832.9766 -1350.7142 -0.1824 0.0607 0.4660 0.8637
6304.0000 -1018.3110 6835.0550 -1351.3919 -0.1811 0.0610 0.4667 0.8635
6305.0000 -1016.8689 6837.1443 -1352.0912 -0.1806 0.0597 0.4675 0.8633
6306.0000 -1015.3800 6839.2550 -1352.8051 -0.1824 0.0575 0.4682 0.8627
6307.0000 -1013.9126 6841.3383 -1353.5365 -0.1848 0.0568 0.4681 0.8623
6308.0000 -1012.4450 6843.4271 -1354.2438 -0.1850 0.0574 0.4677 0.8624
6309.0000 -1010.9756 6845.5312 -1354.9219 -0.1829 0.0584 0.4673 0.8630
6310.0000 -1009.4971 6847.6498 -1355.5964 -0.1811 0.0593 0.4668 0.8636
6311.0000 -1008.0425 6849.7320 -1356.2937 -0.1818 0.0593 0.4663 0.8637
6312.0000 -1006.5972 6851.8012 -1357.0167 -0.1842 0.0585 0.4659 0.8635
6313.0000 -1005.1224 6853.8837 -1357.7530 -0.1853 0.0580 0.4656 0.8634
6314.0000 -1003.6488 6855.9840 -1358.4576 -0.1846 0.0588 0.4654 0.8636
6315.0000 -1002.1740 6858.0783 -1359.1503 -0.1832 0.0606 0.4649 0.8641
6316.0000 -1000.6995 6860.1657 -1359.8285 -0.1821 0.0616 0.4644 0.8645
6317.0000 -999.2295 6862.2380 -1360.5343 -0.1825 0.0608 0.4639 0.8647
6318.0000 -997.7444 6864.3177 -1361.2727 -0.1840 0.0592 0.4637 0.8646
6319.0000 -996.2563 6866.3948 -1361.9902 -0.1848 0.0581 0.4635 0.8647
6320.0000 -994.7824 6868.4590 -1362.6712 -0.1841 0.0579 0.4633 0.8649
6321.0000 -993.3079 6870.5365 -1363.3433 -0.1825 0.0584 0.4631 0.8653
6322.0000 -991.8212 6872.6289 -1364.0252 -0.1823 0.0591 0.4631 0.8653
6323.0000 -990.3175 6874.7193 -1364.7507 -0.1829 0.0600 0.4628 0.8653
6324.0000 -988.8251 6876.8037 -1365.4794 -0.1832 0.0603 0.4622 0.8656
6325.0000 -987.3287 6878.8943 -1366.1879 -0.1833 0.0599 0.4618 0.8657
6326.0000 -985.8336 6880.9704 -1366.8825 -0.1830 0.0596 0.4617 0.8659
6327.0000 -984.3394 6883.0409 -1367.5677 -0.1823 0.0595 0.4617 0.8661
6328.0000 -982.8492 6885.1120 -1368.2656 -0.1827 0.0594 0.4616 0.8660
6329.0000 -981.3582 6887.1791 -1368.9747 -0.1840 0.0593 0.4615 0.8658
6330.0000 -979.8637 6889.2556 -1369.6810 -0.1843 0.0593 0.4614 0.8658
6331.0000 -978.3572 6891.3621 -1370.3757 -0.1836 0.0593 0.4614 0.8659
6332.0000 -976.8723 6893.4291 -1371.0664 -0.1832 0.0595 0.4613 0.8661
6333.0000 -975.3775 6895.4964 -1371.7779 -0.1831 0.0603 0.4614 0.8660
6334.0000 -973.8777 6897.5772 -1372.4943 -0.1835 0.0606 0.4615 0.8659
6335.0000 -972.3792 6899.6481 -1373.1981 -0.1837 0.0600 0.4614 0.8659
6336.0000 -970.8941 6901.7119 -1373.8911 -0.1837 0.0591 0.4616 0.8658
6337.0000 -969.4021 6903.7902 -1374.5916 -0.1844 0.0585 0.4617 0.8657
6338.0000 -967.9039 6905.8747 -1375.2941 -0.1849 0.0588 0.4618 0.8655
6339.0000 -966.4033 6907.9406 -1376.0046 -0.1838 0.0601 0.4617 0.8657
6340.0000 -964.9092 6910.0242 -1376.7058 -0.1821 0.0616 0.4617 0.8660
6341.0000 -963.4245 6912.1032 -1377.3950 -0.1819 0.0611 0.4618 0.8660
6342.0000 -961.9204 6914.1828 -1378.1089 -0.1827 0.0592 0.4624 0.8656
6343.0000 -960.4301 6916.2472 -1378.8404 -0.1839 0.0589 0.4623 0.8654
6344.0000 -958.9426 6918.3298 -1379.5660 -0.1844 0.0606 0.4620 0.8654
6345.0000 -957.4560 6920.4113 -1380.2442 -0.1837 0.0618 0.4619 0.8655
6346.0000 -955.9458 6922.4975 -1380.9331 -0.1832 0.0615 0.4620 0.8656
6347.0000 -954.4467 6924.5847 -1381.6710 -0.1835 0.0612 0.4620 0.8655
6348.0000 -952.9551 6926.6635 -1382.3972 -0.1837 0.0605 0.4618 0.8656
6349.0000 -951.4756 6928.7273 -1383.0831 -0.1840 0.0597 0.4620 0.8655
6350.0000 -949.9834 6930.7999 -1383.7895 -0.1843 0.0602 0.4619 0.8655
6351.0000 -948.4736 6932.8847 -1384.5028 -0.1839 0.0614 0.4618 0.8655
6352.0000 -946.9723 6934.9663 -1385.2144 -0.1828 0.0622 0.4614 0.8659
6353.0000 -945.4775 6937.0405 -1385.9173 -0.1818 0.0621 0.4615 0.8661
6354.0000 -943.9939 6939.1136 -1386.6286 -0.1826 0.0610 0.4617 0.8659
6355.0000 -942.5075 6941.1839 -1387.3610 -0.1839 0.0607 0.4616 0.8657
6356.0000 -941.0085 6943.2642 -1388.0803 -0.1837 0.0614 0.4615 0.8657
6357.0000 -939.5112 6945.3431 -1388.7747 -0.1831 0.0618 0.4616 0.8658
6358.0000 -938.0127 6947.4163 -1389.4625 -0.1832 0.0616 0.4619 0.8656
6359.0000 -936.5111 6949.5009 -1390.1790 -0.1835 0.0614 0.4623 0.8654
6360.0000 -935.0217 6951.5816 -1390.9184 -0.1838 0.0618 0.4626 0.8651
6361.0000 -933.5356 6953.6594 -1391.6467 -0.1845 0.0625 0.4630 0.8647
6362.0000 -932.0410 6955.7410 -1392.3538 -0.1848 0.0624 0.4634 0.8644
6363.0000 -930.5577 6957.8194 -1393.0617 -0.1843 0.0619 0.4637 0.8644
6364.0000 -929.0766 6959.9091 -1393.7807 -0.1839 0.0619 0.4641 0.8643
6365.0000 -927.5917 6961.9897 -1394.5114 -0.1843 0.0624 0.4642 0.8641
6366.0000 -926.1121 6964.0693 -1395.2344 -0.1847 0.0626 0.4643 0.8640
6367.0000 -924.6326 6966.1504 -1395.9488 -0.1848 0.0621 0.4645 0.8638
6368.0000 -923.1566 6968.2353 -1396.6640 -0.1850 0.0612 0.4648 0.8637
6369.0000 -921.6844 6970.3191 -1397.3900 -0.1857 0.0611 0.4646 0.8637
6370.0000 -920.1961 6972.4088 -1398.1105 -0.1854 0.0618 0.4641 0.8640
6371.0000 -918.7045 6974.5000 -1398.8153 -0.1844 0.0626 0.4637 0.8643
6372.0000 -917.2364 6976.5755 -1399.5251 -0.1840 0.0625 0.4635 0.8645
6373.0000 -915.7467 6978.6698 -1400.2501 -0.1851 0.0619 0.4636 0.8643
6374.0000 -914.2655 6980.7434 -1400.9922 -0.1862 0.0614 0.4634 0.8642
6375.0000 -912.7716 6982.8327 -1401.7295 -0.1863 0.0615 0.4631 0.8643
6376.0000 -911.2841 6984.9127 -1402.4398 -0.1851 0.0622 0.4627 0.8647
6377.0000 -909.7944 6987.0021 -1403.1345 -0.1842 0.0625 0.4626 0.8650
6378.0000 -908.3018 6989.0844 -1403.8629 -0.1845 0.0629 0.4623 0.8650
6379.0000 -906.8070 6991.1529 -1404.6041 -0.1854 0.0630 0.4620 0.8650
6380.0000 -905.3200 6993.2223 -1405.3343 -0.1859 0.0626 0.4619 0.8650
6381.0000 -903.8429 6995.3080 -1406.0609 -0.1855 0.0624 0.4618 0.8651
6382.0000 -902.3534 6997.3910 -1406.7658 -0.1847 0.0621 0.4616 0.8654
6383.0000 -900.8466 6999.4639 -1407.4812 -0.1850 0.0618 0.4614 0.8655
6384.0000 -899.3384 7001.5436 -1408.2131 -0.1862 0.0623 0.4611 0.8654
6385.0000 -897.8374 7003.6234 -1408.9441 -0.1866 0.0631 0.4605 0.8655
6386.0000 -896.3721 7005.6858 -1409.6598 -0.1862 0.0627 0.4603 0.8657
6387.0000 -894.8914 7007.7397 -1410.3603 -0.1857 0.0607 0.4605 0.8659
6388.0000 -893.3790 7009.8002 -1411.0719 -0.1856 0.0596 0.4609 0.8658
6389.0000 -891.8675 7011.8715 -1411.7904 -0.1856 0.0610 0.4607 0.8658
6390.0000 -890.3667 7013.9586 -1412.5156 -0.1852 0.0637 0.4600 0.8660
6391.0000 -888.8724 7016.0354 -1413.2219 -0.1842 0.0646 0.4596 0.8664
6392.0000 -887.3810 7018.0939 -1413.9377 -0.1841 0.0633 0.4597 0.8665
6393.0000 -885.8818 7020.1493 -1414.6604 -0.1852 0.0616 0.4601 0.8662
6394.0000 -884.3723 7022.2178 -1415.3889 -0.1860 0.0611 0.4603 0.8659
6395.0000 -882.8601 7024.2830 -1416.1059 -0.1861 0.0615 0.4607 0.8656
6396.0000 -881.3700 7026.3580 -1416.8169 -0.1855 0.0625 0.4609 0.8656
6397.0000 -879.8949 7028.4186 -1417.5261 -0.1849 0.0630 0.4610 0.8656
6398.0000 -878.4001 7030.4938 -1418.2492 -0.1847 0.0627 0.4613 0.8655
6399.0000 -876.9006 7032.5780 -1418.9764 -0.1849 0.0623 0.4617 0.8653
6400.0000 -875.4097 7034.6578 -1419.6988 -0.1848 0.0620 0.4622 0.8651
6401.0000 -873.9245 7036.7201 -1420.4044 -0.1849 0.0619 0.4626 0.8649
6402.0000 -872.4357 7038.7872 -1421.1171 -0.1856 0.0618 0.4628 0.8646
6403.0000 -870.9444 7040.8528 -1421.8491 -0.1866 0.0620 0.4624 0.8646
6404.0000 -869.4680 7042.9151 -1422.5666 -0.1873 0.0622 0.4616 0.8648
6405.0000 -867.9855 7044.9862 -1423.2753 -0.1883 0.0614 0.4611 0.8649
6406.0000 -866.5064 7047.0605 -1423.9993 -0.1894 0.0599 0.4608 0.8650
6407.0000 -865.0141 7049.1302 -1424.7271 -0.1901 0.0589 0.4606 0.8650
6408.0000 -863.5237 7051.1927 -1425.4455 -0.1905 0.0592 0.4601 0.8652
6409.0000 -862.0294 7053.2625 -1426.1693 -0.1902 0.0601 0.4598 0.8653
6410.0000 -860.5305 7055.3208 -1426.8776 -0.1902 0.0601 0.4598 0.8653
6411.0000 -859.0212 7057.3882 -1427.5859 -0.1907 0.0591 0.4598 0.8653
6412.0000 -857.5216 7059.4515 -1428.3089 -0.1914 0.0580 0.4599 0.8652
6413.0000 -856.0242 7061.5094 -1429.0426 -0.1920 0.0582 0.4599 0.8650
6414.0000 -854.5248 7063.5719 -1429.7596 -0.1920 0.0593 0.4600 0.8649
6415.0000 -853.0277 7065.6398 -1430.4706 -0.1914 0.0598 0.4604 0.8648
6416.0000 -851.5291 7067.7154 -1431.1898 -0.1906 0.0599 0.4607 0.8648
6417.0000 -850.0324 7069.7595 -1431.9060 -0.1908 0.0599 0.4610 0.8646
6418.0000 -848.5319 7071.8317 -1432.6221 -0.1916 0.0595 0.4616 0.8641
6419.0000 -847.0381 7073.9149 -1433.3596 -0.1921 0.0593 0.4625 0.8635
6420.0000 -845.5591 7075.9803 -1434.0947 -0.1917 0.0594 0.4631 0.8633
6421.0000 -844.0872 7078.0512 -1434.7984 -0.1913 0.0594 0.4636 0.8631
6422.0000 -842.5974 7080.1317 -1435.5111 -0.1914 0.0597 0.4643 0.8627
6423.0000 -841.1096 7082.2079 -1436.2337 -0.1920 0.0597 0.4652 0.8621
6424.0000 -839.6397 7084.2884 -1436.9702 -0.1926 0.0592 0.4658 0.8617
6425.0000 -838.1773 7086.3817 -1437.7042 -0.1933 0.0587 0.4662 0.8613
6426.0000 -836.7057 7088.4603 -1438.4394 -0.1940 0.0591 0.4666 0.8609
6427.0000 -835.2400 7090.5319 -1439.1514 -0.1934 0.0596 0.4672 0.8607
6428.0000 -833.7629 7092.6244 -1439.8729 -0.1925 0.0594 0.4679 0.8605
6429.0000 -832.2899 7094.7302 -1440.6138 -0.1929 0.0589 0.4686 0.8601
6430.0000 -830.8416 7096.8148 -1441.3501 -0.1940 0.0592 0.4687 0.8597
6431.0000 -829.3853 7098.9121 -1442.0873 -0.1946 0.0599 0.4690 0.8594
6432.0000 -827.9281 7101.0029 -1442.8256 -0.1946 0.0607 0.4694 0.8591
6433.0000 -826.4703 7103.1066 -1443.5575 -0.1947 0.0608 0.4701 0.8587
6434.0000 -825.0152 7105.2036 -1444.3039 -0.1952 0.0598 0.4707 0.8583
6435.0000 -823.5664 7107.3000 -1445.0604 -0.1962 0.0585 0.4714 0.8578
6436.0000 -822.1323 7109.3973 -1445.7995 -0.1971 0.0580 0.4720 0.8573
6437.0000 -820.6909 7111.4982 -1446.5388 -0.1972 0.0588 0.4726 0.8569
6438.0000 -819.2492 7113.6288 -1447.2755 -0.1964 0.0596 0.4732 0.8567
6439.0000 -817.8268 7115.7293 -1448.0166 -0.1953 0.0595 0.4739 0.8566
6440.0000 -816.3924 7117.8178 -1448.7564 -0.1951 0.0590 0.4746 0.8563
6441.0000 -814.9568 7119.9279 -1449.5064 -0.1959 0.0592 0.4752 0.8557
6442.0000 -813.5202 7122.0560 -1450.2671 -0.1963 0.0597 0.4758 0.8553
6443.0000 -812.1009 7124.1686 -1451.0055 -0.1959 0.0598 0.4763 0.8551
6444.0000 -810.6952 7126.2784 -1451.7351 -0.1950 0.0593 0.4773 0.8548
6445.0000 -809.2793 7128.4110 -1452.4687 -0.1949 0.0590 0.4785 0.8541
6446.0000 -807.8731 7130.5342 -1453.2282 -0.1957 0.0593 0.4796 0.8533
6447.0000 -806.4676 7132.6578 -1454.0075 -0.1961 0.0602 0.4804 0.8527
6448.0000 -805.0657 7134.7850 -1454.7516 -0.1960 0.0609 0.4813 0.8522
6449.0000 -803.6683 7136.9235 -1455.4880 -0.1956 0.0614 0.4824 0.8516
6450.0000 -802.2744 7139.0635 -1456.2466 -0.1955 0.0615 0.4839 0.8508
6451.0000 -800.9025 7141.1935 -1457.0148 -0.1959 0.0617 0.4856 0.8497
6452.0000 -799.5452 7143.3354 -1457.7959 -0.1962 0.0619 0.4875 0.8486
6453.0000 -798.1900 7145.4935 -1458.5678 -0.1962 0.0622 0.4891 0.8476
6454.0000 -796.8239 7147.6602 -1459.3323 -0.1960 0.0629 0.4908 0.8466
6455.0000 -795.4545 7149.8131 -1460.1076 -0.1954 0.0642 0.4924 0.8457
6456.0000 -794.1219 7151.9612 -1460.8933 -0.1944 0.0653 0.4939 0.8450
6457.0000 -792.8140 7154.1318 -1461.6609 -0.1941 0.0650 0.4955 0.8442
6458.0000 -791.4882 7156.3247 -1462.4519 -0.1951 0.0635 0.4972 0.8430
6459.0000 -790.1693 7158.5075 -1463.2533 -0.1960 0.0627 0.4988 0.8419
6460.0000 -788.8750 7160.6865 -1464.0372 -0.1963 0.0628 0.5001 0.8411
6461.0000 -787.5700 7162.8621 -1464.8080 -0.1959 0.0637 0.5010 0.8406
6462.0000 -786.2832 7165.0613 -1465.5937 -0.1949 0.0652 0.5018 0.8402
6463.0000 -784.9852 7167.2918 -1466.3862 -0.1941 0.0658 0.5029 0.8397
6464.0000 -783.7015 7169.4840 -1467.1823 -0.1946 0.0654 0.5043 0.8388
6465.0000 -782.4475 7171.6455 -1467.9803 -0.1951 0.0650 0.5055 0.8379
6466.0000 -781.1838 7173.8394 -1468.7749 -0.1950 0.0648 0.5068 0.8372
6467.0000 -779.9098 7176.0671 -1469.5687 -0.1950 0.0648 0.5080 0.8365
6468.0000 -778.6464 7178.2773 -1470.3764 -0.1946 0.0659 0.5088 0.8360
6469.0000 -777.4096 7180.5012 -1471.1858 -0.1941 0.0668 0.5098 0.8354
6470.0000 -776.1715 7182.7157 -1471.9868 -0.1943 0.0667 0.5110 0.8347
6471.0000 -774.9394 7184.9293 -1472.7916 -0.1948 0.0666 0.5123 0.8338
6472.0000 -773.7054 7187.1641 -1473.6117 -0.1953 0.0667 0.5135 0.8329
6473.0000 -772.4709 7189.3915 -1474.4266 -0.1953 0.0669 0.5146 0.8322
6474.0000 -771.2595 7191.6182 -1475.2417 -0.1948 0.0672 0.5154 0.8318
6475.0000 -770.0503 7193.8471 -1476.0462 -0.1948 0.0677 0.5163 0.8312
6476.0000 -768.8390 7196.0820 -1476.8626 -0.1947 0.0679 0.5175 0.8305
6477.0000 -767.6453 7198.3155 -1477.6936 -0.1944 0.0678 0.5187 0.8298
6478.0000 -766.4673 7200.5430 -1478.5065 -0.1944 0.0675 0.5197 0.8292
6479.0000 -765.2840 7202.7820 -1479.3138 -0.1942 0.0676 0.5207 0.8286
6480.0000 -764.0878 7205.0543 -1480.1311 -0.1937 0.0682 0.5218 0.8280
6481.0000 -762.8948 7207.3212 -1480.9515 -0.1937 0.0688 0.5228 0.8273
6482.0000 -761.7139 7209.5670 -1481.7759 -0.1940 0.0690 0.5238 0.8266
6483.0000 -760.5527 7211.8088 -1482.6070 -0.1943 0.0689 0.5251 0.8257
6484.0000 -759.4096 7214.0521 -1483.4341 -0.1944 0.0689 0.5261 0.8250
6485.0000 -758.2608 7216.3069 -1484.2586 -0.1938 0.0692 0.5271 0.8245
6486.0000 -757.1097 7218.5621 -1485.0986 -0.1929 0.0700 0.5279 0.8241
6487.0000 -755.9624 7220.8109 -1485.9094 -0.1922 0.0703 0.5289 0.8236
6488.0000 -754.8273 7223.0906 -1486.7336 -0.1920 0.0699 0.5303 0.8228
6489.0000 -753.7036 7225.3763 -1487.5701 -0.1926 0.0695 0.5316 0.8219
6490.0000 -752.5831 7227.6587 -1488.4151 -0.1928 0.0699 0.5323 0.8213
6491.0000 -751.4524 7229.9489 -1489.2494 -0.1929 0.0704 0.5331 0.8207
6492.0000 -750.3446 7232.2192 -1490.0761 -0.1929 0.0705 0.5340 0.8202
6493.0000 -749.2378 7234.4809 -1490.9165 -0.1925 0.0709 0.5348 0.8197
6494.0000 -748.1317 7236.7726 -1491.7580 -0.1917 0.0710 0.5358 0.8192
6495.0000 -747.0357 7239.0693 -1492.5928 -0.1925 0.0711 0.5366 0.8185
6496.0000 -745.9511 7241.3528 -1493.4504 -0.1932 0.0713 0.5373 0.8178
6497.0000 -744.8637 7243.6291 -1494.2914 -0.1930 0.0710 0.5383 0.8173
6498.0000 -743.7855 7245.9107 -1495.1261 -0.1931 0.0707 0.5394 0.8166
6499.0000 -742.7126 7248.2064 -1495.9796 -0.1929 0.0712 0.5402 0.8160
6500.0000 -741.6391 7250.5041 -1496.8274 -0.1923 0.0717 0.5411 0.8155
6501.0000 -740.5751 7252.7863 -1497.6572 -0.1921 0.0715 0.5420 0.8150
6502.0000 -739.5199 7255.0815 -1498.5208 -0.1923 0.0718 0.5428 0.8144
6503.0000 -738.4618 7257.3850 -1499.3862 -0.1916 0.0731 0.5435 0.8140
6504.0000 -737.3996 7259.6919 -1500.2292 -0.1898 0.0746 0.5442 0.8138
6505.0000 -736.3455 7261.9909 -1501.0555 -0.1881 0.0750 0.5455 0.8133
6506.0000 -735.3110 7264.2818 -1501.8955 -0.1875 0.0745 0.5469 0.8125
6507.0000 -734.2859 7266.5860 -1502.7684 -0.1882 0.0739 0.5482 0.8115
6508.0000 -733.2704 7268.9070 -1503.6433 -0.1897 0.0735 0.5494 0.8104
6509.0000 -732.2556 7271.2256 -1504.5015 -0.1909 0.0736 0.5504 0.8094
6510.0000 -731.2439 7273.5536 -1505.3528 -0.1910 0.0743 0.5515 0.8086
6511.0000 -730.2446 7275.8673 -1506.2002 -0.1904 0.0749 0.5527 0.8079
6512.0000 -729.2428 7278.1884 -1507.0729 -0.1899 0.0754 0.5540 0.8071
6513.0000 -728.2599 7280.5016 -1507.9425 -0.1896 0.0756 0.5552 0.8063
6514.0000 -727.2851 7282.8154 -1508.7953 -0.1893 0.0752 0.5566 0.8054
6515.0000 -726.3152 7285.1494 -1509.6531 -0.1891 0.0746 0.5581 0.8045
6516.0000 -725.3400 7287.4922 -1510.5249 -0.1894 0.0749 0.5592 0.8037
6517.0000 -724.3796 7289.8415 -1511.4123 -0.1898 0.0758 0.5599 0.8030
6518.0000 -723.4164 7292.1822 -1512.2891 -0.1898 0.0762 0.5607 0.8023
6519.0000 -722.4734 7294.5140 -1513.1463 -0.1894 0.0759 0.5619 0.8017
6520.0000 -721.5465 7296.8466 -1514.0053 -0.1890 0.0752 0.5633 0.8008
6521.0000 -720.6128 7299.1986 -1514.8957 -0.1893 0.0754 0.5643 0.8001
6522.0000 -719.6774 7301.5529 -1515.7789 -0.1889 0.0765 0.5648 0.7997
6523.0000 -718.7603 7303.9042 -1516.6353 -0.1879 0.0772 0.5655 0.7994
6524.0000 -717.8516 7306.2444 -1517.4971 -0.1877 0.0771 0.5664 0.7988
6525.0000 -716.9395 7308.5977 -1518.4032 -0.1881 0.0773 0.5674 0.7979
6526.0000 -716.0290 7310.9439 -1519.2923 -0.1884 0.0776 0.5683 0.7972
6527.0000 -715.1244 7313.2975 -1520.1710 -0.1884 0.0780 0.5691 0.7966
6528.0000 -714.2297 7315.6588 -1521.0481 -0.1878 0.0782 0.5700 0.7961
6529.0000 -713.3485 7318.0202 -1521.9136 -0.1880 0.0780 0.5710 0.7954
6530.0000 -712.4637 7320.3824 -1522.8132 -0.1884 0.0780 0.5719 0.7946
6531.0000 -711.5865 7322.7418 -1523.7075 -0.1887 0.0782 0.5726 0.7940
6532.0000 -710.7056 7325.1055 -1524.5953 -0.1886 0.0779 0.5734 0.7935
6533.0000 -709.8325 7327.4712 -1525.4726 -0.1882 0.0772 0.5744 0.7929
6534.0000 -708.9627 7329.8448 -1526.3614 -0.1876 0.0772 0.5755 0.7922
6535.0000 -708.1071 7332.2126 -1527.2530 -0.1871 0.0780 0.5766 0.7915
6536.0000 -707.2627 7334.5847 -1528.1457 -0.1873 0.0792 0.5772 0.7909
6537.0000 -706.4141 7336.9652 -1529.0374 -0.1874 0.0800 0.5780 0.7902
6538.0000 -705.5656 7339.3475 -1529.9285 -0.1873 0.0799 0.5789 0.7895
6539.0000 -704.7266 7341.7180 -1530.8374 -0.1873 0.0796 0.5800 0.7888
6540.0000 -703.9051 7344.0850 -1531.7273 -0.1871 0.0793 0.5812 0.7880
6541.0000 -703.0924 7346.4735 -1532.6206 -0.1868 0.0795 0.5825 0.7871
6542.0000 -702.2906 7348.8612 -1533.5103 -0.1869 0.0798 0.5835 0.7862
6543.0000 -701.4844 7351.2327 -1534.4061 -0.1872 0.0799 0.5847 0.7853
6544.0000 -700.6918 7353.6226 -1535.3179 -0.1874 0.0798 0.5859 0.7844
6545.0000 -699.8868 7356.0290 -1536.2341 -0.1872 0.0799 0.5868 0.7837
6546.0000 -699.0945 7358.4433 -1537.1333 -0.1867 0.0806 0.5877 0.7831
6547.0000 -698.3185 7360.8498 -1538.0320 -0.1866 0.0812 0.5888 0.7822
6548.0000 -697.5508 7363.2309 -1538.9389 -0.1867 0.0816 0.5899 0.7814
6549.0000 -696.7880 7365.6199 -1539.8479 -0.1864 0.0816 0.5908 0.7807
6550.0000 -696.0219 7368.0106 -1540.7503 -0.1859 0.0809 0.5919 0.7801
6551.0000 -695.2622 7370.4158 -1541.6507 -0.1853 0.0803 0.5930 0.7794
6552.0000 -694.5292 7372.8184 -1542.5559 -0.1854 0.0808 0.5939 0.7787
6553.0000 -693.7823 7375.2243 -1543.4780 -0.1853 0.0822 0.5946 0.7781
6554.0000 -693.0416 7377.6262 -1544.3748 -0.1850 0.0835 0.5954 0.7774
6555.0000 -692.3183 7380.0503 -1545.2785 -0.1847 0.0836 0.5964 0.7766
6556.0000 -691.6006 7382.4725 -1546.2100 -0.1849 0.0830 0.5977 0.7757
6557.0000 -690.8780 7384.8809 -1547.1489 -0.1850 0.0825 0.5988 0.7748
6558.0000 -690.1721 7387.2763 -1548.0725 -0.1851 0.0832 0.5997 0.7741
6559.0000 -689.4696 7389.6876 -1548.9763 -0.1843 0.0843 0.6007 0.7734
6560.0000 -688.7878 7392.1140 -1549.8637 -0.1833 0.0845 0.6018 0.7727
6561.0000 -688.0998 7394.5347 -1550.7723 -0.1831 0.0840 0.6030 0.7719
6562.0000 -687.4222 7396.9505 -1551.7138 -0.1838 0.0838 0.6041 0.7709
6563.0000 -686.7530 7399.3694 -1552.6679 -0.1841 0.0847 0.6051 0.7699
6564.0000 -686.0823 7401.8032 -1553.5921 -0.1837 0.0862 0.6061 0.7691
6565.0000 -685.4197 7404.2357 -1554.4890 -0.1828 0.0868 0.6072 0.7684
6566.0000 -684.7722 7406.6592 -1555.3900 -0.1825 0.0862 0.6086 0.7674
6567.0000 -684.1343 7409.0631 -1556.3272 -0.1828 0.0849 0.6101 0.7663
6568.0000 -683.5048 7411.4816 -1557.2885 -0.1829 0.0844 0.6114 0.7652
6569.0000 -682.8811 7413.9374 -1558.2034 -0.1829 0.0844 0.6126 0.7643
6570.0000 -682.2701 7416.3696 -1559.1174 -0.1827 0.0847 0.6138 0.7634
6571.0000 -681.6675 7418.7925 -1560.0307 -0.1825 0.0851 0.6150 0.7624
6572.0000 -681.0696 7421.2054 -1560.9570 -0.1826 0.0859 0.6160 0.7614
6573.0000 -680.4652 7423.6448 -1561.8974 -0.1825 0.0868 0.6171 0.7605
6574.0000 -679.8781 7426.0979 -1562.8380 -0.1823 0.0873 0.6183 0.7595
6575.0000 -679.2958 7428.5363 -1563.7717 -0.1825 0.0873 0.6194 0.7586
6576.0000 -678.7349 7430.9653 -1564.7047 -0.1826 0.0874 0.6205 0.7576
6577.0000 -678.1913 7433.3955 -1565.6449 -0.1828 0.0875 0.6218 0.7565
6578.0000 -677.6555 7435.8178 -1566.5975 -0.1827 0.0876 0.6230 0.7556
6579.0000 -677.1019 7438.2708 -1567.5373 -0.1816 0.0870 0.6244 0.7547
6580.0000 -676.5490 7440.7277 -1568.4633 -0.1807 0.0869 0.6258 0.7538
6581.0000 -676.0225 7443.1650 -1569.3919 -0.1815 0.0879 0.6268 0.7527
6582.0000 -675.5102 7445.6048 -1570.3338 -0.1826 0.0887 0.6277 0.7515
6583.0000 -675.0139 7448.0258 -1571.2827 -0.1829 0.0889 0.6284 0.7509
6584.0000 -674.5093 7450.4776 -1572.2320 -0.1825 0.0884 0.6294 0.7502
6585.0000 -674.0109 7452.9207 -1573.1591 -0.1817 0.0873 0.6307 0.7494
6586.0000 -673.5208 7455.3423 -1574.1020 -0.1813 0.0875 0.6318 0.7485
6587.0000 -673.0354 7457.7940 -1575.0524 -0.1816 0.0892 0.6325 0.7477
6588.0000 -672.5596 7460.2482 -1575.9977 -0.1817 0.0908 0.6332 0.7469
6589.0000 -672.0878 7462.7060 -1576.9430 -0.1810 0.0910 0.6342 0.7461
6590.0000 -671.6250 7465.1413 -1577.8922 -0.1803 0.0906 0.6352 0.7455
6591.0000 -671.1664 7467.5842 -1578.8400 -0.1798 0.0897 0.6363 0.7448
6592.0000 -670.7273 7470.0390 -1579.7972 -0.1803 0.0893 0.6373 0.7439
6593.0000 -670.2938 7472.4788 -1580.7569 -0.1809 0.0900 0.6379 0.7432
6594.0000 -669.8498 7474.9225 -1581.6885 -0.1806 0.0902 0.6383 0.7428
6595.0000 -669.4076 7477.3668 -1582.6225 -0.1802 0.0896 0.6390 0.7424
6596.0000 -668.9624 7479.8258 -1583.5844 -0.1794 0.0892 0.6398 0.7419
6597.0000 -668.5376 7482.2786 -1584.5394 -0.1789 0.0890 0.6404 0.7416
6598.0000 -668.1228 7484.7206 -1585.4746 -0.1793 0.0891 0.6409 0.7411
6599.0000 -667.7064 7487.1579 -1586.4082 -0.1800 0.0900 0.6410 0.7407
6600.0000 -667.2821 7489.6170 -1587.3618 -0.1799 0.0915 0.6413 0.7403
6601.0000 -666.8676 7492.0853 -1588.3231 -0.1792 0.0925 0.6419 0.7398
6602.0000 -666.4602 7494.5483 -1589.2811 -0.1785 0.0921 0.6429 0.7392
6603.0000 -666.0576 7496.9815 -1590.2155 -0.1788 0.0905 0.6439 0.7384
6604.0000 -665.6767 7499.4000 -1591.1593 -0.1797 0.0894 0.6450 0.7374
6605.0000 -665.2954 7501.8693 -1592.1273 -0.1804 0.0897 0.6462 0.7361
6606.0000 -664.9050 7504.3467 -1593.0945 -0.1801 0.0911 0.6472 0.7351
6607.0000 -664.5214 7506.7958 -1594.0397 -0.1793 0.0923 0.6482 0.7343
6608.0000 -664.1553 7509.2443 -1594.9709 -0.1782 0.0924 0.6493 0.7336
6609.0000 -663.8030 7511.6800 -1595.9140 -0.1777 0.0916 0.6504 0.7328
6610.0000 -663.4524 7514.1332 -1596.8843 -0.1785 0.0914 0.6513 0.7318
6611.0000 -663.1081 7516.5879 -1597.8573 -0.1789 0.0927 0.6517 0.7312
6612.0000 -662.7635 7519.0519 -1598.8084 -0.1778 0.0944 0.6522 0.7309
6613.0000 -662.4199 7521.5005 -1599.7499 -0.1765 0.0948 0.6530 0.7304
6614.0000 -662.0959 7523.9527 -1600.6993 -0.1767 0.0936 0.6539 0.7296
6615.0000 -661.7801 7526.4240 -1601.6746 -0.1778 0.0927 0.6549 0.7286
6616.0000 -661.4606 7528.8627 -1602.6493 -0.1785 0.0931 0.6554 0.7279
6617.0000 -661.1503 7531.2866 -1603.6048 -0.1782 0.0942 0.6560 0.7273
6618.0000 -660.8473 7533.7238 -1604.5283 -0.1773 0.0944 0.6569 0.7268
6619.0000 -660.5405 7536.1841 -1605.4817 -0.1769 0.0940 0.6578 0.7261
6620.0000 -660.2324 7538.6495 -1606.4675 -0.1771 0.0942 0.6584 0.7254
6621.0000 -659.9367 7541.0999 -1607.4452 -0.1769 0.0947 0.6588 0.7250
6622.0000 -659.6541 7543.5243 -1608.3818 -0.1764 0.0947 0.6593 0.7247
6623.0000 -659.3793 7545.9758 -1609.3228 -0.1758 0.0938 0.6603 0.7241
6624.0000 -659.1114 7548.4334 -1610.2786 -0.1755 0.0925 0.6616 0.7232
6625.0000 -658.8264 7550.8655 -1611.2390 -0.1755 0.0932 0.6623 0.7225
6626.0000 -658.5463 7553.3291 -1612.1877 -0.1756 0.0964 0.6625 0.7218
6627.0000 -658.2810 7555.7975 -1613.1286 -0.1751 0.0985 0.6629 0.7213
6628.0000 -658.0347 7558.2486 -1614.0761 -0.1746 0.0974 0.6638 0.7207
6629.0000 -657.7940 7560.6676 -1615.0542 -0.1748 0.0952 0.6648 0.7200
6630.0000 -657.5447 7563.0985 -1616.0384 -0.1754 0.0947 0.6656 0.7192
6631.0000 -657.3006 7565.5621 -1617.0003 -0.1754 0.0961 0.6662 0.7184
6632.0000 -657.0635 7568.0128 -1617.9123 -0.1743 0.0975 0.6668 0.7179
6633.0000 -656.8438 7570.4421 -1618.8403 -0.1731 0.0973 0.6677 0.7175
6634.0000 -656.6224 7572.8690 -1619.8089 -0.1740 0.0966 0.6684 0.7167
6635.0000 -656.4019 7575.3149 -1620.7939 -0.1756 0.0963 0.6691 0.7157
6636.0000 -656.1801 7577.7683 -1621.7579 -0.1751 0.0958 0.6702 0.7149
6637.0000 -655.9690 7580.2050 -1622.7028 -0.1732 0.0958 0.6714 0.7142
6638.0000 -655.7759 7582.6534 -1623.6504 -0.1724 0.0972 0.6728 0.7129
6639.0000 -655.6053 7585.0909 -1624.6188 -0.1726 0.0996 0.6741 0.7112
6640.0000 -655.4332 7587.5155 -1625.5760 -0.1725 0.1006 0.6754 0.7099
6641.0000 -655.2630 7589.9530 -1626.5148 -0.1720 0.0992 0.6772 0.7085
6642.0000 -655.1012 7592.4072 -1627.4882 -0.1716 0.0973 0.6792 0.7069
6643.0000 -654.9604 7594.8509 -1628.4783 -0.1715 0.0972 0.6810 0.7053
6644.0000 -654.8272 7597.2803 -1629.4328 -0.1715 0.0989 0.6823 0.7038
6645.0000 -654.7100 7599.7166 -1630.3759 -0.1713 0.1009 0.6835 0.7023
6646.0000 -654.6024 7602.1639 -1631.3263 -0.1712 0.1014 0.6846 0.7013
6647.0000 -654.5087 7604.6060 -1632.2959 -0.1712 0.1004 0.6857 0.7003
6648.0000 -654.4281 7607.0489 -1633.2972 -0.1713 0.0998 0.6868 0.6993
6649.0000 -654.3447 7609.4835 -1634.2709 -0.1712 0.1009 0.6877 0.6983
6650.0000 -654.2604 7611.9299 -1635.2074 -0.1708 0.1019 0.6886 0.6973
6651.0000 -654.1908 7614.3599 -1636.1569 -0.1703 0.1019 0.6896 0.6965
6652.0000 -654.1313 7616.8028 -1637.1300 -0.1699 0.1012 0.6908 0.6954
6653.0000 -654.0877 7619.2112 -1638.1006 -0.1698 0.1003 0.6919 0.6946
6654.0000 -654.0470 7621.6451 -1639.0740 -0.1694 0.1005 0.6927 0.6938
6655.0000 -654.0038 7624.1076 -1640.0375 -0.1688 0.1017 0.6935 0.6930
6656.0000 -653.9667 7626.5675 -1640.9895 -0.1683 0.1029 0.6944 0.6921
6657.0000 -653.9390 7629.0035 -1641.9517 -0.1679 0.1030 0.6954 0.6911
6658.0000 -653.9178 7631.4341 -1642.9220 -0.1681 0.1023 0.6965 0.6900
6659.0000 -653.9122 7633.8708 -1643.8964 -0.1690 0.1020 0.6973 0.6890
6660.0000 -653.9080 7636.2992 -1644.8772 -0.1699 0.1028 0.6980 0.6881
6661.0000 -653.9153 7638.7372 -1645.8378 -0.1695 0.1035 0.6989 0.6871
6662.0000 -653.9362 7641.1777 -1646.7882 -0.1687 0.1033 0.7002 0.6860
6663.0000 -653.9487 7643.6100 -1647.7755 -0.1678 0.1032 0.7014 0.6850
6664.0000 -653.9609 7646.0492 -1648.7498 -0.1672 0.1033 0.7022 0.6843
6665.0000 -653.9907 7648.4836 -1649.7049 -0.1670 0.1036 0.7029 0.6836
6666.0000 -654.0450 7650.9203 -1650.6780 -0.1671 0.1040 0.7038 0.6826
6667.0000 -654.0874 7653.3492 -1651.6480 -0.1673 0.1043 0.7048 0.6815
6668.0000 -654.1349 7655.7709 -1652.6131 -0.1670 0.1050 0.7057 0.6805
6669.0000 -654.1985 7658.1814 -1653.5715 -0.1665 0.1055 0.7065 0.6797
6670.0000 -654.2651 7660.6293 -1654.5344 -0.1662 0.1053 0.7075 0.6788
6671.0000 -654.3473 7663.0617 -1655.5221 -0.1665 0.1051 0.7084 0.6778
6672.0000 -654.4306 7665.4909 -1656.5003 -0.1667 0.1054 0.7092 0.6769
6673.0000 -654.5123 7667.9198 -1657.4650 -0.1665 0.1062 0.7100 0.6760
6674.0000 -654.6006 7670.3483 -1658.4326 -0.1658 0.1068 0.7107 0.6752
6675.0000 -654.7031 7672.7687 -1659.3938 -0.1650 0.1065 0.7114 0.6747
6676.0000 -654.8074 7675.1873 -1660.3590 -0.1645 0.1055 0.7122 0.6742
6677.0000 -654.9160 7677.6212 -1661.3300 -0.1648 0.1054 0.7129 0.6734
6678.0000 -655.0366 7680.0447 -1662.2911 -0.1649 0.1060 0.7135 0.6727
6679.0000 -655.1559 7682.4612 -1663.2683 -0.1655 0.1072 0.7139 0.6719
6680.0000 -655.2799 7684.8742 -1664.2515 -0.1662 0.1079 0.7143 0.6712
6681.0000 -655.4047 7687.3033 -1665.2221 -0.1660 0.1075 0.7148 0.6707
6682.0000 -655.5415 7689.7248 -1666.1991 -0.1652 0.1060 0.7157 0.6703
6683.0000 -655.6814 7692.1562 -1667.1712 -0.1641 0.1050 0.7168 0.6695
6684.0000 -655.8151 7694.5811 -1668.1323 -0.1640 0.1057 0.7176 0.6686
6685.0000 -655.9622 7697.0107 -1669.0912 -0.1647 0.1072 0.7180 0.6677
6686.0000 -656.1260 7699.4347 -1670.0557 -0.1658 0.1074 0.7185 0.6669
6687.0000 -656.2971 7701.8627 -1671.0472 -0.1665 0.1064 0.7192 0.6661
6688.0000 -656.4693 7704.2737 -1672.0400 -0.1660 0.1055 0.7201 0.6654
6689.0000 -656.6349 7706.6878 -1672.9961 -0.1652 0.1052 0.7211 0.6646
6690.0000 -656.8156 7709.1149 -1673.9500 -0.1643 0.1058 0.7221 0.6636
6691.0000 -656.9916 7711.5432 -1674.9100 -0.1636 0.1067 0.7229 0.6628
6692.0000 -657.1772 7713.9541 -1675.8773 -0.1635 0.1076 0.7233 0.6622
6693.0000 -657.3740 7716.3668 -1676.8533 -0.1637 0.1079 0.7238 0.6616
6694.0000 -657.5949 7718.7838 -1677.8237 -0.1635 0.1071 0.7246 0.6609
6695.0000 -657.8092 7721.2111 -1678.8013 -0.1632 0.1062 0.7254 0.6602
6696.0000 -658.0099 7723.6218 -1679.7723 -0.1634 0.1069 0.7259 0.6595
6697.0000 -658.2140 7726.0329 -1680.7334 -0.1634 0.1085 0.7263 0.6588
6698.0000 -658.4326 7728.4333 -1681.6774 -0.1633 0.1091 0.7269 0.6580
6699.0000 -658.6577 7730.8423 -1682.6380 -0.1634 0.1082 0.7279 0.6571
6700.0000 -658.8997 7733.2657 -1683.6323 -0.1631 0.1067 0.7289 0.6563
6701.0000 -659.1346 7735.6684 -1684.6182 -0.1624 0.1063 0.7297 0.6557
6702.0000 -659.3717 7738.0564 -1685.5703 -0.1619 0.1079 0.7302 0.6550
6703.0000 -659.6162 7740.4654 -1686.5197 -0.1609 0.1111 0.7306 0.6542
6704.0000 -659.8734 7742.8893 -1687.4709 -0.1594 0.1133 0.7313 0.6534
6705.0000 -660.1307 7745.3108 -1688.4473 -0.1584 0.1130 0.7324 0.6525
6706.0000 -660.3870 7747.7005 -1689.4414 -0.1588 0.1116 0.7334 0.6515
6707.0000 -660.6630 7750.0880 -1690.4124 -0.1604 0.1109 0.7341 0.6505
6708.0000 -660.9468 7752.4817 -1691.3765 -0.1613 0.1114 0.7345 0.6496
6709.0000 -661.2281 7754.8852 -1692.3260 -0.1614 0.1117 0.7351 0.6489
6710.0000 -661.5357 7757.2795 -1693.3164 -0.1609 0.1119 0.7358 0.6482
6711.0000 -661.8238 7759.6630 -1694.2950 -0.1602 0.1118 0.7365 0.6476
6712.0000 -662.1185 7762.0687 -1695.2641 -0.1594 0.1120 0.7374 0.6467
6713.0000 -662.4275 7764.4600 -1696.2232 -0.1591 0.1127 0.7381 0.6459
6714.0000 -662.7366 7766.8729 -1697.1984 -0.1594 0.1128 0.7389 0.6449
6715.0000 -663.0579 7769.2543 -1698.1730 -0.1600 0.1124 0.7398 0.6438
6716.0000 -663.3745 7771.6262 -1699.1490 -0.1591 0.1127 0.7409 0.6427
6717.0000 -663.7221 7774.0124 -1700.1022 -0.1575 0.1129 0.7421 0.6416
6718.0000 -664.0656 7776.4091 -1701.0563 -0.1570 0.1128 0.7436 0.6401
6719.0000 -664.4170 7778.8090 -1702.0392 -0.1576 0.1134 0.7447 0.6386
6720.0000 -664.7618 7781.1874 -1703.0166 -0.1578 0.1142 0.7454 0.6375
6721.0000 -665.1227 7783.5583 -1703.9725 -0.1577 0.1146 0.7463 0.6364
6722.0000 -665.5262 7785.9405 -1704.9304 -0.1571 0.1143 0.7475 0.6352
6723.0000 -665.9254 7788.3290 -1705.8883 -0.1568 0.1139 0.7488 0.6338
6724.0000 -666.3107 7790.6931 -1706.8607 -0.1568 0.1142 0.7497 0.6327
6725.0000 -666.6981 7793.0647 -1707.8284 -0.1567 0.1151 0.7503 0.6319
6726.0000 -667.1111 7795.4452 -1708.7956 -0.1567 0.1154 0.7509 0.6310
6727.0000 -667.5322 7797.8182 -1709.7761 -0.1568 0.1151 0.7518 0.6301
6728.0000 -667.9553 7800.1948 -1710.7421 -0.1562 0.1149 0.7528 0.6291
6729.0000 -668.3842 7802.5644 -1711.6916 -0.1559 0.1150 0.7538 0.6280
6730.0000 -668.8108 7804.9164 -1712.6594 -0.1562 0.1156 0.7546 0.6268
6731.0000 -669.2491 7807.2545 -1713.6230 -0.1563 0.1159 0.7552 0.6259
6732.0000 -669.7058 7809.6239 -1714.5719 -0.1563 0.1152 0.7561 0.6249
6733.0000 -670.1755 7812.0058 -1715.5392 -0.1560 0.1148 0.7572 0.6238
6734.0000 -670.6285 7814.3708 -1716.4972 -0.1557 0.1148 0.7582 0.6227
6735.0000 -671.0890 7816.7134 -1717.4637 -0.1559 0.1160 0.7589 0.6216
6736.0000 -671.5517 7819.0685 -1718.4296 -0.1560 0.1170 0.7595 0.6206
6737.0000 -672.0355 7821.4347 -1719.3945 -0.1553 0.1166 0.7604 0.6197
6738.0000 -672.5375 7823.7909 -1720.3515 -0.1545 0.1157 0.7616 0.6187
6739.0000 -673.0525 7826.1409 -1721.3246 -0.1539 0.1161 0.7625 0.6176
6740.0000 -673.5485 7828.5011 -1722.2886 -0.1541 0.1172 0.7631 0.6166
6741.0000 -674.0459 7830.8454 -1723.2387 -0.1548 0.1184 0.7635 0.6157
6742.0000 -674.5635 7833.1883 -1724.1997 -0.1547 0.1186 0.7645 0.6145
6743.0000 -675.0853 7835.5298 -1725.1749 -0.1541 0.1175 0.7656 0.6134
6744.0000 -675.6278 7837.8663 -1726.1414 -0.1541 0.1166 0.7663 0.6127
6745.0000 -676.1737 7840.2046 -1727.1022 -0.1542 0.1167 0.7667 0.6121
6746.0000 -676.7135 7842.5551 -1728.0606 -0.1540 0.1175 0.7672 0.6115
6747.0000 -677.2444 7844.8962 -1729.0088 -0.1537 0.1182 0.7678 0.6106
6748.0000 -677.7827 7847.2439 -1729.9804 -0.1533 0.1191 0.7685 0.6098
6749.0000 -678.3484 7849.5806 -1730.9313 -0.1528 0.1193 0.7691 0.6090
6750.0000 -678.9176 7851.8995 -1731.8911 -0.1528 0.1189 0.7698 0.6082
6751.0000 -679.4881 7854.2301 -1732.8680 -0.1530 0.1188 0.7705 0.6073
6752.0000 -680.0624 7856.5714 -1733.8348 -0.1529 0.1188 0.7711 0.6065
6753.0000 -680.6345 7858.9236 -1734.7928 -0.1521 0.1192 0.7718 0.6057
6754.0000 -681.2122 7861.2353 -1735.7394 -0.1519 0.1202 0.7724 0.6049
6755.0000 -681.8046 7863.5578 -1736.6996 -0.1518 0.1214 0.7727 0.6043
6756.0000 -682.4039 7865.8882 -1737.6592 -0.1515 0.1218 0.7733 0.6035
6757.0000 -683.0049 7868.2126 -1738.6135 -0.1509 0.1209 0.7742 0.6027
6758.0000 -683.6012 7870.5366 -1739.5897 -0.1509 0.1202 0.7750 0.6017
6759.0000 -684.2128 7872.8507 -1740.5621 -0.1509 0.1207 0.7756 0.6009
6760.0000 -684.8292 7875.1696 -1741.5090 -0.1506 0.1220 0.7762 0.5999
6761.0000 -685.4447 7877.4964 -1742.4425 -0.1504 0.1228 0.7769 0.5989
6762.0000 -686.0686 7879.8140 -1743.4035 -0.1506 0.1229 0.7777 0.5978
6763.0000 -686.7078 7882.1052 -1744.3856 -0.1506 0.1231 0.7784 0.5968
6764.0000 -687.3460 7884.4131 -1745.3577 -0.1496 0.1232 0.7792 0.5960
6765.0000 -687.9878 7886.7362 -1746.3133 -0.1487 0.1233 0.7800 0.5952
6766.0000 -688.6550 7889.0627 -1747.2756 -0.1479 0.1239 0.7808 0.5943
6767.0000 -689.3143 7891.3720 -1748.2188 -0.1475 0.1242 0.7816 0.5933
6768.0000 -689.9783 7893.6608 -1749.1709 -0.1477 0.1242 0.7824 0.5922
6769.0000 -690.6457 7895.9595 -1750.1291 -0.1479 0.1243 0.7830 0.5912
6770.0000 -691.3213 7898.2496 -1751.0760 -0.1482 0.1246 0.7834 0.5905
6771.0000 -691.9989 7900.5546 -1752.0344 -0.1483 0.1250 0.7836 0.5902
6772.0000 -692.6852 7902.8687 -1753.0023 -0.1476 0.1252 0.7838 0.5901
6773.0000 -693.3760 7905.1720 -1753.9541 -0.1464 0.1254 0.7841 0.5899
6774.0000 -694.0584 7907.4660 -1754.9067 -0.1462 0.1261 0.7844 0.5894
6775.0000 -694.7486 7909.7614 -1755.8696 -0.1463 0.1270 0.7849 0.5886
6776.0000 -695.4384 7912.0542 -1756.8244 -0.1461 0.1275 0.7853 0.5880
6777.0000 -696.1362 7914.3481 -1757.7846 -0.1459 0.1277 0.7856 0.5875
6778.0000 -696.8409 7916.6359 -1758.7455 -0.1453 0.1281 0.7860 0.5872
6779.0000 -697.5516 7918.9374 -1759.6858 -0.1449 0.1283 0.7863 0.5867
6780.0000 -698.2688 7921.2336 -1760.6383 -0.1451 0.1282 0.7868 0.5861
6781.0000 -698.9790 7923.5098 -1761.5971 -0.1455 0.1276 0.7874 0.5853
6782.0000 -699.7004 7925.7816 -1762.5629 -0.1459 0.1271 0.7882 0.5843
6783.0000 -700.4276 7928.0585 -1763.5350 -0.1459 0.1276 0.7887 0.5834
6784.0000 -701.1564 7930.3697 -1764.4868 -0.1447 0.1291 0.7891 0.5829
6785.0000 -701.8840 7932.6668 -1765.4041 -0.1431 0.1303 0.7895 0.5824
6786.0000 -702.6285 7934.9438 -1766.3432 -0.1427 0.1305 0.7902 0.5816
6787.0000 -703.3635 7937.1971 -1767.3264 -0.1432 0.1307 0.7908 0.5805
6788.0000 -704.1086 7939.4674 -1768.2987 -0.1437 0.1316 0.7913 0.5795
6789.0000 -704.8733 7941.7544 -1769.2481 -0.1434 0.1326 0.7919 0.5786
6790.0000 -705.6335 7944.0421 -1770.1929 -0.1424 0.1332 0.7922 0.5782
6791.0000 -706.3865 7946.3064 -1771.1289 -0.1417 0.1327 0.7928 0.5778
6792.0000 -707.1445 7948.5604 -1772.0791 -0.1421 0.1313 0.7933 0.5773
6793.0000 -707.9209 7950.8214 -1773.0644 -0.1433 0.1304 0.7935 0.5770
6794.0000 -708.6940 7953.0875 -1774.0436 -0.1439 0.1311 0.7933 0.5769
6795.0000 -709.4529 7955.3667 -1774.9759 -0.1430 0.1328 0.7928 0.5774
6796.0000 -710.2177 7957.6590 -1775.8907 -0.1418 0.1339 0.7926 0.5778
6797.0000 -710.9907 7959.9298 -1776.8324 -0.1418 0.1332 0.7928 0.5776
6798.0000 -711.7571 7962.1637 -1777.8366 -0.1429 0.1320 0.7930 0.5774
6799.0000 -712.5187 7964.4211 -1778.8344 -0.1430 0.1319 0.7930 0.5773
6800.0000 -713.2863 7966.7138 -1779.7613 -0.1420 0.1329 0.7928 0.5776
6801.0000 -714.0558 7969.0018 -1780.6840 -0.1410 0.1341 0.7927 0.5777
6802.0000 -714.8252 7971.2804 -1781.6275 -0.1405 0.1347 0.7927 0.5777
6803.0000 -715.5804 7973.5270 -1782.5850 -0.1408 0.1347 0.7928 0.5775
6804.0000 -716.3377 7975.7624 -1783.5574 -0.1416 0.1342 0.7932 0.5769
6805.0000 -717.1099 7978.0268 -1784.5359 -0.1415 0.1342 0.7935 0.5764
6806.0000 -717.8851 7980.3179 -1785.4770 -0.1404 0.1347 0.7937 0.5763
6807.0000 -718.6597 7982.6034 -1786.4046 -0.1395 0.1353 0.7938 0.5763
6808.0000 -719.4407 7984.8722 -1787.3517 -0.1398 0.1358 0.7938 0.5761
6809.0000 -720.2162 7987.1013 -1788.3176 -0.1408 0.1363 0.7938 0.5757
6810.0000 -720.9896 7989.3495 -1789.2883 -0.1405 0.1365 0.7939 0.5756
6811.0000 -721.7553 7991.6293 -1790.2398 -0.1389 0.1364 0.7944 0.5754
6812.0000 -722.5521 7993.9031 -1791.1749 -0.1382 0.1367 0.7948 0.5749
6813.0000 -723.3418 7996.1621 -1792.1212 -0.1386 0.1376 0.7950 0.5743
6814.0000 -724.1202 7998.4160 -1793.0831 -0.1392 0.1387 0.7951 0.5737
6815.0000 -724.9006 8000.6882 -1794.0468 -0.1388 0.1392 0.7953 0.5735
6816.0000 -725.6907 8002.9496 -1794.9923 -0.1374 0.1386 0.7958 0.5732
6817.0000 -726.4818 8005.1767 -1795.9341 -0.1367 0.1376 0.7965 0.5726
6818.0000 -727.2873 8007.4272 -1796.9005 -0.1371 0.1383 0.7969 0.5719
6819.0000 -728.0843 8009.6838 -1797.8574 -0.1376 0.1403 0.7969 0.5712
6820.0000 -728.8876 8011.9587 -1798.8080 -0.1370 0.1420 0.7970 0.5708
6821.0000 -729.6953 8014.2190 -1799.7392 -0.1363 0.1429 0.7972 0.5705
6822.0000 -730.5029 8016.4520 -1800.6994 -0.1364 0.1432 0.7975 0.5700
6823.0000 -731.3206 8018.6922 -1801.6797 -0.1367 0.1429 0.7979 0.5694
6824.0000 -732.1301 8020.9443 -1802.6470 -0.1367 0.1424 0.7983 0.5690
6825.0000 -732.9530 8023.2019 -1803.6058 -0.1361 0.1422 0.7986 0.5687
6826.0000 -733.7687 8025.4567 -1804.5422 -0.1347 0.1423 0.7991 0.5684
6827.0000 -734.5894 8027.6934 -1805.4827 -0.1338 0.1426 0.7995 0.5679
6828.0000 -735.4154 8029.9307 -1806.4530 -0.1338 0.1447 0.7995 0.5675
6829.0000 -736.2457 8032.1854 -1807.4195 -0.1337 0.1481 0.7991 0.5671
6830.0000 -737.0736 8034.4313 -1808.3440 -0.1323 0.1496 0.7991 0.5670
6831.0000 -737.9008 8036.6756 -1809.2775 -0.1310 0.1490 0.7996 0.5668
6832.0000 -738.7427 8038.9228 -1810.2585 -0.1312 0.1480 0.8000 0.5665
6833.0000 -739.5806 8041.1639 -1811.2509 -0.1325 0.1481 0.7999 0.5662
6834.0000 -740.4216 8043.4085 -1812.2289 -0.1331 0.1488 0.7997 0.5662
6835.0000 -741.2679 8045.6456 -1813.1643 -0.1324 0.1494 0.7997 0.5662
6836.0000 -742.1192 8047.8831 -1814.1002 -0.1318 0.1496 0.7998 0.5661
6837.0000 -742.9559 8050.1341 -1815.0648 -0.1313 0.1500 0.7999 0.5660
6838.0000 -743.7818 8052.3708 -1816.0296 -0.1306 0.1506 0.7998 0.5662
6839.0000 -744.6225 8054.6103 -1816.9943 -0.1303 0.1516 0.7996 0.5663
6840.0000 -745.4679 8056.8500 -1817.9453 -0.1299 0.1521 0.7995 0.5664
6841.0000 -746.3124 8059.1076 -1818.9026 -0.1294 0.1516 0.7996 0.5665
6842.0000 -747.1479 8061.3455 -1819.8583 -0.1291 0.1516 0.7996 0.5665
6843.0000 -747.9923 8063.5865 -1820.8237 -0.1287 0.1535 0.7993 0.5666
6844.0000 -748.8405 8065.8343 -1821.7897 -0.1283 0.1558 0.7989 0.5665
6845.0000 -749.6820 8068.0890 -1822.7440 -0.1279 0.1559 0.7990 0.5666
6846.0000 -750.5221 8070.3373 -1823.7006 -0.1274 0.1547 0.7992 0.5667
6847.0000 -751.3694 8072.5642 -1824.6832 -0.1270 0.1544 0.7991 0.5670
6848.0000 -752.2026 8074.8024 -1825.6436 -0.1271 0.1550 0.7988 0.5672
6849.0000 -753.0332 8077.0533 -1826.5941 -0.1276 0.1563 0.7983 0.5674
6850.0000 -753.8773 8079.3147 -1827.5449 -0.1272 0.1571 0.7980 0.5678
6851.0000 -754.7337 8081.5733 -1828.5032 -0.1262 0.1572 0.7977 0.5683
6852.0000 -755.5643 8083.8073 -1829.4719 -0.1254 0.1571 0.7975 0.5689
6853.0000 -756.3883 8086.0385 -1830.4356 -0.1254 0.1577 0.7971 0.5693
6854.0000 -757.2197 8088.2750 -1831.3930 -0.1261 0.1587 0.7964 0.5697
6855.0000 -758.0544 8090.5264 -1832.3519 -0.1265 0.1595 0.7956 0.5706
6856.0000 -758.8866 8092.7876 -1833.3116 -0.1259 0.1596 0.7952 0.5712
6857.0000 -759.7069 8095.0324 -1834.2808 -0.1254 0.1600 0.7950 0.5716
6858.0000 -760.5139 8097.2656 -1835.2525 -0.1249 0.1609 0.7947 0.5718
6859.0000 -761.3146 8099.5180 -1836.2051 -0.1242 0.1616 0.7945 0.5721
6860.0000 -762.1371 8101.7912 -1837.1771 -0.1236 0.1616 0.7944 0.5723
6861.0000 -762.9460 8104.0372 -1838.1408 -0.1231 0.1617 0.7942 0.5727
6862.0000 -763.7576 8106.2781 -1839.0885 -0.1228 0.1621 0.7940 0.5729
6863.0000 -764.5591 8108.5102 -1840.0483 -0.1234 0.1633 0.7936 0.5730
6864.0000 -765.3554 8110.7629 -1841.0144 -0.1233 0.1642 0.7933 0.5732
6865.0000 -766.1631 8113.0158 -1841.9868 -0.1221 0.1646 0.7930 0.5736
6866.0000 -766.9821 8115.2788 -1842.9521 -0.1209 0.1648 0.7931 0.5738
6867.0000 -767.7940 8117.5241 -1843.9127 -0.1204 0.1644 0.7932 0.5738
6868.0000 -768.5973 8119.7685 -1844.8713 -0.1204 0.1640 0.7934 0.5737
6869.0000 -769.3918 8122.0167 -1845.8302 -0.1208 0.1646 0.7931 0.5738
6870.0000 -770.1872 8124.2780 -1846.7881 -0.1208 0.1655 0.7927 0.5742
6871.0000 -770.9894 8126.5425 -1847.7429 -0.1208 0.1662 0.7923 0.5745
6872.0000 -771.8048 8128.7970 -1848.7151 -0.1212 0.1661 0.7921 0.5747
6873.0000 -772.6125 8131.0525 -1849.6960 -0.1217 0.1655 0.7921 0.5748
6874.0000 -773.4137 8133.2961 -1850.6589 -0.1213 0.1650 0.7919 0.5752
6875.0000 -774.2131 8135.5322 -1851.6256 -0.1208 0.1651 0.7916 0.5757
6876.0000 -775.0060 8137.7989 -1852.5875 -0.1207 0.1653 0.7913 0.5762
6877.0000 -775.7963 8140.0597 -1853.5480 -0.1212 0.1657 0.7909 0.5764
6878.0000 -776.5891 8142.3165 -1854.5170 -0.1216 0.1661 0.7905 0.5768
6879.0000 -777.3815 8144.5690 -1855.4760 -0.1209 0.1661 0.7902 0.5774
6880.0000 -778.1627 8146.8393 -1856.4339 -0.1203 0.1658 0.7900 0.5779
6881.0000 -778.9561 8149.1114 -1857.4109 -0.1209 0.1657 0.7897 0.5781
6882.0000 -779.7430 8151.3745 -1858.3927 -0.1218 0.1657 0.7894 0.5784
6883.0000 -780.5242 8153.6381 -1859.3621 -0.1220 0.1657 0.7891 0.5788
6884.0000 -781.3035 8155.8866 -1860.3274 -0.1220 0.1659 0.7887 0.5793
6885.0000 -782.0781 8158.1460 -1861.2976 -0.1218 0.1662 0.7883 0.5798
6886.0000 -782.8575 8160.4246 -1862.2698 -0.1214 0.1662 0.7880 0.5803
6887.0000 -783.6316 8162.7178 -1863.2459 -0.1216 0.1657 0.7879 0.5805
6888.0000 -784.3940 8164.9720 -1864.2082 -0.1214 0.1656 0.7875 0.5811
6889.0000 -785.1475 8167.2214 -1865.1652 -0.1207 0.1658 0.7870 0.5818
6890.0000 -785.9112 8169.4867 -1866.1372 -0.1203 0.1667 0.7865 0.5824
6891.0000 -786.6753 8171.7447 -1867.1116 -0.1206 0.1676 0.7858 0.5830
6892.0000 -787.4436 8174.0283 -1868.0894 -0.1214 0.1682 0.7853 0.5833
6893.0000 -788.1889 8176.3071 -1869.0572 -0.1217 0.1679 0.7850 0.5838
6894.0000 -788.9354 8178.5774 -1870.0414 -0.1210 0.1670 0.7847 0.5845
6895.0000 -789.6855 8180.8341 -1871.0249 -0.1207 0.1664 0.7844 0.5853
6896.0000 -790.4355 8183.1127 -1872.0012 -0.1209 0.1668 0.7839 0.5857
6897.0000 -791.1717 8185.4060 -1872.9787 -0.1210 0.1682 0.7834 0.5860
6898.0000 -791.9022 8187.6974 -1873.9469 -0.1206 0.1692 0.7831 0.5862
6899.0000 -792.6238 8189.9632 -1874.9246 -0.1202 0.1692 0.7828 0.5866
6900.0000 -793.3488 8192.2173 -1875.9093 -0.1203 0.1683 0.7826 0.5872
6901.0000 -794.0848 8194.5067 -1876.8981 -0.1208 0.1676 0.7823 0.5876
6902.0000 -794.8299 8196.8016 -1877.8750 -0.1210 0.1676 0.7818 0.5883
6903.0000 -795.5589 8199.0886 -1878.8456 -0.1206 0.1686 0.7811 0.5890
6904.0000 -796.2625 8201.3433 -1879.8089 -0.1204 0.1693 0.7805 0.5897
6905.0000 -796.9735 8203.6021 -1880.7864 -0.1208 0.1693 0.7800 0.5901
6906.0000 -797.6821 8205.8755 -1881.7685 -0.1210 0.1687 0.7796 0.5909
6907.0000 -798.3896 8208.1805 -1882.7496 -0.1209 0.1679 0.7792 0.5917
6908.0000 -799.1006 8210.4799 -1883.7408 -0.1207 0.1680 0.7787 0.5923
6909.0000 -799.8054 8212.7725 -1884.7264 -0.1208 0.1687 0.7782 0.5927
6910.0000 -800.4973 8215.0396 -1885.6968 -0.1212 0.1691 0.7778 0.5930
6911.0000 -801.1737 8217.3302 -1886.6745 -0.1217 0.1687 0.7773 0.5937
6912.0000 -801.8709 8219.6187 -1887.6651 -0.1218 0.1679 0.7768 0.5946
6913.0000 -802.5567 8221.9012 -1888.6389 -0.1213 0.1666 0.7764 0.5955
6914.0000 -803.2453 8224.2123 -1889.6334 -0.1211 0.1662 0.7760 0.5962
6915.0000 -803.9280 8226.5137 -1890.6095 -0.1211 0.1668 0.7754 0.5968
6916.0000 -804.5872 8228.7888 -1891.5779 -0.1219 0.1680 0.7746 0.5974
6917.0000 -805.2518 8231.0797 -1892.5664 -0.1225 0.1684 0.7740 0.5979
6918.0000 -805.9193 8233.3740 -1893.5546 -0.1229 0.1674 0.7736 0.5986
6919.0000 -806.5726 8235.6627 -1894.5467 -0.1229 0.1666 0.7730 0.5997
6920.0000 -807.2175 8237.9474 -1895.5266 -0.1229 0.1660 0.7724 0.6006
6921.0000 -807.8880 8240.2691 -1896.5137 -0.1229 0.1661 0.7719 0.6012
6922.0000 -808.5301 8242.6018 -1897.5130 -0.1236 0.1666 0.7713 0.6017
6923.0000 -809.1532 8244.8917 -1898.5077 -0.1244 0.1665 0.7707 0.6023
6924.0000 -809.7871 8247.1521 -1899.4748 -0.1246 0.1653 0.7702 0.6032
6925.0000 -810.4070 8249.4466 -1900.4622 -0.1246 0.1645 0.7697 0.6041
6926.0000 -811.0373 8251.7725 -1901.4656 -0.1237 0.1654 0.7691 0.6048
6927.0000 -811.6508 8254.0754 -1902.4415 -0.1235 0.1663 0.7685 0.6054
6928.0000 -812.2675 8256.3751 -1903.4270 -0.1245 0.1670 0.7678 0.6059
6929.0000 -812.8769 8258.6771 -1904.4243 -0.1250 0.1670 0.7672 0.6065
6930.0000 -813.4784 8260.9647 -1905.4212 -0.1252 0.1661 0.7666 0.6075
6931.0000 -814.0747 8263.2775 -1906.4235 -0.1249 0.1652 0.7662 0.6084
6932.0000 -814.6614 8265.5761 -1907.4070 -0.1248 0.1652 0.7656 0.6091
6933.0000 -815.2553 8267.8816 -1908.3905 -0.1249 0.1656 0.7649 0.6098
6934.0000 -815.8446 8270.1954 -1909.3795 -0.1255 0.1656 0.7642 0.6105
6935.0000 -816.4246 8272.5189 -1910.3830 -0.1258 0.1659 0.7636 0.6112
6936.0000 -816.9990 8274.8284 -1911.3838 -0.1253 0.1662 0.7628 0.6122
6937.0000 -817.5682 8277.1445 -1912.3879 -0.1248 0.1659 0.7623 0.6130
6938.0000 -818.1192 8279.4546 -1913.3806 -0.1248 0.1654 0.7619 0.6137
6939.0000 -818.6841 8281.7898 -1914.3914 -0.1253 0.1654 0.7611 0.6145
6940.0000 -819.2413 8284.0980 -1915.3758 -0.1263 0.1657 0.7603 0.6152
6941.0000 -819.7995 8286.4064 -1916.3753 -0.1270 0.1660 0.7596 0.6159
6942.0000 -820.3467 8288.7138 -1917.3804 -0.1275 0.1659 0.7590 0.6166
6943.0000 -820.8748 8291.0428 -1918.3940 -0.1278 0.1653 0.7587 0.6170
6944.0000 -821.4023 8293.3739 -1919.4037 -0.1280 0.1643 0.7585 0.6175
6945.0000 -821.9278 8295.6762 -1920.3949 -0.1275 0.1632 0.7580 0.6185
6946.0000 -822.4750 8297.9739 -1921.3903 -0.1271 0.1629 0.7576 0.6192
6947.0000 -822.9926 8300.2972 -1922.3880 -0.1276 0.1633 0.7572 0.6194
6948.0000 -823.4874 8302.6246 -1923.3830 -0.1279 0.1644 0.7565 0.6200
6949.0000 -824.0045 8304.9522 -1924.3815 -0.1279 0.1648 0.7558 0.6207
6950.0000 -824.5179 8307.2802 -1925.3926 -0.1282 0.1641 0.7554 0.6213
6951.0000 -825.0297 8309.5861 -1926.3969 -0.1282 0.1635 0.7550 0.6220
6952.0000 -825.5512 8311.9174 -1927.4075 -0.1276 0.1631 0.7545 0.6228
6953.0000 -826.0433 8314.2583 -1928.4142 -0.1282 0.1631 0.7541 0.6232
6954.0000 -826.5349 8316.5935 -1929.4221 -0.1291 0.1628 0.7538 0.6233
6955.0000 -827.0351 8318.9009 -1930.4401 -0.1297 0.1629 0.7532 0.6240
6956.0000 -827.5240 8321.2507 -1931.4472 -0.1294 0.1628 0.7527 0.6247
6957.0000 -828.0053 8323.5899 -1932.4412 -0.1289 0.1625 0.7521 0.6255
6958.0000 -828.4852 8325.9157 -1933.4478 -0.1291 0.1628 0.7515 0.6261
6959.0000 -828.9614 8328.2149 -1934.4486 -0.1293 0.1636 0.7509 0.6267
6960.0000 -829.4195 8330.5514 -1935.4599 -0.1289 0.1640 0.7503 0.6273
6961.0000 -829.8949 8332.9073 -1936.4770 -0.1285 0.1633 0.7500 0.6279
6962.0000 -830.3595 8335.2291 -1937.4841 -0.1291 0.1621 0.7497 0.6285
6963.0000 -830.8043 8337.5299 -1938.4935 -0.1304 0.1619 0.7490 0.6291
6964.0000 -831.2483 8339.8720 -1939.5032 -0.1309 0.1628 0.7482 0.6297
6965.0000 -831.7198 8342.2280 -1940.5019 -0.1300 0.1634 0.7476 0.6305
6966.0000 -832.1636 8344.5630 -1941.5153 -0.1294 0.1635 0.7471 0.6312
6967.0000 -832.6047 8346.9047 -1942.5392 -0.1299 0.1628 0.7465 0.6319
6968.0000 -833.0476 8349.2488 -1943.5658 -0.1306 0.1623 0.7462 0.6323
6969.0000 -833.4866 8351.5891 -1944.5912 -0.1305 0.1624 0.7458 0.6328
6970.0000 -833.9133 8353.9149 -1945.5927 -0.1305 0.1624 0.7453 0.6333
6971.0000 -834.3314 8356.2537 -1946.5836 -0.1309 0.1624 0.7448 0.6339
6972.0000 -834.7486 8358.5932 -1947.6035 -0.1316 0.1624 0.7442 0.6344
6973.0000 -835.1826 8360.9460 -1948.6309 -0.1318 0.1623 0.7437 0.6349
6974.0000 -835.6139 8363.3004 -1949.6568 -0.1312 0.1621 0.7432 0.6357
6975.0000 -836.0255 8365.6502 -1950.6787 -0.1305 0.1618 0.7430 0.6362
6976.0000 -836.4117 8367.9956 -1951.6928 -0.1306 0.1616 0.7426 0.6367
6977.0000 -836.8059 8370.3146 -1952.6988 -0.1312 0.1617 0.7421 0.6371
6978.0000 -837.2159 8372.6783 -1953.7187 -0.1313 0.1620 0.7415 0.6377
6979.0000 -837.6121 8375.0460 -1954.7449 -0.1310 0.1628 0.7407 0.6385
6980.0000 -838.0036 8377.3621 -1955.7504 -0.1309 0.1637 0.7397 0.6395
6981.0000 -838.4040 8379.6874 -1956.7622 -0.1316 0.1636 0.7389 0.6402
6982.0000 -838.7827 8382.0268 -1957.7768 -0.1328 0.1615 0.7386 0.6409
6983.0000 -839.1427 8384.3669 -1958.8167 -0.1330 0.1599 0.7380 0.6420
6984.0000 -839.4971 8386.7266 -1959.8401 -0.1328 0.1594 0.7371 0.6432
6985.0000 -839.8472 8389.0580 -1960.8464 -0.1332 0.1604 0.7358 0.6442
6986.0000 -840.2061 8391.3928 -1961.8487 -0.1334 0.1614 0.7347 0.6453
6987.0000 -840.5683 8393.7550 -1962.8724 -0.1332 0.1612 0.7338 0.6463
6988.0000 -840.9172 8396.1273 -1963.9211 -0.1331 0.1602 0.7332 0.6474
6989.0000 -841.2419 8398.4851 -1964.9687 -0.1331 0.1601 0.7324 0.6482
6990.0000 -841.5615 8400.8241 -1965.9844 -0.1337 0.1608 0.7318 0.6486
6991.0000 -841.8945 8403.1531 -1966.9874 -0.1341 0.1615 0.7314 0.6488
6992.0000 -842.2109 8405.4975 -1968.0046 -0.1344 0.1612 0.7309 0.6494
6993.0000 -842.5166 8407.8837 -1969.0588 -0.1346 0.1605 0.7305 0.6500
6994.0000 -842.8164 8410.2548 -1970.0979 -0.1348 0.1599 0.7299 0.6508
6995.0000 -843.1348 8412.6070 -1971.1226 -0.1344 0.1598 0.7293 0.6516
6996.0000 -843.4569 8414.9473 -1972.1419 -0.1341 0.1604 0.7286 0.6522
6997.0000 -843.7494 8417.3095 -1973.1596 -0.1349 0.1611 0.7283 0.6522
6998.0000 -844.0349 8419.6811 -1974.1960 -0.1355 0.1614 0.7282 0.6521
6999.0000 -844.3244 8422.0389 -1975.2370 -0.1356 0.1610 0.7281 0.6523
7000.0000 -844.6119 8424.4086 -1976.2854 -0.1345 0.1602 0.7280 0.6529
7001.0000 -844.9091 8426.7757 -1977.3158 -0.1337 0.1598 0.7275 0.6537
7002.0000 -845.1962 8429.1333 -1978.3309 -0.1344 0.1600 0.7271 0.6540
7003.0000 -845.4758 8431.4879 -1979.3562 -0.1353 0.1605 0.7266 0.6542
7004.0000 -845.7463 8433.8421 -1980.3838 -0.1363 0.1604 0.7262 0.6545
7005.0000 -846.0305 8436.2043 -1981.4169 -0.1366 0.1600 0.7258 0.6549
7006.0000 -846.3106 8438.5608 -1982.4654 -0.1371 0.1598 0.7255 0.6553
7007.0000 -846.5786 8440.9309 -1983.5121 -0.1365 0.1595 0.7249 0.6561
7008.0000 -846.8463 8443.2915 -1984.5320 -0.1357 0.1593 0.7243 0.6569
7009.0000 -847.1033 8445.6398 -1985.5514 -0.1354 0.1589 0.7239 0.6575
7010.0000 -847.3639 8448.0017 -1986.5902 -0.1356 0.1585 0.7237 0.6579
7011.0000 -847.6205 8450.4084 -1987.6408 -0.1356 0.1586 0.7234 0.6581
7012.0000 -847.8685 8452.7955 -1988.6689 -0.1356 0.1588 0.7229 0.6586
7013.0000 -848.1106 8455.1587 -1989.6982 -0.1361 0.1600 0.7222 0.6590
7014.0000 -848.3652 8457.4961 -1990.7221 -0.1368 0.1605 0.7217 0.6593
7015.0000 -848.6096 8459.8327 -1991.7568 -0.1369 0.1593 0.7212 0.6601
7016.0000 -848.8474 8462.2119 -1992.8166 -0.1365 0.1575 0.7209 0.6609
7017.0000 -849.0895 8464.6071 -1993.8574 -0.1354 0.1568 0.7207 0.6616
7018.0000 -849.3129 8466.9875 -1994.8689 -0.1353 0.1574 0.7203 0.6619
7019.0000 -849.5400 8469.3728 -1995.8742 -0.1364 0.1579 0.7197 0.6622
7020.0000 -849.7685 8471.7348 -1996.9166 -0.1381 0.1581 0.7186 0.6630
7021.0000 -849.9900 8474.1088 -1998.0004 -0.1389 0.1583 0.7174 0.6640
7022.0000 -850.2047 8476.4887 -1999.0384 -0.1383 0.1586 0.7165 0.6651
7023.0000 -850.4185 8478.8656 -2000.0421 -0.1378 0.1578 0.7161 0.6658
7024.0000 -850.6193 8481.2444 -2001.0972 -0.1382 0.1571 0.7158 0.6662
7025.0000 -850.8098 8483.6022 -2002.1527 -0.1389 0.1569 0.7154 0.6665
7026.0000 -850.9997 8485.9716 -2003.1838 -0.1392 0.1563 0.7151 0.6669
7027.0000 -851.1932 8488.3864 -2004.2252 -0.1393 0.1557 0.7149 0.6672
7028.0000 -851.3800 8490.7711 -2005.2678 -0.1401 0.1560 0.7144 0.6676
7029.0000 -851.5644 8493.1315 -2006.3141 -0.1405 0.1567 0.7138 0.6680
7030.0000 -851.7459 8495.5053 -2007.3523 -0.1400 0.1568 0.7135 0.6684
7031.0000 -851.9178 8497.8805 -2008.3878 -0.1395 0.1564 0.7130 0.6691
7032.0000 -852.0885 8500.2764 -2009.4327 -0.1390 0.1562 0.7125 0.6699
7033.0000 -852.2618 8502.6771 -2010.4905 -0.1386 0.1567 0.7119 0.6704
7034.0000 -852.4344 8505.0571 -2011.5252 -0.1383 0.1568 0.7116 0.6707
7035.0000 -852.5996 8507.4491 -2012.5528 -0.1380 0.1559 0.7115 0.6711
7036.0000 -852.7645 8509.8339 -2013.5882 -0.1388 0.1544 0.7113 0.6715
7037.0000 -852.9283 8512.2232 -2014.6548 -0.1397 0.1536 0.7107 0.6722
7038.0000 -853.0788 8514.6190 -2015.7149 -0.1396 0.1541 0.7097 0.6731
7039.0000 -853.2201 8517.0227 -2016.7207 -0.1389 0.1549 0.7089 0.6739
7040.0000 -853.3643 8519.4259 -2017.7318 -0.1390 0.1556 0.7080 0.6747
7041.0000 -853.5084 8521.8240 -2018.7884 -0.1396 0.1557 0.7070 0.6755
7042.0000 -853.6459 8524.2072 -2019.8632 -0.1403 0.1546 0.7063 0.6765
7043.0000 -853.7833 8526.6082 -2020.9298 -0.1406 0.1535 0.7055 0.6774
7044.0000 -853.8910 8529.0002 -2021.9608 -0.1411 0.1534 0.7046 0.6783
7045.0000 -853.9875 8531.3926 -2022.9915 -0.1415 0.1540 0.7037 0.6790
7046.0000 -854.0963 8533.7890 -2024.0509 -0.1426 0.1552 0.7025 0.6797
7047.0000 -854.1955 8536.2052 -2025.1187 -0.1428 0.1556 0.7016 0.6806
7048.0000 -854.2840 8538.6154 -2026.1764 -0.1421 0.1542 0.7011 0.6816
7049.0000 -854.3805 8541.0007 -2027.2263 -0.1415 0.1522 0.7007 0.6826
7050.0000 -854.4519 8543.3954 -2028.2780 -0.1409 0.1520 0.7000 0.6834
7051.0000 -854.5074 8545.7955 -2029.3146 -0.1407 0.1538 0.6990 0.6841
7052.0000 -854.5764 8548.2036 -2030.3481 -0.1409 0.1556 0.6979 0.6848
7053.0000 -854.6587 8550.6127 -2031.3964 -0.1413 0.1556 0.6972 0.6854
7054.0000 -854.7355 8553.0247 -2032.4804 -0.1423 0.1544 0.6966 0.6860
7055.0000 -854.7803 8555.4235 -2033.5533 -0.1433 0.1529 0.6962 0.6866
7056.0000 -854.8236 8557.8170 -2034.5989 -0.1430 0.1519 0.6958 0.6873
7057.0000 -854.8625 8560.2103 -2035.6259 -0.1421 0.1520 0.6951 0.6881
7058.0000 -854.9005 8562.6357 -2036.6677 -0.1416 0.1525 0.6944 0.6888
7059.0000 -854.9260 8565.0543 -2037.7260 -0.1421 0.1526 0.6938 0.6893
7060.0000 -854.9483 8567.4634 -2038.7990 -0.1427 0.1534 0.6930 0.6899
7061.0000 -854.9650 8569.8598 -2039.8529 -0.1419 0.1546 0.6918 0.6909
7062.0000 -854.9842 8572.2842 -2040.8984 -0.1407 0.1548 0.6910 0.6919
7063.0000 -855.0067 8574.7157 -2041.9464 -0.1404 0.1541 0.6905 0.6926
7064.0000 -855.0037 8577.1096 -2043.0070 -0.1418 0.1535 0.6897 0.6933
7065.0000 -854.9977 8579.5033 -2044.0725 -0.1442 0.1528 0.6889 0.6938
7066.0000 -854.9969 8581.9130 -2045.1425 -0.1461 0.1522 0.6881 0.6943
7067.0000 -854.9910 8584.3593 -2046.2182 -0.1460 0.1518 0.6872 0.6952
7068.0000 -854.9738 8586.7885 -2047.2771 -0.1453 0.1512 0.6861 0.6966
7069.0000 -854.9440 8589.1846 -2048.3326 -0.1447 0.1514 0.6848 0.6979
7070.0000 -854.8989 8591.5829 -2049.3881 -0.1444 0.1518 0.6836 0.6991
7071.0000 -854.8516 8594.0169 -2050.4564 -0.1446 0.1517 0.6827 0.7000
7072.0000 -854.8063 8596.4395 -2051.5226 -0.1452 0.1512 0.6818 0.7009
7073.0000 -854.7480 8598.8449 -2052.5875 -0.1460 0.1511 0.6808 0.7017
7074.0000 -854.6706 8601.2477 -2053.6486 -0.1470 0.1513 0.6799 0.7023
7075.0000 -854.5897 8603.6585 -2054.7130 -0.1473 0.1508 0.6792 0.7030
7076.0000 -854.5261 8606.1043 -2055.7811 -0.1467 0.1496 0.6788 0.7038
7077.0000 -854.4596 8608.5264 -2056.8467 -0.1463 0.1491 0.6786 0.7041
7078.0000 -854.3656 8610.9235 -2057.9026 -0.1464 0.1497 0.6783 0.7044
7079.0000 -854.2517 8613.3705 -2058.9716 -0.1464 0.1503 0.6780 0.7044
7080.0000 -854.1589 8615.7998 -2060.0346 -0.1460 0.1504 0.6777 0.7048
7081.0000 -854.0718 8618.1943 -2061.0865 -0.1465 0.1494 0.6774 0.7052
7082.0000 -853.9892 8620.6102 -2062.1550 -0.1473 0.1483 0.6772 0.7055
7083.0000 -853.8864 8623.0397 -2063.2386 -0.1477 0.1490 0.6769 0.7056
7084.0000 -853.7762 8625.4774 -2064.3015 -0.1473 0.1504 0.6764 0.7059
7085.0000 -853.6658 8627.9131 -2065.3541 -0.1462 0.1510 0.6758 0.7065
7086.0000 -853.5700 8630.3277 -2066.4066 -0.1456 0.1501 0.6754 0.7072
7087.0000 -853.4586 8632.7314 -2067.4795 -0.1464 0.1489 0.6752 0.7075
7088.0000 -853.3365 8635.1485 -2068.5719 -0.1465 0.1491 0.6749 0.7077
7089.0000 -853.2315 8637.5826 -2069.6326 -0.1465 0.1504 0.6742 0.7080
7090.0000 -853.1086 8640.0198 -2070.6834 -0.1466 0.1513 0.6734 0.7086
7091.0000 -852.9812 8642.4387 -2071.7433 -0.1466 0.1515 0.6727 0.7092
7092.0000 -852.8505 8644.8547 -2072.8215 -0.1465 0.1509 0.6724 0.7097
7093.0000 -852.7271 8647.2857 -2073.9024 -0.1466 0.1496 0.6721 0.7102
7094.0000 -852.5869 8649.7146 -2074.9843 -0.1465 0.1486 0.6716 0.7109
7095.0000 -852.4428 8652.1387 -2076.0476 -0.1466 0.1489 0.6710 0.7114
7096.0000 -852.2977 8654.5507 -2077.1083 -0.1475 0.1500 0.6701 0.7119
7097.0000 -852.1551 8656.9728 -2078.1675 -0.1481 0.1506 0.6693 0.7123
7098.0000 -852.0004 8659.4010 -2079.2292 -0.1479 0.1501 0.6686 0.7131
7099.0000 -851.8420 8661.8295 -2080.2991 -0.1476 0.1492 0.6680 0.7140
7100.0000 -851.6776 8664.2620 -2081.3799 -0.1479 0.1484 0.6672 0.7148
7101.0000 -851.5185 8666.6953 -2082.4617 -0.1485 0.1476 0.6662 0.7158
7102.0000 -851.3428 8669.1131 -2083.5191 -0.1488 0.1471 0.6650 0.7169
7103.0000 -851.1484 8671.5401 -2084.5803 -0.1490 0.1475 0.6640 0.7178
7104.0000 -850.9441 8673.9750 -2085.6572 -0.1491 0.1485 0.6630 0.7185
7105.0000 -850.7450 8676.4039 -2086.7344 -0.1490 0.1488 0.6619 0.7194
7106.0000 -850.5351 8678.8272 -2087.8058 -0.1491 0.1481 0.6612 0.7202
7107.0000 -850.3204 8681.2466 -2088.8816 -0.1497 0.1473 0.6606 0.7208
7108.0000 -850.1052 8683.6497 -2089.9533 -0.1502 0.1469 0.6598 0.7215
7109.0000 -849.8848 8686.0719 -2091.0251 -0.1505 0.1468 0.6589 0.7223
7110.0000 -849.6548 8688.5409 -2092.1085 -0.1510 0.1470 0.6579 0.7230
7111.0000 -849.4105 8690.9821 -2093.1844 -0.1511 0.1467 0.6572 0.7236
7112.0000 -849.1679 8693.3735 -2094.2505 -0.1512 0.1461 0.6565 0.7244
7113.0000 -848.9166 8695.7778 -2095.3190 -0.1513 0.1455 0.6559 0.7251
7114.0000 -848.6561 8698.2218 -2096.3873 -0.1509 0.1454 0.6551 0.7259
7115.0000 -848.3900 8700.6747 -2097.4538 -0.1508 0.1464 0.6542 0.7266
7116.0000 -848.1196 8703.0918 -2098.5210 -0.1509 0.1471 0.6532 0.7272
7117.0000 -847.8469 8705.5207 -2099.6038 -0.1512 0.1468 0.6528 0.7276
7118.0000 -847.5779 8707.9508 -2100.6942 -0.1513 0.1461 0.6529 0.7276
7119.0000 -847.3018 8710.4021 -2101.7803 -0.1508 0.1458 0.6533 0.7274
7120.0000 -847.0193 8712.8294 -2102.8423 -0.1507 0.1464 0.6533 0.7273
7121.0000 -846.7373 8715.2382 -2103.9072 -0.1506 0.1471 0.6531 0.7274
7122.0000 -846.4596 8717.6536 -2104.9855 -0.1504 0.1476 0.6528 0.7276
7123.0000 -846.1847 8720.0857 -2106.0578 -0.1500 0.1474 0.6526 0.7279
7124.0000 -845.9059 8722.5274 -2107.1280 -0.1507 0.1467 0.6527 0.7279
7125.0000 -845.6218 8724.9582 -2108.2236 -0.1514 0.1460 0.6526 0.7279
7126.0000 -845.3451 8727.3624 -2109.3088 -0.1512 0.1464 0.6523 0.7281
7127.0000 -845.0582 8729.7984 -2110.3777 -0.1507 0.1472 0.6520 0.7284
7128.0000 -844.7688 8732.2523 -2111.4472 -0.1505 0.1478 0.6518 0.7285
7129.0000 -844.4911 8734.6965 -2112.5266 -0.1505 0.1474 0.6516 0.7288
7130.0000 -844.2127 8737.1152 -2113.6170 -0.1507 0.1465 0.6515 0.7289
7131.0000 -843.9213 8739.5409 -2114.7107 -0.1507 0.1463 0.6514 0.7291
7132.0000 -843.6237 8741.9684 -2115.7788 -0.1507 0.1466 0.6509 0.7295
7133.0000 -843.3261 8744.4270 -2116.8531 -0.1513 0.1466 0.6502 0.7300
7134.0000 -843.0411 8746.8613 -2117.9334 -0.1516 0.1460 0.6493 0.7308
7135.0000 -842.7386 8749.2964 -2119.0178 -0.1515 0.1453 0.6484 0.7318
7136.0000 -842.4224 8751.7210 -2120.0982 -0.1518 0.1455 0.6473 0.7326
7137.0000 -842.1043 8754.1555 -2121.1714 -0.1526 0.1459 0.6461 0.7335
7138.0000 -841.7865 8756.6026 -2122.2550 -0.1530 0.1458 0.6450 0.7344
7139.0000 -841.4607 8759.0443 -2123.3397 -0.1532 0.1451 0.6440 0.7354
7140.0000 -841.1182 8761.4721 -2124.4162 -0.1536 0.1441 0.6431 0.7362
7141.0000 -840.7755 8763.8710 -2125.5052 -0.1545 0.1436 0.6421 0.7370
7142.0000 -840.4023 8766.3129 -2126.6084 -0.1553 0.1444 0.6408 0.7378
7143.0000 -840.0303 8768.7701 -2127.6851 -0.1550 0.1446 0.6398 0.7387
7144.0000 -839.6640 8771.1754 -2128.7376 -0.1547 0.1433 0.6391 0.7396
7145.0000 -839.2933 8773.5910 -2129.8201 -0.1550 0.1419 0.6383 0.7405
7146.0000 -838.9104 8776.0214 -2130.9198 -0.1553 0.1417 0.6375 0.7413
7147.0000 -838.5118 8778.4437 -2131.9963 -0.1557 0.1425 0.6364 0.7419
7148.0000 -838.1130 8780.8724 -2133.0678 -0.1561 0.1437 0.6354 0.7424
7149.0000 -837.7008 8783.2908 -2134.1392 -0.1560 0.1442 0.6346 0.7431
7150.0000 -837.2943 8785.7235 -2135.2191 -0.1551 0.1433 0.6339 0.7441
7151.0000 -836.8807 8788.1365 -2136.3086 -0.1550 0.1418 0.6333 0.7448
7152.0000 -836.4720 8790.5634 -2137.4081 -0.1558 0.1412 0.6326 0.7454
7153.0000 -836.0403 8792.9897 -2138.4945 -0.1561 0.1420 0.6313 0.7463
7154.0000 -835.5968 8795.4030 -2139.5406 -0.1562 0.1434 0.6300 0.7471
7155.0000 -835.1644 8797.8081 -2140.5977 -0.1564 0.1439 0.6292 0.7476
7156.0000 -834.7294 8800.2310 -2141.6926 -0.1573 0.1430 0.6288 0.7479
7157.0000 -834.2763 8802.6551 -2142.7946 -0.1583 0.1415 0.6281 0.7486
7158.0000 -833.8127 8805.0907 -2143.8979 -0.1587 0.1403 0.6273 0.7494
7159.0000 -833.3460 8807.5191 -2144.9716 -0.1587 0.1401 0.6263 0.7503
7160.0000 -832.8877 8809.9220 -2146.0356 -0.1586 0.1405 0.6253 0.7511
7161.0000 -832.4241 8812.3203 -2147.1139 -0.1586 0.1404 0.6246 0.7516
7162.0000 -831.9464 8814.7496 -2148.2046 -0.1589 0.1404 0.6241 0.7520
7163.0000 -831.4584 8817.1763 -2149.2967 -0.1587 0.1409 0.6231 0.7528
7164.0000 -830.9552 8819.5862 -2150.3668 -0.1583 0.1410 0.6222 0.7536
7165.0000 -830.4598 8821.9930 -2151.4462 -0.1583 0.1406 0.6212 0.7545
7166.0000 -829.9547 8824.4212 -2152.5334 -0.1588 0.1401 0.6205 0.7551
7167.0000 -829.4557 8826.8256 -2153.6119 -0.1597 0.1403 0.6194 0.7558
7168.0000 -828.9466 8829.2265 -2154.6800 -0.1605 0.1404 0.6183 0.7564
7169.0000 -828.4143 8831.6398 -2155.7675 -0.1597 0.1400 0.6175 0.7574
7170.0000 -827.8729 8834.0396 -2156.8561 -0.1587 0.1399 0.6166 0.7584
7171.0000 -827.3312 8836.4597 -2157.9482 -0.1584 0.1401 0.6159 0.7589
7172.0000 -826.8035 8838.8511 -2159.0213 -0.1587 0.1410 0.6148 0.7596
7173.0000 -826.2696 8841.2321 -2160.0942 -0.1589 0.1417 0.6137 0.7603
7174.0000 -825.7092 8843.6352 -2161.1777 -0.1586 0.1411 0.6130 0.7610
7175.0000 -825.1336 8846.0536 -2162.2543 -0.1582 0.1399 0.6127 0.7616
7176.0000 -824.5710 8848.4740 -2163.3367 -0.1585 0.1391 0.6122 0.7621
7177.0000 -824.0183 8850.8702 -2164.4102 -0.1595 0.1396 0.6112 0.7626
7178.0000 -823.4500 8853.2597 -2165.4852 -0.1604 0.1403 0.6102 0.7630
7179.0000 -822.8652 8855.6625 -2166.5707 -0.1609 0.1405 0.6094 0.7636
7180.0000 -822.2713 8858.0617 -2167.6473 -0.1601 0.1399 0.6086 0.7644
7181.0000 -821.6801 8860.4625 -2168.7321 -0.1591 0.1393 0.6080 0.7653
7182.0000 -821.0836 8862.8462 -2169.8183 -0.1594 0.1395 0.6069 0.7661
7183.0000 -820.4815 8865.2507 -2170.8929 -0.1603 0.1398 0.6059 0.7666
7184.0000 -819.8783 8867.6564 -2171.9831 -0.1608 0.1400 0.6051 0.7671
7185.0000 -819.2773 8870.0375 -2173.0613 -0.1607 0.1394 0.6045 0.7677
7186.0000 -818.6625 8872.4026 -2174.1254 -0.1605 0.1384 0.6039 0.7684
7187.0000 -818.0399 8874.8066 -2175.2034 -0.1608 0.1375 0.6035 0.7688
7188.0000 -817.4077 8877.2174 -2176.2931 -0.1616 0.1378 0.6028 0.7691
7189.0000 -816.7728 8879.5917 -2177.3817 -0.1611 0.1398 0.6017 0.7697
7190.0000 -816.1297 8881.9767 -2178.4452 -0.1594 0.1414 0.6006 0.7706
7191.0000 -815.4844 8884.3926 -2179.5132 -0.1586 0.1410 0.6004 0.7711
7192.0000 -814.8385 8886.7899 -2180.6041 -0.1592 0.1397 0.6002 0.7713
7193.0000 -814.1933 8889.1532 -2181.7039 -0.1607 0.1391 0.5998 0.7714
7194.0000 -813.5458 8891.5272 -2182.7823 -0.1617 0.1389 0.5992 0.7717
7195.0000 -812.8846 8893.9325 -2183.8669 -0.1615 0.1393 0.5988 0.7720
7196.0000 -812.2429 8896.3287 -2184.9376 -0.1609 0.1392 0.5984 0.7724
7197.0000 -811.5853 8898.7020 -2186.0028 -0.1600 0.1387 0.5982 0.7729
7198.0000 -810.9156 8901.0775 -2187.0706 -0.1599 0.1380 0.5980 0.7731
7199.0000 -810.2460 8903.4566 -2188.1588 -0.1609 0.1382 0.5977 0.7732
7200.0000 -809.5857 8905.8247 -2189.2331 -0.1613 0.1390 0.5968 0.7737
7201.0000 -808.9181 8908.2193 -2190.3103 -0.1609 0.1396 0.5958 0.7743
7202.0000 -808.2394 8910.6064 -2191.3876 -0.1608 0.1397 0.5952 0.7748
7203.0000 -807.5700 8912.9625 -2192.4614 -0.1611 0.1391 0.5947 0.7753
7204.0000 -806.8874 8915.3182 -2193.5428 -0.1613 0.1382 0.5942 0.7758
7205.0000 -806.1988 8917.7178 -2194.6206 -0.1615 0.1378 0.5936 0.7762
7206.0000 -805.5116 8920.1327 -2195.7064 -0.1617 0.1382 0.5928 0.7767
7207.0000 -804.8199 8922.5108 -2196.7862 -0.1619 0.1389 0.5920 0.7772
7208.0000 -804.1288 8924.8637 -2197.8559 -0.1624 0.1389 0.5912 0.7777
7209.0000 -803.4260 8927.2019 -2198.9078 -0.1631 0.1379 0.5909 0.7779
7210.0000 -802.7127 8929.5617 -2199.9799 -0.1634 0.1367 0.5903 0.7786
7211.0000 -801.9984 8931.9418 -2201.0581 -0.1637 0.1356 0.5896 0.7792
7212.0000 -801.2876 8934.3109 -2202.1325 -0.1642 0.1349 0.5888 0.7798
7213.0000 -800.5711 8936.6802 -2203.2089 -0.1649 0.1349 0.5880 0.7803
7214.0000 -799.8290 8939.0459 -2204.2712 -0.1649 0.1352 0.5872 0.7808
7215.0000 -799.0864 8941.4058 -2205.3309 -0.1643 0.1357 0.5866 0.7814
7216.0000 -798.3472 8943.7629 -2206.3990 -0.1634 0.1363 0.5859 0.7820
7217.0000 -797.6178 8946.1172 -2207.4601 -0.1627 0.1365 0.5852 0.7826
7218.0000 -796.8761 8948.4816 -2208.5365 -0.1633 0.1366 0.5845 0.7830
7219.0000 -796.1202 8950.8434 -2209.6264 -0.1647 0.1364 0.5837 0.7833
7220.0000 -795.3656 8953.1856 -2210.7046 -0.1651 0.1363 0.5829 0.7838
7221.0000 -794.6187 8955.5281 -2211.7490 -0.1645 0.1355 0.5822 0.7846
7222.0000 -793.8532 8957.8696 -2212.7996 -0.1648 0.1345 0.5816 0.7852
7223.0000 -793.0804 8960.2250 -2213.8809 -0.1657 0.1343 0.5809 0.7855
7224.0000 -792.3135 8962.5822 -2214.9647 -0.1670 0.1345 0.5803 0.7856
7225.0000 -791.5219 8964.9458 -2216.0418 -0.1676 0.1341 0.5795 0.7862
7226.0000 -790.7455 8967.2786 -2217.1029 -0.1672 0.1340 0.5787 0.7869
7227.0000 -789.9669 8969.6323 -2218.1705 -0.1661 0.1340 0.5778 0.7878
7228.0000 -789.1715 8971.9815 -2219.2274 -0.1658 0.1336 0.5773 0.7883
7229.0000 -788.3831 8974.2881 -2220.2834 -0.1663 0.1333 0.5767 0.7887
7230.0000 -787.5866 8976.6008 -2221.3538 -0.1672 0.1338 0.5760 0.7889
7231.0000 -786.7678 8978.9569 -2222.4245 -0.1672 0.1348 0.5754 0.7892
7232.0000 -785.9589 8981.2987 -2223.4667 -0.1667 0.1349 0.5750 0.7896
7233.0000 -785.1518 8983.6490 -2224.5374 -0.1664 0.1340 0.5747 0.7900
7234.0000 -784.3408 8985.9821 -2225.6254 -0.1662 0.1331 0.5743 0.7905
7235.0000 -783.5201 8988.3077 -2226.6926 -0.1660 0.1331 0.5735 0.7911
7236.0000 -782.6973 8990.6179 -2227.7371 -0.1665 0.1345 0.5725 0.7915
7237.0000 -781.8761 8992.9237 -2228.7765 -0.1665 0.1359 0.5716 0.7919
7238.0000 -781.0538 8995.2808 -2229.8446 -0.1655 0.1354 0.5712 0.7925
7239.0000 -780.2248 8997.6197 -2230.9193 -0.1657 0.1333 0.5708 0.7931
7240.0000 -779.3834 8999.9452 -2232.0004 -0.1669 0.1317 0.5702 0.7935
7241.0000 -778.5416 9002.2559 -2233.0658 -0.1676 0.1318 0.5696 0.7938
7242.0000 -777.6985 9004.5765 -2234.1033 -0.1678 0.1332 0.5688 0.7941
7243.0000 -776.8425 9006.9015 -2235.1362 -0.1679 0.1337 0.5681 0.7945
7244.0000 -775.9954 9009.2317 -2236.1931 -0.1683 0.1330 0.5674 0.7950
7245.0000 -775.1448 9011.5495 -2237.2791 -0.1692 0.1322 0.5668 0.7954
7246.0000 -774.2835 9013.8531 -2238.3606 -0.1698 0.1320 0.5663 0.7956
7247.0000 -773.4127 9016.1625 -2239.4228 -0.1699 0.1320 0.5658 0.7960
7248.0000 -772.5413 9018.4763 -2240.4633 -0.1692 0.1322 0.5649 0.7967
7249.0000 -771.6683 9020.8013 -2241.5127 -0.1685 0.1323 0.5642 0.7973
7250.0000 -770.7787 9023.1154 -2242.5797 -0.1688 0.1321 0.5636 0.7977
7251.0000 -769.8939 9025.4014 -2243.6333 -0.1691 0.1316 0.5631 0.7981
7252.0000 -769.0192 9027.7284 -2244.6975 -0.1691 0.1309 0.5626 0.7986
7253.0000 -768.1333 9030.0708 -2245.7660 -0.1694 0.1310 0.5619 0.7990
7254.0000 -767.2265 9032.3960 -2246.8283 -0.1701 0.1316 0.5611 0.7993
7255.0000 -766.3273 9034.6646 -2247.8740 -0.1708 0.1320 0.5602 0.7997
7256.0000 -765.4328 9036.9304 -2248.9148 -0.1708 0.1313 0.5592 0.8006
7257.0000 -764.5157 9039.2365 -2249.9723 -0.1700 0.1298 0.5584 0.8015
7258.0000 -763.6088 9041.5425 -2251.0365 -0.1696 0.1292 0.5574 0.8024
7259.0000 -762.6966 9043.8395 -2252.0939 -0.1700 0.1304 0.5563 0.8028
7260.0000 -761.7588 9046.1488 -2253.1402 -0.1701 0.1315 0.5552 0.8034
7261.0000 -760.8040 9048.4548 -2254.1781 -0.1695 0.1313 0.5545 0.8041
7262.0000 -759.8671 9050.7303 -2255.2139 -0.1694 0.1301 0.5536 0.8049
7263.0000 -758.9391 9053.0083 -2256.2923 -0.1704 0.1297 0.5521 0.8058
7264.0000 -757.9998 9055.2801 -2257.3653 -0.1712 0.1305 0.5505 0.8066
7265.0000 -757.0222 9057.5804 -2258.4113 -0.1707 0.1308 0.5494 0.8074
7266.0000 -756.0553 9059.8638 -2259.4280 -0.1698 0.1301 0.5486 0.8083
7267.0000 -755.0840 9062.1305 -2260.4610 -0.1701 0.1291 0.5478 0.8089
7268.0000 -754.0914 9064.4029 -2261.5283 -0.1716 0.1289 0.5468 0.8093
7269.0000 -753.0954 9066.6721 -2262.5939 -0.1728 0.1292 0.5457 0.8097
7270.0000 -752.0856 9068.9785 -2263.6549 -0.1730 0.1291 0.5450 0.8102
7271.0000 -751.1016 9071.2492 -2264.6899 -0.1718 0.1286 0.5443 0.8109
7272.0000 -750.0956 9073.5006 -2265.7056 -0.1708 0.1280 0.5437 0.8117
7273.0000 -749.0892 9075.7476 -2266.7515 -0.1710 0.1290 0.5425 0.8122
7274.0000 -748.0779 9078.0120 -2267.8074 -0.1717 0.1305 0.5414 0.8126
7275.0000 -747.0457 9080.3102 -2268.8618 -0.1713 0.1305 0.5407 0.8132
7276.0000 -746.0090 9082.5705 -2269.9056 -0.1711 0.1296 0.5401 0.8138
7277.0000 -744.9961 9084.8063 -2270.9524 -0.1711 0.1292 0.5393 0.8143
7278.0000 -743.9841 9087.0316 -2272.0011 -0.1715 0.1300 0.5386 0.8146
7279.0000 -742.9339 9089.2902 -2273.0565 -0.1716 0.1313 0.5377 0.8149
7280.0000 -741.8727 9091.5564 -2274.0964 -0.1707 0.1316 0.5372 0.8154
7281.0000 -740.8269 9093.8258 -2275.1365 -0.1698 0.1301 0.5368 0.8162
7282.0000 -739.8043 9096.0749 -2276.1775 -0.1698 0.1284 0.5362 0.8168
7283.0000 -738.7521 9098.3144 -2277.2220 -0.1711 0.1274 0.5356 0.8171
7284.0000 -737.6834 9100.5895 -2278.2740 -0.1729 0.1269 0.5353 0.8170
7285.0000 -736.6113 9102.8529 -2279.3144 -0.1744 0.1259 0.5349 0.8171
7286.0000 -735.5631 9105.0814 -2280.3467 -0.1741 0.1255 0.5342 0.8177
7287.0000 -734.4892 9107.3411 -2281.3777 -0.1737 0.1261 0.5332 0.8183
7288.0000 -733.4118 9109.6029 -2282.4140 -0.1733 0.1269 0.5323 0.8189
7289.0000 -732.3301 9111.8468 -2283.4549 -0.1730 0.1268 0.5315 0.8195
7290.0000 -731.2426 9114.0722 -2284.4898 -0.1736 0.1265 0.5309 0.8197
7291.0000 -730.1616 9116.3079 -2285.5374 -0.1742 0.1269 0.5303 0.8200
7292.0000 -729.0756 9118.5476 -2286.5827 -0.1741 0.1275 0.5294 0.8205
7293.0000 -727.9774 9120.7975 -2287.6162 -0.1737 0.1273 0.5286 0.8211
7294.0000 -726.8804 9123.0404 -2288.6455 -0.1736 0.1264 0.5277 0.8218
7295.0000 -725.7636 9125.2839 -2289.6951 -0.1742 0.1258 0.5268 0.8224
7296.0000 -724.6430 9127.5200 -2290.7561 -0.1748 0.1266 0.5259 0.8227
7297.0000 -723.5305 9129.7460 -2291.7853 -0.1742 0.1270 0.5250 0.8233
7298.0000 -722.4156 9131.9577 -2292.7856 -0.1731 0.1256 0.5242 0.8243
7299.0000 -721.2827 9134.1895 -2293.8130 -0.1729 0.1240 0.5230 0.8253
7300.0000 -720.1419 9136.4180 -2294.8601 -0.1740 0.1238 0.5219 0.8259
7301.0000 -718.9946 9138.6414 -2295.9036 -0.1753 0.1253 0.5208 0.8261
7302.0000 -717.8512 9140.8621 -2296.9302 -0.1760 0.1266 0.5199 0.8262
7303.0000 -716.6858 9143.0849 -2297.9600 -0.1760 0.1265 0.5190 0.8269
7304.0000 -715.5193 9145.3131 -2298.9970 -0.1757 0.1253 0.5178 0.8278
7305.0000 -714.3584 9147.5258 -2300.0383 -0.1759 0.1240 0.5167 0.8287
7306.0000 -713.2019 9149.7120 -2301.0707 -0.1760 0.1235 0.5158 0.8293
7307.0000 -712.0169 9151.9253 -2302.1060 -0.1759 0.1241 0.5152 0.8296
7308.0000 -710.8189 9154.1375 -2303.1143 -0.1760 0.1247 0.5146 0.8299
7309.0000 -709.6195 9156.3594 -2304.1353 -0.1766 0.1245 0.5136 0.8304
7310.0000 -708.4383 9158.5574 -2305.1812 -0.1767 0.1243 0.5123 0.8312
7311.0000 -707.2492 9160.7370 -2306.2034 -0.1768 0.1237 0.5112 0.8319
7312.0000 -706.0470 9162.9369 -2307.2366 -0.1767 0.1231 0.5104 0.8325
7313.0000 -704.8336 9165.1309 -2308.2560 -0.1767 0.1228 0.5098 0.8330
7314.0000 -703.5995 9167.3502 -2309.2821 -0.1766 0.1228 0.5089 0.8335
7315.0000 -702.3666 9169.5660 -2310.3155 -0.1765 0.1228 0.5081 0.8340
7316.0000 -701.1567 9171.7386 -2311.3311 -0.1768 0.1226 0.5076 0.8343
7317.0000 -699.9496 9173.9028 -2312.3518 -0.1768 0.1227 0.5071 0.8346
7318.0000 -698.7170 9176.0977 -2313.3628 -0.1764 0.1230 0.5063 0.8351
7319.0000 -697.4639 9178.3094 -2314.3818 -0.1764 0.1233 0.5054 0.8356
7320.0000 -696.2291 9180.4847 -2315.4049 -0.1767 0.1238 0.5048 0.8358
7321.0000 -694.9828 9182.6555 -2316.4346 -0.1770 0.1243 0.5044 0.8360
7322.0000 -693.7414 9184.8266 -2317.4566 -0.1772 0.1238 0.5040 0.8362
7323.0000 -692.4876 9187.0144 -2318.4903 -0.1775 0.1228 0.5035 0.8366
7324.0000 -691.2417 9189.1888 -2319.5089 -0.1773 0.1218 0.5029 0.8371
7325.0000 -689.9858 9191.3744 -2320.5360 -0.1774 0.1212 0.5024 0.8375
7326.0000 -688.7201 9193.5608 -2321.5487 -0.1777 0.1210 0.5024 0.8375
7327.0000 -687.4480 9195.7315 -2322.5472 -0.1787 0.1212 0.5022 0.8373
7328.0000 -686.1921 9197.8849 -2323.5731 -0.1791 0.1224 0.5013 0.8377
7329.0000 -684.9262 9200.0512 -2324.5996 -0.1780 0.1239 0.5003 0.8383
7330.0000 -683.6623 9202.2289 -2325.6116 -0.1770 0.1237 0.4999 0.8387
7331.0000 -682.3910 9204.4106 -2326.6389 -0.1769 0.1217 0.4997 0.8391
7332.0000 -681.1234 9206.5645 -2327.6708 -0.1772 0.1206 0.4994 0.8394
7333.0000 -679.8481 9208.7252 -2328.6772 -0.1775 0.1213 0.4988 0.8396
7334.0000 -678.5697 9210.8994 -2329.6855 -0.1773 0.1232 0.4984 0.8397
7335.0000 -677.2693 9213.0908 -2330.6973 -0.1772 0.1238 0.4977 0.8400
7336.0000 -675.9690 9215.2666 -2331.7243 -0.1779 0.1224 0.4970 0.8404
7337.0000 -674.6846 9217.4026 -2332.7473 -0.1785 0.1211 0.4964 0.8409
7338.0000 -673.4001 9219.5531 -2333.7569 -0.1791 0.1208 0.4957 0.8412
7339.0000 -672.1037 9221.7130 -2334.7747 -0.1792 0.1213 0.4952 0.8414
7340.0000 -670.7932 9223.8876 -2335.7890 -0.1789 0.1216 0.4947 0.8417
7341.0000 -669.4856 9226.0506 -2336.8006 -0.1785 0.1212 0.4941 0.8422
7342.0000 -668.1762 9228.1871 -2337.8075 -0.1789 0.1202 0.4935 0.8426
7343.0000 -666.8464 9230.3693 -2338.8383 -0.1794 0.1196 0.4931 0.8428
7344.0000 -665.5139 9232.5473 -2339.8591 -0.1796 0.1200 0.4925 0.8431
7345.0000 -664.1996 9234.6938 -2340.8709 -0.1788 0.1209 0.4918 0.8435
7346.0000 -662.8787 9236.8495 -2341.8681 -0.1779 0.1211 0.4910 0.8442
7347.0000 -661.5670 9238.9768 -2342.8691 -0.1780 0.1209 0.4903 0.8446
7348.0000 -660.2263 9241.1399 -2343.8987 -0.1782 0.1208 0.4896 0.8450
7349.0000 -658.8806 9243.3123 -2344.9296 -0.1786 0.1208 0.4888 0.8453
7350.0000 -657.5651 9245.4051 -2345.9191 -0.1793 0.1208 0.4882 0.8456
7351.0000 -656.2617 9247.5119 -2346.9091 -0.1800 0.1204 0.4875 0.8459
7352.0000 -654.9027 9249.6685 -2347.9203 -0.1804 0.1194 0.4871 0.8462
7353.0000 -653.5135 9251.8493 -2348.9450 -0.1805 0.1179 0.4865 0.8466
7354.0000 -652.1613 9254.0129 -2349.9646 -0.1813 0.1174 0.4857 0.8470
7355.0000 -650.8067 9256.1383 -2350.9793 -0.1818 0.1190 0.4844 0.8474
7356.0000 -649.4313 9258.2410 -2351.9663 -0.1808 0.1217 0.4831 0.8480
7357.0000 -648.0625 9260.3841 -2352.9405 -0.1794 0.1218 0.4823 0.8487
7358.0000 -646.7114 9262.5058 -2353.9394 -0.1792 0.1186 0.4817 0.8496
7359.0000 -645.3221 9264.6474 -2355.0009 -0.1805 0.1162 0.4811 0.8500
7360.0000 -643.9188 9266.7873 -2356.0359 -0.1818 0.1169 0.4799 0.8503
7361.0000 -642.5134 9268.9292 -2357.0230 -0.1819 0.1191 0.4787 0.8506
7362.0000 -641.1239 9271.0421 -2357.9678 -0.1809 0.1200 0.4776 0.8513
7363.0000 -639.7355 9273.1517 -2358.9459 -0.1807 0.1183 0.4769 0.8520
7364.0000 -638.3426 9275.2423 -2359.9718 -0.1816 0.1163 0.4764 0.8524
7365.0000 -636.9339 9277.3359 -2360.9979 -0.1825 0.1156 0.4755 0.8528
7366.0000 -635.5040 9279.4701 -2362.0071 -0.1826 0.1162 0.4745 0.8532
7367.0000 -634.0892 9281.5789 -2362.9778 -0.1827 0.1180 0.4733 0.8537
7368.0000 -632.6771 9283.6404 -2363.9369 -0.1829 0.1194 0.4724 0.8539
7369.0000 -631.2668 9285.6840 -2364.9345 -0.1829 0.1195 0.4718 0.8542
7370.0000 -629.8270 9287.7867 -2365.9547 -0.1824 0.1171 0.4716 0.8548
7371.0000 -628.4006 9289.8842 -2366.9405 -0.1835 0.1136 0.4719 0.8548
7372.0000 -626.9951 9291.9696 -2367.9282 -0.1848 0.1123 0.4718 0.8548
7373.0000 -625.5490 9294.0480 -2368.9061 -0.1849 0.1145 0.4710 0.8549
7374.0000 -624.1011 9296.1373 -2369.8764 -0.1841 0.1175 0.4703 0.8551
7375.0000 -622.6336 9298.2423 -2370.8515 -0.1833 0.1178 0.4703 0.8552
7376.0000 -621.2168 9300.2991 -2371.8390 -0.1837 0.1152 0.4705 0.8553
7377.0000 -619.7869 9302.3756 -2372.8476 -0.1851 0.1126 0.4705 0.8554
7378.0000 -618.3369 9304.4666 -2373.8517 -0.1859 0.1120 0.4705 0.8553
7379.0000 -616.8815 9306.5640 -2374.8205 -0.1865 0.1128 0.4699 0.8554
7380.0000 -615.4704 9308.6352 -2375.7779 -0.1870 0.1143 0.4691 0.8555
7381.0000 -614.0404 9310.6910 -2376.7400 -0.1874 0.1149 0.4686 0.8556
7382.0000 -612.5703 9312.7662 -2377.7467 -0.1873 0.1143 0.4684 0.8558
7383.0000 -611.0993 9314.8531 -2378.7526 -0.1875 0.1131 0.4680 0.8562
7384.0000 -609.6582 9316.9078 -2379.7310 -0.1882 0.1124 0.4672 0.8565
7385.0000 -608.2456 9318.9489 -2380.7052 -0.1887 0.1131 0.4662 0.8569
7386.0000 -606.7777 9321.0311 -2381.6864 -0.1882 0.1140 0.4652 0.8574
7387.0000 -605.3160 9323.1122 -2382.6506 -0.1884 0.1132 0.4646 0.8578
7388.0000 -603.8557 9325.1711 -2383.6364 -0.1899 0.1111 0.4642 0.8580
7389.0000 -602.3966 9327.2178 -2384.6255 -0.1919 0.1094 0.4635 0.8581
7390.0000 -600.9243 9329.2550 -2385.6023 -0.1932 0.1091 0.4628 0.8583
7391.0000 -599.4464 9331.3061 -2386.5678 -0.1927 0.1102 0.4617 0.8588
7392.0000 -597.9558 9333.3823 -2387.5238 -0.1917 0.1113 0.4608 0.8594
7393.0000 -596.4585 9335.4709 -2388.5064 -0.1918 0.1111 0.4601 0.8597
7394.0000 -594.9922 9337.4793 -2389.4872 -0.1929 0.1101 0.4592 0.8601
7395.0000 -593.5097 9339.4914 -2390.4686 -0.1942 0.1092 0.4584 0.8604
7396.0000 -591.9994 9341.5326 -2391.4398 -0.1948 0.1090 0.4577 0.8606
7397.0000 -590.4916 9343.5688 -2392.3964 -0.1948 0.1091 0.4567 0.8611
7398.0000 -588.9898 9345.6040 -2393.3723 -0.1949 0.1090 0.4557 0.8617
7399.0000 -587.4865 9347.6121 -2394.3468 -0.1958 0.1084 0.4551 0.8619
7400.0000 -585.9776 9349.6128 -2395.3200 -0.1966 0.1080 0.4544 0.8621
7401.0000 -584.4395 9351.6487 -2396.2853 -0.1971 0.1077 0.4539 0.8623
7402.0000 -582.9145 9353.7001 -2397.2527 -0.1978 0.1078 0.4532 0.8625
7403.0000 -581.3948 9355.6992 -2398.2172 -0.1973 0.1082 0.4526 0.8629
7404.0000 -579.8809 9357.6855 -2399.1765 -0.1966 0.1083 0.4521 0.8632
7405.0000 -578.3143 9359.7143 -2400.1523 -0.1964 0.1083 0.4515 0.8636
7406.0000 -576.7663 9361.7247 -2401.1305 -0.1962 0.1089 0.4515 0.8636
7407.0000 -575.2383 9363.7176 -2402.0949 -0.1951 0.1096 0.4516 0.8637
7408.0000 -573.7334 9365.6928 -2403.0203 -0.1941 0.1092 0.4517 0.8639
7409.0000 -572.2159 9367.6926 -2403.9710 -0.1951 0.1082 0.4519 0.8637
7410.0000 -570.6533 9369.7209 -2404.9707 -0.1975 0.1081 0.4520 0.8632
7411.0000 -569.1207 9371.7172 -2405.9625 -0.1981 0.1088 0.4518 0.8630
7412.0000 -567.5815 9373.7197 -2406.9290 -0.1959 0.1098 0.4516 0.8635
7413.0000 -566.0245 9375.7411 -2407.8662 -0.1935 0.1101 0.4519 0.8639
7414.0000 -564.4772 9377.7851 -2408.8365 -0.1936 0.1097 0.4517 0.8640
7415.0000 -562.9612 9379.7742 -2409.8134 -0.1949 0.1091 0.4515 0.8638
7416.0000 -561.4380 9381.7642 -2410.7897 -0.1963 0.1084 0.4517 0.8635
7417.0000 -559.9328 9383.7503 -2411.7397 -0.1958 0.1076 0.4518 0.8637
7418.0000 -558.3900 9385.7765 -2412.6811 -0.1953 0.1072 0.4518 0.8639
7419.0000 -556.8504 9387.7865 -2413.6243 -0.1962 0.1075 0.4517 0.8637
7420.0000 -555.3445 9389.7626 -2414.5836 -0.1975 0.1079 0.4513 0.8635
7421.0000 -553.8216 9391.7303 -2415.5532 -0.1975 0.1087 0.4510 0.8636
7422.0000 -552.2578 9393.7501 -2416.5337 -0.1962 0.1095 0.4506 0.8640
7423.0000 -550.6996 9395.7850 -2417.4911 -0.1952 0.1099 0.4501 0.8644
7424.0000 -549.1804 9397.7468 -2418.4314 -0.1952 0.1102 0.4497 0.8646
7425.0000 -547.6663 9399.7194 -2419.3992 -0.1956 0.1103 0.4494 0.8646
7426.0000 -546.0973 9401.7371 -2420.3960 -0.1954 0.1105 0.4491 0.8648
7427.0000 -544.5389 9403.7470 -2421.3631 -0.1947 0.1106 0.4487 0.8652
7428.0000 -542.9951 9405.7545 -2422.3225 -0.1946 0.1108 0.4483 0.8654
7429.0000 -541.4520 9407.7228 -2423.2821 -0.1952 0.1113 0.4477 0.8655
7430.0000 -539.9108 9409.6798 -2424.2582 -0.1952 0.1117 0.4470 0.8658
7431.0000 -538.3815 9411.6401 -2425.2179 -0.1952 0.1114 0.4469 0.8659
7432.0000 -536.8530 9413.6040 -2426.1660 -0.1956 0.1105 0.4471 0.8658
7433.0000 -535.3178 9415.5503 -2427.1132 -0.1954 0.1100 0.4469 0.8660
7434.0000 -533.7803 9417.5013 -2428.0612 -0.1947 0.1105 0.4470 0.8661
7435.0000 -532.2353 9419.4707 -2429.0099 -0.1939 0.1110 0.4472 0.8661
7436.0000 -530.6571 9421.4823 -2429.9898 -0.1933 0.1115 0.4472 0.8661
7437.0000 -529.0960 9423.4925 -2430.9600 -0.1924 0.1112 0.4475 0.8662
7438.0000 -527.5266 9425.5014 -2431.9162 -0.1924 0.1104 0.4477 0.8663
7439.0000 -526.0338 9427.4227 -2432.8424 -0.1935 0.1106 0.4480 0.8658
7440.0000 -524.5421 9429.3417 -2433.7938 -0.1945 0.1122 0.4481 0.8653
7441.0000 -522.9880 9431.3282 -2434.7805 -0.1937 0.1134 0.4481 0.8653
7442.0000 -521.4408 9433.3072 -2435.7330 -0.1925 0.1124 0.4488 0.8654
7443.0000 -519.9388 9435.2523 -2436.6613 -0.1932 0.1106 0.4496 0.8651
7444.0000 -518.4495 9437.1683 -2437.6147 -0.1941 0.1108 0.4500 0.8646
7445.0000 -516.8886 9439.1629 -2438.6068 -0.1937 0.1122 0.4500 0.8645
7446.0000 -515.3529 9441.1733 -2439.5672 -0.1924 0.1123 0.4503 0.8646
7447.0000 -513.8332 9443.1472 -2440.5036 -0.1918 0.1120 0.4510 0.8644
7448.0000 -512.3461 9445.0835 -2441.4512 -0.1927 0.1129 0.4509 0.8641
7449.0000 -510.8454 9447.0397 -2442.4249 -0.1939 0.1148 0.4509 0.8637
7450.0000 -509.3361 9448.9927 -2443.3933 -0.1942 0.1154 0.4510 0.8635
7451.0000 -507.7842 9451.0120 -2444.3796 -0.1935 0.1141 0.4513 0.8636
7452.0000 -506.2445 9453.0088 -2445.3672 -0.1931 0.1130 0.4515 0.8638
7453.0000 -504.7347 9454.9730 -2446.3241 -0.1938 0.1122 0.4516 0.8636
7454.0000 -503.2410 9456.9476 -2447.2940 -0.1950 0.1126 0.4515 0.8634
7455.0000 -501.7524 9458.8862 -2448.2549 -0.1955 0.1139 0.4511 0.8633
7456.0000 -500.2537 9460.8245 -2449.2010 -0.1952 0.1152 0.4507 0.8634
7457.0000 -498.7382 9462.7911 -2450.1569 -0.1954 0.1147 0.4508 0.8634
7458.0000 -497.2117 9464.7999 -2451.1532 -0.1970 0.1116 0.4514 0.8631
7459.0000 -495.7072 9466.7622 -2452.1593 -0.1981 0.1102 0.4518 0.8629
7460.0000 -494.1986 9468.7039 -2453.1288 -0.1974 0.1121 0.4514 0.8630
7461.0000 -492.6839 9470.6808 -2454.0727 -0.1950 0.1149 0.4507 0.8635
7462.0000 -491.1800 9472.6305 -2455.0099 -0.1931 0.1163 0.4504 0.8639
7463.0000 -489.6850 9474.5747 -2455.9681 -0.1935 0.1151 0.4508 0.8638
7464.0000 -488.1933 9476.5278 -2456.9494 -0.1955 0.1131 0.4515 0.8632
7465.0000 -486.7008 9478.4680 -2457.9304 -0.1968 0.1125 0.4518 0.8628
7466.0000 -485.1802 9480.4602 -2458.9139 -0.1966 0.1134 0.4517 0.8628
7467.0000 -483.6702 9482.4442 -2459.8844 -0.1953 0.1147 0.4516 0.8630
7468.0000 -482.1577 9484.4227 -2460.8517 -0.1945 0.1156 0.4515 0.8631
7469.0000 -480.6473 9486.3815 -2461.8289 -0.1950 0.1149 0.4517 0.8630
7470.0000 -479.1641 9488.3233 -2462.8050 -0.1959 0.1137 0.4523 0.8626
7471.0000 -477.6756 9490.2719 -2463.7786 -0.1966 0.1131 0.4525 0.8624
7472.0000 -476.1827 9492.2254 -2464.7454 -0.1970 0.1140 0.4522 0.8624
7473.0000 -474.6679 9494.2277 -2465.7262 -0.1968 0.1149 0.4522 0.8623
7474.0000 -473.1566 9496.2115 -2466.7078 -0.1962 0.1151 0.4526 0.8622
7475.0000 -471.6434 9498.1986 -2467.6978 -0.1958 0.1145 0.4528 0.8623
7476.0000 -470.1540 9500.1544 -2468.6785 -0.1962 0.1141 0.4531 0.8621
7477.0000 -468.6742 9502.0966 -2469.6527 -0.1969 0.1149 0.4530 0.8619
7478.0000 -467.1567 9504.0650 -2470.6409 -0.1970 0.1161 0.4526 0.8619
7479.0000 -465.6384 9506.0625 -2471.6260 -0.1965 0.1160 0.4527 0.8620
7480.0000 -464.1571 9508.0319 -2472.5937 -0.1961 0.1144 0.4531 0.8621
7481.0000 -462.6612 9510.0167 -2473.5698 -0.1971 0.1128 0.4534 0.8619
7482.0000 -461.1445 9511.9949 -2474.5763 -0.1980 0.1133 0.4532 0.8617
7483.0000 -459.6550 9513.9231 -2475.5511 -0.1976 0.1153 0.4526 0.8619
7484.0000 -458.1616 9515.8849 -2476.5046 -0.1963 0.1161 0.4521 0.8623
7485.0000 -456.6680 9517.8554 -2477.4653 -0.1963 0.1156 0.4519 0.8625
7486.0000 -455.1803 9519.8276 -2478.4621 -0.1981 0.1146 0.4518 0.8623
7487.0000 -453.6763 9521.7800 -2479.4750 -0.1997 0.1142 0.4515 0.8621
7488.0000 -452.1540 9523.7704 -2480.4837 -0.1994 0.1140 0.4513 0.8623
7489.0000 -450.6377 9525.7673 -2481.4492 -0.1989 0.1136 0.4513 0.8625
7490.0000 -449.1601 9527.7114 -2482.4200 -0.1990 0.1136 0.4516 0.8623
7491.0000 -447.6421 9529.6877 -2483.4171 -0.1990 0.1141 0.4516 0.8622
7492.0000 -446.1067 9531.6539 -2484.4093 -0.1984 0.1154 0.4513 0.8624
7493.0000 -444.6054 9533.5932 -2485.3844 -0.1973 0.1169 0.4511 0.8625
7494.0000 -443.1006 9535.5818 -2486.3627 -0.1970 0.1171 0.4510 0.8626
7495.0000 -441.5660 9537.5980 -2487.3682 -0.1978 0.1157 0.4512 0.8625
7496.0000 -440.0658 9539.5432 -2488.3664 -0.1995 0.1142 0.4515 0.8622
7497.0000 -438.5675 9541.4896 -2489.3648 -0.1999 0.1142 0.4513 0.8622
7498.0000 -437.0765 9543.4376 -2490.3244 -0.1993 0.1150 0.4511 0.8623
7499.0000 -435.5600 9545.3860 -2491.3004 -0.1982 0.1161 0.4511 0.8624
7500.0000 -434.0383 9547.3544 -2492.2880 -0.1979 0.1168 0.4509 0.8625
7501.0000 -432.4924 9549.3891 -2493.3155 -0.1976 0.1163 0.4505 0.8628
7502.0000 -430.9927 9551.3307 -2494.2992 -0.1977 0.1151 0.4508 0.8628
7503.0000 -429.5244 9553.2314 -2495.2635 -0.1986 0.1142 0.4510 0.8626
7504.0000 -428.0400 9555.1347 -2496.2390 -0.1992 0.1159 0.4502 0.8627
7505.0000 -426.4737 9557.1589 -2497.2520 -0.1977 0.1180 0.4498 0.8630
7506.0000 -424.9199 9559.1775 -2498.2464 -0.1965 0.1176 0.4500 0.8632
7507.0000 -423.3760 9561.1826 -2499.2580 -0.1973 0.1158 0.4504 0.8630
7508.0000 -421.8898 9563.1146 -2500.2571 -0.1996 0.1146 0.4504 0.8627
7509.0000 -420.3932 9565.0433 -2501.2585 -0.2004 0.1150 0.4504 0.8624
7510.0000 -418.8394 9567.0519 -2502.2685 -0.1993 0.1164 0.4502 0.8626
7511.0000 -417.2885 9569.0504 -2503.2462 -0.1977 0.1174 0.4499 0.8630
7512.0000 -415.7603 9571.0469 -2504.2542 -0.1966 0.1179 0.4496 0.8633
7513.0000 -414.2716 9572.9669 -2505.2591 -0.1972 0.1177 0.4493 0.8634
7514.0000 -412.7590 9574.9227 -2506.2732 -0.1981 0.1171 0.4493 0.8632
7515.0000 -411.2103 9576.8865 -2507.2698 -0.1985 0.1166 0.4496 0.8630
7516.0000 -409.6506 9578.9173 -2508.2814 -0.1983 0.1165 0.4499 0.8629
7517.0000 -408.1489 9580.8655 -2509.2546 -0.1980 0.1174 0.4500 0.8629
7518.0000 -406.6925 9582.7675 -2510.2250 -0.1979 0.1185 0.4499 0.8628
7519.0000 -405.1404 9584.7801 -2511.2454 -0.1985 0.1184 0.4505 0.8623
7520.0000 -403.6162 9586.7785 -2512.2507 -0.1999 0.1164 0.4514 0.8618
7521.0000 -402.1680 9588.6863 -2513.2823 -0.2004 0.1157 0.4512 0.8619
7522.0000 -400.5877 9590.6774 -2514.3177 -0.2000 0.1174 0.4515 0.8616
7523.0000 -399.0363 9592.6828 -2515.2992 -0.1989 0.1195 0.4516 0.8615
7524.0000 -397.5153 9594.7200 -2516.2792 -0.1983 0.1193 0.4522 0.8614
7525.0000 -396.0440 9596.6689 -2517.2808 -0.1987 0.1174 0.4531 0.8611
7526.0000 -394.5494 9598.6021 -2518.3327 -0.1993 0.1163 0.4531 0.8611
7527.0000 -393.0216 9600.5831 -2519.3806 -0.1999 0.1171 0.4527 0.8611
7528.0000 -391.4817 9602.5976 -2520.3700 -0.1996 0.1183 0.4524 0.8611
7529.0000 -389.9607 9604.5912 -2521.3474 -0.1990 0.1192 0.4529 0.8609
7530.0000 -388.4475 9606.5889 -2522.3776 -0.1987 0.1193 0.4534 0.8606
7531.0000 -386.9305 9608.5692 -2523.4223 -0.1990 0.1194 0.4534 0.8606
7532.0000 -385.4068 9610.5565 -2524.4500 -0.1993 0.1189 0.4529 0.8608
7533.0000 -383.8947 9612.5606 -2525.4601 -0.1996 0.1180 0.4526 0.8610
7534.0000 -382.3692 9614.5541 -2526.4716 -0.2002 0.1172 0.4531 0.8607
7535.0000 -380.8589 9616.5426 -2527.5125 -0.2013 0.1177 0.4532 0.8604
7536.0000 -379.3351 9618.5466 -2528.5444 -0.2019 0.1182 0.4529 0.8603
7537.0000 -377.8077 9620.5403 -2529.5559 -0.2020 0.1180 0.4525 0.8605
7538.0000 -376.2830 9622.5379 -2530.5837 -0.2015 0.1177 0.4523 0.8608
7539.0000 -374.7639 9624.5398 -2531.6275 -0.2004 0.1179 0.4524 0.8610
7540.0000 -373.2281 9626.5235 -2532.6522 -0.1993 0.1192 0.4523 0.8611
7541.0000 -371.7041 9628.4968 -2533.6541 -0.1984 0.1205 0.4522 0.8612
7542.0000 -370.1852 9630.5009 -2534.6613 -0.1989 0.1203 0.4522 0.8611
7543.0000 -368.6896 9632.4835 -2535.6980 -0.2006 0.1190 0.4524 0.8608
7544.0000 -367.1651 9634.4566 -2536.7556 -0.2014 0.1182 0.4524 0.8607
7545.0000 -365.6029 9636.4573 -2537.7944 -0.2015 0.1188 0.4522 0.8607
7546.0000 -364.0687 9638.4672 -2538.8098 -0.2012 0.1200 0.4521 0.8606
7547.0000 -362.5347 9640.5039 -2539.8493 -0.2004 0.1203 0.4519 0.8609
7548.0000 -361.0215 9642.4751 -2540.8684 -0.1988 0.1201 0.4518 0.8613
7549.0000 -359.4776 9644.4643 -2541.9067 -0.1982 0.1197 0.4518 0.8615
7550.0000 -357.9168 9646.4945 -2542.9529 -0.1989 0.1196 0.4515 0.8616
7551.0000 -356.3729 9648.5171 -2543.9984 -0.2001 0.1200 0.4513 0.8613
7552.0000 -354.8398 9650.5112 -2545.0316 -0.2009 0.1203 0.4515 0.8610
7553.0000 -353.3052 9652.4979 -2546.0586 -0.2003 0.1201 0.4517 0.8611
7554.0000 -351.7422 9654.5274 -2547.1196 -0.1995 0.1204 0.4514 0.8614
7555.0000 -350.1731 9656.5440 -2548.1695 -0.1994 0.1212 0.4513 0.8613
7556.0000 -348.6342 9658.5748 -2549.2208 -0.1996 0.1213 0.4513 0.8613
7557.0000 -347.1287 9660.5449 -2550.2421 -0.2001 0.1203 0.4516 0.8611
7558.0000 -345.6098 9662.5287 -2551.2738 -0.2003 0.1192 0.4519 0.8611
7559.0000 -344.0734 9664.5277 -2552.3086 -0.2009 0.1191 0.4520 0.8609
7560.0000 -342.5035 9666.5568 -2553.3716 -0.2022 0.1208 0.4516 0.8606
7561.0000 -340.9325 9668.5937 -2554.4428 -0.2016 0.1224 0.4516 0.8605
7562.0000 -339.4070 9670.6047 -2555.4729 -0.2004 0.1220 0.4521 0.8606
7563.0000 -337.8974 9672.6017 -2556.5101 -0.2004 0.1198 0.4525 0.8607
7564.0000 -336.3479 9674.6199 -2557.5797 -0.2013 0.1189 0.4523 0.8607
7565.0000 -334.7815 9676.6527 -2558.6542 -0.2014 0.1204 0.4520 0.8606
7566.0000 -333.2147 9678.6881 -2559.7023 -0.2011 0.1225 0.4518 0.8605
7567.0000 -331.6737 9680.7050 -2560.7328 -0.1999 0.1227 0.4519 0.8607
7568.0000 -330.1385 9682.7157 -2561.7886 -0.1995 0.1219 0.4519 0.8609
7569.0000 -328.5950 9684.7214 -2562.8613 -0.2008 0.1216 0.4515 0.8609
7570.0000 -327.0215 9686.7674 -2563.9376 -0.2019 0.1211 0.4514 0.8607
7571.0000 -325.4633 9688.7918 -2564.9862 -0.2021 0.1200 0.4520 0.8605
7572.0000 -323.9493 9690.8002 -2566.0362 -0.2016 0.1196 0.4523 0.8605
7573.0000 -322.4032 9692.8252 -2567.0952 -0.2010 0.1214 0.4521 0.8605
7574.0000 -320.8230 9694.8734 -2568.1415 -0.2016 0.1232 0.4521 0.8601
7575.0000 -319.2596 9696.9092 -2569.2078 -0.2017 0.1225 0.4524 0.8600
7576.0000 -317.7045 9698.9326 -2570.2887 -0.2017 0.1207 0.4526 0.8602
7577.0000 -316.1834 9700.9593 -2571.3713 -0.2020 0.1206 0.4523 0.8603
7578.0000 -314.6296 9702.9863 -2572.4339 -0.2020 0.1220 0.4524 0.8600
7579.0000 -313.0499 9705.0291 -2573.4805 -0.2020 0.1232 0.4524 0.8599
7580.0000 -311.4921 9707.0767 -2574.5403 -0.2016 0.1227 0.4523 0.8601
7581.0000 -309.9437 9709.1172 -2575.6247 -0.2016 0.1211 0.4521 0.8604
7582.0000 -308.4090 9711.1435 -2576.7315 -0.2022 0.1208 0.4519 0.8604
7583.0000 -306.8300 9713.1885 -2577.8189 -0.2028 0.1219 0.4519 0.8601
7584.0000 -305.2560 9715.2120 -2578.8656 -0.2024 0.1231 0.4520 0.8600
7585.0000 -303.6903 9717.2742 -2579.9219 -0.2012 0.1231 0.4517 0.8604
7586.0000 -302.1409 9719.3253 -2580.9955 -0.2007 0.1230 0.4513 0.8608
7587.0000 -300.5811 9721.3730 -2582.0957 -0.2019 0.1230 0.4508 0.8608
7588.0000 -298.9910 9723.4146 -2583.2176 -0.2029 0.1235 0.4508 0.8605
7589.0000 -297.4064 9725.4466 -2584.2970 -0.2022 0.1231 0.4513 0.8604
7590.0000 -295.8326 9727.4866 -2585.3322 -0.2014 0.1222 0.4513 0.8607
7591.0000 -294.2743 9729.5405 -2586.4077 -0.2018 0.1221 0.4511 0.8607
7592.0000 -292.7059 9731.5871 -2587.5141 -0.2028 0.1224 0.4510 0.8605
7593.0000 -291.1045 9733.6361 -2588.6155 -0.2036 0.1232 0.4506 0.8604
7594.0000 -289.5298 9735.6829 -2589.6923 -0.2029 0.1237 0.4500 0.8608
7595.0000 -287.9484 9737.7596 -2590.7582 -0.2020 0.1233 0.4492 0.8615
7596.0000 -286.3752 9739.8036 -2591.8456 -0.2029 0.1230 0.4485 0.8617
7597.0000 -284.7958 9741.8288 -2592.9577 -0.2040 0.1225 0.4481 0.8617
7598.0000 -283.1961 9743.8699 -2594.0573 -0.2044 0.1218 0.4481 0.8617
7599.0000 -281.5915 9745.9203 -2595.1323 -0.2041 0.1216 0.4478 0.8620
7600.0000 -279.9793 9747.9610 -2596.2131 -0.2029 0.1226 0.4471 0.8625
7601.0000 -278.3802 9750.0217 -2597.2912 -0.2019 0.1245 0.4465 0.8628
7602.0000 -276.7973 9752.0529 -2598.3575 -0.2020 0.1248 0.4467 0.8626
7603.0000 -275.1950 9754.0982 -2599.4552 -0.2034 0.1221 0.4475 0.8622
7604.0000 -273.5917 9756.1458 -2600.5826 -0.2052 0.1201 0.4477 0.8620
7605.0000 -271.9732 9758.1956 -2601.7022 -0.2051 0.1217 0.4473 0.8620
7606.0000 -270.3496 9760.2709 -2602.7689 -0.2034 0.1251 0.4470 0.8621
7607.0000 -268.7577 9762.3278 -2603.8084 -0.2016 0.1261 0.4472 0.8622
7608.0000 -267.1833 9764.3512 -2604.8950 -0.2017 0.1250 0.4476 0.8622
7609.0000 -265.5764 9766.3766 -2606.0355 -0.2039 0.1239 0.4475 0.8619
7610.0000 -263.9279 9768.4440 -2607.1908 -0.2054 0.1237 0.4474 0.8616
7611.0000 -262.3122 9770.5214 -2608.2923 -0.2043 0.1238 0.4477 0.8617
7612.0000 -260.7091 9772.6172 -2609.3542 -0.2021 0.1237 0.4482 0.8620
7613.0000 -259.1229 9774.6700 -2610.4248 -0.2021 0.1240 0.4484 0.8618
7614.0000 -257.5354 9776.6946 -2611.5429 -0.2038 0.1246 0.4485 0.8613
7615.0000 -255.9257 9778.7436 -2612.6782 -0.2057 0.1242 0.4489 0.8606
7616.0000 -254.3042 9780.8178 -2613.8067 -0.2059 0.1231 0.4495 0.8605
7617.0000 -252.7092 9782.8932 -2614.9007 -0.2038 0.1230 0.4497 0.8609
7618.0000 -251.1203 9784.9740 -2615.9875 -0.2020 0.1248 0.4494 0.8612
7619.0000 -249.5100 9787.0370 -2617.0822 -0.2021 0.1269 0.4493 0.8609
7620.0000 -247.8915 9789.1042 -2618.2145 -0.2030 0.1265 0.4497 0.8606
7621.0000 -246.2819 9791.1811 -2619.3542 -0.2032 0.1244 0.4502 0.8606
7622.0000 -244.6855 9793.2570 -2620.4896 -0.2036 0.1240 0.4500 0.8606
7623.0000 -243.0772 9795.3222 -2621.5915 -0.2035 0.1259 0.4495 0.8606
7624.0000 -241.4719 9797.4101 -2622.6903 -0.2021 0.1277 0.4493 0.8608
7625.0000 -239.8603 9799.4989 -2623.7899 -0.2007 0.1274 0.4494 0.8611
7626.0000 -238.2439 9801.5767 -2624.9172 -0.2014 0.1257 0.4497 0.8610
7627.0000 -236.6305 9803.6400 -2626.0707 -0.2036 0.1247 0.4497 0.8607
7628.0000 -235.0248 9805.7225 -2627.2134 -0.2048 0.1247 0.4493 0.8606
7629.0000 -233.4055 9807.8164 -2628.3203 -0.2045 0.1249 0.4493 0.8607
7630.0000 -231.8037 9809.9109 -2629.4123 -0.2041 0.1252 0.4494 0.8606
7631.0000 -230.1847 9812.0042 -2630.5293 -0.2049 0.1253 0.4495 0.8604
7632.0000 -228.5665 9814.0611 -2631.6469 -0.2057 0.1244 0.4496 0.8603
7633.0000 -226.9621 9816.1352 -2632.7679 -0.2058 0.1225 0.4499 0.8604
7634.0000 -225.3353 9818.2463 -2633.9115 -0.2067 0.1214 0.4500 0.8603
7635.0000 -223.7207 9820.3339 -2635.0408 -0.2078 0.1230 0.4494 0.8601
7636.0000 -222.0949 9822.4218 -2636.1472 -0.2085 0.1251 0.4488 0.8599
7637.0000 -220.4786 9824.5184 -2637.2566 -0.2085 0.1249 0.4491 0.8598
7638.0000 -218.8670 9826.5984 -2638.3866 -0.2086 0.1224 0.4497 0.8598
7639.0000 -217.2561 9828.6867 -2639.5410 -0.2093 0.1207 0.4500 0.8597
7640.0000 -215.6197 9830.7689 -2640.6860 -0.2106 0.1214 0.4498 0.8594
7641.0000 -213.9826 9832.8753 -2641.7977 -0.2116 0.1226 0.4496 0.8591
7642.0000 -212.3556 9834.9956 -2642.9120 -0.2118 0.1220 0.4499 0.8590
7643.0000 -210.7418 9837.0938 -2644.0429 -0.2126 0.1200 0.4501 0.8590
7644.0000 -209.1141 9839.1706 -2645.2103 -0.2143 0.1200 0.4500 0.8586
7645.0000 -207.4644 9841.2589 -2646.3737 -0.2152 0.1215 0.4495 0.8584
7646.0000 -205.8367 9843.3723 -2647.4739 -0.2148 0.1221 0.4490 0.8587
7647.0000 -204.2132 9845.5078 -2648.5905 -0.2149 0.1211 0.4492 0.8587
7648.0000 -202.5770 9847.5991 -2649.7536 -0.2159 0.1194 0.4493 0.8586
7649.0000 -200.9341 9849.6834 -2650.9226 -0.2174 0.1187 0.4489 0.8586
7650.0000 -199.2877 9851.7746 -2652.0611 -0.2183 0.1193 0.4484 0.8585
7651.0000 -197.6453 9853.9036 -2653.1815 -0.2188 0.1196 0.4484 0.8583
7652.0000 -196.0152 9856.0092 -2654.3107 -0.2198 0.1191 0.4484 0.8581
7653.0000 -194.3671 9858.0996 -2655.4851 -0.2205 0.1182 0.4484 0.8581
7654.0000 -192.7034 9860.1876 -2656.6422 -0.2204 0.1177 0.4484 0.8582
7655.0000 -191.0493 9862.3024 -2657.7659 -0.2209 0.1179 0.4485 0.8580
7656.0000 -189.4252 9864.4061 -2658.8932 -0.2225 0.1184 0.4488 0.8574
7657.0000 -187.7831 9866.5126 -2660.0683 -0.2239 0.1183 0.4490 0.8569
7658.0000 -186.1281 9868.5992 -2661.2367 -0.2236 0.1177 0.4492 0.8569
7659.0000 -184.4721 9870.7101 -2662.3578 -0.2231 0.1174 0.4494 0.8570
7660.0000 -182.8423 9872.8143 -2663.4877 -0.2237 0.1179 0.4495 0.8567
7661.0000 -181.2036 9874.9109 -2664.6375 -0.2242 0.1186 0.4495 0.8565
7662.0000 -179.5554 9877.0168 -2665.8005 -0.2246 0.1192 0.4495 0.8563
7663.0000 -177.9259 9879.1206 -2666.9325 -0.2253 0.1186 0.4496 0.8562
7664.0000 -176.3086 9881.1979 -2668.0609 -0.2263 0.1173 0.4500 0.8559
7665.0000 -174.6866 9883.2655 -2669.2129 -0.2281 0.1169 0.4503 0.8553
7666.0000 -173.0616 9885.3326 -2670.3810 -0.2288 0.1176 0.4505 0.8549
7667.0000 -171.4388 9887.4112 -2671.5190 -0.2278 0.1188 0.4508 0.8549
7668.0000 -169.8328 9889.5115 -2672.6318 -0.2265 0.1195 0.4510 0.8550
7669.0000 -168.2314 9891.5933 -2673.7557 -0.2265 0.1195 0.4513 0.8549
7670.0000 -166.6270 9893.6577 -2674.9325 -0.2278 0.1192 0.4513 0.8545
7671.0000 -165.0166 9895.7157 -2676.1026 -0.2292 0.1188 0.4516 0.8541
7672.0000 -163.4306 9897.7971 -2677.2366 -0.2301 0.1175 0.4525 0.8535
7673.0000 -161.8489 9899.8598 -2678.3868 -0.2310 0.1167 0.4529 0.8532
7674.0000 -160.2255 9901.9107 -2679.5508 -0.2303 0.1177 0.4529 0.8532
7675.0000 -158.6203 9903.9832 -2680.6577 -0.2283 0.1192 0.4530 0.8535
7676.0000 -157.0467 9906.0643 -2681.7659 -0.2276 0.1196 0.4535 0.8534
7677.0000 -155.4690 9908.1464 -2682.9342 -0.2289 0.1188 0.4543 0.8527
7678.0000 -153.8696 9910.2179 -2684.1348 -0.2310 0.1174 0.4550 0.8520
7679.0000 -152.2621 9912.2809 -2685.3254 -0.2314 0.1167 0.4555 0.8517
7680.0000 -150.6881 9914.3532 -2686.4659 -0.2285 0.1182 0.4559 0.8521
7681.0000 -149.1118 9916.4531 -2687.5458 -0.2250 0.1207 0.4566 0.8523
7682.0000 -147.5418 9918.5542 -2688.6626 -0.2245 0.1222 0.4576 0.8516
7683.0000 -145.9840 9920.6345 -2689.8696 -0.2261 0.1222 0.4589 0.8505
7684.0000 -144.4150 9922.6991 -2691.0834 -0.2277 0.1208 0.4605 0.8494
7685.0000 -142.8444 9924.8122 -2692.2618 -0.2281 0.1197 0.4620 0.8487
7686.0000 -141.2945 9926.9457 -2693.4161 -0.2279 0.1202 0.4632 0.8480
7687.0000 -139.7551 9929.0568 -2694.5647 -0.2275 0.1221 0.4644 0.8472
7688.0000 -138.2203 9931.1640 -2695.7291 -0.2272 0.1231 0.4660 0.8462
7689.0000 -136.6853 9933.2655 -2696.9143 -0.2275 0.1223 0.4679 0.8452
7690.0000 -135.1665 9935.3974 -2698.1208 -0.2278 0.1211 0.4694 0.8445
7691.0000 -133.6401 9937.5367 -2699.3283 -0.2281 0.1213 0.4708 0.8436
7692.0000 -132.1413 9939.6792 -2700.5217 -0.2279 0.1231 0.4723 0.8425
7693.0000 -130.6587 9941.8235 -2701.7041 -0.2269 0.1249 0.4739 0.8416
7694.0000 -129.1773 9943.9830 -2702.8834 -0.2256 0.1257 0.4755 0.8409
7695.0000 -127.6816 9946.1294 -2704.0797 -0.2260 0.1256 0.4771 0.8400
7696.0000 -126.1899 9948.2945 -2705.3144 -0.2280 0.1248 0.4785 0.8388
7697.0000 -124.7254 9950.4580 -2706.5663 -0.2294 0.1240 0.4795 0.8379
7698.0000 -123.2570 9952.6316 -2707.7932 -0.2292 0.1241 0.4802 0.8375
7699.0000 -121.7867 9954.8430 -2708.9860 -0.2277 0.1248 0.4811 0.8373
7700.0000 -120.3389 9957.0527 -2710.1920 -0.2269 0.1257 0.4821 0.8368
7701.0000 -118.9084 9959.2295 -2711.4184 -0.2274 0.1259 0.4832 0.8361
7702.0000 -117.4640 9961.3954 -2712.6560 -0.2295 0.1248 0.4841 0.8351
7703.0000 -115.9953 9963.5970 -2713.9295 -0.2315 0.1242 0.4845 0.8344
7704.0000 -114.5366 9965.8245 -2715.1800 -0.2316 0.1246 0.4849 0.8341
7705.0000 -113.1125 9968.0522 -2716.4054 -0.2307 0.1253 0.4857 0.8338
7706.0000 -111.6867 9970.2598 -2717.6215 -0.2300 0.1252 0.4867 0.8334
7707.0000 -110.2424 9972.4800 -2718.8697 -0.2308 0.1244 0.4878 0.8326
7708.0000 -108.7929 9974.6823 -2720.1371 -0.2320 0.1242 0.4885 0.8319
7709.0000 -107.3609 9976.9189 -2721.3986 -0.2327 0.1245 0.4888 0.8315
7710.0000 -105.9314 9979.1574 -2722.6566 -0.2322 0.1249 0.4890 0.8314
7711.0000 -104.5098 9981.3976 -2723.8900 -0.2314 0.1249 0.4894 0.8315
7712.0000 -103.0847 9983.6341 -2725.1282 -0.2320 0.1243 0.4903 0.8309
7713.0000 -101.6555 9985.8708 -2726.4117 -0.2338 0.1239 0.4909 0.8301
7714.0000 -100.2267 9988.1144 -2727.7090 -0.2348 0.1242 0.4910 0.8296
7715.0000 -98.8117 9990.3663 -2728.9749 -0.2342 0.1251 0.4913 0.8295
7716.0000 -97.3800 9992.6315 -2730.2137 -0.2330 0.1256 0.4920 0.8294
7717.0000 -95.9532 9994.9022 -2731.4885 -0.2335 0.1260 0.4923 0.8290
7718.0000 -94.5301 9997.1527 -2732.8017 -0.2344 0.1259 0.4925 0.8286
7719.0000 -93.1144 9999.4005 -2734.0957 -0.2343 0.1257 0.4930 0.8284
7720.0000 -91.6901 10001.6830 -2735.3681 -0.2336 0.1257 0.4935 0.8283
7721.0000 -90.2625 10003.9800 -2736.6417 -0.2325 0.1262 0.4943 0.8280
7722.0000 -88.8411 10006.2549 -2737.9193 -0.2324 0.1271 0.4949 0.8276
7723.0000 -87.4294 10008.5134 -2739.2249 -0.2325 0.1278 0.4953 0.8272
7724.0000 -86.0223 10010.7931 -2740.5256 -0.2325 0.1279 0.4958 0.8269
7725.0000 -84.6180 10013.1010 -2741.8284 -0.2327 0.1281 0.4964 0.8265
7726.0000 -83.2128 10015.4141 -2743.1424 -0.2335 0.1285 0.4970 0.8258
7727.0000 -81.8041 10017.6992 -2744.4636 -0.2338 0.1286 0.4976 0.8254
7728.0000 -80.4004 10019.9784 -2745.7648 -0.2333 0.1283 0.4981 0.8252
7729.0000 -79.0050 10022.2769 -2747.0456 -0.2327 0.1276 0.4991 0.8249
7730.0000 -77.6084 10024.5951 -2748.3464 -0.2323 0.1273 0.5001 0.8244
7731.0000 -76.2212 10026.9184 -2749.6660 -0.2318 0.1279 0.5009 0.8240
7732.0000 -74.8219 10029.2407 -2750.9734 -0.2316 0.1292 0.5012 0.8237
7733.0000 -73.4314 10031.5466 -2752.2735 -0.2320 0.1297 0.5014 0.8234
7734.0000 -72.0631 10033.8704 -2753.6008 -0.2329 0.1290 0.5020 0.8228
7735.0000 -70.6912 10036.1827 -2754.9512 -0.2341 0.1286 0.5027 0.8222
7736.0000 -69.3230 10038.4785 -2756.2747 -0.2341 0.1289 0.5033 0.8218
7737.0000 -67.9485 10040.7981 -2757.5769 -0.2329 0.1303 0.5036 0.8217
7738.0000 -66.5688 10043.1403 -2758.8834 -0.2320 0.1316 0.5040 0.8215
7739.0000 -65.2035 10045.4793 -2760.2146 -0.2314 0.1315 0.5046 0.8213
7740.0000 -63.8377 10047.8070 -2761.5530 -0.2315 0.1307 0.5055 0.8208
7741.0000 -62.4973 10050.1142 -2762.8866 -0.2318 0.1307 0.5064 0.8202
7742.0000 -61.1448 10052.4316 -2764.2080 -0.2321 0.1320 0.5070 0.8195
7743.0000 -59.7868 10054.7807 -2765.5530 -0.2325 0.1331 0.5076 0.8189
7744.0000 -58.4448 10057.1310 -2766.8906 -0.2326 0.1331 0.5082 0.8185
7745.0000 -57.1181 10059.4415 -2768.2139 -0.2321 0.1326 0.5090 0.8182
7746.0000 -55.7953 10061.7528 -2769.5407 -0.2314 0.1326 0.5101 0.8177
7747.0000 -54.4630 10064.0972 -2770.8666 -0.2312 0.1334 0.5109 0.8171
7748.0000 -53.1520 10066.4460 -2772.2194 -0.2313 0.1343 0.5118 0.8164
7749.0000 -51.8437 10068.7988 -2773.5630 -0.2313 0.1338 0.5132 0.8156
7750.0000 -50.5479 10071.1323 -2774.8984 -0.2309 0.1335 0.5146 0.8149
7751.0000 -49.2543 10073.4806 -2776.2432 -0.2304 0.1343 0.5158 0.8142
7752.0000 -47.9522 10075.8417 -2777.5842 -0.2296 0.1361 0.5169 0.8134
7753.0000 -46.6913 10078.1758 -2778.9197 -0.2293 0.1376 0.5181 0.8124
7754.0000 -45.4381 10080.4918 -2780.2534 -0.2292 0.1376 0.5196 0.8115
7755.0000 -44.1827 10082.8445 -2781.5998 -0.2293 0.1367 0.5210 0.8107
7756.0000 -42.9275 10085.2043 -2782.9540 -0.2294 0.1367 0.5220 0.8100
7757.0000 -41.6915 10087.5564 -2784.3014 -0.2294 0.1376 0.5227 0.8094
7758.0000 -40.4879 10089.8899 -2785.6389 -0.2295 0.1387 0.5234 0.8088
7759.0000 -39.2790 10092.2235 -2786.9862 -0.2292 0.1389 0.5244 0.8082
7760.0000 -38.0580 10094.5788 -2788.3409 -0.2293 0.1386 0.5256 0.8074
7761.0000 -36.8412 10096.9351 -2789.6988 -0.2296 0.1383 0.5266 0.8068
7762.0000 -35.6384 10099.2844 -2791.0493 -0.2294 0.1383 0.5273 0.8063
7763.0000 -34.4495 10101.6108 -2792.3793 -0.2292 0.1392 0.5279 0.8059
7764.0000 -33.2651 10103.9603 -2793.7253 -0.2289 0.1404 0.5285 0.8054
7765.0000 -32.0829 10106.3178 -2795.0890 -0.2293 0.1409 0.5293 0.8047
7766.0000 -30.9079 10108.6449 -2796.4585 -0.2298 0.1404 0.5302 0.8040
7767.0000 -29.7426 10110.9784 -2797.8138 -0.2294 0.1397 0.5311 0.8036
7768.0000 -28.5904 10113.3324 -2799.1418 -0.2290 0.1399 0.5320 0.8031
7769.0000 -27.4522 10115.6810 -2800.4987 -0.2288 0.1413 0.5327 0.8025
7770.0000 -26.3093 10118.0134 -2801.8676 -0.2289 0.1427 0.5330 0.8020
7771.0000 -25.1578 10120.3387 -2803.2331 -0.2291 0.1428 0.5337 0.8014
7772.0000 -24.0250 10122.6525 -2804.5687 -0.2293 0.1410 0.5349 0.8009
7773.0000 -22.9031 10125.0060 -2805.8972 -0.2296 0.1397 0.5360 0.8003
7774.0000 -21.7862 10127.3596 -2807.2563 -0.2296 0.1403 0.5367 0.7997
7775.0000 -20.6662 10129.6960 -2808.6322 -0.2294 0.1418 0.5371 0.7993
7776.0000 -19.5476 10132.0246 -2810.0078 -0.2291 0.1422 0.5376 0.7989
7777.0000 -18.4561 10134.3581 -2811.3334 -0.2293 0.1412 0.5384 0.7985
7778.0000 -17.3688 10136.6886 -2812.6537 -0.2300 0.1410 0.5390 0.7980
7779.0000 -16.2723 10139.0141 -2814.0173 -0.2302 0.1421 0.5392 0.7975
7780.0000 -15.1770 10141.3314 -2815.3871 -0.2292 0.1431 0.5393 0.7976
7781.0000 -14.0986 10143.6966 -2816.7493 -0.2284 0.1434 0.5399 0.7973
7782.0000 -13.0200 10146.0411 -2818.1135 -0.2290 0.1431 0.5409 0.7966
7783.0000 -11.9276 10148.3543 -2819.4716 -0.2294 0.1428 0.5416 0.7960
7784.0000 -10.8374 10150.6695 -2820.8307 -0.2289 0.1437 0.5416 0.7960
7785.0000 -9.7709 10152.9968 -2822.1681 -0.2276 0.1453 0.5414 0.7962
7786.0000 -8.7207 10155.3234 -2823.5104 -0.2273 0.1462 0.5418 0.7959
7787.0000 -7.6709 10157.6306 -2824.8708 -0.2277 0.1456 0.5426 0.7954
7788.0000 -6.6136 10159.9234 -2826.2382 -0.2272 0.1450 0.5433 0.7951
7789.0000 -5.5611 10162.2491 -2827.5771 -0.2266 0.1451 0.5436 0.7950
7790.0000 -4.5083 10164.5889 -2828.9330 -0.2264 0.1461 0.5442 0.7945
7791.0000 -3.4482 10166.9220 -2830.2938 -0.2258 0.1476 0.5447 0.7941
7792.0000 -2.4027 10169.2321 -2831.6551 -0.2254 0.1490 0.5451 0.7936
7793.0000 -1.3710 10171.5438 -2833.0075 -0.2249 0.1491 0.5456 0.7934
7794.0000 -0.3447 10173.8691 -2834.3675 -0.2241 0.1482 0.5466 0.7931
7795.0000 0.6623 10176.1732 -2835.7225 -0.2238 0.1478 0.5477 0.7925
7796.0000 1.6745 10178.5142 -2837.0839 -0.2233 0.1481 0.5487 0.7919
7797.0000 2.6895 10180.8320 -2838.4334 -0.2226 0.1495 0.5493 0.7914
7798.0000 3.6984 10183.1527 -2839.7702 -0.2226 0.1506 0.5500 0.7907
7799.0000 4.6758 10185.4736 -2841.1272 -0.2226 0.1512 0.5506 0.7902
7800.0000 5.6638 10187.8118 -2842.5122 -0.2225 0.1513 0.5514 0.7896
7801.0000 6.6522 10190.1386 -2843.8806 -0.2220 0.1512 0.5523 0.7892
7802.0000 7.6279 10192.4556 -2845.2365 -0.2211 0.1510 0.5534 0.7887
7803.0000 8.6101 10194.7873 -2846.5961 -0.2205 0.1511 0.5543 0.7882
7804.0000 9.5815 10197.1153 -2847.9623 -0.2210 0.1519 0.5545 0.7878
7805.0000 10.5442 10199.4353 -2849.3232 -0.2225 0.1530 0.5541 0.7875
7806.0000 11.5056 10201.7440 -2850.6812 -0.2230 0.1534 0.5532 0.7878
7807.0000 12.4667 10204.0678 -2852.0422 -0.2221 0.1525 0.5526 0.7887
7808.0000 13.4281 10206.4136 -2853.4468 -0.2214 0.1514 0.5523 0.7894
7809.0000 14.3917 10208.7531 -2854.8567 -0.2210 0.1514 0.5516 0.7899
7810.0000 15.3828 10211.0835 -2856.2192 -0.2209 0.1524 0.5513 0.7900
7811.0000 16.3863 10213.4082 -2857.5512 -0.2210 0.1530 0.5513 0.7898
7812.0000 17.3713 10215.7324 -2858.9105 -0.2208 0.1527 0.5514 0.7899
7813.0000 18.3339 10218.0538 -2860.3117 -0.2208 0.1529 0.5513 0.7899
7814.0000 19.2947 10220.3734 -2861.6956 -0.2206 0.1537 0.5512 0.7899
7815.0000 20.2768 10222.6680 -2863.0331 -0.2199 0.1545 0.5512 0.7899
7816.0000 21.2752 10225.0076 -2864.3902 -0.2187 0.1546 0.5517 0.7899
7817.0000 22.2558 10227.3348 -2865.7667 -0.2179 0.1543 0.5523 0.7897
7818.0000 23.2257 10229.6456 -2867.1580 -0.2183 0.1550 0.5524 0.7894
7819.0000 24.2026 10231.9657 -2868.5300 -0.2190 0.1561 0.5520 0.7893
7820.0000 25.1757 10234.2973 -2869.8855 -0.2188 0.1564 0.5520 0.7893
7821.0000 26.1455 10236.6394 -2871.2686 -0.2183 0.1560 0.5522 0.7894
7822.0000 27.1108 10238.9502 -2872.6711 -0.2182 0.1560 0.5523 0.7893
7823.0000 28.0831 10241.2532 -2874.0529 -0.2180 0.1566 0.5523 0.7892
7824.0000 29.0538 10243.5664 -2875.4125 -0.2173 0.1577 0.5520 0.7894
7825.0000 30.0311 10245.9017 -2876.7654 -0.2165 0.1586 0.5519 0.7896
7826.0000 30.9972 10248.2354 -2878.1433 -0.2165 0.1588 0.5518 0.7895
7827.0000 31.9542 10250.5391 -2879.5451 -0.2162 0.1582 0.5519 0.7897
7828.0000 32.9252 10252.8499 -2880.9274 -0.2148 0.1577 0.5521 0.7900
7829.0000 33.9137 10255.1896 -2882.2941 -0.2135 0.1588 0.5522 0.7901
7830.0000 34.8923 10257.5343 -2883.6640 -0.2132 0.1610 0.5519 0.7900
7831.0000 35.8453 10259.8528 -2885.0409 -0.2136 0.1633 0.5512 0.7898
7832.0000 36.8180 10262.1568 -2886.4258 -0.2141 0.1641 0.5510 0.7897
7833.0000 37.7789 10264.4570 -2887.8257 -0.2141 0.1634 0.5512 0.7897
7834.0000 38.7409 10266.7762 -2889.2264 -0.2136 0.1625 0.5515 0.7898
7835.0000 39.6976 10269.0843 -2890.6083 -0.2127 0.1622 0.5520 0.7898
7836.0000 40.6602 10271.3943 -2891.9661 -0.2109 0.1627 0.5523 0.7899
7837.0000 41.6210 10273.7116 -2893.3225 -0.2093 0.1646 0.5522 0.7900
7838.0000 42.5841 10276.0403 -2894.6867 -0.2091 0.1663 0.5519 0.7900
7839.0000 43.5550 10278.3690 -2896.0888 -0.2093 0.1668 0.5518 0.7899
7840.0000 44.5140 10280.6653 -2897.4931 -0.2094 0.1663 0.5520 0.7898
7841.0000 45.4461 10282.9340 -2898.8670 -0.2090 0.1659 0.5520 0.7900
7842.0000 46.3813 10285.2239 -2900.2330 -0.2083 0.1667 0.5521 0.7900
7843.0000 47.3228 10287.5356 -2901.5875 -0.2075 0.1679 0.5517 0.7901
7844.0000 48.2704 10289.8435 -2902.9542 -0.2068 0.1685 0.5514 0.7904
7845.0000 49.2199 10292.1497 -2904.3405 -0.2065 0.1681 0.5512 0.7908
7846.0000 50.1687 10294.4176 -2905.7284 -0.2072 0.1676 0.5510 0.7908
7847.0000 51.1259 10296.6880 -2907.1068 -0.2076 0.1679 0.5504 0.7911
7848.0000 52.0847 10298.9808 -2908.4760 -0.2069 0.1687 0.5492 0.7919
7849.0000 53.0305 10301.2902 -2909.8324 -0.2058 0.1691 0.5478 0.7931
7850.0000 53.9846 10303.5806 -2911.1861 -0.2054 0.1687 0.5467 0.7940
7851.0000 54.9573 10305.8501 -2912.5714 -0.2064 0.1680 0.5459 0.7945
7852.0000 55.9402 10308.1092 -2913.9753 -0.2068 0.1676 0.5451 0.7950
7853.0000 56.9293 10310.3952 -2915.3579 -0.2064 0.1678 0.5440 0.7958
7854.0000 57.9085 10312.6668 -2916.6868 -0.2057 0.1683 0.5427 0.7968
7855.0000 58.9066 10314.9432 -2918.0333 -0.2050 0.1689 0.5415 0.7976
7856.0000 59.9093 10317.2178 -2919.4038 -0.2052 0.1690 0.5406 0.7982
7857.0000 60.9153 10319.4653 -2920.7958 -0.2061 0.1691 0.5395 0.7986
7858.0000 61.9364 10321.7250 -2922.1836 -0.2063 0.1688 0.5386 0.7993
7859.0000 62.9469 10323.9681 -2923.5222 -0.2063 0.1683 0.5377 0.8000
7860.0000 63.9629 10326.2165 -2924.8636 -0.2064 0.1681 0.5368 0.8006
7861.0000 64.9962 10328.4775 -2926.2375 -0.2066 0.1682 0.5358 0.8012
7862.0000 66.0435 10330.7357 -2927.6259 -0.2067 0.1683 0.5347 0.8019
7863.0000 67.0813 10332.9754 -2928.9865 -0.2066 0.1684 0.5336 0.8026
7864.0000 68.1236 10335.2008 -2930.3256 -0.2067 0.1687 0.5322 0.8035
7865.0000 69.1753 10337.4183 -2931.6767 -0.2066 0.1690 0.5308 0.8044
7866.0000 70.2398 10339.6438 -2933.0290 -0.2060 0.1690 0.5297 0.8052
7867.0000 71.3148 10341.9016 -2934.3863 -0.2056 0.1688 0.5287 0.8061
7868.0000 72.4027 10344.1497 -2935.7579 -0.2062 0.1685 0.5276 0.8067
7869.0000 73.4901 10346.3374 -2937.1254 -0.2069 0.1690 0.5261 0.8074
7870.0000 74.5812 10348.5178 -2938.4733 -0.2060 0.1700 0.5245 0.8084
7871.0000 75.6736 10350.7412 -2939.7949 -0.2045 0.1703 0.5232 0.8096
7872.0000 76.7741 10352.9652 -2941.1372 -0.2038 0.1700 0.5220 0.8106
7873.0000 77.8775 10355.1562 -2942.5108 -0.2039 0.1706 0.5206 0.8114
7874.0000 79.0189 10357.3505 -2943.8824 -0.2035 0.1716 0.5193 0.8121
7875.0000 80.1660 10359.5652 -2945.2239 -0.2027 0.1716 0.5184 0.8128
7876.0000 81.2841 10361.7612 -2946.5565 -0.2025 0.1711 0.5179 0.8133
7877.0000 82.4057 10363.9394 -2947.9098 -0.2026 0.1705 0.5177 0.8135
7878.0000 83.5545 10366.1119 -2949.2766 -0.2022 0.1707 0.5173 0.8139
7879.0000 84.7195 10368.3029 -2950.6051 -0.2007 0.1719 0.5164 0.8145
7880.0000 85.8641 10370.5105 -2951.9191 -0.1997 0.1730 0.5155 0.8151
7881.0000 87.0029 10372.6903 -2953.2608 -0.2002 0.1734 0.5149 0.8153
7882.0000 88.1437 10374.8533 -2954.6347 -0.2014 0.1731 0.5148 0.8151
7883.0000 89.3027 10377.0293 -2956.0083 -0.2020 0.1726 0.5150 0.8150
7884.0000 90.4533 10379.2114 -2957.3503 -0.2013 0.1721 0.5151 0.8152
7885.0000 91.6001 10381.4066 -2958.6651 -0.2003 0.1721 0.5151 0.8155
7886.0000 92.7478 10383.5849 -2959.9901 -0.2005 0.1728 0.5146 0.8156
7887.0000 93.9112 10385.7517 -2961.3578 -0.2016 0.1739 0.5140 0.8154
7888.0000 95.0672 10387.9093 -2962.7178 -0.2013 0.1740 0.5138 0.8156
7889.0000 96.2194 10390.1025 -2964.0613 -0.2004 0.1727 0.5141 0.8159
7890.0000 97.3691 10392.2672 -2965.3990 -0.2000 0.1717 0.5142 0.8162
7891.0000 98.5350 10394.4419 -2966.7457 -0.2000 0.1728 0.5139 0.8161
7892.0000 99.6948 10396.6372 -2968.0860 -0.2004 0.1741 0.5135 0.8160
7893.0000 100.8484 10398.7945 -2969.4255 -0.2004 0.1741 0.5134 0.8161
7894.0000 102.0004 10400.9518 -2970.7754 -0.1995 0.1736 0.5133 0.8165
7895.0000 103.1599 10403.1141 -2972.1045 -0.1987 0.1738 0.5129 0.8168
7896.0000 104.3351 10405.3162 -2973.4454 -0.1992 0.1740 0.5129 0.8167
7897.0000 105.4975 10407.4835 -2974.8024 -0.2001 0.1732 0.5131 0.8165
7898.0000 106.6532 10409.6428 -2976.1593 -0.2006 0.1721 0.5134 0.8165
7899.0000 107.8063 10411.8031 -2977.4970 -0.2004 0.1721 0.5132 0.8166
7900.0000 108.9656 10413.9802 -2978.8231 -0.2004 0.1734 0.5127 0.8166
7901.0000 110.1156 10416.1479 -2980.1410 -0.2002 0.1741 0.5125 0.8167
7902.0000 111.2625 10418.3256 -2981.4807 -0.2004 0.1730 0.5130 0.8165
7903.0000 112.4302 10420.4719 -2982.8350 -0.2016 0.1717 0.5135 0.8162
7904.0000 113.5930 10422.6065 -2984.1953 -0.2026 0.1724 0.5133 0.8159
7905.0000 114.7405 10424.7628 -2985.5261 -0.2022 0.1741 0.5128 0.8160
7906.0000 115.8812 10426.9446 -2986.8298 -0.2006 0.1750 0.5124 0.8165
7907.0000 117.0327 10429.1054 -2988.1494 -0.2001 0.1738 0.5125 0.8167
7908.0000 118.2021 10431.2372 -2989.5063 -0.2010 0.1725 0.5125 0.8168
7909.0000 119.3599 10433.3782 -2990.8692 -0.2016 0.1726 0.5117 0.8171
7910.0000 120.5131 10435.5445 -2992.2077 -0.2015 0.1732 0.5107 0.8177
7911.0000 121.6698 10437.7050 -2993.5059 -0.2009 0.1734 0.5096 0.8185
7912.0000 122.8363 10439.8463 -2994.8120 -0.2009 0.1730 0.5087 0.8191
7913.0000 123.9878 10441.9539 -2996.1465 -0.2018 0.1730 0.5077 0.8195
7914.0000 125.1708 10444.0730 -2997.5016 -0.2023 0.1736 0.5064 0.8200
7915.0000 126.3598 10446.2041 -2998.8327 -0.2019 0.1735 0.5053 0.8209
7916.0000 127.5215 10448.3161 -3000.1162 -0.2015 0.1725 0.5047 0.8216
7917.0000 128.6840 10450.4187 -3001.4196 -0.2017 0.1720 0.5040 0.8220
7918.0000 129.8739 10452.5211 -3002.7378 -0.2025 0.1723 0.5028 0.8225
7919.0000 131.1028 10454.6514 -3004.0690 -0.2035 0.1719 0.5021 0.8228
7920.0000 132.3059 10456.7525 -3005.4024 -0.2040 0.1711 0.5013 0.8233
7921.0000 133.5120 10458.8371 -3006.7094 -0.2036 0.1710 0.5003 0.8241
7922.0000 134.7193 10460.9324 -3007.9898 -0.2031 0.1716 0.4991 0.8247
7923.0000 135.9455 10463.0343 -3009.2934 -0.2032 0.1723 0.4979 0.8253
7924.0000 137.1587 10465.1002 -3010.5972 -0.2036 0.1721 0.4968 0.8259
7925.0000 138.3716 10467.1590 -3011.9075 -0.2042 0.1708 0.4960 0.8265
7926.0000 139.6057 10469.2414 -3013.2206 -0.2053 0.1696 0.4953 0.8269
7927.0000 140.8453 10471.3184 -3014.5274 -0.2063 0.1694 0.4945 0.8272
7928.0000 142.0691 10473.3832 -3015.8264 -0.2063 0.1698 0.4932 0.8279
7929.0000 143.3191 10475.4580 -3017.1159 -0.2056 0.1702 0.4918 0.8288
7930.0000 144.5836 10477.5162 -3018.4001 -0.2050 0.1705 0.4907 0.8296
7931.0000 145.8410 10479.5621 -3019.6937 -0.2052 0.1704 0.4899 0.8300
7932.0000 147.0928 10481.6029 -3021.0122 -0.2056 0.1702 0.4892 0.8303
7933.0000 148.3573 10483.6457 -3022.2976 -0.2056 0.1699 0.4882 0.8310
7934.0000 149.6179 10485.6826 -3023.5662 -0.2057 0.1695 0.4873 0.8315
7935.0000 150.8803 10487.7132 -3024.8432 -0.2068 0.1685 0.4867 0.8319
7936.0000 152.1394 10489.7292 -3026.1421 -0.2083 0.1679 0.4859 0.8320
7937.0000 153.4301 10491.7539 -3027.4494 -0.2082 0.1685 0.4849 0.8326
7938.0000 154.7021 10493.7744 -3028.6857 -0.2071 0.1687 0.4838 0.8334
7939.0000 155.9593 10495.8007 -3029.8963 -0.2083 0.1670 0.4832 0.8338
7940.0000 157.2421 10497.8119 -3031.2132 -0.2114 0.1651 0.4830 0.8335
7941.0000 158.5289 10499.8058 -3032.5486 -0.2137 0.1640 0.4826 0.8334
7942.0000 159.8422 10501.7891 -3033.8278 -0.2136 0.1642 0.4815 0.8340
7943.0000 161.1453 10503.7786 -3035.0723 -0.2092 0.1679 0.4794 0.8356
7944.0000 162.4450 10505.7944 -3036.2397 -0.2045 0.1718 0.4771 0.8373
7945.0000 163.7368 10507.7810 -3037.4534 -0.2049 0.1712 0.4761 0.8379
7946.0000 165.0455 10509.7363 -3038.7967 -0.2088 0.1669 0.4760 0.8379
7947.0000 166.3752 10511.6899 -3040.1697 -0.2118 0.1636 0.4754 0.8380
7948.0000 167.6894 10513.6414 -3041.4098 -0.2110 0.1637 0.4737 0.8392
7949.0000 169.0123 10515.6393 -3042.5638 -0.2087 0.1661 0.4721 0.8402
7950.0000 170.3320 10517.5919 -3043.7551 -0.2079 0.1682 0.4707 0.8408
7951.0000 171.6699 10519.5208 -3045.0276 -0.2087 0.1679 0.4695 0.8413
7952.0000 173.0295 10521.4718 -3046.3374 -0.2101 0.1654 0.4686 0.8420
7953.0000 174.3857 10523.4342 -3047.6220 -0.2109 0.1633 0.4676 0.8428
7954.0000 175.7265 10525.3518 -3048.8455 -0.2110 0.1637 0.4658 0.8436
7955.0000 177.0916 10527.2825 -3050.0575 -0.2099 0.1661 0.4638 0.8446
7956.0000 178.4660 10529.2100 -3051.2552 -0.2089 0.1673 0.4622 0.8454
7957.0000 179.8359 10531.1227 -3052.4930 -0.2093 0.1659 0.4614 0.8460
7958.0000 181.2047 10533.0173 -3053.7611 -0.2105 0.1639 0.4609 0.8464
7959.0000 182.5780 10534.9172 -3055.0194 -0.2114 0.1636 0.4599 0.8468
7960.0000 183.9900 10536.8322 -3056.2515 -0.2112 0.1647 0.4590 0.8471
7961.0000 185.3961 10538.7547 -3057.4427 -0.2103 0.1652 0.4583 0.8476
7962.0000 186.7834 10540.6635 -3058.6447 -0.2101 0.1647 0.4572 0.8484
7963.0000 188.1682 10542.5372 -3059.8836 -0.2105 0.1641 0.4560 0.8490
7964.0000 189.5649 10544.4126 -3061.1344 -0.2118 0.1639 0.4549 0.8493
7965.0000 190.9668 10546.2991 -3062.3636 -0.2128 0.1635 0.4541 0.8496
7966.0000 192.3911 10548.1904 -3063.5847 -0.2122 0.1627 0.4534 0.8503
7967.0000 193.8276 10550.0671 -3064.7845 -0.2112 0.1628 0.4523 0.8511
7968.0000 195.2636 10551.9389 -3065.9858 -0.2112 0.1633 0.4511 0.8516
7969.0000 196.6885 10553.8131 -3067.2152 -0.2116 0.1637 0.4500 0.8520
7970.0000 198.1373 10555.6961 -3068.4579 -0.2114 0.1635 0.4492 0.8525
7971.0000 199.5586 10557.5473 -3069.6563 -0.2108 0.1628 0.4484 0.8532
7972.0000 200.9828 10559.3769 -3070.8358 -0.2108 0.1618 0.4477 0.8538
7973.0000 202.4085 10561.2253 -3072.0460 -0.2119 0.1618 0.4469 0.8539
7974.0000 203.8854 10563.1013 -3073.2797 -0.2131 0.1620 0.4460 0.8541
7975.0000 205.3427 10564.9605 -3074.4988 -0.2133 0.1618 0.4447 0.8547
7976.0000 206.7707 10566.7926 -3075.6708 -0.2125 0.1614 0.4437 0.8555
7977.0000 208.2138 10568.6197 -3076.8493 -0.2124 0.1611 0.4428 0.8561
7978.0000 209.6900 10570.4550 -3078.0709 -0.2134 0.1616 0.4418 0.8562
7979.0000 211.1804 10572.2747 -3079.2903 -0.2140 0.1620 0.4407 0.8566
7980.0000 212.6630 10574.1110 -3080.4928 -0.2139 0.1616 0.4396 0.8572
7981.0000 214.1143 10575.9450 -3081.6823 -0.2133 0.1607 0.4388 0.8580
7982.0000 215.5833 10577.7658 -3082.8715 -0.2129 0.1603 0.4376 0.8587
7983.0000 217.0752 10579.5702 -3084.0706 -0.2133 0.1609 0.4364 0.8591
7984.0000 218.5965 10581.3928 -3085.2731 -0.2136 0.1612 0.4354 0.8595
7985.0000 220.0857 10583.2055 -3086.4598 -0.2138 0.1609 0.4343 0.8601
7986.0000 221.5760 10584.9981 -3087.6466 -0.2141 0.1602 0.4332 0.8607
7987.0000 223.0750 10586.7849 -3088.8410 -0.2141 0.1599 0.4322 0.8613
7988.0000 224.5969 10588.5659 -3090.0198 -0.2138 0.1607 0.4311 0.8618
7989.0000 226.1223 10590.3654 -3091.1894 -0.2143 0.1613 0.4301 0.8620
7990.0000 227.6309 10592.1466 -3092.3699 -0.2151 0.1602 0.4293 0.8624
7991.0000 229.1495 10593.9174 -3093.5749 -0.2155 0.1586 0.4286 0.8630
7992.0000 230.6687 10595.6986 -3094.7737 -0.2153 0.1584 0.4273 0.8637
7993.0000 232.1913 10597.4890 -3095.9294 -0.2147 0.1594 0.4261 0.8643
7994.0000 233.7404 10599.2615 -3097.0818 -0.2149 0.1598 0.4252 0.8646
7995.0000 235.2990 10601.0029 -3098.2581 -0.2152 0.1590 0.4245 0.8650
7996.0000 236.8402 10602.7684 -3099.4558 -0.2153 0.1581 0.4236 0.8656
7997.0000 238.3756 10604.5364 -3100.6399 -0.2155 0.1584 0.4225 0.8660
7998.0000 239.9291 10606.2914 -3101.8001 -0.2155 0.1592 0.4213 0.8664
7999.0000 241.4839 10608.0390 -3102.9520 -0.2151 0.1588 0.4205 0.8670
8000.0000 243.0390 10609.7806 -3104.1055 -0.2149 0.1573 0.4199 0.8676
8001.0000 244.6022 10611.5282 -3105.2914 -0.2153 0.1568 0.4190 0.8680
8002.0000 246.1754 10613.2630 -3106.4670 -0.2161 0.1578 0.4178 0.8682
8003.0000 247.7471 10614.9940 -3107.6234 -0.2160 0.1587 0.4168 0.8686
8004.0000 249.3020 10616.7136 -3108.7533 -0.2155 0.1578 0.4162 0.8692
8005.0000 250.8736 10618.4456 -3109.8972 -0.2157 0.1565 0.4155 0.8697
8006.0000 252.4574 10620.1775 -3111.0781 -0.2165 0.1567 0.4145 0.8699
8007.0000 254.0478 10621.9107 -3112.2548 -0.2168 0.1572 0.4138 0.8701
8008.0000 255.6524 10623.6305 -3113.4097 -0.2166 0.1575 0.4132 0.8704
8009.0000 257.2360 10625.3245 -3114.5358 -0.2164 0.1574 0.4121 0.8710
8010.0000 258.8220 10627.0357 -3115.6808 -0.2160 0.1569 0.4112 0.8716
8011.0000 260.4053 10628.7372 -3116.8380 -0.2158 0.1567 0.4102 0.8721
8012.0000 262.0041 10630.4573 -3118.0081 -0.2158 0.1571 0.4090 0.8726
8013.0000 263.6111 10632.1610 -3119.1475 -0.2159 0.1569 0.4082 0.8730
8014.0000 265.2110 10633.8529 -3120.2702 -0.2168 0.1561 0.4076 0.8732
8015.0000 266.8107 10635.5262 -3121.4210 -0.2183 0.1557 0.4069 0.8732
8016.0000 268.4179 10637.2042 -3122.5918 -0.2186 0.1563 0.4059 0.8735
8017.0000 270.0247 10638.8856 -3123.7245 -0.2179 0.1566 0.4043 0.8744
8018.0000 271.6524 10640.5820 -3124.8374 -0.2172 0.1558 0.4033 0.8751
8019.0000 273.2784 10642.2718 -3125.9781 -0.2174 0.1547 0.4026 0.8756
8020.0000 274.8922 10643.9204 -3127.1234 -0.2185 0.1547 0.4017 0.8758
8021.0000 276.5280 10645.5593 -3128.2658 -0.2190 0.1555 0.4005 0.8760
8022.0000 278.1719 10647.2334 -3129.3913 -0.2182 0.1556 0.3997 0.8766
8023.0000 279.8216 10648.9208 -3130.4953 -0.2175 0.1542 0.3992 0.8772
8024.0000 281.4354 10650.5601 -3131.6135 -0.2180 0.1530 0.3985 0.8776
8025.0000 283.0693 10652.1912 -3132.7741 -0.2190 0.1537 0.3974 0.8778
8026.0000 284.7244 10653.8351 -3133.9094 -0.2194 0.1557 0.3962 0.8779
8027.0000 286.3847 10655.4934 -3135.0073 -0.2189 0.1559 0.3954 0.8783
8028.0000 288.0329 10657.1547 -3136.1237 -0.2183 0.1538 0.3949 0.8791
8029.0000 289.6533 10658.7754 -3137.2526 -0.2185 0.1522 0.3941 0.8796
8030.0000 291.3078 10660.3868 -3138.4000 -0.2197 0.1531 0.3932 0.8796
8031.0000 292.9988 10662.0132 -3139.5243 -0.2202 0.1549 0.3924 0.8795
8032.0000 294.6704 10663.6449 -3140.6079 -0.2193 0.1553 0.3914 0.8801
8033.0000 296.3243 10665.2855 -3141.7029 -0.2186 0.1539 0.3903 0.8810
8034.0000 297.9993 10666.9116 -3142.8425 -0.2189 0.1517 0.3895 0.8817
8035.0000 299.6691 10668.5016 -3143.9820 -0.2198 0.1514 0.3884 0.8820
8036.0000 301.3329 10670.0818 -3145.0828 -0.2200 0.1524 0.3872 0.8823
8037.0000 303.0134 10671.6853 -3146.1488 -0.2191 0.1534 0.3862 0.8828
8038.0000 304.7264 10673.3160 -3147.2291 -0.2187 0.1533 0.3852 0.8833
8039.0000 306.4321 10674.9348 -3148.3627 -0.2193 0.1528 0.3841 0.8838
8040.0000 308.1128 10676.5236 -3149.5153 -0.2199 0.1524 0.3829 0.8842
8041.0000 309.7845 10678.0901 -3150.6100 -0.2201 0.1521 0.3819 0.8846
8042.0000 311.4875 10679.6629 -3151.6702 -0.2201 0.1515 0.3813 0.8850
8043.0000 313.2146 10681.2512 -3152.7545 -0.2201 0.1506 0.3808 0.8854
8044.0000 314.9218 10682.8354 -3153.8722 -0.2203 0.1510 0.3795 0.8858
8045.0000 316.6351 10684.4149 -3154.9909 -0.2205 0.1521 0.3780 0.8862
8046.0000 318.3398 10685.9906 -3156.0748 -0.2204 0.1526 0.3771 0.8865
8047.0000 320.0575 10687.5600 -3157.1415 -0.2205 0.1511 0.3768 0.8869
8048.0000 321.7795 10689.1101 -3158.2254 -0.2217 0.1489 0.3768 0.8870
8049.0000 323.5101 10690.6545 -3159.3464 -0.2224 0.1485 0.3762 0.8871
8050.0000 325.2403 10692.2081 -3160.4389 -0.2217 0.1498 0.3748 0.8877
8051.0000 326.9538 10693.7782 -3161.4971 -0.2199 0.1512 0.3732 0.8885
8052.0000 328.6846 10695.3414 -3162.5522 -0.2189 0.1513 0.3722 0.8892
8053.0000 330.4465 10696.8883 -3163.6419 -0.2195 0.1505 0.3717 0.8894
8054.0000 332.1938 10698.4060 -3164.7545 -0.2210 0.1502 0.3706 0.8895
8055.0000 333.9408 10699.9316 -3165.8586 -0.2216 0.1509 0.3692 0.8898
8056.0000 335.6876 10701.4884 -3166.9247 -0.2212 0.1509 0.3680 0.8904
8057.0000 337.4291 10703.0327 -3167.9819 -0.2212 0.1495 0.3673 0.8910
8058.0000 339.1723 10704.5588 -3169.0659 -0.2223 0.1477 0.3668 0.8912
8059.0000 340.9320 10706.0609 -3170.1616 -0.2239 0.1474 0.3661 0.8912
8060.0000 342.7170 10707.5819 -3171.2505 -0.2241 0.1482 0.3651 0.8914
8061.0000 344.4812 10709.1226 -3172.2930 -0.2232 0.1482 0.3641 0.8920
8062.0000 346.2455 10710.6467 -3173.3360 -0.2230 0.1469 0.3636 0.8925
8063.0000 348.0189 10712.1355 -3174.4213 -0.2235 0.1458 0.3629 0.8928
8064.0000 349.8090 10713.6280 -3175.5086 -0.2244 0.1471 0.3616 0.8929
8065.0000 351.5833 10715.1536 -3176.5656 -0.2242 0.1491 0.3599 0.8933
8066.0000 353.3498 10716.6610 -3177.6104 -0.2233 0.1489 0.3585 0.8941
8067.0000 355.1500 10718.1459 -3178.6674 -0.2227 0.1468 0.3581 0.8948
8068.0000 356.9392 10719.6094 -3179.7395 -0.2234 0.1452 0.3576 0.8951
8069.0000 358.7354 10721.0834 -3180.8257 -0.2243 0.1459 0.3564 0.8952
8070.0000 360.5442 10722.5757 -3181.8819 -0.2239 0.1472 0.3549 0.8957
8071.0000 362.3477 10724.0737 -3182.8920 -0.2230 0.1471 0.3536 0.8964
8072.0000 364.1334 10725.5367 -3183.9204 -0.2232 0.1458 0.3529 0.8969
8073.0000 365.9495 10726.9951 -3185.0048 -0.2245 0.1447 0.3522 0.8970
8074.0000 367.7746 10728.4506 -3186.0796 -0.2251 0.1452 0.3508 0.8973
8075.0000 369.5901 10729.9206 -3187.1206 -0.2242 0.1463 0.3493 0.8980
8076.0000 371.4254 10731.4005 -3188.1412 -0.2231 0.1461 0.3481 0.8987
8077.0000 373.2572 10732.8579 -3189.1728 -0.2224 0.1449 0.3475 0.8993
8078.0000 375.0758 10734.2751 -3190.2270 -0.2228 0.1443 0.3470 0.8995
8079.0000 376.8867 10735.6873 -3191.2707 -0.2233 0.1452 0.3457 0.8997
8080.0000 378.7257 10737.1401 -3192.2951 -0.2225 0.1462 0.3444 0.9003
8081.0000 380.5680 10738.5937 -3193.3147 -0.2215 0.1457 0.3435 0.9010
8082.0000 382.4127 10740.0393 -3194.3510 -0.2218 0.1440 0.3432 0.9013
8083.0000 384.2534 10741.4482 -3195.3976 -0.2226 0.1432 0.3427 0.9014
8084.0000 386.1072 10742.8627 -3196.4351 -0.2230 0.1441 0.3419 0.9015
8085.0000 387.9678 10744.2959 -3197.4501 -0.2226 0.1455 0.3410 0.9017
8086.0000 389.8145 10745.7311 -3198.4630 -0.2224 0.1454 0.3403 0.9020
8087.0000 391.6638 10747.1525 -3199.4866 -0.2225 0.1436 0.3399 0.9024
8088.0000 393.5212 10748.5529 -3200.5213 -0.2231 0.1425 0.3394 0.9026
8089.0000 395.3802 10749.9579 -3201.5547 -0.2238 0.1432 0.3383 0.9028
8090.0000 397.2505 10751.3829 -3202.5725 -0.2242 0.1441 0.3371 0.9030
8091.0000 399.1112 10752.7893 -3203.5771 -0.2240 0.1436 0.3361 0.9035
8092.0000 400.9717 10754.1799 -3204.5953 -0.2235 0.1424 0.3355 0.9040
8093.0000 402.8424 10755.5742 -3205.6114 -0.2234 0.1423 0.3348 0.9043
8094.0000 404.7055 10756.9713 -3206.6250 -0.2239 0.1428 0.3338 0.9045
8095.0000 406.5834 10758.3647 -3207.6495 -0.2242 0.1428 0.3330 0.9047
8096.0000 408.4694 10759.7423 -3208.6526 -0.2241 0.1418 0.3326 0.9050
8097.0000 410.3420 10761.1186 -3209.6472 -0.2242 0.1412 0.3321 0.9053
8098.0000 412.2232 10762.5151 -3210.6555 -0.2240 0.1416 0.3312 0.9056
8099.0000 414.1171 10763.9126 -3211.6725 -0.2232 0.1424 0.3302 0.9060
8100.0000 416.0002 10765.2869 -3212.6735 -0.2225 0.1421 0.3294 0.9065
8101.0000 417.8749 10766.6463 -3213.6621 -0.2230 0.1410 0.3290 0.9067
8102.0000 419.7511 10768.0050 -3214.6625 -0.2242 0.1401 0.3285 0.9068
8103.0000 421.6443 10769.3676 -3215.6709 -0.2251 0.1402 0.3275 0.9069
8104.0000 423.5631 10770.7323 -3216.6742 -0.2251 0.1410 0.3263 0.9072
8105.0000 425.4652 10772.1168 -3217.6542 -0.2242 0.1410 0.3253 0.9078
8106.0000 427.3664 10773.4851 -3218.6331 -0.2240 0.1396 0.3247 0.9082
8107.0000 429.2540 10774.8346 -3219.6293 -0.2257 0.1381 0.3243 0.9082
8108.0000 431.1549 10776.1655 -3220.6423 -0.2276 0.1377 0.3232 0.9082
8109.0000 433.0765 10777.5236 -3221.6364 -0.2287 0.1382 0.3218 0.9083
8110.0000 434.9981 10778.8744 -3222.5932 -0.2284 0.1380 0.3207 0.9088
8111.0000 436.9159 10780.2101 -3223.5539 -0.2279 0.1369 0.3200 0.9094
8112.0000 438.8359 10781.5404 -3224.5464 -0.2283 0.1363 0.3194 0.9096
8113.0000 440.7607 10782.8721 -3225.5506 -0.2294 0.1373 0.3182 0.9095
8114.0000 442.6838 10784.1901 -3226.5306 -0.2296 0.1379 0.3168 0.9099
8115.0000 444.5995 10785.5191 -3227.4870 -0.2286 0.1369 0.3157 0.9107
8116.0000 446.5375 10786.8562 -3228.4473 -0.2285 0.1348 0.3150 0.9113
8117.0000 448.4651 10788.1551 -3229.4191 -0.2301 0.1341 0.3138 0.9114
8118.0000 450.4162 10789.4534 -3230.4083 -0.2320 0.1352 0.3121 0.9113
8119.0000 452.3747 10790.7576 -3231.3897 -0.2325 0.1360 0.3103 0.9117
8120.0000 454.3262 10792.0623 -3232.3414 -0.2324 0.1345 0.3087 0.9125
8121.0000 456.2772 10793.3479 -3233.2806 -0.2328 0.1321 0.3072 0.9132
8122.0000 458.2378 10794.6258 -3234.2429 -0.2333 0.1308 0.3056 0.9138
8123.0000 460.1959 10795.8902 -3235.2081 -0.2340 0.1320 0.3035 0.9142
8124.0000 462.1580 10797.1498 -3236.1424 -0.2340 0.1334 0.3013 0.9147
8125.0000 464.1374 10798.4269 -3237.0652 -0.2342 0.1322 0.2999 0.9153
8126.0000 466.1200 10799.6832 -3238.0062 -0.2357 0.1295 0.2987 0.9157
8127.0000 468.1078 10800.9151 -3238.9652 -0.2376 0.1281 0.2973 0.9158
8128.0000 470.1103 10802.1538 -3239.9301 -0.2387 0.1286 0.2955 0.9160
8129.0000 472.1203 10803.3953 -3240.8484 -0.2383 0.1291 0.2936 0.9167
8130.0000 474.1211 10804.6348 -3241.7422 -0.2375 0.1286 0.2921 0.9175
8131.0000 476.1244 10805.8520 -3242.6545 -0.2382 0.1278 0.2912 0.9177
8132.0000 478.1303 10807.0478 -3243.6004 -0.2397 0.1277 0.2901 0.9177
8133.0000 480.1348 10808.2528 -3244.5290 -0.2398 0.1279 0.2886 0.9181
8134.0000 482.1581 10809.4781 -3245.4336 -0.2393 0.1270 0.2872 0.9187
8135.0000 484.1901 10810.6820 -3246.3505 -0.2387 0.1259 0.2861 0.9194
8136.0000 486.2267 10811.8699 -3247.2623 -0.2378 0.1258 0.2851 0.9200
8137.0000 488.2528 10813.0629 -3248.1663 -0.2372 0.1270 0.2845 0.9202
8138.0000 490.2782 10814.2416 -3249.0547 -0.2378 0.1275 0.2842 0.9200
8139.0000 492.2977 10815.4187 -3249.9624 -0.2393 0.1268 0.2840 0.9198
8140.0000 494.3382 10816.5918 -3250.8912 -0.2408 0.1263 0.2837 0.9195
8141.0000 496.3689 10817.7693 -3251.8233 -0.2405 0.1272 0.2836 0.9196
8142.0000 498.3890 10818.9435 -3252.7043 -0.2380 0.1282 0.2834 0.9201
8143.0000 500.4279 10820.1428 -3253.5705 -0.2364 0.1278 0.2839 0.9204
8144.0000 502.4718 10821.3244 -3254.4609 -0.2385 0.1260 0.2848 0.9199
8145.0000 504.4925 10822.4942 -3255.4103 -0.2426 0.1240 0.2857 0.9188
8146.0000 506.5134 10823.6799 -3256.3449 -0.2445 0.1226 0.2864 0.9182
8147.0000 508.5289 10824.8640 -3257.2343 -0.2429 0.1235 0.2864 0.9185
8148.0000 510.5649 10826.0703 -3258.0907 -0.2407 0.1258 0.2862 0.9189
8149.0000 512.5838 10827.2691 -3258.9685 -0.2403 0.1270 0.2860 0.9189
8150.0000 514.5992 10828.4477 -3259.9040 -0.2423 0.1260 0.2863 0.9184
8151.0000 516.6033 10829.6226 -3260.8431 -0.2448 0.1244 0.2868 0.9178
8152.0000 518.6246 10830.8043 -3261.7561 -0.2455 0.1235 0.2872 0.9176
8153.0000 520.6537 10831.9970 -3262.6351 -0.2442 0.1244 0.2872 0.9178
8154.0000 522.6642 10833.1861 -3263.4998 -0.2433 0.1265 0.2868 0.9179
8155.0000 524.6741 10834.3806 -3264.3986 -0.2449 0.1270 0.2869 0.9174
8156.0000 526.6857 10835.5541 -3265.3226 -0.2476 0.1250 0.2875 0.9167
8157.0000 528.6774 10836.7295 -3266.2514 -0.2490 0.1233 0.2881 0.9164
8158.0000 530.6708 10837.9155 -3267.1579 -0.2485 0.1250 0.2880 0.9163
8159.0000 532.6648 10839.1039 -3268.0329 -0.2469 0.1276 0.2877 0.9165
8160.0000 534.6311 10840.2820 -3268.9018 -0.2461 0.1273 0.2882 0.9166
8161.0000 536.6032 10841.4422 -3269.7840 -0.2463 0.1240 0.2895 0.9166
8162.0000 538.5775 10842.5920 -3270.6992 -0.2460 0.1226 0.2901 0.9167
8163.0000 540.5421 10843.7540 -3271.5982 -0.2460 0.1254 0.2898 0.9164
8164.0000 542.4869 10844.9292 -3272.4743 -0.2466 0.1287 0.2894 0.9159
8165.0000 544.4465 10846.1134 -3273.3391 -0.2480 0.1281 0.2900 0.9154
8166.0000 546.3958 10847.2794 -3274.2290 -0.2492 0.1247 0.2912 0.9152
8167.0000 548.3172 10848.4316 -3275.1449 -0.2490 0.1232 0.2921 0.9152
8168.0000 550.2224 10849.5907 -3276.0283 -0.2486 0.1254 0.2923 0.9149
8169.0000 552.1514 10850.7542 -3276.8760 -0.2496 0.1283 0.2922 0.9143
8170.0000 554.0670 10851.9010 -3277.7411 -0.2514 0.1282 0.2925 0.9137
8171.0000 555.9789 10853.0598 -3278.6343 -0.2528 0.1252 0.2936 0.9134
8172.0000 557.8804 10854.2072 -3279.5259 -0.2523 0.1235 0.2945 0.9134
8173.0000 559.7440 10855.3569 -3280.3843 -0.2517 0.1255 0.2946 0.9133
8174.0000 561.6080 10856.5113 -3281.2199 -0.2525 0.1281 0.2945 0.9128
8175.0000 563.4843 10857.6536 -3282.0789 -0.2541 0.1278 0.2950 0.9122
8176.0000 565.3386 10858.7848 -3282.9612 -0.2549 0.1251 0.2956 0.9121
8177.0000 567.1937 10859.9031 -3283.8358 -0.2550 0.1239 0.2961 0.9121
8178.0000 569.0254 10861.0307 -3284.6929 -0.2550 0.1254 0.2961 0.9119
8179.0000 570.8269 10862.1650 -3285.5244 -0.2551 0.1273 0.2961 0.9116
8180.0000 572.6316 10863.2933 -3286.3650 -0.2560 0.1271 0.2967 0.9112
8181.0000 574.4468 10864.4011 -3287.2154 -0.2573 0.1250 0.2975 0.9109
8182.0000 576.2577 10865.4919 -3288.0690 -0.2575 0.1231 0.2983 0.9108
8183.0000 578.0616 10866.6099 -3288.9054 -0.2573 0.1236 0.2986 0.9107
8184.0000 579.8330 10867.7186 -3289.7221 -0.2575 0.1265 0.2979 0.9105
8185.0000 581.5791 10868.8143 -3290.5383 -0.2577 0.1275 0.2977 0.9103
8186.0000 583.3424 10869.9020 -3291.3572 -0.2585 0.1253 0.2983 0.9102
8187.0000 585.1081 10870.9846 -3292.1896 -0.2593 0.1229 0.2991 0.9101
8188.0000 586.8554 10872.0555 -3293.0123 -0.2597 0.1230 0.2991 0.9099
8189.0000 588.5825 10873.1221 -3293.8110 -0.2594 0.1252 0.2986 0.9099
8190.0000 590.2841 10874.1945 -3294.6040 -0.2585 0.1276 0.2981 0.9100
8191.0000 592.0064 10875.2764 -3295.4059 -0.2584 0.1281 0.2982 0.9099
8192.0000 593.7099 10876.3339 -3296.2300 -0.2588 0.1269 0.2988 0.9097
8193.0000 595.3972 10877.3688 -3297.0422 -0.2601 0.1249 0.3000 0.9093
8194.0000 597.0703 10878.4111 -3297.8313 -0.2611 0.1240 0.3012 0.9087
8195.0000 598.7360 10879.4645 -3298.6189 -0.2611 0.1256 0.3014 0.9084
8196.0000 600.3912 10880.4956 -3299.3965 -0.2598 0.1280 0.3011 0.9085
8197.0000 602.0407 10881.5363 -3300.1752 -0.2587 0.1285 0.3013 0.9087
8198.0000 603.6845 10882.5775 -3300.9608 -0.2593 0.1272 0.3022 0.9085
8199.0000 605.3020 10883.5911 -3301.7546 -0.2609 0.1257 0.3034 0.9078
8200.0000 606.8941 10884.5980 -3302.5364 -0.2626 0.1255 0.3039 0.9072
8201.0000 608.4885 10885.6050 -3303.3072 -0.2636 0.1272 0.3038 0.9067
8202.0000 610.0814 10886.6203 -3304.0560 -0.2635 0.1282 0.3039 0.9065
8203.0000 611.6608 10887.6409 -3304.8184 -0.2628 0.1275 0.3048 0.9065
8204.0000 613.2059 10888.6443 -3305.5826 -0.2626 0.1257 0.3062 0.9063
8205.0000 614.7355 10889.6179 -3306.3374 -0.2630 0.1249 0.3075 0.9059
8206.0000 616.2733 10890.5995 -3307.0796 -0.2638 0.1260 0.3080 0.9054
8207.0000 617.8253 10891.6032 -3307.8294 -0.2639 0.1282 0.3083 0.9049
8208.0000 619.3387 10892.6089 -3308.5732 -0.2635 0.1291 0.3089 0.9047
8209.0000 620.8137 10893.5884 -3309.2983 -0.2638 0.1285 0.3100 0.9043
8210.0000 622.2606 10894.5329 -3310.0318 -0.2648 0.1272 0.3114 0.9037
8211.0000 623.7144 10895.4709 -3310.7628 -0.2658 0.1265 0.3125 0.9031
8212.0000 625.1899 10896.4413 -3311.4976 -0.2661 0.1266 0.3133 0.9028
8213.0000 626.6327 10897.4173 -3312.2040 -0.2655 0.1275 0.3138 0.9026
8214.0000 628.0241 10898.3725 -3312.9102 -0.2650 0.1288 0.3145 0.9024
8215.0000 629.4271 10899.3116 -3313.6266 -0.2653 0.1292 0.3153 0.9020
8216.0000 630.8714 10900.2617 -3314.3591 -0.2661 0.1287 0.3163 0.9014
8217.0000 632.2729 10901.2055 -3315.0750 -0.2670 0.1280 0.3173 0.9009
8218.0000 633.6425 10902.1312 -3315.7811 -0.2670 0.1273 0.3183 0.9007
8219.0000 634.9925 10903.0628 -3316.4644 -0.2665 0.1274 0.3190 0.9005
8220.0000 636.3450 10904.0016 -3317.1589 -0.2662 0.1286 0.3194 0.9003
8221.0000 637.7160 10904.9297 -3317.8525 -0.2667 0.1297 0.3198 0.8999
8222.0000 639.0810 10905.8610 -3318.5622 -0.2673 0.1294 0.3200 0.8997
8223.0000 640.4152 10906.7786 -3319.2620 -0.2675 0.1280 0.3210 0.8995
8224.0000 641.7388 10907.6805 -3319.9339 -0.2675 0.1272 0.3217 0.8993
8225.0000 643.0492 10908.5770 -3320.6091 -0.2676 0.1275 0.3219 0.8992
8226.0000 644.3516 10909.4890 -3321.2842 -0.2678 0.1283 0.3217 0.8991
8227.0000 645.6547 10910.3962 -3321.9572 -0.2684 0.1280 0.3215 0.8990
8228.0000 646.9713 10911.3008 -3322.6490 -0.2690 0.1273 0.3217 0.8988
8229.0000 648.2551 10912.1750 -3323.3112 -0.2694 0.1270 0.3218 0.8987
8230.0000 649.5328 10913.0393 -3323.9550 -0.2697 0.1270 0.3216 0.8987
8231.0000 650.8314 10913.9281 -3324.6364 -0.2691 0.1279 0.3209 0.8990
8232.0000 652.1081 10914.8134 -3325.2892 -0.2683 0.1288 0.3200 0.8994
8233.0000 653.3397 10915.6643 -3325.9192 -0.2674 0.1296 0.3193 0.8999
8234.0000 654.5815 10916.4929 -3326.5515 -0.2663 0.1304 0.3182 0.9005
8235.0000 655.8303 10917.3235 -3327.1961 -0.2648 0.1319 0.3163 0.9013
8236.0000 657.0784 10918.1642 -3327.8319 -0.2626 0.1335 0.3144 0.9024
8237.0000 658.3124 10919.0022 -3328.4552 -0.2600 0.1340 0.3127 0.9037
8238.0000 659.5256 10919.7888 -3329.0704 -0.2588 0.1335 0.3110 0.9047
8239.0000 660.7487 10920.5427 -3329.6834 -0.2585 0.1332 0.3085 0.9057
8240.0000 662.0005 10921.3103 -3330.2948 -0.2564 0.1330 0.3054 0.9073
8241.0000 663.2105 10922.0954 -3330.8824 -0.2528 0.1326 0.3018 0.9096
8242.0000 664.4408 10922.8744 -3331.4582 -0.2495 0.1329 0.2980 0.9117
8243.0000 665.6440 10923.6136 -3332.0361 -0.2481 0.1338 0.2938 0.9134
8244.0000 666.8239 10924.3047 -3332.6017 -0.2485 0.1346 0.2892 0.9146
8245.0000 668.0237 10924.9777 -3333.1465 -0.2493 0.1342 0.2847 0.9159
8246.0000 669.2314 10925.6511 -3333.6936 -0.2493 0.1324 0.2796 0.9177
8247.0000 670.4528 10926.3371 -3334.2542 -0.2479 0.1309 0.2736 0.9201
8248.0000 671.6862 10927.0171 -3334.7883 -0.2450 0.1304 0.2669 0.9229
8249.0000 672.8666 10927.6316 -3335.2837 -0.2424 0.1312 0.2600 0.9254
8250.0000 674.0640 10928.2134 -3335.7708 -0.2412 0.1322 0.2530 0.9276
8251.0000 675.2790 10928.7855 -3336.2762 -0.2405 0.1320 0.2453 0.9298
8252.0000 676.5009 10929.3487 -3336.7723 -0.2401 0.1298 0.2374 0.9323
8253.0000 677.6732 10929.8871 -3337.2441 -0.2406 0.1271 0.2298 0.9344
8254.0000 678.8878 10930.3925 -3337.7054 -0.2396 0.1250 0.2218 0.9369
8255.0000 680.1202 10930.8653 -3338.1105 -0.2388 0.1231 0.2135 0.9393
8256.0000 681.3273 10931.3386 -3338.5343 -0.2386 0.1205 0.2045 0.9417
8257.0000 682.5338 10931.8023 -3338.9610 -0.2401 0.1156 0.1955 0.9438
8258.0000 683.7016 10932.2246 -3339.3695 -0.2434 0.1090 0.1861 0.9456
8259.0000 684.9420 10932.6030 -3339.7662 -0.2469 0.1029 0.1764 0.9473
8260.0000 686.2127 10932.9844 -3340.1515 -0.2485 0.0988 0.1659 0.9492
8261.0000 687.4904 10933.3596 -3340.4932 -0.2480 0.0959 0.1548 0.9515
8262.0000 688.7553 10933.7079 -3340.8032 -0.2470 0.0933 0.1437 0.9537
8263.0000 690.0271 10934.0077 -3341.1137 -0.2463 0.0907 0.1327 0.9558
8264.0000 691.3304 10934.2772 -3341.4351 -0.2469 0.0869 0.1212 0.9575
8265.0000 692.6771 10934.5314 -3341.7316 -0.2478 0.0816 0.1103 0.9591
8266.0000 694.0142 10934.7710 -3341.9991 -0.2494 0.0764 0.0995 0.9602
8267.0000 695.3236 10934.9646 -3342.2466 -0.2514 0.0728 0.0884 0.9611
8268.0000 696.6418 10935.1301 -3342.4812 -0.2524 0.0704 0.0770 0.9620
8269.0000 697.9961 10935.2747 -3342.6983 -0.2528 0.0675 0.0655 0.9629
8270.0000 699.3529 10935.4130 -3342.8928 -0.2530 0.0633 0.0542 0.9639
8271.0000 700.7117 10935.5366 -3343.0837 -0.2538 0.0585 0.0430 0.9645
8272.0000 702.0625 10935.6069 -3343.2485 -0.2549 0.0542 0.0318 0.9649
8273.0000 703.4269 10935.6474 -3343.4097 -0.2555 0.0511 0.0203 0.9652
8274.0000 704.7930 10935.6459 -3343.5435 -0.2559 0.0481 0.0091 0.9655
8275.0000 706.1497 10935.6253 -3343.6455 -0.2562 0.0451 -0.0022 0.9656
8276.0000 707.5026 10935.5968 -3343.7467 -0.2569 0.0424 -0.0138 0.9654
8277.0000 708.8851 10935.5047 -3343.8228 -0.2575 0.0396 -0.0245 0.9651
8278.0000 710.2700 10935.4123 -3343.8854 -0.2578 0.0366 -0.0344 0.9649
8279.0000 711.6585 10935.3137 -3343.9502 -0.2579 0.0333 -0.0433 0.9646
8280.0000 712.9973 10935.1968 -3344.0017 -0.2582 0.0301 -0.0509 0.9643
8281.0000 714.3406 10935.0400 -3344.0287 -0.2589 0.0275 -0.0570 0.9638
8282.0000 715.6862 10934.8707 -3344.0407 -0.2596 0.0251 -0.0626 0.9633
8283.0000 717.0617 10934.6874 -3344.0459 -0.2604 0.0231 -0.0671 0.9629
8284.0000 718.4339 10934.4982 -3344.0502 -0.2607 0.0217 -0.0697 0.9627
8285.0000 719.8228 10934.3161 -3344.0472 -0.2609 0.0206 -0.0708 0.9625
8286.0000 721.1504 10934.1239 -3344.0313 -0.2612 0.0199 -0.0708 0.9625
8287.0000 722.5021 10933.9534 -3344.0312 -0.2616 0.0194 -0.0700 0.9624
8288.0000 723.8549 10933.7743 -3344.0282 -0.2621 0.0191 -0.0683 0.9624
8289.0000 725.2184 10933.5817 -3344.0124 -0.2630 0.0192 -0.0654 0.9624
8290.0000 726.5781 10933.4053 -3344.0055 -0.2636 0.0193 -0.0614 0.9625
8291.0000 727.9425 10933.2736 -3344.0164 -0.2643 0.0197 -0.0564 0.9626
8292.0000 729.2795 10933.1420 -3344.0265 -0.2651 0.0204 -0.0505 0.9627
8293.0000 730.6324 10933.0254 -3344.0544 -0.2661 0.0216 -0.0442 0.9627
8294.0000 731.9752 10932.9137 -3344.0799 -0.2677 0.0228 -0.0383 0.9625
8295.0000 733.3172 10932.7832 -3344.0766 -0.2695 0.0236 -0.0320 0.9622
8296.0000 734.6892 10932.7080 -3344.1093 -0.2707 0.0241 -0.0255 0.9620
8297.0000 736.0514 10932.6739 -3344.1704 -0.2711 0.0245 -0.0189 0.9621
8298.0000 737.4059 10932.6449 -3344.2394 -0.2711 0.0251 -0.0118 0.9622
8299.0000 738.7427 10932.6020 -3344.2847 -0.2710 0.0258 -0.0043 0.9622
8300.0000 740.0840 10932.5779 -3344.3169 -0.2711 0.0269 0.0036 0.9622
8301.0000 741.4366 10932.5862 -3344.3829 -0.2710 0.0283 0.0116 0.9621
8302.0000 742.7994 10932.6328 -3344.4836 -0.2706 0.0299 0.0203 0.9620
8303.0000 744.1798 10932.7028 -3344.5938 -0.2700 0.0315 0.0291 0.9619
8304.0000 745.5363 10932.7744 -3344.6961 -0.2697 0.0337 0.0375 0.9616
8305.0000 746.8730 10932.8623 -3344.8096 -0.2692 0.0367 0.0459 0.9613
8306.0000 748.1995 10932.9685 -3344.9228 -0.2690 0.0393 0.0547 0.9608
8307.0000 749.5655 10933.0919 -3345.0352 -0.2690 0.0413 0.0641 0.9601
8308.0000 750.9091 10933.2568 -3345.1971 -0.2689 0.0428 0.0731 0.9594
8309.0000 752.2415 10933.4524 -3345.3866 -0.2687 0.0447 0.0811 0.9588
8310.0000 753.5787 10933.6558 -3345.5777 -0.2682 0.0472 0.0894 0.9580
8311.0000 754.9336 10933.8764 -3345.7595 -0.2675 0.0497 0.0983 0.9572
8312.0000 756.2899 10934.1248 -3345.9543 -0.2670 0.0519 0.1074 0.9563
8313.0000 757.5857 10934.3756 -3346.1508 -0.2667 0.0540 0.1162 0.9552
8314.0000 758.8795 10934.6431 -3346.3668 -0.2665 0.0560 0.1251 0.9540
8315.0000 760.2131 10934.9631 -3346.6209 -0.2658 0.0579 0.1336 0.9530
8316.0000 761.5471 10935.3153 -3346.8908 -0.2649 0.0598 0.1421 0.9519
8317.0000 762.8419 10935.6563 -3347.1308 -0.2644 0.0622 0.1509 0.9505
8318.0000 764.1268 10936.0104 -3347.3915 -0.2641 0.0645 0.1597 0.9490
8319.0000 765.4200 10936.4026 -3347.6791 -0.2637 0.0664 0.1684 0.9475
8320.0000 766.7029 10936.8242 -3347.9914 -0.2631 0.0683 0.1767 0.9460
8321.0000 767.9885 10937.2705 -3348.3102 -0.2623 0.0709 0.1847 0.9445
8322.0000 769.2683 10937.7075 -3348.6134 -0.2612 0.0740 0.1929 0.9429
8323.0000 770.5022 10938.1710 -3348.9254 -0.2598 0.0768 0.2013 0.9413
8324.0000 771.7018 10938.6666 -3349.2747 -0.2587 0.0786 0.2098 0.9396
8325.0000 772.9460 10939.1750 -3349.6273 -0.2586 0.0799 0.2182 0.9376
8326.0000 774.1834 10939.6832 -3349.9935 -0.2583 0.0814 0.2267 0.9356
8327.0000 775.4250 10940.2384 -3350.3641 -0.2570 0.0828 0.2351 0.9337
8328.0000 776.6149 10940.8135 -3350.7318 -0.2553 0.0845 0.2433 0.9319
8329.0000 777.7833 10941.4021 -3351.1047 -0.2536 0.0868 0.2514 0.9300
8330.0000 778.9353 10941.9817 -3351.4928 -0.2523 0.0893 0.2595 0.9279
8331.0000 780.0861 10942.5951 -3351.9062 -0.2509 0.0916 0.2677 0.9258
8332.0000 781.2263 10943.2266 -3352.3175 -0.2490 0.0929 0.2759 0.9237
8333.0000 782.3615 10943.8841 -3352.7304 -0.2470 0.0941 0.2839 0.9217
8334.0000 783.4980 10944.5634 -3353.1529 -0.2454 0.0958 0.2919 0.9195
8335.0000 784.5920 10945.2356 -3353.5901 -0.2438 0.0986 0.2999 0.9170
8336.0000 785.6633 10945.9240 -3354.0267 -0.2416 0.1014 0.3079 0.9146
8337.0000 786.7247 10946.6361 -3354.4644 -0.2391 0.1038 0.3158 0.9123
8338.0000 787.7765 10947.3652 -3354.9141 -0.2367 0.1054 0.3233 0.9101
8339.0000 788.8245 10948.1104 -3355.3817 -0.2343 0.1076 0.3309 0.9078
8340.0000 789.8420 10948.8557 -3355.8435 -0.2318 0.1106 0.3387 0.9052
8341.0000 790.8261 10949.6232 -3356.3102 -0.2290 0.1134 0.3463 0.9027
8342.0000 791.8081 10950.4150 -3356.7905 -0.2266 0.1157 0.3537 0.9001
8343.0000 792.7820 10951.2146 -3357.2849 -0.2246 0.1181 0.3609 0.8974
8344.0000 793.7303 10952.0154 -3357.7787 -0.2225 0.1208 0.3679 0.8947
8345.0000 794.6542 10952.8259 -3358.2731 -0.2200 0.1239 0.3748 0.8920
8346.0000 795.5686 10953.6649 -3358.7770 -0.2173 0.1268 0.3815 0.8895
8347.0000 796.4631 10954.5044 -3359.2787 -0.2145 0.1293 0.3878 0.8870
8348.0000 797.3326 10955.3531 -3359.7801 -0.2128 0.1312 0.3941 0.8844
8349.0000 798.1897 10956.2034 -3360.3140 -0.2119 0.1335 0.3998 0.8817
8350.0000 799.0577 10957.0672 -3360.8505 -0.2107 0.1356 0.4049 0.8794
8351.0000 799.9051 10957.9574 -3361.3733 -0.2094 0.1367 0.4097 0.8773
8352.0000 800.7163 10958.8424 -3361.8988 -0.2087 0.1377 0.4139 0.8753
8353.0000 801.4918 10959.7193 -3362.4386 -0.2083 0.1393 0.4171 0.8736
8354.0000 802.2880 10960.6003 -3362.9688 -0.2086 0.1409 0.4202 0.8718
8355.0000 803.0967 10961.4987 -3363.5178 -0.2095 0.1422 0.4226 0.8702
8356.0000 803.8999 10962.4024 -3364.0760 -0.2108 0.1429 0.4241 0.8691
8357.0000 804.6571 10963.2831 -3364.6227 -0.2121 0.1433 0.4247 0.8684
8358.0000 805.4271 10964.1629 -3365.1689 -0.2126 0.1432 0.4252 0.8681
8359.0000 806.2193 10965.0539 -3365.7175 -0.2124 0.1424 0.4254 0.8681
8360.0000 806.9969 10965.9509 -3366.2689 -0.2122 0.1419 0.4256 0.8682
8361.0000 807.7348 10966.8406 -3366.8196 -0.2120 0.1424 0.4255 0.8682
8362.0000 808.5051 10967.7078 -3367.3476 -0.2130 0.1437 0.4254 0.8678
8363.0000 809.2779 10968.5705 -3367.8777 -0.2134 0.1448 0.4252 0.8676
8364.0000 810.0592 10969.4607 -3368.4212 -0.2132 0.1437 0.4252 0.8678
8365.0000 810.8259 10970.3453 -3368.9759 -0.2130 0.1419 0.4255 0.8680
8366.0000 811.5711 10971.2028 -3369.5065 -0.2132 0.1416 0.4256 0.8679
8367.0000 812.3360 10972.0677 -3370.0424 -0.2127 0.1427 0.4253 0.8680
8368.0000 813.0938 10972.9523 -3370.5754 -0.2116 0.1438 0.4250 0.8683
8369.0000 813.8513 10973.8286 -3371.0979 -0.2109 0.1441 0.4248 0.8685
8370.0000 814.6032 10974.6907 -3371.6316 -0.2110 0.1438 0.4248 0.8685
8371.0000 815.3506 10975.5126 -3372.1496 -0.2120 0.1430 0.4250 0.8683
8372.0000 816.1020 10976.3740 -3372.6856 -0.2126 0.1427 0.4250 0.8682
8373.0000 816.8645 10977.2449 -3373.2190 -0.2129 0.1431 0.4247 0.8682
8374.0000 817.6185 10978.1135 -3373.7470 -0.2125 0.1437 0.4245 0.8683
8375.0000 818.3587 10978.9570 -3374.2606 -0.2128 0.1436 0.4245 0.8683
8376.0000 819.0806 10979.7918 -3374.7881 -0.2131 0.1436 0.4244 0.8683
8377.0000 819.8066 10980.6282 -3375.3115 -0.2133 0.1439 0.4243 0.8682
8378.0000 820.5523 10981.4618 -3375.8163 -0.2132 0.1440 0.4243 0.8682
8379.0000 821.2626 10982.2664 -3376.3059 -0.2129 0.1443 0.4240 0.8684
8380.0000 821.9693 10983.0773 -3376.7959 -0.2128 0.1444 0.4239 0.8684
8381.0000 822.6688 10983.8996 -3377.3072 -0.2130 0.1444 0.4238 0.8684
8382.0000 823.3897 10984.7103 -3377.8162 -0.2135 0.1441 0.4238 0.8684
8383.0000 824.0997 10985.5002 -3378.3104 -0.2140 0.1436 0.4238 0.8683
8384.0000 824.7794 10986.2852 -3378.7895 -0.2139 0.1433 0.4239 0.8684
8385.0000 825.4621 10987.0746 -3379.2625 -0.2139 0.1430 0.4238 0.8684
8386.0000 826.1457 10987.8612 -3379.7489 -0.2142 0.1428 0.4238 0.8684
8387.0000 826.8324 10988.6252 -3380.2211 -0.2147 0.1425 0.4240 0.8682
8388.0000 827.5050 10989.3819 -3380.6811 -0.2150 0.1416 0.4242 0.8682
8389.0000 828.1513 10990.1257 -3381.1375 -0.2146 0.1406 0.4243 0.8684
8390.0000 828.7953 10990.8804 -3381.5922 -0.2140 0.1397 0.4242 0.8687
8391.0000 829.4434 10991.6195 -3382.0328 -0.2140 0.1392 0.4245 0.8687
8392.0000 830.1077 10992.3497 -3382.4772 -0.2140 0.1390 0.4246 0.8686
8393.0000 830.7508 10993.0706 -3382.9086 -0.2139 0.1383 0.4248 0.8687
8394.0000 831.3690 10993.7973 -3383.3392 -0.2134 0.1373 0.4249 0.8689
8395.0000 831.9788 10994.5159 -3383.7708 -0.2129 0.1363 0.4249 0.8692
8396.0000 832.5889 10995.2178 -3384.1840 -0.2125 0.1355 0.4249 0.8694
8397.0000 833.2176 10995.9088 -3384.5914 -0.2118 0.1347 0.4251 0.8697
8398.0000 833.8291 10996.6089 -3384.9923 -0.2108 0.1336 0.4254 0.8699
8399.0000 834.4099 10997.2896 -3385.3843 -0.2100 0.1332 0.4253 0.8702
8400.0000 834.9944 10997.9841 -3385.7956 -0.2102 0.1339 0.4249 0.8702
8401.0000 835.6056 10998.6626 -3386.1918 -0.2106 0.1344 0.4248 0.8701
8402.0000 836.1967 10999.3207 -3386.5752 -0.2106 0.1340 0.4250 0.8701
8403.0000 836.7759 10999.9714 -3386.9565 -0.2103 0.1327 0.4252 0.8702
8404.0000 837.3359 11000.6291 -3387.3351 -0.2100 0.1316 0.4253 0.8705
8405.0000 837.9145 11001.2933 -3387.7074 -0.2101 0.1307 0.4253 0.8706
8406.0000 838.4920 11001.9547 -3388.0892 -0.2102 0.1302 0.4256 0.8705
8407.0000 839.0341 11002.5776 -3388.4500 -0.2102 0.1299 0.4256 0.8705
8408.0000 839.5778 11003.2018 -3388.8011 -0.2102 0.1293 0.4258 0.8705
8409.0000 840.1184 11003.8157 -3389.1438 -0.2101 0.1285 0.4259 0.8706
8410.0000 840.6470 11004.4288 -3389.4909 -0.2098 0.1283 0.4258 0.8707
8411.0000 841.1712 11005.0474 -3389.8405 -0.2097 0.1284 0.4258 0.8708
8412.0000 841.6854 11005.6399 -3390.1725 -0.2098 0.1287 0.4255 0.8708
8413.0000 842.2008 11006.2151 -3390.4919 -0.2103 0.1293 0.4255 0.8707
8414.0000 842.6898 11006.7874 -3390.8148 -0.2112 0.1299 0.4253 0.8704
8415.0000 843.1708 11007.3398 -3391.1352 -0.2120 0.1303 0.4251 0.8703
8416.0000 843.6440 11007.8953 -3391.4494 -0.2125 0.1305 0.4249 0.8702
8417.0000 844.1201 11008.4407 -3391.7439 -0.2134 0.1297 0.4249 0.8701
8418.0000 844.5787 11008.9643 -3392.0533 -0.2146 0.1289 0.4247 0.8701
8419.0000 845.0033 11009.4723 -3392.3540 -0.2151 0.1288 0.4243 0.8701
8420.0000 845.4222 11009.9653 -3392.6268 -0.2155 0.1292 0.4239 0.8702
8421.0000 845.8490 11010.4591 -3392.8963 -0.2163 0.1296 0.4235 0.8701
8422.0000 846.2654 11010.9273 -3393.1651 -0.2174 0.1290 0.4233 0.8700
8423.0000 846.6704 11011.3767 -3393.4345 -0.2182 0.1276 0.4234 0.8700
8424.0000 847.0459 11011.8125 -3393.6859 -0.2188 0.1258 0.4235 0.8700
8425.0000 847.3870 11012.2313 -3393.9062 -0.2192 0.1248 0.4234 0.8701
8426.0000 847.7320 11012.6355 -3394.1372 -0.2202 0.1248 0.4232 0.8699
8427.0000 848.0872 11013.0103 -3394.3618 -0.2219 0.1258 0.4229 0.8696
8428.0000 848.4172 11013.3809 -3394.5747 -0.2232 0.1270 0.4225 0.8692
8429.0000 848.7322 11013.7478 -3394.7745 -0.2236 0.1274 0.4226 0.8690
8430.0000 849.0387 11014.0947 -3394.9606 -0.2237 0.1272 0.4226 0.8690
8431.0000 849.3259 11014.4269 -3395.1543 -0.2240 0.1267 0.4225 0.8691
8432.0000 849.6208 11014.7543 -3395.3608 -0.2246 0.1262 0.4226 0.8689
8433.0000 849.8993 11015.0755 -3395.5597 -0.2249 0.1260 0.4228 0.8688
8434.0000 850.1753 11015.3748 -3395.7192 -0.2249 0.1261 0.4229 0.8687
8435.0000 850.4506 11015.6821 -3395.8856 -0.2250 0.1267 0.4229 0.8686
8436.0000 850.7042 11015.9759 -3396.0469 -0.2256 0.1273 0.4229 0.8683
8437.0000 850.9550 11016.2438 -3396.2071 -0.2271 0.1275 0.4230 0.8679
8438.0000 851.1803 11016.5123 -3396.3858 -0.2281 0.1271 0.4236 0.8674
8439.0000 851.4045 11016.7713 -3396.5378 -0.2287 0.1271 0.4244 0.8669
8440.0000 851.6318 11017.0185 -3396.6650 -0.2291 0.1279 0.4249 0.8664
8441.0000 851.8399 11017.2604 -3396.7917 -0.2297 0.1286 0.4253 0.8659
8442.0000 852.0449 11017.5038 -3396.9426 -0.2307 0.1287 0.4258 0.8654
8443.0000 852.2343 11017.7275 -3397.0906 -0.2317 0.1284 0.4267 0.8648
8444.0000 852.3993 11017.9354 -3397.2281 -0.2324 0.1281 0.4272 0.8643
8445.0000 852.5815 11018.1433 -3397.3471 -0.2327 0.1282 0.4275 0.8641
8446.0000 852.7533 11018.3541 -3397.4527 -0.2325 0.1284 0.4280 0.8639
8447.0000 852.9122 11018.5491 -3397.5529 -0.2327 0.1283 0.4286 0.8635
8448.0000 853.0607 11018.7146 -3397.6640 -0.2335 0.1285 0.4295 0.8629
8449.0000 853.2018 11018.8665 -3397.7780 -0.2344 0.1288 0.4303 0.8622
8450.0000 853.3451 11019.0392 -3397.8905 -0.2349 0.1293 0.4312 0.8615
8451.0000 853.4849 11019.2147 -3397.9838 -0.2353 0.1299 0.4320 0.8609
8452.0000 853.5985 11019.3610 -3398.0585 -0.2355 0.1306 0.4327 0.8604
8453.0000 853.7057 11019.4940 -3398.1368 -0.2358 0.1313 0.4334 0.8598
8454.0000 853.8197 11019.6146 -3398.2132 -0.2366 0.1316 0.4341 0.8592
8455.0000 853.9255 11019.7410 -3398.3001 -0.2378 0.1321 0.4348 0.8585
8456.0000 854.0222 11019.8548 -3398.3793 -0.2391 0.1324 0.4353 0.8578
8457.0000 854.1003 11019.9586 -3398.4432 -0.2394 0.1326 0.4358 0.8575
8458.0000 854.1840 11020.0571 -3398.4884 -0.2392 0.1331 0.4363 0.8572
8459.0000 854.2522 11020.1486 -3398.5336 -0.2392 0.1339 0.4367 0.8568
8460.0000 854.3124 11020.2352 -3398.5830 -0.2393 0.1343 0.4370 0.8565
8461.0000 854.3776 11020.3137 -3398.6375 -0.2400 0.1342 0.4375 0.8562
8462.0000 854.4290 11020.3798 -3398.6981 -0.2407 0.1340 0.4379 0.8558
8463.0000 854.4717 11020.4415 -3398.7492 -0.2411 0.1340 0.4384 0.8554
8464.0000 854.5151 11020.4902 -3398.7622 -0.2410 0.1344 0.4387 0.8552
8465.0000 854.5613 11020.5283 -3398.7673 -0.2407 0.1347 0.4390 0.8551
8466.0000 854.5891 11020.5607 -3398.7849 -0.2406 0.1345 0.4391 0.8551
8467.0000 854.6096 11020.5851 -3398.8098 -0.2409 0.1340 0.4392 0.8550
8468.0000 854.6066 11020.5944 -3398.8281 -0.2412 0.1338 0.4395 0.8548
8469.0000 854.5884 11020.5855 -3398.8269 -0.2412 0.1340 0.4395 0.8548
8470.0000 854.6032 11020.5935 -3398.8171 -0.2410 0.1341 0.4395 0.8548
8471.0000 854.6144 11020.5885 -3398.8018 -0.2406 0.1338 0.4395 0.8550
8472.0000 854.6042 11020.5826 -3398.8002 -0.2403 0.1331 0.4398 0.8551
8473.0000 854.5892 11020.5767 -3398.8097 -0.2402 0.1325 0.4400 0.8551
8474.0000 854.5873 11020.5773 -3398.8240 -0.2403 0.1325 0.4400 0.8550
8475.0000 854.6072 11020.5867 -3398.8234 -0.2404 0.1328 0.4399 0.8550
8476.0000 854.6131 11020.5943 -3398.8214 -0.2403 0.1328 0.4398 0.8551
8477.0000 854.6066 11020.5915 -3398.8155 -0.2403 0.1328 0.4398 0.8551
8478.0000 854.5985 11020.5822 -3398.8112 -0.2403 0.1328 0.4399 0.8550
8479.0000 854.5911 11020.5764 -3398.8127 -0.2403 0.1327 0.4400 0.8550
8480.0000 854.5928 11020.5764 -3398.8172 -0.2404 0.1328 0.4398 0.8551
8481.0000 854.5968 11020.5911 -3398.8203 -0.2404 0.1328 0.4398 0.8551
8482.0000 854.5960 11020.5933 -3398.8191 -0.2404 0.1327 0.4398 0.8551
8483.0000 854.5953 11020.5893 -3398.8150 -0.2403 0.1328 0.4399 0.8551
8484.0000 854.5986 11020.5822 -3398.8141 -0.2403 0.1328 0.4399 0.8550
8485.0000 854.5968 11020.5821 -3398.8166 -0.2403 0.1328 0.4399 0.8551
8486.0000 854.5972 11020.5895 -3398.8195 -0.2403 0.1328 0.4398 0.8551
8487.0000 854.5973 11020.5943 -3398.8220 -0.2403 0.1327 0.4399 0.8551
8488.0000 854.5938 11020.5878 -3398.8188 -0.2403 0.1328 0.4399 0.8550
8489.0000 854.5964 11020.5783 -3398.8160 -0.2403 0.1328 0.4400 0.8550
8490.0000 854.6012 11020.5782 -3398.8132 -0.2403 0.1328 0.4399 0.8550
8491.0000 854.6042 11020.5856 -3398.8123 -0.2404 0.1328 0.4399 0.8550
8492.0000 854.5900 11020.5910 -3398.8167 -0.2403 0.1327 0.4399 0.8551
8493.0000 854.5886 11020.5926 -3398.8187 -0.2403 0.1328 0.4398 0.8551
8494.0000 854.5863 11020.5841 -3398.8151 -0.2404 0.1328 0.4398 0.8550
8495.0000 854.5961 11020.5837 -3398.8133 -0.2403 0.1328 0.4399 0.8550
8496.0000 854.6026 11020.5881 -3398.8114 -0.2404 0.1328 0.4400 0.8550
8497.0000 854.6007 11020.5833 -3398.8106 -0.2404 0.1328 0.4399 0.8550
8498.0000 854.5990 11020.5784 -3398.8109 -0.2403 0.1327 0.4399 0.8550
8499.0000 854.5954 11020.5816 -3398.8146 -0.2403 0.1328 0.4399 0.8551
8500.0000 854.5987 11020.5883 -3398.8151 -0.2404 0.1328 0.4398 0.8551
8501.0000 854.5953 11020.5899 -3398.8131 -0.2404 0.1328 0.4398 0.8551
8502.0000 854.5888 11020.5873 -3398.8134 -0.2403 0.1328 0.4399 0.8551
8503.0000 854.5863 11020.5792 -3398.8109 -0.2403 0.1328 0.4399 0.8550
8504.0000 854.5858 11020.5783 -3398.8062 -0.2404 0.1327 0.4399 0.8550
8505.0000 854.5867 11020.5821 -3398.8116 -0.2404 0.1327 0.4398 0.8551
8506.0000 854.5887 11020.5878 -3398.8185 -0.2403 0.1326 0.4398 0.8551
8507.0000 854.5958 11020.5842 -3398.8155 -0.2403 0.1327 0.4399 0.8551
8508.0000 854.5926 11020.5798 -3398.8133 -0.2403 0.1328 0.4399 0.8551
8509.0000 854.5905 11020.5803 -3398.8100 -0.2403 0.1328 0.4399 0.8550
8510.0000 854.5932 11020.5844 -3398.8138 -0.2403 0.1328 0.4399 0.8550
8511.0000 854.5882 11020.5808 -3398.8156 -0.2403 0.1327 0.4399 0.8551
8512.0000 854.5890 11020.5796 -3398.8146 -0.2404 0.1327 0.4399 0.8551
8513.0000 854.5952 11020.5776 -3398.8080 -0.2404 0.1329 0.4399 0.8550
8514.0000 854.6008 11020.5746 -3398.8061 -0.2403 0.1328 0.4399 0.8550
8515.0000 854.5914 11020.5789 -3398.8106 -0.2403 0.1327 0.4399 0.8550
8516.0000 854.5810 11020.5839 -3398.8178 -0.2403 0.1327 0.4398 0.8551
8517.0000 854.5880 11020.5896 -3398.8196 -0.2403 0.1327 0.4398 0.8551
8518.0000 854.5989 11020.5842 -3398.8115 -0.2403 0.1328 0.4398 0.8551
8519.0000 854.6009 11020.5843 -3398.8062 -0.2404 0.1329 0.4399 0.8550
8520.0000 854.5950 11020.5822 -3398.8097 -0.2403 0.1328 0.4400 0.8550
8521.0000 854.5919 11020.5930 -3398.8172 -0.2403 0.1327 0.4399 0.8550
8522.0000 854.5982 11020.5932 -3398.8185 -0.2403 0.1327 0.4399 0.8551
8523.0000 854.5931 11020.5800 -3398.8131 -0.2403 0.1328 0.4398 0.8551
8524.0000 854.5890 11020.5756 -3398.8090 -0.2404 0.1329 0.4398 0.8550
8525.0000 854.5906 11020.5799 -3398.8130 -0.2403 0.1329 0.4400 0.8550
8526.0000 854.5892 11020.5812 -3398.8139 -0.2404 0.1328 0.4399 0.8550
8527.0000 854.5875 11020.5859 -3398.8196 -0.2404 0.1328 0.4399 0.8550
8528.0000 854.5845 11020.5876 -3398.8200 -0.2403 0.1328 0.4398 0.8551
8529.0000 854.5814 11020.5868 -3398.8203 -0.2403 0.1328 0.4398 0.8551
8530.0000 854.5904 11020.5826 -3398.8146 -0.2403 0.1328 0.4399 0.8551
8531.0000 854.5858 11020.5888 -3398.8175 -0.2404 0.1329 0.4399 0.8550
8532.0000 854.5777 11020.5961 -3398.8209 -0.2404 0.1328 0.4398 0.8551
8533.0000 854.5764 11020.5962 -3398.8197 -0.2403 0.1328 0.4398 0.8551
8534.0000 854.5797 11020.5794 -3398.8144 -0.2403 0.1327 0.4399 0.8551
8535.0000 854.5908 11020.5737 -3398.8109 -0.2402 0.1326 0.4401 0.8550
8536.0000 854.5869 11020.5771 -3398.8115 -0.2398 0.1321 0.4402 0.8551
8537.0000 854.5910 11020.5825 -3398.8173 -0.2394 0.1313 0.4404 0.8553
8538.0000 854.6166 11020.6129 -3398.8391 -0.2388 0.1302 0.4407 0.8554
8539.0000 854.6421 11020.6542 -3398.8689 -0.2384 0.1296 0.4410 0.8555
8540.0000 854.6828 11020.7116 -3398.9050 -0.2379 0.1287 0.4417 0.8554
8541.0000 854.7353 11020.7731 -3398.9313 -0.2373 0.1268 0.4428 0.8553
8542.0000 854.8139 11020.8650 -3398.9938 -0.2365 0.1249 0.4439 0.8552
8543.0000 854.9411 11021.0077 -3399.0957 -0.2359 0.1243 0.4449 0.8550
8544.0000 855.0974 11021.1883 -3399.2095 -0.2354 0.1257 0.4460 0.8543
8545.0000 855.2703 11021.3991 -3399.3340 -0.2340 0.1277 0.4484 0.8532
8546.0000 855.4181 11021.6482 -3399.4675 -0.2319 0.1294 0.4537 0.8507
8547.0000 855.5803 11021.9149 -3399.6262 -0.2292 0.1308 0.4625 0.8464
8548.0000 855.7420 11022.1946 -3399.8046 -0.2269 0.1327 0.4747 0.8400
8549.0000 855.9327 11022.4692 -3399.9894 -0.2245 0.1359 0.4897 0.8315
8550.0000 856.1148 11022.7824 -3400.1827 -0.2208 0.1396 0.5067 0.8216
8551.0000 856.2729 11023.1596 -3400.4144 -0.2152 0.1436 0.5254 0.8106
8552.0000 856.3834 11023.6012 -3400.6560 -0.2083 0.1482 0.5462 0.7977
8553.0000 856.4882 11024.0329 -3400.8748 -0.2025 0.1536 0.5689 0.7822
8554.0000 856.5802 11024.4412 -3401.1123 -0.1982 0.1589 0.5925 0.7645
8555.0000 856.6554 11024.8568 -3401.4067 -0.1935 0.1636 0.6161 0.7458
8556.0000 856.7067 11025.3608 -3401.7080 -0.1869 0.1690 0.6392 0.7266
8557.0000 856.7227 11025.9379 -3401.9972 -0.1804 0.1758 0.6618 0.7061
8558.0000 856.6775 11026.4955 -3402.2896 -0.1765 0.1848 0.6839 0.6834
8559.0000 856.6134 11026.9934 -3402.6024 -0.1731 0.1952 0.7050 0.6594
8560.0000 856.4960 11027.5297 -3402.9413 -0.1676 0.2042 0.7260 0.6349
8561.0000 856.3370 11028.0958 -3403.2416 -0.1604 0.2095 0.7471 0.6101
8562.0000 856.1360 11028.6658 -3403.5557 -0.1527 0.2133 0.7673 0.5852
8563.0000 855.8812 11029.2376 -3403.8799 -0.1456 0.2169 0.7862 0.5601
8564.0000 855.5874 11029.7892 -3404.1810 -0.1398 0.2193 0.8038 0.5351
8565.0000 855.2303 11030.3406 -3404.5233 -0.1358 0.2209 0.8199 0.5105
8566.0000 854.8239 11030.8826 -3404.9059 -0.1301 0.2240 0.8338 0.4875
8567.0000 854.4012 11031.4484 -3405.1984 -0.1236 0.2276 0.8458 0.4664
8568.0000 853.9318 11032.0331 -3405.4700 -0.1184 0.2290 0.8567 0.4468
8569.0000 853.4180 11032.5981 -3405.8078 -0.1151 0.2279 0.8663 0.4292
8570.0000 852.8489 11033.1661 -3406.1771 -0.1120 0.2264 0.8748 0.4135
8571.0000 852.2483 11033.7587 -3406.5323 -0.1092 0.2277 0.8816 0.3987
8572.0000 851.6164 11034.3353 -3406.8601 -0.1060 0.2328 0.8870 0.3844
8573.0000 850.9572 11034.8934 -3407.1611 -0.1025 0.2383 0.8920 0.3702
8574.0000 850.2896 11035.4422 -3407.4676 -0.0983 0.2413 0.8976 0.3557
8575.0000 849.6045 11035.9818 -3407.7795 -0.0937 0.2410 0.9039 0.3409
8576.0000 848.8555 11036.5173 -3408.1068 -0.0895 0.2400 0.9099 0.3263
8577.0000 848.0631 11037.0580 -3408.4258 -0.0858 0.2409 0.9149 0.3123
8578.0000 847.2307 11037.5574 -3408.7188 -0.0829 0.2439 0.9187 0.2994
8579.0000 846.3681 11038.0551 -3409.0032 -0.0808 0.2463 0.9221 0.2873
8580.0000 845.4812 11038.5535 -3409.3061 -0.0786 0.2469 0.9255 0.2761
8581.0000 844.5672 11039.0470 -3409.5863 -0.0763 0.2453 0.9292 0.2658
8582.0000 843.6463 11039.5227 -3409.8717 -0.0743 0.2438 0.9323 0.2566
8583.0000 842.6688 11039.9946 -3410.1585 -0.0730 0.2442 0.9346 0.2481
8584.0000 841.6591 11040.4721 -3410.4419 -0.0720 0.2464 0.9362 0.2401
8585.0000 840.6927 11040.9400 -3410.7091 -0.0711 0.2478 0.9377 0.2330
8586.0000 839.7310 11041.3706 -3410.9520 -0.0692 0.2474 0.9394 0.2271
8587.0000 838.7374 11041.7850 -3411.2107 -0.0669 0.2464 0.9410 0.2220
8588.0000 837.6733 11042.2339 -3411.4924 -0.0650 0.2458 0.9425 0.2170
8589.0000 836.6289 11042.6846 -3411.7721 -0.0641 0.2461 0.9434 0.2127
8590.0000 835.5974 11043.0891 -3411.9876 -0.0637 0.2464 0.9441 0.2096
8591.0000 834.5308 11043.5001 -3412.2139 -0.0632 0.2456 0.9447 0.2080
8592.0000 833.4227 11043.9315 -3412.4855 -0.0628 0.2446 0.9452 0.2071
8593.0000 832.3268 11044.3742 -3412.7733 -0.0628 0.2441 0.9455 0.2063
8594.0000 831.2402 11044.8088 -3413.0340 -0.0637 0.2448 0.9454 0.2055
8595.0000 830.1492 11045.2402 -3413.2701 -0.0643 0.2468 0.9452 0.2041
8596.0000 829.0714 11045.6731 -3413.4901 -0.0640 0.2482 0.9451 0.2028
8597.0000 827.9372 11046.1085 -3413.7466 -0.0633 0.2483 0.9454 0.2015
8598.0000 826.8100 11046.5254 -3414.0296 -0.0632 0.2479 0.9457 0.2003
8599.0000 825.7039 11046.9478 -3414.2951 -0.0632 0.2477 0.9461 0.1990
8600.0000 824.5966 11047.3726 -3414.5484 -0.0632 0.2479 0.9463 0.1978
8601.0000 823.4579 11047.7975 -3414.7885 -0.0632 0.2481 0.9464 0.1969
8602.0000 822.3254 11048.2096 -3415.0362 -0.0629 0.2479 0.9466 0.1961
8603.0000 821.2090 11048.6277 -3415.2849 -0.0620 0.2471 0.9471 0.1953
8604.0000 820.0923 11049.0407 -3415.5535 -0.0615 0.2468 0.9474 0.1941
8605.0000 818.9376 11049.4579 -3415.8032 -0.0622 0.2469 0.9477 0.1926
8606.0000 817.7893 11049.8754 -3416.0541 -0.0622 0.2476 0.9477 0.1916
8607.0000 816.6581 11050.2999 -3416.2767 -0.0596 0.2486 0.9478 0.1909
8608.0000 815.5294 11050.7159 -3416.5234 -0.0564 0.2488 0.9480 0.1902
8609.0000 814.3758 11051.0985 -3416.7869 -0.0562 0.2496 0.9482 0.1884
8610.0000 813.2244 11051.5125 -3417.0328 -0.0584 0.2508 0.9482 0.1859
8611.0000 812.0645 11051.9448 -3417.2496 -0.0591 0.2516 0.9483 0.1842
8612.0000 810.9086 11052.3614 -3417.4703 -0.0577 0.2513 0.9486 0.1835
8613.0000 809.7347 11052.7522 -3417.7206 -0.0559 0.2502 0.9491 0.1829
8614.0000 808.5709 11053.1273 -3417.9931 -0.0555 0.2500 0.9494 0.1821
8615.0000 807.3921 11053.5262 -3418.2325 -0.0563 0.2505 0.9494 0.1807
8616.0000 806.2124 11053.9484 -3418.4581 -0.0568 0.2513 0.9494 0.1795
8617.0000 805.0448 11054.3466 -3418.6699 -0.0567 0.2516 0.9495 0.1788
8618.0000 803.8647 11054.7373 -3418.9019 -0.0560 0.2514 0.9497 0.1782
8619.0000 802.6764 11055.1268 -3419.1593 -0.0556 0.2512 0.9499 0.1775
8620.0000 801.4941 11055.5109 -3419.4131 -0.0555 0.2514 0.9500 0.1764
8621.0000 800.3185 11055.9064 -3419.6348 -0.0558 0.2519 0.9501 0.1755
8622.0000 799.1523 11056.3033 -3419.8519 -0.0561 0.2523 0.9501 0.1746
8623.0000 797.9472 11056.6962 -3420.0868 -0.0563 0.2524 0.9502 0.1738
8624.0000 796.7513 11057.0785 -3420.3246 -0.0560 0.2524 0.9504 0.1730
8625.0000 795.5633 11057.4575 -3420.5496 -0.0556 0.2521 0.9506 0.1722
8626.0000 794.3712 11057.8193 -3420.7658 -0.0561 0.2518 0.9509 0.1712
8627.0000 793.1996 11058.1962 -3421.0021 -0.0570 0.2517 0.9510 0.1701
8628.0000 792.0332 11058.5725 -3421.2394 -0.0568 0.2519 0.9511 0.1693
8629.0000 790.8615 11058.9443 -3421.4575 -0.0556 0.2518 0.9513 0.1689
8630.0000 789.6896 11059.3326 -3421.6798 -0.0546 0.2516 0.9515 0.1685
8631.0000 788.5383 11059.7045 -3421.8990 -0.0546 0.2519 0.9516 0.1677
8632.0000 787.3957 11060.0584 -3422.1168 -0.0548 0.2523 0.9516 0.1667
8633.0000 786.2577 11060.4041 -3422.3196 -0.0543 0.2529 0.9516 0.1661
8634.0000 785.1042 11060.7639 -3422.5098 -0.0542 0.2532 0.9516 0.1654
8635.0000 783.9750 11061.1109 -3422.7218 -0.0543 0.2539 0.9516 0.1646
8636.0000 782.8779 11061.4569 -3422.9271 -0.0544 0.2544 0.9516 0.1638
8637.0000 781.7685 11061.8050 -3423.1203 -0.0541 0.2546 0.9516 0.1632
8638.0000 780.6728 11062.1380 -3423.3207 -0.0537 0.2547 0.9517 0.1627
8639.0000 779.5862 11062.4581 -3423.5245 -0.0532 0.2549 0.9518 0.1622
8640.0000 778.5094 11062.7860 -3423.7212 -0.0527 0.2549 0.9519 0.1619
8641.0000 777.4537 11063.1171 -3423.9131 -0.0529 0.2551 0.9519 0.1613
8642.0000 776.3875 11063.4424 -3424.0979 -0.0536 0.2561 0.9517 0.1605
8643.0000 775.3337 11063.7608 -3424.2754 -0.0537 0.2569 0.9516 0.1599
8644.0000 774.2942 11064.0761 -3424.4581 -0.0533 0.2571 0.9517 0.1592
8645.0000 773.2942 11064.3708 -3424.6402 -0.0532 0.2567 0.9519 0.1586
8646.0000 772.2960 11064.6733 -3424.8241 -0.0532 0.2566 0.9520 0.1580
8647.0000 771.2779 11064.9653 -3425.0070 -0.0532 0.2569 0.9521 0.1574
8648.0000 770.2702 11065.2480 -3425.1682 -0.0533 0.2574 0.9520 0.1567
8649.0000 769.3029 11065.5258 -3425.3287 -0.0533 0.2575 0.9521 0.1561
8650.0000 768.3616 11065.7972 -3425.4953 -0.0536 0.2573 0.9522 0.1554
8651.0000 767.4100 11066.0760 -3425.6650 -0.0541 0.2575 0.9523 0.1545
8652.0000 766.4639 11066.3409 -3425.8234 -0.0546 0.2576 0.9524 0.1537
8653.0000 765.5540 11066.5935 -3425.9857 -0.0540 0.2578 0.9524 0.1532
8654.0000 764.6732 11066.8469 -3426.1333 -0.0533 0.2580 0.9525 0.1530
8655.0000 763.7785 11067.1067 -3426.2898 -0.0529 0.2581 0.9525 0.1525
8656.0000 762.9026 11067.3559 -3426.4415 -0.0523 0.2582 0.9526 0.1521
8657.0000 762.0391 11067.5975 -3426.5825 -0.0510 0.2584 0.9527 0.1519
8658.0000 761.2004 11067.8408 -3426.7223 -0.0499 0.2582 0.9528 0.1517
8659.0000 760.3956 11068.0726 -3426.8686 -0.0496 0.2580 0.9528 0.1519
8660.0000 759.5975 11068.2801 -3426.9880 -0.0497 0.2577 0.9529 0.1520
8661.0000 758.8105 11068.5079 -3427.1110 -0.0500 0.2572 0.9529 0.1525
8662.0000 758.0271 11068.7412 -3427.2453 -0.0502 0.2570 0.9528 0.1534
8663.0000 757.2206 11068.9567 -3427.3687 -0.0513 0.2567 0.9526 0.1551
8664.0000 756.4398 11069.1739 -3427.4967 -0.0530 0.2561 0.9524 0.1569
8665.0000 755.7181 11069.3926 -3427.6333 -0.0546 0.2558 0.9520 0.1589
8666.0000 755.0335 11069.6217 -3427.7630 -0.0560 0.2552 0.9517 0.1615
8667.0000 754.3635 11069.8216 -3427.8774 -0.0573 0.2548 0.9511 0.1650
8668.0000 753.6740 11070.0459 -3428.0071 -0.0591 0.2537 0.9505 0.1693
8669.0000 753.0134 11070.2720 -3428.1507 -0.0610 0.2528 0.9496 0.1752
8670.0000 752.3968 11070.4795 -3428.2838 -0.0627 0.2522 0.9482 0.1826
8671.0000 751.8056 11070.7118 -3428.4101 -0.0645 0.2520 0.9466 0.1904
8672.0000 751.2326 11070.9552 -3428.5414 -0.0668 0.2518 0.9448 0.1986
8673.0000 750.6760 11071.1976 -3428.6898 -0.0693 0.2512 0.9429 0.2073
8674.0000 750.1494 11071.4178 -3428.8311 -0.0718 0.2504 0.9408 0.2167
8675.0000 749.6212 11071.6528 -3428.9712 -0.0741 0.2498 0.9384 0.2268
8676.0000 749.1027 11071.8973 -3429.1126 -0.0763 0.2494 0.9358 0.2373
8677.0000 748.6010 11072.1560 -3429.2581 -0.0785 0.2492 0.9328 0.2480
8678.0000 748.1450 11072.4134 -3429.4054 -0.0810 0.2488 0.9298 0.2588
8679.0000 747.7176 11072.6634 -3429.5570 -0.0836 0.2480 0.9267 0.2698
8680.0000 747.2990 11072.9227 -3429.7165 -0.0868 0.2466 0.9234 0.2809
8681.0000 746.9088 11073.1922 -3429.8787 -0.0905 0.2453 0.9197 0.2928
8682.0000 746.4901 11073.4519 -3430.0287 -0.0943 0.2437 0.9156 0.3056
8683.0000 746.1180 11073.7201 -3430.1761 -0.0978 0.2421 0.9111 0.3188
8684.0000 745.7699 11074.0026 -3430.3362 -0.1014 0.2397 0.9065 0.3324
8685.0000 745.4289 11074.2770 -3430.5053 -0.1053 0.2367 0.9014 0.3469
8686.0000 745.0990 11074.5548 -3430.6780 -0.1096 0.2333 0.8958 0.3621
8687.0000 744.7934 11074.8526 -3430.8378 -0.1145 0.2289 0.8900 0.3774
8688.0000 744.5268 11075.1471 -3431.0184 -0.1188 0.2232 0.8842 0.3927
8689.0000 744.2646 11075.4334 -3431.1891 -0.1214 0.2174 0.8779 0.4091
8690.0000 744.0084 11075.7281 -3431.3606 -0.1236 0.2119 0.8706 0.4265
8691.0000 743.7708 11076.0500 -3431.5398 -0.1257 0.2087 0.8622 0.4441
8692.0000 743.5753 11076.3849 -3431.6946 -0.1283 0.2074 0.8531 0.4613
8693.0000 743.3980 11076.7026 -3431.8535 -0.1329 0.2058 0.8434 0.4782
8694.0000 743.2145 11077.0224 -3432.0353 -0.1383 0.2011 0.8341 0.4947
8695.0000 743.0397 11077.3322 -3432.2385 -0.1426 0.1933 0.8253 0.5111
8696.0000 742.8955 11077.6439 -3432.4338 -0.1456 0.1853 0.8164 0.5272
8697.0000 742.7647 11077.9704 -3432.6130 -0.1471 0.1814 0.8064 0.5432
8698.0000 742.6801 11078.3045 -3432.7487 -0.1477 0.1810 0.7956 0.5590
8699.0000 742.6113 11078.6366 -3432.8729 -0.1472 0.1807 0.7842 0.5751
8700.0000 742.5502 11078.9860 -3433.0212 -0.1482 0.1781 0.7729 0.5907
8701.0000 742.4664 11079.3217 -3433.2181 -0.1525 0.1736 0.7620 0.6050
8702.0000 742.3839 11079.6204 -3433.4416 -0.1587 0.1702 0.7512 0.6177
8703.0000 742.3514 11079.9277 -3433.6267 -0.1633 0.1691 0.7410 0.6290
8704.0000 742.3300 11080.2409 -3433.7462 -0.1645 0.1698 0.7310 0.6401
8705.0000 742.3468 11080.5603 -3433.8389 -0.1642 0.1706 0.7217 0.6505
8706.0000 742.3512 11080.8855 -3433.9800 -0.1643 0.1708 0.7134 0.6595
8707.0000 742.3445 11081.1779 -3434.1632 -0.1659 0.1699 0.7065 0.6666
8708.0000 742.3292 11081.4591 -3434.3503 -0.1677 0.1684 0.7014 0.6720
8709.0000 742.3253 11081.7260 -3434.4982 -0.1687 0.1668 0.6976 0.6761
8710.0000 742.3306 11081.9949 -3434.6224 -0.1686 0.1661 0.6951 0.6788
8711.0000 742.3490 11082.2695 -3434.7536 -0.1676 0.1666 0.6933 0.6808
8712.0000 742.3641 11082.5607 -3434.8971 -0.1657 0.1679 0.6926 0.6816
8713.0000 742.3540 11082.8612 -3435.0285 -0.1646 0.1690 0.6931 0.6812
8714.0000 742.3248 11083.1529 -3435.1784 -0.1647 0.1695 0.6949 0.6792
8715.0000 742.2940 11083.4353 -3435.3415 -0.1654 0.1698 0.6981 0.6757
8716.0000 742.2575 11083.6996 -3435.5010 -0.1654 0.1708 0.7024 0.6709
8717.0000 742.2408 11083.9832 -3435.6365 -0.1648 0.1731 0.7075 0.6651
8718.0000 742.2024 11084.2750 -3435.7573 -0.1641 0.1756 0.7128 0.6588
8719.0000 742.1629 11084.5669 -3435.8963 -0.1643 0.1774 0.7185 0.6521
8720.0000 742.1013 11084.8354 -3436.0612 -0.1640 0.1782 0.7246 0.6452
8721.0000 742.0233 11085.0912 -3436.2201 -0.1626 0.1792 0.7310 0.6380
8722.0000 741.9622 11085.3384 -3436.3405 -0.1613 0.1810 0.7376 0.6302
8723.0000 741.9024 11085.5949 -3436.4517 -0.1599 0.1829 0.7442 0.6222
8724.0000 741.8353 11085.8548 -3436.5796 -0.1584 0.1849 0.7510 0.6138
8725.0000 741.7661 11086.1209 -3436.7276 -0.1570 0.1864 0.7580 0.6049
8726.0000 741.6663 11086.3614 -3436.8611 -0.1555 0.1879 0.7649 0.5962
8727.0000 741.5560 11086.5961 -3436.9887 -0.1536 0.1893 0.7716 0.5876
8728.0000 741.4519 11086.8217 -3437.1100 -0.1515 0.1913 0.7783 0.5786
8729.0000 741.3527 11087.0641 -3437.2353 -0.1494 0.1937 0.7853 0.5688
8730.0000 741.2496 11087.2871 -3437.3452 -0.1474 0.1961 0.7925 0.5584
8731.0000 741.1238 11087.5145 -3437.4627 -0.1456 0.1982 0.7998 0.5476
8732.0000 740.9819 11087.7392 -3437.5790 -0.1444 0.1996 0.8077 0.5357
8733.0000 740.8446 11087.9264 -3437.7145 -0.1428 0.2003 0.8154 0.5240
8734.0000 740.7377 11088.1171 -3437.8522 -0.1377 0.2030 0.8228 0.5127
8735.0000 740.6019 11088.3427 -3437.9532 -0.1299 0.2077 0.8297 0.5015
8736.0000 740.4551 11088.5582 -3438.0273 -0.1219 0.2141 0.8359 0.4904
8737.0000 740.3271 11088.7884 -3438.1072 -0.1156 0.2208 0.8416 0.4792
8738.0000 740.1690 11089.0038 -3438.1887 -0.1107 0.2236 0.8480 0.4675
8739.0000 739.9817 11089.1672 -3438.2848 -0.1051 0.2218 0.8554 0.4560
8740.0000 739.7982 11089.3052 -3438.4218 -0.0983 0.2177 0.8634 0.4443
8741.0000 739.6246 11089.4586 -3438.5429 -0.0912 0.2144 0.8711 0.4324
8742.0000 739.4341 11089.6468 -3438.6329 -0.0841 0.2130 0.8779 0.4205
8743.0000 739.2228 11089.8208 -3438.7080 -0.0776 0.2146 0.8839 0.4082
8744.0000 739.0254 11089.9845 -3438.7765 -0.0718 0.2201 0.8889 0.3954
8745.0000 738.8502 11090.1710 -3438.8233 -0.0652 0.2276 0.8928 0.3832
8746.0000 738.6660 11090.3763 -3438.8472 -0.0605 0.2323 0.8971 0.3709
8747.0000 738.4398 11090.5572 -3438.9286 -0.0595 0.2326 0.9022 0.3584
8748.0000 738.1882 11090.6752 -3439.0570 -0.0604 0.2301 0.9076 0.3459
8749.0000 737.9468 11090.7819 -3439.1809 -0.0595 0.2291 0.9123 0.3341
8750.0000 737.7135 11090.9403 -3439.2411 -0.0567 0.2318 0.9158 0.3231
8751.0000 737.4851 11091.1314 -3439.2322 -0.0544 0.2363 0.9185 0.3123
8752.0000 737.2266 11091.2989 -3439.2305 -0.0529 0.2396 0.9213 0.3018
8753.0000 736.9696 11091.4305 -3439.3000 -0.0517 0.2401 0.9246 0.2912
8754.0000 736.7063 11091.5278 -3439.4328 -0.0500 0.2399 0.9277 0.2815
8755.0000 736.4674 11091.6415 -3439.5381 -0.0471 0.2412 0.9304 0.2720
8756.0000 736.2301 11091.7990 -3439.5619 -0.0435 0.2452 0.9321 0.2629
8757.0000 735.9871 11091.9773 -3439.5351 -0.0406 0.2482 0.9338 0.2544
8758.0000 735.6970 11092.0907 -3439.5594 -0.0392 0.2478 0.9361 0.2466
8759.0000 735.3994 11092.1741 -3439.6672 -0.0381 0.2459 0.9385 0.2393
8760.0000 735.1258 11092.2628 -3439.7859 -0.0364 0.2450 0.9404 0.2329
8761.0000 734.8629 11092.3978 -3439.8245 -0.0349 0.2468 0.9414 0.2274
8762.0000 734.5811 11092.5624 -3439.8139 -0.0344 0.2488 0.9421 0.2221
8763.0000 734.2930 11092.6985 -3439.8333 -0.0347 0.2495 0.9431 0.2169
8764.0000 734.0046 11092.7940 -3439.9082 -0.0338 0.2492 0.9443 0.2122
8765.0000 733.7309 11092.8804 -3440.0039 -0.0322 0.2489 0.9453 0.2086
8766.0000 733.4378 11092.9931 -3440.0409 -0.0315 0.2486 0.9460 0.2056
8767.0000 733.1308 11093.1181 -3440.0436 -0.0311 0.2487 0.9467 0.2025
8768.0000 732.8408 11093.2270 -3440.0616 -0.0298 0.2484 0.9474 0.1995
8769.0000 732.5534 11093.3288 -3440.1348 -0.0276 0.2479 0.9481 0.1970
8770.0000 732.2867 11093.4391 -3440.1977 -0.0258 0.2479 0.9487 0.1945
8771.0000 732.0167 11093.5524 -3440.2309 -0.0236 0.2483 0.9491 0.1922
8772.0000 731.7290 11093.6601 -3440.2504 -0.0215 0.2483 0.9496 0.1900
8773.0000 731.4450 11093.7395 -3440.2897 -0.0207 0.2482 0.9501 0.1876
8774.0000 731.1544 11093.8334 -3440.3501 -0.0214 0.2487 0.9505 0.1852
8775.0000 730.8689 11093.9410 -3440.3780 -0.0219 0.2497 0.9506 0.1831
8776.0000 730.6020 11094.0482 -3440.3787 -0.0218 0.2495 0.9510 0.1811
8777.0000 730.3383 11094.1448 -3440.4140 -0.0213 0.2480 0.9518 0.1792
8778.0000 730.0661 11094.2003 -3440.4686 -0.0210 0.2467 0.9524 0.1779
8779.0000 729.7911 11094.2824 -3440.5182 -0.0204 0.2468 0.9526 0.1767
8780.0000 729.5265 11094.4072 -3440.5514 -0.0198 0.2486 0.9524 0.1755
8781.0000 729.2871 11094.5141 -3440.5477 -0.0199 0.2505 0.9522 0.1737
8782.0000 729.0477 11094.5890 -3440.5537 -0.0194 0.2511 0.9524 0.1717
8783.0000 728.7961 11094.6468 -3440.5941 -0.0186 0.2505 0.9529 0.1702
8784.0000 728.5442 11094.7242 -3440.6571 -0.0179 0.2494 0.9533 0.1693
8785.0000 728.2848 11094.8147 -3440.6980 -0.0178 0.2488 0.9536 0.1688
8786.0000 728.0344 11094.8985 -3440.7019 -0.0185 0.2483 0.9538 0.1682
8787.0000 727.7883 11094.9847 -3440.7155 -0.0189 0.2478 0.9540 0.1676
8788.0000 727.5495 11095.0452 -3440.7399 -0.0185 0.2477 0.9541 0.1675
8789.0000 727.3197 11095.1346 -3440.7862 -0.0185 0.2480 0.9538 0.1683
8790.0000 727.0854 11095.2120 -3440.8210 -0.0191 0.2495 0.9533 0.1692
8791.0000 726.8605 11095.2957 -3440.8274 -0.0195 0.2507 0.9530 0.1692
8792.0000 726.6698 11095.3731 -3440.8385 -0.0194 0.2504 0.9531 0.1691
8793.0000 726.4600 11095.4365 -3440.8712 -0.0192 0.2493 0.9533 0.1696
8794.0000 726.2541 11095.4919 -3440.9116 -0.0190 0.2483 0.9534 0.1701
8795.0000 726.0570 11095.5548 -3440.9488 -0.0190 0.2483 0.9534 0.1704
8796.0000 725.8821 11095.6092 -3440.9569 -0.0190 0.2491 0.9532 0.1704
8797.0000 725.6998 11095.6807 -3440.9608 -0.0191 0.2495 0.9530 0.1710
8798.0000 725.5271 11095.7506 -3440.9735 -0.0194 0.2491 0.9530 0.1715
8799.0000 725.3583 11095.8144 -3441.0029 -0.0192 0.2482 0.9532 0.1717
8800.0000 725.2044 11095.8470 -3441.0348 -0.0193 0.2473 0.9534 0.1718
8801.0000 725.0506 11095.8863 -3441.0598 -0.0198 0.2475 0.9533 0.1719
8802.0000 724.9027 11095.9495 -3441.0786 -0.0202 0.2491 0.9530 0.1715
8803.0000 724.7580 11096.0104 -3441.0747 -0.0202 0.2507 0.9527 0.1705
8804.0000 724.5910 11096.0742 -3441.0765 -0.0197 0.2511 0.9528 0.1694
8805.0000 724.4214 11096.1319 -3441.1129 -0.0191 0.2506 0.9533 0.1676
8806.0000 724.2677 11096.1664 -3441.1507 -0.0184 0.2500 0.9540 0.1644
8807.0000 724.1410 11096.1838 -3441.1593 -0.0172 0.2501 0.9548 0.1597
8808.0000 723.9957 11096.2117 -3441.1417 -0.0154 0.2503 0.9558 0.1536
8809.0000 723.8490 11096.2422 -3441.1458 -0.0130 0.2506 0.9570 0.1458
8810.0000 723.7104 11096.2939 -3441.1600 -0.0108 0.2506 0.9583 0.1368
8811.0000 723.5684 11096.3165 -3441.1582 -0.0085 0.2502 0.9598 0.1272
8812.0000 723.4291 11096.3108 -3441.1632 -0.0057 0.2502 0.9611 0.1169
8813.0000 723.2651 11096.3261 -3441.1815 -0.0024 0.2509 0.9622 0.1055
8814.0000 723.1208 11096.3555 -3441.1678 0.0009 0.2512 0.9635 0.0929
8815.0000 722.9686 11096.3503 -3441.1302 0.0041 0.2511 0.9647 0.0791
8816.0000 722.8181 11096.3422 -3441.1167 0.0078 0.2509 0.9659 0.0637
8817.0000 722.6796 11096.3175 -3441.1198 0.0123 0.2508 0.9668 0.0468
8818.0000 722.5436 11096.2998 -3441.1086 0.0175 0.2502 0.9676 0.0289
8819.0000 722.3797 11096.2789 -3441.0650 0.0226 0.2481 0.9684 0.0107
8820.0000 722.2364 11096.2286 -3441.0346 0.0277 0.2463 0.9688 -0.0083
8821.0000 722.1184 11096.1863 -3441.0176 0.0327 0.2452 0.9685 -0.0276
8822.0000 721.9859 11096.1597 -3441.0057 0.0374 0.2442 0.9679 -0.0465
8823.0000 721.8437 11096.1134 -3440.9670 0.0410 0.2432 0.9669 -0.0650
8824.0000 721.6893 11096.0636 -3440.9088 0.0443 0.2427 0.9655 -0.0829
8825.0000 721.5608 11096.0148 -3440.8611 0.0482 0.2421 0.9638 -0.1007
8826.0000 721.4501 11095.9636 -3440.8303 0.0531 0.2410 0.9619 -0.1176
8827.0000 721.3430 11095.9055 -3440.8106 0.0581 0.2396 0.9599 -0.1332
8828.0000 721.2456 11095.8535 -3440.7862 0.0620 0.2381 0.9580 -0.1475
8829.0000 721.1281 11095.8038 -3440.7439 0.0648 0.2371 0.9559 -0.1608
8830.0000 721.0486 11095.7569 -3440.6951 0.0674 0.2363 0.9536 -0.1737
8831.0000 720.9697 11095.6934 -3440.6539 0.0703 0.2357 0.9513 -0.1860
8832.0000 720.9103 11095.6422 -3440.6167 0.0734 0.2347 0.9490 -0.1972
8833.0000 720.8378 11095.6131 -3440.6006 0.0764 0.2336 0.9470 -0.2069
8834.0000 720.7662 11095.5788 -3440.6053 0.0790 0.2323 0.9452 -0.2153
8835.0000 720.7049 11095.5193 -3440.5859 0.0812 0.2312 0.9434 -0.2235
8836.0000 720.6856 11095.4752 -3440.5464 0.0833 0.2310 0.9413 -0.2316
8837.0000 720.6386 11095.4455 -3440.5111 0.0855 0.2304 0.9393 -0.2392
8838.0000 720.5977 11095.4214 -3440.4894 0.0878 0.2286 0.9377 -0.2465
8839.0000 720.5454 11095.3764 -3440.4614 0.0896 0.2249 0.9364 -0.2541
8840.0000 720.4941 11095.3059 -3440.4294 0.0915 0.2196 0.9352 -0.2623
8841.0000 720.4691 11095.2349 -3440.4156 0.0938 0.2141 0.9339 -0.2705
8842.0000 720.4332 11095.1766 -3440.4387 0.0962 0.2122 0.9318 -0.2785
8843.0000 720.3787 11095.1465 -3440.4022 0.0979 0.2140 0.9287 -0.2866
8844.0000 720.3284 11095.1647 -3440.3135 0.0990 0.2173 0.9253 -0.2946
8845.0000 720.2997 11095.1479 -3440.2474 0.1005 0.2186 0.9224 -0.3021
8846.0000 720.2638 11095.0730 -3440.2549 0.1030 0.2164 0.9203 -0.3091
8847.0000 720.2313 11094.9994 -3440.2885 0.1066 0.2130 0.9183 -0.3163
8848.0000 720.1763 11094.9515 -3440.2907 0.1098 0.2118 0.9158 -0.3232
8849.0000 720.1357 11094.9273 -3440.2360 0.1111 0.2135 0.9126 -0.3306
8850.0000 720.0901 11094.8912 -3440.1855 0.1105 0.2172 0.9090 -0.3382
8851.0000 720.0348 11094.8465 -3440.1591 0.1086 0.2220 0.9047 -0.3471
8852.0000 720.0031 11094.8280 -3440.1044 0.1069 0.2261 0.9005 -0.3558
8853.0000 719.9584 11094.8011 -3440.0577 0.1074 0.2266 0.8976 -0.3624
8854.0000 719.8962 11094.7017 -3440.0372 0.1106 0.2237 0.8953 -0.3689
8855.0000 719.8541 11094.6195 -3440.0428 0.1162 0.2194 0.8926 -0.3762
8856.0000 719.8348 11094.5805 -3440.0429 0.1211 0.2167 0.8900 -0.3825
8857.0000 719.8171 11094.5351 -3440.0027 0.1229 0.2170 0.8875 -0.3874
8858.0000 719.7470 11094.4792 -3439.9252 0.1231 0.2201 0.8846 -0.3922
8859.0000 719.6577 11094.4221 -3439.8395 0.1236 0.2227 0.8816 -0.3975
8860.0000 719.6405 11094.3680 -3439.7951 0.1261 0.2221 0.8792 -0.4021
8861.0000 719.6176 11094.3025 -3439.8042 0.1303 0.2190 0.8772 -0.4068
8862.0000 719.5592 11094.2426 -3439.8229 0.1340 0.2162 0.8751 -0.4117
8863.0000 719.5255 11094.1696 -3439.7576 0.1365 0.2153 0.8726 -0.4167
8864.0000 719.4711 11094.1045 -3439.6830 0.1383 0.2157 0.8696 -0.4221
8865.0000 719.4194 11094.0499 -3439.6213 0.1401 0.2153 0.8660 -0.4290
8866.0000 719.4115 11093.9985 -3439.5818 0.1433 0.2141 0.8618 -0.4370
8867.0000 719.3910 11093.9319 -3439.5679 0.1471 0.2121 0.8576 -0.4449
8868.0000 719.3445 11093.8137 -3439.5429 0.1502 0.2106 0.8529 -0.4535
8869.0000 719.3091 11093.7482 -3439.4839 0.1520 0.2102 0.8475 -0.4630
8870.0000 719.2854 11093.7176 -3439.4152 0.1539 0.2101 0.8422 -0.4721
8871.0000 719.2579 11093.6291 -3439.3588 0.1562 0.2086 0.8371 -0.4811
8872.0000 719.2392 11093.5513 -3439.3428 0.1595 0.2060 0.8318 -0.4901
8873.0000 719.2330 11093.5163 -3439.3316 0.1641 0.2037 0.8268 -0.4980
8874.0000 719.2497 11093.4523 -3439.2871 0.1695 0.2018 0.8224 -0.5042
8875.0000 719.2278 11093.3628 -3439.2559 0.1758 0.1998 0.8182 -0.5097
8876.0000 719.1752 11093.2324 -3439.2478 0.1819 0.1974 0.8123 -0.5177
8877.0000 719.1593 11093.1400 -3439.2696 0.1855 0.1980 0.8039 -0.5293
8878.0000 719.1688 11093.1818 -3439.2348 0.1860 0.2036 0.7948 -0.5407
8879.0000 719.1860 11093.2108 -3439.0814 0.1855 0.2079 0.7881 -0.5489
8880.0000 719.1511 11093.0944 -3438.9655 0.1860 0.2057 0.7844 -0.5549
8881.0000 719.1490 11092.9308 -3438.9823 0.1887 0.1986 0.7811 -0.5611
8882.0000 719.1530 11092.8425 -3439.0685 0.1923 0.1924 0.7771 -0.5675
8883.0000 719.1236 11092.8359 -3439.0930 0.1939 0.1914 0.7730 -0.5729
8884.0000 719.1343 11092.8506 -3438.9908 0.1934 0.1939 0.7697 -0.5767
8885.0000 719.1442 11092.8378 -3438.8824 0.1923 0.1966 0.7676 -0.5789
8886.0000 719.1223 11092.7957 -3438.8505 0.1921 0.1961 0.7673 -0.5795
8887.0000 719.1162 11092.7599 -3438.9188 0.1928 0.1937 0.7679 -0.5794
8888.0000 719.1274 11092.7575 -3438.9716 0.1936 0.1926 0.7681 -0.5792
8889.0000 719.1450 11092.7795 -3438.9645 0.1934 0.1937 0.7677 -0.5794
8890.0000 719.1462 11092.7908 -3438.9084 0.1927 0.1959 0.7674 -0.5792
8891.0000 719.1321 11092.7917 -3438.8772 0.1923 0.1971 0.7675 -0.5789
8892.0000 719.1207 11092.7749 -3438.8867 0.1927 0.1966 0.7677 -0.5787
8893.0000 719.1228 11092.7632 -3438.9292 0.1929 0.1951 0.7680 -0.5787
