1.000000000000000000e+00 0.000000000000000000e+00 0.000000000000000000e+00 0.000000000000000000e+00 0.000000000000000000e+00 1.000000000000000000e+00 0.000000000000000000e+00 0.000000000000000000e+00 0.000000000000000000e+00 0.000000000000000000e+00 1.000000000000000000e+00 0.000000000000000000e+00
9.999998442488563510e-01 -5.107561284498734729e-04 2.250120889704103507e-04 -3.855020384716122475e-03 5.106519708298619094e-04 9.999997625658716416e-01 4.627123999440401771e-04 -2.010806586346062922e-04 -2.252483687388423257e-04 -4.625974250093614474e-04 9.999998676333886616e-01 1.674411643290377519e-02
9.999999380378931102e-01 -2.717449986197903000e-04 2.237830772621065656e-04 2.449561422738557974e-03 2.716534590398291611e-04 9.999998794683083725e-01 4.089838222677083740e-04 -2.040948296389484030e-03 -2.238941895973713667e-04 -4.089230054791962539e-04 9.999998913266777700e-01 1.132857629262309929e-02
9.999999603801523751e-01 -2.553761010613973988e-04 1.184176533422972162e-04 -3.807586274680082455e-04 2.553405095048403954e-04 9.999999222572982793e-01 3.004773230741033889e-04 -3.125081936909721719e-03 -1.184943788634129261e-04 -3.004470743452988704e-04 9.999999478453175383e-01 1.319111237871185838e-02
9.999999492530986522e-01 -3.052143028896557348e-04 9.131281136885928851e-05 -4.853666239988181641e-03 3.051709918880671853e-04 9.999998411195214487e-01 4.739531597761631053e-04 -2.905115175676500038e-03 -9.145745414429954756e-05 -4.739252697032913706e-04 9.999998835151796550e-01 1.157850474225828076e-02
9.999999202798681708e-01 -3.839499859199180460e-04 1.096479167952762269e-04 -2.469700830972974478e-03 3.839030066053356364e-04 9.999998346503691238e-01 4.281561817532601863e-04 -2.030600314735761351e-03 -1.098122892249893341e-04 -4.281140534556672483e-04 9.999999023298044021e-01 1.330379882413698991e-02
9.999999101814289748e-01 -3.569402469926163360e-04 2.285405740100496740e-04 -6.003903419630575618e-03 3.568761188704934755e-04 9.999998969577802432e-01 2.805777336839223256e-04 -9.317302068261346408e-04 -2.286406999462833943e-04 -2.804961478097741105e-04 9.999999345226685543e-01 1.204839728657587303e-02
9.999999073567925612e-01 -3.504370018408870815e-04 2.499606248443938627e-04 -4.742454813781374866e-03 3.503495977986560250e-04 9.999998775072268531e-01 3.496293618074193207e-04 7.142469142379444420e-04 -2.500831172913311183e-04 -3.495417558122540709e-04 9.999999076394934239e-01 1.310649148582686621e-02
9.999999200455559345e-01 -2.792549568034962348e-04 2.862263980319478896e-04 4.897968667943613554e-04 2.791241914135487545e-04 9.999998567125507609e-01 4.567981651434148524e-04 -1.637791098176613960e-03 -2.863539201711724812e-04 -4.567182359084596510e-04 9.999998547049321340e-01 1.345126384819617452e-02
9.999999357762971997e-01 -3.392991087350699848e-04 1.154275369351688845e-04 -5.360035293427668421e-04 3.392609596584609069e-04 9.999998878816074299e-01 3.303615804853661454e-04 -6.876224946269133588e-03 -1.155396153834379800e-04 -3.303223992113705847e-04 9.999999387688530694e-01 1.294251560799545599e-02
9.999998964471226159e-01 -4.068203523353136597e-04 2.039679998328181758e-04 -1.629610464404385043e-03 4.067141474123123061e-04 9.999997818496487723e-01 5.204654235263336988e-04 -7.886697658560898327e-03 -2.041796912641047118e-04 -5.203824129594901773e-04 9.999998437563867304e-01 1.102621773736929892e-02
9.999999367316599885e-01 -2.725672838026443976e-04 2.285689212683033819e-04 -1.690137176380463813e-03 2.724962875673664050e-04 9.999999146411835405e-01 3.105855741503687909e-04 -4.506294321882769668e-03 -2.286535572242652319e-04 -3.105232703176361627e-04 9.999999256464219277e-01 1.194694981913596056e-02
9.999999237743306679e-01 -3.496734778669645838e-04 1.737233197067909382e-04 2.576911001450360970e-03 3.495991277591967475e-04 9.999998473725877357e-01 4.278261926075883730e-04 -8.189253271697805384e-03 -1.738728926645418586e-04 -4.277654264752095122e-04 9.999998933924728606e-01 1.277029112832968327e-02
9.999999405862237678e-01 -2.920085608823709978e-04 1.831899270998406880e-04 -2.832900753181444471e-03 2.919337802913869219e-04 9.999998741114777268e-01 4.081074572700073961e-04 -4.163623451274669519e-03 -1.833090749096142539e-04 -4.080539536948727124e-04 9.999998999448719283e-01 1.076712773111876582e-02
9.999999474545540057e-01 -2.622716175090512272e-04 1.905373660866301489e-04 5.353456441475838018e-04 2.621969963153595001e-04 9.999998889687183867e-01 3.915549591576437298e-04 -1.434790146586700050e-03 -1.906400386835041582e-04 -3.915049802581400517e-04 9.999999051901085068e-01 1.330935763454881710e-02
9.999999357775198883e-01 -1.871113166283866545e-04 3.056702654672161000e-04 -4.245501877445718129e-03 1.869880575081019785e-04 9.999999012241712615e-01 4.032209245400272509e-04 -4.120146879816382821e-03 -3.057456824724651048e-04 -4.031637419550017799e-04 9.999998719892791987e-01 9.489916617175117586e-03
9.999999104476883227e-01 -3.792277577536379328e-04 1.878587847936997828e-04 1.805147005267905905e-03 3.791524860986599183e-04 9.999998478992052631e-01 4.005558121699197261e-04 -2.149949338411579966e-03 -1.880106581027336961e-04 -4.004845491739307734e-04 9.999999021320543635e-01 1.219411060025234542e-02
9.999999632621877632e-01 -2.491921756759351387e-04 1.066718462952126017e-04 -1.389612880695412570e-03 2.491498429435639586e-04 9.999998902848189486e-01 3.966796010034779295e-04 -7.936128657588834706e-03 -1.067706840445120019e-04 -3.966530091565862544e-04 9.999999156332021188e-01 1.266524571901994980e-02
9.999999557686807261e-01 -2.775524361394260896e-04 1.068984649667993213e-04 -2.255610544944638366e-03 2.775277823223432062e-04 9.999999349069369492e-01 2.305741787055837970e-04 -1.581251008463541163e-03 -1.069624544334613710e-04 -2.305445012130678015e-04 9.999999677041325752e-01 1.127533190851412286e-02
9.999999212905724688e-01 -3.945957907444616348e-04 4.138853336480124968e-05 -3.435156272450576396e-03 3.945816729187803448e-04 9.999998641620612139e-01 3.405600719356609383e-04 -8.283103557725379762e-03 -4.152291131354963376e-05 -3.405437139736379243e-04 9.999999411529115756e-01 1.281440452245521250e-02
9.999999078502190830e-01 -4.237799153850767622e-04 6.863043497681926472e-05 -8.444488596108815082e-03 4.237540395488026369e-04 9.999998392993822982e-01 3.766081830980646064e-04 -4.772305792418182410e-03 -6.879002293183259084e-05 -3.765790659696456404e-04 9.999999267280672566e-01 1.152490517415991761e-02
9.999999597470450308e-01 -2.481843873116486624e-04 1.375151561811999179e-04 1.712884669464391496e-03 2.481247462026400547e-04 9.999998752328729257e-01 4.335531672688136421e-04 -3.753496924071075130e-03 -1.376227401510145927e-04 -4.335190289037910844e-04 9.999998965606111678e-01 1.129539614247603192e-02
9.999999601278398709e-01 -2.425792581802186417e-05 2.813465332939124207e-04 1.408331749988608189e-03 2.416234743372836310e-05 9.999999420045819765e-01 3.397160780015541070e-04 -7.789458133089779621e-03 -2.813547577845219166e-04 -3.397092664636535472e-04 9.999999027185525469e-01 1.309044505030499544e-02
9.999999628546240027e-01 -1.960686956919577978e-04 1.893351979109179082e-04 1.514254120442574568e-03 1.960105473657281438e-04 9.999999336383644799e-01 3.070881501028213515e-04 -1.992871842664450596e-03 -1.893953957193776475e-04 -3.070510270001384242e-04 9.999999349245233260e-01 1.090321688700513630e-02
9.999999222098544527e-01 -3.703994350517889078e-04 1.355896140966698156e-04 -4.798366563764972295e-03 3.703289148391435766e-04 9.999997963547891944e-01 5.197565535085727590e-04 -5.119059189672345994e-03 -1.357821040182782932e-04 -5.197063003219828730e-04 9.999998557342804073e-01 1.244459055943107628e-02
9.999999458616299908e-01 -3.129336294901971581e-04 1.017314136768278517e-04 -2.040510586813822080e-03 3.129002101740189384e-04 9.999998971380634760e-01 3.283554795825242563e-04 -2.379139369549117602e-03 -1.018341566845263843e-04 -3.283236300251730845e-04 9.999999409166975273e-01 1.299778130375981409e-02
9.999999140144497645e-01 -3.665895873946321305e-04 1.938637859807450443e-04 -6.664400336273713747e-03 3.665285283106705727e-04 9.999998832472551946e-01 3.149004826734053781e-04 -5.128386420551528033e-03 -1.939792025846295398e-04 -3.148293989883458113e-04 9.999999316272568661e-01 1.303864949880913747e-02
9.999999553507840089e-01 -2.432723174957705304e-04 1.735425294274348345e-04 6.048063881912528472e-04 2.431916178456145644e-04 9.999998623706588541e-01 4.648833189677343061e-04 -4.485800695385811290e-04 -1.736555987852612731e-04 -4.648410941225620836e-04 9.999998768832375484e-01 1.259971013680467183e-02
9.999999545287531211e-01 -3.012511507112939691e-04 1.379260034280916767e-05 -3.269477068156383115e-04 3.012438753279730029e-04 9.999998170850847856e-01 5.244825302791290356e-04 -4.417793452698935350e-03 -1.395059878571140522e-05 -5.244783514938763111e-04 9.999998623639103634e-01 1.224023218578768404e-02
9.999999297421371391e-01 -3.627600927507974968e-04 9.445017670185873048e-05 -2.167959198293087798e-03 3.627163516247699517e-04 9.999998271638730341e-01 4.627192153566071125e-04 -4.717039197462342612e-03 -9.461801644293634872e-05 -4.626849242234402828e-04 9.999998884850397340e-01 1.093285346912974652e-02
9.999999658470440922e-01 -1.485562054593346233e-04 2.150278223805175931e-04 -5.026229665502166509e-03 1.484806953457999429e-04 9.999999273278743495e-01 3.511377637471152025e-04 -4.256706340482536988e-03 -2.150799704477644302e-04 -3.511058242741368950e-04 9.999999152326496388e-01 1.029620897669750353e-02
9.999999670115461425e-01 -1.235855939974735531e-04 2.251743935230699205e-04 -1.317814190978175599e-03 1.235191227550963382e-04 9.999999488032574879e-01 2.951889371713712620e-04 -6.735245521503016933e-03 -2.252108630950162675e-04 -2.951611140899897904e-04 9.999999310799895236e-01 1.221455226738394316e-02
9.999999886618159417e-01 -1.120852220322871229e-04 1.005647604319817958e-04 -8.155405700121130461e-04 1.120512405141741845e-04 9.999999366513367960e-01 3.378488446211070717e-04 -7.317615319240748824e-03 -1.006026219241013670e-04 -3.378375723843562864e-04 9.999999378724416799e-01 1.344204482451346987e-02
9.999999611844451186e-01 -2.775578252494060282e-04 2.434670071451275057e-05 -3.070858163414073166e-03 2.775492659563026437e-04 9.999998999317097903e-01 3.508603360806243068e-04 -6.309205894789960030e-03 -2.444408231002885066e-05 -3.508535650528738859e-04 9.999999381521293973e-01 1.312532784194849617e-02
9.999999351752083543e-01 -3.318750406118470319e-04 1.396729623272307337e-04 -4.317110064213302081e-03 3.318343617267421278e-04 9.999999025540732278e-01 2.911662762047485635e-04 -9.107991239911834500e-03 -1.397695795364097297e-04 -2.911199090416510381e-04 9.999999478568302180e-01 1.167412891547855297e-02
9.999999376826211872e-01 -2.797458383009036550e-04 2.153532439739506575e-04 -4.520591968569664595e-03 2.796737618779687848e-04 9.999999048970907856e-01 3.346466739838110569e-04 -1.332524456594731330e-02 -2.154468395075788206e-04 -3.345864244776326746e-04 9.999999208172888343e-01 1.156526640397208434e-02
9.999999558642946873e-01 -1.589849046737370813e-04 2.509884633163611913e-04 1.510954122548772462e-03 1.588950501090057737e-04 9.999999233005774091e-01 3.579821257074176357e-04 -8.421403819092640117e-03 -2.510453578198214406e-04 -3.579422290831686497e-04 9.999999044267898762e-01 1.086761445582569083e-02
9.999999696417876116e-01 -1.290259992406712507e-04 2.099254998153517518e-04 4.939362294396117820e-03 1.289679807107160195e-04 9.999999534943168067e-01 2.763668291910952382e-04 -7.727507371543285500e-03 -2.099611485589163260e-04 -2.763397471332814694e-04 9.999999397763282838e-01 1.090468350014194704e-02
9.999999241732844268e-01 -3.449917040831349522e-04 1.806492443170221369e-04 -4.112180107128585518e-03 3.449311145457375680e-04 9.999998842906345775e-01 3.353225962761871570e-04 -6.035199135826558973e-03 -1.807649069281196054e-04 -3.352602593045918896e-04 9.999999274623008194e-01 1.140222928344025548e-02
9.999999307075000399e-01 -3.150936048830044298e-04 1.982448364679187825e-04 -1.670796403446202227e-03 3.150226842205097115e-04 9.999998864155839051e-01 3.576723749491288878e-04 -3.951740156378718595e-03 -1.983575142283845630e-04 -3.576098985445989127e-04 9.999999163847249628e-01 1.103520719640921355e-02
9.999999620314812265e-01 -1.967035182243685590e-04 1.929890205601338007e-04 5.122007786809786196e-03 1.966311722883327788e-04 9.999999104237754510e-01 3.748181200240869302e-04 -9.340610340779811546e-03 -1.930627313158089385e-04 -3.747801581354465368e-04 9.999999111333034429e-01 9.555939478972265769e-03
9.999999836234843009e-01 -8.494791378280731355e-05 1.598026376912887569e-04 5.764293656448059300e-05 8.489004740528761710e-05 9.999999308446189117e-01 3.620834671660913703e-04 -8.704212291877903157e-03 -1.598333848752274313e-04 -3.620698955829366604e-04 9.999999216793368229e-01 9.824480702088205300e-03
9.999999932995947693e-01 -7.034058050531059034e-05 9.194027001503233697e-05 -1.931230255506466171e-03 7.030060554179521531e-05 9.999999030365612773e-01 4.347236971005822605e-04 -3.213795893859564684e-03 -9.197083981740107551e-05 -4.347172307311015886e-04 9.999999012811421339e-01 1.031339842709222063e-02
9.999999171487098382e-01 4.066616848664394946e-04 1.813415565875202786e-05 3.714767669161208111e-03 -4.066672175673831510e-04 9.999998704483181733e-01 3.061455879004586385e-04 -9.896961981436675979e-03 -1.800965562885163413e-05 -3.061529371025264014e-04 9.999999529730145831e-01 9.906895497643296994e-03
9.999997723204470113e-01 6.744997568509450425e-04 -2.022701538746588302e-05 1.749292460336321700e-02 -6.744904963840378520e-04 9.999996692956213407e-01 4.543910410296986345e-04 -1.337386270299652062e-02 2.053349534499310976e-05 -4.543772946445004250e-04 9.999998965598194678e-01 1.114999481088995055e-02
9.999983783315267161e-01 1.789690578601216449e-03 -2.008530546755385340e-04 4.210941691981881507e-02 -1.789643305912884050e-03 9.999983709056893266e-01 2.352930195494361515e-04 -2.581813371833149851e-03 2.012738291672681260e-04 -2.349331826573921363e-04 9.999999521476214959e-01 1.166958127872119375e-02
9.999960288580064249e-01 2.812563642360946248e-03 -1.781964498736091898e-04 6.388234672926070001e-02 -2.812504965058581184e-03 9.999959908833964128e-01 3.286836712103546822e-04 -1.417331475056140752e-02 1.791201792067472398e-04 -3.281811875608000423e-04 9.999999301065323198e-01 1.451115377611576426e-02
9.999918307911174198e-01 4.041315710182411328e-03 -7.821994505837777780e-05 9.549966322580595579e-02 -4.041293016788117393e-03 9.999917924297927474e-01 2.881385133278157587e-04 -2.776822505466699023e-02 7.938376176330741701e-05 -2.878200497463752512e-04 9.999999554289176196e-01 1.389265237268775231e-02
9.999813862847499735e-01 6.095743167445062845e-03 -2.626771140200085558e-04 1.269993390637576824e-01 -6.095748899783656229e-03 9.999814205289955238e-01 -2.102767037163551575e-05 -2.598463909924628168e-02 2.625440543401899259e-04 2.262849269735265744e-05 9.999999652792848082e-01 1.590333068256153184e-02
9.999627693165523690e-01 8.623820503834079415e-03 -2.995007329857526761e-04 1.709423390878151705e-01 -8.623964012081423991e-03 9.999626971409197873e-01 -4.812186357526199816e-04 -1.841337825094477992e-02 2.953396176142851666e-04 4.837836031967842959e-04 9.999998393639548677e-01 1.581133634587988251e-02
9.999348409279891214e-01 1.140412121343685643e-02 -5.098212102097194600e-04 2.238450412453306115e-01 -1.140439125227951482e-02 9.999348273870887205e-01 -5.299419950340336031e-04 -1.410007362139308051e-02 5.037444610818737250e-04 5.357216650553598119e-04 9.999997296218712250e-01 2.081290465389589242e-02
9.998998485751726673e-01 1.413733476368920876e-02 -6.546641322700764076e-04 2.760626679400068895e-01 -1.413719666444744442e-02 9.999000417062168244e-01 2.150962030906480198e-04 -2.215251825604569111e-02 6.576395801899047018e-04 -2.058195453123716631e-04 9.999997625742205187e-01 2.108428509553548352e-02
9.998412035179619073e-01 1.781935049957148950e-02 -1.962027700274461604e-04 3.372049741076488250e-01 -1.781913057257610358e-02 9.998406533233695770e-01 1.070769599421804788e-03 -2.427119844111817054e-02 2.152519245644794906e-04 -1.067103402198522986e-03 9.999994074782934117e-01 2.142890359377830345e-02
9.997648538772985205e-01 2.168418037770411880e-02 1.824090218083071621e-04 4.217976388809826505e-01 -2.168439427878939355e-02 9.997640639678552210e-01 1.266271392844813123e-03 -2.177733500466042665e-02 -1.549079276579007445e-04 -1.269929063185397606e-03 9.999991816415193524e-01 2.046523663706416654e-02
9.996669543884891818e-01 2.580350045874061499e-02 3.995844317672869912e-04 4.995872672247894108e-01 -2.580397017272004906e-02 9.996662792467471137e-01 1.218712554313086801e-03 -3.448553806290308860e-02 -3.680040321954388153e-04 -1.228617532203985950e-03 9.999991775356577017e-01 2.280338593086253182e-02
9.995243807286333659e-01 3.083261007599758310e-02 6.020672250222672793e-04 5.906073996269427528e-01 -3.083333834916366853e-02 9.995237700282612048e-01 1.240320417298260884e-03 -4.060525188646486178e-02 -5.635381867688542181e-04 -1.258294239463177882e-03 9.999990495597078644e-01 2.625171766892349379e-02
9.993536467759752684e-01 3.593492618573104064e-02 9.847616895700523308e-04 7.024403645360088877e-01 -3.593573827533757398e-02 9.993537665516174506e-01 8.197522197341178176e-04 -5.026282936611140700e-02 -9.546675681208318179e-04 -8.546105085839598905e-04 9.999991791250195661e-01 2.860780274214984320e-02
9.991870860034129942e-01 4.028550338340426695e-02 1.498459593649352061e-03 7.982993181562008100e-01 -4.028605351016241454e-02 9.991881299998893740e-01 3.387623069551888534e-04 -6.052704556391638735e-02 -1.483595829195877205e-03 -3.988539457069229400e-04 9.999988199287764834e-01 3.273305121262443801e-02
9.990057746017403373e-01 4.454696162423585348e-02 1.740839574937116246e-03 9.048081924143799304e-01 -4.454682653769534428e-02 9.990072906221273419e-01 -1.163153336829231711e-04 -6.650370882330071398e-02 -1.744292921871587899e-03 3.865081144928956126e-05 9.999984779730004547e-01 3.709364854422905061e-02
9.988639986358016642e-01 4.761715322430675607e-02 1.821798043153184709e-03 1.013204995174340928e+00 -4.761662815819251576e-02 9.988656303377136947e-01 -3.305342437054971925e-04 -7.538537407789386302e-02 -1.835470550450624171e-03 2.434108763535855675e-04 9.999982858980327460e-01 3.904756009030494607e-02
9.987512337104068605e-01 4.987895897831097491e-02 2.839474102753639616e-03 1.121564564259712737e+00 -4.987657391051876499e-02 9.987549793930027286e-01 -9.047168790865463576e-04 -8.477505260156541211e-02 -2.881065235081619463e-03 7.619638591933212491e-04 9.999955594272349479e-01 3.899822658997275510e-02
9.986502125131087038e-01 5.190052212991459052e-02 2.022090543241484607e-03 1.238622564995967679e+00 -5.189866746037353346e-02 9.986518954691261385e-01 -9.591620087562860095e-04 -9.449571834531000913e-02 -2.069145562879932433e-03 8.529235392005093345e-04 9.999974955759018957e-01 4.348244547460070053e-02
9.985730562742872740e-01 5.334674340590592895e-02 2.444637194684734418e-03 1.358935855929106484e+00 -5.334412149576187728e-02 9.985755544535211969e-01 -1.125499750385044974e-03 -1.021753134285522668e-01 -2.501196688507211548e-03 9.934867020516206359e-04 9.999963784930914201e-01 4.228506724478619389e-02
9.985187101737609261e-01 5.434532736480638532e-02 2.640232289195593423e-03 1.489970562700556167e+00 -5.434152459250179285e-02 9.985212939780201413e-01 -1.491367634997616725e-03 -1.015245777861729232e-01 -2.717377024155356955e-03 1.345684239419472948e-03 9.999954024874496694e-01 4.228409751136068956e-02
9.985274646380725150e-01 5.422069725837891374e-02 1.737340576331321620e-03 1.621721769503590371e+00 -5.421889220615670746e-02 9.985285009863318351e-01 -1.069787794936316420e-03 -1.073965568333481724e-01 -1.792788721546794990e-03 9.740158131450240295e-04 9.999979185987316610e-01 4.375978877310427589e-02
9.985164606393938103e-01 5.445047080984374843e-02 1.551153253518607630e-04 1.745965345700889682e+00 -5.445046764614278056e-02 9.985164725583843826e-01 -2.454949011352572391e-05 -1.171968122377706756e-01 -1.562219388049092262e-04 1.606696797416709392e-05 9.999999876682791333e-01 4.546041718690933126e-02
9.984598621628676396e-01 5.546746464903568735e-02 -1.124284268009363317e-03 1.898220771335456414e+00 -5.546624756943698692e-02 9.984599718435254179e-01 1.086281175596145402e-03 -1.186465715806291621e-01 1.182806101287039524e-03 -1.022248323308014382e-03 9.999987779882995031e-01 4.080659388321180442e-02
9.984459944836362455e-01 5.569535424316149341e-02 -1.903579604700646405e-03 2.034851704818886997e+00 -5.569355039471772517e-02 9.984474210238948322e-01 9.878740630209989233e-04 -1.288729671554130207e-01 1.955644142914631390e-03 -8.803217946328392284e-04 9.999977002421176486e-01 3.534306348575073919e-02
9.984371478323441629e-01 5.575222570405770350e-02 -3.866672659740182441e-03 2.176604613274534028e+00 -5.575374077987856059e-02 9.984445097878952291e-01 -2.850674651850766705e-04 -1.278103909975888963e-01 3.844764942604661506e-03 5.002034120309816617e-04 9.999924837612944595e-01 3.677425895581676318e-02
9.984342396237378958e-01 5.571947632038751902e-02 -4.940557210499098989e-03 2.309064872272998059e+00 -5.572643378327644254e-02 9.984452521233038169e-01 -1.281830811908246876e-03 -1.445637052576490278e-01 4.861452948095514037e-03 1.555143406257256068e-03 9.999869738172689759e-01 4.222650679621428593e-02
9.984054452965149817e-01 5.618194689125647484e-02 -5.491415644042964284e-03 2.448241466945510147e+00 -5.618928320257855075e-02 9.984194240970039047e-01 -1.190814421918527568e-03 -1.548807268801774828e-01 5.415833772193085621e-03 1.497474311987280135e-03 9.999842130330043322e-01 4.375314676951166243e-02
9.984367365074000578e-01 5.557323016092643314e-02 -5.974887608426397712e-03 2.596457048647996313e+00 -5.558022136934696183e-02 9.984537135781658135e-01 -1.010363550604638722e-03 -1.683645920438531229e-01 5.909499554701540258e-03 1.340869662085032157e-03 9.999816397732321782e-01 4.260664750689361485e-02
9.984732961598726808e-01 5.491109443581175531e-02 -5.987366992305166898e-03 2.718198760534925817e+00 -5.492118071548493519e-02 9.984895157152962053e-01 -1.533269529579099621e-03 -1.761356012689946349e-01 5.894129660622265780e-03 1.859761945694662476e-03 9.999809000781210155e-01 4.019850526411318514e-02
9.984721992238210220e-01 5.493362775627964878e-02 -5.963549168143579202e-03 2.865206889989618588e+00 -5.495806339903115678e-02 9.984805956603517441e-01 -4.013895511510125018e-03 -1.896207488092056803e-01 5.733990283775896452e-03 4.335508192098213275e-03 9.999741620282704968e-01 4.294042973369546073e-02
9.984549819206064436e-01 5.525315084443611913e-02 -5.893929053146623395e-03 2.994257069000138216e+00 -5.527834077695312209e-02 9.984621496941082919e-01 -4.200079661989465640e-03 -1.926901218224829349e-01 5.652797437426785102e-03 4.519397081691821361e-03 9.999738101226198772e-01 5.696126798874687897e-02
9.984430117899658619e-01 5.543390270199912567e-02 -6.215676874432838478e-03 3.132817129241070919e+00 -5.545639905647253148e-02 9.984549501331986265e-01 -3.507186650452635140e-03 -1.961572070737591655e-01 6.011656300166973513e-03 3.846425059342126369e-03 9.999745321770907580e-01 5.699366426852943424e-02
9.984661040029121359e-01 5.495784873987612923e-02 -6.713718725912591785e-03 3.266095286185416224e+00 -5.497169782728730109e-02 9.984861131744587892e-01 -1.895846973606097512e-03 -2.038832948970613901e-01 6.599363244373647637e-03 2.262003458620459161e-03 9.999756655764788782e-01 5.522658484470261558e-02
9.984459983308953124e-01 5.521561259557400403e-02 -7.538205536944940846e-03 3.401060917458470723e+00 -5.522063256858689151e-02 9.984740711729973572e-01 -4.592754569391202047e-04 -2.136891923061174092e-01 7.501343596107240552e-03 8.748262202945817191e-04 9.999714818550263784e-01 5.279984662473778678e-02
9.983792180230329771e-01 5.641298273611804887e-02 -7.517472882002229802e-03 3.533376667964661877e+00 -5.642172169058882331e-02 9.984065687981037440e-01 -9.553545242806007597e-04 -2.150515007520505673e-01 7.451599907867524804e-03 1.377954865650911223e-03 9.999712870373835827e-01 4.999885352582071618e-02
9.983425057826998961e-01 5.706777319266385928e-02 -7.450530877090307848e-03 3.661490663485626573e+00 -5.708656211236785849e-02 9.983665046971741397e-01 -2.333821959401310812e-03 -2.219665291532647855e-01 7.305174447647849560e-03 2.755278856684525296e-03 9.999695209678699515e-01 5.714116017651670737e-02
9.982211842096825327e-01 5.909550371812632291e-02 -7.885989812323487488e-03 3.795115260683264324e+00 -5.911532787080182177e-02 9.982484993519640248e-01 -2.304680515694052054e-03 -2.371990433466711901e-01 7.735981240072507294e-03 2.766763786942404244e-03 9.999662492366432343e-01 6.535860272226269585e-02
9.980248864825589372e-01 6.228427080565432372e-02 -8.185082264898970589e-03 3.926762912869095512e+00 -6.230048165729541731e-02 9.980559206519087345e-01 -1.740470321474399005e-03 -2.549583711450720269e-01 8.060765890673435297e-03 2.246967262523542289e-03 9.999649869827327286e-01 6.459801604223780469e-02
9.976538045598202231e-01 6.796849410448584095e-02 -8.195734041839704970e-03 4.060087265143030422e+00 -6.797925188281660203e-02 9.976861920322224186e-01 -1.040933089055834501e-03 -2.587612957496566723e-01 8.106020032585255913e-03 1.595630725383555314e-03 9.999658726185707280e-01 6.523494556345037221e-02
9.970409203000893950e-01 7.640004856310247949e-02 -8.510923963143741944e-03 4.187949058928381874e+00 -7.641176336546984249e-02 9.970757845229294425e-01 -1.059404249695825766e-03 -2.667826728492945776e-01 8.405097651441827827e-03 1.706604095979798131e-03 9.999632202415893456e-01 6.734705627112456960e-02
9.961563659814955951e-01 8.719988453480356783e-02 -8.287017054258221868e-03 4.306144236750645504e+00 -8.721007614836584487e-02 9.961895580275358375e-01 -8.758396537607036686e-04 -2.822831460893556743e-01 8.179066739969214836e-03 1.595184635017419649e-03 9.999652785238312136e-01 7.080293579977255114e-02
9.949822622328788890e-01 9.973355522030764864e-02 -7.969680361243104694e-03 4.430658387363323847e+00 -9.974194501960630121e-02 9.950131190613323851e-01 -6.612862803123664961e-04 -3.151695784670359157e-01 7.863984082408383147e-03 1.452879539583709764e-03 9.999680229364312778e-01 7.122253228825239924e-02
9.933651269996112143e-01 1.147169344230933030e-01 -8.108601458575157017e-03 4.554963067002296029e+00 -1.147227802959082943e-01 9.933975121374050143e-01 -2.579930057484523137e-04 -3.500141908277888958e-01 8.025468349140231494e-03 1.186522558559521953e-03 9.999670914695117929e-01 7.435185910907249340e-02
9.912066820049720839e-01 1.320759078063746261e-01 -8.078869092645993982e-03 4.673031211976171662e+00 -1.320820942805566722e-01 9.912387529129966790e-01 -2.347210029031133148e-04 -3.808282763185845132e-01 7.977087134802118146e-03 1.299730975659617793e-03 9.999673378567095483e-01 7.711733742909428202e-02
9.884513264520392584e-01 1.513458093941549842e-01 -7.643377135287230881e-03 4.792484277987454355e+00 -1.513536244036042255e-01 9.884795783259882063e-01 -4.512342732239972565e-04 -4.176512387078780142e-01 7.487029791367751791e-03 1.602875948018241733e-03 9.999706871571778510e-01 7.810177322327711835e-02
9.850389859987485064e-01 1.721459044749135414e-01 -7.998977126559740983e-03 4.909031592791272658e+00 -1.721584941657876844e-01 9.850688447154634098e-01 -9.077761346806996479e-04 -4.581855287306083602e-01 7.723273213200270923e-03 2.271286740194844184e-03 9.999675956286874223e-01 7.886701108178983954e-02
9.809328320786574462e-01 1.941660399601145559e-01 -8.386171733964439129e-03 5.020363403945509617e+00 -1.941800070653972865e-01 9.809655223203485042e-01 -8.768550895121255285e-04 -4.990719206273965813e-01 8.056289854927126820e-03 2.488562832830563780e-03 9.999644509925342817e-01 8.086647035877980727e-02
9.759839390710915996e-01 2.176714925600246042e-01 -8.629716215902420023e-03 5.134766357442255291e+00 -2.176884536541530135e-01 9.760177256401172396e-01 -1.066012174672941988e-03 -5.405889119250643082e-01 8.190715532816500444e-03 2.919000339849005428e-03 9.999621950934327597e-01 8.253076270342865617e-02
9.701806722467004596e-01 2.422338441372766105e-01 -8.498703043292837878e-03 5.250532234728185976e+00 -2.422535823000009358e-01 9.702120141998391567e-01 -1.359913639807006341e-03 -5.928573952126485747e-01 7.916126689054281407e-03 3.378203186407028030e-03 9.999629606547805194e-01 8.270278358256130669e-02
9.635356038416679203e-01 2.674454499917358063e-01 -8.489488099430772539e-03 5.368127002021781280e+00 -2.674682602811034871e-01 9.635652499063785958e-01 -1.654966784576862365e-03 -6.519370409737635930e-01 7.737562385682704436e-03 3.865288032747049574e-03 9.999625941387765282e-01 8.603167211922685409e-02
9.556553346541718508e-01 2.943542701407685369e-01 -8.856918025940933512e-03 5.476395799864222091e+00 -2.943808750333374302e-01 9.556864146698669238e-01 -1.837724152776197290e-03 -7.129826894092103906e-01 7.923494281525908164e-03 4.363538168798423295e-03 9.999590880496161960e-01 8.677048859966808581e-02
9.467783166548570106e-01 3.217644210527915161e-01 -8.858693851640080455e-03 5.599960454299015566e+00 -3.217943213081148612e-01 9.468071616110553812e-01 -2.147904994777973496e-03 -7.765316747082973148e-01 7.696355374131517643e-03 4.884267250955339271e-03 9.999584541606597599e-01 8.812194908721923681e-02
9.365026849187895186e-01 3.505431655113346867e-01 -9.066986996320382935e-03 5.712244678758233718e+00 -3.505757413308444592e-01 9.365316964141444656e-01 -2.243034099935940252e-03 -8.426709902904085947e-01 7.705240439287504295e-03 5.279273144826552785e-03 9.999563783209921564e-01 8.977961008566792689e-02
9.250784301060748227e-01 3.796617907117172397e-01 -9.317876692264933855e-03 5.823037737310817086e+00 -3.796982067903114100e-01 9.251071826319288149e-01 -2.443850043881986601e-03 -9.214211068674305061e-01 7.692198171001785566e-03 5.798734033155243141e-03 9.999536013090360997e-01 9.088967158962275861e-02
9.124011322012968161e-01 4.091786313437523193e-01 -9.849954794074793074e-03 5.941934647135679981e+00 -4.092227943875696994e-01 9.124298978745674082e-01 -2.895862261126083345e-03 -1.004101929197670939e+00 7.802468290259174238e-03 6.673014031172971872e-03 9.999472947972404269e-01 9.106688645527584447e-02
8.984765035554490575e-01 4.389049232465750405e-01 -1.012130963330708580e-02 6.035361731600753288e+00 -4.389569329956254373e-01 8.985010861639746160e-01 -3.550934698325765651e-03 -1.088736561507229972e+00 7.535484977706046611e-03 7.633250426641013595e-03 9.999424733223781780e-01 9.559599594660959931e-02
8.830126615117742661e-01 4.692447737020971066e-01 -9.898583896720200559e-03 6.146881419507940869e+00 -4.692963119064513244e-01 8.830333453472107852e-01 -3.616992661904801665e-03 -1.181773668671612487e+00 7.043524749403204215e-03 7.839219232884496111e-03 9.999444661584578897e-01 9.524916731772582745e-02
8.664085333600727301e-01 4.992343737939559656e-01 -1.006445941938122549e-02 6.241130977085821208e+00 -4.992865327188720226e-01 8.664302012778771767e-01 -3.415341731659131408e-03 -1.272219206905979005e+00 7.015095609790290149e-03 7.984130267842882295e-03 9.999435194536997473e-01 1.022242817372014390e-01
8.478764880233811141e-01 5.300982869825329180e-01 -1.006316030486815311e-02 6.350549074113148507e+00 -5.301481776808426583e-01 8.478997890903221535e-01 -2.976132098692655433e-03 -1.353893425607807011e+00 6.954908972729101357e-03 7.858358529069226980e-03 9.999449362051940904e-01 9.742844835751163224e-02
8.285296463251085042e-01 5.598548129636358173e-01 -1.006049510922969736e-02 6.449163297742329881e+00 -5.599055888166617478e-01 8.285510090712437936e-01 -2.992821226046997202e-03 -1.453706790670568072e+00 6.660088006766437009e-03 8.112568549851395874e-03 9.999449132123560124e-01 9.937813663926782504e-02
8.082957096741081315e-01 5.886961797889564973e-01 -9.739282536143010344e-03 6.543069937294553107e+00 -5.887482488758832844e-01 8.083087339499419599e-01 -3.534128721902086382e-03 -1.568205911079296966e+00 5.791819058904353751e-03 8.590606621811163954e-03 9.999463267145183298e-01 9.993391899348293139e-02
7.866274652186098226e-01 6.173556272183383653e-01 -9.447777812629983354e-03 6.631518689428898661e+00 -6.174105147290070983e-01 7.866280810459870265e-01 -4.529725374735745977e-03 -1.685647898572427916e+00 4.635435881051168036e-03 9.396363752005969239e-03 9.999451090347072357e-01 9.600428797536218750e-02
7.644408533359485780e-01 6.446165656734544891e-01 -9.983236467588843879e-03 6.720312247533576588e+00 -6.446819419442312293e-01 7.644292405852579630e-01 -5.755855215413918299e-03 -1.802255318585424426e+00 3.921158250028231734e-03 1.083602314536282786e-02 9.999336003557293129e-01 9.914310303773817001e-02
7.423572846531292235e-01 6.699219205304471902e-01 -1.050153870774778522e-02 6.800635303470132342e+00 -6.699959838344595742e-01 7.423347029783492479e-01 -6.676106630420456517e-03 -1.906598162350765513e+00 3.323186441914266140e-03 1.199204514848681638e-02 9.999225706448618967e-01 1.006420057051748973e-01
7.203085462879474932e-01 6.935694863697443591e-01 -1.081506917930572485e-02 6.872841801934038486e+00 -6.936491679744833938e-01 7.202731737687281255e-01 -7.575415330569232851e-03 -2.020408719637176276e+00 2.535727282446499989e-03 1.295850014210164769e-02 9.999128198804214662e-01 9.986240781959694612e-02
6.986024862002808700e-01 7.154253130955005036e-01 -1.100852655860222115e-02 6.927997091170745136e+00 -7.155078335704646575e-01 6.985555757669228427e-01 -8.285388599406582830e-03 -2.125574640440960561e+00 1.762490875641490110e-03 1.366488006342929905e-02 9.999050778342739587e-01 1.014943506948171453e-01
6.779589470845236443e-01 7.350162519739991129e-01 -1.108040622625604960e-02 6.991587762674454254e+00 -7.350989921990180864e-01 6.779030828530627772e-01 -8.768233932879957587e-03 -2.231310098327168312e+00 1.066647098266585401e-03 1.408969809500263196e-02 9.999001663524010874e-01 1.030104123034293467e-01
6.579099011751083914e-01 7.530013691117722896e-01 -1.197915070260691800e-02 7.031588118596830306e+00 -7.530962921414103839e-01 6.578418268322550055e-01 -9.492398688473768428e-03 -2.330692951088610965e+00 7.325971735262903212e-04 1.526659706018494538e-02 9.998831903355427375e-01 1.007030951359828702e-01
6.391952253537834805e-01 7.689472290810681621e-01 -1.223203881097486428e-02 7.068149407039789445e+00 -7.690443432892644093e-01 6.391248104520044215e-01 -9.501300935848853990e-03 -2.402768001636740536e+00 5.118004592195362842e-04 1.548016644731898053e-02 9.998800440588127003e-01 1.043151824631737556e-01
6.216078230442982910e-01 7.832295178443232642e-01 -1.245940237239883189e-02 7.097164811405365370e+00 -7.833286115311185460e-01 6.215297190427019336e-01 -9.853664467096763871e-03 -2.495477240652555828e+00 2.620798639308297845e-05 1.588492127927967207e-02 9.998738263346493849e-01 1.037583603835098567e-01
6.045328696430788407e-01 7.964892376631549364e-01 -1.203759975538293975e-02 7.147874351509468482e+00 -7.965795339677419484e-01 6.044438465420050033e-01 -1.042508710947841893e-02 -2.573846277526555149e+00 -1.027416585123682759e-03 1.589121342980520657e-02 9.998731988361768686e-01 1.056775947040230201e-01
5.890296273686423945e-01 8.080277599842242697e-01 -1.162915202562268130e-02 7.181837875651795322e+00 -8.081102397359634093e-01 5.889429661235826563e-01 -1.019917091925697655e-02 -2.640404137410651053e+00 -1.392305944111166781e-03 1.540525067739094076e-02 9.998803627113219683e-01 1.054402464200279166e-01
5.737145140990053127e-01 8.189770818364253691e-01 -1.132235571051345285e-02 7.209985589400165651e+00 -8.190541063896757956e-01 5.736347982739258278e-01 -9.668971788259348582e-03 -2.704883794766414162e+00 -1.423769065521346237e-03 1.482085139003884097e-02 9.998891514791639068e-01 1.039333236049341663e-01
5.581640357245477579e-01 8.296653976272321263e-01 -1.040371105580381074e-02 7.245993325735765822e+00 -8.297290745833880710e-01 5.580948792944517844e-01 -8.931321084017306011e-03 -2.767966352210954994e+00 -1.603750192604518413e-03 1.361740376717190254e-02 9.999059927312974327e-01 1.047163073935468147e-01
5.423278463537927196e-01 8.401083418241719336e-01 -9.923762728787494797e-03 7.251915980321773425e+00 -8.401645759131692870e-01 5.422603890957101713e-01 -8.783837339886017836e-03 -2.837249494355597257e+00 -1.998111583859073399e-03 1.310131349175707241e-02 9.999121777110673293e-01 1.047596001826750084e-01
5.257226806607051550e-01 8.506098422263739245e-01 -8.863371059899118748e-03 7.289807437356711439e+00 -8.506518594445924286e-01 5.256589866710090764e-01 -8.604868125954873159e-03 -2.911477727004570415e+00 -2.660274869161509490e-03 1.206341741095942610e-02 9.999236955378092429e-01 1.078116471425766137e-01
5.092883575845854605e-01 8.605555052368423219e-01 -8.342136138805380380e-03 7.298406008225669872e+00 -8.605903852649474661e-01 5.092263219691951504e-01 -8.528880539377198255e-03 -2.981180204880766293e+00 -3.091539798338248726e-03 1.152282171556170964e-02 9.999288309481764170e-01 1.068059012378970440e-01
4.922302456064072684e-01 8.704359692473188082e-01 -7.113982761892207775e-03 7.334243989821221277e+00 -8.704569730623196167e-01 4.921740614772327493e-01 -8.327740160997807242e-03 -3.047361479876901313e+00 -3.747446789478439851e-03 1.029158148612850480e-02 9.999400181976288993e-01 1.115800468326957617e-01
4.747084946544258832e-01 8.801220643207414707e-01 -6.082515822096182939e-03 7.356739652046694111e+00 -8.801324887862187474e-01 4.746575385258232638e-01 -8.186776141033524912e-03 -3.116478141120677670e+00 -4.318250329217666189e-03 9.239751966565859509e-03 9.999479884962469978e-01 1.099907832921883655e-01
4.581691073912349532e-01 8.888565484194198563e-01 -3.886562007057655331e-03 7.387621397377666987e+00 -8.888476552527199148e-01 4.581284125523011896e-01 -8.258532802533953207e-03 -3.204610653710936230e+00 -5.560106479289477453e-03 7.238366129465717211e-03 9.999583447682782733e-01 1.142596673530175688e-01
4.421607875833002410e-01 8.969332882175825583e-01 -2.124714312720756611e-03 7.402920472676385977e+00 -8.969094866537797861e-01 4.421284263104509060e-01 -8.707892896531002278e-03 -3.289497504120438620e+00 -6.871002413689561092e-03 5.755965204829485010e-03 9.999598282883127576e-01 1.149927862705977383e-01
4.259114543636713934e-01 9.047647223665596927e-01 4.797945232738430599e-04 7.435946244002552774e+00 -9.047250214805510060e-01 4.258976214200765886e-01 -9.157050602549409585e-03 -3.373848538969485222e+00 -8.489319692344864110e-03 3.466010629438374523e-03 9.999579582269835232e-01 1.212155502627992598e-01
4.100102729039484251e-01 9.120734945893936851e-01 3.676490272122846965e-03 7.469477244588814457e+00 -9.120208650453583976e-01 4.100262022616427693e-01 -9.821159850581032136e-03 -3.473702675496917358e+00 -1.046507692977089593e-02 6.737405922577063486e-04 9.999450126074275191e-01 1.246670675373135334e-01
3.938540593096672149e-01 9.191430141820768895e-01 7.422900079051497624e-03 7.507365642443487808e+00 -9.190871427140310246e-01 3.939148011039823594e-01 -1.048587473550364677e-02 -3.571679335224138718e+00 -1.256200871898081536e-02 -2.692387694316399592e-03 9.999174700871306110e-01 1.252323314634883888e-01
3.778307752814398235e-01 9.258190371062714474e-01 1.014966905088550593e-02 7.536257169942035539e+00 -9.257583073524068284e-01 3.779343829759184148e-01 -1.171147013053875328e-02 -3.678321511544370814e+00 -1.467861090951043911e-02 -4.971186601627991183e-03 9.998799056314408018e-01 1.251051983738299400e-01
3.622820526270240649e-01 9.319813515593984299e-01 1.274655600025057477e-02 7.573858749513124877e+00 -9.319128683617619036e-01 3.624375937770133449e-01 -1.331902394631108606e-02 -3.782836079247064998e+00 -1.703291302460976930e-02 -7.053436229669267712e-03 9.998300500141261704e-01 1.280542310714663512e-01
3.470034590991866175e-01 9.377640977850004722e-01 1.367831417547439761e-02 7.607777830198685365e+00 -9.376769424427030541e-01 3.471885628190107820e-01 -1.490145828344529438e-02 -3.914749725918247769e+00 -1.872300682322575530e-02 -7.654982243851776724e-03 9.997954042014515208e-01 1.256472154165257926e-01
3.322056411888640870e-01 9.430925328278567665e-01 1.469307614604557603e-02 7.648532503573724384e+00 -9.429938073003867327e-01 3.324214356426060668e-01 -1.608317501085093637e-02 -4.029560785896307173e+00 -2.005221572337170105e-02 -8.512558349081563933e-03 9.997626943404803734e-01 1.311556792495573165e-01
3.194020564606299128e-01 9.475023785950207333e-01 1.488519013982151501e-02 7.674714992711204609e+00 -9.473895107191441234e-01 3.196311093600973097e-01 -1.700202660197776272e-02 -4.156802562051098882e+00 -2.086723048373687744e-02 -8.671590742856899112e-03 9.997446485007693839e-01 1.293501541734835836e-01
3.083737053956830954e-01 9.511561888140681598e-01 1.440702263597238436e-02 7.708536405050645968e+00 -9.510273895562862956e-01 3.085999199626545675e-01 -1.769162832525973325e-02 -4.281641423243354616e+00 -2.127350780413029413e-02 -8.245840147623573896e-03 9.997396881118442158e-01 1.289200040021497295e-01
2.985880086925194465e-01 9.543077535453730054e-01 1.191270700637586319e-02 7.725673479001237354e+00 -9.541667818672860957e-01 2.987625187927459569e-01 -1.751313066362243653e-02 -4.424004738566045702e+00 -2.027198673201295945e-02 -6.137498496778600807e-03 9.997756636696749633e-01 1.205680207592503411e-01
2.899029605501080020e-01 9.570353083764393531e-01 6.300157545379344790e-03 7.753908720948733624e+00 -9.568930234985990602e-01 2.899687958583242464e-01 -1.654808170705476117e-02 -4.565148744605620479e+00 -1.766394757670104732e-02 -1.231238923815288974e-03 9.998432222137229042e-01 1.115042212917498610e-01
2.816593601237926681e-01 9.595134668911917686e-01 -1.382645689204084483e-03 7.789275600924894682e+00 -9.594150081307246669e-01 2.816091265908245989e-01 -1.480344535149255222e-02 -4.702119035892931898e+00 -1.381473952622358156e-02 5.496059970478576161e-03 9.998894670395440665e-01 1.147656595243454203e-01
2.749305380138321597e-01 9.614156621788547685e-01 -9.650066560356053771e-03 7.802388035514318254e+00 -9.614195614324003714e-01 2.748073590833961521e-01 -1.238314534923812445e-02 -4.835987436299848063e+00 -9.253440579364334215e-03 1.268226757342051127e-02 9.998767593691936240e-01 1.099729980620207104e-01
2.674081477755735348e-01 9.634923571990977598e-01 -1.324236089840515398e-02 7.826977963892413293e+00 -9.635570783376116166e-01 2.672741112635438343e-01 -1.105921488031164773e-02 -4.982849952334537313e+00 -7.116128773650459011e-03 1.571709474455569924e-02 9.998511557447276044e-01 1.057704797451294310e-01
2.587596878794350408e-01 9.658365608769868826e-01 -1.425347683381277680e-02 7.859272862591739184e+00 -9.659139997406093192e-01 2.586122788971376707e-01 -1.139448589131607931e-02 -5.140089841803841431e+00 -7.319086940030188060e-03 1.671606643154179006e-02 9.998334881816174358e-01 9.712747455685631637e-02
2.496873299592260453e-01 9.682523916808545295e-01 -1.198095414137468305e-02 7.893129776464107294e+00 -9.682923165665402454e-01 2.495554163647147883e-01 -1.149277343538614160e-02 -5.293837823646922125e+00 -8.137993366661508063e-03 1.447066575313706374e-02 9.998621769507161083e-01 1.048713987192872177e-01
2.407376337952925605e-01 9.705377728179701569e-01 -1.009074864306758364e-02 7.948495734567758930e+00 -9.705581052611013115e-01 2.406320714551122286e-01 -1.063816239783450628e-02 -5.445114015491652637e+00 -7.896580691955963280e-03 1.235466392726643735e-02 9.998924973679018668e-01 1.040796529024406586e-01
2.317189996571832333e-01 9.727327414361369717e-01 -9.865036037033422106e-03 7.966621430935600046e+00 -9.727548178039425730e-01 2.316235599242444376e-01 -9.929296412063156815e-03 -5.602239601628992816e+00 -7.373576953759547643e-03 1.189706796473670621e-02 9.999020402703203692e-01 1.003456982438749312e-01
2.216047404275461874e-01 9.750799265212425349e-01 -1.051075236926803276e-02 7.989839928784177481e+00 -9.751070627991785811e-01 2.215013025097707366e-01 -1.016804138632204299e-02 -5.770371172762147616e+00 -7.586507707689321353e-03 1.250239504267890156e-02 9.998930617916087504e-01 9.859724165028067866e-02
2.108419965738468349e-01 9.774526747004084193e-01 -1.148569552842850991e-02 8.024642222529443814e+00 -9.774899410067823258e-01 2.107285448517195459e-01 -1.033903357351056811e-02 -5.926316079634418088e+00 -7.685552114929581485e-03 1.340705432578845162e-02 9.998805844614615523e-01 1.045028926405993097e-01
2.000563583779344512e-01 9.797158845132341032e-01 -1.158616006322366922e-02 8.050583367769691634e+00 -9.797582181634598708e-01 1.999505927558530294e-01 -9.674419762711531159e-03 -6.094156971431058167e+00 -7.161523142571476694e-03 1.328706472604825224e-02 9.998860767593696908e-01 1.011497187577177492e-01
1.898251930301845247e-01 9.817506714257132616e-01 -1.148978878023725232e-02 8.085366862900849938e+00 -9.817986099519183663e-01 1.897350995828377407e-01 -8.490081434916954897e-03 -6.274813031497614269e+00 -6.155126930784614661e-03 1.289229000030318005e-02 9.998979464280411955e-01 9.781858616330017797e-02
1.791295555476516421e-01 9.837620021955228999e-01 -1.117700163538185888e-02 8.099856239263342417e+00 -9.838114153774990545e-01 1.790546551725405999e-01 -7.384404780684115238e-03 -6.447088936123304137e+00 -5.263202658381769053e-03 1.231882694492954580e-02 9.999102685743744834e-01 9.377970985236919188e-02
1.681130955927715442e-01 9.857031371663087516e-01 -1.128328279859829725e-02 8.120093016578115552e+00 -9.857570072886796542e-01 1.680469075495909514e-01 -6.584788856573852919e-03 -6.638063542517112836e+00 -4.594526252190655330e-03 1.222956432244151105e-02 9.999146604010770156e-01 9.222405303890995887e-02
1.573650818622747138e-01 9.874759277635830612e-01 -1.129261253788552480e-02 8.160348534621874705e+00 -9.875316891056850066e-01 1.573050965787944344e-01 -6.022424960865822852e-03 -6.844373633763289000e+00 -4.170614169718550417e-03 1.209953213093018301e-02 9.999181002960492171e-01 9.452292032133961797e-02
1.468033831201291939e-01 9.890996307300125023e-01 -1.143184999192298559e-02 8.172499152279844026e+00 -9.891577109825885339e-01 1.467459682584584257e-01 -5.713458109905388861e-03 -7.045214500013317505e+00 -3.973601410648624696e-03 1.214665755015611331e-02 9.999183312662032197e-01 9.680815047631627368e-02
1.372259772614339290e-01 9.904641272235236160e-01 -1.224107217477617485e-02 8.185920470370044555e+00 -9.905311647846407608e-01 1.371628020527958514e-01 -5.863217837354470045e-03 -7.263130715806666693e+00 -4.128287178373879485e-03 1.292974927712153832e-02 9.999078851717310146e-01 9.228365649610983934e-02
1.279353149800384060e-01 9.917082584746572671e-01 -1.213611363331602855e-02 8.209208196713793981e+00 -9.917720063104780159e-01 1.278680531141899168e-01 -6.168345943288928296e-03 -7.480130724006303744e+00 -4.565378390423580762e-03 1.282540704808629237e-02 9.999073288331289389e-01 9.271498665140191775e-02
1.186818337337032236e-01 9.928664152440735968e-01 -1.144132081488190983e-02 8.240768751109133206e+00 -9.929222568334594712e-01 1.186208333833257411e-01 -5.872799349139430636e-03 -7.703681925768366412e+00 -4.473726227160506469e-03 1.205733668057414748e-02 9.999172997832449505e-01 9.708591111853041855e-02
1.108848694329657159e-01 9.937800318209445427e-01 -1.028562515341817189e-02 8.245481315349239892e+00 -9.938235509466842865e-01 1.108321042130470113e-01 -5.567248820686875564e-03 -7.937507948210918762e+00 -4.392643231277337454e-03 1.083942017225927867e-02 9.999316034888445781e-01 9.277235834023520034e-02
1.034070715202024537e-01 9.945900923134273208e-01 -9.875516775530158303e-03 8.268311286757313638e+00 -9.946293842596199974e-01 1.033570342180432089e-01 -5.450820578538010351e-03 -8.176954742086032013e+00 -4.400628017102717858e-03 1.038613256309978139e-02 9.999363793379241194e-01 9.026688402582679072e-02
9.684870944517487423e-02 9.952410233723848476e-01 -1.075327278052118710e-02 8.300842694129508814e+00 -9.952891711744847880e-01 9.679379548447841763e-02 -5.516058240839713522e-03 -8.428988698455876616e+00 -4.448957362288416192e-03 1.123683907498782691e-02 9.999269674461187529e-01 9.161448858994561406e-02
9.014708190284059786e-02 9.958615807998985048e-01 -1.154190240516810018e-02 8.332916578156593701e+00 -9.959136577620841813e-01 9.007649660852301565e-02 -6.497002515120754197e-03 -8.686024515217326325e+00 -5.430461062314036885e-03 1.208042405971751151e-02 9.999122828764471782e-01 9.456937101672929780e-02
8.375340302408151860e-02 9.964273799797341846e-01 -1.085559342498230648e-02 8.335356838197476748e+00 -9.964628559401206287e-01 8.367138217784120258e-02 -7.802341706720263871e-03 -8.950208270371733832e+00 -6.866164398304922152e-03 1.147066829667720694e-02 9.999106357846599957e-01 9.552108267557640753e-02
7.841594382593120027e-02 9.968746377371087153e-01 -9.586260501189214356e-03 8.361814804990570948e+00 -9.968886828593972460e-01 7.833269732208758551e-02 -8.771688383797189917e-03 -9.198021146166212247e+00 -7.993356037650289209e-03 1.024427482813999347e-02 9.999155769826275630e-01 9.347625222269567713e-02
7.335024759366315372e-02 9.972642665992239586e-01 -9.150067882832362345e-03 8.357888284961379810e+00 -9.972662788964357095e-01 7.326208700523040296e-02 -9.624738110450200071e-03 -9.471233422866484730e+00 -8.928054323591888899e-03 9.831031072587705436e-03 9.999118164488530747e-01 8.997992341381819137e-02
6.851014500197138979e-02 9.975935761110317213e-01 -1.064973867344782416e-02 8.382980197859980720e+00 -9.975865710999396452e-01 6.838108818370469688e-02 -1.204408318960456699e-02 -9.731676361383797769e+00 -1.128685930073392713e-02 1.144917817209085108e-02 9.998707532107883322e-01 8.437760126263708915e-02
6.401911516547220682e-02 9.978595390156421718e-01 -1.333766429777965418e-02 8.387117936444596467e+00 -9.978600396906041059e-01 6.382958883305656084e-02 -1.418184677921276171e-02 -9.988821222468374117e+00 -1.330015346137509991e-02 1.421703150777986133e-02 9.998104730062646883e-01 8.814849038962323247e-02
6.139207464865914510e-02 9.980082921290324149e-01 -1.450730891742221633e-02 8.395930976892788777e+00 -9.980179265065342031e-01 6.117832212749574339e-02 -1.474555096503483119e-02 -1.025692639035088050e+01 -1.382864931696286930e-02 1.538381433053650181e-02 9.997860304658752195e-01 9.131065866284265864e-02
5.947069504837099174e-02 9.981509356015602075e-01 -1.256766438897343255e-02 8.428064337316021337e+00 -9.981211273891174018e-01 5.927350929121089074e-02 -1.551986326558081261e-02 -1.051812174720690329e+01 -1.474623646701913454e-02 1.346702840402999937e-02 9.998005739426357730e-01 8.886191583151947793e-02
5.687215877702433975e-02 9.983308005566412513e-01 -1.005834061745154197e-02 8.451832570154760305e+00 -9.982500994800426186e-01 5.669836033793373975e-02 -1.679389243370478166e-02 -1.078250910138482155e+01 -1.619556865707267104e-02 1.099584443894908309e-02 9.998083791211936910e-01 8.404372846219600179e-02
5.531956741301702341e-02 9.984137852279243441e-01 -1.047181589243055197e-02 8.442918651301045685e+00 -9.983238271288327192e-01 5.512984438324053382e-02 -1.761353017200758056e-02 -1.103502260653134748e+01 -1.700828174970069745e-02 1.142863618845138714e-02 9.997900302697535491e-01 8.225186347572654988e-02
5.344452094072371651e-02 9.984873460156756808e-01 -1.291135267852478591e-02 8.468895322512363322e+00 -9.984235901368777588e-01 5.321014959203196337e-02 -1.786098089640773129e-02 -1.129302757153170944e+01 -1.714694840503104903e-02 1.384557066235603782e-02 9.997571116693438897e-01 8.607824624587921691e-02
5.139227288962511242e-02 9.985729296795502474e-01 -1.452371847835963112e-02 8.462872611049247595e+00 -9.985388850827121576e-01 5.113644630104896560e-02 -1.746879610833289645e-02 -1.154845843090322965e+01 -1.670117555781251012e-02 1.540025879328907679e-02 9.997419180789044457e-01 8.797369840075924818e-02
4.932222616790615799e-02 9.986891563732330779e-01 -1.368528218057669943e-02 8.478583183843131366e+00 -9.986546746385186468e-01 4.909169703832427789e-02 -1.669868571271684865e-02 -1.180294278385521878e+01 -1.600496262028209757e-02 1.449048737680954345e-02 9.997669063072180951e-01 8.875234727761691089e-02
4.816649292320684950e-02 9.987656879897920392e-01 -1.212804410266777114e-02 8.484979981591177278e+00 -9.987197317750292624e-01 4.796928939153743965e-02 -1.605754148320240327e-02 -1.205697317069098062e+01 -1.545594780958106998e-02 1.288595241138685253e-02 9.997975124532761937e-01 8.615312586851700538e-02
4.655756654135345673e-02 9.988483489993079667e-01 -1.159175133895691025e-02 8.506123804660758125e+00 -9.988044559174983350e-01 4.637614283661140036e-02 -1.545678540150971329e-02 -1.230799950289737765e+01 -1.490140386331263549e-02 1.229752320408399914e-02 9.998133421223921458e-01 8.201522914736805725e-02
4.396010495278768193e-02 9.989476888426033208e-01 -1.307761937669322735e-02 8.511994038684921549e+00 -9.989313959877711424e-01 4.376490278074562923e-02 -1.485595485033665286e-02 -1.255785796220759742e+01 -1.426798102266928214e-02 1.371671391455156486e-02 9.998041190537889644e-01 7.653042253209375867e-02
4.174986658200297018e-02 9.990350710574360527e-01 -1.363361425481274085e-02 8.531612770956829905e+00 -9.990147174893013737e-01 4.153567984633288468e-02 -1.563270736227448388e-02 -1.281122523468981633e+01 -1.505134147365368678e-02 1.427284473982031766e-02 9.997848483663255292e-01 7.109826699502574954e-02
3.977085025835647158e-02 9.991257515542514289e-01 -1.288456638307460683e-02 8.548474782430504959e+00 -9.990688212246608968e-01 3.954611873077840123e-02 -1.725094055691112765e-02 -1.307425741018523269e+01 -1.672632435696187747e-02 1.355865312203396143e-02 9.997681696268501117e-01 6.954335389238283649e-02
3.831150358056911731e-02 9.991874334279392533e-01 -1.251804989141351923e-02 8.549172203471437470e+00 -9.991163420487937374e-01 3.808607604352565179e-02 -1.777599118600321076e-02 -1.333319594726910040e+01 -1.728478360969918845e-02 1.318801316706410404e-02 9.997636283463562368e-01 6.660880629421755961e-02
3.643899251168969400e-02 9.992419278558298812e-01 -1.370289895232805130e-02 8.553115647658195542e+00 -9.991653217664767661e-01 3.617602370451422633e-02 -1.897248239486545168e-02 -1.359076217308051682e+01 -1.846238348713616015e-02 1.438279958475104092e-02 9.997261002254961282e-01 6.187867367161092869e-02
3.457077450369128169e-02 9.992832353814056212e-01 -1.542326281580100669e-02 8.546505588612617998e+00 -9.991905476341529369e-01 3.424170430459216874e-02 -2.111291559397908413e-02 -1.384150752634689674e+01 -2.056966379833527828e-02 1.614066826334059623e-02 9.996581254405109140e-01 5.975024118113053673e-02
3.285803802903253246e-02 9.993425017776189634e-01 -1.532688741174976881e-02 8.564246174736105388e+00 -9.992059179243051315e-01 3.250003710230930931e-02 -2.304953737920759776e-02 -1.411299350037034372e+01 -2.253625793980927605e-02 1.607207918093751797e-02 9.996168292645297715e-01 6.157274712109410408e-02
3.058444162380713482e-02 9.994155318755743034e-01 -1.527044781344115074e-02 8.587117290490354549e+00 -9.992431441178309948e-01 3.020464419346469143e-02 -2.451159730939676817e-02 -1.435830382245095649e+01 -2.403603261921080300e-02 1.600856380220570807e-02 9.995829105286458960e-01 5.950452718355481174e-02
2.876558621151303896e-02 9.994673272427857524e-01 -1.541437069979598520e-02 8.592915781775683826e+00 -9.992381452554376375e-01 2.834525193013259781e-02 -2.682677318446460846e-02 -1.461362482280386210e+01 -2.637555907239509320e-02 1.617431504515833007e-02 9.995212461055735798e-01 5.341830135105735122e-02
2.656927837435929529e-02 9.995183773039633124e-01 -1.603392897322017049e-02 8.588871241557066938e+00 -9.992640382038742164e-01 2.611176189416442028e-02 -2.809907192896356903e-02 -1.486395633272022643e+01 -2.766686464260833048e-02 1.676870067819586502e-02 9.994765406343525393e-01 5.466589916857636511e-02
2.442269214636405561e-02 9.995718677722263967e-01 -1.611251894233615978e-02 8.593408699126879213e+00 -9.993326875208535798e-01 2.397261460338706573e-02 -2.755890784167268001e-02 -1.511224509743920663e+01 -2.716084977816900919e-02 1.677482957948265088e-02 9.994903167774598085e-01 5.410053247906135288e-02
2.276612801359489957e-02 9.996169970178030439e-01 -1.573412496385601794e-02 8.582537043129738308e+00 -9.994015932764979127e-01 2.234563206911321931e-02 -2.640318321394816842e-02 -1.535122490859911970e+01 -2.604148174866595389e-02 1.632580780670437465e-02 9.995275430060907018e-01 4.866972651398245031e-02
2.107103124242781789e-02 9.996790244709330420e-01 -1.406626017193469969e-02 8.601403298641141504e+00 -9.994765624693067174e-01 2.071713933225072246e-02 -2.484755948632650507e-02 -1.558856875559491861e+01 -2.454817135590869198e-02 1.458246106567868267e-02 9.995922864410013986e-01 4.311133198160237157e-02
1.906398079311000249e-02 9.997128253325977543e-01 -1.452003794193365907e-02 8.614085256513897448e+00 -9.995459884888728830e-01 1.871787474725239431e-02 -2.361054977650028919e-02 -1.583216823048696398e+01 -2.333198517319856266e-02 1.496355674501999300e-02 9.996157814067444525e-01 3.863825958920441561e-02
1.801735678951599251e-02 9.997009596010159038e-01 -1.653379046460523236e-02 8.599232811524382569e+00 -9.995722878846476922e-01 1.762913016368405916e-02 -2.333356086676870167e-02 -1.609286755673009850e+01 -2.303510684521777388e-02 1.694712785341728062e-02 9.995910057169128393e-01 3.466531151468270344e-02
1.648158202441107889e-02 9.996774564118552364e-01 -1.932202359734018840e-02 8.599491174044990416e+00 -9.996213462704471864e-01 1.604863453142335583e-02 -2.235185473592382968e-02 -1.632901942399232453e+01 -2.203455319337436005e-02 1.968310116827039560e-02 9.995634317010441139e-01 2.986975049654951031e-02
1.539207923206453721e-02 9.996704436697768648e-01 -2.054477914180693338e-02 8.605615539427772021e+00 -9.996560709880758511e-01 1.494903706685668521e-02 -2.154683335103284650e-02 -1.658056214730144973e+01 -2.123260779078448707e-02 2.086936376235567700e-02 9.995567247648114995e-01 2.679714281785391949e-02
1.424128868129959091e-02 9.997142226673093601e-01 -1.920048680094185722e-02 8.615878601985061280e+00 -9.996754377441091632e-01 1.382982019362166692e-02 -2.139521545897003774e-02 -1.682501100302289387e+01 -2.112356191127680305e-02 1.949895048738133768e-02 9.995867076257421990e-01 2.182449191193449461e-02
1.330567178804542561e-02 9.997424642387101601e-01 -1.838380526933469650e-02 8.620724905415601214e+00 -9.996998367260748752e-01 1.292235359855609111e-02 -2.081463973585857483e-02 -1.706838701594980634e+01 -2.057171718959087403e-02 1.865523989086959392e-02 9.996143188632732324e-01 1.589623861014530931e-02
1.297576048304283081e-02 9.997483203159756027e-01 -1.830097443505548926e-02 8.620933725497204492e+00 -9.997251215936362456e-01 1.261368617437585993e-02 -1.976300016910072233e-02 -1.730221134956968854e+01 -1.952718347525371489e-02 1.855238384898846155e-02 9.996371832615289499e-01 7.825629359491784176e-03
1.188732063521114046e-02 9.997509299441948993e-01 -1.888834783229388983e-02 8.613064050798863391e+00 -9.997514115581787042e-01 1.152674650677065760e-02 -1.908531378830754383e-02 -1.755933570628015516e+01 -1.886283901074265953e-02 1.911052565176291074e-02 9.996394255499170267e-01 9.991535610650463528e-03
1.077405652579555007e-02 9.997668989362898939e-01 -1.871009078795174418e-02 8.621573032778989898e+00 -9.997632702088444789e-01 1.041652752358102063e-02 -1.910234267485785148e-02 -1.781644546036532262e+01 -1.890299572279958290e-02 1.891147127182104398e-02 9.996424525834418651e-01 9.926219641427331403e-03
9.487046847603819444e-03 9.998060217123860838e-01 -1.726021117378316247e-02 8.629994412093184408e+00 -9.997614810760984128e-01 9.144228996444292434e-03 -1.983340698384772338e-02 -1.804229106646364400e+01 -1.967172841002337927e-02 1.744425474799103648e-02 9.996543007848510687e-01 4.201410797548637416e-03
9.124856076746956646e-03 9.998205766342505019e-01 -1.659974518882345942e-02 8.628812814429160483e+00 -9.997720487104921894e-01 8.801454990492563191e-03 -1.945212089402703973e-02 -1.829348386148411976e+01 -1.930252881889218605e-02 1.677345905904764969e-02 9.996729782545841214e-01 2.413917387818622501e-03
8.439653425129645115e-03 9.998011069446250954e-01 -1.806983127664979483e-02 8.630334419545807378e+00 -9.997824043935266136e-01 8.092004463982171991e-03 -1.922663072028773720e-02 -1.851234664373898298e+01 -1.907658552160514803e-02 1.822816546056646100e-02 9.996518483295967483e-01 3.191269269066120129e-03
7.287036717310235723e-03 9.997728529522525998e-01 -2.002851955573356144e-02 8.630502886473284008e+00 -9.997822731730400259e-01 6.892551031292604158e-03 -1.969515141424605514e-02 -1.876873831777838220e+01 -1.955263012562822797e-02 2.016767810123058086e-02 9.996054018537392505e-01 -1.947078637710427957e-03
6.230067447732245967e-03 9.997653409116808998e-01 -2.074727382928742009e-02 8.633375727303894465e+00 -9.997824769703498315e-01 5.814514357748379325e-03 -2.002973204553485861e-02 -1.901214395155094294e+01 -1.990439656530924167e-02 2.086754740103077474e-02 9.995840937424107508e-01 -4.967480700140761152e-03
5.614109201923289660e-03 9.997669098657853137e-01 -2.084724718728497850e-02 8.634120804554983764e+00 -9.997838972505803667e-01 5.194472720850717984e-03 -2.012899032722897594e-02 -1.925570545827440583e+01 -2.001600800135280855e-02 2.095574838967149620e-02 9.995800198248855351e-01 -9.508706246176190993e-03
4.624771986743381191e-03 9.997838995855055089e-01 -2.026735339580672951e-02 8.643048210131704323e+00 -9.998069261514277439e-01 4.235910735122860871e-03 -1.918769084276817152e-02 -1.949439363903393030e+01 -1.909769367500202542e-02 2.035217899498615104e-02 9.996104575815780713e-01 -1.378096725512829683e-02
3.655467779036358777e-03 9.998020230461436286e-01 -1.955894343146053274e-02 8.639854771442825765e+00 -9.998170661519752977e-01 3.286915284149927174e-03 -1.884225090512818210e-02 -1.972969710995792170e+01 -1.877423198358349130e-02 1.962424267974352890e-02 9.996311406277182954e-01 -1.516613831671766860e-02
2.882895584878975015e-03 9.998135454522942833e-01 -1.909353930417855699e-02 8.640378041984785540e+00 -9.998149582873021579e-01 2.518697709248840511e-03 -1.907106045321380755e-02 -1.997355511976611808e+01 -1.901941371355583832e-02 1.914498607894377785e-02 9.996357993839705136e-01 -2.171061714473475346e-02
1.925095804616749895e-03 9.998174831258147544e-01 -1.900774689709955681e-02 8.645299141551850752e+00 -9.998088321656778410e-01 1.554539593488946103e-03 -1.949057541879601479e-02 -2.021057292386145932e+01 -1.945746976475994441e-02 1.904163445225818402e-02 9.996293428204976461e-01 -1.575226886743517213e-02
1.524097567001003739e-03 9.998207399713758825e-01 -1.887233556549218483e-02 8.633123827563041530e+00 -9.998011765964489594e-01 1.148308795738572918e-03 -1.990700035831067041e-02 -2.046181753342068532e+01 -1.988176055993063490e-02 1.889892351431448139e-02 9.996237023435556868e-01 -2.288040224259896629e-02
-9.434183167056353625e-05 9.998298474884367293e-01 -1.844633217928456914e-02 8.647476480561609335e+00 -9.998039766287144525e-01 -4.595257656474505126e-04 -1.979386656214559420e-02 -2.068893639196193135e+01 -1.979897515095455779e-02 1.844084887743561996e-02 9.996339008235222146e-01 -2.382127589317746194e-02
-1.053970815163340902e-03 9.998374770962487057e-01 -1.799745924650126075e-02 8.645054692297575727e+00 -9.998113049912472627e-01 -1.402698925233147875e-03 -1.937490251394165600e-02 -2.093707203162965058e+01 -1.939699866526718372e-02 1.797364263397488102e-02 9.996502911584860263e-01 -2.472046082610349776e-02
-1.530023080252185252e-03 9.998319452850459310e-01 -1.826855815041080605e-02 8.642912146170967702e+00 -9.998075253462697098e-01 -1.886798507362064115e-03 -1.952824242887919726e-02 -2.116801539961280199e+01 -1.955942970391411073e-02 1.823516325437370827e-02 9.996423898228525839e-01 -3.235842113245830654e-02
-2.240875863475544350e-03 9.998219468849648406e-01 -1.873640847449498104e-02 8.641459795293476631e+00 -9.998154467201453288e-01 -2.597569345023753584e-03 -1.903483998603992464e-02 -2.142387960830978599e+01 -1.908011989377540740e-02 1.869029589536847988e-02 9.996432472958454163e-01 -3.360087641980723239e-02
-3.159142825068794735e-03 9.998058180076746515e-01 -1.945112065191331036e-02 8.639378623740666896e+00 -9.998216200377240126e-01 -3.520203688366141392e-03 -1.855630003889153709e-02 -2.165799550914220006e+01 -1.862116864624151907e-02 1.938902895961750958e-02 9.996385935098001108e-01 -3.611730164080048655e-02
-4.274163269050390568e-03 9.997873355469735213e-01 -2.017461792036905066e-02 8.644475509756871290e+00 -9.998250265454489139e-01 -4.639995376913619296e-03 -1.812144410069183378e-02 -2.188808993159872429e+01 -1.821120044757561923e-02 2.009363388701994671e-02 9.996322314008651011e-01 -4.035283235733905932e-02
-4.689891101655518924e-03 9.997897526237404797e-01 -1.996134940365124066e-02 8.643713405691164198e+00 -9.998215998933608351e-01 -5.053408759040811660e-03 -1.819976501481751496e-02 -2.214198929659035286e+01 -1.829681141989328991e-02 1.987243338079375254e-02 9.996350899620274344e-01 -3.958341968638563746e-02
-5.031116240011401786e-03 9.997795073575265201e-01 -2.038687169041633607e-02 8.640043187564765859e+00 -9.998220789886090865e-01 -5.399874040012964116e-03 -1.807350899100897829e-02 -2.237705016528878232e+01 -1.817961045445092710e-02 2.029231451298742217e-02 9.996287929703857600e-01 -4.356258434476116548e-02
-5.261221830476836558e-03 9.997664622924622435e-01 -2.096044894712799367e-02 8.633673780566313738e+00 -9.998158328143631479e-01 -5.646024513084046959e-03 -1.834183363023043911e-02 -2.260333969028577883e+01 -1.845589332901313023e-02 2.086008826472937616e-02 9.996120431042314625e-01 -4.391576349718730177e-02
-5.318922785772617345e-03 9.997845905238098574e-01 -2.006194436082752927e-02 8.635486278372564328e+00 -9.998088223270067409e-01 -5.694399581365194862e-03 -1.870541660834535574e-02 -2.284190810624857093e+01 -1.881562801192150289e-02 1.995861629837340778e-02 9.996237421039835258e-01 -4.558515271927808532e-02
-5.093817335700023818e-03 9.997913122858456125e-01 -1.978345022228236716e-02 8.635376587650581470e+00 -9.998110652070971716e-01 -5.463044669438588130e-03 -1.865446414104865447e-02 -2.308705781872652452e+01 -1.875864905584822412e-02 1.968469000738184982e-02 9.996302446729554703e-01 -5.346947892079335907e-02
-4.762255275426729995e-03 9.997853503510852891e-01 -2.016368389084329665e-02 8.637556689533077758e+00 -9.998161410494194046e-01 -5.135000652242149854e-03 -1.847473586683380173e-02 -2.331755049934531954e+01 -1.857431080119727185e-02 2.007199520873934398e-02 9.996259850497088983e-01 -5.390901299879762021e-02
-4.774598456088074983e-03 9.997744939264683328e-01 -2.069213627583173579e-02 8.636505650465402084e+00 -9.998220632848791034e-01 -5.150411336947602337e-03 -1.814703920279291810e-02 -2.354422501654125099e+01 -1.824951994849676948e-02 2.060180955971375322e-02 9.996211884831747163e-01 -5.438631410652877696e-02
-4.740814667111070690e-03 9.997868483319953814e-01 -2.009434195657519573e-02 8.628980390163913938e+00 -9.998332321098624131e-01 -5.093514364234330571e-03 -1.753750495844717469e-02 -2.377688278499926611e+01 -1.763611762940828914e-02 2.000784880483185910e-02 9.996442633963167346e-01 -5.616921427877902967e-02
-4.266405719155930143e-03 9.998081171864642291e-01 -1.911874970538791213e-02 8.629324252718994614e+00 -9.998454320955106889e-01 -4.591102146615622104e-03 -1.697155558048175569e-02 -2.400401824130112161e+01 -1.705607516345990227e-02 1.904338701851794949e-02 9.996731664453544219e-01 -5.790928342728512979e-02
-3.515754097720646953e-03 9.998139394242792077e-01 -1.896644421150161727e-02 8.630838747403803524e+00 -9.998578432123604864e-01 -3.827411559508497874e-03 -1.642084917051468695e-02 -2.424528113136370777e+01 -1.649038628568207446e-02 1.890601633496027251e-02 9.996852653242875864e-01 -6.203790219618112584e-02
-3.528161795309125992e-03 9.998099780855097540e-01 -1.917184902398688662e-02 8.626074471824683343e+00 -9.998543683104278434e-01 -3.847140451482156109e-03 -1.662653544494505781e-02 -2.448979413750079814e+01 -1.669713283475835613e-02 1.911039588807609407e-02 9.996779474031121104e-01 -6.118943749049521319e-02
-3.034756289936879625e-03 9.997954017523525971e-01 -1.999862218036508807e-02 8.619345098815653472e+00 -9.998438089247684291e-01 -3.381891558511984641e-03 -1.734706212296450653e-02 -2.472981709062764466e+01 -1.741114611598595582e-02 1.994285446817399207e-02 9.996495058502199438e-01 -6.203945011690736866e-02
-3.056508477625063946e-03 9.997878826710572264e-01 -2.036780351562004349e-02 8.627763592525234060e+00 -9.998341289347484340e-01 -3.421083658718737652e-03 -1.788884579545289844e-02 -2.495920375250162948e+01 -1.795473122103617009e-02 2.030974767752533744e-02 9.996325033611380695e-01 -6.488489913431377820e-02
-2.838355167867456785e-03 9.997861146035403879e-01 -2.048581914149508881e-02 8.622339398672600908e+00 -9.998302150108798747e-01 -3.210271847925660893e-03 -1.814484240660877226e-02 -2.519211317654739091e+01 -1.820672653826856807e-02 2.043083944970009239e-02 9.996254778206392633e-01 -6.966100469587235833e-02
-2.405291723211799848e-03 9.998025622650824618e-01 -1.972437730076070928e-02 8.627149782233550113e+00 -9.998343608172904906e-01 -2.760275297809977602e-03 -1.798976957499122398e-02 -2.542507675150761060e+01 -1.804066242706261342e-02 1.967783952716394003e-02 9.996435950531249448e-01 -7.146184891273080209e-02
-2.835629806706707612e-03 9.998063591101271630e-01 -1.947314783366219451e-02 8.640459860524877911e+00 -9.998483973701819405e-01 -3.169218881047486391e-03 -1.712128289479311963e-02 -2.564366744087131522e+01 -1.717968218212546569e-02 1.942164603313424262e-02 9.996637725682995246e-01 -7.408144380253989247e-02
-2.375470121011025171e-03 9.998000046989947709e-01 -1.985718372766112280e-02 8.629419369164136100e+00 -9.998573947652473759e-01 -2.706677130459356206e-03 -1.666925409740066533e-02 -2.588968566322457932e+01 -1.671966730998091302e-02 1.981475467426619536e-02 9.996638576152696576e-01 -7.904677102258877985e-02
-1.569936536998550736e-03 9.997873861470274459e-01 -2.056010215355753498e-02 8.625965160578148883e+00 -9.998502126965027603e-01 -1.923750938994661652e-03 -1.720033002832668800e-02 -2.612624021087092530e+01 -1.723622551571069375e-02 2.053001908473642279e-02 9.996406508572727168e-01 -7.504916468328688695e-02
-1.933396713444945902e-03 9.997877101596703842e-01 -2.051332715167683909e-02 8.619007867904768361e+00 -9.998330806117756708e-01 -2.305356483901954689e-03 -1.812446539484823677e-02 -2.636458426677626932e+01 -1.816790828673901445e-02 2.047486129783088887e-02 9.996252833753852540e-01 -8.101473241476755960e-02
-1.699258882188248165e-03 9.998081659988271586e-01 -1.951265541420896255e-02 8.629049671918881614e+00 -9.998131066987701043e-01 -2.074392867278174180e-03 -1.922104491401143214e-02 -2.659600343454734883e+01 -1.925783457727173187e-02 1.947634709832776409e-02 9.996248334805912794e-01 -8.198823735655857980e-02
-1.701582956608715946e-03 9.998328895829032836e-01 -1.820158025404057869e-02 8.633220649304648830e+00 -9.997801693930034039e-01 -2.081303381316068624e-03 -2.086339053780576075e-02 -2.682517425741051298e+01 -2.089778705843895260e-02 1.816207819984883010e-02 9.996166372222516916e-01 -8.431932898499391871e-02
-1.632502754347786578e-03 9.998340826032094952e-01 -1.814227658690744857e-02 8.624683567857164945e+00 -9.997669998437128669e-01 -2.022350652620907852e-03 -2.149083807904076521e-02 -2.705732683851077880e+01 -2.152396242002739893e-02 1.810296558127001687e-02 9.996044225987120724e-01 -8.397519871271119651e-02
-1.029022917050870234e-03 9.998258504949723013e-01 -1.863356632106394351e-02 8.626739331321134685e+00 -9.997754259384118436e-01 -1.423029507772177737e-03 -2.114409318668761251e-02 -2.729146871106588179e+01 -2.116692706803479512e-02 1.860762394894398958e-02 9.996027798728208680e-01 -8.890452458536972358e-02
-6.038175026439329685e-04 9.998238967474599725e-01 -1.875662275434070159e-02 8.626867513076479810e+00 -9.997880455677528033e-01 -9.895779795496828513e-04 -2.056415996912977495e-02 -2.751804814482608563e+01 -2.057909969452186016e-02 1.874023020529740069e-02 9.996125771655813841e-01 -8.616427115255947955e-02
-8.762466755614095604e-04 9.998317990633958097e-01 -1.831954621208957759e-02 8.637113492147642901e+00 -9.998115279344079731e-01 -1.231230801183702539e-03 -1.937505303679960822e-02 -2.775128900638993912e+01 -1.939434972429209328e-02 1.829911616356195980e-02 9.996444375608780630e-01 -8.998934448743482750e-02
-9.228865857622281510e-04 9.998488821910523905e-01 -1.735975407813103097e-02 8.635119463730491773e+00 -9.998159204528568322e-01 -1.255267268227777677e-03 -1.914548283779005447e-02 -2.797860682837639246e+01 -1.916438074545111572e-02 1.733888939317287589e-02 9.996659889309301716e-01 -9.431828302193794034e-02
-5.394693246969506362e-04 9.998430776626988647e-01 -1.770675076999039810e-02 8.632800122272326959e+00 -9.998080109170145446e-01 -8.861033680778174215e-04 -1.957437424247889315e-02 -2.821623473972212892e+01 -1.958699259741655124e-02 1.769279149269345833e-02 9.996515967326741192e-01 -1.013432907055318855e-01
5.571391444624262945e-04 9.998339120524925017e-01 -1.821641857728742084e-02 8.628011450262198068e+00 -9.998072654620647759e-01 1.994509601230820550e-04 -1.963140719824561786e-02 -2.844053848059504830e+01 -1.962451337594212433e-02 1.822384506968111745e-02 9.996413206473778734e-01 -9.812491285534719054e-02
1.772455204061218481e-03 9.998175382067228112e-01 -1.901969234235663039e-02 8.628189680636312531e+00 -9.998014184052391728e-01 1.394262701200910115e-03 -1.987912941735391764e-02 -2.867510424352208886e+01 -1.984898378813037059e-02 1.905115024790741962e-02 9.996214641136964563e-01 -9.964956186430422302e-02
2.894996721125586703e-03 9.998254582111966160e-01 -1.845730496999473114e-02 8.632722004113855263e+00 -9.998011869823190123e-01 2.529806062156025881e-03 -1.977843750234171277e-02 -2.890177885614231101e+01 -1.972829193647616247e-02 1.851089392921365789e-02 9.996340036749502556e-01 -1.025269464288230264e-01
4.608411763221798019e-03 9.998292249966377332e-01 -1.789646288079323536e-02 8.644827105503068765e+00 -9.998128108081968390e-01 4.270558524100520614e-03 -1.887076240392759202e-02 -2.912933479695575656e+01 -1.879111185730778996e-02 1.798007709981366831e-02 9.996617482642070618e-01 -1.066222420567512208e-01
7.011156333871171320e-03 9.998197367829871895e-01 -1.764476200068410341e-02 8.649433889380885532e+00 -9.998093327805589459e-01 6.687313145482209897e-03 -1.834606027975671863e-02 -2.935234840950452551e+01 -1.822475711103508852e-02 1.777002481970773110e-02 9.996759897317484267e-01 -1.071463384303706773e-01
9.484439102815156453e-03 9.997943894783684060e-01 -1.792272809819220325e-02 8.651485325256032866e+00 -9.998025676377012561e-01 9.168500729211936928e-03 -1.762850928009744925e-02 -2.959350906970736261e+01 -1.746056012747103370e-02 1.808638609438543640e-02 9.996839557970708112e-01 -1.122610685238998873e-01
1.183273562869813222e-02 9.997695158945775207e-01 -1.791372254624564245e-02 8.664376538105480918e+00 -9.997881944784564601e-01 1.152746720465236407e-02 -1.704944812462484000e-02 -2.982393991534233990e+01 -1.683901864866079248e-02 1.811166993317283452e-02 9.996941606627408605e-01 -1.132280129703577831e-01
1.451841453797397818e-02 9.997291774570969958e-01 -1.818756114107588501e-02 8.670337225763891098e+00 -9.997548452069345837e-01 1.420987426150288613e-02 -1.698025202201369072e-02 -3.004243103508719770e+01 -1.671721043004386481e-02 1.842962871110284673e-02 9.996903939025364449e-01 -1.152326564607318998e-01
1.767956353425692573e-02 9.996805787064318993e-01 -1.806027658736959404e-02 8.665125090229627958e+00 -9.997031603235225772e-01 1.737134121516781260e-02 -1.708296647389516074e-02 -3.027690649709462889e+01 -1.676377858360657627e-02 1.835693497183911796e-02 9.996909515775560529e-01 -1.165782706522715262e-01
1.994240369798161439e-02 9.996433977991675546e-01 -1.775887866061187301e-02 8.680791329388798161e+00 -9.996628064508484846e-01 1.964104212605288780e-02 -1.698537203055549769e-02 -3.049842491705586411e+01 -1.663051212562289757e-02 1.809161962728109488e-02 9.996980140851042806e-01 -1.162000657063116532e-01
2.229744815839118655e-02 9.995969938538991073e-01 -1.756911164151607127e-02 8.689597340250005075e+00 -9.996183309694885999e-01 2.200434310731202991e-02 -1.670333123032252329e-02 -3.072925457948142380e+01 -1.631000292452574815e-02 1.793484771788945650e-02 9.997061193380473165e-01 -1.207098045179466755e-01
2.501612625522897648e-02 9.995253506137493638e-01 -1.797962479151880497e-02 8.698904531654195083e+00 -9.995588006482700738e-01 2.472079370554502997e-02 -1.646470179383260207e-02 -3.096662492621898721e+01 -1.601241623785712095e-02 1.838357525154565159e-02 9.997027791734883762e-01 -1.234473531822756487e-01
2.777663784117434531e-02 9.994586552652022782e-01 -1.763107500165041197e-02 8.712502718317693962e+00 -9.994819465315127882e-01 2.748179032829667356e-02 -1.675081364978787263e-02 -3.118821835363711159e+01 -1.625721217855714829e-02 1.808722244638780174e-02 9.997042339794086629e-01 -1.225731049464644506e-01
3.034172933041656695e-02 9.993885678781170290e-01 -1.737440231394219575e-02 8.716049879325368011e+00 -9.994144789616384861e-01 3.005833822801196042e-02 -1.634611711716182220e-02 -3.140771596436130508e+01 -1.581387691482628866e-02 1.786019869703063534e-02 9.997154268087620199e-01 -1.249639313752025777e-01
3.294779984192564015e-02 9.993128351184593638e-01 -1.697940084584156906e-02 8.736637745561084856e+00 -9.993381965717099691e-01 3.267711069147150038e-02 -1.598046650320543438e-02 -3.164249624338646782e+01 -1.541464752691935371e-02 1.749468503187968926e-02 9.997281253607183116e-01 -1.303405358923055979e-01
3.550652021226330390e-02 9.992206859865397917e-01 -1.724261346215788526e-02 8.743080381378401711e+00 -9.992506742703857192e-01 3.523102277890088896e-02 -1.602700858340831008e-02 -3.188068324901142958e+01 -1.540704360337233521e-02 1.779875643245380085e-02 9.997228752393645390e-01 -1.270029375286869655e-01
3.741628064868296466e-02 9.991456956572175585e-01 -1.754710209904109322e-02 8.747387880284753336e+00 -9.991827158001098663e-01 3.713737913215453545e-02 -1.595980944471895105e-02 -3.208731636245959606e+01 -1.529452152687762849e-02 1.812991783902479295e-02 9.997186522669335718e-01 -1.312520158760170363e-01
4.004178354156628927e-02 9.990412570437503526e-01 -1.769808733319723493e-02 8.771075300189647095e+00 -9.990788520360405212e-01 3.975719734067928446e-02 -1.614969578541979381e-02 -3.231659301748467783e+01 -1.543058602768145222e-02 1.832844739898620637e-02 9.997129413140478649e-01 -1.334177161498379949e-01
4.265730406007295361e-02 9.989428936478160770e-01 -1.713037188314746675e-02 8.780651253623100061e+00 -9.989720811305976556e-01 4.238285128259755563e-02 -1.607715891443671150e-02 -3.255287337155063909e+01 -1.533412964368415302e-02 1.779857150688414144e-02 9.997239995720743622e-01 -1.331499589462835642e-01
4.491446467150805866e-02 9.988511353847644436e-01 -1.670629234268166882e-02 8.778928775660235218e+00 -9.988753868681692349e-01 4.464875848103921907e-02 -1.595148504269527229e-02 -3.278736565255978519e+01 -1.518724373404722536e-02 1.740395663833711054e-02 9.997331893665897251e-01 -1.343506264653072102e-01
4.705133600362387813e-02 9.987767437154759786e-01 -1.520486742409350202e-02 8.795597439894327962e+00 -9.987763587394440368e-01 4.680833005556306325e-02 -1.596137401937619549e-02 -3.301852664584134089e+01 -1.523013471545931440e-02 1.593726609301727992e-02 9.997569937469951151e-01 -1.375433911355392891e-01
4.893369018851068120e-02 9.986993777009980366e-01 -1.431946033111574160e-02 8.815411086094817605e+00 -9.986786025732850014e-01 4.869723543998549786e-02 -1.642035391742265038e-02 -3.325305832756838953e+01 -1.570167910784226600e-02 1.510404714446311747e-02 9.997626343452991060e-01 -1.402766058784400971e-01
5.043637718064253317e-02 9.986399500876920188e-01 -1.320689008600428593e-02 8.835476035558524899e+00 -9.985967017415505742e-01 5.021154800137228591e-02 -1.683531164554209758e-02 -3.348195485469370425e+01 -1.614927638591264966e-02 1.403746900825528915e-02 9.997710489587371407e-01 -1.409006048389405963e-01
5.100815801022995366e-02 9.986295113733517637e-01 -1.171609280537946191e-02 8.841787515726776903e+00 -9.985579516938666300e-01 5.080085934141742587e-02 -1.735770143548209105e-02 -3.372239764301867382e+01 -1.673872532044293204e-02 1.258458201111042722e-02 9.997806976383633026e-01 -1.424076209188264441e-01
5.160472454119902075e-02 9.985980352502373814e-01 -1.178628013380506392e-02 8.848797063011380359e+00 -9.985259717677085201e-01 5.139506536295512795e-02 -1.744795007131051331e-02 -3.394670871451356220e+01 -1.681773202249190954e-02 1.266930348137271234e-02 9.997783017443999665e-01 -1.498037867986883043e-01
5.203384352655848755e-02 9.985377289637227260e-01 -1.465888685491275462e-02 8.861587697345298054e+00 -9.985048633507083160e-01 5.177473673845867097e-02 -1.753323987879217005e-02 -3.417187880154546065e+01 -1.674864152215334301e-02 1.554929167630483833e-02 9.997388171595257278e-01 -1.507751976875101874e-01
5.154586443762321224e-02 9.985100311527742578e-01 -1.790925868549246916e-02 8.867053374075554828e+00 -9.985379930744425758e-01 5.123846723261238356e-02 -1.721905521556866756e-02 -3.440498816711593122e+01 -1.627575639540182820e-02 1.877064631114833473e-02 9.996913336579542619e-01 -1.485268692722411521e-01
5.110453956503102635e-02 9.984947734349173265e-01 -1.991264570567758546e-02 8.879646826764254541e+00 -9.985654764598396183e-01 5.076883102110218982e-02 -1.701514088348034942e-02 -3.462592242241397855e+01 -1.597858749639927828e-02 2.075363148715031469e-02 9.996569269112856038e-01 -1.457861346413491799e-01
5.025321496644175046e-02 9.985374976379699508e-01 -1.993690538770360662e-02 8.896931291892967053e+00 -9.986059302295371420e-01 4.991384358080186434e-02 -1.716986690084406839e-02 -3.485753472626461757e+01 -1.614962835293875035e-02 2.077195296289934337e-02 9.996537978091060150e-01 -1.492064692354135025e-01
4.885044822661455122e-02 9.986341444524095001e-01 -1.853319297541058258e-02 8.910221000036365524e+00 -9.986680653535967567e-01 4.852680626915217843e-02 -1.752838601300871213e-02 -3.507938853616661845e+01 -1.660508810466596041e-02 1.936477748700275031e-02 9.996745852735855475e-01 -1.535673707671927901e-01
4.701682938808349199e-02 9.987377805133056397e-01 -1.767097987234102566e-02 8.921362084762444411e+00 -9.987510537129838939e-01 4.670336509895389732e-02 -1.775185611813098752e-02 -3.532053644797158398e+01 -1.690415515477946759e-02 1.848354575806950006e-02 9.996862548193370390e-01 -1.564791996088864545e-01
4.517981438956897300e-02 9.988243436094063066e-01 -1.757028699148039178e-02 8.930106660634896443e+00 -9.988288022843999636e-01 4.486118857727050546e-02 -1.812449962194718003e-02 -3.554242957510163592e+01 -1.731496748005875372e-02 1.836857024031691640e-02 9.996813429931015182e-01 -1.582834230602538084e-01
4.216997557363122429e-02 9.989621313495518073e-01 -1.721491474507595362e-02 8.934565587981506241e+00 -9.989523817830223695e-01 4.185056193062197671e-02 -1.851133155982725986e-02 -3.576908179150991174e+01 -1.777166537345408262e-02 1.797750248649860466e-02 9.996804375970362866e-01 -1.561336896713504396e-01
3.835110531200569550e-02 9.991272455712260081e-01 -1.655112922439319623e-02 8.939218022837465583e+00 -9.991083270251971404e-01 3.804719643442799892e-02 -1.830195925008508764e-02 -3.599408167999403219e+01 -1.765626206928223862e-02 1.723827139637738523e-02 9.996955028452442216e-01 -1.603094751437454113e-01
3.429265821072546849e-02 9.992992631566345318e-01 -1.499987491447751786e-02 8.953884484849124803e+00 -9.992616363743110908e-01 3.402344631877651793e-02 -1.784901036830224830e-02 -3.621962520239411987e+01 -1.732615547017847535e-02 1.560088956441066550e-02 9.997281713453023411e-01 -1.615715095026608872e-01
2.931093524817440787e-02 9.994937974059353580e-01 -1.237004534916751920e-02 8.964211931875794903e+00 -9.994192355282566220e-01 2.908908509396501696e-02 -1.774871219303314138e-02 -3.645337208274892049e+01 -1.737989444710158135e-02 1.288309262014334690e-02 9.997659552082919232e-01 -1.659888435781390892e-01
2.283943576329261482e-02 9.996770380123407573e-01 -1.114360107359592053e-02 8.966773452671716882e+00 -9.995760597792184843e-01 2.263296457579266896e-02 -1.831528407541028330e-02 -3.669090317608095120e+01 -1.805715620651528533e-02 1.155718760702326847e-02 9.997701588486973545e-01 -1.740898483077848169e-01
1.636799995137161456e-02 9.997835999875624990e-01 -1.283907214334710327e-02 8.958025003678420362e+00 -9.996783514060437748e-01 1.611479051623210257e-02 -1.958334130614616114e-02 -3.691982508301035892e+01 -1.937220451283110448e-02 1.315548260339118730e-02 9.997257878887514382e-01 -1.757324345210227734e-01
8.694533066085696760e-03 9.998405313103545522e-01 -1.559862313766560010e-02 8.947354152152955820e+00 -9.997472921761257902e-01 8.368213848409911115e-03 -2.086443825008338360e-02 -3.715790531996406543e+01 -2.073057841129870987e-02 1.577608779182770177e-02 9.996606214974748106e-01 -1.733366747951956277e-01
-9.211701471480981951e-04 9.998547767983835266e-01 -1.701695504532556649e-02 8.939785141046362682e+00 -9.997615346223401867e-01 -1.292093840515429193e-03 -2.179918308310033540e-02 -3.738145522222983175e+01 -2.181800483873877830e-02 1.699281633402569339e-02 9.996175362897026240e-01 -1.723414096589124256e-01
-1.160229162331760655e-02 9.997901272756570812e-01 -1.688455599691751283e-02 8.927804584217780004e+00 -9.997001657614201786e-01 -1.196207147192085429e-02 -2.136556628525921459e-02 -3.759197529771243040e+01 -2.156305650126257370e-02 1.663160389818751916e-02 9.996291434057418268e-01 -1.744938999092718879e-01
-2.355065690149271695e-02 9.996003198420846392e-01 -1.563864223998313874e-02 8.919345513455152030e+00 -9.994964681675311269e-01 -2.387517944780204182e-02 -2.089942408217208142e-02 -3.782416472021851206e+01 -2.126444638685415223e-02 1.513857251980068458e-02 9.996592654209349726e-01 -1.787537749864152314e-01
-3.757580345899169671e-02 9.991853705012304632e-01 -1.471918376576322220e-02 8.895918663050560227e+00 -9.990672717599548003e-01 -3.787681096899087052e-02 -2.073484239004531535e-02 -3.805659903791883636e+01 -2.127546691689569808e-02 1.392632640499296900e-02 9.996766536937479186e-01 -1.877989555062966054e-01
-5.409444325570200718e-02 9.984269028969566806e-01 -1.474824669061350173e-02 8.869065667067575376e+00 -9.983000589575014017e-01 -5.439671163134285337e-02 -2.092821180001504938e-02 -3.827951748493649831e+01 -2.169754581295777265e-02 1.359107557510000515e-02 9.996721958574252831e-01 -1.889186942071519881e-01
-7.275325151319500527e-02 9.972381648408940036e-01 -1.493341819624799220e-02 8.848184530809772852e+00 -9.971047428170641824e-01 -7.305922680716125939e-02 -2.108272349712844371e-02 -3.851357234981189492e+01 -2.211552047713022384e-02 1.335634542477978984e-02 9.996662001843013012e-01 -1.929377038527461674e-01
-9.367553912868986643e-02 9.954894619135998823e-01 -1.502080516886469645e-02 8.814430866660783792e+00 -9.953404458087138362e-01 -9.398651683439340765e-02 -2.153907125782088261e-02 -3.873122599553834533e+01 -2.285367161443643130e-02 1.293313080077598647e-02 9.996551624542482362e-01 -1.916145877630676397e-01
-1.159485671017352892e-01 9.931499392910083657e-01 -1.446125420982443191e-02 8.776648597569177923e+00 -9.929792709179598997e-01 -1.162472405506955742e-01 -2.188027859936334668e-02 -3.896343223223841790e+01 -2.341147825942227131e-02 1.182273871044780232e-02 9.996560036007852146e-01 -1.946020704602676454e-01
-1.393182671733765865e-01 9.901646011345157650e-01 -1.282509617638111395e-02 8.714829980934741371e+00 -9.899661882585293338e-01 -1.395757615825774511e-01 -2.203526454394932887e-02 -3.917367161622280491e+01 -2.360861149424131611e-02 9.626496702811087117e-03 9.996749291767522694e-01 -1.976960925299160732e-01
-1.650117629774008332e-01 9.862334188949783975e-01 -1.071268098152782129e-02 8.664064787250346455e+00 -9.859984632648663982e-01 -1.652177823506841836e-01 -2.258572191548519070e-02 -3.939195480026229745e+01 -2.404471913771857872e-02 6.835777193841660951e-03 9.996875129918070257e-01 -2.020644743920420039e-01
-1.931146996592658649e-01 9.811278170097019746e-01 -9.742662125359714820e-03 8.608064734531346573e+00 -9.808748140690868311e-01 -1.932919546120988041e-01 -2.286524452459510331e-02 -3.960108455135524963e+01 -2.431690565114506819e-02 5.140717071747293379e-03 9.996910828488676515e-01 -2.113909223153107864e-01
-2.240195380186116303e-01 9.745406189621846904e-01 -9.264371469794762531e-03 8.539988004669774924e+00 -9.742722234390975844e-01 -2.241782855420269005e-01 -2.318902599237831347e-02 -3.981409616724376122e+01 -2.467551865646560108e-02 3.831224900728522412e-03 9.996881716289307551e-01 -2.124980946498983836e-01
-2.564003919090336314e-01 9.665240711987956868e-01 -9.489932676245064688e-03 8.456130340827755276e+00 -9.662288214613630188e-01 -2.565584547845225494e-01 -2.407537862555571978e-02 -4.001475676109509294e+01 -2.570415542825115612e-02 2.996509950565089814e-03 9.996651025827781867e-01 -2.127658060073074620e-01
-2.915949102235502188e-01 9.564853521273575243e-01 -1.040093733877714595e-02 8.370904633939721506e+00 -9.561606665849105013e-01 -2.917684237581572582e-01 -2.505926123373255349e-02 -4.019167082821874715e+01 -2.700348139814048171e-02 2.637814149234309416e-03 9.996318592006231407e-01 -2.198587258678124379e-01
-3.274535808223069111e-01 9.448033254426114746e-01 -1.099220811448476352e-02 8.266440469636963329e+00 -9.444503277329193702e-01 -3.276325032893709910e-01 -2.589442475749977393e-02 -4.038868773529227241e+01 -2.806654328253564701e-02 1.902372446056500160e-03 9.996042467533068354e-01 -2.206917947022347948e-01
-3.649796953021793300e-01 9.309404072786285900e-01 -1.182286399437053499e-02 8.167447756140994386e+00 -9.305792718067523728e-01 -3.651679609854017183e-01 -2.597266165372125526e-02 -4.055273770222993335e+01 -2.849633135585729476e-02 1.522618029989823013e-03 9.995927374353976713e-01 -2.300884275234560961e-01
-4.014266472766536697e-01 9.157971663433884801e-01 -1.312238444967118479e-02 8.058886890758909516e+00 -9.154263845260496302e-01 -4.016381404703142088e-01 -2.610246411956351070e-02 -4.073040531261952424e+01 -2.917501276417874129e-02 1.534352295947815845e-03 9.995731410923573979e-01 -2.342931550627094239e-01
-4.366581335728312308e-01 8.995043828312607737e-01 -1.488420814301256653e-02 7.949489624390905895e+00 -8.991425530555627876e-01 -4.369061868699859463e-01 -2.560572513040310777e-02 -4.088967626003051237e+01 -2.953546460471296112e-02 2.202076765697955421e-03 9.995613073686384631e-01 -2.385037163248818481e-01
-4.710454999470217174e-01 8.819633711088065153e-01 -1.602338921858813964e-02 7.822149779806704117e+00 -8.816108007934656543e-01 -4.713121955548975617e-01 -2.504416589799444287e-02 -4.103301122154071834e+01 -2.964005573484683465e-02 2.329451354247931080e-03 9.995579226600244116e-01 -2.392739159026857076e-01
-5.054320490740571437e-01 8.627118240270341687e-01 -1.633255805891338508e-02 7.700205122251667866e+00 -8.623584343932804153e-01 -5.056933986831670946e-01 -2.474100157709752806e-02 -4.116726638404963268e+01 -2.960362139283559402e-02 1.579624074065017966e-03 9.995604686001814398e-01 -2.432354475661964166e-01
-5.396167171124865991e-01 8.417334656773837187e-01 -1.727921790718750170e-02 7.577522995408335404e+00 -8.413911065341482809e-01 -5.398910498254909651e-01 -2.405535623456083599e-02 -4.129906630463505479e+01 -2.957709346749582205e-02 1.557907914708063501e-03 9.995612879983619692e-01 -2.515760046910409664e-01
-5.726685774935129647e-01 8.195800109014349522e-01 -1.842026282005565507e-02 7.455836415644921722e+00 -8.192497920168856362e-01 -5.729621334283070411e-01 -2.332749316948681817e-02 -4.143063846425572905e+01 -2.967286018984036794e-02 1.731874154367313637e-03 9.995581633802345101e-01 -2.551523201878868607e-01
-6.047222108024203902e-01 7.961900398514777377e-01 -1.981081026952942123e-02 7.327548184093940264e+00 -7.958786242385461618e-01 -6.050425010581224061e-01 -2.237827950247198855e-02 -4.153594390523621627e+01 -2.980374544234469861e-02 2.234357767674589879e-03 9.995532724187210505e-01 -2.561363360823240565e-01
-6.349813978013700844e-01 7.722507035278484144e-01 -2.067547694639810044e-02 7.196477002515988097e+00 -7.719429974419128593e-01 -6.353145819956576013e-01 -2.189499038769657235e-02 -4.163416189856418015e+01 -3.004385372439593097e-02 2.057378046316582845e-03 9.995464641771094616e-01 -2.586628796972036959e-01
-6.623074140536144849e-01 7.489343277443318847e-01 -2.112491457401673156e-02 7.072866790147631200e+00 -7.486053590376051670e-01 -6.626433214585221165e-01 -2.222262240591593024e-02 -4.172932840040155611e+01 -3.064156833114476536e-02 1.096016680168438936e-03 9.995298359917249575e-01 -2.632507504098064444e-01
-6.873676301350715168e-01 7.259848486616486962e-01 -2.171958922766642139e-02 6.945282585350939897e+00 -7.256238140958870542e-01 -6.877106941987078947e-01 -2.289282642377154370e-02 -4.181707504340327120e+01 -3.155663891216842210e-02 2.446332997385787522e-05 9.995019649516014848e-01 -2.673095578123664273e-01
-7.097488814114463196e-01 7.041399495099196493e-01 -2.105841493011220353e-02 6.821683680591633880e+00 -7.037670070611634632e-01 -7.100596806168379960e-01 -2.296191922480664976e-02 -4.189425028316210131e+01 -3.112113602317852570e-02 -1.476978836049316901e-03 9.995145288719642362e-01 -2.755799516466527765e-01
-7.290945083804805105e-01 6.841018255966158090e-01 -2.063710407986539541e-02 6.711567198746527296e+00 -6.837330386356892387e-01 -7.293827166557702579e-01 -2.258283688679975365e-02 -4.197139315284026395e+01 -3.050130697909039790e-02 -2.354752476650496737e-03 9.995319531727542284e-01 -2.782648110612624404e-01
-7.453416812802786673e-01 6.663710778006359803e-01 -2.038050090420515104e-02 6.614643990028742593e+00 -6.660050878296404075e-01 -7.456140692321984176e-01 -2.229086691978769685e-02 -4.202970012728189175e+01 -3.004997722662437060e-02 -3.040794932472288062e-03 9.995437721455013858e-01 -2.783775649951039100e-01
-7.594709170625113526e-01 6.502060317611331186e-01 -2.088162823319497999e-02 6.514148568110745607e+00 -6.498250867071420078e-01 -7.597496624546533628e-01 -2.253457534759950587e-02 -4.208495441628766542e+01 -3.051692681585836328e-02 -3.544948727633417951e-03 9.995279638490530694e-01 -2.817739002405190707e-01
-7.715169554943615005e-01 6.358490242177106122e-01 -2.139172237331677523e-02 6.419267118662170368e+00 -6.354596663115810173e-01 -7.718039923313768647e-01 -2.257454124722056005e-02 -4.213755680832773720e+01 -3.086421675477796916e-02 -3.823064573559633098e-03 9.995162751558277492e-01 -2.856940687428131675e-01
-7.820228084430702609e-01 6.228671070500299001e-01 -2.183790351522095496e-02 6.350663156920399288e+00 -6.224866255190516506e-01 -7.823190550703358337e-01 -2.207480744562352604e-02 -4.217041187049289164e+01 -3.083387949508679948e-02 -3.669200046865977310e-03 9.995177881590194824e-01 -2.894729900869885686e-01
-7.902999715330230046e-01 6.123174327746402357e-01 -2.221072973086855168e-02 6.293384609619922188e+00 -6.119511349682590362e-01 -7.906049096556244660e-01 -2.144027144142902561e-02 -4.220426660576347189e+01 -3.068816393926606517e-02 -3.352364642543376183e-03 9.995233855419992652e-01 -2.886225483191353081e-01
-7.971857428679032243e-01 6.033082490153274247e-01 -2.267262751004237020e-02 6.250724842299056228e+00 -6.029638017721181686e-01 -7.975034424239251241e-01 -2.056485046148423187e-02 -4.222735169763702601e+01 -3.048844241123427334e-02 -2.723231912487387302e-03 9.995314096551881633e-01 -2.888697418599411870e-01
-8.022523866388910907e-01 5.965629724909295994e-01 -2.244388524720900349e-02 6.199251965080742721e+00 -5.962227379937783400e-01 -8.025608400599677505e-01 -2.036037085717033041e-02 -4.222871172437122311e+01 -3.015882675778079960e-02 -2.952601399708701044e-03 9.995407582052713291e-01 -2.860186406612326149e-01
-8.060900503749468538e-01 5.913675217547952334e-01 -2.243401212683380705e-02 6.174998538082430599e+00 -5.910298409764515037e-01 -8.063964650332204886e-01 -2.021059764766888756e-02 -4.225882594918285662e+01 -3.004259911967643512e-02 -3.032391056130828016e-03 9.995440194621830754e-01 -2.898038416759363689e-01
-8.086396576799890212e-01 5.878830823607208433e-01 -2.225725727146706315e-02 6.153299740974946808e+00 -5.875496400817976639e-01 -8.089398495850239623e-01 -2.004345761362447825e-02 -4.226901485936048175e+01 -2.978799199241976073e-02 -3.130691204346218448e-03 9.995513365033547037e-01 -2.903487926624390703e-01
-8.103451831045851428e-01 5.855307507063695072e-01 -2.223565147305528455e-02 6.141180875830695385e+00 -5.852027629544450660e-01 -8.106444236605945264e-01 -1.983291754799758333e-02 -4.227616869637583363e+01 -2.963798997366930837e-02 -3.059144523806218638e-03 9.995560170321137194e-01 -2.924106092709062299e-01
-8.125534019992723955e-01 5.825014327982799278e-01 -2.119079251374068884e-02 6.140495021947242726e+00 -5.821720249620753185e-01 -8.128203686523363114e-01 -1.996951815737432051e-02 -4.227930928177142533e+01 -2.885658072201566920e-02 -3.889613326785140712e-03 9.995759944382427431e-01 -2.907590058661028154e-01
-8.140853952065938426e-01 5.803971710932090966e-01 -2.010206701621949574e-02 6.106301937457760509e+00 -5.800762940197153883e-01 -8.143213141564589197e-01 -1.980632290080282590e-02 -4.228503915695890925e+01 -2.786507541129366536e-02 -4.463305669384912827e-03 9.996017289274886641e-01 -2.965283191981257227e-01
-8.156762275297637643e-01 5.781771507689126288e-01 -1.958249656085995008e-02 6.107799186456611018e+00 -5.778690025122765750e-01 -8.158987770976038334e-01 -1.940622235527270437e-02 -4.229506938884632916e+01 -2.719756934508319943e-02 -4.513076487028377243e-03 9.996198899393416992e-01 -2.944940413327262196e-01
-8.175220821375328573e-01 5.755629109165928403e-01 -1.962092746869693524e-02 6.104453244620643204e+00 -5.752652114148818496e-01 -8.177465335239453292e-01 -1.898798160318011796e-02 -4.230902958519125434e+01 -2.697372338600873345e-02 -4.235857267384969191e-03 9.996271683782436135e-01 -2.917786943269969346e-01
-8.193686152311028259e-01 5.729380671803273595e-01 -1.941760927446701396e-02 6.083593714187124135e+00 -5.726536606154098985e-01 -8.195887302692372867e-01 -1.849589682687502804e-02 -4.232469173816920005e+01 -2.651145710888111462e-02 -4.035392339070668737e-03 9.996403644564547664e-01 -2.932978018203318271e-01
-8.218488582277030385e-01 5.693732864396642279e-01 -1.945545986908287298e-02 6.068078669765037070e+00 -5.690978167670875942e-01 -8.220702503498402702e-01 -1.811569597575049539e-02 -4.231860976660289708e+01 -2.630834811910308033e-02 -3.816304317975984482e-03 9.996465908712922621e-01 -2.931632863372361508e-01
-8.243008789965784455e-01 5.658190890321646016e-01 -1.941183588123759560e-02 6.035135944271655006e+00 -5.655543548939356846e-01 -8.245215958573364201e-01 -1.767511316445342581e-02 -4.233235108757674681e+01 -2.600639432857017666e-02 -3.591162998702670216e-03 9.996553261011235092e-01 -2.957807259836227054e-01
-8.266393888607865836e-01 5.624022092789358052e-01 -1.926332738750966694e-02 6.006153974230175940e+00 -5.621437786620107069e-01 -8.268561048860392226e-01 -1.741705842801080997e-02 -4.235962128335201982e+01 -2.572339198983437936e-02 -3.568866887465380229e-03 9.996627282707287732e-01 -2.950830355416018125e-01
-8.294064446422664272e-01 5.582972862198075648e-01 -1.972535894412383653e-02 5.975189621716664234e+00 -5.580438071102654662e-01 -8.296348238995070457e-01 -1.712215871657958230e-02 -4.237282928575505281e+01 -2.592409943965393385e-02 -3.193614383923465937e-03 9.996588127433327919e-01 -2.962738467294737665e-01
-8.318747780865851649e-01 5.546086689394318370e-01 -1.983879836650967454e-02 5.929670979714749102e+00 -5.543585624466211836e-01 -8.321055557606356068e-01 -1.693895848038147120e-02 -4.239750053784725736e+01 -2.590246755641237991e-02 -3.093284583758536266e-03 9.996596889766901084e-01 -2.976608464308007074e-01
-8.348296985632115419e-01 5.501529697771767591e-01 -1.977584997440791359e-02 5.896663257415766246e+00 -5.499027411290136058e-01 -8.350576211805860183e-01 -1.690398198704146093e-02 -4.241938342244800708e+01 -2.581375012768398480e-02 -3.237152077676738390e-03 9.996615282938378089e-01 -2.979626723182636772e-01
-8.375392031859123509e-01 5.460292900984922149e-01 -1.949608887043793176e-02 5.840553734279279929e+00 -5.457801544457683285e-01 -8.377588737323384827e-01 -1.685504363321057436e-02 -4.242972310654430856e+01 -2.553636896390473754e-02 -3.476181419426927280e-03 9.996678498495780163e-01 -2.981763456646698285e-01
-8.406132329956996774e-01 5.412911966892329785e-01 -1.931923650810427745e-02 5.790570593853406223e+00 -5.410444586104045106e-01 -8.408274244321003454e-01 -1.673726769384898186e-02 -4.245977026098631768e+01 -2.530387953441547155e-02 -3.617002850347230368e-03 9.996732621066186653e-01 -3.012224731555211976e-01
-8.436751495597967221e-01 5.365160975224610995e-01 -1.904518612469308439e-02 5.731801344189616287e+00 -5.362739128602661554e-01 -8.438817610257884905e-01 -1.654883057966294660e-02 -4.250457370715629679e+01 -2.495059920713103493e-02 -3.748400630095664703e-03 9.996816578751064331e-01 -3.020859728394224564e-01
-8.470380602045779472e-01 5.311824839523506814e-01 -1.927934923892236571e-02 5.659717463019427797e+00 -5.309444642177865159e-01 -8.472499343421175944e-01 -1.629492785393744925e-02 -4.253628545940025418e+01 -2.499000763011456974e-02 -3.566160328445497005e-03 9.996813402375571700e-01 -3.044168974855035459e-01
-8.501254708017031980e-01 5.262163404688247059e-01 -1.957158444739016956e-02 5.595401175416100159e+00 -5.259719542639242906e-01 -8.503426994101730418e-01 -1.645590737726350394e-02 -4.257660503121765316e+01 -2.530192130988544175e-02 -3.695481486730120210e-03 9.996730246408620513e-01 -3.075175098616790836e-01
-8.533448934249658890e-01 5.209788960738322983e-01 -1.958271460307080269e-02 5.527258778554276830e+00 -5.207292824923105412e-01 -8.535603017751800525e-01 -1.660799772723191639e-02 -4.260804236205153472e+01 -2.536744410810433392e-02 -3.975057126038038235e-03 9.996702914962847242e-01 -3.103124463773921371e-01
-8.570174986794123484e-01 5.149150929255947862e-01 -1.958198239989914630e-02 5.433766351857697074e+00 -5.146593518164377379e-01 -8.572303444982849463e-01 -1.678952230518868452e-02 -4.266364037019332756e+01 -2.543144795657747287e-02 -4.310864040802019070e-03 9.996672735995980608e-01 -3.117784818451287965e-01
-8.604673715281312418e-01 5.091245743072956298e-01 -1.969950181818919815e-02 5.344662926478518372e+00 -5.088663787120628612e-01 -8.606813929309047317e-01 -1.680917841506785262e-02 -4.270661963761651947e+01 -2.551296046995076700e-02 -4.439335415707190875e-03 9.996646343394997025e-01 -3.154424059693348159e-01
-8.640834915838040420e-01 5.029695045839051026e-01 -1.952938890401047928e-02 5.236657659281890531e+00 -5.027116415626222690e-01 -8.642915374635515846e-01 -1.676734046606732920e-02 -4.276093468855024327e+01 -2.531254648897837689e-02 -4.670730939843889887e-03 9.996686747431525744e-01 -3.184502329566964995e-01
-8.677714729638705826e-01 4.965750959598402847e-01 -1.964293212811879519e-02 5.140607331544067904e+00 -4.963174007014596878e-01 -8.679809073262658714e-01 -1.667879725937049945e-02 -4.281018862972860006e+01 -2.533196540067943897e-02 -4.724255449046596902e-03 9.996679313348962870e-01 -3.224749329676437348e-01
-8.711085258727060410e-01 4.906789077832551804e-01 -2.010337306305762586e-02 5.017301988875685126e+00 -4.904074251316100641e-01 -8.713260437299048533e-01 -1.707287010949445558e-02 -4.287580519687502090e+01 -2.589388977471246758e-02 -5.013479293183642667e-03 9.996521252404317881e-01 -3.255604256865191060e-01
-8.749105736802511579e-01 4.838416051052981670e-01 -2.070722655554237124e-02 4.909843787078814970e+00 -4.835090004493300953e-01 -8.751294909531843746e-01 -1.916821714479464978e-02 -4.293368797504451351e+01 -2.739588558494839704e-02 -6.758345444631793861e-03 9.996018158346189342e-01 -3.228866352739248047e-01
-8.787282439687029711e-01 4.768603217281068285e-01 -2.099778114581289656e-02 4.773977362770345678e+00 -4.764403323337537688e-01 -8.789284417641554104e-01 -2.212247688974149085e-02 -4.299073900470674658e+01 -2.900487851005881246e-02 -9.435455442178214761e-03 9.995347363664833784e-01 -3.300660047415381881e-01
-8.820931736499271203e-01 4.706213764000324318e-01 -2.066768191016222708e-02 4.663453586951110452e+00 -4.701198688478793741e-01 -8.822494758831522788e-01 -2.496339757238178608e-02 -4.305005754890744640e+01 -2.998236005809586449e-02 -1.230375468071196604e-02 9.994746998829452389e-01 -3.369963444949815590e-01
-8.854695239652377037e-01 4.642714885341478470e-01 -1.989238706294747805e-02 4.546199937999241492e+00 -4.637411739447159786e-01 -8.855821937820846923e-01 -2.623550351121934493e-02 -4.311211045582503942e+01 -2.979674004236405188e-02 -1.400581987593376744e-02 9.994578486821996677e-01 -3.419610384340712739e-01
-8.889298973427379735e-01 4.576505378054068762e-01 -1.896372475680368000e-02 4.420313045192396650e+00 -4.571203768136521406e-01 -8.890050352000733458e-01 -2.666474246381351360e-02 -4.318205429586090105e+01 -2.906198052395367673e-02 -1.503438177440780642e-02 9.994645409681559567e-01 -3.422059182440130298e-01
-8.919508502004571682e-01 4.517484931158302630e-01 -1.862739365179464160e-02 4.295895795852629817e+00 -4.512292337334242176e-01 -8.920161116799802947e-01 -2.644683587267794567e-02 -4.324087398905896862e+01 -2.856325350917014380e-02 -1.518405317779688603e-02 9.994766555943488395e-01 -3.449792570356137733e-01
-8.948641942815043215e-01 4.459407528053448977e-01 -1.883928821153128125e-02 4.162948836425016452e+00 -4.454305037653452648e-01 -8.949388223423120348e-01 -2.600328017591382879e-02 -4.329679691230062133e+01 -2.845593274285051349e-02 -1.487781072465242486e-02 9.994843223581727498e-01 -3.477504829128412189e-01
-8.974830329315102162e-01 4.406462161006893252e-01 -1.884457047011160735e-02 4.024475970979422890e+00 -4.401732366832837862e-01 -8.975742257507284272e-01 -2.465828412000321129e-02 -4.333905065274945656e+01 -2.777998034233059022e-02 -1.383551604117211342e-02 9.995183095811973617e-01 -3.509774625099364442e-01
-8.998979569060592265e-01 4.356643176109505911e-01 -1.950050042652730006e-02 3.898758002677661150e+00 -4.352241270846729515e-01 -9.000246279858872267e-01 -2.314364323630543549e-02 -4.340507681385548011e+01 -2.763379017950017350e-02 -1.233982898786436036e-02 9.995419462238018804e-01 -3.515878736157448392e-01
-9.019466371943400951e-01 4.313393688101757606e-01 -2.094307924497632034e-02 3.761663697073580614e+00 -4.309223121483457541e-01 -9.021281089216612870e-01 -2.169875540559229599e-02 -4.346528538242361606e+01 -2.825286793488154119e-02 -1.054627933762524589e-02 9.995451722886700141e-01 -3.505275611590841223e-01
-9.040456947991120096e-01 4.268403880632495317e-01 -2.255359911868076023e-02 3.639128919113646887e+00 -4.264359404964411793e-01 -9.042814659143372236e-01 -2.067411562156010185e-02 -4.351501900060524974e+01 -2.921934920745613423e-02 -9.072679969696137783e-03 9.995318484721035235e-01 -3.553501532415324071e-01
-9.059557789452372667e-01 4.227223679643533627e-01 -2.345050571605887882e-02 3.504806139703709800e+00 -4.223007299558624306e-01 -9.062138596256366085e-01 -2.094120581899550082e-02 -4.357361353359398493e+01 -3.010348940695743367e-02 -9.068640748074809771e-03 9.995056476481298802e-01 -3.564722462198164354e-01
-9.079206867335523068e-01 4.184685195970480054e-01 -2.375130959608685519e-02 3.386351922735014508e+00 -4.180472140055015995e-01 -9.081871510416739124e-01 -2.079965252223386907e-02 -4.360982788231535778e+01 -3.027463399469111291e-02 -8.955265996179599328e-03 9.995015006228981091e-01 -3.654979980291584440e-01
-9.098151784883570237e-01 4.143190496018603342e-01 -2.400137765233949574e-02 3.273750130386946733e+00 -4.138809452954164692e-01 -9.100833010818285551e-01 -2.123554127810741918e-02 -4.367172758529951437e+01 -3.064154228447929854e-02 -9.386704907095620026e-03 9.994863609161535045e-01 -3.668793309542207615e-01
-9.113109048057925765e-01 4.110033118650798789e-01 -2.426339667037393996e-02 3.157230983890801923e+00 -4.105837318849022699e-01 -9.115919724513756872e-01 -2.052010900744277722e-02 -4.372731183107396191e+01 -3.055215039100775756e-02 -8.738043153160327328e-03 9.994949788309788197e-01 -3.736099785651978422e-01
-9.129665672864522019e-01 4.072322434451560169e-01 -2.557238580614529244e-02 3.056743138857865638e+00 -4.068066149775900198e-01 -9.132882994430093770e-01 -2.031895939687650143e-02 -4.374892055613663899e+01 -3.162949616525601720e-02 -8.147514904700196500e-03 9.994664541510184241e-01 -3.714908342615052539e-01
-9.143533916398420835e-01 4.040480372024254363e-01 -2.651525654381749197e-02 2.961666345345360885e+00 -4.036139877793830655e-01 -9.147039290458356398e-01 -2.030938347007435821e-02 -4.379354543061820237e+01 -3.245957586816309443e-02 -7.868025227333076688e-03 9.994420794190531643e-01 -3.773294052812319888e-01
-9.153549412441788213e-01 4.017893640351047901e-01 -2.628000167679103369e-02 2.887407936214074322e+00 -4.013418456458126560e-01 -9.156930985123226119e-01 -2.075746300766986158e-02 -4.383270666001985916e+01 -3.240454402516369792e-02 -8.453181955225498243e-03 9.994390873091532068e-01 -3.792227034577228539e-01
-9.162651438440534424e-01 3.997076893401755315e-01 -2.630492841226128586e-02 2.813766783173930808e+00 -3.992538808783666626e-01 -9.166016845717332995e-01 -2.092105264617591734e-02 -4.385477150089384679e+01 -3.247344730698468324e-02 -8.666886557394459095e-03 9.994350205478101934e-01 -3.840317819056126014e-01
-9.172463525320913025e-01 3.974285726693519982e-01 -2.663941426864671266e-02 2.737080187387955110e+00 -3.969729150316215205e-01 -9.175931711294678106e-01 -2.086329379232284426e-02 -4.387912631088047277e+01 -3.273581368886334386e-02 -8.561654195853887067e-03 9.994273683362682181e-01 -3.855317328246608555e-01
-9.177896563869578639e-01 3.961661120737244857e-01 -2.673122282088630577e-02 2.683523381854090228e+00 -3.957055039714315048e-01 -9.181378896459349015e-01 -2.097545525669256006e-02 -4.393032494088192408e+01 -3.285271306644405032e-02 -8.673363874488420819e-03 9.994225692885240209e-01 -3.880172200952962669e-01
-9.182951443205193964e-01 3.949816175054821632e-01 -2.689888009026020904e-02 2.637586800452757174e+00 -3.945137001024075496e-01 -9.186468771552454005e-01 -2.113895750560336115e-02 -4.394516889141078053e+01 -3.306007182183380577e-02 -8.799825320373818455e-03 9.994146260313915286e-01 -3.892741525095604893e-01
-9.187257164269071463e-01 3.939779425867701579e-01 -2.691539951333015920e-02 2.597245918211997573e+00 -3.934901727203681809e-01 -9.190721864673396801e-01 -2.172095841897508234e-02 -4.397747709302757357e+01 -3.329477358927890318e-02 -9.364657881613943496e-03 9.994017016367336970e-01 -3.920127623598108069e-01
-9.190849476471516510e-01 3.931671639555054942e-01 -2.650358835360425852e-02 2.564263427723563193e+00 -3.926883683764929578e-01 -9.194189011801681133e-01 -2.155758554338335631e-02 -4.398124811031628667e+01 -3.284363485122256815e-02 -9.405601513840407268e-03 9.994162447698768936e-01 -3.953951851781796201e-01
-9.194058471834181123e-01 3.924142112729618881e-01 -2.653252637728579014e-02 2.530196819717810630e+00 -3.919424699074332552e-01 -9.197425167543640256e-01 -2.132611444238883408e-02 -4.398589132877946639e+01 -3.277176296452330440e-02 -9.208130394837513513e-03 9.994204430002564532e-01 -3.922152871664033036e-01
-9.195841890405949126e-01 3.919600640590029106e-01 -2.705970157658542374e-02 2.508627517988636146e+00 -3.914901038715849491e-01 -9.199398517242263207e-01 -2.112268402036868858e-02 -4.399108371150969532e+01 -3.317254643778759504e-02 -8.830480874279953915e-03 9.994106287059197902e-01 -3.943415083506306429e-01
-9.198053602139986129e-01 3.914504242901934994e-01 -2.691959592235962026e-02 2.482144785788531038e+00 -3.909766806885984769e-01 -9.201548117085605050e-01 -2.126870111945945024e-02 -4.399704959918458513e+01 -3.309583779452307528e-02 -9.038131035265788149e-03 9.994113155793604708e-01 -3.949278515403015777e-01
-9.198643985820562641e-01 3.913165418565589526e-01 -2.684869253233439224e-02 2.485574424116387515e+00 -3.908466586073529037e-01 -9.202123294814006371e-01 -2.116974553180531182e-02 -4.400332579154553514e+01 -3.299056951219871137e-02 -8.979573477510181811e-03 9.994153238686220853e-01 -3.937020640236584823e-01
-9.198930859118183978e-01 3.912656953166652185e-01 -2.660575426479517766e-02 2.486665469171914555e+00 -3.908001255817904473e-01 -9.202335901945239982e-01 -2.110453323231701803e-02 -4.401456863208444048e+01 -3.274098863640191592e-02 -9.016382093924409785e-03 9.994231999093513563e-01 -3.936135023891967344e-01
-9.200180449640376068e-01 3.909993468016054741e-01 -2.619747585680059013e-02 2.472109848354191453e+00 -3.905388221178663355e-01 -9.203455220229626033e-01 -2.106059142260005568e-02 -4.400626352247279272e+01 -3.234540708260322250e-02 -9.144992782830742295e-03 9.994349122117270889e-01 -3.944588602104837638e-01
-9.199262305356681324e-01 3.912388259328980489e-01 -2.584398295703935894e-02 2.476369989281721473e+00 -3.907870292965492931e-01 -9.202439939397062396e-01 -2.089232757438392110e-02 -4.400726999715959664e+01 -3.195665980690308439e-02 -9.119906827647343561e-03 9.994476470498296905e-01 -3.942964305096756661e-01
-9.199730313315779284e-01 3.911516445763886241e-01 -2.549534404111546138e-02 2.485434121493554471e+00 -3.907054230798503447e-01 -9.202803618782913198e-01 -2.081652990190148433e-02 -4.400769453045889890e+01 -3.160528434587159957e-02 -9.189476935506377467e-03 9.994581829746896906e-01 -3.928836332884619864e-01
-9.199092599978024865e-01 3.912943839820311465e-01 -2.560582813379615880e-02 2.483738118814872387e+00 -3.908416940871236034e-01 -9.202185602698713662e-01 -2.098979509075488831e-02 -4.401636222548422239e+01 -3.177614723974567235e-02 -9.300881623125218517e-03 9.994517347364156867e-01 -3.948875062833032690e-01
-9.199725227621893264e-01 3.911350956545120439e-01 -2.576614658635100266e-02 2.483271464070406775e+00 -3.906902050589930453e-01 -9.202895228302003794e-01 -2.069680748145977592e-02 -4.400236753478531426e+01 -3.180756252112974108e-02 -8.973913098440349650e-03 9.994537247167404326e-01 -3.955048726372490386e-01
-9.200173792060228894e-01 3.910287104232214594e-01 -2.577924715023624178e-02 2.472996855522457516e+00 -3.905747052140847164e-01 -9.203321860516011643e-01 -2.097777310419859584e-02 -4.399610731323375745e+01 -3.192838244902715394e-02 -9.231193976558835917e-03 9.994475291139379713e-01 -3.922166247108062054e-01
-9.199239054506425095e-01 3.912437792643461143e-01 -2.585175753000926516e-02 2.479434274572632990e+00 -3.907936295434008556e-01 -9.202424081815214763e-01 -2.083864901020069174e-02 -4.401286275206158649e+01 -3.194287539865463266e-02 -9.067269226550711547e-03 9.994485666306391902e-01 -3.937288777512607529e-01
-9.199672862452250577e-01 3.911410107227408228e-01 -2.586313920212585105e-02 2.487126381508404371e+00 -3.906910512756133769e-01 -9.202861958040704504e-01 -2.082835244631876456e-02 -4.399676598401905636e+01 -3.194831281541811452e-02 -9.056905832832893438e-03 9.994484867990862664e-01 -3.937739393976171787e-01
-9.199382019326309834e-01 3.912089300838341721e-01 -2.587040099456484887e-02 2.484026533393836278e+00 -3.907538126439533688e-01 -9.202559174088993377e-01 -2.098819616163778018e-02 -4.400894252431439924e+01 -3.201815936577332572e-02 -9.198885615492268658e-03 9.994449549496265961e-01 -3.947534896074853528e-01
-9.199442949960332516e-01 3.912046570913871868e-01 -2.571789988048719250e-02 2.485839927856677622e+00 -3.907571740387086878e-01 -9.202589274763957050e-01 -2.079272318089774030e-02 -4.400373533726660469e+01 -3.180133710294168886e-02 -9.078693188189023919e-03 9.994529765268898025e-01 -3.947419078094416278e-01
-9.199936462053255326e-01 3.910750287587080321e-01 -2.592321012540514669e-02 2.484627923897235746e+00 -3.906227529891235228e-01 -9.203139499178751848e-01 -2.088296994579109250e-02 -4.400503080778252496e+01 -3.202429997718015536e-02 -9.086003958523299409e-03 9.994457907975986544e-01 -3.930953986557811364e-01
-9.199523236650073432e-01 3.911857867596081340e-01 -2.571774524760803843e-02 2.485948736553877936e+00 -3.907386615969907773e-01 -9.202670456156456513e-01 -2.078131582081550396e-02 -4.400521458315508738e+01 -3.179654881817765150e-02 -9.068902420832861827e-03 9.994532177606586520e-01 -3.940849450305782820e-01
-9.200130551225034203e-01 3.910283980208937860e-01 -2.593781689678766739e-02 2.484647725947737307e+00 -3.905727325388427817e-01 -9.203328811705293599e-01 -2.098400422927948483e-02 -4.400861907016017938e+01 -3.207676731373303863e-02 -9.174953818212424478e-03 9.994432956507008914e-01 -3.940128078734826400e-01
-9.199257519933563554e-01 3.912460039233979781e-01 -2.575218890560970406e-02 2.488419859258451439e+00 -3.907986109820463239e-01 -9.202416062299212385e-01 -2.078056346391448511e-02 -4.399773291761264460e+01 -3.182854809696773757e-02 -9.052655817327661877e-03 9.994523465121746275e-01 -3.948600584018393533e-01
-9.199640902339971671e-01 3.911589648843032396e-01 -2.570480248075008439e-02 2.487510032485811706e+00 -3.907077995299221840e-01 -9.202771961801752276e-01 -2.091166127407304356e-02 -4.400428898475232842e+01 -3.183532733332748027e-02 -9.194910624678965388e-03 9.994508319833367294e-01 -3.938506240855077500e-01
-9.199768419261711294e-01 3.911277790757365924e-01 -2.572296162635134831e-02 2.486730610654972029e+00 -3.906825855370151812e-01 -9.202922700431468428e-01 -2.071847139497828144e-02 -4.400825532334001622e+01 -3.177621244990967014e-02 -9.011000727637464083e-03 9.994543882480204644e-01 -3.941028975549425994e-01
-9.199256612173076775e-01 3.912364567700109541e-01 -2.590005266301994430e-02 2.487943655229980067e+00 -3.907847282009542234e-01 -9.202453821962013336e-01 -2.087421259531044293e-02 -4.400994828679309023e+01 -3.200115683543571649e-02 -9.081378783822953785e-03 9.994465741201871145e-01 -3.935870227308124747e-01
-9.198426232328935637e-01 3.914531671968859983e-01 -2.557276628674115884e-02 2.489507133088968871e+00 -3.910101111633515480e-01 -9.201536353540709090e-01 -2.069735037900266930e-02 -4.400746325580295348e+01 -3.163291722324916566e-02 -9.039094878059067417e-03 9.994586801422720157e-01 -3.943103393625576603e-01
-9.199527381733116904e-01 3.911839539378422215e-01 -2.573079301116685397e-02 2.487612787001971526e+00 -3.907353405929792078e-01 -9.202674834645265811e-01 -2.082432446819972027e-02 -4.401694864476219493e+01 -3.182535371548805142e-02 -9.103464144184088627e-03 9.994519867414640713e-01 -3.931649666284716682e-01
-9.199928436668687315e-01 3.910994564225317993e-01 -2.558090670302658187e-02 2.480168390078432150e+00 -3.906560637469996267e-01 -9.203039020121832614e-01 -2.070187911398524080e-02 -4.400501892646779112e+01 -3.163870192420956823e-02 -9.052244315639435684e-03 9.994583780295210884e-01 -3.938610083761600045e-01
-9.201003412628929734e-01 3.908428672052930986e-01 -2.563620803968167869e-02 2.475006926306597688e+00 -3.903953367594479862e-01 -9.204120097602055406e-01 -2.081377730391709494e-02 -4.401074632362045236e+01 -3.173079016326955937e-02 -9.142507529417177869e-03 9.994546370454684414e-01 -3.938442149145365279e-01
-9.199516946162171749e-01 3.912113703465752157e-01 -2.534843751210550528e-02 2.482094650922118895e+00 -3.907738014638793556e-01 -9.202565353783049851e-01 -2.058507184799825140e-02 -4.401148146947552675e+01 -3.138017944848177365e-02 -9.031766442587504939e-03 9.994667135691451820e-01 -3.963018780585170764e-01
-9.200854058537035751e-01 3.909167668954866004e-01 -2.503851623012037439e-02 2.474016257943919772e+00 -3.904867258761191007e-01 -9.203818279637598909e-01 -2.043055722777149807e-02 -4.400365052052021042e+01 -3.103164271473210153e-02 -9.020649315235678214e-03 9.994776961175055874e-01 -3.947819532712948387e-01
-9.200753668758163695e-01 3.909617814469869002e-01 -2.470232207972296312e-02 2.463390873592565367e+00 -3.905545141711834756e-01 -9.203671268188673427e-01 -1.978694851900652737e-02 -4.400678775525057773e+01 -3.047114584065950538e-02 -8.557880519231519240e-03 9.994990104808387787e-01 -3.954786213269766426e-01
-9.200902214155188830e-01 3.909371737404333524e-01 -2.453794293301184148e-02 2.453659966015616867e+00 -3.905295381137804389e-01 -9.203764663793418954e-01 -1.984540238225311615e-02 -4.401022683069101760e+01 -3.034245072796307868e-02 -8.676769152075918673e-03 9.995019006289596053e-01 -3.948763717880898194e-01
-9.200654524684970248e-01 3.909993013786674521e-01 -2.447671332785221823e-02 2.432866678092046264e+00 -3.906055040749122353e-01 -9.203536059669172875e-01 -1.940567365685041262e-02 -4.402129787761994351e+01 -3.011483621611821607e-02 -8.293750966023230933e-03 9.995120361129173903e-01 -3.975204263980340325e-01
-9.197945360336132747e-01 3.916319457126627990e-01 -2.454446129017737177e-02 2.412159151361719100e+00 -3.912332191593081987e-01 -9.200837465468030274e-01 -1.955677802308257093e-02 -4.403946791822222906e+01 -3.024201892988983426e-02 -8.385608964966470569e-03 9.995074296138727332e-01 -3.959357447187761281e-01
-9.196820834135557288e-01 3.919124081163899986e-01 -2.428023501766521028e-02 2.385520742670528271e+00 -3.915243974909247693e-01 -9.199657954190474385e-01 -1.927644750381213995e-02 -4.404117046294911830e+01 -2.989166468213598146e-02 -8.221899014888567336e-03 9.995193288571860846e-01 -3.977244302288980848e-01
-9.192368521156990546e-01 3.929651435504193380e-01 -2.412479361195016964e-02 2.343385536258633994e+00 -3.925797128974100048e-01 -9.195166399755865250e-01 -1.924364386999636786e-02 -4.406891871660864979e+01 -2.974523043797117766e-02 -8.218562064402357148e-03 9.995237248328753266e-01 -3.973319902600920273e-01
-9.185495501438263322e-01 3.946035636259936363e-01 -2.355316335953408502e-02 2.300553659274971796e+00 -3.942342083650364759e-01 -9.188162130879280465e-01 -1.887208312700133783e-02 -4.407501072416054200e+01 -2.908801961920915585e-02 -8.049480755045669567e-03 9.995444427208860505e-01 -3.981462187113026241e-01
-9.175127726195198008e-01 3.970154504884095270e-01 -2.343169122209022223e-02 2.244314980521675995e+00 -3.966536983150734108e-01 -9.177784977947029965e-01 -1.866742078258078197e-02 -4.409983929918641365e+01 -2.891635684205228971e-02 -7.833330018862003433e-03 9.995511408866475378e-01 -3.997474075611210376e-01
-9.158009695964479668e-01 4.009671663031276756e-01 -2.310661448688074854e-02 2.191876799487790350e+00 -4.006065019933202631e-01 -9.160581742445990105e-01 -1.875771735386217928e-02 -4.413652784478187385e+01 -2.868823185351890293e-02 -7.921675737585631011e-03 9.995570180868259547e-01 -4.009924745440384131e-01
-9.138984694379712614e-01 4.052668183897440435e-01 -2.341780244148341031e-02 2.118587174512331028e+00 -4.048978421667733252e-01 -9.141644482744843980e-01 -1.900260297167440798e-02 -4.416647481457695790e+01 -2.910884689617352847e-02 -7.884632094306252836e-03 9.995451503604589893e-01 -4.021473116616081089e-01
-9.109297264518099180e-01 4.118697130654140337e-01 -2.388248156796850610e-02 2.041843271753235101e+00 -4.114843111517758056e-01 -9.112081716012947474e-01 -1.950204304614800224e-02 -4.421123087493999293e+01 -2.979421323645653832e-02 -7.937724260688516081e-03 9.995245356624227195e-01 -4.037718147495206189e-01
-9.070680924643910181e-01 4.202752074514696790e-01 -2.441773197157080105e-02 1.957052304844656199e+00 -4.198857372546628830e-01 -9.073655676084364519e-01 -1.958811804968493137e-02 -4.425615411850711212e+01 -3.038820960701021923e-02 -7.515099483325258199e-03 9.995099199090703435e-01 -4.105582121369771298e-01
-9.025025784256703876e-01 4.299904469012822972e-01 -2.443995721462262349e-02 1.868439669863248165e+00 -4.296029366166879138e-01 -9.028046371189484276e-01 -1.962406805028765744e-02 -4.430302143457013386e+01 -3.050266849531436258e-02 -7.211294624397338558e-03 9.995086715204151151e-01 -4.087629963566211666e-01
-8.965611820302925583e-01 4.422256735080414836e-01 -2.478912194501191324e-02 1.752941760580799091e+00 -4.418342937501585355e-01 -8.968779953043486408e-01 -1.980702918542879762e-02 -4.436440593035673885e+01 -3.099199481711698706e-02 -6.805529311735642774e-03 9.994964637396387408e-01 -4.111418709791114789e-01
-8.890520246950179839e-01 4.571021014484284994e-01 -2.538043019966233771e-02 1.666505533707832498e+00 -4.567163669829849559e-01 -8.893946146648723516e-01 -1.968195963279743485e-02 -4.443168054451839311e+01 -3.156988304623221941e-02 -5.906628188249152082e-03 9.994840940344638103e-01 -4.177940859705385757e-01
-8.798058741479100053e-01 4.745908735896154362e-01 -2.655421850249959151e-02 1.563678334228708833e+00 -4.742300782315254648e-01 -8.801970748766960728e-01 -1.894577206212929785e-02 -4.449882386179567106e+01 -3.236443596533244288e-02 -4.075792432711312051e-03 9.994678239946953591e-01 -4.171692877955938683e-01
-8.689502713991656968e-01 4.941272021677962090e-01 -2.763573616068433492e-02 1.452249130704510227e+00 -4.938040405519708576e-01 -8.693873767324447055e-01 -1.797661572228273497e-02 -4.460703508707906906e+01 -3.290889499610449159e-02 -1.974146930941953273e-03 9.994564059397640365e-01 -4.134933277398512019e-01
-8.556357177346529674e-01 5.167593205409903856e-01 -2.910881603086256861e-02 1.340052492953028640e+00 -5.164809771095650870e-01 -8.561305609306184561e-01 -1.696652364431658344e-02 -4.468700811237391690e+01 -3.368855622690823670e-02 5.169861102556887883e-04 9.994322457799269532e-01 -4.196806815240474720e-01
-8.397991272099516458e-01 5.421032147734619056e-01 -2.935183928957692603e-02 1.220896552349734376e+00 -5.418587567529451476e-01 -8.403092380119139282e-01 -1.641560970507594669e-02 -4.478333139656463402e+01 -3.356357650126064879e-02 2.118736442920409954e-03 9.994343386577877464e-01 -4.207102788080971378e-01
-8.217759988039334829e-01 5.690793756028331707e-01 -2.885952274878705870e-02 1.115757393783872509e+00 -5.688539055185963811e-01 -8.222770420757172793e-01 -1.630031445861480563e-02 -4.488177881127728597e+01 -3.300669577582782815e-02 3.021645032003917632e-03 9.994505629070716823e-01 -4.244327426621527510e-01
-8.009735198547149881e-01 5.980829435920490544e-01 -2.717007684602716633e-02 1.003340427240692723e+00 -5.978807406971423655e-01 -8.014266520086643641e-01 -1.593553744371439124e-02 -4.500732350009371885e+01 -3.130559686358769245e-02 3.480522152432479616e-03 9.995037996779007061e-01 -4.313397389048096442e-01
-7.771438487598241185e-01 6.287751859490176010e-01 -2.625269261515620831e-02 8.999390556166779742e-01 -6.286274846303352426e-01 -7.775699258389126012e-01 -1.457724247604265215e-02 -4.515812438184855182e+01 -2.957911259833642323e-02 5.174549801302051263e-03 9.995490483874459597e-01 -4.403474474566081986e-01
-7.513814006921331057e-01 6.593452254149755332e-01 -2.626527015668922091e-02 7.857330284944767929e-01 -6.592772055401355802e-01 -7.517977539546096821e-01 -1.239771769296412959e-02 -4.528256496129905884e+01 -2.792054707770865243e-02 8.000679426133763816e-03 9.995781271014295699e-01 -4.430903377426856915e-01
-7.227566781883756342e-01 6.905847445725837863e-01 -2.674873263772058196e-02 6.655415121445529270e-01 -6.905768012794001320e-01 -7.231751382298523545e-01 -1.101821133151077541e-02 -4.546157302168146686e+01 -2.695302708077506465e-02 1.050856840169472374e-02 9.995814645747138627e-01 -4.358506961871838059e-01
-6.915809243408028717e-01 7.217958494563460059e-01 -2.695508849017923952e-02 5.673771414834043458e-01 -7.218078997869538105e-01 -6.920052066297766036e-01 -1.105214017410095090e-02 -4.560518257932550057e+01 -2.663045048564618988e-02 1.181294649411891370e-02 9.995755466206937001e-01 -4.387947800668257070e-01
-6.578168720777741729e-01 7.526806585880252420e-01 -2.736400916002286812e-02 4.651155415413604222e-01 -7.527257665129527542e-01 -6.582466399208550811e-01 -1.073692043334295750e-02 -4.577876640510176998e+01 -2.609373942732435767e-02 1.353466735463607247e-02 9.995678714035871604e-01 -4.519174344404592314e-01
-6.215365090366526957e-01 7.829252426515411756e-01 -2.684087095376220047e-02 3.721401199334855581e-01 -7.829907491093348604e-01 -6.219459594131031555e-01 -1.042642694873292981e-02 -4.595742959320666898e+01 -2.485668408564621970e-02 1.453574864739210805e-02 9.995853426634097039e-01 -4.589681014051651964e-01
-5.825762017522604364e-01 8.123126469911606806e-01 -2.744326310998190799e-02 2.772145615420220643e-01 -8.124206154047938222e-01 -5.829878759317932424e-01 -9.893441354353816469e-03 -4.614030302166417385e+01 -2.403565720353265794e-02 1.653178921804899365e-02 9.995744029976179057e-01 -4.593529604425060087e-01
-5.417695189670257427e-01 8.400371165627660286e-01 -2.869548945656376360e-02 1.959653165706090328e-01 -8.401813732507237287e-01 -5.422100734276393830e-01 -1.017331392036456908e-02 -4.635110386624982226e+01 -2.410494473683638672e-02 1.859782434878095095e-02 9.995364288352506232e-01 -4.585117473989082648e-01
-4.991914297528996514e-01 8.659792463135776996e-01 -2.979700346383401532e-02 1.189962700949533519e-01 -8.661616195723053080e-01 -4.996552557641922299e-01 -1.042469026403131799e-02 -4.657758284283612227e+01 -2.391579480462683455e-02 2.060510474100312947e-02 9.995016080114504931e-01 -4.672805045778007926e-01
-4.544234155581294843e-01 8.902945326685444138e-01 -2.958047486065172246e-02 5.428915221547452735e-02 -8.904974628609322318e-01 -4.548706372436281953e-01 -1.034272748448603063e-02 -4.680511397034194232e+01 -2.266336318215237192e-02 2.164136026394486434e-02 9.995088911536504916e-01 -4.716157393558574884e-01
-4.095134017388184500e-01 9.118175318061512158e-01 -2.979198696360540327e-02 1.962185553364734214e-03 -9.120487515147230884e-01 -4.099530097642680726e-01 -1.027641210018558418e-02 -4.701619588868496180e+01 -2.158352743960195719e-02 2.296341603848226290e-02 9.995032930746688971e-01 -4.750519873080411570e-01
-3.644644370889940088e-01 9.306993780824024398e-01 -3.105385216735255527e-02 -4.458720512710984824e-02 -9.309830196450155082e-01 -3.649180815216348517e-01 -1.026698160210030852e-02 -4.724598979758356165e+01 -2.088758554862498590e-02 2.516865939215924552e-02 9.994649805542714649e-01 -4.756552547450225155e-01
-3.202832187752042703e-01 9.468247944964988116e-01 -3.068335538459720027e-02 -8.682167039081069293e-02 -9.471154975530874376e-01 -3.207214330794592172e-01 -1.048792916765696123e-02 -4.747417204984920858e+01 -1.977104108949499436e-02 2.570157368957745950e-02 9.994741292520366027e-01 -4.754493614320386974e-01
-2.770852125276139777e-01 9.604128744807384210e-01 -2.882525854477777441e-02 -1.223737842463827469e-01 -9.606571717035498059e-01 -2.774999601858569864e-01 -1.147042071525652442e-02 -4.772129051131089028e+01 -1.901534782916577612e-02 2.451290738558179610e-02 9.995186511108443694e-01 -4.728843009851330104e-01
-2.357012286083879360e-01 9.714700020603191932e-01 -2.628623079522275294e-02 -1.422294959085176336e-01 -9.716596908882196848e-01 -2.360745035375073630e-01 -1.209437400317817449e-02 -4.794579575718699971e+01 -1.795483042264032700e-02 2.269061207730409604e-02 9.995812924360136797e-01 -4.844423378056565976e-01
-1.956259834536786535e-01 9.803767263110204633e-01 -2.433000422251594200e-02 -1.454583330214203052e-01 -9.805388588414675199e-01 -1.959566820328062509e-01 -1.202185794984662534e-02 -4.822433273420647026e+01 -1.655357664233514034e-02 2.150472679157469300e-02 9.996316950887291775e-01 -4.845359701116664919e-01
-1.578625064123380106e-01 9.871715407938914666e-01 -2.391188231463869593e-02 -1.590337869073983890e-01 -9.873228265711520013e-01 -1.581993507299543911e-01 -1.290742267735754331e-02 -4.847634127298998408e+01 -1.652468458899198148e-02 2.157114914035470829e-02 9.996307419862591193e-01 -4.826417975664899496e-01
-1.232180308986221551e-01 9.920570028335601309e-01 -2.530256884903308093e-02 -1.534678965396068517e-01 -9.922354836423618041e-01 -1.235946309651672070e-01 -1.389648148247689050e-02 -4.871746243899975326e+01 -1.691336342880506508e-02 2.339380955462452491e-02 9.995832470645189538e-01 -4.882177976895910598e-01
-9.158687538296894637e-02 9.954549216940303813e-01 -2.610255031058707903e-02 -1.521333477642657084e-01 -9.956499047499430821e-01 -9.199254145091928514e-02 -1.478646302638188768e-02 -4.899166511187087991e+01 -1.712049733548003799e-02 2.463475578391450399e-02 9.995499073975510074e-01 -4.906149811137205385e-01
-6.394632722019344406e-02 9.976562812277811609e-01 -2.434772600886901672e-02 -1.573606584035576184e-01 -9.978138312463709081e-01 -6.432629215315199822e-02 -1.515540534814732027e-02 -4.926160178166352210e+01 -1.668608427664367705e-02 2.332536526149920492e-02 9.995886663657859161e-01 -4.932211731225162876e-01
-3.978439602852601453e-02 9.989688960119769146e-01 -2.187113699051078386e-02 -1.407042326893056527e-01 -9.990727089492215107e-01 -4.013003215438804006e-02 -1.559816502516326100e-02 -4.953216708257839684e+01 -1.645977112568219186e-02 2.123029250622973305e-02 9.996391101865663709e-01 -4.972133981234749256e-01
-1.913546704615742833e-02 9.996155874825449761e-01 -2.006268084907460517e-02 -1.275195955438845619e-01 -9.996782880598387155e-01 -1.946308664770346475e-02 -1.626372158806822094e-02 -4.979892405762751650e+01 -1.664795130566012679e-02 1.974501253659745326e-02 9.996664344656441825e-01 -5.040039391230685117e-01
-5.151705488084523665e-04 9.998278221789775877e-01 -1.854887048173795364e-02 -1.031500866696174190e-01 -9.998507625873946925e-01 -8.353088833596977736e-04 -1.725557337426512905e-02 -5.010386937573249355e+01 -1.726809638353074203e-02 1.853721273309528322e-02 9.996790407882807372e-01 -5.068340533212015719e-01
1.432756396121059872e-02 9.997533327301089123e-01 -1.697040382483127816e-02 -9.315141497865395137e-02 -9.997324195567178773e-01 1.401487992498096080e-02 -1.840305485399253496e-02 -5.037385913973449192e+01 -1.816067725081059112e-02 1.722953382215540105e-02 9.996866173786979060e-01 -5.055158468009139927e-01
2.719184280455699820e-02 9.994896027752344647e-01 -1.676715924349914816e-02 -7.180573037320099605e-02 -9.994452764668422251e-01 2.686033761047201818e-02 -1.968912419508416639e-02 -5.066527180833073629e+01 -1.922870336268798358e-02 1.729324167575470306e-02 9.996655444494091380e-01 -5.132447545645588693e-01
3.735416629562338109e-02 9.991524470349645304e-01 -1.729317334676217302e-02 -5.758375701632287291e-02 -9.991120507360436998e-01 3.700399230335349454e-02 -2.014484121631673896e-02 -5.095659808397112300e+01 -1.948785094298953816e-02 1.803031163501066930e-02 9.996475036371411660e-01 -5.133429712073687146e-01
4.600643337240983843e-02 9.987844858022558725e-01 -1.769064750294171290e-02 -3.932160470751525083e-02 -9.987576768729693466e-01 4.565137366090066262e-02 -1.997636028364760397e-02 -5.123771449109833753e+01 -1.914447637464350427e-02 1.858771109082955203e-02 9.996439296173135203e-01 -5.157968265197114821e-01
5.280198234278021818e-02 9.984921337768646321e-01 -1.501364200973490624e-02 -1.579148039681252391e-02 -9.984435419500352626e-01 5.251712827861720889e-02 -1.877351260780674158e-02 -5.153190601337644239e+01 -1.795673129890133779e-02 1.598155258699893860e-02 9.997110311374822755e-01 -5.127665955736394610e-01
5.782115209432459046e-02 9.982452436750868241e-01 -1.277293429684792266e-02 1.113027825961068751e-02 -9.981791102299517604e-01 5.758767227770700270e-02 -1.794781051207529343e-02 -5.184522484698297973e+01 -1.718075292374932062e-02 1.378743927283211830e-02 9.997573346804068395e-01 -5.226684474804060843e-01
6.142821245849383605e-02 9.980172292399702716e-01 -1.371804848828065727e-02 2.722347053339719408e-02 -9.979803765201815668e-01 6.119156331841268948e-02 -1.705170546559711328e-02 -5.213417814118783866e+01 -1.617846700991560499e-02 1.473779898157679888e-02 9.997604985627246421e-01 -5.287103777676473992e-01
6.443618213803747885e-02 9.977868652866145327e-01 -1.641188267644620030e-02 3.912601014137835620e-02 -9.978012575202074297e-01 6.416403692469130338e-02 -1.660201363147949249e-02 -5.244225935646102243e+01 -1.551221849274436737e-02 1.744556754704831847e-02 9.997274744901205601e-01 -5.272737575417729694e-01
6.729043066919870864e-02 9.975377576820863013e-01 -1.975904701520513757e-02 5.723790160158333945e-02 -9.976135927857587848e-01 6.696222093264292408e-02 -1.682796650989176052e-02 -5.273174111286854782e+01 -1.546342230697602717e-02 2.084425499659899039e-02 9.996631430657993977e-01 -5.286425352040275971e-01
7.060596248494632743e-02 9.972986686881573082e-01 -2.025249353546004771e-02 8.198940271701161964e-02 -9.973803094009832115e-01 7.026254245905527718e-02 -1.719574210056157987e-02 -5.304062337569303764e+01 -1.572629901705794447e-02 2.141356019019161755e-02 9.996470091783434819e-01 -5.352565155760472537e-01
7.348387788862098535e-02 9.971011662441999768e-01 -1.973281441930663585e-02 1.099811348393021915e-01 -9.971794880973421371e-01 7.315791301593599361e-02 -1.676270506438708521e-02 -5.334704663611254460e+01 -1.527050124826067300e-02 2.090894635339842975e-02 9.996647576833033177e-01 -5.362179001787377164e-01
7.606555303570128324e-02 9.968903359631424710e-01 -2.058372426617410128e-02 1.263809534656944455e-01 -9.969852935511567260e-01 7.572343598851472013e-02 -1.691997886544272314e-02 -5.364251321261752281e+01 -1.530869308878559515e-02 2.180869792963993289e-02 9.996449492747547794e-01 -5.419013808524519860e-01
7.833695397518980474e-02 9.967152615301196894e-01 -2.054285946099469393e-02 1.559573668396608548e-01 -9.967949710202453906e-01 7.797467838283422825e-02 -1.788114313576803088e-02 -5.391836414487613638e+01 -1.622058539748971392e-02 2.187777328794562187e-02 9.996290590240581864e-01 -5.392824980763996079e-01
8.101154441649138782e-02 9.965403574912401474e-01 -1.855924466368420039e-02 1.931312507099460785e-01 -9.965606821540990978e-01 8.065941252307262666e-02 -1.899647219854025404e-02 -5.422470766799591502e+01 -1.743377342436096267e-02 2.003434707357464040e-02 9.996472820357806821e-01 -5.448685491756639632e-01
8.298788969235071367e-02 9.964394223323137512e-01 -1.488246573842594810e-02 2.260833198074224393e-01 -9.963990733856616933e-01 8.270564305442984487e-02 -1.867252428431269429e-02 -5.453664892161315692e+01 -1.737517541221459544e-02 1.637846845704575560e-02 9.997148838795970605e-01 -5.480121630139858091e-01
8.399981243777809858e-02 9.963814121410835556e-01 -1.296584166795409707e-02 2.613039894174025712e-01 -9.963160347928873284e-01 8.375451669409594846e-02 -1.842660435122409415e-02 -5.482789193946684492e+01 -1.727397826200603032e-02 1.446590726773639216e-02 9.997461413788627516e-01 -5.520310927407783286e-01
8.481472226876352050e-02 9.963063549748195635e-01 -1.342050383785520565e-02 2.918146585437064178e-01 -9.962383223324003945e-01 8.455337468644341659e-02 -1.897187248161943257e-02 -5.515127334652487434e+01 -1.776704822972631145e-02 1.497911432372735913e-02 9.997299426001400313e-01 -5.546203973204236748e-01
8.536063921125114362e-02 9.962203807412731704e-01 -1.607837893443458954e-02 3.071681567494029541e-01 -9.961922005684670234e-01 8.504869367691869630e-02 -1.917861388122117303e-02 -5.546509001362483104e+01 -1.773868089802387027e-02 1.765425443235489264e-02 9.996867841981486036e-01 -5.563719209224695650e-01
8.502081248097403954e-02 9.962229639179613905e-01 -1.764277777414345952e-02 3.249354048824347752e-01 -9.962235783203408079e-01 8.468129112994127183e-02 -1.917448646463010276e-02 -5.575390717911771077e+01 -1.760805053636552500e-02 1.920638162379606495e-02 9.996604780930522516e-01 -5.569870385869378770e-01
8.536678744383829898e-02 9.961685853519597345e-01 -1.899108104858823406e-02 3.451009226223558657e-01 -9.961784894713601179e-01 8.498339104098606711e-02 -2.015540527338767832e-02 -5.606854108721844909e+01 -1.846425509134279677e-02 2.063910863022850109e-02 9.996164756939890372e-01 -5.630036712742673144e-01
8.532798192346591204e-02 9.961342648471155359e-01 -2.087251538185068769e-02 3.797034709393123375e-01 -9.961771848408808028e-01 8.490077169656851108e-02 -2.056393366613441798e-02 -5.636843334262693617e+01 -1.871234628171202993e-02 2.254740257377926826e-02 9.995706391915526456e-01 -5.669930271417126244e-01
8.428470995850945169e-02 9.962081763672563373e-01 -2.157213494848304186e-02 4.004695124322845134e-01 -9.962720361139250080e-01 8.385110121401628813e-02 -2.027369928284137451e-02 -5.668227044578159735e+01 -1.838797771980988510e-02 2.320047767228988755e-02 9.995617140082714291e-01 -5.684057402930670078e-01
8.297287049453450081e-02 9.963331516985354241e-01 -2.087471169526814233e-02 4.293740530977487868e-01 -9.963925044775736595e-01 8.256688152361391086e-02 -1.961344172688850654e-02 -5.700776390327384746e+01 -1.781796236402358527e-02 2.242678982665273837e-02 9.995896954827342418e-01 -5.732429927345691345e-01
8.072023247514215072e-02 9.965515375845048762e-01 -1.921658156692969410e-02 4.601424083099748819e-01 -9.965861969186300406e-01 8.035790178609281131e-02 -1.893567352376354304e-02 -5.732167065012192353e+01 -1.732617039108497181e-02 2.067947191047469699e-02 9.996360153881426180e-01 -5.732161132102884249e-01
7.788294619013369502e-02 9.968079306259499672e-01 -1.755551577014488260e-02 4.926934261302232110e-01 -9.968104405901171416e-01 7.755144307066641485e-02 -1.883399076651714327e-02 -5.763615989153805685e+01 -1.741241577957563028e-02 1.896636809903900350e-02 9.996684873786163550e-01 -5.784570062452850658e-01
7.420143512909438410e-02 9.971131237322063967e-01 -1.611103676938247312e-02 5.137808978091951140e-01 -9.970897763763120203e-01 7.389688524449222751e-02 -1.874108313301333512e-02 -5.796681310786537011e+01 -1.749642450956704134e-02 1.745476531391736141e-02 9.996945565007429035e-01 -5.778122708151633979e-01
7.047891019518848221e-02 9.973958100519298986e-01 -1.530755723666112414e-02 5.345574296083153154e-01 -9.973661437074951008e-01 7.019666204983010527e-02 -1.825387693347626725e-02 -5.829944728207478022e+01 -1.713180094850246318e-02 1.655375268381896123e-02 9.997161970621181171e-01 -5.880548478223738273e-01
6.614031027945210806e-02 9.976890436815232244e-01 -1.555736076543647040e-02 5.492499591955882776e-01 -9.976741578532267729e-01 6.586566539173233092e-02 -1.754961180082299788e-02 -5.861057784552071581e+01 -1.648435949599035694e-02 1.668191356986602897e-02 9.997249520001261214e-01 -5.882989221940314595e-01
6.170826143656205076e-02 9.979498760693894521e-01 -1.697454928908270419e-02 5.656847124998775067e-01 -9.979553157540219654e-01 6.140701431845907443e-02 -1.773037931865143954e-02 -5.892454640914785102e+01 -1.665167345246737138e-02 1.803395257793349513e-02 9.996987037731164261e-01 -5.916293533007979111e-01
5.759536356237215937e-02 9.981700263053083777e-01 -1.842207050736745233e-02 5.799494229007693402e-01 -9.981962674543605196e-01 5.726414523546430324e-02 -1.802856928973321088e-02 -5.927732307786811106e+01 -1.694065336110821274e-02 1.942720402198685331e-02 9.996677438067044230e-01 -5.961203050725689678e-01
5.322443030585288781e-02 9.984038213450328048e-01 -1.889363761305623904e-02 5.967547498226628555e-01 -9.984313182386446162e-01 5.287753874698197798e-02 -1.840838548879320316e-02 -5.960732996092817615e+01 -1.737995336184776016e-02 1.984377533881852632e-02 9.996520203558049156e-01 -5.971223241872184451e-01
4.984394504811506810e-02 9.985710283695226064e-01 -1.927387981374487774e-02 6.224549786457629352e-01 -9.985822542309796823e-01 4.946494793168298987e-02 -1.966470088995211571e-02 -5.995695860546219080e+01 -1.868321912883014191e-02 2.022672062273272661e-02 9.996208366654999455e-01 -6.009143809016762594e-01
4.631464059419321266e-02 9.987444316439759717e-01 -1.909225829445193937e-02 6.146230815150234283e-01 -9.987326826972744431e-01 4.592030347667097612e-02 -2.059986021592681224e-02 -6.027901232495808159e+01 -1.969727338836495603e-02 2.002213746735854658e-02 9.996054878962511436e-01 -6.066899785790395017e-01
4.412729614599708583e-02 9.988261373223985551e-01 -1.997821654854687809e-02 6.376040044309650989e-01 -9.987975347269240078e-01 4.368081103633891793e-02 -2.225918620764857220e-02 -6.060587046885363804e+01 -2.136039227782549413e-02 2.093643113868305650e-02 9.995525996629255339e-01 -6.139968547144517563e-01
4.169465468461841517e-02 9.989154787722521744e-01 -2.072250081270760741e-02 6.524158979929123303e-01 -9.988852448827133523e-01 4.121602938716928399e-02 -2.301100773886023687e-02 -6.093961879638104762e+01 -2.213195261002337544e-02 2.165883632050052271e-02 9.995204207433230348e-01 -6.172827650040222380e-01
4.015408683486454411e-02 9.989656107159344822e-01 -2.133911707166310026e-02 6.557046332177355330e-01 -9.989416120053739023e-01 3.965530386591364920e-02 -2.330477803814081164e-02 -6.128942281862912012e+01 -2.243446265376352819e-02 2.225231408734928626e-02 9.995006400214032638e-01 -6.205545492651880490e-01
3.869867736993803931e-02 9.990395818880761780e-01 -2.055057640835920504e-02 6.722209692048094487e-01 -9.989886351038175238e-01 3.820915337493613340e-02 -2.370163563517799915e-02 -6.162901033561998787e+01 -2.289365202910140576e-02 2.144701422736905450e-02 9.995078320240924352e-01 -6.233930772436739876e-01
3.819022471023036935e-02 9.990565318660842298e-01 -2.067735167506214514e-02 6.971171757545714387e-01 -9.990046811944390814e-01 3.769464905115837983e-02 -2.384869775286220170e-02 -6.197224317414968908e+01 -2.304677175179813478e-02 2.156755824431893023e-02 9.995017192297361852e-01 -6.291273786646663924e-01
3.697688935165466262e-02 9.991074849618237774e-01 -2.041918576081682909e-02 6.998043169190036883e-01 -9.990542405492812694e-01 3.649172223857222175e-02 -2.364272929595417558e-02 -6.230523668525003700e+01 -2.287649654939246865e-02 2.127410870805518037e-02 9.995119199911042251e-01 -6.332582976224589988e-01
3.688960398071372548e-02 9.991227360103039912e-01 -1.982209639343628788e-02 7.093701454453085198e-01 -9.990749292459010222e-01 3.643464525924666741e-02 -2.284299404917718851e-02 -6.264849056419050299e+01 -2.210074366269156043e-02 2.064642855598573801e-02 9.995425364222567666e-01 -6.345420254309154240e-01
3.734999568314645302e-02 9.991358779521030131e-01 -1.823390280081309961e-02 7.308506642634379213e-01 -9.990893953826988083e-01 3.695923823648072926e-02 -2.131653683910019956e-02 -6.298671947786869652e+01 -2.062420559203663462e-02 1.901347148365127929e-02 9.996064875969131736e-01 -6.384190003678726910e-01
3.768818663522277568e-02 9.991458674621516156e-01 -1.694509136751062503e-02 7.426080514071086158e-01 -9.990967850309091514e-01 3.734244624931304379e-02 -2.027697830098906806e-02 -6.331459492483842411e+01 -1.962688791047197470e-02 1.769398884994091703e-02 9.996507930420142074e-01 -6.462268228059916408e-01
3.767315219810996041e-02 9.991393686439797861e-01 -1.735671711954225871e-02 7.423333896846614488e-01 -9.991062525754452750e-01 3.732736421918880776e-02 -1.983340477827074538e-02 -6.366955577488315754e+01 -1.916845502665133483e-02 1.808839147513646023e-02 9.996526298798665833e-01 -6.533596911483779968e-01
3.827366517679509084e-02 9.990735882236851939e-01 -1.967465038533044996e-02 7.598589050948009183e-01 -9.990965830029878703e-01 3.789578283246863855e-02 -1.923349877864338059e-02 -6.400521084298527796e+01 -1.847009436056788051e-02 2.039301246419416430e-02 9.996214186665604018e-01 -6.545900172945249285e-01
3.856015926913192171e-02 9.990437739800063222e-01 -2.060708103845603281e-02 7.865965035631137248e-01 -9.990931007294870936e-01 3.817298717572403799e-02 -1.886263833139851728e-02 -6.435292043301089393e+01 -1.805796754561020748e-02 2.131573882998961597e-02 9.996096983754476639e-01 -6.572973028893966951e-01
3.901752564958371750e-02 9.990180356905333792e-01 -2.099040393161070994e-02 8.027619058530949259e-01 -9.990739434758484361e-01 3.862124387280063686e-02 -1.896457195232262652e-02 -6.469535911975360420e+01 -1.813527391028980223e-02 2.171091630368839412e-02 9.995997938942630112e-01 -6.620695936981471075e-01
3.864250388271173176e-02 9.990319064552778405e-01 -2.102395723947694112e-02 8.095455191221029301e-01 -9.990841296618920842e-01 3.824051386316440482e-02 -1.919804566148905142e-02 -6.502686591942919847e+01 -1.837549322913809013e-02 2.174656257466622486e-02 9.995946319707664784e-01 -6.667382837038319243e-01
3.883216312654802493e-02 9.990285987492809605e-01 -2.083079422302337030e-02 8.367972464241010266e-01 -9.990739925514099395e-01 3.843055272070550199e-02 -1.934554276743995216e-02 -6.537914196892626251e+01 -1.852621154739774595e-02 2.156273402492964175e-02 9.995958323177779326e-01 -6.698897963454408799e-01
3.807835647753388120e-02 9.990781935987830265e-01 -1.981922913139270645e-02 8.415307248850550925e-01 -9.991037265471433004e-01 3.769741306848428675e-02 -1.925223746880500367e-02 -6.571048431138137857e+01 -1.848735696580345797e-02 2.053455924379344807e-02 9.996182018696349036e-01 -6.725462670620392380e-01
3.686441170310195137e-02 9.991418864711408832e-01 -1.888136246868652932e-02 8.557884970030938954e-01 -9.991542607114552998e-01 3.650731983129607006e-02 -1.892033035865378632e-02 -6.606120921026175097e+01 -1.821478662870757229e-02 1.956288060652561916e-02 9.996426937913593935e-01 -6.797980766775397754e-01
3.588734941421944935e-02 9.991766218996532833e-01 -1.892554890139349147e-02 8.649319629285932010e-01 -9.991984391899407791e-01 3.553915958660269769e-02 -1.842409444896480480e-02 -6.640278236088762753e+01 -1.773632635040612790e-02 1.957157083821585430e-02 9.996511273151832411e-01 -6.773968619603341068e-01
3.510300214821737708e-02 9.992183047396354656e-01 -1.818127370212333296e-02 8.842626712551241441e-01 -9.992254981787274115e-01 3.476794702051777541e-02 -1.842806689407979967e-02 -6.673311026698752357e+01 -1.778153620069005195e-02 1.881407274429836365e-02 9.996648676617158058e-01 -6.813127525769491211e-01
3.397567038629112357e-02 9.992604881476666590e-01 -1.800362876448780361e-02 8.894020486663088976e-01 -9.992669971567927911e-01 3.364693951577668596e-02 -1.825792579862856729e-02 -6.708488071657704666e+01 -1.763865683799823239e-02 1.861075732228695268e-02 9.996712046952449526e-01 -6.842436089930420406e-01
3.322207484472883277e-02 9.992785133119447272e-01 -1.840506930389682050e-02 9.110635378315904420e-01 -9.993003071343501409e-01 3.289496428098759306e-02 -1.779936757715537901e-02 -6.742363014339575500e+01 -1.718109147305186407e-02 1.898352333005018724e-02 9.996721642307402345e-01 -6.900118704094043709e-01
3.269252862900173806e-02 9.992744501010741853e-01 -1.953898531239691913e-02 9.230980799335493092e-01 -9.993199556923404447e-01 3.234795614547825160e-02 -1.769847135402377244e-02 -6.777434770801315267e+01 -1.705358398990915528e-02 2.010430571808876840e-02 9.996524356818687895e-01 -6.902926007166751976e-01
3.187430854850559214e-02 9.992969805175548892e-01 -1.973760834175921491e-02 9.397307131973374750e-01 -9.993370032458674945e-01 3.151551914651629094e-02 -1.822981065439251494e-02 -6.811841079108928909e+01 -1.759495376874003342e-02 2.030558498107323459e-02 9.996389852443993140e-01 -6.941356686775994600e-01
3.094674599616631383e-02 9.993178563274942583e-01 -2.015244246415335422e-02 9.434963272681659019e-01 -9.993590551106821263e-01 3.057247392971285116e-02 -1.862264229647173780e-02 -6.845556999496764661e+01 -1.799382895700848278e-02 2.071583604007505575e-02 9.996234672398536247e-01 -6.983917414355483855e-01
2.961039553542332836e-02 9.993563824800496542e-01 -2.024957462823770774e-02 9.498422330859248586e-01 -9.993876594972740390e-01 2.922134232647510821e-02 -1.924627748942319555e-02 -6.878557128134377763e+01 -1.864217049585993255e-02 2.080706488257619974e-02 9.996096915947622064e-01 -6.993847109058781708e-01
2.888868317696402510e-02 9.994031487838543892e-01 -1.894175771196154531e-02 9.621731520500944601e-01 -9.993837526610889199e-01 2.849975620791267428e-02 -2.049094466171647380e-02 -6.912024282605774772e+01 -1.993887913953488675e-02 1.952204131250627819e-02 9.996105896806274371e-01 -7.011747602170925742e-01
2.755625191701116528e-02 9.994489439773002193e-01 -1.850571163034601951e-02 9.634875504426049231e-01 -9.993910950251894132e-01 2.714883300158066337e-02 -2.191757402189372858e-02 -6.945643459824951549e+01 -2.140308773609832238e-02 1.909840960162893439e-02 9.995884946246876845e-01 -7.038564640938277384e-01
2.657893202340821937e-02 9.994810977424054554e-01 -1.819603330761076360e-02 9.753475719427276980e-01 -9.993785367207453918e-01 2.614579311679132712e-02 -2.364186634333831014e-02 -6.979497481265121905e+01 -2.315384880311195659e-02 1.881310069952808403e-02 9.995548841997982104e-01 -7.111867545129164636e-01
2.599245481770784405e-02 9.994759090957043846e-01 -1.929506231825145121e-02 9.874916760063940924e-01 -9.993678062660342754e-01 2.551161300223958595e-02 -2.476177297849802700e-02 -7.011279763699864986e+01 -2.425654739578842964e-02 1.992648336610731985e-02 9.995071561370114654e-01 -7.165628292727934667e-01
2.465067334758830331e-02 9.994691175885450640e-01 -2.130322253289071779e-02 9.865386988417620406e-01 -9.993876955916007887e-01 2.410817033733136938e-02 -2.535803665697178300e-02 -7.043544228024138931e+01 -2.483099280376456150e-02 2.191527115418789862e-02 9.994514208737800276e-01 -7.202915265861243865e-01
2.351225124655142995e-02 9.994737800538514572e-01 -2.234585031241634323e-02 9.909301005627125791e-01 -9.994335389504526157e-01 2.296120534822188031e-02 -2.460455790968823012e-02 -7.075982743157821631e+01 -2.407852284284595773e-02 2.291170080597825995e-02 9.994474867164776510e-01 -7.226665836733340287e-01
2.214912842044414187e-02 9.995533907921895223e-01 -2.006078428305856087e-02 9.935478658305298971e-01 -9.994855038259978786e-01 2.167310976063197003e-02 -2.364326447415506308e-02 -7.109448451660402668e+01 -2.319792559488711298e-02 2.057414078741403099e-02 9.995191648882745250e-01 -7.233274326729961512e-01
2.105456057275267856e-02 9.996112030711965524e-01 -1.827972028351730963e-02 1.015064890317005641e+00 -9.995151612452988221e-01 2.062601526550089659e-02 -2.332402055933173457e-02 -7.141145888848221546e+01 -2.293791446215399585e-02 1.876193457036533924e-02 9.995608245080958021e-01 -7.273024331346740201e-01
2.000595027561880013e-02 9.996744969812182413e-01 -1.583230996784716280e-02 1.018402322422478967e+00 -9.995265395718245793e-01 1.962772181641769809e-02 -2.369491987476582059e-02 -7.171250615230356118e+01 -2.337645493105658737e-02 1.629885338439011552e-02 9.995938618925240826e-01 -7.295022330564407964e-01
1.896066844948640640e-02 9.996976415084285472e-01 -1.565626438313555760e-02 1.034742374017540989e+00 -9.995753198058615618e-01 1.860712457801827480e-02 -2.242665712825463523e-02 -7.204261281214458279e+01 -2.212855817623094259e-02 1.607483988797699451e-02 9.996258932398744967e-01 -7.461097402732288497e-01
1.762135859128666215e-02 9.997055350637777948e-01 -1.668325160883207814e-02 1.033403688514219709e+00 -9.996428002562092185e-01 1.728001345323959548e-02 -2.038806099120148152e-02 -7.235603269751005939e+01 -2.009377060987760366e-02 1.703655768933879516e-02 9.996529378163080404e-01 -7.441186083730475520e-01
1.627563850574398341e-02 9.997103418092142535e-01 -1.772952540070504845e-02 1.054882250769847651e+00 -9.996850495371284451e-01 1.593134157981390686e-02 -1.939056696995797649e-02 -7.267538471867696614e+01 -1.910249520820452712e-02 1.803953533689805697e-02 9.996547753307885031e-01 -7.441039546671379679e-01
1.521990281162066694e-02 9.997106636096216858e-01 -1.862642272726532794e-02 1.041802645311318720e+00 -9.996779300338062280e-01 1.483578098629667608e-02 -2.058970145124153911e-02 -7.297984184277326847e+01 -2.030740657320478232e-02 1.893379697093542507e-02 9.996144859747351230e-01 -7.453699391109588346e-01
1.331148295132056347e-02 9.997348497464290107e-01 -1.878921563349362361e-02 1.036339984425074023e+00 -9.997039379654716340e-01 1.292361141902909072e-02 -2.061593277585584832e-02 -7.327631538418947343e+01 -2.036764193433710651e-02 1.905808149775735372e-02 9.996108986458978052e-01 -7.549382564378146476e-01
1.229271368470408188e-02 9.997868909925176073e-01 -1.658498687916268657e-02 1.047272974809331458e+00 -9.997052457145956250e-01 1.194105464156092200e-02 -2.113842247585667050e-02 -7.359565758425199533e+01 -2.093587545306943229e-02 1.683994695844869688e-02 9.996389874877080750e-01 -7.510877626284833131e-01
1.108014389365752361e-02 9.998341806979913482e-01 -1.445135008477612532e-02 1.062196678900305002e+00 -9.997099615661657612e-01 1.076740536945397508e-02 -2.154195271988584848e-02 -7.389262247593602240e+01 -2.138277710382324726e-02 1.468584657371745095e-02 9.996634947589820852e-01 -7.585477564700492392e-01
1.015725892082619541e-02 9.998588130111280003e-01 -1.338596784672389101e-02 1.081700658124089998e+00 -9.997211158850348722e-01 9.868628721915406743e-03 -2.145461770178214156e-02 -7.420865253712706533e+01 -2.131948744214861441e-02 1.360015481997234842e-02 9.996802064880933036e-01 -7.624644669233420213e-01
8.096582313418698718e-03 9.998838154460208960e-01 -1.291514475141180077e-02 1.076880700241422240e+00 -9.997473674542359801e-01 7.823307695267289752e-03 -2.107123928557914222e-02 -7.450074253883465758e+01 -2.096775198172174878e-02 1.308248698883577275e-02 9.996945543069742923e-01 -7.651364985487928427e-01
7.583081020008375361e-03 9.998756521661932295e-01 -1.382668027669833183e-02 1.083647310748446557e+00 -9.997449653516971013e-01 7.286501201634654201e-03 -2.137548020917955788e-02 -7.482597592931080044e+01 -2.127207409206818139e-02 1.398524599242456472e-02 9.996759033598603406e-01 -7.702972939779817452e-01
6.116135667140865095e-03 9.998468316832536118e-01 -1.639835532791702327e-02 1.081129861817595517e+00 -9.997298383968964419e-01 5.746042320793010028e-03 -2.252183865857710493e-02 -7.512251903437648082e+01 -2.242416338275412396e-02 1.653167174266268608e-02 9.996118550347311560e-01 -7.712110725394437649e-01
4.733517791068453384e-03 9.998242482973773715e-01 -1.814018538786604795e-02 1.077454420073678421e+00 -9.997335890977301354e-01 4.321720403005602229e-03 -2.267319039150313825e-02 -7.542657421364565096e+01 -2.259080873038289694e-02 1.824267659480798692e-02 9.995783411576926181e-01 -7.802718107198740594e-01
3.541540270374343713e-03 9.998250868161364657e-01 -1.836445658380277818e-02 1.069975073264229692e+00 -9.997325973345132510e-01 3.120357606804291528e-03 -2.291281726880452230e-02 -7.571503996745602194e+01 -2.285150584318865891e-02 1.844069254422725512e-02 9.995687817950238419e-01 -7.793126275540558368e-01
2.116534341525366791e-03 9.998720824615612290e-01 -1.585367453816922956e-02 1.093735516963129317e+00 -9.997104232976550264e-01 1.735636407733553987e-03 -2.400118989308004311e-02 -7.601398618994168999e+01 -2.397060350522450811e-02 1.589988302602259387e-02 9.995862163352164931e-01 -7.824951826805202071e-01
-2.927984009637452090e-04 9.998741407868295683e-01 -1.586243533936707029e-02 1.091386844718118088e+00 -9.997066756879818827e-01 -6.768208382352813857e-04 -2.420959517293047245e-02 -7.631311997187492580e+01 -2.421728419911367558e-02 1.585069397067960170e-02 9.995810515644377725e-01 -7.910758593766096247e-01
-3.276348072452917037e-03 9.998599471358794455e-01 -1.641193641057251199e-02 1.084426650364433309e+00 -9.997086325772505111e-01 -3.667461525247661669e-03 -2.385790595348018933e-02 -7.659436041936109518e+01 -2.391475473076006344e-02 1.632898770277478595e-02 9.995806364004707900e-01 -7.939931182171436896e-01
-7.265799985441523390e-03 9.998497454197080581e-01 -1.573832058120318289e-02 1.073974743059814996e+00 -9.996908204972724254e-01 -7.637117036471741116e-03 -2.366300608253046195e-02 -7.688798571411408034e+01 -2.377964600371924170e-02 1.556152394582217130e-02 9.995961021374690780e-01 -7.963434316904216548e-01
-1.167117088537406033e-02 9.998266266349471465e-01 -1.450863335903803536e-02 1.082401238754705730e+00 -9.996237171082162920e-01 -1.202655031592558821e-02 -2.465332193136958450e-02 -7.716374707832638080e+01 -2.482353651109438925e-02 1.421544087536871781e-02 9.995907729044928303e-01 -7.979970235596447470e-01
-1.696876552703674434e-02 9.997600453159378731e-01 -1.385325905203401223e-02 1.085097737911280280e+00 -9.995327826006716876e-01 -1.731393034133188458e-02 -2.518817823293578034e-02 -7.744357196561463752e+01 -2.542198857381312502e-02 1.341937427787960775e-02 9.995867360519261613e-01 -8.064003061187259291e-01
-2.327120781754166146e-02 9.996402455960314848e-01 -1.333530169958787454e-02 1.078667193289811310e+00 -9.994056871176307810e-01 -2.360091837948075089e-02 -2.512507131495677823e-02 -7.771249149911450615e+01 -2.543075782687891778e-02 1.274268560199661240e-02 9.995953683966324332e-01 -8.132339448640315549e-01
-3.167243835206901004e-02 9.994039335599778084e-01 -1.373441784999510432e-02 1.045703418897831583e+00 -9.991799128152638598e-01 -3.200617401565231113e-02 -2.480134374105075548e-02 -7.796587423711291365e+01 -2.522614666008987996e-02 1.293763539923961300e-02 9.995980487750864008e-01 -8.186255322098857645e-01
-4.027889090787839521e-02 9.990983604272772878e-01 -1.341928234883292027e-02 1.034855587482837347e+00 -9.988814655070487047e-01 -4.059578532651131333e-02 -2.424458867901201076e-02 -7.823580525585565226e+01 -2.476749510390369169e-02 1.242772727614679072e-02 9.996159876577743741e-01 -8.206760853483837659e-01
-5.083009817149530818e-02 9.986287940537988961e-01 -1.252329056325657275e-02 1.023890600422694863e+00 -9.984078976996920707e-01 -5.111789472331107476e-02 -2.384597764693380598e-02 -7.851713371111448225e+01 -2.445344414919332909e-02 1.129125881875446200e-02 9.996372024607378393e-01 -8.250251250529909708e-01
-6.294351391376551419e-02 9.979520589571400091e-01 -1.139307155216839548e-02 9.907200067830937984e-01 -9.977309154771274446e-01 -6.319472432062656075e-02 -2.322600093027950285e-02 -7.878439548707918050e+01 -2.389841746561732413e-02 9.905293597125212901e-03 9.996653193951432481e-01 -8.259794210632052103e-01
-7.544170530989102730e-02 9.970756153756296092e-01 -1.219698008711468315e-02 9.697360932743790407e-01 -9.968523671888441795e-01 -7.571247318074725285e-02 -2.351551476903951735e-02 -7.904654266226000914e+01 -2.437020988694655124e-02 1.038453793697919833e-02 9.996490655434544514e-01 -8.288272176100817124e-01
-8.909498546701866140e-02 9.959339401731508445e-01 -1.332930515124694515e-02 9.324212750639820912e-01 -9.957217134236535649e-01 -8.938925635713834694e-02 -2.340577417181002179e-02 -7.932940528404589031e+01 -2.450210156896105024e-02 1.118694145426461090e-02 9.996371838620266015e-01 -8.342324179094317005e-01
-1.028366637198669942e-01 9.946024943897138204e-01 -1.380212841292540078e-02 8.926214019518324827e-01 -9.944004998243809457e-01 -1.031354689854575568e-01 -2.303738236370974496e-02 -7.958440008286440559e+01 -2.433652695001987248e-02 1.135575584933049866e-02 9.996393250893550464e-01 -8.368068298132792515e-01
-1.167022745335242195e-01 9.930843650132966660e-01 -1.280714975470378589e-02 8.553858679268009357e-01 -9.928849494388506391e-01 -1.169667105353811021e-01 -2.232186829867283465e-02 -7.983423125387091090e+01 -2.366550858343966293e-02 1.011101343436196856e-02 9.996688007089233885e-01 -8.409121677301966136e-01
-1.289813474759904377e-01 9.915888083034994915e-01 -1.074463822207378030e-02 8.061609458239256121e-01 -9.913690764735759720e-01 -1.291941452680247515e-01 -2.227615407545253598e-02 -8.008070926887992869e+01 -2.347692942457809892e-02 7.778693702025323009e-03 9.996941160720530517e-01 -8.468122018953118113e-01
-1.390798685954486302e-01 9.902345731606715384e-01 -9.606261956431773677e-03 7.625175782707556138e-01 -9.900077088709388073e-01 -1.392628747158686231e-01 -2.214922350754226082e-02 -8.033642000464215016e+01 -2.327072254115779282e-02 6.429762295380888476e-03 9.997085233352956957e-01 -8.546776728821960933e-01
-1.468448164835225445e-01 9.891195437840497595e-01 -8.895390736447104235e-03 7.250274605095209379e-01 -9.888787858839672706e-01 -1.470114476593935571e-01 -2.250291282790427283e-02 -8.058090931604432683e+01 -2.356579513980995924e-02 5.492027086862994248e-03 9.997072026037951975e-01 -8.562651470231807949e-01
-1.523464142607129368e-01 9.882863143770259651e-01 -8.985036281396551958e-03 6.740162956761275304e-01 -9.880349274643729363e-01 -1.525161362911415797e-01 -2.293055344499415893e-02 -8.081948357114333703e+01 -2.403231516885301344e-02 5.384142076195906970e-03 9.996966834203904195e-01 -8.644705889899081397e-01
-1.563216710144943455e-01 9.876637677393713677e-01 -9.155166088362025334e-03 6.434315808358894717e-01 -9.874019331530012877e-01 -1.564968577769101366e-01 -2.336997885470929945e-02 -8.104799206143022161e+01 -2.451443609288600500e-02 5.386594547843907149e-03 9.996849638872362664e-01 -8.670684009944159554e-01
-1.580840837651207309e-01 9.873715093986630276e-01 -1.034044911736469417e-02 6.081916711203202430e-01 -9.871034932516258298e-01 -1.582913257077678271e-01 -2.388618462868115355e-02 -8.127428178595567942e+01 -2.522134156979741887e-02 6.431067833871812259e-03 9.996612052570289508e-01 -8.720089073829443427e-01
-1.565879718153517786e-01 9.875866592810109701e-01 -1.236112830315596635e-02 5.593356399244562294e-01 -9.873344068052707367e-01 -1.568467665186170645e-01 -2.387176095596771006e-02 -8.150476894422436658e+01 -2.551423565853079556e-02 8.466536648884453314e-03 9.996386054649620823e-01 -8.747472265496456512e-01
-1.526167086896428327e-01 9.882012422567860721e-01 -1.290135771482874873e-02 5.277481217361599253e-01 -9.879557560119118786e-01 -1.528899647322261579e-01 -2.383448860602272942e-02 -8.171814346387689909e+01 -2.552575937504487219e-02 9.108429410381767982e-03 9.996326685948211388e-01 -8.757435035192352446e-01
-1.463712368272473974e-01 9.891386948408140700e-01 -1.342026073788532559e-02 4.997165955576722829e-01 -9.889132314740647356e-01 -1.466540886377807329e-01 -2.330662784156276729e-02 -8.192148643616764048e+01 -2.502162355213993772e-02 9.860053470084791105e-03 9.996382834307527832e-01 -8.798138107295239152e-01
-1.378187506345440738e-01 9.903686998481479042e-01 -1.326010311507818361e-02 4.927055545923854085e-01 -9.901325675652387082e-01 -1.381040779931483886e-01 -2.376472781940328072e-02 -8.213203916756006606e+01 -2.536711690754948206e-02 9.854034846272029247e-03 9.996296351034452687e-01 -8.751593354996012319e-01
-1.276943148001221662e-01 9.917289875969504953e-01 -1.295288105615015686e-02 4.775073767081431386e-01 -9.914857833562807921e-01 -1.279769616973800428e-01 -2.403827525197193421e-02 -8.234123597008991169e+01 -2.549712474200860682e-02 9.773046333400481345e-03 9.996271225788422310e-01 -8.770793890310568663e-01
-1.172767507244043550e-01 9.930275935698057443e-01 -1.193156102473801744e-02 4.463881955314921712e-01 -9.927579174250206195e-01 -1.175429620717383106e-01 -2.480664139576582022e-02 -8.254765300440718079e+01 -2.603615043477386370e-02 8.935909375267546764e-03 9.996210624002351830e-01 -8.816159456108852988e-01
-1.056806392534723749e-01 9.943392229139099703e-01 -1.100510163241025935e-02 4.413362376586366098e-01 -9.940633224621245878e-01 -1.059263914728028055e-01 -2.485378291353365632e-02 -8.273388564915435950e+01 -2.587882189242672604e-02 8.313204226577832270e-03 9.996305203488673463e-01 -8.852673902556715824e-01
-9.194504169707995445e-02 9.957137579585148002e-01 -1.001106984566575708e-02 4.417040523577103750e-01 -9.954161761350798221e-01 -9.217401057272867071e-02 -2.550662783580934234e-02 -8.292022604583328871e+01 -2.632006071304169442e-02 7.619972904878423089e-03 9.996245247176515081e-01 -8.897263926473437667e-01
-7.689559446804050680e-02 9.969928365625966293e-01 -9.609963281631671989e-03 4.509072677736715162e-01 -9.967158268040878788e-01 -7.711253144654706126e-02 -2.472282532699594804e-02 -8.312557947771831834e+01 -2.538952834635828035e-02 7.677326147359558525e-03 9.996481533587587842e-01 -8.909878847080066055e-01
-6.110724426950797650e-02 9.980932970253488801e-01 -8.699145409485527225e-03 4.526235143554815377e-01 -9.978202888380134361e-01 -6.130340904705877669e-02 -2.442464375241518854e-02 -8.329893905888216921e+01 -2.491136048091519700e-02 7.187661113162185922e-03 9.996638243163109561e-01 -8.930423140399055271e-01
-4.271692437399532416e-02 9.990550353145242202e-01 -8.018777009071319586e-03 4.393418540049777166e-01 -9.988050243649517768e-01 -4.289423112671575389e-02 -2.342238756779866510e-02 -8.345858244219375877e+01 -2.374421351307826750e-02 7.008662407530532462e-03 9.996934985163715703e-01 -8.968645227642475515e-01
-2.143547952629143438e-02 9.997447575334126313e-01 -7.137226487651925771e-03 4.616684975862885287e-01 -9.995019713656747573e-01 -2.159454729566112618e-02 -2.301053591782387803e-02 -8.364997573616922466e+01 -2.315878782682615628e-02 6.640430072935906564e-03 9.997097454935800487e-01 -9.004352453042354654e-01
1.662464653089279487e-03 9.999742084973556322e-01 -6.987027362502807107e-03 4.980103681207507238e-01 -9.997575890026094703e-01 1.508626363418086314e-03 -2.196559305334457382e-02 -8.381456877123699201e+01 -2.195448571401225485e-02 7.021850652266397631e-03 9.997343117901128506e-01 -9.030500706404849254e-01
2.695441501177542332e-02 9.996101309463446549e-01 -7.283242465061678939e-03 5.144423524793018121e-01 -9.994048060345736006e-01 2.679053373682871442e-02 -2.173248667530892214e-02 -8.398761392172028195e+01 -2.152889189832149844e-02 7.864693988181896411e-03 9.997372921933554979e-01 -9.063566399640302640e-01
5.441391443697662922e-02 9.984897231709775056e-01 -7.576188856587896293e-03 5.440254247589502157e-01 -9.982912611463803376e-01 5.423811612362594570e-02 -2.174361235236504930e-02 -8.416036260857333673e+01 -2.129985526747188093e-02 8.746398190418665924e-03 9.997348731960286061e-01 -9.099748517137883352e-01
8.443160966751883656e-02 9.964051122345445322e-01 -6.939423738093035594e-03 5.953084787718758708e-01 -9.961988540990720509e-01 8.426027441434424947e-02 -2.209183666686646494e-02 -8.431445006755964755e+01 -2.142770124506716833e-02 8.778295306291632877e-03 9.997318616263400903e-01 -9.078297207192362883e-01
1.160388889282836233e-01 9.932223788541393317e-01 -6.654502206332188821e-03 6.413811056836009605e-01 -9.930216368656715753e-01 1.158682550026908231e-01 -2.196761705906417200e-02 -8.444443684181219112e+01 -2.104768331460122460e-02 9.157162549394028475e-03 9.997365359939248686e-01 -9.106410564868365753e-01
1.478946417128667035e-01 9.889776503304507083e-01 -7.098034902958505303e-03 6.684013396631064419e-01 -9.887973987143413579e-01 1.477136919534556281e-01 -2.145622299547789158e-02 -8.456855904167294113e+01 -2.017124806190341915e-02 1.019177886045654485e-02 9.997445915809121120e-01 -9.105571804484302589e-01
1.817187523081218448e-01 9.833164680184774964e-01 -8.186500060817952437e-03 7.328281879381696173e-01 -9.831682617828026993e-01 1.815184817131862971e-01 -2.076559220252766416e-02 -8.468975585809772610e+01 -1.893314771931695756e-02 1.182220454086178527e-02 9.997508546619164882e-01 -9.077290900203309754e-01
2.165485349121593073e-01 9.762248922409189067e-01 -9.575583355778358521e-03 7.835956853296380809e-01 -9.761173667127989173e-01 2.163293701953857839e-01 -1.991205646182768810e-02 -8.483859677624869278e+01 -1.736716525713387707e-02 1.365881986387825972e-02 9.997558793079726058e-01 -9.075453964551934982e-01
2.514541332973438958e-01 9.678233730948078151e-01 -9.420049844376054970e-03 8.648882074226709182e-01 -9.677344993177887655e-01 2.512448431792934089e-01 -1.913027981920982154e-02 -8.497435983044347552e+01 -1.614799299698378363e-02 1.392649515137095104e-02 9.997726216770331797e-01 -9.055109475625482407e-01
2.855453389399080777e-01 9.583156969403567871e-01 -9.740862765251930705e-03 9.330165570401316444e-01 -9.582500290720059599e-01 2.853387038681957089e-01 -1.840396311444961533e-02 -8.509395974489309822e+01 -1.485736158249344532e-02 1.458934791334216483e-02 9.997831813619743047e-01 -9.074201132413847182e-01
3.183270686370136549e-01 9.479141124298244847e-01 -1.125667932138154845e-02 9.991029557093087377e-01 -9.478847125530180939e-01 3.181031198424015827e-01 -1.802711443391064386e-02 -8.520730691493518805e+01 -1.350737136709436251e-02 1.640855273658002253e-02 9.997741296492134166e-01 -9.072709714364005640e-01
3.503271220390961060e-01 9.365307190330207643e-01 -1.345807829139687717e-02 1.059552900789070273e+00 -9.365415307599209704e-01 3.500642634432314937e-01 -1.857343861033679266e-02 -8.531676819635632114e+01 -1.268340355221519652e-02 1.911082853884080862e-02 9.997369191476779271e-01 -9.071327305048720868e-01
3.817229383537593668e-01 9.241691463704276854e-01 -1.410628340587196348e-02 1.138205896074965473e+00 -9.241938098199028451e-01 3.814396959678363341e-01 -1.922394940009902395e-02 -8.543217590712960430e+01 -1.238548445338587788e-02 2.037516225504187525e-02 9.997156858517003419e-01 -9.045412898992373218e-01
4.122054582939723710e-01 9.109928617979091703e-01 -1.336659664656182980e-02 1.217757540000602434e+00 -9.110106222264203746e-01 4.119299975509967959e-01 -1.932157623658955353e-02 -8.553511406874960699e+01 -1.209571590633381002e-02 2.014157071559920242e-02 9.997239672958839751e-01 -9.040784429450464676e-01
4.416104434226781894e-01 8.971234872129514315e-01 -1.223376274492375161e-02 1.297327506910117334e+00 -8.971354056742730787e-01 4.413620741303474482e-01 -1.864358884483274109e-02 -8.563684212697876319e+01 -1.132608253912270428e-02 1.920854523984666384e-02 9.997513449073652803e-01 -9.050408006631347479e-01
4.696735056091153604e-01 8.827623086398250773e-01 -1.172623442245589523e-02 1.409689824662548885e+00 -8.827818412325147968e-01 4.694483304415151270e-01 -1.773374849841358528e-02 -8.574289414506213802e+01 -1.014982359330986530e-02 1.868077863902000216e-02 9.997739792525431879e-01 -9.078898666520712757e-01
4.949906134444358452e-01 8.688075641969832397e-01 -1.255822423777575025e-02 1.473001805586044322e+00 -8.688600264956605201e-01 4.947814059798236741e-01 -1.654130147809297971e-02 -8.581752188928963676e+01 -8.157632000853329290e-03 1.909912800978287931e-02 9.997843149146742325e-01 -9.067553163663375493e-01
5.190066190430739912e-01 8.546590637393778334e-01 -1.378456229292493972e-02 1.545289282610601500e+00 -8.547477172427249137e-01 5.188084467468667693e-01 -1.562483447766306946e-02 -8.588203974951491659e+01 -6.202359053484452281e-03 1.989171566842730041e-02 9.997829016291177595e-01 -9.069283955134974651e-01
5.412957227260153381e-01 8.407183356111641581e-01 -1.384271381322132663e-02 1.616704079927380189e+00 -8.408147284830603807e-01 5.411046553919327540e-01 -1.537349274352580245e-02 -8.595404082788932953e+01 -5.434420344275044806e-03 1.996076352176235150e-02 9.997859945984191032e-01 -9.018095898568039281e-01
5.614221895343952662e-01 8.274189193987830926e-01 -1.352985289483362406e-02 1.687701400642451999e+00 -8.275149272856303639e-01 5.612401075855542043e-01 -1.511908584582934839e-02 -8.602868837686575887e+01 -4.916321578540406093e-03 1.968434551377751945e-02 9.997941569762400782e-01 -9.072832249408577798e-01
5.797724475271275324e-01 8.146649173092771479e-01 -1.360079386921231662e-02 1.759259539479819168e+00 -8.147724525649308047e-01 5.796234025479745089e-01 -1.351154173425024412e-02 -8.607907063316305596e+01 -3.124040609827347277e-03 1.891517179877938437e-02 9.998162114339268491e-01 -9.053755248496195840e-01
5.957263746771039870e-01 8.030693107212955040e-01 -1.377565576291037500e-02 1.815246229878803241e+00 -8.031865585187426548e-01 5.956124697214251196e-01 -1.171059892416860017e-02 -8.612949640567858012e+01 -1.199470255186391339e-03 1.804073418594342310e-02 9.998365332298770891e-01 -9.038398986139848379e-01
6.106474873660194813e-01 7.917762805513671731e-01 -1.414099465419481685e-02 1.881092334961955936e+00 -7.919025282033037572e-01 6.105460711263346330e-01 -1.113017777991631881e-02 -8.617723006710802736e+01 -1.788820365204698074e-04 1.799490451320927623e-02 9.998380625945271216e-01 -9.030879234890766272e-01
6.241222079455241989e-01 7.811875496603111202e-01 -1.474726431996267392e-02 1.932398796673518770e+00 -7.813265008975900372e-01 6.240255025283063528e-01 -1.100323540705909313e-02 -8.621214159352932427e+01 6.070785222064001285e-04 1.838979200572640055e-02 9.998307091731349905e-01 -9.029684312238380750e-01
6.360954076208122920e-01 7.714435009617163219e-01 -1.604858958422478166e-02 1.958632880205205984e+00 -7.716079182308698270e-01 6.360086601757202196e-01 -1.068666013815777055e-02 -8.625166765366755328e+01 1.962887448604369763e-03 1.918095423631185903e-02 9.998141017546454679e-01 -9.058193674454775302e-01
6.480011976776327565e-01 7.614551948050478636e-01 -1.674616710654265248e-02 2.010229323218287512e+00 -7.616339100433939802e-01 6.479227903285165180e-01 -1.048068914338952037e-02 -8.628320501229165984e+01 2.869648125607921450e-03 1.954594784899952101e-02 9.998048414777352955e-01 -9.046677910542826329e-01
6.589757527093080824e-01 7.519763071653079445e-01 -1.681043733003419194e-02 2.061103626721935811e+00 -7.521568729868118863e-01 6.589032812645732040e-01 -1.032009483868917728e-02 -8.630098112540724742e+01 3.315985509858758104e-03 1.944477824005593630e-02 9.998054334915835728e-01 -9.025541196618688256e-01
6.690575032667311905e-01 7.430206699930744785e-01 -1.680301417992788315e-02 2.104468068775648959e+00 -7.432011933173051643e-01 6.689919823444405722e-01 -1.008532649889617473e-02 -8.632916513974579686e+01 3.747475713282956249e-03 1.923568355683127895e-02 9.998079540111090013e-01 -8.990202454313031000e-01
6.782669041758262463e-01 7.346085055200237690e-01 -1.744563892145245196e-02 2.153316567984153718e+00 -7.348024572213975869e-01 6.782057133373137203e-01 -1.011727522713777062e-02 -8.636426938884076776e+01 4.399495554806427157e-03 1.968131129428602605e-02 9.997966245315097478e-01 -9.015531102221926441e-01
6.871328201240959332e-01 7.263148522205900015e-01 -1.775451920186281798e-02 2.201092398886145496e+00 -7.265164320125054864e-01 6.870721225468859883e-01 -1.028457265692003970e-02 -8.639844050583936053e+01 4.728797323360531789e-03 1.996581735615552550e-02 9.997894801472834159e-01 -9.004769718797130951e-01
6.946688748893630194e-01 7.190907580960759216e-01 -1.853741839516212866e-02 2.220166702362954325e+00 -7.193097124507541462e-01 6.946108122433358734e-01 -1.045739397109393329e-02 -8.641342475947558910e+01 5.356475889974851058e-03 2.059857119957802032e-02 9.997734778591478300e-01 -9.031184389577919802e-01
7.020219788187747056e-01 7.118972912213776816e-01 -1.916736828666913695e-02 2.257537493570989540e+00 -7.121304821593712475e-01 7.019678265828503960e-01 -1.055210036015366906e-02 -8.643199758470852601e+01 5.942864194416666752e-03 2.105747359524131820e-02 9.997606039302371350e-01 -9.025800675862294398e-01
7.099309449785649040e-01 7.039955610598889191e-01 -1.970541473336834271e-02 2.297803195639652074e+00 -7.042409450599691478e-01 7.098821630978949804e-01 -1.058328004425403146e-02 -8.646864714490327231e+01 6.537940263056105442e-03 2.139075789741601286e-02 9.997498141103556835e-01 -9.024344176794565353e-01
7.170968484145932020e-01 6.966955310159695935e-01 -1.968367486609520420e-02 2.332779255926333839e+00 -6.969409849790734190e-01 7.170502837046115463e-01 -1.059028307153421326e-02 -8.647968429736947371e+01 6.735981758950938814e-03 2.131261836359982231e-02 9.997501682161552550e-01 -9.015591439711944099e-01
7.244468326936585045e-01 6.890365942623969397e-01 -2.013351353845951874e-02 2.363014599066206145e+00 -6.892907608552382159e-01 7.244101549401186224e-01 -1.040069320959297744e-02 -8.649822610576754300e+01 7.418463434778451229e-03 2.141259411912207339e-02 9.997432006337210186e-01 -9.007860660701010325e-01
7.319883265034469177e-01 6.810008326122566347e-01 -2.075947600727139769e-02 2.398426309934836631e+00 -6.812702443810664255e-01 7.319556808205157639e-01 -1.057049835804154021e-02 -8.651048496110719555e+01 7.996498211426715866e-03 2.188029469610693056e-02 9.997286175359622051e-01 -8.976248344997547202e-01
7.405339353163110649e-01 6.716808858667067117e-01 -2.131380318605123614e-02 2.447778072582360576e+00 -6.719639180628291797e-01 7.405067000062648397e-01 -1.069205627945870284e-02 -8.654289084262512688e+01 8.601364228362308462e-03 2.223993721097002746e-02 9.997156604386384648e-01 -8.974431177879437227e-01
7.494113552607389872e-01 6.617461052396338417e-01 -2.178790504931472569e-02 2.482833667174495051e+00 -6.620388687748481882e-01 7.493950208629852616e-01 -1.056593285447903624e-02 -8.655500958307064252e+01 9.335782644316961698e-03 2.234267007189122412e-02 9.997067811395883297e-01 -8.923695649537842778e-01
7.590135472261435590e-01 6.506891249971871183e-01 -2.240753751713859404e-02 2.539045240028242389e+00 -6.509993255473551788e-01 7.590000557834092332e-01 -1.089924115113012626e-02 -8.659744924531462118e+01 9.915304537714830779e-03 2.285996349902671282e-02 9.996895061991736275e-01 -9.015332483014681930e-01
7.690205573531255778e-01 6.388308016292574276e-01 -2.241850258176414368e-02 2.585208784926249059e+00 -6.391406036000384372e-01 7.690137987994591917e-01 -1.081970821249316622e-02 -8.661378666148836203e+01 1.032817496301625948e-02 2.264915331188743775e-02 9.996901243166244067e-01 -8.923681405194703320e-01
7.795225724398218148e-01 6.259545147126535092e-01 -2.292388639932533070e-02 2.639805898719999266e+00 -6.262808284934637815e-01 7.795159873382903060e-01 -1.127605186007476709e-02 -8.665071473396179158e+01 1.081124037025307447e-02 2.314672751938983211e-02 9.996736197813763658e-01 -8.937410328620271072e-01
7.904064754296490358e-01 6.121434045309057659e-01 -2.319603173371736354e-02 2.714254115267140666e+00 -6.124815118008326564e-01 7.903974392630338519e-01 -1.175949440262288002e-02 -8.669517490928711823e+01 1.113558714421058159e-02 2.350192110765913361e-02 9.996617720025123832e-01 -8.907102671964061136e-01
8.009598613167074888e-01 5.982563442799462283e-01 -2.350844716937672274e-02 2.796325916160542491e+00 -5.986104856893788018e-01 8.009426578656877460e-01 -1.250380877069108033e-02 -8.672012596583378752e+01 1.134843523340652548e-02 2.408745191676706088e-02 9.996454409829069743e-01 -8.905838521133718766e-01
8.113735485429306449e-01 5.840452069754409337e-01 -2.375207220153690429e-02 2.859145764528684186e+00 -5.844127528874902833e-01 8.113504073036987840e-01 -1.312443639122146469e-02 -8.674955177029777076e+01 1.160598928647688100e-02 2.452983442945394846e-02 9.996317263050156221e-01 -8.855585852331999686e-01
8.220095088449688170e-01 5.690020280847499778e-01 -2.317454215069812001e-02 2.938356479068329197e+00 -5.693552781846494826e-01 8.219877838717907226e-01 -1.306332150804788775e-02 -8.678586138822554119e+01 1.161613411309336819e-02 2.393272238972697988e-02 9.996460824848376614e-01 -8.856792935887947138e-01
8.326473940317966616e-01 5.533558934144314767e-01 -2.226145627703433535e-02 3.008522632954541365e+00 -5.536808787366559459e-01 8.326360527824933078e-01 -1.243736821813930943e-02 -8.681402436551947233e+01 1.165340008162719584e-02 2.268168490887360195e-02 9.996748168460742878e-01 -8.830034381006928168e-01
8.428937697534868434e-01 5.376337257466079489e-01 -2.191049635625144654e-02 3.081453745893289131e+00 -5.379409065687217328e-01 8.429027931407366836e-01 -1.159579042438897353e-02 -8.684884274190328313e+01 1.223413056894319915e-02 2.156057177733717786e-02 9.996926866761887132e-01 -8.817845374221137122e-01
8.528320055343879824e-01 5.217143595262476730e-01 -2.217425083990119672e-02 3.176927566571393857e+00 -5.220218488204624308e-01 8.528585552593456187e-01 -1.120152110242809279e-02 -8.688196426763732916e+01 1.306750512760344873e-02 2.112845912647343116e-02 9.996913666350635275e-01 -8.777908277707427986e-01
8.625168562001259698e-01 5.055292115435212619e-01 -2.246973624315504181e-02 3.261728338246998149e+00 -5.058423024183031913e-01 8.625532737275455331e-01 -1.119888682163078589e-02 -8.691831087171121339e+01 1.371998013122371907e-02 2.102537177030354767e-02 9.996847982674935684e-01 -8.748491652605514535e-01
8.721052141405086777e-01 4.888197949671501674e-01 -2.208401044219092391e-02 3.356696129209400414e+00 -4.891268008658312128e-01 8.721382949263201123e-01 -1.139154062313547586e-02 -8.695173581890099967e+01 1.369190066042639924e-02 2.073650335240632622e-02 9.996912169690301830e-01 -8.739935118601982467e-01
8.810631491544840266e-01 4.724962484275015973e-01 -2.179500915164277880e-02 3.461636988000603932e+00 -4.727926276607677947e-01 8.811038141042286664e-01 -1.109954956777112201e-02 -8.698962330052833636e+01 1.395917016194207078e-02 2.008392374307238840e-02 9.997008440405922292e-01 -8.709272339639448912e-01
8.893513942212329937e-01 4.567165782945602492e-01 -2.154216116497568653e-02 3.556593227133735713e+00 -4.569978303466828429e-01 8.894065038590769356e-01 -1.044289000220884750e-02 -8.701315259965822690e+01 1.439029725799450751e-02 1.913211969653587016e-02 9.997133996004774481e-01 -8.688465765377229033e-01
8.975640889805486244e-01 4.403838540903465826e-01 -2.099445710301160381e-02 3.661775243220055209e+00 -4.406397126180488510e-01 8.976340893454161085e-01 -9.470232780078649548e-03 -8.704075837167870588e+01 1.467480277213944855e-02 1.775113240212801077e-02 9.997347385492018068e-01 -8.676160327720541243e-01
9.057913927823018074e-01 4.232184256588421012e-01 -2.069098703177180837e-02 3.772131179713888560e+00 -4.234525435130571114e-01 9.058787672525050461e-01 -8.461822108997084715e-03 -8.707884890462058536e+01 1.516232679440408619e-02 1.642629671998399599e-02 9.997501090883895714e-01 -8.655576291952711276e-01
9.135555752896455939e-01 4.062375092061571991e-01 -1.967986207223417633e-02 3.878436808560692839e+00 -4.064352961437370793e-01 9.136511257578199263e-01 -7.209053337375526810e-03 -8.711053653993036505e+01 1.505194026554561131e-02 1.458446143831623396e-02 9.997803421646160871e-01 -8.591380590929298400e-01
9.211383101431910303e-01 3.888024180313142120e-01 -1.835465389348676576e-02 4.001244117405417633e+00 -3.889665614844042274e-01 9.212304246939859720e-01 -6.286387288205955680e-03 -8.713527938590827659e+01 1.446470302307214725e-02 1.292997877574954962e-02 9.998117762935746500e-01 -8.540805351868077100e-01
9.283858370028691409e-01 3.712124994239108244e-01 -1.734986812442802090e-02 4.116603884535488866e+00 -3.713553908081688726e-01 9.284727764412759043e-01 -5.785942027081266564e-03 -8.717270771237387805e+01 1.396106622698299084e-02 1.181455368947907647e-02 9.998327384872552903e-01 -8.573820464727186508e-01
9.353796274381295239e-01 3.532309925257640648e-01 -1.711194007030450784e-02 4.256963179080051951e+00 -3.533601872918797904e-01 9.354732890323346206e-01 -5.128698087598229129e-03 -8.720129130547715590e+01 1.419614774344464883e-02 1.084395805459050302e-02 9.998404262495873551e-01 -8.551571027080107079e-01
9.417711285170695668e-01 3.357910059971307981e-01 -1.765054625557233373e-02 4.379668809090092374e+00 -3.359145867952831321e-01 9.418817531000809318e-01 -4.489271129300779692e-03 -8.722663473328687189e+01 1.511727058167075359e-02 1.015694188981230810e-02 9.998341385757977262e-01 -8.519932551393040177e-01
9.478822468085609243e-01 3.181148462814057387e-01 -1.794967299178584427e-02 4.518846886536737273e+00 -3.182453208133970701e-01 9.479958509924086840e-01 -4.876708065582317786e-03 -8.724548603186048013e+01 1.546486228624146565e-02 1.033494443800005332e-02 9.998269985142085314e-01 -8.462725191882185527e-01
9.536363404964351975e-01 3.003989495955104450e-01 -1.839024650409006381e-02 4.636120591507502553e+00 -3.005412407426407140e-01 9.537531295714039015e-01 -5.470872474010448835e-03 -8.727379661823867707e+01 1.589631081230174006e-02 1.074425030734024213e-02 9.998159172507166126e-01 -8.487481954799240835e-01
9.589836296402367566e-01 2.828893494407612730e-01 -1.800039041298824929e-02 4.775395437362305096e+00 -2.830378562437572132e-01 9.590882602162957848e-01 -6.267459470712452921e-03 -8.729273199705735919e+01 1.549096559209080584e-02 1.110518294588977960e-02 9.998183359474674958e-01 -8.423033263207769794e-01
9.641314799600610996e-01 2.648516275559594790e-01 -1.743859888241083844e-02 4.914126862577259836e+00 -2.650173177661941937e-01 9.642108347938773694e-01 -7.955334694789107861e-03 -8.731702780998250546e+01 1.470750264437764576e-02 1.229151931428171425e-02 9.998162870842384198e-01 -8.398715428517514736e-01
9.687092780419594984e-01 2.475711809285174869e-01 -1.763079717666752450e-02 5.078698320822373269e+00 -2.477570856635387120e-01 9.687780369891486609e-01 -9.248867550231144527e-03 -8.735093620201756437e+01 1.479057601770362128e-02 1.332761873370621152e-02 9.998017870757950343e-01 -8.346001418839693597e-01
9.726726056241460361e-01 2.314864195395228974e-01 -1.794546842816887797e-02 5.212781515138275701e+00 -2.316770919905455084e-01 9.727476494645075356e-01 -9.366723444192714271e-03 -8.735858168188816819e+01 1.528814295912772799e-02 1.326830923847001353e-02 9.997950913336259848e-01 -8.328401346514381354e-01
9.763060258213407394e-01 2.156602723847870218e-01 -1.780985288707121264e-02 5.346192628313533035e+00 -2.158439806311573395e-01 9.763853682328316186e-01 -9.109814824378507231e-03 -8.736629770665953743e+01 1.542465462291514426e-02 1.273811664875807576e-02 9.997998901850342346e-01 -8.296728517260375524e-01
9.797044270537563770e-01 1.996592499665180986e-01 -1.776005388726263970e-02 5.514084888601028744e+00 -1.998183887427858740e-01 9.798029197591557882e-01 -7.671372215594234392e-03 -8.740413513446850402e+01 1.586969223104034779e-02 1.106446267293272577e-02 9.998128477541441406e-01 -8.239216076467693606e-01
9.825145729881006318e-01 1.853440549122171710e-01 -1.768318904234182642e-02 5.653009604521207265e+00 -1.854744678478465469e-01 9.826305815870567395e-01 -6.030083452225396337e-03 -8.741578391112818736e+01 1.625840221449570411e-02 9.204424945627067214e-03 9.998254562266616352e-01 -8.195457489043289634e-01
9.850109875418283645e-01 1.716541695108145804e-01 -1.697646934508130132e-02 5.799320892287287421e+00 -1.717707868265639370e-01 9.851207005439174269e-01 -5.657044532668655673e-03 -8.741571676595521012e+01 1.575281609284789539e-02 8.488312518633710224e-03 9.998398858495949337e-01 -8.167508664661586870e-01
9.872358671903926908e-01 1.583937575886555649e-01 -1.663610801177832499e-02 5.960536299551891126e+00 -1.585050170858547103e-01 9.873423556745601903e-01 -5.588582076259997374e-03 -8.743421692541626555e+01 1.554033755895420366e-02 8.154155257070271057e-03 9.998459919710621646e-01 -8.142784682413837238e-01
9.891090494816495715e-01 1.462631986403666318e-01 -1.644277826269914186e-02 6.109444367698110057e+00 -1.463744507752230972e-01 9.892124108479086741e-01 -5.772900892980571512e-03 -8.743753074039901207e+01 1.542103737624103861e-02 8.116831152429143659e-03 9.998481427988370474e-01 -8.098824392730777921e-01
9.907303040087734880e-01 1.349514049585842368e-01 -1.554294111124283027e-02 6.236634553023226779e+00 -1.350509612567314666e-01 9.908231683751560492e-01 -5.539573507951900920e-03 -8.746332274928155925e+01 1.465273292994062788e-02 7.587312483442247742e-03 9.998638557858576803e-01 -8.089118387576142988e-01
9.920349433919324333e-01 1.250505237726780849e-01 -1.513398802511454685e-02 6.366698294667319402e+00 -1.251277994737427790e-01 9.921314519965015455e-01 -4.267992288231105616e-03 -8.744428081020112131e+01 1.448119084275351076e-02 6.127680106897105683e-03 9.998763656814192435e-01 -8.045076422167138919e-01
9.932225876560651923e-01 1.151857196501045039e-01 -1.552872687883110649e-02 6.518131479767923508e+00 -1.152434653692047256e-01 9.933331195367234301e-01 -2.873555487263955606e-03 -8.746942019972165383e+01 1.509420615622806584e-02 4.643664515122001950e-03 9.998752928842598031e-01 -8.018226689687196762e-01
9.941205497942408043e-01 1.071607097998781982e-01 -1.552142879965069146e-02 6.626738244955945767e+00 -1.072146506509848857e-01 9.942322755476183938e-01 -2.683457693316306479e-03 -8.747270288909760438e+01 1.514434424409332770e-02 4.331805003787875599e-03 9.998759344552831108e-01 -8.002258986497863269e-01
9.948908539221890113e-01 9.970894428908394502e-02 -1.582135299946924034e-02 6.743712482069489589e+00 -9.975989407912447260e-02 9.950084922694949485e-01 -2.462487544781454939e-03 -8.747703251665770097e+01 1.549684856025016454e-02 4.028242835615866019e-03 9.998718022548480633e-01 -7.946136505766449032e-01
9.955932747997318089e-01 9.239985338972109274e-02 -1.600931813362937300e-02 6.869505572687238271e+00 -9.245265748728176414e-02 9.957137163777248778e-01 -2.588656176282146375e-03 -8.747649807027465840e+01 1.570150620434453831e-02 4.057352685888659417e-03 9.998684916488254082e-01 -7.933676012770808361e-01
9.961890600594963674e-01 8.566498103610864501e-02 -1.639718396128562669e-02 6.978873497329845854e+00 -8.573554203559807796e-02 9.963112492805826781e-01 -3.648477603978707122e-03 -8.747613011128578364e+01 1.602415207239651571e-02 5.040394929733910644e-03 9.998589005301262711e-01 -7.957270992162941425e-01
9.966623741533856551e-01 7.997249100576039882e-02 -1.638635497205872052e-02 7.077115978417752196e+00 -8.006201488166553304e-02 9.967779334383689571e-01 -4.881104733813588711e-03 -8.748592598632555450e+01 1.594320294121314915e-02 6.176738028123199276e-03 9.998538204094172821e-01 -7.929228088813172759e-01
9.971238445052741373e-01 7.413102573450056076e-02 -1.576799741795477036e-02 7.203402952829363493e+00 -7.422691151399118947e-02 9.972257412614917715e-01 -5.584493939692460399e-03 -8.749727673490716029e+01 1.531026864937173014e-02 6.738841815857921774e-03 9.998600820539166323e-01 -7.897890345242433163e-01
9.975160241493151725e-01 6.867678148437911245e-02 -1.566145747654630951e-02 7.278440041910985592e+00 -6.876578388419632426e-02 9.976191941130629903e-01 -5.216368851475096900e-03 -8.749883769749160933e+01 1.526592716263345910e-02 6.280383917363483413e-03 9.998637448401235250e-01 -7.897594444711479866e-01
9.978337744679784960e-01 6.384549893844790325e-02 -1.585909191246991090e-02 7.365714014350152716e+00 -6.392014380814767249e-02 9.979459889340399625e-01 -4.244806945752798398e-03 -8.749741597742315946e+01 1.555550534483664260e-02 5.249327172280114466e-03 9.998652263268811291e-01 -7.893691778649295498e-01
9.980842355978268854e-01 5.986511487005150706e-02 -1.562135310071396770e-02 7.420575941933335251e+00 -5.993437958002553051e-02 9.981942898703201061e-01 -4.003725096049206428e-03 -8.748669208439108047e+01 1.535346200239760990e-02 4.932311008325907659e-03 9.998699633015575294e-01 -7.871429075616661608e-01
9.983230894161689850e-01 5.586458558675092695e-02 -1.517093325331084382e-02 7.496601677382582096e+00 -5.593726866539810300e-02 9.984245490003739176e-01 -4.409300132100478671e-03 -8.748357942202333959e+01 1.490070846674425471e-02 5.250526699336941806e-03 9.998751926398457002e-01 -7.864123989479326893e-01
9.985338665327699870e-01 5.206376853294802931e-02 -1.481490442979571318e-02 7.566435683632191100e+00 -5.213682310046578727e-02 9.986294110054865225e-01 -4.588153422209417798e-03 -8.748736724962593314e+01 1.455572272706190384e-02 5.353828628430897310e-03 9.998797264945971097e-01 -7.820551420450697622e-01
9.986844144268197665e-01 4.906094208519917038e-02 -1.491523860596175553e-02 7.621312479375765392e+00 -4.912857567922460783e-02 9.987836223363687482e-01 -4.202238019513949117e-03 -8.748684065220869854e+01 1.469093028677013850e-02 4.929474044427091008e-03 9.998799312182211629e-01 -7.833458174519168926e-01
9.988296310458074645e-01 4.616655433046201740e-02 -1.442280853886376141e-02 7.668762212931386379e+00 -4.622056421628688294e-02 9.989253562457919289e-01 -3.433961669250792503e-03 -8.748813224363456698e+01 1.424877497977714014e-02 4.096573015372977251e-03 9.998900892103618210e-01 -7.775942175576764370e-01
9.989362086404461882e-01 4.379978008636732645e-02 -1.442325661689724398e-02 7.699122593087321498e+00 -4.385022706807867321e-02 9.990329912761976017e-01 -3.199988720433638925e-03 -8.748556770058149823e+01 1.426915039968921356e-02 3.829047677794284593e-03 9.998908589144878123e-01 -7.760342740173491460e-01
9.990410500010841188e-01 4.135944241748535505e-02 -1.436582526853357605e-02 7.743243709298124777e+00 -4.141240125871462757e-02 9.991363242148365575e-01 -3.408615034336261087e-03 -8.749271162861106177e+01 1.421243943587924968e-02 4.000269663385873885e-03 9.998909962630434523e-01 -7.774036216716053715e-01
9.990851099787976253e-01 4.027099271226262933e-02 -1.439410173031731646e-02 7.767913139240643972e+00 -4.032048895985994308e-02 9.991817856456791658e-01 -3.165028270010961792e-03 -8.747596256859569053e+01 1.425486543926830080e-02 3.742509837134265320e-03 9.998913903176821494e-01 -7.773088581868368152e-01
9.991589629413474283e-01 3.853870673682985304e-02 -1.400481549410112492e-02 7.790543990070413649e+00 -3.858843516987056632e-02 9.992497464821360476e-01 -3.298003415334358791e-03 -8.748755156618665296e+01 1.386720754556900609e-02 3.835653587002619755e-03 9.998964888009401752e-01 -7.744637130535769742e-01
9.991935460176003536e-01 3.759870594546365491e-02 -1.409237055998895267e-02 7.804855446393607288e+00 -3.764652710486796755e-02 9.992861738075398126e-01 -3.143538456853392764e-03 -8.747673702688004482e+01 1.396411807870189155e-02 3.671532148004504840e-03 9.998957561955997830e-01 -7.755079072898973802e-01
9.992114854961605674e-01 3.694976801159721713e-02 -1.453003428919727967e-02 7.820321564960545757e+00 -3.699389548981286968e-02 9.993116248979363458e-01 -2.779935311278201003e-03 -8.748337750356112963e+01 1.441731421052148791e-02 3.315265861923484374e-03 9.998905690440428318e-01 -7.736639902978675876e-01
9.992286005363197887e-01 3.636466499763311294e-02 -1.482615964562909554e-02 7.824544026855255296e+00 -3.641489035082318831e-02 9.993318507130249939e-01 -3.131758486522486038e-03 -8.747372358906164891e+01 1.470236820941740567e-02 3.669235627524989728e-03 9.998851819478796754e-01 -7.756566627103095302e-01
9.992449576679449663e-01 3.606375751002682123e-02 -1.445406411514645918e-02 7.825511236375331414e+00 -3.611002882917615370e-02 9.993434570197947675e-01 -2.953088160158198749e-03 -8.748719908727355232e+01 1.433807494550254531e-02 3.472795125483688419e-03 9.998911737288581625e-01 -7.735309758725297247e-01
9.992564835598191086e-01 3.559486913586054624e-02 -1.481503813245145344e-02 7.841227547102207041e+00 -3.564548179032224484e-02 9.993594819644593397e-01 -3.166296837528948839e-03 -8.748315502763998097e+01 1.469284491175326147e-02 3.692031815748980650e-03 9.998852380195792922e-01 -7.777009072348242125e-01
9.992548238250752446e-01 3.566919609261957197e-02 -1.474806809125069930e-02 7.836200141936889629e+00 -3.571640952739470881e-02 9.993576104357025924e-01 -2.950348236055143087e-03 -8.748649803590986096e+01 1.463335753644196512e-02 3.474897746526915601e-03 9.998868885693330544e-01 -7.738798949757119683e-01
9.992630287189661065e-01 3.546861767361370044e-02 -1.467571448760782160e-02 7.830251633648830811e+00 -3.551647107845820606e-02 9.993645492775240502e-01 -3.012960249346886311e-03 -8.748520503567205253e+01 1.455952325908393963e-02 3.531969373327054421e-03 9.998877664392209486e-01 -7.727143476521900478e-01
9.992576772511926331e-01 3.559489124515643338e-02 -1.473425165377772322e-02 7.837868697316573652e+00 -3.564590655168051875e-02 9.993593137037317664e-01 -3.214258812709606429e-03 -8.748390871734270036e+01 1.461040042778519524e-02 3.737088552831882224e-03 9.998862787179790823e-01 -7.754412672004605822e-01
9.992599204214603903e-01 3.555784239365953475e-02 -1.467144449617191829e-02 7.840581711633303641e+00 -3.560806288354246424e-02 9.993607850812178395e-01 -3.176019447938661835e-03 -8.748263347510508936e+01 1.454913389100087953e-02 3.696090659016290723e-03 9.998873244605424038e-01 -7.755619893684597699e-01
9.992682397146636086e-01 3.540201884155680379e-02 -1.448040605437570481e-02 7.844508839638857367e+00 -3.545079743700782493e-02 9.993665344820800156e-01 -3.125814831022108095e-03 -8.749385575373486290e+01 1.436057306091171638e-02 3.636869425708745204e-03 9.998902675404649498e-01 -7.727937840742583608e-01
9.992521510311489497e-01 3.585221807031591795e-02 -1.448299413313517900e-02 7.828366364872061389e+00 -3.590296754280449670e-02 9.993499656191704439e-01 -3.259315661787517623e-03 -8.747204160989004151e+01 1.435672599314488651e-02 3.776860654215269571e-03 9.998898037995769261e-01 -7.723249308042351435e-01
9.992430323239211987e-01 3.600711389157972009e-02 -1.472583109008649381e-02 7.820866117452579758e+00 -3.605942708317264045e-02 9.993441907624482923e-01 -3.302439671024624650e-03 -8.748448627574730097e+01 1.459726243267233346e-02 3.830944863373549059e-03 9.998861154106128968e-01 -7.773211561599501218e-01
9.992561745080598135e-01 3.566393098077499935e-02 -1.466907408517646207e-02 7.837014801728817481e+00 -3.571489076722669798e-02 9.993568106239212323e-01 -3.226706845870264649e-03 -8.748477571749380388e+01 1.454456204232165185e-02 3.748211117671721750e-03 9.998871969519433911e-01 -7.745478991954392045e-01
9.992697628048371472e-01 3.540054108194982257e-02 -1.437855469334889738e-02 7.841574913273930747e+00 -3.545130166882890649e-02 9.993659868935602653e-01 -3.290813006850615632e-03 -8.748344817208653978e+01 1.425294194017962326e-02 3.798148412786354899e-03 9.998912079394859376e-01 -7.721194069387981029e-01
9.992616155670551725e-01 3.559326673570484267e-02 -1.446869093593849444e-02 7.834658765121396584e+00 -3.564157736585124581e-02 9.993598449859818489e-01 -3.094865500843868144e-03 -8.748489240262703959e+01 1.434927235760690735e-02 3.608267267711829773e-03 9.998905334035981252e-01 -7.726592244742681581e-01
9.992363858342160343e-01 3.616523182940167142e-02 -1.478922687970284436e-02 7.826915639998293095e+00 -3.621326301423963973e-02 9.993396032162833453e-01 -2.992828993264696948e-03 -8.748050233186144453e+01 1.467122376747066054e-02 3.526109789421613076e-03 9.998861543910475547e-01 -7.730140362022530631e-01
9.992522751397954206e-01 3.567003806847338782e-02 -1.491774152263672902e-02 7.836640259882643456e+00 -3.571939343509792503e-02 9.993571888415384574e-01 -3.055166667534082482e-03 -8.748847617010082445e+01 1.479917432059046044e-02 3.585734922074856716e-03 9.998840567508301413e-01 -7.737962090941605808e-01
9.992678890689030702e-01 3.532955889349181228e-02 -1.468019564480336873e-02 7.841659999669060355e+00 -3.538003370637473471e-02 9.993688302767527176e-01 -3.192849230844931920e-03 -8.749425818647749509e+01 1.455812799484184662e-02 3.709897527751004551e-03 9.998871424163926491e-01 -7.759409482984180872e-01
9.992611796062664808e-01 3.557903740938621329e-02 -1.453365160289315713e-02 7.833342396299132204e+00 -3.562967026529267889e-02 9.993598101933339750e-01 -3.239809736706449495e-03 -8.748054281342490412e+01 1.440907799546177828e-02 3.755245313562880025e-03 9.998891321561383938e-01 -7.751103970640910168e-01
9.992568975288068645e-01 3.575169236273370577e-02 -1.440379235840148070e-02 7.840612792601522330e+00 -3.580107955756620108e-02 9.993538587449439792e-01 -3.185547692844913330e-03 -8.747954711825174456e+01 1.428059675280804811e-02 3.698851820636052130e-03 9.998911856055101577e-01 -7.724870177890248435e-01
9.992315735542571797e-01 3.625426700424553422e-02 -1.489599061049898775e-02 7.812617029288351667e+00 -3.630483099493544280e-02 9.993358352093367758e-01 -3.138106576661886526e-03 -8.747419185638106853e+01 1.477232746429536607e-02 3.676491594195131080e-03 9.998841241618178222e-01 -7.739771537215242025e-01
9.992363502638635930e-01 3.626483071866564573e-02 -1.454573354286037637e-02 7.818408093160456040e+00 -3.631261136641664861e-02 9.993358733467849753e-01 -3.034221147195208419e-03 -8.747663128787681330e+01 1.442603781725796883e-02 3.560097634198112343e-03 9.998896014749478756e-01 -7.738266080298371596e-01
9.992596137487891328e-01 3.563532971626749701e-02 -1.450336535545240606e-02 7.842588933096960702e+00 -3.568259082950765715e-02 9.993586318148728331e-01 -3.012926948883130895e-03 -8.748148656915289223e+01 1.438669671310166716e-02 3.528213870823740037e-03 9.998902813131883560e-01 -7.730992078488440056e-01
9.992465467317991346e-01 3.599765774501702958e-02 -1.450887595394588156e-02 7.830519782798038619e+00 -3.604538903468865879e-02 9.993455246786325796e-01 -3.041748531112694123e-03 -8.747896922393273655e+01 1.438988443012383794e-02 3.562434793956900832e-03 9.998901141047582541e-01 -7.709463865638834790e-01
9.992577243532961839e-01 3.574568185293777040e-02 -1.436128647233858233e-02 7.835671208944813060e+00 -3.579702434360803459e-02 9.993535198764612604e-01 -3.333970406343460952e-03 -8.749252784236117009e+01 1.423282714063350829e-02 3.845587002759834165e-03 9.998913131396777176e-01 -7.751153994102837341e-01
9.992625264307952726e-01 3.550641082504012169e-02 -1.461841514897081751e-02 7.842678528890634659e+00 -3.555766933437830291e-02 9.993623040563088811e-01 -3.261500080128085666e-03 -8.749380929524352268e+01 1.449328888317619538e-02 3.778891582082802899e-03 9.998878259863751561e-01 -7.758562775544741719e-01
9.992441634917932358e-01 3.603638088655609917e-02 -1.457672734826017183e-02 7.826494322993791108e+00 -3.608543636468809768e-02 9.993438495793277587e-01 -3.116342461920039355e-03 -8.747790542058770313e+01 1.445486111854788966e-02 3.639994583646296352e-03 9.998888975428592563e-01 -7.746863549002859228e-01
9.992601963737482995e-01 3.574874124328625280e-02 -1.418053040681407397e-02 7.840224129725665847e+00 -3.579691952030052138e-02 9.993540943544430011e-01 -3.158266908943585614e-03 -8.748495782252784636e+01 1.405846705566226283e-02 3.663549717359576140e-03 9.998944633847680619e-01 -7.723484693720625849e-01
9.992504330577425264e-01 3.589709189701017350e-02 -1.449037015578502098e-02 7.839399285305003851e+00 -3.594632690593000529e-02 9.993487522463909700e-01 -3.151660761154543612e-03 -8.748673965523816776e+01 1.436779787880073690e-02 3.670173963042552487e-03 9.998900420582229609e-01 -7.750447898284689163e-01
9.992617532982207562e-01 3.558556395163626346e-02 -1.447812258580887315e-02 7.848761909547923743e+00 -3.563330111609167711e-02 9.993602700665302763e-01 -3.052615947287241546e-03 -8.749007465110339865e+01 1.436023143739831309e-02 3.566265665328173518e-03 9.998905267589390800e-01 -7.741162364801081885e-01
9.992661520779900775e-01 3.559056927047225122e-02 -1.415869662966479786e-02 7.843471862653002447e+00 -3.563712076082337782e-02 9.993601444254693877e-01 -3.049156897136227201e-03 -8.748123473006677386e+01 1.404111587893415447e-02 3.551494461290608667e-03 9.998951114751815084e-01 -7.719299108446551205e-01
9.992483583098571431e-01 3.580984516842701526e-02 -1.484497908616116101e-02 7.833589648981226894e+00 -3.585717408998947975e-02 9.993526168746094118e-01 -2.934316300332124802e-03 -8.747404258429033064e+01 1.473029128481392024e-02 3.464409745323463428e-03 9.998855016369530002e-01 -7.730937275289402333e-01
9.992727558655672970e-01 3.512905815403061932e-02 -1.482931751784827973e-02 7.836234171499749657e+00 -3.517810008124137161e-02 9.993763767683276900e-01 -3.059220829495190933e-03 -8.748580752311745812e+01 1.471260206450894503e-02 3.578663244870378471e-03 9.998853596837345981e-01 -7.742275701741904159e-01
9.992522866493455114e-01 3.556696737185469082e-02 -1.516108366917169256e-02 7.832129372295373315e+00 -3.561225473676199460e-02 9.993619603212087199e-01 -2.727558526395340664e-03 -8.748409543687353107e+01 1.505439931110415935e-02 3.265439468182367629e-03 9.998813439436008421e-01 -7.720072782086324636e-01
9.992511515860983407e-01 3.549010097339537484e-02 -1.541391536095257885e-02 7.853543419554349647e+00 -3.553476849437217644e-02 9.993649704658998933e-01 -2.633635081490759942e-03 -8.748097591445223031e+01 1.531065909449307212e-02 3.179392801980486863e-03 9.998777301147890872e-01 -7.748767820847525245e-01
9.992629629244871303e-01 3.493364979009519478e-02 -1.591134939966276293e-02 7.865875638611863785e+00 -3.497837022525891737e-02 9.993848393928087548e-01 -2.540946318722089176e-03 -8.748164571079131235e+01 1.581279683547116496e-02 3.095626617163158012e-03 9.998701778491482228e-01 -7.733110233731853578e-01
9.992628580562832319e-01 3.485471909684652314e-02 -1.609003001452490381e-02 7.871574712528702555e+00 -3.489770260247704314e-02 9.993880118560201087e-01 -2.398356007855032088e-03 -8.748243193615057578e+01 1.599658908197171617e-02 2.958093161357496555e-03 9.998676706557679816e-01 -7.725619527987835911e-01
9.992707966241938244e-01 3.437332373507252792e-02 -1.662376700549455036e-02 7.899133983884437882e+00 -3.441643555512999275e-02 9.994048996355806569e-01 -2.314205711363425799e-03 -8.748776611471615183e+01 1.653432725358531044e-02 2.884648990574489261e-03 9.998591374901129036e-01 -7.736887065226492055e-01
9.992642832292392141e-01 3.434308407440652550e-02 -1.707175558087227138e-02 7.925400962439876018e+00 -3.438697308997668706e-02 9.994059834975420609e-01 -2.283906963929635374e-03 -8.748933575887957659e+01 1.698317826745094836e-02 2.869272655031528986e-03 9.998516584625776193e-01 -7.782838141659799147e-01
9.992577256189946189e-01 3.448487639920431308e-02 -1.716948136915303139e-02 7.964432616944635335e+00 -3.452369248724163758e-02 9.994019391631179250e-01 -1.969429878422128410e-03 -8.748893388646148139e+01 1.709129742882227812e-02 2.560721916032252833e-03 9.998506539756166767e-01 -7.739708507379856606e-01
9.992187238795066095e-01 3.564226921392683184e-02 -1.707543539392960066e-02 8.009057243159272588e+00 -3.568480464350599207e-02 9.993606889127910620e-01 -2.192754730094807845e-03 -8.749491582829497816e+01 1.698636412435319473e-02 2.800375159421271670e-03 9.998517996847339218e-01 -7.767186157638388266e-01
9.991808264624746361e-01 3.670667847087529662e-02 -1.703806871103738171e-02 8.067150919179677970e+00 -3.674441410427638915e-02 9.993228765624683207e-01 -1.906937609690131322e-03 -8.749220086859520507e+01 1.695653448967994817e-02 2.531429349118033498e-03 9.998530231006709235e-01 -7.707624099789018857e-01
9.991531696745759028e-01 3.753082699666046573e-02 -1.686358663496134030e-02 8.137533809313424626e+00 -3.757040525497422345e-02 9.992919085577783855e-01 -2.036207241348255564e-03 -8.749153979353930310e+01 1.677522513187557074e-02 2.668054703235298551e-03 9.998557262454795813e-01 -7.681688915127229400e-01
9.991127613668061569e-01 3.856976118467305564e-02 -1.691341468044646815e-02 8.206188574302638372e+00 -3.861174890108273056e-02 9.992519475562176012e-01 -2.162903582210612061e-03 -8.750090223832800973e+01 1.681733988463071996e-02 2.814041091293887145e-03 9.998546185580888812e-01 -7.659907544721422656e-01
9.990923319130108338e-01 3.913760153210980863e-02 -1.681548271492876515e-02 8.330438398134615952e+00 -3.918751528556459196e-02 9.992283629623679442e-01 -2.649018174683884924e-03 -8.750032283069728578e+01 1.669883104788817338e-02 3.305570731350287485e-03 9.998551006239724259e-01 -7.663738397366298694e-01
9.990855779880071230e-01 3.935933641467269373e-02 -1.669881712476807556e-02 8.445620243175246955e+00 -3.940293014486967449e-02 9.992207799872948604e-01 -2.289527807325342831e-03 -8.751244854414973418e+01 1.659569077707669094e-02 2.945416537370444763e-03 9.998579436945295162e-01 -7.591494941545409159e-01
9.990904022040472121e-01 3.931022909122530717e-02 -1.652495423747163059e-02 8.545004207588943856e+00 -3.935442537815800335e-02 9.992225328401256323e-01 -2.357767528635967662e-03 -8.749661724641528338e+01 1.641942224653903867e-02 3.005952986904605016e-03 9.998606737039568149e-01 -7.560702756740065311e-01
9.991044091284914108e-01 3.901016926589193773e-02 -1.638860439007812017e-02 8.663677047769093420e+00 -3.905107432488934965e-02 9.992348307333943636e-01 -2.183264362549942189e-03 -8.749928633648231369e+01 1.629089482134101277e-02 2.821301659034901321e-03 9.998633141599249097e-01 -7.580416663979737679e-01
9.991340707378036923e-01 3.826525542070972896e-02 -1.633642918429021457e-02 8.802972156919812718e+00 -3.830199538957380911e-02 9.992643224370229005e-01 -1.941920094805943235e-03 -8.751254123095262116e+01 1.625010277144581239e-02 2.565956364669786868e-03 9.998646658562607703e-01 -7.548793647901140824e-01
9.991829450492375475e-01 3.717416729582895957e-02 -1.585949584929996492e-02 8.958524364677128204e+00 -3.720732157077550478e-02 9.993059458880018120e-01 -1.800481717429578028e-03 -8.751347503914428216e+01 1.578155709241473026e-02 2.389099986943877749e-03 9.998726092142894428e-01 -7.502740963582670286e-01
9.992128091927575673e-01 3.649345749672981004e-02 -1.555601186204828325e-02 9.116218993618842248e+00 -3.652509953749714239e-02 9.993311953394579117e-01 -1.754743624071119015e-03 -8.751034454163968235e+01 1.548157126695280141e-02 2.321547187688982605e-03 9.998774581766315395e-01 -7.431684141509578012e-01
9.992417622142846234e-01 3.557874940700355565e-02 -1.581307172957619953e-02 9.285548041649354545e+00 -3.561314202395907819e-02 9.993638473469165229e-01 -1.898612954332434518e-03 -8.750814769796276948e+01 1.573546192751894626e-02 2.460326523590460144e-03 9.998731629718465852e-01 -7.401110158406233319e-01
9.992802361351016405e-01 3.451122679486114814e-02 -1.574753615297213097e-02 9.471450728075087255e+00 -3.454893450613482492e-02 9.994007403184758109e-01 -2.128702744218485994e-03 -8.752705789003161385e+01 1.566463514628774548e-02 2.671231176086111443e-03 9.998737338933039176e-01 -7.342300152743460595e-01
9.993552730712539356e-01 3.249508647381094129e-02 -1.526785969738135226e-02 9.681707699249278321e+00 -3.253689654755778649e-02 9.994674133559316997e-01 -2.497999731104840176e-03 -8.754345916708548714e+01 1.517855552194920937e-02 2.993157974886520665e-03 9.998803190670393359e-01 -7.326586531146832559e-01
9.993750623487136497e-01 3.204302711274398252e-02 -1.492411367407234582e-02 9.852686660457576906e+00 -3.208936334859818773e-02 9.994808668613457403e-01 -2.875680436784591818e-03 -8.754157483672689466e+01 1.482422056589561415e-02 3.352788622149667930e-03 9.998844939757136618e-01 -7.296717632777882656e-01
9.994044569260331912e-01 3.091420033837813386e-02 -1.533113478576704145e-02 1.005282922382252764e+01 -3.097081984724898290e-02 9.995142675414847577e-01 -3.469481084891075460e-03 -8.754717262317053894e+01 1.521643172264718763e-02 3.942232672964592413e-03 9.998764518715210770e-01 -7.289234014332892642e-01
9.994348971681306093e-01 2.987010262697631022e-02 -1.541633197560563114e-02 1.028577115448545598e+01 -2.992706671532896837e-02 9.995460353666094644e-01 -3.477622853186635148e-03 -8.754782157932956466e+01 1.530545655458949612e-02 3.937023234203734963e-03 9.998751136255511485e-01 -7.232810634306038322e-01
9.995061205168939145e-01 2.783695694560774439e-02 -1.458145662396942259e-02 1.052477375696390460e+01 -2.788259258722622716e-02 9.996068938608474452e-01 -2.935775278041753093e-03 -8.755566984525592034e+01 1.449400151383592635e-02 3.340894173239369099e-03 9.998893750541807401e-01 -7.157844973563652902e-01
9.995656387669289433e-01 2.584306637153792330e-02 -1.416579390565700716e-02 1.077596764014071162e+01 -2.587795030827502729e-02 9.996624987964145559e-01 -2.284773063348131787e-03 -8.755734623993130583e+01 1.410196739124409612e-02 2.650362357270905425e-03 9.998970497481585173e-01 -7.118675095114940232e-01
9.996020712224893412e-01 2.452059173732920594e-02 -1.394416682920408823e-02 1.101614607150214731e+01 -2.455484091035358557e-02 9.996958609988982891e-01 -2.290259709851124714e-03 -8.756116766263895101e+01 1.388376734091574527e-02 2.631745147723137546e-03 9.999001524761863546e-01 -7.054047714705634631e-01
9.996472355939515220e-01 2.309682977505803092e-02 -1.311262077971800562e-02 1.126726791532572669e+01 -2.312901726203316077e-02 9.997298235260346777e-01 -2.308357228893807150e-03 -8.756086873643835133e+01 1.305576232409551111e-02 2.610824954991600860e-03 9.999113614031951425e-01 -7.033731448243707440e-01
9.996911956791720844e-01 2.163635198971425311e-02 -1.222217468883525851e-02 1.155645593025909434e+01 -2.166895097831522676e-02 9.997619713946164222e-01 -2.541085722586666068e-03 -8.757632180802862365e+01 1.216428563650939765e-02 2.805142728516713153e-03 9.999220776286650292e-01 -6.949144245342979698e-01
9.997139458838310011e-01 2.058107647291035694e-02 -1.218382930760809717e-02 1.181243053727085801e+01 -2.061788920108405601e-02 9.997832124608992954e-01 -2.903571293429260680e-03 -8.758944145336253939e+01 1.212142938240106348e-02 3.153945557618369026e-03 9.999215587120556803e-01 -6.862528196636590305e-01
9.997294653106006956e-01 1.963654062758972418e-02 -1.246605238082585179e-02 1.209476438847469204e+01 -1.968386855834002719e-02 9.997994619838075359e-01 -3.685259212988538022e-03 -8.758421126638201315e+01 1.239118672115260139e-02 3.929642359037553712e-03 9.999155046315520989e-01 -6.808313882603974632e-01
9.997414128738838501e-01 1.876493900248289715e-02 -1.284462724891263265e-02 1.238485498328539336e+01 -1.882911606839888369e-02 9.998107394450768126e-01 -4.893840860861468044e-03 -8.757707944622232787e+01 1.275036364238980001e-02 5.134428353942683231e-03 9.999055284737978777e-01 -6.768016616388543572e-01
9.997757995361866712e-01 1.704358720458127099e-02 -1.256450544106120157e-02 1.268783703821813447e+01 -1.711148643801350608e-02 9.998394530706560257e-01 -5.316494639629524427e-03 -8.758635893273212503e+01 1.247187610828069670e-02 5.530300043520524136e-03 9.999069297128450051e-01 -6.767132142609204593e-01
9.998216461716252779e-01 1.542741093085363453e-02 -1.089361458065771227e-02 1.299193342317573396e+01 -1.548535303335171580e-02 9.998662868513229496e-01 -5.254736870715647455e-03 -8.760100048387639049e+01 1.081109097611361938e-02 5.422491135868405705e-03 9.999268557758550502e-01 -6.719099341820859994e-01
9.998466319719970796e-01 1.432810362556514137e-02 -1.007064947006626118e-02 1.329751887108543151e+01 -1.437289500472806701e-02 9.998870697138911856e-01 -4.389499760922392635e-03 -8.760178647385119177e+01 1.000661898130141697e-02 4.533570939462824162e-03 9.999396553348106620e-01 -6.606355506581703674e-01
9.998536675104290339e-01 1.316946611276540585e-02 -1.091827496673561902e-02 1.361449584745282415e+01 -1.321406504441827515e-02 9.999045983657116610e-01 -4.022766722879325511e-03 -8.760440875959925222e+01 1.086425565542366474e-02 4.166452856993091251e-03 9.999323020183136235e-01 -6.519553282925991677e-01
9.998576309902850179e-01 1.146556027859481353e-02 -1.237976889901402748e-02 1.394981302237347798e+01 -1.152781236793697095e-02 9.999212064969188463e-01 -4.968937487612633090e-03 -8.761207611785091842e+01 1.232182180137034698e-02 5.110941717929441512e-03 9.999110215325417439e-01 -6.473049775818952023e-01
9.998488706979135054e-01 1.089841837484468133e-02 -1.354474957442122068e-02 1.425090158900937531e+01 -1.098027423297892775e-02 9.999218110303876861e-01 -5.983761649524265737e-03 -8.760359580819266512e+01 1.347847698649647444e-02 6.131582392546490977e-03 9.998903611674071490e-01 -6.446796252136781646e-01
9.998659582278064395e-01 9.492186768421851870e-03 -1.334031362239232986e-02 1.458646098832149818e+01 -9.588223582593599983e-03 9.999284436688191668e-01 -7.153566284258470152e-03 -8.760518130220123112e+01 1.327145605126224363e-02 7.280517317229641232e-03 9.998854246971864423e-01 -6.421933061520268549e-01
9.998907044806496502e-01 8.459549950180056399e-03 -1.212497867340741817e-02 1.490228604932930523e+01 -8.549303842593974911e-03 9.999362958594623096e-01 -7.369777925073873505e-03 -8.761855692256563088e+01 1.206186125758309385e-02 7.472632568131988388e-03 9.998993305655847763e-01 -6.356224916392533286e-01
9.998986314680839982e-01 7.158976211729333773e-03 -1.230755247206200345e-02 1.523257484103349135e+01 -7.250346703568733182e-03 9.999463687035414772e-01 -7.395416775215180386e-03 -8.762050659684352638e+01 1.225394878929710746e-02 7.483901135168584060e-03 9.998969106677288998e-01 -6.278966637044762766e-01
9.998890063185694732e-01 6.916848633398201690e-03 -1.319591786297836210e-02 1.557268260796276138e+01 -7.013510847203471149e-03 9.999488100968495496e-01 -7.293000170775097192e-03 -8.761381951320242933e+01 1.314479778695637653e-02 7.384740406908274317e-03 9.998863334900935929e-01 -6.201882436609646998e-01
9.998897889554417828e-01 5.869746290604329134e-03 -1.363656925791687825e-02 1.589121730570045088e+01 -5.964308361129572189e-03 9.999583789406992773e-01 -6.904159040916922618e-03 -8.761512157791925404e+01 1.359547602753897154e-02 6.984730830379343169e-03 9.998831814601202295e-01 -6.220656363209089434e-01
9.999144996991697898e-01 4.331295616135457521e-03 -1.233828065998710324e-02 1.623150913294369957e+01 -4.415907493891528535e-03 9.999668654049073124e-01 -6.838702602787215430e-03 -8.761256089188353258e+01 1.230825139344978933e-02 6.892602597685562778e-03 9.999004945378645592e-01 -6.146262586540858219e-01
9.999362753198329790e-01 3.215966789343904699e-03 -1.082140735343738169e-02 1.656317349773738101e+01 -3.290742885162643416e-03 9.999707847723566800e-01 -6.899319750586608603e-03 -8.761865539868951203e+01 1.079890322037117822e-02 6.934490562897902520e-03 9.999176448737516765e-01 -5.996382719187476340e-01
9.999417611229307612e-01 1.699379093917565992e-03 -1.065769548574378896e-02 1.689896471762158825e+01 -1.771818662745249396e-03 9.999753700221434283e-01 -6.791171305716540985e-03 -8.762060920459025226e+01 1.064589221239982571e-02 6.809659299289207157e-03 9.999201435710901587e-01 -5.917243702124360683e-01
9.999261577712599269e-01 8.510206253243222105e-05 -1.215202709198877351e-02 1.725267565017359672e+01 -1.683067420245291262e-04 9.999765508756520704e-01 -6.846120921738750240e-03 -8.761794207663265865e+01 1.215115951858362561e-02 6.847660657000511492e-03 9.999027247016983866e-01 -5.814311458388162768e-01
9.999282238759594765e-01 -5.963623101539382515e-04 -1.196626291972514335e-02 1.759033074385023809e+01 5.355671225512208299e-04 9.999869374916487974e-01 -5.083110654957770369e-03 -8.761691477889168311e+01 1.196913798592877907e-02 5.076337071977280249e-03 9.999154816972309900e-01 -5.791993422020962345e-01
9.999398233532043045e-01 -1.630026745928229038e-03 -1.084862595769800486e-02 1.793469124348634125e+01 1.578511895572735652e-03 9.999874472344559839e-01 -4.755383655578699145e-03 -8.760527787004518530e+01 1.085624117998562621e-02 4.737972807411233375e-03 9.999298443596521535e-01 -5.696976020564018528e-01
9.999442576271923011e-01 -3.066428106692506341e-03 -1.010339829313260107e-02 1.826687915847381660e+01 3.002032695602184758e-03 9.999751244689649710e-01 -6.382651719502975898e-03 -8.760814070012307297e+01 1.012271890836271421e-02 6.351965203338650820e-03 9.999285890002135302e-01 -5.641638586970223468e-01
9.999211824699961726e-01 -5.042658711822706023e-03 -1.149784505551800298e-02 1.862172413903108392e+01 4.958881436234948391e-03 9.999610352583117034e-01 -7.303249963323922740e-03 -8.760496169252036225e+01 1.153422484200761558e-02 7.245657888798298814e-03 9.999072267460878960e-01 -5.560797845003467854e-01
9.998860551086303783e-01 -6.042548825990634413e-03 -1.383345231627108179e-02 1.895833078551013529e+01 5.948678554009669515e-03 9.999590709495272955e-01 -6.816865058029956785e-03 -8.760427446232631610e+01 1.387407736615635379e-02 6.733797549959720692e-03 9.998810759024265860e-01 -5.485702673918750882e-01
9.998698484551846732e-01 -6.322559911583471200e-03 -1.484289009494249578e-02 1.925915279463917429e+01 6.239126852106213934e-03 9.999645144149396092e-01 -5.660671958114518211e-03 -8.759453314550820835e+01 1.487815332389848949e-02 5.567328538760259356e-03 9.998738147419463651e-01 -5.423234534650618333e-01
9.998512030375192872e-01 -7.796226259909735945e-03 -1.538800313652660505e-02 1.959903104475628055e+01 7.722445903611119614e-03 9.999584281469131586e-01 -4.848278789480796845e-03 -8.758939161290369668e+01 1.542516170713482786e-02 4.728724358537237347e-03 9.998698433057423562e-01 -5.305085588975835265e-01
9.998442049158088318e-01 -9.116353848642245669e-03 -1.511482678631626692e-02 1.996713892989642858e+01 9.045877542722754669e-03 9.999479239728034097e-01 -4.724557329795938711e-03 -8.759205740818242703e+01 1.515711040258208714e-02 4.587094394800495141e-03 9.998746024223523765e-01 -5.186431426682939216e-01
9.998195294994606241e-01 -9.415481801052796862e-03 -1.650021617831674489e-02 2.030787733386770455e+01 9.342647050513956664e-03 9.999462952387861980e-01 -4.485708897792126809e-03 -8.759489439555089518e+01 1.654156514863889746e-02 4.330743663650875319e-03 9.998537999536497578e-01 -5.104007932529613933e-01
9.997823562138865583e-01 -9.506769335223076711e-03 -1.857044803487697959e-02 2.062715702676335638e+01 9.436201373612274762e-03 9.999479351559302787e-01 -3.883951728346962673e-03 -8.758707706112117819e+01 1.860640500058627356e-02 3.707871923132421803e-03 9.998200104912662312e-01 -5.093225806100595277e-01
9.997591363680990995e-01 -1.018545495250195408e-02 -1.944031264982919519e-02 2.095804698876651528e+01 1.008843753803800695e-02 9.999361958436504549e-01 -5.082093050090574250e-03 -8.757807359803905456e+01 1.949083570690752013e-02 4.884746578813139485e-03 9.997981029059352931e-01 -5.048016644560294752e-01
9.997890378066283112e-01 -1.033439962988064696e-02 -1.775049480962008139e-02 2.131625112962789004e+01 1.024944738908878557e-02 9.999356127462254440e-01 -4.870235112290126518e-03 -8.757310595849686763e+01 1.779968285994803015e-02 4.687274914127106430e-03 9.998305860214342644e-01 -4.971475411793611077e-01
9.998233449849672771e-01 -1.081518627903961353e-02 -1.537239632656158678e-02 2.168778705867675427e+01 1.076773884770681859e-02 9.999370142626109459e-01 -3.165960783481001645e-03 -8.756774565450675141e+01 1.540566854046900372e-02 2.999875551523339522e-03 9.998768254757666174e-01 -4.848498873492204098e-01
9.998446003657829317e-01 -1.073138189805305197e-02 -1.398615608185014084e-02 2.199698328247179901e+01 1.070874827941698491e-02 9.999412278969661561e-01 -1.692176762542691414e-03 -8.755651428853272478e+01 1.400349348112170725e-02 1.542139574015591666e-03 9.999007570633490216e-01 -4.715567129947534353e-01
9.998452295501223386e-01 -1.146271098565302196e-02 -1.334628048268751005e-02 2.233810148118192274e+01 1.144478531303510724e-02 9.999334998417053200e-01 -1.418725997786091184e-03 -8.754536601284496555e+01 1.336165539900321941e-02 1.265761106073251541e-03 9.999099279504232163e-01 -4.624334436194770803e-01
9.998349340045761258e-01 -1.251058070526355967e-02 -1.317536012722570274e-02 2.267640449276022707e+01 1.248443926525949141e-02 9.999199351016933024e-01 -2.064500534643157366e-03 -8.754147571739069633e+01 1.320013334391167623e-02 1.899672772501082669e-03 9.999110699072495390e-01 -4.537077638453226869e-01
9.998336524464168651e-01 -1.329145781452611107e-02 -1.249017953523027212e-02 2.301783371349129936e+01 1.324705037220265565e-02 9.999056597581391648e-01 -3.631423973708542991e-03 -8.754093463003374609e+01 1.253726812722523974e-02 3.465361857753443495e-03 9.999154005090135078e-01 -4.520046299824156399e-01
9.998447271728239105e-01 -1.310796776295609749e-02 -1.177721214152978139e-02 2.335873238338210101e+01 1.306424106825828345e-02 9.999075063148820108e-01 -3.782118515426580001e-03 -8.754674368195912848e+01 1.182569871135428531e-02 3.627670916663011495e-03 9.999234935002321301e-01 -4.402679143625205516e-01
9.998353042901660936e-01 -1.460653428188474212e-02 -1.077095405538150419e-02 2.370055969305941801e+01 1.457053852852166834e-02 9.998880196096114892e-01 -3.412865095197154582e-03 -8.752650973750340313e+01 1.081959805075397019e-02 3.255364409904860663e-03 9.999361674129898514e-01 -4.337415937323599868e-01
9.998236307392888156e-01 -1.579281177809177192e-02 -1.016339074561499467e-02 2.401828310069500461e+01 1.577532640595126143e-02 9.998739446412373555e-01 -1.798305968854841883e-03 -8.751119882706105102e+01 1.019050990343385588e-02 1.637657996557281403e-03 9.999467343734836922e-01 -4.248559187949084159e-01
9.998216729517390711e-01 -1.604130908278615653e-02 -9.964873250387444245e-03 2.435203911838544499e+01 1.603180901520176449e-02 9.998709491846059505e-01 -1.032509745854935136e-03 -8.750464695973786888e+01 9.980150083333432301e-03 8.725706766287517555e-04 9.999498163531650441e-01 -4.214170059139515923e-01
9.998120126194293134e-01 -1.693504646966401128e-02 -9.441590065044219715e-03 2.468692784107001970e+01 1.692257648634410555e-02 9.998558240895641935e-01 -1.399085144773588732e-03 -8.749950136099155884e+01 9.463922387142387205e-03 1.239046104393610017e-03 9.999544484314280002e-01 -4.214226089329899949e-01
9.998015039432941453e-01 -1.874146143310504928e-02 -6.760941952025110134e-03 2.504009646027667557e+01 1.873250105308022287e-02 9.998235703344876546e-01 -1.386220723495438113e-03 -8.748599956228497376e+01 6.785728923525126584e-03 1.259296211911975841e-03 9.999761837444065549e-01 -4.082905922026165424e-01
9.997972806278296876e-01 -1.959767079984725199e-02 -4.618327448072723218e-03 2.536193696998433822e+01 1.958774548964542159e-02 9.998057549256691434e-01 -2.184638218476220653e-03 -8.748551729686950296e+01 4.660244181336750321e-03 2.093732727347460097e-03 9.999869491185555681e-01 -3.986969633767087906e-01
9.997760491491023416e-01 -2.079135365184903855e-02 -3.946031061127317635e-03 2.569339786510217394e+01 2.077672374261053945e-02 9.997772459722591432e-01 -3.712975444041327882e-03 -8.747717986101382337e+01 4.022349852372555934e-03 3.630158322794470056e-03 9.999853212183749118e-01 -3.969395497211932744e-01
9.997652056240735607e-01 -2.120126211833633922e-02 -4.476617924665443615e-03 2.601030302318452669e+01 2.117973869059340541e-02 9.997641526389036137e-01 -4.801850394716542306e-03 -8.747403304999218676e+01 4.577367415012696672e-03 4.705909349387782034e-03 9.999784508301883257e-01 -3.900850332711795487e-01
9.997418475972349450e-01 -2.196123407687715010e-02 -5.826007268082755014e-03 2.634107271745088497e+01 2.192667812669467017e-02 9.997419926321301498e-01 -5.930341833844234543e-03 -8.746981668366147744e+01 5.954741740451276188e-03 5.801065915719575035e-03 9.999654437454555955e-01 -3.815907371248703495e-01
9.996874697289518386e-01 -2.393922626597594361e-02 -7.202521274696715818e-03 2.668350204737130582e+01 2.389568880823734337e-02 9.996960215625930735e-01 -6.071287203174415524e-03 -8.745727944919043750e+01 7.345673781616758775e-03 5.897280535124334137e-03 9.999556305951700086e-01 -3.746372588446763574e-01
9.996331154825653931e-01 -2.559594846968059681e-02 -8.858998394707631036e-03 2.701135041108133450e+01 2.553864795688496822e-02 9.996525609934985290e-01 -6.521867805616486484e-03 -8.743915339631355721e+01 9.022853825385403204e-03 6.293228192040803935e-03 9.999394898631459583e-01 -3.751409518935475140e-01
9.996055206376458502e-01 -2.622807070005061733e-02 -1.004447201668987912e-02 2.731528416707485718e+01 2.615833768310544746e-02 9.996332192427253016e-01 -7.012015122785387675e-03 -8.743724584693045188e+01 1.022469952602741115e-02 6.746502336669856631e-03 9.999249672979586556e-01 -3.736772200015722190e-01
9.995931715326928924e-01 -2.647683509651154246e-02 -1.060512274726834771e-02 2.762737560792916369e+01 2.641255188811539659e-02 9.996321701333348297e-01 -6.156422441410498367e-03 -8.743143369754936600e+01 1.076422444814793995e-02 5.873809478662506134e-03 9.999248120905083193e-01 -3.680123852025244391e-01
9.995394714074825604e-01 -2.833378476825804126e-02 -1.086470152173325127e-02 2.797617804270527486e+01 2.828757890294304050e-02 9.995902161695831012e-01 -4.383220032790824915e-03 -8.742677118655008428e+01 1.098444255572835274e-02 4.073865333085474431e-03 9.999313704664875013e-01 -3.696047387778337301e-01
9.995037317029811241e-01 -2.949160937430328477e-02 -1.106956585998972523e-02 2.829669343580866681e+01 2.947054173315320769e-02 9.995635233211428439e-01 -2.061556639438506464e-03 -8.740118699780600764e+01 1.112553287576008645e-02 1.734307451591129328e-03 9.999366053385053688e-01 -3.624145313660424583e-01
9.994736424311670975e-01 -3.105238729061028657e-02 -9.390810877102050147e-03 2.863333536414824465e+01 3.104862781914832087e-02 9.995177260606461500e-01 -5.458947729388556082e-04 -8.738639586575810370e+01 9.403233269655839749e-03 2.540356452501816849e-04 9.999557563562336826e-01 -3.593091726934857788e-01
9.994246862560085543e-01 -3.302236481965346859e-02 -7.734334088759681723e-03 2.898384639813428976e+01 3.301165440263333084e-02 9.994538285240898157e-01 -1.508417097631255255e-03 -8.736837583009031505e+01 7.779921315793423935e-03 1.252226120570675786e-03 9.999689518950390932e-01 -3.488326704423999614e-01
9.993810458592689017e-01 -3.420843498168453511e-02 -8.204154638823740395e-03 2.929737325957945870e+01 3.416753454373888665e-02 9.994032350923225394e-01 -5.074767994915256944e-03 -8.736342886415968678e+01 8.372858558239324941e-03 4.791311209227369292e-03 9.999534682056260282e-01 -3.379613864229590869e-01
9.993332772610007408e-01 -3.521145390770376998e-02 -9.651656463709646847e-03 2.962658554827230262e+01 3.513571875828135765e-02 9.993512678489427925e-01 -7.907257176134281640e-03 -8.734729060885287311e+01 9.923821145444490857e-03 7.562867340911386821e-03 9.999221573759914383e-01 -3.296025286244079200e-01
9.992813440818113513e-01 -3.648052279292492150e-02 -1.029401898207682638e-02 2.994877301054286534e+01 3.639864506537075772e-02 9.993050691359860460e-01 -8.032274679523105157e-03 -8.734832039909699120e+01 1.057988693009681049e-02 7.651813894563345639e-03 9.999147542349143825e-01 -3.184225962827187395e-01
9.992221327218092641e-01 -3.783318203121469742e-02 -1.112563779169827190e-02 3.024148466669376489e+01 3.776382869469981779e-02 9.992663310302913882e-01 -6.379099589868217693e-03 -8.733401139323359530e+01 1.135881689246101729e-02 5.953990817347966369e-03 9.999177602543873888e-01 -3.175418183221889734e-01
9.991534127582967217e-01 -3.978174055075463927e-02 -1.048193170179544803e-02 3.060403711942186789e+01 3.974862721739757382e-02 9.992040994180571012e-01 -3.348781940018567219e-03 -8.730368147041477300e+01 1.060680950055297583e-02 2.929304508220012277e-03 9.999394555508434035e-01 -3.143557400874610885e-01
9.991146938957095047e-01 -4.107009256590179319e-02 -9.114600282569019010e-03 3.092887097066405033e+01 4.107343004032432826e-02 9.991561145440511771e-01 1.792036758479728675e-04 -8.728572626806142409e+01 9.099548692398545455e-03 -5.534129227914522803e-04 9.999584451104613914e-01 -3.131499122018446268e-01
9.990565454775720555e-01 -4.256129546508746059e-02 -8.634527592953097561e-03 3.123966406790351513e+01 4.257593544882606190e-02 9.990920793795875499e-01 1.518763190673592164e-03 -8.727229781510351359e+01 8.562047598404178353e-03 -1.884953396101532626e-03 9.999615684073149824e-01 -3.049559336038328294e-01
9.989546261735997579e-01 -4.408558370882200567e-02 -1.208785156328897291e-02 3.157142022388686087e+01 4.412848985193493917e-02 9.990203937091376440e-01 3.305954722509421920e-03 -8.724650884027171571e+01 1.193026528419780137e-02 -3.835917399013539543e-03 9.999214741708253307e-01 -2.977674888285301025e-01
9.988347941349136061e-01 -4.631848820580577314e-02 -1.355181448343580411e-02 3.189919436011895115e+01 4.633095565074118322e-02 9.989259600763114033e-01 6.073171400106192139e-04 -8.723729592348847461e+01 1.350912928185540873e-02 -1.234478006336247507e-03 9.999079855117160021e-01 -2.953014261565909404e-01
9.987461361813442240e-01 -4.863217293042805534e-02 -1.187717217609967485e-02 3.220898144886105996e+01 4.859511880369446479e-02 9.988128102902276151e-01 -3.388868335086117449e-03 -8.722472576196345528e+01 1.202787975042137608e-02 2.807446562745066591e-03 9.999237212670307740e-01 -2.784215394912567532e-01
9.986614502591859566e-01 -5.086716892572492460e-02 -9.372240484606790892e-03 3.249556871424525184e+01 5.080584528487325918e-02 9.986862814948582745e-01 -6.669125794450466056e-03 -8.722702291380502970e+01 9.699167547220744270e-03 6.184034237813290473e-03 9.999338397461287054e-01 -2.649256823972048203e-01
9.984642370880356665e-01 -5.479266677433838884e-02 -8.181132193241182418e-03 3.282851585329110833e+01 5.474304019269854438e-02 9.984814022202268546e-01 -6.171626267855993830e-03 -8.719717300319011599e+01 8.506868205606884711e-03 5.714288064650933571e-03 9.999474886739035950e-01 -2.595284253203674063e-01
9.981763282460448528e-01 -5.931515495230207935e-02 -1.121294440495004471e-02 3.315692053328389477e+01 5.927385732050430289e-02 9.982338232106374720e-01 -3.980456835873840034e-03 -8.715312938396645848e+01 1.142924177680241724e-02 3.308563322372663762e-03 9.999292104149919425e-01 -2.530876144379934356e-01
9.978557458031018790e-01 -6.344338627838763678e-02 -1.608873224547362202e-02 3.345454776889342696e+01 6.343142387249800507e-02 9.979854126296042738e-01 -1.253253376601024417e-03 -8.713159356001430922e+01 1.613583072676260527e-02 2.300348881547071688e-04 9.998697825470612699e-01 -2.594745967051543256e-01
9.974361527158095431e-01 -6.910175279736205378e-02 -1.860293030187512228e-02 3.375933228138183040e+01 6.910694837163169901e-02 9.976091905420082506e-01 -3.641879730759523632e-04 -8.711351795318981317e+01 1.858362026745030357e-02 -9.223374932025000692e-04 9.998268841911103211e-01 -2.676574446847950206e-01
9.968752281111729063e-01 -7.708922776774564112e-02 -1.723457398572745061e-02 3.407243523354436832e+01 7.710672960073454429e-02 9.970227821426141945e-01 3.523334792257558964e-04 -8.707477394137808346e+01 1.715610178846246545e-02 -1.680134153575718560e-03 9.998514116210718283e-01 -2.562552176944231652e-01
9.961717762227966233e-01 -8.625322478135705184e-02 -1.421877181528180545e-02 3.437464926955082234e+01 8.626113646833152848e-02 9.962725596331405420e-01 -5.707207984455677299e-05 -8.704433119817494457e+01 1.417069484218193287e-02 -1.169673820818608592e-03 9.998989065254760833e-01 -2.346118293890440409e-01
9.952753671602035945e-01 -9.629334858558444288e-02 -1.243119231196482787e-02 3.469738796099574785e+01 9.629182388011234273e-02 9.953528834620660737e-01 -7.225216897507703373e-04 -8.701038647211950661e+01 1.244299714551747559e-02 -4.779141406756150018e-04 9.999224687045045190e-01 -2.175682418662679141e-01
9.939831953955293731e-01 -1.087474665849521294e-01 -1.309182121202292180e-02 3.503821015627586632e+01 1.087298754691152503e-01 9.940692184686800159e-01 -2.050139882635024398e-03 -8.696127594835250818e+01 1.323712399894864424e-02 6.143325015022036827e-04 9.999121967171987757e-01 -2.114356873527695468e-01
9.925662011552974784e-01 -1.209308173116277613e-01 -1.371399826758470421e-02 3.532823573231802072e+01 1.209126906134627838e-01 9.926608254886459815e-01 -2.146343125629013478e-03 -8.691940867052781527e+01 1.387290786946400283e-02 4.721912129793433147e-04 9.999036550901810871e-01 -2.160612473170897552e-01
9.909287946141118741e-01 -1.337180560686350439e-01 -1.340169712568816014e-02 3.560938488278191727e+01 1.337205713860796508e-01 9.910188199383257457e-01 -7.122613485317161319e-04 -8.685762471357105596e+01 1.337657627360881903e-02 -1.086282317639446909e-03 9.999099395435184778e-01 -2.119220813348074994e-01
9.885982152549935842e-01 -1.499889679825542055e-01 -1.329955932238604220e-02 3.592671776674107775e+01 1.500134300329231396e-01 9.886835888671562378e-01 8.555200273311332551e-04 -8.679355115979657853e+01 1.302073747522047333e-02 -2.840878084011930465e-03 9.999111909601338111e-01 -1.963402002894566456e-01
9.857395060061791003e-01 -1.677676589789698358e-01 -1.310110298448316155e-02 3.625067194962366557e+01 1.677942633184262289e-01 9.858215767749223257e-01 9.507693898340263509e-04 -8.672336835900108554e+01 1.275584164689251218e-02 -3.135500872600976551e-03 9.999137248473777273e-01 -1.864704583488995537e-01
9.826728698019765451e-01 -1.850044700046819812e-01 -1.128614342609781176e-02 3.654885253365042530e+01 1.850271780522873277e-01 9.827329022304907014e-01 9.931040448819309328e-04 -8.665887816474297267e+01 1.090753579663578804e-02 -3.064139671020329591e-03 9.999358162956868412e-01 -1.845314791925534714e-01
9.792361169160792578e-01 -2.024628095730973132e-01 -1.026830399270366699e-02 3.682726980047549148e+01 2.024785445468552103e-01 9.792865684599233456e-01 5.057985517533539546e-04 -8.659002774804636715e+01 9.953206785052117964e-03 -2.574407457168031207e-03 9.999471516539953919e-01 -1.763564214203980074e-01
9.748811523581588645e-01 -2.224958770888598170e-01 -1.011550568618249310e-02 3.712170124313253439e+01 2.225094370731756643e-01 9.749305111118842238e-01 2.211707454917741320e-04 -8.651200168501765120e+01 9.812705549780479514e-03 -2.466410667175907880e-03 9.999488125040272291e-01 -1.691090398712074283e-01
9.701064472001731387e-01 -2.424920579577365676e-01 -9.543737636763671359e-03 3.741867817371586113e+01 2.425112850460690861e-01 9.701481726995745403e-01 8.942219974936637880e-04 -8.642362949229638502e+01 9.041997896587114850e-03 -3.181954603430911868e-03 9.999540576641208212e-01 -1.676295343478562683e-01
9.652158962442634049e-01 -2.613003182280548287e-01 -8.967571092590704770e-03 3.771303685512069137e+01 2.613221586642344163e-01 9.652507156035328162e-01 1.336195319794223312e-03 -8.631766070356815135e+01 8.306806152071662466e-03 -3.633141999043360514e-03 9.999588977806871393e-01 -1.617561635876833825e-01
9.600093166105170273e-01 -2.798426782314104022e-01 -8.377795729157908045e-03 3.799074194034539431e+01 2.798617794509810075e-01 9.600395809470595454e-01 1.177886889643506817e-03 -8.621903025283336319e+01 7.713392479229318893e-03 -3.475407208610111626e-03 9.999642119202045709e-01 -1.549679273891816367e-01
9.544866999268004637e-01 -2.981270279188039107e-01 -8.684174523039409760e-03 3.827074260781564163e+01 2.981515956909255860e-01 9.545170929521267222e-01 1.656879348616995722e-03 -8.612375510749666319e+01 7.795232504597270247e-03 -4.170669792940985554e-03 9.999609191681830822e-01 -1.508679424744040487e-01
9.484600090546619899e-01 -3.167341693993631080e-01 -1.015269220089071167e-02 3.855222982226587192e+01 3.167883783239275330e-01 9.484868210817407608e-01 4.227717250480446040e-03 -8.599482000839071816e+01 8.290632239257928610e-03 -7.226075639613390236e-03 9.999395227952158072e-01 -1.366817425034692057e-01
9.418877412738354549e-01 -3.357184114358165439e-01 -1.185879678063146182e-02 3.884287626475492061e+01 3.357793515895221570e-01 9.419340602303740706e-01 3.528912586351997706e-03 -8.588524858893755720e+01 9.985483673441130845e-03 -7.305778598744236234e-03 9.999234549278627204e-01 -1.342387669283152674e-01
9.353464581628332386e-01 -3.535457460178095257e-01 -1.150689684292553923e-02 3.913485174649838427e+01 3.535811496790549624e-01 9.354031650613040538e-01 1.135510868488237221e-03 -8.576134814984091292e+01 1.036213268979547207e-02 -5.130717884005774748e-03 9.999331487355110903e-01 -1.353739597935491590e-01
9.295317525782875734e-01 -3.685941393917174236e-01 -1.044420197125297579e-02 3.938729075538765301e+01 3.686239120510046985e-01 9.295780659356460696e-01 1.015281023629246819e-03 -8.565825474132327599e+01 9.334474433533237678e-03 -4.793718538147657277e-03 9.999449424091442218e-01 -1.295216573761528434e-01
9.233893487705623349e-01 -3.837261159511560216e-01 -1.031399603048529720e-02 3.964924656729752428e+01 3.837639787932471958e-01 9.234292492677544928e-01 1.905302487130871658e-03 -8.552384775766364555e+01 8.793131288282830804e-03 -5.717476176719503596e-03 9.999449941413356413e-01 -1.203761442599893122e-01
9.174666810212974699e-01 -3.976466590372914611e-01 -1.149015980067042038e-02 3.990529363375262051e+01 3.976927168558800352e-01 9.175165935207314494e-01 1.950275339960554945e-03 -8.540741292208122104e+01 9.766891806181838068e-03 -6.358865511468127403e-03 9.999320840206366023e-01 -1.177520636642436780e-01
9.115715625329696703e-01 -4.109119644989824849e-01 -1.373476657199467280e-02 4.017607204726706271e+01 4.109532471083017224e-01 9.116563979667654527e-01 2.018350954810692668e-04 -8.528341006925094803e+01 1.243845136435003593e-02 -5.828334054397437194e-03 9.999056532742511827e-01 -1.103294855836456229e-01
9.056507882262448961e-01 -4.237723471053191915e-01 -1.461668957152299254e-02 4.043738313197082590e+01 4.238054615030681926e-01 9.057527869272663512e-01 -9.054135305945516798e-04 -8.514408278918509154e+01 1.362279653201862832e-02 -5.374644391852722615e-03 9.998927605560049559e-01 -1.070092187609169160e-01
8.995624048547598006e-01 -4.365205370740446456e-01 -1.540456051008522349e-02 4.068687379785446012e+01 4.365608021051419763e-01 8.996743804227881336e-01 -8.217519014015232069e-04 -8.500202045025072550e+01 1.421780001393768179e-02 -5.985810175741271624e-03 9.998810050397515248e-01 -9.683870958017308517e-02
8.936227912079132141e-01 -4.485181544021728528e-01 -1.642474369501554371e-02 4.096441440540144185e+01 4.485924582082603806e-01 8.937359216017427554e-01 9.533505932824678022e-04 -8.485530120305828916e+01 1.425178839473986020e-02 -8.219951967756447542e-03 9.998646502988288720e-01 -9.250866322931547425e-02
8.881595539565095843e-01 -4.591467068763434578e-01 -1.889201631332913106e-02 4.121362058266912953e+01 4.592823854804332639e-01 8.882839850674663085e-01 3.354438859780524071e-03 -8.471138598045058643e+01 1.524129598087731879e-02 -1.165604724039811732e-02 9.998159027838839918e-01 -8.420367261888091204e-02
8.827732236727336979e-01 -4.693943801071179811e-01 -1.950260214187389193e-02 4.146070009063143402e+01 4.695088516405958590e-01 8.829265039084168709e-01 1.492289244488639345e-03 -8.455622931986711421e+01 1.651889214138425530e-02 -1.047399732264402139e-02 9.998086924919720175e-01 -8.266738388789302006e-02
8.781025912688856794e-01 -4.781306183090065498e-01 -1.808178758628273264e-02 4.172667953211384173e+01 4.781695328708029380e-01 8.782643123160776000e-01 -2.386534325214654303e-03 -8.443297070041771235e+01 1.702166387244254120e-02 -6.550537948478769856e-03 9.998336628717794383e-01 -7.674575499094876685e-02
8.739972750017257486e-01 -4.856281915506009961e-01 -1.714709482246357108e-02 4.198018895448777243e+01 4.856387335199103816e-01 8.741512468999197427e-01 -3.823355658717820377e-03 -8.428118657596766639e+01 1.684588361396557876e-02 -4.985690986045218653e-03 9.998456676360889528e-01 -7.301051390437326982e-02
8.701227429444700068e-01 -4.924794939042200226e-01 -1.871791373617964077e-02 4.222472560864803626e+01 4.925435991669964708e-01 8.702867462161620882e-01 -1.335020639024412942e-03 -8.412683095489130380e+01 1.694742253007301691e-02 -8.057756780199881383e-03 9.998239132093502679e-01 -6.226585150283309167e-02
8.661692248844574671e-01 -4.993612035869956500e-01 -1.972972922280579258e-02 4.247718333794524881e+01 4.994859105959797985e-01 8.663204435271325554e-01 1.647495996086404887e-03 -8.396642840636667415e+01 1.626957218746087966e-02 -1.128173209659567508e-02 9.998039925614108370e-01 -5.969583669723407121e-02
8.626662695694146121e-01 -5.053850622737025011e-01 -1.982034757001019734e-02 4.274569456372429244e+01 5.055188458066767199e-01 8.628130562562411621e-01 2.080021165740963095e-03 -8.381306398139223290e+01 1.605004303656284645e-02 -1.181392332675390219e-02 9.998013939448944232e-01 -5.215109437892700983e-02
8.594563540827311332e-01 -5.108423256549093905e-01 -1.936217307800663923e-02 4.297301770810120303e+01 5.109597792506278546e-01 8.596035935564699804e-01 1.328884100640408128e-03 -8.365948403369509379e+01 1.596494331241986309e-02 -1.103540956588563472e-02 9.998116524229673230e-01 -4.429342494674935737e-02
8.560858406345825955e-01 -5.165001097097972060e-01 -1.856529382335507170e-02 4.319071546694609509e+01 5.165935883113015326e-01 8.562306848338512300e-01 2.808284310826586125e-04 -8.351873864167404804e+01 1.575112632904915669e-02 -9.831124997758126233e-03 9.998276106412768982e-01 -3.467180746444706307e-02
8.523345938807677102e-01 -5.226961552217979090e-01 -1.773328481858467073e-02 4.343870839565457231e+01 5.227727763384604209e-01 8.524719875874746666e-01 -3.670123138861582784e-04 -8.336234433219208029e+01 1.530896448114101374e-02 -8.957661246706778713e-03 9.998426855818390857e-01 -2.592443127155986266e-02
8.486916364694967463e-01 -5.285994971273215715e-01 -1.746647713393560328e-02 4.367116462158603696e+01 5.286631245273671897e-01 8.488309809166330044e-01 -1.125433724494688537e-03 -8.322001575590235234e+01 1.542099061957451743e-02 -8.278736186732849750e-03 9.998468160550701977e-01 -1.604903356091216815e-02
8.452547905596357047e-01 -5.341166898630104187e-01 -1.623886220667186339e-02 4.389822889661232352e+01 5.341255056476666985e-01 8.453949961861724205e-01 -4.152666613859927469e-03 -8.307623351197923967e+01 1.594626139917664290e-02 -5.163529138319227635e-03 9.998595174894455706e-01 -1.387250816297599942e-02
8.411136091493792710e-01 -5.406227634940823368e-01 -1.596634259080086105e-02 4.415038335170650186e+01 5.406149992730100440e-01 8.412542346017503059e-01 -5.170621400442161446e-03 -8.289360987772086276e+01 1.622710894610218668e-02 -4.282564260447510769e-03 9.998591603714027665e-01 -7.066099001775211219e-03
8.371297887855377873e-01 -5.467618789902662924e-01 -1.628386965417661508e-02 4.439186483051981469e+01 5.467627517667822401e-01 8.372738638356935770e-01 -4.792725536116608856e-03 -8.274146027307020290e+01 1.625453808316100479e-02 -4.891280065772857233e-03 9.998559223063196999e-01 1.144501317554003084e-03
8.332373435670645812e-01 -5.526398830009047192e-01 -1.745534308021264719e-02 4.462506297290699564e+01 5.526567068157999252e-01 8.333979954218863062e-01 -4.283180861986412950e-03 -8.258299915661248747e+01 1.691430450289040099e-02 -6.077906179591435580e-03 9.998384696337981881e-01 9.154926531670451451e-03
8.299555907361675366e-01 -5.575056520605762289e-01 -1.900435019386338339e-02 4.484304092389962904e+01 5.575431406428831282e-01 8.301394654341207602e-01 -3.756893773120037472e-03 -8.242536619121808883e+01 1.787075062356218227e-02 -7.477690102160906849e-03 9.998123426037940353e-01 1.538599038082780548e-02
8.269471308552935884e-01 -5.619964681732395606e-01 -1.784411754620640611e-02 4.504720507020521580e+01 5.620234417379078584e-01 8.271119196865946988e-01 -3.939955511507390457e-03 -8.227509259178805223e+01 1.697332340098287040e-02 -6.770677452156178069e-03 9.998330181683161566e-01 1.911558578178687573e-02
8.244223656418472324e-01 -5.657279477263591483e-01 -1.672280451426193942e-02 4.526629772037914989e+01 5.657565723303982219e-01 8.245652156481173556e-01 -3.421404409395584559e-03 -8.213340929053015316e+01 1.572462700541298747e-02 -6.640354244728785202e-03 9.998543102877764932e-01 2.972129716961732088e-02
8.216025934442048317e-01 -5.698234474300173380e-01 -1.644436696035666071e-02 4.548779855040265119e+01 5.698645236949609894e-01 8.217347713023157585e-01 -2.527897673181038994e-03 -8.196082316813279078e+01 1.495336349026237834e-02 -7.294134061081688179e-03 9.998615866851906508e-01 4.141975719512906717e-02
8.189219430957771495e-01 -5.736491132392773640e-01 -1.713318405981308773e-02 4.566523572935356157e+01 5.737102266710076837e-01 8.190567958567935847e-01 -1.594043256506700278e-03 -8.181887883341750012e+01 1.494747233941531687e-02 -8.524085909554276336e-03 9.998519455549751411e-01 4.581797029248763087e-02
8.163852923840757558e-01 -5.772297160999013688e-01 -1.791393954981642181e-02 4.585970675971234556e+01 5.772977703975725738e-01 8.165320770262374239e-01 -1.628336946181809311e-03 -8.168284298823795098e+01 1.556723074149357101e-02 -9.012327027237485369e-03 9.998382065557382958e-01 5.341564497554014690e-02
8.139711310300643543e-01 -5.806321612915970043e-01 -1.781266750059891033e-02 4.605914518684087966e+01 5.806832426618298015e-01 8.141251476660653630e-01 -2.686192370208373946e-03 -8.153916187883669409e+01 1.606143024081069584e-02 -8.157034482961924432e-03 9.998377334583163911e-01 5.534090772352956433e-02
8.116988130038758076e-01 -5.838635476118041456e-01 -1.576054371706583218e-02 4.625792555659464966e+01 5.838766380835456182e-01 8.118313442865816576e-01 -4.235555937301705223e-03 -8.140103006921746953e+01 1.526789010817420668e-02 -5.764217553169831421e-03 9.998668237958715510e-01 5.788300222639913839e-02
8.093612859027009554e-01 -5.870963969292568585e-01 -1.587858918830470367e-02 4.643752294070706910e+01 5.871157562275433062e-01 8.094935727901833022e-01 -3.904407860883825094e-03 -8.128142905665774265e+01 1.514587968017551238e-02 -6.162493332144464500e-03 9.998663040650209721e-01 7.446763731735314695e-02
8.071958032780339742e-01 -5.900628182698669510e-01 -1.614947880742470185e-02 4.659760228860434950e+01 5.900942060850996596e-01 8.073278339219872590e-01 -3.255229581458351194e-03 -8.114358050638151099e+01 1.495871368551797594e-02 -6.902106218695728927e-03 9.998642896986673634e-01 7.941892665072167179e-02
8.049200241783196486e-01 -5.931401581192655703e-01 -1.698550861840606233e-02 4.676153274983367680e+01 5.931840013713564064e-01 8.050617908699443381e-01 -2.872872838234727562e-03 -8.102085151043398525e+01 1.537840023669794984e-02 -7.763099093180631481e-03 9.998516085393018837e-01 7.882635670166217301e-02
8.028357027989356798e-01 -5.959235098024797672e-01 -1.816603358008026317e-02 4.689571274820595903e+01 5.959903735592286811e-01 8.029889080566001702e-01 -2.070787965935151024e-03 -8.090759392631656510e+01 1.582115470090499423e-02 -9.164278627502403865e-03 9.998328395592772644e-01 8.452600225044437643e-02
8.007903729253846858e-01 -5.986605719343129905e-01 -1.844717434472594939e-02 4.704168699442033841e+01 5.987328866646548509e-01 8.009464531228551731e-01 -1.926046761566455132e-03 -8.080667255717185071e+01 1.592824711739878121e-02 -9.502570241757395467e-03 9.998279812560596502e-01 8.825020283981357960e-02
7.990395478714709121e-01 -6.010223200481916717e-01 -1.754912366030324938e-02 4.717321621276074239e+01 6.010800818502930465e-01 7.991853077783540593e-01 -2.361997896412570269e-03 -8.070493391596006916e+01 1.544461524935067907e-02 -8.661098954913125023e-03 9.998432123211582478e-01 9.884370971105232995e-02
7.968743904184287796e-01 -6.039200473525341284e-01 -1.648582121007469842e-02 4.730897175674301280e+01 6.039585058259480110e-01 7.970097357212654332e-01 -3.099097611750969636e-03 -8.060138024005934199e+01 1.501096718222843900e-02 -7.487160425139173514e-03 9.998592967478086013e-01 1.017918149976666242e-01
7.951087920548055576e-01 -6.062522739687299378e-01 -1.613037832451545348e-02 4.740608362064204329e+01 6.062803731444150745e-01 7.952426200498555753e-01 -3.644776551442935331e-03 -8.051810680704758738e+01 1.503721839360325219e-02 -6.881537908420340757e-03 9.998632538997510588e-01 1.026779078473004370e-01
7.927374016174577598e-01 -6.093237580405961307e-01 -1.708712860859013666e-02 4.751748397200515939e+01 6.093694367822575231e-01 7.928807779870565842e-01 -2.993562144707784776e-03 -8.043758909827978698e+01 1.537210436068525525e-02 -8.039265260266537788e-03 9.998495229891342095e-01 1.011077732786769545e-01
7.900472780419396379e-01 -6.127815034581692855e-01 -1.800354070920531444e-02 4.760699700445636751e+01 6.128546828007385150e-01 7.901936487575796919e-01 -1.770658744372557124e-03 -8.035370726874832314e+01 1.531131045105054225e-02 -9.634650109297506620e-03 9.998363552549701661e-01 1.062381081172051600e-01
7.874794057291576443e-01 -6.160381124523507390e-01 -1.931915004853186277e-02 4.767449552854800743e+01 6.161325306914907651e-01 7.876413971613857035e-01 -1.316852823821479217e-03 -8.027758903932679857e+01 1.602779386416062005e-02 -1.086616233107486756e-02 9.998125005920073249e-01 1.107044094777437093e-01
7.843109227438024300e-01 -6.200528227327589681e-01 -1.977052062801827256e-02 4.775431023580543410e+01 6.201546713297682034e-01 7.844786154047871385e-01 -1.218852105516249687e-03 -8.022377850647004038e+01 1.626530333661867569e-02 -1.130482170252140178e-02 9.998038012098383609e-01 1.162303559066101832e-01
7.795324505612352128e-01 -6.260475707840126303e-01 -1.983929528567369288e-02 4.785506685300872931e+01 6.261477423933962116e-01 7.797030884125413230e-01 -1.448659931753121417e-03 -8.014430255023653160e+01 1.637568983733432570e-02 -1.129305252717114488e-02 9.998021322976712311e-01 1.215570578992835604e-01
7.749371852119301129e-01 -6.317083108418188875e-01 -2.041981853951639961e-02 4.791702385670296849e+01 6.318137020665761661e-01 7.751186007475090456e-01 -1.612655000723401538e-03 -8.008638082252114998e+01 1.684650874034559001e-02 -1.165181482000102534e-02 9.997901931678775389e-01 1.225712155074996090e-01
7.695500432764371679e-01 -6.382384187384334551e-01 -2.108202408446345141e-02 4.798315915573549972e+01 6.383577550569109471e-01 7.697386219305929478e-01 -1.352947557271375056e-03 -8.001139472915397732e+01 1.709115127587137670e-02 -1.241671271536487660e-02 9.997768339951718097e-01 1.237027451800309930e-01
7.632237518083800909e-01 -6.457919546673470679e-01 -2.102988260707802648e-02 4.805040948110305976e+01 6.459186319318487302e-01 7.634056232894879113e-01 -9.875491266040543892e-04 -7.992776516563421296e+01 1.669208192016082698e-02 -1.282987205374937906e-02 9.997783598299450070e-01 1.221553656521117970e-01
7.557918181960461279e-01 -6.544583749560174413e-01 -2.151657495615139776e-02 4.810807461627025106e+01 6.545972972045269733e-01 7.559773769142994482e-01 -7.642553915608186338e-04 -7.985098446571494435e+01 1.676621723714350615e-02 -1.350707383944143268e-02 9.997681995922118592e-01 1.288445916120740387e-01
7.469000111151464782e-01 -6.646097685721895632e-01 -2.083816005828562773e-02 4.816421763781909959e+01 6.647268314179975990e-01 7.470845870510749442e-01 -1.690971233914552105e-03 -7.978706669405472951e+01 1.669170420248270587e-02 -1.258869767471910463e-02 9.997814319648427039e-01 1.268197508012644248e-01
7.355909968161364887e-01 -6.771571739708809323e-01 -1.908001946572991311e-02 4.823811631221902019e+01 6.772531847608641575e-01 7.357476914166727333e-01 -1.859652199536775824e-03 -7.969629479826348017e+01 1.529735710210301455e-02 -1.155406053327628912e-02 9.998162303898072700e-01 1.257406915712436513e-01
7.224177519121517399e-01 -6.911900699005755211e-01 -1.920622276842394102e-02 4.833040893170861096e+01 6.913047051328384818e-01 7.225627868003097198e-01 -9.076301942731058309e-04 -7.959690393865106728e+01 1.450504682488346422e-02 -1.262166400312655402e-02 9.998151315190224597e-01 1.365623036464116424e-01
7.070891322168928461e-01 -7.068653696453446322e-01 -1.913918224250224509e-02 4.839445482771842677e+01 7.069926953800269587e-01 7.072208304898005560e-01 -1.600018786833967699e-04 -7.948507455719651205e+01 1.364872814755756919e-02 -1.341812645144489433e-02 9.998168162731047026e-01 1.355195482219203329e-01
6.897712075157593770e-01 -7.237587868330535024e-01 -1.972054168114530451e-02 4.847367615213435954e+01 7.239088504677488878e-01 6.898952765781835028e-01 6.953916695620100674e-04 -7.939262454014767911e+01 1.310181272624932544e-02 -1.475553581060941311e-02 9.998052893770007499e-01 1.396490219397901189e-01
6.715229791178882746e-01 -7.407267612918261301e-01 -1.951290913109416866e-02 4.852704144307497813e+01 7.408865035902273410e-01 6.716285987301218174e-01 1.488007278657694533e-03 -7.929666883385090159e+01 1.200322100456619953e-02 -1.545608210172349367e-02 9.998084977692379693e-01 1.416297909926443332e-01
6.507716313827691668e-01 -7.590015237667012693e-01 -2.032168071875931764e-02 4.859303786730126973e+01 7.591873835452164210e-01 6.508678477666469675e-01 2.358264060998307640e-03 -7.917185747773140747e+01 1.143680257667788192e-02 -1.696265496432337871e-02 9.997907120409668114e-01 1.443826163085437098e-01
6.289067854283474368e-01 -7.772057570118360292e-01 -2.067526323512225081e-02 4.863317710555271134e+01 7.774057615402003574e-01 6.289930055391625974e-01 2.842693601555123725e-03 -7.908689224386844785e+01 1.079523813002354268e-02 -1.786085805525608472e-02 9.997822025737636009e-01 1.475690709622620167e-01
6.057091318872260821e-01 -7.954196447556532990e-01 -2.059214134599042165e-02 4.869434712560686762e+01 7.956266953184224500e-01 6.057773768611495191e-01 3.454182958537510735e-03 -7.898434465925336667e+01 9.726728386727161169e-03 -1.847588752983561622e-02 9.997819924037818495e-01 1.485781962003872025e-01
5.813536015915837796e-01 -8.133967662410095389e-01 -2.033938507336968335e-02 4.873591796281726118e+01 8.135998866306413113e-01 5.814156670021344286e-01 3.323648457802612019e-03 -7.886293962083887266e+01 9.122192231147931846e-03 -1.848033639119838617e-02 9.997876088328790933e-01 1.501157665693338139e-01
5.555745320098944839e-01 -8.312439881478675963e-01 -1.924503962102151397e-02 4.878936212186611243e+01 8.314232637634361156e-01 5.556333433371116737e-01 2.635193537376541786e-03 -7.873784663039872100e+01 8.502696921733006452e-03 -1.746482006924981317e-02 9.998113243032437092e-01 1.445481521221478327e-01
5.289811744270935812e-01 -8.484482772737090839e-01 -1.773239670796203718e-02 4.884584969695660561e+01 8.485971556699761775e-01 5.290365342997107589e-01 1.792418750574605556e-03 -7.861326438360781310e+01 7.860311098129721397e-03 -1.599581718533232486e-02 9.998411620562608348e-01 1.434292775273371401e-01
5.016920204558741325e-01 -8.648813759509640375e-01 -1.689148140543490773e-02 4.889017355405062659e+01 8.650186291464821986e-01 5.017365232768211669e-01 1.797898670347902218e-03 -7.848115940007400582e+01 6.920104077527082682e-03 -1.551343750608436337e-02 9.998557122986800882e-01 1.498360851425412088e-01
4.750564789077935668e-01 -8.798125310808564414e-01 -1.585093059811699262e-02 4.891107850607706808e+01 8.799392954775890896e-01 4.750794218918493739e-01 2.525701746168083038e-03 -7.835840941395738923e+01 5.308306898949769273e-03 -1.514770768147709681e-02 9.998711761171351631e-01 1.518399824405269050e-01
4.477129713353672491e-01 -8.940372636310041088e-01 -1.582613462734478588e-02 4.894908808558237467e+01 8.941679322517603890e-01 4.477192772319031899e-01 3.340318480800298986e-03 -7.822510548321785961e+01 4.099296362498828367e-03 -1.564672598751641608e-02 9.998691793105756176e-01 1.570141092913376890e-01
4.198246820382611766e-01 -9.074520269259455096e-01 -1.667498664064702082e-02 4.899148697579549605e+01 9.075973277024332875e-01 4.198267915070656997e-01 3.543427759181380123e-03 -7.808991364417616410e+01 3.785115437431215736e-03 -1.662179174684888516e-02 9.998546839117421481e-01 1.599044469811409519e-01
3.920320153577020461e-01 -9.198102101666000285e-01 -1.612687842868088667e-02 4.902969182266574677e+01 9.199481905009071481e-01 3.920178783088879015e-01 4.160514427870335222e-03 -7.793814695269578863e+01 2.495141015056269798e-03 -1.646694748497589539e-02 9.998612973367065893e-01 1.619991824925831048e-01
3.650555349242540215e-01 -9.308403334880045454e-01 -1.645387410633922590e-02 4.904859519956629299e+01 9.309843165897239148e-01 3.650289108733963950e-01 4.700690432991490308e-03 -7.779877973812139658e+01 1.630547494415313797e-03 -1.703431180067260797e-02 9.998535760481861434e-01 1.601864689871225211e-01
3.376857073246661844e-01 -9.411210655942066072e-01 -1.610909567495513381e-02 4.908249302422999705e+01 9.412588293776642523e-01 3.376439116820727504e-01 5.329636255675042344e-03 -7.764721508511199488e+01 4.233051251821967620e-04 -1.696257052612187496e-02 9.998560356440907571e-01 1.619806607681257837e-01
3.104890034311643676e-01 -9.504299576833230567e-01 -1.671748445189494281e-02 4.910880705676828484e+01 9.505769695122938678e-01 3.104421209901385703e-01 5.395789837250401615e-03 -7.749648846093542431e+01 6.149102417992574621e-05 -1.756658911744306620e-02 9.998456936775959036e-01 1.707405216431705786e-01
2.846885988361554931e-01 -9.584650598693487122e-01 -1.723747958237890898e-02 4.911010324493198453e+01 9.586198518222046605e-01 2.846540950725530150e-01 4.475025229068161671e-03 -7.734779525272209355e+01 6.175638277580199065e-04 -1.779817878526820593e-02 9.998414091478939891e-01 1.695508229177740689e-01
2.586058711544140243e-01 -9.658317682796255799e-01 -1.708797197792815206e-02 4.915645887351507071e+01 9.659821003095121483e-01 2.585882431931860737e-01 3.271446757248067973e-03 -7.718528912803864728e+01 1.259081447121286612e-03 -1.735269039986254286e-02 9.998486379696659432e-01 1.664126294841518361e-01
2.339333197421208377e-01 -9.720848411432019276e-01 -1.806276651087023594e-02 4.915125370490842727e+01 9.722499663437824680e-01 2.339358954411394631e-01 1.999942165657197374e-03 -7.702668471336863831e+01 2.281415995466183622e-03 -1.802937724237362385e-02 9.998348547121708174e-01 1.633091996849953265e-01
2.098696088859209885e-01 -9.775460673203435480e-01 -1.893234091709627975e-02 4.915709496951727431e+01 9.777255685426313736e-01 2.098835333596814623e-01 1.270843201976287057e-03 -7.685396554961725712e+01 2.731278832177530189e-03 -1.877734515276497165e-02 9.998199595051875388e-01 1.688069163451654253e-01
1.863151297831610043e-01 -9.822603441612718367e-01 -2.124355671878020227e-02 4.917654493306258701e+01 9.824820610045263969e-01 1.863571833986890081e-01 7.548473804699917800e-08 -7.667621746904913493e+01 3.958815249817403820e-03 -2.087142745208249092e-02 9.997743301855325226e-01 1.657890803907950128e-01
1.642836236846698661e-01 -9.861454866836164568e-01 -2.297759958235535277e-02 4.919902127919699097e+01 9.864010605744198967e-01 1.643523340267826205e-01 -1.121604925277125756e-03 -7.648126027458856413e+01 4.882487756597081452e-03 -2.248086727602256751e-02 9.997353509403499316e-01 1.616047099483937100e-01
1.444324492657623749e-01 -9.892437020954034654e-01 -2.315524700091797089e-02 4.919753356980466918e+01 9.895028230307287842e-01 1.445056432315940942e-01 -1.510724475710845463e-03 -7.629763313349344855e+01 4.840538535252427582e-03 -2.269398463918949338e-02 9.997307398734346373e-01 1.599448707844975393e-01
1.256804211194390009e-01 -9.918022666180964508e-01 -2.308020100534010494e-02 4.922413488204034593e+01 9.920598767488303382e-01 1.257540947814362875e-01 -1.763119620765090864e-03 -7.605486372667095907e+01 4.651095820993796440e-03 -2.267535174827423755e-02 9.997320619699839872e-01 1.607923830815219390e-01
1.094981286480971594e-01 -9.937421667279552340e-01 -2.206050519353145584e-02 4.923343097879516250e+01 9.939780111303188059e-01 1.095645636884871044e-01 -1.822024469529589033e-03 -7.585388168852276181e+01 4.227672170458565692e-03 -2.172814880703193008e-02 9.997549771506208938e-01 1.648857632324111366e-01
9.352833254116443840e-02 -9.954033788883933642e-01 -2.060495837508743294e-02 4.923915716190781922e+01 9.956103026205751494e-01 9.358142405030700495e-02 -1.625542519762674526e-03 -7.562480662449344493e+01 3.546311863936503841e-03 -2.036247456195698288e-02 9.997863738328690575e-01 1.625169579272902343e-01
7.980894833870477711e-02 -9.966231225660721060e-01 -1.931018725238672906e-02 4.925082588554835894e+01 9.968033415693736687e-01 7.986517250433877724e-02 -2.156955489315772259e-03 -7.539883142282484130e+01 3.691883151000867162e-03 -1.907631483029372660e-02 9.998112142856244722e-01 1.600072191956529166e-01
6.650636549564281630e-02 -9.976149291349027948e-01 -1.847583599524098286e-02 4.925848242426867785e+01 9.977786936478150182e-01 6.656534155534610253e-02 -2.594957818580989617e-03 -7.514994475534342655e+01 3.818618993835511469e-03 -1.826221429025449636e-02 9.998259396906027385e-01 1.591708298494806939e-01
5.379417894608362616e-02 -9.983741561825577593e-01 -1.884756160045186757e-02 4.926816268850655689e+01 9.985424546966389370e-01 5.386680214126982058e-02 -3.366570285086891746e-03 -7.489300854981560462e+01 4.376354639179835630e-03 -1.863898854121078669e-02 9.998167010138572230e-01 1.665510038155559869e-01
4.314663291137821322e-02 -9.988728011774226090e-01 -1.978623603367055464e-02 4.927366298288275459e+01 9.990563736439190823e-01 4.323621578816405631e-02 -4.122126366495779300e-03 -7.464307064569753436e+01 4.972961881296277843e-03 -1.958970934671203784e-02 9.997957356069481216e-01 1.680957613268950768e-01
3.474852708223463704e-02 -9.991733933159701042e-01 -2.109668113863387429e-02 4.925945734738350978e+01 9.993858603763758897e-01 3.483592784286693167e-02 -3.789486917465811552e-03 -7.438493251990435340e+01 4.521276964120215375e-03 -2.095204574204034137e-02 9.997702585263462671e-01 1.692618375440970158e-01
2.801478091876008492e-02 -9.993660780753571560e-01 -2.196847838046375734e-02 4.923985624201069555e+01 9.996006553332935640e-01 2.808920517867863342e-02 -3.086488243953893623e-03 -7.412545590990767153e+01 3.701608748078111938e-03 -2.187323809382416689e-02 9.997538994912532617e-01 1.676129292985288621e-01
2.254287102174401536e-02 -9.995136019474814004e-01 -2.154944287143439191e-02 4.926524808239326347e+01 9.997391728627772478e-01 2.261642176327938181e-02 -3.175485833040413153e-03 -7.382864327669624060e+01 3.661312571659481804e-03 -2.147223762437588251e-02 9.997627407548527190e-01 1.691261766770320307e-01
1.828670699713774717e-02 -9.995744460789937058e-01 -2.272714441090108867e-02 4.927848676067110745e+01 9.998234462708233128e-01 1.838005234267636734e-02 -3.905120102463285892e-03 -7.354629193492981187e+01 4.321184367163610762e-03 -2.265172006169942701e-02 9.997340781147311395e-01 1.792206559805925026e-01
1.526009603624911559e-02 -9.995979656026531268e-01 -2.389637277919141878e-02 4.927177301192470082e+01 9.998715658915008353e-01 1.537260360686665273e-02 -4.531531752597343921e-03 -7.324906275714424453e+01 4.897059387336566080e-03 -2.382415206012120090e-02 9.997041705364507758e-01 1.812013812380438293e-01
1.473249017428124308e-02 -9.996117571878893049e-01 -2.364928381590040637e-02 4.926272885920840139e+01 9.998771877883581016e-01 1.485457814973856205e-02 -4.995082425522831895e-03 -7.296071601301571263e+01 5.344443255303862189e-03 -2.357278939229748987e-02 9.997078375838398534e-01 1.804889863371026970e-01
1.441132166916736512e-02 -9.996535036625050497e-01 -2.202694765569189472e-02 4.925835415797948258e+01 9.998833673079762230e-01 1.451903694338518847e-02 -4.738074197398401549e-03 -7.269579349463833751e+01 5.056242538805230322e-03 -2.195609668213864205e-02 9.997461498949987702e-01 1.832185132323603249e-01
1.407640090295847468e-02 -9.996870583827016654e-01 -2.067946420390309042e-02 4.926664272569189507e+01 9.998926757942286914e-01 1.415727032211278047e-02 -3.769428349859603108e-03 -7.242067412873521448e+01 4.061013503706622021e-03 -2.062418481220402305e-02 9.997790511758859466e-01 1.872072208134471505e-01
1.207823768506299800e-02 -9.997337803820344204e-01 -1.965920999098078742e-02 4.926711980744496344e+01 9.999227573903536337e-01 1.213349638745431225e-02 -2.693978152808709781e-03 -7.213071967581913668e+01 2.931795916379832320e-03 -1.962515295384950273e-02 9.998031095892043751e-01 1.924234329833098833e-01
9.565314881986419770e-03 -9.997777675668211295e-01 -1.878617125206138994e-02 4.927500598903483109e+01 9.999509939046569151e-01 9.611548982666473506e-03 -2.372322752632358839e-03 -7.185248700250566856e+01 2.552359750760705911e-03 -1.876255860103125117e-02 9.998207098547446936e-01 1.921775211854398480e-01
7.291963085630737140e-03 -9.997812394876940401e-01 -1.960358239730575561e-02 4.928755312503077590e+01 9.999697446599137285e-01 7.343637964505878024e-03 -2.565296519564148545e-03 -7.157827519496920843e+01 2.708696945916487520e-03 -1.958428323672905397e-02 9.998045403032328471e-01 2.024797187034146351e-01
5.710037376121746000e-03 -9.997961973654851953e-01 -1.936386342338159566e-02 4.928952803553443118e+01 9.999785847354749624e-01 5.770860162756963341e-03 -3.086623303661533563e-03 -7.130505712211015634e+01 3.197740389727553312e-03 -1.934582400669423996e-02 9.998077382926688905e-01 1.990171389648901501e-01
3.646671040692162080e-03 -9.998177078359637981e-01 -1.874174186036526440e-02 4.929108910130874222e+01 9.999917278387531194e-01 3.679791643425134318e-03 -1.733028426274214884e-03 -7.101819000706053941e+01 1.801678213853057792e-03 -1.873526704107975754e-02 9.998228561722887209e-01 2.044750671575659429e-01
2.073014597851585705e-03 -9.997938342481494933e-01 -2.019880218875455546e-02 4.928538750945588021e+01 9.999978451989041117e-01 2.070359880053662671e-03 1.523401306810223677e-04 -7.075096124925278218e+01 -1.104899336867096182e-04 -2.019907446766820713e-02 9.997959717775543043e-01 2.122443708469721468e-01
1.211805108142227638e-04 -9.997758172392645637e-01 -2.117310980571310286e-02 4.928933192846222511e+01 9.999999462138371431e-01 1.147003115797851081e-04 3.072721300173431730e-04 -7.047450619833396956e+01 -3.047746826111072393e-04 -2.117314590228643739e-02 9.997757773646015478e-01 2.172199757291324307e-01
-1.747288350172793159e-03 -9.997659980250972467e-01 -2.156145116412097953e-02 4.926429038342136835e+01 9.999983693956324693e-01 -1.737043922921177597e-03 -4.938466220610702312e-04 -7.021991039234998766e+01 4.562778732622140010e-04 -2.156227889837403905e-02 9.997674029189045353e-01 2.204859938821858711e-01
-3.327906454050788554e-03 -9.997861748374061719e-01 -2.040905785725973670e-02 4.925470825329097124e+01 9.999921079435607485e-01 -3.282916418282821880e-03 -2.237523270238281348e-03 -6.997064996146835369e+01 2.170043600339935722e-03 -2.041634305595536880e-02 9.997892097072232920e-01 2.144788165530620294e-01
-5.490210936383688178e-03 -9.997862950847321573e-01 -1.993042259007865580e-02 4.927428560872144203e+01 9.999814384617785601e-01 -5.436442884867886960e-03 -2.750967224790823104e-03 -6.968045877160221835e+01 2.642028725490899385e-03 -1.994515604112115370e-02 9.997975847313840259e-01 2.212861745086752707e-01
-6.365789611627370448e-03 -9.997658302109264650e-01 -2.068239505660793981e-02 4.926461455137945222e+01 9.999731286414903497e-01 -6.289186646914579626e-03 -3.766712926396910757e-03 -6.940952959251261234e+01 3.635755433209209020e-03 -2.070581739457237613e-02 9.997790007838994741e-01 2.241341119098576862e-01
-7.063657130874201329e-03 -9.997362690139346419e-01 -2.185170853814049491e-02 4.925552411398392394e+01 9.999652568524382001e-01 -6.965179855452197089e-03 -4.579449488658743003e-03 -6.912704250655831117e+01 4.426040665812395677e-03 -2.188329700204231371e-02 9.997507346715704957e-01 2.334955541421988301e-01
-7.256406810709714605e-03 -9.997547353295243022e-01 -2.092399929245721685e-02 4.924663436863446719e+01 9.999617346194041856e-01 -7.152489582464838236e-03 -5.036982204211415751e-03 -6.885074956443061467e+01 4.886088123468109237e-03 -2.095974901963276044e-02 9.997683807081937379e-01 2.294228146184899009e-01
-7.370594097736216099e-03 -9.997709523512481322e-01 -2.009271453351045567e-02 4.925756105206340862e+01 9.999632855667013320e-01 -7.281214324562190754e-03 -4.517901792626568928e-03 -6.855063434319826854e+01 4.370567616962939619e-03 -2.012527646116980470e-02 9.997879132026287197e-01 2.347337469501624974e-01
-7.068748485914877477e-03 -9.998085011115092069e-01 -1.824812045116635389e-02 4.926033412101258335e+01 9.999630280799776116e-01 -6.978131117078234524e-03 -5.024754644246347442e-03 -6.825915372452864460e+01 4.896454632168562894e-03 -1.828296450990008273e-02 9.998208629253366730e-01 2.353993935646662983e-01
-6.958067984196514288e-03 -9.997999069506985359e-01 -1.875450216087306415e-02 4.922117214831102672e+01 9.999571846631315486e-01 -6.842300326076911077e-03 -6.229909054855267518e-03 -6.797778427127275336e+01 6.100338557104860795e-03 -1.879704731128428730e-02 9.998047093717182809e-01 2.370814282369652637e-01
-7.205629203165919705e-03 -9.997771141435449760e-01 -1.984441842413109044e-02 4.922859632344441394e+01 9.999563903414359078e-01 -7.086179831252925609e-03 -6.083047815486702752e-03 -6.767219074504589571e+01 5.941070872564474352e-03 -1.988738520280272995e-02 9.997845745892874891e-01 2.415508999761446507e-01
-8.304389021504654522e-03 -9.997435863823087576e-01 -2.106652820041580998e-02 4.924286309558401342e+01 9.999531909062202573e-01 -8.197837056734824657e-03 -5.139208505186955780e-03 -6.736216286240542672e+01 4.965190776603954290e-03 -2.110822008201135996e-02 9.997648673190718815e-01 2.502506126350900195e-01
-8.809638180994783241e-03 -9.997312379963444462e-01 -2.144392803141782766e-02 4.923215664858980745e+01 9.999506097614444533e-01 -8.708849940130658496e-03 -4.788942517519151690e-03 -6.704813035401220134e+01 4.600903480380178281e-03 -2.148505776154571029e-02 9.997585828489532478e-01 2.545706655234808435e-01
-8.233838704318152679e-03 -9.997402540958980621e-01 -2.125154677807110370e-02 4.923760933074653678e+01 9.999569416381156595e-01 -8.140939940265878860e-03 -4.454207744938470243e-03 -6.673361658552954623e+01 4.280043216762677988e-03 -2.128730694940668064e-02 9.997642381046165649e-01 2.586292427860967802e-01
-8.266208814112774306e-03 -9.997242483123279788e-01 -2.197947060765519448e-02 4.923062624705402612e+01 9.999579849596557102e-01 -8.177056421433848143e-03 -4.142953500377737075e-03 -6.643074293828726695e+01 3.962083702686025610e-03 -2.201279365805213981e-02 9.997498381135657697e-01 2.647154069910376273e-01
-9.078277120699418390e-03 -9.997013400792814641e-01 -2.268954667262735106e-02 4.921825044073569444e+01 9.999525625276405316e-01 -8.995793244893190987e-03 -3.734755453957155913e-03 -6.612470156619396278e+01 3.529529561502067064e-03 -2.272237548287327907e-02 9.997355830785907838e-01 2.666031920611632855e-01
-9.930983106100077507e-03 -9.997140767741971024e-01 -2.175178783597316381e-02 4.923627822447721769e+01 9.999436533088245094e-01 -9.846976619483749360e-03 -3.965760816911457348e-03 -6.581044357882920792e+01 3.750437567533126959e-03 -2.178994609837703322e-02 9.997555363523034089e-01 2.721679352963728427e-01
-1.049331250290119755e-02 -9.997129646811214743e-01 -2.153784207388996855e-02 4.921261885479598419e+01 9.999353856898253179e-01 -1.039660292997823809e-02 -4.597291904720130287e-03 -6.548828219817509932e+01 4.372051927561473872e-03 -2.158469124170499243e-02 9.997574637210482340e-01 2.744939885000135527e-01
-1.035781121840706476e-02 -9.996928462965907203e-01 -2.251507961755507686e-02 4.921085968073761308e+01 9.999359638703667619e-01 -1.025242180468599607e-02 -4.791242613299974418e-03 -6.519063087398629364e+01 4.558936872182107330e-03 -2.256326462548813305e-02 9.997350224854761880e-01 2.788068020405316538e-01
-1.018455462092116015e-02 -9.996974068514430378e-01 -2.239128360934027756e-02 4.919459539238115298e+01 9.999392238162509994e-01 -1.008736904322904415e-02 -4.449006578927867592e-03 -6.490603150759037021e+01 4.221791198900180092e-03 -2.243523390308518883e-02 9.997393844191528878e-01 2.803191653839492425e-01
-1.122252643018950558e-02 -9.996857872074472739e-01 -2.241387418432881640e-02 4.921591650682956498e+01 9.999297079131340693e-01 -1.113387047120140139e-02 -4.076292566229778799e-03 -6.459705855444622102e+01 3.825458571033165528e-03 -2.245804496739933764e-02 9.997404673628869087e-01 2.886759962539144908e-01
-1.145001309012427804e-02 -9.996813548924591286e-01 -2.249635260688549743e-02 4.920846942339686336e+01 9.999254958513249525e-01 -1.135182174551885304e-02 -4.487637411846179605e-03 -6.430070925287667194e+01 4.230832863422778062e-03 -2.254606004239559369e-02 9.997368529917493030e-01 2.934241153607103914e-01
-1.255423735928840046e-02 -9.996637259550226196e-01 -2.268978038783380988e-02 4.920732600112712163e+01 9.999103323213948125e-01 -1.244511053075059159e-02 -4.944344324095968635e-03 -6.399139891143191505e+01 4.660304844585294592e-03 -2.274981832012912264e-02 9.997303273008960600e-01 2.909612770244076607e-01
-1.248707763326128983e-02 -9.996393937928607087e-01 -2.377299454472023635e-02 4.918804469387182365e+01 9.999137000758722138e-01 -1.238637999922476141e-02 -4.378354838723591547e-03 -6.369558633326141006e+01 4.082314632641293600e-03 -2.382561579387183770e-02 9.997077946776662394e-01 2.983051045270203039e-01
-1.312328800320106126e-02 -9.996327079980510399e-01 -2.371135619208850423e-02 4.917490450505420796e+01 9.999063634321710969e-01 -1.302751586411576845e-02 -4.189056965597825685e-03 -6.337913267692612607e+01 3.878618289526521157e-03 -2.376411014309746939e-02 9.997100696648357765e-01 2.994992916870437005e-01
-1.293051736688366482e-02 -9.996478327115054796e-01 -2.317352532125546705e-02 4.916334573555509024e+01 9.999094642520007792e-01 -1.284065194683581268e-02 -4.022556010470241042e-03 -6.311404692860600107e+01 3.723576224795797571e-03 -2.322344101915936598e-02 9.997233651202355187e-01 2.996922273854192298e-01
-1.384821390130297480e-02 -9.996409147551473806e-01 -2.294054313297665820e-02 4.915882408776775492e+01 9.999000805111196710e-01 -1.377938829827152212e-02 -3.155543056583358028e-03 -6.279876770845610423e+01 2.838303296029711514e-03 -2.298194956085451018e-02 9.997318510624646493e-01 3.095637023189631298e-01
-1.345642707187133524e-02 -9.996665107099906855e-01 -2.204068817826688315e-02 4.917696852617034153e+01 9.999065655276990761e-01 -1.340009771338879219e-02 -2.701406276927810490e-03 -6.249000394950945036e+01 2.405158011607382712e-03 -2.207498009475477099e-02 9.997534248347216268e-01 3.129715297581260880e-01
-1.518383831265790462e-02 -9.996382518523662108e-01 -2.219947043604307210e-02 4.917529625506071511e+01 9.998808479527575566e-01 -1.511825793328624989e-02 -3.119002138090616258e-03 -6.217457164543625225e+01 2.782256524810237247e-03 -2.224418374785451513e-02 9.997486960921838639e-01 3.219333820099576915e-01
-1.602849837248609965e-02 -9.996232999789148588e-01 -2.227881009363062714e-02 4.918632943387085277e+01 9.998668095010539991e-01 -1.595593691511809631e-02 -3.430937968569408927e-03 -6.188719574574221838e+01 3.074166245766445094e-03 -2.233083555144364102e-02 9.997459093617075965e-01 3.226367125473041941e-01
-1.603057961401144205e-02 -9.996402571744020804e-01 -2.150294755455893145e-02 4.916692140919669640e+01 9.998677523700114644e-01 -1.596791538635256025e-02 -3.082766412803221098e-03 -6.158516265123144962e+01 2.738300162594846376e-03 -2.154952237311891228e-02 9.997640320584202378e-01 3.194346766697571116e-01
-1.638673834857984346e-02 -9.996331419219426362e-01 -2.156516583662269892e-02 4.916413323974808947e+01 9.998615643996004998e-01 -1.632061253823047231e-02 -3.238771798235931879e-03 -6.127736157799382255e+01 2.885626912696562935e-03 -2.161525335597083708e-02 9.997621987151134038e-01 3.229832283357860767e-01
-1.637136065938671337e-02 -9.996320505693104819e-01 -2.162734437594972248e-02 4.913772807103618590e+01 9.998605018248779563e-01 -1.629583717001481524e-02 -3.663684133733607906e-03 -6.099086730886036634e+01 3.309900400872067480e-03 -2.168430689517196128e-02 9.997593887500193510e-01 3.289997373660002444e-01
-1.722200277900087784e-02 -9.996001479350129504e-01 -2.242647695428010013e-02 4.912913042182920975e+01 9.998458408446271317e-01 -1.714084552508898796e-02 -3.806042614834448043e-03 -6.069283033465027444e+01 3.420111983690200461e-03 -2.248856738402450761e-02 9.997412501097637794e-01 3.332758942646385503e-01
-1.771343085687338004e-02 -9.995864629719846128e-01 -2.265253651220318701e-02 4.914652469531851153e+01 9.998373285859110116e-01 -1.763176991474280086e-02 -3.799612593821655865e-03 -6.038942284948073791e+01 3.398637001553524162e-03 -2.271615576701960237e-02 9.997361779658172631e-01 3.348681608407738097e-01
-1.828108850239940075e-02 -9.995776701063209257e-01 -2.258944948392856839e-02 4.914083326684342978e+01 9.998288037968278141e-01 -1.821177811291052606e-02 -3.270204301089572191e-03 -6.009471014774405262e+01 2.857429154360680360e-03 -2.264536515019431248e-02 9.997394773318908356e-01 3.382717217705576984e-01
-1.890627960158752785e-02 -9.995889810797330410e-01 -2.155044072883900014e-02 4.913370373942794345e+01 9.998185232770838704e-01 -1.885140097309334628e-02 -2.746851539971078074e-03 -5.979830939747513696e+01 2.339466532690759673e-03 -2.159846256871687797e-02 9.997639888048629464e-01 3.401746759059492420e-01
-1.919539061893993370e-02 -9.996108204648705975e-01 -2.024214881219313367e-02 4.910716156802188692e+01 9.998140445558141298e-01 -1.915401206918843080e-02 -2.236097179970898685e-03 -5.949718756822518628e+01 1.847508574054837829e-03 -2.028130743325093008e-02 9.997926061343256343e-01 3.406772560121690274e-01
-1.979255368266041870e-02 -9.996022924057930137e-01 -2.008760403340561357e-02 4.909695094600312615e+01 9.998020956725119923e-01 -1.974820573059421491e-02 -2.403717802834881567e-03 -5.920797193274730574e+01 2.006067688923959813e-03 -2.013120432328911052e-02 9.997953342084175965e-01 3.501057408221653344e-01
-2.025475417062949646e-02 -9.995977810605951586e-01 -1.984996302823822945e-02 4.911248228061977272e+01 9.997918441870770057e-01 -2.020200499141600048e-02 -2.854346042582797324e-03 -5.889719611820051881e+01 2.452188918368966922e-03 -1.990364522045801055e-02 9.997988956167368491e-01 3.510254824196922807e-01
-2.151764003211487086e-02 -9.995800861220436317e-01 -1.940728202754445075e-02 4.910122698803337471e+01 9.997656381721637953e-01 -2.146733227424579837e-02 -2.796850949465884417e-03 -5.858457661340753475e+01 2.379053941112336396e-03 -1.946291533340922461e-02 9.998077490343180163e-01 3.540422064270372093e-01
-2.140265622327763850e-02 -9.995698326824721258e-01 -2.005183028361686576e-02 4.908946763557482740e+01 9.997682641611621568e-01 -2.135191739338249128e-02 -2.741094635930824835e-03 -5.828763045599075099e+01 2.311770482802285448e-03 -2.010585026207415207e-02 9.997951842764966068e-01 3.599706065927367193e-01
-2.141391519149249412e-02 -9.995552840887433899e-01 -2.075278984722750408e-02 4.907947067300244726e+01 9.997683645102448668e-01 -2.136442422827045107e-02 -2.603594036070662823e-03 -5.799056968736049100e+01 2.159064770160057725e-03 -2.080373590646895227e-02 9.997812475795153642e-01 3.628496796149787151e-01
-2.178165297106660070e-02 -9.995401019020903055e-01 -2.109844267730184852e-02 4.905391132772065532e+01 9.997592710212691580e-01 -2.172103998709151718e-02 -3.097810339590830603e-03 -5.769404428568731191e+01 2.638105545448935982e-03 -2.116083910053047704e-02 9.997726037893279738e-01 3.624623141773970492e-01
-2.250977193658432185e-02 -9.995160591435300335e-01 -2.146992504762490137e-02 4.906353081500400037e+01 9.997419155018151260e-01 -2.243857183015185441e-02 -3.551462091187989473e-03 -5.739133495097842541e+01 3.067988938212754674e-03 -2.154432659450698090e-02 9.997631866774572273e-01 3.657536534537972894e-01
-2.271310031789908201e-02 -9.995176314763110081e-01 -2.118063837410934236e-02 4.905985410552685266e+01 9.997375774485559585e-01 -2.264471167722059697e-02 -3.463130137406005005e-03 -5.707497901391548822e+01 2.981830183313102095e-03 -2.125373851917083251e-02 9.997696671172399130e-01 3.687550597998957014e-01
-2.377973296936275460e-02 -9.995156293702549544e-01 -2.007563061248202746e-02 4.905620218975264635e+01 9.997142016252271723e-01 -2.372550192531397428e-02 -2.935238870429188532e-03 -5.677018156293104312e+01 2.457512714180726948e-03 -2.013969222642054274e-02 9.997941555281690817e-01 3.697495132833371612e-01
-2.506489680343615412e-02 -9.994995754383467768e-01 -1.929636356409831707e-02 4.904240660052662548e+01 9.996840615112391193e-01 -2.502391509988344254e-02 -2.362378773023730144e-03 -5.647806606738625845e+01 1.878326017097298878e-03 -1.934947988031176028e-02 9.998110169025619109e-01 3.763292569766065188e-01
-2.588136109829997089e-02 -9.994766214265845550e-01 -1.940717314292393636e-02 4.905015612962520066e+01 9.996635081838157744e-01 -2.584266455060224565e-02 -2.242118317888437337e-03 -5.614593874566867271e+01 1.739411775793753626e-03 -1.945867186179645048e-02 9.998091490559831707e-01 3.803483116898796479e-01
-2.714190643707481421e-02 -9.994387575137316793e-01 -1.963382016749003894e-02 4.903426156557478777e+01 9.996300470812179428e-01 -2.710211319144284481e-02 -2.290072697583968656e-03 -5.586091147456394168e+01 1.756669394929690278e-03 -1.968871351730415442e-02 9.998046152487347626e-01 3.817552834412129559e-01
-2.891034739572972967e-02 -9.993834521774688229e-01 -1.992253315477708620e-02 4.901432009787934163e+01 9.995810929032963310e-01 -2.887760107712988855e-02 -1.929473058122962298e-03 -5.555625392199581825e+01 1.352968480820801109e-03 -1.996996920065526732e-02 9.997996648361184846e-01 3.846046405143465075e-01
-2.935453643919072597e-02 -9.993815202445963664e-01 -1.936202944011505833e-02 4.898656787249769451e+01 9.995681974132892833e-01 -2.932351535837351975e-02 -1.884188678170023792e-03 -5.526530677470373121e+01 1.315260577960721336e-03 -1.940897835093050028e-02 9.998107629191561596e-01 3.919670550961988909e-01
-3.062924625667595713e-02 -9.993434237270253373e-01 -1.935382978365598333e-02 4.899356676484749329e+01 9.995303348289601431e-01 -3.060451820137077839e-02 -1.572648202465134343e-03 -5.494080694956067390e+01 9.793010030895270279e-04 -1.939290899294878953e-02 9.998114602515498772e-01 3.961636968096286515e-01
-3.187688640199315415e-02 -9.992782188883024830e-01 -2.066168842898408187e-02 4.899366117428391476e+01 9.994916036071557208e-01 -3.185701296147014361e-02 -1.290365827727707471e-03 -5.464479985271031381e+01 6.312147899580743821e-04 -2.069231694602420221e-02 9.997856918296511575e-01 3.986539652363824682e-01
-3.252572374258222432e-02 -9.992502938220344522e-01 -2.099827591969569140e-02 4.898136715106063122e+01 9.994706188910009725e-01 -3.250281547136668614e-02 -1.431418902421845857e-03 -5.435140557774935388e+01 7.478426713927333741e-04 -2.103371776488233494e-02 9.997784871902005710e-01 3.986515716206178173e-01
-3.389457650197336136e-02 -9.991981990084268794e-01 -2.131001600346869862e-02 4.894114118536547409e+01 9.994253804378232520e-01 -3.388136295445920432e-02 -9.809082833996084216e-04 -5.403919145580342587e+01 2.581094033864816256e-04 -2.133101832225591313e-02 9.997724346254358574e-01 4.020056488740748613e-01
-3.526515979598920936e-02 -9.991617566586142862e-01 -2.078827879925822936e-02 4.892809363458165706e+01 9.993779529856611221e-01 -3.526325078286451919e-02 -4.585089039814312095e-04 -5.372223174135251611e+01 -2.749377266966415018e-04 -2.079151690226469298e-02 9.997837952448265231e-01 4.046144486878811009e-01
-3.679410390357129579e-02 -9.991020860582764396e-01 -2.100513156192892333e-02 4.893492928743672365e+01 9.993227209092068186e-01 -3.679736253791876521e-02 -2.314840657542359403e-04 -5.340141960202250004e+01 -5.416572282566645136e-04 -2.099942247429004843e-02 9.997793410864186381e-01 4.069339977504686234e-01
-3.830632411583789754e-02 -9.990594024090777570e-01 -2.032082652721454996e-02 4.890834529515922924e+01 9.992660109632869325e-01 -3.830358448749682232e-02 -5.241649832328446751e-04 -5.308160723054552932e+01 -2.546885408285549934e-04 -2.032599009706451132e-02 9.997933732828604425e-01 4.124620423300418004e-01
-3.927488859507777264e-02 -9.990253460414247888e-01 -2.014549807415080482e-02 4.890082754793912301e+01 9.992282953617585006e-01 -3.927789341997578454e-02 -2.466514203252317267e-04 -5.277453343730685731e+01 -5.448617057067992042e-04 -2.013963890690238789e-02 9.997970284364827709e-01 4.153532205059687898e-01
-3.986990700005765831e-02 -9.990045439738558519e-01 -2.000778936802456026e-02 4.889387149729127202e+01 9.992047403349463286e-01 -3.987246254885801200e-02 -2.713345954818025679e-04 -5.247007134290361563e+01 -5.266953384383630393e-04 -2.000269606524103516e-02 9.997997873285141557e-01 4.186093149682721393e-01
-4.164243807557888033e-02 -9.989261829295911221e-01 -2.030734864128047254e-02 4.888430285589611657e+01 9.991325755300130007e-01 -4.163510058937913705e-02 -7.841643163476810785e-04 -5.215410387986683105e+01 -6.217623606452268858e-05 -2.032238806413305676e-02 9.997934770128711346e-01 4.221150681130784732e-01
-4.272996262181272265e-02 -9.988748562004415854e-01 -2.057114349972091055e-02 4.886697878166689435e+01 9.990861455665563939e-01 -4.270002721960475256e-02 -1.892461996222116749e-03 -5.184755328642931715e+01 1.011944316964691337e-03 -2.063320929939445325e-02 9.997866005516911070e-01 4.240805643925607549e-01
-4.280165704728644549e-02 -9.988653059901783093e-01 -2.088345381287561378e-02 4.883319691887360392e+01 9.990810272014071236e-01 -4.274485878632949820e-02 -3.158818373747766112e-03 -5.154901948691610869e+01 2.262573797258762842e-03 -2.099946514758872437e-02 9.997769267308218577e-01 4.282470536910347736e-01
-4.346277402489184816e-02 -9.988196175042191038e-01 -2.168776066787655651e-02 4.883729675494497968e+01 9.990482600186957329e-01 -4.337221855855344366e-02 -4.628694300332854977e-03 -5.125105473949415114e+01 3.682584374869686539e-03 -2.186829545334964889e-02 9.997540778742974865e-01 4.297781285103438043e-01
-4.307657101762885077e-02 -9.988343885173502912e-01 -2.177781771744734945e-02 4.879795762757075295e+01 9.990625993760082757e-01 -4.297252443488863705e-02 -5.223473149822440223e-03 -5.093684157692104009e+01 4.281536805538140381e-03 -2.198241248962683886e-02 9.997491895389156724e-01 4.272616641752346456e-01
-4.260479422649288139e-02 -9.988657499088290370e-01 -2.126135386073001177e-02 4.879318246848360019e+01 9.990851357712321468e-01 -4.251594821509407929e-02 -4.613635047359702576e-03 -5.060759752695265234e+01 3.704455411661020103e-03 -2.143846558045654771e-02 9.997633065899441673e-01 4.360583865498777190e-01
-4.171936206115511858e-02 -9.989060582282911493e-01 -2.112301266458090077e-02 4.878323701821160086e+01 9.991240969942201122e-01 -4.164114206814306662e-02 -4.129660124645072317e-03 -5.030194105295377227e+01 3.245556145658761230e-03 -2.127679774022644965e-02 9.997683552919780503e-01 4.378892355863594488e-01
-4.064083518072725276e-02 -9.989494657376259967e-01 -2.117279901960743629e-02 4.874892785727656275e+01 9.991699850430283414e-01 -4.057284404382621723e-02 -3.631158948618149959e-03 -4.999503798135826571e+01 2.768303619136696508e-03 -2.130279861208601855e-02 9.997692370074031665e-01 4.414087000282569395e-01
-3.971763889232815536e-02 -9.989868809616591072e-01 -2.115941462598880385e-02 4.873673790597207756e+01 9.992080545649801859e-01 -3.965769829247722811e-02 -3.245097627268283061e-03 -4.969648624370034184e+01 2.402676275797930791e-03 -2.127154513989825552e-02 9.997708480017183374e-01 4.457331547528735061e-01
-3.905526622619004407e-02 -9.990372341671771572e-01 -1.998226532699869107e-02 4.875248200710785085e+01 9.992355824472805015e-01 -3.901310190743645379e-02 -2.495726508319300041e-03 -4.937153448183979521e+01 1.713753554565386819e-03 -2.006446179584980491e-02 9.997972196508635445e-01 4.486303156853784779e-01
-3.704833119735617686e-02 -9.991349390256790697e-01 -1.888901198167949186e-02 4.873079559931704807e+01 9.993134178706349902e-01 -3.703532311351298567e-02 -1.038125998125439056e-03 -4.906872310008499483e+01 3.376672938015176650e-04 -1.891450395941463719e-02 9.998210477484298364e-01 4.490727716161006522e-01
-3.613422289533341214e-02 -9.991791876952305085e-01 -1.831034714170601263e-02 4.870670585979332401e+01 9.993469456409413976e-01 -3.612791536806381210e-02 -6.752549736381025652e-04 -4.876338118686378920e+01 1.318604415145863129e-05 -1.832278930341786627e-02 9.998321235178787569e-01 4.559320862112813955e-01
-3.489629475536104586e-02 -9.992073062696127383e-01 -1.915744528301421834e-02 4.869048979882070682e+01 9.993909254214210502e-01 -3.489302218193435223e-02 -5.051616841040430100e-04 -4.846085700753133096e+01 -1.636999176051843335e-04 -1.916340524112942340e-02 9.998163516875993029e-01 4.607316224134354044e-01
-3.293839209675630819e-02 -9.992746571870103622e-01 -1.911077784559730292e-02 4.869730521981822591e+01 9.994571505115927845e-01 -3.294543104685732082e-02 5.351994446575747411e-05 -4.813771118109376346e+01 -6.830939379226189795e-04 -1.909864070870494202e-02 9.998173709761957184e-01 4.629134835556771854e-01
-3.182086635091008198e-02 -9.993076698743396102e-01 -1.927727664883653602e-02 4.868808872150153633e+01 9.994933616471982640e-01 -3.182792050343019596e-02 5.915750714690845569e-05 -4.780954688754368220e+01 -6.726721793243461978e-04 -1.926562759802008876e-02 9.998141742870989557e-01 4.670535404150134573e-01
-3.039013315064109655e-02 -9.993461515898630632e-01 -1.958849431726140955e-02 4.868670899654274109e+01 9.995378876007033897e-01 -3.039745781433045302e-02 7.621778102514902009e-05 -4.750318106420282760e+01 -6.716083758054013086e-04 -1.957712596264004484e-02 9.998081241324419111e-01 4.694033013994963199e-01
-2.820211732930322235e-02 -9.994162528758686603e-01 -1.928196218496799202e-02 4.867333545884317658e+01 9.996021862799672197e-01 -2.820326170883147299e-02 -2.126341779136193405e-04 -4.722005138548420433e+01 -3.313041724386667913e-04 -1.928028828989539201e-02 9.998140630742317070e-01 4.695946264835933470e-01
-2.650325066494474413e-02 -9.994645316501474808e-01 -1.918925943183746874e-02 4.866095546117517046e+01 9.996486408697767834e-01 -2.650634064630263964e-02 -9.334211323695947027e-05 -4.691492295916904709e+01 -4.153449157609460235e-04 -1.918499097975858575e-02 9.998158648519773761e-01 4.739460881280814775e-01
-2.481526730008787318e-02 -9.995251882100696372e-01 -1.826473767811076163e-02 4.866200202544189324e+01 9.996920531314467118e-01 -2.481181258730158490e-02 -4.157667199423051296e-04 -4.661873145929769180e+01 -3.761193922369177045e-05 -1.826943047162768799e-02 9.998330993198736305e-01 4.770905010761609666e-01
-2.372440884633841840e-02 -9.995518071227641466e-01 -1.825752728352096621e-02 4.865153249267474678e+01 9.997182256061912797e-01 -2.370603966106377136e-02 -1.221914234640453928e-03 -4.630960940302885831e+01 7.885529154877928687e-04 -1.828137197271597486e-02 9.998325707952779862e-01 4.781269577192476250e-01
-2.219751017149551586e-02 -9.995938230460539309e-01 -1.787342917184508301e-02 4.864296887661888036e+01 9.997529657250325830e-01 -2.217373219115481575e-02 -1.527456944382846182e-03 -4.601081226728187801e+01 1.130515894779830430e-03 -1.790291956328789180e-02 9.998390907565687380e-01 4.842079355728234891e-01
-2.063365132253114353e-02 -9.996415841422785498e-01 -1.705742321150222757e-02 4.864672588542487830e+01 9.997856949923999981e-01 -2.060198021431891569e-02 -2.030394004324574155e-03 -4.573262584276187681e+01 1.678249583405368867e-03 -1.709566216222383958e-02 9.998524500212873090e-01 4.863826117868325083e-01
-1.961778508925404729e-02 -9.996527339348260099e-01 -1.759414802768283909e-02 4.864624657417561338e+01 9.998035356184629130e-01 -1.956478401160666181e-02 -3.179526914539388890e-03 -4.542288456980053013e+01 2.834197066708815660e-03 -1.765306667996684176e-02 9.998401555067588653e-01 4.919367853257856638e-01
-1.881712906552013287e-02 -9.996607106189233649e-01 -1.801053299047233880e-02 4.864141255840880973e+01 9.998162161516860325e-01 -1.874787461383076170e-02 -4.006384603265122739e-03 -4.513639144839376627e+01 3.667366065279087720e-03 -1.808261160157491679e-02 9.998297703028300454e-01 4.939919763268408870e-01
-1.702655113661388775e-02 -9.996889583682152525e-01 -1.822314662908881139e-02 4.862236529188357537e+01 9.998457872805136537e-01 -1.694516580485716517e-02 -4.611183498415469956e-03 -4.486609559128691416e+01 4.300954987259530266e-03 -1.829884893972561974e-02 9.998233113473993239e-01 4.984192431698191150e-01
-1.609097337591158805e-02 -9.997035014629832572e-01 -1.827538613728553127e-02 4.862610969244691006e+01 9.998584836504792461e-01 -1.599836375081897799e-02 -5.202406122248017829e-03 -4.455752186069764775e+01 4.908487341332839170e-03 -1.835651164975707350e-02 9.998194563180256011e-01 5.012242585898838421e-01
-1.536017785726961904e-02 -9.997237483587869677e-01 -1.779021932551356350e-02 4.859533329418764680e+01 9.998683044481145865e-01 -1.526432501028174293e-02 -5.511274084381860908e-03 -4.427494603736420942e+01 5.238195896082040344e-03 -1.787253058291759372e-02 9.998265519350428843e-01 5.017128807133804935e-01
-1.496297473222751861e-02 -9.997372164459860100e-01 -1.736684887926265297e-02 4.860849133689464452e+01 9.998755288058877033e-01 -1.487361356860694706e-02 -5.263317828012092914e-03 -4.399075435653139010e+01 5.003626915512796383e-03 -1.744344209851290614e-02 9.998353314648598111e-01 5.057951454586989692e-01
-1.359730867175934499e-02 -9.997489710567241117e-01 -1.780752840533020992e-02 4.860859950334291568e+01 9.999018140984209380e-01 -1.353473948268835159e-02 -3.629461368178455230e-03 -4.370127206589094726e+01 3.387530010529824984e-03 -1.785513086363418184e-02 9.998348458331857147e-01 5.082716732865891762e-01
-1.234123763384831207e-02 -9.997678772911692269e-01 -1.766027718849513123e-02 4.860908648327537662e+01 9.999204923339205520e-01 -1.229354207467525661e-02 -2.806747931001466086e-03 -4.342804283774326279e+01 2.588989060401522199e-03 -1.769351180426835882e-02 9.998401056047298008e-01 5.093918419593247426e-01
-1.218607816690675527e-02 -9.997772328916499918e-01 -1.723322634986809709e-02 4.861552957419661425e+01 9.999217839992681212e-01 -1.213569765721222993e-02 -3.025016709718105629e-03 -4.314548508168700636e+01 2.815205610852671708e-03 -1.726874152590412298e-02 9.998469208751308290e-01 5.162788428001343632e-01
-1.095535133460834309e-02 -9.997875180697367581e-01 -1.746135702318848959e-02 4.861250876373821939e+01 9.999378467049725439e-01 -1.091751605913393597e-02 -2.260657011037408952e-03 -4.285959393083035707e+01 2.069542016557105249e-03 -1.748503803411680796e-02 9.998449832052902497e-01 5.206733001532287686e-01
-9.773181026001109828e-03 -9.997890251570833442e-01 -1.806626989951460455e-02 4.862433398332927226e+01 9.999508975711792758e-01 -9.741953400257186146e-03 -1.815706622836777209e-03 -4.260235902304707878e+01 1.639322794939699485e-03 -1.808312803129789870e-02 9.998351429617673425e-01 5.264740728219442500e-01
-8.224252138606225060e-03 -9.998152716382729954e-01 -1.737193931739873520e-02 4.860693276148440845e+01 9.999651179893348507e-01 -8.197679892886666764e-03 -1.600265274779131761e-03 -4.233473771922034246e+01 1.457560062753908078e-03 -1.738449433433462282e-02 9.998478158576948882e-01 5.304660427615904839e-01
-8.171771067699173940e-03 -9.998122147316820252e-01 -1.757149484096936359e-02 4.861193141820870522e+01 9.999662790543150104e-01 -8.156199068910963135e-03 -9.576904596127980979e-04 -4.203489599995383941e+01 8.141940095915869285e-04 -1.757872834073589963e-02 9.998451507098673474e-01 5.329200683925339188e-01
-7.361166593626622401e-03 -9.998243186574313768e-01 -1.723789568318970927e-02 4.860926718006776781e+01 9.999729062457327622e-01 -7.360088626982896898e-03 -1.259756582863980068e-04 -4.177077402774179404e+01 -9.189132573386021852e-07 -1.723835597168736980e-02 9.998514085015577368e-01 5.317076965866878169e-01
-7.272789385731170952e-03 -9.998359929417448555e-01 -1.658595046254652400e-02 4.860885403634758006e+01 9.999734298896676421e-01 -7.280015642328052650e-03 3.753490930688482830e-04 -4.149178606122804069e+01 -4.960335119784890084e-04 -1.658277993711275086e-02 9.998623732095893724e-01 5.372195757491867729e-01
-6.773798186076485095e-03 -9.998352522158261424e-01 -1.683995500736163928e-02 4.858985296282394017e+01 9.999769994043045118e-01 -6.767093545875235705e-03 -4.550904364875943409e-04 -4.123906613360414042e+01 3.410579105034387826e-04 -1.684265036913816169e-02 9.998580943354135053e-01 5.408635298115076484e-01
-5.965147206847598582e-03 -9.998256792943877036e-01 -1.769259851793524019e-02 4.858048408655622552e+01 9.999808283046519586e-01 -5.934810818841507185e-03 -1.766647584243307909e-03 -4.098910584960799497e+01 1.661337395892196339e-03 -1.770279763372917259e-02 9.998419129612422518e-01 5.398426257696632424e-01
-6.239503260443424182e-03 -9.998089665187196440e-01 -1.852293356444445482e-02 4.858900758288768174e+01 9.999795056491084244e-01 -6.211860016577475108e-03 -1.549540867331425723e-03 -4.069659091125267025e+01 1.434182982746457988e-03 -1.853222231423834465e-02 9.998272350037619161e-01 5.440760157001239827e-01
-6.561186810390529089e-03 -9.998135712032689693e-01 -1.815967140135880259e-02 4.859834125148157824e+01 9.999774164917245578e-01 -6.533672487219588376e-03 -1.574049035511336167e-03 -4.041186535462265539e+01 1.455106242031647609e-03 -1.816958892204013215e-02 9.998338605509560217e-01 5.462865046867941832e-01
-6.419290894053464314e-03 -9.998114167470103508e-01 -1.832821995594272751e-02 4.858801275588391633e+01 9.999786072672033344e-01 -6.395185020285243382e-03 -1.373541590425960551e-03 -4.016208331246611607e+01 1.256070205773984413e-03 -1.833664502825459869e-02 9.998310806014913954e-01 5.517119159884217305e-01
-5.711979886300122544e-03 -9.998226096226785486e-01 -1.794777348519315668e-02 4.857488738388487093e+01 9.999833169843821423e-01 -5.695627962541749412e-03 -9.620680981032529028e-04 -3.990448128050405074e+01 8.596735959526900089e-04 -1.795296937583341218e-02 9.998384628788286044e-01 5.506533717139961981e-01
-6.012658265149184444e-03 -9.998132511557492608e-01 -1.836602172375808792e-02 4.858573056889598263e+01 9.999818053337826695e-01 -6.002703069647230549e-03 -5.971241468218004694e-04 -3.963368267808922951e+01 4.867668595990998215e-04 -1.836927786355978948e-02 9.998311520895893922e-01 5.582738869945624849e-01
-5.754443091182670500e-03 -9.998143710436444564e-01 -1.838776330368527973e-02 4.858266657356407592e+01 9.999823107897980456e-01 -5.725792400143703276e-03 -1.610406435199381731e-03 -3.938961684119962570e+01 1.504822981753630926e-03 -1.839670503086008116e-02 9.998296338635903613e-01 5.583137861160524240e-01
-5.218001264814864371e-03 -9.998137899645193061e-01 -1.857842457220140742e-02 4.858281345627145953e+01 9.999843873294195218e-01 -5.179943690423405300e-03 -2.096015450800244040e-03 -3.910265391778026611e+01 1.999389958548003846e-03 -1.858907152465200108e-02 9.998252091539026054e-01 5.623851329709363966e-01
-5.873867282840228299e-03 -9.998005287485096648e-01 -1.908927440591936392e-02 4.859061149648545808e+01 9.999808370694753812e-01 -5.835459258813013861e-03 -2.067101611037396036e-03 -3.882468544857344028e+01 1.955294600616044529e-03 -1.910105048000353134e-02 9.998156463536591598e-01 5.624675542021586594e-01
-4.888491877747425107e-03 -9.998050998516019305e-01 -1.912759676201362946e-02 4.857828356564713346e+01 9.999871909291566663e-01 -4.862502542424040897e-03 -1.405007700969745574e-03 -3.857570613529559012e+01 1.311725876874577854e-03 -1.913422012400600031e-02 9.998160635814319352e-01 5.625519454736482849e-01
-4.602588524977191398e-03 -9.998196089628823557e-01 -1.842730886969003168e-02 4.857399495136139222e+01 9.999888710667876879e-01 -4.582707872327063114e-03 -1.120950993000833368e-03 -3.829030093148256242e+01 1.036301810065719253e-03 -1.843226306957778185e-02 9.998295743558960336e-01 5.690704466138144513e-01
-4.497640958375903608e-03 -9.998350452781037401e-01 -1.759697302214446868e-02 4.856850736717291994e+01 9.999885193565170027e-01 -4.467850155887242991e-03 -1.731897845027783461e-03 -3.799953173709498344e+01 1.652991521640270398e-03 -1.760456045225433641e-02 9.998436613142638318e-01 5.724343973633355676e-01
-4.791320225483453044e-03 -9.998389244754478655e-01 -1.729648387033907650e-02 4.857273794033056191e+01 9.999870788696069157e-01 -4.761215535104224017e-03 -1.781269339287096069e-03 -3.770910533276396848e+01 1.698630132687767476e-03 -1.730479501202800141e-02 9.998488179346235460e-01 5.740160217277969767e-01
-5.102870603277409600e-03 -9.998318363153788635e-01 -1.761419319253758331e-02 4.858096386108811515e+01 9.999857574889752243e-01 -5.074526542056201350e-03 -1.653481047541718874e-03 -3.742684478364198952e+01 1.563819301203882295e-03 -1.762237982202742234e-02 9.998434908517439546e-01 5.805786926762674938e-01
-4.368574149421933228e-03 -9.998406402543238425e-01 -1.730923613928000981e-02 4.858874368388836018e+01 9.999888430587544619e-01 -4.336806786037872286e-03 -1.872395501714449288e-03 -3.715852729096107510e+01 1.797030304493531759e-03 -1.731722271973567748e-02 9.998484307530616233e-01 5.845755082323589313e-01
-5.850418439089510869e-03 -9.998170502900538548e-01 -1.821094597717607538e-02 4.857902276804870922e+01 9.999822233824533502e-01 -5.828477107606033769e-03 -1.257685847686778116e-03 -3.685585239451229000e+01 1.151313672689916953e-03 -1.821798023662816318e-02 9.998333759546762511e-01 5.854552652411967317e-01
-6.151324132622093543e-03 -9.997966432336161668e-01 -1.920503554303457094e-02 4.857741961070226466e+01 9.999810679320698670e-01 -6.153225521922989216e-03 3.991383096963764532e-05 -3.654961097793125191e+01 -1.580786290748693174e-04 -1.920442642908539582e-02 9.998155655002960440e-01 5.863993161631039230e-01
-6.405341757286020510e-03 -9.997858033776256814e-01 -1.968042076603507967e-02 4.857324933698702552e+01 9.999793382684842857e-01 -6.414783181103000942e-03 4.166447697141941603e-04 -3.628755466084716375e+01 -5.428011579387808511e-04 -1.967734538232368546e-02 9.998062349503565871e-01 5.839881468113509166e-01
-6.518601081243247108e-03 -9.997678973194346064e-01 -2.053434511788622407e-02 4.856394474953330587e+01 9.999787514034252922e-01 -6.515836572024813478e-03 -2.015326617177438939e-04 -3.603126805573595703e+01 6.768744854503822017e-05 -2.053522250289746207e-02 9.997891277940392785e-01 5.892800305838709063e-01
-7.025629123278420707e-03 -9.997564611020779424e-01 -2.092030162477744731e-02 4.854967214364815220e+01 9.999751446100793029e-01 -7.011700677715948515e-03 -7.390640414378524953e-04 -3.576385502969451124e+01 5.921971575152343986e-04 -2.092497403237679465e-02 9.997808733738963172e-01 5.910250442832288842e-01
-7.668312783708941538e-03 -9.997606499332054586e-01 -2.048999326954658792e-02 4.855725924110489444e+01 9.999700559634776553e-01 -7.645362625884555285e-03 -1.198168067627005881e-03 -3.548543232182883145e+01 1.041227857272376822e-03 -2.049856764394979852e-02 9.997893400957501564e-01 5.960495439833261022e-01
-7.623823774020044297e-03 -9.997794654556635408e-01 -1.956777361505921548e-02 4.854987227951350093e+01 9.999694431538552752e-01 -7.588514376117183602e-03 -1.878086295142567669e-03 -3.520967738677556014e+01 1.729181780850758826e-03 -1.958149388455803636e-02 9.998067688446692358e-01 6.017108857596320526e-01
-7.494672459046780588e-03 -9.997800814121460267e-01 -1.958618636321794032e-02 4.852434957413538541e+01 9.999700891523948254e-01 -7.455796042416418246e-03 -2.057159674399375998e-03 -3.494793316286256868e+01 1.910676655975886498e-03 -1.960101826173803879e-02 9.998060558917510887e-01 6.061653226391595650e-01
-8.083986203271775750e-03 -9.997796677765534712e-01 -1.937175953984490717e-02 4.853190320580541339e+01 9.999663807938145021e-01 -8.055853042490790372e-03 -1.529873811087916619e-03 -3.467729442957524100e+01 1.373480682562067470e-03 -1.938347575544834001e-02 9.998111793826135463e-01 6.074852153876286742e-01
-8.881506229627911253e-03 -9.997893523544458816e-01 -1.850323662958931747e-02 4.853557167405698181e+01 9.999601460729405922e-01 -8.863173061259610463e-03 -1.072580565325170418e-03 -3.438347990247775243e+01 9.083572403129295397e-04 -1.851202533391903271e-02 9.998282251492804917e-01 6.099854955413384072e-01
-9.557765780019433777e-03 -9.997933211001960307e-01 -1.794336079820906676e-02 4.855704219571140356e+01 9.999531311284267643e-01 -9.528504205470911259e-03 -1.715562316551176233e-03 -3.412274010405840841e+01 1.544234357193032328e-03 -1.795891675593884462e-02 9.998375331268591903e-01 6.142153436369921504e-01
-9.489870925659893430e-03 -9.997734722244343564e-01 -1.905115708067068106e-02 4.852732017868616055e+01 9.999513429754628424e-01 -9.436798347701724765e-03 -2.873763823486094951e-03 -3.385289661113518633e+01 2.693330908498981630e-03 -1.907750175580885665e-02 9.998143802203358632e-01 6.164759460202138275e-01
-1.038626510380713519e-02 -9.997445568179602615e-01 -2.007353008451578935e-02 4.851362309868778055e+01 9.999431052620960658e-01 -1.033532924380753393e-02 -2.639546972309052275e-03 -3.358138391170513160e+01 2.431406175522359339e-03 -2.009980304089117528e-02 9.997950220828902834e-01 6.155950270927738055e-01
-9.784777610308381668e-03 -9.997415432741669772e-01 -2.052083767549730750e-02 4.852723946723244808e+01 9.999508081743544441e-01 -9.749362520372173435e-03 -1.825147090499185457e-03 -3.334746753229396887e+01 1.624610283237879621e-03 -2.053768687641490537e-02 9.997877595065834955e-01 6.169707989740715881e-01
-9.709390783011251358e-03 -9.997412388116254656e-01 -2.057141584868609624e-02 4.849979774309620240e+01 9.999527244660632030e-01 -9.696515219125290130e-03 -7.255518610561548232e-04 -3.306998581152299010e+01 5.258930695386226234e-04 -2.057748799057034644e-02 9.997881227662576142e-01 6.178729841211575424e-01
-9.634340078239489458e-03 -9.997651698156806432e-01 -1.941094316823231691e-02 4.850439704374646510e+01 9.999532695581552222e-01 -9.648029863269735884e-03 6.117350025141021774e-04 -3.282082063838396380e+01 -7.988687080320421713e-04 -1.940414242322945071e-02 9.998114027483414601e-01 6.242223506210181627e-01
-1.029788897948358262e-02 -9.997862017537906265e-01 -1.793054001684012133e-02 4.850632807046892481e+01 9.999458630569388884e-01 -1.032296723930747895e-02 1.306637933934732751e-03 -3.255918603371453912e+01 -1.491454954212953141e-03 -1.791611369983612395e-02 9.998383811556815770e-01 6.275249431593766802e-01
-1.023806898104862029e-02 -9.997847515193946100e-01 -1.804529226258018773e-02 4.852113298122978335e+01 9.999466307446093216e-01 -1.026138324723646633e-02 1.199865141450515843e-03 -3.229838556201364241e+01 -1.384776532016612077e-03 -1.803204489668269739e-02 9.998364505011808623e-01 6.308384546013302563e-01
-1.050829581362866527e-02 -9.997646246784489543e-01 -1.898080505811310797e-02 4.850658324251946851e+01 9.999443110460796147e-01 -1.052490488501711674e-02 7.753603955757779748e-04 -3.205068978886580311e+01 -9.749490627510380009e-04 -1.897160032053596401e-02 9.998195476462754527e-01 6.328927326108338969e-01
-1.119778532598614262e-02 -9.997504892108752816e-01 -1.932793125011629531e-02 4.848888673251119030e+01 9.999370936864393489e-01 -1.120819268425710113e-02 4.302170034143504990e-04 -3.180048223791564865e+01 -6.467408372697047714e-04 -1.932189792356477087e-02 9.998131055286886282e-01 6.317415406507080888e-01
-1.170002002423875531e-02 -9.997356319725579921e-01 -1.979332452779110699e-02 4.848750982641487184e+01 9.999315474738904586e-01 -1.169575806427425313e-02 -3.310736666885978619e-04 -3.154147619805166869e+01 9.948820643168598821e-05 -1.979584319325682767e-02 9.998040381466584137e-01 6.355953970516633467e-01
-1.208758915485685925e-02 -9.997412661702709258e-01 -1.926891031395997628e-02 4.849751800760738973e+01 9.999269125502370237e-01 -1.208063365760225771e-02 -4.773344549031336564e-04 -3.128009456501436247e+01 2.444303058474154439e-04 -1.927327182122574173e-02 9.998142233670866963e-01 6.387892465873472592e-01
-1.243138634871621129e-02 -9.997283643613599224e-01 -1.971441413810905846e-02 4.849092249995567983e+01 9.999224562194566346e-01 -1.241444803764180094e-02 -9.813398848767460048e-04 -3.102713950353092898e+01 7.363297480802877965e-04 -1.972508482315389611e-02 9.998051704443328136e-01 6.445885186247034548e-01
-1.281567744095291062e-02 -9.997318977321905109e-01 -1.928447739822406609e-02 4.847671603980589339e+01 9.999171377493047963e-01 -1.278985127595588800e-02 -1.461964287129779647e-03 -3.077572368469532194e+01 1.214926733331123110e-03 -1.930161550575741625e-02 9.998129683055229089e-01 6.479055401853147655e-01
-1.251797536664178701e-02 -9.997393687324866995e-01 -1.909174950310023322e-02 4.845623239886573685e+01 9.999199683051829268e-01 -1.248068536399982165e-02 -2.071105358734394788e-03 -3.054488955233063052e+01 1.832287445323097994e-03 -1.911614760389283157e-02 9.998155908083770083e-01 6.429099444299344324e-01
-1.318801682219450377e-02 -9.997303458192767778e-01 -1.911313319073682654e-02 4.845533093656877810e+01 9.999103150129466933e-01 -1.314099220659104006e-02 -2.583844913339457955e-03 -3.031482881172766142e+01 2.331982634453231076e-03 -1.914549481981712639e-02 9.998139886424358691e-01 6.474839965418991428e-01
-1.405975060196640314e-02 -9.997248392474520351e-01 -1.877682626715587028e-02 4.845766235581940862e+01 9.998985507703799236e-01 -1.401436086064000719e-02 -2.546734568442624719e-03 -3.006330815803518419e+01 2.282888587916772835e-03 -1.881072782547806369e-02 9.998204563512245180e-01 6.488195469000244131e-01
-1.509056264406472003e-02 -9.997374425854229640e-01 -1.724299312311684818e-02 4.846514390550752438e+01 9.998846943412936783e-01 -1.505906381446164843e-02 -1.955151925047129632e-03 -2.980017484261072980e+01 1.694975251619244144e-03 -1.727050925104030299e-02 9.998494169469250847e-01 6.507077322644323480e-01
-1.569989507729419032e-02 -9.997283402999226354e-01 -1.722669137483820792e-02 4.846154049061070168e+01 9.998759663674006148e-01 -1.567599539517616769e-02 -1.521528582445410768e-03 -2.955030245988650961e+01 1.251069709780960187e-03 -1.724844252483081347e-02 9.998504518451991618e-01 6.532565051033857317e-01
-1.556844617417341148e-02 -9.997247312762814753e-01 -1.755235477904461272e-02 4.844864334138007678e+01 9.998775125318190016e-01 -1.553780833351070534e-02 -1.880543903772209993e-03 -2.932985863981910413e+01 1.607301124493349873e-03 -1.757948198209115243e-02 9.998441770577736198e-01 6.536385747841831906e-01
-1.631095144321115242e-02 -9.997139741438357818e-01 -1.749064791698466681e-02 4.844354924349333658e+01 9.998653336620767496e-01 -1.627680455094071554e-02 -2.092886627330180389e-03 -2.906346676939735829e+01 1.807596150026668028e-03 -1.752242948763630889e-02 9.998448364926476595e-01 6.560525285816147800e-01
-1.685327917295231792e-02 -9.997074248586629297e-01 -1.735026407809470497e-02 4.845024878827037895e+01 9.998557777695363802e-01 -1.681433874503768244e-02 -2.387817715630006186e-03 -2.880395799533287615e+01 2.095385881999430912e-03 -1.738800434288585717e-02 9.998466215690171577e-01 6.611465101023759061e-01
-1.724095126780866849e-02 -9.997018518447605695e-01 -1.729037355112908458e-02 4.843103739527497709e+01 9.998494710319710821e-01 -1.720469251790057719e-02 -2.243620389508497494e-03 -2.856533109438502649e+01 1.945475897761492212e-03 -1.732645299884057535e-02 9.998479930219443812e-01 6.610041187242132743e-01
-1.780891440450127483e-02 -9.996846083172155062e-01 -1.770667844032421112e-02 4.842739216373090017e+01 9.998406911486252824e-01 -1.778489171989172668e-02 -1.513258058503606437e-03 -2.828795984413794784e+01 1.197869430717942926e-03 -1.773080709295603297e-02 9.998420793248598004e-01 6.655060034367286104e-01
-1.853491996698108935e-02 -9.996553212682185441e-01 -1.859288578872855813e-02 4.843028244538461280e+01 9.998281140510790754e-01 -1.852341401927160014e-02 -7.908768129002048675e-04 -2.801187271666784184e+01 4.462004932056905931e-04 -1.860434877134242715e-02 9.998268245610907323e-01 6.697997101472491499e-01
-1.905302980124790047e-02 -9.996315005650793228e-01 -1.933507521063171364e-02 4.842478854938259758e+01 9.998184175590163481e-01 -1.904293600164330691e-02 -7.060440651093652376e-04 -2.774225168052108614e+01 3.375872884473236218e-04 -1.934501657909188863e-02 9.998128106642649726e-01 6.699849415199212732e-01
-1.937962997977726864e-02 -9.996136118325338327e-01 -1.992628869015442700e-02 4.838425547073442345e+01 9.998118812013101486e-01 -1.935992569163169641e-02 -1.181306866064187402e-03 -2.749405228103163878e+01 7.950789547176029953e-04 -1.994543347062058269e-02 9.998007539170615798e-01 6.722212516452930053e-01
-2.008706719544495201e-02 -9.996028503155317546e-01 -1.976490254341437686e-02 4.840202918971402823e+01 9.997973965540937202e-01 -2.005753006629484858e-02 -1.691547012775339656e-03 -2.723133380242768098e+01 1.294440088391033208e-03 -1.979487632456094354e-02 9.998032242877359366e-01 6.784778882049407045e-01
-2.039678481259299403e-02 -9.995933228365769807e-01 -1.992887628141097600e-02 4.840232648406658456e+01 9.997907024216563521e-01 -2.036104149702966382e-02 -1.994828405534615143e-03 -2.694244638491814925e+01 1.588244477422161641e-03 -1.996539330159190218e-02 9.997994101567537761e-01 6.770777710355435630e-01
-2.174644363784272727e-02 -9.995602176085466306e-01 -2.016094153210745005e-02 4.839927509699719366e+01 9.997617311750320868e-01 -2.170385529994289797e-02 -2.328850150165122021e-03 -2.663626858994265234e+01 1.890255805153276056e-03 -2.020678201678989538e-02 9.997940352360165095e-01 6.803628846032925281e-01
-2.313270891942886820e-02 -9.995346414214549835e-01 -1.988412373057791074e-02 4.838203415606984947e+01 9.997297435853809144e-01 -2.308219435694258692e-02 -2.766241923162779739e-03 -2.631278859222043565e+01 2.305985420186812407e-03 -1.994274058779987868e-02 9.997984644562570855e-01 6.827698073210122232e-01
-2.366973717052456294e-02 -9.995296259593526855e-01 -1.950052234775620161e-02 4.837905859610005876e+01 9.997173199732005688e-01 -2.362144213010020088e-02 -2.703260493605356973e-03 -2.602217790691243238e+01 2.241358489899810541e-03 -1.955899540496343000e-02 9.998061922247073463e-01 6.843664339116041218e-01
-2.355715811536707172e-02 -9.995363607021469088e-01 -1.929051414129150793e-02 4.835866459404471840e+01 9.997205998469144150e-01 -2.351518912016370422e-02 -2.399608794933082156e-03 -2.574660369085091105e+01 1.944876153738615485e-03 -1.934165233248459626e-02 9.998110411181684309e-01 6.876217573015718232e-01
-2.361314870725528259e-02 -9.995433573785758030e-01 -1.885459966411304200e-02 4.835328541112752987e+01 9.997203743860140213e-01 -2.358512519522415474e-02 -1.707309876358222706e-03 -2.546712397253525140e+01 1.261842152316762500e-03 -1.888964239710531554e-02 9.998207785220769583e-01 6.904676017309747671e-01
-2.377237481329075308e-02 -9.995345003013554885e-01 -1.912215738498587031e-02 4.835473165594595457e+01 9.997170711133552823e-01 -2.375256967741501413e-02 -1.262203729305912472e-03 -2.517280769835725707e+01 8.074157981809194917e-04 -1.914675275443047942e-02 9.998163581071723982e-01 6.940958744219605236e-01
-2.503785140025538425e-02 -9.994824785541222001e-01 -2.019606547244581080e-02 4.833613420155217000e+01 9.996865032629881354e-01 -2.503204398423841681e-02 -5.403404396880362448e-04 -2.487555558531189348e+01 3.451200270760020061e-05 -2.020326303545418034e-02 9.997958926559169512e-01 6.967891714565063177e-01
-2.508292851304450011e-02 -9.994662794799076266e-01 -2.092851833744305973e-02 4.834632670570376689e+01 9.996848691171995593e-01 -2.509845593305382039e-02 4.795496890376144128e-04 -2.460198084706992105e+01 -1.004567238764591044e-03 -2.090989460441509268e-02 9.997808595648823848e-01 6.986478166206351315e-01
-2.565580255970667523e-02 -9.994423366439935119e-01 -2.137277517337707669e-02 4.833103446814225634e+01 9.996693032499173182e-01 -2.568733473974060821e-02 1.202070627461788652e-03 -2.430759970484926669e+01 -1.750409906917275299e-03 -2.133486717940601129e-02 9.997708534997381546e-01 7.022614176189421187e-01
-2.608969746086553521e-02 -9.994328666871273859e-01 -2.129020131306783026e-02 4.832678134047117169e+01 9.996578386024080887e-01 -2.612378099048950908e-02 1.324306430815300889e-03 -2.402879188208792627e+01 -1.879735928867953473e-03 -2.124836587390609155e-02 9.997724608832383453e-01 7.049828189491248454e-01
-2.779572041159439344e-02 -9.993714111855357407e-01 -2.200410034133358853e-02 4.829196236831955957e+01 9.996104608640686839e-01 -2.784427712066150917e-02 1.903355655733818610e-03 -2.372325223368305558e+01 -2.514847495353612905e-03 -2.194262374144907018e-02 9.997560686514567196e-01 7.087190836450200093e-01
-2.853313767695220271e-02 -9.993657511531326421e-01 -2.130623093001349916e-02 4.830222355094527842e+01 9.995895925371183210e-01 -2.858095446683983631e-02 1.943073143839723141e-03 -2.342743276369941086e+01 -2.550793168009549833e-03 -2.124204472030437330e-02 9.997711082994520382e-01 7.076591651938457517e-01
-2.859926715631377903e-02 -9.993488951353516336e-01 -2.199699320073374847e-02 4.828908927745087709e+01 9.995885007228711983e-01 -2.864105890178492153e-02 1.587125573663117004e-03 -2.317117840415529173e+01 -2.216109366405675726e-03 -2.194255082564083859e-02 9.997567770825763755e-01 7.127340260516089598e-01
-2.909278543728532895e-02 -9.993576427604744516e-01 -2.092633966388034172e-02 4.828181444676861389e+01 9.995751530290506448e-01 -2.912337789867325277e-02 1.158579613735886624e-03 -2.287575064380335021e+01 -1.767281089800615615e-03 -2.088374286374664740e-02 9.997803488774674729e-01 7.131511889165201845e-01
-2.881310342663678803e-02 -9.993733274439398073e-01 -2.056106671732497657e-02 4.828901474266130123e+01 9.995845128022819992e-01 -2.882302881932319316e-02 1.864819173042764344e-04 -2.262223686352880136e+01 -7.789972727539791475e-04 -2.054715073456201205e-02 9.997885815310856295e-01 7.185481635061532479e-01
-3.025961428042367451e-02 -9.993311436774938716e-01 -2.053341227931348989e-02 4.826150580517646205e+01 9.995420342991827578e-01 -3.024750926987507249e-02 -8.999177853109101288e-04 -2.231978567207564979e+01 2.782312913497675400e-04 -2.055123984583642413e-02 9.997887622533808694e-01 7.202931810713499861e-01
-3.050707305423316917e-02 -9.993251080217949722e-01 -2.046086437303427236e-02 4.827465893898524030e+01 9.995341764998931788e-01 -3.048295074559326245e-02 -1.489873324327628187e-03 -2.206971519927046188e+01 8.651602998770314273e-04 -2.049678489592362401e-02 9.997895445075357657e-01 7.204867879078452608e-01
-3.122997978598185398e-02 -9.992953805447067905e-01 -2.081900056622759676e-02 4.823749498659871904e+01 9.995111190428908055e-01 -3.119218107113641558e-02 -2.137931162026483409e-03 -2.180950925715971778e+01 1.487034698753776987e-03 -2.087559010027862511e-02 9.997809752469637434e-01 7.216225025746911825e-01
-3.141142452590806045e-02 -9.992728900209687515e-01 -2.161049926295801824e-02 4.823977125015554890e+01 9.995052468093378328e-01 -3.136926815131135804e-02 -2.287054056257158824e-03 -2.153898774314876263e+01 1.607485570166829192e-03 -2.167164702537065571e-02 9.997638499692562686e-01 7.242005002656368706e-01
-3.253355917066280689e-02 -9.992504682656656589e-01 -2.097782635396395340e-02 4.823489211667708076e+01 9.994691319038605526e-01 -3.248983741554312132e-02 -2.421742359345734757e-03 -2.125783997490001553e+01 1.738361019023242082e-03 -2.104547779357015397e-02 9.997770081200146874e-01 7.239890603654591805e-01
-3.215452501378934791e-02 -9.992610371806120995e-01 -2.105863466289363550e-02 4.820392656884890670e+01 9.994814296430540868e-01 -3.211108167298215577e-02 -2.397964234066558495e-03 -2.099524827927666948e+01 1.719976690073688960e-03 -2.112481968014616462e-02 9.997753666067528133e-01 7.285152667857125452e-01
-3.265150541348083024e-02 -9.992536262697729876e-01 -2.064145297556424508e-02 4.821172268891107393e+01 9.994654121744180886e-01 -3.261011103348310236e-02 -2.338915433384502335e-03 -2.073486599932581953e+01 1.664049654922237012e-03 -2.070678741603601547e-02 9.997842066634444746e-01 7.289397173907500305e-01
-3.354853718909978078e-02 -9.992289389955290035e-01 -2.039664497757202183e-02 4.818564346140615839e+01 9.994360482745737739e-01 -3.351205805333923315e-02 -2.127762753112735425e-03 -2.047035362364406907e+01 1.442588567645298678e-03 -2.045652558229640178e-02 9.997897026371722617e-01 7.326081545686295993e-01
-3.428601575090728382e-02 -9.992195853051495380e-01 -1.961350214860823477e-02 4.819195784530938198e+01 9.994114309870933965e-01 -3.425734253336409907e-02 -1.796133314118947971e-03 -2.020206242620632509e+01 1.122825123902956510e-03 -1.966354050410759613e-02 9.998060234058326889e-01 7.358517493341765192e-01
-3.471355301406009453e-02 -9.992117772592905567e-01 -1.925599707805341482e-02 4.819481756314499421e+01 9.993971038948896712e-01 -3.469493977994986267e-02 -1.299953911721937055e-03 -1.991909932214300483e+01 6.308435994608896369e-04 -1.928951373144543666e-02 9.998137410019715121e-01 7.410179803759223693e-01
-3.534362690010262043e-02 -9.992028611190786336e-01 -1.855991295759486931e-02 4.817811890633561944e+01 9.993750143037423150e-01 -3.532564219799683158e-02 -1.296066624013065410e-03 -1.967013138313720688e+01 6.393926345488413349e-04 -1.859412097266937777e-02 9.998269099410720395e-01 7.448659140898162834e-01
-3.619478265322451094e-02 -9.991781310306718789e-01 -1.824829248833108319e-02 4.815989527031173623e+01 9.993445345605781460e-01 -3.617663386569014428e-02 -1.323784744361794150e-03 -1.938535736950759869e+01 6.625349707339561051e-04 -1.828424546437834586e-02 9.998326096978488176e-01 7.485515590743770931e-01
-3.641352623469451544e-02 -9.991581448280566491e-01 -1.889594482716395671e-02 4.816198507610846491e+01 9.993368036429908230e-01 -3.640532455109646293e-02 -7.779646134354768067e-04 -1.916179453751740169e+01 8.939667576954996031e-05 -1.891174154025333093e-02 9.998211530269546232e-01 7.514922499150246127e-01
-3.658382895314193917e-02 -9.991411657200712781e-01 -1.945647508322857072e-02 4.817058486498145697e+01 9.993305509768271033e-01 -3.658216945211889559e-02 -4.413190770385030937e-04 -1.889429129444261690e+01 -2.708200113488365424e-04 -1.945959510661784964e-02 9.998106074726392789e-01 7.498168180516393555e-01
-3.796864596732740793e-02 -9.990807981503754265e-01 -1.989825848199650027e-02 4.815060847995446380e+01 9.992788486485569832e-01 -3.796919832771417092e-02 -3.501741923479882029e-04 -1.864191418691572366e+01 -4.056686110963571984e-04 -1.989720446593699898e-02 9.998019487315569220e-01 7.536749298457883217e-01
-3.979813466024428870e-02 -9.990216787174842628e-01 -1.928195866775221298e-02 4.813806163140532135e+01 9.992077373030429088e-01 -3.978920415362408036e-02 -8.467269658419627337e-04 -1.839150305382513295e+01 7.868480491786747355e-05 -1.930038044498252198e-02 9.998137272129146158e-01 7.571504195034017837e-01
-4.224940362922602333e-02 -9.989345137315537304e-01 -1.856946872906289903e-02 4.813134021229768678e+01 9.991070585404404625e-01 -4.223706185043285544e-02 -1.056494634197633481e-03 -1.816128864933159193e+01 2.710491544331075642e-04 -1.859752354878504640e-02 9.998270143630888507e-01 7.580185104938113039e-01
-4.758325019690690105e-02 -9.987036290456628995e-01 -1.808025530023197117e-02 4.809244410690363480e+01 9.988671285766655972e-01 -4.756562602982294941e-02 -1.403805327688611645e-03 -1.787889830949638892e+01 5.419868131016948587e-04 -1.812657031581090677e-02 9.998355533280862684e-01 7.629621735616817224e-01
-5.518996429618794330e-02 -9.983510019803309987e-01 -1.579065185021876275e-02 4.809402120285227511e+01 9.984758448851489554e-01 -5.517934536865021222e-02 -1.107711864761969436e-03 -1.763037328111193247e+01 2.345674180512782522e-04 -1.582771902570109801e-02 9.998747062950287257e-01 7.616727879528325529e-01
-6.549160325812342087e-02 -9.977373638951451129e-01 -1.519876936623043573e-02 4.805528689872154047e+01 9.978528450034925834e-01 -6.549530415831550378e-02 -2.546598633559587349e-04 -1.737371059710510579e+01 -7.413643617186745430e-04 -1.518281333538164246e-02 9.998844596042615329e-01 7.663390315532030428e-01
-7.867013067593098263e-02 -9.968056859566519767e-01 -1.376353820500782373e-02 4.802456208145973449e+01 9.968992645211188774e-01 -7.868596860900445300e-02 6.121611842051068522e-04 -1.711705279771496535e+01 -1.693203084285683363e-03 -1.367270231342446879e-02 9.999050906334879807e-01 7.684171896966746074e-01
-9.566098913709408791e-02 -9.953275013976994323e-01 -1.312021793743375908e-02 4.798275338531448142e+01 9.954098841721097379e-01 -9.569005953813602972e-02 1.604680047691347221e-03 -1.686635738729592759e+01 -2.852656617997723597e-03 -1.290648933680305782e-02 9.999126386256045329e-01 7.716696397007566377e-01
-1.160367549230001405e-01 -9.931748285623586137e-01 -1.179963631088623739e-02 4.794683645776895986e+01 9.932384488993269978e-01 -1.160706943362552757e-01 2.231041093007996717e-03 -1.664055486886983104e+01 -3.585405834583648560e-03 -1.146096969846831237e-02 9.999278929195705157e-01 7.744778585366567381e-01
-1.388578121058310355e-01 -9.902370142577622270e-01 -1.221325554693395571e-02 4.790035548707822954e+01 9.903059546410352132e-01 -1.388906057366963154e-01 1.875057493039095947e-03 -1.639938827802474819e+01 -3.553057794399398783e-03 -1.183449331262529172e-02 9.999236573600721600e-01 7.789382614694406737e-01
-1.637969626440183291e-01 -9.864092061261258149e-01 -1.293959420617379896e-02 4.783596088318471118e+01 9.864892222225016827e-01 -1.638231978132960176e-01 9.870648760134147562e-04 -1.617486687522388067e+01 -3.093455582005163844e-03 -1.260309199569958905e-02 9.999157927569251036e-01 7.769438732559649230e-01
-1.919778422133784357e-01 -9.812998585482418656e-01 -1.396766667328799838e-02 4.776300141919001874e+01 9.813940500085934771e-01 -1.920037552336526510e-01 5.259124510993608975e-04 -1.595886813024980100e+01 -3.197922266995795008e-03 -1.360682142811296159e-02 9.999023090801408831e-01 7.730637492450948001e-01
-2.223152633638112441e-01 -9.748819557832980598e-01 -1.345719003400148994e-02 4.769841119297377219e+01 9.749659704045631203e-01 -2.223509144310205077e-01 1.194740464615389255e-03 -1.574660930295206640e+01 -4.156949430529942487e-03 -1.285469329937650312e-02 9.999087341510779492e-01 7.729284395822285658e-01
-2.540405545355557404e-01 -9.670992663876528672e-01 -1.350576187153680260e-02 4.760359761200053441e+01 9.671774257974711242e-01 -2.540922205605087303e-01 2.229456975714134807e-03 -1.553238849096805829e+01 -5.587815229956217579e-03 -1.249609551392301746e-02 9.999063075697957048e-01 7.775902025334168188e-01
-2.852280532812594416e-01 -9.583793658185704167e-01 -1.240761034921704364e-02 4.751324420489120826e+01 9.584373648471937734e-01 -2.852858483791380628e-01 3.130875175208984451e-03 -1.533121123463586066e+01 -6.540281809708049961e-03 -1.099890393586287068e-02 9.999181210609493498e-01 7.792591655211340562e-01
-3.178347120202840159e-01 -9.480646994700731023e-01 -1.242664289753226195e-02 4.740197959010703954e+01 9.481187531184726014e-01 -3.178978426360417053e-01 3.433894643538466709e-03 -1.510403691706419238e+01 -7.205957261572189937e-03 -1.069052225431976581e-02 9.999168900033014173e-01 7.828419891308915357e-01
-3.502996053973013169e-01 -9.365463358875554256e-01 -1.308232372667950637e-02 4.731944479047476193e+01 9.366080873867652645e-01 -3.503654298423335423e-01 3.058792752494442907e-03 -1.492213402753347928e+01 -7.448295120422701934e-03 -1.118151631002886268e-02 9.999097442233512156e-01 7.842245832860194055e-01
-3.822088610812217624e-01 -9.239784356345146499e-01 -1.342523718191234589e-02 4.721005799541944015e+01 9.240481097095927243e-01 -3.822698044300389952e-01 2.210783378928380012e-03 -1.474998747131536270e+01 -7.174778959945549844e-03 -1.156058404299152922e-02 9.999074334374461470e-01 7.784185266245798873e-01
-4.155431872914372438e-01 -9.094930588881958711e-01 -1.209278007189184233e-02 4.708857167727080650e+01 9.095464934385278921e-01 -4.155965013233440253e-01 2.173559632110366041e-03 -1.456596089248582260e+01 -7.002554487634858951e-03 -1.009573781301738825e-02 9.999245173055106850e-01 7.700142223627944871e-01
-4.503328272072026905e-01 -8.927908502517984957e-01 -1.117329164740030537e-02 4.696058589314583998e+01 8.928188728864812074e-01 -4.503976585582201153e-01 4.050849662191345624e-03 -1.437922484726185601e+01 -8.648985910527241805e-03 -8.151495074097906551e-03 9.999293715912022096e-01 7.723954698150399256e-01
-4.841134447578858691e-01 -8.749270789355797495e-01 -1.169526185713560401e-02 4.685074832456639626e+01 8.749407589777641325e-01 -4.841967907320525732e-01 5.668873273834170237e-03 -1.419655778805998736e+01 -1.062265899232775479e-02 -7.488283517234146230e-03 9.999155387961016217e-01 7.847418762842971462e-01
-5.169080298574506571e-01 -8.559264577738182611e-01 -1.399955540912998543e-02 4.670814838956171400e+01 8.559608386892466614e-01 -5.170142556223036312e-01 5.225142459045243118e-03 -1.404013230903418297e+01 -1.171030739522870186e-02 -9.282153095045889146e-03 9.998883489343344255e-01 7.859997736184040074e-01
-5.499713600568925109e-01 -8.350311793944891203e-01 -1.595094217346732998e-02 4.656808383916550298e+01 8.351047797577388909e-01 -5.500814507418900767e-01 3.225581416893088561e-03 -1.390751878057532309e+01 -1.146777846626208242e-02 -1.154673065187893088e-02 9.998675727656646250e-01 7.776907556280054923e-01
-5.823444023880208764e-01 -8.127651314909718483e-01 -1.696579027933109093e-02 4.642667325809204470e+01 8.128652031260412691e-01 -5.824496379031385285e-01 1.606503458598905823e-03 -1.376408105365232792e+01 -1.118742839970581979e-02 -1.285536226507021443e-02 9.998547800089947479e-01 7.655367847451249874e-01
-6.120298373394281732e-01 -7.906298443623042127e-01 -1.799798349571939474e-02 4.628216771261255502e+01 7.907519550677030162e-01 -6.121364737978318704e-01 5.319802271599423718e-04 -1.362524343080528944e+01 -1.143782159674453305e-02 -1.390635286461986905e-02 9.998378816523835200e-01 7.715917883128204924e-01
-6.408564118228297080e-01 -7.673946482837367133e-01 -2.021170975072547615e-02 4.612917056619746603e+01 7.675546229797748365e-01 -6.409834939984173641e-01 -2.473134786173834462e-04 -1.348086115097370730e+01 -1.276558529576248165e-02 -1.567208368599688761e-02 9.997956919416064459e-01 7.728466404939391410e-01
-6.663060888558824946e-01 -7.453375523856823337e-01 -2.254171593507047280e-02 4.600643538109478214e+01 7.455481692454483111e-01 -6.664501393144917074e-01 -1.462580751746940522e-03 -1.337393301019191938e+01 -1.393281336764192954e-02 -1.778046150737513931e-02 9.997448333951254318e-01 7.730076986615334045e-01
-6.874003231901084643e-01 -7.258722319552389779e-01 -2.429606047190660534e-02 4.586910573514624900e+01 7.261338245787577472e-01 -6.875467296913035931e-01 -3.027093229396910987e-03 -1.327731955682410714e+01 -1.450739400308260867e-02 -1.972301617687634984e-02 9.997002241432808578e-01 7.691848490078542211e-01
-7.046420249969436167e-01 -7.090951363847260991e-01 -2.576245647709555012e-02 4.575609323129873474e+01 7.093958730637858201e-01 -7.047995155765562902e-01 -3.890774103122050451e-03 -1.318361523712319361e+01 -1.539843785182355360e-02 -2.101738324766656840e-02 9.996605212336556745e-01 7.594191136854374635e-01
-7.198857352348908556e-01 -6.936166872533877648e-01 -2.569862581845610422e-02 4.560819876883316226e+01 6.939030343060508255e-01 -7.200609251416190126e-01 -3.292880965368366608e-03 -1.311817833490232488e+01 -1.622057909498724609e-02 -2.020285246771769128e-02 9.996643124399264835e-01 7.598031044806067280e-01
-7.326446933250900795e-01 -6.801417957001278936e-01 -2.527629491026092343e-02 4.553250488252061956e+01 6.804014167558176673e-01 -7.328357433246486252e-01 -2.384404010643785890e-03 -1.303351241014667039e+01 -1.690163954358024287e-02 -1.894494781242062748e-02 9.996776598149643700e-01 7.693188530373862299e-01
-7.435120254253426708e-01 -6.682629734395727494e-01 -2.478843233457665718e-02 4.543744027402970431e+01 6.685107326582097054e-01 -7.436986185247984604e-01 -2.401067489766092050e-03 -1.295672544615464439e+01 -1.683057838247992155e-02 -1.835655561393522567e-02 9.996898361478442352e-01 7.747669416357710892e-01
-7.509740288123478713e-01 -6.598543786462167660e-01 -2.510392460884383267e-02 4.537383203879972626e+01 6.601212090765604668e-01 -7.511518078079106875e-01 -3.309222598694780068e-03 -1.292124568063947265e+01 -1.667325333134277512e-02 -1.905677329253549490e-02 9.996793696055880085e-01 7.661814110433837754e-01
-7.568234110609892706e-01 -6.531498348734819936e-01 -2.477130748977769692e-02 4.529212512370296650e+01 6.534188492685740757e-01 -7.569864150155221072e-01 -3.921084350160867343e-03 -1.288257690912308995e+01 -1.619048765610139884e-02 -1.915360766779515903e-02 9.996854542418659451e-01 7.598883536525987692e-01
-7.611081203611693713e-01 -6.481873173851088188e-01 -2.382500160301864039e-02 4.525769256070382340e+01 6.484348382614865125e-01 -7.612609265035155115e-01 -3.749974374454950223e-03 -1.284206414908720184e+01 -1.570635696422085364e-02 -1.830309700857700797e-02 9.997091111872528080e-01 7.594965416407780667e-01
-7.639526133088483384e-01 -6.448440766028626925e-01 -2.350577564732195604e-02 4.521945777865587246e+01 6.450781528364009088e-01 -7.641094512986237319e-01 -3.305021829426833639e-03 -1.283657196133025380e+01 -1.582976158247468082e-02 -1.768794239919472405e-02 9.997182379760433113e-01 7.618195385032431322e-01
-7.663015732393958501e-01 -6.420697235153710603e-01 -2.298627842262075324e-02 4.519332005426490895e+01 6.422922399949230199e-01 -7.664532300338284809e-01 -3.181919706057322918e-03 -1.281038518046861441e+01 -1.557489303755823021e-02 -1.720221833388521290e-02 9.997307169389475501e-01 7.643760321743571229e-01
-7.680520220236801698e-01 -6.399977365526646755e-01 -2.233805436473246600e-02 4.516882910756865499e+01 6.402070705382040261e-01 -7.681962735068690318e-01 -3.064670137277805684e-03 -1.280377990835360613e+01 -1.519862816924299684e-02 -1.665480644214032552e-02 9.997457772474700466e-01 7.597945351758036425e-01
-7.689350581368752380e-01 -6.389817905868819814e-01 -2.100351557293624050e-02 4.516927051883035915e+01 6.391668899630731371e-01 -7.690626113850538292e-01 -2.895953130562501504e-03 -1.278832730943948270e+01 -1.430255721796647346e-02 -1.565155161585537330e-02 9.997752076287164114e-01 7.608365030234918169e-01
-7.695341539564581890e-01 -6.382818125664465603e-01 -2.033503482687836622e-02 4.514567996995786103e+01 6.384560139977951687e-01 -7.696529906979225899e-01 -2.862184443987302040e-03 -1.278279365757266106e+01 -1.382404009564563996e-02 -1.518557396464620748e-02 9.997891248952441856e-01 7.611685828989245284e-01
-7.699063417966598433e-01 -6.378425800089033704e-01 -2.002668192364349259e-02 4.514421368900781317e+01 6.380137553617943880e-01 -7.700191721037703552e-01 -2.987065744971482625e-03 -1.276521201969096886e+01 -1.351565131340067699e-02 -1.507705940195705648e-02 9.997949837088423442e-01 7.610642725718903545e-01
-7.703966832888253791e-01 -6.372533671251890963e-01 -1.992727942259840679e-02 4.513351510545849976e+01 6.374255609076565632e-01 -7.705053758531703600e-01 -3.181207777600238672e-03 -1.275764047552996594e+01 -1.332684055343973800e-02 -1.515294918402922825e-02 9.997963709935585586e-01 7.604370979718757528e-01
-7.703225741804424764e-01 -6.373472043029281275e-01 -1.979072700177710725e-02 4.514114052159520440e+01 6.375200743233379042e-01 -7.704262929929659443e-01 -3.388495224009252169e-03 -1.277521150302255748e+01 -1.308764848179880258e-02 -1.522722011264277149e-02 9.997984022916109881e-01 7.607265901490232185e-01
-7.702358897557692874e-01 -6.374572652795501559e-01 -1.961909973612256664e-02 4.513517919112171484e+01 6.376289726311367145e-01 -7.703356737829036849e-01 -3.498993969882245418e-03 -1.276576545941626151e+01 -1.288283328696918778e-02 -1.520475714233395642e-02 9.998014042632380471e-01 7.594698247396205470e-01
-7.702603788105859550e-01 -6.374314336204429665e-01 -1.949657065128681394e-02 4.513590986635524160e+01 6.376023384185394161e-01 -7.703573374181515998e-01 -3.582000729711919476e-03 -1.276774059279614981e+01 -1.273604639534043660e-02 -1.519013227737042900e-02 9.998035071970950982e-01 7.593152533297223838e-01
-7.705009687316823896e-01 -6.371351672057153914e-01 -1.967322783083556847e-02 4.514108790031519192e+01 6.373073760322635062e-01 -7.706018536367387206e-01 -3.477301610908398004e-03 -1.276012017220264205e+01 -1.294471469016893889e-02 -1.521715746673187736e-02 9.998004163232894204e-01 7.589876659914113199e-01
-7.706980875968061362e-01 -6.369077656499888551e-01 -1.931206434757212070e-02 4.514187034010158328e+01 6.370712822043693713e-01 -7.707981420178666720e-01 -3.225779329915428977e-03 -1.274810663592142568e+01 -1.283117941214172164e-02 -1.478926355649618635e-02 9.998083008848995812e-01 7.620603636630236544e-01
-7.704203108611249462e-01 -6.372379022799246062e-01 -1.950385886252705564e-02 4.513855452521989520e+01 6.374067954586599694e-01 -7.705198853430565986e-01 -3.418098015718792210e-03 -1.276452232569070411e+01 -1.284996948517768724e-02 -1.506526431246521872e-02 9.998039388277211170e-01 7.615695306172332035e-01
-7.703286853537634205e-01 -6.373461338295426382e-01 -1.958627615647418399e-02 4.514331797168468086e+01 6.375177111214577197e-01 -7.704276186199772170e-01 -3.528806315039018961e-03 -1.277106436710453785e+01 -1.284073703494224665e-02 -1.520493867420026624e-02 9.998019430428775056e-01 7.588620853431534696e-01
-7.705395303058990564e-01 -6.370920478295450939e-01 -1.955900887882244810e-02 4.514229868619932518e+01 6.372632328834583193e-01 -7.706381053256254887e-01 -3.533077278275666318e-03 -1.275280349954896231e+01 -1.282202210606612873e-02 -1.518661293665163337e-02 9.998024617576333206e-01 7.581590274442857602e-01
-7.702999504866496761e-01 -6.373852118472074224e-01 -1.944422790328461173e-02 4.514498264877357769e+01 6.375531799302149860e-01 -7.703987825567244485e-01 -3.414468624434573857e-03 -1.276913104014084333e+01 -1.280347769691508528e-02 -1.502689434336709415e-02 9.998051127121014847e-01 7.602436111208269454e-01
-7.704641670251439756e-01 -6.371898814013937651e-01 -1.933965795791333514e-02 4.514062199088815674e+01 6.373550865784834984e-01 -7.705630751246110854e-01 -3.322780016349159878e-03 -1.275812522484534739e+01 -1.278518450336741004e-02 -1.488631230966835917e-02 9.998074498437355961e-01 7.610695821706945363e-01
-7.704767869004525149e-01 -6.371688550793676020e-01 -1.952872152504468717e-02 4.514037376753687170e+01 6.373387925561945222e-01 -7.705758993155027436e-01 -3.470864030246002471e-03 -1.275452026826024721e+01 -1.283683569135531805e-02 -1.512063196273044120e-02 9.998032717182320228e-01 7.602500757678543053e-01
-7.703543701280197720e-01 -6.373159524986018454e-01 -1.955814703550269248e-02 4.514418209755687883e+01 6.374877465719064329e-01 -7.704521793621432746e-01 -3.579425484254166075e-03 -1.275982194709544615e+01 -1.278739204589307218e-02 -1.522550514512742079e-02 9.998023137589452380e-01 7.578538746461515041e-01
-7.703614518690085067e-01 -6.373143718930437407e-01 -1.932937797368635552e-02 4.514796172329553769e+01 6.374803245755388259e-01 -7.704591677842653752e-01 -3.392131519278183439e-03 -1.276649833910617460e+01 -1.273064229880651634e-02 -1.493526550663060865e-02 9.998074157511066540e-01 7.606046281396797726e-01
-7.705721726866072707e-01 -6.370566125490829679e-01 -1.942676217307826372e-02 4.514204696462143573e+01 6.372229302429254227e-01 -7.706724231502921629e-01 -3.309587327321869381e-03 -1.276104907297776059e+01 -1.286327538621161518e-02 -1.492945421457182384e-02 9.998058049157313443e-01 7.619390190608823499e-01
-7.703064374077133181e-01 -6.373778699603170894e-01 -1.942790192187597229e-02 4.514465459788014101e+01 6.375458792298754895e-01 -7.704047243200822237e-01 -3.436949563724674486e-03 -1.276550311851076458e+01 -1.277671183215257564e-02 -1.503368318635695151e-02 9.998053530585893078e-01 7.604287935139468768e-01
-7.703408922835275341e-01 -6.373355459004177437e-01 -1.945023412805339108e-02 4.514207445788981232e+01 6.375036921963652681e-01 -7.704397014139183764e-01 -3.421830100274454375e-03 -1.276961955235879564e+01 -1.280437861911135067e-02 -1.503557172340583802e-02 9.998049707173538581e-01 7.585567914274713441e-01
-7.705686785167857877e-01 -6.370714709157511146e-01 -1.907492160234055059e-02 4.514834250197372967e+01 6.372323246977439348e-01 -7.706647405487425662e-01 -3.289686192946973502e-03 -1.275334421539085916e+01 -1.260460428586342337e-02 -1.469008577852074990e-02 9.998126451143816151e-01 7.602743202642564535e-01
-7.706676374433638621e-01 -6.369423730012890861e-01 -1.938571827274794199e-02 4.514627696940733159e+01 6.371091438711802279e-01 -7.707661253808324453e-01 -3.393930045022292182e-03 -1.274552888870434231e+01 -1.278011710413346283e-02 -1.496641042152371814e-02 9.998063188267510837e-01 7.610553845748916357e-01
-7.705028795463508828e-01 -6.371396344468559514e-01 -1.945247613309208229e-02 4.514866148733464257e+01 6.373093188543111909e-01 -7.705999542025712135e-01 -3.541565254149119275e-03 -1.274882932694900184e+01 -1.273360562588910817e-02 -1.512603054083385898e-02 9.998045101357775355e-01 7.590681178177802746e-01
-7.702568159396769865e-01 -6.374363057077537809e-01 -1.947803029369650843e-02 4.513398094202234034e+01 6.376056283846501804e-01 -7.703550819029070240e-01 -3.480005543297045797e-03 -1.276527102407214542e+01 -1.278671774484609926e-02 -1.509979973434002164e-02 9.998042287854640442e-01 7.585587516061522706e-01
-7.704171631816396637e-01 -6.372466271591403775e-01 -1.934246234206081494e-02 4.514234930218035657e+01 6.374128040742268464e-01 -7.705150165813932084e-01 -3.395058881174793999e-03 -1.276695798296525730e+01 -1.274016787118264181e-02 -1.494474479122243939e-02 9.998071527678421555e-01 7.611443795990849859e-01
-7.705067676517769470e-01 -6.371344317534743951e-01 -1.946886943273968759e-02 4.513602660485874196e+01 6.373015593329627304e-01 -7.706073458612823224e-01 -3.322796473647061065e-03 -1.275960347891031788e+01 -1.288578575741380038e-02 -1.496777801840936881e-02 9.998049420495007666e-01 7.611769195641783226e-01
-7.704801693264400342e-01 -6.371713586541430940e-01 -1.931238943099899616e-02 4.513568916420143040e+01 6.373375861568747469e-01 -7.705770571865617757e-01 -3.435143290667107448e-03 -1.275742689547609565e+01 -1.269290929729403015e-02 -1.495522144712821411e-02 9.998075971930989736e-01 7.604701952379191443e-01
-7.703796969603113887e-01 -6.372849338127488661e-01 -1.957129649818624070e-02 4.513892757083642238e+01 6.374546400834091298e-01 -7.704803760019154346e-01 -3.401768963277673231e-03 -1.275872406270896597e+01 -1.291140377615882136e-02 -1.509646750827583692e-02 9.998026766924064113e-01 7.591197126239299653e-01
-7.704180835213696454e-01 -6.372520179825504894e-01 -1.912700082155022879e-02 4.514464363881111097e+01 6.374135613806541922e-01 -7.705148806346899804e-01 -3.281842248035638128e-03 -1.276299004576873841e+01 -1.264627815965528590e-02 -1.472020032734610781e-02 9.998116759425403899e-01 7.601946751409561776e-01
-7.704360930131723961e-01 -6.372149890106758585e-01 -1.962866176598529119e-02 4.513896084590990654e+01 6.373855564441152088e-01 -7.705375258978361952e-01 -3.402002302751457041e-03 -1.276824914884813467e+01 -1.295681361388568639e-02 -1.513205086451950565e-02 9.998015513178646341e-01 7.601036151067488422e-01
-7.702643227199466036e-01 -6.374292695694471211e-01 -1.941132249340917978e-02 4.514673584556859254e+01 6.375972552777976476e-01 -7.703621285432729060e-01 -3.454123405008330608e-03 -1.276992113421325925e+01 -1.275198835480541651e-02 -1.503719396825972492e-02 9.998056159026912360e-01 7.592994261961442115e-01
-7.703394877825844311e-01 -6.373447618265335457e-01 -1.920229504891274308e-02 4.513711543999757936e+01 6.375091969548207782e-01 -7.704351474388178023e-01 -3.421606194071341242e-03 -1.275347964590582173e+01 -1.261338023234817585e-02 -1.487743805925652481e-02 9.998097641431129556e-01 7.603993072982333512e-01
-7.704729330994997127e-01 -6.371783344974759622e-01 -1.937083911650410925e-02 4.514027205324680381e+01 6.373443532602260930e-01 -7.705718343231122702e-01 -3.350151521783799324e-03 -1.275691867843207206e+01 -1.279197906341807481e-02 -1.492709599813271323e-02 9.998067548665109383e-01 7.597067927262137754e-01
-7.704784589070978740e-01 -6.371716454137267283e-01 -1.937107743282381542e-02 4.514125868156481403e+01 6.373382807195598909e-01 -7.705766465883012728e-01 -3.398185128029924951e-03 -1.276049765399039337e+01 -1.276167267954040827e-02 -1.496415762724690943e-02 9.998065881443906067e-01 7.601195740118132926e-01
-7.704898086204463592e-01 -6.371591241805649730e-01 -1.933145844169602973e-02 4.514457807022214553e+01 6.373240636785779678e-01 -7.705887810370108948e-01 -3.311856898683046557e-03 -1.275191945294112905e+01 -1.278642515527792650e-02 -1.487215563893987125e-02 9.998076446589111432e-01 7.596807550021781319e-01
-7.704202680716967233e-01 -6.372410633850629225e-01 -1.940200196395389792e-02 4.514101340337721524e+01 6.374079136419401603e-01 -7.705191367964681071e-01 -3.378084820538565861e-03 -1.275592330633072002e+01 -1.279695944214419984e-02 -1.496953460532893070e-02 9.998060566243515135e-01 7.599997671802334320e-01
-7.702664595010677573e-01 -6.374241265848760163e-01 -1.949523570512870854e-02 4.513830638287740982e+01 6.375934201906389154e-01 -7.703652872437511956e-01 -3.457562646814165558e-03 -1.276721875779480619e+01 -1.281451900360809290e-02 -1.509327854912036193e-02 9.998039713090485225e-01 7.592255530708996725e-01
-7.707979514613672034e-01 -6.367902929903962450e-01 -1.920002021263251049e-02 4.514249905504644289e+01 6.369544713016176418e-01 -7.708938821006561248e-01 -3.409402976626153825e-03 -1.276046418976303798e+01 -1.263010339771923965e-02 -1.485749955360743738e-02 9.998098495189859936e-01 7.609570888205648975e-01
-7.707057834221886505e-01 -6.368984809686466519e-01 -1.931114547150051403e-02 4.513694688896944740e+01 6.370637728083736739e-01 -7.708037500338624781e-01 -3.365755323280899235e-03 -1.275770212946584792e+01 -1.274145889417229414e-02 -1.489643828456206284e-02 9.998078572164165179e-01 7.603840323480546282e-01
-7.704996418430687388e-01 -6.371479306820961863e-01 -1.930845274032287964e-02 4.513420317491566180e+01 6.373135843916817311e-01 -7.705970867764995180e-01 -3.394849245374352044e-03 -1.275025163624824742e+01 -1.271601626018658594e-02 -1.492126935266471777e-02 9.998078108573547063e-01 7.599356404909409779e-01
-7.705551360020024276e-01 -6.370847260923155897e-01 -1.917900312360714885e-02 4.513990545904630380e+01 6.372475993990034393e-01 -7.706519459698819574e-01 -3.327947271561871451e-03 -1.275294693940107216e+01 -1.266015170301762124e-02 -1.478614056183049155e-02 9.998105273531292525e-01 7.605820362311535021e-01
-7.702455050550416349e-01 -6.374570645371220312e-01 -1.924455284541816413e-02 4.515588274270164248e+01 6.376217647392450338e-01 -7.703421197488404815e-01 -3.391706307283290367e-03 -1.276605470418172494e+01 -1.266282248614515084e-02 -1.488319228456497223e-02 9.998090535267747381e-01 7.601023598403872095e-01
-7.703555800245081020e-01 -6.373205531741856777e-01 -1.935956680438897376e-02 4.513916220004664126e+01 6.374878734222531040e-01 -7.704526018892414729e-01 -3.464026800058200503e-03 -1.275778650548226167e+01 -1.270793313946677605e-02 -1.501002144728524716e-02 9.998065851410835592e-01 7.590281651911503502e-01
-7.700414716603667387e-01 -6.376921970103259785e-01 -1.961616158374802563e-02 4.513815732904753020e+01 6.378634928675079863e-01 -7.701416338841031717e-01 -3.468173177073758176e-03 -1.276703788718652710e+01 -1.289559575974183817e-02 -1.518307052170983322e-02 9.998015693023961648e-01 7.597354339428815662e-01
-7.702337145604474244e-01 -6.374621449317261490e-01 -1.954581114863293556e-02 4.514552425031926219e+01 6.376317306383572081e-01 -7.703337435427934921e-01 -3.420474013829979433e-03 -1.277082776533477748e+01 -1.287637517116758945e-02 -1.509759379466306395e-02 9.998031114294767541e-01 7.593848832586455044e-01
-7.706681925322527160e-01 -6.369414561712432032e-01 -1.939377295750166832e-02 4.514225177404530598e+01 6.371084679017251506e-01 -7.707666426199539789e-01 -3.403344278918077857e-03 -1.277030090079406222e+01 -1.278034220932106405e-02 -1.497878615978657374e-02 9.998061306164270912e-01 7.596802379700690055e-01
-7.706085445692247848e-01 -6.370178361001008760e-01 -1.925480530275607352e-02 4.514380432517884145e+01 6.371813402218744482e-01 -7.707068935830274636e-01 -3.289963017536469587e-03 -1.275020574801806994e+01 -1.274404605915268815e-02 -1.480407626115172112e-02 9.998091961049849763e-01 7.602348580098410302e-01
-7.706105189221312823e-01 -6.370104707816420797e-01 -1.941876003031771034e-02 4.514106551589941319e+01 6.371758565102184635e-01 -7.707116095125603472e-01 -3.246974442313707056e-03 -1.274934023184947129e+01 -1.289790707959011587e-02 -1.487531771460234506e-02 9.998061656720546031e-01 7.610488333089755475e-01
-7.704899006389249738e-01 -6.371520612330838773e-01 -1.955924026774674002e-02 4.514265401472615480e+01 6.373205809634174823e-01 -7.705916029869406270e-01 -3.325430268236855350e-03 -1.277608756605682316e+01 -1.295338156123568285e-02 -1.502771680759891308e-02 9.998031694457062413e-01 7.604707915630275483e-01
-7.706355406556262277e-01 -6.369791919556638815e-01 -1.945179924634161950e-02 4.514919006460905138e+01 6.371453351563299838e-01 -7.707367534326368119e-01 -3.267842812418019112e-03 -1.275664323402630096e+01 -1.291066872545659772e-02 -1.491193896272934027e-02 9.998054554309220299e-01 7.594930908325524532e-01
-7.704957657396904747e-01 -6.371540508469338837e-01 -1.926111280667967135e-02 4.514860394335888572e+01 6.373179602490789408e-01 -7.705938236745499825e-01 -3.313073888555790290e-03 -1.276938619578367451e+01 -1.273155611707759739e-02 -1.482816252879546118e-02 9.998089982966033018e-01 7.610668452679150153e-01
-7.705062962273807603e-01 -6.371391878678031029e-01 -1.933139304653926083e-02 4.513896485436639949e+01 6.373030160087170826e-01 -7.706065548920768560e-01 -3.225421454226364004e-03 -1.275275945247584986e+01 -1.284185579098109410e-02 -1.480516263067770122e-02 9.998079285039316311e-01 7.609222367569702383e-01
-7.703942537645314115e-01 -6.372853836372570635e-01 -1.897455055872370247e-02 4.514634493637813506e+01 6.374426358703081386e-01 -7.704915069121758275e-01 -3.118292949531262584e-03 -1.274822647138268294e+01 -1.263248753433690239e-02 -1.449750249248059862e-02 9.998151042468679250e-01 7.618589369906154651e-01
-7.704420100654876258e-01 -6.372058620660522310e-01 -1.969259949599826837e-02 4.513616182090397189e+01 6.373754624777409061e-01 -7.705465155443005365e-01 -3.253799905127472032e-03 -1.276146877635753718e+01 -1.310072355011372702e-02 -1.505844385040813055e-02 9.998007873127864320e-01 7.583259249347323872e-01
-7.705013577425212645e-01 -6.371447354262197438e-01 -1.934538279757820264e-02 4.513426592186323205e+01 6.373073264349585765e-01 -7.706034511523336406e-01 -3.113317272466020226e-03 -1.275697024787261036e+01 -1.292398503781349954e-02 -1.472776937510371018e-02 9.998080132805378106e-01 7.600902341536757145e-01
-7.706721383612600285e-01 -6.369410328988295289e-01 -1.925034450222801868e-02 4.513846977284573114e+01 6.370992524493092057e-01 -7.707763730585646123e-01 -2.885353221978923313e-03 -1.274816975780135309e+01 -1.299991085406997093e-02 -1.448804142927118989e-02 9.998105315375158675e-01 7.631642889151836195e-01
-7.705227633706597246e-01 -6.371378780442832346e-01 -1.870816636845677380e-02 4.514141504189976217e+01 6.372868678521842467e-01 -7.706216909634040491e-01 -2.767215180639032331e-03 -1.275517965219764527e+01 -1.265382119340056725e-02 -1.405467103603861775e-02 9.998211575233213466e-01 7.644118362420599944e-01
-7.702348041168693982e-01 -6.374602413050619587e-01 -1.956495035365851676e-02 4.514603967499507320e+01 6.376267988433917955e-01 -7.703389184454618732e-01 -3.164826220485976623e-03 -1.277054531961348083e+01 -1.305419180867687344e-02 -1.491279596753310871e-02 9.998035790057230310e-01 7.609851769937099331e-01
-7.705857682656458429e-01 -6.370518162504353876e-01 -1.904093376036060728e-02 4.514717877328253337e+01 6.372109300413874022e-01 -7.706828433413523971e-01 -3.191491043222095467e-03 -1.275026987453508021e+01 -1.264137580467742869e-02 -1.459240868775005771e-02 9.998136112428428479e-01 7.610332791194169832e-01
-7.701940675184277829e-01 -6.375018088036463748e-01 -1.981267603072935091e-02 4.515182294219458470e+01 6.376722363830853446e-01 -7.703012601640992774e-01 -3.176088127710544919e-03 -1.276963233395641950e+01 -1.323696738735860579e-02 -1.508019766712711054e-02 9.997986648984416025e-01 7.602467870964804142e-01
-7.692806256816573374e-01 -6.385883735654281912e-01 -2.030290860688429080e-02 4.515794461443760355e+01 6.387577624693877576e-01 -7.694036851541916633e-01 -2.547578507374554692e-03 -1.278927430868035309e+01 -1.399427868593096543e-02 -1.492844326148012532e-02 9.997906289548073033e-01 7.612346339497921832e-01
-7.683283400480709346e-01 -6.397276433819176766e-01 -2.049644291076704872e-02 4.515640257889177178e+01 6.398967638536341429e-01 -7.684574094206197969e-01 -2.311172039694863942e-03 -1.277792147302973191e+01 -1.427212277914149258e-02 -1.489134646593486162e-02 9.997872545255858112e-01 7.647356348100402545e-01
-7.668177200109722591e-01 -6.415357146976935487e-01 -2.055507344901291028e-02 4.518115442269488824e+01 6.417110075996105278e-01 -7.669419070523604276e-01 -2.663443707205511747e-03 -1.279333175913541432e+01 -1.405585296832813358e-02 -1.523279272518697838e-02 9.997851744365507942e-01 7.650465745446065613e-01
-7.649702690137232253e-01 -6.437425145999091658e-01 -2.039760823375921100e-02 4.521876688655184040e+01 6.439177482434450539e-01 -7.650895744068286763e-01 -2.806533639475018889e-03 -1.282799974146087152e+01 -1.379931238009917370e-02 -1.528129675661945436e-02 9.997880080033330064e-01 7.614065259251492357e-01
-7.627349371387708299e-01 -6.463610090726626956e-01 -2.128054554011543642e-02 4.522538980027310629e+01 6.465536449875010083e-01 -7.628625073000527834e-01 -3.029704482884207697e-03 -1.283076306844263925e+01 -1.427584748069640752e-02 -1.606987574458588336e-02 9.997689529447598700e-01 7.623952288298158075e-01
-7.600490646064712585e-01 -6.495048861940203588e-01 -2.165230243926135473e-02 4.524857034876669104e+01 6.497029011387879249e-01 -7.601825114513534043e-01 -2.947801783641831874e-03 -1.285090761968299056e+01 -1.454508998497514027e-02 -1.630803769942481413e-02 9.997612156228721236e-01 7.615898246508869818e-01
-7.565920039310627399e-01 -6.535327642908687062e-01 -2.152825087912478216e-02 4.530174067953790029e+01 6.537273053309079485e-01 -7.567250348130445392e-01 -2.798562485674904905e-03 -1.289782941947951755e+01 -1.446201411866581202e-02 -1.619097543486106711e-02 9.997643234593337480e-01 7.658173780583588108e-01
-7.531292406591807431e-01 -6.575169133081596451e-01 -2.162996943677623907e-02 4.534352807148724906e+01 6.577169561137893306e-01 -7.532591205755132524e-01 -3.017102950901707874e-03 -1.290154459105160711e+01 -1.430917553661146570e-02 -1.649866611319393550e-02 9.997614923130154763e-01 7.668068610284398678e-01
-7.491880284536773793e-01 -6.619738987194222490e-01 -2.253564811359718562e-02 4.538152758919371621e+01 6.621911967643528962e-01 -7.493285169306844740e-01 -3.097199098378356809e-03 -1.294118628480366873e+01 -1.483633881676975526e-02 -1.724329228044584050e-02 9.997412424831962907e-01 7.626637360581528524e-01
-7.446523563992382133e-01 -6.670642389852533549e-01 -2.276332963533480094e-02 4.542710616946147439e+01 6.672805101750386436e-01 -7.448016000537325265e-01 -2.701351132338557920e-03 -1.296913506507630842e+01 -1.515218959762253473e-02 -1.720109369850644082e-02 9.997372322395384758e-01 7.644551581649687844e-01
-7.400176967808633766e-01 -6.721988036043264891e-01 -2.285994059612296223e-02 4.547647983258801929e+01 6.724125766958743977e-01 -7.401727896299448162e-01 -2.359701811735248969e-03 -1.301121238124015278e+01 -1.533411726709575998e-02 -1.711753265916361039e-02 9.997358925852875000e-01 7.676538435392645798e-01
-7.350572896697724623e-01 -6.776329420965747641e-01 -2.245833228156841541e-02 4.552486873999599482e+01 6.778360493190871416e-01 -7.352102855078312960e-01 -2.031336256310695663e-03 -1.304959430388035813e+01 -1.513509652501039172e-02 -1.671621575100533039e-02 9.997457161619370813e-01 7.685473828044872002e-01
-7.295455196161813038e-01 -6.835408043504984654e-01 -2.313662887782533609e-02 4.558520399435082737e+01 6.837571960799575521e-01 -7.297066845563380255e-01 -2.061873582922639503e-03 -1.307649000314852650e+01 -1.547357802290836096e-02 -1.732406712268060034e-02 9.997301861409896295e-01 7.719481487603344627e-01
-7.239183483571973721e-01 -6.894996240670711041e-01 -2.307581684697889920e-02 4.564961761004741447e+01 6.897180528462604210e-01 -7.240747615970704043e-01 -2.178806120114360444e-03 -1.312487652873785215e+01 -1.520633058140001895e-02 -1.749308519139895421e-02 9.997313436522512475e-01 7.684280726589725052e-01
-7.178248616576432539e-01 -6.958463497974195500e-01 -2.291997948935797086e-02 4.571721358816132152e+01 6.960614638841716717e-01 -7.179792751413682783e-01 -2.049137110949148660e-03 -1.317165151458630667e+01 -1.503018568113586619e-02 -1.742463603874231173e-02 9.997352027298568311e-01 7.687181509623793874e-01
-7.111417344988522071e-01 -7.026714988775819570e-01 -2.302603133622758980e-02 4.577562229785731773e+01 7.028903148051568461e-01 -7.112952302580946018e-01 -2.073828631434506894e-03 -1.322798667738076794e+01 -1.492108598836676403e-02 -1.765956050464612820e-02 9.997327148371760730e-01 7.693755009010253554e-01
-7.045168807718573678e-01 -7.093317162846339841e-01 -2.246065404629662976e-02 4.583602298978657075e+01 7.095417849784906306e-01 -7.046603579022931996e-01 -2.058001591084395246e-03 -1.325312973135483929e+01 -1.436732671826257586e-02 -1.738666942536797044e-02 9.997456094673602411e-01 7.691501285454820369e-01
-6.970976700058773012e-01 -7.166359243882306496e-01 -2.208597628821806075e-02 4.589417844170944960e+01 7.168410492093179043e-01 -6.972335668194848957e-01 -2.064816859531950523e-03 -1.332706012814571572e+01 -1.391936208530176154e-02 -1.727151343702692729e-02 9.997539428192983024e-01 7.702269880004311009e-01
-6.899723924121590191e-01 -7.235048150523577526e-01 -2.188333395750441390e-02 4.595828065890032121e+01 7.237088723081932518e-01 -6.901020650497868836e-01 -2.146615108321643477e-03 -1.337171640872761635e+01 -1.354864758731307017e-02 -1.731826810260587990e-02 9.997582266420622643e-01 7.674579883424914595e-01
-6.819743603934422804e-01 -7.310447254500208603e-01 -2.201320416613264733e-02 4.603663972820357486e+01 7.312538186855913613e-01 -6.821017543322498433e-01 -2.247085803497342674e-03 -1.344585554846040409e+01 -1.337252495591270338e-02 -1.762969451157934964e-02 9.997551547492675716e-01 7.675060273812589484e-01
-6.738283244724068144e-01 -7.385495747107101439e-01 -2.235877530942074684e-02 4.611433041371594044e+01 7.387682657647408613e-01 -6.739552663344412498e-01 -2.397598596267707868e-03 -1.349820451762002804e+01 -1.329806894497208639e-02 -1.813352350484474101e-02 9.997471363738102967e-01 7.648182631728835945e-01
-6.644956052251240752e-01 -7.469365011045706604e-01 -2.305328510555338870e-02 4.617674802831111691e+01 7.471655621956984072e-01 -6.646346546159618285e-01 -2.097272587745991484e-03 -1.357519795585681699e+01 -1.375548273533925073e-02 -1.861824914386485050e-02 9.997320378449090494e-01 7.675236664976810008e-01
-6.547317343620087104e-01 -7.555015096300876642e-01 -2.332005501656379473e-02 4.624887207602583317e+01 7.557322240660500068e-01 -6.548784899103208268e-01 -1.723067311593735190e-03 -1.362457330229216090e+01 -1.397002245876956608e-02 -1.875186389235264720e-02 9.997265656533611544e-01 7.693364264542167374e-01
-6.443244042115043868e-01 -7.644074389547129700e-01 -2.296365406869259329e-02 4.631552558398092145e+01 7.646269384338787445e-01 -6.444719456845426908e-01 -1.247496217613186867e-03 -1.367596263883282326e+01 -1.384583542886569547e-02 -1.836242076296882436e-02 9.997355221982464624e-01 7.706161840247157668e-01
-6.323485936605337532e-01 -7.743884446443750624e-01 -2.139609536367716169e-02 4.640320755291190835e+01 7.745728158282473297e-01 -6.324845238127594360e-01 -5.292610393794368318e-04 -1.374991974824793317e+01 -1.312284555445182403e-02 -1.690751130750402578e-02 9.997709372581004006e-01 7.704237387321350994e-01
-6.197652491722238643e-01 -7.845117525133772363e-01 -2.079293358044922296e-02 4.648929592452294912e+01 7.846779209165016811e-01 -6.199036125600152491e-01 2.675092502737001776e-04 -1.382633341348645750e+01 -1.309947879298668794e-02 -1.614996295451005121e-02 9.997837677977773341e-01 7.708781699542132104e-01
-6.055674634621397434e-01 -7.955343756726359628e-01 -2.032496787644740358e-02 4.655357968365704124e+01 7.956814830752768630e-01 -6.057137708274507037e-01 1.343622386577136667e-03 -1.389473890430183900e+01 -1.338001073083518525e-02 -1.535854658289857039e-02 9.997925236566352902e-01 7.697450763876444446e-01
-5.906064834909374728e-01 -8.067156062055836907e-01 -1.984722557000161841e-02 4.662611752407522658e+01 8.068480057651915560e-01 -5.907553173664565893e-01 2.109643569568981844e-03 -1.393363239851959001e+01 -1.342673643155251062e-02 -1.476772520108531571e-02 9.998007986800084845e-01 7.740723678443213185e-01
-5.748424536893759207e-01 -8.180325443907273675e-01 -1.946560438338613280e-02 4.670293827942822418e+01 8.181591853406290360e-01 -5.749870347441525809e-01 2.336090513041794679e-03 -1.401710251629928727e+01 -1.310346821021658899e-02 -1.458307902191675193e-02 9.998077979927464387e-01 7.744993746185847572e-01
-5.586228467916991569e-01 -8.292037880447392650e-01 -1.901559714006992655e-02 4.678200532069745776e+01 8.293284164144382187e-01 -5.587571544438483251e-01 2.195469274283962970e-03 -1.409035583547176529e+01 -1.244559238680814119e-02 -1.454373576730489878e-02 9.998167767046481913e-01 7.734403459560401650e-01
-5.420663972744190762e-01 -8.401501195534384347e-01 -1.765779035651030698e-02 4.685419143843187584e+01 8.402576866332545080e-01 -5.421826693901456995e-01 2.230037377957653708e-03 -1.417867371657145092e+01 -1.144731408072409418e-02 -1.362826574875954620e-02 9.998416021415684751e-01 7.724115060892658979e-01
-5.250543908147127237e-01 -8.509037138796915478e-01 -1.675578681948192497e-02 4.691180751689960715e+01 8.509973982703340489e-01 -5.251634539013796399e-01 2.602849111435385186e-03 -1.424414904548735272e+01 -1.101430085454315616e-02 -1.289249363476414542e-02 9.998562240565206372e-01 7.706803531068150415e-01
-5.079185272753821145e-01 -8.612530388035011253e-01 -1.618557388978571904e-02 4.697127314501162232e+01 8.613340341206874307e-01 -5.080283306199924187e-01 3.301053293430088360e-03 -1.429740126104285025e+01 -1.106577226357334694e-02 -1.226451952579104068e-02 9.998635558139982171e-01 7.739625098360162214e-01
-4.915996637677846337e-01 -8.706856483764632282e-01 -1.537115137713714746e-02 4.704469331092799678e+01 8.707558059682619644e-01 -4.917026095472820657e-01 3.587497310858965560e-03 -1.434921564623078893e+01 -1.068161766603869037e-02 -1.162090683427311789e-02 9.998754210242322138e-01 7.786539751850489743e-01
-4.751958143899372988e-01 -8.797563885536332506e-01 -1.475245014746743785e-02 4.711354666906002819e+01 8.798232669045389365e-01 -4.752888570186379891e-01 3.394319864359326110e-03 -1.441404447740043260e+01 -9.997849754278850809e-03 -1.136658229134697787e-02 9.998854153388301302e-01 7.784893538789727785e-01
-4.584710867656933697e-01 -8.885849802524697916e-01 -1.486591637277439107e-02 4.716912839581780048e+01 8.886577118614543691e-01 -4.585605931424123760e-01 3.107018835415841992e-03 -1.448949465048918483e+01 -9.577773700016958824e-03 -1.178623292647884048e-02 9.998846688315378151e-01 7.778744920261474460e-01
-4.424120938400326608e-01 -8.966861797636551668e-01 -1.501446785405469164e-02 4.722132072551899284e+01 8.967681693522560060e-01 -4.424938147808961109e-01 2.464613002825071821e-03 -1.455380776636866536e+01 -8.853793575744835914e-03 -1.237412225219371165e-02 9.998842390186005735e-01 7.762006012992965776e-01
-4.264697094433873570e-01 -9.043778679166856183e-01 -1.497527795210928069e-02 4.726078972191223215e+01 9.044636901205604929e-01 -4.265453377329944118e-01 2.123231439206351573e-03 -1.460573033659339259e+01 -8.307838513811035067e-03 -1.263910126218643210e-02 9.998856099267119379e-01 7.758880022979248725e-01
-4.102095221944062065e-01 -9.118676961819006666e-01 -1.501507778699931461e-02 4.731349455203265819e+01 9.119580212878130032e-01 -4.102796189733783905e-01 1.789319389079315793e-03 -1.468606939340419970e+01 -7.792002942359079788e-03 -1.295912477646707361e-02 9.998856663514955612e-01 7.790777948837093181e-01
-3.947198191284557733e-01 -9.186765230363582724e-01 -1.515620034926332821e-02 4.736290685837099090e+01 9.187749468647115059e-01 -3.947801871185596667e-01 1.095843228707060225e-03 -1.475769642497013301e+01 -6.990093057030091761e-03 -1.349258612953694106e-02 9.998845376935234786e-01 7.781666217757140513e-01
-3.800360490154390813e-01 -9.248344399286506645e-01 -1.593299000795660170e-02 4.739873544243432946e+01 9.249472316390626725e-01 -3.800948514884978646e-01 7.228797761985048323e-04 -1.480236628488868256e+01 -6.724591583798277331e-03 -1.446245462553265998e-02 9.998728005472673486e-01 7.763578076797745808e-01
-3.654252445180627973e-01 -9.306906625908712982e-01 -1.671170951994885995e-02 4.744417610174173916e+01 9.308172500193208077e-01 -3.654845560786839087e-01 5.351022676053128826e-04 -1.486959176413833994e+01 -6.605886419205890536e-03 -1.536000762149866000e-02 9.998602064441228787e-01 7.771308834604754301e-01
-3.518607867041922965e-01 -9.359053526364898845e-01 -1.658787769050154223e-02 4.746953082295230786e+01 9.360296506831325969e-01 -3.519203959331875797e-01 7.266142318197556585e-04 -1.491077856550379188e+01 -6.517654633394546343e-03 -1.527107830497612465e-02 9.998621476711092582e-01 7.764569649881702951e-01
-3.379645732842158079e-01 -9.410290403253454006e-01 -1.562985825841356827e-02 4.750842698818811982e+01 9.411372163517870426e-01 -3.380227580897590123e-01 1.164049398597616185e-03 -1.496841270773325761e+01 -6.378652085514556654e-03 -1.431643383501754116e-02 9.998771687161476240e-01 7.782010478744585402e-01
-3.242492755019519279e-01 -9.458440505039288348e-01 -1.553832239274592283e-02 4.754383940295453215e+01 9.459501858985551737e-01 -3.243088780318033049e-01 1.413304016183754633e-03 -1.501966541611483130e+01 -6.375981096948586495e-03 -1.424021615265810663e-02 9.998782741458966949e-01 7.822163711396042940e-01
-3.112596430817700099e-01 -9.502044366826947197e-01 -1.513152659620987245e-02 4.757332448790725721e+01 9.503043953541772115e-01 -3.113180872990464199e-01 1.613905509840715333e-03 -1.507737752985673296e+01 -6.244258093684003190e-03 -1.387721257983615293e-02 9.998842094022054594e-01 7.796933521947471135e-01
-2.979885482798481089e-01 -9.544420374698467935e-01 -1.559558285142726049e-02 4.760957818108600748e+01 9.545482164859602214e-01 -2.980511080156700299e-01 1.799837243617622047e-03 -1.515167328077457221e+01 -6.366121074930597076e-03 -1.435040490852330236e-02 9.998767615968583433e-01 7.796355945879390736e-01
-2.847550957741922240e-01 -9.584717385498683351e-01 -1.569910289870031506e-02 4.763145789084859416e+01 9.585803944038390201e-01 -2.848165346994095959e-01 1.780175946639145704e-03 -1.521477155656541491e+01 -6.177612419997156705e-03 -1.454193807624245584e-02 9.998751767804694435e-01 7.797946510770097373e-01
-2.724314897863631124e-01 -9.620475550989823210e-01 -1.567115505804966141e-02 4.765652931974767625e+01 9.621576572892246437e-01 -2.724886960281927006e-01 1.597828703712642767e-03 -1.524152968649836382e+01 -5.807399804897290727e-03 -1.464282298349339762e-02 9.998759232237668382e-01 7.778582756697400846e-01
-2.595069991709151314e-01 -9.656138039499483350e-01 -1.568754291203134157e-02 4.769879141244823728e+01 9.657251823310871730e-01 -2.595620838417291854e-01 1.548174191359773764e-03 -1.530249690720735600e+01 -5.566829698699455632e-03 -1.474809320045459074e-02 9.998757443572958703e-01 7.784324804180299262e-01
-2.467277717892788491e-01 -9.689575667418620641e-01 -1.570479167602762890e-02 4.772435807911391237e+01 9.690709487761847152e-01 -2.467785750303010950e-01 1.353197708871258995e-03 -1.534686843007677837e+01 -5.186797270266389932e-03 -1.488518591432025882e-02 9.998757564689590982e-01 7.793837716056379872e-01
-2.333378694336163406e-01 -9.722662276566014228e-01 -1.586887666416422066e-02 4.777366822710834526e+01 9.723834971012659256e-01 -2.333856914449028430e-01 1.205650818873825469e-03 -1.541706040858934301e+01 -4.875782326257393877e-03 -1.514930979241176437e-02 9.998733545602265238e-01 7.779387016904871777e-01
-2.199039673011948803e-01 -9.753807457555548899e-01 -1.657244624468887442e-02 4.778381366867627378e+01 9.755104628347791573e-01 -2.199506414337204507e-01 1.025783978481465721e-03 -1.547227251978569385e+01 -4.645650123560516286e-03 -1.594102073999886099e-02 9.998621413938505453e-01 7.789194036722207892e-01
-2.060419673114761707e-01 -9.783853834428628549e-01 -1.757125982331937675e-02 4.780655115580942294e+01 9.785343198380860308e-01 -2.060831951303925269e-01 5.491665162254688592e-04 -1.552970766008438552e+01 -4.158437859407190448e-03 -1.708092943052542945e-02 9.998454626812880441e-01 7.802275640803539858e-01
-1.924236075517482547e-01 -9.811472686793193398e-01 -1.797755322290128452e-02 4.782964519703523365e+01 9.813046340406400558e-01 -1.924606491961771138e-01 3.372259647631877660e-04 -1.559738164216382650e+01 -3.790839898493557174e-03 -1.757656604964542846e-02 9.998383338614130755e-01 7.792422360406114912e-01
-1.789527666918409032e-01 -9.836881552707437137e-01 -1.826254290555020393e-02 4.785440694435371967e+01 9.838514929350627991e-01 -1.789865676482469414e-01 2.201157604018507546e-04 -1.564501097577437605e+01 -3.485275137488984959e-03 -1.792823977809981234e-02 9.998332016269888545e-01 7.810977142281332330e-01
-1.655079981698190927e-01 -9.860499630133408022e-01 -1.767973368600817691e-02 4.788060212283642159e+01 9.862039541948617316e-01 -1.655347640407165422e-01 5.122892884720266216e-05 -1.568646069206025828e+01 -2.977124827411068743e-03 -1.742734447279147697e-02 9.998436999813463677e-01 7.786696606868069859e-01
-1.527200433108550914e-01 -9.881220017641768605e-01 -1.707331252821689752e-02 4.790642305853191374e+01 9.882660527393861694e-01 -1.527422960495665727e-01 -6.472354233261201628e-07 -1.575270899374801381e+01 -2.607177409169574543e-03 -1.687307402526870906e-02 9.998542403765134923e-01 7.801740531553581492e-01
-1.404589651409595685e-01 -9.899474393384427584e-01 -1.659356678931496118e-02 4.793124292098066519e+01 9.900841806079808682e-01 -1.404751914988451311e-01 -1.894285787124583287e-04 -1.581181359146551735e+01 -2.143460135943974637e-03 -1.645563492009677678e-02 9.998622993482763066e-01 7.804563633163179581e-01
-1.293657212692791436e-01 -9.914530774680876402e-01 -1.689098397185338080e-02 4.794056424197268029e+01 9.915950611089467959e-01 -1.293799486640472285e-01 -2.523252516331772610e-04 -1.586406241417350493e+01 -1.935185991909013983e-03 -1.678165852193217247e-02 9.998573053153284595e-01 7.817343133423740875e-01
-1.191665751042498833e-01 -9.927208774274219882e-01 -1.745241810330509097e-02 4.795607037554037078e+01 9.928724697677079325e-01 -1.191814732352536321e-01 -1.876561919643450482e-04 -1.591794976296633202e+01 -1.893714681527976749e-03 -1.735038781134068051e-02 9.998476773426545616e-01 7.818862781703657117e-01
-1.100958598439207847e-01 -9.937711337691482738e-01 -1.725790637389069265e-02 4.798207344753489423e+01 9.939196045182515649e-01 -1.101079296941338548e-01 -2.521363808110511223e-04 -1.596818558388196330e+01 -1.649666484661248787e-03 -1.718073064959377283e-02 9.998510394527954093e-01 7.797789985330461082e-01
-1.026250406367765766e-01 -9.945673972837176802e-01 -1.742966708206758822e-02 4.798819243649629840e+01 9.947191490939193415e-01 -1.026335652341219262e-01 -4.070788650545782705e-04 -1.602906468761009862e+01 -1.384001506169869194e-03 -1.737940009393316651e-02 9.998480089454626629e-01 7.798556300997456781e-01
-9.657866768033418481e-02 -9.951690229046086245e-01 -1.764020408551444929e-02 4.800292283201320487e+01 9.953246206160273335e-01 -9.658494674475281982e-02 -4.976523637848749571e-04 -1.607076206285720232e+01 -1.208529955552015839e-03 -1.760579204126627370e-02 9.998442756459359204e-01 7.809948636090940921e-01
-9.096591665026187989e-02 -9.956938440474517593e-01 -1.785975738881150771e-02 4.800281079503633919e+01 9.958534301728637628e-01 -9.097052633206548222e-02 -5.558343359106029946e-04 -1.610497698621534823e+01 -1.071270703246784625e-03 -1.783626263757487687e-02 9.998403473126116214e-01 7.793135365139485238e-01
-8.655941132200184462e-02 -9.960835569377203269e-01 -1.802819763283284096e-02 4.801966944573825913e+01 9.962463017131190091e-01 -8.656119060417388766e-02 -6.830842711160762387e-04 -1.615343180459515082e+01 -8.801332410838420828e-04 -1.801965259065404362e-02 9.998372454984811863e-01 7.795350759014246789e-01
-8.272687201892270359e-02 -9.964081240315283416e-01 -1.808632107243142439e-02 4.801915280487033755e+01 9.965720754588986985e-01 -8.272420487338116857e-02 -8.968520557522986769e-04 -1.620157546103117596e+01 -6.025458553956027780e-04 -1.809851629380513152e-02 9.998360268796353534e-01 7.759174068522783907e-01
-7.985220767897760474e-02 -9.966373200748073202e-01 -1.837599420167269904e-02 4.802797880565142208e+01 9.968065759261530712e-01 -7.984832721441503800e-02 -9.459553047352249611e-04 -1.622104325888373211e+01 -5.245180380834876116e-04 -1.839284847885695393e-02 9.998306996715301542e-01 7.761796607623495659e-01
-7.770825547253301657e-02 -9.968017144372336436e-01 -1.864856901769011005e-02 4.803786125686637121e+01 9.969759989000444023e-01 -7.770465872064424850e-02 -9.184935312611716002e-04 -1.623351032111272474e+01 -5.335247644873419848e-04 -1.866355025444512566e-02 9.998256784276073894e-01 7.775784267079796086e-01
-7.648057498060567561e-02 -9.968952413613494379e-01 -1.872429976617485947e-02 4.803815252593640395e+01 9.970708628625311043e-01 -7.647922093712966607e-02 -7.894272721391242670e-04 -1.626660026255771641e+01 -6.450435677139623042e-04 -1.872982957603522292e-02 9.998243732790516036e-01 7.768746706957101456e-01
-7.568911222791951943e-02 -9.969468138773641686e-01 -1.918876207371058434e-02 4.802429179353320876e+01 9.971313758047261055e-01 -7.568322416678596731e-02 -1.033907875033573953e-03 -1.625945387359649175e+01 -4.215162196503207531e-04 -1.921197229573533283e-02 9.998153441734051183e-01 7.763685961453699047e-01
-7.508286352102255812e-02 -9.969926017971707521e-01 -1.919154936924294397e-02 4.804386906533969892e+01 9.971770855775113906e-01 -7.508150237722865938e-02 -7.924644592765383438e-04 -1.625873856184283639e+01 -6.508491565036071680e-04 -1.919687376857972388e-02 9.998155111983854093e-01 7.763246076685509367e-01
-7.514194757646319722e-02 -9.969771112406218272e-01 -1.975670460175723078e-02 4.802224467138708519e+01 9.971725670246809337e-01 -7.514203580656575454e-02 -7.389372459040179086e-04 -1.625598652053102455e+01 -7.478554837954919099e-04 -1.975636902747659671e-02 9.998045441960271562e-01 7.757195690336674554e-01
-7.524226031477265764e-02 -9.969602667804653429e-01 -2.021951343992421657e-02 4.802568090658124333e+01 9.971646765219954744e-01 -7.524911435078807109e-02 -4.227129121591715472e-04 -1.625654341677158854e+01 -1.100072501280397949e-03 -2.019399045372926443e-02 9.997954753798632410e-01 7.755221485089435207e-01
-7.481799731947047505e-02 -9.969780823933309666e-01 -2.090383946601705178e-02 4.802876217289404082e+01 9.971966944714529824e-01 -7.482274724180082437e-02 -5.559050258326855842e-04 -1.626486056500683830e+01 -1.009857570101482804e-03 -2.088683131800673359e-02 9.997813363256894403e-01 7.756633684634531845e-01
-7.468294650496010156e-02 -9.969841277097948318e-01 -2.109754952778274129e-02 4.803457308731626796e+01 9.972071720410682349e-01 -7.467809829393523557e-02 -1.018658459457991161e-03 -1.625078042241656817e+01 -5.599385617599920983e-04 -2.111470411683112267e-02 9.997769029832934695e-01 7.748766598378088455e-01
-7.472238266749897662e-02 -9.969874800997737818e-01 -2.079735687041871228e-02 4.803116364068590372e+01 9.972041974110112950e-01 -7.471856390652842350e-02 -9.617034925489872238e-04 -1.624736259617608880e+01 -5.951422967696885780e-04 -2.081107234261918293e-02 9.997832490463104405e-01 7.745473347373027506e-01
-7.453963266324881154e-02 -9.970033441978132238e-01 -2.069238557549836488e-02 4.803565041901649835e+01 9.972178228952572887e-01 -7.453763111877553804e-02 -8.690496216283497000e-04 -1.624631969265981368e+01 -6.759160239566599365e-04 -2.069959433367001694e-02 9.997855119634161403e-01 7.756920320377977962e-01
-7.466515328682166164e-02 -9.969908623635905798e-01 -2.084071131606921728e-02 4.802689860604667871e+01 9.972083981058741387e-01 -7.466402034003860599e-02 -8.335549046092349812e-04 -1.624541159212166264e+01 -7.250046704301033734e-04 -2.084476985160997609e-02 9.997824613074892675e-01 7.769712014446550352e-01
-7.433366209190306328e-02 -9.970183698523414906e-01 -2.070934226350414076e-02 4.802808411429785451e+01 9.972332427305693470e-01 -7.433022115341403335e-02 -9.369185442528269597e-04 -1.624339063093671243e+01 -6.052049907126159228e-04 -2.072168912672758129e-02 9.997850995722302736e-01 7.745813846428866167e-01
-7.414059097959579958e-02 -9.970307094008364901e-01 -2.080714494739433623e-02 4.802962988181437254e+01 9.972476115933647245e-01 -7.413723150403894735e-02 -9.338502272006436733e-04 -1.624276207581969800e+01 -6.115067674030711525e-04 -2.081911181059702826e-02 9.997830717925220156e-01 7.746583336777076445e-01
-7.392171075524744950e-02 -9.970488572812697958e-01 -2.071610178417190168e-02 4.803404214987622822e+01 9.972639715583823117e-01 -7.391386750511941273e-02 -1.145086039678269371e-03 -1.626994462901792815e+01 -3.895004751478924748e-04 -2.074406865950592649e-02 9.997847427845804047e-01 7.753775976537128356e-01
-7.472675577418774751e-02 -9.969943062592263594e-01 -2.045153437150801223e-02 4.802826713451157303e+01 9.972040426629340537e-01 -7.471301816549780206e-02 -1.436040843142007140e-03 -1.623584359161336366e+01 -9.627131484249949744e-05 -2.050166342729496660e-02 9.997898141752334933e-01 7.744329369753875092e-01
-7.414263088782435673e-02 -9.970458006086863056e-01 -2.006344371277181751e-02 4.803891574762809569e+01 9.972475420066556628e-01 -7.411836581939734714e-02 -1.951361049554789506e-03 -1.625626407948090701e+01 4.585266792298502148e-04 -2.015289896877659956e-02 9.997968045640267531e-01 7.738791002146532261e-01
-7.398735187348348674e-02 -9.970612348192094965e-01 -1.986871368617251776e-02 4.802776012688149621e+01 9.972578300302626930e-01 -7.393978615774376983e-02 -3.119048938258222117e-03 -1.625086424975507882e+01 1.640794344656259368e-03 -2.004500046747050707e-02 9.997977324190017168e-01 7.743269974210894580e-01
-7.425266718350909123e-02 -9.970337916609477436e-01 -2.025239991530312922e-02 4.803548571326556527e+01 9.972348601382181599e-01 -7.417532537331328335e-02 -4.544758615378187080e-03 -1.620952800430443119e+01 3.029049561166202720e-03 -2.053385964589763552e-02 9.997845695282552292e-01 7.732934876440452632e-01
-7.401413926483124683e-02 -9.970472153504575941e-01 -2.046356642388395125e-02 4.804040161857037816e+01 9.972495440314020909e-01 -7.391762395958156873e-02 -5.434316638808096497e-03 -1.618869406479569051e+01 3.905652064263701040e-03 -2.080949855398851051e-02 9.997758301998925790e-01 7.701472901264445614e-01
-7.361083351637698335e-02 -9.970803428167065441e-01 -2.030357499416274997e-02 4.802742332450570473e+01 9.972793534724433417e-01 -7.351506408659558289e-02 -5.424618874115145692e-03 -1.612881197274285228e+01 3.916162229769834177e-03 -2.064764686019018164e-02 9.997791447877510951e-01 7.720102830844373099e-01
-7.310980631657382212e-02 -9.971198737270643431e-01 -2.017210050729683485e-02 4.801860094335591356e+01 9.973166724952486906e-01 -7.301733221538952989e-02 -5.284312552512215877e-03 -1.604854615801747997e+01 3.796180100871798455e-03 -2.050430722240740439e-02 9.997825575603781489e-01 7.741144498823584463e-01
-7.279650405279580738e-02 -9.971376181836465458e-01 -2.042643876783347551e-02 4.802504020806127016e+01 9.973390383156296446e-01 -7.269978948739130864e-02 -5.439049562583514984e-03 -1.595361587982227647e+01 3.938483127618746735e-03 -2.076802859045009941e-02 9.997765637076715395e-01 7.740741505692133595e-01
-7.198738651267588828e-02 -9.971937625415018269e-01 -2.055276456823883213e-02 4.800739922569751172e+01 9.973971068776278370e-01 -7.188674360496838389e-02 -5.595291414357030091e-03 -1.587875672250353709e+01 4.102118381108585746e-03 -2.090205832439480729e-02 9.997731125523385831e-01 7.737957872764682499e-01
-7.059253667617415573e-02 -9.972873033674156673e-01 -2.085013927462955885e-02 4.800098692861173078e+01 9.974972695581405535e-01 -7.049301804719321218e-02 -5.470980776117104899e-03 -1.578218480782912714e+01 3.986350420815848797e-03 -2.118416740744262158e-02 9.997676430359085931e-01 7.751033268235361096e-01
-6.913547030774869206e-02 -9.973828764724514961e-01 -2.115855535866375398e-02 4.799128380178127173e+01 9.975990296258561152e-01 -6.903308519090800566e-02 -5.532561664877862911e-03 -1.566932167068275028e+01 4.057441912985921412e-03 -2.149025054679586447e-02 9.997608245458303733e-01 7.764152577543547151e-01
-6.785512138962634943e-02 -9.974662460691162691e-01 -2.137218879722841552e-02 4.798362457806717885e+01 9.976875889891650973e-01 -6.775544246536946424e-02 -5.354884994942367069e-03 -1.552478809479469923e+01 3.893234925627379189e-03 -2.168612388388736073e-02 9.997572479120652167e-01 7.778065729044516541e-01
-6.586870998616789485e-02 -9.976082149240634855e-01 -2.095620578211338653e-02 4.798532638228413560e+01 9.978232371367019571e-01 -6.578695614160090521e-02 -4.567694347998094498e-03 -1.538790350754644543e+01 3.178124414142859816e-03 -2.121145722592499006e-02 9.997699603446589256e-01 7.790511445656862488e-01
-6.335376945126514059e-02 -9.977967618077555612e-01 -1.969573614448723309e-02 4.797749548541341369e+01 9.979873356431369080e-01 -6.328675310639897411e-02 -4.008088966401278375e-03 -1.525319779200167147e+01 2.752779001087647670e-03 -1.991002278268459019e-02 9.997979861954934266e-01 7.781284815585117753e-01
-6.232369422687233929e-02 -9.978874257051416619e-01 -1.834237600423498440e-02 4.797146997370505517e+01 9.980514489841126879e-01 -6.225745220071710051e-02 -4.161108769148234854e-03 -1.505960518381532864e+01 3.010368520393183651e-03 -1.856597061941129417e-02 9.998231055623442165e-01 7.804697771345219248e-01
-6.069233476203028665e-02 -9.979821077810607788e-01 -1.865885982596766565e-02 4.795882009135699064e+01 9.981501906022051118e-01 -6.061476870108695181e-02 -4.695403720175326395e-03 -1.488070932893546328e+01 3.554926428966573120e-03 -1.890931950613721629e-02 9.998148829327854203e-01 7.836843014118841655e-01
-5.859369925973423321e-02 -9.981090067081327399e-01 -1.857926627090447994e-02 4.794506462819405357e+01 9.982763145304788255e-01 -5.852089030156371052e-02 -4.439059107221929659e-03 -1.468626447598606433e+01 3.343389672904830377e-03 -1.880734235392370057e-02 9.998175361630128322e-01 7.838440560493542542e-01
-5.688760420899763304e-02 -9.982238379149273033e-01 -1.769095547880449384e-02 4.794122718144127759e+01 9.983778282888569056e-01 -5.683684444652192802e-02 -3.359329484802520485e-03 -1.447271306306918248e+01 2.347864686481192058e-03 -1.785336191742274703e-02 9.998378593550353299e-01 7.859123108813549363e-01
-5.482661741292971236e-02 -9.983704140586840969e-01 -1.582903519953214599e-02 4.793843465563443829e+01 9.984958891628391564e-01 -5.481914469018711600e-02 -9.059251336675554558e-04 -1.423833835570732376e+01 3.671467989663224074e-05 -1.585489538685507654e-02 9.998743025722304223e-01 7.855626214888513648e-01
-5.274333933616981440e-02 -9.984831038430402872e-01 -1.579973087233175685e-02 4.794610517425064700e+01 9.986053625831664560e-01 -5.277364818325991358e-02 1.507274882813181352e-03 -1.400530613082279174e+01 -2.338797941782585176e-03 -1.569819726586420272e-02 9.998740403804818877e-01 7.853803809184674023e-01
-5.031386887797206775e-02 -9.985719521920455310e-01 -1.796025873694350253e-02 4.790543492788862778e+01 9.987289521081386123e-01 -5.035950788226073449e-02 2.097662231280127132e-03 -1.378910281908977709e+01 -2.999136460759463906e-03 -1.783188888548371820e-02 9.998365010936866026e-01 7.879382764683916518e-01
-4.826340447831678482e-02 -9.986161998130063111e-01 -2.088849585759519276e-02 4.789035225255037176e+01 9.988324934769958752e-01 -4.829613047660497038e-02 1.064779561250801115e-03 -1.350932375942672792e+01 -2.072139640493270152e-03 -2.081271851578081131e-02 9.997812445656765190e-01 7.914614377319824090e-01
-4.437510469997452134e-02 -9.987630984083119001e-01 -2.243041106835078763e-02 4.787874403053238836e+01 9.990141841731735584e-01 -4.439150108301448405e-02 2.333503923418328574e-04 -1.323518600785253518e+01 -1.228781378103274355e-03 -2.239794386602543194e-02 9.997483794469982366e-01 7.937531651958481538e-01
-4.042586349110521837e-02 -9.989447152291009990e-01 -2.179920817024251500e-02 4.788927889678154060e+01 9.991817204395972984e-01 -4.044416278410656318e-02 3.990439323331082533e-04 -1.294455289197290959e+01 -1.280273551150304390e-03 -2.176523862822838176e-02 9.997622893903782559e-01 7.954498487819881003e-01
-3.570743709288537460e-02 -9.991603224924714421e-01 -2.009051748956720840e-02 4.788132001643252522e+01 9.993620196548016477e-01 -3.571489214167988813e-02 1.227943590840878396e-05 -1.268148164326809635e+01 -7.297997903526944746e-04 -2.007726166709875720e-02 9.997981651094468569e-01 7.948302339680406448e-01
-3.157540118699575515e-02 -9.993246341884935990e-01 -1.879546604674676297e-02 4.785811559018626582e+01 9.995013712981339893e-01 -3.156881989995419246e-02 -6.468255363548461312e-04 -1.239953059618929743e+01 5.303800993613702608e-05 -1.880651786371929923e-02 9.998231403967459130e-01 8.006512647564798524e-01
-2.706664369173994444e-02 -9.994584699148213458e-01 -1.871266188411295148e-02 4.787543401275979704e+01 9.996336070111603300e-01 -2.705777480095306053e-02 -7.270190357545735366e-04 -1.208367466724848960e+01 2.203023418875134365e-04 -1.872548366119396179e-02 9.998246384884363902e-01 8.035454124770518014e-01
-2.313267657326445459e-02 -9.996006077428655212e-01 -1.623281474826333143e-02 4.787461497065267935e+01 9.997320214392410032e-01 -2.311541646487569324e-02 -1.250132258969027799e-03 -1.175937990520679932e+01 8.744046925211242799e-04 -1.625738360715055578e-02 9.998674576636064071e-01 7.946598049534447927e-01
-1.863940876702807614e-02 -9.997192356754662779e-01 -1.462949969334774621e-02 4.786719173490325119e+01 9.998202904553998849e-01 -1.858669235558196853e-02 -3.731174206477084858e-03 -1.142775009969085431e+01 3.458212615754954408e-03 -1.469641751383564052e-02 9.998860215433373888e-01 7.995193766516903722e-01
-1.280198587392056275e-02 -9.997831191065686962e-01 -1.642631751869215104e-02 4.784096603632362132e+01 9.999067074998375659e-01 -1.272186297607968974e-02 -4.972976900452120465e-03 -1.111884012617882256e+01 4.762924996104557322e-03 -1.648844904649329063e-02 9.998527119498764604e-01 8.028094097947848784e-01
-7.139422483929624974e-03 -9.997932889447056493e-01 -1.903701730115957974e-02 4.784664311535769343e+01 9.999706734342519443e-01 -7.085338421184195212e-03 -2.906931527627193423e-03 -1.078999702622778578e+01 2.771446922634798748e-03 -1.905721282312763248e-02 9.998145536655130838e-01 8.063128307387628091e-01
-2.031421389143472922e-03 -9.998162589178326565e-01 -1.906100025415798441e-02 4.785446714311297711e+01 9.999970104175234242e-01 -2.005107179189780098e-03 -1.399536071516925897e-03 -1.042334045247014807e+01 1.361059570792463175e-03 -1.906378631723619488e-02 9.998173431022766566e-01 8.045001805141517304e-01
2.337798376000899125e-03 -9.998298060979003976e-01 -1.830009663876931703e-02 4.786521953776566818e+01 9.999955537188064403e-01 2.371281685357162772e-03 -1.808194067791424331e-03 -1.008867938053228386e+01 1.851281008187056695e-03 -1.829578807823861036e-02 9.998309041519095608e-01 8.112748897323626140e-01
6.862492105640383144e-03 -9.998078851418009672e-01 -1.836025627217378192e-02 4.787841604793819528e+01 9.999745766975672856e-01 6.896888810486889732e-03 -1.810768692447837711e-03 -9.744277468355189598e+00 1.937049462918489715e-03 -1.834736310796876435e-02 9.998297965685772892e-01 8.205350469983202499e-01
1.041469479836198975e-02 -9.997682335600188708e-01 -1.884179653156742990e-02 4.787998946652815135e+01 9.999434124890196340e-01 1.045369958440756086e-02 -1.972811398440096550e-03 -9.374810295049302411e+00 2.169320647537069727e-03 -1.882018409258982145e-02 9.998205312548092971e-01 8.216886937416464365e-01
1.316192215187106385e-02 -9.997442291100739897e-01 -1.839130681523037936e-02 4.787450101304359862e+01 9.999105990626053764e-01 1.320302361241754152e-02 -2.115194967740209944e-03 -9.026693304115308791e+00 2.357474820585644601e-03 -1.836182258365975928e-02 9.998286282077927245e-01 8.252805816090756919e-01
1.685498059219991962e-02 -9.997031337919923821e-01 -1.759414435845316899e-02 4.790406248497501451e+01 9.998565578323579395e-01 1.688165623581527885e-02 -1.368737507481350424e-03 -8.690218758986175018e+00 1.665349472390461813e-03 -1.756855057212416971e-02 9.998442741957016544e-01 8.250097643669574987e-01
2.007416043045884280e-02 -9.996771355740532439e-01 -1.557731342267659573e-02 4.789206259705954238e+01 9.997965309372955911e-01 2.010255723061704636e-02 -1.668507878092717091e-03 -8.342511851488907837e+00 1.981113010833085789e-03 -1.554065002649071200e-02 9.998772741631807293e-01 8.251143966672065400e-01
2.282268729729863832e-02 -9.996328714958322426e-01 -1.460298495262640946e-02 4.790692174123072533e+01 9.997372666873793889e-01 2.285127211425563853e-02 -1.793588360793490176e-03 -8.016062342299704824e+00 2.126626666214345360e-03 -1.455821375571719062e-02 9.998917620779087523e-01 8.312421214444097872e-01
2.478208373377721596e-02 -9.995646250746820227e-01 -1.601276444348697856e-02 4.791454292238075396e+01 9.996899118251999505e-01 2.481784363642636215e-02 -2.038340541217036062e-03 -7.670019791294510725e+00 2.434855383001522516e-03 -1.595728474861679916e-02 9.998697097835874681e-01 8.400818237096114860e-01
2.673674088736954779e-02 -9.994733309480610117e-01 -1.839041626255371459e-02 4.791023493761836249e+01 9.996418913761437874e-01 2.675265718599462161e-02 -6.199511392726165387e-04 -7.321305483705780937e+00 1.111617131973691164e-03 -1.836725502292022028e-02 9.998306897921642733e-01 8.418332111093351777e-01
2.855560267770140825e-02 -9.994195235291282176e-01 -1.857938493394283366e-02 4.792074473030765347e+01 9.995921033784941345e-01 2.854225960205791779e-02 9.829955068795317996e-04 -6.974275577274330118e+00 -4.521272730856548683e-04 -1.859987649472704188e-02 9.998269051067338875e-01 8.417100886555135553e-01
2.940881982536325268e-02 -9.994251605626175428e-01 -1.686623108063538268e-02 4.794974711933032552e+01 9.995661227526576598e-01 2.937691932854447074e-02 2.136084263991505638e-03 -6.641829629011071212e+00 -1.639378448682577566e-03 -1.692173292397259818e-02 9.998554732525855027e-01 8.457403418881784818e-01
2.929248174406684502e-02 -9.994791046623144881e-01 -1.354510452863400168e-02 4.795816158614751856e+01 9.995685430500161894e-01 2.926040134998075803e-02 2.560597138547681534e-03 -6.311646643104122489e+00 -2.162928140601249119e-03 -1.361426664408168369e-02 9.999049822286127931e-01 8.454227323863312549e-01
2.798393303080004557e-02 -9.995226928610038142e-01 -1.308762575930032430e-02 4.795739821259035551e+01 9.996069082823512142e-01 2.795907955398246880e-02 2.078168591234581287e-03 -5.984073694935553966e+00 -1.711258696752914268e-03 -1.314063645269447633e-02 9.999121937786792369e-01 8.541347721892080802e-01
2.578440421975625174e-02 -9.995529642464870967e-01 -1.513394083157204584e-02 4.794158673476767518e+01 9.996670986261857461e-01 2.576742351618166449e-02 1.315982386621374067e-03 -5.637500385296529970e+00 -9.254314325676075981e-04 -1.516283454368071507e-02 9.998846093551317926e-01 8.542306800044916493e-01
2.444041388628070965e-02 -9.995580671018878816e-01 -1.692148517730621832e-02 4.796121286174452791e+01 9.997012773682255604e-01 2.443438957541721468e-02 5.627027772448570109e-04 -5.298791312114740748e+00 -1.489879393587814627e-04 -1.693018303549134046e-02 9.998566630797529609e-01 8.597026455428145031e-01
2.319504867035548923e-02 -9.995684662124598718e-01 -1.802418017138900097e-02 4.794500094013627489e+01 9.997309295218456127e-01 2.318692455765447580e-02 6.596112071238797309e-04 -4.961512876344267298e+00 -2.414012567537940357e-04 -1.803463011066468863e-02 9.998373336909383013e-01 8.643076649301986158e-01
2.191311963715214528e-02 -9.996021862206186936e-01 -1.775625215883737049e-02 4.796062539326019447e+01 9.997597754967305628e-01 2.190158855184431985e-02 8.436335894589589574e-04 -4.642266749779016877e+00 -4.544078513866629809e-04 -1.777047331575831723e-02 9.998419894121463036e-01 8.665937631918999573e-01
1.998748510176229232e-02 -9.996551158226448797e-01 -1.703378551354415432e-02 4.797803561990681942e+01 9.997998901734977961e-01 1.997052471858207223e-02 1.165225955051325119e-03 -4.298766565452068811e+00 -8.246504524071236047e-04 -1.705366682209713894e-02 9.998542355761425027e-01 8.646233289501471520e-01
1.765304171916481923e-02 -9.997256499372395577e-01 -1.539464113339031152e-02 4.798344195013601166e+01 9.998441719326247590e-01 1.765026551145987277e-02 3.161957293583792655e-04 -3.975320981189363057e+00 -4.438947758220179729e-05 -1.539782403261634285e-02 9.998814454947321240e-01 8.675398568627901152e-01
1.669371213027215362e-02 -9.997612569199670896e-01 -1.409784157661809166e-02 4.797257533440064492e+01 9.998605315770986435e-01 1.669892114074422729e-02 -2.518473689462090090e-04 -3.652402844769599088e+00 4.872059868723018633e-04 -1.409167110540913287e-02 9.999005887765960443e-01 8.706995998342741405e-01
1.524898150477649317e-02 -9.997682349870384844e-01 -1.519687053207949279e-02 4.796948317473488999e+01 9.998835662694043336e-01 1.525584943254798542e-02 -3.360988977020177085e-04 -3.350596731340051981e+00 5.678621704199651732e-04 -1.518997593787523026e-02 9.998844644075445265e-01 8.774450628053863666e-01
1.344475218238183611e-02 -9.997305293581080221e-01 -1.892372342092651927e-02 4.800250638216336796e+01 9.999096141251970771e-01 1.344145264696350317e-02 3.015472418763601864e-04 -3.029984118790781000e+00 -4.710365148091061327e-05 -1.892606721156889910e-02 9.998208848394541937e-01 8.830595865334858185e-01
1.041134598097570585e-02 -9.997435523589091044e-01 -2.011052937279271188e-02 4.799218523004455506e+01 9.999449989706867825e-01 1.038376794774775735e-02 1.475261577074032937e-03 -2.685336638030950240e+00 -1.266060179409153608e-03 -2.012478273166852863e-02 9.997966744351699520e-01 8.781382178277403749e-01
7.972563615034844453e-03 -9.997971995251413446e-01 -1.849318931632326288e-02 4.798686110602263710e+01 9.999666025943774184e-01 7.937938880860806456e-03 1.944947861195898270e-03 -2.403671066531995582e+00 -1.797755618340904360e-03 -1.850807791232971650e-02 9.998270946152278960e-01 8.830568442994800593e-01
4.746250565382137410e-03 -9.998564958608928688e-01 -1.626225046995048371e-02 4.800502419899274997e+01 9.999871275721798902e-01 4.716443044344154067e-03 1.870789926954536005e-03 -2.094099435293594880e+00 -1.793821482742231736e-03 -1.627092037305363434e-02 9.998660107007847353e-01 8.879950074034781426e-01
4.427203098579246543e-04 -9.998841092948852483e-01 -1.521748922462847625e-02 4.798801514393829848e+01 9.999988290165672256e-01 4.203762994500204186e-04 1.471478597094292434e-03 -1.765803698226457552e+00 -1.464910994594940084e-03 -1.521812285866115666e-02 9.998831245562835868e-01 8.906247463755778693e-01
-4.356680830974291041e-03 -9.998533563844591576e-01 -1.656155363693886939e-02 4.797985652236319964e+01 9.999899030545911227e-01 -4.374322185128676210e-03 1.029123068748934340e-03 -1.433057914613321771e+00 -1.101417725915551996e-03 -1.655690285508957388e-02 9.998623184453148127e-01 8.910851512058306501e-01
-8.648546897959796809e-03 -9.998087508168368442e-01 -1.754036563559783699e-02 4.796980863953487528e+01 9.999613647472039846e-01 -8.674783697962151763e-03 1.420260786983880419e-03 -1.123485983771988383e+00 -1.572148041140464941e-03 -1.752740476711380641e-02 9.998451472266425277e-01 8.944963503368277280e-01
-1.190806581356684823e-02 -9.997668114090437763e-01 -1.801446012440836852e-02 4.796234875842720413e+01 9.999275681496598844e-01 -1.193761345506327842e-02 1.533570769572693490e-03 -8.139048108552201510e-01 -1.748262819932637838e-03 -1.799489344207483993e-02 9.998365503356639872e-01 8.975515766347106350e-01
-1.562258552890405383e-02 -9.997101329848461226e-01 -1.831897455682043527e-02 4.795689825256605587e+01 9.998766327230561579e-01 -1.564979437333957613e-02 1.342859067362121156e-03 -5.226417304875651260e-01 -1.629158001757172874e-03 -1.829573566417982966e-02 9.998312917191138904e-01 8.992789931634581624e-01
-1.998077043455781521e-02 -9.996322282874580134e-01 -1.833512972120726614e-02 4.795117134359136202e+01 9.998003197483468218e-01 -1.998289508974648854e-02 -6.734193377389008361e-05 -2.157920499633082523e-01 -2.990718063601970761e-04 -1.833281410160979633e-02 9.998318951119585796e-01 9.029229241177681997e-01
-2.387575282247444974e-02 -9.995530304081543527e-01 -1.799132649461668981e-02 4.795223205871693040e+01 9.997149333168646734e-01 -2.387147156281810290e-02 -4.527125832309748799e-04 7.106629419408483361e-02 2.303079567881130552e-05 -1.799700662058450681e-02 9.998380404957000200e-01 9.072365346180356616e-01
-2.841853033985763943e-02 -9.994466359263388666e-01 -1.728609466729955774e-02 4.792806889038003959e+01 9.995961118081880814e-01 -2.841462293436958220e-02 -4.716581917714231936e-04 3.849627279727442786e-01 -1.978066890608552730e-05 -1.729251685041379577e-02 9.998504730556980746e-01 9.064728214165383990e-01
-3.271299439761166106e-02 -9.993164751310319449e-01 -1.721750647543765847e-02 4.792457038305884254e+01 9.994646773265631889e-01 -3.270007467871427487e-02 -1.031451654488627426e-03 6.903071326377865358e-01 4.677328841035909013e-04 -1.724203142603600303e-02 9.998512357237213655e-01 9.127923618140661999e-01
-3.884551461351026802e-02 -9.991120600470478896e-01 -1.631310709080831256e-02 4.791373394585107803e+01 9.992432903516915710e-01 -3.880811110970272537e-02 -2.603305441606742696e-03 9.720558059595955092e-01 1.967912990170838164e-03 -1.640188954485417155e-02 9.998635433587033106e-01 9.104360252113320451e-01
-4.897042703927367846e-02 -9.987024922001854765e-01 -1.397244963240631271e-02 4.789195354484630229e+01 9.987970565520458699e-01 -4.893022132737723240e-02 -3.205193258376521845e-03 1.282655967637610361e+00 2.517359442124594143e-03 -1.411260124827523783e-02 9.998972434142652244e-01 9.168305335744195705e-01
-6.115666770161953814e-02 -9.980644973253915975e-01 -1.127480262564530336e-02 4.786834091921053869e+01 9.981271661837682885e-01 -6.113661066023667878e-02 -2.115410820440546090e-03 1.567184697181376096e+00 1.422013218744598573e-03 -1.138305827061474734e-02 9.999341997665713855e-01 9.213546112439264801e-01
-7.780875496330330598e-02 -9.969219785267162681e-01 -9.610743022185338352e-03 4.782795283952710719e+01 9.969680817598620681e-01 -7.779869670022399042e-02 -1.416595852050980646e-03 1.823273285061504989e+00 6.645322581526136654e-04 -9.691827594649361083e-03 9.999528123240383204e-01 9.246475555266728819e-01
-9.921840076171295486e-02 -9.950124446357988539e-01 -1.029290873270233275e-02 4.778903434190404198e+01 9.950656463093252579e-01 -9.921580954224862303e-02 -7.633294710961526300e-04 2.129242322594302461e+00 -2.616969493616063194e-04 -1.031785620988578955e-02 9.999467352604031190e-01 9.270712845533390922e-01
-1.229610053047272000e-01 -9.923552613500356001e-01 -1.056534170547808460e-02 4.773759066742266555e+01 9.924100521720350399e-01 -1.229720608820277228e-01 4.007372278975272067e-04 2.393873943571815932e+00 -1.696915539968415695e-03 -1.043587626074357275e-02 9.999441049200303855e-01 9.243563812930982726e-01
-1.509298364988871377e-01 -9.884970557463339524e-01 -9.682728708821889893e-03 4.766314150050061471e+01 9.885395955281339742e-01 -1.509526348483170022e-01 1.664363369076036960e-03 2.653265795017739404e+00 -3.106851701141817232e-03 -9.320558630258057170e-03 9.999517361649645775e-01 9.309096617500174364e-01
-1.814088818798771374e-01 -9.833733041284753451e-01 -8.231786108628024595e-03 4.759174807987422895e+01 9.834016452224842997e-01 -1.814309115918881776e-01 2.007110522056745807e-03 2.874204345805099869e+00 -3.467239363543794892e-03 -7.731044326728738966e-03 9.999641039581441682e-01 9.338756901252963649e-01
-2.172269513660458617e-01 -9.760922835835579292e-01 -7.503701010130051086e-03 4.750786261388323339e+01 9.761153191500624438e-01 -2.172457553512494588e-01 1.779185891755688358e-03 3.154285156990132233e+00 -3.366796813879092184e-03 -6.937990379130172351e-03 9.999702640422429845e-01 9.365524807846142830e-01
-2.590403830531453622e-01 -9.658369820738943456e-01 -7.550099739171815989e-03 4.739971959239903754e+01 9.658586938192526006e-01 -2.590617883918111541e-01 1.993331132404992882e-03 3.419893254552292650e+00 -3.881175266162374855e-03 -6.775976212191621439e-03 9.999695108476683858e-01 9.392221212340210457e-01
-3.035241777564481325e-01 -9.527805438163318152e-01 -9.072422076139650265e-03 4.729176397182364155e+01 9.528144992831398818e-01 -3.035494033362982069e-01 1.513172163835702511e-03 3.656177560621894251e+00 -4.195649305174362423e-03 -8.185050960930126407e-03 9.999576998391856986e-01 9.412921711952454418e-01
-3.489153946909373527e-01 -9.370939263025414023e-01 -1.063111633625595832e-02 4.716095503727641614e+01 9.371478323199365912e-01 -3.489324731001208768e-01 -2.638072738716072674e-04 3.873188147158387107e+00 -3.462329520965370337e-03 -1.005497404874858801e-02 9.999434532868182179e-01 9.441836233872009654e-01
-3.949952738939246366e-01 -9.186129220062132505e-01 -1.135927483029134863e-02 4.702927858442871667e+01 9.186766215521121604e-01 -3.950088917427567736e-01 -1.113758392235637482e-03 4.077202385954615593e+00 -3.463901710614258542e-03 -1.087542952556677135e-02 9.999348610872478282e-01 9.403551071211324608e-01
-4.411835613378785048e-01 -8.973305925913680481e-01 -1.244479026948423078e-02 4.690481773150973765e+01 8.974067377039697258e-01 -4.412020957652020847e-01 -1.363017209231223714e-03 4.262472783427865508e+00 -4.267590508183145663e-03 -1.176937942368139547e-02 9.999216316188163090e-01 9.428711952792040440e-01
-4.858460965043294166e-01 -8.739270332328659130e-01 -1.432170018911980459e-02 4.673439918298590356e+01 8.740292346483049535e-01 -4.858689014447423737e-01 -2.075473193656885221e-03 4.462421157764061341e+00 -5.144656607021692515e-03 -1.352594520469643964e-02 9.998952851747603399e-01 9.403290355788472832e-01
-5.280810026223827780e-01 -8.490437904775294253e-01 -1.597174132299101004e-02 4.657615132883407227e+01 8.491733890427166642e-01 -5.281058237895686069e-01 -2.965505226589295294e-03 4.647590134537425755e+00 -5.916925810467755370e-03 -1.512880468149706628e-02 9.998680459229920547e-01 9.356370791492544248e-01
-5.674037484719278712e-01 -8.232676492003814239e-01 -1.683341914416627838e-02 4.642527756905258229e+01 8.234093268064908155e-01 -5.674398946874676941e-01 -3.007730898418373676e-03 4.813491040633605778e+00 -7.075786040227467766e-03 -1.556739211150687252e-02 9.998537840878333194e-01 9.333372329959876978e-01
-6.052166896312840549e-01 -7.958783182689800340e-01 -1.704291938285706215e-02 4.626192261536449735e+01 7.960194577724472031e-01 -6.052646922871822710e-01 -2.770400361294194334e-03 4.961514839340394722e+00 -8.110575775461634218e-03 -1.524318798161719210e-02 9.998509207780665875e-01 9.388874413189423063e-01
-6.424585301920013869e-01 -7.661214763068072697e-01 -1.746197368603489078e-02 4.605668371483817936e+01 7.662629471870373576e-01 -6.425226679320863443e-01 -2.391016869414091216e-03 5.114642227681638786e+00 -9.387904546241020165e-03 -1.491659260395164499e-02 9.998446691928293273e-01 9.366329658028025307e-01
-6.781495209671135616e-01 -7.347276118543627499e-01 -1.698715958776629564e-02 4.587734945538042552e+01 7.348562292410208974e-01 -6.782196610662880598e-01 -2.100878101733985419e-03 5.253605148993949037e+00 -9.977452467609657094e-03 -1.390782951848259022e-02 9.998535006291379146e-01 9.365567309405168350e-01
-7.123107184833907812e-01 -7.016862578323530553e-01 -1.580619824320485256e-02 4.569226469569699844e+01 7.017843775729144529e-01 -7.123887791219798427e-01 -9.564390683002984769e-04 5.404526342802443928e+00 -1.058903811835639440e-02 -1.177382479582818678e-02 9.998746168002291546e-01 9.354916035022502463e-01
-7.444808613848290513e-01 -6.674707151367843538e-01 -1.520169288247795458e-02 4.546783791263938213e+01 6.675413492820715389e-01 -7.445725134258729394e-01 5.650215485300024224e-04 5.560822109838190030e+00 -1.169589801489982414e-02 -9.727110848990389025e-03 9.998842879474386658e-01 9.369123384324730131e-01
-7.739035490388037619e-01 -6.330806782700019175e-01 -1.679736843490806444e-02 4.526741347428990991e+01 6.331559082089396329e-01 -7.740235643492483497e-01 1.057228545646196963e-03 5.695832305457206424e+00 -1.367086995243919911e-02 -9.817160143303665931e-03 9.998583553091229259e-01 9.390266444763197828e-01
-8.000489363737570692e-01 -5.996485891661301748e-01 -1.852751786642303083e-02 4.506881906348745304e+01 5.997494062709668450e-01 -8.001878711695176172e-01 1.432159877076460627e-04 5.789383217212177968e+00 -1.491137434456316253e-02 -1.099728804142471872e-02 9.998283405519621247e-01 9.390543466357140767e-01
-8.243712838975207902e-01 -5.656850051866467721e-01 -2.030914060556207254e-02 4.480131794658050381e+01 5.658708487532065901e-01 -8.244818035163257175e-01 -4.465221359850985935e-03 5.916823700727617208e+00 -1.421860810623363017e-02 -1.517335089722461443e-02 9.997837769268268504e-01 9.380813885088966630e-01
-8.458177484779960675e-01 -5.331173495588544808e-01 -1.944808368337022295e-02 4.455923500322376896e+01 5.333425131906260885e-01 -8.458534658549154983e-01 -8.813508083277988084e-03 6.030450829371973853e+00 -1.175159491814243423e-02 -1.782711139162108938e-02 9.997720210709593047e-01 9.214712000645363110e-01
-8.652130475026187373e-01 -5.010226325502414868e-01 -1.956282453167281984e-02 4.432612547522854385e+01 5.012607490380910358e-01 -8.652404554222354882e-01 -9.829332352417874050e-03 6.136966664053064235e+00 -1.200182923571021035e-02 -1.831054267759861520e-02 9.997603113355963966e-01 9.106320475800817604e-01
-8.825153165874970451e-01 -4.698383485912606683e-01 -2.046074733499843312e-02 4.405370476361419918e+01 4.700678989815832431e-01 -8.825929127144087616e-01 -8.119160876342877003e-03 6.251501421981618734e+00 -1.424381744862213660e-02 -1.678322434256629761e-02 9.997576891653083830e-01 9.108015515214952229e-01
-8.977244108845967574e-01 -4.400760273073071605e-01 -2.059058744480635542e-02 4.380308703138526027e+01 4.402599856657324895e-01 -8.978551260682789970e-01 -5.226625538954278276e-03 6.335726554842398883e+00 -1.618725188267061341e-02 -1.375728106617157137e-02 9.997743295835082034e-01 9.134914120208592614e-01
-9.123941690051646791e-01 -4.087470995447869959e-01 -2.151020639370034016e-02 4.350951175646377322e+01 4.089029879410571167e-01 -9.125721401615511930e-01 -3.230395307464893444e-03 6.423315098166664683e+00 -1.830920037170642722e-02 -1.174298150772551050e-02 9.997634097960667043e-01 9.080151121148910542e-01
-9.253429074135948174e-01 -3.784218314448317133e-01 -2.318234641477320834e-02 4.325753207962995361e+01 3.785613639985718204e-01 -9.255744652611508361e-01 -1.789677086904088027e-03 6.503268517287827954e+00 -2.077973500543137120e-02 -1.043200567839126791e-02 9.997296513911299032e-01 9.063265329139658100e-01
-9.371279274378989665e-01 -3.480978180898475771e-01 -2.488285869902609124e-02 4.296963929873692933e+01 3.482387306500582258e-01 -9.374047847052571214e-01 -1.433906177823397049e-03 6.583716515298947414e+00 -2.282617118976601120e-02 -1.000892865285764495e-02 9.996893453748706415e-01 9.074749472008617479e-01
-9.469902155906368968e-01 -3.202178017484391681e-01 -2.588611633669225809e-02 4.271884870993422822e+01 3.203767350138434500e-01 -9.472878117949001808e-01 -2.132905694070852919e-03 6.615593668113818993e+00 -2.383860812776131960e-02 -1.031315025720063241e-02 9.996626229355098925e-01 9.050798438052223283e-01
-9.558023631742993409e-01 -2.926342772473931042e-01 -2.840813845221703063e-02 4.243737116607414350e+01 2.928832810950643406e-01 -9.561354032187647789e-01 -4.947157434247291541e-03 6.700519233495971783e+00 -2.571431907350501048e-02 -1.304877356633705326e-02 9.995841651922064974e-01 9.032443272193046990e-01
-9.628423595388480027e-01 -2.685205934395436533e-01 -2.883195408812184307e-02 4.214407462057907594e+01 2.688610476194304710e-01 -9.631406575873355802e-01 -8.591319759951733526e-03 6.745499773105374963e+00 -2.546228093959041622e-02 -1.602387597027241095e-02 9.995473513787341835e-01 8.892776637965031927e-01
-9.692944625953792137e-01 -2.444019017011703210e-01 -2.712849473869124312e-02 4.182395318693185970e+01 2.447511578569643853e-01 -9.695306762268638412e-01 -1.035077691559077584e-02 6.837151526413792091e+00 -2.377215828676526588e-02 -1.667268124605346055e-02 9.995783642068571950e-01 8.748138916487467887e-01
-9.741285671698733939e-01 -2.244431909376342904e-01 -2.643461112446787720e-02 4.155098325504589951e+01 2.247504042573528482e-01 -9.743724594180647181e-01 -9.250195335674667868e-03 6.864874444073111981e+00 -2.368101369717265370e-02 -1.495206906499228425e-02 9.996077456787487714e-01 8.693956473140279639e-01
-9.780832169099351603e-01 -2.065217967946256228e-01 -2.649468338803795744e-02 4.125025213935064272e+01 2.068150063511643433e-01 -9.783403074201091343e-01 -8.820205501819835051e-03 6.915649643179912154e+00 -2.409925200251783819e-02 -1.410639308419581010e-02 9.996100418298493606e-01 8.767823282601443502e-01
-9.813660106250310378e-01 -1.902379518529261071e-01 -2.702359829327710683e-02 4.094995382268261608e+01 1.905465062349374350e-01 -9.816339356235732616e-01 -9.319087607408151758e-03 6.945458351756528259e+00 -2.475443700776875505e-02 -1.429468806862766589e-02 9.995913563759187825e-01 8.701018042025613353e-01
-9.844369224192730528e-01 -1.734954449033281332e-01 -2.798707515027818934e-02 4.061054619694299817e+01 1.738528871771790052e-01 -9.847116425183688460e-01 -1.086989921463002787e-02 7.011377807313627919e+00 -2.567332074021887525e-02 -1.556636394837859413e-02 9.995491828397422562e-01 8.542575121037793151e-01
-9.868350103033656229e-01 -1.592937584884758229e-01 -2.796714047184009969e-02 4.030986220834001443e+01 1.596704788890191407e-01 -9.871000425258911193e-01 -1.178321758839822112e-02 7.049659476887491394e+00 -2.572937253233746266e-02 -1.609361836254893235e-02 9.995393913383768814e-01 8.477697906547545514e-01
-9.888847325488638873e-01 -1.462821740316627428e-01 -2.661787542859480812e-02 4.001160247180624197e+01 1.466265817555568451e-01 -9.891253837047981889e-01 -1.147261232312327128e-02 7.056850291218212945e+00 -2.465017757426644571e-02 -1.524797925647863872e-02 9.995798456722460035e-01 8.426166740896923191e-01
-9.906797390705772699e-01 -1.336162468077406740e-01 -2.646418682043101545e-02 3.967394622669564086e+01 1.339533179326124757e-01 -9.909221352030814778e-01 -1.139432224448766288e-02 7.101598070309065314e+00 -2.470148193728834152e-02 -1.483308981904035533e-02 9.995848219318469452e-01 8.448938334882518664e-01
-9.921599227494286577e-01 -1.220174024582557498e-01 -2.702667547420957786e-02 3.935121959567181449e+01 1.223539258547949732e-01 -9.924237548012202481e-01 -1.116278344174346723e-02 7.152755771835577647e+00 -2.545986091414354988e-02 -1.438208620430184159e-02 9.995723841116482822e-01 8.386951282080726822e-01
-9.934188544620345951e-01 -1.113439462083329889e-01 -2.686084961604115820e-02 3.904083627132552436e+01 1.116771231810331222e-01 -9.936810280805090656e-01 -1.123541680900545792e-02 7.168853577759411344e+00 -2.544012101677360291e-02 -1.416121730712351784e-02 9.995760402125655197e-01 8.402193360082789164e-01
-9.944149271582556349e-01 -1.020384267284697027e-01 -2.696501651436171432e-02 3.871713484763387925e+01 1.023931714126016940e-01 -9.946702144217371977e-01 -1.211622838530096793e-02 7.168900123097065702e+00 -2.558497787590691824e-02 -1.480959192530052759e-02 9.995629469393587652e-01 8.317213264984943955e-01
-9.952401431842341495e-01 -9.368305538566294721e-02 -2.684292324306446903e-02 3.839880519640382772e+01 9.408829463691988082e-02 -9.954618527499794478e-01 -1.425105371176051475e-02 7.180615537406488613e+00 -2.538602385058351396e-02 -1.670882560762841293e-02 9.995380757829446239e-01 8.227490901450152938e-01
-9.961466681218533736e-01 -8.408645044292201165e-02 -2.492557806029415540e-02 3.809063461804922213e+01 8.449328360042884789e-02 -9.962996777719121955e-01 -1.574284275477092973e-02 7.220309046400103625e+00 -2.350958562261994816e-02 -1.778822429288438520e-02 9.995653447675938441e-01 8.084723759828598144e-01
-9.967849165804962830e-01 -7.609805590011198273e-02 -2.507819702125839781e-02 3.776783020147814796e+01 7.646785878557987859e-02 -9.969719034291153470e-01 -1.413118344923833605e-02 7.228036150877781729e+00 -2.392690223079947318e-02 -1.600342654405125659e-02 9.995856109851156690e-01 7.959124022022094902e-01
-9.972303164847877710e-01 -6.904339370257253639e-02 -2.765331209244270214e-02 3.742508617152224559e+01 6.937932555472633989e-02 -9.975254702392042372e-01 -1.137740786058212723e-02 7.255711512372926109e+00 -2.679934829845246128e-02 -1.326446418391285555e-02 9.995528244773719262e-01 7.970293117690825380e-01
-9.976197011842986573e-01 -6.232770120426129462e-02 -2.949897407612538797e-02 3.710379443008093148e+01 6.259990112012936425e-02 -9.980033968891268703e-01 -8.394770843478867664e-03 7.286396012270890843e+00 -2.891684956390682543e-02 -1.022142164069275543e-02 9.995295585178767261e-01 8.021191265539651116e-01
-9.980796397297921896e-01 -5.483775641730686407e-02 -2.880717320329995168e-02 3.677362424509980343e+01 5.504948573064970957e-02 -9.984617587574202702e-01 -6.608359844213106821e-03 7.311685155232564348e+00 -2.840047319394162217e-02 -8.181489482712456934e-03 9.995631427539755087e-01 8.043926459657415595e-01
-9.983892652144041868e-01 -4.923575088308208836e-02 -2.819070661800315153e-02 3.646111838825121509e+01 4.947732626378247012e-02 -9.987437141855211031e-01 -7.936470292155765882e-03 7.325449728551107320e+00 -2.776453295898324153e-02 -9.318487532326853034e-03 9.995710562534708687e-01 7.950434639185659513e-01
-9.986315691728397947e-01 -4.470259980222226343e-02 -2.714160316403003634e-02 3.614919344451320171e+01 4.495913727607709492e-02 -9.989490381341219472e-01 -8.916007307268321996e-03 7.332851562067187245e+00 -2.671450966763534371e-02 -1.012406943055830719e-02 9.995918357966830925e-01 7.853126726414246805e-01
-9.988696589832302131e-01 -4.037629928279689445e-02 -2.508303847128545358e-02 3.582404304789902483e+01 4.062955182099157320e-02 -9.991274833950269940e-01 -9.670131516471258334e-03 7.335741828884987825e+00 -2.467070897950302336e-02 -1.067831358157764719e-02 9.996385995636133392e-01 7.821252987073282759e-01
-9.990206271155521733e-01 -3.743428380466502087e-02 -2.358942546314294134e-02 3.550162021405496660e+01 3.766511968721100029e-02 -9.992460331146437724e-01 -9.418283473996140465e-03 7.327908626096920841e+00 -2.321907312098079115e-02 -1.029755799596548602e-02 9.996773654248265473e-01 7.672184956385426080e-01
-9.991850259396055645e-01 -3.394981052818887152e-02 -2.183333009806394387e-02 3.518466641230305214e+01 3.412585494744895670e-02 -9.993875592595913293e-01 -7.741603274744623432e-03 7.339825700632986560e+00 -2.155713251285110155e-02 -8.480375124836139755e-03 9.997316506320911289e-01 7.709428956771949837e-01
-9.993777284042615339e-01 -2.952323161211639277e-02 -1.930115967284112832e-02 3.487146221985539540e+01 2.966582500178041940e-02 -9.995343450923799278e-01 -7.143655066709494322e-03 7.352168232507759527e+00 -1.908126821002516932e-02 -7.711794598257650998e-03 9.997881942829548452e-01 7.606080496293842197e-01
-9.995080980380641744e-01 -2.551878190879276753e-02 -1.823057119852176597e-02 3.452399252495550286e+01 2.565413218999738204e-02 -9.996447372374468454e-01 -7.229440853569627477e-03 7.373012509569313977e+00 -1.803960803097008278e-02 -7.693574160856087897e-03 9.998076722343754996e-01 7.589761601399594992e-01
-9.995819968126011812e-01 -2.144779500899428662e-02 -1.938617387174936674e-02 3.419257899779782406e+01 2.162915699193859384e-02 -9.997237826936979932e-01 -9.194448565437687154e-03 7.369782410209072765e+00 -1.918361842697075687e-02 -9.609911854776040374e-03 9.997697926913934330e-01 7.518422314564607856e-01
-9.996302875660478815e-01 -1.768492758788696093e-02 -2.065263946407482065e-02 3.388300779886644420e+01 1.792283834586116606e-02 -9.997744727584294555e-01 -1.139190441645745490e-02 7.364710198990998435e+00 -2.044651672657214758e-02 -1.175784660627825391e-02 9.997218078030173372e-01 7.444901696429034876e-01
-9.996542267956658456e-01 -1.386809099071616841e-02 -2.234061104432821104e-02 3.353888507011532027e+01 1.418382360413976070e-02 -9.998008744814717019e-01 -1.403675653604903595e-02 7.367038060365091567e+00 -2.214149944171329987e-02 -1.434877828802454819e-02 9.996518726857434034e-01 7.357283742441491636e-01
-9.996280170189926206e-01 -1.005990744673075817e-02 -2.535006613087678953e-02 3.319149226352914894e+01 1.041274829905100043e-02 -9.998502054918394499e-01 -1.382538429076220210e-02 7.356608918474206504e+00 -2.520718674380832344e-02 -1.408420534108527009e-02 9.995830295159942036e-01 7.216490920119217334e-01
-9.996032254867668332e-01 -6.321342235027537990e-03 -2.744871998471469510e-02 3.285103089024175915e+01 6.615219039104114351e-03 -9.999216304795615073e-01 -1.062881819204528240e-02 7.368713122249610947e+00 -2.737938044434704010e-02 -1.080618024292281411e-02 9.995667041248629259e-01 7.200919854334230097e-01
-9.995395689721857657e-01 -3.643910795369157893e-03 -3.012261564030256286e-02 3.253384106501244588e+01 3.919175988749259119e-03 -9.999510577408019518e-01 -9.084172093340480911e-03 7.358929633639888834e+00 -3.008803945868224541e-02 -9.198045290582495745e-03 9.995049303752159275e-01 7.354806131490165821e-01
-9.994822060586259216e-01 -1.333923879955367783e-03 -3.214872344688806532e-02 3.221519216355456905e+01 1.710441495897964881e-03 -9.999302407294505812e-01 -1.168708965618819699e-02 7.361746016703522244e+00 -3.213089108741174621e-02 -1.173602666259563644e-02 9.994147645077611219e-01 7.307777632720087180e-01
-9.994728649141930710e-01 1.661630149632791278e-03 -3.242269707260887063e-02 3.185771151735941942e+01 -1.181888125700249117e-03 -9.998896267460071208e-01 -1.481004612383753603e-02 7.363436970841809703e+00 -3.244372729318654308e-02 -1.476391922822994050e-02 9.993645137027568071e-01 7.210364581009894858e-01
-9.994878944891385508e-01 4.328811361718882395e-03 -3.170504946951186592e-02 3.153394324375962299e+01 -3.698170826745431419e-03 -9.997946865694329333e-01 -1.992255606257244127e-02 7.339177978209127318e+00 -3.178478098407711699e-02 -1.979510292281367462e-02 9.992986948846023232e-01 7.069064326552231270e-01
-9.995051497699143361e-01 5.905943927714372640e-03 -3.089620380798395113e-02 3.120704474927492456e+01 -5.244907832714806872e-03 -9.997565323511232727e-01 -2.143284775956086005e-02 7.315813173938685132e+00 -3.101526277896279535e-02 -2.126019396856199464e-02 9.992927787326250089e-01 6.905056287864140829e-01
-9.995038076747393418e-01 7.786067649319032384e-03 -3.052074039498967745e-02 3.087112211562392616e+01 -7.144808250311632421e-03 -9.997526064546722324e-01 -2.106365595417446918e-02 7.328762483801787297e+00 -3.067719281101851519e-02 -2.083513949196832971e-02 9.993121668445680283e-01 6.869682119818970589e-01
-9.994967827357397194e-01 1.051209759303988606e-02 -2.992786502744346558e-02 3.054649814952245634e+01 -9.905610506160997253e-03 -9.997440162119752838e-01 -2.034160585723144427e-02 7.342491324921960327e+00 -3.013403692515660356e-02 -2.003491583573848572e-02 9.993450565075349123e-01 6.888170743107798755e-01
-9.994837846905488821e-01 1.240047283196661458e-02 -2.963768570925966184e-02 3.021780244953350802e+01 -1.184234125108403306e-02 -9.997506051678162198e-01 -1.893373762040709979e-02 7.317288698543402248e+00 -2.986508152257532495e-02 -1.857298414712087870e-02 9.993813692307460528e-01 6.755278099089334631e-01
-9.994819323574894998e-01 1.429824355317979578e-02 -2.883447801214243308e-02 2.989791235082573806e+01 -1.378832558916980380e-02 -9.997463770128167670e-01 -1.780628336273317250e-02 7.301844352203101352e+00 -2.908176350199241297e-02 -1.739947933246438830e-02 9.994255896016337459e-01 6.700416441765147946e-01
-9.995325826361520782e-01 1.657471148326544047e-02 -2.568842517458306413e-02 2.958101768581874680e+01 -1.616586864088387365e-02 -9.997406219426296925e-01 -1.604224201442068856e-02 7.309195656980135958e+00 -2.594765769369812569e-02 -1.561946788498461483e-02 9.995412704251889213e-01 6.662202971345850822e-01
-9.995341663335874927e-01 1.849675790925534719e-02 -2.427591972855922334e-02 2.924437601645163198e+01 -1.811942485581846674e-02 -9.997129880509167954e-01 -1.567252261770760158e-02 7.298398603621526703e+00 -2.455884310620920150e-02 -1.522535612570714673e-02 9.995824386993450439e-01 6.632561453023962939e-01
-9.994429089473879646e-01 2.043886432744537740e-02 -2.638417290324188494e-02 2.891405558874748039e+01 -1.997687802349699948e-02 -9.996445246129379569e-01 -1.765640834961481123e-02 7.303083799110454244e+00 -2.673567091393453179e-02 -1.711949871866305303e-02 9.994959362920908807e-01 6.526164247602332935e-01
-9.993897708867627294e-01 2.106945807126010817e-02 -2.785971614155719270e-02 2.862559682235228919e+01 -2.052810496721880346e-02 -9.995975937801979683e-01 -1.957670593572933757e-02 7.273566533922587674e+00 -2.826097580338613954e-02 -1.899285248251525796e-02 9.994201262738398039e-01 6.428776200681587394e-01
-9.993773392942015832e-01 2.165031212471177705e-02 -2.786032465972279951e-02 2.834885074756089196e+01 -2.108580799119360097e-02 -9.995695485011333314e-01 -2.039868649200969261e-02 7.271290942494633036e+00 -2.828997007070025924e-02 -1.979852757513398190e-02 9.994036701449797722e-01 6.366336399589027639e-01
-9.994028772087437673e-01 2.081838868924689584e-02 -2.757686927967653925e-02 2.802937409502601085e+01 -2.030666468895889892e-02 -9.996187493389423473e-01 -1.870816236991966475e-02 7.270888216685543526e+00 -2.795582937591228542e-02 -1.813699706215241708e-02 9.994446062396216135e-01 6.268452425472992307e-01
-9.994074687721667960e-01 1.981014613322319012e-02 -2.814728179756753254e-02 2.771494685655010670e+01 -1.930399686727445746e-02 -9.996490583787422946e-01 -1.814154865061870861e-02 7.259898280046831687e+00 -2.849679047471121926e-02 -1.758744417687941805e-02 9.994391500936740114e-01 6.238049349437352342e-01
-9.993698711092751097e-01 1.966485073092715669e-02 -2.954918551772531266e-02 2.741360496935497792e+01 -1.916693142660355620e-02 -9.996710734023512845e-01 -1.704035628379027209e-02 7.255245621389113886e+00 -2.987456206739223102e-02 -1.646325145045738139e-02 9.994180666232528321e-01 6.141029938369748642e-01
-9.992688370996332115e-01 2.020704117605463465e-02 -3.245715157643499355e-02 2.710029321559082405e+01 -1.968232658879471783e-02 -9.996716812118300322e-01 -1.640535897702490725e-02 7.253504061196511365e+00 -3.277799904811867088e-02 -1.575453172970430610e-02 9.993384799498011839e-01 6.111929575806300807e-01
-9.991924694880398583e-01 1.961045934875101093e-02 -3.506905762241251112e-02 2.679466834442698797e+01 -1.906849542803198266e-02 -9.996945515060009502e-01 -1.572247344813888434e-02 7.240895458782991234e+00 -3.536667075799231064e-02 -1.504106290616766088e-02 9.992612096074521277e-01 6.079897061666690306e-01
-9.993444185275552893e-01 1.856373643931893969e-02 -3.108248457305790372e-02 2.649632702669103423e+01 -1.810969420694097387e-02 -9.997260765214364131e-01 -1.482602100317701593e-02 7.242953818569427327e+00 -3.134919669710802687e-02 -1.425340704768721448e-02 9.994068582184029159e-01 6.127219789428280938e-01
-9.995186395857331707e-01 1.883002386140553500e-02 -2.465601999644888298e-02 2.617445416484194709e+01 -1.847517684278178127e-02 -9.997235683916445570e-01 -1.454148007961960677e-02 7.238489357430242244e+00 -2.492302071006499697e-02 -1.407895605707086377e-02 9.995902290614032681e-01 6.039241454933231834e-01
-9.995940371801339541e-01 1.775115000452664668e-02 -2.228581404029610427e-02 2.585663883961052179e+01 -1.738865140516308513e-02 -9.997150230763298673e-01 -1.635565461251294039e-02 7.235823669732336150e+00 -2.256979477601835440e-02 -1.596149457321868748e-02 9.996178445059679119e-01 5.787802140534208384e-01
-9.995759287717989050e-01 1.737429114185675208e-02 -2.336871043327155492e-02 2.553566318748674036e+01 -1.695147576282689597e-02 -9.996911790513867135e-01 -1.817124091280285930e-02 7.217961590858537058e+00 -2.367720611597553051e-02 -1.776740088383289840e-02 9.995617586604514937e-01 5.769664156581457704e-01
-9.995970089220109767e-01 1.608131412723366391e-02 -2.339254347246626231e-02 2.524273149972418651e+01 -1.566356996758591288e-02 -9.997164908082671886e-01 -1.793294682631193376e-02 7.216620398118715585e+00 -2.367429682251469963e-02 -1.755930926733809821e-02 9.995655047709547381e-01 5.761951910627957085e-01
-9.996524102012056545e-01 1.477566165795799608e-02 -2.183434453996542166e-02 2.493273556256495027e+01 -1.440858880804992206e-02 -9.997537919136625373e-01 -1.687448140873660032e-02 7.202891523224696613e+00 -2.207830037572879392e-02 -1.655401391876932735e-02 9.996191841274837397e-01 5.732622103114610734e-01
-9.996767468157634617e-01 1.436274230080558136e-02 -2.097888246436384677e-02 2.456508655724271151e+01 -1.404882037050220363e-02 -9.997882639632320600e-01 -1.503522156753663019e-02 7.213751818723898701e+00 -2.119038749174505590e-02 -1.473563283297348731e-02 9.996668588099545394e-01 5.640988778413383864e-01
-9.996848953689556616e-01 1.393916582073329892e-02 -2.087605392268066656e-02 2.421379453369203816e+01 -1.363014911493160876e-02 -9.997964961440590770e-01 -1.487230087000282648e-02 7.209486159620742463e+00 -2.107911303317337032e-02 -1.458307081122691036e-02 9.996714485466959843e-01 5.582427897957530361e-01
-9.996716975254256177e-01 1.260076031786170996e-02 -2.230959448413103591e-02 2.387932514967779341e+01 -1.225343279981650803e-02 -9.998026434600548740e-01 -1.563737557608006756e-02 7.203511468778534876e+00 -2.250223436139062866e-02 -1.535887267018012925e-02 9.996288083479017983e-01 5.462922071112825684e-01
-9.995821236871980098e-01 1.311895746756803344e-02 -2.575793004018430560e-02 2.349769736784703511e+01 -1.269605867733124629e-02 -9.997830309835542550e-01 -1.651366256767776430e-02 7.206517684875639596e+00 -2.596898340429694418e-02 -1.617973770805635619e-02 9.995318043907586159e-01 5.428391671103623972e-01
-9.995541700198877777e-01 1.095520517100978530e-02 -2.777489289835296735e-02 2.317654526299891060e+01 -1.047401224358942770e-02 -9.997935471376546701e-01 -1.741143789087862964e-02 7.192929117152741192e+00 -2.795990456662962934e-02 -1.711276078158827790e-02 9.994625541535095969e-01 5.424428981838930186e-01
-9.995761205322946097e-01 1.012862278562310335e-02 -2.729450974235249003e-02 2.281287524396458721e+01 -9.638753623485459346e-03 -9.997911700902251120e-01 -1.801972913795425041e-02 7.206306732202735432e+00 -2.747132487148307503e-02 -1.774900589007868956e-02 9.994650064408054924e-01 5.412102974554217072e-01
-9.995920280108852030e-01 8.782174162934301698e-03 -2.717813374862754552e-02 2.247896162909340134e+01 -8.282450826138654243e-03 -9.997955663224411538e-01 -1.844523164134314122e-02 7.177907982298305178e+00 -2.733456685954605350e-02 -1.821260494718150366e-02 9.994604156621906821e-01 5.231305715118251820e-01
-9.995601752393514783e-01 8.738378892488952304e-03 -2.833896275110080534e-02 2.212687184498954096e+01 -8.220202145938881877e-03 -9.997978288383859713e-01 -1.835019691254840407e-02 7.185205138384241685e+00 -2.849358440345610768e-02 -1.810917403916320612e-02 9.994299242385442650e-01 5.155654846178920891e-01
-9.995421141971656542e-01 8.350407417228075668e-03 -2.908320206284277162e-02 2.175852713886736467e+01 -7.846248603587041570e-03 -9.998177129021394993e-01 -1.740624456874551723e-02 7.184671872936769788e+00 -2.922324980409516174e-02 -1.717008046290339346e-02 9.994254299385146867e-01 5.183738107225378533e-01
-9.995392471799193768e-01 7.221738652462003812e-03 -2.948117768739774713e-02 2.140923547192472398e+01 -6.756607746781432243e-03 -9.998516079255088673e-01 -1.584646271352003338e-02 7.176564594381433793e+00 -2.959124192656529401e-02 -1.563996865758956328e-02 9.994397179328191605e-01 5.107460952669325982e-01
-9.995551645602784863e-01 4.672019975830781109e-03 -2.945581827448767731e-02 2.109195485972505679e+01 -4.236207390031562249e-03 -9.998808992108549898e-01 -1.484055053696840473e-02 7.174900370741344346e+00 -2.952164541184731927e-02 -1.470916797909077589e-02 9.994559083969337676e-01 5.007310476488194828e-01
-9.995413406017950031e-01 4.186746315912936306e-03 -2.999299223572903308e-02 2.072635598796610878e+01 -3.729138965688763227e-03 -9.998760420283221428e-01 -1.529686570352276585e-02 7.185151200695411688e+00 -3.005331846137617932e-02 -1.517800161626090862e-02 9.994330524434319463e-01 4.914418188102965823e-01
-9.995081769032638785e-01 3.019716584330128968e-03 -3.121354858493653392e-02 2.038533453910569548e+01 -2.500578690541935094e-03 -9.998581275303672911e-01 -1.665748833648855731e-02 7.180867797034350630e+00 -3.125942113549576989e-02 -1.657124386454337378e-02 9.993739252487306990e-01 4.895240874165596723e-01
-9.994767968089186549e-01 2.089762738110709922e-03 -3.227639280159048246e-02 2.004768960613141005e+01 -1.527275166382905097e-03 -9.998467094937300015e-01 -1.744204532523427331e-02 7.171964953461941406e+00 -3.230789487339446459e-02 -1.738362465827483078e-02 9.993267781474636235e-01 4.853446228344494018e-01
-9.994792872055959787e-01 1.504252796918502302e-03 -3.223184249336517870e-02 1.970920630828522491e+01 -9.606986324038301051e-04 -9.998571836100578203e-01 -1.687274256015809312e-02 7.180302734144126120e+00 -3.225262012816688950e-02 -1.683299162022710085e-02 9.993379903155796828e-01 4.738834939464463547e-01
-9.994881320887565312e-01 -1.607891971509264927e-05 -3.199177324246377241e-02 1.938369251197080700e+01 5.403830414049716480e-04 -9.998656905049603250e-01 -1.638013849783195863e-02 7.172583169913322010e+00 -3.198721306862231661e-02 -1.638904184227789329e-02 9.993539000312124942e-01 4.693708054220375181e-01
-9.995025183917443101e-01 -1.178564051271851782e-03 -3.151708608578576709e-02 1.906841724433676788e+01 1.657520047916778618e-03 -9.998834806788685636e-01 -1.517490338691674344e-02 7.183692550428390611e+00 -3.149552914069765619e-02 -1.521959435361379571e-02 9.993880105303739603e-01 4.603266811746479226e-01
-9.995249707801245886e-01 -2.693366597202390394e-03 -3.070144236618257277e-02 1.872608160433768276e+01 3.128979463256936332e-03 -9.998949953936921986e-01 -1.414947610926545543e-02 7.181835115982963202e+00 -3.066010884699322397e-02 -1.423881887732377644e-02 9.994284435428427704e-01 4.513643260850509487e-01
-9.995209450267257267e-01 -3.053732321061162439e-03 -3.079862288792579658e-02 1.839771201783712229e+01 3.475869892139254753e-03 -9.999006268373196171e-01 -1.366216596403381153e-02 7.183588990629958815e+00 -3.075384173358313919e-02 -1.376267304149853335e-02 9.994322338454861843e-01 4.411554946434131930e-01
-9.995138377812404773e-01 -2.473069546067505498e-03 -3.108009026430641822e-02 1.807678738537435947e+01 2.869036311075593825e-03 -9.999152093644962935e-01 -1.270207511402348700e-02 7.177488062748336617e+00 -3.104604184856502372e-02 -1.278506975252300011e-02 9.994361836940667265e-01 4.333653892117151907e-01
-9.995067677446218823e-01 -2.368192525998980349e-03 -3.131473929093451375e-02 1.775875378795844739e+01 2.764592655496778996e-03 -9.999165258154556479e-01 -1.262134812923372366e-02 7.170169771072751885e+00 -3.128223553630028048e-02 -1.270169537148253640e-02 9.994298818199011114e-01 4.317635164464594943e-01
-9.994962885594844693e-01 -1.911455161540078244e-03 -3.167831269151166057e-02 1.743358570855357215e+01 2.318674480118348893e-03 -9.999150925248441180e-01 -1.282308425020030514e-02 7.173565606936866956e+00 -3.165111221538691871e-02 -1.289007681117180192e-02 9.994158558954980842e-01 4.230470728839723638e-01
-9.994829583799307304e-01 -5.132359064637435995e-04 -3.214891128803226694e-02 1.712059402016723197e+01 9.357105729157122378e-04 -9.999133926474166323e-01 -1.312751499929169785e-02 7.179888569613820160e+00 -3.213938944387689789e-02 -1.315080960386892303e-02 9.993968760472176083e-01 4.137996213544660185e-01
-9.994816532391397335e-01 9.836378074095156448e-05 -3.219340247509396014e-02 1.680823531447988728e+01 3.424696754000848488e-04 -9.999062633393287491e-01 -1.368748513434276531e-02 7.173216853039050100e+00 -3.219173112583693930e-02 -1.369141553485472146e-02 9.993879314799503089e-01 4.082077484043244997e-01
-9.994839335017471349e-01 2.564351490940233215e-04 -3.212165800343095429e-02 1.649861619802641854e+01 1.825527781724598701e-04 -9.999066437829513543e-01 -1.366273739765211902e-02 7.161762356625366976e+00 -3.212216285305601743e-02 -1.366155041451479722e-02 9.993905786497656596e-01 3.995030321247294847e-01
-9.995019578560582207e-01 1.325537704624497101e-03 -3.152902141995432561e-02 1.617821620495624302e+01 -8.820335890756566925e-04 -9.999005351309091516e-01 -1.407628721180112681e-02 7.170020372032803735e+00 -3.154454403940659679e-02 -1.404146697161633671e-02 9.994037116934432197e-01 3.964739580225367099e-01
-9.995506808686720479e-01 1.411279317024888205e-03 -2.994068579147272924e-02 1.587519316201540853e+01 -9.900500305056324397e-04 -9.999003964537540590e-01 -1.407895495280436435e-02 7.162355851398383599e+00 -2.995757293092107115e-02 -1.404298623211375566e-02 9.994525193133354524e-01 3.934696110843186045e-01
-9.996108645129062609e-01 1.253187084459388059e-03 -2.786663004189553206e-02 1.558433041882330627e+01 -8.698628819743529266e-04 -9.999048996102390952e-01 -1.376354147754898193e-02 7.171284206645997195e+00 -2.788122820693331172e-02 -1.373394544801282043e-02 9.995168912310106180e-01 3.797063240476155066e-01
-9.996311006765430385e-01 1.475093181435827320e-03 -2.711985730621015861e-02 1.527199324069308162e+01 -1.114595404380786794e-03 -9.999108889621353136e-01 -1.330307528493838813e-02 7.164317203008223167e+00 -2.713706390322380424e-02 -1.326794012114491418e-02 9.995436666437610418e-01 3.718809228762708918e-01
-9.996518200863555581e-01 1.556534524481695096e-03 -2.634038341238403164e-02 1.497345060909957581e+01 -1.199860262635931308e-03 -9.999074562254313125e-01 -1.355135860856267541e-02 7.174000926067791717e+00 -2.635903893140731369e-02 -1.351503551833346112e-02 9.995611761575929899e-01 3.685968754811538850e-01
-9.996750892528243337e-01 1.321710181309105779e-03 -2.545523540560948664e-02 1.468274223171645332e+01 -9.822272742716880566e-04 -9.999104776905201053e-01 -1.334435589671462315e-02 7.164069682809128814e+00 -2.547059396519931254e-02 -1.331501734558124435e-02 9.995868942498929988e-01 3.588494993248910192e-01
-9.996971912234744462e-01 1.334440246549468880e-03 -2.457122563333191331e-02 1.436590250151639303e+01 -9.845665551797009099e-04 -9.998980392872192091e-01 -1.424575930840869115e-02 7.165557273097860502e+00 -2.458773044821624051e-02 -1.421725356048348168e-02 9.995965752305290275e-01 3.518951945188855124e-01
-9.997183200291648308e-01 5.831812077854957310e-04 -2.372636714173013972e-02 1.409043041280076913e+01 -2.462294890101417231e-04 -9.998991159691392738e-01 -1.420201588413514196e-02 7.169047740250293899e+00 -2.373225587895148869e-02 -1.419217332945771695e-02 9.996176080117249452e-01 3.530658681649846420e-01
-9.997112342658436290e-01 7.108895735252975965e-04 -2.401963194301097101e-02 1.380321915532260846e+01 -3.715887954498991530e-04 -9.999001330016170641e-01 -1.412748898833850013e-02 7.168989900889160438e+00 -2.402727625908846268e-02 -1.411448402750814339e-02 9.996116602642280968e-01 3.462536839465201743e-01
-9.996700468685895125e-01 -2.227728609920735770e-05 -2.568651197563956434e-02 1.352006880713565451e+01 3.868643629613138920e-04 -9.998992585776329545e-01 -1.418883476064210745e-02 7.177379839315236154e+00 -2.568360819115610844e-02 -1.419409030627392064e-02 9.995693473044581223e-01 3.392886174997433169e-01
-9.996275599021184899e-01 2.458312019979208975e-04 -2.728884481171113888e-02 1.322331577837690197e+01 1.850160809815851854e-04 -9.998753958678945342e-01 -1.578475552778873039e-02 7.175627247401516584e+00 -2.728932489431184008e-02 -1.578392552701649368e-02 9.995029566948615551e-01 3.410895915388894029e-01
-9.996348418607827746e-01 -1.351299387889080752e-04 -2.702155950103131074e-02 1.294358965983303023e+01 5.880262397873791454e-04 -9.998594805393694607e-01 -1.675331014110326144e-02 7.155255634811459764e+00 -2.701549857229094617e-02 -1.676308191957298632e-02 9.994944531719264225e-01 3.362971609543219387e-01
-9.996558710036103079e-01 -1.099596788134666681e-04 -2.623218398996135167e-02 1.267058075044642251e+01 5.670407758361881460e-04 -9.998481406612236277e-01 -1.741763706859432784e-02 7.172602187101160709e+00 -2.622628515006821329e-02 -1.742651787259196991e-02 9.995041262756565459e-01 3.334275323638229982e-01
-9.996566469372989427e-01 -1.284411078147698441e-03 -2.617133015838200502e-02 1.239233793802439365e+01 1.747784003508342111e-03 -9.998419887531446726e-01 -1.769018872805566342e-02 7.164580422457628828e+00 -2.614447331949497008e-02 -1.772985657977748167e-02 9.995009348172250174e-01 3.210353620578167977e-01
-9.996436393985497215e-01 -1.490564385261038778e-03 -2.665281275655548288e-02 1.209937253827008341e+01 1.955131318050079038e-03 -9.998464748349418230e-01 -1.741276031160175763e-02 7.160415018083341465e+00 -2.662276603870820935e-02 -1.745866483879866815e-02 9.994930831929227377e-01 3.187008122350460937e-01
-9.996291345100438708e-01 -2.661492733431144054e-03 -2.710184302093409520e-02 1.183676671342258757e+01 3.126975358595378372e-03 -9.998480820989414930e-01 -1.714744144693654965e-02 7.155892634551668685e+00 -2.705208797501956752e-02 -1.722582884796181046e-02 9.994855953722857622e-01 3.149612794480456390e-01
-9.995845847159394726e-01 -3.982699251207276470e-03 -2.854463355760455609e-02 1.156260098447183715e+01 4.474325865351744605e-03 -9.998424023255549908e-01 -1.717995692410953512e-02 7.160125452864241957e+00 -2.847171238816055897e-02 -1.730053809966752842e-02 9.994448724042501730e-01 3.081284908305047532e-01
-9.995436589770221314e-01 -5.611599651273771992e-03 -2.968137038920883389e-02 1.131174430686147403e+01 6.103616183371375452e-03 -9.998450367402291761e-01 -1.651206756940348103e-02 7.151300144422940264e+00 -2.958411175468457152e-02 -1.668569612824958442e-02 9.994230174837890335e-01 3.049933555860347423e-01
-9.995362303399777382e-01 -7.384017991768365013e-03 -2.954319745804067504e-02 1.104507394232851958e+01 7.838062030935131000e-03 -9.998524918999247557e-01 -1.528264457188772268e-02 7.169305649585511198e+00 -2.942599227463286310e-02 -1.550711835927865920e-02 9.994466670407403663e-01 3.054775658760993107e-01
-9.995286200920181496e-01 -1.008365928069272950e-02 -2.899754183473492522e-02 1.077996090201102142e+01 1.053228406344322403e-02 -9.998265520398237349e-01 -1.536023530303661823e-02 7.180007421244220644e+00 -2.883762489098647477e-02 -1.565840514447789864e-02 9.994614578556684226e-01 2.979752186270875347e-01
-9.995109534462518486e-01 -1.122670152049245335e-02 -2.918587182071087291e-02 1.050174874474918951e+01 1.171680095942304392e-02 -9.997922935786298648e-01 -1.667591904695718552e-02 7.178742988421791260e+00 -2.899259416200033676e-02 -1.700972879716718816e-02 9.994348896301371576e-01 2.895829493282496281e-01
-9.994429253004515346e-01 -1.362987630823359921e-02 -3.046416811106295724e-02 1.025249459712896183e+01 1.416931442561909608e-02 -9.997453688359858592e-01 -1.756211888433231380e-02 7.177266418325147335e+00 -3.021704147637215704e-02 -1.798399184891195587e-02 9.993815619880094259e-01 2.868269584513308823e-01
-9.993837342991869210e-01 -1.522854708605438090e-02 -3.162661809079697628e-02 9.992482332175375959e+00 1.579410345527660145e-02 -9.997184093147264417e-01 -1.771012064550493009e-02 7.192937926083598832e+00 -3.134801292358610492e-02 -1.819872058366040629e-02 9.993428383967438711e-01 2.808572276745248675e-01
-9.993528976299668187e-01 -1.601433680753302363e-02 -3.220756146007380805e-02 9.734027094022472681e+00 1.660321851717179442e-02 -9.996983091780349273e-01 -1.810038014655339714e-02 7.196210309504908587e+00 -3.190797915037213439e-02 -1.862341652848890569e-02 9.993172915662701383e-01 2.731202882680902611e-01
-9.993319748478668441e-01 -1.669974633393832286e-02 -3.250726871092753795e-02 9.483325428692875647e+00 1.730301457216751326e-02 -9.996815982372202480e-01 -1.836594219179244272e-02 7.198110340347872338e+00 -3.219021176348011576e-02 -1.891614702467224809e-02 9.993027417396408429e-01 2.654039724659998378e-01
-9.993050967936916162e-01 -1.825257149539304125e-02 -3.249872545127213685e-02 9.248221513080284950e+00 1.887591518984579886e-02 -9.996417000687887189e-01 -1.897817982127702335e-02 7.201890767927708659e+00 -3.214068057613818363e-02 -1.957843500866560810e-02 9.992915798377939307e-01 2.606453428657580784e-01
-9.992889439843852806e-01 -1.936301673096693307e-02 -3.235243443156162607e-02 9.010100694810764921e+00 2.004197204610622465e-02 -9.995828484376256817e-01 -2.079539530343337342e-02 7.191856472830229663e+00 -3.193627697580442987e-02 -2.142901519900662285e-02 9.992601620801889739e-01 2.622250841230667762e-01
-9.992811310814497805e-01 -1.991000385045041746e-02 -3.226163063538023401e-02 8.789309033665196225e+00 2.060651316325850038e-02 -9.995585511309796889e-01 -2.140267451019843559e-02 7.197920625731128119e+00 -3.182126144311550608e-02 -2.205208850907534879e-02 9.992502753127250337e-01 2.548451735523504791e-01
-9.992694231389511739e-01 -2.067760041673568500e-02 -3.214120129295432865e-02 8.567529064568766728e+00 2.135057200720139742e-02 -9.995569523369829401e-01 -2.073769779335029803e-02 7.203176121657469011e+00 -3.169815538030099772e-02 -2.140878034379422104e-02 9.992681777529380804e-01 2.498015722712295106e-01
-9.992510033466477370e-01 -2.119973018366074630e-02 -3.237288604461895092e-02 8.343473392106497855e+00 2.181582319735543563e-02 -9.995852666657365493e-01 -1.879799252607749008e-02 7.214162001236156918e+00 -3.196094756010262050e-02 -1.949015405092325778e-02 9.992990702117817703e-01 2.425494605015231786e-01
-9.992288691204798123e-01 -2.142724723085689606e-02 -3.290197854712879205e-02 8.142775689172040643e+00 2.201304020202511300e-02 -9.996036972599098291e-01 -1.754635248088664418e-02 7.236282216426328517e+00 -3.251296937026845052e-02 -1.825709452314978887e-02 9.993045508363808116e-01 2.427129442336025955e-01
-9.992129961609164113e-01 -2.110315261894562394e-02 -3.358638493000541680e-02 7.936942546421938971e+00 2.167677578095995872e-02 -9.996237416175282053e-01 -1.680751576871576669e-02 7.227716760957323849e+00 -3.321905620072602983e-02 -1.752233272470106462e-02 9.992944822028279050e-01 2.363907732074093382e-01
-9.992098005783485171e-01 -1.957241851617832346e-02 -3.459327769387268020e-02 7.747707154083132153e+00 2.017263191942166023e-02 -9.996504793922282861e-01 -1.708753851004582783e-02 7.224315820311992375e+00 -3.424674217529836279e-02 -1.777187340480257047e-02 9.992553833560579024e-01 2.322560290485745083e-01
-9.992137621332715103e-01 -1.858341512036278467e-02 -3.502162540399855750e-02 7.597416308625569492e+00 1.922032356219173857e-02 -9.996543427563189255e-01 -1.793806485094039810e-02 7.237769132568281805e+00 -3.467616941991116808e-02 -1.859708823703748459e-02 9.992255559099083584e-01 2.299830685866626201e-01
-9.992538958606664856e-01 -1.741132552721904800e-02 -3.447458992744386469e-02 7.431166273710601011e+00 1.804978233451753553e-02 -9.996696794936714703e-01 -1.829582626439114207e-02 7.231080975623825680e+00 -3.414464767656479743e-02 -1.890443451694486660e-02 9.992380924437567202e-01 2.244879469485936418e-01
-9.992600524805332896e-01 -1.620912846963360257e-02 -3.487996087809070583e-02 7.276517181297355030e+00 1.684849386230745719e-02 -9.996939360392633755e-01 -1.811525602627867687e-02 7.249293636161790566e+00 -3.457565286692374645e-02 -1.868952649428955864e-02 9.992273143925987089e-01 2.162856686976661891e-01
-9.992617985373788425e-01 -1.505378301486314831e-02 -3.534461204745709823e-02 7.132570128832153245e+00 1.569406373749256123e-02 -9.997164534281801629e-01 -1.790835303386065572e-02 7.251845968411783083e+00 -3.506500174315341917e-02 -1.844983365570765713e-02 9.992147163101778862e-01 2.168372276360213124e-01
-9.992657514054992252e-01 -1.419923743395852880e-02 -3.558566739991740613e-02 7.008101874368334983e+00 1.485295732547769684e-02 -9.997245138807724363e-01 -1.817377243561067029e-02 7.252995639507134662e+00 -3.531781033262129665e-02 -1.868898076803265917e-02 9.992013682292278931e-01 2.174747125247874502e-01
-9.992746675058992167e-01 -1.371463697888795734e-02 -3.552530947807211459e-02 6.885384521847756290e+00 1.437169129569805005e-02 -9.997291261124960915e-01 -1.830652593058305216e-02 7.246039065863062234e+00 -3.526461924190645025e-02 -1.880380639347448146e-02 9.992010926209198285e-01 2.106524769526183505e-01
-9.992895303202449231e-01 -1.281071214950000973e-02 -3.544460814522472358e-02 6.773273215556851135e+00 1.348593999486854232e-02 -9.997308544267249353e-01 -1.887718542756302090e-02 7.251311233663841449e+00 -3.519323819714069435e-02 -1.934177761826573819e-02 9.991933404620774173e-01 2.072700556069423661e-01
-9.992884279242084666e-01 -1.175750281186997183e-02 -3.583851202816263487e-02 6.648062381256505837e+00 1.244847570129833068e-02 -9.997397272187333872e-01 -1.911840143230044906e-02 7.244563433755781823e+00 -3.560439958036188540e-02 -1.955093215786072106e-02 9.991747033338467254e-01 1.969630011834570538e-01
-9.992893830045135317e-01 -1.101240149270614477e-02 -3.604796842852072553e-02 6.534233798581624342e+00 1.171951613999706529e-02 -9.997418741039920675e-01 -1.946376388274747432e-02 7.248185264720829579e+00 -3.582432073193477645e-02 -1.987239734914839767e-02 9.991605005541867035e-01 1.937724261701275763e-01
-9.993072974271024478e-01 -1.005081324309254655e-02 -3.583164051636143071e-02 6.429479914210014080e+00 1.080186912412177576e-02 -9.997246964450201556e-01 -2.082908882640510662e-02 7.239415882708036598e+00 -3.561242665652852163e-02 -2.120170915434425180e-02 9.991407521448456563e-01 2.005108498309569887e-01
-9.993245995303521312e-01 -9.422322115399606873e-03 -3.551851094083871563e-02 6.327276977418041071e+00 1.018408227578757042e-02 -9.997206765023443076e-01 -2.132729335604824708e-02 7.247698544754661576e+00 -3.530763715828089122e-02 -2.167461232983422179e-02 9.991414223915704440e-01 2.009175253061647459e-01
-9.993456184594806668e-01 -8.281235022553326899e-03 -3.521016916090609350e-02 6.215671509963859975e+00 9.054102938875331283e-03 -9.997203127273444068e-01 -2.184764381605501168e-02 7.245688063518967326e+00 -3.501939585159394297e-02 -2.215214361731599954e-02 9.991410933633683156e-01 2.015744709041430716e-01
-9.993689970623513830e-01 -7.306522308131260281e-03 -3.475949427640000894e-02 6.124005797645899918e+00 8.082279751414945396e-03 -9.997202139339704807e-01 -2.222994839931310279e-02 7.242227048996152661e+00 -3.458734544035104580e-02 -2.249685719332892436e-02 9.991484408994555366e-01 1.940750345275886746e-01
-9.993805414625425154e-01 -5.968369794687053420e-03 -3.468302045713235471e-02 6.026647052696755935e+00 6.765677851480935562e-03 -9.997144840165905766e-01 -2.291671989297365888e-02 7.246742262384555211e+00 -3.453634244163637790e-02 -2.313717807851470645e-02 9.991355824117751361e-01 1.954303791040538918e-01
-9.993873495572720422e-01 -5.675788155370738164e-03 -3.453564786863740771e-02 5.943383918853534453e+00 6.470394175261528352e-03 -9.997159004214837275e-01 -2.294019275592756521e-02 7.229338305945016252e+00 -3.439563263130811926e-02 -2.314959769148749666e-02 9.991401486191086034e-01 1.877743462970385413e-01
-9.993771599231129343e-01 -4.951660756190688281e-03 -3.493956610733571500e-02 5.847936202683191809e+00 5.740370874060578971e-03 -9.997301496207342542e-01 -2.250946648708559983e-02 7.226732634745158812e+00 -3.481867841032336430e-02 -2.269601275688295366e-02 9.991359019866605795e-01 1.834876606283052103e-01
-9.993816006479872005e-01 -4.540126078251590334e-03 -3.486837451703492241e-02 5.770241511213701102e+00 5.308822481684786175e-03 -9.997442094489839004e-01 -2.198481469296195701e-02 7.226001044959287967e+00 -3.475964168579114000e-02 -2.215632930833755232e-02 9.991500710010763342e-01 1.825616043760965035e-01
-9.993845556774914041e-01 -4.069417385041158332e-03 -3.484178117504286437e-02 5.687534255821741880e+00 4.815699115606996740e-03 -9.997602060239312305e-01 -2.136210413359715399e-02 7.225273094529652163e+00 -3.474649500785926409e-02 -2.151674448268212081e-02 9.991645063709657659e-01 1.795701400121683111e-01
-9.993796871311357854e-01 -3.147000201950897469e-03 -3.507616483315753597e-02 5.595200000830506504e+00 3.902549589188953651e-03 -9.997613897322155108e-01 -2.149264309975996989e-02 7.236895639000210600e+00 -3.500015794789843038e-02 -2.161619740931923495e-02 9.991535062007156354e-01 1.812554523475321255e-01
-9.993812131379187225e-01 -2.454276345003867949e-03 -3.508799445116930066e-02 5.511530293376864620e+00 3.204957144045783145e-03 -9.997668397861201317e-01 -2.135402336283137928e-02 7.227826081583772933e+00 -3.502740465246837603e-02 -2.145326529220838510e-02 9.991560630510202268e-01 1.814778142685599949e-01
-9.993678720511838254e-01 -1.905541157963491425e-03 -3.549965105160259732e-02 5.436780874540803055e+00 2.645955731818627581e-03 -9.997797043673262163e-01 -2.082166308075113909e-02 7.240697264830481927e+00 -3.545215409753684627e-02 -2.090243163075449634e-02 9.991527576510841335e-01 1.743525801484221427e-01
-9.993784606348519173e-01 -1.830032090543466704e-03 -3.520430941890946575e-02 5.361037813305991939e+00 2.544267920471099745e-03 -9.997916249422771351e-01 -2.025421921553392790e-02 7.234894485011798437e+00 -3.515990784776885925e-02 -2.033119961609799325e-02 9.991748711823705831e-01 1.739675871888157477e-01
-9.993742714361313340e-01 -1.386424260161645298e-03 -3.534322310251269278e-02 5.300563272053691932e+00 2.089638745385879320e-03 -9.998004368151727217e-01 -1.986756034607488342e-02 7.238917701681619299e+00 -3.530862502869424463e-02 -1.992898321445377152e-02 9.991777302495392643e-01 1.707195847991510307e-01
-9.993846774508241548e-01 -8.438903946248834699e-04 -3.506500143326987673e-02 5.232758828328339717e+00 1.533445688811648378e-03 -9.998058852259605889e-01 -1.964282087313006311e-02 7.243982071999482741e+00 -3.504161841058177351e-02 -1.968450447779341791e-02 9.991919761800687194e-01 1.713457335976180385e-01
-9.993831748539141469e-01 4.793984744097479428e-04 -3.511466924255040450e-02 5.161384019392265543e+00 1.962866505244704703e-04 -9.998149465291534810e-01 -1.923627220791858383e-02 7.233285559389636354e+00 -3.511739299067923731e-02 -1.923129933231368383e-02 9.991981414291807306e-01 1.694262525464924063e-01
-9.993923084432376758e-01 1.750902269496021129e-03 -3.481304591297921386e-02 5.098578727123908472e+00 -1.080475287657126212e-03 -9.998137822382395790e-01 -1.926741860288450070e-02 7.237742296569344091e+00 -3.484029847244835693e-02 -1.921809531948187599e-02 9.992080956510720480e-01 1.669275118042205241e-01
-9.993952455168895188e-01 3.076744955257686501e-03 -3.463635198338092108e-02 5.028843536156027305e+00 -2.407070249384659494e-03 -9.998096884378040450e-01 -1.935956917692511006e-02 7.240199966911182727e+00 -3.468932474192725629e-02 -1.926448925826786465e-02 9.992124549877103856e-01 1.624793261245239262e-01
-9.993835312183438901e-01 4.303776729382961623e-03 -3.484300554512442805e-02 4.981958474291642069e+00 -3.614275700722967190e-03 -9.997968800160095260e-01 -1.982765042592853771e-02 7.227603056938608717e+00 -3.492126201489736959e-02 -1.968949507014546019e-02 9.991960914871362842e-01 1.629475335402316427e-01
-9.993785512386998970e-01 5.572607622942920592e-03 -3.480599615466957453e-02 4.931384448654063668e+00 -4.880962099564386224e-03 -9.997895650702670611e-01 -1.992490365320738130e-02 7.231956900431835145e+00 -3.490970542729873727e-02 -1.974263459844453547e-02 9.991954467700958631e-01 1.610600248210450891e-01
-9.993775005353784380e-01 6.989010857356084058e-03 -3.457983734629252459e-02 4.879646365697876575e+00 -6.295155020430173373e-03 -9.997774782296127150e-01 -2.013367944777935334e-02 7.220527223048252452e+00 -3.471285708392556069e-02 -1.990346080642607304e-02 9.991991141914599028e-01 1.565964441403023266e-01
-9.993817783556697698e-01 8.103533614601414470e-03 -3.421101918412575160e-02 4.825498074196894471e+00 -7.407963961271198106e-03 -9.997642538867037576e-01 -2.040977021701462571e-02 7.220005336748251956e+00 -3.436834532834105727e-02 -2.014371845811629633e-02 9.992062086706987589e-01 1.568376777901067665e-01
-9.993894293377365567e-01 8.938825045077047199e-03 -3.377670698583751935e-02 4.793567156755940140e+00 -8.247259893972312683e-03 -9.997546298495643136e-01 -2.055876452033018192e-02 7.214061032611502888e+00 -3.395219038935334138e-02 -2.026764666098693213e-02 9.992179298164092227e-01 1.540393612770221965e-01
-9.993770126112140328e-01 1.062616737165705469e-02 -3.365518134367824488e-02 4.739141250503144498e+00 -9.931360374545665504e-03 -9.997354675902341281e-01 -2.074519036421618168e-02 7.224979492840341244e+00 -3.386672032242332708e-02 -2.039802463784654712e-02 9.992181772993706801e-01 1.553534981902660594e-01
-9.993779600942074293e-01 1.131623714241703285e-02 -3.340113253884591238e-02 4.700858144864292321e+00 -1.063525922059554985e-02 -9.997333752541701646e-01 -2.049560109427796956e-02 7.216344988713652597e+00 -3.362416005273154151e-02 -2.012762230969202676e-02 9.992318523150203191e-01 1.550934552691302926e-01
-9.993676526864117005e-01 1.263620666591056679e-02 -3.323583976896152953e-02 4.656254787161540953e+00 -1.195118371948657165e-02 -9.997136875304901693e-01 -2.072950003961905596e-02 7.226041699114881034e+00 -3.348826618018267004e-02 -2.031918416880669487e-02 9.992325388932044028e-01 1.579382502416933343e-01
-9.993755239861392692e-01 1.280931110799067921e-02 -3.293149869607230745e-02 4.621205896623459708e+00 -1.214488851004157793e-02 -9.997202199737447170e-01 -2.029737566107958635e-02 7.217012369656609749e+00 -3.318228052002099998e-02 -1.988475105670253068e-02 9.992514863310955064e-01 1.533615478400938703e-01
-9.993585073712267786e-01 1.425652003679638881e-02 -3.285308784870048099e-02 4.575921062649249471e+00 -1.359667684311031792e-02 -9.997030705966560848e-01 -2.022130110654810423e-02 7.209776319935917499e+00 -3.313161818532315422e-02 -1.976163647216695393e-02 9.992556097417536476e-01 1.526319309488763376e-01
-9.993546930280081675e-01 1.527700160162366767e-02 -3.250862570087673792e-02 4.537861197263693747e+00 -1.462460978100102969e-02 -9.996887434056318522e-01 -2.021230063160065968e-02 7.216471350396241213e+00 -3.280729052587495059e-02 -1.972383152769114842e-02 9.992670574767378300e-01 1.530133063809538951e-01
-9.993410701315330602e-01 1.584911883440260141e-02 -3.265319250142844493e-02 4.505675709941781015e+00 -1.520518596873502229e-02 -9.996868403495482447e-01 -1.987519941014743649e-02 7.222727712689097856e+00 -3.295797123638743303e-02 -1.936560518315722998e-02 9.992691056306461928e-01 1.485576249516080971e-01
-9.993343277232760169e-01 1.659548947798821297e-02 -3.248832348482029453e-02 4.467047695248760775e+00 -1.594916318050227863e-02 -9.996716928220654719e-01 -2.005319835108102314e-02 7.214948111202716063e+00 -3.281044997725654500e-02 -1.952168792015871249e-02 9.992709232600726077e-01 1.496055699575992159e-01
-9.993357529219957236e-01 1.734405108274549023e-02 -3.205053546928270797e-02 4.425145526491705894e+00 -1.671519203708812101e-02 -9.996645073317538266e-01 -1.978573062400468610e-02 7.215625024700891288e+00 -3.238294747227157128e-02 -1.923685715499093632e-02 9.992903922483226120e-01 1.493269808269559740e-01
-9.993279757915936035e-01 1.790080018897393863e-02 -3.198684343399328667e-02 4.389417914595274084e+00 -1.727486667011193452e-02 -9.996559193044649572e-01 -1.973884447162027600e-02 7.206576693767188679e+00 -3.232917848950425665e-02 -1.917301103476939939e-02 9.992933602631683954e-01 1.480260825030313143e-01
-9.993255752289862404e-01 1.858654987528109148e-02 -3.166914676761641706e-02 4.339968922030951859e+00 -1.797106751171646116e-02 -9.996461852330402742e-01 -1.960982104760772629e-02 7.221546492647597404e+00 -3.202242067277972365e-02 -1.902746732393878829e-02 9.993060192260887487e-01 1.454230825118729420e-01
-9.993257599801090851e-01 1.913304411888199635e-02 -3.133611435585573896e-02 4.305258705273501185e+00 -1.852466014327119881e-02 -9.996364411040536968e-01 -1.959139054276507266e-02 7.214521064750488932e+00 -3.169956477232222652e-02 -1.899769037456290957e-02 9.993168793499275226e-01 1.429681290364907542e-01
-9.993285133213019034e-01 1.929287586299516938e-02 -3.114975768720650712e-02 4.269103765905013503e+00 -1.868633840590811640e-02 -9.996323451090129986e-01 -1.964676484399674808e-02 7.212953899433211191e+00 -3.151734792168443128e-02 -1.905149738971930948e-02 9.993216185128754869e-01 1.425263820590880748e-01
-9.993284833078119878e-01 1.945093572301491089e-02 -3.105227124072834285e-02 4.224425138606430430e+00 -1.885129579434823358e-02 -9.996323549257839503e-01 -1.948803818771186955e-02 7.214264607541203134e+00 -3.141991560432030872e-02 -1.888957609452551409e-02 9.993277604561910943e-01 1.412433656942348459e-01
-9.993164704522916608e-01 1.991664331289497852e-02 -3.114352584279325015e-02 4.176592568292252672e+00 -1.931317890646722796e-02 -9.996221495476262930e-01 -1.955912202297782967e-02 7.207396008004558041e+00 -3.152131030431008091e-02 -1.894427229876784538e-02 9.993235319673852146e-01 1.414649893872565178e-01
-9.993309791764828365e-01 1.939868792799225375e-02 -3.100459586651061611e-02 4.142470699204086948e+00 -1.880155171769926428e-02 -9.996342953025991740e-01 -1.943649422822518735e-02 7.202257520030939553e+00 -3.137029982610876205e-02 -1.884055629617975569e-02 9.993302445774722154e-01 1.409799315872399539e-01
-9.993349466420977656e-01 1.939718179505705783e-02 -3.087739882576316652e-02 4.090588001714248634e+00 -1.880561635938239259e-02 -9.996361866569185572e-01 -1.933502312793743821e-02 7.211458023370244774e+00 -3.124121017469494443e-02 -1.874149578938813510e-02 9.993361512135928715e-01 1.380841294263412955e-01
-9.993454830005974454e-01 1.880786958266731507e-02 -3.090096516397031895e-02 4.059367885359591810e+00 -1.821357764672806856e-02 -9.996458440046145366e-01 -1.940237494765702925e-02 7.208474063870993653e+00 -3.125493873950382917e-02 -1.882685863505218632e-02 9.993341173993438575e-01 1.348931960108175621e-01
-9.993482942065115004e-01 1.875998977909468582e-02 -3.083909288589699663e-02 4.024317756890289921e+00 -1.816433483338417490e-02 -9.996451730424706916e-01 -1.948294004894235779e-02 7.193409054452891915e+00 -3.119365010058018292e-02 -1.891007129490099650e-02 9.993344612275834038e-01 1.366198291639625639e-01
-9.993572289342000925e-01 1.861806874200794965e-02 -3.063489012997459501e-02 3.992622050580802551e+00 -1.803016827333103755e-02 -9.996500643320584967e-01 -1.935618539246213715e-02 7.203066559256614987e+00 -3.098454467945454746e-02 -1.879139157246914604e-02 9.993432051071228228e-01 1.332444881058683361e-01
-9.993572238065251412e-01 1.829722823125146808e-02 -3.082775802371060317e-02 3.956655876034111508e+00 -1.769900692512094142e-02 -9.996518648049608213e-01 -1.956768626661780155e-02 7.194335450325358927e+00 -3.117506021773623279e-02 -1.900948792097662335e-02 9.993331551536768220e-01 1.376941689757525400e-01
-9.993666434502070928e-01 1.814122467323990573e-02 -3.061385187168374697e-02 3.924703107902008270e+00 -1.755036518082539465e-02 -9.996565877938683453e-01 -1.945998875486521992e-02 7.193785636790262394e+00 -3.095636672941503784e-02 -1.891037936358868840e-02 9.993418338642884313e-01 1.380532480831959674e-01
-9.993708950923803069e-01 1.817790275941129699e-02 -3.045287988884597466e-02 3.900537192588950930e+00 -1.760289021021195846e-02 -9.996636580999158639e-01 -1.904491875915010138e-02 7.201763810111506459e+00 -3.078883399062582946e-02 -1.849687880602536930e-02 9.993547484131612979e-01 1.341129434045917057e-01
-9.993800972372757219e-01 1.787368548947443000e-02 -3.033072061520373022e-02 3.863033933982275681e+00 -1.729845279935888006e-02 -9.996674829427640852e-01 -1.912294636366370162e-02 7.198807170377217624e+00 -3.066243266217711858e-02 -1.858641745744878462e-02 9.993569734130717253e-01 1.340473895094817514e-01
-9.993775940248867951e-01 1.783087835050436998e-02 -3.043820524075611586e-02 3.847485976968878063e+00 -1.725362975913782154e-02 -9.996682551232354275e-01 -1.912307399454197740e-02 7.198599081149977152e+00 -3.076908872819395305e-02 -1.858600215526858349e-02 9.993537030014553180e-01 1.308345745887314893e-01
-9.993837102216565071e-01 1.743638660335597099e-02 -3.046591810227844421e-02 3.837044112733860590e+00 -1.686413719224584204e-02 -9.996783805548929980e-01 -1.894033600303985168e-02 7.197688057980449194e+00 -3.078637069155017170e-02 -1.841488184499823558e-02 9.993563386031416584e-01 1.317361603461580932e-01
-9.993706859669606590e-01 1.740819772016827249e-02 -3.090609457796814757e-02 3.839515121637538275e+00 -1.682686158822181699e-02 -9.996784223855406104e-01 -1.897125577940281249e-02 7.183993759820929803e+00 -3.122641124140923541e-02 -1.843926432622049194e-02 9.993422360593442466e-01 1.336901630703750399e-01
-9.993753675246657142e-01 1.730628251253231442e-02 -3.081180570066952007e-02 3.837313912239498137e+00 -1.672147267587566211e-02 -9.996770195249908841e-01 -1.913763269531681965e-02 7.203517581106806844e+00 -3.113305536707466209e-02 -1.861045994131616671e-02 9.993419753239044523e-01 1.367553742814989759e-01
-9.993823421013869890e-01 1.790688074380750866e-02 -3.023702892106679835e-02 3.825838785795314667e+00 -1.733085538331587822e-02 -9.996653266043444841e-01 -1.920615101241373440e-02 7.207256644146055713e+00 -3.057083164765010685e-02 -1.867025460608681686e-02 9.993582169799349879e-01 1.375085166904614631e-01
-9.993898498130868724e-01 1.785568349681034700e-02 -3.001837199846088544e-02 3.834313464780592984e+00 -1.728212634485074700e-02 -9.996651540212349030e-01 -1.925897049952619844e-02 7.211057670218488980e+00 -3.035220254902206566e-02 -1.872843833753202319e-02 9.993637923188234407e-01 1.359473637187261774e-01
-9.993906365346036935e-01 1.750162776349801011e-02 -3.020014292331707831e-02 3.837644244057939247e+00 -1.692543073153784591e-02 -9.996718031017572947e-01 -1.923059743831476154e-02 7.199743271905805209e+00 -3.052679808811820453e-02 -1.870772858768695451e-02 9.993588622159592649e-01 1.337149098470624409e-01
-9.993920378722889186e-01 1.752351308578121644e-02 -3.014102066298360652e-02 3.831236888408998897e+00 -1.695596954454970870e-02 -9.996760130431101565e-01 -1.898325691330116777e-02 7.200880126789553692e+00 -3.046390871635242317e-02 -1.846064558363407632e-02 9.993653760413941933e-01 1.344124678286164054e-01
-9.993980456758879694e-01 1.746638361471052753e-02 -2.997451822197873261e-02 3.831992976753328506e+00 -1.690269715668983597e-02 -9.996774136169017666e-01 -1.895699166669472663e-02 7.199063789929322610e+00 -3.029595893919174998e-02 -1.843893021966501455e-02 9.993708824677198788e-01 1.344790239576592605e-01
-9.993958643084210891e-01 1.742162364339009534e-02 -3.007313473606400278e-02 3.836508388098444744e+00 -1.686318676587816867e-02 -9.996824699316813057e-01 -1.872410861412390770e-02 7.204339097166732486e+00 -3.038978998486990823e-02 -1.820566782412743473e-02 9.993723101646118101e-01 1.320219381570171824e-01
-9.993832246380476292e-01 1.778102395755070189e-02 -3.028209865711036647e-02 3.832404687146306443e+00 -1.720698229378088764e-02 -9.996692569724474620e-01 -1.911272938375315616e-02 7.205109561857167222e+00 -3.061192696318656287e-02 -1.857987758775817011e-02 9.993586433690482274e-01 1.359743376772359069e-01
-9.993958890953271723e-01 1.751861007644363658e-02 -3.001591511765707571e-02 3.845621345157928417e+00 -1.694376429034083822e-02 -9.996701575001194495e-01 -1.929987190008999182e-02 7.195584965680011713e+00 -3.034412152352145009e-02 -1.877963004630389676e-02 9.993630770567270005e-01 1.343415454844001378e-01
-9.993989761700703411e-01 1.725321025986294166e-02 -3.006681170233616029e-02 3.842883667657928548e+00 -1.667204383186547678e-02 -9.996713521129469981e-01 -1.947384705548175360e-02 7.209781791214965985e+00 -3.039291668601640933e-02 -1.896086760675521482e-02 9.993581720859223694e-01 1.374431672462289034e-01
-9.993955609584923572e-01 1.742690265337714858e-02 -3.008015625575824817e-02 3.842805904702948805e+00 -1.684601515266380758e-02 -9.996687457738009375e-01 -1.945791603725143676e-02 7.206242827650926941e+00 -3.040928328549255891e-02 -1.893942414505313948e-02 9.993580808214422850e-01 1.396108131105827377e-01
-9.993926566244768495e-01 1.755607068216424177e-02 -3.010153263994936115e-02 3.841405092481942951e+00 -1.697697676377249443e-02 -9.996679105679697752e-01 -1.938687289462526914e-02 7.207057527535297048e+00 -3.043189354991588866e-02 -1.886406538561824497e-02 9.993588178887969908e-01 1.379120413613570129e-01
-9.993913237729952215e-01 1.764131720864007061e-02 -3.009594481660534532e-02 3.841406895670602673e+00 -1.706602491195657531e-02 -9.996687264074135548e-01 -1.926624604545687861e-02 7.198011953408526509e+00 -3.042585678275128158e-02 -1.874090099551633040e-02 9.993613189777317274e-01 1.349608211581769524e-01
-9.993971459030597249e-01 1.745609720502625667e-02 -3.001048868623519897e-02 3.839263686317591073e+00 -1.687502963071861595e-02 -9.996672879204164808e-01 -1.950760971521688439e-02 7.201157365218180395e+00 -3.034103056556162678e-02 -1.898942158696599256e-02 9.993592065578883465e-01 1.382152492063650484e-01
-9.993952640812078236e-01 1.727314631735632489e-02 -3.017854450353165893e-02 3.841365090924754089e+00 -1.670102572064952745e-02 -9.996779247365641385e-01 -1.910817977396922496e-02 7.207308419335118899e+00 -3.049888312595469900e-02 -1.859261172335192197e-02 9.993618628491753864e-01 1.345692984104566725e-01
-9.993970962910683209e-01 1.740291580030644408e-02 -3.004300994623399293e-02 3.836932489124044832e+00 -1.682920348871945471e-02 -9.996731550642870001e-01 -1.924476432046744873e-02 7.199756228628460875e+00 -3.036810555364531303e-02 -1.872756165288232133e-02 9.993633256226787109e-01 1.372543299941146600e-01
-9.993950483756048886e-01 1.765409663870047899e-02 -2.996448154389943705e-02 3.841134829077818669e+00 -1.707697872404731823e-02 -9.996657986301706877e-01 -1.940793257311265035e-02 7.202367428972521246e+00 -3.029709689032434108e-02 -1.888448889897410832e-02 9.993625278141274881e-01 1.366755813826269761e-01
-9.993956064970115349e-01 1.749672771898831691e-02 -3.003807972554586869e-02 3.842513298952510148e+00 -1.692319976232455059e-02 -9.996716100825975282e-01 -1.924259090330171854e-02 7.205082573839860061e+00 -3.036489789666881739e-02 -1.872262038270705239e-02 9.993635156747168180e-01 1.344961450450647689e-01
-9.993979717108467664e-01 1.749533528061191293e-02 -2.996009652294612247e-02 3.836502014676746786e+00 -1.692494414814354683e-02 -9.996726434043337051e-01 -1.918729513438342804e-02 7.209997046797536058e+00 -3.028597704924663320e-02 -1.866867087959634547e-02 9.993669197655893344e-01 1.315758142751434212e-01
-9.993938939334381377e-01 1.756055742788869417e-02 -3.005780416767321953e-02 3.834977393697139636e+00 -1.698604413340006059e-02 -9.996701430355541262e-01 -1.926342202137167406e-02 7.197929837138556053e+00 -3.038616582029650751e-02 -1.874118315627658002e-02 9.993625213007761854e-01 1.353951779019892665e-01
-9.993897886166833722e-01 1.782680481495728386e-02 -3.003756712503177079e-02 3.842889591394053284e+00 -1.725112061369626221e-02 -9.996645726520494435e-01 -1.931685849115991754e-02 7.197083945251848469e+00 -3.037184956951218678e-02 -1.878688943080276952e-02 9.993620983103380651e-01 1.354664318551818958e-01
-9.993952590810051273e-01 1.767716376200534692e-02 -2.994384757745984643e-02 3.842344431917597891e+00 -1.711016531931968884e-02 -9.996714110398039477e-01 -1.908696393964634877e-02 7.194689483861691492e+00 -3.027141174700070936e-02 -1.856307708918581226e-02 9.993693280263430401e-01 1.335729050712277655e-01
-9.993920434219747406e-01 1.767989815002680640e-02 -3.004937181131642904e-02 3.838068768418525956e+00 -1.710782987897043958e-02 -9.996694922680084971e-01 -1.918927787736519897e-02 7.202016282505915967e+00 -3.037870474003567106e-02 -1.866353208873416936e-02 9.993642013141608160e-01 1.342886264145263520e-01
-9.993994325645541021e-01 1.735667382506054027e-02 -2.999199998964238376e-02 3.829557491992781060e+00 -1.678722454694051361e-02 -9.996759615598505011e-01 -1.913533306215586469e-02 7.210175888360051744e+00 -3.031440716324250093e-02 -1.862035856581434681e-02 9.993669591122280593e-01 1.342478365610603741e-01
-9.993919366835359863e-01 1.721821990828630716e-02 -3.031979213518834135e-02 3.838954234316729330e+00 -1.663477788457543710e-02 -9.996735798121327843e-01 -1.939118331423063044e-02 7.213081841788629767e+00 -3.064377680152979497e-02 -1.887502923931906260e-02 9.993521362435530131e-01 1.359470930099911934e-01
-9.993915015008556502e-01 1.758679429644233183e-02 -3.012194207284455902e-02 3.839601231886396349e+00 -1.700906093827174448e-02 -9.996684693120798659e-01 -1.932985538594745450e-02 7.206074220349502291e+00 -3.045190591512028991e-02 -1.880574724966032479e-02 9.993593074047584235e-01 1.355305212394914971e-01
-9.993967726881263225e-01 1.747213204259914429e-02 -3.001358596441917534e-02 3.837486342441132070e+00 -1.689715826076125874e-02 -9.996708452171902959e-01 -1.930510982769659267e-02 7.202488574515652608e+00 -3.034100827705610640e-02 -1.878632014617605261e-02 9.993630458407479766e-01 1.362744878170430440e-01
-9.994012292442886469e-01 1.725612122733721082e-02 -2.999015280376588627e-02 3.844403301010094420e+00 -1.668183794171122780e-02 -9.996746581556612554e-01 -1.929492483139654685e-02 7.203687391722768396e+00 -3.031335131410363426e-02 -1.878308072575426979e-02 9.993639460229478688e-01 1.359294358878384568e-01
-9.993921960138336669e-01 1.772629317029694035e-02 -3.001694649839849530e-02 3.838376719467182507e+00 -1.714931003618638122e-02 -9.996652672451320498e-01 -1.937149010793250484e-02 7.202928179975274681e+00 -3.035028355600307912e-02 -1.884494611718626547e-02 9.993616604082380395e-01 1.341798673012612186e-01
-9.993861716078096258e-01 1.780934047496951153e-02 -3.016798619285383440e-02 3.835199114212465510e+00 -1.722481095796931858e-02 -9.996609602692467789e-01 -1.952614659961356830e-02 7.199579249341662823e+00 -3.050550583989432643e-02 -1.899452303728611791e-02 9.993541025122367749e-01 1.348115075901968052e-01
-9.993859566446408049e-01 1.776380768486264874e-02 -3.020193368002539736e-02 3.831864383078569691e+00 -1.717728393276380869e-02 -9.996609229788040452e-01 -1.956987444671098864e-02 7.203900218692165680e+00 -3.053932838440708009e-02 -1.903907050520146221e-02 9.993522217997653501e-01 1.373917994766596928e-01
-9.993938700287672283e-01 1.734607902406092028e-02 -3.018287745421019408e-02 3.834883415134559215e+00 -1.676231075737042581e-02 -9.996695714222569862e-01 -1.948776309676435517e-02 7.200401867669901534e+00 -3.051094044761944180e-02 -1.897001620804001157e-02 9.993544021007104705e-01 1.351444076164629027e-01
-9.993945214823498624e-01 1.742619859523401177e-02 -3.011507983693684914e-02 3.834730518686972012e+00 -1.684908929597881549e-02 -9.996715205931836490e-01 -1.931214915043738892e-02 7.207613938388602648e+00 -3.044172499977208096e-02 -1.879304438966905924e-02 9.993598565389777422e-01 1.338759880818519432e-01
-9.993997400328531455e-01 1.748969502875374199e-02 -2.990435068793631523e-02 3.838507401436276556e+00 -1.690904473857562235e-02 -9.996656738802209841e-01 -1.956079424851963136e-02 7.207541636395911056e+00 -3.023646520833311174e-02 -1.904339868314627524e-02 9.993613486313647210e-01 1.359758231163286368e-01
-9.993939464752730206e-01 1.745928738114169154e-02 -3.011499680761372394e-02 3.840412596478662621e+00 -1.687991778451788938e-02 -9.996695575031622205e-01 -1.938670103499315692e-02 7.211435019295883819e+00 -3.044352351761857312e-02 -1.886661298630452552e-02 9.993584155798445057e-01 1.328307715101956221e-01
-9.993989070918827267e-01 1.745160033279762393e-02 -2.995440116870986061e-02 3.833014078471220110e+00 -1.687819078962939437e-02 -9.996714567381024263e-01 -1.929003003600839039e-02 7.199597216877491768e+00 -3.028120174663776962e-02 -1.877285883784177850e-02 9.993651127550100544e-01 1.327850497110542038e-01
-9.993890574625292622e-01 1.767682665310225595e-02 -3.015031713985468279e-02 3.832858004540235619e+00 -1.709137013346930314e-02 -9.996624644452321018e-01 -1.956635495553210938e-02 7.200206639166596645e+00 -3.048601140061446210e-02 -1.903909080710778148e-02 9.993538493097028352e-01 1.358682079549999311e-01
-9.993970792663748881e-01 1.728001680411372226e-02 -3.011443130939930532e-02 3.848117577854682558e+00 -1.670318525787272551e-02 -9.996741631760344138e-01 -1.930210041773555360e-02 7.202659731775103324e+00 -3.043815953831908658e-02 -1.878745585609481114e-02 9.993600702181246742e-01 1.311711434835556300e-01
-9.993985950894677117e-01 1.751658768401776617e-02 -2.992686567461232822e-02 3.837011543096084054e+00 -1.693882557873138683e-02 -9.996673029395601873e-01 -1.945146836511165225e-02 7.202497494495746722e+00 -3.025763244557458376e-02 -1.893284419873942845e-02 9.993628085381879300e-01 1.345472104446635009e-01
-9.994025008635372131e-01 1.735478974674556710e-02 -2.989067648203562466e-02 3.852540334618892004e+00 -1.678358797441210568e-02 -9.996737104833375298e-01 -1.925574571865540027e-02 7.196681717040944726e+00 -3.021510288601764876e-02 -1.874256762886562441e-02 9.993676819450710846e-01 1.290445339983458672e-01
-9.993947793690274306e-01 1.759516849986064377e-02 -3.000808250114953002e-02 3.844109508458863012e+00 -1.701639642553616147e-02 -9.996663107958938532e-01 -1.943474497948514262e-02 7.199264108432347875e+00 -3.034002674064881222e-02 -1.891235324305610283e-02 9.993606984828783402e-01 1.313536228307509435e-01
-9.994043652831954283e-01 1.729127476297019281e-02 -2.986513803693555472e-02 3.853336660587437734e+00 -1.672087035272633651e-02 -9.996749753294456031e-01 -1.924464067525882838e-02 7.195575064373838536e+00 -3.018819549991456561e-02 -1.873380679797833487e-02 9.993686593721633482e-01 1.313734226678531791e-01
-9.994079063847254307e-01 1.711066088718399616e-02 -2.985066062425594316e-02 3.851681251669731409e+00 -1.654516136706734794e-02 -9.996808726630901365e-01 -1.908953815317042738e-02 7.202856729393375623e+00 -3.016776907625776452e-02 -1.858435136256951156e-02 9.993720666465488733e-01 1.282623792655274986e-01
-9.994031924254729304e-01 1.703602359683967921e-02 -3.005050531657679769e-02 3.852342118979501961e+00 -1.646381433493008389e-02 -9.996803432792082944e-01 -1.918734162696196857e-02 7.203174015134918839e+00 -3.036777547530671029e-02 -1.868114453594100707e-02 9.993642044077367670e-01 1.326287433721591025e-01
-9.994045722847486601e-01 1.716891790040095053e-02 -2.992873459516741733e-02 3.846234425571486426e+00 -1.660076480103265043e-02 -9.996791819535326695e-01 -1.912976154417447838e-02 7.208850159850883621e+00 -3.024757022240752782e-02 -1.862153127015802462e-02 9.993689624301902441e-01 1.312831228880606826e-01
-9.994025876618322091e-01 1.728912353029494336e-02 -2.992580796551225567e-02 3.848340875815597695e+00 -1.671300752411011836e-02 -9.996721867438751463e-01 -1.939573226816552684e-02 7.208825858704027034e+00 -3.025133310010574492e-02 -1.888399476470803764e-02 9.993639234970376206e-01 1.314322220860899837e-01
-9.993979903586305280e-01 1.729804953593827924e-02 -3.007381501211830316e-02 3.854567934925620776e+00 -1.671650493002742668e-02 -9.996704446929101096e-01 -1.948231173151015669e-02 7.206010513493257719e+00 -3.040091002018287247e-02 -1.896785411509680983e-02 9.993577963773601081e-01 1.329828255325906927e-01
-9.993982130103871153e-01 1.745959761642903313e-02 -2.997289246498946111e-02 3.847030746639412246e+00 -1.688818324378407731e-02 -9.996727745807267862e-01 -1.921283500154461268e-02 7.204045829179007931e+00 -3.029853294088357199e-02 -1.869508526711212079e-02 9.993660453950221623e-01 1.337280355221907580e-01
-9.993992630422441348e-01 1.727804606839468751e-02 -3.004300508735694222e-02 3.837292935721882348e+00 -1.670255593395343283e-02 -9.996741729065694582e-01 -1.930214104291383403e-02 7.207894102817988369e+00 -3.036671954448951286e-02 -1.878875056052990017e-02 9.993622192160760420e-01 1.348680431267487156e-01
-9.994001976359665473e-01 1.746891235314664351e-02 -2.990120509929276166e-02 3.836665970950056792e+00 -1.689240379547297596e-02 -9.996685898795858449e-01 -1.942568151113329214e-02 7.205660991108513436e+00 -3.023064106502839493e-02 -1.890892671093143476e-02 9.993640782174623149e-01 1.331393405571328625e-01
-9.993994678175621704e-01 1.749344801320703441e-02 -2.991125210658420949e-02 3.837770005567527676e+00 -1.691517604796217294e-02 -9.996671889406061329e-01 -1.947788938395174016e-02 7.205544155255357630e+00 -3.024203275642796743e-02 -1.896023818933285573e-02 9.993627613747486649e-01 1.311441407806801240e-01
-9.994019132508666914e-01 1.740600320243263985e-02 -2.988054288368849690e-02 3.844773829684507760e+00 -1.683344888746945642e-02 -9.996718788530034594e-01 -1.930724291707950485e-02 7.206527936729409056e+00 -3.020680037772944734e-02 -1.879270291956609135e-02 9.993669914140235200e-01 1.302137118261562643e-01
-9.993989784010102184e-01 1.732511552767410090e-02 -3.002536166260638337e-02 3.836906093088214398e+00 -1.675475943772848642e-02 -9.996763320105805928e-01 -1.914443141113421690e-02 7.210331161568042546e+00 -3.034732290007498626e-02 -1.862985748266797817e-02 9.993657830859400404e-01 1.315624566440616316e-01
-9.994065894279922091e-01 1.692244929748551799e-02 -3.000166191536419308e-02 3.846416943458852433e+00 -1.634208144393904313e-02 -9.996765768287068088e-01 -1.948533074185146083e-02 7.195395998303871110e+00 -3.032169820424716195e-02 -1.898347833811575916e-02 9.993599062240774433e-01 1.349178114364006920e-01
-9.994035860980727826e-01 1.724447013768204418e-02 -2.991822762100139477e-02 3.850894731673612625e+00 -1.667077351540641184e-02 -9.996743561152832136e-01 -1.932011997611893933e-02 7.205605998029915860e+00 -3.024165016511966980e-02 -1.880983719132619386e-02 9.993656150879548505e-01 1.320365049114372302e-01
-9.994045920543510597e-01 1.752315615531242418e-02 -2.972205206633251467e-02 3.846049335416067194e+00 -1.695841639990067554e-02 -9.996728384929909339e-01 -1.914753489551929491e-02 7.186569380901548065e+00 -3.004785339895055252e-02 -1.863209536590250751e-02 9.993747903206239291e-01 1.327095453826765414e-01
-9.994292440873528971e-01 1.756016326636400393e-02 -2.885873748175602285e-02 3.824274435472568623e+00 -1.700627973245163321e-02 -9.996685604379433876e-01 -1.932758964773710619e-02 7.187367024740650479e+00 -2.918856818420311958e-02 -1.882577854932831335e-02 9.993966267450414831e-01 1.387798239571230441e-01
-9.994406101212125471e-01 1.707448462020364974e-02 -2.875636999855447212e-02 3.834280199574878090e+00 -1.652539348886208556e-02 -9.996785995060326613e-01 -1.922521936665983616e-02 7.204495387670421636e+00 -2.907538839942828968e-02 -1.873925464399122526e-02 9.994015519923961088e-01 1.340056674535298475e-01
-9.994477880526047020e-01 1.715980464381425610e-02 -2.845452620133739896e-02 3.814292483367101472e+00 -1.661672197226226125e-02 -9.996773040405400046e-01 -1.921385794511136849e-02 7.198624099687403799e+00 -2.877505008949597654e-02 -1.873042687245843677e-02 9.994104099925728013e-01 1.346636962387610936e-01
-9.994637018990741861e-01 1.709681438332184833e-02 -2.792861479096071797e-02 3.784356278071268065e+00 -1.655483120417009651e-02 -9.996723349539358150e-01 -1.952332685657242814e-02 7.211735359053395022e+00 -2.825325025552045261e-02 -1.905050302982484386e-02 9.994192474553957872e-01 1.370264939364308210e-01
-9.994946366964789775e-01 1.618649905127020686e-02 -2.735815168165831382e-02 3.762702966038693919e+00 -1.565158209856662083e-02 -9.996843101756864858e-01 -1.965471867958844265e-02 7.200019972738008533e+00 -2.766765607682053138e-02 -1.921658754891623910e-02 9.994324507290073267e-01 1.353061718264294555e-01
-9.995305915567387345e-01 1.598832871937496194e-02 -2.613369256339828639e-02 3.722064319126363596e+00 -1.547801594787259413e-02 -9.996878117802734387e-01 -1.961402560125907052e-02 7.217268889771784046e+00 -2.643912942126519505e-02 -1.920032090176240769e-02 9.994660174876957015e-01 1.343601074893750746e-01
-9.995802354401266410e-01 1.428725754433852330e-02 -2.520371380020272264e-02 3.689632999499938837e+00 -1.380174866484253429e-02 -9.997178278591538625e-01 -1.933329755544771836e-02 7.199588151251015589e+00 -2.547282181567845846e-02 -1.897732679901743477e-02 9.994953708828820949e-01 1.251188253995885458e-01
-9.996122759217951348e-01 1.283728530564661081e-02 -2.470833730606634970e-02 3.631676852790217236e+00 -1.235872132246115633e-02 -9.997349355950333472e-01 -1.942474087518755721e-02 7.210456026907924532e+00 -2.495114894594364224e-02 -1.911184598033031229e-02 9.995059667203100018e-01 1.248211597331942146e-01
-9.996485997481039387e-01 1.060464825358141232e-02 -2.429441205448056723e-02 3.576416771247251436e+00 -1.013709328930454366e-02 -9.997625711265709647e-01 -1.928835695522998148e-02 7.192856405062673097e+00 -2.449319010049558210e-02 -1.903530430033217521e-02 9.995187546158874614e-01 1.263647167745111377e-01
-9.996715717118926925e-01 7.900536831345972635e-03 -2.437888899953979255e-02 3.514946280550816038e+00 -7.405547064685660645e-03 -9.997659388414970039e-01 -2.032794640523112595e-02 7.193791137072729214e+00 -2.453378453781768220e-02 -2.014073112272166816e-02 9.994960952230349527e-01 1.245056289177743081e-01
-9.996777371093856779e-01 5.359336319463893841e-03 -2.481329164126034117e-02 3.427716315379608414e+00 -4.827971387786291271e-03 -9.997587980502395943e-01 -2.142513508522786783e-02 7.202954854573378363e+00 -2.492213113154815793e-02 -2.129843269718268220e-02 9.994624876124693635e-01 1.211307989292199766e-01
-9.996505303753497884e-01 2.152471919166328972e-03 -2.634737149925611005e-02 3.323337154026615003e+00 -1.572990077059440665e-03 -9.997568451679068602e-01 -2.199491400601265995e-02 7.213536900312201183e+00 -2.638830844332552827e-02 -2.194578329774583142e-02 9.994108463354539618e-01 1.118974068369087693e-01
-9.996098914886579756e-01 -1.248828198807883354e-03 -2.790170722667480868e-02 3.215814088465178244e+00 1.852675387878240185e-03 -9.997644014357982556e-01 -2.162658585229796857e-02 7.221013033691299654e+00 -2.786812573425714173e-02 -2.166984194334436661e-02 9.993766985067292774e-01 1.148457048964041105e-01
-9.995890200512116408e-01 -4.698971115654947996e-03 -2.827915599012359449e-02 3.097843229059823233e+00 5.278487455720046011e-03 -9.997768799550954544e-01 -2.045306523324807307e-02 7.226495123938225795e+00 -2.817673798081156422e-02 -2.059393060369815731e-02 9.993907951642594378e-01 1.150798080276300706e-01
-9.995715103642199839e-01 -7.635379248256002858e-03 -2.825768306012954242e-02 2.990201933860459960e+00 8.199306305716731400e-03 -9.997684568510074588e-01 -1.989482500199223416e-02 7.221858666914158675e+00 -2.809923565324267888e-02 -2.011799367457309598e-02 9.994026712422843239e-01 1.163150354929280705e-01
-9.995473057099084624e-01 -1.008111720135393061e-02 -2.834704083384494144e-02 2.852373029652935266e+00 1.061867291782463835e-02 -9.997654195207505978e-01 -1.887722744372038325e-02 7.244537732639052763e+00 -2.815008762912407647e-02 -1.916968978544666968e-02 9.994198795101097987e-01 1.156982303710790833e-01
-9.995030958363086970e-01 -1.330010621430728450e-02 -2.857741395442501761e-02 2.732370294652676890e+00 1.378882775889804339e-02 -9.997608606218448823e-01 -1.697320823248675906e-02 7.239804744645970125e+00 -2.834483449713304584e-02 -1.735882321345713283e-02 9.994474681612706135e-01 1.029629330556740691e-01
-9.994662428817577826e-01 -1.520764871603066080e-02 -2.891291684271835721e-02 2.604206017771336867e+00 1.568245941970771232e-02 -9.997446920826760230e-01 -1.626687182790316141e-02 7.237830240967634055e+00 -2.865815427366802393e-02 -1.671161491436478838e-02 9.994495645707094367e-01 1.032926999065248569e-01
-9.994359235628227367e-01 -1.682780621176611577e-02 -2.906302857975693807e-02 2.477368851992783672e+00 1.732407811276210144e-02 -9.997069353510379397e-01 -1.690916108444760063e-02 7.263216985401313330e+00 -2.876996714755579790e-02 -1.740311320241656745e-02 9.994345504540016467e-01 1.052014724928575229e-01
-9.994183009773578430e-01 -1.876283819115816612e-02 -2.847833517860098168e-02 2.342510531113646266e+00 1.927702865246240169e-02 -9.996541189210115252e-01 -1.788962522215551201e-02 7.242107353462481356e+00 -2.813282491795783546e-02 -1.842819652786066228e-02 9.994343128664665565e-01 1.065482213549606982e-01
-9.994482314039876414e-01 -1.994156772545987305e-02 -2.656250402525719631e-02 2.208988796521019982e+00 2.042419817725234232e-02 -9.996289261207185195e-01 -1.802393385349271640e-02 7.248562827212158055e+00 -2.619322187622648637e-02 -1.855650665911167188e-02 9.994846528028097365e-01 1.030133627078488739e-01
-9.994951459998611121e-01 -2.102823053577029463e-02 -2.381736012348431228e-02 2.066265254589369604e+00 2.146276251476985850e-02 -9.996051025549654856e-01 -1.813804761578796665e-02 7.258906615964268561e+00 -2.342654366209049807e-02 -1.864007689395351386e-02 9.995517718384754335e-01 9.939332343661388958e-02
-9.994994117566471381e-01 -2.234912116469299839e-02 -2.239291587271459438e-02 1.927429011090030286e+00 2.275565297488757119e-02 -9.995777896743307522e-01 -1.806717043330018438e-02 7.244218952209531714e+00 -2.197967597129430600e-02 -1.856769164288596743e-02 9.995859816300204370e-01 8.831033306576510644e-02
-9.995074699293624576e-01 -2.301532280439989517e-02 -2.133336522010008743e-02 1.758742506988852039e+00 2.342678972248963057e-02 -9.995403500098949401e-01 -1.924251089112935173e-02 7.255858750734895501e+00 -2.088068673926123456e-02 -1.973280563696525394e-02 9.995872214584331505e-01 9.339023806206474265e-02
-9.995033197996228136e-01 -2.495232529221440634e-02 -1.924825114250637917e-02 1.615811121019473884e+00 2.532499841475789951e-02 -9.994916544660255031e-01 -1.936690755024766952e-02 7.264467484841505396e+00 -1.875521700290324126e-02 -1.984475032039575981e-02 9.996271443492794617e-01 9.104557409302740933e-02
-9.995254402358710877e-01 -2.554358088627990339e-02 -1.721684630802043994e-02 1.434673007255498511e+00 2.586368071710566305e-02 -9.994918054968848775e-01 -1.863332402822111614e-02 7.271628041482530946e+00 -1.673213498187059792e-02 -1.906977241823146554e-02 9.996781379218340202e-01 8.182727304254021339e-02
-9.995430246360859083e-01 -2.531502220789997454e-02 -1.651942952887218430e-02 1.242794326050402853e+00 2.561017444699356660e-02 -9.995116107852488607e-01 -1.790695033422821936e-02 7.276894556701737571e+00 -1.605804677226968513e-02 -1.832183277108186820e-02 9.997031807380468704e-01 7.599232953053809692e-02
-9.995725294602368916e-01 -2.454189144324384064e-02 -1.588879834515920242e-02 1.059341298551127464e+00 2.483474761269870157e-02 -9.995202959417368582e-01 -1.850441329946967209e-02 7.271218041213107774e+00 -1.542704312169559250e-02 -1.889109750469962837e-02 9.997025221412564333e-01 7.952804448944861271e-02
-9.995943904454922535e-01 -2.322386624784679096e-02 -1.648352590945714388e-02 8.640489275615755860e-01 2.353388696607406835e-02 -9.995449368456041928e-01 -1.886996000489752495e-02 7.272899346076193261e+00 -1.603779143690525419e-02 -1.925022760438187264e-02 9.996860597122507741e-01 7.290237212183021953e-02
-9.996631262154045405e-01 -2.116383664437945095e-02 -1.502418396237502167e-02 6.610544212959853505e-01 2.148105935178013653e-02 -9.995428333095468520e-01 -2.127647688528452874e-02 7.277660505293884974e+00 -1.456702352474809579e-02 -2.159204478540115157e-02 9.996607351634927419e-01 8.458028664935987595e-02
-9.997939760379108698e-01 -1.809043436516816553e-02 -9.205523493256061174e-03 4.488911157406094699e-01 1.828834813026837883e-02 -9.995931042298455971e-01 -2.188977612510746920e-02 7.292652254137690804e+00 -8.805782246425114534e-03 -2.205362012506696320e-02 9.997180082595330530e-01 8.341042263774615939e-02
-9.998741594727438287e-01 -1.446205417491214403e-02 -6.520291996225963810e-03 2.374821726048871040e-01 1.458134613894485933e-02 -9.997200199804723297e-01 -1.863507432291678159e-02 7.278040349359725880e+00 -6.248964990333996314e-03 -1.872780390986248863e-02 9.998050909038538325e-01 5.083309956719288952e-02
-9.999099754022573450e-01 -1.094883972034992048e-02 -7.756545612295966639e-03 1.685422439646716564e-02 1.106734052419782940e-02 -9.998201147343790396e-01 -1.540299147098167162e-02 7.281596483725357061e+00 -7.586505439198499949e-03 -1.548744915445321099e-02 9.998512808682645803e-01 4.400544832309623289e-02
-9.999304028831013103e-01 -7.202914781158094304e-03 -9.343843357746737729e-03 -2.176047637237106536e-01 7.339004163508799916e-03 -9.998662904913557803e-01 -1.461301327392327057e-02 7.296514425652197211e+00 -9.237337707734523742e-03 -1.468057075563588068e-02 9.998495649018216413e-01 5.707849422805844758e-02
-9.999297706649674655e-01 -1.807356869119113030e-03 -1.171269392813638344e-02 -4.663100770268359674e-01 1.990351228455558303e-03 -9.998758503435190015e-01 -1.563081577568033523e-02 7.283844469146158573e+00 -1.168298933894662203e-02 -1.565303040863077685e-02 9.998092270023979378e-01 5.406907748938784286e-02
-9.998864461184058250e-01 3.621505862420961591e-03 -1.462804033332022226e-02 -7.132842129503004225e-01 -3.354973099485594051e-03 -9.998286591463285689e-01 -1.820429908446753037e-02 7.280340659531820080e+00 -1.469146092825763215e-02 -1.815315523382830115e-02 9.997272747759010647e-01 5.576267306107582367e-02
-9.998258244006659190e-01 7.993012933348961346e-03 -1.686512987725645452e-02 -9.610481458321983306e-01 -7.673966643264869270e-03 -9.997919630920499845e-01 -1.889816849601641535e-02 7.264007311017788737e+00 -1.701267461298987260e-02 -1.876545445207990215e-02 9.996791618422979919e-01 5.162009671490094820e-02
-9.997167745066362077e-01 1.386022194794387513e-02 -1.934593025939735852e-02 -1.234402446142266241e+00 -1.348467976640190663e-02 -9.997206832071010574e-01 -1.940924984446773180e-02 7.254548066740219348e+00 -1.960954312688907228e-02 -1.914287897577359246e-02 9.996244374778328057e-01 5.452513692176676197e-02
-9.995790999741263061e-01 2.003429300818966585e-02 -2.098213522445828080e-02 -1.489505154198864423e+00 -1.963461169100480519e-02 -9.996250613473338653e-01 -1.908451597715554032e-02 7.250123364690996830e+00 -2.135661299595297338e-02 -1.866450722630657449e-02 9.995976846968686047e-01 5.788733503321186885e-02
-9.994186197401750960e-01 2.589848722514962592e-02 -2.217410372691932738e-02 -1.751990246523434713e+00 -2.545589954635717189e-02 -9.994755694544266156e-01 -2.001457573958239505e-02 7.232837968837186438e+00 -2.268082218371257966e-02 -1.943847790333566583e-02 9.995537633773744490e-01 5.378277645594558426e-02
-9.991824156100954646e-01 3.245946840202833250e-02 -2.410151959178101835e-02 -2.032345563038813196e+00 -3.194951656353170466e-02 -9.992635518420616147e-01 -2.125046708533221557e-02 7.221303735255845346e+00 -2.477354893695881202e-02 -2.046306113576117081e-02 9.994836338840282774e-01 4.196654630144278086e-02
-9.988472680243449808e-01 3.986759370766725097e-02 -2.673406314542013315e-02 -2.301071187125661499e+00 -3.929905616841510019e-02 -9.989969146425921043e-01 -2.146505809108949225e-02 7.203096997069458496e+00 -2.756300681302196673e-02 -2.038969118310677425e-02 9.994120977599194600e-01 4.036737658825449715e-02
-9.984367454970886069e-01 4.792087274515823697e-02 -2.876899714144180026e-02 -2.584597560711297870e+00 -4.737906062538508462e-02 -9.986918844723975397e-01 -1.922874159240081302e-02 7.197015653018887349e+00 -2.965282204846650393e-02 -1.783563411582527250e-02 9.994011208219892861e-01 4.258338061722873047e-02
-9.980225261233599543e-01 5.598939220204023071e-02 -2.856965717670592597e-02 -2.877206713686583761e+00 -5.551658311002916069e-02 -9.983116120866735166e-01 -1.708315464705621387e-02 7.172186926830362630e+00 -2.947789595842301852e-02 -1.546328340793541242e-02 9.994458166984893088e-01 4.653888003578885574e-02
-9.975131658480198560e-01 6.482703569654310605e-02 -2.765753789944869201e-02 -3.179315503127916998e+00 -6.440856752650464534e-02 -9.977991109089869859e-01 -1.576295335330464564e-02 7.136350684001249611e+00 -2.861853226571914321e-02 -1.394237110515608030e-02 9.994931665093674811e-01 3.497086350510099362e-02
-9.968480209401524572e-01 7.457346257613367557e-02 -2.707068205842286246e-02 -3.473661414327386066e+00 -7.414510791510225962e-02 -9.971109847525971848e-01 -1.649809255533443014e-02 7.115154085960466723e+00 -2.822279433295130091e-02 -1.443893227051539635e-02 9.994973692386225350e-01 1.776540729245658368e-02
-9.960059408393673319e-01 8.506724092853353014e-02 -2.712434945751962187e-02 -3.776526933805462338e+00 -8.462099088845541350e-02 -9.962647811745672932e-01 -1.719807234104047539e-02 7.086973944415575488e+00 -2.848602664013991440e-02 -1.483409289436146868e-02 9.994841149184205964e-01 3.016252145846257896e-03
-9.949382379986788649e-01 9.637511504212321889e-02 -2.845592677637359333e-02 -4.091613455394933929e+00 -9.591939659231772664e-02 -9.952444226270349414e-01 -1.697081574780650443e-02 7.051774170263279906e+00 -2.995616673492263946e-02 -1.415543819165789897e-02 9.994509751079098114e-01 -6.279478667662683616e-03
-9.936412054634511382e-01 1.087129007421942101e-01 -2.930290117647169762e-02 -4.405775824563315624e+00 -1.082663555547950379e-01 -9.939862709595008727e-01 -1.642222271524472130e-02 7.016235557082978858e+00 -3.091198893670447229e-02 -1.314527885760612483e-02 9.994356660554659655e-01 -1.769446239215516359e-04
-9.920738573624319212e-01 1.220917105070849773e-01 -2.971659071091251048e-02 -4.713896120830268544e+00 -1.216597033749007850e-01 -9.924438304575682324e-01 -1.594239509739154084e-02 6.962998734280756885e+00 -3.143848140029809057e-02 -1.220072178866219749e-02 9.994312203824127216e-01 -9.993294354071575666e-04
-9.901389331565635388e-01 1.370075638870668910e-01 -2.922020679792164399e-02 -5.024781629392027327e+00 -1.365665498303073322e-01 -9.904918292612656661e-01 -1.659860337853332271e-02 6.890436512055547524e+00 -3.121651029548636741e-02 -1.244442061338966489e-02 9.994351734257549413e-01 -4.522372484897476536e-03
-9.877676903899956784e-01 1.532854099942962955e-01 -2.861071310705002799e-02 -5.342212732188517776e+00 -1.528190067509239136e-01 -9.880930572780579624e-01 -1.784548499092486820e-02 6.826345679702568781e+00 -3.100549946823144901e-02 -1.325493273392016648e-02 9.994313211826737486e-01 -1.234611296139853480e-02
-9.848975264514581163e-01 1.708608732077187553e-01 -2.798971947868308593e-02 -5.660709449816049066e+00 -1.704693001009169873e-01 -9.852356231848424795e-01 -1.584249130279426557e-02 6.761435600892444775e+00 -3.028333061113036226e-02 -1.083184260739870029e-02 9.994826617169632055e-01 -3.116707279789071930e-02
-9.814280077596273522e-01 1.897942443102049459e-01 -2.787849371265994913e-02 -5.968855404132328957e+00 -1.894964711071820684e-01 -9.817955392366697343e-01 -1.298485937165383061e-02 6.689906974691750108e+00 -2.983543233964440489e-02 -7.460828485828324697e-03 9.995269796335722878e-01 -3.809055267324122640e-02
-9.773383443598464559e-01 2.098072636125039581e-01 -2.811890430632043789e-02 -6.277499055371044356e+00 -2.096087317708130726e-01 -9.777355843143418213e-01 -9.864417414329942208e-03 6.602130303491260399e+00 -2.956247975705137213e-02 -3.746905513362979324e-03 9.995559116376071529e-01 -4.827901049920403642e-02
