0.0000 0.0000 0.0000 0.0000 0.0000 0.0000 0.0000 1.0000
1.0000 -0.0087 -0.0021 0.0060 0.0000 0.0000 0.0003 1.0000
2.0000 -0.0024 -0.0042 0.0045 -0.0000 -0.0000 0.0002 1.0000
3.0000 -0.0102 -0.0080 0.0053 -0.0000 -0.0000 0.0003 1.0000
4.0000 -0.0135 -0.0014 0.0030 -0.0000 0.0000 0.0003 1.0000
5.0000 -0.0107 -0.0035 0.0038 0.0000 -0.0000 0.0003 1.0000
6.0000 -0.0109 -0.0037 0.0042 -0.0000 -0.0000 0.0003 1.0000
7.0000 -0.0074 -0.0046 0.0030 -0.0000 -0.0000 0.0003 1.0000
8.0000 -0.0146 -0.0047 0.0019 -0.0000 0.0000 0.0003 1.0000
9.0000 -0.0043 -0.0037 0.0039 -0.0000 -0.0000 0.0003 1.0000
10.0000 -0.0075 -0.0064 0.0016 -0.0000 0.0000 0.0003 1.0000
11.0000 -0.0099 -0.0026 0.0033 -0.0000 0.0000 0.0003 1.0000
12.0000 -0.0062 -0.0021 0.0030 0.0000 -0.0000 0.0002 1.0000
13.0000 -0.0069 -0.0024 0.0019 -0.0000 -0.0000 0.0003 1.0000
14.0000 -0.0097 0.0005 0.0030 -0.0000 -0.0000 0.0003 1.0000
15.0000 -0.0111 -0.0054 0.0020 -0.0000 -0.0000 0.0003 1.0000
16.0000 -0.0070 -0.0017 0.0024 -0.0000 -0.0000 0.0002 1.0000
17.0000 -0.0099 0.0004 0.0035 -0.0000 0.0000 0.0002 1.0000
18.0000 -0.0091 -0.0035 0.0039 -0.0000 -0.0000 0.0003 1.0000
19.0000 -0.0111 -0.0025 0.0027 -0.0000 -0.0000 0.0002 1.0000
20.0000 -0.0078 -0.0038 0.0034 -0.0000 0.0000 0.0003 1.0000
21.0000 -0.0063 -0.0027 0.0025 -0.0000 -0.0000 0.0003 1.0000
22.0000 -0.0067 -0.0001 0.0026 -0.0000 -0.0000 0.0002 1.0000
23.0000 -0.0067 -0.0037 0.0034 0.0000 -0.0000 0.0003 1.0000
24.0000 -0.0106 -0.0069 0.0024 -0.0000 -0.0000 0.0003 1.0000
25.0000 -0.0130 -0.0047 0.0029 -0.0000 0.0000 0.0002 1.0000
26.0000 -0.0117 -0.0020 0.0025 -0.0000 -0.0000 0.0003 1.0000
27.0000 -0.0063 -0.0085 0.0036 -0.0000 0.0000 0.0003 1.0000
28.0000 -0.0084 -0.0028 0.0026 -0.0000 -0.0000 0.0003 1.0000
29.0000 -0.0123 -0.0026 0.0019 -0.0000 -0.0000 0.0003 1.0000
30.0000 -0.0139 -0.0040 0.0017 -0.0000 -0.0000 0.0003 1.0000
31.0000 -0.0134 -0.0022 0.0024 -0.0000 -0.0000 0.0003 1.0000
32.0000 -0.0088 0.0010 0.0033 0.0000 -0.0000 0.0003 1.0000
33.0000 -0.0099 -0.0013 0.0024 -0.0000 -0.0000 0.0003 1.0000
34.0000 -0.0130 0.0023 0.0030 -0.0000 -0.0000 0.0002 1.0000
35.0000 -0.0104 -0.0061 0.0035 -0.0000 -0.0000 0.0002 1.0000
36.0000 -0.0094 -0.0043 0.0023 -0.0000 -0.0000 0.0003 1.0000
37.0000 -0.0056 -0.0026 0.0028 -0.0000 -0.0000 0.0003 1.0000
38.0000 -0.0105 -0.0044 0.0033 -0.0000 -0.0000 0.0003 1.0000
39.0000 -0.0088 -0.0002 0.0027 -0.0000 -0.0000 0.0002 1.0000
40.0000 -0.0110 -0.0028 0.0034 -0.0000 -0.0000 0.0003 1.0000
41.0000 -0.0128 -0.0050 0.0027 -0.0000 -0.0000 0.0003 1.0000
42.0000 -0.0098 -0.0031 0.0024 -0.0000 -0.0000 0.0003 1.0000
43.0000 -0.0094 -0.0017 0.0021 -0.0000 -0.0000 0.0003 1.0000
44.0000 -0.0103 0.0017 0.0026 0.0000 -0.0000 0.0003 1.0000
45.0000 -0.0104 -0.0008 0.0021 -0.0000 -0.0000 0.0003 1.0000
46.0000 -0.0094 -0.0027 0.0028 -0.0000 -0.0000 0.0003 1.0000
47.0000 -0.0119 -0.0017 0.0030 -0.0000 -0.0000 0.0003 1.0000
48.0000 -0.0022 -0.0021 0.0044 -0.0000 -0.0000 0.0002 1.0000
49.0000 -0.0015 -0.0068 0.0080 0.0000 0.0002 0.0003 1.0000
50.0000 -0.0008 -0.0026 0.0051 0.0000 0.0003 0.0003 1.0000
51.0000 -0.0109 -0.0046 0.0055 -0.0000 0.0004 0.0004 1.0000
52.0000 -0.0138 0.0039 0.0048 0.0000 0.0003 0.0003 1.0000
53.0000 -0.0305 -0.0067 0.0051 0.0000 0.0003 0.0003 1.0000
54.0000 -0.0448 -0.0119 0.0062 0.0000 0.0004 0.0003 1.0000
55.0000 -0.0760 -0.0141 0.0067 0.0001 0.0007 0.0005 1.0000
56.0000 -0.1229 -0.0276 0.0087 0.0001 0.0009 0.0004 1.0000
57.0000 -0.1948 -0.0275 0.0106 0.0002 0.0010 0.0005 1.0000
58.0000 -0.2698 -0.0168 0.0086 0.0002 0.0011 0.0005 1.0000
59.0000 -0.3375 -0.0036 0.0098 0.0002 0.0011 0.0003 1.0000
60.0000 -0.4208 -0.0068 0.0115 0.0001 0.0012 0.0003 1.0000
61.0000 -0.5108 -0.0015 0.0149 0.0001 0.0013 0.0003 1.0000
62.0000 -0.6135 0.0059 0.0184 0.0000 0.0014 0.0004 1.0000
63.0000 -0.7326 -0.0011 0.0185 0.0001 0.0014 0.0005 1.0000
64.0000 -0.8566 -0.0205 0.0167 0.0002 0.0014 0.0002 1.0000
65.0000 -1.0134 -0.0020 0.0201 0.0003 0.0011 0.0004 1.0000
66.0000 -1.1581 -0.0098 0.0238 0.0005 0.0013 0.0005 1.0000
67.0000 -1.3313 -0.0158 0.0275 0.0008 0.0012 0.0006 1.0000
68.0000 -1.5153 -0.0093 0.0254 0.0011 0.0012 0.0004 1.0000
69.0000 -1.6997 -0.0114 0.0296 0.0014 0.0014 0.0004 1.0000
70.0000 -1.9050 -0.0056 0.0545 0.0022 0.0016 0.0001 1.0000
71.0000 -2.1431 -0.0259 0.0449 0.0030 0.0020 0.0001 1.0000
72.0000 -2.3840 -0.0285 0.0437 0.0037 0.0021 0.0001 1.0000
73.0000 -2.6255 -0.0331 0.0479 0.0036 0.0021 0.0000 1.0000
74.0000 -2.8783 -0.0147 0.0607 0.0033 0.0027 0.0002 1.0000
75.0000 -3.1459 -0.0193 0.0641 0.0029 0.0044 0.0002 1.0000
76.0000 -3.4317 -0.0257 0.0739 0.0015 0.0065 0.0002 1.0000
77.0000 -3.7272 -0.0251 0.0947 0.0001 0.0083 0.0002 1.0000
78.0000 -4.0234 -0.0106 0.1011 -0.0013 0.0101 -0.0005 0.9999
79.0000 -4.3781 0.0009 0.1098 -0.0028 0.0112 -0.0003 0.9999
80.0000 -4.6956 0.0119 0.1215 -0.0045 0.0118 -0.0006 0.9999
81.0000 -5.0490 0.0118 0.1374 -0.0054 0.0111 -0.0009 0.9999
82.0000 -5.4043 0.0045 0.1572 -0.0055 0.0103 -0.0011 0.9999
83.0000 -5.7811 0.0096 0.1596 -0.0041 0.0081 -0.0015 1.0000
84.0000 -6.2023 0.0076 0.1449 -0.0022 0.0036 -0.0019 1.0000
85.0000 -6.6138 0.0206 0.1348 -0.0010 -0.0028 -0.0017 1.0000
86.0000 -7.0116 0.0032 0.1155 -0.0015 -0.0085 -0.0017 1.0000
87.0000 -7.4196 0.0236 0.1423 -0.0036 -0.0116 -0.0016 0.9999
88.0000 -7.8683 0.0475 0.1720 -0.0055 -0.0118 -0.0015 0.9999
89.0000 -8.3042 0.0370 0.2029 -0.0052 -0.0112 -0.0019 0.9999
90.0000 -8.7704 0.0254 0.2121 -0.0026 -0.0097 -0.0019 0.9999
91.0000 -9.2145 0.0257 0.1746 0.0005 -0.0061 -0.0021 1.0000
92.0000 -9.7261 0.0272 0.1433 0.0026 -0.0017 -0.0025 1.0000
93.0000 -10.2116 0.0213 0.1409 0.0026 0.0001 -0.0025 1.0000
94.0000 -10.7052 0.0300 0.1671 0.0009 0.0000 -0.0029 1.0000
95.0000 -11.2150 0.0343 0.2006 0.0006 -0.0011 -0.0033 1.0000
96.0000 -11.7439 0.0590 0.2097 0.0011 -0.0017 -0.0036 1.0000
97.0000 -12.2813 0.0368 0.2144 0.0018 -0.0013 -0.0040 1.0000
98.0000 -12.8149 0.0536 0.2123 0.0022 -0.0006 -0.0043 1.0000
99.0000 -13.3574 0.0578 0.2137 0.0019 0.0000 -0.0046 1.0000
100.0000 -13.9035 0.0590 0.2354 0.0017 -0.0003 -0.0047 1.0000
101.0000 -14.4791 0.0740 0.2474 0.0016 -0.0005 -0.0052 1.0000
102.0000 -15.0354 0.0764 0.2487 0.0016 -0.0010 -0.0057 1.0000
103.0000 -15.6041 0.1009 0.2439 0.0005 -0.0014 -0.0059 1.0000
104.0000 -16.1796 0.1199 0.2717 -0.0015 -0.0022 -0.0059 1.0000
105.0000 -16.7647 0.1182 0.2930 -0.0023 -0.0034 -0.0067 1.0000
106.0000 -17.3497 0.1110 0.3144 -0.0015 -0.0042 -0.0074 1.0000
107.0000 -17.9566 0.1266 0.3189 0.0002 -0.0035 -0.0080 1.0000
108.0000 -18.5308 0.1048 0.2975 0.0016 -0.0026 -0.0085 1.0000
109.0000 -19.1392 0.1195 0.2935 0.0016 -0.0020 -0.0087 1.0000
110.0000 -19.7043 0.1658 0.3044 -0.0004 -0.0020 -0.0092 1.0000
111.0000 -20.2939 0.1734 0.3409 -0.0021 -0.0028 -0.0099 0.9999
112.0000 -20.8822 0.2024 0.3757 -0.0021 -0.0034 -0.0107 0.9999
113.0000 -21.4876 0.2002 0.3786 -0.0003 -0.0029 -0.0116 0.9999
114.0000 -22.1014 0.1985 0.3703 0.0013 -0.0020 -0.0124 0.9999
115.0000 -22.6998 0.2218 0.3717 0.0025 -0.0007 -0.0129 0.9999
116.0000 -23.2840 0.2461 0.3794 0.0023 0.0008 -0.0135 0.9999
117.0000 -23.8689 0.2580 0.3995 0.0019 0.0010 -0.0137 0.9999
118.0000 -24.4632 0.2745 0.4246 0.0021 0.0002 -0.0147 0.9999
119.0000 -25.0746 0.3147 0.4356 0.0026 -0.0014 -0.0150 0.9999
120.0000 -25.6465 0.3271 0.4391 0.0033 -0.0038 -0.0162 0.9999
121.0000 -26.2576 0.3619 0.4467 0.0039 -0.0056 -0.0171 0.9998
122.0000 -26.8516 0.3679 0.4560 0.0037 -0.0062 -0.0181 0.9998
123.0000 -27.4440 0.4082 0.4700 0.0037 -0.0058 -0.0190 0.9998
124.0000 -28.0257 0.4061 0.4815 0.0038 -0.0043 -0.0203 0.9998
125.0000 -28.6066 0.4516 0.4899 0.0042 -0.0022 -0.0206 0.9998
126.0000 -29.1791 0.4888 0.5136 0.0047 -0.0002 -0.0219 0.9997
127.0000 -29.7751 0.5091 0.5149 0.0049 0.0013 -0.0225 0.9997
128.0000 -30.3390 0.5385 0.5264 0.0051 0.0016 -0.0235 0.9997
129.0000 -30.9232 0.5757 0.5418 0.0051 0.0008 -0.0243 0.9997
130.0000 -31.5095 0.5838 0.5610 0.0052 -0.0006 -0.0256 0.9997
131.0000 -32.1299 0.6317 0.5651 0.0055 -0.0016 -0.0264 0.9996
132.0000 -32.6642 0.6595 0.5728 0.0053 -0.0024 -0.0270 0.9996
133.0000 -33.2125 0.6864 0.5819 0.0047 -0.0029 -0.0280 0.9996
134.0000 -33.8101 0.7276 0.5948 0.0039 -0.0035 -0.0289 0.9996
135.0000 -34.3812 0.7876 0.6175 0.0033 -0.0037 -0.0299 0.9995
136.0000 -34.9317 0.7940 0.6290 0.0035 -0.0033 -0.0312 0.9995
137.0000 -35.4985 0.8467 0.6425 0.0044 -0.0023 -0.0317 0.9995
138.0000 -36.0554 0.8761 0.6575 0.0056 -0.0005 -0.0326 0.9995
139.0000 -36.6058 0.9286 0.6490 0.0062 0.0020 -0.0334 0.9994
140.0000 -37.1823 0.9650 0.6555 0.0050 0.0035 -0.0342 0.9994
141.0000 -37.7220 0.9958 0.6877 0.0034 0.0030 -0.0350 0.9994
142.0000 -38.2769 1.0432 0.7414 0.0029 0.0019 -0.0363 0.9993
143.0000 -38.8662 1.1063 0.7402 0.0040 0.0019 -0.0374 0.9993
144.0000 -39.4263 1.1451 0.7337 0.0049 0.0020 -0.0386 0.9992
145.0000 -39.9730 1.2073 0.7480 0.0045 0.0026 -0.0397 0.9992
146.0000 -40.5196 1.2453 0.7763 0.0041 0.0040 -0.0408 0.9991
147.0000 -41.0938 1.3059 0.7934 0.0041 0.0059 -0.0417 0.9991
148.0000 -41.6330 1.3412 0.8258 0.0048 0.0062 -0.0429 0.9990
149.0000 -42.2021 1.3896 0.8145 0.0048 0.0057 -0.0441 0.9990
150.0000 -42.7659 1.4608 0.8345 0.0042 0.0037 -0.0452 0.9990
151.0000 -43.3259 1.5205 0.8516 0.0029 0.0008 -0.0463 0.9989
152.0000 -43.8985 1.5680 0.8818 0.0026 -0.0023 -0.0474 0.9989
153.0000 -44.4669 1.6075 0.8852 0.0032 -0.0040 -0.0489 0.9988
154.0000 -45.0787 1.6647 0.8711 0.0040 -0.0044 -0.0501 0.9987
155.0000 -45.6213 1.7446 0.8742 0.0035 -0.0035 -0.0507 0.9987
156.0000 -46.1872 1.8008 0.8978 0.0021 -0.0018 -0.0515 0.9987
157.0000 -46.7336 1.8803 0.9330 0.0016 -0.0008 -0.0521 0.9986
158.0000 -47.3237 1.9342 0.9404 0.0015 -0.0003 -0.0530 0.9986
159.0000 -47.9039 2.0087 0.9509 0.0021 -0.0005 -0.0535 0.9986
160.0000 -48.4918 2.0612 0.9567 0.0028 -0.0007 -0.0542 0.9985
161.0000 -49.0715 2.1324 0.9641 0.0035 -0.0007 -0.0548 0.9985
162.0000 -49.6546 2.2125 0.9616 0.0034 -0.0006 -0.0554 0.9985
163.0000 -50.2388 2.2618 0.9922 0.0026 -0.0014 -0.0562 0.9984
164.0000 -50.8410 2.3464 1.0002 0.0024 -0.0018 -0.0571 0.9984
165.0000 -51.4424 2.4162 1.0059 0.0020 -0.0017 -0.0577 0.9983
166.0000 -52.0244 2.4865 1.0216 0.0015 -0.0020 -0.0586 0.9983
167.0000 -52.6346 2.5692 1.0392 0.0012 -0.0017 -0.0591 0.9982
168.0000 -53.2341 2.6251 1.0592 0.0010 -0.0010 -0.0599 0.9982
169.0000 -53.8441 2.7237 1.0661 0.0008 -0.0004 -0.0604 0.9982
170.0000 -54.4374 2.8167 1.0837 0.0007 -0.0004 -0.0611 0.9981
171.0000 -55.0656 2.8777 1.0889 0.0004 -0.0009 -0.0618 0.9981
172.0000 -55.6988 2.9481 1.1126 0.0002 -0.0017 -0.0625 0.9980
173.0000 -56.3085 3.0480 1.1283 0.0005 -0.0020 -0.0633 0.9980
174.0000 -56.9411 3.1227 1.1327 0.0004 -0.0015 -0.0637 0.9980
175.0000 -57.5798 3.2132 1.1386 0.0002 -0.0012 -0.0635 0.9980
176.0000 -58.2125 3.2898 1.1519 0.0004 -0.0014 -0.0634 0.9980
177.0000 -58.8542 3.3883 1.1604 0.0008 -0.0014 -0.0630 0.9980
178.0000 -59.5082 3.4751 1.1656 0.0010 -0.0017 -0.0628 0.9980
179.0000 -60.1624 3.5581 1.1899 0.0012 -0.0015 -0.0626 0.9980
180.0000 -60.8223 3.6244 1.2051 0.0016 -0.0002 -0.0627 0.9980
181.0000 -61.4831 3.7021 1.2142 0.0021 0.0008 -0.0625 0.9980
182.0000 -62.1604 3.7987 1.2119 0.0018 0.0009 -0.0621 0.9981
183.0000 -62.8196 3.8665 1.2311 0.0014 0.0004 -0.0622 0.9981
184.0000 -63.5006 3.9725 1.2616 0.0010 0.0003 -0.0618 0.9981
185.0000 -64.1550 4.0454 1.2870 0.0015 0.0004 -0.0618 0.9981
186.0000 -64.8277 4.1276 1.2877 0.0022 0.0010 -0.0618 0.9981
187.0000 -65.5440 4.2230 1.2935 0.0026 0.0011 -0.0616 0.9981
188.0000 -66.2313 4.3007 1.3074 0.0025 0.0005 -0.0615 0.9981
189.0000 -66.9397 4.3959 1.3348 0.0024 -0.0003 -0.0610 0.9981
190.0000 -67.6309 4.4921 1.3514 0.0025 -0.0005 -0.0612 0.9981
191.0000 -68.3311 4.5757 1.3691 0.0030 0.0000 -0.0615 0.9981
192.0000 -69.0358 4.6339 1.3676 0.0032 0.0012 -0.0614 0.9981
193.0000 -69.7717 4.7396 1.3824 0.0030 0.0017 -0.0614 0.9981
194.0000 -70.4757 4.8494 1.3982 0.0028 0.0015 -0.0614 0.9981
195.0000 -71.1891 4.9221 1.4336 0.0028 0.0011 -0.0617 0.9981
196.0000 -71.9005 4.9874 1.4356 0.0027 0.0014 -0.0619 0.9981
197.0000 -72.6547 5.1006 1.4544 0.0022 0.0021 -0.0619 0.9981
198.0000 -73.3719 5.1979 1.4820 0.0012 0.0024 -0.0617 0.9981
199.0000 -74.1117 5.3189 1.5258 0.0005 0.0016 -0.0614 0.9981
200.0000 -74.8592 5.3909 1.5324 0.0001 0.0009 -0.0616 0.9981
201.0000 -75.6104 5.4889 1.5323 -0.0001 0.0006 -0.0612 0.9981
202.0000 -76.3537 5.5762 1.5461 -0.0005 0.0007 -0.0608 0.9982
203.0000 -77.0909 5.6629 1.5764 -0.0006 0.0011 -0.0601 0.9982
204.0000 -77.8512 5.7560 1.5933 -0.0007 0.0014 -0.0595 0.9982
205.0000 -78.5925 5.8514 1.6104 -0.0004 0.0018 -0.0589 0.9983
206.0000 -79.3750 5.9265 1.6131 -0.0005 0.0021 -0.0582 0.9983
207.0000 -80.1303 6.0174 1.6462 -0.0004 0.0016 -0.0576 0.9983
208.0000 -80.9003 6.1338 1.6592 0.0000 0.0009 -0.0567 0.9984
209.0000 -81.6637 6.1962 1.6678 0.0002 0.0002 -0.0564 0.9984
210.0000 -82.4263 6.2779 1.6949 -0.0002 -0.0005 -0.0556 0.9985
211.0000 -83.1713 6.3627 1.7101 -0.0006 -0.0007 -0.0550 0.9985
212.0000 -83.9559 6.4546 1.7384 -0.0006 -0.0009 -0.0544 0.9985
213.0000 -84.7443 6.5331 1.7594 -0.0003 -0.0011 -0.0539 0.9985
214.0000 -85.5232 6.6181 1.7684 -0.0000 -0.0007 -0.0534 0.9986
215.0000 -86.2598 6.7077 1.7762 -0.0001 -0.0004 -0.0527 0.9986
216.0000 -87.0329 6.7767 1.7983 -0.0004 -0.0004 -0.0522 0.9986
217.0000 -87.7974 6.8494 1.8155 -0.0006 -0.0009 -0.0519 0.9987
218.0000 -88.5765 6.9601 1.8352 -0.0005 -0.0012 -0.0511 0.9987
219.0000 -89.3341 7.0130 1.8408 -0.0005 -0.0005 -0.0504 0.9987
220.0000 -90.1031 7.0934 1.8681 -0.0004 0.0004 -0.0499 0.9988
221.0000 -90.8452 7.1683 1.8919 -0.0005 0.0012 -0.0497 0.9988
222.0000 -91.6170 7.2504 1.9153 -0.0004 0.0013 -0.0493 0.9988
223.0000 -92.3553 7.3163 1.9480 0.0002 0.0007 -0.0498 0.9988
224.0000 -93.1063 7.3902 1.9509 0.0011 0.0002 -0.0502 0.9987
225.0000 -93.8638 7.4734 1.9604 0.0013 -0.0003 -0.0503 0.9987
226.0000 -94.6103 7.5264 1.9864 0.0014 -0.0006 -0.0503 0.9987
227.0000 -95.3386 7.6354 2.0043 0.0016 -0.0006 -0.0504 0.9987
228.0000 -96.0603 7.6864 2.0281 0.0019 -0.0008 -0.0510 0.9987
229.0000 -96.8104 7.7552 2.0396 0.0025 -0.0004 -0.0513 0.9987
230.0000 -97.5266 7.8273 2.0502 0.0028 0.0000 -0.0516 0.9987
231.0000 -98.2503 7.9096 2.0839 0.0031 0.0002 -0.0515 0.9987
232.0000 -98.9770 7.9859 2.0891 0.0030 0.0008 -0.0517 0.9987
233.0000 -99.6849 8.0801 2.1292 0.0036 0.0009 -0.0516 0.9987
234.0000 -100.4189 8.1161 2.1367 0.0043 0.0014 -0.0522 0.9986
235.0000 -101.1121 8.1929 2.1452 0.0049 0.0013 -0.0522 0.9986
236.0000 -101.8273 8.2701 2.1783 0.0069 0.0012 -0.0519 0.9986
237.0000 -102.5427 8.3486 2.1805 0.0076 0.0053 -0.0522 0.9986
238.0000 -103.2204 8.4004 2.2158 0.0061 0.0110 -0.0519 0.9986
239.0000 -103.9062 8.4888 2.2492 0.0031 0.0144 -0.0520 0.9985
240.0000 -104.6048 8.5683 2.3087 0.0007 0.0131 -0.0521 0.9986
241.0000 -105.2974 8.6594 2.3459 0.0011 0.0062 -0.0521 0.9986
242.0000 -106.0140 8.7262 2.3116 0.0022 -0.0042 -0.0522 0.9986
243.0000 -106.7907 8.8053 2.2811 0.0019 -0.0146 -0.0521 0.9985
244.0000 -107.4594 8.8656 2.3059 0.0009 -0.0186 -0.0519 0.9985
245.0000 -108.1551 8.9487 2.3442 0.0006 -0.0128 -0.0518 0.9986
246.0000 -108.8427 9.0199 2.3845 0.0018 -0.0013 -0.0519 0.9987
247.0000 -109.4841 9.0824 2.3656 0.0032 0.0091 -0.0520 0.9986
248.0000 -110.1912 9.1593 2.3627 0.0037 0.0129 -0.0516 0.9986
249.0000 -110.8812 9.2366 2.3972 0.0021 0.0080 -0.0517 0.9986
250.0000 -111.5844 9.3128 2.4401 0.0014 0.0017 -0.0517 0.9987
251.0000 -112.3184 9.3890 2.4478 0.0010 -0.0017 -0.0519 0.9986
252.0000 -113.0112 9.4785 2.4648 0.0003 -0.0031 -0.0519 0.9986
253.0000 -113.7053 9.5467 2.4980 0.0008 -0.0026 -0.0519 0.9986
254.0000 -114.4067 9.6101 2.4939 0.0024 -0.0001 -0.0521 0.9986
255.0000 -115.1269 9.6674 2.4812 0.0026 0.0027 -0.0521 0.9986
256.0000 -115.8247 9.7629 2.5073 0.0010 0.0034 -0.0517 0.9987
257.0000 -116.5198 9.8272 2.5387 -0.0009 0.0017 -0.0520 0.9986
258.0000 -117.2403 9.9201 2.5833 -0.0013 -0.0009 -0.0522 0.9986
259.0000 -117.9838 9.9837 2.5839 -0.0006 -0.0009 -0.0526 0.9986
260.0000 -118.7160 10.0643 2.5772 -0.0003 0.0020 -0.0522 0.9986
261.0000 -119.4006 10.1380 2.6009 -0.0016 0.0051 -0.0521 0.9986
262.0000 -120.1258 10.2191 2.6566 -0.0025 0.0068 -0.0522 0.9986
263.0000 -120.8382 10.3086 2.6723 -0.0025 0.0061 -0.0521 0.9986
264.0000 -121.5772 10.3872 2.6752 -0.0023 0.0039 -0.0519 0.9986
265.0000 -122.3128 10.4538 2.6934 -0.0023 0.0016 -0.0516 0.9987
266.0000 -123.0688 10.5356 2.7158 -0.0023 0.0011 -0.0514 0.9987
267.0000 -123.8020 10.6035 2.7480 -0.0014 0.0016 -0.0513 0.9987
268.0000 -124.5265 10.6630 2.7496 -0.0004 0.0030 -0.0511 0.9987
269.0000 -125.2731 10.7492 2.7540 -0.0005 0.0034 -0.0505 0.9987
270.0000 -126.0156 10.8248 2.7834 -0.0011 0.0024 -0.0498 0.9988
271.0000 -126.7693 10.9062 2.8223 -0.0014 0.0009 -0.0489 0.9988
272.0000 -127.5263 10.9727 2.8294 -0.0012 0.0003 -0.0480 0.9988
273.0000 -128.2557 11.0362 2.8487 -0.0004 0.0009 -0.0468 0.9989
274.0000 -129.0063 11.1080 2.8584 -0.0002 0.0016 -0.0454 0.9990
275.0000 -129.7613 11.1618 2.8896 0.0003 0.0022 -0.0444 0.9990
276.0000 -130.5145 11.2312 2.8955 0.0005 0.0027 -0.0432 0.9991
277.0000 -131.2423 11.2847 2.9118 0.0003 0.0025 -0.0421 0.9991
278.0000 -131.9744 11.3565 2.9470 -0.0001 0.0016 -0.0408 0.9992
279.0000 -132.7326 11.4098 2.9686 -0.0005 0.0007 -0.0398 0.9992
280.0000 -133.4740 11.4768 2.9880 -0.0008 0.0005 -0.0386 0.9993
281.0000 -134.1970 11.5206 3.0159 -0.0005 0.0011 -0.0376 0.9993
282.0000 -134.9142 11.5715 3.0184 -0.0004 0.0024 -0.0364 0.9993
283.0000 -135.6411 11.6244 3.0372 -0.0007 0.0031 -0.0351 0.9994
284.0000 -136.3809 11.6879 3.0620 -0.0010 0.0029 -0.0337 0.9994
285.0000 -137.0943 11.7139 3.0862 -0.0014 0.0015 -0.0331 0.9995
286.0000 -137.8104 11.7618 3.1127 -0.0012 0.0001 -0.0320 0.9995
287.0000 -138.5160 11.7951 3.1248 -0.0008 0.0001 -0.0311 0.9995
288.0000 -139.2271 11.8244 3.1413 -0.0009 0.0009 -0.0302 0.9995
289.0000 -139.9491 11.8951 3.1957 0.0001 0.0033 -0.0291 0.9996
290.0000 -140.6076 11.9133 3.2006 0.0007 0.0105 -0.0285 0.9995
291.0000 -141.3214 11.9671 3.2337 0.0006 0.0172 -0.0275 0.9995
292.0000 -142.0407 11.9897 3.2512 -0.0005 0.0197 -0.0269 0.9994
293.0000 -142.7438 12.0046 3.2873 -0.0015 0.0146 -0.0265 0.9995
294.0000 -143.4679 12.0632 3.2929 -0.0019 0.0015 -0.0260 0.9997
295.0000 -144.2081 12.1320 3.3195 -0.0004 -0.0136 -0.0254 0.9996
296.0000 -144.9369 12.1428 3.3103 0.0000 -0.0211 -0.0247 0.9995
297.0000 -145.6507 12.1860 3.3404 -0.0002 -0.0168 -0.0245 0.9996
298.0000 -146.3400 12.2113 3.3628 -0.0019 -0.0029 -0.0239 0.9997
299.0000 -147.0299 12.2459 3.3654 -0.0030 0.0106 -0.0239 0.9997
300.0000 -147.7710 12.2767 3.3693 -0.0030 0.0153 -0.0239 0.9996
301.0000 -148.5446 12.3161 3.3765 -0.0023 0.0099 -0.0239 0.9997
302.0000 -149.3122 12.3661 3.4042 -0.0021 0.0019 -0.0236 0.9997
303.0000 -150.0349 12.3969 3.4395 -0.0026 -0.0024 -0.0239 0.9997
304.0000 -150.8215 12.4447 3.4642 -0.0037 -0.0018 -0.0238 0.9997
305.0000 -151.5686 12.4738 3.4862 -0.0044 0.0015 -0.0244 0.9997
306.0000 -152.3397 12.5250 3.5110 -0.0050 0.0049 -0.0247 0.9997
307.0000 -153.0621 12.5705 3.5340 -0.0045 0.0060 -0.0250 0.9997
308.0000 -153.8521 12.6059 3.5438 -0.0035 0.0058 -0.0255 0.9997
309.0000 -154.6408 12.6281 3.5678 -0.0023 0.0045 -0.0256 0.9997
310.0000 -155.4234 12.6827 3.5821 -0.0016 0.0034 -0.0257 0.9997
311.0000 -156.2080 12.7334 3.6123 -0.0010 0.0026 -0.0260 0.9997
312.0000 -156.9926 12.7583 3.6361 -0.0010 0.0020 -0.0261 0.9997
313.0000 -157.7685 12.8099 3.6624 -0.0008 0.0013 -0.0265 0.9996
314.0000 -158.5505 12.8413 3.6785 0.0001 0.0013 -0.0270 0.9996
315.0000 -159.3554 12.8958 3.6843 0.0002 0.0013 -0.0272 0.9996
316.0000 -160.1427 12.9364 3.7139 0.0001 0.0014 -0.0279 0.9996
317.0000 -160.9302 12.9714 3.7371 -0.0001 0.0018 -0.0286 0.9996
318.0000 -161.7362 13.0301 3.7591 -0.0001 0.0019 -0.0290 0.9996
319.0000 -162.5469 13.0713 3.7735 -0.0006 0.0025 -0.0297 0.9996
320.0000 -163.3336 13.1088 3.8029 -0.0008 0.0029 -0.0303 0.9995
321.0000 -164.1256 13.1737 3.8224 -0.0014 0.0036 -0.0307 0.9995
322.0000 -164.9486 13.2409 3.8535 -0.0021 0.0040 -0.0313 0.9995
323.0000 -165.7575 13.2978 3.8829 -0.0021 0.0046 -0.0319 0.9995
324.0000 -166.5661 13.3418 3.9052 -0.0018 0.0051 -0.0331 0.9994
325.0000 -167.3590 13.3935 3.9218 -0.0012 0.0048 -0.0342 0.9994
326.0000 -168.1921 13.4539 3.9370 -0.0011 0.0042 -0.0360 0.9993
327.0000 -169.0202 13.5166 3.9663 -0.0013 0.0035 -0.0379 0.9993
328.0000 -169.8524 13.5964 3.9974 -0.0014 0.0038 -0.0396 0.9992
329.0000 -170.6762 13.6711 4.0224 -0.0016 0.0043 -0.0415 0.9991
330.0000 -171.4656 13.7445 4.0514 -0.0014 0.0046 -0.0430 0.9991
331.0000 -172.2817 13.8193 4.0648 -0.0013 0.0047 -0.0447 0.9990
332.0000 -173.0851 13.8995 4.0857 -0.0014 0.0040 -0.0465 0.9989
333.0000 -173.9497 13.9843 4.1115 -0.0017 0.0033 -0.0478 0.9988
334.0000 -174.7630 14.0781 4.1395 -0.0023 0.0029 -0.0497 0.9988
335.0000 -175.6053 14.1589 4.1640 -0.0028 0.0032 -0.0511 0.9987
336.0000 -176.4019 14.2671 4.1898 -0.0031 0.0036 -0.0523 0.9986
337.0000 -177.2205 14.3475 4.2101 -0.0038 0.0038 -0.0530 0.9986
338.0000 -178.0300 14.4495 4.2396 -0.0043 0.0034 -0.0536 0.9985
339.0000 -178.8531 14.5260 4.2669 -0.0048 0.0032 -0.0535 0.9986
340.0000 -179.6502 14.6157 4.3026 -0.0047 0.0026 -0.0537 0.9985
341.0000 -180.4523 14.6883 4.3103 -0.0045 0.0029 -0.0538 0.9985
342.0000 -181.2199 14.7720 4.3348 -0.0045 0.0032 -0.0540 0.9985
343.0000 -182.0213 14.8689 4.3639 -0.0044 0.0036 -0.0540 0.9985
344.0000 -182.8185 14.9570 4.3722 -0.0048 0.0048 -0.0539 0.9985
345.0000 -183.5745 15.0207 4.4796 -0.0034 0.0103 -0.0539 0.9985
346.0000 -184.3810 15.0979 4.4996 -0.0020 0.0206 -0.0538 0.9983
347.0000 -185.1406 15.1956 4.5084 -0.0017 0.0291 -0.0533 0.9982
348.0000 -185.8622 15.2937 4.5457 -0.0028 0.0279 -0.0527 0.9982
349.0000 -186.6352 15.3725 4.5825 -0.0033 0.0156 -0.0523 0.9985
350.0000 -187.4594 15.4573 4.6059 -0.0048 -0.0025 -0.0521 0.9986
351.0000 -188.2790 15.5373 4.6306 -0.0052 -0.0188 -0.0510 0.9985
352.0000 -189.0347 15.5967 4.6280 -0.0060 -0.0232 -0.0499 0.9985
353.0000 -189.8456 15.6763 4.6466 -0.0067 -0.0134 -0.0490 0.9987
354.0000 -190.5773 15.7565 4.6634 -0.0072 0.0034 -0.0482 0.9988
355.0000 -191.3001 15.8462 4.6891 -0.0065 0.0151 -0.0472 0.9987
356.0000 -192.1021 15.9410 4.6780 -0.0057 0.0163 -0.0462 0.9988
357.0000 -192.8734 15.9880 4.7205 -0.0050 0.0098 -0.0458 0.9989
358.0000 -193.7250 16.0488 4.7720 -0.0046 0.0048 -0.0452 0.9990
359.0000 -194.5201 16.1195 4.7905 -0.0047 0.0043 -0.0450 0.9990
360.0000 -195.3375 16.1979 4.8152 -0.0054 0.0065 -0.0446 0.9990
361.0000 -196.1355 16.2726 4.8545 -0.0056 0.0091 -0.0446 0.9989
362.0000 -196.9097 16.3549 4.8737 -0.0063 0.0106 -0.0443 0.9989
363.0000 -197.7101 16.4229 4.9205 -0.0059 0.0103 -0.0440 0.9990
364.0000 -198.5395 16.5027 4.9423 -0.0056 0.0090 -0.0436 0.9990
365.0000 -199.3144 16.5694 4.9687 -0.0047 0.0074 -0.0434 0.9990
366.0000 -200.1587 16.6259 5.0028 -0.0044 0.0070 -0.0429 0.9990
367.0000 -200.9814 16.6865 5.0378 -0.0039 0.0072 -0.0426 0.9991
368.0000 -201.7834 16.7523 5.0654 -0.0036 0.0081 -0.0422 0.9991
369.0000 -202.6048 16.8258 5.0966 -0.0031 0.0086 -0.0416 0.9991
370.0000 -203.4383 16.8960 5.1222 -0.0026 0.0087 -0.0414 0.9991
371.0000 -204.2722 16.9764 5.1480 -0.0021 0.0078 -0.0410 0.9991
372.0000 -205.0968 17.0291 5.1819 -0.0021 0.0067 -0.0406 0.9992
373.0000 -205.9218 17.0966 5.2129 -0.0022 0.0063 -0.0402 0.9992
374.0000 -206.7647 17.1553 5.2436 -0.0022 0.0069 -0.0399 0.9992
375.0000 -207.6048 17.2258 5.2707 -0.0024 0.0083 -0.0394 0.9992
376.0000 -208.4184 17.3145 5.3080 -0.0022 0.0094 -0.0392 0.9992
377.0000 -209.2769 17.3997 5.3475 -0.0020 0.0097 -0.0389 0.9992
378.0000 -210.1296 17.4669 5.3781 -0.0016 0.0093 -0.0388 0.9992
379.0000 -210.9430 17.5322 5.4116 -0.0012 0.0084 -0.0384 0.9992
380.0000 -211.8411 17.6259 5.4540 -0.0008 0.0075 -0.0375 0.9993
381.0000 -212.6639 17.6868 5.4959 -0.0004 0.0072 -0.0374 0.9993
382.0000 -213.4952 17.7716 5.5221 -0.0003 0.0081 -0.0370 0.9993
383.0000 -214.3409 17.8194 5.5482 -0.0009 0.0088 -0.0366 0.9993
384.0000 -215.1598 17.8905 5.5871 -0.0014 0.0085 -0.0359 0.9993
385.0000 -215.9904 17.9511 5.6305 -0.0019 0.0078 -0.0348 0.9994
386.0000 -216.8176 17.9997 5.6752 -0.0013 0.0072 -0.0338 0.9994
387.0000 -217.6352 18.0217 5.6948 -0.0007 0.0078 -0.0334 0.9994
388.0000 -218.4797 18.0827 5.7104 -0.0006 0.0091 -0.0325 0.9994
389.0000 -219.2762 18.1189 5.7413 -0.0008 0.0096 -0.0317 0.9995
390.0000 -220.0900 18.1384 5.7824 -0.0010 0.0093 -0.0311 0.9995
391.0000 -220.9411 18.1704 5.8166 -0.0007 0.0086 -0.0309 0.9995
392.0000 -221.7079 18.2233 5.8466 -0.0005 0.0085 -0.0304 0.9995
393.0000 -222.5298 18.2716 5.8837 -0.0005 0.0086 -0.0300 0.9995
394.0000 -223.3313 18.3211 5.9234 -0.0005 0.0090 -0.0295 0.9995
395.0000 -224.1093 18.3592 5.9548 -0.0003 0.0093 -0.0295 0.9995
396.0000 -224.9198 18.4122 5.9874 0.0001 0.0091 -0.0290 0.9995
397.0000 -225.7118 18.4643 6.0098 0.0004 0.0089 -0.0291 0.9995
398.0000 -226.4839 18.5063 6.0437 0.0004 0.0084 -0.0287 0.9996
399.0000 -227.2589 18.5497 6.0849 0.0005 0.0085 -0.0284 0.9996
400.0000 -228.0349 18.5991 6.1148 0.0007 0.0091 -0.0283 0.9996
401.0000 -228.8025 18.6385 6.1479 0.0005 0.0096 -0.0280 0.9996
402.0000 -229.5556 18.6801 6.1818 0.0000 0.0104 -0.0275 0.9996
403.0000 -230.3078 18.7357 6.2229 -0.0000 0.0100 -0.0276 0.9996
404.0000 -231.0521 18.7729 6.2608 0.0002 0.0099 -0.0271 0.9996
405.0000 -231.7882 18.7988 6.2846 0.0010 0.0098 -0.0270 0.9996
406.0000 -232.5638 18.8429 6.3109 0.0010 0.0103 -0.0268 0.9996
407.0000 -233.2905 18.8885 6.3441 0.0009 0.0111 -0.0265 0.9996
408.0000 -234.0162 18.9320 6.3877 0.0006 0.0148 -0.0260 0.9996
409.0000 -234.7304 18.9557 6.4772 0.0027 0.0215 -0.0261 0.9994
410.0000 -235.4542 18.9845 6.4969 0.0043 0.0293 -0.0257 0.9992
411.0000 -236.2096 19.0345 6.5338 0.0044 0.0326 -0.0255 0.9991
412.0000 -236.9294 19.0788 6.5946 0.0021 0.0279 -0.0251 0.9993
413.0000 -237.7028 19.1331 6.6407 0.0014 0.0157 -0.0248 0.9996
414.0000 -238.4855 19.1652 6.6511 0.0012 0.0008 -0.0252 0.9997
415.0000 -239.2873 19.2007 6.6568 0.0010 -0.0102 -0.0250 0.9996
416.0000 -239.9932 19.2761 6.6513 0.0008 -0.0118 -0.0243 0.9996
417.0000 -240.7415 19.2948 6.6901 0.0010 -0.0023 -0.0241 0.9997
418.0000 -241.5090 19.3173 6.7254 0.0009 0.0109 -0.0244 0.9996
419.0000 -242.2455 19.3307 6.7680 0.0003 0.0197 -0.0240 0.9995
420.0000 -243.0053 19.3776 6.8164 0.0003 0.0199 -0.0240 0.9995
421.0000 -243.8044 19.4174 6.8485 0.0023 0.0158 -0.0238 0.9996
422.0000 -244.5966 19.4399 6.8706 0.0041 0.0128 -0.0236 0.9996
423.0000 -245.3870 19.4855 6.8939 0.0053 0.0125 -0.0229 0.9996
424.0000 -246.1625 19.5013 6.9264 0.0051 0.0140 -0.0221 0.9996
425.0000 -246.9261 19.5326 6.9761 0.0044 0.0150 -0.0213 0.9997
426.0000 -247.7155 19.5608 7.0348 0.0036 0.0153 -0.0198 0.9997
427.0000 -248.5057 19.5853 7.0799 0.0036 0.0149 -0.0187 0.9997
428.0000 -249.3259 19.6096 7.0970 0.0041 0.0149 -0.0174 0.9997
429.0000 -250.1075 19.6274 7.1311 0.0036 0.0147 -0.0162 0.9998
430.0000 -250.9201 19.6534 7.1746 0.0030 0.0142 -0.0149 0.9998
431.0000 -251.7551 19.6829 7.2143 0.0020 0.0137 -0.0137 0.9998
432.0000 -252.5335 19.6956 7.2523 0.0013 0.0134 -0.0119 0.9998
433.0000 -253.3997 19.7296 7.2849 0.0003 0.0142 -0.0110 0.9998
434.0000 -254.2259 19.7381 7.3443 -0.0008 0.0154 -0.0098 0.9998
435.0000 -255.0230 19.7601 7.3899 -0.0008 0.0163 -0.0086 0.9998
436.0000 -255.8651 19.7743 7.4138 -0.0006 0.0165 -0.0072 0.9998
437.0000 -256.7192 19.7756 7.4598 -0.0004 0.0155 -0.0060 0.9999
438.0000 -257.5654 19.7774 7.5100 -0.0001 0.0144 -0.0047 0.9999
439.0000 -258.4054 19.7834 7.5489 0.0005 0.0140 -0.0036 0.9999
440.0000 -259.2508 19.7808 7.5959 0.0014 0.0146 -0.0023 0.9999
441.0000 -260.1147 19.7880 7.6302 0.0021 0.0158 -0.0015 0.9999
442.0000 -260.9789 19.7816 7.6719 0.0028 0.0158 -0.0003 0.9999
443.0000 -261.8321 19.7826 7.7077 0.0033 0.0142 0.0010 0.9999
444.0000 -262.7082 19.7749 7.7501 0.0037 0.0123 0.0018 0.9999
445.0000 -263.5699 19.7682 7.7822 0.0041 0.0122 0.0031 0.9999
446.0000 -264.4396 19.7415 7.8308 0.0043 0.0132 0.0041 0.9999
447.0000 -265.2906 19.7278 7.8799 0.0049 0.0144 0.0049 0.9999
448.0000 -266.1690 19.7220 7.9187 0.0054 0.0153 0.0054 0.9999
449.0000 -267.0522 19.7189 7.9664 0.0059 0.0156 0.0058 0.9998
450.0000 -267.9122 19.7041 8.0160 0.0062 0.0153 0.0053 0.9998
451.0000 -268.8166 19.7060 8.0569 0.0063 0.0151 0.0054 0.9999
452.0000 -269.7063 19.6993 8.0993 0.0061 0.0154 0.0053 0.9998
453.0000 -270.5755 19.6686 8.1497 0.0057 0.0158 0.0055 0.9998
454.0000 -271.4498 19.6781 8.1940 0.0054 0.0160 0.0053 0.9998
455.0000 -272.3485 19.6715 8.2467 0.0053 0.0148 0.0054 0.9999
456.0000 -273.2407 19.6504 8.2844 0.0059 0.0137 0.0054 0.9999
457.0000 -274.1396 19.6235 8.3210 0.0064 0.0134 0.0054 0.9999
458.0000 -275.0136 19.6149 8.3681 0.0067 0.0144 0.0053 0.9999
459.0000 -275.8868 19.6108 8.4134 0.0069 0.0159 0.0047 0.9998
460.0000 -276.8077 19.5855 8.4638 0.0069 0.0168 0.0044 0.9998
461.0000 -277.6813 19.6021 8.5066 0.0069 0.0166 0.0037 0.9998
462.0000 -278.5691 19.6121 8.5595 0.0064 0.0154 0.0032 0.9999
463.0000 -279.4891 19.5717 8.6052 0.0062 0.0147 0.0028 0.9999
464.0000 -280.3768 19.5907 8.6564 0.0060 0.0141 0.0024 0.9999
465.0000 -281.2419 19.5772 8.7005 0.0060 0.0145 0.0018 0.9999
466.0000 -282.1461 19.5841 8.7428 0.0062 0.0150 0.0014 0.9999
467.0000 -283.0238 19.5862 8.7900 0.0064 0.0157 0.0010 0.9999
468.0000 -283.9067 19.5667 8.8256 0.0058 0.0158 0.0011 0.9999
469.0000 -284.7578 19.5761 8.8898 0.0057 0.0151 0.0009 0.9999
470.0000 -285.6306 19.5637 8.9323 0.0058 0.0147 0.0011 0.9999
471.0000 -286.5140 19.5633 8.9775 0.0062 0.0146 0.0008 0.9999
472.0000 -287.3811 19.5748 9.0182 0.0065 0.0148 0.0011 0.9999
473.0000 -288.2569 19.5681 9.0614 0.0063 0.0151 0.0011 0.9999
474.0000 -289.1103 19.5693 9.1182 0.0062 0.0160 0.0013 0.9999
475.0000 -289.9618 19.5609 9.1570 0.0061 0.0168 0.0013 0.9998
476.0000 -290.7911 19.5649 9.2045 0.0059 0.0173 0.0014 0.9998
477.0000 -291.6387 19.5556 9.2606 0.0056 0.0180 0.0013 0.9998
478.0000 -292.5093 19.5634 9.3607 0.0076 0.0229 0.0014 0.9997
479.0000 -293.3419 19.5404 9.3953 0.0093 0.0319 0.0014 0.9994
480.0000 -294.1803 19.5416 9.4403 0.0093 0.0377 0.0020 0.9992
481.0000 -294.9866 19.5169 9.5142 0.0076 0.0331 0.0022 0.9994
482.0000 -295.8719 19.5409 9.5925 0.0063 0.0180 0.0021 0.9998
483.0000 -296.7832 19.5320 9.6241 0.0064 0.0005 0.0019 1.0000
484.0000 -297.6833 19.5468 9.6053 0.0067 -0.0107 0.0022 0.9999
485.0000 -298.5481 19.5318 9.6115 0.0062 -0.0081 0.0024 0.9999
486.0000 -299.3672 19.5242 9.6546 0.0048 0.0072 0.0029 1.0000
487.0000 -300.2049 19.5138 9.7132 0.0036 0.0220 0.0036 0.9997
488.0000 -301.0453 19.4941 9.7734 0.0036 0.0260 0.0041 0.9996
489.0000 -301.9354 19.4866 9.8127 0.0040 0.0208 0.0042 0.9998
490.0000 -302.8030 19.4911 9.8515 0.0046 0.0155 0.0043 0.9999
491.0000 -303.6947 19.4971 9.8932 0.0036 0.0143 0.0045 0.9999
492.0000 -304.5987 19.4900 9.9510 0.0029 0.0155 0.0048 0.9999
493.0000 -305.4925 19.4798 9.9963 0.0025 0.0177 0.0051 0.9998
494.0000 -306.3826 19.4644 10.0416 0.0020 0.0190 0.0056 0.9998
495.0000 -307.2635 19.4630 10.0951 0.0019 0.0192 0.0057 0.9998
496.0000 -308.1511 19.4509 10.1475 0.0022 0.0181 0.0058 0.9998
497.0000 -309.0726 19.4467 10.1910 0.0024 0.0169 0.0061 0.9998
498.0000 -309.9711 19.4272 10.2360 0.0023 0.0161 0.0064 0.9998
499.0000 -310.8544 19.4167 10.2999 0.0023 0.0163 0.0067 0.9998
500.0000 -311.7819 19.4063 10.3417 0.0022 0.0173 0.0071 0.9998
501.0000 -312.6653 19.3906 10.3955 0.0024 0.0182 0.0074 0.9998
502.0000 -313.5689 19.3668 10.4343 0.0021 0.0189 0.0076 0.9998
503.0000 -314.4910 19.3688 10.4949 0.0018 0.0188 0.0083 0.9998
504.0000 -315.3735 19.3580 10.5484 0.0014 0.0182 0.0088 0.9998
505.0000 -316.2847 19.3324 10.6114 0.0009 0.0178 0.0096 0.9998
506.0000 -317.1642 19.3058 10.6541 0.0005 0.0178 0.0104 0.9998
507.0000 -318.0558 19.2929 10.7154 0.0002 0.0177 0.0111 0.9998
508.0000 -318.9731 19.2655 10.7691 0.0002 0.0180 0.0119 0.9998
509.0000 -319.8582 19.2310 10.8103 0.0003 0.0186 0.0125 0.9997
510.0000 -320.7695 19.2202 10.8646 0.0004 0.0187 0.0133 0.9997
511.0000 -321.6356 19.2118 10.9135 0.0003 0.0185 0.0140 0.9997
512.0000 -322.5155 19.1772 10.9734 0.0002 0.0180 0.0146 0.9997
513.0000 -323.4252 19.1485 11.0231 -0.0001 0.0177 0.0155 0.9997
514.0000 -324.3129 19.1274 11.0768 -0.0000 0.0172 0.0160 0.9997
515.0000 -325.1773 19.0983 11.1294 0.0000 0.0169 0.0171 0.9997
516.0000 -326.0432 19.0701 11.1683 -0.0000 0.0170 0.0175 0.9997
517.0000 -326.9252 19.0304 11.2234 -0.0004 0.0173 0.0184 0.9997
518.0000 -327.7755 19.0007 11.2798 -0.0007 0.0178 0.0189 0.9997
519.0000 -328.6430 18.9687 11.3286 -0.0009 0.0183 0.0197 0.9996
520.0000 -329.4984 18.9177 11.3735 -0.0013 0.0181 0.0202 0.9996
521.0000 -330.3531 18.9093 11.4478 -0.0020 0.0188 0.0210 0.9996
522.0000 -331.1796 18.8698 11.5271 -0.0019 0.0244 0.0216 0.9995
523.0000 -331.9961 18.8248 11.5868 -0.0017 0.0318 0.0222 0.9992
524.0000 -332.8478 18.7926 11.6335 -0.0008 0.0333 0.0233 0.9992
525.0000 -333.6907 18.7382 11.6697 0.0000 0.0244 0.0239 0.9994
526.0000 -334.5820 18.6955 11.7093 0.0004 0.0106 0.0244 0.9996
527.0000 -335.4261 18.6459 11.7553 0.0002 -0.0020 0.0254 0.9997
528.0000 -336.2400 18.6025 11.8226 0.0009 -0.0053 0.0262 0.9996
529.0000 -337.0356 18.5443 11.8180 0.0007 0.0047 0.0275 0.9996
530.0000 -337.8451 18.5034 11.8446 -0.0007 0.0193 0.0294 0.9994
531.0000 -338.6574 18.4772 11.9054 -0.0008 0.0266 0.0315 0.9992
532.0000 -339.4711 18.4265 11.9464 -0.0001 0.0244 0.0329 0.9992
533.0000 -340.3182 18.3655 12.0039 0.0015 0.0168 0.0341 0.9993
534.0000 -341.1541 18.2630 12.0404 0.0018 0.0122 0.0348 0.9993
535.0000 -341.9777 18.1975 12.0912 0.0016 0.0122 0.0361 0.9993
536.0000 -342.7551 18.1585 12.1232 0.0012 0.0145 0.0376 0.9992
537.0000 -343.5770 18.1152 12.1602 0.0005 0.0165 0.0388 0.9991
538.0000 -344.3871 18.0291 12.2141 -0.0001 0.0165 0.0400 0.9991
539.0000 -345.2095 17.9729 12.2633 -0.0004 0.0159 0.0410 0.9990
540.0000 -346.0340 17.8929 12.3073 -0.0005 0.0152 0.0420 0.9990
541.0000 -346.8543 17.8149 12.3394 -0.0012 0.0152 0.0429 0.9990
542.0000 -347.6746 17.7562 12.3846 -0.0024 0.0155 0.0440 0.9989
543.0000 -348.4625 17.7141 12.4550 -0.0028 0.0156 0.0449 0.9989
544.0000 -349.2863 17.6163 12.5143 -0.0020 0.0159 0.0454 0.9988
545.0000 -350.1141 17.5320 12.5532 0.0006 0.0169 0.0456 0.9988
546.0000 -350.9137 17.4446 12.5488 0.0029 0.0183 0.0459 0.9988
547.0000 -351.7345 17.3550 12.5865 0.0032 0.0184 0.0461 0.9988
548.0000 -352.5492 17.2948 12.6602 0.0028 0.0171 0.0465 0.9988
549.0000 -353.3480 17.2204 12.7247 0.0033 0.0154 0.0465 0.9988
550.0000 -354.1682 17.1425 12.7574 0.0039 0.0148 0.0464 0.9988
551.0000 -354.9702 17.0612 12.7829 0.0038 0.0154 0.0466 0.9988
552.0000 -355.7583 16.9854 12.8294 0.0032 0.0161 0.0469 0.9988
553.0000 -356.5495 16.9034 12.8901 0.0029 0.0164 0.0471 0.9988
554.0000 -357.3258 16.8423 12.9222 0.0031 0.0164 0.0473 0.9987
555.0000 -358.1110 16.7806 12.9653 0.0031 0.0156 0.0476 0.9987
556.0000 -358.9020 16.6993 13.0115 0.0032 0.0151 0.0479 0.9987
557.0000 -359.6868 16.6300 13.0531 0.0029 0.0157 0.0480 0.9987
558.0000 -360.4572 16.5497 13.1076 0.0033 0.0168 0.0483 0.9987
559.0000 -361.2315 16.4505 13.1292 0.0030 0.0184 0.0486 0.9986
560.0000 -362.0002 16.3891 13.1782 0.0025 0.0188 0.0494 0.9986
561.0000 -362.7598 16.3390 13.2353 0.0017 0.0188 0.0503 0.9986
562.0000 -363.5340 16.2605 13.2878 0.0013 0.0187 0.0507 0.9985
563.0000 -364.3152 16.1611 13.3453 0.0019 0.0189 0.0514 0.9985
564.0000 -365.0718 16.0689 13.3744 0.0017 0.0201 0.0518 0.9985
565.0000 -365.8583 15.9872 13.4710 0.0036 0.0245 0.0525 0.9983
566.0000 -366.6000 15.8791 13.4784 0.0046 0.0328 0.0531 0.9980
567.0000 -367.3955 15.8057 13.5449 0.0042 0.0381 0.0542 0.9978
568.0000 -368.1296 15.7207 13.6197 0.0037 0.0348 0.0551 0.9979
569.0000 -368.9338 15.6565 13.6666 0.0036 0.0237 0.0556 0.9982
570.0000 -369.7554 15.5683 13.7189 0.0037 0.0088 0.0556 0.9984
571.0000 -370.5942 15.4708 13.7357 0.0042 -0.0034 0.0564 0.9984
572.0000 -371.3959 15.4046 13.7378 0.0038 -0.0076 0.0572 0.9983
573.0000 -372.1788 15.2977 13.7637 0.0027 -0.0021 0.0581 0.9983
574.0000 -372.9644 15.2099 13.8097 0.0011 0.0109 0.0588 0.9982
575.0000 -373.7153 15.0840 13.8608 0.0009 0.0225 0.0588 0.9980
576.0000 -374.5136 15.0002 13.8798 0.0023 0.0262 0.0593 0.9979
577.0000 -375.3339 14.8892 13.9124 0.0029 0.0207 0.0594 0.9980
578.0000 -376.1658 14.8114 13.9807 0.0029 0.0143 0.0598 0.9981
579.0000 -376.9750 14.7100 14.0255 0.0022 0.0122 0.0601 0.9981
580.0000 -377.7960 14.6229 14.0783 0.0020 0.0135 0.0603 0.9981
581.0000 -378.6152 14.5123 14.1037 0.0017 0.0162 0.0604 0.9980
582.0000 -379.4312 14.4262 14.1538 0.0017 0.0172 0.0605 0.9980
583.0000 -380.2601 14.3274 14.1961 0.0018 0.0163 0.0602 0.9981
584.0000 -381.0858 14.2385 14.2264 0.0021 0.0151 0.0595 0.9981
585.0000 -381.9311 14.1234 14.2809 0.0025 0.0144 0.0591 0.9981
586.0000 -382.7638 14.0218 14.3225 0.0027 0.0146 0.0587 0.9982
587.0000 -383.5837 13.9343 14.3546 0.0029 0.0155 0.0583 0.9982
588.0000 -384.4202 13.8250 14.4045 0.0029 0.0155 0.0577 0.9982
589.0000 -385.2406 13.7405 14.4387 0.0031 0.0144 0.0569 0.9983
590.0000 -386.1092 13.6552 14.4836 0.0035 0.0133 0.0562 0.9983
591.0000 -386.9423 13.5635 14.5277 0.0034 0.0129 0.0554 0.9984
592.0000 -387.7683 13.4644 14.5747 0.0035 0.0135 0.0547 0.9984
593.0000 -388.5952 13.3671 14.6233 0.0035 0.0138 0.0538 0.9984
594.0000 -389.3919 13.2936 14.6555 0.0032 0.0139 0.0533 0.9985
595.0000 -390.2064 13.2198 14.7005 0.0034 0.0133 0.0525 0.9985
596.0000 -391.0231 13.1269 14.7345 0.0033 0.0135 0.0516 0.9986
597.0000 -391.8443 13.0397 14.7908 0.0032 0.0136 0.0508 0.9986
598.0000 -392.6532 12.9708 14.8215 0.0029 0.0142 0.0506 0.9986
599.0000 -393.4572 12.8795 14.8610 0.0022 0.0143 0.0504 0.9986
600.0000 -394.2282 12.8048 14.9054 0.0010 0.0137 0.0505 0.9986
601.0000 -395.0277 12.7352 14.9535 -0.0002 0.0133 0.0509 0.9986
602.0000 -395.8009 12.6680 15.0048 -0.0002 0.0131 0.0513 0.9986
603.0000 -396.6109 12.5678 15.0380 -0.0002 0.0143 0.0519 0.9986
604.0000 -397.3636 12.4943 15.1023 -0.0000 0.0187 0.0520 0.9985
605.0000 -398.0868 12.3920 15.1733 0.0010 0.0284 0.0525 0.9982
606.0000 -398.8606 12.3210 15.1996 0.0015 0.0361 0.0533 0.9979
607.0000 -399.6167 12.2355 15.2251 -0.0003 0.0358 0.0538 0.9979
608.0000 -400.4102 12.1786 15.3073 -0.0012 0.0232 0.0544 0.9982
609.0000 -401.1865 12.0785 15.3688 -0.0003 0.0045 0.0545 0.9985
610.0000 -402.0368 11.9769 15.3881 0.0031 -0.0104 0.0546 0.9984
611.0000 -402.8002 11.8670 15.3285 0.0039 -0.0145 0.0548 0.9984
612.0000 -403.5756 11.8002 15.3659 0.0019 -0.0064 0.0560 0.9984
613.0000 -404.3327 11.7079 15.4151 -0.0014 0.0086 0.0567 0.9984
614.0000 -405.0850 11.6467 15.4831 -0.0011 0.0205 0.0577 0.9981
615.0000 -405.8698 11.5542 15.4848 0.0010 0.0224 0.0586 0.9980
616.0000 -406.6648 11.4532 15.5056 0.0025 0.0171 0.0594 0.9981
617.0000 -407.4937 11.3370 15.5556 0.0028 0.0123 0.0601 0.9981
618.0000 -408.2990 11.2215 15.6043 0.0022 0.0113 0.0610 0.9981
619.0000 -409.1079 11.1298 15.6463 0.0017 0.0126 0.0618 0.9980
620.0000 -409.9032 11.0376 15.6970 0.0019 0.0157 0.0628 0.9979
621.0000 -410.7225 10.9318 15.7316 0.0024 0.0182 0.0634 0.9978
622.0000 -411.5492 10.8149 15.7769 0.0032 0.0195 0.0641 0.9977
623.0000 -412.3613 10.7061 15.8110 0.0038 0.0197 0.0651 0.9977
624.0000 -413.1995 10.5973 15.8656 0.0041 0.0187 0.0661 0.9976
625.0000 -414.0141 10.4797 15.9043 0.0038 0.0168 0.0672 0.9976
626.0000 -414.8250 10.3733 15.9614 0.0036 0.0155 0.0685 0.9975
627.0000 -415.6552 10.2406 16.0110 0.0036 0.0157 0.0697 0.9974
628.0000 -416.4883 10.1204 16.0538 0.0041 0.0168 0.0710 0.9973
629.0000 -417.3438 9.9887 16.0926 0.0039 0.0178 0.0726 0.9972
630.0000 -418.1652 9.8731 16.1424 0.0040 0.0174 0.0741 0.9971
631.0000 -419.0135 9.7381 16.1779 0.0042 0.0165 0.0756 0.9970
632.0000 -419.8640 9.6018 16.2281 0.0045 0.0151 0.0771 0.9969
633.0000 -420.7078 9.4630 16.2639 0.0042 0.0142 0.0787 0.9968
634.0000 -421.5525 9.3349 16.3117 0.0035 0.0137 0.0806 0.9966
635.0000 -422.3863 9.1834 16.3582 0.0028 0.0137 0.0825 0.9965
636.0000 -423.2474 9.0260 16.4021 0.0025 0.0142 0.0849 0.9963
637.0000 -424.0928 8.8782 16.4369 0.0022 0.0146 0.0873 0.9961
638.0000 -424.9503 8.7334 16.4838 0.0017 0.0142 0.0898 0.9959
639.0000 -425.8093 8.5791 16.5278 0.0018 0.0137 0.0920 0.9957
640.0000 -426.6624 8.3909 16.5653 0.0019 0.0132 0.0940 0.9955
641.0000 -427.5341 8.2208 16.6045 0.0022 0.0134 0.0962 0.9953
642.0000 -428.4010 8.0415 16.6398 0.0017 0.0139 0.0979 0.9951
643.0000 -429.2585 7.8689 16.6997 0.0013 0.0140 0.0998 0.9949
644.0000 -430.1104 7.6913 16.7417 0.0013 0.0143 0.1014 0.9947
645.0000 -430.9723 7.5212 16.7830 0.0010 0.0142 0.1031 0.9946
646.0000 -431.8466 7.3436 16.8261 0.0011 0.0139 0.1049 0.9944
647.0000 -432.7166 7.1405 16.8648 0.0011 0.0136 0.1065 0.9942
648.0000 -433.5804 6.9382 16.9115 0.0012 0.0137 0.1082 0.9940
649.0000 -434.4500 6.7541 16.9594 0.0010 0.0143 0.1100 0.9938
650.0000 -435.2999 6.5516 17.0082 0.0008 0.0142 0.1117 0.9936
651.0000 -436.1698 6.3571 17.0421 0.0011 0.0129 0.1134 0.9935
652.0000 -437.0221 6.1479 17.0908 0.0015 0.0104 0.1148 0.9933
653.0000 -437.9030 5.9418 17.1238 0.0018 0.0092 0.1165 0.9931
654.0000 -438.7470 5.7366 17.1634 0.0015 0.0095 0.1183 0.9929
655.0000 -439.6005 5.5224 17.2028 0.0015 0.0110 0.1199 0.9927
656.0000 -440.4452 5.3042 17.2294 0.0005 0.0117 0.1216 0.9925
657.0000 -441.2939 5.1040 17.2741 -0.0010 0.0104 0.1231 0.9923
658.0000 -442.1235 4.8917 17.3297 -0.0018 0.0081 0.1246 0.9922
659.0000 -442.9630 4.6741 17.3618 -0.0016 0.0069 0.1259 0.9920
660.0000 -443.7822 4.4600 17.3909 -0.0013 0.0078 0.1269 0.9919
661.0000 -444.6210 4.2458 17.4276 -0.0012 0.0099 0.1278 0.9918
662.0000 -445.4130 4.0371 17.4899 -0.0007 0.0113 0.1285 0.9916
663.0000 -446.2068 3.8096 17.5257 0.0013 0.0138 0.1291 0.9915
664.0000 -446.9840 3.5967 17.5754 0.0035 0.0165 0.1298 0.9914
665.0000 -447.7537 3.3644 17.5909 0.0049 0.0178 0.1305 0.9913
666.0000 -448.5193 3.1793 17.6248 0.0043 0.0150 0.1312 0.9912
667.0000 -449.2498 2.9827 17.7081 0.0046 0.0094 0.1318 0.9912
668.0000 -449.9752 2.7753 17.7536 0.0062 0.0061 0.1320 0.9912
669.0000 -450.6928 2.5551 17.7666 0.0088 0.0071 0.1322 0.9912
670.0000 -451.3973 2.3614 17.7697 0.0095 0.0106 0.1332 0.9910
671.0000 -452.0374 2.1895 17.8086 0.0078 0.0117 0.1342 0.9909
672.0000 -452.7248 2.0220 17.8585 0.0061 0.0104 0.1353 0.9907
673.0000 -453.3677 1.8321 17.8951 0.0048 0.0087 0.1358 0.9907
674.0000 -454.0336 1.6526 17.9320 0.0046 0.0082 0.1364 0.9906
675.0000 -454.6834 1.4626 17.9571 0.0049 0.0097 0.1371 0.9905
676.0000 -455.3290 1.2559 17.9720 0.0040 0.0138 0.1379 0.9903
677.0000 -455.9475 1.0836 18.0116 0.0012 0.0202 0.1390 0.9901
678.0000 -456.5598 0.9257 18.0673 -0.0029 0.0275 0.1403 0.9897
679.0000 -457.1526 0.7573 18.1548 -0.0065 0.0310 0.1412 0.9895
680.0000 -457.7734 0.5944 18.2278 -0.0064 0.0298 0.1418 0.9894
681.0000 -458.4316 0.3996 18.2438 -0.0034 0.0234 0.1423 0.9895
682.0000 -459.0920 0.1883 18.2386 0.0007 0.0125 0.1430 0.9896
683.0000 -459.7211 -0.0204 18.2192 0.0022 0.0009 0.1437 0.9896
684.0000 -460.3659 -0.1785 18.2940 0.0034 -0.0071 0.1450 0.9894
685.0000 -460.9684 -0.3621 18.3244 0.0039 -0.0070 0.1455 0.9893
686.0000 -461.5990 -0.5629 18.3338 0.0044 0.0002 0.1462 0.9892
687.0000 -462.1672 -0.7581 18.3329 0.0037 0.0092 0.1470 0.9891
688.0000 -462.7415 -0.9215 18.3584 0.0025 0.0158 0.1477 0.9889
689.0000 -463.3481 -1.1111 18.3924 0.0015 0.0178 0.1485 0.9887
690.0000 -463.9629 -1.2911 18.4305 0.0022 0.0157 0.1492 0.9887
691.0000 -464.5736 -1.4922 18.4503 0.0027 0.0127 0.1496 0.9887
692.0000 -465.1877 -1.6862 18.4830 0.0027 0.0110 0.1502 0.9886
693.0000 -465.7708 -1.8675 18.5212 0.0022 0.0107 0.1509 0.9885
694.0000 -466.3370 -2.0537 18.5555 0.0017 0.0118 0.1514 0.9884
695.0000 -466.9361 -2.2308 18.5789 0.0012 0.0130 0.1522 0.9883
696.0000 -467.5263 -2.4097 18.6082 0.0010 0.0139 0.1527 0.9882
697.0000 -468.1154 -2.5917 18.6493 0.0012 0.0147 0.1530 0.9881
698.0000 -468.6968 -2.7918 18.6769 0.0018 0.0151 0.1532 0.9881
699.0000 -469.2526 -2.9754 18.7057 0.0022 0.0150 0.1531 0.9881
700.0000 -469.8037 -3.1471 18.7375 0.0026 0.0146 0.1532 0.9881
701.0000 -470.3475 -3.3265 18.7634 0.0027 0.0144 0.1532 0.9881
702.0000 -470.8927 -3.4974 18.7974 0.0029 0.0143 0.1531 0.9881
703.0000 -471.4169 -3.6590 18.8368 0.0030 0.0143 0.1529 0.9881
704.0000 -471.9786 -3.8222 18.8762 0.0037 0.0154 0.1525 0.9882
705.0000 -472.5038 -3.9917 18.8959 0.0046 0.0169 0.1521 0.9882
706.0000 -473.0037 -4.1501 18.9134 0.0051 0.0174 0.1515 0.9883
707.0000 -473.5249 -4.3022 18.9489 0.0056 0.0169 0.1507 0.9884
708.0000 -474.0258 -4.4585 18.9808 0.0061 0.0164 0.1490 0.9887
709.0000 -474.5545 -4.6059 19.0172 0.0070 0.0159 0.1463 0.9891
710.0000 -475.0541 -4.7570 19.0469 0.0083 0.0155 0.1424 0.9896
711.0000 -475.5880 -4.8986 19.0623 0.0092 0.0153 0.1377 0.9903
712.0000 -476.0894 -5.0139 19.0875 0.0094 0.0148 0.1319 0.9911
713.0000 -476.5890 -5.1175 19.1184 0.0091 0.0140 0.1249 0.9920
714.0000 -477.0706 -5.2348 19.1538 0.0091 0.0134 0.1165 0.9931
715.0000 -477.5802 -5.3205 19.1798 0.0094 0.0130 0.1074 0.9941
716.0000 -478.0657 -5.3939 19.1939 0.0093 0.0127 0.0972 0.9951
717.0000 -478.5413 -5.4284 19.2114 0.0092 0.0114 0.0856 0.9962
718.0000 -479.0383 -5.5025 19.2353 0.0090 0.0105 0.0728 0.9973
719.0000 -479.5087 -5.5154 19.2606 0.0077 0.0115 0.0586 0.9982
720.0000 -479.9628 -5.5074 19.2883 0.0057 0.0134 0.0434 0.9989
721.0000 -480.4137 -5.4796 19.3158 0.0032 0.0141 0.0271 0.9995
722.0000 -480.8659 -5.4230 19.3360 0.0005 0.0128 0.0090 0.9999
723.0000 -481.3107 -5.3665 19.3586 -0.0022 0.0118 -0.0099 0.9999
724.0000 -481.7508 -5.2866 19.3892 -0.0046 0.0125 -0.0289 0.9995
725.0000 -482.1784 -5.1821 19.4125 -0.0059 0.0127 -0.0486 0.9987
726.0000 -482.5986 -5.0591 19.4211 -0.0071 0.0124 -0.0692 0.9975
727.0000 -483.0179 -4.9290 19.4407 -0.0086 0.0121 -0.0906 0.9958
728.0000 -483.4103 -4.7702 19.4685 -0.0104 0.0136 -0.1128 0.9935
729.0000 -483.8221 -4.5935 19.5027 -0.0112 0.0166 -0.1349 0.9907
730.0000 -484.2135 -4.4152 19.5138 -0.0121 0.0198 -0.1570 0.9873
731.0000 -484.5540 -4.2201 19.5289 -0.0129 0.0206 -0.1792 0.9835
732.0000 -484.9345 -4.0046 19.5599 -0.0129 0.0198 -0.2012 0.9793
733.0000 -485.2864 -3.7636 19.5624 -0.0128 0.0184 -0.2233 0.9745
734.0000 -485.6224 -3.5255 19.5728 -0.0134 0.0173 -0.2456 0.9691
735.0000 -485.9472 -3.2379 19.6138 -0.0132 0.0154 -0.2689 0.9630
736.0000 -486.2783 -2.9482 19.6178 -0.0131 0.0137 -0.2926 0.9561
737.0000 -486.6048 -2.6443 19.6254 -0.0121 0.0120 -0.3165 0.9484
738.0000 -486.8728 -2.3301 19.6361 -0.0116 0.0108 -0.3403 0.9402
739.0000 -487.1453 -2.0090 19.6403 -0.0113 0.0100 -0.3638 0.9314
740.0000 -487.4081 -1.6527 19.6478 -0.0115 0.0096 -0.3871 0.9219
741.0000 -487.6447 -1.2954 19.6507 -0.0126 0.0094 -0.4105 0.9117
742.0000 -487.8353 -0.9068 19.6692 -0.0142 0.0095 -0.4339 0.9008
743.0000 -488.0395 -0.5176 19.7133 -0.0150 0.0078 -0.4572 0.8892
744.0000 -488.2337 -0.1003 19.6784 -0.0148 0.0082 -0.4804 0.8769
745.0000 -488.3810 0.3028 19.6922 -0.0148 0.0084 -0.5033 0.8640
746.0000 -488.4816 0.7231 19.6899 -0.0149 0.0090 -0.5258 0.8504
747.0000 -488.6010 1.1582 19.6873 -0.0161 0.0103 -0.5480 0.8362
748.0000 -488.7215 1.6188 19.7139 -0.0177 0.0120 -0.5689 0.8221
749.0000 -488.7927 2.0814 19.7230 -0.0181 0.0147 -0.5891 0.8077
750.0000 -488.8446 2.5417 19.7425 -0.0176 0.0162 -0.6074 0.7941
751.0000 -488.8682 3.0295 19.7272 -0.0166 0.0186 -0.6236 0.7813
752.0000 -488.9043 3.5216 19.7481 -0.0153 0.0212 -0.6369 0.7705
753.0000 -488.9549 3.9784 19.7500 -0.0143 0.0253 -0.6480 0.7611
754.0000 -488.9536 4.4619 19.7893 -0.0134 0.0294 -0.6568 0.7534
755.0000 -488.9835 4.9531 19.8163 -0.0131 0.0334 -0.6640 0.7469
756.0000 -489.0283 5.4126 19.8505 -0.0131 0.0350 -0.6701 0.7414
757.0000 -489.0439 5.8982 19.8513 -0.0139 0.0343 -0.6749 0.7370
758.0000 -489.0505 6.4161 19.8565 -0.0163 0.0305 -0.6795 0.7329
759.0000 -489.0680 6.9496 19.8536 -0.0205 0.0257 -0.6833 0.7294
760.0000 -489.0976 7.5075 19.8483 -0.0256 0.0207 -0.6871 0.7258
761.0000 -489.1349 8.0765 19.8734 -0.0309 0.0168 -0.6906 0.7224
762.0000 -489.1349 8.6527 19.8991 -0.0338 0.0143 -0.6938 0.7192
763.0000 -489.1290 9.1904 19.9035 -0.0327 0.0143 -0.6967 0.7165
764.0000 -489.1331 9.7271 19.9052 -0.0284 0.0165 -0.6995 0.7138
765.0000 -489.1472 10.2867 19.8757 -0.0238 0.0213 -0.7022 0.7113
766.0000 -489.1352 10.8384 19.9009 -0.0206 0.0258 -0.7041 0.7093
767.0000 -489.1162 11.4161 19.9321 -0.0187 0.0279 -0.7058 0.7076
768.0000 -489.0877 12.0283 19.9496 0.0180 -0.0263 0.7072 -0.7063
769.0000 -489.1167 12.6503 19.9393 0.0183 -0.0234 0.7087 -0.7048
770.0000 -489.1137 13.2720 19.9407 0.0198 -0.0216 0.7102 -0.7034
771.0000 -489.1011 13.8879 19.9612 0.0213 -0.0218 0.7111 -0.7024
772.0000 -489.0791 14.5129 20.0039 0.0219 -0.0226 0.7122 -0.7013
773.0000 -489.0475 15.1363 20.0190 0.0206 -0.0232 0.7128 -0.7007
774.0000 -489.0475 15.7893 20.0254 0.0190 -0.0229 0.7134 -0.7001
775.0000 -489.0093 16.4259 20.0102 0.0185 -0.0227 0.7137 -0.6999
776.0000 -488.9982 17.0744 20.0247 0.0191 -0.0223 0.7136 -0.6999
777.0000 -488.9845 17.7538 20.0536 0.0204 -0.0218 0.7135 -0.7001
778.0000 -488.9919 18.3932 20.0782 0.0209 -0.0213 0.7136 -0.7000
779.0000 -488.9612 19.0492 20.0782 0.0206 -0.0213 0.7133 -0.7003
780.0000 -488.9451 19.7378 20.0922 0.0202 -0.0216 0.7130 -0.7005
781.0000 -488.9487 20.4084 20.0907 0.0201 -0.0228 0.7130 -0.7005
782.0000 -488.8997 21.1131 20.1112 0.0208 -0.0236 0.7126 -0.7009
783.0000 -488.9319 21.7901 20.1382 0.0224 -0.0245 0.7126 -0.7008
784.0000 -488.9123 22.4999 20.1570 0.0237 -0.0248 0.7122 -0.7011
785.0000 -488.8705 23.2174 20.1678 0.0248 -0.0246 0.7121 -0.7012
786.0000 -488.8364 23.9268 20.1764 0.0254 -0.0248 0.7117 -0.7016
787.0000 -488.8514 24.6457 20.1858 0.0256 -0.0256 0.7118 -0.7015
788.0000 -488.8249 25.3872 20.2019 0.0260 -0.0268 0.7115 -0.7017
789.0000 -488.8159 26.0946 20.2349 0.0262 -0.0275 0.7115 -0.7017
790.0000 -488.7986 26.8435 20.2380 0.0261 -0.0276 0.7112 -0.7019
791.0000 -488.7943 27.5963 20.2450 0.0271 -0.0270 0.7112 -0.7019
792.0000 -488.7919 28.3521 20.2676 0.0274 -0.0261 0.7111 -0.7020
793.0000 -488.7683 29.1173 20.2764 0.0270 -0.0262 0.7110 -0.7021
794.0000 -488.7599 29.8686 20.2814 0.0258 -0.0272 0.7112 -0.7020
795.0000 -488.7455 30.6493 20.3060 0.0246 -0.0289 0.7112 -0.7020
796.0000 -488.7368 31.4079 20.3190 0.0246 -0.0303 0.7113 -0.7018
797.0000 -488.7197 32.2081 20.3502 0.0251 -0.0309 0.7110 -0.7021
798.0000 -488.7176 32.9897 20.3724 0.0257 -0.0313 0.7106 -0.7024
799.0000 -488.7156 33.7681 20.4034 0.0258 -0.0314 0.7105 -0.7026
800.0000 -488.6716 34.5943 20.4061 0.0259 -0.0321 0.7099 -0.7031
801.0000 -488.6628 35.3957 20.4274 0.0265 -0.0332 0.7090 -0.7039
802.0000 -488.6640 36.1981 20.4590 0.0274 -0.0340 0.7083 -0.7045
803.0000 -488.6606 37.0113 20.4862 0.0284 -0.0348 0.7076 -0.7052
804.0000 -488.6554 37.8189 20.5208 0.0286 -0.0347 0.7069 -0.7059
805.0000 -488.6681 38.6367 20.5157 -0.0288 0.0350 -0.7063 0.7064
806.0000 -488.6365 39.4794 20.5594 -0.0293 0.0351 -0.7053 0.7074
807.0000 -488.6402 40.2670 20.5735 -0.0297 0.0352 -0.7049 0.7078
808.0000 -488.6526 41.0941 20.5906 -0.0306 0.0355 -0.7048 0.7078
809.0000 -488.6662 41.9386 20.6123 -0.0322 0.0361 -0.7050 0.7075
810.0000 -488.6317 42.7896 20.6301 -0.0339 0.0370 -0.7055 0.7070
811.0000 -488.6384 43.6208 20.6636 -0.0360 0.0377 -0.7060 0.7063
812.0000 -488.6181 44.4653 20.6886 0.0367 -0.0384 0.7065 -0.7057
813.0000 -488.6003 45.3101 20.6895 0.0373 -0.0399 0.7071 -0.7050
814.0000 -488.5728 46.1440 20.7373 0.0380 -0.0403 0.7075 -0.7045
815.0000 -488.5767 46.9812 20.7460 0.0379 -0.0403 0.7081 -0.7039
816.0000 -488.5707 47.8332 20.7470 0.0374 -0.0399 0.7088 -0.7032
817.0000 -488.5526 48.6727 20.7889 0.0364 -0.0396 0.7094 -0.7027
818.0000 -488.5543 49.5203 20.8138 0.0341 -0.0394 0.7101 -0.7021
819.0000 -488.5508 50.3670 20.8211 0.0323 -0.0385 0.7109 -0.7015
820.0000 -488.5362 51.2278 20.8392 0.0318 -0.0370 0.7112 -0.7013
821.0000 -488.5211 52.0991 20.8664 0.0329 -0.0342 0.7120 -0.7005
822.0000 -488.4999 52.9423 20.8869 0.0332 -0.0318 0.7124 -0.7002
823.0000 -488.4912 53.8116 20.8929 0.0327 -0.0311 0.7127 -0.7001
824.0000 -488.4556 54.6647 20.9139 0.0325 -0.0309 0.7127 -0.7000
825.0000 -488.4362 55.5229 20.9329 0.0326 -0.0306 0.7127 -0.7000
826.0000 -488.4239 56.3771 20.9367 0.0329 -0.0305 0.7123 -0.7004
827.0000 -488.4196 57.2071 20.9673 0.0339 -0.0307 0.7117 -0.7010
828.0000 -488.3960 58.0479 21.0130 0.0332 -0.0304 0.7112 -0.7016
829.0000 -488.3861 58.8934 21.0110 0.0317 -0.0301 0.7105 -0.7023
830.0000 -488.3848 59.7278 21.0153 0.0308 -0.0297 0.7099 -0.7030
831.0000 -488.3795 60.5464 21.0104 0.0316 -0.0293 0.7094 -0.7035
832.0000 -488.3681 61.3814 21.0354 0.0341 -0.0288 0.7088 -0.7040
833.0000 -488.3525 62.2050 21.0776 0.0357 -0.0286 0.7086 -0.7042
834.0000 -488.3558 63.0146 21.0934 0.0360 -0.0292 0.7080 -0.7047
835.0000 -488.3273 63.8015 21.1132 0.0354 -0.0301 0.7080 -0.7047
836.0000 -488.3279 64.5827 21.1144 0.0345 -0.0314 0.7078 -0.7049
837.0000 -488.3214 65.3474 21.1362 0.0346 -0.0318 0.7076 -0.7050
838.0000 -488.3228 66.1026 21.1504 0.0347 -0.0313 0.7078 -0.7049
839.0000 -488.3173 66.8326 21.1536 0.0360 -0.0306 0.7080 -0.7046
840.0000 -488.3021 67.5607 21.2191 0.0374 -0.0281 0.7080 -0.7046
841.0000 -488.3041 68.2650 21.2404 0.0359 -0.0270 0.7085 -0.7042
842.0000 -488.2979 68.9519 21.2415 0.0308 -0.0284 0.7094 -0.7036
843.0000 -488.2847 69.6285 21.2351 0.0256 -0.0306 0.7097 -0.7033
844.0000 -488.2794 70.2654 21.2323 0.0234 -0.0323 0.7101 -0.7030
845.0000 -488.2769 70.9451 21.2406 0.0250 -0.0327 0.7101 -0.7029
846.0000 -488.2397 71.6007 21.3211 0.0273 -0.0300 0.7099 -0.7031
847.0000 -488.2729 72.2588 21.3600 0.0276 -0.0270 0.7103 -0.7029
848.0000 -488.2609 72.9162 21.3512 0.0252 -0.0248 0.7104 -0.7029
849.0000 -488.2575 73.5704 21.3242 0.0235 -0.0253 0.7105 -0.7028
850.0000 -488.2430 74.1987 21.3460 0.0230 -0.0274 0.7106 -0.7027
851.0000 -488.2148 74.8098 21.4059 0.0237 -0.0289 0.7104 -0.7028
852.0000 -488.2162 75.4253 21.4332 0.0237 -0.0283 0.7107 -0.7025
853.0000 -488.2044 76.0754 21.4311 0.0236 -0.0276 0.7109 -0.7024
854.0000 -488.1849 76.7198 21.4380 0.0234 -0.0275 0.7108 -0.7024
855.0000 -488.1889 77.3173 21.4792 0.0212 -0.0326 0.7108 -0.7023
856.0000 -488.1474 77.9346 21.5242 0.0180 -0.0392 0.7106 -0.7023
857.0000 -488.1544 78.5139 21.5541 0.0167 -0.0427 0.7102 -0.7025
858.0000 -488.1295 79.1217 21.5569 0.0180 -0.0419 0.7098 -0.7029
859.0000 -488.1250 79.7767 21.5493 0.0238 -0.0340 0.7097 -0.7032
860.0000 -488.1230 80.4552 21.5211 0.0348 -0.0224 0.7090 -0.7040
861.0000 -488.1232 81.0761 21.5855 0.0447 -0.0148 0.7082 -0.7044
862.0000 -488.1204 81.6900 21.6703 0.0460 -0.0156 0.7077 -0.7048
863.0000 -488.1143 82.2901 21.6739 0.0390 -0.0233 0.7079 -0.7049
864.0000 -488.1050 82.9191 21.6479 0.0291 -0.0320 0.7081 -0.7048
865.0000 -488.1167 83.5365 21.5909 0.0218 -0.0382 0.7081 -0.7047
866.0000 -488.0937 84.1673 21.5786 0.0213 -0.0384 0.7075 -0.7054
867.0000 -488.0792 84.8324 21.6178 0.0264 -0.0335 0.7074 -0.7055
868.0000 -488.1066 85.4815 21.6913 0.0316 -0.0290 0.7071 -0.7058
869.0000 -488.0893 86.1451 21.7283 0.0323 -0.0272 0.7069 -0.7060
870.0000 -488.0922 86.7664 21.7211 0.0301 -0.0293 0.7071 -0.7059
871.0000 -488.0817 87.4316 21.7232 0.0275 -0.0313 0.7068 -0.7061
872.0000 -488.0914 88.0824 21.7291 0.0263 -0.0334 0.7069 -0.7060
873.0000 -488.0763 88.7491 21.7492 0.0267 -0.0332 0.7068 -0.7061
874.0000 -488.0820 89.3962 21.7896 0.0277 -0.0315 0.7067 -0.7063
875.0000 -488.0843 90.0783 21.8059 0.0277 -0.0299 0.7067 -0.7064
876.0000 -488.0857 90.7284 21.8087 0.0270 -0.0294 0.7068 -0.7062
877.0000 -488.0687 91.3984 21.8308 0.0259 -0.0298 0.7067 -0.7064
878.0000 -488.0883 92.0587 21.8553 0.0248 -0.0301 0.7067 -0.7064
879.0000 -488.0861 92.7307 21.8756 0.0240 -0.0295 0.7069 -0.7063
880.0000 -488.0741 93.4111 21.8711 0.0235 -0.0285 0.7073 -0.7060
881.0000 -488.0684 94.0730 21.8773 0.0244 -0.0281 0.7078 -0.7055
882.0000 -488.0654 94.7611 21.9150 0.0260 -0.0276 0.7082 -0.7050
883.0000 -488.0480 95.3979 21.9470 0.0273 -0.0271 0.7086 -0.7046
884.0000 -488.0467 96.0566 21.9580 0.0272 -0.0268 0.7091 -0.7041
885.0000 -488.0341 96.7271 21.9498 0.0272 -0.0275 0.7095 -0.7036
886.0000 -488.0177 97.3584 21.9775 0.0276 -0.0283 0.7099 -0.7031
887.0000 -487.9982 98.0375 21.9927 0.0284 -0.0296 0.7103 -0.7027
888.0000 -487.9873 98.6578 22.0350 0.0289 -0.0295 0.7108 -0.7022
889.0000 -487.9939 99.3146 22.0401 0.0289 -0.0292 0.7111 -0.7019
890.0000 -487.9807 99.9918 22.0383 0.0287 -0.0288 0.7113 -0.7017
891.0000 -487.9520 100.6202 22.0463 0.0288 -0.0291 0.7112 -0.7018
892.0000 -487.9445 101.2648 22.0895 0.0289 -0.0291 0.7109 -0.7021
893.0000 -487.9541 101.9037 22.1105 0.0279 -0.0283 0.7109 -0.7022
894.0000 -487.9245 102.5697 22.0989 0.0266 -0.0273 0.7107 -0.7024
895.0000 -487.9185 103.1943 22.1188 0.0259 -0.0262 0.7108 -0.7024
896.0000 -487.9139 103.8216 22.1245 0.0259 -0.0260 0.7108 -0.7024
897.0000 -487.9094 104.4536 22.1495 0.0261 -0.0260 0.7108 -0.7025
898.0000 -487.9074 105.0663 22.1755 0.0262 -0.0262 0.7109 -0.7023
899.0000 -487.9086 105.7179 22.1787 0.0234 -0.0287 0.7110 -0.7022
900.0000 -487.8763 106.3209 22.1917 0.0183 -0.0363 0.7112 -0.7018
901.0000 -487.8615 106.9182 22.2687 0.0157 -0.0426 0.7112 -0.7016
902.0000 -487.8485 107.5152 22.3374 0.0150 -0.0439 0.7113 -0.7014
903.0000 -487.8363 108.1145 22.3843 0.0157 -0.0381 0.7118 -0.7011
904.0000 -487.8173 108.8087 22.2912 0.0217 -0.0261 0.7115 -0.7018
905.0000 -487.8262 109.4715 22.2666 0.0325 -0.0139 0.7114 -0.7019
906.0000 -487.8135 110.0960 22.3072 0.0393 -0.0094 0.7110 -0.7020
907.0000 -487.8150 110.6917 22.3841 0.0366 -0.0147 0.7112 -0.7019
908.0000 -487.7750 111.2745 22.4222 0.0269 -0.0227 0.7111 -0.7022
909.0000 -487.7956 111.8895 22.3986 0.0156 -0.0298 0.7108 -0.7025
910.0000 -487.8052 112.5115 22.3464 0.0096 -0.0328 0.7105 -0.7029
911.0000 -487.7936 113.1587 22.3661 0.0121 -0.0302 0.7103 -0.7031
912.0000 -487.7855 113.8039 22.4111 0.0179 -0.0253 0.7100 -0.7036
913.0000 -487.7568 114.4199 22.4683 0.0221 -0.0230 0.7097 -0.7038
914.0000 -487.7504 115.0408 22.5082 0.0226 -0.0244 0.7096 -0.7038
915.0000 -487.7425 115.6679 22.5123 0.0208 -0.0275 0.7093 -0.7040
916.0000 -487.7393 116.3157 22.5122 0.0193 -0.0302 0.7095 -0.7038
917.0000 -487.7202 116.9569 22.5240 0.0199 -0.0317 0.7092 -0.7040
918.0000 -487.7312 117.5909 22.5438 0.0226 -0.0320 0.7090 -0.7041
919.0000 -487.7290 118.1940 22.5640 0.0261 -0.0322 0.7088 -0.7042
920.0000 -487.6926 118.8438 22.6041 0.0289 -0.0327 0.7086 -0.7042
921.0000 -487.6814 119.4615 22.6361 0.0305 -0.0335 0.7087 -0.7041
922.0000 -487.6887 120.1017 22.6468 0.0306 -0.0346 0.7085 -0.7042
923.0000 -487.6696 120.7527 22.6557 0.0305 -0.0359 0.7084 -0.7042
924.0000 -487.6481 121.4043 22.6754 0.0307 -0.0369 0.7083 -0.7043
925.0000 -487.6410 122.0340 22.6894 0.0312 -0.0373 0.7083 -0.7042
926.0000 -487.6283 122.7054 22.7096 0.0317 -0.0373 0.7081 -0.7044
927.0000 -487.6188 123.3312 22.7356 0.0318 -0.0364 0.7081 -0.7045
928.0000 -487.6239 123.9803 22.7573 0.0312 -0.0357 0.7080 -0.7046
929.0000 -487.6269 124.6247 22.7704 0.0282 -0.0375 0.7084 -0.7043
930.0000 -487.6309 125.2522 22.8080 0.0257 -0.0421 0.7086 -0.7039
931.0000 -487.6118 125.8869 22.8441 0.0257 -0.0428 0.7089 -0.7035
932.0000 -487.6095 126.5725 22.8374 0.0294 -0.0377 0.7092 -0.7034
933.0000 -487.5955 127.2467 22.8192 0.0349 -0.0302 0.7095 -0.7032
934.0000 -487.5615 127.8992 22.8260 0.0417 -0.0236 0.7095 -0.7031
935.0000 -487.5471 128.5661 22.8718 0.0444 -0.0233 0.7096 -0.7028
936.0000 -487.5292 129.1890 22.9017 0.0412 -0.0295 0.7105 -0.7019
937.0000 -487.5238 129.8391 22.8849 0.0366 -0.0361 0.7112 -0.7011
938.0000 -487.5145 130.4833 22.8818 0.0355 -0.0391 0.7120 -0.7002
939.0000 -487.4954 131.1574 22.8818 0.0380 -0.0386 0.7124 -0.6997
940.0000 -487.4590 131.8264 22.8942 0.0413 -0.0370 0.7130 -0.6990
941.0000 -487.4223 132.4679 22.9152 0.0436 -0.0370 0.7134 -0.6984
942.0000 -487.3903 133.1357 22.9257 0.0443 -0.0388 0.7139 -0.6978
943.0000 -487.3725 133.7911 22.9407 0.0439 -0.0411 0.7147 -0.6968
944.0000 -487.3390 134.4648 22.9547 0.0435 -0.0434 0.7153 -0.6961
945.0000 -487.3222 135.1050 22.9656 0.0439 -0.0444 0.7162 -0.6951
946.0000 -487.2919 135.7829 22.9643 0.0450 -0.0450 0.7171 -0.6940
947.0000 -487.2766 136.4405 22.9810 0.0468 -0.0451 0.7182 -0.6928
948.0000 -487.2199 137.0796 23.0129 0.0465 -0.0466 0.7193 -0.6916
949.0000 -487.1820 137.7215 23.0535 0.0436 -0.0485 0.7207 -0.6901
950.0000 -487.1456 138.3599 23.0376 0.0414 -0.0504 0.7225 -0.6883
951.0000 -487.1085 139.0158 23.0448 0.0413 -0.0514 0.7245 -0.6861
952.0000 -487.0567 139.6574 23.0611 0.0434 -0.0496 0.7270 -0.6835
953.0000 -486.9673 140.2843 23.0855 0.0467 -0.0463 0.7299 -0.6804
954.0000 -486.9014 140.9218 23.1069 0.0488 -0.0435 0.7337 -0.6764
955.0000 -486.8156 141.5576 23.1270 0.0483 -0.0422 0.7381 -0.6716
956.0000 -486.7386 142.1824 23.1177 0.0464 -0.0434 0.7432 -0.6661
957.0000 -486.6534 142.7989 23.1311 0.0450 -0.0452 0.7490 -0.6595
958.0000 -486.5433 143.4342 23.1262 0.0442 -0.0466 0.7548 -0.6528
959.0000 -486.4142 144.0397 23.1233 0.0441 -0.0476 0.7609 -0.6457
960.0000 -486.2816 144.6484 23.1450 0.0443 -0.0478 0.7671 -0.6382
961.0000 -486.1315 145.2708 23.1632 0.0441 -0.0471 0.7735 -0.6305
962.0000 -485.9692 145.8571 23.1631 0.0430 -0.0455 0.7801 -0.6225
963.0000 -485.7856 146.4611 23.1453 0.0424 -0.0459 0.7867 -0.6142
964.0000 -485.6107 147.0743 23.1564 0.0416 -0.0468 0.7933 -0.6056
965.0000 -485.3997 147.6563 23.1863 0.0402 -0.0486 0.7999 -0.5969
966.0000 -485.1888 148.2181 23.2417 0.0360 -0.0474 0.8068 -0.5878
967.0000 -484.9761 148.8204 23.1893 0.0306 -0.0464 0.8138 -0.5784
968.0000 -484.7360 149.4014 23.1464 0.0282 -0.0449 0.8202 -0.5696
969.0000 -484.4681 149.9751 23.1500 0.0309 -0.0462 0.8263 -0.5605
970.0000 -484.1825 150.5362 23.2315 0.0348 -0.0460 0.8327 -0.5508
971.0000 -483.8994 151.0911 23.2561 0.0366 -0.0454 0.8392 -0.5407
972.0000 -483.6054 151.6733 23.2405 0.0361 -0.0442 0.8458 -0.5304
973.0000 -483.2811 152.2241 23.2250 0.0356 -0.0432 0.8520 -0.5205
974.0000 -482.9648 152.7560 23.1995 0.0364 -0.0431 0.8579 -0.5107
975.0000 -482.6115 153.2855 23.2026 0.0386 -0.0439 0.8636 -0.5007
976.0000 -482.2588 153.8244 23.2148 0.0409 -0.0449 0.8693 -0.4905
977.0000 -481.8913 154.3384 23.2317 0.0421 -0.0463 0.8752 -0.4797
978.0000 -481.5368 154.8261 23.2655 0.0397 -0.0459 0.8811 -0.4690
979.0000 -481.1493 155.3360 23.2181 0.0351 -0.0451 0.8872 -0.4578
980.0000 -480.7423 155.8233 23.1829 0.0325 -0.0432 0.8932 -0.4465
981.0000 -480.3124 156.3060 23.1601 0.0332 -0.0418 0.8987 -0.4353
982.0000 -479.8885 156.7770 23.1504 0.0361 -0.0411 0.9039 -0.4243
983.0000 -479.4491 157.2422 23.1676 0.0395 -0.0400 0.9092 -0.4126
984.0000 -479.0012 157.6905 23.1669 0.0403 -0.0393 0.9144 -0.4008
985.0000 -478.5351 158.1326 23.1463 0.0387 -0.0394 0.9196 -0.3889
986.0000 -478.0690 158.5439 23.1153 0.0374 -0.0396 0.9247 -0.3768
987.0000 -477.5635 158.9510 23.1071 0.0368 -0.0395 0.9295 -0.3649
988.0000 -477.0598 159.3667 23.0823 0.0368 -0.0393 0.9341 -0.3530
989.0000 -476.5480 159.7487 23.0687 0.0375 -0.0389 0.9385 -0.3409
990.0000 -476.0238 160.1201 23.0542 0.0379 -0.0388 0.9428 -0.3290
991.0000 -475.4844 160.4769 23.0517 0.0384 -0.0381 0.9469 -0.3169
992.0000 -474.9392 160.8414 23.0179 0.0387 -0.0367 0.9509 -0.3048
993.0000 -474.3999 161.2074 22.9829 0.0390 -0.0351 0.9547 -0.2928
994.0000 -473.8227 161.5387 22.9354 0.0393 -0.0346 0.9583 -0.2810
995.0000 -473.2497 161.8431 22.9300 0.0400 -0.0347 0.9616 -0.2694
996.0000 -472.6701 162.1492 22.9219 0.0404 -0.0345 0.9648 -0.2576
997.0000 -472.0803 162.4417 22.8855 0.0404 -0.0336 0.9679 -0.2457
998.0000 -471.4585 162.7376 22.8268 0.0407 -0.0327 0.9708 -0.2339
999.0000 -470.8316 163.0030 22.7791 0.0422 -0.0330 0.9734 -0.2229
1000.0000 -470.2192 163.2520 22.7624 0.0445 -0.0338 0.9756 -0.2125
1001.0000 -469.5938 163.5000 22.7486 0.0463 -0.0345 0.9776 -0.2023
1002.0000 -468.9316 163.7356 22.7117 0.0472 -0.0347 0.9796 -0.1924
1003.0000 -468.2981 163.9446 22.6735 0.0471 -0.0342 0.9814 -0.1830
1004.0000 -467.6661 164.1720 22.6088 0.0460 -0.0346 0.9830 -0.1741
1005.0000 -467.0142 164.3704 22.5724 0.0453 -0.0341 0.9846 -0.1656
1006.0000 -466.3488 164.5628 22.5079 0.0447 -0.0350 0.9857 -0.1586
1007.0000 -465.6940 164.7688 22.4782 0.0455 -0.0358 0.9866 -0.1524
1008.0000 -465.0372 164.9565 22.4507 0.0467 -0.0368 0.9873 -0.1474
1009.0000 -464.3784 165.1377 22.4377 0.0470 -0.0368 0.9880 -0.1428
1010.0000 -463.7367 165.3135 22.3912 0.0463 -0.0353 0.9886 -0.1389
1011.0000 -463.0567 165.4761 22.3245 0.0450 -0.0338 0.9892 -0.1355
1012.0000 -462.3872 165.6814 22.2630 0.0441 -0.0334 0.9896 -0.1327
1013.0000 -461.7132 165.8412 22.2354 0.0440 -0.0330 0.9899 -0.1309
1014.0000 -461.0453 166.0287 22.2110 0.0444 -0.0323 0.9901 -0.1293
1015.0000 -460.3618 166.2071 22.1955 0.0440 -0.0303 0.9903 -0.1286
1016.0000 -459.6968 166.3836 22.1495 0.0422 -0.0266 0.9905 -0.1283
1017.0000 -459.0110 166.5967 22.0707 0.0379 -0.0255 0.9908 -0.1274
1018.0000 -458.3233 166.7619 22.0689 0.0311 -0.0274 0.9911 -0.1265
1019.0000 -457.6339 166.9276 22.0654 0.0281 -0.0293 0.9912 -0.1259
1020.0000 -456.9408 167.0882 22.0381 0.0324 -0.0278 0.9912 -0.1252
1021.0000 -456.1737 167.2999 21.9477 0.0449 -0.0231 0.9909 -0.1250
1022.0000 -455.4547 167.5030 21.8694 0.0575 -0.0204 0.9903 -0.1248
1023.0000 -454.7119 167.7148 21.8325 0.0582 -0.0187 0.9903 -0.1245
1024.0000 -453.9995 167.8979 21.7855 0.0464 -0.0208 0.9909 -0.1245
1025.0000 -453.2961 168.0531 21.7812 0.0346 -0.0225 0.9913 -0.1246
1026.0000 -452.5548 168.2018 21.7346 0.0310 -0.0233 0.9914 -0.1250
1027.0000 -451.8095 168.4189 21.7160 0.0365 -0.0218 0.9912 -0.1250
1028.0000 -451.0331 168.6463 21.6483 0.0415 -0.0210 0.9911 -0.1248
1029.0000 -450.2567 168.8541 21.5992 0.0430 -0.0208 0.9910 -0.1248
1030.0000 -449.4795 169.0356 21.5499 0.0413 -0.0219 0.9911 -0.1249
1031.0000 -448.7090 169.2217 21.5225 0.0384 -0.0227 0.9912 -0.1249
1032.0000 -447.9352 169.4171 21.4735 0.0368 -0.0236 0.9912 -0.1250
1033.0000 -447.1430 169.6239 21.4512 0.0368 -0.0239 0.9912 -0.1249
1034.0000 -446.3240 169.8248 21.3999 0.0381 -0.0238 0.9911 -0.1250
1035.0000 -445.5273 170.0255 21.3566 0.0396 -0.0232 0.9911 -0.1251
1036.0000 -444.7212 170.2340 21.3161 0.0402 -0.0231 0.9910 -0.1256
1037.0000 -443.9030 170.4445 21.2546 0.0402 -0.0229 0.9909 -0.1263
1038.0000 -443.0977 170.6682 21.2145 0.0400 -0.0228 0.9908 -0.1270
1039.0000 -442.2832 170.8926 21.1864 0.0393 -0.0232 0.9908 -0.1276
1040.0000 -441.4470 171.0987 21.1521 0.0383 -0.0223 0.9908 -0.1281
1041.0000 -440.6125 171.3325 21.0999 0.0370 -0.0223 0.9908 -0.1286
1042.0000 -439.7765 171.5594 21.0605 0.0368 -0.0224 0.9907 -0.1290
1043.0000 -438.9214 171.7897 21.0124 0.0366 -0.0228 0.9906 -0.1297
1044.0000 -438.0734 172.0115 20.9764 0.0373 -0.0229 0.9905 -0.1304
1045.0000 -437.2083 172.2448 20.9295 0.0379 -0.0224 0.9904 -0.1308
1046.0000 -436.3538 172.4796 20.8763 0.0382 -0.0221 0.9903 -0.1315
1047.0000 -435.4890 172.7167 20.8393 0.0390 -0.0215 0.9902 -0.1320
1048.0000 -434.6150 172.9502 20.7770 0.0393 -0.0217 0.9902 -0.1324
1049.0000 -433.7273 173.1924 20.7377 0.0399 -0.0219 0.9901 -0.1328
1050.0000 -432.8376 173.4541 20.6889 0.0407 -0.0233 0.9900 -0.1331
1051.0000 -431.9529 173.6855 20.6433 0.0415 -0.0241 0.9899 -0.1333
1052.0000 -431.0581 173.9317 20.5964 0.0413 -0.0243 0.9899 -0.1336
1053.0000 -430.1602 174.1850 20.5460 0.0407 -0.0247 0.9898 -0.1340
1054.0000 -429.2671 174.4247 20.4962 0.0399 -0.0246 0.9898 -0.1347
1055.0000 -428.3466 174.6914 20.4422 0.0393 -0.0243 0.9898 -0.1350
1056.0000 -427.4319 174.9468 20.4023 0.0394 -0.0234 0.9897 -0.1353
1057.0000 -426.5005 175.2159 20.3470 0.0393 -0.0230 0.9897 -0.1357
1058.0000 -425.5715 175.4744 20.2895 0.0392 -0.0228 0.9897 -0.1359
1059.0000 -424.6416 175.7442 20.2359 0.0394 -0.0231 0.9896 -0.1363
1060.0000 -423.6993 176.0002 20.1908 0.0396 -0.0238 0.9895 -0.1366
1061.0000 -422.7457 176.2536 20.1441 0.0402 -0.0241 0.9895 -0.1371
1062.0000 -421.8098 176.5348 20.0960 0.0403 -0.0241 0.9894 -0.1373
1063.0000 -420.8643 176.8048 20.0393 0.0407 -0.0239 0.9893 -0.1378
1064.0000 -419.9176 177.0754 19.9864 0.0403 -0.0237 0.9893 -0.1381
1065.0000 -418.9678 177.3496 19.9445 0.0401 -0.0238 0.9892 -0.1388
1066.0000 -418.0172 177.6268 19.8985 0.0399 -0.0238 0.9892 -0.1393
1067.0000 -417.0668 177.8997 19.8298 0.0403 -0.0241 0.9891 -0.1399
1068.0000 -416.1065 178.1763 19.7950 0.0410 -0.0253 0.9889 -0.1406
1069.0000 -415.1607 178.4442 19.7464 0.0416 -0.0262 0.9887 -0.1414
1070.0000 -414.2036 178.7257 19.6978 0.0418 -0.0260 0.9886 -0.1420
1071.0000 -413.2521 179.0078 19.6428 0.0422 -0.0258 0.9885 -0.1428
1072.0000 -412.3136 179.2896 19.5969 0.0417 -0.0260 0.9884 -0.1435
1073.0000 -411.3637 179.5747 19.5560 0.0395 -0.0266 0.9884 -0.1445
1074.0000 -410.4285 179.8610 19.5174 0.0376 -0.0268 0.9883 -0.1457
1075.0000 -409.4953 180.1425 19.4697 0.0373 -0.0279 0.9880 -0.1472
1076.0000 -408.5442 180.4261 19.4269 0.0379 -0.0290 0.9878 -0.1485
1077.0000 -407.6033 180.7175 19.3881 0.0388 -0.0302 0.9875 -0.1498
1078.0000 -406.6686 180.9944 19.3434 0.0387 -0.0311 0.9873 -0.1510
1079.0000 -405.7391 181.3028 19.3068 0.0380 -0.0320 0.9871 -0.1524
1080.0000 -404.8235 181.5954 19.2794 0.0368 -0.0324 0.9869 -0.1539
1081.0000 -403.8982 181.8919 19.2507 0.0356 -0.0328 0.9867 -0.1552
1082.0000 -402.9752 182.1993 19.2149 0.0357 -0.0322 0.9865 -0.1567
1083.0000 -402.0593 182.4998 19.1741 0.0368 -0.0312 0.9862 -0.1584
1084.0000 -401.1406 182.8060 19.1239 0.0382 -0.0303 0.9858 -0.1605
1085.0000 -400.2216 183.1136 19.0832 0.0393 -0.0295 0.9855 -0.1625
1086.0000 -399.3179 183.4401 19.0537 0.0389 -0.0282 0.9852 -0.1646
1087.0000 -398.4400 183.7639 19.0076 0.0380 -0.0280 0.9849 -0.1666
1088.0000 -397.5444 184.0816 18.9881 0.0374 -0.0279 0.9845 -0.1694
1089.0000 -396.6643 184.4022 18.9429 0.0374 -0.0278 0.9840 -0.1719
1090.0000 -395.7931 184.7226 18.9182 0.0379 -0.0270 0.9836 -0.1742
1091.0000 -394.9316 185.0594 18.8757 0.0382 -0.0266 0.9832 -0.1766
1092.0000 -394.0775 185.3868 18.8456 0.0385 -0.0271 0.9827 -0.1790
1093.0000 -393.2386 185.6998 18.8225 0.0386 -0.0269 0.9823 -0.1813
1094.0000 -392.4045 186.0365 18.7750 0.0382 -0.0271 0.9818 -0.1838
1095.0000 -391.5786 186.3584 18.7538 0.0378 -0.0270 0.9813 -0.1865
1096.0000 -390.7655 186.6871 18.7198 0.0372 -0.0267 0.9808 -0.1893
1097.0000 -389.9633 187.0304 18.6889 0.0371 -0.0271 0.9804 -0.1917
1098.0000 -389.1637 187.3526 18.6545 0.0373 -0.0266 0.9799 -0.1943
1099.0000 -388.3770 187.6871 18.6304 0.0381 -0.0268 0.9794 -0.1965
1100.0000 -387.5962 188.0328 18.5947 0.0390 -0.0260 0.9789 -0.1988
1101.0000 -386.8259 188.3691 18.5439 0.0392 -0.0267 0.9784 -0.2010
1102.0000 -386.0832 188.6886 18.5369 0.0378 -0.0262 0.9781 -0.2032
1103.0000 -385.3459 189.0204 18.5006 0.0361 -0.0260 0.9777 -0.2054
1104.0000 -384.6256 189.3494 18.4874 0.0356 -0.0265 0.9772 -0.2075
1105.0000 -383.8960 189.6782 18.4619 0.0370 -0.0264 0.9767 -0.2099
1106.0000 -383.2058 190.0020 18.4435 0.0390 -0.0255 0.9762 -0.2117
1107.0000 -382.5026 190.3215 18.3860 0.0394 -0.0250 0.9758 -0.2137
1108.0000 -381.8386 190.6365 18.3777 0.0392 -0.0250 0.9754 -0.2153
1109.0000 -381.1705 190.9478 18.3582 0.0383 -0.0256 0.9751 -0.2169
1110.0000 -380.5315 191.2589 18.3381 0.0370 -0.0262 0.9748 -0.2184
1111.0000 -379.8885 191.5684 18.3093 0.0351 -0.0272 0.9745 -0.2201
1112.0000 -379.2536 191.8738 18.3058 0.0334 -0.0282 0.9741 -0.2220
1113.0000 -378.6208 192.1821 18.2858 0.0326 -0.0283 0.9736 -0.2240
1114.0000 -377.9875 192.5062 18.2674 0.0329 -0.0280 0.9732 -0.2260
1115.0000 -377.3648 192.8303 18.2430 0.0335 -0.0271 0.9727 -0.2279
1116.0000 -376.7335 193.1468 18.2112 0.0339 -0.0270 0.9721 -0.2304
1117.0000 -376.1231 193.4501 18.2020 0.0343 -0.0268 0.9716 -0.2328
1118.0000 -375.4884 193.7779 18.1761 0.0340 -0.0270 0.9710 -0.2350
1119.0000 -374.8929 194.1015 18.1680 0.0335 -0.0271 0.9705 -0.2371
1120.0000 -374.2705 194.4285 18.1501 0.0327 -0.0264 0.9700 -0.2395
1121.0000 -373.6740 194.7602 18.1311 0.0314 -0.0254 0.9695 -0.2419
1122.0000 -373.0685 195.0944 18.1036 0.0307 -0.0254 0.9689 -0.2444
1123.0000 -372.4572 195.4255 18.0908 0.0310 -0.0255 0.9682 -0.2468
1124.0000 -371.8484 195.7707 18.0719 0.0317 -0.0257 0.9677 -0.2489
1125.0000 -371.2388 196.1159 18.0570 0.0325 -0.0254 0.9671 -0.2512
1126.0000 -370.6292 196.4640 18.0408 0.0327 -0.0248 0.9665 -0.2535
1127.0000 -370.0314 196.8240 18.0090 0.0323 -0.0249 0.9659 -0.2558
1128.0000 -369.4245 197.1672 17.9859 0.0322 -0.0264 0.9652 -0.2582
1129.0000 -368.8107 197.5315 17.9821 0.0327 -0.0281 0.9645 -0.2605
1130.0000 -368.2111 197.8797 17.9763 0.0333 -0.0288 0.9639 -0.2626
1131.0000 -367.6105 198.2456 17.9552 0.0328 -0.0289 0.9633 -0.2647
1132.0000 -367.0068 198.6115 17.9394 0.0316 -0.0290 0.9628 -0.2667
1133.0000 -366.3855 198.9828 17.9136 0.0301 -0.0305 0.9623 -0.2686
1134.0000 -365.7970 199.3392 17.9053 0.0293 -0.0317 0.9618 -0.2703
1135.0000 -365.1844 199.7110 17.8884 0.0294 -0.0325 0.9613 -0.2722
1136.0000 -364.5704 200.0939 17.8805 0.0299 -0.0322 0.9608 -0.2736
1137.0000 -363.9559 200.4783 17.8589 0.0304 -0.0321 0.9605 -0.2749
1138.0000 -363.3388 200.8743 17.8484 0.0304 -0.0322 0.9600 -0.2764
1139.0000 -362.7289 201.2562 17.8421 0.0302 -0.0326 0.9596 -0.2777
1140.0000 -362.1209 201.6510 17.8361 0.0300 -0.0330 0.9592 -0.2791
1141.0000 -361.4953 202.0415 17.8258 0.0294 -0.0329 0.9588 -0.2805
1142.0000 -360.8614 202.4616 17.8171 0.0291 -0.0328 0.9585 -0.2816
1143.0000 -360.2564 202.8591 17.8033 0.0288 -0.0325 0.9580 -0.2834
1144.0000 -359.6162 203.2789 17.7867 0.0283 -0.0325 0.9577 -0.2845
1145.0000 -358.9714 203.7017 17.7874 0.0284 -0.0323 0.9574 -0.2856
1146.0000 -358.3543 204.1136 17.7860 0.0281 -0.0315 0.9570 -0.2870
1147.0000 -357.7228 204.5447 17.7687 0.0280 -0.0311 0.9565 -0.2887
1148.0000 -357.0723 204.9702 17.7503 0.0278 -0.0303 0.9560 -0.2903
1149.0000 -356.4348 205.4159 17.7424 0.0285 -0.0299 0.9554 -0.2923
1150.0000 -355.8020 205.8385 17.7413 0.0290 -0.0285 0.9549 -0.2940
1151.0000 -355.1556 206.3040 17.7214 0.0292 -0.0272 0.9545 -0.2956
1152.0000 -354.5038 206.7508 17.6952 0.0290 -0.0258 0.9540 -0.2973
1153.0000 -353.8746 207.2133 17.6960 0.0295 -0.0254 0.9535 -0.2990
1154.0000 -353.2358 207.6734 17.6847 0.0298 -0.0250 0.9529 -0.3009
1155.0000 -352.5832 208.1442 17.6749 0.0297 -0.0241 0.9524 -0.3025
1156.0000 -351.9301 208.6058 17.6535 0.0289 -0.0233 0.9519 -0.3040
1157.0000 -351.2971 209.0666 17.6417 0.0285 -0.0228 0.9514 -0.3059
1158.0000 -350.6412 209.5463 17.6269 0.0283 -0.0227 0.9508 -0.3077
1159.0000 -349.9839 210.0304 17.6099 0.0286 -0.0224 0.9503 -0.3093
1160.0000 -349.3445 210.5007 17.6053 0.0294 -0.0223 0.9497 -0.3110
1161.0000 -348.7132 210.9893 17.5959 0.0297 -0.0224 0.9490 -0.3130
1162.0000 -348.0396 211.4808 17.5749 0.0293 -0.0228 0.9486 -0.3144
1163.0000 -347.3919 211.9701 17.5591 0.0286 -0.0232 0.9480 -0.3162
1164.0000 -346.7532 212.4621 17.5474 0.0278 -0.0237 0.9474 -0.3179
1165.0000 -346.1182 212.9417 17.5356 0.0271 -0.0244 0.9468 -0.3198
1166.0000 -345.4729 213.4380 17.5281 0.0269 -0.0244 0.9463 -0.3213
1167.0000 -344.8277 213.9393 17.5209 0.0271 -0.0244 0.9457 -0.3231
1168.0000 -344.2024 214.4344 17.5166 0.0279 -0.0234 0.9451 -0.3248
1169.0000 -343.5578 214.9391 17.4784 0.0281 -0.0245 0.9445 -0.3264
1170.0000 -342.9271 215.4568 17.5039 0.0290 -0.0249 0.9438 -0.3284
1171.0000 -342.3082 215.9603 17.5021 0.0296 -0.0235 0.9432 -0.3301
1172.0000 -341.6563 216.4618 17.4419 0.0298 -0.0215 0.9426 -0.3319
1173.0000 -341.0262 216.9797 17.4178 0.0314 -0.0219 0.9420 -0.3335
1174.0000 -340.3856 217.4898 17.4231 0.0320 -0.0232 0.9414 -0.3351
1175.0000 -339.7995 217.9954 17.4206 0.0313 -0.0245 0.9408 -0.3367
1176.0000 -339.1593 218.4995 17.4178 0.0301 -0.0238 0.9402 -0.3384
1177.0000 -338.5457 219.0254 17.3397 0.0302 -0.0247 0.9396 -0.3402
1178.0000 -337.9326 219.5461 17.3599 0.0335 -0.0260 0.9388 -0.3419
1179.0000 -337.3156 220.0603 17.3670 0.0352 -0.0278 0.9381 -0.3436
1180.0000 -336.6902 220.5781 17.3653 0.0350 -0.0279 0.9375 -0.3450
1181.0000 -336.0799 221.0991 17.3381 0.0324 -0.0278 0.9370 -0.3468
1182.0000 -335.4803 221.6426 17.3070 0.0300 -0.0273 0.9364 -0.3485
1183.0000 -334.8668 222.1694 17.2953 0.0288 -0.0265 0.9358 -0.3504
1184.0000 -334.2894 222.7196 17.2848 0.0280 -0.0249 0.9351 -0.3523
1185.0000 -333.6841 223.2580 17.2589 0.0279 -0.0242 0.9345 -0.3540
1186.0000 -333.0815 223.7980 17.2533 0.0289 -0.0238 0.9338 -0.3558
1187.0000 -332.4948 224.3134 17.2610 0.0301 -0.0241 0.9330 -0.3578
1188.0000 -331.9168 224.8483 17.2702 0.0303 -0.0242 0.9323 -0.3596
1189.0000 -331.3335 225.4075 17.2533 0.0294 -0.0243 0.9317 -0.3613
1190.0000 -330.7524 225.9387 17.2349 0.0286 -0.0240 0.9310 -0.3632
1191.0000 -330.1827 226.4692 17.2198 0.0282 -0.0231 0.9302 -0.3653
1192.0000 -329.6316 227.0148 17.2138 0.0286 -0.0220 0.9296 -0.3667
1193.0000 -329.0726 227.5262 17.2090 0.0293 -0.0209 0.9289 -0.3685
1194.0000 -328.5379 228.0447 17.2115 0.0302 -0.0201 0.9283 -0.3701
1195.0000 -328.0112 228.5456 17.2011 0.0310 -0.0191 0.9279 -0.3711
1196.0000 -327.4952 229.0385 17.1901 0.0315 -0.0182 0.9274 -0.3723
1197.0000 -327.0052 229.5267 17.1720 0.0324 -0.0186 0.9270 -0.3733
1198.0000 -326.4879 230.0039 17.1766 0.0328 -0.0194 0.9265 -0.3743
1199.0000 -326.0088 230.4558 17.1760 0.0322 -0.0199 0.9261 -0.3754
1200.0000 -325.5530 230.9348 17.1461 0.0317 -0.0206 0.9257 -0.3764
1201.0000 -325.0714 231.4115 17.1268 0.0317 -0.0209 0.9253 -0.3772
1202.0000 -324.6054 231.8795 17.1111 0.0327 -0.0211 0.9249 -0.3782
1203.0000 -324.1472 232.3230 17.1121 0.0338 -0.0213 0.9242 -0.3797
1204.0000 -323.7009 232.7714 17.1191 0.0336 -0.0212 0.9236 -0.3813
1205.0000 -323.2520 233.2133 17.0984 0.0318 -0.0214 0.9230 -0.3829
1206.0000 -322.8251 233.6617 17.0785 0.0300 -0.0228 0.9222 -0.3848
1207.0000 -322.3955 234.1239 17.0707 0.0295 -0.0242 0.9214 -0.3866
1208.0000 -321.9346 234.5640 17.0810 0.0301 -0.0247 0.9207 -0.3884
1209.0000 -321.5020 235.0216 17.0806 0.0312 -0.0236 0.9199 -0.3901
1210.0000 -321.0658 235.4848 17.0971 0.0290 -0.0197 0.9193 -0.3920
1211.0000 -320.6718 235.9413 17.0620 0.0216 -0.0183 0.9186 -0.3941
1212.0000 -320.2759 236.4062 17.0264 0.0139 -0.0221 0.9178 -0.3961
1213.0000 -319.8542 236.8326 17.0587 0.0116 -0.0263 0.9168 -0.3984
1214.0000 -319.4478 237.2936 17.1077 0.0143 -0.0272 0.9157 -0.4007
1215.0000 -319.0197 237.7782 17.1271 0.0232 -0.0193 0.9148 -0.4027
1216.0000 -318.5773 238.2789 16.9960 0.0359 -0.0098 0.9138 -0.4045
1217.0000 -318.1557 238.7592 16.9579 0.0487 -0.0042 0.9123 -0.4067
1218.0000 -317.7399 239.2159 16.9669 0.0560 -0.0056 0.9109 -0.4088
1219.0000 -317.3161 239.6694 16.9774 0.0534 -0.0113 0.9101 -0.4107
1220.0000 -316.9019 240.1194 16.9965 0.0437 -0.0166 0.9098 -0.4123
1221.0000 -316.5090 240.6104 16.9386 0.0324 -0.0214 0.9093 -0.4142
1222.0000 -316.1001 241.0839 16.8874 0.0260 -0.0250 0.9084 -0.4164
1223.0000 -315.6758 241.5803 16.8650 0.0259 -0.0275 0.9074 -0.4185
1224.0000 -315.2471 242.0671 16.8916 0.0296 -0.0277 0.9063 -0.4207
1225.0000 -314.8285 242.5712 16.8856 0.0333 -0.0275 0.9054 -0.4223
1226.0000 -314.4194 243.0803 16.8894 0.0341 -0.0273 0.9046 -0.4241
1227.0000 -313.9997 243.6025 16.8636 0.0327 -0.0284 0.9036 -0.4263
1228.0000 -313.5803 244.0912 16.8612 0.0318 -0.0292 0.9026 -0.4283
1229.0000 -313.1575 244.6342 16.8519 0.0314 -0.0300 0.9016 -0.4304
1230.0000 -312.7545 245.1529 16.8453 0.0317 -0.0297 0.9006 -0.4324
1231.0000 -312.3431 245.6792 16.8331 0.0320 -0.0292 0.8996 -0.4346
1232.0000 -311.9267 246.2158 16.8367 0.0310 -0.0287 0.8989 -0.4362
1233.0000 -311.5153 246.7528 16.8434 0.0280 -0.0285 0.8981 -0.4379
1234.0000 -311.0823 247.2788 16.8405 0.0240 -0.0280 0.8975 -0.4395
1235.0000 -310.7133 247.8622 16.8330 0.0215 -0.0275 0.8968 -0.4410
1236.0000 -310.2898 248.3970 16.8420 0.0206 -0.0266 0.8962 -0.4424
1237.0000 -309.8550 248.9635 16.8545 0.0209 -0.0245 0.8955 -0.4439
1238.0000 -309.4387 249.5328 16.8511 0.0220 -0.0221 0.8950 -0.4450
1239.0000 -309.0176 250.1055 16.8451 0.0226 -0.0198 0.8944 -0.4462
1240.0000 -308.5895 250.6800 16.8267 0.0224 -0.0191 0.8939 -0.4473
1241.0000 -308.1588 251.2522 16.8250 0.0218 -0.0194 0.8933 -0.4485
1242.0000 -307.7355 251.8406 16.8444 0.0216 -0.0200 0.8927 -0.4496
1243.0000 -307.3115 252.4214 16.8443 0.0211 -0.0206 0.8922 -0.4506
1244.0000 -306.8847 253.0062 16.8492 0.0209 -0.0210 0.8918 -0.4514
1245.0000 -306.4356 253.6094 16.8489 0.0206 -0.0208 0.8913 -0.4524
1246.0000 -305.9895 254.2124 16.8408 0.0204 -0.0206 0.8909 -0.4532
1247.0000 -305.5550 254.8317 16.8295 0.0202 -0.0210 0.8907 -0.4537
1248.0000 -305.1083 255.4619 16.8391 0.0216 -0.0219 0.8903 -0.4543
1249.0000 -304.6502 256.0658 16.8623 0.0237 -0.0221 0.8900 -0.4549
1250.0000 -304.2010 256.7027 16.8523 0.0247 -0.0214 0.8898 -0.4551
1251.0000 -303.7359 257.3398 16.8384 0.0260 -0.0211 0.8896 -0.4556
1252.0000 -303.2933 257.9841 16.8390 0.0266 -0.0217 0.8893 -0.4561
1253.0000 -302.8339 258.6130 16.8395 0.0265 -0.0226 0.8889 -0.4568
1254.0000 -302.3632 259.2680 16.8330 0.0265 -0.0233 0.8884 -0.4576
1255.0000 -301.9042 259.9088 16.8451 0.0262 -0.0226 0.8881 -0.4583
1256.0000 -301.4509 260.5779 16.8236 0.0259 -0.0218 0.8878 -0.4590
1257.0000 -300.9835 261.2362 16.8323 0.0261 -0.0199 0.8874 -0.4598
1258.0000 -300.5123 261.9093 16.7764 0.0272 -0.0188 0.8871 -0.4604
1259.0000 -300.0259 262.6124 16.8094 0.0278 -0.0180 0.8868 -0.4609
1260.0000 -299.5617 263.2773 16.8040 0.0263 -0.0179 0.8866 -0.4614
1261.0000 -299.0859 263.9697 16.7792 0.0240 -0.0183 0.8864 -0.4620
1262.0000 -298.6072 264.6617 16.7626 0.0234 -0.0187 0.8860 -0.4627
1263.0000 -298.1119 265.3767 16.7540 0.0251 -0.0183 0.8858 -0.4631
1264.0000 -297.6127 266.0782 16.7568 0.0269 -0.0182 0.8855 -0.4635
1265.0000 -297.1235 266.8038 16.7499 0.0282 -0.0187 0.8851 -0.4641
1266.0000 -296.6203 267.5095 16.7497 0.0281 -0.0197 0.8847 -0.4649
1267.0000 -296.1368 268.2312 16.7362 0.0276 -0.0219 0.8842 -0.4658
1268.0000 -295.6151 268.9569 16.7400 0.0266 -0.0248 0.8837 -0.4666
1269.0000 -295.1058 269.7001 16.7318 0.0257 -0.0264 0.8832 -0.4676
1270.0000 -294.6007 270.4361 16.7363 0.0258 -0.0274 0.8824 -0.4690
1271.0000 -294.1084 271.1894 16.7334 0.0271 -0.0275 0.8816 -0.4704
1272.0000 -293.5845 271.9610 16.7247 0.0293 -0.0282 0.8806 -0.4721
1273.0000 -293.0867 272.7175 16.7566 0.0300 -0.0286 0.8796 -0.4740
1274.0000 -292.5847 273.5007 16.7441 0.0290 -0.0294 0.8785 -0.4760
1275.0000 -292.0953 274.2809 16.7312 0.0277 -0.0298 0.8774 -0.4780
1276.0000 -291.5734 275.0897 16.7194 0.0271 -0.0299 0.8763 -0.4800
1277.0000 -291.0633 275.9046 16.7160 0.0280 -0.0290 0.8753 -0.4819
1278.0000 -290.5498 276.7049 16.7244 0.0293 -0.0265 0.8742 -0.4839
1279.0000 -290.0554 277.5380 16.7241 0.0302 -0.0248 0.8732 -0.4858
1280.0000 -289.5394 278.3527 16.7149 0.0298 -0.0229 0.8723 -0.4876
1281.0000 -289.0430 279.2013 16.7026 0.0279 -0.0223 0.8714 -0.4893
1282.0000 -288.5382 280.0664 16.7088 0.0257 -0.0215 0.8704 -0.4913
1283.0000 -288.0383 280.9134 16.7153 0.0231 -0.0206 0.8694 -0.4932
1284.0000 -287.5294 281.7779 16.6951 0.0202 -0.0194 0.8684 -0.4951
1285.0000 -287.0311 282.6480 16.7053 0.0186 -0.0187 0.8673 -0.4971
1286.0000 -286.5254 283.5238 16.7088 0.0179 -0.0185 0.8659 -0.4996
1287.0000 -286.0347 284.4108 16.7144 0.0184 -0.0186 0.8644 -0.5022
1288.0000 -285.5482 285.3045 16.7462 0.0199 -0.0181 0.8631 -0.5044
1289.0000 -285.0280 286.2085 16.7559 0.0208 -0.0178 0.8619 -0.5063
1290.0000 -284.5243 287.1105 16.7532 0.0207 -0.0179 0.8608 -0.5082
1291.0000 -284.0377 288.0248 16.7488 0.0207 -0.0185 0.8598 -0.5098
1292.0000 -283.5468 288.9563 16.7537 0.0211 -0.0190 0.8588 -0.5115
1293.0000 -283.0353 289.8670 16.7624 0.0224 -0.0192 0.8577 -0.5133
1294.0000 -282.5653 290.7912 16.7564 0.0239 -0.0200 0.8566 -0.5150
1295.0000 -282.0485 291.7223 16.7590 0.0256 -0.0215 0.8555 -0.5167
1296.0000 -281.5675 292.6657 16.7696 0.0274 -0.0237 0.8541 -0.5188
1297.0000 -281.0896 293.5866 16.7871 0.0286 -0.0258 0.8527 -0.5211
1298.0000 -280.5878 294.5382 16.7802 0.0292 -0.0271 0.8509 -0.5237
1299.0000 -280.1168 295.4925 16.8100 0.0289 -0.0273 0.8493 -0.5264
1300.0000 -279.6580 296.4392 16.8103 0.0264 -0.0263 0.8478 -0.5291
1301.0000 -279.2068 297.4084 16.8054 0.0226 -0.0251 0.8461 -0.5320
1302.0000 -278.7583 298.3760 16.7827 0.0213 -0.0236 0.8444 -0.5348
1303.0000 -278.3228 299.3336 16.8190 0.0213 -0.0215 0.8428 -0.5374
1304.0000 -277.8788 300.2962 16.8524 0.0205 -0.0205 0.8410 -0.5402
1305.0000 -277.4598 301.2610 16.8402 0.0188 -0.0216 0.8394 -0.5427
1306.0000 -277.0240 302.2281 16.8807 0.0180 -0.0229 0.8378 -0.5452
1307.0000 -276.6149 303.1893 16.9108 0.0181 -0.0239 0.8361 -0.5477
1308.0000 -276.2127 304.1700 16.9141 0.0194 -0.0238 0.8345 -0.5502
1309.0000 -275.7776 305.1393 16.8798 0.0229 -0.0243 0.8330 -0.5523
1310.0000 -275.3529 306.1001 16.9855 0.0269 -0.0246 0.8315 -0.5544
1311.0000 -274.9729 307.0686 17.0129 0.0255 -0.0236 0.8303 -0.5562
1312.0000 -274.5846 308.0565 16.9728 0.0219 -0.0248 0.8290 -0.5583
1313.0000 -274.2097 309.0160 16.9778 0.0206 -0.0252 0.8275 -0.5606
1314.0000 -273.8171 309.9899 16.9826 0.0222 -0.0247 0.8258 -0.5630
1315.0000 -273.4447 310.9617 17.0334 0.0257 -0.0221 0.8239 -0.5657
1316.0000 -273.0571 311.9507 17.0433 0.0266 -0.0187 0.8220 -0.5686
1317.0000 -272.7193 312.9124 17.0511 0.0240 -0.0184 0.8205 -0.5709
1318.0000 -272.3698 313.8732 17.0691 0.0187 -0.0227 0.8189 -0.5732
1319.0000 -272.0401 314.8359 17.0704 0.0139 -0.0271 0.8174 -0.5753
1320.0000 -271.6899 315.8143 17.0795 0.0131 -0.0288 0.8158 -0.5775
1321.0000 -271.3539 316.7845 17.1187 0.0162 -0.0272 0.8142 -0.5797
1322.0000 -271.0178 317.7679 17.1802 0.0194 -0.0255 0.8127 -0.5819
1323.0000 -270.6844 318.7514 17.2109 0.0202 -0.0254 0.8111 -0.5840
1324.0000 -270.3671 319.7273 17.2204 0.0194 -0.0270 0.8099 -0.5857
1325.0000 -270.0361 320.7045 17.2435 0.0183 -0.0293 0.8085 -0.5875
1326.0000 -269.7189 321.6850 17.2809 0.0177 -0.0307 0.8071 -0.5893
1327.0000 -269.4138 322.6770 17.3096 0.0172 -0.0315 0.8056 -0.5914
1328.0000 -269.1201 323.6479 17.3414 0.0172 -0.0314 0.8039 -0.5937
1329.0000 -268.8178 324.6227 17.3763 0.0180 -0.0308 0.8021 -0.5961
1330.0000 -268.5142 325.6220 17.4168 0.0190 -0.0296 0.8001 -0.5989
1331.0000 -268.2345 326.5987 17.4439 0.0198 -0.0293 0.7984 -0.6011
1332.0000 -267.9693 327.5937 17.5032 0.0186 -0.0293 0.7969 -0.6032
1333.0000 -267.7036 328.5851 17.5103 0.0148 -0.0306 0.7954 -0.6052
1334.0000 -267.4145 329.6112 17.5113 0.0126 -0.0323 0.7935 -0.6076
1335.0000 -267.1512 330.6066 17.5617 0.0140 -0.0323 0.7914 -0.6103
1336.0000 -266.8920 331.6042 17.5594 0.0182 -0.0319 0.7895 -0.6127
1337.0000 -266.6315 332.6060 17.7091 0.0238 -0.0305 0.7872 -0.6155
1338.0000 -266.4076 333.6148 17.7485 0.0228 -0.0266 0.7855 -0.6179
1339.0000 -266.1830 334.6264 17.6820 0.0179 -0.0257 0.7838 -0.6203
1340.0000 -265.9401 335.6422 17.6938 0.0135 -0.0271 0.7819 -0.6227
1341.0000 -265.7247 336.6330 17.7302 0.0137 -0.0299 0.7796 -0.6254
1342.0000 -265.5053 337.6551 17.8404 0.0153 -0.0292 0.7772 -0.6284
1343.0000 -265.3110 338.6694 17.8752 0.0157 -0.0267 0.7747 -0.6316
1344.0000 -265.1190 339.6911 17.8695 0.0146 -0.0265 0.7719 -0.6350
1345.0000 -264.9136 340.6917 17.9217 0.0138 -0.0265 0.7690 -0.6386
1346.0000 -264.7374 341.7058 17.9638 0.0137 -0.0257 0.7663 -0.6418
1347.0000 -264.5757 342.7474 17.9947 0.0147 -0.0229 0.7640 -0.6446
1348.0000 -264.4116 343.7872 18.0227 0.0154 -0.0208 0.7617 -0.6474
1349.0000 -264.2559 344.8050 18.0142 0.0151 -0.0212 0.7594 -0.6501
1350.0000 -264.0842 345.8336 18.0666 0.0157 -0.0239 0.7567 -0.6531
1351.0000 -263.9211 346.8731 18.1053 0.0161 -0.0267 0.7543 -0.6558
1352.0000 -263.7942 347.9144 18.1820 0.0169 -0.0278 0.7520 -0.6584
1353.0000 -263.6699 348.9445 18.2025 0.0145 -0.0275 0.7495 -0.6612
1354.0000 -263.5679 349.9897 18.2446 0.0099 -0.0287 0.7471 -0.6640
1355.0000 -263.4492 351.0323 18.2813 0.0048 -0.0305 0.7446 -0.6668
1356.0000 -263.3145 352.0889 18.3371 0.0034 -0.0319 0.7421 -0.6695
1357.0000 -263.2296 353.1214 18.4142 0.0066 -0.0312 0.7399 -0.6720
1358.0000 -263.1549 354.2047 18.4691 0.0106 -0.0286 0.7376 -0.6746
1359.0000 -263.0632 355.2466 18.5120 0.0136 -0.0254 0.7350 -0.6774
1360.0000 -262.9813 356.2804 18.5663 0.0158 -0.0242 0.7327 -0.6799
1361.0000 -262.9270 357.3365 18.6333 0.0156 -0.0231 0.7310 -0.6818
1362.0000 -262.8528 358.3818 18.6461 0.0115 -0.0224 0.7301 -0.6829
1363.0000 -262.7725 359.4158 18.6657 0.0068 -0.0220 0.7291 -0.6840
1364.0000 -262.7110 360.4693 18.7004 0.0045 -0.0227 0.7281 -0.6851
1365.0000 -262.6486 361.5133 18.7630 0.0048 -0.0217 0.7272 -0.6861
1366.0000 -262.5980 362.5493 18.8127 0.0057 -0.0204 0.7262 -0.6872
1367.0000 -262.5436 363.6050 18.8675 0.0066 -0.0192 0.7252 -0.6882
1368.0000 -262.4934 364.6456 18.9075 0.0065 -0.0183 0.7244 -0.6891
1369.0000 -262.4433 365.6926 18.9553 0.0057 -0.0176 0.7239 -0.6896
1370.0000 -262.3980 366.7422 18.9866 0.0053 -0.0181 0.7232 -0.6904
1371.0000 -262.3437 367.7654 19.0268 0.0049 -0.0184 0.7226 -0.6910
1372.0000 -262.2939 368.8188 19.0887 0.0057 -0.0189 0.7221 -0.6915
1373.0000 -262.2476 369.8545 19.1457 0.0066 -0.0193 0.7215 -0.6921
1374.0000 -262.2009 370.8751 19.1770 0.0067 -0.0194 0.7211 -0.6926
1375.0000 -262.1570 371.9137 19.2199 0.0066 -0.0185 0.7207 -0.6930
1376.0000 -262.1132 372.9257 19.2742 0.0063 -0.0184 0.7205 -0.6932
1377.0000 -262.0822 373.9529 19.3105 0.0053 -0.0203 0.7203 -0.6933
1378.0000 -262.0392 374.9730 19.3725 0.0061 -0.0235 0.7205 -0.6931
1379.0000 -261.9796 375.9668 19.4404 0.0047 -0.0252 0.7205 -0.6930
1380.0000 -261.9387 376.9983 19.4702 0.0022 -0.0265 0.7211 -0.6924
1381.0000 -261.8965 378.0015 19.5206 0.0017 -0.0263 0.7218 -0.6916
1382.0000 -261.8485 379.0163 19.5745 0.0033 -0.0240 0.7228 -0.6906
1383.0000 -261.7906 380.0245 19.6309 0.0057 -0.0211 0.7242 -0.6893
1384.0000 -261.7203 381.0403 19.6923 0.0065 -0.0177 0.7260 -0.6874
1385.0000 -261.6722 382.0461 19.7305 0.0061 -0.0173 0.7283 -0.6850
1386.0000 -261.6107 383.0298 19.7697 0.0047 -0.0178 0.7305 -0.6826
1387.0000 -261.5240 384.0362 19.8095 0.0025 -0.0179 0.7330 -0.6800
1388.0000 -261.4432 385.0359 19.8560 0.0006 -0.0184 0.7353 -0.6775
1389.0000 -261.3545 385.9953 19.9137 -0.0013 -0.0198 0.7375 -0.6750
1390.0000 -261.2533 386.9691 19.9695 -0.0033 -0.0207 0.7398 -0.6725
1391.0000 -261.1651 387.9393 20.0221 -0.0050 -0.0198 0.7424 -0.6697
1392.0000 -261.0541 388.9211 20.0566 -0.0052 -0.0188 0.7450 -0.6668
1393.0000 -260.9292 389.8884 20.1169 -0.0030 -0.0179 0.7480 -0.6634
1394.0000 -260.7830 390.8555 20.1676 -0.0005 -0.0162 0.7514 -0.6596
1395.0000 -260.6443 391.8278 20.2106 0.0030 -0.0156 0.7547 -0.6559
1396.0000 -260.4916 392.7787 20.2601 0.0056 -0.0149 0.7577 -0.6524
1397.0000 -260.3203 393.7305 20.2855 0.0071 -0.0155 0.7607 -0.6488
1398.0000 -260.1382 394.6781 20.3348 0.0067 -0.0169 0.7639 -0.6451
1399.0000 -259.9581 395.6160 20.3744 0.0048 -0.0193 0.7673 -0.6410
1400.0000 -259.7834 396.5448 20.4122 0.0027 -0.0205 0.7708 -0.6367
1401.0000 -259.5948 397.4605 20.4428 0.0025 -0.0202 0.7743 -0.6325
1402.0000 -259.3826 398.4129 20.4720 0.0036 -0.0189 0.7781 -0.6279
1403.0000 -259.1626 399.3286 20.5130 0.0050 -0.0184 0.7823 -0.6226
1404.0000 -258.9071 400.2289 20.5655 0.0052 -0.0189 0.7870 -0.6166
1405.0000 -258.6628 401.1445 20.6046 0.0056 -0.0198 0.7922 -0.6100
1406.0000 -258.3956 402.0368 20.6426 0.0070 -0.0202 0.7971 -0.6034
1407.0000 -258.1100 402.9091 20.6747 0.0094 -0.0204 0.8022 -0.5967
1408.0000 -257.8272 403.7617 20.7037 0.0120 -0.0206 0.8072 -0.5898
1409.0000 -257.5170 404.6097 20.7296 0.0144 -0.0205 0.8121 -0.5829
1410.0000 -257.1955 405.4394 20.7665 0.0159 -0.0202 0.8169 -0.5762
1411.0000 -256.8813 406.2320 20.7879 0.0159 -0.0206 0.8217 -0.5694
1412.0000 -256.5624 407.0151 20.8209 0.0149 -0.0220 0.8263 -0.5626
1413.0000 -256.2330 407.7803 20.8570 0.0128 -0.0229 0.8309 -0.5558
1414.0000 -255.9031 408.5109 20.8677 0.0105 -0.0234 0.8355 -0.5489
1415.0000 -255.5655 409.2375 20.8989 0.0096 -0.0235 0.8401 -0.5418
1416.0000 -255.1974 409.9631 20.8862 0.0128 -0.0225 0.8447 -0.5346
1417.0000 -254.8003 410.6508 20.9494 0.0164 -0.0222 0.8494 -0.5270
1418.0000 -254.4464 411.3247 21.0145 0.0133 -0.0225 0.8542 -0.5193
1419.0000 -254.0858 411.9756 21.0186 0.0075 -0.0228 0.8596 -0.5103
1420.0000 -253.7244 412.6021 21.0023 0.0042 -0.0239 0.8649 -0.5013
1421.0000 -253.3325 413.2143 21.0130 0.0077 -0.0243 0.8696 -0.4932
1422.0000 -252.8919 413.8218 21.0659 0.0142 -0.0228 0.8743 -0.4846
1423.0000 -252.4852 414.4214 21.0897 0.0184 -0.0202 0.8795 -0.4751
1424.0000 -252.0651 414.9869 21.0815 0.0199 -0.0189 0.8845 -0.4657
1425.0000 -251.6435 415.5248 21.0854 0.0199 -0.0200 0.8893 -0.4565
1426.0000 -251.2225 416.0333 21.1220 0.0200 -0.0222 0.8942 -0.4467
1427.0000 -250.8113 416.5352 21.1339 0.0190 -0.0236 0.8990 -0.4369
1428.0000 -250.3799 417.0132 21.1308 0.0179 -0.0242 0.9037 -0.4271
1429.0000 -249.9659 417.4429 21.1275 0.0174 -0.0253 0.9083 -0.4172
1430.0000 -249.5635 417.8578 21.1510 0.0174 -0.0264 0.9126 -0.4077
1431.0000 -249.1481 418.2688 21.1679 0.0172 -0.0269 0.9168 -0.3981
1432.0000 -248.7262 418.6750 21.1753 0.0172 -0.0261 0.9209 -0.3887
1433.0000 -248.3359 419.0323 21.1723 0.0174 -0.0250 0.9250 -0.3788
1434.0000 -247.9283 419.3744 21.1755 0.0177 -0.0244 0.9288 -0.3693
1435.0000 -247.5282 419.7089 21.2048 0.0169 -0.0247 0.9327 -0.3595
1436.0000 -247.1194 420.0263 21.2178 0.0149 -0.0238 0.9367 -0.3491
1437.0000 -246.7149 420.3305 21.1892 0.0132 -0.0212 0.9406 -0.3386
1438.0000 -246.3126 420.6414 21.2268 0.0126 -0.0175 0.9444 -0.3281
1439.0000 -245.8694 420.9373 21.1849 0.0093 -0.0158 0.9480 -0.3177
1440.0000 -245.4478 421.1857 21.1925 0.0062 -0.0192 0.9515 -0.3070
1441.0000 -245.0402 421.4327 21.2442 0.0043 -0.0240 0.9547 -0.2964
1442.0000 -244.6217 421.6557 21.2579 0.0039 -0.0275 0.9582 -0.2848
1443.0000 -244.1807 421.9024 21.2697 0.0069 -0.0263 0.9614 -0.2737
1444.0000 -243.7197 422.1264 21.2103 0.0130 -0.0223 0.9646 -0.2623
1445.0000 -243.2174 422.3774 21.2022 0.0245 -0.0170 0.9673 -0.2518
1446.0000 -242.7580 422.6130 21.1594 0.0337 -0.0149 0.9695 -0.2424
1447.0000 -242.3080 422.8172 21.1999 0.0359 -0.0164 0.9720 -0.2318
1448.0000 -241.8518 422.9915 21.2131 0.0308 -0.0202 0.9746 -0.2208
1449.0000 -241.4011 423.1510 21.2380 0.0237 -0.0236 0.9773 -0.2093
1450.0000 -240.9356 423.3124 21.2201 0.0153 -0.0253 0.9797 -0.1981
1451.0000 -240.4518 423.4640 21.1992 0.0103 -0.0253 0.9820 -0.1870
1452.0000 -239.9482 423.6262 21.1845 0.0120 -0.0256 0.9839 -0.1763
1453.0000 -239.4279 423.7826 21.1721 0.0166 -0.0251 0.9857 -0.1658
1454.0000 -238.8981 423.9170 21.1624 0.0202 -0.0252 0.9873 -0.1554
1455.0000 -238.3903 424.0528 21.1556 0.0205 -0.0256 0.9889 -0.1447
1456.0000 -237.8498 424.1676 21.1668 0.0194 -0.0255 0.9904 -0.1347
1457.0000 -237.3250 424.2769 21.1534 0.0176 -0.0255 0.9917 -0.1250
1458.0000 -236.7922 424.3857 21.1466 0.0170 -0.0252 0.9928 -0.1156
1459.0000 -236.2408 424.4853 21.1420 0.0179 -0.0249 0.9939 -0.1061
1460.0000 -235.6862 424.5852 21.1233 0.0189 -0.0241 0.9949 -0.0963
1461.0000 -235.1205 424.6749 21.1011 0.0196 -0.0236 0.9958 -0.0862
1462.0000 -234.5366 424.7290 21.1007 0.0199 -0.0233 0.9966 -0.0763
1463.0000 -233.9508 424.7805 21.0845 0.0198 -0.0239 0.9973 -0.0663
1464.0000 -233.3610 424.8027 21.0767 0.0200 -0.0249 0.9979 -0.0566
1465.0000 -232.7584 424.8408 21.0567 0.0202 -0.0260 0.9983 -0.0477
1466.0000 -232.1440 424.8592 21.0537 0.0209 -0.0270 0.9986 -0.0398
1467.0000 -231.5384 424.8810 21.0388 0.0218 -0.0278 0.9988 -0.0329
1468.0000 -230.9184 424.9129 21.0105 0.0223 -0.0282 0.9990 -0.0271
1469.0000 -230.2932 424.9408 21.0034 0.0224 -0.0286 0.9991 -0.0225
1470.0000 -229.6758 424.9361 20.9939 0.0225 -0.0292 0.9992 -0.0183
1471.0000 -229.0413 424.9454 20.9855 0.0225 -0.0291 0.9992 -0.0147
1472.0000 -228.4072 424.9572 20.9600 0.0225 -0.0283 0.9993 -0.0112
1473.0000 -227.7566 424.9668 20.9398 0.0230 -0.0274 0.9993 -0.0080
1474.0000 -227.1121 424.9688 20.9158 0.0232 -0.0270 0.9994 -0.0049
1475.0000 -226.4559 424.9556 20.9026 0.0232 -0.0267 0.9994 -0.0024
1476.0000 -225.7961 424.9581 20.8888 0.0235 -0.0265 0.9994 -0.0005
1477.0000 -225.1421 424.9576 20.8727 0.0236 -0.0258 0.9994 0.0013
1478.0000 -224.4493 424.9549 20.8473 0.0234 -0.0248 0.9994 0.0029
1479.0000 -223.7706 424.9426 20.8226 0.0237 -0.0246 0.9994 0.0043
1480.0000 -223.0774 424.9290 20.8016 0.0241 -0.0250 0.9994 0.0053
1481.0000 -222.3967 424.9183 20.7907 0.0247 -0.0256 0.9993 0.0061
1482.0000 -221.7132 424.9009 20.7789 0.0249 -0.0265 0.9993 0.0067
1483.0000 -221.0123 424.8848 20.7516 0.0249 -0.0271 0.9993 0.0074
1484.0000 -220.2980 424.8699 20.7295 0.0249 -0.0281 0.9993 0.0079
1485.0000 -219.5786 424.8566 20.7070 0.0250 -0.0296 0.9992 0.0083
1486.0000 -218.8625 424.8298 20.6891 0.0248 -0.0306 0.9992 0.0083
1487.0000 -218.1524 424.8256 20.6600 0.0245 -0.0316 0.9992 0.0078
1488.0000 -217.4321 424.8018 20.6469 0.0245 -0.0324 0.9991 0.0077
1489.0000 -216.6981 424.7989 20.6331 0.0243 -0.0323 0.9992 0.0075
1490.0000 -215.9690 424.7764 20.6065 0.0239 -0.0319 0.9992 0.0074
1491.0000 -215.2409 424.7634 20.5827 0.0228 -0.0323 0.9992 0.0072
1492.0000 -214.4981 424.7491 20.5660 0.0218 -0.0329 0.9992 0.0071
1493.0000 -213.7619 424.7391 20.5613 0.0214 -0.0331 0.9992 0.0071
1494.0000 -213.0173 424.7327 20.5411 0.0208 -0.0329 0.9992 0.0069
1495.0000 -212.2574 424.7075 20.5237 0.0206 -0.0328 0.9992 0.0068
1496.0000 -211.4963 424.6930 20.5054 0.0207 -0.0337 0.9992 0.0067
1497.0000 -210.7325 424.6850 20.4951 0.0209 -0.0344 0.9992 0.0067
1498.0000 -209.9522 424.6809 20.4643 0.0213 -0.0361 0.9991 0.0067
1499.0000 -209.1967 424.6699 20.5042 0.0220 -0.0334 0.9992 0.0067
1500.0000 -208.4113 424.6469 20.3707 0.0214 -0.0334 0.9992 0.0068
1501.0000 -207.6379 424.6216 20.4115 0.0231 -0.0363 0.9991 0.0065
1502.0000 -206.8630 424.6342 20.4513 0.0246 -0.0368 0.9990 0.0071
1503.0000 -206.0741 424.6270 20.4226 0.0253 -0.0322 0.9991 0.0079
1504.0000 -205.2920 424.6111 20.3257 0.0244 -0.0303 0.9992 0.0076
1505.0000 -204.5286 424.5858 20.3118 0.0238 -0.0298 0.9992 0.0078
1506.0000 -203.7384 424.5969 20.3369 0.0231 -0.0308 0.9992 0.0090
1507.0000 -202.9445 424.5800 20.3238 0.0214 -0.0312 0.9992 0.0097
1508.0000 -202.1441 424.5442 20.2873 0.0200 -0.0308 0.9993 0.0102
1509.0000 -201.3590 424.5483 20.2640 0.0199 -0.0304 0.9993 0.0105
1510.0000 -200.5616 424.5316 20.2364 0.0207 -0.0311 0.9993 0.0100
1511.0000 -199.7690 424.4981 20.2465 0.0222 -0.0315 0.9992 0.0093
1512.0000 -198.9850 424.4988 20.2518 0.0234 -0.0304 0.9992 0.0092
1513.0000 -198.1844 424.4962 20.2199 0.0231 -0.0286 0.9993 0.0089
1514.0000 -197.3873 424.4826 20.1812 0.0218 -0.0278 0.9993 0.0088
1515.0000 -196.5810 424.4713 20.1617 0.0209 -0.0277 0.9994 0.0085
1516.0000 -195.7857 424.4508 20.1477 0.0206 -0.0280 0.9994 0.0085
1517.0000 -194.9869 424.4358 20.1339 0.0207 -0.0284 0.9993 0.0084
1518.0000 -194.1843 424.3998 20.1201 0.0210 -0.0289 0.9993 0.0082
1519.0000 -193.3896 424.3914 20.1123 0.0212 -0.0292 0.9993 0.0083
1520.0000 -192.5818 424.3831 20.0966 0.0214 -0.0294 0.9993 0.0083
1521.0000 -191.7733 424.3742 20.0693 0.0213 -0.0298 0.9993 0.0087
1522.0000 -190.9682 424.3491 20.0591 0.0216 -0.0301 0.9993 0.0091
1523.0000 -190.1653 424.3326 20.0397 0.0222 -0.0309 0.9992 0.0096
1524.0000 -189.3417 424.3089 20.0203 0.0222 -0.0316 0.9992 0.0101
1525.0000 -188.5153 424.2939 20.0098 0.0218 -0.0318 0.9992 0.0105
1526.0000 -187.7048 424.2709 19.9895 0.0213 -0.0320 0.9992 0.0109
1527.0000 -186.8890 424.2609 19.9631 0.0213 -0.0317 0.9992 0.0113
1528.0000 -186.0577 424.2281 19.9342 0.0215 -0.0314 0.9992 0.0119
1529.0000 -185.2250 424.2008 19.9204 0.0217 -0.0311 0.9992 0.0123
1530.0000 -184.3961 424.1684 19.9026 0.0219 -0.0304 0.9992 0.0130
1531.0000 -183.5538 424.1614 19.8796 0.0217 -0.0300 0.9992 0.0135
1532.0000 -182.7218 424.1365 19.8566 0.0217 -0.0296 0.9992 0.0138
1533.0000 -181.8882 424.1082 19.8315 0.0219 -0.0296 0.9992 0.0142
1534.0000 -181.0200 424.0879 19.8115 0.0222 -0.0295 0.9992 0.0148
1535.0000 -180.1564 424.0461 19.7872 0.0227 -0.0296 0.9992 0.0155
1536.0000 -179.3042 424.0056 19.7746 0.0231 -0.0297 0.9992 0.0157
1537.0000 -178.4407 424.0009 19.7497 0.0226 -0.0297 0.9992 0.0159
1538.0000 -177.5864 423.9593 19.7353 0.0222 -0.0296 0.9992 0.0155
1539.0000 -176.7350 423.9329 19.7111 0.0225 -0.0296 0.9992 0.0155
1540.0000 -175.8462 423.9080 19.6899 0.0231 -0.0294 0.9992 0.0154
1541.0000 -174.9672 423.8761 19.6634 0.0248 -0.0293 0.9991 0.0156
1542.0000 -174.0954 423.8650 19.6435 0.0256 -0.0291 0.9991 0.0156
1543.0000 -173.2492 423.8193 19.6212 0.0254 -0.0290 0.9991 0.0156
1544.0000 -172.4068 423.7908 19.6056 0.0244 -0.0288 0.9992 0.0156
1545.0000 -171.5443 423.7634 19.5810 0.0232 -0.0292 0.9992 0.0155
1546.0000 -170.6975 423.7488 19.5742 0.0230 -0.0286 0.9992 0.0157
1547.0000 -169.8572 423.7162 19.5410 0.0233 -0.0281 0.9992 0.0156
1548.0000 -168.9987 423.6945 19.5228 0.0241 -0.0277 0.9992 0.0157
1549.0000 -168.1594 423.6465 19.5038 0.0240 -0.0275 0.9992 0.0156
1550.0000 -167.3046 423.6404 19.4915 0.0232 -0.0274 0.9992 0.0157
1551.0000 -166.4635 423.6174 19.4739 0.0220 -0.0275 0.9993 0.0156
1552.0000 -165.6429 423.5850 19.4587 0.0215 -0.0276 0.9993 0.0152
1553.0000 -164.8133 423.5563 19.4381 0.0220 -0.0281 0.9993 0.0147
1554.0000 -163.9881 423.5282 19.4180 0.0231 -0.0288 0.9992 0.0142
1555.0000 -163.1452 423.5056 19.4108 0.0241 -0.0296 0.9992 0.0138
1556.0000 -162.3393 423.4670 19.3973 0.0249 -0.0300 0.9991 0.0137
1557.0000 -161.5069 423.4587 19.3707 0.0246 -0.0298 0.9992 0.0135
1558.0000 -160.7018 423.4317 19.3423 0.0236 -0.0304 0.9992 0.0137
1559.0000 -159.8799 423.4014 19.3279 0.0221 -0.0321 0.9992 0.0133
1560.0000 -159.0698 423.3823 19.3302 0.0210 -0.0325 0.9992 0.0131
1561.0000 -158.2637 423.3337 19.2986 0.0198 -0.0332 0.9992 0.0131
1562.0000 -157.4274 423.3139 19.2872 0.0195 -0.0332 0.9992 0.0131
1563.0000 -156.5936 423.3000 19.2693 0.0197 -0.0333 0.9992 0.0129
1564.0000 -155.7853 423.2732 19.2607 0.0204 -0.0339 0.9991 0.0130
1565.0000 -154.9470 423.2311 19.2546 0.0208 -0.0342 0.9991 0.0128
1566.0000 -154.1409 423.2182 19.2320 0.0206 -0.0344 0.9991 0.0128
1567.0000 -153.3133 423.1859 19.2200 0.0206 -0.0341 0.9991 0.0127
1568.0000 -152.4728 423.1662 19.1855 0.0206 -0.0338 0.9991 0.0127
1569.0000 -151.6486 423.1576 19.1857 0.0214 -0.0338 0.9991 0.0124
1570.0000 -150.8227 423.1446 19.1546 0.0197 -0.0327 0.9992 0.0124
1571.0000 -149.9945 423.1145 19.1298 0.0198 -0.0332 0.9992 0.0124
1572.0000 -149.1557 423.1076 19.1264 0.0219 -0.0324 0.9992 0.0127
1573.0000 -148.3033 423.0803 19.0767 0.0254 -0.0318 0.9991 0.0131
1574.0000 -147.4685 423.0555 19.1072 0.0280 -0.0320 0.9990 0.0135
1575.0000 -146.6196 423.0321 19.0923 0.0260 -0.0318 0.9991 0.0138
1576.0000 -145.7723 423.0126 19.0291 0.0225 -0.0321 0.9991 0.0143
1577.0000 -144.9256 422.9767 19.0021 0.0204 -0.0322 0.9992 0.0144
1578.0000 -144.0904 422.9503 18.9865 0.0201 -0.0323 0.9992 0.0148
1579.0000 -143.2210 422.9173 18.9789 0.0209 -0.0322 0.9991 0.0152
1580.0000 -142.3667 422.8998 18.9549 0.0218 -0.0323 0.9991 0.0155
1581.0000 -141.5082 422.8659 18.9422 0.0220 -0.0322 0.9991 0.0159
1582.0000 -140.6609 422.8419 18.9147 0.0218 -0.0324 0.9991 0.0162
1583.0000 -139.8093 422.8066 18.8966 0.0212 -0.0327 0.9991 0.0166
1584.0000 -138.9377 422.7801 18.8865 0.0206 -0.0329 0.9991 0.0168
1585.0000 -138.0800 422.7480 18.8596 0.0203 -0.0331 0.9991 0.0172
1586.0000 -137.2032 422.7078 18.8414 0.0206 -0.0336 0.9991 0.0174
1587.0000 -136.3360 422.6748 18.8266 0.0213 -0.0339 0.9990 0.0175
1588.0000 -135.4804 422.6421 18.8170 0.0222 -0.0345 0.9990 0.0173
1589.0000 -134.6126 422.6043 18.7986 0.0228 -0.0346 0.9990 0.0172
1590.0000 -133.7483 422.5751 18.7791 0.0233 -0.0342 0.9990 0.0173
1591.0000 -132.8954 422.5480 18.7541 0.0231 -0.0335 0.9990 0.0172
1592.0000 -132.0326 422.5178 18.7331 0.0227 -0.0327 0.9991 0.0170
1593.0000 -131.1853 422.4676 18.7196 0.0222 -0.0319 0.9991 0.0171
1594.0000 -130.3242 422.4585 18.7007 0.0220 -0.0307 0.9991 0.0167
1595.0000 -129.4861 422.4232 18.6817 0.0222 -0.0296 0.9992 0.0171
1596.0000 -128.6602 422.4149 18.6630 0.0225 -0.0288 0.9992 0.0171
1597.0000 -127.8046 422.3799 18.6409 0.0231 -0.0281 0.9992 0.0166
1598.0000 -126.9721 422.3496 18.6255 0.0235 -0.0276 0.9992 0.0166
1599.0000 -126.1199 422.3101 18.6001 0.0240 -0.0273 0.9992 0.0161
1600.0000 -125.2848 422.2969 18.5845 0.0248 -0.0271 0.9992 0.0160
1601.0000 -124.5079 422.2818 18.5707 0.0244 -0.0264 0.9992 0.0161
1602.0000 -123.7085 422.2643 18.5484 0.0229 -0.0269 0.9993 0.0157
1603.0000 -122.9310 422.2263 18.5407 0.0224 -0.0278 0.9992 0.0152
1604.0000 -122.1747 422.1882 18.5233 0.0234 -0.0288 0.9992 0.0149
1605.0000 -121.4023 422.1855 18.5220 0.0251 -0.0296 0.9991 0.0144
1606.0000 -120.6697 422.1437 18.4942 0.0262 -0.0307 0.9991 0.0143
1607.0000 -119.9815 422.1255 18.5010 0.0276 -0.0315 0.9990 0.0137
1608.0000 -119.2817 422.1203 18.5103 0.0241 -0.0324 0.9991 0.0138
1609.0000 -118.5679 422.0991 18.4975 0.0174 -0.0325 0.9992 0.0136
1610.0000 -117.8683 422.0686 18.4546 0.0144 -0.0322 0.9993 0.0131
1611.0000 -117.1566 422.0462 18.4288 0.0193 -0.0314 0.9992 0.0122
1612.0000 -116.4714 422.0500 18.4002 0.0285 -0.0306 0.9991 0.0118
1613.0000 -115.7830 422.0434 18.4050 0.0353 -0.0298 0.9989 0.0118
1614.0000 -115.1061 422.0449 18.4090 0.0324 -0.0283 0.9990 0.0119
1615.0000 -114.4248 422.0041 18.3814 0.0215 -0.0269 0.9993 0.0116
1616.0000 -113.7540 421.9855 18.3486 0.0138 -0.0262 0.9995 0.0110
1617.0000 -113.0847 421.9841 18.3333 0.0127 -0.0255 0.9995 0.0105
1618.0000 -112.4005 421.9486 18.3257 0.0167 -0.0243 0.9995 0.0103
1619.0000 -111.7293 421.9157 18.3283 0.0211 -0.0227 0.9995 0.0101
1620.0000 -111.0597 421.9385 18.3230 0.0231 -0.0208 0.9995 0.0098
1621.0000 -110.3884 421.9301 18.3078 0.0230 -0.0202 0.9995 0.0096
1622.0000 -109.7294 421.9230 18.2967 0.0219 -0.0203 0.9995 0.0092
1623.0000 -109.0612 421.9163 18.2788 0.0212 -0.0204 0.9995 0.0089
1624.0000 -108.4069 421.9082 18.2659 0.0213 -0.0202 0.9995 0.0088
1625.0000 -107.7625 421.8953 18.2478 0.0215 -0.0202 0.9995 0.0084
1626.0000 -107.1065 421.8619 18.2375 0.0213 -0.0204 0.9995 0.0081
1627.0000 -106.4662 421.8445 18.2270 0.0209 -0.0214 0.9995 0.0078
1628.0000 -105.8201 421.8521 18.2235 0.0208 -0.0236 0.9995 0.0075
1629.0000 -105.1534 421.8390 18.2227 0.0210 -0.0248 0.9994 0.0073
1630.0000 -104.5135 421.8278 18.2026 0.0210 -0.0257 0.9994 0.0069
1631.0000 -103.8814 421.8237 18.1877 0.0214 -0.0266 0.9994 0.0064
1632.0000 -103.2372 421.8124 18.1737 0.0219 -0.0272 0.9994 0.0061
1633.0000 -102.6027 421.7991 18.1555 0.0224 -0.0285 0.9993 0.0055
1634.0000 -101.9658 421.7836 18.1532 0.0230 -0.0299 0.9993 0.0053
1635.0000 -101.3403 421.7852 18.1570 0.0235 -0.0305 0.9992 0.0050
1636.0000 -100.7312 421.7598 18.1376 0.0234 -0.0304 0.9993 0.0045
1637.0000 -100.1159 421.7440 18.1141 0.0232 -0.0305 0.9993 0.0038
1638.0000 -99.5012 421.7352 18.1066 0.0230 -0.0307 0.9993 0.0035
1639.0000 -98.8835 421.7410 18.0898 0.0227 -0.0309 0.9993 0.0027
1640.0000 -98.2846 421.7529 18.0804 0.0225 -0.0311 0.9993 0.0017
1641.0000 -97.6855 421.7594 18.0726 0.0225 -0.0310 0.9993 -0.0002
1642.0000 -97.0914 421.7640 18.0513 0.0220 -0.0311 0.9993 -0.0025
1643.0000 -96.5256 421.7842 18.0550 0.0217 -0.0307 0.9993 -0.0055
1644.0000 -95.9356 421.7883 18.0253 0.0202 -0.0314 0.9993 -0.0089
1645.0000 -95.3678 421.8160 18.0299 0.0170 -0.0335 0.9992 -0.0131
1646.0000 -94.7797 421.8428 18.0464 0.0160 -0.0354 0.9991 -0.0182
1647.0000 -94.1888 421.8943 18.0559 0.0166 -0.0362 0.9989 -0.0244
1648.0000 -93.6240 421.9594 18.0530 0.0181 -0.0348 0.9987 -0.0316
1649.0000 -93.0462 422.0139 18.0155 0.0196 -0.0327 0.9985 -0.0402
1650.0000 -92.4942 422.0771 17.9807 0.0220 -0.0319 0.9980 -0.0502
1651.0000 -91.9444 422.1772 18.0106 0.0230 -0.0314 0.9974 -0.0608
1652.0000 -91.4056 422.3033 18.0063 0.0219 -0.0313 0.9967 -0.0722
1653.0000 -90.8726 422.4135 18.0062 0.0201 -0.0310 0.9957 -0.0851
1654.0000 -90.3451 422.5669 18.0065 0.0187 -0.0303 0.9945 -0.0987
1655.0000 -89.8282 422.7424 18.0106 0.0178 -0.0282 0.9931 -0.1125
1656.0000 -89.3127 422.8984 17.9895 0.0177 -0.0261 0.9915 -0.1265
1657.0000 -88.8213 423.0814 17.9806 0.0175 -0.0242 0.9895 -0.1417
1658.0000 -88.3263 423.2877 17.9451 0.0180 -0.0255 0.9871 -0.1570
1659.0000 -87.8377 423.4901 18.0248 0.0195 -0.0254 0.9845 -0.1726
1660.0000 -87.3821 423.7100 18.0320 0.0183 -0.0230 0.9817 -0.1882
1661.0000 -86.8906 423.9796 17.9936 0.0160 -0.0200 0.9786 -0.2041
1662.0000 -86.4305 424.2751 17.9612 0.0149 -0.0188 0.9752 -0.2202
1663.0000 -85.9696 424.5420 17.9546 0.0158 -0.0196 0.9711 -0.2374
1664.0000 -85.5194 424.7962 17.9415 0.0172 -0.0242 0.9666 -0.2545
1665.0000 -85.1264 425.1227 18.0186 0.0180 -0.0292 0.9617 -0.2719
1666.0000 -84.6850 425.4435 18.0716 0.0171 -0.0316 0.9565 -0.2896
1667.0000 -84.3048 425.7934 18.0849 0.0143 -0.0305 0.9509 -0.3078
1668.0000 -83.9161 426.1620 18.0437 0.0105 -0.0281 0.9449 -0.3260
1669.0000 -83.5273 426.5601 17.9799 0.0087 -0.0285 0.9383 -0.3445
1670.0000 -83.1619 426.9303 18.0250 0.0102 -0.0314 0.9309 -0.3637
1671.0000 -82.8227 427.3331 18.1130 0.0117 -0.0335 0.9232 -0.3826
1672.0000 -82.5121 427.7529 18.1557 0.0107 -0.0328 0.9152 -0.4016
1673.0000 -82.2105 428.1921 18.1452 0.0073 -0.0311 0.9068 -0.4203
1674.0000 -81.9199 428.6571 18.1103 0.0030 -0.0317 0.8975 -0.4399
1675.0000 -81.6350 429.0894 18.1643 0.0019 -0.0320 0.8878 -0.4591
1676.0000 -81.3793 429.5615 18.2216 0.0022 -0.0299 0.8779 -0.4779
1677.0000 -81.1599 430.0776 18.2314 0.0009 -0.0276 0.8680 -0.4957
1678.0000 -80.9403 430.5844 18.2403 -0.0017 -0.0261 0.8577 -0.5134
1679.0000 -80.7465 431.0949 18.2329 -0.0022 -0.0281 0.8468 -0.5311
1680.0000 -80.5728 431.5831 18.3149 -0.0006 -0.0304 0.8355 -0.5486
1681.0000 -80.4085 432.0961 18.3842 0.0007 -0.0312 0.8246 -0.5649
1682.0000 -80.2831 432.6383 18.4253 0.0003 -0.0292 0.8141 -0.5799
1683.0000 -80.1608 433.1799 18.4226 -0.0008 -0.0260 0.8042 -0.5938
1684.0000 -80.0583 433.7275 18.4220 -0.0014 -0.0234 0.7948 -0.6064
1685.0000 -79.9637 434.2804 18.4453 -0.0010 -0.0229 0.7863 -0.6175
1686.0000 -79.8622 434.8159 18.4861 -0.0002 -0.0238 0.7785 -0.6272
1687.0000 -79.7575 435.3887 18.5413 0.0004 -0.0243 0.7717 -0.6355
1688.0000 -79.6779 435.9658 18.5685 0.0003 -0.0243 0.7659 -0.6425
1689.0000 -79.6120 436.5399 18.5916 -0.0001 -0.0234 0.7608 -0.6485
1690.0000 -79.5419 437.1194 18.6097 -0.0003 -0.0227 0.7565 -0.6536
1691.0000 -79.4802 437.7183 18.6374 0.0001 -0.0227 0.7523 -0.6584
1692.0000 -79.4210 438.2944 18.6707 0.0004 -0.0229 0.7481 -0.6632
1693.0000 -79.3609 438.8872 18.7077 0.0012 -0.0235 0.7439 -0.6679
1694.0000 -79.3079 439.4803 18.7482 0.0014 -0.0234 0.7398 -0.6724
1695.0000 -79.2763 440.0669 18.7834 0.0006 -0.0225 0.7359 -0.6767
1696.0000 -79.2408 440.6542 18.8025 -0.0003 -0.0212 0.7325 -0.6804
1697.0000 -79.2214 441.2689 18.8166 -0.0014 -0.0202 0.7298 -0.6833
1698.0000 -79.2080 441.8868 18.8414 -0.0014 -0.0201 0.7274 -0.6859
1699.0000 -79.1801 442.5130 18.8855 -0.0012 -0.0206 0.7249 -0.6886
1700.0000 -79.1629 443.1098 18.9273 -0.0011 -0.0209 0.7228 -0.6908
1701.0000 -79.1558 443.7280 18.9607 -0.0014 -0.0209 0.7208 -0.6928
1702.0000 -79.1183 444.3437 18.9821 -0.0022 -0.0204 0.7191 -0.6946
1703.0000 -79.1027 444.9449 19.0138 -0.0023 -0.0200 0.7175 -0.6963
1704.0000 -79.1006 445.5712 19.0443 -0.0021 -0.0201 0.7159 -0.6980
1705.0000 -79.0761 446.1838 19.0860 -0.0016 -0.0202 0.7144 -0.6995
1706.0000 -79.0699 446.7812 19.1246 -0.0014 -0.0211 0.7129 -0.7009
1707.0000 -79.0750 447.3955 19.1615 -0.0014 -0.0219 0.7118 -0.7020
1708.0000 -79.0592 447.9975 19.1916 -0.0019 -0.0220 0.7104 -0.7035
1709.0000 -79.0711 448.5871 19.2209 -0.0021 -0.0224 0.7093 -0.7046
1710.0000 -79.0659 449.1840 19.2653 -0.0021 -0.0222 0.7081 -0.7057
1711.0000 -79.0799 449.7644 19.3014 -0.0021 -0.0218 0.7074 -0.7064
1712.0000 -79.0588 450.3605 19.3374 -0.0024 -0.0207 0.7070 -0.7069
1713.0000 -79.0713 450.9266 19.3591 -0.0027 -0.0198 0.7071 -0.7068
1714.0000 -79.0809 451.4885 19.3993 -0.0032 -0.0186 0.7072 -0.7068
1715.0000 -79.0639 452.0352 19.4300 -0.0033 -0.0182 0.7071 -0.7068
1716.0000 -79.0711 452.5771 19.4654 -0.0035 -0.0180 0.7071 -0.7069
1717.0000 -79.0695 453.0847 19.4995 -0.0040 -0.0175 0.7070 -0.7069
1718.0000 -79.0752 453.6072 19.5295 -0.0043 -0.0173 0.7071 -0.7069
1719.0000 -79.0843 454.1213 19.5529 -0.0050 -0.0163 0.7071 -0.7069
1720.0000 -79.0735 454.6183 19.5763 -0.0057 -0.0155 0.7073 -0.7067
1721.0000 -79.0857 455.1119 19.6051 -0.0061 -0.0151 0.7073 -0.7067
1722.0000 -79.0905 455.5762 19.6270 -0.0058 -0.0155 0.7071 -0.7069
1723.0000 -79.0785 456.0342 19.6626 -0.0051 -0.0158 0.7071 -0.7069
1724.0000 -79.0687 456.5031 19.7031 -0.0048 -0.0158 0.7071 -0.7069
1725.0000 -79.0795 456.9385 19.7236 -0.0053 -0.0154 0.7075 -0.7066
1726.0000 -79.0983 457.3740 19.7410 -0.0058 -0.0148 0.7076 -0.7064
1727.0000 -79.0860 457.8146 19.7567 -0.0059 -0.0146 0.7073 -0.7067
1728.0000 -79.0883 458.2076 19.7843 -0.0054 -0.0147 0.7073 -0.7068
1729.0000 -79.0796 458.6142 19.8180 -0.0046 -0.0151 0.7072 -0.7069
1730.0000 -79.0679 459.0019 19.8487 -0.0045 -0.0154 0.7074 -0.7067
1731.0000 -79.0652 459.3826 19.8599 -0.0051 -0.0152 0.7071 -0.7069
1732.0000 -79.0876 459.7690 19.8633 -0.0057 -0.0150 0.7073 -0.7068
1733.0000 -79.0753 460.1333 19.8811 -0.0056 -0.0145 0.7071 -0.7070
1734.0000 -79.0880 460.4799 19.9078 -0.0057 -0.0143 0.7072 -0.7069
1735.0000 -79.0778 460.8231 19.9243 -0.0060 -0.0145 0.7071 -0.7069
1736.0000 -79.0742 461.1270 19.9456 0.0058 0.0146 -0.7070 0.7070
1737.0000 -79.0754 461.4578 19.9574 0.0057 0.0146 -0.7069 0.7071
1738.0000 -79.0651 461.7871 19.9835 0.0055 0.0144 -0.7069 0.7071
1739.0000 -79.0742 462.0777 20.0064 0.0054 0.0144 -0.7070 0.7071
1740.0000 -79.0981 462.3553 20.0289 -0.0054 -0.0140 0.7071 -0.7070
1741.0000 -79.0644 462.6516 20.0326 0.0061 0.0139 -0.7069 0.7071
1742.0000 -79.0796 462.8956 20.0370 0.0067 0.0137 -0.7069 0.7071
1743.0000 -79.0906 463.1823 20.0508 0.0072 0.0135 -0.7070 0.7071
1744.0000 -79.0875 463.4406 20.0700 -0.0077 -0.0137 0.7070 -0.7070
1745.0000 -79.0773 463.7179 20.0952 0.0080 0.0141 -0.7068 0.7072
1746.0000 -79.0762 463.9697 20.1051 0.0081 0.0146 -0.7066 0.7074
1747.0000 -79.0797 464.2162 20.1180 0.0078 0.0150 -0.7068 0.7072
1748.0000 -79.0765 464.4846 20.1427 0.0076 0.0150 -0.7065 0.7075
1749.0000 -79.0921 464.7335 20.1573 0.0075 0.0148 -0.7060 0.7080
1750.0000 -79.0947 464.9815 20.1600 0.0078 0.0146 -0.7051 0.7089
1751.0000 -79.1049 465.2464 20.1776 0.0081 0.0143 -0.7040 0.7100
1752.0000 -79.1230 465.4863 20.1913 0.0083 0.0140 -0.7029 0.7111
1753.0000 -79.1302 465.7330 20.2117 0.0086 0.0136 -0.7017 0.7122
1754.0000 -79.1434 465.9852 20.2180 0.0093 0.0134 -0.7005 0.7135
1755.0000 -79.1599 466.2497 20.2258 0.0100 0.0135 -0.6990 0.7150
1756.0000 -79.1531 466.5234 20.2462 0.0106 0.0134 -0.6975 0.7164
1757.0000 -79.1888 466.7942 20.2758 0.0109 0.0132 -0.6959 0.7179
1758.0000 -79.1935 467.0756 20.2912 0.0117 0.0127 -0.6942 0.7196
1759.0000 -79.2210 467.3571 20.2957 0.0126 0.0122 -0.6924 0.7213
1760.0000 -79.2335 467.6289 20.3046 0.0134 0.0116 -0.6907 0.7229
1761.0000 -79.2504 467.9228 20.3231 0.0139 0.0112 -0.6890 0.7245
1762.0000 -79.2667 468.2248 20.3520 0.0144 0.0111 -0.6873 0.7262
1763.0000 -79.3039 468.5061 20.3735 0.0150 0.0109 -0.6858 0.7276
1764.0000 -79.3223 468.8219 20.3845 0.0163 0.0108 -0.6844 0.7289
1765.0000 -79.3563 469.1226 20.3990 0.0178 0.0102 -0.6838 0.7294
1766.0000 -79.3667 469.4531 20.4151 0.0186 0.0098 -0.6837 0.7295
1767.0000 -79.4055 469.7811 20.4336 0.0190 0.0095 -0.6841 0.7291
1768.0000 -79.4285 470.1188 20.4479 0.0187 0.0095 -0.6848 0.7285
1769.0000 -79.4619 470.4825 20.4725 0.0184 0.0100 -0.6855 0.7277
1770.0000 -79.4635 470.8315 20.5069 0.0184 0.0103 -0.6861 0.7272
1771.0000 -79.4978 471.1673 20.5186 0.0184 0.0106 -0.6869 0.7264
1772.0000 -79.5115 471.5585 20.5376 0.0186 0.0107 -0.6876 0.7258
1773.0000 -79.5195 471.9419 20.5576 0.0184 0.0107 -0.6883 0.7251
1774.0000 -79.5275 472.3341 20.5842 0.0180 0.0104 -0.6889 0.7245
1775.0000 -79.5403 472.7274 20.6052 0.0177 0.0103 -0.6897 0.7238
1776.0000 -79.5585 473.1209 20.6285 0.0172 0.0101 -0.6905 0.7230
1777.0000 -79.5755 473.5123 20.6618 0.0166 0.0101 -0.6917 0.7219
1778.0000 -79.5659 473.9327 20.6870 0.0167 0.0104 -0.6929 0.7208
1779.0000 -79.5872 474.3658 20.7040 0.0167 0.0109 -0.6947 0.7190
1780.0000 -79.5901 474.8273 20.7366 0.0165 0.0111 -0.6966 0.7172
1781.0000 -79.5895 475.2648 20.7517 0.0161 0.0115 -0.6984 0.7155
1782.0000 -79.5867 475.7322 20.7806 0.0156 0.0121 -0.7001 0.7138
1783.0000 -79.5856 476.1993 20.7954 0.0150 0.0131 -0.7019 0.7120
1784.0000 -79.5661 476.6840 20.8425 0.0149 0.0136 -0.7038 0.7101
1785.0000 -79.5790 477.1686 20.8746 0.0147 0.0142 -0.7058 0.7081
1786.0000 -79.5686 477.6739 20.9001 -0.0150 -0.0144 0.7077 -0.7062
1787.0000 -79.5574 478.1929 20.9168 -0.0148 -0.0149 0.7096 -0.7043
1788.0000 -79.5407 478.7044 20.9458 -0.0142 -0.0160 0.7114 -0.7025
1789.0000 -79.5200 479.2468 20.9751 -0.0132 -0.0168 0.7126 -0.7012
1790.0000 -79.4933 479.7687 21.0134 -0.0118 -0.0173 0.7137 -0.7001
1791.0000 -79.4748 480.3209 21.0543 -0.0109 -0.0176 0.7145 -0.6993
1792.0000 -79.4551 480.8868 21.0850 -0.0106 -0.0173 0.7153 -0.6985
1793.0000 -79.4464 481.4448 21.1123 -0.0108 -0.0171 0.7162 -0.6976
1794.0000 -79.4297 482.0321 21.1365 -0.0112 -0.0176 0.7170 -0.6968
1795.0000 -79.4101 482.6285 21.1753 -0.0111 -0.0183 0.7176 -0.6962
1796.0000 -79.3789 483.2106 21.2153 -0.0109 -0.0187 0.7180 -0.6957
1797.0000 -79.3484 483.7933 21.2484 -0.0106 -0.0193 0.7188 -0.6949
1798.0000 -79.3303 484.4224 21.2868 -0.0109 -0.0191 0.7193 -0.6943
1799.0000 -79.3091 485.0364 21.3238 -0.0109 -0.0184 0.7202 -0.6935
1800.0000 -79.3034 485.6795 21.3631 -0.0111 -0.0175 0.7209 -0.6928
1801.0000 -79.2616 486.3203 21.3972 -0.0118 -0.0166 0.7217 -0.6919
1802.0000 -79.2375 486.9803 21.4224 -0.0122 -0.0167 0.7222 -0.6914
1803.0000 -79.1986 487.6306 21.4646 -0.0118 -0.0166 0.7230 -0.6906
1804.0000 -79.1715 488.3020 21.5174 -0.0117 -0.0162 0.7235 -0.6900
1805.0000 -79.1306 488.9632 21.5530 -0.0120 -0.0160 0.7242 -0.6893
1806.0000 -79.0907 489.6398 21.5836 -0.0127 -0.0162 0.7249 -0.6886
1807.0000 -79.0524 490.3347 21.6221 -0.0130 -0.0167 0.7252 -0.6882
1808.0000 -79.0147 491.0403 21.6704 -0.0128 -0.0175 0.7256 -0.6878
1809.0000 -78.9808 491.7575 21.7257 -0.0131 -0.0180 0.7255 -0.6879
1810.0000 -78.9262 492.4496 21.7659 -0.0134 -0.0178 0.7255 -0.6879
1811.0000 -78.9186 493.1795 21.8019 -0.0138 -0.0173 0.7254 -0.6880
1812.0000 -78.8712 493.9027 21.8509 -0.0134 -0.0159 0.7254 -0.6881
1813.0000 -78.8484 494.6394 21.8866 -0.0126 -0.0149 0.7254 -0.6881
1814.0000 -78.7918 495.3807 21.9408 -0.0122 -0.0143 0.7254 -0.6880
1815.0000 -78.7737 496.1101 21.9899 -0.0121 -0.0148 0.7253 -0.6881
1816.0000 -78.7186 496.8431 22.0311 -0.0127 -0.0154 0.7253 -0.6882
1817.0000 -78.6810 497.5836 22.0689 -0.0131 -0.0159 0.7251 -0.6883
1818.0000 -78.6411 498.3324 22.1125 -0.0133 -0.0161 0.7250 -0.6884
1819.0000 -78.5837 499.0769 22.1636 -0.0135 -0.0157 0.7247 -0.6887
1820.0000 -78.5723 499.8237 22.2102 -0.0136 -0.0153 0.7247 -0.6888
1821.0000 -78.5342 500.5988 22.2584 -0.0136 -0.0151 0.7243 -0.6891
1822.0000 -78.4958 501.3605 22.2987 -0.0135 -0.0150 0.7242 -0.6893
1823.0000 -78.4633 502.1075 22.3541 -0.0132 -0.0143 0.7242 -0.6893
1824.0000 -78.4294 502.8944 22.3955 -0.0129 -0.0137 0.7239 -0.6896
1825.0000 -78.3711 503.6678 22.4324 -0.0125 -0.0137 0.7239 -0.6897
1826.0000 -78.3524 504.4197 22.4796 -0.0120 -0.0138 0.7238 -0.6898
1827.0000 -78.3175 505.2005 22.5254 -0.0113 -0.0146 0.7236 -0.6900
1828.0000 -78.2417 506.0000 22.5802 -0.0108 -0.0149 0.7236 -0.6900
1829.0000 -78.2175 506.7812 22.6263 -0.0108 -0.0151 0.7234 -0.6902
1830.0000 -78.2134 507.5595 22.6642 -0.0111 -0.0151 0.7233 -0.6903
1831.0000 -78.1698 508.3554 22.7241 -0.0115 -0.0156 0.7228 -0.6907
1832.0000 -78.1299 509.1642 22.7511 -0.0118 -0.0153 0.7224 -0.6912
1833.0000 -78.0722 509.9617 22.8028 -0.0119 -0.0146 0.7219 -0.6918
1834.0000 -78.0453 510.7558 22.8438 -0.0112 -0.0137 0.7213 -0.6924
1835.0000 -78.0178 511.5740 22.9079 -0.0111 -0.0129 0.7208 -0.6929
1836.0000 -78.0010 512.3720 22.9507 -0.0117 -0.0125 0.7204 -0.6933
1837.0000 -77.9930 513.1784 22.9514 -0.0121 -0.0142 0.7199 -0.6938
1838.0000 -77.9241 513.9692 23.0202 -0.0108 -0.0210 0.7190 -0.6946
1839.0000 -77.8930 514.7686 23.1713 -0.0105 -0.0234 0.7179 -0.6957
1840.0000 -77.8670 515.5997 23.1640 -0.0117 -0.0231 0.7174 -0.6962
1841.0000 -77.8447 516.4282 23.1630 -0.0092 -0.0197 0.7168 -0.6969
1842.0000 -77.8057 517.2654 23.2607 -0.0050 -0.0141 0.7159 -0.6980
1843.0000 -77.8082 518.0768 23.3259 -0.0051 -0.0118 0.7156 -0.6984
1844.0000 -77.8313 518.8733 23.3435 -0.0088 -0.0148 0.7153 -0.6986
1845.0000 -77.7819 519.7032 23.3894 -0.0132 -0.0194 0.7143 -0.6995
1846.0000 -77.7697 520.5108 23.4258 -0.0157 -0.0221 0.7137 -0.7000
1847.0000 -77.7472 521.3629 23.4791 -0.0150 -0.0215 0.7129 -0.7007
1848.0000 -77.7567 522.1845 23.5335 -0.0123 -0.0201 0.7127 -0.7011
1849.0000 -77.7269 523.0398 23.6200 -0.0102 -0.0194 0.7119 -0.7019
1850.0000 -77.7118 523.8651 23.6797 -0.0096 -0.0202 0.7112 -0.7027
1851.0000 -77.6913 524.7159 23.7316 -0.0103 -0.0218 0.7104 -0.7034
1852.0000 -77.6970 525.5688 23.7831 -0.0111 -0.0230 0.7098 -0.7040
1853.0000 -77.6838 526.3967 23.8328 -0.0110 -0.0234 0.7094 -0.7043
1854.0000 -77.6702 527.2576 23.8954 -0.0103 -0.0227 0.7090 -0.7048
1855.0000 -77.6720 528.1031 23.9704 -0.0100 -0.0211 0.7086 -0.7052
1856.0000 -77.6710 528.9776 24.0103 -0.0106 -0.0201 0.7089 -0.7050
1857.0000 -77.6645 529.8280 24.0608 -0.0113 -0.0194 0.7096 -0.7043
1858.0000 -77.6570 530.6854 24.1139 -0.0118 -0.0192 0.7105 -0.7034
1859.0000 -77.6569 531.5378 24.1687 -0.0119 -0.0194 0.7112 -0.7026
1860.0000 -77.6279 532.4053 24.2311 -0.0117 -0.0192 0.7118 -0.7020
1861.0000 -77.6096 533.2719 24.2829 -0.0118 -0.0190 0.7126 -0.7012
1862.0000 -77.6070 534.1440 24.3308 -0.0117 -0.0187 0.7134 -0.7004
1863.0000 -77.5674 535.0125 24.3940 -0.0112 -0.0189 0.7143 -0.6995
1864.0000 -77.5409 535.9000 24.4477 -0.0105 -0.0200 0.7149 -0.6989
1865.0000 -77.5255 536.7682 24.5128 -0.0097 -0.0208 0.7154 -0.6983
1866.0000 -77.4854 537.6370 24.5718 -0.0090 -0.0215 0.7159 -0.6978
1867.0000 -77.4618 538.5138 24.6247 -0.0086 -0.0218 0.7163 -0.6974
1868.0000 -77.4149 539.4015 24.6785 -0.0082 -0.0216 0.7168 -0.6968
1869.0000 -77.4022 540.2956 24.7490 -0.0081 -0.0205 0.7171 -0.6967
1870.0000 -77.3926 541.2061 24.7884 -0.0091 -0.0195 0.7174 -0.6963
1871.0000 -77.3511 542.1144 24.8390 -0.0102 -0.0189 0.7178 -0.6960
1872.0000 -77.3338 543.0073 24.8919 -0.0111 -0.0186 0.7180 -0.6957
1873.0000 -77.3024 543.9058 24.9514 -0.0119 -0.0186 0.7182 -0.6955
1874.0000 -77.2750 544.8104 25.0013 -0.0123 -0.0186 0.7184 -0.6953
1875.0000 -77.2374 545.7069 25.0655 -0.0121 -0.0187 0.7185 -0.6952
1876.0000 -77.2121 546.6206 25.1260 -0.0119 -0.0188 0.7185 -0.6952
1877.0000 -77.1826 547.5518 25.1799 -0.0111 -0.0195 0.7184 -0.6953
1878.0000 -77.1432 548.4562 25.2598 -0.0107 -0.0203 0.7183 -0.6953
1879.0000 -77.1071 549.3892 25.3084 -0.0104 -0.0212 0.7183 -0.6954
1880.0000 -77.0761 550.3260 25.3744 -0.0100 -0.0219 0.7182 -0.6954
1881.0000 -77.0549 551.2443 25.4291 -0.0095 -0.0223 0.7183 -0.6953
1882.0000 -77.0158 552.1685 25.5059 -0.0097 -0.0222 0.7182 -0.6954
1883.0000 -76.9908 553.0897 25.5541 -0.0102 -0.0218 0.7182 -0.6954
1884.0000 -76.9558 554.0269 25.6232 -0.0104 -0.0205 0.7182 -0.6955
1885.0000 -76.9451 554.9463 25.6772 -0.0107 -0.0185 0.7182 -0.6956
1886.0000 -76.9242 555.8539 25.7424 -0.0113 -0.0165 0.7183 -0.6955
1887.0000 -76.8915 556.7945 25.7917 -0.0122 -0.0151 0.7182 -0.6956
1888.0000 -76.8568 557.6904 25.8467 -0.0125 -0.0143 0.7182 -0.6956
1889.0000 -76.8347 558.5918 25.9073 -0.0126 -0.0135 0.7180 -0.6958
1890.0000 -76.8188 559.5178 25.9584 -0.0126 -0.0133 0.7180 -0.6958
1891.0000 -76.7672 560.3981 26.0187 -0.0124 -0.0136 0.7180 -0.6958
1892.0000 -76.7428 561.3043 26.0767 -0.0128 -0.0140 0.7178 -0.6960
1893.0000 -76.7120 562.1899 26.1227 -0.0129 -0.0148 0.7179 -0.6959
1894.0000 -76.6942 563.0964 26.1808 -0.0122 -0.0156 0.7178 -0.6959
1895.0000 -76.6627 563.9765 26.2594 -0.0117 -0.0154 0.7178 -0.6959
1896.0000 -76.6403 564.8666 26.3092 -0.0115 -0.0144 0.7176 -0.6962
1897.0000 -76.6310 565.7575 26.3488 -0.0113 -0.0138 0.7178 -0.6961
1898.0000 -76.5660 566.6422 26.3999 -0.0110 -0.0141 0.7178 -0.6961
1899.0000 -76.5626 567.4864 26.4650 -0.0112 -0.0150 0.7177 -0.6961
1900.0000 -76.5379 568.3579 26.5255 -0.0119 -0.0163 0.7177 -0.6961
1901.0000 -76.5033 569.2272 26.5773 -0.0124 -0.0169 0.7177 -0.6961
1902.0000 -76.4666 570.0952 26.6350 -0.0124 -0.0168 0.7177 -0.6961
1903.0000 -76.4374 570.9472 26.6821 -0.0122 -0.0164 0.7178 -0.6960
1904.0000 -76.4162 571.7938 26.7440 -0.0123 -0.0160 0.7179 -0.6958
1905.0000 -76.4027 572.6362 26.8089 -0.0131 -0.0155 0.7179 -0.6959
1906.0000 -76.3756 573.4867 26.8661 -0.0146 -0.0149 0.7179 -0.6959
1907.0000 -76.3493 574.3320 26.9052 -0.0162 -0.0144 0.7179 -0.6958
1908.0000 -76.3171 575.1924 26.9516 -0.0167 -0.0138 0.7179 -0.6959
1909.0000 -76.2943 576.0127 27.0169 -0.0158 -0.0124 0.7179 -0.6958
1910.0000 -76.2765 576.8472 27.0732 -0.0147 -0.0111 0.7178 -0.6960
1911.0000 -76.2607 577.6916 27.1310 -0.0150 -0.0107 0.7179 -0.6959
1912.0000 -76.2312 578.5066 27.1849 -0.0163 -0.0106 0.7178 -0.6960
1913.0000 -76.2094 579.3267 27.2172 -0.0172 -0.0111 0.7178 -0.6960
1914.0000 -76.1829 580.1435 27.2856 -0.0172 -0.0105 0.7177 -0.6961
1915.0000 -76.1780 580.9535 27.3316 -0.0167 -0.0093 0.7177 -0.6961
1916.0000 -76.1406 581.7418 27.3770 -0.0159 -0.0075 0.7176 -0.6962
1917.0000 -76.1165 582.5314 27.4360 -0.0153 -0.0063 0.7175 -0.6963
1918.0000 -76.0964 583.3282 27.4821 -0.0153 -0.0063 0.7175 -0.6963
1919.0000 -76.0852 584.0785 27.5314 -0.0162 -0.0064 0.7176 -0.6962
1920.0000 -76.0473 584.8144 27.5809 -0.0174 -0.0065 0.7176 -0.6962
1921.0000 -76.0309 585.5656 27.6130 -0.0181 -0.0063 0.7178 -0.6960
1922.0000 -76.0162 586.3023 27.6737 -0.0194 -0.0044 0.7188 -0.6949
1923.0000 -75.9833 587.0285 27.7006 -0.0202 -0.0034 0.7204 -0.6933
1924.0000 -75.9566 587.7339 27.7497 -0.0204 -0.0029 0.7227 -0.6909
1925.0000 -75.9244 588.4199 27.7999 -0.0203 -0.0025 0.7256 -0.6878
1926.0000 -75.8853 589.1253 27.8439 -0.0203 -0.0021 0.7290 -0.6842
1927.0000 -75.8249 589.7883 27.8797 -0.0200 -0.0013 0.7332 -0.6797
1928.0000 -75.7346 590.4425 27.9188 -0.0196 -0.0005 0.7381 -0.6744
1929.0000 -75.6267 591.0945 27.9571 -0.0186 -0.0012 0.7436 -0.6684
1930.0000 -75.5201 591.7127 28.0003 -0.0172 -0.0026 0.7499 -0.6613
1931.0000 -75.4089 592.3510 28.0466 -0.0160 -0.0046 0.7570 -0.6532
1932.0000 -75.2899 592.9395 28.0831 -0.0149 -0.0067 0.7648 -0.6441
1933.0000 -75.1387 593.5061 28.1219 -0.0134 -0.0086 0.7728 -0.6344
1934.0000 -74.9695 594.0826 28.1568 -0.0121 -0.0099 0.7812 -0.6241
1935.0000 -74.7718 594.6290 28.1745 -0.0096 -0.0130 0.7906 -0.6121
1936.0000 -74.5676 595.1791 28.2246 -0.0077 -0.0160 0.8004 -0.5992
1937.0000 -74.3392 595.7184 28.2620 -0.0050 -0.0194 0.8110 -0.5847
1938.0000 -74.0846 596.2256 28.2863 -0.0024 -0.0205 0.8222 -0.5688
1939.0000 -73.8035 596.7379 28.3228 0.0000 -0.0205 0.8335 -0.5522
1940.0000 -73.5161 597.2405 28.3262 0.0020 -0.0198 0.8443 -0.5356
1941.0000 -73.2143 597.7496 28.3058 0.0054 -0.0215 0.8545 -0.5190
1942.0000 -72.8966 598.2120 28.3552 0.0099 -0.0238 0.8642 -0.5024
1943.0000 -72.5311 598.6474 28.4212 0.0122 -0.0250 0.8737 -0.4857
1944.0000 -72.1770 599.0664 28.4525 0.0101 -0.0228 0.8831 -0.4685
1945.0000 -71.8167 599.5239 28.4307 0.0043 -0.0205 0.8921 -0.4513
1946.0000 -71.4698 599.9509 28.4013 -0.0016 -0.0198 0.9006 -0.4342
1947.0000 -71.0771 600.3624 28.4115 -0.0059 -0.0230 0.9081 -0.4180
1948.0000 -70.6641 600.7182 28.4743 -0.0077 -0.0271 0.9150 -0.4026
1949.0000 -70.2394 601.0524 28.5308 -0.0077 -0.0283 0.9219 -0.3864
1950.0000 -69.7989 601.4240 28.5540 -0.0080 -0.0243 0.9288 -0.3697
1951.0000 -69.3566 601.8258 28.5203 -0.0065 -0.0201 0.9352 -0.3535
1952.0000 -68.8829 602.1583 28.5445 -0.0034 -0.0174 0.9407 -0.3387
1953.0000 -68.4122 602.4907 28.5811 -0.0012 -0.0177 0.9456 -0.3247
1954.0000 -67.9277 602.7829 28.6383 -0.0011 -0.0188 0.9499 -0.3121
1955.0000 -67.4537 603.0809 28.6589 -0.0030 -0.0194 0.9537 -0.3000
1956.0000 -66.9519 603.3947 28.6651 -0.0047 -0.0193 0.9574 -0.2881
1957.0000 -66.4434 603.6876 28.6613 -0.0052 -0.0192 0.9606 -0.2774
1958.0000 -65.9267 603.9552 28.6928 -0.0049 -0.0197 0.9634 -0.2674
1959.0000 -65.4047 604.2210 28.7253 -0.0041 -0.0201 0.9661 -0.2573
1960.0000 -64.8940 604.4913 28.7600 -0.0044 -0.0205 0.9686 -0.2478
1961.0000 -64.3547 604.7582 28.7788 -0.0059 -0.0210 0.9706 -0.2396
1962.0000 -63.8281 605.0114 28.8014 -0.0068 -0.0215 0.9723 -0.2325
1963.0000 -63.2898 605.2469 28.8287 -0.0075 -0.0213 0.9739 -0.2258
1964.0000 -62.7326 605.4856 28.8487 -0.0080 -0.0206 0.9753 -0.2198
1965.0000 -62.1592 605.7364 28.8671 -0.0083 -0.0200 0.9768 -0.2133
1966.0000 -61.5942 605.9836 28.9181 -0.0085 -0.0189 0.9782 -0.2067
1967.0000 -61.0237 606.2118 28.9329 -0.0093 -0.0182 0.9795 -0.2006
1968.0000 -60.4394 606.4357 28.9550 -0.0092 -0.0181 0.9807 -0.1943
1969.0000 -59.8259 606.6624 28.9885 -0.0078 -0.0180 0.9818 -0.1890
1970.0000 -59.2249 606.8854 29.0130 -0.0065 -0.0177 0.9828 -0.1836
1971.0000 -58.5880 607.1107 29.0414 -0.0043 -0.0169 0.9837 -0.1789
1972.0000 -57.9740 607.3143 29.0373 -0.0023 -0.0167 0.9845 -0.1745
1973.0000 -57.3447 607.5317 29.0666 -0.0011 -0.0174 0.9852 -0.1703
1974.0000 -56.7370 607.7429 29.1105 -0.0016 -0.0185 0.9860 -0.1660
1975.0000 -56.0900 607.9521 29.1384 -0.0041 -0.0187 0.9866 -0.1623
1976.0000 -55.4533 608.1341 29.1364 -0.0068 -0.0184 0.9871 -0.1589
1977.0000 -54.8120 608.3508 29.1400 -0.0074 -0.0186 0.9877 -0.1551
1978.0000 -54.1463 608.5393 29.1717 -0.0053 -0.0191 0.9883 -0.1515
1979.0000 -53.4757 608.7160 29.2139 -0.0026 -0.0193 0.9887 -0.1483
1980.0000 -52.8015 608.9113 29.2385 -0.0014 -0.0190 0.9892 -0.1453
1981.0000 -52.1175 609.1200 29.2582 -0.0008 -0.0183 0.9897 -0.1421
1982.0000 -51.4481 609.3083 29.2587 -0.0011 -0.0186 0.9900 -0.1395
1983.0000 -50.7602 609.4949 29.2745 -0.0010 -0.0198 0.9904 -0.1371
1984.0000 -50.0054 609.6704 29.3035 -0.0004 -0.0208 0.9906 -0.1353
1985.0000 -49.3109 609.8474 29.3215 -0.0003 -0.0215 0.9909 -0.1332
1986.0000 -48.6075 610.0330 29.3263 -0.0004 -0.0222 0.9911 -0.1310
1987.0000 -47.8731 610.2373 29.3356 0.0001 -0.0232 0.9914 -0.1289
1988.0000 -47.1609 610.4100 29.3646 0.0008 -0.0244 0.9916 -0.1272
1989.0000 -46.4089 610.5984 29.3940 0.0011 -0.0251 0.9917 -0.1262
1990.0000 -45.6627 610.7685 29.3926 0.0010 -0.0255 0.9917 -0.1259
1991.0000 -44.9274 610.9636 29.4007 0.0016 -0.0263 0.9918 -0.1254
1992.0000 -44.1633 611.1612 29.4284 0.0036 -0.0271 0.9918 -0.1250
1993.0000 -43.4208 611.3347 29.4547 0.0053 -0.0269 0.9918 -0.1249
1994.0000 -42.6447 611.5268 29.4529 0.0052 -0.0268 0.9918 -0.1247
1995.0000 -41.8675 611.7223 29.4594 0.0047 -0.0271 0.9918 -0.1246
1996.0000 -41.0741 611.9283 29.4782 0.0043 -0.0273 0.9918 -0.1250
1997.0000 -40.2969 612.1239 29.4810 0.0044 -0.0277 0.9917 -0.1253
1998.0000 -39.5465 612.3235 29.4923 0.0032 -0.0292 0.9916 -0.1260
1999.0000 -38.7558 612.5001 29.5162 0.0004 -0.0315 0.9915 -0.1263
2000.0000 -37.9436 612.7338 29.5516 -0.0023 -0.0333 0.9913 -0.1272
2001.0000 -37.1504 612.9356 29.5633 -0.0028 -0.0346 0.9912 -0.1278
2002.0000 -36.3322 613.1378 29.5887 -0.0001 -0.0360 0.9910 -0.1293
2003.0000 -35.4972 613.3599 29.6245 0.0020 -0.0376 0.9907 -0.1308
2004.0000 -34.6918 613.5834 29.6569 0.0024 -0.0379 0.9905 -0.1320
2005.0000 -33.8582 613.8190 29.6553 0.0021 -0.0378 0.9903 -0.1335
2006.0000 -33.0434 614.0240 29.6803 0.0029 -0.0378 0.9901 -0.1348
2007.0000 -32.2077 614.2519 29.7010 0.0041 -0.0376 0.9900 -0.1357
2008.0000 -31.3662 614.5141 29.7098 0.0049 -0.0377 0.9900 -0.1362
2009.0000 -30.5115 614.7438 29.7263 0.0052 -0.0381 0.9898 -0.1373
2010.0000 -29.6848 614.9576 29.7464 0.0051 -0.0390 0.9896 -0.1381
2011.0000 -28.8370 615.2158 29.7755 0.0050 -0.0404 0.9895 -0.1388
2012.0000 -27.9776 615.4581 29.7971 0.0043 -0.0407 0.9894 -0.1395
2013.0000 -27.0973 615.6993 29.7968 0.0034 -0.0411 0.9892 -0.1405
2014.0000 -26.2374 615.9484 29.8205 0.0034 -0.0409 0.9891 -0.1410
2015.0000 -25.3700 616.2133 29.8542 0.0045 -0.0401 0.9891 -0.1416
2016.0000 -24.5000 616.4605 29.8747 0.0059 -0.0380 0.9891 -0.1422
2017.0000 -23.6167 616.7441 29.8811 0.0056 -0.0356 0.9891 -0.1430
2018.0000 -22.7050 617.0094 29.8840 0.0037 -0.0345 0.9890 -0.1440
2019.0000 -21.8173 617.2684 29.8899 0.0023 -0.0352 0.9889 -0.1447
2020.0000 -20.9173 617.5364 29.9463 0.0036 -0.0348 0.9888 -0.1450
2021.0000 -20.0096 617.7921 29.9692 0.0054 -0.0338 0.9887 -0.1459
2022.0000 -19.0989 618.0742 29.9935 0.0058 -0.0320 0.9886 -0.1470
2023.0000 -18.1944 618.3589 29.9620 0.0047 -0.0319 0.9885 -0.1477
2024.0000 -17.2756 618.6387 30.0111 0.0045 -0.0321 0.9884 -0.1485
2025.0000 -16.3384 618.9437 30.0794 0.0041 -0.0304 0.9884 -0.1491
2026.0000 -15.4484 619.2178 30.0607 0.0022 -0.0278 0.9884 -0.1495
2027.0000 -14.5207 619.5207 30.0590 0.0021 -0.0258 0.9884 -0.1495
2028.0000 -13.5663 619.8239 30.0949 0.0030 -0.0242 0.9884 -0.1501
2029.0000 -12.6219 620.1119 30.1065 0.0033 -0.0239 0.9884 -0.1500
2030.0000 -11.6709 620.4015 30.1163 0.0013 -0.0275 0.9883 -0.1501
2031.0000 -10.7431 620.6825 30.2059 0.0003 -0.0272 0.9883 -0.1503
2032.0000 -9.7853 620.9697 30.1717 -0.0004 -0.0287 0.9882 -0.1505
2033.0000 -8.8293 621.2725 30.2163 0.0046 -0.0288 0.9881 -0.1513
2034.0000 -7.8807 621.5555 30.2428 0.0097 -0.0292 0.9880 -0.1516
2035.0000 -6.8744 621.8520 30.2613 0.0114 -0.0283 0.9879 -0.1520
2036.0000 -5.9003 622.1522 30.2393 0.0083 -0.0291 0.9878 -0.1525
2037.0000 -4.9866 622.4606 30.2734 0.0042 -0.0305 0.9879 -0.1521
2038.0000 -4.0371 622.7530 30.2928 0.0014 -0.0320 0.9879 -0.1517
2039.0000 -3.0838 623.0532 30.3183 0.0017 -0.0326 0.9879 -0.1519
2040.0000 -2.1002 623.3538 30.3586 0.0031 -0.0324 0.9878 -0.1523
2041.0000 -1.1004 623.6688 30.3923 0.0038 -0.0308 0.9879 -0.1521
2042.0000 -0.1162 623.9619 30.3906 0.0032 -0.0297 0.9879 -0.1524
2043.0000 0.8781 624.2723 30.4052 0.0024 -0.0294 0.9878 -0.1526
2044.0000 1.8440 624.5857 30.4424 0.0019 -0.0295 0.9879 -0.1525
2045.0000 2.8073 624.9198 30.4522 0.0021 -0.0301 0.9879 -0.1524
2046.0000 3.8330 625.2439 30.4874 0.0045 -0.0307 0.9879 -0.1522
2047.0000 4.8587 625.5552 30.5211 0.0070 -0.0307 0.9878 -0.1527
2048.0000 5.8486 625.8570 30.5317 0.0075 -0.0307 0.9878 -0.1527
2049.0000 6.8425 626.1628 30.5207 0.0059 -0.0325 0.9877 -0.1526
2050.0000 7.8481 626.4763 30.5619 0.0046 -0.0344 0.9878 -0.1521
2051.0000 8.8791 626.7810 30.5945 0.0051 -0.0358 0.9877 -0.1520
2052.0000 9.8557 627.0791 30.6167 0.0066 -0.0362 0.9877 -0.1518
2053.0000 10.8918 627.4049 30.6291 0.0083 -0.0366 0.9877 -0.1515
2054.0000 11.8966 627.7004 30.6500 0.0089 -0.0366 0.9878 -0.1508
2055.0000 12.8979 628.0065 30.6677 0.0084 -0.0374 0.9879 -0.1505
2056.0000 13.8956 628.3147 30.7059 0.0068 -0.0373 0.9880 -0.1499
2057.0000 14.8936 628.6327 30.7050 0.0043 -0.0375 0.9881 -0.1494
2058.0000 15.8893 628.9501 30.7248 0.0033 -0.0379 0.9881 -0.1490
2059.0000 16.9515 629.2615 30.7763 0.0049 -0.0376 0.9882 -0.1486
2060.0000 17.9461 629.5743 30.8057 0.0066 -0.0364 0.9882 -0.1485
2061.0000 18.9572 629.8655 30.8037 0.0068 -0.0349 0.9883 -0.1482
2062.0000 19.9318 630.1706 30.8178 0.0062 -0.0342 0.9884 -0.1478
2063.0000 20.9297 630.4683 30.8503 0.0062 -0.0339 0.9885 -0.1472
2064.0000 21.9154 630.7694 30.8645 0.0069 -0.0338 0.9886 -0.1469
2065.0000 22.9335 631.0618 30.8845 0.0086 -0.0336 0.9886 -0.1463
2066.0000 23.9428 631.3506 30.8912 0.0105 -0.0340 0.9887 -0.1458
2067.0000 24.9051 631.6628 30.9201 0.0111 -0.0346 0.9888 -0.1450
2068.0000 25.8849 631.9378 30.9184 0.0106 -0.0357 0.9888 -0.1446
2069.0000 26.8819 632.2169 30.9905 0.0100 -0.0354 0.9889 -0.1437
2070.0000 27.8594 632.5093 30.9335 0.0082 -0.0362 0.9892 -0.1419
2071.0000 28.8169 632.7649 31.0223 0.0084 -0.0349 0.9896 -0.1395
2072.0000 29.8082 633.0374 30.9967 0.0089 -0.0326 0.9900 -0.1373
2073.0000 30.7901 633.3315 31.0024 0.0097 -0.0305 0.9903 -0.1349
2074.0000 31.7640 633.6058 31.0308 0.0100 -0.0292 0.9907 -0.1323
2075.0000 32.7541 633.8610 31.0551 0.0097 -0.0267 0.9912 -0.1294
2076.0000 33.6890 634.1030 31.0367 0.0087 -0.0250 0.9917 -0.1261
2077.0000 34.6709 634.3355 31.0404 0.0078 -0.0240 0.9922 -0.1222
2078.0000 35.6115 634.5531 31.0585 0.0075 -0.0245 0.9928 -0.1174
2079.0000 36.5806 634.7711 31.0962 0.0076 -0.0249 0.9933 -0.1123
2080.0000 37.5360 634.9772 31.0929 0.0075 -0.0256 0.9939 -0.1068
2081.0000 38.5074 635.1559 31.1170 0.0075 -0.0265 0.9945 -0.1012
2082.0000 39.4597 635.3484 31.1415 0.0076 -0.0274 0.9950 -0.0953
2083.0000 40.4180 635.5027 31.1886 0.0078 -0.0262 0.9956 -0.0896
2084.0000 41.3845 635.6755 31.1715 0.0067 -0.0240 0.9962 -0.0830
2085.0000 42.3441 635.8239 31.1642 0.0046 -0.0223 0.9968 -0.0761
2086.0000 43.3035 635.9523 31.1851 0.0028 -0.0215 0.9974 -0.0689
2087.0000 44.2651 636.0463 31.2167 0.0029 -0.0204 0.9979 -0.0615
2088.0000 45.2275 636.1734 31.2253 0.0052 -0.0192 0.9983 -0.0542
2089.0000 46.1964 636.2478 31.2314 0.0078 -0.0180 0.9987 -0.0471
2090.0000 47.1827 636.3194 31.2331 0.0095 -0.0174 0.9990 -0.0398
2091.0000 48.1536 636.3602 31.2537 0.0105 -0.0164 0.9993 -0.0328
2092.0000 49.1272 636.4130 31.2267 0.0103 -0.0162 0.9995 -0.0258
2093.0000 50.0809 636.4380 31.2356 0.0098 -0.0166 0.9996 -0.0191
2094.0000 51.0514 636.4460 31.2422 0.0092 -0.0176 0.9997 -0.0132
2095.0000 52.0004 636.4663 31.2549 0.0092 -0.0193 0.9997 -0.0075
2096.0000 52.9772 636.4594 31.2734 0.0102 -0.0197 0.9998 -0.0030
2097.0000 53.9414 636.4381 31.2668 0.0108 -0.0192 0.9998 0.0008
2098.0000 54.9164 636.4405 31.2432 0.0114 -0.0189 0.9997 0.0048
2099.0000 55.8681 636.4222 31.2416 0.0124 -0.0191 0.9997 0.0083
2100.0000 56.8297 636.4063 31.2485 0.0134 -0.0193 0.9997 0.0112
2101.0000 57.7807 636.3652 31.2469 0.0138 -0.0198 0.9996 0.0134
2102.0000 58.7265 636.3244 31.2433 0.0138 -0.0199 0.9996 0.0152
2103.0000 59.6861 636.2724 31.2264 0.0138 -0.0205 0.9996 0.0168
2104.0000 60.6272 636.2452 31.2230 0.0139 -0.0217 0.9995 0.0185
2105.0000 61.5795 636.2008 31.2394 0.0141 -0.0225 0.9995 0.0198
2106.0000 62.5097 636.1444 31.2257 0.0138 -0.0228 0.9994 0.0202
2107.0000 63.4380 636.1188 31.2107 0.0142 -0.0234 0.9994 0.0208
2108.0000 64.3773 636.0811 31.2164 0.0148 -0.0239 0.9994 0.0215
2109.0000 65.3076 636.0253 31.2094 0.0148 -0.0242 0.9994 0.0218
2110.0000 66.2491 635.9910 31.2094 0.0140 -0.0240 0.9994 0.0218
2111.0000 67.1788 635.9542 31.1925 0.0135 -0.0236 0.9994 0.0215
2112.0000 68.1141 635.9330 31.2005 0.0137 -0.0232 0.9994 0.0208
2113.0000 69.0420 635.9007 31.1906 0.0144 -0.0221 0.9995 0.0194
2114.0000 69.9464 635.8638 31.1952 0.0152 -0.0207 0.9995 0.0183
2115.0000 70.8810 635.8475 31.1783 0.0148 -0.0195 0.9995 0.0174
2116.0000 71.8195 635.8291 31.1728 0.0142 -0.0190 0.9996 0.0164
2117.0000 72.7366 635.7932 31.1771 0.0142 -0.0184 0.9996 0.0152
2118.0000 73.6550 635.7824 31.1595 0.0143 -0.0179 0.9996 0.0143
2119.0000 74.5727 635.7446 31.1569 0.0156 -0.0169 0.9997 0.0130
2120.0000 75.5016 635.7285 31.1361 0.0176 -0.0159 0.9996 0.0123
2121.0000 76.4332 635.7257 31.1210 0.0183 -0.0151 0.9996 0.0122
2122.0000 77.3527 635.7137 31.0986 0.0139 -0.0159 0.9997 0.0120
2123.0000 78.2321 635.6928 31.1252 0.0085 -0.0170 0.9997 0.0120
2124.0000 79.1169 635.6641 31.1217 0.0060 -0.0181 0.9997 0.0119
2125.0000 80.0398 635.6175 31.1371 0.0087 -0.0198 0.9997 0.0115
2126.0000 80.9669 635.6139 31.1412 0.0130 -0.0207 0.9996 0.0115
2127.0000 81.8742 635.5849 31.1529 0.0156 -0.0208 0.9996 0.0116
2128.0000 82.7890 635.5588 31.1500 0.0152 -0.0196 0.9996 0.0120
2129.0000 83.6870 635.5519 31.1327 0.0130 -0.0183 0.9997 0.0130
2130.0000 84.5694 635.5215 31.1289 0.0115 -0.0175 0.9997 0.0139
2131.0000 85.4656 635.4981 31.1262 0.0121 -0.0170 0.9997 0.0155
2132.0000 86.3805 635.4718 31.1149 0.0142 -0.0167 0.9996 0.0171
2133.0000 87.2831 635.4197 31.1142 0.0142 -0.0183 0.9996 0.0188
2134.0000 88.1433 635.3754 31.1403 0.0114 -0.0195 0.9995 0.0208
2135.0000 89.0191 635.3341 31.1420 0.0080 -0.0209 0.9995 0.0232
2136.0000 89.9123 635.2691 31.1396 0.0080 -0.0221 0.9994 0.0252
2137.0000 90.8018 635.2194 31.1472 0.0104 -0.0231 0.9993 0.0271
2138.0000 91.6913 635.1598 31.1342 0.0122 -0.0236 0.9992 0.0289
2139.0000 92.5637 635.0907 31.1455 0.0129 -0.0236 0.9992 0.0312
2140.0000 93.4531 635.0335 31.1381 0.0119 -0.0233 0.9991 0.0338
2141.0000 94.3143 634.9661 31.1571 0.0109 -0.0227 0.9990 0.0372
2142.0000 95.1869 634.8765 31.1624 0.0094 -0.0239 0.9988 0.0407
2143.0000 96.0549 634.7870 31.1670 0.0087 -0.0252 0.9986 0.0450
2144.0000 96.9219 634.6829 31.1707 0.0088 -0.0264 0.9984 0.0493
2145.0000 97.7887 634.5749 31.1933 0.0113 -0.0262 0.9981 0.0542
2146.0000 98.6891 634.4667 31.1540 0.0145 -0.0269 0.9978 0.0587
2147.0000 99.5427 634.3444 31.1559 0.0171 -0.0276 0.9975 0.0635
2148.0000 100.4102 634.2126 31.1433 0.0172 -0.0288 0.9971 0.0686
2149.0000 101.2653 634.0849 31.1314 0.0143 -0.0305 0.9967 0.0744
2150.0000 102.1081 633.9250 31.1451 0.0123 -0.0315 0.9963 0.0793
2151.0000 102.9567 633.7857 31.1436 0.0116 -0.0327 0.9958 0.0849
2152.0000 103.8194 633.6069 31.1449 0.0133 -0.0327 0.9953 0.0899
2153.0000 104.6744 633.4368 31.1204 0.0155 -0.0324 0.9948 0.0952
2154.0000 105.5252 633.2727 31.1243 0.0183 -0.0308 0.9943 0.1003
2155.0000 106.3855 633.0754 31.0854 0.0189 -0.0279 0.9939 0.1053
2156.0000 107.2188 632.8946 30.9850 0.0156 -0.0287 0.9933 0.1105
2157.0000 108.0313 632.6663 31.0459 0.0124 -0.0315 0.9927 0.1153
2158.0000 108.8372 632.4416 31.0722 0.0088 -0.0329 0.9921 0.1207
2159.0000 109.6664 632.2253 31.0451 0.0081 -0.0334 0.9913 0.1267
2160.0000 110.5163 631.9825 31.0180 0.0109 -0.0350 0.9906 0.1315
2161.0000 111.3435 631.7302 31.0212 0.0155 -0.0358 0.9898 0.1367
2162.0000 112.1667 631.4728 30.9963 0.0179 -0.0369 0.9890 0.1419
2163.0000 112.9726 631.2083 30.9912 0.0183 -0.0370 0.9882 0.1476
2164.0000 113.7731 630.9457 30.9832 0.0163 -0.0360 0.9873 0.1537
2165.0000 114.5851 630.6734 30.9364 0.0137 -0.0350 0.9864 0.1600
2166.0000 115.3735 630.3848 30.9135 0.0131 -0.0355 0.9854 0.1659
2167.0000 116.1723 630.0592 30.9026 0.0133 -0.0368 0.9844 0.1715
2168.0000 116.9679 629.7452 30.8970 0.0133 -0.0384 0.9832 0.1781
2169.0000 117.7584 629.4260 30.8958 0.0131 -0.0388 0.9820 0.1845
2170.0000 118.5321 629.0899 30.8731 0.0131 -0.0393 0.9808 0.1905
2171.0000 119.3053 628.7384 30.8592 0.0142 -0.0390 0.9796 0.1967
2172.0000 120.0792 628.3841 30.8323 0.0155 -0.0395 0.9783 0.2027
2173.0000 120.8734 628.0301 30.8149 0.0175 -0.0395 0.9768 0.2098
2174.0000 121.6583 627.6494 30.7901 0.0191 -0.0384 0.9752 0.2169
2175.0000 122.4128 627.2644 30.7499 0.0207 -0.0369 0.9737 0.2240
2176.0000 123.1906 626.8731 30.6957 0.0197 -0.0355 0.9720 0.2314
2177.0000 123.9461 626.4759 30.6906 0.0178 -0.0353 0.9703 0.2388
2178.0000 124.6875 626.0276 30.6803 0.0158 -0.0339 0.9687 0.2455
2179.0000 125.4416 625.6055 30.6508 0.0156 -0.0335 0.9667 0.2531
2180.0000 126.1873 625.1622 30.6149 0.0176 -0.0349 0.9647 0.2604
2181.0000 126.9146 624.6779 30.5913 0.0208 -0.0369 0.9627 0.2674
2182.0000 127.6319 624.1973 30.5888 0.0230 -0.0365 0.9606 0.2746
2183.0000 128.3777 623.7275 30.5368 0.0217 -0.0348 0.9586 0.2816
2184.0000 129.0834 623.2504 30.4816 0.0193 -0.0343 0.9567 0.2883
2185.0000 129.7815 622.7532 30.4619 0.0179 -0.0344 0.9549 0.2943
2186.0000 130.4702 622.2414 30.4430 0.0173 -0.0342 0.9529 0.3008
2187.0000 131.1531 621.7296 30.4096 0.0168 -0.0343 0.9511 0.3066
2188.0000 131.8487 621.2190 30.3909 0.0169 -0.0341 0.9492 0.3123
2189.0000 132.5317 620.7087 30.3579 0.0171 -0.0341 0.9473 0.3181
2190.0000 133.2029 620.1631 30.3229 0.0178 -0.0345 0.9454 0.3236
2191.0000 133.8551 619.6316 30.3008 0.0178 -0.0361 0.9433 0.3294
2192.0000 134.4971 619.0810 30.2814 0.0185 -0.0369 0.9414 0.3349
2193.0000 135.1538 618.5249 30.2488 0.0187 -0.0372 0.9394 0.3404
2194.0000 135.7766 617.9767 30.2216 0.0198 -0.0367 0.9374 0.3457
2195.0000 136.4085 617.4113 30.1837 0.0219 -0.0356 0.9354 0.3510
2196.0000 137.0319 616.8621 30.1125 0.0252 -0.0357 0.9336 0.3556
2197.0000 137.6592 616.2801 30.0925 0.0285 -0.0350 0.9318 0.3601
2198.0000 138.2655 615.7045 30.0394 0.0256 -0.0352 0.9299 0.3653
2199.0000 138.8345 615.1412 30.0456 0.0177 -0.0331 0.9281 0.3705
2200.0000 139.3993 614.5923 30.0099 0.0124 -0.0317 0.9262 0.3755
2201.0000 139.9781 614.0095 29.9533 0.0136 -0.0316 0.9242 0.3803
2202.0000 140.5574 613.4097 29.9016 0.0194 -0.0347 0.9223 0.3843
2203.0000 141.1414 612.7812 29.8913 0.0246 -0.0381 0.9203 0.3886
2204.0000 141.6811 612.1770 29.8883 0.0258 -0.0389 0.9183 0.3931
2205.0000 142.2447 611.5761 29.8491 0.0237 -0.0363 0.9164 0.3979
2206.0000 142.7798 611.0055 29.7909 0.0218 -0.0343 0.9144 0.4028
2207.0000 143.3111 610.4061 29.7527 0.0211 -0.0312 0.9126 0.4071
2208.0000 143.8374 609.8111 29.6915 0.0195 -0.0315 0.9106 0.4116
2209.0000 144.3484 609.1854 29.6784 0.0189 -0.0325 0.9086 0.4160
2210.0000 144.8444 608.5693 29.6714 0.0193 -0.0325 0.9066 0.4202
2211.0000 145.3431 607.9616 29.6227 0.0193 -0.0332 0.9044 0.4249
2212.0000 145.8156 607.3299 29.5986 0.0184 -0.0343 0.9021 0.4297
2213.0000 146.2848 606.6948 29.5550 0.0174 -0.0365 0.8997 0.4346
2214.0000 146.7468 606.0666 29.5297 0.0184 -0.0400 0.8969 0.4401
2215.0000 147.2076 605.4110 29.5006 0.0205 -0.0420 0.8942 0.4453
2216.0000 147.6572 604.7916 29.4474 0.0222 -0.0429 0.8915 0.4505
2217.0000 148.1221 604.1327 29.3914 0.0228 -0.0436 0.8887 0.4558
2218.0000 148.5410 603.5135 29.3559 0.0220 -0.0428 0.8861 0.4609
2219.0000 148.9620 602.8853 29.3330 0.0211 -0.0414 0.8832 0.4667
2220.0000 149.3900 602.2300 29.2930 0.0204 -0.0387 0.8801 0.4727
2221.0000 149.8087 601.5844 29.2431 0.0198 -0.0378 0.8770 0.4786
2222.0000 150.2012 600.9441 29.2233 0.0207 -0.0380 0.8736 0.4847
2223.0000 150.5736 600.2835 29.1853 0.0225 -0.0374 0.8707 0.4899
2224.0000 150.9688 599.6141 29.1226 0.0222 -0.0371 0.8674 0.4958
2225.0000 151.3214 598.9677 29.1079 0.0208 -0.0360 0.8642 0.5014
2226.0000 151.6561 598.2804 29.0720 0.0193 -0.0347 0.8612 0.5068
2227.0000 151.9920 597.6230 29.0232 0.0192 -0.0341 0.8581 0.5120
2228.0000 152.3417 596.9438 28.9823 0.0210 -0.0348 0.8551 0.5168
2229.0000 152.6680 596.2554 28.9353 0.0230 -0.0362 0.8524 0.5211
2230.0000 152.9731 595.5682 28.8805 0.0238 -0.0367 0.8501 0.5248
2231.0000 153.3023 594.9124 28.8478 0.0235 -0.0371 0.8476 0.5288
2232.0000 153.6416 594.2478 28.8109 0.0222 -0.0364 0.8450 0.5331
2233.0000 153.9626 593.5609 28.7735 0.0200 -0.0374 0.8427 0.5367
2234.0000 154.2356 592.8936 28.7327 0.0179 -0.0396 0.8407 0.5398
2235.0000 154.4919 592.2051 28.7296 0.0172 -0.0424 0.8387 0.5427
2236.0000 154.7906 591.5229 28.7039 0.0195 -0.0420 0.8367 0.5458
2237.0000 155.0969 590.8473 28.6175 0.0200 -0.0424 0.8347 0.5487
2238.0000 155.3637 590.1534 28.5768 0.0202 -0.0426 0.8328 0.5516
2239.0000 155.6220 589.4534 28.5341 0.0177 -0.0432 0.8311 0.5541
2240.0000 155.8768 588.7738 28.5301 0.0162 -0.0430 0.8288 0.5576
2241.0000 156.1382 588.1057 28.4990 0.0172 -0.0422 0.8269 0.5605
2242.0000 156.4259 587.4318 28.4380 0.0197 -0.0418 0.8250 0.5633
2243.0000 156.6564 586.7331 28.3845 0.0236 -0.0422 0.8230 0.5659
2244.0000 156.9156 586.0584 28.3083 0.0262 -0.0427 0.8213 0.5683
2245.0000 157.1491 585.3742 28.2597 0.0256 -0.0432 0.8193 0.5711
2246.0000 157.4186 584.7243 28.2392 0.0240 -0.0412 0.8175 0.5740
2247.0000 157.6573 584.0564 28.2192 0.0224 -0.0386 0.8160 0.5764
2248.0000 157.8621 583.3636 28.1571 0.0212 -0.0363 0.8146 0.5785
2249.0000 158.0838 582.6895 28.1184 0.0213 -0.0364 0.8131 0.5805
2250.0000 158.3157 582.0149 28.0832 0.0216 -0.0366 0.8115 0.5828
2251.0000 158.5288 581.3521 28.0472 0.0213 -0.0358 0.8096 0.5855
2252.0000 158.7341 580.6867 28.0046 0.0198 -0.0348 0.8081 0.5877
2253.0000 158.9339 580.0282 27.9919 0.0188 -0.0337 0.8065 0.5900
2254.0000 159.1331 579.3532 27.9490 0.0182 -0.0330 0.8046 0.5926
2255.0000 159.3311 578.7011 27.9282 0.0189 -0.0327 0.8024 0.5956
2256.0000 159.5502 578.0105 27.8661 0.0197 -0.0329 0.8000 0.5988
2257.0000 159.7275 577.3502 27.8453 0.0204 -0.0336 0.7977 0.6017
2258.0000 159.8533 576.7050 27.8278 0.0213 -0.0337 0.7952 0.6051
2259.0000 160.0523 576.0372 27.7843 0.0218 -0.0332 0.7928 0.6081
2260.0000 160.2074 575.3921 27.7354 0.0217 -0.0331 0.7905 0.6112
2261.0000 160.3718 574.7282 27.7078 0.0218 -0.0336 0.7884 0.6138
2262.0000 160.5116 574.0834 27.6786 0.0221 -0.0337 0.7863 0.6165
2263.0000 160.6513 573.4449 27.6541 0.0231 -0.0336 0.7843 0.6190
2264.0000 160.8036 572.7613 27.6106 0.0246 -0.0330 0.7822 0.6217
2265.0000 160.9359 572.1001 27.5625 0.0258 -0.0323 0.7802 0.6241
2266.0000 161.1070 571.4327 27.5155 0.0264 -0.0322 0.7778 0.6272
2267.0000 161.2121 570.7888 27.4978 0.0273 -0.0318 0.7755 0.6300
2268.0000 161.3340 570.1166 27.4298 0.0275 -0.0311 0.7730 0.6330
2269.0000 161.4667 569.4793 27.3986 0.0275 -0.0305 0.7701 0.6365
2270.0000 161.5696 568.8120 27.3651 0.0270 -0.0298 0.7676 0.6397
2271.0000 161.6684 568.1575 27.3346 0.0269 -0.0290 0.7648 0.6430
2272.0000 161.7603 567.4750 27.2935 0.0264 -0.0279 0.7621 0.6463
2273.0000 161.8736 566.8237 27.2555 0.0261 -0.0271 0.7592 0.6498
2274.0000 161.9559 566.1485 27.2177 0.0264 -0.0263 0.7567 0.6527
2275.0000 162.0418 565.4646 27.1786 0.0267 -0.0261 0.7536 0.6562
2276.0000 162.1315 564.7958 27.1579 0.0279 -0.0258 0.7508 0.6594
2277.0000 162.1994 564.1300 27.1059 0.0284 -0.0252 0.7480 0.6626
2278.0000 162.2519 563.4758 27.0589 0.0284 -0.0249 0.7450 0.6660
2279.0000 162.3145 562.7674 27.0334 0.0282 -0.0250 0.7419 0.6694
2280.0000 162.3829 562.0998 27.0035 0.0279 -0.0245 0.7389 0.6728
2281.0000 162.4233 561.4085 26.9614 0.0276 -0.0248 0.7357 0.6763
2282.0000 162.4538 560.7624 26.9260 0.0276 -0.0256 0.7327 0.6795
2283.0000 162.5007 560.0687 26.8809 0.0274 -0.0269 0.7297 0.6827
2284.0000 162.5216 559.3979 26.8546 0.0276 -0.0289 0.7262 0.6863
2285.0000 162.5438 558.7087 26.8174 0.0275 -0.0296 0.7229 0.6898
2286.0000 162.5615 558.0283 26.7715 0.0267 -0.0295 0.7199 0.6929
2287.0000 162.5447 557.3864 26.7424 0.0261 -0.0292 0.7171 0.6959
2288.0000 162.5514 556.7150 26.6941 0.0247 -0.0287 0.7142 0.6989
2289.0000 162.5457 556.0401 26.6636 0.0231 -0.0292 0.7113 0.7019
2290.0000 162.5480 555.3767 26.6537 0.0223 -0.0299 0.7083 0.7049
2291.0000 162.5170 554.7114 26.6228 0.0227 -0.0299 0.7057 0.7075
2292.0000 162.4969 554.0544 26.5686 0.0233 -0.0295 0.7034 0.7098
2293.0000 162.4911 553.3821 26.5279 0.0240 -0.0294 0.7005 0.7126
2294.0000 162.4774 552.7415 26.5044 0.0245 -0.0294 0.6980 0.7151
2295.0000 162.4562 552.0586 26.4686 0.0246 -0.0289 0.6954 0.7176
2296.0000 162.4230 551.4129 26.4263 0.0246 -0.0284 0.6929 0.7201
2297.0000 162.3640 550.7757 26.3954 0.0246 -0.0286 0.6905 0.7224
2298.0000 162.3279 550.1139 26.3622 0.0249 -0.0291 0.6876 0.7251
2299.0000 162.2723 549.4648 26.3304 0.0252 -0.0297 0.6849 0.7276
2300.0000 162.2520 548.8181 26.3029 0.0261 -0.0298 0.6824 0.7299
2301.0000 162.1830 548.1556 26.2491 0.0262 -0.0295 0.6801 0.7321
2302.0000 162.1018 547.5173 26.2042 0.0259 -0.0297 0.6780 0.7340
2303.0000 162.0487 546.9132 26.1892 0.0258 -0.0308 0.6756 0.7361
2304.0000 161.9876 546.2419 26.1533 0.0260 -0.0315 0.6732 0.7383
2305.0000 161.9106 545.5955 26.1125 0.0266 -0.0324 0.6712 0.7401
2306.0000 161.8269 544.9718 26.0673 0.0273 -0.0329 0.6691 0.7419
2307.0000 161.7206 544.3294 26.0180 0.0273 -0.0331 0.6672 0.7437
2308.0000 161.6628 543.6861 25.9826 0.0265 -0.0334 0.6652 0.7455
2309.0000 161.5960 543.0754 25.9532 0.0250 -0.0339 0.6635 0.7470
2310.0000 161.4982 542.4199 25.9304 0.0244 -0.0335 0.6621 0.7483
2311.0000 161.4032 541.8056 25.8814 0.0238 -0.0331 0.6609 0.7494
2312.0000 161.3241 541.1772 25.8498 0.0245 -0.0326 0.6592 0.7509
2313.0000 161.2145 540.5601 25.7991 0.0252 -0.0323 0.6580 0.7519
2314.0000 161.1552 539.9182 25.7602 0.0259 -0.0325 0.6565 0.7532
2315.0000 161.0541 539.2754 25.7143 0.0267 -0.0334 0.6552 0.7543
2316.0000 160.9841 538.6673 25.6884 0.0276 -0.0342 0.6537 0.7555
2317.0000 160.8622 538.0345 25.6461 0.0282 -0.0345 0.6525 0.7565
2318.0000 160.7611 537.4205 25.6089 0.0290 -0.0345 0.6511 0.7577
2319.0000 160.6761 536.7972 25.5695 0.0296 -0.0340 0.6496 0.7589
2320.0000 160.5800 536.1948 25.5187 0.0295 -0.0331 0.6483 0.7601
2321.0000 160.4785 535.5775 25.4857 0.0292 -0.0326 0.6467 0.7615
2322.0000 160.3538 534.9626 25.4457 0.0287 -0.0322 0.6455 0.7625
2323.0000 160.2598 534.3633 25.4037 0.0284 -0.0321 0.6440 0.7638
2324.0000 160.1396 533.7383 25.3693 0.0287 -0.0326 0.6422 0.7653
2325.0000 160.0209 533.1249 25.3177 0.0292 -0.0326 0.6404 0.7668
2326.0000 159.8991 532.5035 25.2860 0.0293 -0.0324 0.6383 0.7685
2327.0000 159.7564 531.9182 25.2532 0.0290 -0.0310 0.6360 0.7705
2328.0000 159.6331 531.3104 25.2185 0.0281 -0.0283 0.6334 0.7728
2329.0000 159.5112 530.7099 25.1814 0.0271 -0.0259 0.6301 0.7756
2330.0000 159.3856 530.1202 25.1201 0.0253 -0.0248 0.6265 0.7786
2331.0000 159.2295 529.5236 25.1006 0.0242 -0.0260 0.6228 0.7816
2332.0000 159.0793 528.9304 25.0892 0.0239 -0.0283 0.6188 0.7847
2333.0000 158.8999 528.3458 25.0662 0.0243 -0.0301 0.6150 0.7876
2334.0000 158.7358 527.7626 25.0221 0.0247 -0.0308 0.6112 0.7905
2335.0000 158.5680 527.1826 24.9813 0.0243 -0.0316 0.6073 0.7935
2336.0000 158.4015 526.6069 24.9659 0.0238 -0.0319 0.6036 0.7963
2337.0000 158.2089 526.0276 24.9438 0.0245 -0.0322 0.5997 0.7992
2338.0000 158.0367 525.4553 24.9002 0.0264 -0.0325 0.5961 0.8018
2339.0000 157.8576 524.8954 24.8429 0.0288 -0.0330 0.5920 0.8047
2340.0000 157.6353 524.3311 24.7961 0.0312 -0.0332 0.5881 0.8075
2341.0000 157.4500 523.7642 24.7352 0.0316 -0.0340 0.5827 0.8114
2342.0000 157.2208 523.2233 24.7247 0.0322 -0.0357 0.5767 0.8155
2343.0000 156.9874 522.6669 24.6841 0.0329 -0.0378 0.5706 0.8197
2344.0000 156.7629 522.1202 24.6332 0.0359 -0.0411 0.5635 0.8243
2345.0000 156.5203 521.5606 24.5547 0.0405 -0.0459 0.5564 0.8287
2346.0000 156.2885 520.9846 24.4738 0.0455 -0.0522 0.5493 0.8328
2347.0000 155.9900 520.4450 24.4017 0.0493 -0.0580 0.5420 0.8369
2348.0000 155.6989 519.9098 24.3245 0.0515 -0.0621 0.5342 0.8415
2349.0000 155.4215 519.3553 24.2594 0.0529 -0.0646 0.5257 0.8466
2350.0000 155.1095 518.8009 24.1740 0.0542 -0.0652 0.5176 0.8514
2351.0000 154.7883 518.2762 24.0821 0.0569 -0.0656 0.5096 0.8560
2352.0000 154.4595 517.7259 23.9932 0.0620 -0.0650 0.5017 0.8604
2353.0000 154.1285 517.1779 23.8464 0.0653 -0.0647 0.4939 0.8647
2354.0000 153.7914 516.6302 23.7551 0.0689 -0.0642 0.4858 0.8690
2355.0000 153.4259 516.0990 23.6516 0.0693 -0.0628 0.4782 0.8733
2356.0000 153.0518 515.5557 23.5705 0.0679 -0.0598 0.4706 0.8777
2357.0000 152.6647 515.0197 23.4875 0.0652 -0.0560 0.4640 0.8816
2358.0000 152.2755 514.4795 23.4151 0.0642 -0.0510 0.4587 0.8848
2359.0000 151.8718 513.9469 23.2966 0.0634 -0.0476 0.4542 0.8873
2360.0000 151.4397 513.3945 23.2099 0.0634 -0.0467 0.4503 0.8894
2361.0000 151.0133 512.8532 23.1500 0.0639 -0.0484 0.4462 0.8913
2362.0000 150.5877 512.2949 23.0778 0.0647 -0.0487 0.4414 0.8937
2363.0000 150.1393 511.7487 22.9927 0.0633 -0.0475 0.4370 0.8960
2364.0000 149.6821 511.2063 22.9289 0.0614 -0.0458 0.4327 0.8983
2365.0000 149.2264 510.6696 22.8518 0.0596 -0.0436 0.4281 0.9007
2366.0000 148.7529 510.1422 22.7795 0.0588 -0.0432 0.4237 0.9029
2367.0000 148.2686 509.6155 22.7128 0.0599 -0.0430 0.4193 0.9048
2368.0000 147.7868 509.0686 22.6319 0.0600 -0.0422 0.4150 0.9069
2369.0000 147.3133 508.5272 22.5693 0.0606 -0.0410 0.4102 0.9090
2370.0000 146.8172 508.0024 22.4922 0.0594 -0.0407 0.4061 0.9110
2371.0000 146.2943 507.4905 22.4291 0.0586 -0.0404 0.4028 0.9125
2372.0000 145.7829 506.9733 22.3677 0.0583 -0.0390 0.3999 0.9139
2373.0000 145.3132 506.4023 22.2991 0.0562 -0.0345 0.3967 0.9156
2374.0000 144.8093 505.8925 22.2601 0.0503 -0.0276 0.3948 0.9170
2375.0000 144.3041 505.4092 22.2311 0.0428 -0.0214 0.3926 0.9185
2376.0000 143.7820 504.9045 22.2173 0.0393 -0.0184 0.3900 0.9198
2377.0000 143.2671 504.3789 22.1576 0.0372 -0.0198 0.3870 0.9211
2378.0000 142.7316 503.8581 22.1235 0.0379 -0.0250 0.3845 0.9220
2379.0000 142.1916 503.3427 22.0830 0.0379 -0.0299 0.3821 0.9229
2380.0000 141.6637 502.8424 22.0527 0.0369 -0.0320 0.3799 0.9238
2381.0000 141.1415 502.3382 22.0172 0.0362 -0.0308 0.3781 0.9245
2382.0000 140.6295 501.8290 21.9759 0.0352 -0.0286 0.3764 0.9254
2383.0000 140.1006 501.3418 21.9334 0.0338 -0.0277 0.3744 0.9262
2384.0000 139.5793 500.8362 21.9008 0.0325 -0.0279 0.3723 0.9271
2385.0000 139.0561 500.3510 21.8639 0.0307 -0.0277 0.3702 0.9281
2386.0000 138.5282 499.8507 21.8417 0.0301 -0.0267 0.3678 0.9291
2387.0000 138.0042 499.3601 21.8095 0.0284 -0.0258 0.3658 0.9299
2388.0000 137.4711 498.8951 21.7745 0.0267 -0.0261 0.3639 0.9307
2389.0000 136.9414 498.4180 21.7481 0.0244 -0.0285 0.3621 0.9314
2390.0000 136.4086 497.9465 21.7237 0.0252 -0.0296 0.3595 0.9323
2391.0000 135.8851 497.4774 21.6757 0.0240 -0.0304 0.3570 0.9333
2392.0000 135.3512 497.0114 21.6397 0.0234 -0.0307 0.3544 0.9343
2393.0000 134.8180 496.5527 21.6041 0.0216 -0.0314 0.3516 0.9354
2394.0000 134.2732 496.1096 21.5805 0.0209 -0.0324 0.3490 0.9363
2395.0000 133.7317 495.6602 21.5504 0.0212 -0.0335 0.3463 0.9373
2396.0000 133.2071 495.2338 21.5137 0.0227 -0.0334 0.3429 0.9385
2397.0000 132.6659 494.7645 21.4647 0.0236 -0.0334 0.3390 0.9399
2398.0000 132.1073 494.3303 21.4380 0.0248 -0.0338 0.3349 0.9413
2399.0000 131.5643 493.9253 21.3960 0.0251 -0.0336 0.3303 0.9429
2400.0000 130.9938 493.5086 21.3658 0.0255 -0.0332 0.3259 0.9445
2401.0000 130.4377 493.0960 21.3305 0.0254 -0.0329 0.3215 0.9460
2402.0000 129.8657 492.6926 21.2712 0.0229 -0.0343 0.3163 0.9478
2403.0000 129.3025 492.2755 21.2506 0.0212 -0.0371 0.3114 0.9493
2404.0000 128.7201 491.8914 21.2197 0.0239 -0.0365 0.3068 0.9508
2405.0000 128.1617 491.5028 21.1688 0.0259 -0.0340 0.3020 0.9524
2406.0000 127.6081 491.1184 21.1270 0.0249 -0.0328 0.2976 0.9538
2407.0000 127.0195 490.7462 21.0935 0.0201 -0.0333 0.2938 0.9551
2408.0000 126.4264 490.3914 21.0513 0.0158 -0.0364 0.2889 0.9565
2409.0000 125.8331 490.0055 21.0610 0.0158 -0.0400 0.2835 0.9580
2410.0000 125.2423 489.6354 21.0150 0.0246 -0.0399 0.2795 0.9590
2411.0000 124.6824 489.2615 20.9220 0.0317 -0.0398 0.2750 0.9601
2412.0000 124.1079 488.9254 20.8512 0.0342 -0.0371 0.2700 0.9615
2413.0000 123.5096 488.5921 20.8512 0.0292 -0.0342 0.2647 0.9633
2414.0000 122.9320 488.2632 20.8657 0.0295 -0.0301 0.2568 0.9655
2415.0000 122.3152 487.9437 20.7777 0.0303 -0.0295 0.2473 0.9680
2416.0000 121.6582 487.6314 20.7383 0.0303 -0.0298 0.2389 0.9701
2417.0000 121.0777 487.3774 20.7489 0.0289 -0.0243 0.2313 0.9721
2418.0000 120.4907 487.1045 20.7783 0.0288 -0.0147 0.2222 0.9745
2419.0000 119.8862 486.8386 20.7297 0.0281 -0.0035 0.2124 0.9768
2420.0000 119.2705 486.5840 20.6914 0.0245 -0.0016 0.2031 0.9789
2421.0000 118.6268 486.3563 20.7258 0.0229 -0.0097 0.1932 0.9809
2422.0000 117.9685 486.1274 20.7381 0.0290 -0.0189 0.1824 0.9826
2423.0000 117.3155 485.8991 20.6909 0.0354 -0.0221 0.1711 0.9844
2424.0000 116.6797 485.6875 20.6597 0.0366 -0.0191 0.1602 0.9862
2425.0000 116.0314 485.5155 20.6650 0.0347 -0.0137 0.1501 0.9880
2426.0000 115.4071 485.3631 20.6691 0.0327 -0.0093 0.1393 0.9897
2427.0000 114.7467 485.1985 20.6652 0.0330 -0.0081 0.1281 0.9912
2428.0000 114.0576 485.0719 20.6491 0.0348 -0.0100 0.1172 0.9924
2429.0000 113.3731 484.9334 20.6490 0.0363 -0.0122 0.1064 0.9936
2430.0000 112.6933 484.8361 20.6386 0.0361 -0.0124 0.0957 0.9947
2431.0000 112.0213 484.7401 20.6488 0.0354 -0.0117 0.0849 0.9957
2432.0000 111.3285 484.6389 20.6418 0.0352 -0.0106 0.0741 0.9966
2433.0000 110.6439 484.5589 20.6247 0.0356 -0.0103 0.0641 0.9973
2434.0000 109.9397 484.5220 20.6177 0.0360 -0.0110 0.0547 0.9978
2435.0000 109.2277 484.4867 20.6139 0.0364 -0.0128 0.0458 0.9982
2436.0000 108.5133 484.4366 20.6120 0.0363 -0.0140 0.0370 0.9986
2437.0000 107.8088 484.4166 20.6153 0.0364 -0.0142 0.0287 0.9988
2438.0000 107.0895 484.3912 20.6072 0.0364 -0.0136 0.0211 0.9990
2439.0000 106.3701 484.3813 20.5928 0.0363 -0.0127 0.0143 0.9992
2440.0000 105.6473 484.4024 20.5947 0.0359 -0.0122 0.0083 0.9992
2441.0000 104.9066 484.4156 20.6014 0.0355 -0.0121 0.0028 0.9993
2442.0000 104.1850 484.4193 20.6025 0.0356 -0.0120 -0.0027 0.9993
2443.0000 103.4543 484.4418 20.5998 0.0362 -0.0122 -0.0076 0.9992
2444.0000 102.7064 484.4588 20.5795 0.0361 -0.0124 -0.0120 0.9992
2445.0000 101.9701 484.5011 20.5806 0.0338 -0.0132 -0.0157 0.9992
2446.0000 101.2180 484.5314 20.5884 0.0320 -0.0136 -0.0187 0.9992
2447.0000 100.4750 484.5616 20.5989 0.0320 -0.0135 -0.0211 0.9992
2448.0000 99.7366 484.6040 20.5889 0.0327 -0.0123 -0.0229 0.9991
2449.0000 99.0160 484.6410 20.5873 0.0327 -0.0109 -0.0245 0.9991
2450.0000 98.2693 484.6831 20.5760 0.0319 -0.0107 -0.0262 0.9991
2451.0000 97.5091 484.7494 20.6074 0.0317 -0.0116 -0.0275 0.9991
2452.0000 96.7654 484.7965 20.6041 0.0319 -0.0122 -0.0286 0.9990
2453.0000 96.0357 484.8354 20.6074 0.0324 -0.0124 -0.0293 0.9990
2454.0000 95.3065 484.8836 20.5988 0.0325 -0.0122 -0.0300 0.9989
2455.0000 94.5824 484.9193 20.6054 0.0322 -0.0124 -0.0305 0.9989
2456.0000 93.8451 484.9540 20.6043 0.0322 -0.0125 -0.0303 0.9989
2457.0000 93.1121 484.9990 20.6081 0.0333 -0.0125 -0.0295 0.9989
2458.0000 92.4175 485.0241 20.6040 0.0344 -0.0124 -0.0287 0.9989
2459.0000 91.7017 485.0626 20.6049 0.0344 -0.0118 -0.0276 0.9990
2460.0000 90.9765 485.1130 20.6057 0.0334 -0.0116 -0.0259 0.9990
2461.0000 90.2690 485.1464 20.6226 0.0325 -0.0120 -0.0243 0.9991
2462.0000 89.5708 485.1671 20.6225 0.0324 -0.0123 -0.0224 0.9991
2463.0000 88.8521 485.1975 20.6204 0.0329 -0.0121 -0.0202 0.9992
2464.0000 88.1572 485.2084 20.6149 0.0322 -0.0109 -0.0184 0.9993
2465.0000 87.4586 485.2381 20.6247 0.0314 -0.0101 -0.0162 0.9993
2466.0000 86.7703 485.2418 20.6215 0.0303 -0.0097 -0.0145 0.9994
2467.0000 86.1005 485.2620 20.6295 0.0298 -0.0102 -0.0127 0.9994
2468.0000 85.4000 485.2730 20.6324 0.0296 -0.0109 -0.0107 0.9994
2469.0000 84.7068 485.2929 20.6302 0.0288 -0.0119 -0.0093 0.9995
2470.0000 84.0242 485.3015 20.6437 0.0286 -0.0124 -0.0080 0.9995
2471.0000 83.3516 485.3087 20.6384 0.0288 -0.0119 -0.0063 0.9995
2472.0000 82.6854 485.3080 20.6314 0.0281 -0.0112 -0.0046 0.9995
2473.0000 82.0026 485.3090 20.6247 0.0260 -0.0105 -0.0026 0.9996
2474.0000 81.3691 485.3144 20.6460 0.0241 -0.0114 -0.0006 0.9996
2475.0000 80.6775 485.3216 20.6648 0.0242 -0.0122 0.0018 0.9996
2476.0000 80.0775 485.2999 20.6638 0.0258 -0.0122 0.0034 0.9996
2477.0000 79.4164 485.2892 20.6474 0.0262 -0.0113 0.0058 0.9996
2478.0000 78.7952 485.2707 20.6413 0.0241 -0.0111 0.0089 0.9996
2479.0000 78.1831 485.2408 20.6478 0.0217 -0.0121 0.0121 0.9996
2480.0000 77.5691 485.2177 20.6540 0.0213 -0.0138 0.0158 0.9996
2481.0000 76.9393 485.1875 20.6429 0.0209 -0.0157 0.0204 0.9995
2482.0000 76.3576 485.1438 20.6474 0.0206 -0.0167 0.0262 0.9993
2483.0000 75.7826 485.0831 20.6528 0.0201 -0.0169 0.0334 0.9991
2484.0000 75.2198 485.0233 20.6452 0.0196 -0.0163 0.0417 0.9988
2485.0000 74.6603 484.9351 20.6498 0.0196 -0.0153 0.0511 0.9984
2486.0000 74.1100 484.8466 20.6365 0.0206 -0.0135 0.0611 0.9978
2487.0000 73.5576 484.7437 20.6171 0.0218 -0.0128 0.0718 0.9971
2488.0000 73.0175 484.6153 20.6066 0.0228 -0.0128 0.0830 0.9962
2489.0000 72.4757 484.4681 20.5887 0.0224 -0.0135 0.0957 0.9951
2490.0000 71.9399 484.3250 20.5920 0.0209 -0.0153 0.1097 0.9936
2491.0000 71.4412 484.1644 20.6006 0.0208 -0.0179 0.1242 0.9919
2492.0000 70.9219 483.9827 20.5966 0.0223 -0.0199 0.1396 0.9898
2493.0000 70.4402 483.7831 20.5631 0.0231 -0.0203 0.1554 0.9874
2494.0000 69.9425 483.5729 20.5320 0.0213 -0.0213 0.1724 0.9846
2495.0000 69.4700 483.3485 20.5300 0.0184 -0.0245 0.1902 0.9813
2496.0000 68.9852 483.0822 20.5812 0.0188 -0.0269 0.2086 0.9774
2497.0000 68.5460 482.7916 20.5811 0.0261 -0.0257 0.2260 0.9734
2498.0000 68.1287 482.4931 20.4341 0.0307 -0.0223 0.2437 0.9691
2499.0000 67.7023 482.1850 20.3755 0.0288 -0.0210 0.2621 0.9644
2500.0000 67.2854 481.8977 20.3919 0.0217 -0.0225 0.2810 0.9592
2501.0000 66.8611 481.5737 20.5029 0.0184 -0.0244 0.2992 0.9537
2502.0000 66.4472 481.2108 20.4791 0.0231 -0.0246 0.3163 0.9481
2503.0000 66.0835 480.8194 20.3898 0.0298 -0.0228 0.3334 0.9420
2504.0000 65.7644 480.4198 20.2763 0.0312 -0.0202 0.3516 0.9354
2505.0000 65.4214 480.0233 20.2515 0.0264 -0.0208 0.3709 0.9281
2506.0000 65.0618 479.6507 20.3219 0.0221 -0.0246 0.3895 0.9204
2507.0000 64.7200 479.2218 20.3698 0.0230 -0.0260 0.4069 0.9128
2508.0000 64.4281 478.7710 20.2564 0.0251 -0.0250 0.4245 0.9047
2509.0000 64.1553 478.3166 20.1924 0.0249 -0.0248 0.4425 0.8961
2510.0000 63.8735 477.8585 20.1983 0.0234 -0.0256 0.4605 0.8870
2511.0000 63.6126 477.3915 20.2140 0.0232 -0.0265 0.4777 0.8778
2512.0000 63.3953 476.9011 20.1859 0.0251 -0.0260 0.4938 0.8688
2513.0000 63.1894 476.4167 20.0934 0.0261 -0.0250 0.5089 0.8601
2514.0000 62.9645 475.8905 20.0517 0.0247 -0.0258 0.5238 0.8511
2515.0000 62.7473 475.3756 20.0537 0.0227 -0.0283 0.5381 0.8421
2516.0000 62.5660 474.8493 20.0766 0.0233 -0.0304 0.5522 0.8329
2517.0000 62.4172 474.3266 20.0116 0.0239 -0.0305 0.5652 0.8241
2518.0000 62.2532 473.8005 19.9943 0.0250 -0.0287 0.5771 0.8158
2519.0000 62.1247 473.2348 19.9290 0.0256 -0.0265 0.5873 0.8086
2520.0000 61.9716 472.6863 19.8937 0.0265 -0.0264 0.5959 0.8022
2521.0000 61.8274 472.1157 19.8591 0.0265 -0.0278 0.6030 0.7968
2522.0000 61.6955 471.5487 19.8392 0.0257 -0.0296 0.6097 0.7916
2523.0000 61.5540 470.9698 19.8361 0.0267 -0.0320 0.6159 0.7867
2524.0000 61.4694 470.3884 19.7310 0.0251 -0.0342 0.6216 0.7822
2525.0000 61.3439 469.8168 19.7380 0.0220 -0.0335 0.6277 0.7774
2526.0000 61.2456 469.2370 19.7166 0.0179 -0.0314 0.6338 0.7726
2527.0000 61.1293 468.6335 19.7171 0.0173 -0.0296 0.6393 0.7682
2528.0000 61.0508 468.0221 19.6514 0.0179 -0.0280 0.6444 0.7639
2529.0000 60.9842 467.4024 19.5909 0.0200 -0.0293 0.6495 0.7595
2530.0000 60.9034 466.7721 19.5305 0.0205 -0.0342 0.6541 0.7554
2531.0000 60.8141 466.1522 19.5477 0.0206 -0.0381 0.6583 0.7515
2532.0000 60.7510 465.5089 19.5172 0.0196 -0.0385 0.6628 0.7475
2533.0000 60.6903 464.8691 19.4712 0.0185 -0.0363 0.6675 0.7435
2534.0000 60.6506 464.2309 19.4266 0.0180 -0.0338 0.6720 0.7395
2535.0000 60.6078 463.5693 19.3790 0.0180 -0.0330 0.6763 0.7357
2536.0000 60.5720 462.9189 19.3534 0.0190 -0.0331 0.6799 0.7323
2537.0000 60.5384 462.2418 19.3019 0.0197 -0.0338 0.6834 0.7290
2538.0000 60.4992 461.5521 19.2562 0.0197 -0.0351 0.6863 0.7262
2539.0000 60.4590 460.8686 19.2358 0.0210 -0.0362 0.6888 0.7238
2540.0000 60.4523 460.1885 19.1861 0.0217 -0.0370 0.6906 0.7220
2541.0000 60.4306 459.4970 19.1412 0.0223 -0.0379 0.6922 0.7204
2542.0000 60.4097 458.7866 19.0982 0.0222 -0.0380 0.6932 0.7194
2543.0000 60.3835 458.0814 19.0557 0.0223 -0.0372 0.6941 0.7185
2544.0000 60.3523 457.3765 19.0097 0.0220 -0.0372 0.6950 0.7177
2545.0000 60.3446 456.6727 18.9752 0.0222 -0.0373 0.6958 0.7169
2546.0000 60.3186 455.9538 18.9270 0.0222 -0.0369 0.6961 0.7166
2547.0000 60.3023 455.2330 18.8807 0.0221 -0.0361 0.6962 0.7166
2548.0000 60.2879 454.5096 18.8362 0.0219 -0.0358 0.6962 0.7167
2549.0000 60.2625 453.7922 18.7931 0.0215 -0.0356 0.6964 0.7165
2550.0000 60.2236 453.0530 18.7591 0.0216 -0.0359 0.6964 0.7164
2551.0000 60.2012 452.3324 18.7205 0.0216 -0.0363 0.6964 0.7164
2552.0000 60.1806 451.5883 18.6706 0.0214 -0.0369 0.6965 0.7163
2553.0000 60.1562 450.8602 18.6233 0.0213 -0.0376 0.6965 0.7163
2554.0000 60.1400 450.1297 18.5858 0.0215 -0.0387 0.6965 0.7162
2555.0000 60.1092 449.4049 18.5398 0.0216 -0.0392 0.6964 0.7163
2556.0000 60.0903 448.6756 18.5081 0.0217 -0.0393 0.6963 0.7163
2557.0000 60.0738 447.9510 18.4594 0.0212 -0.0388 0.6964 0.7163
2558.0000 60.0407 447.2330 18.4165 0.0206 -0.0389 0.6966 0.7161
2559.0000 60.0135 446.5095 18.3769 0.0207 -0.0386 0.6965 0.7163
2560.0000 59.9950 445.7794 18.3268 0.0209 -0.0388 0.6966 0.7161
2561.0000 59.9833 445.0577 18.2845 0.0215 -0.0394 0.6966 0.7160
2562.0000 59.9656 444.3415 18.2372 0.0216 -0.0395 0.6967 0.7160
2563.0000 59.9413 443.6433 18.2014 0.0217 -0.0393 0.6966 0.7161
2564.0000 59.9183 442.9098 18.1484 0.0214 -0.0389 0.6967 0.7160
2565.0000 59.9029 442.2207 18.1033 0.0220 -0.0383 0.6966 0.7161
2566.0000 59.8858 441.5364 18.0655 0.0232 -0.0379 0.6965 0.7162
2567.0000 59.8618 440.8242 18.0240 0.0242 -0.0386 0.6964 0.7162
2568.0000 59.8361 440.1641 17.9900 0.0247 -0.0390 0.6963 0.7163
2569.0000 59.8167 439.4791 17.9536 0.0256 -0.0392 0.6962 0.7163
2570.0000 59.8019 438.8164 17.9094 0.0266 -0.0387 0.6965 0.7160
2571.0000 59.7907 438.1616 17.8564 0.0270 -0.0384 0.6968 0.7158
2572.0000 59.7737 437.5194 17.8216 0.0272 -0.0387 0.6972 0.7153
2573.0000 59.7639 436.8860 17.7924 0.0276 -0.0389 0.6977 0.7148
2574.0000 59.7650 436.2668 17.7505 0.0281 -0.0385 0.6987 0.7138
2575.0000 59.7727 435.6524 17.6981 0.0291 -0.0379 0.6999 0.7126
2576.0000 59.7478 435.0448 17.6686 0.0303 -0.0374 0.7013 0.7112
2577.0000 59.7475 434.4548 17.6252 0.0307 -0.0376 0.7029 0.7096
2578.0000 59.7495 433.8920 17.5852 0.0310 -0.0381 0.7047 0.7078
2579.0000 59.7620 433.3256 17.5526 0.0314 -0.0387 0.7066 0.7059
2580.0000 59.7766 432.7767 17.5216 0.0319 -0.0384 0.7087 0.7037
2581.0000 59.7996 432.2412 17.4867 0.0320 -0.0380 0.7114 0.7010
2582.0000 59.8189 431.7312 17.4502 0.0323 -0.0378 0.7143 0.6981
2583.0000 59.8555 431.2212 17.4062 0.0325 -0.0374 0.7174 0.6949
2584.0000 59.8920 430.7477 17.3795 0.0335 -0.0367 0.7210 0.6911
2585.0000 59.9274 430.3013 17.3375 0.0341 -0.0363 0.7248 0.6872
2586.0000 59.9764 429.8467 17.3036 0.0340 -0.0361 0.7288 0.6829
2587.0000 60.0160 429.4226 17.2815 0.0342 -0.0366 0.7331 0.6783
2588.0000 60.0727 429.0232 17.2615 0.0340 -0.0366 0.7375 0.6735
2589.0000 60.1356 428.6144 17.2292 0.0335 -0.0355 0.7425 0.6680
2590.0000 60.2118 428.2466 17.2116 0.0335 -0.0338 0.7479 0.6621
2591.0000 60.2956 427.8822 17.1713 0.0334 -0.0320 0.7536 0.6557
2592.0000 60.3731 427.5300 17.1273 0.0332 -0.0316 0.7595 0.6489
2593.0000 60.4369 427.1961 17.1123 0.0328 -0.0332 0.7653 0.6419
2594.0000 60.5337 426.8729 17.1048 0.0313 -0.0359 0.7712 0.6348
2595.0000 60.6140 426.5382 17.0993 0.0297 -0.0376 0.7770 0.6277
2596.0000 60.7154 426.2346 17.0893 0.0300 -0.0380 0.7829 0.6202
2597.0000 60.8292 425.9300 17.0664 0.0312 -0.0365 0.7887 0.6129
2598.0000 60.9489 425.6301 17.0263 0.0314 -0.0346 0.7943 0.6057
2599.0000 61.0585 425.3361 16.9962 0.0303 -0.0339 0.7998 0.5985
2600.0000 61.1744 425.0667 16.9818 0.0274 -0.0354 0.8055 0.5909
2601.0000 61.2841 424.7909 16.9862 0.0252 -0.0368 0.8115 0.5826
2602.0000 61.4125 424.5383 17.0002 0.0264 -0.0362 0.8172 0.5746
2603.0000 61.5550 424.2497 16.9204 0.0278 -0.0342 0.8230 0.5663
2604.0000 61.7036 423.9816 16.8800 0.0278 -0.0343 0.8290 0.5575
2605.0000 61.8361 423.7267 16.8820 0.0278 -0.0347 0.8348 0.5487
2606.0000 61.9968 423.4558 16.9115 0.0287 -0.0344 0.8404 0.5401
2607.0000 62.1784 423.2153 16.9119 0.0316 -0.0300 0.8463 0.5309
2608.0000 62.3649 422.9408 16.8460 0.0318 -0.0247 0.8524 0.5213
2609.0000 62.5479 422.6907 16.7702 0.0288 -0.0224 0.8587 0.5111
2610.0000 62.6949 422.4513 16.7965 0.0232 -0.0242 0.8645 0.5016
2611.0000 62.8619 422.2065 16.8551 0.0183 -0.0255 0.8699 0.4923
2612.0000 63.0633 421.9542 16.8587 0.0153 -0.0240 0.8755 0.4823
2613.0000 63.2657 421.6973 16.8056 0.0132 -0.0208 0.8811 0.4723
2614.0000 63.5077 421.4464 16.7578 0.0126 -0.0192 0.8862 0.4627
2615.0000 63.7210 421.1841 16.7643 0.0128 -0.0194 0.8911 0.4532
2616.0000 63.9502 420.9445 16.7862 0.0141 -0.0191 0.8959 0.4435
2617.0000 64.2106 420.6951 16.7779 0.0152 -0.0174 0.9007 0.4338
2618.0000 64.4772 420.4543 16.7509 0.0158 -0.0152 0.9056 0.4235
2619.0000 64.7322 420.2085 16.7384 0.0172 -0.0138 0.9104 0.4131
2620.0000 65.0053 419.9754 16.7061 0.0178 -0.0146 0.9151 0.4026
2621.0000 65.2732 419.7156 16.6957 0.0177 -0.0169 0.9197 0.3919
2622.0000 65.5471 419.4724 16.6959 0.0155 -0.0212 0.9242 0.3811
2623.0000 65.8378 419.2115 16.7244 0.0143 -0.0250 0.9287 0.3698
2624.0000 66.1155 418.9893 16.7450 0.0143 -0.0271 0.9329 0.3589
2625.0000 66.4517 418.7565 16.7360 0.0151 -0.0257 0.9373 0.3473
2626.0000 66.7734 418.5488 16.6929 0.0155 -0.0226 0.9414 0.3362
2627.0000 67.1239 418.3222 16.6452 0.0150 -0.0205 0.9455 0.3247
2628.0000 67.4777 418.1086 16.6169 0.0137 -0.0219 0.9494 0.3131
2629.0000 67.8169 417.8695 16.6271 0.0129 -0.0270 0.9533 0.3005
2630.0000 68.1572 417.6688 16.6717 0.0139 -0.0318 0.9569 0.2882
2631.0000 68.5467 417.4822 16.6605 0.0158 -0.0345 0.9603 0.2764
2632.0000 68.9602 417.2837 16.6411 0.0179 -0.0342 0.9638 0.2639
2633.0000 69.3433 417.0862 16.5859 0.0170 -0.0337 0.9672 0.2510
2634.0000 69.7436 416.9098 16.5895 0.0149 -0.0356 0.9706 0.2377
2635.0000 70.1523 416.7334 16.6047 0.0128 -0.0378 0.9737 0.2243
2636.0000 70.5833 416.5997 16.6105 0.0121 -0.0394 0.9767 0.2108
2637.0000 71.0249 416.4492 16.5900 0.0124 -0.0392 0.9795 0.1971
2638.0000 71.4684 416.3239 16.5727 0.0134 -0.0385 0.9822 0.1834
2639.0000 71.9329 416.1801 16.5445 0.0142 -0.0384 0.9846 0.1701
2640.0000 72.3781 416.0849 16.5424 0.0147 -0.0388 0.9866 0.1577
2641.0000 72.8316 415.9616 16.5481 0.0122 -0.0418 0.9882 0.1466
2642.0000 73.2887 415.8352 16.6033 0.0069 -0.0431 0.9897 0.1366
2643.0000 73.7638 415.7253 16.6145 0.0012 -0.0403 0.9910 0.1280
2644.0000 74.2697 415.6461 16.5892 -0.0022 -0.0357 0.9920 0.1210
2645.0000 74.7989 415.5357 16.5489 -0.0012 -0.0317 0.9928 0.1152
2646.0000 75.3404 415.4463 16.5330 0.0030 -0.0315 0.9934 0.1100
2647.0000 75.8836 415.3268 16.4995 0.0138 -0.0355 0.9938 0.1047
2648.0000 76.4151 415.2100 16.5411 0.0264 -0.0419 0.9937 0.1002
2649.0000 76.9618 415.1197 16.5535 0.0312 -0.0440 0.9939 0.0962
2650.0000 77.5099 415.0375 16.5554 0.0268 -0.0409 0.9946 0.0919
2651.0000 78.0466 414.9498 16.5284 0.0188 -0.0366 0.9952 0.0884
2652.0000 78.5937 414.8522 16.4879 0.0095 -0.0340 0.9957 0.0852
2653.0000 79.1668 414.7530 16.4812 0.0037 -0.0355 0.9960 0.0818
2654.0000 79.7290 414.6827 16.4853 0.0032 -0.0370 0.9961 0.0795
2655.0000 80.3222 414.5695 16.4978 0.0078 -0.0366 0.9963 0.0779
2656.0000 80.9357 414.4884 16.4948 0.0116 -0.0349 0.9963 0.0774
2657.0000 81.5679 414.4047 16.4842 0.0124 -0.0347 0.9963 0.0772
2658.0000 82.1400 414.3068 16.4865 0.0118 -0.0351 0.9963 0.0775
2659.0000 82.7630 414.1978 16.4767 0.0106 -0.0376 0.9962 0.0778
2660.0000 83.3794 414.1127 16.4727 0.0100 -0.0391 0.9961 0.0779
2661.0000 84.0298 414.0050 16.4642 0.0103 -0.0394 0.9961 0.0780
2662.0000 84.6726 413.9157 16.4597 0.0118 -0.0384 0.9961 0.0785
2663.0000 85.3172 413.8126 16.4497 0.0123 -0.0385 0.9961 0.0789
2664.0000 85.9706 413.6834 16.4429 0.0127 -0.0391 0.9960 0.0793
2665.0000 86.6269 413.5830 16.4473 0.0128 -0.0402 0.9959 0.0806
2666.0000 87.2756 413.4837 16.4487 0.0132 -0.0409 0.9957 0.0823
2667.0000 87.9560 413.3493 16.4304 0.0130 -0.0411 0.9955 0.0839
2668.0000 88.6413 413.2107 16.4200 0.0127 -0.0405 0.9954 0.0862
2669.0000 89.2974 413.0924 16.4153 0.0128 -0.0406 0.9951 0.0898
2670.0000 89.9795 412.9433 16.3988 0.0128 -0.0421 0.9946 0.0937
2671.0000 90.6650 412.7919 16.3964 0.0136 -0.0436 0.9941 0.0979
2672.0000 91.3653 412.6198 16.3926 0.0141 -0.0450 0.9936 0.1029
2673.0000 92.0448 412.4801 16.3930 0.0139 -0.0435 0.9931 0.1082
2674.0000 92.7391 412.2938 16.3727 0.0126 -0.0407 0.9927 0.1130
2675.0000 93.4257 412.1295 16.3412 0.0110 -0.0412 0.9921 0.1180
2676.0000 94.1238 411.9338 16.3470 0.0116 -0.0417 0.9915 0.1224
2677.0000 94.8204 411.7281 16.3444 0.0129 -0.0416 0.9909 0.1274
2678.0000 95.5389 411.5449 16.3368 0.0136 -0.0400 0.9903 0.1322
2679.0000 96.2358 411.3398 16.3231 0.0128 -0.0389 0.9898 0.1367
2680.0000 96.9357 411.1211 16.3069 0.0112 -0.0376 0.9892 0.1415
2681.0000 97.6492 410.9008 16.2945 0.0110 -0.0390 0.9884 0.1462
2682.0000 98.3482 410.6765 16.2851 0.0115 -0.0400 0.9877 0.1504
2683.0000 99.0579 410.4204 16.2823 0.0127 -0.0399 0.9871 0.1546
2684.0000 99.7749 410.1974 16.2754 0.0133 -0.0388 0.9864 0.1595
2685.0000 100.4862 409.9484 16.2500 0.0125 -0.0384 0.9856 0.1640
2686.0000 101.1915 409.6680 16.2530 0.0123 -0.0378 0.9849 0.1684
2687.0000 101.9133 409.3863 16.2534 0.0115 -0.0377 0.9842 0.1728
2688.0000 102.6473 409.0995 16.2434 0.0104 -0.0374 0.9834 0.1773
2689.0000 103.3643 408.8112 16.2363 0.0096 -0.0365 0.9825 0.1822
2690.0000 104.0947 408.5168 16.2139 0.0091 -0.0360 0.9817 0.1870
2691.0000 104.8071 408.2243 16.2035 0.0092 -0.0353 0.9807 0.1922
2692.0000 105.5412 407.9098 16.1965 0.0093 -0.0348 0.9796 0.1976
2693.0000 106.2661 407.5868 16.1973 0.0093 -0.0341 0.9785 0.2030
2694.0000 106.9908 407.2463 16.1823 0.0088 -0.0335 0.9774 0.2084
2695.0000 107.7236 406.8978 16.1672 0.0088 -0.0319 0.9764 0.2134
2696.0000 108.4519 406.5369 16.1451 0.0099 -0.0310 0.9752 0.2187
2697.0000 109.1706 406.1861 16.1484 0.0111 -0.0307 0.9740 0.2240
2698.0000 109.8960 405.7919 16.1315 0.0119 -0.0298 0.9728 0.2294
2699.0000 110.6233 405.4336 16.1093 0.0118 -0.0301 0.9714 0.2351
2700.0000 111.3420 405.0248 16.1077 0.0122 -0.0304 0.9701 0.2405
2701.0000 112.0655 404.6189 16.0808 0.0124 -0.0307 0.9687 0.2461
2702.0000 112.7862 404.1954 16.0719 0.0129 -0.0304 0.9672 0.2519
2703.0000 113.5089 403.7810 16.0504 0.0126 -0.0310 0.9656 0.2577
2704.0000 114.2288 403.3409 16.0353 0.0132 -0.0313 0.9640 0.2637
2705.0000 114.9432 402.8871 16.0241 0.0145 -0.0315 0.9622 0.2700
2706.0000 115.6571 402.4146 15.9984 0.0151 -0.0322 0.9604 0.2762
2707.0000 116.3726 401.9503 15.9788 0.0145 -0.0327 0.9587 0.2823
2708.0000 117.0797 401.4699 15.9574 0.0136 -0.0332 0.9570 0.2877
2709.0000 117.7848 400.9924 15.9423 0.0132 -0.0330 0.9556 0.2926
2710.0000 118.4693 400.4858 15.9153 0.0136 -0.0325 0.9541 0.2976
2711.0000 119.1853 399.9871 15.8948 0.0136 -0.0324 0.9525 0.3026
2712.0000 119.8771 399.4632 15.8746 0.0141 -0.0318 0.9508 0.3077
2713.0000 120.5811 398.9403 15.8472 0.0140 -0.0317 0.9492 0.3128
2714.0000 121.2641 398.4065 15.8265 0.0143 -0.0315 0.9475 0.3178
2715.0000 121.9606 397.8569 15.7991 0.0140 -0.0316 0.9458 0.3229
2716.0000 122.6389 397.3028 15.7725 0.0138 -0.0317 0.9441 0.3279
2717.0000 123.3182 396.7290 15.7522 0.0141 -0.0320 0.9422 0.3331
2718.0000 123.9941 396.1713 15.7222 0.0145 -0.0329 0.9404 0.3382
2719.0000 124.6622 395.5751 15.6846 0.0157 -0.0330 0.9386 0.3431
2720.0000 125.3530 394.9636 15.6530 0.0163 -0.0350 0.9366 0.3483
2721.0000 126.0276 394.3621 15.6186 0.0166 -0.0376 0.9345 0.3537
2722.0000 126.6892 393.7423 15.5949 0.0177 -0.0414 0.9323 0.3588
2723.0000 127.3406 393.1043 15.5807 0.0186 -0.0427 0.9306 0.3630
2724.0000 128.0106 392.4893 15.5424 0.0179 -0.0415 0.9290 0.3673
2725.0000 128.6678 391.8667 15.4944 0.0158 -0.0370 0.9275 0.3717
2726.0000 129.3075 391.2403 15.4723 0.0136 -0.0325 0.9261 0.3757
2727.0000 129.9711 390.6033 15.4658 0.0127 -0.0251 0.9247 0.3797
2728.0000 130.6282 389.9586 15.4242 0.0133 -0.0163 0.9231 0.3840
2729.0000 131.2764 389.3007 15.3792 0.0125 -0.0143 0.9217 0.3875
2730.0000 131.9051 388.6412 15.3881 0.0120 -0.0171 0.9199 0.3916
2731.0000 132.5280 387.9364 15.4066 0.0147 -0.0186 0.9180 0.3959
2732.0000 133.1651 387.2570 15.3622 0.0187 -0.0195 0.9158 0.4008
2733.0000 133.7808 386.5621 15.3258 0.0225 -0.0221 0.9139 0.4046
2734.0000 134.3989 385.8348 15.2978 0.0240 -0.0250 0.9121 0.4085
2735.0000 135.0086 385.1361 15.2617 0.0232 -0.0266 0.9099 0.4133
2736.0000 135.6162 384.4251 15.2171 0.0224 -0.0267 0.9078 0.4179
2737.0000 136.2017 383.7094 15.1712 0.0217 -0.0271 0.9057 0.4225
2738.0000 136.8069 382.9608 15.1216 0.0211 -0.0274 0.9037 0.4269
2739.0000 137.3789 382.2198 15.0983 0.0204 -0.0278 0.9014 0.4315
2740.0000 137.9643 381.4685 15.0728 0.0195 -0.0271 0.8993 0.4361
2741.0000 138.5401 380.7195 15.0218 0.0184 -0.0267 0.8971 0.4407
2742.0000 139.1105 379.9433 14.9902 0.0185 -0.0267 0.8950 0.4448
2743.0000 139.6858 379.1606 14.9546 0.0186 -0.0273 0.8932 0.4485
2744.0000 140.2414 378.3755 14.9208 0.0188 -0.0273 0.8915 0.4519
2745.0000 140.7957 377.5910 14.8824 0.0189 -0.0272 0.8898 0.4552
2746.0000 141.3429 376.8035 14.8547 0.0186 -0.0273 0.8879 0.4589
2747.0000 141.9030 376.0333 14.8188 0.0180 -0.0274 0.8859 0.4627
2748.0000 142.4302 375.2136 14.7770 0.0175 -0.0273 0.8841 0.4662
2749.0000 143.0007 374.4071 14.7497 0.0170 -0.0278 0.8819 0.4702
2750.0000 143.5213 373.5763 14.7152 0.0172 -0.0279 0.8801 0.4736
2751.0000 144.0548 372.7482 14.6768 0.0178 -0.0282 0.8781 0.4774
2752.0000 144.5617 371.9303 14.6467 0.0181 -0.0288 0.8760 0.4812
2753.0000 145.0934 371.0726 14.6153 0.0179 -0.0285 0.8738 0.4851
2754.0000 145.5980 370.2348 14.5801 0.0175 -0.0273 0.8715 0.4893
2755.0000 146.0793 369.3896 14.5309 0.0175 -0.0260 0.8693 0.4933
2756.0000 146.5866 368.5401 14.5063 0.0189 -0.0252 0.8667 0.4977
2757.0000 147.0792 367.6433 14.4554 0.0213 -0.0249 0.8640 0.5024
2758.0000 147.5628 366.7682 14.4251 0.0240 -0.0241 0.8607 0.5079
2759.0000 148.0334 365.8714 14.3723 0.0250 -0.0231 0.8574 0.5135
2760.0000 148.5001 364.9838 14.3284 0.0253 -0.0222 0.8538 0.5195
2761.0000 148.9365 364.0946 14.2905 0.0253 -0.0214 0.8503 0.5252
2762.0000 149.3680 363.1631 14.2536 0.0249 -0.0204 0.8468 0.5309
2763.0000 149.7986 362.2371 14.2098 0.0241 -0.0196 0.8427 0.5375
2764.0000 150.1938 361.3299 14.1696 0.0236 -0.0187 0.8382 0.5445
2765.0000 150.5955 360.3923 14.1231 0.0219 -0.0187 0.8338 0.5513
2766.0000 150.9576 359.4156 14.0882 0.0205 -0.0188 0.8294 0.5580
2767.0000 151.3107 358.4470 14.0473 0.0196 -0.0196 0.8247 0.5649
2768.0000 151.6614 357.4946 14.0192 0.0197 -0.0213 0.8200 0.5716
2769.0000 151.9808 356.5222 13.9862 0.0199 -0.0227 0.8153 0.5782
2770.0000 152.2941 355.5367 13.9565 0.0202 -0.0234 0.8105 0.5850
2771.0000 152.6015 354.5153 13.8901 0.0191 -0.0237 0.8058 0.5914
2772.0000 152.8854 353.5266 13.8742 0.0190 -0.0242 0.8014 0.5974
2773.0000 153.1582 352.5397 13.8163 0.0176 -0.0241 0.7968 0.6034
2774.0000 153.4213 351.5453 13.7771 0.0153 -0.0251 0.7927 0.6089
2775.0000 153.6491 350.5262 13.7608 0.0135 -0.0265 0.7888 0.6140
2776.0000 153.8858 349.4801 13.7297 0.0127 -0.0279 0.7847 0.6191
2777.0000 154.1009 348.4480 13.6987 0.0131 -0.0284 0.7809 0.6239
2778.0000 154.3190 347.4312 13.6469 0.0133 -0.0284 0.7771 0.6285
2779.0000 154.5228 346.4191 13.6198 0.0139 -0.0286 0.7736 0.6329
2780.0000 154.7095 345.3772 13.5634 0.0148 -0.0283 0.7698 0.6375
2781.0000 154.8832 344.3063 13.5182 0.0158 -0.0279 0.7660 0.6420
2782.0000 155.0631 343.2628 13.4838 0.0164 -0.0272 0.7622 0.6466
2783.0000 155.2151 342.2357 13.4390 0.0164 -0.0264 0.7585 0.6509
2784.0000 155.3554 341.1859 13.4000 0.0167 -0.0257 0.7547 0.6553
2785.0000 155.4828 340.1167 13.3563 0.0171 -0.0252 0.7507 0.6600
2786.0000 155.6012 339.0386 13.3185 0.0173 -0.0247 0.7469 0.6643
2787.0000 155.7063 337.9666 13.2742 0.0176 -0.0239 0.7431 0.6685
2788.0000 155.8009 336.9057 13.2369 0.0176 -0.0234 0.7392 0.6728
2789.0000 155.8839 335.8135 13.1981 0.0178 -0.0228 0.7357 0.6767
2790.0000 155.9607 334.7622 13.1577 0.0177 -0.0222 0.7318 0.6809
2791.0000 156.0322 333.6848 13.1218 0.0180 -0.0218 0.7283 0.6847
2792.0000 156.0499 332.5657 13.0776 0.0187 -0.0216 0.7249 0.6883
2793.0000 156.1135 331.4826 13.0374 0.0193 -0.0218 0.7210 0.6923
2794.0000 156.1601 330.3770 12.9903 0.0200 -0.0219 0.7178 0.6956
2795.0000 156.1696 329.3351 12.9417 0.0200 -0.0223 0.7141 0.6994
2796.0000 156.1832 328.2054 12.9062 0.0196 -0.0224 0.7111 0.7024
2797.0000 156.1849 327.1225 12.8632 0.0184 -0.0231 0.7079 0.7057
2798.0000 156.1593 326.0129 12.8310 0.0174 -0.0239 0.7052 0.7084
2799.0000 156.1412 324.9062 12.7917 0.0168 -0.0253 0.7024 0.7111
2800.0000 156.1063 323.7741 12.7426 0.0165 -0.0263 0.6999 0.7136
2801.0000 156.0745 322.6787 12.6942 0.0158 -0.0270 0.6975 0.7159
2802.0000 156.0296 321.5778 12.6569 0.0147 -0.0273 0.6952 0.7181
2803.0000 155.9791 320.4650 12.6234 0.0134 -0.0272 0.6936 0.7197
2804.0000 155.9303 319.3411 12.5784 0.0123 -0.0267 0.6922 0.7211
2805.0000 155.8636 318.2312 12.5305 0.0119 -0.0266 0.6911 0.7221
2806.0000 155.8078 317.1059 12.5005 0.0121 -0.0272 0.6906 0.7226
2807.0000 155.7678 315.9813 12.4716 0.0125 -0.0266 0.6902 0.7230
2808.0000 155.7320 314.8707 12.4283 0.0124 -0.0257 0.6899 0.7234
2809.0000 155.6685 313.7303 12.3921 0.0129 -0.0249 0.6897 0.7236
2810.0000 155.6256 312.5984 12.3497 0.0142 -0.0246 0.6893 0.7239
2811.0000 155.5525 311.4903 12.3092 0.0149 -0.0252 0.6889 0.7242
2812.0000 155.5102 310.3325 12.2769 0.0162 -0.0255 0.6885 0.7246
2813.0000 155.4648 309.2033 12.2512 0.0181 -0.0247 0.6881 0.7250
2814.0000 155.3820 308.0775 12.1847 0.0181 -0.0237 0.6878 0.7253
2815.0000 155.3275 306.9628 12.1574 0.0180 -0.0222 0.6876 0.7255
2816.0000 155.2592 305.8470 12.1177 0.0182 -0.0215 0.6872 0.7259
2817.0000 155.2082 304.7417 12.0562 0.0183 -0.0215 0.6869 0.7262
2818.0000 155.1311 303.6325 12.0244 0.0181 -0.0223 0.6868 0.7263
2819.0000 155.0710 302.5074 12.0059 0.0182 -0.0226 0.6867 0.7264
2820.0000 155.0091 301.4018 11.9608 0.0182 -0.0226 0.6873 0.7258
2821.0000 154.9666 300.2973 11.9265 0.0196 -0.0229 0.6878 0.7252
2822.0000 154.9011 299.1712 11.8777 0.0220 -0.0231 0.6880 0.7250
2823.0000 154.8472 298.0646 11.8142 0.0231 -0.0237 0.6880 0.7249
2824.0000 154.7891 296.9352 11.7662 0.0228 -0.0238 0.6880 0.7250
2825.0000 154.7204 295.8151 11.7160 0.0214 -0.0241 0.6882 0.7248
2826.0000 154.6622 294.7168 11.6809 0.0215 -0.0250 0.6883 0.7247
2827.0000 154.6073 293.5898 11.6246 0.0212 -0.0252 0.6884 0.7246
2828.0000 154.5445 292.5068 11.5813 0.0200 -0.0237 0.6885 0.7245
2829.0000 154.4943 291.3966 11.5483 0.0180 -0.0214 0.6887 0.7245
2830.0000 154.4371 290.2802 11.5065 0.0177 -0.0202 0.6890 0.7243
2831.0000 154.3714 289.1350 11.4692 0.0182 -0.0200 0.6890 0.7243
2832.0000 154.3269 288.0127 11.4306 0.0188 -0.0204 0.6890 0.7242
2833.0000 154.2519 286.8741 11.3929 0.0196 -0.0209 0.6891 0.7241
2834.0000 154.1932 285.7851 11.3496 0.0196 -0.0206 0.6890 0.7242
2835.0000 154.1491 284.6529 11.3223 0.0191 -0.0202 0.6892 0.7240
2836.0000 154.1014 283.5310 11.2944 0.0187 -0.0195 0.6893 0.7240
2837.0000 154.0235 282.3787 11.2480 0.0185 -0.0189 0.6894 0.7239
2838.0000 153.9735 281.2711 11.2131 0.0188 -0.0185 0.6896 0.7237
2839.0000 153.9260 280.1643 11.1787 0.0190 -0.0185 0.6897 0.7236
2840.0000 153.8651 279.0394 11.1281 0.0188 -0.0184 0.6894 0.7239
2841.0000 153.8180 277.8877 11.1071 0.0187 -0.0190 0.6890 0.7242
2842.0000 153.7475 276.7762 11.0595 0.0189 -0.0196 0.6887 0.7245
2843.0000 153.6890 275.6653 11.0266 0.0184 -0.0206 0.6884 0.7248
2844.0000 153.6163 274.5390 10.9972 0.0176 -0.0213 0.6881 0.7251
2845.0000 153.5719 273.4258 10.9798 0.0175 -0.0215 0.6880 0.7251
2846.0000 153.5074 272.2748 10.9197 0.0165 -0.0214 0.6879 0.7253
2847.0000 153.4401 271.1601 10.8967 0.0159 -0.0214 0.6877 0.7255
2848.0000 153.3629 270.0204 10.8475 0.0154 -0.0219 0.6875 0.7257
2849.0000 153.3110 268.8791 10.8161 0.0152 -0.0231 0.6872 0.7259
2850.0000 153.2394 267.7719 10.7881 0.0151 -0.0247 0.6871 0.7260
2851.0000 153.1744 266.6395 10.7495 0.0151 -0.0250 0.6868 0.7262
2852.0000 153.1145 265.5151 10.7127 0.0146 -0.0245 0.6867 0.7264
2853.0000 153.0299 264.4006 10.6730 0.0140 -0.0233 0.6865 0.7267
2854.0000 152.9871 263.2638 10.6379 0.0137 -0.0226 0.6862 0.7269
2855.0000 152.9046 262.1229 10.6031 0.0141 -0.0220 0.6859 0.7272
2856.0000 152.8306 260.9950 10.5670 0.0145 -0.0217 0.6857 0.7275
2857.0000 152.7705 259.8622 10.5285 0.0145 -0.0219 0.6854 0.7277
2858.0000 152.7017 258.7227 10.4978 0.0147 -0.0227 0.6854 0.7277
2859.0000 152.6309 257.5879 10.4665 0.0143 -0.0236 0.6853 0.7277
2860.0000 152.5490 256.4580 10.4208 0.0136 -0.0242 0.6854 0.7277
2861.0000 152.4808 255.3218 10.3999 0.0129 -0.0252 0.6854 0.7276
2862.0000 152.4009 254.1956 10.3714 0.0127 -0.0261 0.6854 0.7276
2863.0000 152.3405 253.0576 10.3265 0.0127 -0.0260 0.6855 0.7275
2864.0000 152.2668 251.9555 10.2831 0.0131 -0.0261 0.6854 0.7276
2865.0000 152.2150 250.8148 10.2528 0.0133 -0.0259 0.6853 0.7277
2866.0000 152.1494 249.6833 10.2209 0.0139 -0.0249 0.6852 0.7278
2867.0000 152.0885 248.5532 10.1801 0.0143 -0.0236 0.6853 0.7277
2868.0000 152.0093 247.4545 10.1536 0.0153 -0.0221 0.6853 0.7277
2869.0000 151.9544 246.3409 10.1139 0.0158 -0.0205 0.6854 0.7277
2870.0000 151.8792 245.2154 10.0812 0.0165 -0.0194 0.6856 0.7275
2871.0000 151.8318 244.1179 10.0459 0.0171 -0.0191 0.6854 0.7277
2872.0000 151.7552 242.9859 10.0021 0.0175 -0.0200 0.6855 0.7276
2873.0000 151.6838 241.8736 9.9815 0.0177 -0.0218 0.6853 0.7277
2874.0000 151.6251 240.7803 9.9554 0.0173 -0.0224 0.6853 0.7277
2875.0000 151.5426 239.6844 9.9111 0.0162 -0.0224 0.6853 0.7278
2876.0000 151.4669 238.5654 9.8835 0.0155 -0.0225 0.6852 0.7278
2877.0000 151.4020 237.4708 9.8428 0.0150 -0.0227 0.6850 0.7280
2878.0000 151.3241 236.3660 9.8101 0.0147 -0.0230 0.6850 0.7280
2879.0000 151.2611 235.2771 9.7811 0.0145 -0.0229 0.6849 0.7281
2880.0000 151.1846 234.1764 9.7398 0.0138 -0.0229 0.6849 0.7282
2881.0000 151.1135 233.0865 9.7088 0.0134 -0.0229 0.6847 0.7284
2882.0000 151.0414 231.9797 9.6821 0.0131 -0.0231 0.6846 0.7285
2883.0000 150.9693 230.8838 9.6500 0.0128 -0.0230 0.6845 0.7286
2884.0000 150.9086 229.8008 9.6238 0.0133 -0.0225 0.6844 0.7286
2885.0000 150.8444 228.6986 9.5802 0.0134 -0.0221 0.6844 0.7286
2886.0000 150.7746 227.6005 9.5557 0.0138 -0.0217 0.6843 0.7287
2887.0000 150.7063 226.5195 9.5294 0.0144 -0.0216 0.6845 0.7286
2888.0000 150.6357 225.4420 9.4982 0.0146 -0.0210 0.6848 0.7283
2889.0000 150.5822 224.3639 9.4625 0.0146 -0.0206 0.6850 0.7281
2890.0000 150.5336 223.2973 9.4360 0.0154 -0.0206 0.6849 0.7282
2891.0000 150.4511 222.2030 9.4081 0.0162 -0.0205 0.6850 0.7281
2892.0000 150.3715 221.1575 9.3783 0.0174 -0.0206 0.6852 0.7279
2893.0000 150.3263 220.1197 9.3524 0.0188 -0.0211 0.6855 0.7275
2894.0000 150.2751 219.0961 9.3225 0.0189 -0.0211 0.6855 0.7275
2895.0000 150.1949 218.0603 9.3076 0.0184 -0.0205 0.6857 0.7274
2896.0000 150.1384 217.0491 9.2664 0.0176 -0.0203 0.6856 0.7274
2897.0000 150.0753 216.0660 9.2436 0.0177 -0.0212 0.6861 0.7270
2898.0000 150.0217 215.0773 9.2218 0.0184 -0.0223 0.6861 0.7269
2899.0000 149.9712 214.0927 9.1980 0.0190 -0.0231 0.6862 0.7268
2900.0000 149.9254 213.1728 9.1642 0.0190 -0.0234 0.6864 0.7266
2901.0000 149.8541 212.2610 9.1462 0.0188 -0.0236 0.6867 0.7263
2902.0000 149.8189 211.3480 9.1168 0.0184 -0.0237 0.6868 0.7262
2903.0000 149.7556 210.4872 9.0954 0.0179 -0.0233 0.6870 0.7261
2904.0000 149.7000 209.6278 9.0685 0.0171 -0.0224 0.6872 0.7259
2905.0000 149.6609 208.8160 9.0492 0.0169 -0.0222 0.6875 0.7256
2906.0000 149.6037 208.0082 9.0255 0.0168 -0.0227 0.6877 0.7254
2907.0000 149.5928 207.2551 9.0119 0.0172 -0.0235 0.6876 0.7255
2908.0000 149.5465 206.5182 9.0009 0.0177 -0.0244 0.6877 0.7254
2909.0000 149.5048 205.8322 8.9779 0.0181 -0.0246 0.6879 0.7252
2910.0000 149.4606 205.1287 8.9479 0.0170 -0.0238 0.6880 0.7251
2911.0000 149.4362 204.4867 8.9469 0.0146 -0.0219 0.6880 0.7252
2912.0000 149.3947 203.8181 8.9358 0.0131 -0.0200 0.6878 0.7255
2913.0000 149.3930 203.1687 8.9326 0.0124 -0.0184 0.6875 0.7259
2914.0000 149.3476 202.5068 8.9131 0.0093 -0.0144 0.6874 0.7261
2915.0000 149.3050 201.8879 8.9157 0.0037 -0.0094 0.6873 0.7263
2916.0000 149.2566 201.2462 8.9248 -0.0000 -0.0077 0.6870 0.7267
2917.0000 149.2187 200.6006 8.9321 0.0014 -0.0101 0.6867 0.7269
2918.0000 149.1936 199.9311 8.8900 0.0110 -0.0176 0.6862 0.7271
2919.0000 149.1321 199.2318 8.8241 0.0247 -0.0293 0.6856 0.7270
2920.0000 149.1034 198.5664 8.7898 0.0338 -0.0377 0.6854 0.7264
2921.0000 149.0463 197.9345 8.8051 0.0322 -0.0357 0.6852 0.7267
2922.0000 149.0340 197.3104 8.7945 0.0229 -0.0263 0.6855 0.7273
2923.0000 148.9957 196.6823 8.7752 0.0127 -0.0159 0.6854 0.7279
2924.0000 148.9570 196.0649 8.7313 0.0075 -0.0101 0.6853 0.7281
2925.0000 148.9109 195.3908 8.6951 0.0105 -0.0123 0.6850 0.7284
2926.0000 148.8674 194.7129 8.6856 0.0169 -0.0179 0.6846 0.7285
2927.0000 148.8253 194.0575 8.6873 0.0205 -0.0215 0.6844 0.7285
2928.0000 148.7872 193.4044 8.6656 0.0200 -0.0209 0.6843 0.7287
2929.0000 148.7399 192.7679 8.6498 0.0168 -0.0194 0.6842 0.7289
2930.0000 148.7066 192.0858 8.6304 0.0134 -0.0178 0.6838 0.7294
2931.0000 148.6535 191.4121 8.6220 0.0120 -0.0174 0.6835 0.7296
2932.0000 148.6193 190.7410 8.5953 0.0120 -0.0175 0.6834 0.7297
2933.0000 148.5714 190.0723 8.6118 0.0141 -0.0181 0.6833 0.7298
2934.0000 148.5179 189.3636 8.5523 0.0153 -0.0181 0.6831 0.7299
2935.0000 148.4722 188.6902 8.5380 0.0150 -0.0178 0.6829 0.7302
2936.0000 148.4162 188.0117 8.5259 0.0142 -0.0180 0.6827 0.7303
2937.0000 148.3765 187.3367 8.5499 0.0142 -0.0173 0.6826 0.7305
2938.0000 148.3383 186.6345 8.4904 0.0136 -0.0163 0.6827 0.7304
2939.0000 148.2909 185.9302 8.4708 0.0146 -0.0162 0.6824 0.7306
2940.0000 148.2327 185.2202 8.4400 0.0147 -0.0163 0.6823 0.7307
2941.0000 148.1939 184.5300 8.4222 0.0144 -0.0167 0.6823 0.7308
2942.0000 148.1207 183.8381 8.4121 0.0141 -0.0180 0.6824 0.7307
2943.0000 148.0794 183.1373 8.4171 0.0133 -0.0198 0.6823 0.7306
2944.0000 148.0216 182.4108 8.4066 0.0129 -0.0203 0.6826 0.7304
2945.0000 147.9798 181.7165 8.3780 0.0126 -0.0203 0.6826 0.7304
2946.0000 147.9391 180.9963 8.3442 0.0119 -0.0205 0.6829 0.7302
2947.0000 147.8753 180.3007 8.3223 0.0107 -0.0212 0.6830 0.7300
2948.0000 147.8107 179.6056 8.3219 0.0095 -0.0227 0.6832 0.7298
2949.0000 147.7795 178.8832 8.3269 0.0089 -0.0234 0.6836 0.7294
2950.0000 147.7320 178.1740 8.2907 0.0083 -0.0235 0.6841 0.7290
2951.0000 147.6780 177.4795 8.2733 0.0077 -0.0235 0.6846 0.7285
2952.0000 147.6338 176.7854 8.2597 0.0068 -0.0236 0.6853 0.7279
2953.0000 147.5924 176.0943 8.2510 0.0065 -0.0241 0.6854 0.7277
2954.0000 147.5369 175.3897 8.2387 0.0065 -0.0246 0.6858 0.7273
2955.0000 147.5093 174.7160 8.2191 0.0068 -0.0251 0.6862 0.7270
2956.0000 147.4639 174.0347 8.2145 0.0073 -0.0258 0.6866 0.7265
2957.0000 147.4349 173.3894 8.2063 0.0081 -0.0260 0.6870 0.7261
2958.0000 147.4123 172.7448 8.1874 0.0088 -0.0259 0.6874 0.7258
2959.0000 147.3710 172.1166 8.1685 0.0092 -0.0261 0.6878 0.7254
2960.0000 147.3437 171.5108 8.1719 0.0097 -0.0262 0.6881 0.7250
2961.0000 147.3138 170.9133 8.1470 0.0098 -0.0261 0.6884 0.7248
2962.0000 147.2872 170.3308 8.1416 0.0098 -0.0253 0.6888 0.7245
2963.0000 147.2438 169.7335 8.1137 0.0092 -0.0240 0.6891 0.7242
2964.0000 147.2319 169.1620 8.0994 0.0089 -0.0234 0.6894 0.7239
2965.0000 147.1772 168.5642 8.0407 0.0080 -0.0263 0.6895 0.7238
2966.0000 147.1454 167.9938 8.1243 0.0099 -0.0288 0.6899 0.7233
2967.0000 147.1363 167.4281 8.1250 0.0113 -0.0267 0.6899 0.7234
2968.0000 147.1358 166.8623 8.0918 0.0095 -0.0169 0.6902 0.7233
2969.0000 147.1329 166.3242 8.0162 0.0039 -0.0064 0.6903 0.7235
2970.0000 147.1025 165.7602 8.0200 -0.0013 -0.0029 0.6908 0.7230
2971.0000 147.0615 165.2593 8.0583 -0.0022 -0.0061 0.6913 0.7226
2972.0000 147.0277 164.6411 8.0806 0.0038 -0.0126 0.6915 0.7223
2973.0000 147.0114 164.0623 8.0112 0.0159 -0.0237 0.6904 0.7228
2974.0000 146.9716 163.4145 7.9804 0.0289 -0.0351 0.6899 0.7225
2975.0000 146.9661 162.8353 7.9727 0.0332 -0.0385 0.6899 0.7221
2976.0000 146.9482 162.2825 7.9759 0.0275 -0.0323 0.6903 0.7223
2977.0000 146.8976 161.7400 7.9370 0.0181 -0.0222 0.6905 0.7228
2978.0000 146.8894 161.1579 7.8984 0.0096 -0.0153 0.6910 0.7226
2979.0000 146.8532 160.6050 7.9048 0.0048 -0.0123 0.6913 0.7224
2980.0000 146.8187 160.0286 7.9170 0.0071 -0.0136 0.6909 0.7228
2981.0000 146.8171 159.4161 7.8914 0.0136 -0.0168 0.6905 0.7230
2982.0000 146.7833 158.8054 7.8456 0.0176 -0.0176 0.6904 0.7230
2983.0000 146.7632 158.1976 7.8224 0.0169 -0.0166 0.6903 0.7232
2984.0000 146.7257 157.6034 7.8319 0.0144 -0.0150 0.6899 0.7236
2985.0000 146.6781 156.9901 7.8272 0.0118 -0.0141 0.6899 0.7237
2986.0000 146.6316 156.3865 7.8270 0.0111 -0.0139 0.6898 0.7237
2987.0000 146.6163 155.7895 7.8187 0.0123 -0.0143 0.6893 0.7242
2988.0000 146.6019 155.1341 7.7906 0.0142 -0.0148 0.6890 0.7245
2989.0000 146.5645 154.5084 7.7640 0.0153 -0.0152 0.6886 0.7248
2990.0000 146.5336 153.8787 7.7571 0.0155 -0.0158 0.6885 0.7249
2991.0000 146.4824 153.2341 7.7442 0.0149 -0.0154 0.6883 0.7251
2992.0000 146.4576 152.6104 7.7357 0.0144 -0.0150 0.6880 0.7254
2993.0000 146.4202 151.9874 7.7253 0.0144 -0.0148 0.6879 0.7255
2994.0000 146.3877 151.3361 7.7110 0.0147 -0.0144 0.6877 0.7257
2995.0000 146.3448 150.6639 7.6904 0.0154 -0.0140 0.6875 0.7259
2996.0000 146.3156 150.0065 7.6732 0.0159 -0.0137 0.6871 0.7263
2997.0000 146.2931 149.3533 7.6592 0.0160 -0.0134 0.6869 0.7264
2998.0000 146.2597 148.6933 7.6436 0.0159 -0.0132 0.6866 0.7267
2999.0000 146.2148 148.0349 7.6402 0.0162 -0.0127 0.6864 0.7269
3000.0000 146.1844 147.3644 7.6087 0.0163 -0.0126 0.6863 0.7271
3001.0000 146.1281 146.6721 7.6017 0.0173 -0.0128 0.6864 0.7269
3002.0000 146.0899 145.9901 7.5861 0.0175 -0.0132 0.6863 0.7270
3003.0000 146.0546 145.3115 7.5806 0.0176 -0.0131 0.6863 0.7270
3004.0000 146.0188 144.6168 7.5634 0.0174 -0.0125 0.6865 0.7268
3005.0000 145.9905 143.9234 7.5566 0.0172 -0.0117 0.6862 0.7271
3006.0000 145.9405 143.2439 7.5335 0.0175 -0.0109 0.6861 0.7272
3007.0000 145.8937 142.5503 7.5045 0.0169 -0.0106 0.6864 0.7270
3008.0000 145.8630 141.8578 7.5027 0.0164 -0.0109 0.6864 0.7269
3009.0000 145.8065 141.1697 7.4965 0.0159 -0.0118 0.6863 0.7271
3010.0000 145.7703 140.4372 7.4795 0.0155 -0.0118 0.6864 0.7270
3011.0000 145.7283 139.7294 7.4676 0.0152 -0.0122 0.6861 0.7272
3012.0000 145.6813 139.0232 7.4505 0.0149 -0.0135 0.6861 0.7272
3013.0000 145.6276 138.3098 7.4384 0.0150 -0.0145 0.6859 0.7274
3014.0000 145.5912 137.5973 7.4294 0.0147 -0.0153 0.6854 0.7279
3015.0000 145.5337 136.9026 7.4218 0.0142 -0.0162 0.6854 0.7278
3016.0000 145.4821 136.1959 7.4029 0.0136 -0.0167 0.6852 0.7280
3017.0000 145.4389 135.4981 7.3940 0.0131 -0.0170 0.6849 0.7283
3018.0000 145.4133 134.8165 7.3806 0.0126 -0.0173 0.6848 0.7284
3019.0000 145.3618 134.1333 7.3771 0.0126 -0.0177 0.6846 0.7286
3020.0000 145.3070 133.4466 7.3501 0.0128 -0.0182 0.6845 0.7287
3021.0000 145.2569 132.7684 7.3359 0.0130 -0.0187 0.6844 0.7288
3022.0000 145.2418 132.0880 7.3260 0.0130 -0.0191 0.6840 0.7292
3023.0000 145.1853 131.4332 7.3240 0.0129 -0.0193 0.6839 0.7292
3024.0000 145.1499 130.8049 7.3088 0.0127 -0.0191 0.6836 0.7295
3025.0000 145.1115 130.1736 7.2990 0.0125 -0.0184 0.6836 0.7296
3026.0000 145.0759 129.5411 7.2831 0.0117 -0.0175 0.6834 0.7297
3027.0000 145.0122 128.9011 7.2625 0.0113 -0.0168 0.6832 0.7299
3028.0000 144.9648 128.2657 7.2514 0.0112 -0.0171 0.6831 0.7300
3029.0000 144.9273 127.6538 7.2545 0.0114 -0.0175 0.6829 0.7302
3030.0000 144.8724 127.0199 7.2419 0.0113 -0.0183 0.6826 0.7305
3031.0000 144.8322 126.4083 7.2472 0.0119 -0.0183 0.6825 0.7306
3032.0000 144.8047 125.7867 7.2137 0.0117 -0.0179 0.6821 0.7309
3033.0000 144.7553 125.1538 7.2049 0.0117 -0.0176 0.6821 0.7310
3034.0000 144.7210 124.5799 7.2302 0.0098 -0.0145 0.6818 0.7313
3035.0000 144.6879 123.9870 7.2518 0.0024 -0.0066 0.6818 0.7315
3036.0000 144.6295 123.3849 7.2634 -0.0028 0.0006 0.6816 0.7317
3037.0000 144.5858 122.7938 7.2096 -0.0038 0.0024 0.6816 0.7317
3038.0000 144.5292 122.1537 7.1679 0.0003 -0.0043 0.6814 0.7319
3039.0000 144.4763 121.5326 7.1565 0.0123 -0.0202 0.6810 0.7319
3040.0000 144.4471 120.8931 7.1962 0.0278 -0.0360 0.6803 0.7316
3041.0000 144.3650 120.2793 7.2598 0.0360 -0.0388 0.6798 0.7315
3042.0000 144.3113 119.6892 7.2003 0.0276 -0.0285 0.6798 0.7323
3043.0000 144.3061 119.1039 7.1268 0.0127 -0.0163 0.6806 0.7323
3044.0000 144.2467 118.5479 7.1005 0.0006 -0.0077 0.6807 0.7325
3045.0000 144.2005 117.9301 7.0482 -0.0028 -0.0070 0.6804 0.7328
3046.0000 144.1454 117.2792 7.0456 0.0059 -0.0139 0.6800 0.7330
3047.0000 144.1146 116.6433 7.0640 0.0169 -0.0227 0.6795 0.7331
3048.0000 144.0659 116.0128 7.1097 0.0217 -0.0249 0.6790 0.7334
3049.0000 144.0257 115.3887 7.0792 0.0175 -0.0211 0.6790 0.7336
3050.0000 143.9736 114.7454 7.0608 0.0116 -0.0152 0.6793 0.7336
3051.0000 143.9227 114.1466 7.0256 0.0079 -0.0110 0.6791 0.7339
3052.0000 143.8677 113.4887 7.0180 0.0086 -0.0094 0.6793 0.7338
3053.0000 143.8525 112.8550 7.0028 0.0115 -0.0098 0.6790 0.7340
3054.0000 143.7858 112.1808 6.9886 0.0143 -0.0105 0.6787 0.7342
3055.0000 143.7393 111.5385 6.9963 0.0165 -0.0107 0.6785 0.7343
3056.0000 143.6913 110.8876 6.9737 0.0166 -0.0106 0.6784 0.7344
3057.0000 143.6310 110.2412 6.9728 0.0162 -0.0103 0.6783 0.7345
3058.0000 143.5726 109.5856 6.9666 0.0157 -0.0101 0.6781 0.7347
3059.0000 143.5207 108.9326 6.9532 0.0156 -0.0103 0.6778 0.7350
3060.0000 143.4624 108.2650 6.9425 0.0156 -0.0106 0.6775 0.7353
3061.0000 143.4018 107.5858 6.9216 0.0154 -0.0112 0.6773 0.7354
3062.0000 143.3415 106.9147 6.9084 0.0148 -0.0121 0.6771 0.7357
3063.0000 143.2865 106.2303 6.9033 0.0141 -0.0129 0.6769 0.7358
3064.0000 143.2118 105.5396 6.8988 0.0137 -0.0134 0.6766 0.7361
3065.0000 143.1611 104.8656 6.8787 0.0134 -0.0146 0.6764 0.7362
3066.0000 143.0687 104.1593 6.8693 0.0132 -0.0158 0.6761 0.7365
3067.0000 143.0244 103.4545 6.8603 0.0127 -0.0169 0.6759 0.7367
3068.0000 142.9617 102.7665 6.8363 0.0121 -0.0177 0.6754 0.7371
3069.0000 142.8906 102.0475 6.8365 0.0118 -0.0177 0.6753 0.7372
3070.0000 142.8200 101.3584 6.8147 0.0113 -0.0175 0.6752 0.7373
3071.0000 142.7647 100.6322 6.8048 0.0109 -0.0173 0.6747 0.7378
3072.0000 142.7079 99.9354 6.7841 0.0104 -0.0173 0.6742 0.7382
3073.0000 142.6415 99.2311 6.7777 0.0105 -0.0171 0.6739 0.7385
3074.0000 142.5578 98.5084 6.7592 0.0111 -0.0172 0.6735 0.7389
3075.0000 142.4870 97.7809 6.7438 0.0117 -0.0170 0.6728 0.7395
3076.0000 142.4297 97.0676 6.7211 0.0121 -0.0171 0.6720 0.7403
3077.0000 142.3617 96.3495 6.7164 0.0125 -0.0169 0.6711 0.7410
3078.0000 142.2841 95.6202 6.7015 0.0120 -0.0164 0.6701 0.7420
3079.0000 142.1927 94.8671 6.6884 0.0115 -0.0155 0.6692 0.7428
3080.0000 142.1038 94.1520 6.6795 0.0111 -0.0147 0.6681 0.7439
3081.0000 142.0197 93.4134 6.6687 0.0111 -0.0136 0.6666 0.7452
3082.0000 141.9401 92.6766 6.6482 0.0112 -0.0131 0.6645 0.7471
3083.0000 141.8505 91.9287 6.6397 0.0114 -0.0130 0.6624 0.7490
3084.0000 141.7437 91.2052 6.6278 0.0115 -0.0133 0.6599 0.7511
3085.0000 141.6442 90.4730 6.6193 0.0117 -0.0135 0.6568 0.7538
3086.0000 141.4986 89.6938 6.6059 0.0121 -0.0138 0.6533 0.7569
3087.0000 141.3821 88.9559 6.5917 0.0123 -0.0138 0.6491 0.7605
3088.0000 141.2473 88.2266 6.5836 0.0126 -0.0138 0.6449 0.7640
3089.0000 141.0945 87.4850 6.5687 0.0126 -0.0137 0.6399 0.7682
3090.0000 140.9232 86.7524 6.5618 0.0128 -0.0137 0.6347 0.7726
3091.0000 140.7475 86.0053 6.5504 0.0130 -0.0132 0.6294 0.7769
3092.0000 140.5785 85.2658 6.5377 0.0132 -0.0130 0.6239 0.7813
3093.0000 140.3674 84.5175 6.5223 0.0134 -0.0128 0.6184 0.7856
3094.0000 140.1849 83.7547 6.5112 0.0135 -0.0121 0.6128 0.7900
3095.0000 139.9791 83.0074 6.4984 0.0133 -0.0113 0.6079 0.7939
3096.0000 139.7517 82.2899 6.4920 0.0133 -0.0106 0.6029 0.7976
3097.0000 139.5249 81.5400 6.4871 0.0135 -0.0099 0.5984 0.8010
3098.0000 139.2953 80.8096 6.4759 0.0139 -0.0094 0.5935 0.8047
3099.0000 139.0428 80.0754 6.4682 0.0145 -0.0091 0.5883 0.8084
3100.0000 138.7592 79.3231 6.4517 0.0149 -0.0089 0.5824 0.8127
3101.0000 138.4824 78.5739 6.4451 0.0151 -0.0091 0.5767 0.8168
3102.0000 138.2104 77.8572 6.4282 0.0145 -0.0089 0.5707 0.8210
3103.0000 137.9059 77.1189 6.4297 0.0135 -0.0092 0.5650 0.8249
3104.0000 137.5873 76.3907 6.4296 0.0130 -0.0093 0.5590 0.8290
3105.0000 137.2629 75.6634 6.4200 0.0128 -0.0098 0.5531 0.8329
3106.0000 136.9331 74.9201 6.4090 0.0129 -0.0103 0.5470 0.8370
3107.0000 136.5911 74.2115 6.4001 0.0128 -0.0110 0.5409 0.8409
3108.0000 136.2223 73.4804 6.3949 0.0123 -0.0110 0.5352 0.8446
3109.0000 135.8502 72.7728 6.3787 0.0120 -0.0108 0.5296 0.8481
3110.0000 135.4964 72.0371 6.3619 0.0108 -0.0110 0.5242 0.8514
3111.0000 135.1018 71.3155 6.3715 0.0105 -0.0115 0.5196 0.8543
3112.0000 134.7062 70.6189 6.3610 0.0105 -0.0118 0.5154 0.8568
3113.0000 134.3046 69.9183 6.3614 0.0108 -0.0119 0.5113 0.8592
3114.0000 133.9137 69.1824 6.3414 0.0105 -0.0119 0.5072 0.8617
3115.0000 133.4904 68.4703 6.3253 0.0100 -0.0124 0.5035 0.8639
3116.0000 133.0627 67.7488 6.3242 0.0093 -0.0128 0.5003 0.8657
3117.0000 132.6331 67.0675 6.3271 0.0086 -0.0130 0.4975 0.8673
3118.0000 132.2131 66.3371 6.3250 0.0084 -0.0125 0.4952 0.8687
3119.0000 131.7683 65.6406 6.3100 0.0085 -0.0118 0.4928 0.8700
3120.0000 131.3539 64.9184 6.3026 0.0091 -0.0112 0.4900 0.8716
3121.0000 130.8986 64.2100 6.2833 0.0098 -0.0111 0.4874 0.8730
3122.0000 130.4589 63.4889 6.2820 0.0106 -0.0113 0.4853 0.8742
3123.0000 129.9858 62.7797 6.2693 0.0110 -0.0112 0.4829 0.8755
3124.0000 129.5309 62.0605 6.2684 0.0112 -0.0107 0.4808 0.8767
3125.0000 129.0768 61.3418 6.2600 0.0113 -0.0100 0.4787 0.8779
3126.0000 128.6088 60.6448 6.2508 0.0114 -0.0094 0.4771 0.8787
3127.0000 128.1368 59.9327 6.2437 0.0113 -0.0095 0.4757 0.8795
3128.0000 127.6544 59.2137 6.2468 0.0114 -0.0097 0.4746 0.8801
3129.0000 127.1831 58.5020 6.2253 0.0111 -0.0102 0.4739 0.8804
3130.0000 126.7052 57.8026 6.2400 0.0114 -0.0109 0.4731 0.8809
3131.0000 126.2237 57.0620 6.2272 0.0111 -0.0111 0.4724 0.8812
3132.0000 125.7460 56.3528 6.2239 0.0111 -0.0111 0.4719 0.8815
3133.0000 125.2717 55.6428 6.2100 0.0111 -0.0108 0.4716 0.8817
3134.0000 124.7913 54.9298 6.2017 0.0107 -0.0108 0.4711 0.8820
3135.0000 124.3038 54.1922 6.1930 0.0103 -0.0106 0.4707 0.8822
3136.0000 123.8205 53.4599 6.1881 0.0096 -0.0107 0.4705 0.8823
3137.0000 123.3100 52.7511 6.1950 0.0090 -0.0109 0.4712 0.8819
3138.0000 122.8305 52.0275 6.1801 0.0083 -0.0108 0.4713 0.8818
3139.0000 122.3464 51.3030 6.1827 0.0077 -0.0113 0.4724 0.8813
3140.0000 121.8662 50.5718 6.1843 0.0075 -0.0114 0.4732 0.8809
3141.0000 121.3745 49.8227 6.1738 0.0072 -0.0113 0.4739 0.8805
3142.0000 120.8781 49.0864 6.1676 0.0075 -0.0115 0.4751 0.8798
3143.0000 120.4211 48.3584 6.1517 0.0077 -0.0117 0.4757 0.8795
3144.0000 119.9252 47.5962 6.1591 0.0081 -0.0118 0.4769 0.8789
3145.0000 119.4539 46.8591 6.1415 0.0077 -0.0113 0.4778 0.8784
3146.0000 118.9673 46.1198 6.1469 0.0076 -0.0117 0.4790 0.8777
3147.0000 118.4906 45.3809 6.1436 0.0074 -0.0122 0.4798 0.8772
3148.0000 118.0219 44.6401 6.1426 0.0075 -0.0128 0.4804 0.8769
3149.0000 117.5582 43.9136 6.1359 0.0076 -0.0130 0.4815 0.8763
3150.0000 117.0929 43.1652 6.1232 0.0078 -0.0132 0.4825 0.8758
3151.0000 116.6304 42.4183 6.1156 0.0083 -0.0134 0.4833 0.8753
3152.0000 116.1506 41.6638 6.1026 0.0083 -0.0134 0.4843 0.8748
3153.0000 115.6930 40.9002 6.0973 0.0081 -0.0133 0.4854 0.8742
3154.0000 115.2375 40.1811 6.0969 0.0079 -0.0130 0.4865 0.8736
3155.0000 114.7704 39.4396 6.0948 0.0078 -0.0126 0.4876 0.8729
3156.0000 114.3223 38.6999 6.0786 0.0073 -0.0121 0.4885 0.8724
3157.0000 113.8644 37.9352 6.0755 0.0067 -0.0118 0.4903 0.8714
3158.0000 113.4156 37.2138 6.0781 0.0063 -0.0120 0.4919 0.8705
3159.0000 112.9679 36.4530 6.0740 0.0058 -0.0126 0.4941 0.8693
3160.0000 112.5275 35.7127 6.0791 0.0059 -0.0129 0.4962 0.8681
3161.0000 112.1093 34.9623 6.0664 0.0057 -0.0132 0.4987 0.8667
3162.0000 111.6897 34.2146 6.0701 0.0058 -0.0136 0.5012 0.8652
3163.0000 111.2702 33.4800 6.0561 0.0060 -0.0138 0.5036 0.8638
3164.0000 110.8646 32.7400 6.0507 0.0058 -0.0140 0.5059 0.8625
3165.0000 110.4406 31.9888 6.0234 0.0048 -0.0148 0.5083 0.8610
3166.0000 110.0353 31.2460 6.0410 0.0040 -0.0165 0.5108 0.8595
3167.0000 109.6469 30.4960 6.0757 0.0046 -0.0167 0.5130 0.8582
3168.0000 109.2598 29.7392 6.0278 0.0042 -0.0150 0.5160 0.8565
3169.0000 108.8610 28.9882 6.0057 0.0037 -0.0144 0.5192 0.8545
3170.0000 108.5075 28.2469 6.0109 0.0027 -0.0151 0.5226 0.8524
3171.0000 108.1294 27.5053 6.0337 0.0031 -0.0171 0.5260 0.8503
3172.0000 107.7686 26.7646 6.0262 0.0045 -0.0181 0.5300 0.8478
3173.0000 107.4232 26.0141 6.0002 0.0052 -0.0177 0.5342 0.8451
3174.0000 107.0972 25.2650 5.9976 0.0055 -0.0163 0.5391 0.8421
3175.0000 106.7702 24.5160 5.9835 0.0053 -0.0150 0.5437 0.8391
3176.0000 106.4539 23.7616 5.9900 0.0054 -0.0144 0.5482 0.8362
3177.0000 106.1560 23.0006 5.9835 0.0063 -0.0144 0.5526 0.8333
3178.0000 105.8562 22.2539 5.9727 0.0077 -0.0149 0.5574 0.8301
3179.0000 105.5608 21.5208 5.9751 0.0092 -0.0154 0.5621 0.8269
3180.0000 105.3047 20.7999 5.9628 0.0104 -0.0151 0.5663 0.8240
3181.0000 105.0566 20.0644 5.9615 0.0114 -0.0143 0.5705 0.8211
3182.0000 104.8172 19.3480 5.9447 0.0120 -0.0131 0.5741 0.8186
3183.0000 104.5794 18.6281 5.9309 0.0122 -0.0129 0.5772 0.8164
3184.0000 104.3209 17.9162 5.9327 0.0123 -0.0130 0.5808 0.8138
3185.0000 104.1215 17.2566 5.9346 0.0122 -0.0134 0.5840 0.8115
3186.0000 103.8864 16.5710 5.9349 0.0120 -0.0132 0.5877 0.8089
3187.0000 103.7018 15.9022 5.9261 0.0120 -0.0131 0.5911 0.8064
3188.0000 103.5098 15.2365 5.9098 0.0117 -0.0132 0.5948 0.8037
3189.0000 103.3147 14.5830 5.9218 0.0118 -0.0137 0.5985 0.8010
3190.0000 103.1574 13.9268 5.9160 0.0119 -0.0138 0.6023 0.7980
3191.0000 102.9810 13.2966 5.9005 0.0125 -0.0137 0.6060 0.7952
3192.0000 102.8498 12.6695 5.8902 0.0130 -0.0139 0.6096 0.7925
3193.0000 102.6895 12.0680 5.8923 0.0134 -0.0143 0.6131 0.7898
3194.0000 102.5670 11.4592 5.8799 0.0134 -0.0146 0.6163 0.7873
3195.0000 102.4147 10.8928 5.8799 0.0133 -0.0148 0.6194 0.7848
3196.0000 102.2926 10.3074 5.8753 0.0129 -0.0144 0.6225 0.7823
3197.0000 102.1744 9.7482 5.8496 0.0106 -0.0130 0.6256 0.7800
3198.0000 102.0525 9.1885 5.8532 0.0041 -0.0102 0.6287 0.7776
3199.0000 101.9371 8.6453 5.9222 -0.0008 -0.0079 0.6316 0.7753
3200.0000 101.8346 8.0928 5.9364 -0.0015 -0.0065 0.6342 0.7731
3201.0000 101.7401 7.5476 5.9123 0.0015 -0.0056 0.6366 0.7712
3202.0000 101.6498 6.9346 5.8424 0.0053 -0.0072 0.6384 0.7696
3203.0000 101.5474 6.3979 5.8116 0.0092 -0.0137 0.6398 0.7683
3204.0000 101.4187 5.8348 5.8276 0.0111 -0.0216 0.6410 0.7672
3205.0000 101.3460 5.2868 5.8930 0.0115 -0.0263 0.6417 0.7665
3206.0000 101.2348 4.7552 5.9109 0.0120 -0.0254 0.6426 0.7657
3207.0000 101.1749 4.2272 5.8655 0.0121 -0.0210 0.6430 0.7655
3208.0000 101.0775 3.6818 5.8202 0.0117 -0.0168 0.6437 0.7650
3209.0000 100.9900 3.1927 5.7844 0.0099 -0.0153 0.6439 0.7649
3210.0000 100.8897 2.7017 5.7959 0.0067 -0.0154 0.6444 0.7645
3211.0000 100.8213 2.2092 5.8334 0.0048 -0.0160 0.6444 0.7645
3212.0000 100.7399 1.7332 5.8474 0.0047 -0.0163 0.6445 0.7644
3213.0000 100.6689 1.2557 5.8366 0.0060 -0.0159 0.6446 0.7643
3214.0000 100.5764 0.7850 5.8167 0.0076 -0.0157 0.6444 0.7645
3215.0000 100.4769 0.3558 5.8078 0.0084 -0.0159 0.6441 0.7647
3216.0000 100.4130 -0.0501 5.8137 0.0082 -0.0160 0.6439 0.7649
3217.0000 100.3523 -0.4864 5.8182 0.0072 -0.0153 0.6435 0.7653
3218.0000 100.2706 -0.8932 5.8110 0.0057 -0.0140 0.6427 0.7659
3219.0000 100.2032 -1.2923 5.8139 0.0050 -0.0129 0.6414 0.7671
3220.0000 100.1118 -1.6991 5.8204 0.0054 -0.0122 0.6398 0.7684
3221.0000 100.0322 -2.1176 5.8115 0.0061 -0.0114 0.6372 0.7706
3222.0000 99.9414 -2.5084 5.8042 0.0062 -0.0105 0.6343 0.7730
3223.0000 99.8388 -2.9001 5.8028 0.0058 -0.0102 0.6310 0.7757
3224.0000 99.7432 -3.3191 5.8035 0.0055 -0.0100 0.6272 0.7788
3225.0000 99.6438 -3.7018 5.8155 0.0060 -0.0100 0.6229 0.7822
3226.0000 99.5339 -4.0807 5.8106 0.0073 -0.0097 0.6180 0.7861
3227.0000 99.4119 -4.4681 5.8018 0.0088 -0.0096 0.6122 0.7906
3228.0000 99.2912 -4.8396 5.7952 0.0099 -0.0099 0.6054 0.7958
3229.0000 99.1491 -5.2351 5.7929 0.0102 -0.0103 0.5978 0.8015
3230.0000 99.0043 -5.6061 5.8066 0.0101 -0.0104 0.5903 0.8071
3231.0000 98.8591 -5.9382 5.8078 0.0097 -0.0100 0.5822 0.8129
3232.0000 98.6925 -6.2962 5.8067 0.0095 -0.0091 0.5735 0.8191
3233.0000 98.5390 -6.6578 5.8018 0.0100 -0.0083 0.5642 0.8256
3234.0000 98.3634 -7.0108 5.7886 0.0104 -0.0075 0.5547 0.8319
3235.0000 98.1601 -7.3557 5.7799 0.0104 -0.0076 0.5448 0.8385
3236.0000 97.9678 -7.7172 5.7869 0.0105 -0.0081 0.5346 0.8450
3237.0000 97.7436 -8.0633 5.7924 0.0102 -0.0081 0.5239 0.8517
3238.0000 97.5251 -8.3856 5.8007 0.0099 -0.0077 0.5128 0.8584
3239.0000 97.3171 -8.6983 5.8049 0.0099 -0.0068 0.5014 0.8652
3240.0000 97.0556 -9.0500 5.7908 0.0099 -0.0059 0.4895 0.8719
3241.0000 96.8116 -9.3689 5.7765 0.0095 -0.0057 0.4772 0.8787
3242.0000 96.5538 -9.6786 5.7892 0.0088 -0.0058 0.4648 0.8853
3243.0000 96.2658 -9.9930 5.7958 0.0084 -0.0061 0.4517 0.8921
3244.0000 95.9614 -10.2944 5.7916 0.0086 -0.0068 0.4388 0.8985
3245.0000 95.6865 -10.5931 5.7976 0.0095 -0.0079 0.4255 0.9049
3246.0000 95.3657 -10.8752 5.7996 0.0108 -0.0079 0.4119 0.9111
3247.0000 95.0517 -11.1696 5.7761 0.0111 -0.0073 0.3979 0.9173
3248.0000 94.7095 -11.4486 5.7895 0.0105 -0.0076 0.3839 0.9233
3249.0000 94.3770 -11.6998 5.8006 0.0105 -0.0078 0.3695 0.9291
3250.0000 94.0289 -11.9602 5.7906 0.0109 -0.0077 0.3541 0.9351
3251.0000 93.6525 -12.2278 5.7709 0.0108 -0.0081 0.3386 0.9408
3252.0000 93.2741 -12.4395 5.7832 0.0106 -0.0086 0.3226 0.9464
3253.0000 92.8774 -12.6783 5.7762 0.0097 -0.0095 0.3059 0.9520
3254.0000 92.4807 -12.8954 5.7999 0.0095 -0.0100 0.2885 0.9574
3255.0000 92.0638 -13.0953 5.7936 0.0095 -0.0094 0.2709 0.9625
3256.0000 91.6569 -13.2714 5.7840 0.0097 -0.0079 0.2527 0.9675
3257.0000 91.1976 -13.4457 5.7626 0.0089 -0.0064 0.2346 0.9720
3258.0000 90.7545 -13.5841 5.7824 0.0080 -0.0059 0.2158 0.9764
3259.0000 90.2957 -13.7066 5.7811 0.0070 -0.0064 0.1964 0.9805
3260.0000 89.8244 -13.8258 5.8015 0.0066 -0.0069 0.1767 0.9842
3261.0000 89.3457 -13.9465 5.7849 0.0058 -0.0064 0.1570 0.9876
3262.0000 88.8483 -14.0198 5.7952 0.0048 -0.0059 0.1372 0.9905
3263.0000 88.3598 -14.0821 5.8004 0.0038 -0.0051 0.1174 0.9931
3264.0000 87.8649 -14.1333 5.7979 0.0028 -0.0043 0.0978 0.9952
3265.0000 87.3318 -14.1697 5.7999 0.0013 -0.0040 0.0795 0.9968
3266.0000 86.8089 -14.1912 5.8105 -0.0006 -0.0043 0.0631 0.9980
3267.0000 86.3112 -14.1922 5.8204 -0.0021 -0.0047 0.0490 0.9988
3268.0000 85.7732 -14.1894 5.8280 -0.0034 -0.0046 0.0371 0.9993
3269.0000 85.2660 -14.1891 5.8150 -0.0042 -0.0052 0.0263 0.9996
3270.0000 84.7107 -14.1739 5.8195 -0.0053 -0.0063 0.0173 0.9998
3271.0000 84.1795 -14.1783 5.8418 -0.0061 -0.0067 0.0092 0.9999
3272.0000 83.6457 -14.1558 5.8538 -0.0063 -0.0060 0.0015 1.0000
3273.0000 83.0864 -14.1166 5.8621 -0.0055 -0.0042 -0.0058 1.0000
3274.0000 82.5205 -14.1006 5.8355 -0.0056 -0.0018 -0.0125 0.9999
3275.0000 81.9215 -14.0662 5.8369 -0.0066 -0.0005 -0.0171 0.9998
3276.0000 81.3413 -14.0235 5.8456 -0.0084 -0.0006 -0.0205 0.9998
3277.0000 80.7578 -13.9950 5.8742 -0.0099 -0.0023 -0.0234 0.9997
3278.0000 80.1623 -13.9382 5.9079 -0.0090 -0.0042 -0.0251 0.9996
3279.0000 79.5591 -13.9150 5.9001 -0.0073 -0.0050 -0.0271 0.9996
3280.0000 78.9424 -13.8824 5.8885 -0.0055 -0.0044 -0.0288 0.9996
3281.0000 78.3051 -13.8564 5.8748 -0.0054 -0.0027 -0.0301 0.9995
3282.0000 77.6714 -13.7999 5.8928 -0.0060 -0.0014 -0.0308 0.9995
3283.0000 77.0473 -13.7545 5.9076 -0.0071 -0.0010 -0.0310 0.9995
3284.0000 76.4141 -13.7107 5.9400 -0.0073 -0.0013 -0.0306 0.9995
3285.0000 75.7584 -13.6835 5.9406 -0.0072 -0.0015 -0.0302 0.9995
3286.0000 75.1045 -13.6387 5.9500 -0.0065 -0.0016 -0.0296 0.9995
3287.0000 74.4318 -13.5982 5.9513 -0.0061 -0.0018 -0.0294 0.9995
3288.0000 73.7391 -13.5752 5.9543 -0.0062 -0.0021 -0.0290 0.9996
3289.0000 73.0726 -13.5244 5.9576 -0.0066 -0.0027 -0.0289 0.9996
3290.0000 72.3898 -13.4708 5.9697 -0.0075 -0.0033 -0.0289 0.9995
3291.0000 71.7054 -13.4143 6.0015 -0.0080 -0.0035 -0.0286 0.9996
3292.0000 71.0164 -13.3818 6.0166 -0.0078 -0.0029 -0.0286 0.9996
3293.0000 70.2930 -13.3419 6.0153 -0.0072 -0.0018 -0.0285 0.9996
3294.0000 69.5747 -13.3089 6.0123 -0.0068 -0.0013 -0.0279 0.9996
3295.0000 68.8492 -13.2832 6.0158 -0.0067 -0.0015 -0.0279 0.9996
3296.0000 68.1373 -13.2190 6.0402 -0.0069 -0.0022 -0.0278 0.9996
3297.0000 67.3872 -13.1905 6.0586 -0.0067 -0.0022 -0.0275 0.9996
3298.0000 66.6473 -13.1518 6.0696 -0.0062 -0.0015 -0.0275 0.9996
3299.0000 65.9118 -13.1192 6.0721 -0.0055 -0.0003 -0.0273 0.9996
3300.0000 65.1547 -13.0607 6.0780 -0.0053 0.0003 -0.0270 0.9996
3301.0000 64.4058 -13.0174 6.1031 -0.0053 0.0002 -0.0268 0.9996
3302.0000 63.6462 -12.9636 6.1113 -0.0052 0.0000 -0.0266 0.9996
3303.0000 62.8778 -12.9283 6.1331 -0.0049 -0.0003 -0.0267 0.9996
3304.0000 62.0879 -12.8829 6.1422 -0.0045 -0.0004 -0.0267 0.9996
3305.0000 61.3022 -12.8600 6.1480 -0.0044 -0.0010 -0.0273 0.9996
3306.0000 60.4988 -12.8080 6.1627 -0.0044 -0.0018 -0.0275 0.9996
3307.0000 59.6994 -12.7580 6.1757 -0.0049 -0.0029 -0.0278 0.9996
3308.0000 58.9008 -12.7064 6.1947 -0.0049 -0.0040 -0.0289 0.9996
3309.0000 58.0949 -12.6594 6.2004 -0.0044 -0.0038 -0.0299 0.9995
3310.0000 57.2630 -12.6032 6.2082 -0.0043 -0.0022 -0.0306 0.9995
3311.0000 56.4627 -12.5458 6.2264 -0.0043 -0.0003 -0.0315 0.9995
3312.0000 55.6347 -12.4861 6.2367 -0.0042 0.0007 -0.0322 0.9995
3313.0000 54.8107 -12.4211 6.2462 -0.0044 -0.0003 -0.0330 0.9994
3314.0000 53.9562 -12.3701 6.2632 -0.0046 -0.0024 -0.0341 0.9994
3315.0000 53.0933 -12.3197 6.2735 -0.0045 -0.0039 -0.0350 0.9994
3316.0000 52.2489 -12.2730 6.2760 -0.0049 -0.0041 -0.0361 0.9993
3317.0000 51.3928 -12.1847 6.2892 -0.0052 -0.0032 -0.0369 0.9993
3318.0000 50.5454 -12.1024 6.3170 -0.0050 -0.0021 -0.0378 0.9993
3319.0000 49.6726 -12.0486 6.3174 -0.0048 -0.0005 -0.0386 0.9992
3320.0000 48.7941 -11.9632 6.3278 -0.0047 0.0001 -0.0390 0.9992
3321.0000 47.9263 -11.8935 6.3469 -0.0049 -0.0005 -0.0393 0.9992
3322.0000 47.0400 -11.8348 6.3684 -0.0050 -0.0020 -0.0396 0.9992
3323.0000 46.1331 -11.7688 6.3821 -0.0049 -0.0027 -0.0394 0.9992
3324.0000 45.2551 -11.6894 6.3972 -0.0046 -0.0025 -0.0395 0.9992
3325.0000 44.3592 -11.6074 6.4024 -0.0043 -0.0019 -0.0392 0.9992
3326.0000 43.4629 -11.5283 6.4051 -0.0045 -0.0019 -0.0389 0.9992
3327.0000 42.5609 -11.4681 6.4389 -0.0047 -0.0029 -0.0391 0.9992
3328.0000 41.6452 -11.3863 6.4479 -0.0047 -0.0035 -0.0392 0.9992
3329.0000 40.7446 -11.3197 6.4622 -0.0047 -0.0032 -0.0392 0.9992
3330.0000 39.8447 -11.2593 6.4786 -0.0045 -0.0029 -0.0392 0.9992
3331.0000 38.9441 -11.1671 6.4878 -0.0044 -0.0026 -0.0392 0.9992
3332.0000 38.0549 -11.1058 6.5034 -0.0046 -0.0024 -0.0393 0.9992
3333.0000 37.1726 -11.0438 6.5289 -0.0047 -0.0022 -0.0392 0.9992
3334.0000 36.2592 -10.9716 6.5488 -0.0045 -0.0020 -0.0392 0.9992
3335.0000 35.3629 -10.8956 6.5451 -0.0046 -0.0023 -0.0393 0.9992
3336.0000 34.4636 -10.8456 6.5687 -0.0051 -0.0035 -0.0390 0.9992
3337.0000 33.5525 -10.7665 6.5886 -0.0057 -0.0042 -0.0388 0.9992
3338.0000 32.6671 -10.6846 6.6061 -0.0063 -0.0039 -0.0389 0.9992
3339.0000 31.7625 -10.6078 6.6164 -0.0066 -0.0030 -0.0386 0.9992
3340.0000 30.8826 -10.5305 6.6398 -0.0068 -0.0016 -0.0376 0.9993
3341.0000 29.9910 -10.4855 6.6522 -0.0069 -0.0004 -0.0364 0.9993
3342.0000 29.0879 -10.4167 6.6687 -0.0068 -0.0009 -0.0352 0.9994
3343.0000 28.1994 -10.3563 6.6838 -0.0063 -0.0025 -0.0343 0.9994
3344.0000 27.2828 -10.2940 6.7051 -0.0053 -0.0037 -0.0330 0.9994
3345.0000 26.4109 -10.2415 6.7179 -0.0043 -0.0035 -0.0318 0.9995
3346.0000 25.4972 -10.1905 6.7118 -0.0045 -0.0021 -0.0305 0.9995
3347.0000 24.6216 -10.1378 6.7387 -0.0050 -0.0015 -0.0298 0.9995
3348.0000 23.7507 -10.0836 6.7652 -0.0053 -0.0018 -0.0286 0.9996
3349.0000 22.8214 -10.0274 6.7802 -0.0053 -0.0031 -0.0273 0.9996
3350.0000 21.9458 -9.9821 6.7887 -0.0051 -0.0045 -0.0269 0.9996
3351.0000 21.0548 -9.9365 6.8072 -0.0047 -0.0052 -0.0263 0.9996
3352.0000 20.1631 -9.8636 6.8224 -0.0045 -0.0045 -0.0263 0.9996
3353.0000 19.2842 -9.8412 6.8295 -0.0046 -0.0027 -0.0266 0.9996
3354.0000 18.3911 -9.7975 6.8332 -0.0048 -0.0013 -0.0265 0.9996
3355.0000 17.5006 -9.7399 6.8600 -0.0054 -0.0009 -0.0263 0.9996
3356.0000 16.6261 -9.6959 6.8872 -0.0053 -0.0014 -0.0267 0.9996
3357.0000 15.7476 -9.6292 6.8946 -0.0047 -0.0024 -0.0273 0.9996
3358.0000 14.8685 -9.5959 6.9027 -0.0046 -0.0039 -0.0283 0.9996
3359.0000 13.9457 -9.5429 6.9033 -0.0050 -0.0052 -0.0290 0.9996
3360.0000 13.0855 -9.4878 6.9383 -0.0054 -0.0064 -0.0299 0.9995
3361.0000 12.1981 -9.4367 6.9497 -0.0054 -0.0051 -0.0304 0.9995
3362.0000 11.3155 -9.3541 6.9721 -0.0046 -0.0021 -0.0312 0.9995
3363.0000 10.4245 -9.2956 6.9723 -0.0043 0.0016 -0.0319 0.9995
3364.0000 9.5736 -9.2617 6.9741 -0.0046 0.0028 -0.0328 0.9994
3365.0000 8.6599 -9.2060 7.0022 -0.0053 0.0010 -0.0334 0.9994
3366.0000 7.7365 -9.1345 7.0260 -0.0059 -0.0016 -0.0339 0.9994
3367.0000 6.8313 -9.0548 7.0483 -0.0066 -0.0035 -0.0336 0.9994
3368.0000 5.9321 -8.9824 7.0675 -0.0070 -0.0036 -0.0331 0.9994
3369.0000 5.0339 -8.9213 7.0821 -0.0066 -0.0025 -0.0330 0.9994
3370.0000 4.1161 -8.8898 7.0964 -0.0061 -0.0005 -0.0331 0.9994
3371.0000 3.2206 -8.8242 7.1018 -0.0054 0.0013 -0.0333 0.9994
3372.0000 2.2981 -8.7505 7.1122 -0.0053 0.0016 -0.0336 0.9994
3373.0000 1.3737 -8.6792 7.1244 -0.0057 -0.0005 -0.0339 0.9994
3374.0000 0.4789 -8.6103 7.1635 -0.0060 -0.0037 -0.0342 0.9994
3375.0000 -0.4198 -8.5600 7.1816 -0.0063 -0.0054 -0.0348 0.9994
3376.0000 -1.3082 -8.4901 7.1992 -0.0066 -0.0051 -0.0352 0.9993
3377.0000 -2.2138 -8.4178 7.2175 -0.0064 -0.0031 -0.0351 0.9994
3378.0000 -3.0992 -8.3588 7.2329 -0.0057 -0.0003 -0.0353 0.9994
3379.0000 -3.9922 -8.3055 7.2406 -0.0050 0.0018 -0.0350 0.9994
3380.0000 -4.8720 -8.2543 7.2617 -0.0045 0.0016 -0.0349 0.9994
3381.0000 -5.7687 -8.1898 7.2835 -0.0039 -0.0004 -0.0350 0.9994
3382.0000 -6.6675 -8.1037 7.2993 -0.0037 -0.0020 -0.0347 0.9994
3383.0000 -7.5289 -8.0570 7.3255 -0.0038 -0.0026 -0.0346 0.9994
3384.0000 -8.4174 -7.9725 7.3534 -0.0038 -0.0021 -0.0343 0.9994
3385.0000 -9.2710 -7.9399 7.3703 -0.0034 -0.0019 -0.0344 0.9994
3386.0000 -10.1709 -7.8703 7.3779 -0.0028 -0.0022 -0.0341 0.9994
3387.0000 -11.0319 -7.8158 7.3877 -0.0022 -0.0029 -0.0340 0.9994
3388.0000 -11.8834 -7.7712 7.4017 -0.0018 -0.0035 -0.0340 0.9994
3389.0000 -12.7518 -7.6969 7.4276 -0.0015 -0.0031 -0.0339 0.9994
3390.0000 -13.5957 -7.6562 7.4384 -0.0006 -0.0024 -0.0340 0.9994
3391.0000 -14.4414 -7.5827 7.4426 -0.0003 -0.0024 -0.0340 0.9994
3392.0000 -15.3194 -7.5219 7.4590 -0.0005 -0.0036 -0.0344 0.9994
3393.0000 -16.1670 -7.4645 7.4574 -0.0011 -0.0058 -0.0345 0.9994
3394.0000 -17.0131 -7.3965 7.4820 -0.0024 -0.0085 -0.0347 0.9994
3395.0000 -17.8457 -7.3126 7.5097 -0.0029 -0.0088 -0.0353 0.9993
3396.0000 -18.7010 -7.2585 7.5268 -0.0023 -0.0058 -0.0357 0.9993
3397.0000 -19.5410 -7.2172 7.5280 -0.0012 -0.0001 -0.0359 0.9994
3398.0000 -20.3784 -7.1386 7.5262 -0.0009 0.0042 -0.0360 0.9993
3399.0000 -21.2146 -7.0783 7.5600 -0.0003 0.0041 -0.0360 0.9993
3400.0000 -22.0638 -7.0336 7.5796 0.0003 0.0011 -0.0364 0.9993
3401.0000 -22.9098 -6.9688 7.6024 0.0012 -0.0014 -0.0369 0.9993
3402.0000 -23.7555 -6.9011 7.6078 0.0009 0.0006 -0.0374 0.9993
3403.0000 -24.5798 -6.8371 7.6451 -0.0013 0.0085 -0.0373 0.9993
3404.0000 -25.4233 -6.7714 7.7052 -0.0047 0.0155 -0.0373 0.9992
3405.0000 -26.2190 -6.6906 7.7577 -0.0058 0.0140 -0.0379 0.9992
3406.0000 -27.1012 -6.6404 7.7482 -0.0053 0.0005 -0.0384 0.9992
3407.0000 -27.9628 -6.5635 7.7582 -0.0040 -0.0159 -0.0394 0.9991
3408.0000 -28.8306 -6.4925 7.7684 -0.0008 -0.0236 -0.0398 0.9989
3409.0000 -29.6733 -6.4313 7.7459 0.0012 -0.0160 -0.0412 0.9990
3410.0000 -30.5092 -6.3680 7.7349 0.0011 -0.0014 -0.0419 0.9991
3411.0000 -31.3110 -6.2905 7.7549 0.0012 0.0078 -0.0432 0.9990
3412.0000 -32.1740 -6.1872 7.7706 0.0007 0.0076 -0.0447 0.9990
3413.0000 -33.0497 -6.1174 7.8118 0.0003 0.0021 -0.0461 0.9989
3414.0000 -33.9351 -6.0388 7.8388 -0.0001 -0.0015 -0.0473 0.9989
3415.0000 -34.7935 -5.9453 7.8618 -0.0005 -0.0018 -0.0485 0.9988
3416.0000 -35.6515 -5.8442 7.8648 -0.0012 -0.0003 -0.0497 0.9988
3417.0000 -36.5165 -5.7656 7.8845 -0.0023 0.0004 -0.0509 0.9987
3418.0000 -37.3738 -5.6453 7.9251 -0.0019 0.0001 -0.0521 0.9986
3419.0000 -38.2776 -5.5582 7.9266 -0.0012 -0.0004 -0.0541 0.9985
3420.0000 -39.1629 -5.4678 7.9377 -0.0006 -0.0006 -0.0557 0.9984
3421.0000 -40.0381 -5.3435 7.9313 -0.0012 -0.0005 -0.0575 0.9983
3422.0000 -40.9376 -5.2517 7.9789 -0.0022 -0.0004 -0.0598 0.9982
3423.0000 -41.8481 -5.1317 8.0075 -0.0027 0.0004 -0.0621 0.9981
3424.0000 -42.7075 -5.0102 8.0333 -0.0024 0.0015 -0.0637 0.9980
3425.0000 -43.5992 -4.8911 8.0453 -0.0013 0.0028 -0.0655 0.9978
3426.0000 -44.4976 -4.7987 8.0563 -0.0007 0.0030 -0.0675 0.9977
3427.0000 -45.4096 -4.6343 8.0789 -0.0006 0.0018 -0.0690 0.9976
3428.0000 -46.3134 -4.5172 8.0931 -0.0008 -0.0011 -0.0705 0.9975
3429.0000 -47.2201 -4.3778 8.1220 -0.0005 -0.0034 -0.0715 0.9974
3430.0000 -48.1471 -4.2560 8.1366 -0.0001 -0.0031 -0.0731 0.9973
3431.0000 -49.0436 -4.1091 8.1569 0.0010 -0.0003 -0.0742 0.9972
3432.0000 -49.9568 -3.9646 8.1724 0.0019 0.0041 -0.0754 0.9971
3433.0000 -50.8701 -3.8172 8.1885 0.0020 0.0059 -0.0765 0.9970
3434.0000 -51.7991 -3.6653 8.2315 0.0022 0.0046 -0.0777 0.9970
3435.0000 -52.7062 -3.5329 8.2423 0.0015 0.0015 -0.0792 0.9969
3436.0000 -53.6597 -3.3626 8.2659 0.0010 -0.0014 -0.0802 0.9968
3437.0000 -54.5760 -3.1954 8.2841 -0.0003 -0.0025 -0.0819 0.9966
3438.0000 -55.4954 -3.0378 8.3350 0.0003 -0.0013 -0.0828 0.9966
3439.0000 -56.4452 -2.9043 8.3266 0.0014 0.0033 -0.0840 0.9965
3440.0000 -57.3574 -2.7269 8.3378 0.0008 0.0074 -0.0846 0.9964
3441.0000 -58.2522 -2.5757 8.3986 -0.0006 0.0078 -0.0849 0.9964
3442.0000 -59.2142 -2.4001 8.4380 -0.0016 0.0061 -0.0848 0.9964
3443.0000 -60.1564 -2.2635 8.4805 -0.0012 0.0050 -0.0851 0.9964
3444.0000 -61.1062 -2.0914 8.4970 -0.0001 0.0062 -0.0852 0.9963
3445.0000 -62.0547 -1.9217 8.5003 0.0008 0.0075 -0.0850 0.9964
3446.0000 -62.9808 -1.7393 8.5377 -0.0003 0.0062 -0.0849 0.9964
3447.0000 -63.9329 -1.5761 8.5868 -0.0015 0.0016 -0.0849 0.9964
3448.0000 -64.8727 -1.4225 8.6040 -0.0021 -0.0031 -0.0853 0.9963
3449.0000 -65.8567 -1.2635 8.6017 -0.0022 -0.0037 -0.0853 0.9963
3450.0000 -66.7836 -1.1042 8.6132 -0.0022 -0.0018 -0.0855 0.9963
3451.0000 -67.7271 -0.9282 8.6548 -0.0020 0.0010 -0.0855 0.9963
3452.0000 -68.6567 -0.7620 8.6869 -0.0016 0.0026 -0.0856 0.9963
3453.0000 -69.6084 -0.6045 8.6938 -0.0011 0.0025 -0.0856 0.9963
3454.0000 -70.6030 -0.4287 8.7158 -0.0013 0.0005 -0.0856 0.9963
3455.0000 -71.5377 -0.2600 8.7357 -0.0019 -0.0015 -0.0860 0.9963
3456.0000 -72.4818 -0.0942 8.7699 -0.0027 -0.0020 -0.0863 0.9963
3457.0000 -73.4480 0.0951 8.7875 -0.0028 -0.0007 -0.0866 0.9962
3458.0000 -74.3813 0.2559 8.8102 -0.0035 0.0004 -0.0870 0.9962
3459.0000 -75.3438 0.4125 8.8364 -0.0040 0.0004 -0.0874 0.9962
3460.0000 -76.2974 0.5990 8.8668 -0.0036 -0.0005 -0.0878 0.9961
3461.0000 -77.2278 0.7732 8.8860 -0.0033 -0.0014 -0.0881 0.9961
3462.0000 -78.2022 0.9330 8.9096 -0.0027 -0.0019 -0.0885 0.9961
3463.0000 -79.1380 1.0874 8.9131 -0.0024 -0.0017 -0.0893 0.9960
3464.0000 -80.0688 1.2815 8.9506 -0.0021 -0.0008 -0.0894 0.9960
3465.0000 -81.0160 1.4636 8.9724 -0.0017 0.0006 -0.0897 0.9960
3466.0000 -81.9622 1.6425 8.9819 -0.0019 0.0014 -0.0900 0.9959
3467.0000 -82.9111 1.8174 9.0127 -0.0021 0.0012 -0.0904 0.9959
3468.0000 -83.8200 1.9654 9.0451 -0.0020 0.0010 -0.0909 0.9959
3469.0000 -84.7835 2.1281 9.0555 -0.0015 0.0013 -0.0914 0.9958
3470.0000 -85.7345 2.3255 9.0767 -0.0013 0.0010 -0.0917 0.9958
3471.0000 -86.6628 2.5041 9.1094 -0.0008 0.0001 -0.0920 0.9958
3472.0000 -87.5950 2.6806 9.1270 -0.0003 -0.0001 -0.0921 0.9957
3473.0000 -88.5156 2.8477 9.1543 0.0000 0.0010 -0.0926 0.9957
3474.0000 -89.4416 3.0316 9.1679 -0.0003 0.0020 -0.0929 0.9957
3475.0000 -90.3828 3.2370 9.2103 -0.0006 0.0022 -0.0932 0.9956
3476.0000 -91.3009 3.3954 9.2308 -0.0007 0.0022 -0.0937 0.9956
3477.0000 -92.2352 3.5858 9.2569 -0.0011 0.0026 -0.0942 0.9955
3478.0000 -93.1669 3.7450 9.2814 -0.0022 0.0029 -0.0946 0.9955
3479.0000 -94.0752 3.9465 9.3294 -0.0030 0.0020 -0.0949 0.9955
3480.0000 -95.0043 4.1185 9.3455 -0.0034 0.0013 -0.0952 0.9954
3481.0000 -95.9232 4.2957 9.3650 -0.0037 0.0012 -0.0957 0.9954
3482.0000 -96.8524 4.4714 9.3875 -0.0039 0.0016 -0.0960 0.9954
3483.0000 -97.7679 4.6625 9.4231 -0.0040 0.0019 -0.0965 0.9953
3484.0000 -98.6741 4.8486 9.4441 -0.0040 0.0024 -0.0968 0.9953
3485.0000 -99.5906 5.0397 9.4631 -0.0040 0.0024 -0.0971 0.9953
3486.0000 -100.5116 5.2143 9.4920 -0.0038 0.0019 -0.0973 0.9952
3487.0000 -101.4180 5.3854 9.5046 -0.0034 0.0012 -0.0977 0.9952
3488.0000 -102.3213 5.5718 9.5180 -0.0033 0.0006 -0.0980 0.9952
3489.0000 -103.2227 5.7542 9.5471 -0.0038 -0.0001 -0.0982 0.9952
3490.0000 -104.1513 5.9459 9.5853 -0.0036 -0.0003 -0.0983 0.9952
3491.0000 -105.0545 6.1066 9.6000 -0.0037 0.0005 -0.0985 0.9951
3492.0000 -105.9399 6.2894 9.6198 -0.0035 0.0011 -0.0984 0.9951
3493.0000 -106.8426 6.4845 9.6416 -0.0040 0.0014 -0.0985 0.9951
3494.0000 -107.7346 6.6577 9.6772 -0.0041 0.0014 -0.0987 0.9951
3495.0000 -108.6359 6.8440 9.6934 -0.0040 0.0022 -0.0988 0.9951
3496.0000 -109.5340 7.0365 9.7004 -0.0045 0.0034 -0.0986 0.9951
3497.0000 -110.4148 7.2072 9.7578 -0.0049 0.0038 -0.0984 0.9951
3498.0000 -111.3214 7.3975 9.7947 -0.0051 0.0037 -0.0978 0.9952
3499.0000 -112.2183 7.5492 9.8301 -0.0042 0.0027 -0.0978 0.9952
3500.0000 -113.1166 7.7370 9.8256 -0.0032 0.0022 -0.0973 0.9952
3501.0000 -114.0039 7.8985 9.8510 -0.0025 0.0015 -0.0971 0.9953
3502.0000 -114.8968 8.0779 9.8722 -0.0023 0.0014 -0.0965 0.9953
3503.0000 -115.7997 8.2586 9.9117 -0.0018 0.0016 -0.0960 0.9954
3504.0000 -116.7001 8.4286 9.9272 -0.0016 0.0023 -0.0959 0.9954
3505.0000 -117.5783 8.5919 9.9622 -0.0014 0.0029 -0.0955 0.9954
3506.0000 -118.4614 8.7534 9.9842 -0.0010 0.0036 -0.0952 0.9955
3507.0000 -119.3585 8.9313 10.0283 0.0002 0.0038 -0.0944 0.9955
3508.0000 -120.2530 9.0912 10.0339 0.0006 0.0039 -0.0939 0.9956
3509.0000 -121.1405 9.2375 10.0788 0.0032 0.0038 -0.0936 0.9956
3510.0000 -122.0289 9.4224 10.0752 0.0038 0.0090 -0.0929 0.9956
3511.0000 -122.9070 9.6059 10.1081 0.0015 0.0154 -0.0918 0.9957
3512.0000 -123.7732 9.7548 10.1966 -0.0014 0.0166 -0.0913 0.9957
3513.0000 -124.6588 9.9235 10.2415 -0.0022 0.0091 -0.0912 0.9958
3514.0000 -125.5979 10.1027 10.2178 -0.0032 -0.0050 -0.0908 0.9958
3515.0000 -126.5283 10.2829 10.2245 -0.0038 -0.0167 -0.0904 0.9958
3516.0000 -127.4089 10.4246 10.2486 -0.0028 -0.0165 -0.0902 0.9958
3517.0000 -128.2770 10.5967 10.2748 -0.0007 -0.0014 -0.0898 0.9960
3518.0000 -129.1155 10.7443 10.2622 0.0000 0.0143 -0.0894 0.9959
3519.0000 -129.9798 10.9116 10.3249 -0.0012 0.0170 -0.0887 0.9959
3520.0000 -130.8975 11.0756 10.3675 -0.0026 0.0090 -0.0885 0.9960
3521.0000 -131.8298 11.2303 10.3940 -0.0034 -0.0002 -0.0887 0.9961
3522.0000 -132.7403 11.3982 10.4417 -0.0027 -0.0052 -0.0887 0.9960
3523.0000 -133.6472 11.5298 10.4223 -0.0009 -0.0030 -0.0888 0.9960
3524.0000 -134.5443 11.7176 10.4082 -0.0012 0.0026 -0.0885 0.9961
3525.0000 -135.4170 11.8985 10.4599 -0.0034 0.0052 -0.0880 0.9961
3526.0000 -136.3083 12.0608 10.5166 -0.0049 0.0042 -0.0883 0.9961
3527.0000 -137.2232 12.1983 10.5356 -0.0052 0.0034 -0.0885 0.9961
3528.0000 -138.1296 12.3717 10.5382 -0.0054 0.0046 -0.0884 0.9961
3529.0000 -139.0122 12.5383 10.5843 -0.0058 0.0060 -0.0881 0.9961
3530.0000 -139.9119 12.7039 10.6136 -0.0063 0.0064 -0.0872 0.9961
3531.0000 -140.8265 12.8778 10.6410 -0.0070 0.0048 -0.0861 0.9963
3532.0000 -141.7070 13.0309 10.6663 -0.0075 0.0027 -0.0850 0.9964
3533.0000 -142.6014 13.1659 10.7117 -0.0067 0.0018 -0.0839 0.9965
3534.0000 -143.5115 13.2891 10.7140 -0.0053 0.0021 -0.0828 0.9965
3535.0000 -144.4116 13.4431 10.7246 -0.0048 0.0025 -0.0815 0.9967
3536.0000 -145.2595 13.5898 10.7609 -0.0053 0.0022 -0.0803 0.9968
3537.0000 -146.1693 13.7267 10.7941 -0.0056 0.0020 -0.0789 0.9969
3538.0000 -147.0474 13.8533 10.8273 -0.0057 0.0023 -0.0778 0.9970
3539.0000 -147.9253 13.9814 10.8534 -0.0046 0.0029 -0.0762 0.9971
3540.0000 -148.7964 14.1309 10.8709 -0.0031 0.0039 -0.0748 0.9972
3541.0000 -149.6843 14.2655 10.8731 -0.0028 0.0045 -0.0735 0.9973
3542.0000 -150.5308 14.4015 10.9097 -0.0034 0.0039 -0.0726 0.9973
3543.0000 -151.4096 14.5238 10.9506 -0.0041 0.0028 -0.0714 0.9974
3544.0000 -152.2950 14.6367 10.9818 -0.0045 0.0022 -0.0706 0.9975
3545.0000 -153.1434 14.7482 11.0127 -0.0041 0.0027 -0.0695 0.9976
3546.0000 -153.9904 14.8661 11.0261 -0.0036 0.0042 -0.0688 0.9976
3547.0000 -154.8463 14.9851 11.0481 -0.0036 0.0053 -0.0685 0.9976
3548.0000 -155.7118 15.1163 11.0757 -0.0042 0.0052 -0.0684 0.9976
3549.0000 -156.5669 15.2486 11.1087 -0.0046 0.0041 -0.0678 0.9977
3550.0000 -157.4266 15.3522 11.1376 -0.0047 0.0033 -0.0675 0.9977
3551.0000 -158.2936 15.4686 11.1717 -0.0047 0.0037 -0.0673 0.9977
3552.0000 -159.1272 15.5695 11.2249 -0.0030 0.0084 -0.0669 0.9977
3553.0000 -159.9596 15.6837 11.2350 -0.0022 0.0171 -0.0671 0.9976
3554.0000 -160.8098 15.7930 11.2586 -0.0031 0.0222 -0.0667 0.9975
3555.0000 -161.6737 15.9069 11.2950 -0.0053 0.0167 -0.0670 0.9976
3556.0000 -162.5608 16.0469 11.3473 -0.0070 0.0001 -0.0671 0.9977
3557.0000 -163.4770 16.1939 11.3636 -0.0065 -0.0160 -0.0665 0.9976
3558.0000 -164.3297 16.3022 11.3603 -0.0060 -0.0201 -0.0664 0.9976
3559.0000 -165.1744 16.4052 11.3974 -0.0058 -0.0073 -0.0664 0.9978
3560.0000 -166.0122 16.5111 11.3986 -0.0066 0.0114 -0.0667 0.9977
3561.0000 -166.8747 16.6238 11.4164 -0.0074 0.0199 -0.0674 0.9975
3562.0000 -167.7551 16.7296 11.4298 -0.0083 0.0136 -0.0675 0.9976
3563.0000 -168.6783 16.8908 11.5002 -0.0081 0.0031 -0.0673 0.9977
3564.0000 -169.5711 16.9995 11.5293 -0.0076 -0.0020 -0.0675 0.9977
3565.0000 -170.4660 17.1358 11.5430 -0.0079 -0.0002 -0.0675 0.9977
3566.0000 -171.3433 17.2521 11.5758 -0.0080 0.0045 -0.0676 0.9977
3567.0000 -172.2281 17.3704 11.5973 -0.0080 0.0084 -0.0678 0.9976
3568.0000 -173.1428 17.4858 11.6376 -0.0075 0.0090 -0.0681 0.9976
3569.0000 -174.0640 17.6130 11.6651 -0.0060 0.0070 -0.0684 0.9976
3570.0000 -174.9664 17.7510 11.6825 -0.0045 0.0045 -0.0686 0.9976
3571.0000 -175.8787 17.8884 11.7049 -0.0040 0.0024 -0.0690 0.9976
3572.0000 -176.7895 18.0172 11.7424 -0.0036 0.0017 -0.0694 0.9976
3573.0000 -177.7135 18.1438 11.7650 -0.0034 0.0024 -0.0702 0.9975
3574.0000 -178.6207 18.2666 11.7883 -0.0036 0.0038 -0.0711 0.9975
3575.0000 -179.5539 18.3998 11.8097 -0.0035 0.0048 -0.0718 0.9974
3576.0000 -180.4712 18.5489 11.8366 -0.0038 0.0050 -0.0727 0.9973
3577.0000 -181.3809 18.6647 11.8726 -0.0042 0.0050 -0.0739 0.9972
3578.0000 -182.2873 18.8205 11.9060 -0.0046 0.0051 -0.0749 0.9972
3579.0000 -183.2096 18.9673 11.9305 -0.0052 0.0057 -0.0760 0.9971
3580.0000 -184.1304 19.1176 11.9774 -0.0057 0.0062 -0.0772 0.9970
3581.0000 -185.0612 19.2638 12.0082 -0.0057 0.0066 -0.0784 0.9969
3582.0000 -185.9604 19.4183 12.0261 -0.0058 0.0061 -0.0795 0.9968
3583.0000 -186.9067 19.5767 12.0558 -0.0060 0.0047 -0.0803 0.9967
3584.0000 -187.8177 19.7112 12.0920 -0.0059 0.0043 -0.0813 0.9967
3585.0000 -188.7357 19.8815 12.1273 -0.0059 0.0046 -0.0822 0.9966
3586.0000 -189.6326 20.0110 12.1559 -0.0059 0.0053 -0.0834 0.9965
3587.0000 -190.5373 20.1732 12.1870 -0.0059 0.0055 -0.0842 0.9964
3588.0000 -191.4331 20.3262 12.2073 -0.0060 0.0053 -0.0849 0.9964
3589.0000 -192.3266 20.4916 12.2386 -0.0065 0.0050 -0.0853 0.9963
3590.0000 -193.2294 20.6484 12.2766 -0.0070 0.0049 -0.0860 0.9963
3591.0000 -194.1160 20.8329 12.3020 -0.0075 0.0053 -0.0861 0.9962
3592.0000 -194.9878 20.9691 12.3342 -0.0077 0.0058 -0.0863 0.9962
3593.0000 -195.8812 21.1255 12.3650 -0.0080 0.0056 -0.0866 0.9962
3594.0000 -196.7649 21.2876 12.3978 -0.0080 0.0056 -0.0864 0.9962
3595.0000 -197.6365 21.4431 12.4165 -0.0082 0.0055 -0.0866 0.9962
3596.0000 -198.5296 21.5954 12.4529 -0.0079 0.0051 -0.0866 0.9962
3597.0000 -199.3965 21.7459 12.4763 -0.0080 0.0054 -0.0866 0.9962
3598.0000 -200.2307 21.9003 12.5191 -0.0080 0.0056 -0.0867 0.9962
3599.0000 -201.1102 22.0466 12.5289 -0.0081 0.0071 -0.0868 0.9962
3600.0000 -201.9470 22.1887 12.6423 -0.0061 0.0124 -0.0873 0.9961
3601.0000 -202.8082 22.3297 12.6635 -0.0041 0.0237 -0.0872 0.9959
3602.0000 -203.6135 22.5020 12.6723 -0.0042 0.0326 -0.0874 0.9956
3603.0000 -204.4242 22.6564 12.7540 -0.0056 0.0287 -0.0874 0.9957
3604.0000 -205.3109 22.7943 12.7753 -0.0075 0.0128 -0.0878 0.9960
3605.0000 -206.2165 22.9875 12.8042 -0.0089 -0.0086 -0.0880 0.9960
3606.0000 -207.0888 23.1055 12.8159 -0.0102 -0.0231 -0.0877 0.9958
3607.0000 -208.0003 23.2542 12.8146 -0.0111 -0.0195 -0.0874 0.9959
3608.0000 -208.7486 23.3902 12.8780 -0.0109 -0.0014 -0.0867 0.9962
3609.0000 -209.5289 23.5668 12.8757 -0.0101 0.0172 -0.0856 0.9961
3610.0000 -210.3740 23.7370 12.8579 -0.0094 0.0217 -0.0852 0.9961
3611.0000 -211.2585 23.8879 12.9070 -0.0092 0.0140 -0.0841 0.9963
3612.0000 -212.1403 23.9973 12.9823 -0.0089 0.0062 -0.0832 0.9965
3613.0000 -212.9494 24.1222 13.0074 -0.0085 0.0044 -0.0825 0.9965
3614.0000 -213.8250 24.2881 13.0412 -0.0087 0.0069 -0.0822 0.9966
3615.0000 -214.6746 24.4231 13.0730 -0.0092 0.0107 -0.0821 0.9965
3616.0000 -215.5094 24.5714 13.0990 -0.0096 0.0129 -0.0815 0.9965
3617.0000 -216.3444 24.7119 13.1451 -0.0096 0.0128 -0.0811 0.9966
3618.0000 -217.2335 24.8500 13.1863 -0.0092 0.0107 -0.0807 0.9966
3619.0000 -218.1017 24.9814 13.2286 -0.0084 0.0090 -0.0805 0.9967
3620.0000 -218.9562 25.1284 13.2522 -0.0075 0.0088 -0.0802 0.9967
3621.0000 -219.7921 25.2486 13.2845 -0.0070 0.0095 -0.0797 0.9968
3622.0000 -220.6696 25.3989 13.3220 -0.0062 0.0106 -0.0790 0.9968
3623.0000 -221.5254 25.5276 13.3505 -0.0061 0.0108 -0.0787 0.9968
3624.0000 -222.4025 25.6697 13.3825 -0.0057 0.0101 -0.0784 0.9969
3625.0000 -223.3027 25.8013 13.4199 -0.0059 0.0093 -0.0778 0.9969
3626.0000 -224.1648 25.9656 13.4638 -0.0059 0.0088 -0.0772 0.9970
3627.0000 -225.0360 26.0829 13.4905 -0.0060 0.0094 -0.0765 0.9970
3628.0000 -225.9226 26.2205 13.5430 -0.0061 0.0107 -0.0755 0.9971
3629.0000 -226.7784 26.3569 13.5729 -0.0059 0.0115 -0.0749 0.9971
3630.0000 -227.6649 26.5182 13.6163 -0.0051 0.0119 -0.0742 0.9972
3631.0000 -228.5148 26.6443 13.6465 -0.0045 0.0116 -0.0738 0.9972
3632.0000 -229.4170 26.7900 13.6862 -0.0045 0.0104 -0.0729 0.9973
3633.0000 -230.3182 26.9238 13.7352 -0.0048 0.0096 -0.0721 0.9973
3634.0000 -231.1967 27.0420 13.7851 -0.0046 0.0098 -0.0718 0.9974
3635.0000 -232.0657 27.1621 13.8104 -0.0047 0.0112 -0.0714 0.9974
3636.0000 -232.9494 27.3075 13.8480 -0.0051 0.0123 -0.0708 0.9974
3637.0000 -233.8532 27.4348 13.8907 -0.0054 0.0123 -0.0703 0.9974
3638.0000 -234.7446 27.5560 13.9306 -0.0048 0.0114 -0.0697 0.9975
3639.0000 -235.6240 27.6856 13.9671 -0.0041 0.0113 -0.0693 0.9975
3640.0000 -236.5267 27.7905 14.0094 -0.0043 0.0118 -0.0690 0.9975
3641.0000 -237.4332 27.8874 14.0537 -0.0045 0.0124 -0.0682 0.9976
3642.0000 -238.3076 27.9802 14.1041 -0.0045 0.0119 -0.0677 0.9976
3643.0000 -239.2189 28.1170 14.1301 -0.0043 0.0110 -0.0669 0.9977
3644.0000 -240.1368 28.2282 14.1758 -0.0039 0.0104 -0.0668 0.9977
3645.0000 -241.0321 28.3545 14.2062 -0.0038 0.0107 -0.0663 0.9977
3646.0000 -241.9079 28.4568 14.2616 -0.0037 0.0111 -0.0656 0.9978
3647.0000 -242.7490 28.5751 14.2901 -0.0034 0.0116 -0.0653 0.9978
3648.0000 -243.6475 28.6843 14.3365 -0.0032 0.0114 -0.0647 0.9978
3649.0000 -244.5012 28.8002 14.3696 -0.0030 0.0107 -0.0643 0.9979
3650.0000 -245.3532 28.9052 14.4126 -0.0025 0.0106 -0.0640 0.9979
3651.0000 -246.2405 29.0182 14.4569 -0.0024 0.0111 -0.0638 0.9979
3652.0000 -247.1188 29.1457 14.5023 -0.0025 0.0118 -0.0642 0.9979
3653.0000 -247.9409 29.2556 14.5426 -0.0027 0.0125 -0.0645 0.9978
3654.0000 -248.8100 29.3758 14.5861 -0.0025 0.0126 -0.0652 0.9978
3655.0000 -249.6612 29.4836 14.6260 -0.0023 0.0124 -0.0656 0.9978
3656.0000 -250.5208 29.5975 14.6600 -0.0022 0.0126 -0.0659 0.9977
3657.0000 -251.3611 29.7075 14.6999 -0.0025 0.0139 -0.0666 0.9977
3658.0000 -252.1727 29.8202 14.7740 -0.0018 0.0186 -0.0669 0.9976
3659.0000 -253.0120 29.9271 14.8379 0.0003 0.0269 -0.0672 0.9974
3660.0000 -253.8532 30.0521 14.8802 0.0012 0.0338 -0.0671 0.9972
3661.0000 -254.7159 30.1734 14.9597 -0.0013 0.0315 -0.0671 0.9972
3662.0000 -255.5686 30.3101 15.0220 -0.0025 0.0183 -0.0668 0.9976
3663.0000 -256.4759 30.4250 15.0225 -0.0038 0.0021 -0.0664 0.9978
3664.0000 -257.3683 30.5435 15.0185 -0.0046 -0.0101 -0.0655 0.9978
3665.0000 -258.2035 30.6732 15.0153 -0.0041 -0.0099 -0.0644 0.9979
3666.0000 -259.0709 30.7508 15.0523 -0.0031 0.0031 -0.0637 0.9980
3667.0000 -259.9225 30.8592 15.1227 -0.0030 0.0177 -0.0633 0.9978
3668.0000 -260.7421 30.9717 15.1834 -0.0035 0.0242 -0.0627 0.9977
3669.0000 -261.6439 31.0730 15.2538 -0.0019 0.0204 -0.0623 0.9978
3670.0000 -262.5115 31.1896 15.2619 0.0002 0.0154 -0.0615 0.9980
3671.0000 -263.4345 31.2867 15.2995 0.0016 0.0128 -0.0610 0.9981
3672.0000 -264.3161 31.3837 15.3342 0.0017 0.0135 -0.0600 0.9981
3673.0000 -265.2094 31.4940 15.3879 0.0014 0.0154 -0.0592 0.9981
3674.0000 -266.0799 31.5782 15.4364 0.0005 0.0170 -0.0584 0.9981
3675.0000 -266.9838 31.6894 15.4858 0.0002 0.0174 -0.0575 0.9982
3676.0000 -267.8580 31.7825 15.5245 -0.0004 0.0167 -0.0562 0.9983
3677.0000 -268.7580 31.8965 15.5704 -0.0012 0.0149 -0.0550 0.9984
3678.0000 -269.6610 31.9829 15.6260 -0.0018 0.0139 -0.0541 0.9984
3679.0000 -270.5554 32.0863 15.6490 -0.0024 0.0144 -0.0527 0.9985
3680.0000 -271.4801 32.1877 15.6989 -0.0035 0.0163 -0.0515 0.9985
3681.0000 -272.3781 32.2780 15.7712 -0.0046 0.0178 -0.0503 0.9986
3682.0000 -273.2744 32.3599 15.8256 -0.0049 0.0188 -0.0488 0.9986
3683.0000 -274.2109 32.4415 15.8729 -0.0049 0.0181 -0.0472 0.9987
3684.0000 -275.1130 32.5307 15.9332 -0.0045 0.0162 -0.0454 0.9988
3685.0000 -276.0507 32.6148 15.9672 -0.0033 0.0155 -0.0441 0.9989
3686.0000 -276.9931 32.6901 16.0095 -0.0024 0.0160 -0.0425 0.9990
3687.0000 -277.9053 32.7537 16.0638 -0.0012 0.0170 -0.0415 0.9990
3688.0000 -278.8552 32.8243 16.1133 -0.0007 0.0173 -0.0403 0.9990
3689.0000 -279.7977 32.9172 16.1690 -0.0001 0.0160 -0.0393 0.9991
3690.0000 -280.7697 32.9634 16.2063 -0.0000 0.0145 -0.0383 0.9992
3691.0000 -281.6773 33.0404 16.2564 0.0003 0.0145 -0.0378 0.9992
3692.0000 -282.6194 33.1161 16.3078 0.0007 0.0152 -0.0366 0.9992
3693.0000 -283.5785 33.1674 16.3581 0.0011 0.0165 -0.0361 0.9992
3694.0000 -284.5451 33.2451 16.4079 0.0009 0.0176 -0.0354 0.9992
3695.0000 -285.5109 33.3163 16.4751 0.0013 0.0176 -0.0350 0.9992
3696.0000 -286.4817 33.3844 16.5184 0.0016 0.0173 -0.0343 0.9993
3697.0000 -287.4243 33.4537 16.5759 0.0020 0.0172 -0.0339 0.9993
3698.0000 -288.3989 33.5015 16.6213 0.0020 0.0175 -0.0335 0.9993
3699.0000 -289.3784 33.5715 16.6752 0.0017 0.0174 -0.0336 0.9993
3700.0000 -290.3520 33.6412 16.7318 0.0018 0.0161 -0.0329 0.9993
3701.0000 -291.3245 33.7152 16.7858 0.0021 0.0151 -0.0329 0.9993
3702.0000 -292.3229 33.7610 16.8227 0.0024 0.0157 -0.0328 0.9993
3703.0000 -293.2610 33.8109 16.8827 0.0026 0.0166 -0.0327 0.9993
3704.0000 -294.2560 33.8904 16.9316 0.0027 0.0174 -0.0324 0.9993
3705.0000 -295.2426 33.9597 16.9928 0.0028 0.0172 -0.0324 0.9993
3706.0000 -296.1924 34.0091 17.0400 0.0026 0.0165 -0.0322 0.9993
3707.0000 -297.1598 34.0793 17.0949 0.0025 0.0156 -0.0320 0.9994
3708.0000 -298.1213 34.1337 17.1564 0.0021 0.0153 -0.0321 0.9994
3709.0000 -299.0685 34.1946 17.2146 0.0020 0.0157 -0.0322 0.9994
3710.0000 -300.0233 34.2661 17.2608 0.0023 0.0165 -0.0320 0.9994
3711.0000 -300.9722 34.3110 17.3067 0.0025 0.0170 -0.0320 0.9993
3712.0000 -301.9239 34.3822 17.3587 0.0025 0.0173 -0.0320 0.9993
3713.0000 -302.8672 34.4357 17.4215 0.0026 0.0173 -0.0319 0.9993
3714.0000 -303.8110 34.5014 17.4709 0.0027 0.0175 -0.0320 0.9993
3715.0000 -304.7713 34.5700 17.5261 0.0028 0.0177 -0.0318 0.9993
3716.0000 -305.6961 34.6105 17.5833 0.0027 0.0177 -0.0318 0.9993
3717.0000 -306.6833 34.6689 17.6369 0.0027 0.0183 -0.0316 0.9993
3718.0000 -307.6103 34.7423 17.6905 0.0030 0.0190 -0.0318 0.9993
3719.0000 -308.5713 34.8065 17.7366 0.0024 0.0198 -0.0315 0.9993
3720.0000 -309.4862 34.8618 17.8332 0.0029 0.0206 -0.0316 0.9993
3721.0000 -310.4481 34.9302 17.9056 0.0054 0.0270 -0.0317 0.9991
3722.0000 -311.3814 34.9818 17.9508 0.0071 0.0363 -0.0317 0.9988
3723.0000 -312.3103 35.0230 18.0266 0.0062 0.0381 -0.0309 0.9988
3724.0000 -313.2339 35.0795 18.1307 0.0038 0.0270 -0.0310 0.9991
3725.0000 -314.2298 35.1552 18.1773 0.0025 0.0087 -0.0313 0.9995
3726.0000 -315.2477 35.2219 18.1888 0.0021 -0.0071 -0.0316 0.9995
3727.0000 -316.2045 35.3189 18.1754 0.0020 -0.0093 -0.0313 0.9995
3728.0000 -317.1330 35.3600 18.2100 0.0015 0.0053 -0.0309 0.9995
3729.0000 -318.0441 35.3970 18.2862 0.0010 0.0232 -0.0304 0.9993
3730.0000 -318.9907 35.4464 18.3576 0.0004 0.0290 -0.0301 0.9991
3731.0000 -319.9571 35.5242 18.4171 0.0007 0.0226 -0.0303 0.9993
3732.0000 -320.9628 35.5824 18.4589 0.0002 0.0164 -0.0301 0.9994
3733.0000 -321.9199 35.6364 18.5232 0.0002 0.0142 -0.0301 0.9994
3734.0000 -322.8832 35.7128 18.5643 -0.0001 0.0156 -0.0299 0.9994
3735.0000 -323.8791 35.7717 18.6107 -0.0004 0.0193 -0.0300 0.9994
3736.0000 -324.8192 35.8253 18.6769 -0.0010 0.0211 -0.0299 0.9993
3737.0000 -325.7857 35.8842 18.7464 -0.0011 0.0209 -0.0302 0.9993
3738.0000 -326.7598 35.9598 18.7907 -0.0011 0.0191 -0.0303 0.9994
3739.0000 -327.7325 36.0254 18.8560 -0.0007 0.0174 -0.0304 0.9994
3740.0000 -328.7196 36.0720 18.9081 -0.0007 0.0172 -0.0308 0.9994
3741.0000 -329.6778 36.1362 18.9624 -0.0004 0.0180 -0.0306 0.9994
3742.0000 -330.6477 36.1967 19.0161 -0.0005 0.0197 -0.0308 0.9993
3743.0000 -331.6168 36.2549 19.0739 -0.0006 0.0206 -0.0309 0.9993
3744.0000 -332.5904 36.3221 19.1254 -0.0010 0.0207 -0.0310 0.9993
3745.0000 -333.5705 36.3944 19.1933 -0.0015 0.0200 -0.0312 0.9993
3746.0000 -334.5268 36.4475 19.2616 -0.0023 0.0192 -0.0315 0.9993
3747.0000 -335.4893 36.4967 19.3284 -0.0029 0.0187 -0.0312 0.9993
3748.0000 -336.4618 36.5725 19.3838 -0.0035 0.0188 -0.0308 0.9993
3749.0000 -337.4368 36.6389 19.4505 -0.0036 0.0190 -0.0302 0.9994
3750.0000 -338.3814 36.6890 19.4985 -0.0039 0.0195 -0.0292 0.9994
3751.0000 -339.2985 36.7503 19.5556 -0.0036 0.0195 -0.0280 0.9994
3752.0000 -340.2644 36.7951 19.6103 -0.0037 0.0193 -0.0272 0.9994
3753.0000 -341.2387 36.8630 19.6798 -0.0035 0.0189 -0.0264 0.9995
3754.0000 -342.1774 36.9096 19.7223 -0.0039 0.0187 -0.0252 0.9995
3755.0000 -343.0914 36.9420 19.7998 -0.0038 0.0183 -0.0240 0.9995
3756.0000 -344.0189 36.9858 19.8361 -0.0042 0.0187 -0.0230 0.9996
3757.0000 -344.9297 37.0230 19.9026 -0.0045 0.0193 -0.0220 0.9996
3758.0000 -345.8240 37.0675 19.9586 -0.0045 0.0203 -0.0207 0.9996
3759.0000 -346.7653 37.1001 20.0143 -0.0049 0.0208 -0.0197 0.9996
3760.0000 -347.6923 37.1351 20.0783 -0.0056 0.0214 -0.0189 0.9996
3761.0000 -348.5949 37.1693 20.1867 -0.0055 0.0256 -0.0179 0.9995
3762.0000 -349.4876 37.2067 20.2556 -0.0048 0.0330 -0.0172 0.9993
3763.0000 -350.3937 37.2232 20.3050 -0.0038 0.0360 -0.0164 0.9992
3764.0000 -351.3085 37.2689 20.3543 -0.0026 0.0276 -0.0157 0.9995
3765.0000 -352.2651 37.2722 20.3860 -0.0029 0.0130 -0.0154 0.9998
3766.0000 -353.1938 37.3237 20.4607 -0.0032 -0.0006 -0.0153 0.9999
3767.0000 -354.1020 37.3433 20.5197 -0.0030 -0.0029 -0.0152 0.9999
3768.0000 -354.9993 37.3596 20.5243 -0.0032 0.0094 -0.0146 0.9998
3769.0000 -355.8838 37.3898 20.5637 -0.0031 0.0245 -0.0138 0.9996
3770.0000 -356.7954 37.4255 20.6142 -0.0030 0.0300 -0.0132 0.9995
3771.0000 -357.7299 37.4696 20.6721 -0.0023 0.0243 -0.0131 0.9996
3772.0000 -358.6711 37.4495 20.7465 -0.0030 0.0167 -0.0131 0.9998
3773.0000 -359.5870 37.4667 20.8161 -0.0030 0.0138 -0.0126 0.9998
3774.0000 -360.5046 37.5018 20.8467 -0.0036 0.0148 -0.0117 0.9998
3775.0000 -361.4203 37.5241 20.8951 -0.0037 0.0170 -0.0105 0.9998
3776.0000 -362.3402 37.5488 20.9292 -0.0041 0.0189 -0.0091 0.9998
3777.0000 -363.2631 37.5831 20.9911 -0.0047 0.0192 -0.0078 0.9998
3778.0000 -364.1847 37.5880 21.0417 -0.0057 0.0187 -0.0064 0.9998
3779.0000 -365.1170 37.5876 21.1128 -0.0065 0.0176 -0.0049 0.9998
3780.0000 -366.0412 37.6045 21.1692 -0.0072 0.0171 -0.0031 0.9998
3781.0000 -366.9605 37.6025 21.2322 -0.0071 0.0171 -0.0015 0.9998
3782.0000 -367.8971 37.6030 21.3001 -0.0053 0.0191 0.0003 0.9998
3783.0000 -368.8201 37.5947 21.3206 -0.0034 0.0215 0.0022 0.9998
3784.0000 -369.7481 37.5751 21.3695 -0.0024 0.0220 0.0043 0.9997
3785.0000 -370.6670 37.5708 21.4373 -0.0017 0.0196 0.0061 0.9998
3786.0000 -371.6286 37.5402 21.4967 -0.0010 0.0168 0.0076 0.9998
3787.0000 -372.5525 37.5105 21.5387 -0.0012 0.0157 0.0093 0.9998
3788.0000 -373.4554 37.5005 21.6056 -0.0017 0.0161 0.0113 0.9998
3789.0000 -374.3708 37.4719 21.6598 -0.0021 0.0175 0.0130 0.9998
3790.0000 -375.2871 37.4269 21.7112 -0.0019 0.0181 0.0146 0.9997
3791.0000 -376.1768 37.4020 21.7588 -0.0015 0.0179 0.0159 0.9997
3792.0000 -377.0780 37.3885 21.8147 -0.0013 0.0172 0.0170 0.9997
3793.0000 -377.9750 37.3328 21.8694 -0.0011 0.0174 0.0176 0.9997
3794.0000 -378.8693 37.3050 21.9322 -0.0007 0.0181 0.0182 0.9997
3795.0000 -379.7615 37.2850 21.9688 -0.0006 0.0194 0.0191 0.9996
3796.0000 -380.6518 37.2561 22.0210 -0.0009 0.0195 0.0198 0.9996
3797.0000 -381.5177 37.2147 22.0932 -0.0015 0.0194 0.0204 0.9996
3798.0000 -382.3943 37.1871 22.1382 -0.0015 0.0193 0.0210 0.9996
3799.0000 -383.2607 37.1432 22.2471 -0.0007 0.0213 0.0213 0.9995
3800.0000 -384.1189 37.0818 22.2812 0.0017 0.0303 0.0219 0.9993
3801.0000 -384.9899 37.0361 22.3232 0.0019 0.0392 0.0225 0.9990
3802.0000 -385.8124 37.0051 22.4120 0.0012 0.0387 0.0240 0.9990
3803.0000 -386.6733 37.0008 22.4854 0.0010 0.0266 0.0241 0.9994
3804.0000 -387.5894 36.9495 22.5307 -0.0002 0.0097 0.0243 0.9997
3805.0000 -388.5032 36.9017 22.5763 -0.0004 -0.0047 0.0251 0.9997
3806.0000 -389.3572 36.8567 22.5643 -0.0008 -0.0085 0.0259 0.9996
3807.0000 -390.2454 36.7995 22.5910 -0.0014 0.0007 0.0267 0.9996
3808.0000 -391.0519 36.7565 22.6443 -0.0024 0.0175 0.0273 0.9995
3809.0000 -391.8988 36.7126 22.7082 -0.0020 0.0287 0.0280 0.9992
3810.0000 -392.7550 36.6649 22.7338 -0.0011 0.0274 0.0284 0.9992
3811.0000 -393.6764 36.6086 22.7972 -0.0013 0.0193 0.0292 0.9994
3812.0000 -394.5584 36.5451 22.8685 -0.0019 0.0135 0.0306 0.9994
3813.0000 -395.4431 36.4850 22.9184 -0.0020 0.0129 0.0321 0.9994
3814.0000 -396.3135 36.4383 22.9446 -0.0022 0.0159 0.0336 0.9993
3815.0000 -397.1872 36.3711 22.9934 -0.0027 0.0181 0.0350 0.9992
3816.0000 -398.0596 36.3140 23.0501 -0.0028 0.0183 0.0363 0.9992
3817.0000 -398.9546 36.2480 23.1027 -0.0024 0.0171 0.0376 0.9991
3818.0000 -399.8406 36.1592 23.1514 -0.0018 0.0162 0.0384 0.9991
3819.0000 -400.6982 36.0931 23.2013 -0.0008 0.0157 0.0391 0.9991
3820.0000 -401.6001 36.0201 23.2319 -0.0006 0.0160 0.0399 0.9991
3821.0000 -402.4715 35.9495 23.2867 -0.0008 0.0154 0.0407 0.9991
3822.0000 -403.3337 35.8829 23.3415 -0.0011 0.0152 0.0419 0.9990
3823.0000 -404.2069 35.8041 23.3925 -0.0011 0.0156 0.0426 0.9990
3824.0000 -405.0936 35.7165 23.4437 -0.0004 0.0163 0.0435 0.9989
3825.0000 -405.9678 35.6418 23.4745 0.0002 0.0172 0.0443 0.9989
3826.0000 -406.8380 35.5708 23.5236 0.0006 0.0172 0.0451 0.9988
3827.0000 -407.7268 35.4989 23.5723 0.0007 0.0165 0.0455 0.9988
3828.0000 -408.6083 35.4104 23.6300 0.0005 0.0159 0.0456 0.9988
3829.0000 -409.4917 35.3364 23.6773 0.0005 0.0163 0.0459 0.9988
3830.0000 -410.3734 35.2387 23.7173 -0.0000 0.0172 0.0462 0.9988
3831.0000 -411.2530 35.1552 23.7761 -0.0007 0.0177 0.0472 0.9987
3832.0000 -412.1217 35.0835 23.8307 -0.0013 0.0175 0.0485 0.9987
3833.0000 -413.0005 34.9937 23.8871 -0.0013 0.0174 0.0492 0.9986
3834.0000 -413.8699 34.9007 23.9335 -0.0009 0.0174 0.0500 0.9986
3835.0000 -414.7800 34.8162 23.9851 -0.0013 0.0189 0.0508 0.9985
3836.0000 -415.6106 34.7196 24.0858 0.0008 0.0252 0.0517 0.9983
3837.0000 -416.4651 34.6279 24.0978 0.0013 0.0353 0.0522 0.9980
3838.0000 -417.3405 34.5450 24.1491 -0.0008 0.0392 0.0527 0.9978
3839.0000 -418.2577 34.4543 24.2701 -0.0021 0.0292 0.0531 0.9982
3840.0000 -419.1549 34.3487 24.3357 -0.0007 0.0102 0.0526 0.9986
3841.0000 -420.1130 34.2469 24.3072 0.0017 -0.0078 0.0526 0.9986
3842.0000 -421.0180 34.1340 24.3077 0.0020 -0.0154 0.0525 0.9985
3843.0000 -421.8848 34.0481 24.3557 0.0009 -0.0048 0.0526 0.9986
3844.0000 -422.7220 33.9598 24.3929 -0.0015 0.0161 0.0523 0.9985
3845.0000 -423.6316 33.8886 24.4433 -0.0012 0.0285 0.0524 0.9982
3846.0000 -424.5646 33.7857 24.4726 -0.0006 0.0242 0.0522 0.9983
3847.0000 -425.4788 33.6837 24.5441 0.0006 0.0143 0.0524 0.9985
3848.0000 -426.3929 33.5762 24.5962 0.0007 0.0096 0.0528 0.9986
3849.0000 -427.3186 33.4825 24.6303 0.0005 0.0113 0.0536 0.9985
3850.0000 -428.2234 33.3939 24.6789 0.0003 0.0152 0.0549 0.9984
3851.0000 -429.1100 33.2865 24.7291 0.0000 0.0188 0.0565 0.9982
3852.0000 -430.0028 33.1678 24.7829 0.0002 0.0198 0.0586 0.9981
3853.0000 -430.9067 33.0463 24.8390 0.0004 0.0188 0.0606 0.9980
3854.0000 -431.8243 32.9313 24.8979 0.0007 0.0175 0.0626 0.9979
3855.0000 -432.7138 32.8086 24.9487 0.0011 0.0169 0.0646 0.9978
3856.0000 -433.5865 32.6875 25.0046 0.0009 0.0176 0.0666 0.9976
3857.0000 -434.4796 32.5745 25.0531 0.0008 0.0183 0.0687 0.9975
3858.0000 -435.3715 32.4273 25.1076 0.0007 0.0180 0.0708 0.9973
3859.0000 -436.2549 32.2961 25.1661 0.0012 0.0169 0.0722 0.9972
3860.0000 -437.1731 32.1693 25.2093 0.0021 0.0158 0.0736 0.9972
3861.0000 -438.0476 32.0126 25.2496 0.0022 0.0151 0.0747 0.9971
3862.0000 -438.9470 31.8980 25.3019 0.0021 0.0152 0.0761 0.9970
3863.0000 -439.8206 31.7549 25.3515 0.0016 0.0156 0.0772 0.9969
3864.0000 -440.7069 31.6206 25.4036 0.0016 0.0157 0.0782 0.9968
3865.0000 -441.5769 31.4677 25.4448 0.0013 0.0156 0.0793 0.9967
3866.0000 -442.4526 31.3267 25.5008 0.0014 0.0155 0.0801 0.9967
3867.0000 -443.3235 31.1812 25.5370 0.0013 0.0160 0.0808 0.9966
3868.0000 -444.1935 31.0467 25.5941 0.0012 0.0161 0.0813 0.9966
3869.0000 -445.0518 30.8970 25.6400 0.0011 0.0159 0.0815 0.9965
3870.0000 -445.9378 30.7597 25.6927 0.0007 0.0160 0.0816 0.9965
3871.0000 -446.8212 30.6191 25.7385 0.0005 0.0158 0.0817 0.9965
3872.0000 -447.6927 30.4783 25.7888 0.0003 0.0155 0.0816 0.9965
3873.0000 -448.5569 30.3425 25.8396 0.0001 0.0150 0.0814 0.9966
3874.0000 -449.4274 30.2026 25.8800 -0.0001 0.0150 0.0812 0.9966
3875.0000 -450.2948 30.0586 25.9315 -0.0001 0.0153 0.0809 0.9966
3876.0000 -451.1471 29.9178 25.9752 0.0002 0.0158 0.0806 0.9966
3877.0000 -451.9943 29.7735 26.0238 0.0003 0.0164 0.0803 0.9966
3878.0000 -452.8498 29.6294 26.0731 0.0002 0.0162 0.0800 0.9967
3879.0000 -453.7299 29.5023 26.1156 -0.0003 0.0150 0.0793 0.9967
3880.0000 -454.6021 29.3777 26.1703 0.0001 0.0135 0.0786 0.9968
3881.0000 -455.4482 29.2398 26.2031 0.0004 0.0125 0.0779 0.9969
3882.0000 -456.3130 29.1103 26.2448 0.0003 0.0122 0.0773 0.9969
3883.0000 -457.1566 28.9890 26.2896 0.0000 0.0125 0.0765 0.9970
3884.0000 -457.9951 28.8674 26.3331 -0.0006 0.0135 0.0756 0.9970
3885.0000 -458.8401 28.7496 26.3816 -0.0011 0.0148 0.0746 0.9971
3886.0000 -459.6700 28.6297 26.4239 -0.0017 0.0157 0.0735 0.9972
3887.0000 -460.5065 28.5054 26.4772 -0.0021 0.0149 0.0725 0.9973
3888.0000 -461.3299 28.3854 26.5186 -0.0026 0.0133 0.0712 0.9974
3889.0000 -462.1655 28.2804 26.5622 -0.0026 0.0114 0.0700 0.9975
3890.0000 -462.9828 28.1645 26.5905 -0.0025 0.0108 0.0686 0.9976
3891.0000 -463.7637 28.0729 26.6484 -0.0029 0.0106 0.0672 0.9977
3892.0000 -464.5563 27.9608 26.7041 -0.0014 0.0120 0.0659 0.9978
3893.0000 -465.3161 27.8429 26.7138 -0.0012 0.0126 0.0647 0.9978
3894.0000 -466.0690 27.7584 26.7658 -0.0010 0.0118 0.0636 0.9979
3895.0000 -466.7942 27.6731 26.8121 -0.0012 0.0108 0.0626 0.9980
3896.0000 -467.5161 27.6036 26.8569 -0.0003 0.0101 0.0611 0.9981
3897.0000 -468.2217 27.5153 26.8864 0.0009 0.0104 0.0600 0.9981
3898.0000 -468.8900 27.4265 26.9015 0.0008 0.0108 0.0591 0.9982
3899.0000 -469.5790 27.3536 26.9552 0.0001 0.0106 0.0585 0.9982
3900.0000 -470.2224 27.2879 26.9816 -0.0007 0.0117 0.0578 0.9983
3901.0000 -470.8721 27.2222 27.0100 -0.0015 0.0132 0.0573 0.9983
3902.0000 -471.5030 27.1454 27.0475 -0.0030 0.0145 0.0572 0.9983
3903.0000 -472.1709 27.0688 27.1001 -0.0038 0.0154 0.0572 0.9982
3904.0000 -472.7871 26.9994 27.1408 -0.0038 0.0158 0.0572 0.9982
3905.0000 -473.4467 26.9238 27.1529 -0.0038 0.0173 0.0578 0.9982
3906.0000 -474.0583 26.8394 27.2024 -0.0046 0.0217 0.0583 0.9981
3907.0000 -474.6810 26.7719 27.2654 -0.0051 0.0286 0.0593 0.9978
3908.0000 -475.2964 26.7193 27.3313 -0.0059 0.0339 0.0606 0.9976
3909.0000 -475.9002 26.6370 27.3897 -0.0054 0.0351 0.0617 0.9975
3910.0000 -476.5037 26.5371 27.4149 -0.0045 0.0296 0.0631 0.9976
3911.0000 -477.1538 26.4602 27.4363 -0.0026 0.0178 0.0644 0.9978
3912.0000 -477.8146 26.3745 27.4596 -0.0005 0.0044 0.0655 0.9978
3913.0000 -478.4571 26.2767 27.4772 0.0015 -0.0055 0.0668 0.9978
3914.0000 -479.0644 26.1774 27.4760 0.0015 -0.0073 0.0677 0.9977
3915.0000 -479.6849 26.1080 27.5426 0.0009 -0.0015 0.0691 0.9976
3916.0000 -480.2434 26.0301 27.5526 -0.0007 0.0082 0.0701 0.9975
3917.0000 -480.8041 25.9325 27.5886 -0.0016 0.0160 0.0712 0.9973
3918.0000 -481.3981 25.8542 27.5982 -0.0019 0.0200 0.0719 0.9972
3919.0000 -482.0290 25.7613 27.6329 -0.0013 0.0194 0.0727 0.9972
3920.0000 -482.6555 25.6806 27.6527 -0.0010 0.0170 0.0734 0.9972
3921.0000 -483.2206 25.5800 27.6982 -0.0010 0.0147 0.0738 0.9972
3922.0000 -483.8245 25.4967 27.7336 -0.0014 0.0141 0.0742 0.9971
3923.0000 -484.4346 25.4081 27.7744 -0.0017 0.0146 0.0746 0.9971
3924.0000 -485.0262 25.3194 27.8066 -0.0020 0.0155 0.0751 0.9971
3925.0000 -485.6114 25.2327 27.8362 -0.0021 0.0164 0.0754 0.9970
3926.0000 -486.2001 25.1317 27.8681 -0.0018 0.0168 0.0757 0.9970
3927.0000 -486.8038 25.0416 27.8957 -0.0018 0.0172 0.0760 0.9970
3928.0000 -487.3621 24.9640 27.9360 -0.0014 0.0171 0.0761 0.9970
3929.0000 -487.9433 24.8717 27.9706 -0.0013 0.0171 0.0762 0.9969
3930.0000 -488.5230 24.7787 28.0045 -0.0011 0.0173 0.0764 0.9969
3931.0000 -489.1085 24.6981 28.0372 -0.0009 0.0175 0.0765 0.9969
3932.0000 -489.6537 24.6145 28.0792 -0.0006 0.0174 0.0762 0.9969
3933.0000 -490.2089 24.5159 28.1121 -0.0002 0.0176 0.0758 0.9970
3934.0000 -490.7651 24.4497 28.1427 0.0006 0.0176 0.0751 0.9970
3935.0000 -491.3201 24.3623 28.1732 0.0012 0.0177 0.0738 0.9971
3936.0000 -491.8735 24.2823 28.2029 0.0016 0.0178 0.0722 0.9972
3937.0000 -492.4229 24.2138 28.2364 0.0017 0.0174 0.0709 0.9973
3938.0000 -492.9655 24.1528 28.2709 0.0017 0.0168 0.0691 0.9975
3939.0000 -493.4806 24.0891 28.3120 0.0022 0.0163 0.0664 0.9977
3940.0000 -494.0107 24.0107 28.3447 0.0032 0.0162 0.0633 0.9979
3941.0000 -494.5280 23.9720 28.3580 0.0040 0.0161 0.0594 0.9981
3942.0000 -495.0281 23.9137 28.3746 0.0043 0.0155 0.0543 0.9984
3943.0000 -495.5636 23.8782 28.4129 0.0041 0.0147 0.0484 0.9987
3944.0000 -496.0544 23.8470 28.4445 0.0038 0.0143 0.0414 0.9990
3945.0000 -496.5429 23.8421 28.4753 0.0036 0.0139 0.0339 0.9993
3946.0000 -496.9962 23.8487 28.4980 0.0032 0.0135 0.0252 0.9996
3947.0000 -497.4755 23.8684 28.5155 0.0027 0.0119 0.0160 0.9998
3948.0000 -497.9387 23.8820 28.5385 0.0020 0.0110 0.0057 0.9999
3949.0000 -498.4121 23.9091 28.5642 0.0002 0.0128 -0.0049 0.9999
3950.0000 -498.8392 23.9539 28.5977 -0.0020 0.0157 -0.0161 0.9997
3951.0000 -499.2571 24.0444 28.6317 -0.0041 0.0176 -0.0283 0.9994
3952.0000 -499.6893 24.1148 28.6480 -0.0056 0.0170 -0.0416 0.9990
3953.0000 -500.1485 24.2051 28.6613 -0.0074 0.0156 -0.0560 0.9983
3954.0000 -500.6036 24.3009 28.6847 -0.0093 0.0148 -0.0709 0.9973
3955.0000 -500.9962 24.4104 28.7043 -0.0114 0.0140 -0.0860 0.9961
3956.0000 -501.4224 24.5495 28.7329 -0.0130 0.0134 -0.1015 0.9947
3957.0000 -501.8289 24.7134 28.7597 -0.0143 0.0139 -0.1175 0.9929
3958.0000 -502.2151 24.8730 28.7862 -0.0152 0.0158 -0.1350 0.9906
3959.0000 -502.6018 25.0372 28.8132 -0.0152 0.0187 -0.1533 0.9879
3960.0000 -503.0126 25.2175 28.8210 -0.0156 0.0216 -0.1719 0.9848
3961.0000 -503.3626 25.4270 28.8450 -0.0157 0.0221 -0.1910 0.9812
3962.0000 -503.7303 25.6612 28.8635 -0.0160 0.0215 -0.2107 0.9772
3963.0000 -504.0909 25.8853 28.8757 -0.0163 0.0204 -0.2308 0.9727
3964.0000 -504.4474 26.1353 28.8848 -0.0174 0.0191 -0.2512 0.9676
3965.0000 -504.7521 26.4025 28.9315 -0.0179 0.0176 -0.2727 0.9618
3966.0000 -505.0694 26.6755 28.9416 -0.0171 0.0155 -0.2958 0.9550
3967.0000 -505.3709 27.0010 28.9315 -0.0161 0.0140 -0.3188 0.9476
3968.0000 -505.6586 27.2897 28.9446 -0.0162 0.0127 -0.3421 0.9394
3969.0000 -505.9002 27.6363 28.9652 -0.0160 0.0117 -0.3652 0.9307
3970.0000 -506.1384 27.9771 28.9678 -0.0162 0.0106 -0.3880 0.9214
3971.0000 -506.4118 28.3213 28.9754 -0.0164 0.0098 -0.4107 0.9116
3972.0000 -506.5799 28.6882 28.9813 -0.0170 0.0093 -0.4330 0.9012
3973.0000 -506.7676 29.0596 28.9730 -0.0182 0.0093 -0.4553 0.8901
3974.0000 -506.9395 29.4414 29.0122 -0.0181 0.0085 -0.4775 0.8784
3975.0000 -507.0924 29.8142 28.9711 -0.0185 0.0096 -0.4996 0.8660
3976.0000 -507.1987 30.2207 29.0195 -0.0190 0.0097 -0.5211 0.8532
3977.0000 -507.3053 30.6212 29.0214 -0.0186 0.0093 -0.5431 0.8394
3978.0000 -507.3869 31.0464 29.0062 -0.0180 0.0087 -0.5648 0.8250
3979.0000 -507.4731 31.4824 28.9930 -0.0184 0.0090 -0.5859 0.8101
3980.0000 -507.5516 31.9054 28.9919 -0.0189 0.0107 -0.6066 0.7947
3981.0000 -507.5628 32.3546 29.0041 -0.0207 0.0130 -0.6256 0.7797
3982.0000 -507.5593 32.8123 29.0352 -0.0217 0.0151 -0.6427 0.7657
3983.0000 -507.5408 33.2593 29.0477 -0.0210 0.0174 -0.6577 0.7528
3984.0000 -507.5350 33.6978 29.0495 -0.0191 0.0200 -0.6708 0.7412
3985.0000 -507.5043 34.1938 29.0430 -0.0170 0.0231 -0.6816 0.7312
3986.0000 -507.4875 34.6257 29.0571 -0.0157 0.0266 -0.6905 0.7227
3987.0000 -507.4762 35.0937 29.0774 -0.0146 0.0304 -0.6980 0.7153
3988.0000 -507.4454 35.5207 29.0947 -0.0148 0.0330 -0.7042 0.7091
3989.0000 -507.4245 35.9858 29.1175 0.0166 -0.0330 0.7092 -0.7041
3990.0000 -507.3843 36.4442 29.1330 0.0192 -0.0298 0.7137 -0.6995
3991.0000 -507.3622 36.9535 29.1134 0.0229 -0.0251 0.7175 -0.6957
3992.0000 -507.3317 37.4559 29.0911 0.0279 -0.0206 0.7209 -0.6922
3993.0000 -507.3167 37.9839 29.1021 0.0342 -0.0172 0.7235 -0.6893
3994.0000 -507.2672 38.4850 29.1376 0.0385 -0.0150 0.7257 -0.6868
3995.0000 -507.2113 38.9975 29.1564 0.0387 -0.0141 0.7278 -0.6846
3996.0000 -507.1577 39.4926 29.1415 0.0352 -0.0146 0.7296 -0.6829
3997.0000 -507.1448 39.9885 29.1029 0.0301 -0.0169 0.7317 -0.6808
3998.0000 -507.1047 40.5174 29.0859 0.0266 -0.0212 0.7337 -0.6787
3999.0000 -507.0467 41.0559 29.1182 0.0245 -0.0255 0.7353 -0.6768
4000.0000 -506.9770 41.5354 29.1552 0.0231 -0.0272 0.7366 -0.6753
4001.0000 -506.9356 42.1018 29.1542 0.0225 -0.0257 0.7379 -0.6741
4002.0000 -506.9020 42.6641 29.1372 0.0226 -0.0228 0.7394 -0.6725
4003.0000 -506.8295 43.2474 29.1205 0.0239 -0.0214 0.7401 -0.6717
4004.0000 -506.7641 43.8168 29.1458 0.0259 -0.0217 0.7402 -0.6715
4005.0000 -506.7205 44.3759 29.1877 0.0273 -0.0228 0.7402 -0.6714
4006.0000 -506.6427 44.9500 29.2172 0.0259 -0.0228 0.7398 -0.6719
4007.0000 -506.5928 45.5514 29.1919 0.0240 -0.0227 0.7397 -0.6721
4008.0000 -506.5476 46.1306 29.1761 0.0226 -0.0218 0.7394 -0.6726
4009.0000 -506.5026 46.7040 29.1733 0.0228 -0.0214 0.7390 -0.6730
4010.0000 -506.4438 47.3067 29.1982 0.0238 -0.0212 0.7386 -0.6734
4011.0000 -506.3673 47.9214 29.2192 0.0249 -0.0210 0.7382 -0.6738
4012.0000 -506.3169 48.5347 29.2337 0.0250 -0.0206 0.7381 -0.6739
4013.0000 -506.2546 49.1432 29.2361 0.0244 -0.0208 0.7381 -0.6739
4014.0000 -506.1952 49.7763 29.2295 0.0239 -0.0213 0.7376 -0.6745
4015.0000 -506.1581 50.3712 29.2337 0.0238 -0.0219 0.7376 -0.6745
4016.0000 -506.0946 50.9913 29.2429 0.0242 -0.0226 0.7373 -0.6747
4017.0000 -506.0308 51.6261 29.2490 0.0256 -0.0239 0.7368 -0.6752
4018.0000 -505.9691 52.2590 29.2746 0.0272 -0.0245 0.7370 -0.6749
4019.0000 -505.9055 52.9148 29.2873 0.0282 -0.0244 0.7369 -0.6749
4020.0000 -505.8634 53.5667 29.2809 0.0285 -0.0243 0.7366 -0.6753
4021.0000 -505.7860 54.2084 29.2813 0.0290 -0.0247 0.7364 -0.6754
4022.0000 -505.7275 54.8573 29.2933 0.0293 -0.0255 0.7361 -0.6757
4023.0000 -505.6750 55.5279 29.3101 0.0297 -0.0267 0.7361 -0.6757
4024.0000 -505.6060 56.1878 29.3299 0.0300 -0.0272 0.7361 -0.6757
4025.0000 -505.5529 56.8763 29.3242 0.0299 -0.0270 0.7358 -0.6760
4026.0000 -505.4994 57.5477 29.3239 0.0306 -0.0264 0.7355 -0.6763
4027.0000 -505.4381 58.2237 29.3331 0.0310 -0.0254 0.7352 -0.6767
4028.0000 -505.3633 58.9124 29.3367 0.0305 -0.0255 0.7349 -0.6770
4029.0000 -505.2926 59.6202 29.3421 0.0297 -0.0264 0.7348 -0.6771
4030.0000 -505.2617 60.2847 29.3550 0.0289 -0.0283 0.7347 -0.6772
4031.0000 -505.1889 60.9789 29.3802 0.0282 -0.0288 0.7345 -0.6774
4032.0000 -505.1260 61.6861 29.3839 0.0277 -0.0288 0.7348 -0.6772
4033.0000 -505.0599 62.4034 29.3882 0.0276 -0.0289 0.7351 -0.6768
4034.0000 -505.0193 63.1119 29.3925 0.0280 -0.0297 0.7353 -0.6766
4035.0000 -504.9421 63.8131 29.4243 0.0289 -0.0305 0.7351 -0.6766
4036.0000 -504.8822 64.5453 29.4418 0.0292 -0.0312 0.7352 -0.6765
4037.0000 -504.8225 65.2683 29.4542 0.0290 -0.0315 0.7357 -0.6759
4038.0000 -504.7466 65.9785 29.4498 0.0293 -0.0321 0.7357 -0.6759
4039.0000 -504.6805 66.7216 29.4717 0.0302 -0.0326 0.7358 -0.6758
4040.0000 -504.6189 67.4405 29.5038 0.0311 -0.0332 0.7357 -0.6757
4041.0000 -504.5631 68.1973 29.5154 0.0312 -0.0336 0.7356 -0.6759
4042.0000 -504.5081 68.9047 29.5204 0.0314 -0.0341 0.7357 -0.6758
4043.0000 -504.4333 69.6733 29.5336 0.0317 -0.0347 0.7355 -0.6759
4044.0000 -504.3600 70.4188 29.5531 0.0324 -0.0350 0.7354 -0.6760
4045.0000 -504.2939 71.1630 29.5556 0.0335 -0.0355 0.7356 -0.6757
4046.0000 -504.2035 71.9362 29.5696 0.0354 -0.0360 0.7354 -0.6758
4047.0000 -504.1300 72.6815 29.5814 0.0372 -0.0370 0.7354 -0.6756
4048.0000 -504.0643 73.4435 29.5996 0.0388 -0.0380 0.7354 -0.6755
4049.0000 -503.9975 74.2000 29.6229 0.0397 -0.0386 0.7354 -0.6754
4050.0000 -503.9340 74.9730 29.6240 0.0396 -0.0396 0.7355 -0.6752
4051.0000 -503.8395 75.7630 29.6262 0.0398 -0.0403 0.7355 -0.6751
4052.0000 -503.7773 76.5336 29.6488 0.0406 -0.0402 0.7353 -0.6754
4053.0000 -503.7155 77.2834 29.6616 0.0413 -0.0398 0.7354 -0.6752
4054.0000 -503.6390 78.0629 29.6736 0.0423 -0.0387 0.7354 -0.6752
4055.0000 -503.5702 78.8275 29.7048 0.0404 -0.0377 0.7353 -0.6755
4056.0000 -503.5058 79.5903 29.6876 0.0378 -0.0378 0.7352 -0.6757
4057.0000 -503.4498 80.3814 29.6955 0.0359 -0.0375 0.7350 -0.6761
4058.0000 -503.3875 81.1246 29.7094 0.0356 -0.0366 0.7348 -0.6763
4059.0000 -503.3184 81.8820 29.7421 0.0369 -0.0341 0.7347 -0.6766
4060.0000 -503.2601 82.6538 29.7559 0.0371 -0.0317 0.7343 -0.6770
4061.0000 -503.2047 83.3905 29.7441 0.0362 -0.0303 0.7343 -0.6771
4062.0000 -503.1561 84.1519 29.7520 0.0355 -0.0303 0.7342 -0.6773
4063.0000 -503.0734 84.8815 29.7729 0.0350 -0.0303 0.7338 -0.6778
4064.0000 -503.0289 85.6074 29.7776 0.0351 -0.0295 0.7339 -0.6777
4065.0000 -502.9738 86.3744 29.7801 0.0353 -0.0290 0.7337 -0.6779
4066.0000 -502.9157 87.0834 29.7966 0.0357 -0.0291 0.7333 -0.6783
4067.0000 -502.8497 87.8163 29.8198 0.0354 -0.0294 0.7331 -0.6786
4068.0000 -502.8027 88.5391 29.8378 0.0339 -0.0287 0.7330 -0.6787
4069.0000 -502.7487 89.2774 29.8165 0.0329 -0.0286 0.7325 -0.6794
4070.0000 -502.6923 89.9997 29.8221 0.0331 -0.0282 0.7320 -0.6800
4071.0000 -502.6385 90.7161 29.8267 0.0341 -0.0281 0.7317 -0.6802
4072.0000 -502.5692 91.4316 29.8435 0.0356 -0.0280 0.7313 -0.6805
4073.0000 -502.5220 92.1295 29.8724 0.0365 -0.0281 0.7313 -0.6805
4074.0000 -502.4749 92.8523 29.8803 0.0362 -0.0288 0.7313 -0.6804
4075.0000 -502.4088 93.5353 29.8813 0.0360 -0.0298 0.7312 -0.6805
4076.0000 -502.3371 94.2233 29.8995 0.0359 -0.0301 0.7312 -0.6805
4077.0000 -502.2959 94.8833 29.9016 0.0361 -0.0306 0.7311 -0.6806
4078.0000 -502.2510 95.5343 29.9122 0.0366 -0.0304 0.7311 -0.6806
4079.0000 -502.1936 96.2086 29.9180 0.0378 -0.0297 0.7311 -0.6805
4080.0000 -502.1458 96.8194 29.9382 0.0394 -0.0283 0.7311 -0.6806
4081.0000 -502.0948 97.4371 29.9639 0.0397 -0.0268 0.7314 -0.6803
4082.0000 -502.0626 98.0453 29.9777 0.0369 -0.0266 0.7318 -0.6800
4083.0000 -502.0189 98.6786 29.9660 0.0317 -0.0291 0.7324 -0.6795
4084.0000 -501.9718 99.2717 29.9670 0.0271 -0.0312 0.7330 -0.6790
4085.0000 -501.9394 99.8548 29.9529 0.0248 -0.0325 0.7334 -0.6785
4086.0000 -501.8833 100.4630 29.9636 0.0246 -0.0329 0.7341 -0.6778
4087.0000 -501.8336 101.0642 29.9825 0.0277 -0.0311 0.7347 -0.6772
4088.0000 -501.7654 101.6795 30.0469 0.0305 -0.0276 0.7352 -0.6767
4089.0000 -501.7240 102.2771 30.0695 0.0306 -0.0246 0.7361 -0.6757
4090.0000 -501.6836 102.8583 30.0480 0.0284 -0.0236 0.7367 -0.6752
4091.0000 -501.6311 103.4475 30.0253 0.0266 -0.0249 0.7372 -0.6747
4092.0000 -501.5612 104.0034 30.0390 0.0261 -0.0275 0.7375 -0.6743
4093.0000 -501.5021 104.5856 30.1012 0.0269 -0.0288 0.7380 -0.6737
4094.0000 -501.4361 105.1618 30.1156 0.0270 -0.0279 0.7385 -0.6732
4095.0000 -501.3765 105.7538 30.0975 0.0266 -0.0269 0.7388 -0.6728
4096.0000 -501.3224 106.3234 30.0968 0.0266 -0.0258 0.7394 -0.6723
4097.0000 -501.2732 106.8994 30.1265 0.0247 -0.0280 0.7397 -0.6719
4098.0000 -501.2189 107.4506 30.1671 0.0203 -0.0337 0.7399 -0.6716
4099.0000 -501.1642 108.0322 30.1752 0.0171 -0.0390 0.7400 -0.6712
4100.0000 -501.1006 108.5617 30.2014 0.0169 -0.0403 0.7399 -0.6713
4101.0000 -501.0350 109.1596 30.1946 0.0198 -0.0381 0.7398 -0.6715
4102.0000 -500.9796 109.7718 30.1893 0.0278 -0.0291 0.7399 -0.6715
4103.0000 -500.9179 110.3586 30.1591 0.0397 -0.0184 0.7394 -0.6719
4104.0000 -500.8540 110.9413 30.2201 0.0488 -0.0130 0.7387 -0.6721
4105.0000 -500.7896 111.4893 30.2968 0.0492 -0.0153 0.7384 -0.6724
4106.0000 -500.7444 112.0670 30.2891 0.0425 -0.0230 0.7388 -0.6722
4107.0000 -500.6749 112.6236 30.2510 0.0332 -0.0298 0.7393 -0.6719
4108.0000 -500.6280 113.1946 30.1874 0.0257 -0.0355 0.7394 -0.6718
4109.0000 -500.5554 113.8008 30.1604 0.0245 -0.0362 0.7394 -0.6718
4110.0000 -500.4857 114.3800 30.1949 0.0293 -0.0325 0.7392 -0.6721
4111.0000 -500.4371 114.9900 30.2377 0.0347 -0.0291 0.7392 -0.6720
4112.0000 -500.3904 115.5899 30.2989 0.0366 -0.0269 0.7390 -0.6722
4113.0000 -500.3211 116.1642 30.2972 0.0347 -0.0281 0.7387 -0.6726
4114.0000 -500.2564 116.7661 30.2822 0.0315 -0.0303 0.7384 -0.6729
4115.0000 -500.2080 117.3715 30.2670 0.0299 -0.0322 0.7381 -0.6732
4116.0000 -500.1472 117.9773 30.2846 0.0296 -0.0331 0.7376 -0.6737
4117.0000 -500.0983 118.5631 30.2990 0.0307 -0.0322 0.7373 -0.6741
4118.0000 -500.0462 119.1964 30.3292 0.0318 -0.0303 0.7368 -0.6747
4119.0000 -500.0010 119.7950 30.3330 0.0318 -0.0293 0.7363 -0.6752
4120.0000 -499.9530 120.4187 30.3342 0.0307 -0.0291 0.7359 -0.6758
4121.0000 -499.8945 121.0547 30.3328 0.0294 -0.0299 0.7353 -0.6765
4122.0000 -499.8550 121.6893 30.3637 0.0285 -0.0304 0.7348 -0.6770
4123.0000 -499.7978 122.3180 30.3789 0.0276 -0.0298 0.7346 -0.6773
4124.0000 -499.7519 122.9521 30.3765 0.0269 -0.0286 0.7344 -0.6776
4125.0000 -499.6927 123.5689 30.3676 0.0272 -0.0280 0.7341 -0.6779
4126.0000 -499.6454 124.2145 30.3960 0.0286 -0.0274 0.7338 -0.6782
4127.0000 -499.5950 124.8384 30.4207 0.0300 -0.0269 0.7337 -0.6783
4128.0000 -499.5611 125.4800 30.4430 0.0305 -0.0264 0.7339 -0.6781
4129.0000 -499.5046 126.1169 30.4329 0.0304 -0.0260 0.7341 -0.6779
4130.0000 -499.4316 126.7470 30.4220 0.0304 -0.0270 0.7341 -0.6778
4131.0000 -499.3740 127.3575 30.4348 0.0312 -0.0281 0.7343 -0.6775
4132.0000 -499.3280 127.9858 30.4697 0.0321 -0.0291 0.7345 -0.6772
4133.0000 -499.2691 128.6038 30.4965 0.0322 -0.0288 0.7348 -0.6770
4134.0000 -499.2191 129.2220 30.4870 0.0321 -0.0282 0.7349 -0.6768
4135.0000 -499.1607 129.8472 30.4910 0.0319 -0.0280 0.7351 -0.6766
4136.0000 -499.0986 130.4535 30.4927 0.0320 -0.0279 0.7352 -0.6766
4137.0000 -499.0530 131.0605 30.5195 0.0318 -0.0279 0.7352 -0.6765
4138.0000 -499.0042 131.6717 30.5364 0.0311 -0.0272 0.7355 -0.6762
4139.0000 -498.9529 132.2773 30.5227 0.0300 -0.0263 0.7356 -0.6762
4140.0000 -498.9061 132.8839 30.5236 0.0297 -0.0255 0.7357 -0.6762
4141.0000 -498.8411 133.4924 30.5375 0.0296 -0.0251 0.7357 -0.6762
4142.0000 -498.7885 134.0818 30.5498 0.0295 -0.0251 0.7358 -0.6760
4143.0000 -498.7514 134.6597 30.5723 0.0294 -0.0252 0.7361 -0.6758
4144.0000 -498.7027 135.2590 30.5905 0.0277 -0.0261 0.7363 -0.6756
4145.0000 -498.6478 135.8407 30.5776 0.0225 -0.0318 0.7366 -0.6753
4146.0000 -498.5744 136.3993 30.6162 0.0178 -0.0391 0.7368 -0.6748
4147.0000 -498.5128 136.9595 30.6888 0.0168 -0.0426 0.7368 -0.6745
4148.0000 -498.4752 137.5312 30.7440 0.0179 -0.0410 0.7371 -0.6743
4149.0000 -498.4255 138.1320 30.7404 0.0204 -0.0314 0.7373 -0.6745
4150.0000 -498.3651 138.7849 30.6218 0.0292 -0.0196 0.7371 -0.6749
4151.0000 -498.3022 139.3919 30.6268 0.0397 -0.0107 0.7363 -0.6754
4152.0000 -498.2607 139.9460 30.6908 0.0433 -0.0103 0.7356 -0.6760
4153.0000 -498.2183 140.5054 30.7534 0.0374 -0.0166 0.7359 -0.6758
4154.0000 -498.1594 141.0869 30.7546 0.0270 -0.0235 0.7363 -0.6757
4155.0000 -498.1095 141.6820 30.7278 0.0170 -0.0286 0.7365 -0.6757
4156.0000 -498.0832 142.2708 30.6722 0.0131 -0.0309 0.7362 -0.6759
4157.0000 -498.0212 142.8824 30.7001 0.0167 -0.0282 0.7359 -0.6763
4158.0000 -497.9708 143.4757 30.7499 0.0227 -0.0241 0.7356 -0.6767
4159.0000 -497.9121 144.0588 30.8034 0.0256 -0.0223 0.7354 -0.6768
4160.0000 -497.8630 144.6744 30.8093 0.0248 -0.0240 0.7352 -0.6770
4161.0000 -497.7987 145.2757 30.8059 0.0228 -0.0266 0.7352 -0.6770
4162.0000 -497.7590 145.8459 30.8070 0.0221 -0.0291 0.7348 -0.6773
4163.0000 -497.7002 146.4576 30.8301 0.0231 -0.0299 0.7347 -0.6773
4164.0000 -497.6495 147.0572 30.8312 0.0258 -0.0301 0.7344 -0.6775
4165.0000 -497.5932 147.6660 30.8517 0.0292 -0.0299 0.7343 -0.6775
4166.0000 -497.5392 148.2424 30.8784 0.0319 -0.0301 0.7343 -0.6774
4167.0000 -497.4851 148.8425 30.9006 0.0334 -0.0313 0.7343 -0.6772
4168.0000 -497.4306 149.4066 30.9043 0.0338 -0.0323 0.7347 -0.6768
4169.0000 -497.3752 149.9966 30.9026 0.0335 -0.0337 0.7347 -0.6768
4170.0000 -497.3133 150.5662 30.9104 0.0339 -0.0348 0.7348 -0.6765
4171.0000 -497.2572 151.1582 30.9224 0.0347 -0.0357 0.7349 -0.6763
4172.0000 -497.2045 151.7290 30.9484 0.0357 -0.0357 0.7350 -0.6762
4173.0000 -497.1484 152.3007 30.9599 0.0360 -0.0354 0.7351 -0.6761
4174.0000 -497.0857 152.8718 30.9603 0.0361 -0.0349 0.7353 -0.6759
4175.0000 -497.0631 153.4333 30.9753 0.0361 -0.0342 0.7352 -0.6760
4176.0000 -497.0162 153.9802 30.9901 0.0351 -0.0342 0.7350 -0.6763
4177.0000 -496.9774 154.4997 30.9976 0.0318 -0.0382 0.7349 -0.6763
4178.0000 -496.9063 155.0357 31.0313 0.0290 -0.0420 0.7347 -0.6765
4179.0000 -496.8844 155.5858 31.0585 0.0297 -0.0416 0.7347 -0.6765
4180.0000 -496.8397 156.1351 31.0500 0.0338 -0.0357 0.7345 -0.6769
4181.0000 -496.8029 156.6733 31.0204 0.0386 -0.0291 0.7341 -0.6773
4182.0000 -496.7532 157.2393 31.0118 0.0444 -0.0244 0.7338 -0.6775
4183.0000 -496.6769 157.7432 31.0552 0.0475 -0.0239 0.7330 -0.6782
4184.0000 -496.6419 158.2499 31.0985 0.0467 -0.0269 0.7329 -0.6782
4185.0000 -496.5863 158.7827 31.0936 0.0424 -0.0323 0.7332 -0.6779
4186.0000 -496.5571 159.3031 31.0641 0.0389 -0.0362 0.7333 -0.6778
4187.0000 -496.5105 159.8084 31.0451 0.0387 -0.0371 0.7337 -0.6774
4188.0000 -496.4494 160.3609 31.0484 0.0414 -0.0354 0.7338 -0.6772
4189.0000 -496.3939 160.8812 31.0551 0.0446 -0.0343 0.7339 -0.6769
4190.0000 -496.3402 161.3946 31.0826 0.0464 -0.0349 0.7342 -0.6764
4191.0000 -496.3164 161.9081 31.0884 0.0470 -0.0371 0.7345 -0.6760
4192.0000 -496.2627 162.4132 31.0967 0.0465 -0.0397 0.7349 -0.6754
4193.0000 -496.2161 162.9233 31.0935 0.0459 -0.0414 0.7354 -0.6748
4194.0000 -496.1613 163.4506 31.0886 0.0459 -0.0425 0.7358 -0.6743
4195.0000 -496.0888 163.9673 31.0848 0.0459 -0.0429 0.7362 -0.6738
4196.0000 -496.0484 164.4647 31.1007 0.0469 -0.0435 0.7366 -0.6733
4197.0000 -495.9780 164.9745 31.1104 0.0477 -0.0442 0.7371 -0.6726
4198.0000 -495.9294 165.4732 31.1267 0.0490 -0.0452 0.7375 -0.6721
4199.0000 -495.8813 165.9697 31.1393 0.0495 -0.0457 0.7379 -0.6715
4200.0000 -495.8408 166.4709 31.1455 0.0483 -0.0467 0.7387 -0.6707
4201.0000 -495.7822 166.9705 31.1554 0.0464 -0.0492 0.7396 -0.6697
4202.0000 -495.7190 167.4686 31.1679 0.0443 -0.0497 0.7406 -0.6686
4203.0000 -495.6667 167.9485 31.1570 0.0439 -0.0503 0.7417 -0.6674
4204.0000 -495.5867 168.4590 31.1555 0.0451 -0.0511 0.7426 -0.6663
4205.0000 -495.5136 168.9226 31.1736 0.0471 -0.0510 0.7438 -0.6648
4206.0000 -495.4464 169.4162 31.1941 0.0506 -0.0496 0.7448 -0.6635
4207.0000 -495.3850 169.8927 31.2346 0.0522 -0.0470 0.7464 -0.6618
4208.0000 -495.3143 170.3752 31.2104 0.0520 -0.0452 0.7482 -0.6599
4209.0000 -495.2394 170.8314 31.2050 0.0514 -0.0443 0.7503 -0.6576
4210.0000 -495.1761 171.2743 31.2072 0.0512 -0.0451 0.7527 -0.6549
4211.0000 -495.0989 171.7058 31.2269 0.0506 -0.0465 0.7555 -0.6515
4212.0000 -495.0025 172.1242 31.2206 0.0500 -0.0474 0.7588 -0.6476
4213.0000 -494.9133 172.5456 31.2211 0.0500 -0.0478 0.7625 -0.6432
4214.0000 -494.8277 172.9444 31.2305 0.0504 -0.0474 0.7669 -0.6381
4215.0000 -494.7205 173.3517 31.2295 0.0505 -0.0471 0.7716 -0.6324
4216.0000 -494.6258 173.7257 31.2461 0.0499 -0.0465 0.7765 -0.6264
4217.0000 -494.5280 174.1091 31.2337 0.0489 -0.0467 0.7815 -0.6203
4218.0000 -494.4089 174.4604 31.2382 0.0487 -0.0467 0.7860 -0.6145
4219.0000 -494.3000 174.8153 31.2293 0.0492 -0.0468 0.7905 -0.6087
4220.0000 -494.1655 175.1640 31.2343 0.0499 -0.0468 0.7948 -0.6031
4221.0000 -494.0424 175.5007 31.2311 0.0508 -0.0467 0.7987 -0.5977
4222.0000 -493.9225 175.8110 31.2196 0.0509 -0.0470 0.8027 -0.5923
4223.0000 -493.8187 176.1207 31.2543 0.0492 -0.0473 0.8067 -0.5870
4224.0000 -493.6917 176.4176 31.2135 0.0476 -0.0478 0.8106 -0.5817
4225.0000 -493.5789 176.7078 31.2202 0.0475 -0.0481 0.8140 -0.5769
4226.0000 -493.4479 176.9662 31.2240 0.0480 -0.0484 0.8173 -0.5722
4227.0000 -493.3376 177.2019 31.2476 0.0478 -0.0487 0.8207 -0.5673
4228.0000 -493.2257 177.4514 31.2442 0.0460 -0.0484 0.8239 -0.5628
4229.0000 -493.1340 177.7054 31.2385 0.0436 -0.0476 0.8271 -0.5584
4230.0000 -493.0308 177.9333 31.2325 0.0404 -0.0464 0.8301 -0.5542
4231.0000 -492.9178 178.1463 31.2013 0.0385 -0.0465 0.8329 -0.5502
4232.0000 -492.8116 178.3482 31.2149 0.0390 -0.0468 0.8354 -0.5463
4233.0000 -492.6979 178.5431 31.2351 0.0398 -0.0468 0.8381 -0.5420
4234.0000 -492.5744 178.7514 31.2378 0.0402 -0.0460 0.8408 -0.5379
4235.0000 -492.4769 178.9620 31.2232 0.0396 -0.0454 0.8434 -0.5340
4236.0000 -492.3638 179.1407 31.2000 0.0396 -0.0463 0.8459 -0.5299
4237.0000 -492.2389 179.3300 31.2153 0.0400 -0.0481 0.8485 -0.5254
4238.0000 -492.1382 179.5098 31.2300 0.0406 -0.0498 0.8510 -0.5212
4239.0000 -492.0127 179.6932 31.2360 0.0406 -0.0496 0.8535 -0.5172
4240.0000 -491.8915 179.8801 31.2295 0.0403 -0.0485 0.8561 -0.5130
4241.0000 -491.7693 180.0846 31.2215 0.0399 -0.0470 0.8588 -0.5086
4242.0000 -491.6752 180.2625 31.2086 0.0400 -0.0462 0.8612 -0.5046
4243.0000 -491.5584 180.4494 31.2096 0.0402 -0.0467 0.8635 -0.5006
4244.0000 -491.4315 180.6211 31.2243 0.0406 -0.0472 0.8657 -0.4966
4245.0000 -491.3012 180.8100 31.2235 0.0402 -0.0476 0.8682 -0.4924
4246.0000 -491.1744 180.9975 31.2256 0.0398 -0.0472 0.8705 -0.4883
4247.0000 -491.0427 181.1859 31.2125 0.0391 -0.0467 0.8728 -0.4843
4248.0000 -490.9116 181.3846 31.2006 0.0394 -0.0463 0.8750 -0.4804
4249.0000 -490.7663 181.5784 31.1924 0.0404 -0.0459 0.8770 -0.4766
4250.0000 -490.6156 181.7727 31.1898 0.0414 -0.0463 0.8792 -0.4724
4251.0000 -490.4526 181.9501 31.2017 0.0425 -0.0472 0.8813 -0.4683
4252.0000 -490.2850 182.1813 31.1927 0.0430 -0.0481 0.8835 -0.4639
4253.0000 -490.1366 182.3737 31.1970 0.0434 -0.0482 0.8859 -0.4593
4254.0000 -489.9597 182.5715 31.1869 0.0434 -0.0479 0.8881 -0.4551
4255.0000 -489.7934 182.7707 31.1822 0.0433 -0.0472 0.8906 -0.4503
4256.0000 -489.6095 183.0064 31.1589 0.0434 -0.0470 0.8930 -0.4454
4257.0000 -489.4066 183.2234 31.1397 0.0439 -0.0481 0.8954 -0.4404
4258.0000 -489.2113 183.4448 31.1612 0.0440 -0.0498 0.8979 -0.4351
4259.0000 -489.0077 183.6583 31.1828 0.0430 -0.0506 0.9006 -0.4295
4260.0000 -488.7988 183.9042 31.1737 0.0408 -0.0496 0.9033 -0.4242
4261.0000 -488.5816 184.1386 31.1397 0.0386 -0.0482 0.9057 -0.4193
4262.0000 -488.3347 184.3879 31.1104 0.0374 -0.0474 0.9082 -0.4142
4263.0000 -488.1091 184.6201 31.1117 0.0378 -0.0469 0.9106 -0.4089
4264.0000 -487.8706 184.8702 31.1147 0.0386 -0.0465 0.9129 -0.4036
4265.0000 -487.6015 185.1240 31.0998 0.0390 -0.0463 0.9153 -0.3983
4266.0000 -487.3558 185.3666 31.0999 0.0394 -0.0460 0.9176 -0.3930
4267.0000 -487.0872 185.6300 31.0881 0.0400 -0.0456 0.9200 -0.3872
4268.0000 -486.8099 185.8691 31.0908 0.0410 -0.0442 0.9225 -0.3813
4269.0000 -486.5131 186.1281 31.0643 0.0414 -0.0427 0.9250 -0.3754
4270.0000 -486.2116 186.3921 31.0543 0.0412 -0.0417 0.9275 -0.3692
4271.0000 -485.9089 186.6445 31.0329 0.0403 -0.0421 0.9300 -0.3628
4272.0000 -485.5847 186.8938 31.0276 0.0394 -0.0431 0.9325 -0.3565
4273.0000 -485.2599 187.1470 31.0122 0.0391 -0.0441 0.9350 -0.3498
4274.0000 -484.9303 187.4051 31.0210 0.0393 -0.0439 0.9375 -0.3429
4275.0000 -484.5704 187.6561 30.9992 0.0394 -0.0427 0.9400 -0.3361
4276.0000 -484.2037 187.9160 30.9729 0.0393 -0.0415 0.9426 -0.3290
4277.0000 -483.8473 188.1919 30.9458 0.0390 -0.0410 0.9451 -0.3218
4278.0000 -483.4706 188.4456 30.9387 0.0388 -0.0411 0.9476 -0.3143
4279.0000 -483.0864 188.6937 30.9341 0.0388 -0.0414 0.9501 -0.3067
4280.0000 -482.6990 188.9501 30.9121 0.0386 -0.0415 0.9526 -0.2988
4281.0000 -482.2747 189.1896 30.9072 0.0388 -0.0406 0.9551 -0.2909
4282.0000 -481.8551 189.4552 30.8768 0.0390 -0.0388 0.9576 -0.2829
4283.0000 -481.4491 189.6946 30.8536 0.0395 -0.0367 0.9600 -0.2747
4284.0000 -481.0058 189.9389 30.8048 0.0400 -0.0359 0.9623 -0.2666
4285.0000 -480.5383 190.1585 30.7909 0.0409 -0.0358 0.9645 -0.2584
4286.0000 -480.0857 190.3817 30.7880 0.0415 -0.0364 0.9668 -0.2497
4287.0000 -479.6183 190.6071 30.7892 0.0413 -0.0362 0.9690 -0.2409
4288.0000 -479.1485 190.8165 30.7434 0.0408 -0.0350 0.9713 -0.2319
4289.0000 -478.6699 191.0385 30.6862 0.0409 -0.0337 0.9734 -0.2227
4290.0000 -478.1763 191.2333 30.6471 0.0418 -0.0329 0.9754 -0.2138
4291.0000 -477.6699 191.4336 30.6225 0.0430 -0.0336 0.9773 -0.2046
4292.0000 -477.1595 191.6099 30.6150 0.0446 -0.0340 0.9791 -0.1955
4293.0000 -476.6481 191.7937 30.5960 0.0457 -0.0341 0.9809 -0.1860
4294.0000 -476.1237 191.9631 30.5557 0.0461 -0.0337 0.9826 -0.1769
4295.0000 -475.5754 192.1200 30.4977 0.0459 -0.0344 0.9841 -0.1683
4296.0000 -475.0425 192.2783 30.4868 0.0466 -0.0346 0.9854 -0.1602
4297.0000 -474.5074 192.4274 30.4595 0.0464 -0.0348 0.9866 -0.1522
4298.0000 -473.9696 192.5656 30.4290 0.0464 -0.0333 0.9879 -0.1445
4299.0000 -473.4308 192.7208 30.3599 0.0460 -0.0314 0.9890 -0.1368
4300.0000 -472.8634 192.8534 30.2864 0.0454 -0.0317 0.9900 -0.1296
4301.0000 -472.2970 192.9740 30.2749 0.0461 -0.0326 0.9908 -0.1227
4302.0000 -471.7236 193.0914 30.2491 0.0469 -0.0347 0.9915 -0.1166
4303.0000 -471.1493 193.1854 30.2580 0.0474 -0.0346 0.9920 -0.1114
4304.0000 -470.5790 193.3037 30.2111 0.0470 -0.0330 0.9926 -0.1069
4305.0000 -469.9940 193.4347 30.1401 0.0464 -0.0309 0.9931 -0.1028
4306.0000 -469.4342 193.5364 30.0737 0.0461 -0.0306 0.9935 -0.0998
4307.0000 -468.8600 193.6329 30.0481 0.0465 -0.0310 0.9937 -0.0972
4308.0000 -468.2799 193.7397 30.0419 0.0473 -0.0308 0.9939 -0.0953
4309.0000 -467.7275 193.8568 30.0164 0.0474 -0.0298 0.9941 -0.0934
4310.0000 -467.1485 193.9599 29.9796 0.0474 -0.0270 0.9943 -0.0914
4311.0000 -466.5699 194.0714 29.9269 0.0462 -0.0241 0.9946 -0.0899
4312.0000 -465.9643 194.1938 29.8754 0.0444 -0.0223 0.9948 -0.0887
4313.0000 -465.4063 194.2948 29.8281 0.0410 -0.0227 0.9950 -0.0880
4314.0000 -464.8491 194.3761 29.8408 0.0347 -0.0251 0.9953 -0.0872
4315.0000 -464.2852 194.4557 29.8218 0.0309 -0.0266 0.9954 -0.0870
4316.0000 -463.7160 194.5439 29.7963 0.0323 -0.0263 0.9954 -0.0867
4317.0000 -463.1039 194.6568 29.7546 0.0399 -0.0228 0.9952 -0.0866
4318.0000 -462.4945 194.7990 29.6433 0.0521 -0.0189 0.9947 -0.0867
4319.0000 -461.8995 194.9114 29.5936 0.0608 -0.0173 0.9942 -0.0870
4320.0000 -461.2959 195.0281 29.5781 0.0592 -0.0182 0.9943 -0.0870
4321.0000 -460.7237 195.1128 29.5714 0.0508 -0.0200 0.9947 -0.0873
4322.0000 -460.1572 195.2027 29.5503 0.0404 -0.0211 0.9951 -0.0874
4323.0000 -459.5663 195.2885 29.4932 0.0344 -0.0211 0.9953 -0.0876
4324.0000 -458.9537 195.3919 29.4480 0.0365 -0.0198 0.9953 -0.0879
4325.0000 -458.3318 195.5352 29.3981 0.0427 -0.0189 0.9950 -0.0879
4326.0000 -457.7020 195.6612 29.3660 0.0458 -0.0181 0.9949 -0.0883
4327.0000 -457.0788 195.7738 29.3179 0.0449 -0.0194 0.9949 -0.0884
4328.0000 -456.4543 195.8718 29.3056 0.0421 -0.0204 0.9949 -0.0889
4329.0000 -455.8305 195.9641 29.2629 0.0393 -0.0221 0.9950 -0.0893
4330.0000 -455.2070 196.0860 29.2401 0.0386 -0.0220 0.9950 -0.0897
4331.0000 -454.5471 196.2002 29.1815 0.0385 -0.0214 0.9949 -0.0902
4332.0000 -453.9093 196.3289 29.1393 0.0395 -0.0207 0.9949 -0.0908
4333.0000 -453.2663 196.4476 29.1061 0.0407 -0.0210 0.9948 -0.0914
4334.0000 -452.6043 196.5809 29.0822 0.0414 -0.0209 0.9947 -0.0917
4335.0000 -451.9455 196.7022 29.0465 0.0414 -0.0210 0.9947 -0.0919
4336.0000 -451.2902 196.8230 29.0051 0.0414 -0.0203 0.9947 -0.0919
4337.0000 -450.6145 196.9447 28.9626 0.0410 -0.0192 0.9948 -0.0914
4338.0000 -449.9454 197.0752 28.9135 0.0413 -0.0192 0.9948 -0.0910
4339.0000 -449.2572 197.1907 28.8706 0.0419 -0.0191 0.9948 -0.0904
4340.0000 -448.5854 197.3147 28.8382 0.0419 -0.0193 0.9949 -0.0898
4341.0000 -447.9049 197.4268 28.7994 0.0416 -0.0193 0.9949 -0.0894
4342.0000 -447.2012 197.5691 28.7770 0.0414 -0.0187 0.9950 -0.0884
4343.0000 -446.5233 197.6978 28.7203 0.0403 -0.0185 0.9951 -0.0880
4344.0000 -445.8497 197.8058 28.6890 0.0401 -0.0185 0.9952 -0.0874
4345.0000 -445.1767 197.9212 28.6481 0.0400 -0.0190 0.9952 -0.0868
4346.0000 -444.4809 198.0371 28.6161 0.0401 -0.0190 0.9953 -0.0862
4347.0000 -443.7887 198.1666 28.5806 0.0409 -0.0190 0.9953 -0.0854
4348.0000 -443.1143 198.2686 28.5414 0.0415 -0.0183 0.9953 -0.0850
4349.0000 -442.4210 198.3971 28.4823 0.0418 -0.0181 0.9954 -0.0846
4350.0000 -441.7297 198.5091 28.4449 0.0423 -0.0179 0.9954 -0.0843
4351.0000 -441.0478 198.6345 28.4001 0.0428 -0.0182 0.9954 -0.0838
4352.0000 -440.3567 198.7345 28.3634 0.0435 -0.0186 0.9954 -0.0834
4353.0000 -439.6765 198.8531 28.3322 0.0439 -0.0189 0.9954 -0.0834
4354.0000 -438.9879 198.9678 28.2761 0.0442 -0.0197 0.9953 -0.0833
4355.0000 -438.2947 199.0760 28.2437 0.0452 -0.0206 0.9953 -0.0835
4356.0000 -437.6206 199.1934 28.2062 0.0455 -0.0212 0.9952 -0.0838
4357.0000 -436.9332 199.3209 28.1653 0.0451 -0.0209 0.9952 -0.0840
4358.0000 -436.2463 199.4408 28.1115 0.0443 -0.0209 0.9952 -0.0844
4359.0000 -435.5795 199.5587 28.0739 0.0441 -0.0211 0.9952 -0.0849
4360.0000 -434.9053 199.6772 28.0337 0.0438 -0.0212 0.9952 -0.0854
4361.0000 -434.2275 199.7888 27.9888 0.0438 -0.0210 0.9951 -0.0856
4362.0000 -433.5483 199.9129 27.9509 0.0438 -0.0205 0.9951 -0.0860
4363.0000 -432.8702 200.0429 27.9003 0.0435 -0.0200 0.9951 -0.0864
4364.0000 -432.2072 200.1431 27.8717 0.0434 -0.0195 0.9951 -0.0868
4365.0000 -431.5284 200.2731 27.8255 0.0430 -0.0199 0.9951 -0.0873
4366.0000 -430.8519 200.3921 27.7880 0.0432 -0.0198 0.9950 -0.0875
4367.0000 -430.1801 200.5259 27.7376 0.0435 -0.0205 0.9950 -0.0878
4368.0000 -429.5105 200.6404 27.7065 0.0442 -0.0205 0.9949 -0.0883
4369.0000 -428.8475 200.7563 27.6637 0.0443 -0.0208 0.9949 -0.0887
4370.0000 -428.1839 200.8813 27.6296 0.0446 -0.0206 0.9948 -0.0890
4371.0000 -427.5423 201.0041 27.5896 0.0446 -0.0205 0.9948 -0.0894
4372.0000 -426.8894 201.1120 27.5455 0.0447 -0.0206 0.9947 -0.0899
4373.0000 -426.2550 201.2342 27.5047 0.0446 -0.0204 0.9947 -0.0904
4374.0000 -425.6242 201.3481 27.4668 0.0447 -0.0201 0.9947 -0.0907
4375.0000 -425.0111 201.4615 27.4306 0.0448 -0.0200 0.9946 -0.0912
4376.0000 -424.3977 201.5737 27.3918 0.0447 -0.0200 0.9946 -0.0916
4377.0000 -423.7906 201.6963 27.3577 0.0445 -0.0205 0.9946 -0.0919
4378.0000 -423.1969 201.7952 27.3215 0.0445 -0.0206 0.9945 -0.0926
4379.0000 -422.5885 201.9172 27.2842 0.0441 -0.0213 0.9944 -0.0932
4380.0000 -421.9951 202.0336 27.2591 0.0442 -0.0217 0.9944 -0.0938
4381.0000 -421.3993 202.1354 27.2195 0.0445 -0.0228 0.9942 -0.0948
4382.0000 -420.7937 202.2543 27.1954 0.0445 -0.0231 0.9942 -0.0956
4383.0000 -420.2060 202.3847 27.1562 0.0443 -0.0233 0.9941 -0.0964
4384.0000 -419.6048 202.4954 27.1220 0.0445 -0.0231 0.9940 -0.0974
4385.0000 -419.0304 202.6128 27.0830 0.0445 -0.0226 0.9939 -0.0983
4386.0000 -418.4424 202.7349 27.0426 0.0442 -0.0227 0.9938 -0.0993
4387.0000 -417.8686 202.8667 27.0202 0.0434 -0.0230 0.9937 -0.1003
4388.0000 -417.2990 202.9783 27.0037 0.0423 -0.0234 0.9937 -0.1013
4389.0000 -416.7223 203.1072 26.9698 0.0411 -0.0233 0.9936 -0.1023
4390.0000 -416.1577 203.2242 26.9367 0.0408 -0.0232 0.9935 -0.1034
4391.0000 -415.5923 203.3378 26.8986 0.0408 -0.0231 0.9934 -0.1047
4392.0000 -415.0303 203.4632 26.8636 0.0414 -0.0235 0.9933 -0.1057
4393.0000 -414.4821 203.5821 26.8404 0.0424 -0.0247 0.9931 -0.1067
4394.0000 -413.9308 203.7039 26.8184 0.0427 -0.0253 0.9929 -0.1077
4395.0000 -413.3911 203.8205 26.7847 0.0424 -0.0261 0.9928 -0.1088
4396.0000 -412.8477 203.9556 26.7624 0.0418 -0.0262 0.9927 -0.1098
4397.0000 -412.3176 204.0690 26.7283 0.0413 -0.0264 0.9926 -0.1110
4398.0000 -411.7911 204.1887 26.7022 0.0408 -0.0266 0.9925 -0.1121
4399.0000 -411.2697 204.3225 26.6753 0.0405 -0.0272 0.9924 -0.1131
4400.0000 -410.7622 204.4336 26.6658 0.0403 -0.0279 0.9922 -0.1142
4401.0000 -410.2561 204.5488 26.6481 0.0398 -0.0279 0.9921 -0.1154
4402.0000 -409.7562 204.6837 26.6253 0.0393 -0.0277 0.9921 -0.1163
4403.0000 -409.2582 204.8019 26.5919 0.0391 -0.0273 0.9920 -0.1173
4404.0000 -408.7760 204.9224 26.5647 0.0392 -0.0269 0.9918 -0.1183
4405.0000 -408.2896 205.0484 26.5447 0.0395 -0.0267 0.9917 -0.1195
4406.0000 -407.8208 205.1661 26.5276 0.0397 -0.0262 0.9916 -0.1204
4407.0000 -407.3413 205.2920 26.5041 0.0400 -0.0258 0.9914 -0.1215
4408.0000 -406.8872 205.3941 26.4811 0.0403 -0.0255 0.9913 -0.1227
4409.0000 -406.4355 205.5111 26.4499 0.0408 -0.0256 0.9912 -0.1236
4410.0000 -405.9880 205.6326 26.4341 0.0416 -0.0255 0.9910 -0.1245
4411.0000 -405.5563 205.7442 26.4123 0.0414 -0.0252 0.9909 -0.1255
4412.0000 -405.1337 205.8547 26.3977 0.0409 -0.0243 0.9908 -0.1265
4413.0000 -404.7033 205.9777 26.3710 0.0403 -0.0234 0.9908 -0.1274
4414.0000 -404.2968 206.0870 26.3462 0.0397 -0.0230 0.9906 -0.1286
4415.0000 -403.8791 206.1976 26.3285 0.0389 -0.0231 0.9905 -0.1297
4416.0000 -403.4691 206.3058 26.3102 0.0379 -0.0235 0.9904 -0.1311
4417.0000 -403.0725 206.4236 26.2954 0.0376 -0.0236 0.9903 -0.1320
4418.0000 -402.6523 206.5520 26.2745 0.0378 -0.0235 0.9901 -0.1333
4419.0000 -402.2529 206.6672 26.2666 0.0387 -0.0226 0.9899 -0.1345
4420.0000 -401.8447 206.7835 26.2385 0.0390 -0.0221 0.9897 -0.1357
4421.0000 -401.4540 206.9079 26.2209 0.0393 -0.0216 0.9896 -0.1369
4422.0000 -401.0599 207.0186 26.2114 0.0390 -0.0217 0.9894 -0.1383
4423.0000 -400.6754 207.1297 26.1885 0.0387 -0.0219 0.9892 -0.1396
4424.0000 -400.2927 207.2310 26.1695 0.0386 -0.0222 0.9890 -0.1409
4425.0000 -399.9103 207.3475 26.1529 0.0386 -0.0224 0.9888 -0.1421
4426.0000 -399.5141 207.4884 26.1280 0.0387 -0.0225 0.9887 -0.1432
4427.0000 -399.1445 207.5883 26.1158 0.0391 -0.0227 0.9885 -0.1445
4428.0000 -398.7597 207.7095 26.0992 0.0393 -0.0224 0.9883 -0.1456
4429.0000 -398.3981 207.8305 26.0782 0.0390 -0.0221 0.9881 -0.1468
4430.0000 -398.0392 207.9456 26.0609 0.0388 -0.0219 0.9880 -0.1479
4431.0000 -397.6632 208.0799 26.0371 0.0384 -0.0217 0.9878 -0.1492
4432.0000 -397.3140 208.1822 26.0285 0.0384 -0.0220 0.9876 -0.1504
4433.0000 -396.9405 208.3071 26.0118 0.0381 -0.0220 0.9874 -0.1517
4434.0000 -396.5922 208.4179 26.0042 0.0382 -0.0221 0.9873 -0.1527
4435.0000 -396.2351 208.5388 25.9841 0.0380 -0.0219 0.9871 -0.1538
4436.0000 -395.8928 208.6498 25.9717 0.0378 -0.0221 0.9869 -0.1549
4437.0000 -395.5485 208.7655 25.9523 0.0379 -0.0223 0.9868 -0.1561
4438.0000 -395.2004 208.8859 25.9362 0.0379 -0.0222 0.9866 -0.1573
4439.0000 -394.8679 208.9927 25.9307 0.0376 -0.0222 0.9864 -0.1586
4440.0000 -394.5343 209.1169 25.9201 0.0369 -0.0220 0.9863 -0.1596
4441.0000 -394.1763 209.2400 25.9035 0.0365 -0.0214 0.9861 -0.1607
4442.0000 -393.8344 209.3542 25.8801 0.0367 -0.0215 0.9859 -0.1619
4443.0000 -393.4983 209.4709 25.8648 0.0378 -0.0223 0.9856 -0.1632
4444.0000 -393.1580 209.5821 25.8404 0.0387 -0.0223 0.9854 -0.1643
4445.0000 -392.8202 209.7092 25.8215 0.0389 -0.0229 0.9852 -0.1653
4446.0000 -392.4678 209.8311 25.8060 0.0393 -0.0234 0.9850 -0.1664
4447.0000 -392.1426 209.9389 25.8047 0.0390 -0.0232 0.9848 -0.1675
4448.0000 -391.7989 210.0770 25.7848 0.0381 -0.0230 0.9847 -0.1683
4449.0000 -391.4563 210.2052 25.7773 0.0371 -0.0220 0.9846 -0.1693
4450.0000 -391.1316 210.3279 25.7508 0.0365 -0.0220 0.9845 -0.1703
4451.0000 -390.7938 210.4561 25.7393 0.0363 -0.0224 0.9843 -0.1712
4452.0000 -390.4681 210.5698 25.7222 0.0361 -0.0227 0.9842 -0.1721
4453.0000 -390.1196 210.6846 25.6971 0.0361 -0.0227 0.9840 -0.1728
4454.0000 -389.7855 210.8173 25.6930 0.0359 -0.0237 0.9839 -0.1734
4455.0000 -389.4424 210.9426 25.6831 0.0366 -0.0239 0.9838 -0.1736
4456.0000 -389.1034 211.0728 25.6650 0.0377 -0.0234 0.9837 -0.1742
4457.0000 -388.7779 211.1842 25.6469 0.0388 -0.0226 0.9836 -0.1749
4458.0000 -388.4488 211.3179 25.6284 0.0388 -0.0224 0.9835 -0.1755
4459.0000 -388.1167 211.4333 25.6135 0.0384 -0.0225 0.9834 -0.1761
4460.0000 -387.7835 211.5570 25.6031 0.0378 -0.0227 0.9833 -0.1767
4461.0000 -387.4480 211.6811 25.5830 0.0376 -0.0232 0.9832 -0.1773
4462.0000 -387.1140 211.8126 25.5642 0.0375 -0.0236 0.9830 -0.1780
4463.0000 -386.7837 211.9304 25.5447 0.0374 -0.0240 0.9829 -0.1786
4464.0000 -386.4631 212.0537 25.5445 0.0376 -0.0238 0.9828 -0.1792
4465.0000 -386.1211 212.1899 25.5261 0.0373 -0.0238 0.9827 -0.1799
4466.0000 -385.8012 212.3100 25.5208 0.0371 -0.0237 0.9826 -0.1805
4467.0000 -385.4661 212.4370 25.4998 0.0365 -0.0238 0.9825 -0.1813
4468.0000 -385.1313 212.5688 25.4926 0.0363 -0.0242 0.9824 -0.1818
4469.0000 -384.8096 212.6886 25.4745 0.0357 -0.0243 0.9822 -0.1827
4470.0000 -384.4856 212.8183 25.4617 0.0357 -0.0249 0.9821 -0.1833
4471.0000 -384.1643 212.9361 25.4583 0.0357 -0.0251 0.9819 -0.1843
4472.0000 -383.8259 213.0823 25.4429 0.0357 -0.0251 0.9818 -0.1848
4473.0000 -383.4865 213.2121 25.4239 0.0357 -0.0244 0.9817 -0.1855
4474.0000 -383.1614 213.3472 25.4048 0.0354 -0.0239 0.9815 -0.1864
4475.0000 -382.8550 213.4834 25.4076 0.0356 -0.0241 0.9814 -0.1871
4476.0000 -382.5145 213.6188 25.3815 0.0352 -0.0242 0.9813 -0.1879
4477.0000 -382.2001 213.7505 25.3676 0.0352 -0.0242 0.9811 -0.1887
4478.0000 -381.8630 213.8939 25.3498 0.0350 -0.0242 0.9810 -0.1895
4479.0000 -381.5243 214.0289 25.3429 0.0353 -0.0242 0.9808 -0.1904
4480.0000 -381.2009 214.1536 25.3368 0.0355 -0.0243 0.9806 -0.1913
4481.0000 -380.8629 214.2945 25.3194 0.0354 -0.0241 0.9804 -0.1921
4482.0000 -380.5317 214.4329 25.2945 0.0357 -0.0241 0.9803 -0.1927
4483.0000 -380.2000 214.5743 25.2838 0.0361 -0.0241 0.9801 -0.1938
4484.0000 -379.8521 214.7128 25.2746 0.0360 -0.0237 0.9799 -0.1948
4485.0000 -379.5220 214.8699 25.2642 0.0355 -0.0233 0.9797 -0.1958
4486.0000 -379.1852 215.0070 25.2537 0.0347 -0.0224 0.9795 -0.1971
4487.0000 -378.8514 215.1426 25.2403 0.0343 -0.0223 0.9793 -0.1984
4488.0000 -378.5032 215.3033 25.2234 0.0342 -0.0222 0.9790 -0.1995
4489.0000 -378.1802 215.4351 25.2113 0.0341 -0.0222 0.9788 -0.2007
4490.0000 -377.8419 215.5912 25.1961 0.0338 -0.0224 0.9785 -0.2022
4491.0000 -377.4995 215.7492 25.1841 0.0337 -0.0225 0.9783 -0.2034
4492.0000 -377.1557 215.9008 25.1677 0.0337 -0.0228 0.9780 -0.2048
4493.0000 -376.8076 216.0644 25.1600 0.0340 -0.0222 0.9777 -0.2058
4494.0000 -376.4621 216.2068 25.1364 0.0344 -0.0215 0.9775 -0.2072
4495.0000 -376.1159 216.3632 25.1301 0.0348 -0.0215 0.9771 -0.2087
4496.0000 -375.7709 216.5449 25.1133 0.0350 -0.0216 0.9769 -0.2099
4497.0000 -375.4106 216.6966 25.0918 0.0347 -0.0215 0.9766 -0.2113
4498.0000 -375.0536 216.8733 25.0877 0.0347 -0.0215 0.9763 -0.2126
4499.0000 -374.7021 217.0428 25.0749 0.0343 -0.0214 0.9759 -0.2142
4500.0000 -374.3596 217.2073 25.0556 0.0341 -0.0216 0.9756 -0.2158
4501.0000 -374.0029 217.3758 25.0443 0.0348 -0.0223 0.9753 -0.2171
4502.0000 -373.6205 217.5587 25.0259 0.0353 -0.0234 0.9749 -0.2184
4503.0000 -373.2634 217.7204 25.0121 0.0358 -0.0247 0.9745 -0.2199
4504.0000 -372.8889 217.9063 25.0026 0.0365 -0.0255 0.9742 -0.2213
4505.0000 -372.5432 218.0748 24.9986 0.0367 -0.0251 0.9739 -0.2227
4506.0000 -372.1812 218.2686 24.9833 0.0363 -0.0247 0.9736 -0.2242
4507.0000 -371.8181 218.4477 24.9549 0.0354 -0.0245 0.9732 -0.2257
4508.0000 -371.4384 218.6413 24.9392 0.0350 -0.0252 0.9729 -0.2273
4509.0000 -371.0782 218.8135 24.9371 0.0346 -0.0266 0.9725 -0.2288
4510.0000 -370.7063 218.9960 24.9200 0.0342 -0.0281 0.9721 -0.2303
4511.0000 -370.3345 219.1812 24.9133 0.0339 -0.0286 0.9717 -0.2320
4512.0000 -369.9543 219.3683 24.8990 0.0337 -0.0286 0.9714 -0.2332
4513.0000 -369.6007 219.5656 24.8822 0.0341 -0.0286 0.9710 -0.2349
4514.0000 -369.2406 219.7470 24.8762 0.0344 -0.0282 0.9706 -0.2365
4515.0000 -368.8819 219.9546 24.8535 0.0342 -0.0283 0.9703 -0.2378
4516.0000 -368.5168 220.1516 24.8549 0.0342 -0.0286 0.9699 -0.2393
4517.0000 -368.1573 220.3486 24.8345 0.0341 -0.0288 0.9695 -0.2409
4518.0000 -367.7931 220.5431 24.8194 0.0343 -0.0293 0.9692 -0.2422
4519.0000 -367.4292 220.7386 24.8138 0.0345 -0.0296 0.9688 -0.2436
4520.0000 -367.0870 220.9293 24.8099 0.0344 -0.0299 0.9684 -0.2452
4521.0000 -366.7418 221.1138 24.8068 0.0343 -0.0301 0.9680 -0.2467
4522.0000 -366.3755 221.3102 24.7913 0.0337 -0.0299 0.9677 -0.2482
4523.0000 -366.0250 221.5202 24.7746 0.0333 -0.0298 0.9673 -0.2495
4524.0000 -365.6805 221.7168 24.7654 0.0329 -0.0298 0.9669 -0.2511
4525.0000 -365.3169 221.9193 24.7569 0.0325 -0.0302 0.9666 -0.2526
4526.0000 -364.9746 222.1192 24.7476 0.0323 -0.0302 0.9662 -0.2540
4527.0000 -364.6170 222.3267 24.7395 0.0319 -0.0305 0.9658 -0.2555
4528.0000 -364.2644 222.5345 24.7382 0.0322 -0.0303 0.9654 -0.2569
4529.0000 -363.9077 222.7466 24.7217 0.0319 -0.0302 0.9650 -0.2585
4530.0000 -363.5613 222.9541 24.7164 0.0319 -0.0300 0.9647 -0.2598
4531.0000 -363.2014 223.1601 24.7039 0.0314 -0.0302 0.9642 -0.2614
4532.0000 -362.8484 223.3824 24.7037 0.0310 -0.0299 0.9639 -0.2627
4533.0000 -362.4805 223.6069 24.6923 0.0304 -0.0292 0.9637 -0.2636
4534.0000 -362.1178 223.8170 24.6805 0.0301 -0.0281 0.9635 -0.2643
4535.0000 -361.7506 224.0519 24.6706 0.0303 -0.0278 0.9633 -0.2651
4536.0000 -361.3722 224.2819 24.6570 0.0302 -0.0274 0.9633 -0.2655
4537.0000 -360.9991 224.5056 24.6538 0.0306 -0.0280 0.9630 -0.2662
4538.0000 -360.6243 224.7286 24.6565 0.0311 -0.0280 0.9628 -0.2670
4539.0000 -360.2401 224.9482 24.6381 0.0310 -0.0273 0.9626 -0.2676
4540.0000 -359.8459 225.1911 24.6295 0.0311 -0.0258 0.9625 -0.2682
4541.0000 -359.4835 225.4485 24.6074 0.0312 -0.0248 0.9623 -0.2690
4542.0000 -359.0903 225.6709 24.6088 0.0316 -0.0239 0.9620 -0.2702
4543.0000 -358.6949 225.9319 24.5919 0.0315 -0.0233 0.9618 -0.2708
4544.0000 -358.2994 226.1645 24.5804 0.0317 -0.0233 0.9616 -0.2717
4545.0000 -357.9079 226.4093 24.5750 0.0320 -0.0227 0.9614 -0.2724
4546.0000 -357.5006 226.6657 24.5504 0.0320 -0.0224 0.9611 -0.2733
4547.0000 -357.0859 226.9307 24.5406 0.0321 -0.0217 0.9609 -0.2740
4548.0000 -356.6839 227.1904 24.5170 0.0322 -0.0212 0.9607 -0.2750
4549.0000 -356.2824 227.4477 24.5149 0.0321 -0.0203 0.9604 -0.2762
4550.0000 -355.8634 227.7130 24.5070 0.0321 -0.0204 0.9601 -0.2771
4551.0000 -355.4548 227.9770 24.4924 0.0317 -0.0198 0.9598 -0.2782
4552.0000 -355.0264 228.2601 24.4799 0.0318 -0.0199 0.9595 -0.2791
4553.0000 -354.6108 228.5369 24.4692 0.0319 -0.0199 0.9593 -0.2800
4554.0000 -354.1886 228.8109 24.4568 0.0325 -0.0199 0.9589 -0.2812
4555.0000 -353.7591 229.0778 24.4409 0.0329 -0.0194 0.9586 -0.2822
4556.0000 -353.3372 229.3575 24.4277 0.0327 -0.0188 0.9583 -0.2832
4557.0000 -352.9281 229.6429 24.4073 0.0323 -0.0184 0.9580 -0.2842
4558.0000 -352.4797 229.9244 24.3984 0.0322 -0.0182 0.9578 -0.2850
4559.0000 -352.0797 230.1942 24.3880 0.0321 -0.0186 0.9575 -0.2859
4560.0000 -351.6472 230.4816 24.3727 0.0319 -0.0190 0.9574 -0.2863
4561.0000 -351.2250 230.7714 24.3585 0.0313 -0.0191 0.9575 -0.2862
4562.0000 -350.8018 231.0384 24.3368 0.0308 -0.0192 0.9574 -0.2863
4563.0000 -350.3574 231.3091 24.3239 0.0304 -0.0193 0.9575 -0.2861
4564.0000 -349.9341 231.5974 24.3188 0.0307 -0.0196 0.9575 -0.2862
4565.0000 -349.5138 231.8778 24.3086 0.0308 -0.0199 0.9575 -0.2862
4566.0000 -349.0933 232.1562 24.2950 0.0306 -0.0197 0.9575 -0.2861
4567.0000 -348.6631 232.4283 24.2763 0.0304 -0.0198 0.9574 -0.2863
4568.0000 -348.2528 232.7069 24.2741 0.0306 -0.0200 0.9574 -0.2863
4569.0000 -347.8212 232.9801 24.2691 0.0313 -0.0196 0.9573 -0.2866
4570.0000 -347.4128 233.2705 24.2326 0.0316 -0.0190 0.9574 -0.2866
4571.0000 -346.9960 233.5350 24.2090 0.0321 -0.0198 0.9573 -0.2867
4572.0000 -346.5750 233.8097 24.2270 0.0331 -0.0210 0.9570 -0.2873
4573.0000 -346.1999 234.0591 24.2315 0.0344 -0.0212 0.9568 -0.2878
4574.0000 -345.8121 234.3232 24.2108 0.0351 -0.0199 0.9567 -0.2882
4575.0000 -345.4204 234.5872 24.2064 0.0354 -0.0164 0.9568 -0.2883
4576.0000 -345.0280 234.8547 24.1240 0.0349 -0.0148 0.9567 -0.2887
4577.0000 -344.6503 235.0861 24.1123 0.0361 -0.0160 0.9565 -0.2892
4578.0000 -344.3048 235.3126 24.1401 0.0379 -0.0182 0.9564 -0.2891
4579.0000 -343.9607 235.5420 24.1604 0.0389 -0.0195 0.9564 -0.2889
4580.0000 -343.5966 235.7706 24.1292 0.0379 -0.0192 0.9564 -0.2891
4581.0000 -343.2955 235.9906 24.1129 0.0370 -0.0178 0.9563 -0.2894
4582.0000 -342.9617 236.2064 24.0799 0.0355 -0.0173 0.9563 -0.2896
4583.0000 -342.6540 236.4096 24.0649 0.0353 -0.0179 0.9562 -0.2901
4584.0000 -342.3517 236.5966 24.0597 0.0362 -0.0190 0.9561 -0.2903
4585.0000 -342.0616 236.7883 24.0657 0.0378 -0.0198 0.9559 -0.2907
4586.0000 -341.7756 236.9892 24.0488 0.0386 -0.0203 0.9558 -0.2907
4587.0000 -341.5019 237.1829 24.0200 0.0388 -0.0206 0.9557 -0.2909
4588.0000 -341.2289 237.3670 24.0054 0.0389 -0.0214 0.9556 -0.2913
4589.0000 -340.9685 237.5338 24.0197 0.0388 -0.0228 0.9555 -0.2916
4590.0000 -340.6916 237.6970 24.0239 0.0374 -0.0230 0.9553 -0.2924
4591.0000 -340.4413 237.8863 24.0050 0.0363 -0.0225 0.9553 -0.2926
4592.0000 -340.1816 238.0696 23.9767 0.0361 -0.0224 0.9552 -0.2929
4593.0000 -339.9053 238.2447 23.9670 0.0369 -0.0237 0.9550 -0.2933
4594.0000 -339.6350 238.4258 23.9635 0.0374 -0.0246 0.9548 -0.2939
4595.0000 -339.3814 238.5979 23.9619 0.0372 -0.0259 0.9546 -0.2943
4596.0000 -339.1237 238.7927 23.9509 0.0363 -0.0272 0.9544 -0.2952
4597.0000 -338.8543 238.9490 23.9292 0.0362 -0.0276 0.9541 -0.2959
4598.0000 -338.5836 239.1439 23.9221 0.0369 -0.0275 0.9541 -0.2961
4599.0000 -338.3282 239.3411 23.9347 0.0374 -0.0259 0.9538 -0.2969
4600.0000 -338.0858 239.5153 23.9191 0.0359 -0.0235 0.9535 -0.2983
4601.0000 -337.8327 239.7055 23.8899 0.0340 -0.0227 0.9533 -0.2993
4602.0000 -337.5685 239.8779 23.8811 0.0327 -0.0235 0.9530 -0.3003
4603.0000 -337.3134 240.0477 23.8735 0.0328 -0.0247 0.9527 -0.3013
4604.0000 -337.0752 240.2374 23.8879 0.0335 -0.0253 0.9522 -0.3025
4605.0000 -336.8228 240.4164 23.8669 0.0338 -0.0253 0.9518 -0.3039
4606.0000 -336.5880 240.5920 23.8592 0.0340 -0.0251 0.9515 -0.3049
4607.0000 -336.3434 240.7741 23.8481 0.0336 -0.0251 0.9512 -0.3057
4608.0000 -336.1008 240.9491 23.8418 0.0333 -0.0252 0.9509 -0.3068
4609.0000 -335.8869 241.1148 23.8395 0.0335 -0.0234 0.9505 -0.3081
4610.0000 -335.6469 241.2740 23.8299 0.0341 -0.0212 0.9501 -0.3093
4611.0000 -335.4375 241.4517 23.8128 0.0340 -0.0209 0.9498 -0.3103
4612.0000 -335.2156 241.6258 23.8108 0.0341 -0.0212 0.9494 -0.3114
4613.0000 -335.0197 241.7815 23.8135 0.0343 -0.0218 0.9492 -0.3122
4614.0000 -334.8176 241.9356 23.8185 0.0339 -0.0220 0.9488 -0.3133
4615.0000 -334.5926 242.0786 23.8001 0.0331 -0.0224 0.9483 -0.3147
4616.0000 -334.3916 242.2631 23.7916 0.0324 -0.0224 0.9481 -0.3157
4617.0000 -334.1830 242.4264 23.7829 0.0319 -0.0223 0.9477 -0.3168
4618.0000 -333.9826 242.5785 23.7816 0.0323 -0.0223 0.9474 -0.3177
4619.0000 -333.7859 242.7411 23.7895 0.0330 -0.0214 0.9470 -0.3187
4620.0000 -333.5820 242.9027 23.7853 0.0329 -0.0203 0.9468 -0.3196
4621.0000 -333.3861 243.0932 23.7709 0.0321 -0.0203 0.9466 -0.3203
4622.0000 -333.1799 243.2258 23.7594 0.0312 -0.0202 0.9464 -0.3209
4623.0000 -332.9707 243.3703 23.7491 0.0310 -0.0204 0.9462 -0.3214
4624.0000 -332.7633 243.5396 23.7484 0.0309 -0.0207 0.9460 -0.3220
4625.0000 -332.5606 243.7009 23.7441 0.0310 -0.0205 0.9459 -0.3222
4626.0000 -332.3680 243.8637 23.7452 0.0310 -0.0202 0.9458 -0.3226
4627.0000 -332.1737 244.0233 23.7379 0.0310 -0.0195 0.9456 -0.3231
4628.0000 -331.9637 244.1728 23.7286 0.0313 -0.0194 0.9455 -0.3235
4629.0000 -331.7819 244.3179 23.7293 0.0313 -0.0195 0.9454 -0.3239
4630.0000 -331.5995 244.4764 23.7259 0.0308 -0.0197 0.9452 -0.3244
4631.0000 -331.4145 244.5941 23.7038 0.0305 -0.0201 0.9450 -0.3251
4632.0000 -331.2338 244.7487 23.6977 0.0307 -0.0202 0.9449 -0.3253
4633.0000 -331.0720 244.8855 23.7083 0.0312 -0.0198 0.9447 -0.3258
4634.0000 -330.9053 245.0397 23.7025 0.0313 -0.0194 0.9445 -0.3264
4635.0000 -330.7199 245.1713 23.6930 0.0309 -0.0187 0.9443 -0.3271
4636.0000 -330.5456 245.3033 23.6799 0.0308 -0.0182 0.9441 -0.3277
4637.0000 -330.3691 245.4424 23.6824 0.0312 -0.0183 0.9439 -0.3282
4638.0000 -330.1841 245.5846 23.6792 0.0314 -0.0183 0.9437 -0.3287
4639.0000 -330.0086 245.7246 23.6747 0.0314 -0.0183 0.9435 -0.3292
4640.0000 -329.8373 245.8705 23.6660 0.0317 -0.0185 0.9433 -0.3300
4641.0000 -329.6617 246.0031 23.6591 0.0319 -0.0186 0.9431 -0.3304
4642.0000 -329.4874 246.1561 23.6587 0.0324 -0.0186 0.9429 -0.3309
4643.0000 -329.3226 246.3010 23.6529 0.0327 -0.0184 0.9427 -0.3314
4644.0000 -329.1283 246.4305 23.6350 0.0328 -0.0186 0.9424 -0.3323
4645.0000 -328.9586 246.5671 23.6339 0.0329 -0.0188 0.9421 -0.3331
4646.0000 -328.7859 246.7155 23.6335 0.0332 -0.0190 0.9419 -0.3336
4647.0000 -328.6191 246.8799 23.6276 0.0331 -0.0191 0.9417 -0.3343
4648.0000 -328.4338 247.0358 23.6249 0.0330 -0.0193 0.9413 -0.3354
4649.0000 -328.2433 247.1781 23.6150 0.0328 -0.0195 0.9410 -0.3363
4650.0000 -328.0501 247.3322 23.6080 0.0327 -0.0197 0.9406 -0.3375
4651.0000 -327.8730 247.5070 23.6086 0.0327 -0.0196 0.9402 -0.3384
4652.0000 -327.6778 247.6681 23.5985 0.0327 -0.0197 0.9398 -0.3396
4653.0000 -327.4744 247.8386 23.5857 0.0328 -0.0199 0.9393 -0.3409
4654.0000 -327.2718 248.0065 23.5770 0.0331 -0.0202 0.9389 -0.3421
4655.0000 -327.0514 248.1823 23.5740 0.0331 -0.0204 0.9385 -0.3432
4656.0000 -326.8421 248.3668 23.5631 0.0332 -0.0203 0.9380 -0.3444
4657.0000 -326.6316 248.5668 23.5497 0.0332 -0.0207 0.9376 -0.3456
4658.0000 -326.4013 248.7592 23.5413 0.0336 -0.0209 0.9371 -0.3469
4659.0000 -326.1714 248.9455 23.5331 0.0338 -0.0211 0.9366 -0.3482
4660.0000 -325.9426 249.1509 23.5244 0.0339 -0.0214 0.9361 -0.3496
4661.0000 -325.7186 249.3647 23.5271 0.0338 -0.0216 0.9356 -0.3508
4662.0000 -325.4742 249.5975 23.5216 0.0340 -0.0216 0.9351 -0.3520
4663.0000 -325.2396 249.8265 23.5204 0.0340 -0.0212 0.9346 -0.3533
4664.0000 -324.9860 250.0261 23.5013 0.0340 -0.0212 0.9341 -0.3548
4665.0000 -324.7344 250.2603 23.4965 0.0338 -0.0217 0.9335 -0.3563
4666.0000 -324.4871 250.4819 23.4848 0.0333 -0.0222 0.9330 -0.3577
4667.0000 -324.2271 250.7198 23.4686 0.0328 -0.0227 0.9325 -0.3590
4668.0000 -323.9798 250.9546 23.4683 0.0331 -0.0232 0.9321 -0.3600
4669.0000 -323.7022 251.1882 23.4604 0.0335 -0.0230 0.9316 -0.3613
4670.0000 -323.4505 251.4450 23.4649 0.0337 -0.0220 0.9312 -0.3624
4671.0000 -323.1867 251.6964 23.4463 0.0337 -0.0204 0.9308 -0.3635
4672.0000 -322.9153 251.9685 23.4446 0.0325 -0.0174 0.9305 -0.3644
4673.0000 -322.6535 252.2162 23.4298 0.0291 -0.0165 0.9302 -0.3655
4674.0000 -322.4051 252.4601 23.4306 0.0245 -0.0175 0.9298 -0.3668
4675.0000 -322.1341 252.7125 23.4172 0.0205 -0.0203 0.9296 -0.3675
4676.0000 -321.8400 252.9637 23.4395 0.0186 -0.0234 0.9291 -0.3685
4677.0000 -321.5926 253.2102 23.4661 0.0177 -0.0248 0.9287 -0.3695
4678.0000 -321.3120 253.4846 23.4412 0.0173 -0.0241 0.9283 -0.3707
4679.0000 -321.0394 253.7776 23.4300 0.0175 -0.0219 0.9281 -0.3712
4680.0000 -320.7581 254.0644 23.4037 0.0207 -0.0174 0.9276 -0.3725
4681.0000 -320.4592 254.3622 23.3666 0.0281 -0.0114 0.9271 -0.3737
4682.0000 -320.1899 254.6573 23.3390 0.0365 -0.0073 0.9262 -0.3751
4683.0000 -319.8777 254.9391 23.3319 0.0452 -0.0060 0.9253 -0.3766
4684.0000 -319.5621 255.2039 23.3353 0.0509 -0.0067 0.9243 -0.3782
4685.0000 -319.2745 255.4998 23.3367 0.0536 -0.0089 0.9236 -0.3796
4686.0000 -318.9894 255.8027 23.3271 0.0540 -0.0082 0.9227 -0.3815
4687.0000 -318.6997 256.0804 23.2680 0.0520 -0.0088 0.9222 -0.3831
4688.0000 -318.4411 256.3829 23.2713 0.0483 -0.0094 0.9217 -0.3848
4689.0000 -318.1450 256.6765 23.2176 0.0439 -0.0113 0.9212 -0.3864
4690.0000 -317.8634 256.9685 23.2067 0.0402 -0.0142 0.9206 -0.3882
4691.0000 -317.5812 257.2594 23.1900 0.0384 -0.0175 0.9199 -0.3900
4692.0000 -317.2870 257.5589 23.1947 0.0370 -0.0204 0.9191 -0.3916
4693.0000 -317.0183 257.8612 23.1863 0.0364 -0.0221 0.9185 -0.3931
4694.0000 -316.7414 258.1815 23.1768 0.0357 -0.0229 0.9178 -0.3948
4695.0000 -316.4569 258.4872 23.1679 0.0359 -0.0226 0.9171 -0.3965
4696.0000 -316.1695 258.7837 23.1336 0.0364 -0.0221 0.9163 -0.3983
4697.0000 -315.8979 259.0870 23.1261 0.0368 -0.0224 0.9156 -0.3998
4698.0000 -315.6158 259.3835 23.1158 0.0367 -0.0230 0.9151 -0.4009
4699.0000 -315.3319 259.6704 23.1179 0.0366 -0.0245 0.9147 -0.4018
4700.0000 -315.0611 259.9695 23.1217 0.0368 -0.0250 0.9142 -0.4029
4701.0000 -314.8143 260.2535 23.1153 0.0372 -0.0244 0.9139 -0.4035
4702.0000 -314.5578 260.5499 23.0989 0.0372 -0.0236 0.9137 -0.4040
4703.0000 -314.2973 260.8309 23.0753 0.0371 -0.0229 0.9136 -0.4043
4704.0000 -314.0641 261.1283 23.0573 0.0365 -0.0236 0.9134 -0.4047
4705.0000 -313.7983 261.3914 23.0601 0.0362 -0.0247 0.9130 -0.4057
4706.0000 -313.5403 261.6711 23.0660 0.0362 -0.0253 0.9128 -0.4060
4707.0000 -313.2797 261.9452 23.0588 0.0359 -0.0252 0.9126 -0.4064
4708.0000 -313.0454 262.2304 23.0480 0.0347 -0.0250 0.9125 -0.4069
4709.0000 -312.8075 262.5331 23.0360 0.0333 -0.0251 0.9123 -0.4073
4710.0000 -312.5518 262.8035 23.0486 0.0319 -0.0251 0.9121 -0.4079
4711.0000 -312.2986 263.0896 23.0348 0.0307 -0.0248 0.9120 -0.4083
4712.0000 -312.0562 263.3685 23.0418 0.0294 -0.0242 0.9119 -0.4087
4713.0000 -311.8017 263.6510 23.0165 0.0282 -0.0237 0.9117 -0.4093
4714.0000 -311.5601 263.9300 23.0129 0.0274 -0.0233 0.9116 -0.4096
4715.0000 -311.3152 264.2188 23.0109 0.0272 -0.0231 0.9115 -0.4098
4716.0000 -311.0533 264.4950 23.0148 0.0271 -0.0225 0.9114 -0.4099
4717.0000 -310.7929 264.7652 23.0193 0.0272 -0.0212 0.9114 -0.4101
4718.0000 -310.5681 265.0612 23.0172 0.0266 -0.0194 0.9115 -0.4099
4719.0000 -310.3059 265.3706 22.9822 0.0261 -0.0181 0.9117 -0.4097
4720.0000 -310.0603 265.6541 22.9802 0.0265 -0.0173 0.9118 -0.4094
4721.0000 -309.7909 265.9345 22.9678 0.0263 -0.0175 0.9119 -0.4092
4722.0000 -309.5404 266.2212 22.9893 0.0264 -0.0174 0.9121 -0.4088
4723.0000 -309.2847 266.5268 22.9862 0.0261 -0.0173 0.9124 -0.4082
4724.0000 -309.0354 266.8154 22.9788 0.0259 -0.0169 0.9128 -0.4073
4725.0000 -308.7387 267.1219 22.9630 0.0259 -0.0163 0.9130 -0.4067
4726.0000 -308.4835 267.4139 22.9516 0.0266 -0.0161 0.9134 -0.4058
4727.0000 -308.2130 267.7139 22.9571 0.0274 -0.0158 0.9137 -0.4052
4728.0000 -307.9414 268.0055 22.9461 0.0276 -0.0157 0.9143 -0.4038
4729.0000 -307.6715 268.3092 22.9356 0.0272 -0.0159 0.9148 -0.4026
4730.0000 -307.3818 268.5913 22.9329 0.0269 -0.0163 0.9153 -0.4015
4731.0000 -307.0951 268.8728 22.9371 0.0271 -0.0166 0.9158 -0.4004
4732.0000 -306.8247 269.1679 22.9391 0.0272 -0.0163 0.9163 -0.3992
4733.0000 -306.5464 269.4564 22.9387 0.0271 -0.0159 0.9168 -0.3982
4734.0000 -306.2897 269.7363 22.9134 0.0269 -0.0155 0.9173 -0.3969
4735.0000 -306.0277 270.0331 22.9121 0.0266 -0.0155 0.9179 -0.3957
4736.0000 -305.7493 270.3127 22.8977 0.0271 -0.0159 0.9182 -0.3948
4737.0000 -305.4631 270.5819 22.8969 0.0283 -0.0164 0.9186 -0.3938
4738.0000 -305.2132 270.8665 22.9025 0.0301 -0.0165 0.9190 -0.3928
4739.0000 -304.9485 271.1363 22.9037 0.0309 -0.0158 0.9194 -0.3918
4740.0000 -304.6790 271.4074 22.8816 0.0308 -0.0154 0.9198 -0.3908
4741.0000 -304.4117 271.6737 22.8639 0.0305 -0.0151 0.9203 -0.3898
4742.0000 -304.1467 271.9388 22.8508 0.0307 -0.0155 0.9205 -0.3892
4743.0000 -303.8851 272.2093 22.8521 0.0313 -0.0157 0.9210 -0.3880
4744.0000 -303.6328 272.4709 22.8388 0.0321 -0.0160 0.9214 -0.3870
4745.0000 -303.3619 272.7344 22.8521 0.0324 -0.0159 0.9218 -0.3861
4746.0000 -303.0905 272.9911 22.8191 0.0319 -0.0164 0.9221 -0.3852
4747.0000 -302.8370 273.2508 22.8218 0.0322 -0.0166 0.9224 -0.3844
4748.0000 -302.5683 273.5270 22.8083 0.0326 -0.0171 0.9226 -0.3839
4749.0000 -302.3031 273.7959 22.8041 0.0329 -0.0174 0.9227 -0.3837
4750.0000 -302.0337 274.0551 22.7807 0.0331 -0.0179 0.9228 -0.3835
4751.0000 -301.7625 274.2940 22.7866 0.0333 -0.0174 0.9227 -0.3836
4752.0000 -301.4951 274.5659 22.7715 0.0330 -0.0175 0.9226 -0.3839
4753.0000 -301.2442 274.8412 22.7638 0.0329 -0.0170 0.9226 -0.3840
4754.0000 -300.9941 275.1212 22.7472 0.0325 -0.0168 0.9226 -0.3841
4755.0000 -300.7492 275.3971 22.7382 0.0323 -0.0165 0.9225 -0.3843
4756.0000 -300.4811 275.6521 22.7307 0.0322 -0.0164 0.9223 -0.3849
4757.0000 -300.2064 275.9186 22.7244 0.0321 -0.0166 0.9221 -0.3853
4758.0000 -299.9399 276.1870 22.7232 0.0321 -0.0165 0.9217 -0.3861
4759.0000 -299.6710 276.4498 22.7208 0.0322 -0.0152 0.9213 -0.3871
4760.0000 -299.4409 276.7344 22.7012 0.0322 -0.0142 0.9210 -0.3879
4761.0000 -299.1791 276.9991 22.6765 0.0321 -0.0142 0.9206 -0.3890
4762.0000 -298.9221 277.2623 22.6642 0.0326 -0.0150 0.9200 -0.3904
4763.0000 -298.6672 277.5097 22.6749 0.0337 -0.0159 0.9193 -0.3917
4764.0000 -298.4365 277.7577 22.6777 0.0345 -0.0164 0.9187 -0.3932
4765.0000 -298.1975 278.0140 22.6691 0.0347 -0.0162 0.9180 -0.3948
4766.0000 -297.9634 278.2640 22.6559 0.0340 -0.0155 0.9173 -0.3965
4767.0000 -297.7508 278.5153 22.6533 0.0327 -0.0144 0.9167 -0.3981
4768.0000 -297.5432 278.7974 22.6280 0.0319 -0.0135 0.9160 -0.3997
4769.0000 -297.3063 279.0365 22.6231 0.0320 -0.0126 0.9151 -0.4018
4770.0000 -297.0765 279.2888 22.6021 0.0328 -0.0133 0.9140 -0.4043
4771.0000 -296.8457 279.5414 22.6144 0.0336 -0.0139 0.9129 -0.4065
4772.0000 -296.6198 279.8022 22.6188 0.0339 -0.0148 0.9119 -0.4088
4773.0000 -296.3999 280.0524 22.6086 0.0339 -0.0153 0.9109 -0.4109
4774.0000 -296.1834 280.3154 22.5885 0.0339 -0.0155 0.9099 -0.4131
4775.0000 -295.9689 280.5922 22.5852 0.0337 -0.0150 0.9089 -0.4153
4776.0000 -295.7474 280.8399 22.5630 0.0335 -0.0149 0.9079 -0.4176
4777.0000 -295.5202 281.1238 22.5607 0.0334 -0.0146 0.9070 -0.4195
4778.0000 -295.2893 281.4177 22.5432 0.0333 -0.0150 0.9061 -0.4215
4779.0000 -295.0466 281.6819 22.5482 0.0333 -0.0153 0.9050 -0.4238
4780.0000 -294.8338 281.9765 22.5387 0.0327 -0.0156 0.9040 -0.4260
4781.0000 -294.5967 282.2663 22.5260 0.0318 -0.0161 0.9030 -0.4282
4782.0000 -294.3722 282.5655 22.5109 0.0317 -0.0168 0.9020 -0.4302
4783.0000 -294.1430 282.8723 22.5031 0.0321 -0.0177 0.9009 -0.4324
4784.0000 -293.9006 283.1680 22.5060 0.0325 -0.0189 0.8998 -0.4346
4785.0000 -293.6688 283.4738 22.5058 0.0328 -0.0196 0.8988 -0.4367
4786.0000 -293.4483 283.7859 22.5102 0.0329 -0.0201 0.8977 -0.4389
4787.0000 -293.1907 284.0979 22.5025 0.0328 -0.0204 0.8966 -0.4412
4788.0000 -292.9353 284.4306 22.4810 0.0326 -0.0205 0.8955 -0.4434
4789.0000 -292.7155 284.7676 22.4600 0.0320 -0.0209 0.8945 -0.4455
4790.0000 -292.4672 285.0928 22.4550 0.0325 -0.0217 0.8934 -0.4476
4791.0000 -292.2139 285.4186 22.4516 0.0332 -0.0229 0.8924 -0.4495
4792.0000 -291.9650 285.7600 22.4542 0.0336 -0.0234 0.8914 -0.4514
4793.0000 -291.7214 286.1015 22.4480 0.0335 -0.0233 0.8906 -0.4530
4794.0000 -291.4790 286.4413 22.4505 0.0329 -0.0229 0.8900 -0.4541
4795.0000 -291.2496 286.7864 22.4414 0.0326 -0.0229 0.8894 -0.4553
4796.0000 -291.0178 287.1312 22.4312 0.0323 -0.0233 0.8888 -0.4566
4797.0000 -290.7536 287.4660 22.4195 0.0321 -0.0238 0.8881 -0.4579
4798.0000 -290.5086 287.8109 22.4121 0.0319 -0.0245 0.8879 -0.4583
4799.0000 -290.2564 288.1397 22.4144 0.0319 -0.0252 0.8875 -0.4589
4800.0000 -290.0193 288.5021 22.4046 0.0320 -0.0250 0.8872 -0.4595
4801.0000 -289.7992 288.8603 22.3873 0.0323 -0.0247 0.8870 -0.4599
4802.0000 -289.5521 289.2222 22.3848 0.0327 -0.0240 0.8867 -0.4606
4803.0000 -289.3164 289.5412 22.3906 0.0332 -0.0235 0.8865 -0.4610
4804.0000 -289.0827 289.8927 22.3970 0.0335 -0.0233 0.8863 -0.4612
4805.0000 -288.8499 290.2422 22.3819 0.0331 -0.0233 0.8862 -0.4615
4806.0000 -288.5973 290.5869 22.3706 0.0329 -0.0230 0.8861 -0.4617
4807.0000 -288.3476 290.9129 22.3609 0.0334 -0.0223 0.8861 -0.4617
4808.0000 -288.1069 291.2561 22.3534 0.0336 -0.0221 0.8860 -0.4619
4809.0000 -287.8695 291.5979 22.3503 0.0337 -0.0219 0.8859 -0.4620
4810.0000 -287.6361 291.9432 22.3564 0.0335 -0.0212 0.8859 -0.4622
4811.0000 -287.4135 292.2751 22.3660 0.0327 -0.0201 0.8859 -0.4622
4812.0000 -287.1887 292.6193 22.3448 0.0312 -0.0195 0.8858 -0.4626
4813.0000 -286.9495 292.9506 22.3404 0.0299 -0.0186 0.8857 -0.4630
4814.0000 -286.7257 293.3075 22.3449 0.0287 -0.0176 0.8855 -0.4633
4815.0000 -286.5034 293.6396 22.3318 0.0283 -0.0176 0.8856 -0.4633
4816.0000 -286.2679 293.9805 22.3399 0.0276 -0.0169 0.8853 -0.4639
4817.0000 -286.0402 294.3108 22.3301 0.0266 -0.0164 0.8852 -0.4641
4818.0000 -285.7964 294.6574 22.3231 0.0257 -0.0156 0.8851 -0.4644
4819.0000 -285.5678 295.0016 22.3298 0.0242 -0.0137 0.8853 -0.4642
4820.0000 -285.3444 295.3410 22.3104 0.0232 -0.0127 0.8857 -0.4636
4821.0000 -285.1083 295.6954 22.2987 0.0231 -0.0127 0.8862 -0.4625
4822.0000 -284.8499 296.0226 22.3105 0.0238 -0.0135 0.8866 -0.4618
4823.0000 -284.6179 296.3513 22.3008 0.0247 -0.0146 0.8870 -0.4609
4824.0000 -284.3645 296.6786 22.3232 0.0246 -0.0150 0.8873 -0.4604
4825.0000 -284.1319 297.0240 22.3073 0.0239 -0.0147 0.8877 -0.4595
4826.0000 -283.8978 297.3863 22.2938 0.0234 -0.0140 0.8880 -0.4590
4827.0000 -283.6528 297.7361 22.2789 0.0235 -0.0137 0.8879 -0.4593
4828.0000 -283.3932 298.0967 22.2848 0.0241 -0.0144 0.8874 -0.4601
4829.0000 -283.1493 298.4429 22.2908 0.0248 -0.0155 0.8867 -0.4614
4830.0000 -282.8877 298.8026 22.2853 0.0252 -0.0162 0.8858 -0.4632
4831.0000 -282.6491 299.1818 22.2957 0.0254 -0.0161 0.8846 -0.4654
4832.0000 -282.3895 299.5673 22.2751 0.0254 -0.0161 0.8832 -0.4680
4833.0000 -282.1317 299.9467 22.2760 0.0255 -0.0162 0.8816 -0.4710
4834.0000 -281.8962 300.3513 22.2850 0.0253 -0.0163 0.8800 -0.4740
4835.0000 -281.6581 300.7557 22.2860 0.0248 -0.0165 0.8783 -0.4771
4836.0000 -281.3789 301.1563 22.2622 0.0243 -0.0169 0.8765 -0.4805
4837.0000 -281.1212 301.5851 22.2756 0.0245 -0.0169 0.8747 -0.4838
4838.0000 -280.8672 302.0202 22.2574 0.0249 -0.0173 0.8728 -0.4871
4839.0000 -280.6045 302.4570 22.2540 0.0260 -0.0174 0.8709 -0.4905
4840.0000 -280.3306 302.9031 22.2560 0.0276 -0.0184 0.8689 -0.4938
4841.0000 -280.0749 303.3590 22.2725 0.0291 -0.0191 0.8671 -0.4970
4842.0000 -279.8179 303.8216 22.2570 0.0297 -0.0198 0.8653 -0.5000
4843.0000 -279.5360 304.2966 22.2395 0.0302 -0.0203 0.8638 -0.5025
4844.0000 -279.2692 304.7957 22.2421 0.0307 -0.0203 0.8626 -0.5045
4845.0000 -278.9981 305.3057 22.2335 0.0310 -0.0209 0.8615 -0.5063
4846.0000 -278.7273 305.7868 22.2332 0.0311 -0.0219 0.8606 -0.5078
4847.0000 -278.4281 306.3168 22.2199 0.0309 -0.0232 0.8598 -0.5091
4848.0000 -278.1790 306.8326 22.2277 0.0306 -0.0238 0.8594 -0.5098
4849.0000 -277.8721 307.3595 22.2067 0.0298 -0.0242 0.8589 -0.5107
4850.0000 -277.5869 307.8900 22.1761 0.0310 -0.0256 0.8585 -0.5112
4851.0000 -277.2935 308.4399 22.2460 0.0309 -0.0244 0.8579 -0.5123
4852.0000 -277.0250 308.9967 22.2256 0.0281 -0.0236 0.8578 -0.5127
4853.0000 -276.7363 309.5466 22.2000 0.0247 -0.0220 0.8575 -0.5134
4854.0000 -276.4116 310.1237 22.1802 0.0224 -0.0217 0.8571 -0.5142
4855.0000 -276.1351 310.6860 22.1947 0.0219 -0.0218 0.8566 -0.5150
4856.0000 -275.8248 311.2710 22.2077 0.0228 -0.0211 0.8562 -0.5158
4857.0000 -275.5294 311.8609 22.2363 0.0233 -0.0182 0.8559 -0.5162
4858.0000 -275.2053 312.4482 22.2020 0.0226 -0.0166 0.8555 -0.5170
4859.0000 -274.8975 313.0418 22.1997 0.0217 -0.0166 0.8551 -0.5178
4860.0000 -274.6131 313.6588 22.2105 0.0208 -0.0175 0.8544 -0.5188
4861.0000 -274.2945 314.2577 22.2063 0.0203 -0.0186 0.8537 -0.5200
4862.0000 -273.9635 314.8793 22.2104 0.0204 -0.0196 0.8529 -0.5213
4863.0000 -273.6520 315.4756 22.2195 0.0212 -0.0207 0.8520 -0.5228
4864.0000 -273.3490 316.0861 22.2264 0.0223 -0.0223 0.8512 -0.5239
4865.0000 -273.0273 316.7141 22.2419 0.0235 -0.0232 0.8504 -0.5251
4866.0000 -272.7425 317.3347 22.2577 0.0246 -0.0230 0.8495 -0.5265
4867.0000 -272.4211 317.9607 22.2316 0.0256 -0.0215 0.8486 -0.5281
4868.0000 -272.1188 318.5843 22.2158 0.0281 -0.0217 0.8477 -0.5294
4869.0000 -271.7963 319.2239 22.2660 0.0294 -0.0236 0.8466 -0.5309
4870.0000 -271.4994 319.8271 22.2988 0.0283 -0.0237 0.8458 -0.5322
4871.0000 -271.2047 320.4900 22.2723 0.0246 -0.0224 0.8452 -0.5334
4872.0000 -270.9230 321.1283 22.2180 0.0222 -0.0216 0.8443 -0.5349
4873.0000 -270.6140 321.7433 22.2129 0.0237 -0.0208 0.8432 -0.5367
4874.0000 -270.3220 322.4019 22.2571 0.0260 -0.0199 0.8422 -0.5382
4875.0000 -270.0400 323.0536 22.2666 0.0278 -0.0187 0.8413 -0.5395
4876.0000 -269.7321 323.7028 22.2570 0.0293 -0.0167 0.8403 -0.5411
4877.0000 -269.4405 324.3504 22.2490 0.0295 -0.0158 0.8393 -0.5426
4878.0000 -269.1498 325.0005 22.2395 0.0285 -0.0152 0.8385 -0.5439
4879.0000 -268.8721 325.6435 22.2427 0.0261 -0.0160 0.8377 -0.5453
4880.0000 -268.6200 326.2777 22.2456 0.0230 -0.0192 0.8371 -0.5462
4881.0000 -268.3257 326.9256 22.2576 0.0207 -0.0223 0.8363 -0.5474
4882.0000 -268.0464 327.5543 22.2619 0.0193 -0.0238 0.8357 -0.5483
4883.0000 -267.7804 328.2136 22.2677 0.0193 -0.0235 0.8350 -0.5494
4884.0000 -267.4884 328.8644 22.2638 0.0205 -0.0218 0.8343 -0.5505
4885.0000 -267.2207 329.5162 22.2709 0.0225 -0.0209 0.8335 -0.5516
4886.0000 -266.9522 330.1599 22.3049 0.0241 -0.0212 0.8327 -0.5528
4887.0000 -266.6734 330.7935 22.3301 0.0238 -0.0222 0.8318 -0.5541
4888.0000 -266.4143 331.4282 22.3178 0.0225 -0.0236 0.8310 -0.5553
4889.0000 -266.1430 332.0825 22.3148 0.0213 -0.0250 0.8302 -0.5565
4890.0000 -265.8858 332.7207 22.3260 0.0216 -0.0259 0.8294 -0.5577
4891.0000 -265.6098 333.3655 22.3444 0.0224 -0.0266 0.8285 -0.5589
4892.0000 -265.3578 334.0260 22.3650 0.0229 -0.0267 0.8276 -0.5603
4893.0000 -265.1080 334.6675 22.3852 0.0223 -0.0267 0.8267 -0.5616
4894.0000 -264.8478 335.3305 22.3853 0.0214 -0.0272 0.8256 -0.5632
4895.0000 -264.6047 335.9623 22.3932 0.0208 -0.0278 0.8247 -0.5645
4896.0000 -264.3627 336.6139 22.4014 0.0207 -0.0283 0.8236 -0.5661
4897.0000 -264.1092 337.2843 22.4229 0.0211 -0.0283 0.8225 -0.5677
4898.0000 -263.8501 337.9637 22.4386 0.0218 -0.0277 0.8214 -0.5693
4899.0000 -263.5987 338.6349 22.4378 0.0223 -0.0269 0.8202 -0.5710
4900.0000 -263.3653 339.2967 22.4658 0.0238 -0.0270 0.8190 -0.5727
4901.0000 -263.1322 339.9568 22.4990 0.0231 -0.0276 0.8176 -0.5747
4902.0000 -262.8952 340.6374 22.5121 0.0209 -0.0285 0.8162 -0.5767
4903.0000 -262.6798 341.3169 22.5046 0.0182 -0.0297 0.8146 -0.5790
4904.0000 -262.4412 342.0190 22.5067 0.0173 -0.0303 0.8126 -0.5818
4905.0000 -262.2051 342.6979 22.5281 0.0190 -0.0295 0.8104 -0.5848
4906.0000 -261.9911 343.3879 22.5775 0.0212 -0.0282 0.8085 -0.5875
4907.0000 -261.7809 344.0961 22.5308 0.0231 -0.0280 0.8064 -0.5902
4908.0000 -261.5498 344.7937 22.5700 0.0267 -0.0305 0.8040 -0.5932
4909.0000 -261.3287 345.4841 22.6904 0.0280 -0.0287 0.8014 -0.5968
4910.0000 -261.1575 346.1714 22.6315 0.0244 -0.0259 0.7995 -0.5996
4911.0000 -260.9892 346.9156 22.6064 0.0203 -0.0240 0.7973 -0.6028
4912.0000 -260.8032 347.5977 22.5804 0.0189 -0.0246 0.7945 -0.6065
4913.0000 -260.6008 348.3072 22.6509 0.0191 -0.0255 0.7920 -0.6098
4914.0000 -260.4321 349.0395 22.6616 0.0199 -0.0268 0.7898 -0.6124
4915.0000 -260.2473 349.7566 22.7138 0.0206 -0.0275 0.7875 -0.6154
4916.0000 -260.0789 350.4712 22.7375 0.0200 -0.0267 0.7852 -0.6184
4917.0000 -259.9297 351.1863 22.7283 0.0188 -0.0259 0.7830 -0.6212
4918.0000 -259.7699 351.9086 22.7249 0.0186 -0.0265 0.7806 -0.6242
4919.0000 -259.6108 352.6097 22.7638 0.0197 -0.0275 0.7779 -0.6275
4920.0000 -259.4610 353.3193 22.8154 0.0207 -0.0273 0.7755 -0.6304
4921.0000 -259.3297 354.0265 22.8311 0.0210 -0.0245 0.7734 -0.6331
4922.0000 -259.2026 354.7622 22.8308 0.0210 -0.0202 0.7715 -0.6356
4923.0000 -259.0806 355.4673 22.8128 0.0208 -0.0169 0.7698 -0.6377
4924.0000 -258.9585 356.1944 22.8447 0.0204 -0.0155 0.7682 -0.6397
4925.0000 -258.8562 356.8904 22.8467 0.0186 -0.0137 0.7668 -0.6415
4926.0000 -258.7348 357.6038 22.8339 0.0169 -0.0164 0.7653 -0.6433
4927.0000 -258.6084 358.3018 22.8737 0.0164 -0.0197 0.7635 -0.6453
4928.0000 -258.4909 358.9972 22.9231 0.0173 -0.0218 0.7621 -0.6469
4929.0000 -258.3750 359.6886 22.9519 0.0171 -0.0222 0.7612 -0.6479
4930.0000 -258.2556 360.4129 22.9488 0.0167 -0.0213 0.7598 -0.6496
4931.0000 -258.1524 361.1011 22.9524 0.0163 -0.0214 0.7586 -0.6510
4932.0000 -258.0569 361.7814 22.9837 0.0160 -0.0219 0.7577 -0.6520
4933.0000 -257.9600 362.4883 23.0225 0.0151 -0.0219 0.7567 -0.6532
4934.0000 -257.8566 363.1669 23.0488 0.0131 -0.0204 0.7558 -0.6544
4935.0000 -257.7738 363.8472 23.0531 0.0104 -0.0202 0.7549 -0.6554
4936.0000 -257.6741 364.5250 23.0607 0.0085 -0.0226 0.7540 -0.6564
4937.0000 -257.5801 365.1793 23.1207 0.0083 -0.0245 0.7527 -0.6578
4938.0000 -257.5112 365.8176 23.1652 0.0090 -0.0238 0.7519 -0.6588
4939.0000 -257.4215 366.5083 23.1737 0.0095 -0.0212 0.7511 -0.6597
4940.0000 -257.3415 367.1585 23.1627 0.0117 -0.0183 0.7502 -0.6609
4941.0000 -257.2520 367.7889 23.1914 0.0162 -0.0168 0.7489 -0.6623
4942.0000 -257.1923 368.4087 23.2724 0.0185 -0.0161 0.7477 -0.6636
4943.0000 -257.1343 369.0305 23.2651 0.0164 -0.0164 0.7471 -0.6643
4944.0000 -257.0480 369.6605 23.2522 0.0147 -0.0170 0.7461 -0.6655
4945.0000 -256.9797 370.2653 23.2600 0.0141 -0.0192 0.7450 -0.6667
4946.0000 -256.9087 370.8620 23.3120 0.0137 -0.0205 0.7439 -0.6678
4947.0000 -256.8544 371.4834 23.3335 0.0133 -0.0201 0.7432 -0.6686
4948.0000 -256.7938 372.0765 23.3279 0.0126 -0.0201 0.7422 -0.6697
4949.0000 -256.7326 372.6893 23.3513 0.0122 -0.0196 0.7411 -0.6710
4950.0000 -256.6725 373.2923 23.3656 0.0126 -0.0190 0.7399 -0.6723
4951.0000 -256.6311 373.9003 23.3850 0.0129 -0.0181 0.7387 -0.6737
4952.0000 -256.5796 374.4915 23.4133 0.0132 -0.0175 0.7377 -0.6748
4953.0000 -256.5357 375.0937 23.4336 0.0134 -0.0172 0.7365 -0.6761
4954.0000 -256.4890 375.6775 23.4475 0.0128 -0.0176 0.7351 -0.6776
4955.0000 -256.4413 376.2672 23.4767 0.0121 -0.0168 0.7338 -0.6791
4956.0000 -256.4068 376.8659 23.4739 0.0115 -0.0172 0.7325 -0.6804
4957.0000 -256.3620 377.4592 23.5102 0.0107 -0.0158 0.7313 -0.6818
4958.0000 -256.3260 378.0326 23.5093 0.0104 -0.0156 0.7299 -0.6833
4959.0000 -256.2896 378.6232 23.5321 0.0106 -0.0160 0.7284 -0.6848
4960.0000 -256.2543 379.1944 23.5575 0.0108 -0.0165 0.7272 -0.6862
4961.0000 -256.2249 379.7812 23.5794 0.0110 -0.0171 0.7261 -0.6873
4962.0000 -256.2035 380.3553 23.6078 0.0103 -0.0173 0.7255 -0.6880
4963.0000 -256.1709 380.9333 23.6142 0.0088 -0.0173 0.7249 -0.6885
4964.0000 -256.1443 381.5016 23.6358 0.0088 -0.0177 0.7245 -0.6890
4965.0000 -256.1036 382.0861 23.6561 0.0102 -0.0195 0.7240 -0.6894
4966.0000 -256.0689 382.6559 23.6879 0.0113 -0.0204 0.7234 -0.6900
4967.0000 -256.0377 383.2347 23.7185 0.0122 -0.0212 0.7233 -0.6901
4968.0000 -256.0100 383.8058 23.7454 0.0128 -0.0219 0.7229 -0.6905
4969.0000 -255.9731 384.3814 23.7638 0.0130 -0.0220 0.7227 -0.6907
4970.0000 -255.9448 384.9444 23.8011 0.0133 -0.0221 0.7230 -0.6904
4971.0000 -255.9191 385.5159 23.8230 0.0132 -0.0221 0.7231 -0.6903
4972.0000 -255.8878 386.0907 23.8286 0.0125 -0.0231 0.7232 -0.6901
4973.0000 -255.8595 386.6625 23.8602 0.0117 -0.0233 0.7235 -0.6898
4974.0000 -255.8437 387.2357 23.8736 0.0103 -0.0243 0.7240 -0.6893
4975.0000 -255.8085 387.8154 23.8983 0.0087 -0.0242 0.7242 -0.6891
4976.0000 -255.7788 388.3793 23.9265 0.0076 -0.0242 0.7246 -0.6887
4977.0000 -255.7581 388.9556 23.9500 0.0074 -0.0243 0.7250 -0.6883
4978.0000 -255.7192 389.5233 23.9630 0.0073 -0.0232 0.7253 -0.6880
4979.0000 -255.6865 390.1111 23.9830 0.0078 -0.0223 0.7260 -0.6872
4980.0000 -255.6468 390.6898 24.0200 0.0085 -0.0213 0.7268 -0.6864
4981.0000 -255.6097 391.2801 24.0429 0.0090 -0.0205 0.7277 -0.6855
4982.0000 -255.5804 391.8504 24.0594 0.0094 -0.0203 0.7286 -0.6846
4983.0000 -255.5335 392.4253 24.0764 0.0099 -0.0207 0.7295 -0.6836
4984.0000 -255.4735 393.0222 24.0965 0.0100 -0.0206 0.7307 -0.6824
4985.0000 -255.4314 393.6058 24.1113 0.0105 -0.0207 0.7318 -0.6812
4986.0000 -255.3779 394.1991 24.1428 0.0105 -0.0206 0.7329 -0.6800
4987.0000 -255.3344 394.7849 24.1475 0.0104 -0.0206 0.7343 -0.6784
4988.0000 -255.2739 395.3850 24.1775 0.0109 -0.0200 0.7362 -0.6764
4989.0000 -255.2083 395.9833 24.1996 0.0111 -0.0203 0.7382 -0.6742
4990.0000 -255.1496 396.5775 24.2123 0.0111 -0.0207 0.7404 -0.6717
4991.0000 -255.0699 397.1768 24.2328 0.0109 -0.0210 0.7430 -0.6689
4992.0000 -254.9881 397.7695 24.2574 0.0105 -0.0210 0.7454 -0.6662
4993.0000 -254.9189 398.3830 24.2836 0.0088 -0.0201 0.7485 -0.6628
4994.0000 -254.8288 398.9528 24.3031 0.0066 -0.0187 0.7517 -0.6592
4995.0000 -254.7430 399.5626 24.3140 0.0063 -0.0187 0.7551 -0.6553
4996.0000 -254.6296 400.1610 24.3354 0.0066 -0.0188 0.7590 -0.6507
4997.0000 -254.5185 400.7688 24.3770 0.0064 -0.0180 0.7633 -0.6458
4998.0000 -254.4006 401.3556 24.3896 0.0047 -0.0169 0.7675 -0.6408
4999.0000 -254.2898 401.9515 24.4036 0.0036 -0.0157 0.7717 -0.6358
5000.0000 -254.1466 402.5211 24.4185 0.0033 -0.0151 0.7754 -0.6313
5001.0000 -254.0088 403.1061 24.4548 0.0047 -0.0157 0.7795 -0.6262
5002.0000 -253.8457 403.6929 24.4838 0.0058 -0.0155 0.7835 -0.6212
5003.0000 -253.6816 404.2750 24.4990 0.0064 -0.0134 0.7874 -0.6163
5004.0000 -253.5159 404.8620 24.5178 0.0068 -0.0105 0.7914 -0.6111
5005.0000 -253.3618 405.4607 24.5039 0.0089 -0.0071 0.7956 -0.6057
5006.0000 -253.1595 406.0198 24.5081 0.0107 -0.0082 0.7994 -0.6007
5007.0000 -252.9597 406.5781 24.5439 0.0104 -0.0133 0.8030 -0.5957
5008.0000 -252.7620 407.1421 24.5962 0.0081 -0.0190 0.8071 -0.5900
5009.0000 -252.5624 407.6832 24.6193 0.0041 -0.0213 0.8112 -0.5844
5010.0000 -252.3708 408.2617 24.6186 0.0014 -0.0225 0.8154 -0.5785
5011.0000 -252.1470 408.8186 24.6172 0.0035 -0.0210 0.8189 -0.5736
5012.0000 -251.8935 409.3899 24.6252 0.0086 -0.0193 0.8223 -0.5687
5013.0000 -251.6378 409.9376 24.6545 0.0131 -0.0177 0.8257 -0.5636
5014.0000 -251.4024 410.5200 24.6702 0.0149 -0.0170 0.8290 -0.5588
5015.0000 -251.1715 411.0679 24.6901 0.0155 -0.0176 0.8319 -0.5545
5016.0000 -250.9053 411.6090 24.7038 0.0141 -0.0178 0.8344 -0.5507
5017.0000 -250.6586 412.1596 24.7203 0.0117 -0.0172 0.8368 -0.5470
5018.0000 -250.4103 412.7062 24.7161 0.0093 -0.0169 0.8396 -0.5429
5019.0000 -250.1640 413.2486 24.7237 0.0088 -0.0173 0.8421 -0.5390
5020.0000 -249.8970 413.7829 24.7444 0.0099 -0.0182 0.8445 -0.5351
5021.0000 -249.5991 414.3289 24.7656 0.0110 -0.0188 0.8471 -0.5310
5022.0000 -249.3204 414.8871 24.7865 0.0127 -0.0188 0.8496 -0.5269
5023.0000 -249.0279 415.4188 24.7927 0.0138 -0.0185 0.8523 -0.5225
5024.0000 -248.7407 415.9549 24.7939 0.0152 -0.0203 0.8548 -0.5183
5025.0000 -248.4305 416.4645 24.8195 0.0164 -0.0222 0.8575 -0.5137
5026.0000 -248.1102 416.9851 24.8397 0.0174 -0.0237 0.8601 -0.5093
5027.0000 -247.8217 417.5031 24.8521 0.0179 -0.0229 0.8630 -0.5044
5028.0000 -247.5169 418.0489 24.8342 0.0181 -0.0219 0.8659 -0.4995
5029.0000 -247.2044 418.5529 24.8347 0.0200 -0.0213 0.8687 -0.4945
5030.0000 -246.8741 419.0560 24.8551 0.0214 -0.0211 0.8717 -0.4892
5031.0000 -246.5377 419.5507 24.8601 0.0210 -0.0212 0.8748 -0.4836
5032.0000 -246.1994 420.0341 24.8796 0.0191 -0.0212 0.8782 -0.4775
5033.0000 -245.8807 420.5182 24.8782 0.0166 -0.0220 0.8817 -0.4710
5034.0000 -245.5083 420.9833 24.8780 0.0148 -0.0225 0.8849 -0.4651
5035.0000 -245.1705 421.4681 24.8880 0.0148 -0.0211 0.8882 -0.4588
5036.0000 -244.8196 421.9109 24.8449 0.0183 -0.0214 0.8914 -0.4523
5037.0000 -244.4185 422.3651 24.8935 0.0226 -0.0240 0.8943 -0.4463
5038.0000 -244.0375 422.8301 24.9618 0.0217 -0.0252 0.8973 -0.4402
5039.0000 -243.6997 423.2656 24.9645 0.0179 -0.0243 0.9008 -0.4332
5040.0000 -243.3376 423.7066 24.9338 0.0126 -0.0214 0.9042 -0.4264
5041.0000 -242.9605 424.1326 24.8721 0.0104 -0.0216 0.9071 -0.4203
5042.0000 -242.5613 424.5300 24.8963 0.0147 -0.0249 0.9095 -0.4148
5043.0000 -242.1562 424.9242 24.9607 0.0210 -0.0269 0.9122 -0.4082
5044.0000 -241.7379 425.3726 24.9865 0.0244 -0.0252 0.9153 -0.4012
5045.0000 -241.3397 425.7762 24.9499 0.0244 -0.0212 0.9183 -0.3945
5046.0000 -240.9552 426.1516 24.9140 0.0234 -0.0191 0.9211 -0.3882
5047.0000 -240.5637 426.5304 24.8992 0.0230 -0.0204 0.9238 -0.3816
5048.0000 -240.1127 426.9101 24.9183 0.0243 -0.0232 0.9263 -0.3753
5049.0000 -239.6920 427.2721 24.9374 0.0254 -0.0261 0.9288 -0.3688
5050.0000 -239.2699 427.6396 24.9472 0.0251 -0.0264 0.9315 -0.3620
5051.0000 -238.8576 427.9862 24.9317 0.0238 -0.0262 0.9341 -0.3552
5052.0000 -238.4360 428.3490 24.9384 0.0224 -0.0253 0.9366 -0.3488
5053.0000 -237.9877 428.6903 24.9223 0.0205 -0.0247 0.9390 -0.3424
5054.0000 -237.5683 429.0194 24.9210 0.0188 -0.0243 0.9414 -0.3358
5055.0000 -237.1304 429.3336 24.9101 0.0178 -0.0248 0.9438 -0.3292
5056.0000 -236.6687 429.6505 24.9099 0.0181 -0.0253 0.9461 -0.3223
5057.0000 -236.2240 429.9652 24.9231 0.0195 -0.0261 0.9486 -0.3149
5058.0000 -235.7625 430.2678 24.9370 0.0205 -0.0257 0.9510 -0.3074
5059.0000 -235.3145 430.5772 24.9324 0.0208 -0.0247 0.9536 -0.2995
5060.0000 -234.8635 430.8521 24.9202 0.0206 -0.0231 0.9562 -0.2912
5061.0000 -234.4234 431.1340 24.9588 0.0195 -0.0204 0.9587 -0.2829
5062.0000 -233.9501 431.4120 24.9217 0.0149 -0.0198 0.9612 -0.2746
5063.0000 -233.4856 431.6553 24.9122 0.0092 -0.0224 0.9636 -0.2662
5064.0000 -233.0338 431.8767 24.9209 0.0064 -0.0262 0.9658 -0.2578
5065.0000 -232.5503 432.1043 24.9328 0.0079 -0.0298 0.9681 -0.2488
5066.0000 -232.0530 432.3316 24.9606 0.0134 -0.0289 0.9703 -0.2397
5067.0000 -231.5351 432.5752 24.9190 0.0232 -0.0240 0.9726 -0.2302
5068.0000 -230.9896 432.8206 24.8783 0.0341 -0.0148 0.9743 -0.2222
5069.0000 -230.4863 433.0556 24.8258 0.0395 -0.0128 0.9760 -0.2139
5070.0000 -229.9964 433.2442 24.8674 0.0367 -0.0155 0.9780 -0.2048
5071.0000 -229.5019 433.4120 24.8905 0.0294 -0.0206 0.9802 -0.1948
5072.0000 -229.0218 433.5672 24.8966 0.0200 -0.0230 0.9824 -0.1841
5073.0000 -228.4793 433.7308 24.8690 0.0127 -0.0227 0.9845 -0.1733
5074.0000 -227.9361 433.8906 24.8367 0.0124 -0.0214 0.9863 -0.1633
5075.0000 -227.3746 434.0449 24.8153 0.0180 -0.0208 0.9877 -0.1540
5076.0000 -226.8351 434.1839 24.8072 0.0227 -0.0204 0.9891 -0.1440
5077.0000 -226.2659 434.3073 24.8071 0.0244 -0.0204 0.9905 -0.1337
5078.0000 -225.7079 434.4321 24.8069 0.0230 -0.0199 0.9919 -0.1234
5079.0000 -225.1513 434.5368 24.7935 0.0207 -0.0188 0.9932 -0.1130
5080.0000 -224.5854 434.6284 24.7747 0.0197 -0.0187 0.9944 -0.1026
5081.0000 -224.0102 434.7056 24.7617 0.0200 -0.0185 0.9954 -0.0921
5082.0000 -223.4182 434.7974 24.7453 0.0212 -0.0188 0.9963 -0.0815
5083.0000 -222.8428 434.8403 24.7400 0.0224 -0.0187 0.9971 -0.0707
5084.0000 -222.2490 434.8884 24.7229 0.0229 -0.0181 0.9978 -0.0598
5085.0000 -221.6599 434.9206 24.7040 0.0230 -0.0182 0.9984 -0.0489
5086.0000 -221.0586 434.9314 24.6911 0.0230 -0.0186 0.9988 -0.0381
5087.0000 -220.4609 434.9397 24.6714 0.0233 -0.0192 0.9992 -0.0272
5088.0000 -219.8467 434.9297 24.6538 0.0237 -0.0197 0.9994 -0.0168
5089.0000 -219.2260 434.9191 24.6366 0.0248 -0.0209 0.9994 -0.0074
5090.0000 -218.6278 434.9001 24.6223 0.0252 -0.0219 0.9994 0.0012
5091.0000 -218.0181 434.8664 24.6053 0.0253 -0.0226 0.9994 0.0087
5092.0000 -217.4155 434.8382 24.5923 0.0255 -0.0227 0.9993 0.0158
5093.0000 -216.7947 434.7953 24.5583 0.0255 -0.0224 0.9992 0.0219
5094.0000 -216.1722 434.7411 24.5334 0.0258 -0.0219 0.9991 0.0271
5095.0000 -215.5494 434.7094 24.5154 0.0261 -0.0218 0.9989 0.0316
5096.0000 -214.9295 434.6554 24.5039 0.0266 -0.0219 0.9988 0.0351
5097.0000 -214.3139 434.5922 24.4855 0.0268 -0.0216 0.9987 0.0383
5098.0000 -213.6804 434.5377 24.4568 0.0267 -0.0204 0.9986 0.0410
5099.0000 -213.0411 434.4883 24.4276 0.0267 -0.0194 0.9985 0.0435
5100.0000 -212.3961 434.4240 24.4018 0.0267 -0.0192 0.9984 0.0455
5101.0000 -211.7610 434.3662 24.3819 0.0271 -0.0196 0.9983 0.0469
5102.0000 -211.1157 434.2938 24.3630 0.0274 -0.0202 0.9983 0.0478
5103.0000 -210.4850 434.2305 24.3439 0.0277 -0.0210 0.9982 0.0486
5104.0000 -209.8329 434.1649 24.3236 0.0278 -0.0214 0.9982 0.0492
5105.0000 -209.1843 434.0823 24.2962 0.0277 -0.0217 0.9981 0.0498
5106.0000 -208.5182 434.0250 24.2614 0.0277 -0.0232 0.9981 0.0502
5107.0000 -207.8591 433.9535 24.2480 0.0280 -0.0240 0.9980 0.0507
5108.0000 -207.2003 433.8664 24.2282 0.0277 -0.0247 0.9980 0.0509
5109.0000 -206.5246 433.8015 24.1948 0.0275 -0.0261 0.9980 0.0508
5110.0000 -205.8579 433.7276 24.1829 0.0273 -0.0274 0.9980 0.0502
5111.0000 -205.1919 433.6692 24.1588 0.0269 -0.0280 0.9980 0.0495
5112.0000 -204.5230 433.6002 24.1377 0.0267 -0.0274 0.9981 0.0490
5113.0000 -203.8417 433.5307 24.1149 0.0261 -0.0270 0.9981 0.0484
5114.0000 -203.1555 433.4654 24.0863 0.0251 -0.0274 0.9982 0.0477
5115.0000 -202.4695 433.4082 24.0596 0.0240 -0.0284 0.9982 0.0472
5116.0000 -201.7893 433.3438 24.0525 0.0237 -0.0282 0.9982 0.0468
5117.0000 -201.1053 433.2676 24.0347 0.0233 -0.0275 0.9983 0.0463
5118.0000 -200.4073 433.2095 24.0042 0.0230 -0.0275 0.9983 0.0459
5119.0000 -199.7127 433.1371 23.9992 0.0231 -0.0279 0.9983 0.0457
5120.0000 -199.0188 433.0640 23.9712 0.0229 -0.0286 0.9983 0.0454
5121.0000 -198.3152 432.9872 23.9504 0.0239 -0.0305 0.9982 0.0451
5122.0000 -197.6142 432.9407 23.9856 0.0248 -0.0291 0.9983 0.0452
5123.0000 -196.9024 432.8607 23.8648 0.0243 -0.0282 0.9983 0.0447
5124.0000 -196.1820 432.7851 23.8637 0.0245 -0.0325 0.9982 0.0446
5125.0000 -195.4760 432.7397 23.9111 0.0254 -0.0324 0.9982 0.0446
5126.0000 -194.7614 432.6892 23.8853 0.0266 -0.0289 0.9982 0.0451
5127.0000 -194.0388 432.6126 23.7959 0.0263 -0.0245 0.9983 0.0453
5128.0000 -193.3043 432.5500 23.7547 0.0264 -0.0244 0.9983 0.0452
5129.0000 -192.5937 432.4883 23.7751 0.0261 -0.0255 0.9983 0.0462
5130.0000 -191.8829 432.4204 23.7851 0.0247 -0.0260 0.9982 0.0473
5131.0000 -191.1608 432.3593 23.7459 0.0232 -0.0254 0.9982 0.0482
5132.0000 -190.4222 432.2721 23.7099 0.0224 -0.0244 0.9983 0.0487
5133.0000 -189.6990 432.2026 23.6838 0.0223 -0.0239 0.9982 0.0494
5134.0000 -188.9689 432.1183 23.6592 0.0231 -0.0243 0.9982 0.0497
5135.0000 -188.2263 432.0476 23.6533 0.0243 -0.0251 0.9981 0.0500
5136.0000 -187.4927 431.9815 23.6562 0.0256 -0.0249 0.9981 0.0504
5137.0000 -186.7471 431.9073 23.6275 0.0258 -0.0238 0.9981 0.0507
5138.0000 -186.0198 431.8282 23.5921 0.0252 -0.0229 0.9981 0.0506
5139.0000 -185.2940 431.7696 23.5693 0.0242 -0.0223 0.9982 0.0506
5140.0000 -184.5728 431.6856 23.5459 0.0239 -0.0223 0.9982 0.0508
5141.0000 -183.8407 431.6050 23.5310 0.0240 -0.0223 0.9982 0.0508
5142.0000 -183.1112 431.5325 23.5064 0.0240 -0.0227 0.9982 0.0508
5143.0000 -182.3984 431.4446 23.4943 0.0246 -0.0232 0.9981 0.0508
5144.0000 -181.6703 431.3704 23.4765 0.0246 -0.0236 0.9981 0.0511
5145.0000 -180.9275 431.2994 23.4497 0.0244 -0.0244 0.9981 0.0511
5146.0000 -180.2201 431.2175 23.4330 0.0245 -0.0253 0.9981 0.0513
5147.0000 -179.5081 431.1366 23.4186 0.0250 -0.0255 0.9980 0.0513
5148.0000 -178.7883 431.0572 23.3875 0.0255 -0.0260 0.9980 0.0514
5149.0000 -178.0656 430.9777 23.3750 0.0257 -0.0260 0.9980 0.0515
5150.0000 -177.3517 430.9116 23.3432 0.0252 -0.0265 0.9980 0.0516
5151.0000 -176.6468 430.8305 23.3345 0.0252 -0.0267 0.9980 0.0517
5152.0000 -175.9145 430.7658 23.3163 0.0247 -0.0268 0.9980 0.0518
5153.0000 -175.1946 430.6824 23.2791 0.0247 -0.0266 0.9980 0.0519
5154.0000 -174.4741 430.6144 23.2589 0.0248 -0.0267 0.9980 0.0518
5155.0000 -173.7549 430.5386 23.2428 0.0249 -0.0265 0.9980 0.0515
5156.0000 -173.0565 430.4699 23.2157 0.0248 -0.0263 0.9981 0.0508
5157.0000 -172.3418 430.4073 23.1949 0.0247 -0.0260 0.9981 0.0504
5158.0000 -171.6310 430.3350 23.1752 0.0248 -0.0253 0.9981 0.0499
5159.0000 -170.9078 430.2542 23.1482 0.0248 -0.0248 0.9982 0.0496
5160.0000 -170.1983 430.1882 23.1352 0.0249 -0.0242 0.9982 0.0493
5161.0000 -169.4744 430.1215 23.1057 0.0250 -0.0242 0.9982 0.0492
5162.0000 -168.7672 430.0498 23.0875 0.0257 -0.0243 0.9982 0.0490
5163.0000 -168.0617 429.9777 23.0686 0.0259 -0.0242 0.9982 0.0489
5164.0000 -167.3507 429.9144 23.0419 0.0258 -0.0242 0.9982 0.0489
5165.0000 -166.6418 429.8261 23.0244 0.0260 -0.0241 0.9982 0.0488
5166.0000 -165.9361 429.7626 23.0012 0.0260 -0.0241 0.9982 0.0487
5167.0000 -165.2440 429.6898 22.9740 0.0259 -0.0239 0.9982 0.0484
5168.0000 -164.5167 429.6222 22.9544 0.0262 -0.0240 0.9982 0.0485
5169.0000 -163.8265 429.5462 22.9356 0.0266 -0.0240 0.9982 0.0482
5170.0000 -163.1275 429.4908 22.9136 0.0267 -0.0240 0.9982 0.0482
5171.0000 -162.4453 429.4121 22.8903 0.0269 -0.0239 0.9982 0.0479
5172.0000 -161.7493 429.3557 22.8716 0.0266 -0.0235 0.9982 0.0478
5173.0000 -161.0617 429.2885 22.8444 0.0260 -0.0231 0.9983 0.0476
5174.0000 -160.3879 429.2361 22.8254 0.0255 -0.0231 0.9983 0.0475
5175.0000 -159.7061 429.1579 22.8127 0.0251 -0.0232 0.9983 0.0472
5176.0000 -159.0218 429.0888 22.8012 0.0253 -0.0229 0.9983 0.0470
5177.0000 -158.3326 429.0333 22.7766 0.0253 -0.0225 0.9983 0.0470
5178.0000 -157.6655 428.9640 22.7568 0.0256 -0.0221 0.9983 0.0469
5179.0000 -157.0024 428.9158 22.7353 0.0258 -0.0222 0.9983 0.0466
5180.0000 -156.3338 428.8489 22.7185 0.0255 -0.0222 0.9983 0.0466
5181.0000 -155.6562 428.7923 22.7082 0.0248 -0.0220 0.9984 0.0467
5182.0000 -155.0030 428.7362 22.6934 0.0242 -0.0218 0.9984 0.0465
5183.0000 -154.3368 428.6547 22.6771 0.0239 -0.0217 0.9984 0.0463
5184.0000 -153.6738 428.5876 22.6498 0.0240 -0.0220 0.9984 0.0464
5185.0000 -153.0079 428.5302 22.6290 0.0248 -0.0227 0.9984 0.0458
5186.0000 -152.3651 428.4816 22.6062 0.0258 -0.0236 0.9983 0.0457
5187.0000 -151.7127 428.4144 22.6037 0.0262 -0.0243 0.9983 0.0458
5188.0000 -151.0490 428.3350 22.6017 0.0260 -0.0254 0.9983 0.0457
5189.0000 -150.4202 428.2775 22.5685 0.0261 -0.0248 0.9983 0.0458
5190.0000 -149.7723 428.2300 22.5438 0.0261 -0.0244 0.9983 0.0461
5191.0000 -149.1480 428.1501 22.5084 0.0259 -0.0247 0.9983 0.0459
5192.0000 -148.5149 428.0817 22.5198 0.0262 -0.0261 0.9983 0.0456
5193.0000 -147.8856 428.0300 22.5122 0.0252 -0.0269 0.9983 0.0460
5194.0000 -147.2577 427.9769 22.4859 0.0242 -0.0272 0.9983 0.0465
5195.0000 -146.6379 427.9040 22.4647 0.0241 -0.0272 0.9983 0.0463
5196.0000 -146.0425 427.8572 22.4469 0.0246 -0.0270 0.9983 0.0465
5197.0000 -145.4517 427.8030 22.4306 0.0249 -0.0273 0.9982 0.0466
5198.0000 -144.8612 427.7326 22.4253 0.0251 -0.0278 0.9982 0.0465
5199.0000 -144.2970 427.6735 22.4172 0.0251 -0.0284 0.9982 0.0466
5200.0000 -143.7247 427.6186 22.4018 0.0252 -0.0288 0.9982 0.0466
5201.0000 -143.1639 427.5614 22.3818 0.0249 -0.0288 0.9982 0.0467
5202.0000 -142.6041 427.5156 22.3647 0.0251 -0.0287 0.9982 0.0468
5203.0000 -142.0566 427.4639 22.3508 0.0253 -0.0285 0.9982 0.0469
5204.0000 -141.5145 427.4135 22.3332 0.0257 -0.0283 0.9982 0.0468
5205.0000 -140.9956 427.3586 22.3181 0.0259 -0.0285 0.9982 0.0468
5206.0000 -140.4771 427.3049 22.3061 0.0265 -0.0290 0.9981 0.0468
5207.0000 -139.9640 427.2884 22.3363 0.0265 -0.0269 0.9982 0.0473
5208.0000 -139.4630 427.2188 22.2666 0.0223 -0.0265 0.9983 0.0473
5209.0000 -138.9780 427.1764 22.2489 0.0217 -0.0293 0.9982 0.0472
5210.0000 -138.5249 427.1195 22.2815 0.0258 -0.0290 0.9981 0.0471
5211.0000 -138.0348 427.0785 22.2611 0.0288 -0.0281 0.9981 0.0474
5212.0000 -137.5656 427.0428 22.2326 0.0296 -0.0263 0.9981 0.0476
5213.0000 -137.1131 426.9861 22.1754 0.0303 -0.0253 0.9981 0.0478
5214.0000 -136.6605 426.9352 22.1866 0.0323 -0.0264 0.9980 0.0476
5215.0000 -136.2397 426.9005 22.2183 0.0315 -0.0286 0.9980 0.0477
5216.0000 -135.8264 426.8637 22.2182 0.0287 -0.0294 0.9980 0.0484
5217.0000 -135.3816 426.8269 22.1835 0.0263 -0.0279 0.9981 0.0484
5218.0000 -134.9637 426.7885 22.1276 0.0245 -0.0263 0.9982 0.0484
5219.0000 -134.5521 426.7420 22.0995 0.0240 -0.0259 0.9982 0.0482
5220.0000 -134.1501 426.7070 22.1066 0.0251 -0.0268 0.9982 0.0483
5221.0000 -133.7348 426.6575 22.1254 0.0262 -0.0276 0.9981 0.0483
5222.0000 -133.3133 426.6185 22.1179 0.0262 -0.0279 0.9981 0.0484
5223.0000 -132.9149 426.5745 22.0999 0.0256 -0.0275 0.9981 0.0484
5224.0000 -132.5024 426.5435 22.0709 0.0244 -0.0272 0.9982 0.0484
5225.0000 -132.0816 426.5014 22.0542 0.0239 -0.0268 0.9982 0.0484
5226.0000 -131.6921 426.4546 22.0434 0.0240 -0.0270 0.9982 0.0483
5227.0000 -131.2745 426.4214 22.0375 0.0244 -0.0273 0.9982 0.0483
5228.0000 -130.8736 426.3806 22.0276 0.0249 -0.0277 0.9981 0.0485
5229.0000 -130.4765 426.3368 22.0267 0.0254 -0.0277 0.9981 0.0485
5230.0000 -130.0863 426.2945 22.0133 0.0259 -0.0275 0.9981 0.0485
5231.0000 -129.7190 426.2553 21.9955 0.0263 -0.0275 0.9981 0.0483
5232.0000 -129.3441 426.2387 21.9853 0.0268 -0.0278 0.9981 0.0483
5233.0000 -128.9945 426.1968 21.9845 0.0269 -0.0279 0.9981 0.0484
5234.0000 -128.6550 426.1612 21.9731 0.0266 -0.0279 0.9981 0.0484
5235.0000 -128.3289 426.1286 21.9619 0.0264 -0.0279 0.9981 0.0483
5236.0000 -128.0053 426.0988 21.9439 0.0264 -0.0279 0.9981 0.0483
5237.0000 -127.7148 426.0718 21.9399 0.0266 -0.0279 0.9981 0.0484
5238.0000 -127.4347 426.0339 21.9320 0.0268 -0.0279 0.9981 0.0484
5239.0000 -127.1747 426.0110 21.9213 0.0265 -0.0282 0.9981 0.0483
5240.0000 -126.9385 425.9868 21.9203 0.0262 -0.0282 0.9981 0.0482
5241.0000 -126.7010 425.9639 21.9065 0.0260 -0.0283 0.9981 0.0483
5242.0000 -126.4839 425.9379 21.9086 0.0260 -0.0284 0.9981 0.0483
5243.0000 -126.2851 425.9343 21.9030 0.0261 -0.0284 0.9981 0.0483
5244.0000 -126.1059 425.9101 21.9020 0.0259 -0.0283 0.9981 0.0481
5245.0000 -125.9487 425.8860 21.8902 0.0257 -0.0283 0.9981 0.0480
5246.0000 -125.7789 425.8742 21.8901 0.0253 -0.0284 0.9981 0.0480
5247.0000 -125.6298 425.8570 21.8848 0.0249 -0.0286 0.9981 0.0481
5248.0000 -125.4734 425.8372 21.8851 0.0246 -0.0286 0.9981 0.0480
5249.0000 -125.3426 425.8278 21.8814 0.0245 -0.0287 0.9981 0.0480
5250.0000 -125.1941 425.8155 21.8741 0.0244 -0.0288 0.9981 0.0479
5251.0000 -125.0445 425.8014 21.8714 0.0243 -0.0289 0.9981 0.0481
5252.0000 -124.8996 425.7976 21.8723 0.0243 -0.0288 0.9981 0.0480
5253.0000 -124.7788 425.7794 21.8647 0.0240 -0.0287 0.9982 0.0479
5254.0000 -124.6216 425.7659 21.8580 0.0239 -0.0287 0.9982 0.0478
5255.0000 -124.4731 425.7428 21.8577 0.0239 -0.0288 0.9982 0.0479
5256.0000 -124.3449 425.7343 21.8558 0.0240 -0.0289 0.9981 0.0478
5257.0000 -124.1983 425.7169 21.8551 0.0241 -0.0288 0.9981 0.0478
5258.0000 -124.0680 425.7083 21.8420 0.0241 -0.0288 0.9982 0.0477
5259.0000 -123.9321 425.6991 21.8361 0.0241 -0.0288 0.9982 0.0476
5260.0000 -123.7932 425.6749 21.8334 0.0241 -0.0288 0.9982 0.0477
5261.0000 -123.6492 425.6558 21.8311 0.0242 -0.0291 0.9981 0.0477
5262.0000 -123.5128 425.6412 21.8334 0.0243 -0.0295 0.9981 0.0476
5263.0000 -123.3640 425.6355 21.8306 0.0241 -0.0293 0.9981 0.0475
5264.0000 -123.2242 425.6182 21.8226 0.0240 -0.0291 0.9982 0.0476
5265.0000 -123.0823 425.6225 21.8134 0.0240 -0.0288 0.9982 0.0476
5266.0000 -122.9353 425.6050 21.8055 0.0238 -0.0287 0.9982 0.0477
5267.0000 -122.8032 425.5782 21.8056 0.0238 -0.0289 0.9982 0.0476
5268.0000 -122.6417 425.5740 21.8109 0.0238 -0.0289 0.9982 0.0475
5269.0000 -122.5015 425.5498 21.7977 0.0233 -0.0288 0.9982 0.0476
5270.0000 -122.3406 425.5304 21.7985 0.0230 -0.0285 0.9982 0.0473
5271.0000 -122.1923 425.5288 21.7864 0.0226 -0.0284 0.9982 0.0474
5272.0000 -122.0165 425.5057 21.7879 0.0224 -0.0280 0.9982 0.0472
5273.0000 -121.8436 425.4983 21.7750 0.0224 -0.0279 0.9982 0.0472
5274.0000 -121.6655 425.4652 21.7756 0.0227 -0.0279 0.9982 0.0472
5275.0000 -121.4685 425.4476 21.7702 0.0227 -0.0279 0.9982 0.0471
5276.0000 -121.2855 425.4386 21.7656 0.0227 -0.0280 0.9982 0.0471
5277.0000 -121.0818 425.4201 21.7654 0.0224 -0.0278 0.9983 0.0470
5278.0000 -120.8709 425.3940 21.7541 0.0218 -0.0275 0.9983 0.0471
5279.0000 -120.6581 425.3617 21.7488 0.0216 -0.0272 0.9983 0.0471
5280.0000 -120.4288 425.3515 21.7442 0.0216 -0.0270 0.9983 0.0470
5281.0000 -120.1926 425.3195 21.7392 0.0219 -0.0267 0.9983 0.0468
5282.0000 -119.9550 425.2863 21.7380 0.0221 -0.0263 0.9983 0.0468
5283.0000 -119.7105 425.2881 21.7290 0.0221 -0.0260 0.9983 0.0466
5284.0000 -119.4530 425.2710 21.7199 0.0220 -0.0256 0.9983 0.0466
5285.0000 -119.2032 425.2519 21.7096 0.0219 -0.0252 0.9984 0.0466
5286.0000 -118.9190 425.2230 21.7027 0.0219 -0.0250 0.9984 0.0463
5287.0000 -118.6471 425.1913 21.6930 0.0219 -0.0251 0.9984 0.0464
5288.0000 -118.3633 425.1724 21.6919 0.0222 -0.0247 0.9984 0.0465
5289.0000 -118.0917 425.1581 21.6867 0.0227 -0.0245 0.9984 0.0464
5290.0000 -117.8077 425.1178 21.6758 0.0230 -0.0241 0.9984 0.0461
5291.0000 -117.5003 425.0835 21.6582 0.0231 -0.0237 0.9984 0.0460
5292.0000 -117.2163 425.0603 21.6562 0.0231 -0.0233 0.9984 0.0460
5293.0000 -116.9377 425.0329 21.6520 0.0231 -0.0228 0.9984 0.0462
5294.0000 -116.6439 425.0091 21.6395 0.0230 -0.0226 0.9984 0.0462
5295.0000 -116.3229 424.9820 21.6330 0.0231 -0.0223 0.9984 0.0459
5296.0000 -116.0318 424.9545 21.6227 0.0233 -0.0222 0.9984 0.0459
5297.0000 -115.7091 424.9272 21.6149 0.0233 -0.0221 0.9984 0.0458
5298.0000 -115.3886 424.8921 21.6090 0.0234 -0.0221 0.9984 0.0456
5299.0000 -115.0644 424.8600 21.5992 0.0235 -0.0220 0.9984 0.0456
5300.0000 -114.7462 424.8495 21.5865 0.0238 -0.0217 0.9984 0.0460
5301.0000 -114.4373 424.8016 21.5794 0.0241 -0.0213 0.9984 0.0464
5302.0000 -114.1166 424.7727 21.5792 0.0243 -0.0210 0.9984 0.0467
5303.0000 -113.8028 424.7545 21.5672 0.0240 -0.0205 0.9984 0.0472
5304.0000 -113.4903 424.6932 21.5536 0.0235 -0.0201 0.9984 0.0475
5305.0000 -113.1716 424.6663 21.5511 0.0228 -0.0201 0.9984 0.0481
5306.0000 -112.8525 424.6473 21.5427 0.0225 -0.0208 0.9984 0.0484
5307.0000 -112.5395 424.6142 21.5507 0.0224 -0.0211 0.9983 0.0489
5308.0000 -112.2186 424.5782 21.5300 0.0226 -0.0205 0.9983 0.0492
5309.0000 -111.9281 424.5459 21.5159 0.0227 -0.0206 0.9983 0.0496
5310.0000 -111.6195 424.5135 21.5074 0.0222 -0.0216 0.9983 0.0500
5311.0000 -111.3110 424.4729 21.5162 0.0220 -0.0229 0.9982 0.0507
5312.0000 -110.9728 424.4478 21.5099 0.0223 -0.0236 0.9982 0.0510
5313.0000 -110.6747 424.4124 21.5108 0.0232 -0.0231 0.9981 0.0516
5314.0000 -110.3687 424.3680 21.4936 0.0233 -0.0219 0.9981 0.0519
5315.0000 -110.0773 424.3337 21.4740 0.0232 -0.0217 0.9981 0.0522
5316.0000 -109.7695 424.3047 21.4706 0.0235 -0.0225 0.9981 0.0526
5317.0000 -109.4558 424.2712 21.4657 0.0234 -0.0242 0.9980 0.0532
5318.0000 -109.1574 424.2319 21.4570 0.0236 -0.0253 0.9980 0.0536
5319.0000 -108.8613 424.2050 21.4392 0.0247 -0.0266 0.9979 0.0536
5320.0000 -108.5596 424.1814 21.4588 0.0254 -0.0266 0.9978 0.0543
5321.0000 -108.2645 424.1401 21.4667 0.0231 -0.0257 0.9979 0.0545
5322.0000 -107.9656 424.1139 21.4452 0.0193 -0.0250 0.9980 0.0542
5323.0000 -107.6958 424.0708 21.4292 0.0168 -0.0246 0.9981 0.0544
5324.0000 -107.3827 424.0399 21.4153 0.0163 -0.0249 0.9981 0.0545
5325.0000 -107.0939 423.9872 21.4176 0.0178 -0.0251 0.9980 0.0544
5326.0000 -106.8029 423.9727 21.4023 0.0199 -0.0259 0.9980 0.0542
5327.0000 -106.4934 423.9374 21.3880 0.0233 -0.0264 0.9979 0.0540
5328.0000 -106.1993 423.9048 21.3713 0.0271 -0.0261 0.9978 0.0541
5329.0000 -105.8784 423.8873 21.3521 0.0286 -0.0256 0.9978 0.0541
5330.0000 -105.5901 423.8657 21.3417 0.0297 -0.0249 0.9978 0.0539
5331.0000 -105.2826 423.8048 21.3461 0.0308 -0.0246 0.9978 0.0538
5332.0000 -104.9815 423.7601 21.3522 0.0320 -0.0248 0.9977 0.0538
5333.0000 -104.6836 423.7450 21.3618 0.0327 -0.0249 0.9977 0.0538
5334.0000 -104.3985 423.7271 21.3534 0.0319 -0.0244 0.9977 0.0537
5335.0000 -104.0905 423.6969 21.3311 0.0295 -0.0233 0.9978 0.0537
5336.0000 -103.7769 423.6568 21.3040 0.0254 -0.0225 0.9980 0.0541
5337.0000 -103.4878 423.6300 21.2830 0.0202 -0.0217 0.9981 0.0540
5338.0000 -103.2034 423.5880 21.2640 0.0181 -0.0214 0.9982 0.0537
5339.0000 -102.8856 423.5570 21.2692 0.0190 -0.0214 0.9981 0.0538
5340.0000 -102.5616 423.5195 21.2768 0.0214 -0.0210 0.9981 0.0539
5341.0000 -102.2507 423.4800 21.2719 0.0228 -0.0201 0.9981 0.0539
5342.0000 -101.9355 423.4466 21.2632 0.0229 -0.0189 0.9981 0.0539
5343.0000 -101.6087 423.4222 21.2479 0.0218 -0.0183 0.9982 0.0537
5344.0000 -101.2965 423.3908 21.2339 0.0207 -0.0178 0.9982 0.0536
5345.0000 -100.9508 423.3562 21.2258 0.0203 -0.0173 0.9982 0.0536
5346.0000 -100.6314 423.3163 21.2190 0.0205 -0.0172 0.9982 0.0535
5347.0000 -100.2929 423.2848 21.2157 0.0212 -0.0165 0.9982 0.0534
5348.0000 -99.9549 423.2523 21.2093 0.0219 -0.0160 0.9982 0.0536
5349.0000 -99.6170 423.2244 21.2013 0.0221 -0.0158 0.9982 0.0535
5350.0000 -99.2828 423.1973 21.1891 0.0221 -0.0155 0.9982 0.0536
5351.0000 -98.9429 423.1678 21.1794 0.0220 -0.0153 0.9982 0.0535
5352.0000 -98.5790 423.1200 21.1746 0.0222 -0.0150 0.9982 0.0534
5353.0000 -98.2297 423.0733 21.1649 0.0225 -0.0146 0.9982 0.0533
5354.0000 -97.8738 423.0507 21.1542 0.0228 -0.0146 0.9982 0.0533
5355.0000 -97.5191 423.0172 21.1493 0.0231 -0.0145 0.9982 0.0532
5356.0000 -97.1578 422.9686 21.1408 0.0232 -0.0144 0.9982 0.0534
5357.0000 -96.7860 422.9414 21.1320 0.0229 -0.0142 0.9982 0.0534
5358.0000 -96.4302 422.8768 21.1188 0.0224 -0.0144 0.9982 0.0533
5359.0000 -96.0654 422.8415 21.1142 0.0220 -0.0148 0.9982 0.0534
5360.0000 -95.6784 422.8040 21.1016 0.0217 -0.0157 0.9982 0.0534
5361.0000 -95.3047 422.7693 21.1015 0.0218 -0.0163 0.9982 0.0533
5362.0000 -94.9218 422.7258 21.0870 0.0217 -0.0168 0.9982 0.0536
5363.0000 -94.5308 422.6730 21.0712 0.0218 -0.0176 0.9982 0.0536
5364.0000 -94.1355 422.6334 21.0694 0.0218 -0.0181 0.9982 0.0537
5365.0000 -93.7239 422.5857 21.0523 0.0218 -0.0189 0.9981 0.0537
5366.0000 -93.3375 422.5454 21.0464 0.0221 -0.0195 0.9981 0.0537
5367.0000 -92.9302 422.4898 21.0375 0.0224 -0.0202 0.9981 0.0539
5368.0000 -92.5089 422.4603 21.0287 0.0227 -0.0209 0.9981 0.0541
5369.0000 -92.1153 422.3909 21.0124 0.0229 -0.0214 0.9981 0.0539
5370.0000 -91.6957 422.3610 21.0039 0.0229 -0.0222 0.9980 0.0539
5371.0000 -91.2794 422.3069 20.9972 0.0229 -0.0233 0.9980 0.0538
5372.0000 -90.8584 422.2547 20.9922 0.0229 -0.0240 0.9980 0.0541
5373.0000 -90.4206 422.1979 20.9747 0.0231 -0.0242 0.9980 0.0541
5374.0000 -89.9790 422.1548 20.9615 0.0233 -0.0241 0.9980 0.0540
5375.0000 -89.5576 422.1079 20.9504 0.0235 -0.0240 0.9980 0.0539
5376.0000 -89.1248 422.0528 20.9341 0.0231 -0.0241 0.9980 0.0538
5377.0000 -88.6590 422.0077 20.9256 0.0227 -0.0245 0.9980 0.0539
5378.0000 -88.2182 421.9483 20.9142 0.0222 -0.0249 0.9980 0.0538
5379.0000 -87.7517 421.8935 20.9024 0.0221 -0.0250 0.9980 0.0538
5380.0000 -87.2614 421.8607 20.8915 0.0222 -0.0249 0.9980 0.0541
5381.0000 -86.7912 421.8169 20.8786 0.0223 -0.0244 0.9980 0.0541
5382.0000 -86.3187 421.7610 20.8635 0.0222 -0.0240 0.9980 0.0540
5383.0000 -85.8264 421.7181 20.8486 0.0221 -0.0244 0.9980 0.0538
5384.0000 -85.3298 421.6405 20.8438 0.0218 -0.0244 0.9980 0.0540
5385.0000 -84.8401 421.5728 20.8115 0.0205 -0.0243 0.9980 0.0541
5386.0000 -84.3597 421.5175 20.8054 0.0187 -0.0259 0.9980 0.0541
5387.0000 -83.8466 421.4789 20.8178 0.0176 -0.0272 0.9980 0.0542
5388.0000 -83.3390 421.4226 20.8091 0.0180 -0.0278 0.9980 0.0546
5389.0000 -82.8064 421.3755 20.8043 0.0188 -0.0267 0.9980 0.0546
5390.0000 -82.2829 421.3195 20.7666 0.0195 -0.0251 0.9980 0.0547
5391.0000 -81.7250 421.2464 20.7332 0.0202 -0.0244 0.9980 0.0541
5392.0000 -81.2175 421.2090 20.7333 0.0222 -0.0249 0.9980 0.0541
5393.0000 -80.6602 421.1410 20.7450 0.0220 -0.0248 0.9980 0.0541
5394.0000 -80.0967 421.0901 20.7378 0.0208 -0.0238 0.9980 0.0541
5395.0000 -79.5518 421.0205 20.7043 0.0197 -0.0221 0.9981 0.0538
5396.0000 -78.9887 420.9584 20.6731 0.0189 -0.0211 0.9981 0.0539
5397.0000 -78.4266 420.8990 20.6631 0.0194 -0.0205 0.9981 0.0540
5398.0000 -77.8557 420.8404 20.6494 0.0207 -0.0206 0.9981 0.0540
5399.0000 -77.2841 420.7786 20.6506 0.0219 -0.0209 0.9981 0.0541
5400.0000 -76.6913 420.7212 20.6417 0.0222 -0.0204 0.9981 0.0544
5401.0000 -76.1172 420.6488 20.5939 0.0216 -0.0211 0.9981 0.0541
5402.0000 -75.5414 420.5800 20.5978 0.0211 -0.0227 0.9981 0.0542
5403.0000 -74.9466 420.5231 20.6065 0.0205 -0.0238 0.9980 0.0543
5404.0000 -74.3529 420.4657 20.6003 0.0211 -0.0234 0.9980 0.0546
5405.0000 -73.7402 420.3935 20.5544 0.0217 -0.0224 0.9980 0.0552
5406.0000 -73.1298 420.3118 20.5259 0.0222 -0.0221 0.9980 0.0556
5407.0000 -72.5316 420.2429 20.5061 0.0230 -0.0232 0.9979 0.0559
5408.0000 -71.9131 420.1548 20.5162 0.0234 -0.0238 0.9979 0.0560
5409.0000 -71.2923 420.1116 20.4963 0.0230 -0.0243 0.9978 0.0564
5410.0000 -70.6792 420.0355 20.4822 0.0225 -0.0240 0.9979 0.0566
5411.0000 -70.0402 419.9668 20.4520 0.0222 -0.0237 0.9979 0.0566
5412.0000 -69.4038 419.8770 20.4338 0.0225 -0.0236 0.9979 0.0565
5413.0000 -68.7752 419.8158 20.4228 0.0229 -0.0234 0.9979 0.0564
5414.0000 -68.1203 419.7440 20.3983 0.0230 -0.0232 0.9979 0.0563
5415.0000 -67.4945 419.6867 20.3827 0.0232 -0.0233 0.9979 0.0561
5416.0000 -66.8413 419.6098 20.3697 0.0227 -0.0232 0.9979 0.0560
5417.0000 -66.1982 419.5378 20.3534 0.0219 -0.0228 0.9980 0.0556
5418.0000 -65.5588 419.4723 20.3291 0.0210 -0.0227 0.9980 0.0557
5419.0000 -64.8917 419.3807 20.3165 0.0205 -0.0225 0.9980 0.0554
5420.0000 -64.2429 419.3192 20.3059 0.0206 -0.0224 0.9980 0.0554
5421.0000 -63.5751 419.2406 20.2896 0.0207 -0.0223 0.9980 0.0551
5422.0000 -62.9241 419.1725 20.2720 0.0211 -0.0223 0.9980 0.0552
5423.0000 -62.2818 419.0759 20.2539 0.0175 -0.0231 0.9981 0.0551
5424.0000 -61.6336 419.0109 20.2821 0.0087 -0.0241 0.9982 0.0551
5425.0000 -60.9781 418.9588 20.2823 0.0012 -0.0259 0.9982 0.0550
5426.0000 -60.3138 418.8719 20.2876 0.0001 -0.0272 0.9981 0.0549
5427.0000 -59.6065 418.8028 20.2686 0.0074 -0.0278 0.9981 0.0548
5428.0000 -58.9115 418.7230 20.2504 0.0225 -0.0286 0.9978 0.0548
5429.0000 -58.2202 418.6180 20.2270 0.0369 -0.0295 0.9974 0.0538
5430.0000 -57.5479 418.5334 20.1602 0.0446 -0.0321 0.9971 0.0533
5431.0000 -56.8707 418.4623 20.1773 0.0438 -0.0337 0.9971 0.0529
5432.0000 -56.1798 418.3735 20.1322 0.0356 -0.0338 0.9974 0.0529
5433.0000 -55.4928 418.3257 20.1107 0.0245 -0.0321 0.9978 0.0531
5434.0000 -54.7937 418.2525 20.0360 0.0143 -0.0315 0.9980 0.0531
5435.0000 -54.0567 418.1619 20.0526 0.0110 -0.0307 0.9981 0.0530
5436.0000 -53.3550 418.1104 20.0386 0.0149 -0.0298 0.9980 0.0529
5437.0000 -52.5982 418.0251 20.0337 0.0191 -0.0289 0.9980 0.0527
5438.0000 -51.8670 417.9452 20.0041 0.0219 -0.0283 0.9980 0.0520
5439.0000 -51.1374 417.8558 20.0086 0.0222 -0.0291 0.9980 0.0516
5440.0000 -50.3934 417.7720 20.0122 0.0199 -0.0283 0.9981 0.0519
5441.0000 -49.6571 417.7066 19.9714 0.0172 -0.0265 0.9981 0.0522
5442.0000 -48.8942 417.6206 19.9374 0.0162 -0.0246 0.9982 0.0522
5443.0000 -48.1468 417.5351 19.9106 0.0171 -0.0239 0.9982 0.0520
5444.0000 -47.3706 417.4747 19.9127 0.0188 -0.0243 0.9982 0.0519
5445.0000 -46.5739 417.3832 19.9113 0.0199 -0.0250 0.9981 0.0519
5446.0000 -45.7905 417.3084 19.8980 0.0199 -0.0249 0.9981 0.0519
5447.0000 -45.0105 417.2258 19.8815 0.0190 -0.0247 0.9982 0.0519
5448.0000 -44.2197 417.1421 19.8605 0.0182 -0.0244 0.9982 0.0519
5449.0000 -43.4267 417.0588 19.8333 0.0183 -0.0241 0.9982 0.0516
5450.0000 -42.6220 416.9718 19.8200 0.0190 -0.0242 0.9982 0.0517
5451.0000 -41.7925 416.8991 19.7983 0.0197 -0.0245 0.9982 0.0516
5452.0000 -40.9811 416.7992 19.7833 0.0192 -0.0247 0.9982 0.0516
5453.0000 -40.1592 416.7093 19.7624 0.0179 -0.0248 0.9982 0.0516
5454.0000 -39.3168 416.6280 19.7591 0.0167 -0.0248 0.9982 0.0517
5455.0000 -38.4860 416.5311 19.7539 0.0163 -0.0244 0.9982 0.0516
5456.0000 -37.6491 416.4349 19.7405 0.0166 -0.0235 0.9983 0.0511
5457.0000 -36.7594 416.3841 19.7203 0.0178 -0.0220 0.9983 0.0515
5458.0000 -35.9088 416.2825 19.6991 0.0190 -0.0218 0.9983 0.0512
5459.0000 -35.0478 416.2031 19.6888 0.0199 -0.0214 0.9983 0.0510
5460.0000 -34.1677 416.1207 19.6635 0.0203 -0.0219 0.9983 0.0508
5461.0000 -33.2969 416.0186 19.6425 0.0198 -0.0218 0.9983 0.0504
5462.0000 -32.4050 415.9412 19.6346 0.0189 -0.0222 0.9983 0.0502
5463.0000 -31.5246 415.8380 19.6201 0.0184 -0.0225 0.9983 0.0499
5464.0000 -30.6688 415.7418 19.6062 0.0184 -0.0231 0.9984 0.0491
5465.0000 -29.7367 415.6460 19.5846 0.0191 -0.0237 0.9983 0.0488
5466.0000 -28.8351 415.5681 19.5663 0.0196 -0.0237 0.9983 0.0485
5467.0000 -27.9293 415.4777 19.5513 0.0196 -0.0243 0.9984 0.0481
5468.0000 -27.0257 415.3837 19.5330 0.0194 -0.0246 0.9984 0.0473
5469.0000 -26.0836 415.2954 19.5166 0.0189 -0.0252 0.9984 0.0474
5470.0000 -25.1561 415.2075 19.4974 0.0183 -0.0246 0.9984 0.0474
5471.0000 -24.2134 415.1367 19.4823 0.0176 -0.0242 0.9985 0.0468
5472.0000 -23.2992 415.0466 19.4640 0.0174 -0.0239 0.9985 0.0461
5473.0000 -22.3559 414.9509 19.4509 0.0179 -0.0237 0.9985 0.0459
5474.0000 -21.4085 414.8531 19.4317 0.0184 -0.0236 0.9985 0.0451
5475.0000 -20.4683 414.7788 19.4173 0.0186 -0.0235 0.9985 0.0451
5476.0000 -19.5146 414.7061 19.4074 0.0184 -0.0240 0.9985 0.0447
5477.0000 -18.5706 414.6111 19.3931 0.0185 -0.0241 0.9986 0.0442
5478.0000 -17.6181 414.5199 19.3753 0.0191 -0.0241 0.9986 0.0438
5479.0000 -16.6513 414.4388 19.3554 0.0202 -0.0242 0.9985 0.0438
5480.0000 -15.6927 414.3569 19.3338 0.0209 -0.0237 0.9986 0.0433
5481.0000 -14.7515 414.2705 19.3135 0.0209 -0.0230 0.9986 0.0425
5482.0000 -13.7970 414.1897 19.2973 0.0203 -0.0224 0.9986 0.0423
5483.0000 -12.8425 414.1133 19.2820 0.0196 -0.0224 0.9987 0.0424
5484.0000 -11.8384 414.0407 19.2603 0.0195 -0.0211 0.9987 0.0430
5485.0000 -10.8713 413.9469 19.2270 0.0198 -0.0205 0.9987 0.0433
5486.0000 -9.8974 413.8618 19.2243 0.0209 -0.0211 0.9986 0.0436
5487.0000 -8.9307 413.7727 19.2117 0.0212 -0.0213 0.9986 0.0441
5488.0000 -7.9568 413.6804 19.1860 0.0212 -0.0209 0.9986 0.0446
5489.0000 -6.9946 413.5931 19.1674 0.0211 -0.0209 0.9985 0.0452
5490.0000 -6.0171 413.5170 19.1503 0.0206 -0.0218 0.9985 0.0459
5491.0000 -5.0682 413.3992 19.1370 0.0203 -0.0225 0.9985 0.0462
5492.0000 -4.1001 413.2964 19.1132 0.0204 -0.0231 0.9984 0.0468
5493.0000 -3.1373 413.2214 19.0866 0.0204 -0.0246 0.9983 0.0477
5494.0000 -2.1614 413.1216 19.0748 0.0214 -0.0254 0.9983 0.0486
5495.0000 -1.2200 413.0193 19.0599 0.0211 -0.0256 0.9983 0.0490
5496.0000 -0.2582 412.9270 19.0405 0.0202 -0.0257 0.9982 0.0496
5497.0000 0.6817 412.8289 19.0283 0.0185 -0.0260 0.9982 0.0499
5498.0000 1.6441 412.7320 19.0124 0.0181 -0.0260 0.9982 0.0505
5499.0000 2.5911 412.6283 19.0012 0.0185 -0.0255 0.9982 0.0506
5500.0000 3.5411 412.5316 18.9814 0.0191 -0.0246 0.9982 0.0509
5501.0000 4.4766 412.4245 18.9678 0.0198 -0.0239 0.9982 0.0508
5502.0000 5.4360 412.3364 18.9479 0.0197 -0.0235 0.9982 0.0512
5503.0000 6.3846 412.2410 18.9434 0.0195 -0.0235 0.9982 0.0516
5504.0000 7.3184 412.1491 18.9210 0.0182 -0.0233 0.9982 0.0518
5505.0000 8.2705 412.0434 18.9091 0.0177 -0.0231 0.9982 0.0522
5506.0000 9.2050 411.9511 18.8913 0.0179 -0.0232 0.9982 0.0524
5507.0000 10.1485 411.8444 18.8786 0.0187 -0.0235 0.9982 0.0524
5508.0000 11.0980 411.7437 18.8556 0.0192 -0.0235 0.9981 0.0528
5509.0000 12.0284 411.6446 18.8457 0.0198 -0.0238 0.9981 0.0530
5510.0000 12.9699 411.5418 18.8316 0.0206 -0.0207 0.9982 0.0531
5511.0000 13.9026 411.4446 18.7871 0.0224 -0.0211 0.9981 0.0533
5512.0000 14.8488 411.3385 18.7829 0.0228 -0.0228 0.9980 0.0536
5513.0000 15.7605 411.2616 18.7787 0.0221 -0.0184 0.9982 0.0533
5514.0000 16.6865 411.1382 18.7190 0.0168 -0.0217 0.9982 0.0529
5515.0000 17.6267 411.0438 18.7612 0.0157 -0.0243 0.9982 0.0525
5516.0000 18.5288 410.9504 18.7414 0.0147 -0.0264 0.9981 0.0529
5517.0000 19.4856 410.8377 18.7343 0.0175 -0.0270 0.9981 0.0530
5518.0000 20.3991 410.7520 18.7097 0.0199 -0.0276 0.9980 0.0528
5519.0000 21.3173 410.6407 18.6897 0.0211 -0.0282 0.9980 0.0525
5520.0000 22.2496 410.5436 18.6853 0.0207 -0.0275 0.9980 0.0528
5521.0000 23.1663 410.4496 18.6655 0.0200 -0.0260 0.9981 0.0527
5522.0000 24.0787 410.3524 18.6414 0.0200 -0.0241 0.9981 0.0526
5523.0000 24.9992 410.2682 18.6267 0.0209 -0.0233 0.9981 0.0526
5524.0000 25.9048 410.1638 18.6046 0.0214 -0.0228 0.9981 0.0525
5525.0000 26.8145 410.0723 18.5927 0.0215 -0.0223 0.9981 0.0527
5526.0000 27.7029 409.9666 18.5739 0.0210 -0.0221 0.9982 0.0525
5527.0000 28.6097 409.8868 18.5649 0.0200 -0.0220 0.9982 0.0526
5528.0000 29.5119 409.7823 18.5555 0.0193 -0.0220 0.9982 0.0526
5529.0000 30.4156 409.7048 18.5426 0.0187 -0.0217 0.9982 0.0528
5530.0000 31.2853 409.5997 18.5364 0.0190 -0.0218 0.9982 0.0525
5531.0000 32.1747 409.5119 18.5211 0.0197 -0.0214 0.9982 0.0527
5532.0000 33.0300 409.4023 18.5057 0.0206 -0.0212 0.9982 0.0525
5533.0000 33.8786 409.3158 18.4897 0.0217 -0.0214 0.9982 0.0524
5534.0000 34.7301 409.2173 18.4760 0.0223 -0.0222 0.9981 0.0525
5535.0000 35.5399 409.1289 18.4655 0.0226 -0.0226 0.9981 0.0524
5536.0000 36.3602 409.0481 18.4545 0.0220 -0.0237 0.9981 0.0528
5537.0000 37.1697 408.9677 18.4454 0.0211 -0.0243 0.9981 0.0528
5538.0000 37.9634 408.8756 18.4299 0.0203 -0.0251 0.9981 0.0529
5539.0000 38.7680 408.7799 18.4172 0.0201 -0.0259 0.9981 0.0529
5540.0000 39.5504 408.7014 18.4091 0.0204 -0.0261 0.9981 0.0529
5541.0000 40.3368 408.6115 18.3949 0.0204 -0.0260 0.9981 0.0529
5542.0000 41.1308 408.5364 18.3810 0.0203 -0.0258 0.9981 0.0530
5543.0000 41.9016 408.4463 18.3670 0.0200 -0.0254 0.9981 0.0531
5544.0000 42.6705 408.3845 18.3616 0.0195 -0.0256 0.9981 0.0532
5545.0000 43.4339 408.3016 18.3475 0.0191 -0.0253 0.9981 0.0531
5546.0000 44.1758 408.2095 18.3361 0.0191 -0.0245 0.9981 0.0530
5547.0000 44.9464 408.1393 18.3284 0.0188 -0.0245 0.9981 0.0533
5548.0000 45.6697 408.0562 18.3169 0.0189 -0.0240 0.9981 0.0530
5549.0000 46.4184 407.9794 18.3118 0.0180 -0.0237 0.9981 0.0534
5550.0000 47.1624 407.8946 18.2937 0.0180 -0.0225 0.9982 0.0534
5551.0000 47.8850 407.8247 18.2849 0.0183 -0.0216 0.9982 0.0532
5552.0000 48.6010 407.7448 18.2765 0.0185 -0.0209 0.9982 0.0533
5553.0000 49.3129 407.6655 18.2795 0.0188 -0.0207 0.9982 0.0531
5554.0000 50.0166 407.6002 18.2773 0.0190 -0.0210 0.9982 0.0531
5555.0000 50.7096 407.5186 18.2686 0.0189 -0.0202 0.9982 0.0530
5556.0000 51.4182 407.4346 18.2590 0.0190 -0.0191 0.9982 0.0531
5557.0000 52.1017 407.3677 18.2484 0.0198 -0.0182 0.9982 0.0532
5558.0000 52.7758 407.3030 18.2361 0.0206 -0.0177 0.9982 0.0531
5559.0000 53.4541 407.2318 18.2210 0.0216 -0.0180 0.9982 0.0529
5560.0000 54.1244 407.1577 18.2100 0.0228 -0.0167 0.9982 0.0530
5561.0000 54.7711 407.0893 18.1840 0.0239 -0.0174 0.9982 0.0529
5562.0000 55.4295 407.0094 18.1726 0.0229 -0.0200 0.9981 0.0532
5563.0000 56.0643 406.9366 18.1830 0.0214 -0.0220 0.9981 0.0530
5564.0000 56.7079 406.8821 18.1868 0.0205 -0.0212 0.9981 0.0533
5565.0000 57.3528 406.7997 18.1652 0.0201 -0.0185 0.9982 0.0534
5566.0000 58.0028 406.7362 18.1173 0.0197 -0.0189 0.9982 0.0531
5567.0000 58.6331 406.6602 18.1242 0.0199 -0.0213 0.9982 0.0528
5568.0000 59.2649 406.5808 18.1302 0.0198 -0.0228 0.9981 0.0529
5569.0000 59.8853 406.5281 18.1320 0.0140 -0.0201 0.9983 0.0533
5570.0000 60.4998 406.4581 18.1372 0.0050 -0.0185 0.9984 0.0534
5571.0000 61.1436 406.3970 18.1506 0.0003 -0.0198 0.9984 0.0532
5572.0000 61.7508 406.3148 18.1570 -0.0000 -0.0221 0.9983 0.0531
5573.0000 62.3946 406.2495 18.1676 0.0079 -0.0248 0.9982 0.0532
5574.0000 63.0628 406.1996 18.1434 0.0215 -0.0242 0.9981 0.0531
5575.0000 63.6999 406.1328 18.1004 0.0301 -0.0213 0.9979 0.0533
5576.0000 64.3413 406.0467 18.0720 0.0302 -0.0207 0.9979 0.0531
5577.0000 64.9541 405.9659 18.0667 0.0235 -0.0226 0.9981 0.0531
5578.0000 65.5698 405.9029 18.0817 0.0150 -0.0255 0.9981 0.0532
5579.0000 66.2109 405.8140 18.0856 0.0109 -0.0277 0.9981 0.0534
5580.0000 66.8664 405.7495 18.0733 0.0120 -0.0275 0.9981 0.0534
5581.0000 67.5323 405.6914 18.0436 0.0159 -0.0271 0.9981 0.0538
5582.0000 68.1801 405.6043 18.0261 0.0185 -0.0275 0.9980 0.0537
5583.0000 68.8319 405.5435 18.0264 0.0187 -0.0283 0.9980 0.0538
5584.0000 69.4887 405.4701 18.0272 0.0172 -0.0292 0.9980 0.0540
5585.0000 70.1421 405.4047 18.0256 0.0148 -0.0291 0.9980 0.0541
5586.0000 70.8215 405.3173 18.0155 0.0136 -0.0283 0.9981 0.0539
5587.0000 71.4840 405.2540 18.0044 0.0135 -0.0274 0.9981 0.0540
5588.0000 72.1863 405.1743 17.9968 0.0139 -0.0264 0.9981 0.0539
5589.0000 72.8522 405.1064 17.9794 0.0144 -0.0260 0.9981 0.0541
5590.0000 73.5375 405.0355 17.9777 0.0156 -0.0260 0.9981 0.0539
5591.0000 74.2302 404.9572 17.9650 0.0163 -0.0262 0.9981 0.0542
5592.0000 74.9347 404.8793 17.9577 0.0174 -0.0265 0.9980 0.0540
5593.0000 75.6118 404.7923 17.9435 0.0178 -0.0267 0.9980 0.0542
5594.0000 76.3134 404.7078 17.9248 0.0182 -0.0272 0.9980 0.0542
5595.0000 77.0028 404.6398 17.9203 0.0203 -0.0291 0.9979 0.0545
5596.0000 77.6955 404.5388 17.9050 0.0229 -0.0309 0.9978 0.0545
5597.0000 78.3842 404.4723 17.9078 0.0250 -0.0316 0.9977 0.0551
5598.0000 79.0800 404.4006 17.8949 0.0211 -0.0293 0.9978 0.0554
5599.0000 79.7460 404.3440 17.8719 0.0132 -0.0277 0.9980 0.0557
5600.0000 80.4297 404.2495 17.8648 0.0077 -0.0276 0.9980 0.0559
5601.0000 81.1026 404.1402 17.8685 0.0069 -0.0290 0.9980 0.0562
5602.0000 81.8048 404.0783 17.8707 0.0136 -0.0295 0.9979 0.0569
5603.0000 82.5054 403.9914 17.8541 0.0208 -0.0297 0.9977 0.0574
5604.0000 83.1856 403.9296 17.8461 0.0226 -0.0293 0.9976 0.0584
5605.0000 83.8584 403.8387 17.8503 0.0189 -0.0295 0.9976 0.0591
5606.0000 84.5344 403.7391 17.8429 0.0141 -0.0297 0.9977 0.0599
5607.0000 85.2068 403.6519 17.8199 0.0117 -0.0299 0.9976 0.0609
5608.0000 85.9230 403.5687 17.8112 0.0130 -0.0290 0.9976 0.0616
5609.0000 86.5769 403.4756 17.8185 0.0121 -0.0293 0.9975 0.0630
5610.0000 87.2564 403.3871 17.8435 0.0067 -0.0297 0.9975 0.0639
5611.0000 87.9333 403.2938 17.8367 0.0024 -0.0298 0.9974 0.0649
5612.0000 88.6293 403.2120 17.8157 0.0031 -0.0287 0.9974 0.0660
5613.0000 89.3510 403.0891 17.7567 0.0142 -0.0292 0.9973 0.0665
5614.0000 90.0573 402.9883 17.7642 0.0297 -0.0315 0.9968 0.0673
5615.0000 90.7545 402.9074 17.7825 0.0365 -0.0318 0.9965 0.0686
5616.0000 91.4282 402.8033 17.7889 0.0305 -0.0300 0.9966 0.0698
5617.0000 92.0936 402.7101 17.7691 0.0162 -0.0293 0.9969 0.0711
5618.0000 92.7842 402.5889 17.7308 0.0052 -0.0292 0.9970 0.0718
5619.0000 93.4723 402.4897 17.6984 0.0034 -0.0297 0.9969 0.0733
5620.0000 94.1903 402.3841 17.7079 0.0100 -0.0296 0.9967 0.0743
5621.0000 94.9109 402.2629 17.7389 0.0167 -0.0288 0.9966 0.0755
5622.0000 95.6241 402.1392 17.7383 0.0190 -0.0279 0.9964 0.0771
5623.0000 96.3266 402.0202 17.7234 0.0175 -0.0278 0.9963 0.0794
5624.0000 97.0318 401.8941 17.7079 0.0153 -0.0278 0.9961 0.0822
5625.0000 97.7457 401.7709 17.6838 0.0146 -0.0281 0.9959 0.0853
5626.0000 98.4751 401.6275 17.6696 0.0150 -0.0283 0.9955 0.0893
5627.0000 99.1860 401.4779 17.6669 0.0170 -0.0289 0.9951 0.0934
5628.0000 99.9044 401.3265 17.6568 0.0179 -0.0301 0.9946 0.0980
5629.0000 100.6219 401.1434 17.6397 0.0181 -0.0319 0.9940 0.1029
5630.0000 101.3357 400.9830 17.6278 0.0176 -0.0335 0.9934 0.1080
5631.0000 102.0645 400.8236 17.6169 0.0166 -0.0336 0.9929 0.1129
5632.0000 102.7831 400.6285 17.5916 0.0159 -0.0338 0.9923 0.1178
5633.0000 103.5185 400.4343 17.5803 0.0160 -0.0356 0.9917 0.1224
5634.0000 104.2018 400.2429 17.5745 0.0163 -0.0368 0.9910 0.1273
5635.0000 104.9242 400.0310 17.5572 0.0167 -0.0365 0.9904 0.1324
5636.0000 105.6386 399.8328 17.5498 0.0172 -0.0350 0.9897 0.1376
5637.0000 106.3644 399.6000 17.5230 0.0172 -0.0341 0.9891 0.1422
5638.0000 107.0864 399.3540 17.4993 0.0175 -0.0349 0.9884 0.1470
5639.0000 107.8018 399.1230 17.4877 0.0191 -0.0351 0.9876 0.1519
5640.0000 108.5212 398.8833 17.4669 0.0186 -0.0354 0.9868 0.1572
5641.0000 109.2481 398.6388 17.4610 0.0178 -0.0327 0.9861 0.1619
5642.0000 109.9613 398.3708 17.4382 0.0165 -0.0313 0.9853 0.1668
5643.0000 110.6438 398.1048 17.4213 0.0158 -0.0321 0.9844 0.1720
5644.0000 111.3732 397.8367 17.4004 0.0159 -0.0341 0.9835 0.1768
5645.0000 112.0872 397.5539 17.3997 0.0175 -0.0333 0.9826 0.1819
5646.0000 112.8020 397.2540 17.3820 0.0182 -0.0314 0.9817 0.1869
5647.0000 113.5185 396.9548 17.3584 0.0180 -0.0305 0.9808 0.1919
5648.0000 114.2238 396.6404 17.3388 0.0173 -0.0302 0.9798 0.1969
5649.0000 114.9191 396.3355 17.3222 0.0167 -0.0296 0.9788 0.2018
5650.0000 115.6278 396.0082 17.3057 0.0163 -0.0288 0.9777 0.2072
5651.0000 116.3342 395.6752 17.2963 0.0161 -0.0271 0.9767 0.2125
5652.0000 117.0186 395.3385 17.2679 0.0154 -0.0265 0.9754 0.2181
5653.0000 117.7169 394.9828 17.2733 0.0157 -0.0250 0.9742 0.2239
5654.0000 118.4194 394.6299 17.2439 0.0156 -0.0242 0.9729 0.2295
5655.0000 119.1102 394.2727 17.2369 0.0159 -0.0230 0.9716 0.2349
5656.0000 119.7922 393.8923 17.2135 0.0159 -0.0218 0.9703 0.2404
5657.0000 120.4880 393.5009 17.2036 0.0163 -0.0206 0.9689 0.2460
5658.0000 121.1627 393.1150 17.1890 0.0163 -0.0198 0.9674 0.2518
5659.0000 121.8375 392.7168 17.1625 0.0163 -0.0196 0.9659 0.2577
5660.0000 122.5111 392.2956 17.1582 0.0170 -0.0187 0.9642 0.2640
5661.0000 123.1878 391.8829 17.1389 0.0173 -0.0181 0.9624 0.2704
5662.0000 123.8587 391.4493 17.1113 0.0173 -0.0190 0.9606 0.2769
5663.0000 124.5098 390.9982 17.1083 0.0176 -0.0199 0.9587 0.2830
5664.0000 125.1740 390.5519 17.0912 0.0176 -0.0203 0.9568 0.2896
5665.0000 125.8333 390.0863 17.0670 0.0177 -0.0202 0.9548 0.2962
5666.0000 126.4805 389.6052 17.0484 0.0172 -0.0215 0.9529 0.3022
5667.0000 127.1385 389.1070 17.0224 0.0168 -0.0238 0.9511 0.3074
5668.0000 127.7809 388.6133 17.0134 0.0171 -0.0250 0.9495 0.3124
5669.0000 128.4231 388.0988 16.9982 0.0178 -0.0255 0.9482 0.3163
5670.0000 129.0564 387.6091 16.9693 0.0180 -0.0250 0.9467 0.3207
5671.0000 129.7047 387.0958 16.9320 0.0178 -0.0245 0.9451 0.3254
5672.0000 130.3357 386.5738 16.9202 0.0180 -0.0244 0.9435 0.3299
5673.0000 130.9744 386.0505 16.8966 0.0178 -0.0247 0.9420 0.3343
5674.0000 131.6083 385.5128 16.8765 0.0174 -0.0249 0.9404 0.3387
5675.0000 132.2366 384.9709 16.8547 0.0174 -0.0244 0.9387 0.3434
5676.0000 132.8683 384.4084 16.8217 0.0171 -0.0245 0.9370 0.3479
5677.0000 133.4951 383.8577 16.8045 0.0173 -0.0247 0.9352 0.3528
5678.0000 134.1094 383.3005 16.7840 0.0175 -0.0250 0.9335 0.3573
5679.0000 134.7222 382.7028 16.7551 0.0174 -0.0252 0.9317 0.3618
5680.0000 135.3517 382.1188 16.7276 0.0170 -0.0258 0.9298 0.3667
5681.0000 135.9449 381.5241 16.6960 0.0169 -0.0266 0.9280 0.3712
5682.0000 136.5606 380.9265 16.6728 0.0181 -0.0272 0.9261 0.3759
5683.0000 137.1647 380.3182 16.6285 0.0189 -0.0281 0.9243 0.3801
5684.0000 137.7439 379.7017 16.6180 0.0201 -0.0293 0.9226 0.3842
5685.0000 138.3209 379.0747 16.5824 0.0204 -0.0306 0.9208 0.3884
5686.0000 138.9176 378.4679 16.5530 0.0210 -0.0333 0.9188 0.3928
5687.0000 139.4790 377.8430 16.5263 0.0223 -0.0343 0.9169 0.3969
5688.0000 140.0522 377.2009 16.4838 0.0230 -0.0331 0.9152 0.4010
5689.0000 140.6089 376.5798 16.4491 0.0223 -0.0306 0.9135 0.4050
5690.0000 141.1554 375.9548 16.4214 0.0200 -0.0272 0.9120 0.4088
5691.0000 141.7090 375.3386 16.4053 0.0184 -0.0227 0.9104 0.4128
5692.0000 142.2592 374.7195 16.3995 0.0184 -0.0150 0.9087 0.4168
5693.0000 142.8115 374.1142 16.3322 0.0191 -0.0084 0.9070 0.4205
5694.0000 143.3205 373.4747 16.3087 0.0177 -0.0091 0.9055 0.4239
5695.0000 143.8242 372.8264 16.3345 0.0173 -0.0128 0.9038 0.4273
5696.0000 144.3392 372.1731 16.3459 0.0191 -0.0141 0.9017 0.4316
5697.0000 144.8530 371.5071 16.2927 0.0225 -0.0143 0.9000 0.4351
5698.0000 145.3576 370.8539 16.2501 0.0256 -0.0164 0.8983 0.4383
5699.0000 145.8475 370.1910 16.2322 0.0267 -0.0196 0.8967 0.4414
5700.0000 146.3266 369.5308 16.2046 0.0254 -0.0215 0.8949 0.4449
5701.0000 146.8060 368.8882 16.1806 0.0246 -0.0217 0.8931 0.4486
5702.0000 147.2775 368.2250 16.1256 0.0238 -0.0218 0.8914 0.4521
5703.0000 147.7539 367.5582 16.0971 0.0238 -0.0227 0.8896 0.4556
5704.0000 148.2133 366.8834 16.0688 0.0235 -0.0232 0.8879 0.4589
5705.0000 148.6796 366.2247 16.0461 0.0229 -0.0233 0.8860 0.4624
5706.0000 149.1324 365.5412 16.0159 0.0220 -0.0226 0.8844 0.4657
5707.0000 149.5646 364.8719 15.9852 0.0214 -0.0223 0.8826 0.4690
5708.0000 150.0160 364.1845 15.9591 0.0213 -0.0224 0.8809 0.4723
5709.0000 150.4606 363.5054 15.9242 0.0217 -0.0222 0.8791 0.4757
5710.0000 150.8927 362.8421 15.8957 0.0220 -0.0220 0.8771 0.4793
5711.0000 151.3173 362.1498 15.8677 0.0217 -0.0221 0.8753 0.4826
5712.0000 151.7314 361.4491 15.8491 0.0217 -0.0222 0.8736 0.4856
5713.0000 152.1356 360.7649 15.8175 0.0216 -0.0219 0.8716 0.4892
5714.0000 152.5329 360.0756 15.7829 0.0214 -0.0213 0.8694 0.4931
5715.0000 152.9300 359.3913 15.7563 0.0212 -0.0212 0.8669 0.4975
5716.0000 153.3195 358.6850 15.7306 0.0206 -0.0215 0.8645 0.5018
5717.0000 153.7018 357.9925 15.6971 0.0201 -0.0217 0.8619 0.5063
5718.0000 154.0710 357.3040 15.6866 0.0206 -0.0224 0.8594 0.5104
5719.0000 154.4392 356.5969 15.6567 0.0207 -0.0229 0.8567 0.5148
5720.0000 154.7947 355.8870 15.6307 0.0205 -0.0236 0.8543 0.5189
5721.0000 155.1402 355.1636 15.6095 0.0201 -0.0236 0.8519 0.5227
5722.0000 155.4797 354.4571 15.5845 0.0197 -0.0233 0.8495 0.5266
5723.0000 155.8083 353.7424 15.5547 0.0195 -0.0223 0.8474 0.5302
5724.0000 156.1733 353.0361 15.5141 0.0194 -0.0214 0.8450 0.5340
5725.0000 156.4956 352.3174 15.4868 0.0200 -0.0212 0.8428 0.5375
5726.0000 156.7924 351.5672 15.4612 0.0214 -0.0220 0.8409 0.5403
5727.0000 157.1185 350.8390 15.4398 0.0229 -0.0221 0.8390 0.5432
5728.0000 157.4525 350.1050 15.4003 0.0239 -0.0215 0.8369 0.5464
5729.0000 157.7531 349.3835 15.3747 0.0244 -0.0203 0.8350 0.5494
5730.0000 158.0473 348.6380 15.3359 0.0244 -0.0196 0.8331 0.5523
5731.0000 158.3459 347.9304 15.3165 0.0248 -0.0191 0.8309 0.5556
5732.0000 158.6453 347.1768 15.2775 0.0252 -0.0183 0.8283 0.5594
5733.0000 158.9351 346.4152 15.2427 0.0252 -0.0175 0.8257 0.5633
5734.0000 159.2094 345.6747 15.2250 0.0249 -0.0170 0.8226 0.5678
5735.0000 159.4700 344.9281 15.1906 0.0241 -0.0165 0.8196 0.5722
5736.0000 159.7374 344.1799 15.1677 0.0229 -0.0163 0.8166 0.5765
5737.0000 159.9749 343.4137 15.1378 0.0213 -0.0162 0.8135 0.5809
5738.0000 160.2167 342.6639 15.1242 0.0201 -0.0162 0.8104 0.5853
5739.0000 160.4496 341.8826 15.0916 0.0198 -0.0166 0.8072 0.5897
5740.0000 160.6638 341.1093 15.0543 0.0197 -0.0177 0.8041 0.5939
5741.0000 160.8920 340.3350 15.0410 0.0198 -0.0189 0.8007 0.5984
5742.0000 161.0849 339.5594 15.0203 0.0198 -0.0197 0.7977 0.6024
5743.0000 161.2944 338.7648 14.9923 0.0193 -0.0200 0.7946 0.6065
5744.0000 161.4995 337.9850 14.9606 0.0182 -0.0202 0.7915 0.6106
5745.0000 161.6888 337.2029 14.9426 0.0174 -0.0211 0.7888 0.6140
5746.0000 161.8557 336.4282 14.9364 0.0174 -0.0212 0.7862 0.6174
5747.0000 162.0257 335.6349 14.8845 0.0170 -0.0202 0.7833 0.6211
5748.0000 162.2026 334.8256 14.8420 0.0155 -0.0202 0.7807 0.6244
5749.0000 162.3758 334.0332 14.8264 0.0138 -0.0214 0.7775 0.6283
5750.0000 162.5102 333.2335 14.8241 0.0132 -0.0230 0.7746 0.6319
5751.0000 162.6559 332.4307 14.8041 0.0128 -0.0239 0.7716 0.6355
5752.0000 162.7930 331.6138 14.7856 0.0126 -0.0242 0.7689 0.6388
5753.0000 162.9292 330.8449 14.7550 0.0126 -0.0240 0.7657 0.6426
5754.0000 163.0493 330.0373 14.7320 0.0127 -0.0240 0.7630 0.6459
5755.0000 163.1659 329.2403 14.7078 0.0134 -0.0242 0.7604 0.6489
5756.0000 163.2817 328.4438 14.6856 0.0142 -0.0246 0.7577 0.6520
5757.0000 163.3899 327.6564 14.6630 0.0147 -0.0249 0.7547 0.6554
5758.0000 163.4901 326.8760 14.6408 0.0153 -0.0243 0.7521 0.6584
5759.0000 163.5795 326.1157 14.6102 0.0155 -0.0233 0.7493 0.6617
5760.0000 163.6663 325.3328 14.5844 0.0152 -0.0229 0.7466 0.6647
5761.0000 163.7338 324.5307 14.5673 0.0153 -0.0225 0.7439 0.6677
5762.0000 163.8097 323.7443 14.5397 0.0158 -0.0223 0.7412 0.6707
5763.0000 163.8702 322.9664 14.5202 0.0163 -0.0221 0.7383 0.6739
5764.0000 163.9250 322.1998 14.4967 0.0165 -0.0215 0.7357 0.6768
5765.0000 163.9801 321.4329 14.4768 0.0168 -0.0208 0.7329 0.6798
5766.0000 164.0278 320.6717 14.4527 0.0172 -0.0199 0.7296 0.6834
5767.0000 164.0599 319.9254 14.4301 0.0175 -0.0192 0.7263 0.6869
5768.0000 164.0921 319.1461 14.4021 0.0176 -0.0188 0.7231 0.6902
5769.0000 164.1078 318.4049 14.3889 0.0177 -0.0187 0.7198 0.6937
5770.0000 164.1246 317.6365 14.3666 0.0172 -0.0186 0.7169 0.6967
5771.0000 164.1090 316.8891 14.3502 0.0174 -0.0182 0.7140 0.6997
5772.0000 164.1367 316.1095 14.3190 0.0181 -0.0183 0.7109 0.7028
5773.0000 164.1259 315.3602 14.3027 0.0193 -0.0188 0.7083 0.7054
5774.0000 164.1247 314.6710 14.2920 0.0202 -0.0200 0.7060 0.7076
5775.0000 164.0997 313.9589 14.2637 0.0216 -0.0208 0.7037 0.7099
5776.0000 164.0766 313.2556 14.2414 0.0215 -0.0212 0.7019 0.7116
5777.0000 164.0677 312.5906 14.2358 0.0214 -0.0214 0.7001 0.7134
5778.0000 164.0445 311.9335 14.2153 0.0208 -0.0215 0.6984 0.7151
5779.0000 164.0180 311.2930 14.1858 0.0205 -0.0211 0.6964 0.7170
5780.0000 163.9837 310.6573 14.1664 0.0199 -0.0212 0.6948 0.7187
5781.0000 163.9557 310.0507 14.1522 0.0195 -0.0218 0.6932 0.7202
5782.0000 163.9231 309.4839 14.1432 0.0191 -0.0225 0.6917 0.7215
5783.0000 163.8757 308.8873 14.1304 0.0188 -0.0230 0.6903 0.7230
5784.0000 163.8454 308.3551 14.1077 0.0188 -0.0233 0.6884 0.7247
5785.0000 163.8203 307.8065 14.0851 0.0187 -0.0236 0.6870 0.7260
5786.0000 163.7836 307.2483 14.0717 0.0183 -0.0239 0.6855 0.7274
5787.0000 163.7288 306.7421 14.0596 0.0173 -0.0238 0.6841 0.7288
5788.0000 163.6897 306.2501 14.0493 0.0159 -0.0226 0.6824 0.7305
5789.0000 163.6474 305.7347 14.0258 0.0144 -0.0216 0.6809 0.7319
5790.0000 163.6109 305.2442 14.0088 0.0138 -0.0215 0.6793 0.7334
5791.0000 163.5529 304.7438 14.0019 0.0136 -0.0218 0.6778 0.7348
5792.0000 163.4983 304.2351 13.9833 0.0136 -0.0219 0.6761 0.7364
5793.0000 163.4668 303.7309 13.9721 0.0136 -0.0217 0.6745 0.7378
5794.0000 163.4046 303.2371 13.9597 0.0135 -0.0212 0.6731 0.7391
5795.0000 163.3429 302.7445 13.9452 0.0133 -0.0205 0.6716 0.7405
5796.0000 163.2902 302.2445 13.9205 0.0128 -0.0205 0.6701 0.7419
5797.0000 163.2369 301.7476 13.9152 0.0125 -0.0208 0.6688 0.7430
5798.0000 163.1618 301.2435 13.9086 0.0121 -0.0214 0.6680 0.7438
5799.0000 163.1051 300.7423 13.9061 0.0119 -0.0217 0.6672 0.7445
5800.0000 163.0572 300.2426 13.8906 0.0120 -0.0213 0.6664 0.7452
5801.0000 162.9978 299.7530 13.8830 0.0125 -0.0204 0.6660 0.7455
5802.0000 162.9411 299.2442 13.8586 0.0123 -0.0192 0.6656 0.7459
5803.0000 162.8902 298.7341 13.8443 0.0118 -0.0190 0.6654 0.7462
5804.0000 162.8289 298.2236 13.8424 0.0114 -0.0187 0.6655 0.7460
5805.0000 162.7713 297.7109 13.8336 0.0113 -0.0187 0.6657 0.7459
5806.0000 162.7185 297.1878 13.8189 0.0117 -0.0184 0.6656 0.7460
5807.0000 162.6572 296.6492 13.7984 0.0128 -0.0181 0.6654 0.7462
5808.0000 162.6040 296.1323 13.7941 0.0142 -0.0181 0.6654 0.7461
5809.0000 162.5378 295.5949 13.7676 0.0145 -0.0179 0.6654 0.7461
5810.0000 162.4747 295.0608 13.7576 0.0141 -0.0181 0.6653 0.7462
5811.0000 162.4227 294.5183 13.7536 0.0136 -0.0181 0.6652 0.7463
5812.0000 162.3498 293.9726 13.7379 0.0135 -0.0179 0.6651 0.7464
5813.0000 162.2915 293.4204 13.7141 0.0138 -0.0174 0.6649 0.7466
5814.0000 162.2140 292.8437 13.7147 0.0156 -0.0161 0.6649 0.7466
5815.0000 162.1572 292.2607 13.6678 0.0160 -0.0154 0.6645 0.7469
5816.0000 162.0887 291.6703 13.6640 0.0162 -0.0152 0.6644 0.7471
5817.0000 162.0229 291.1183 13.6561 0.0154 -0.0154 0.6643 0.7472
5818.0000 161.9454 290.5460 13.6646 0.0152 -0.0151 0.6643 0.7472
5819.0000 161.8783 289.9472 13.6490 0.0152 -0.0147 0.6644 0.7471
5820.0000 161.8096 289.3450 13.6295 0.0160 -0.0142 0.6647 0.7468
5821.0000 161.7500 288.7347 13.5975 0.0169 -0.0138 0.6649 0.7466
5822.0000 161.6706 288.1338 13.5715 0.0169 -0.0138 0.6649 0.7466
5823.0000 161.6020 287.5181 13.5608 0.0165 -0.0143 0.6652 0.7463
5824.0000 161.5301 286.9082 13.5656 0.0161 -0.0149 0.6654 0.7462
5825.0000 161.4525 286.2766 13.5628 0.0162 -0.0145 0.6653 0.7462
5826.0000 161.3780 285.6194 13.5241 0.0168 -0.0134 0.6655 0.7461
5827.0000 161.3106 284.9737 13.4962 0.0174 -0.0131 0.6657 0.7459
5828.0000 161.2193 284.3416 13.4833 0.0184 -0.0136 0.6659 0.7457
5829.0000 161.1631 283.6397 13.4645 0.0191 -0.0146 0.6660 0.7456
5830.0000 161.0868 282.9840 13.4483 0.0204 -0.0155 0.6659 0.7456
5831.0000 161.0328 282.3070 13.4249 0.0213 -0.0157 0.6661 0.7454
5832.0000 160.9295 281.6250 13.3993 0.0213 -0.0156 0.6663 0.7452
5833.0000 160.8631 280.9399 13.3780 0.0211 -0.0154 0.6664 0.7451
5834.0000 160.7689 280.2368 13.3494 0.0201 -0.0151 0.6665 0.7451
5835.0000 160.6879 279.5194 13.3388 0.0195 -0.0152 0.6666 0.7450
5836.0000 160.6018 278.8104 13.3164 0.0196 -0.0159 0.6668 0.7448
5837.0000 160.5178 278.0992 13.2824 0.0209 -0.0175 0.6668 0.7448
5838.0000 160.4456 277.3359 13.2547 0.0211 -0.0181 0.6668 0.7447
5839.0000 160.3582 276.6180 13.2345 0.0205 -0.0175 0.6669 0.7447
5840.0000 160.2857 275.8793 13.2130 0.0186 -0.0155 0.6670 0.7447
5841.0000 160.1992 275.1255 13.1984 0.0162 -0.0134 0.6672 0.7446
5842.0000 160.1121 274.3641 13.1814 0.0158 -0.0128 0.6674 0.7444
5843.0000 160.0365 273.5948 13.1592 0.0166 -0.0128 0.6675 0.7443
5844.0000 159.9456 272.8398 13.1330 0.0176 -0.0132 0.6676 0.7442
5845.0000 159.8546 272.0541 13.1097 0.0184 -0.0134 0.6675 0.7443
5846.0000 159.7800 271.2457 13.0953 0.0182 -0.0132 0.6674 0.7443
5847.0000 159.6943 270.4589 13.0834 0.0180 -0.0130 0.6673 0.7444
5848.0000 159.5878 269.6785 13.0666 0.0181 -0.0125 0.6671 0.7447
5849.0000 159.5071 268.8666 13.0382 0.0180 -0.0119 0.6667 0.7450
5850.0000 159.4057 268.0502 13.0253 0.0180 -0.0120 0.6665 0.7452
5851.0000 159.3101 267.2300 13.0086 0.0181 -0.0119 0.6662 0.7455
5852.0000 159.2199 266.4125 12.9898 0.0182 -0.0120 0.6658 0.7458
5853.0000 159.1323 265.5771 12.9729 0.0183 -0.0117 0.6654 0.7462
5854.0000 159.0324 264.7303 12.9574 0.0184 -0.0115 0.6649 0.7466
5855.0000 158.9199 263.9058 12.9389 0.0183 -0.0111 0.6645 0.7470
5856.0000 158.8365 263.0869 12.9267 0.0183 -0.0105 0.6640 0.7474
5857.0000 158.7223 262.2206 12.8805 0.0177 -0.0106 0.6636 0.7478
5858.0000 158.6175 261.3680 12.8819 0.0177 -0.0115 0.6628 0.7485
5859.0000 158.5091 260.4824 12.8626 0.0177 -0.0121 0.6625 0.7487
5860.0000 158.3726 259.6292 12.8303 0.0175 -0.0130 0.6623 0.7489
5861.0000 158.2869 258.7909 12.8211 0.0169 -0.0136 0.6621 0.7491
5862.0000 158.1782 257.9099 12.8028 0.0158 -0.0146 0.6622 0.7490
5863.0000 158.0641 257.0289 12.7984 0.0155 -0.0148 0.6625 0.7488
5864.0000 157.9662 256.1482 12.7556 0.0153 -0.0145 0.6628 0.7485
5865.0000 157.8367 255.2585 12.7386 0.0149 -0.0143 0.6631 0.7482
5866.0000 157.7444 254.4022 12.7233 0.0146 -0.0145 0.6634 0.7480
5867.0000 157.6347 253.4785 12.7015 0.0143 -0.0151 0.6636 0.7478
5868.0000 157.5218 252.5892 12.6873 0.0143 -0.0162 0.6636 0.7478
5869.0000 157.4058 251.6893 12.6635 0.0141 -0.0172 0.6640 0.7474
5870.0000 157.3018 250.8153 12.6490 0.0138 -0.0178 0.6641 0.7473
5871.0000 157.1907 249.8815 12.6176 0.0136 -0.0176 0.6644 0.7471
5872.0000 157.0669 248.9718 12.5986 0.0132 -0.0172 0.6645 0.7470
5873.0000 156.9689 248.0601 12.5758 0.0128 -0.0167 0.6647 0.7468
5874.0000 156.8732 247.1652 12.5680 0.0127 -0.0164 0.6648 0.7467
5875.0000 156.7688 246.2513 12.5437 0.0131 -0.0159 0.6651 0.7465
5876.0000 156.6632 245.3079 12.5229 0.0134 -0.0155 0.6652 0.7464
5877.0000 156.5481 244.3941 12.4991 0.0136 -0.0149 0.6654 0.7463
5878.0000 156.4565 243.4599 12.4836 0.0136 -0.0151 0.6657 0.7460
5879.0000 156.3420 242.5307 12.4649 0.0136 -0.0153 0.6656 0.7460
5880.0000 156.2231 241.5842 12.4495 0.0137 -0.0157 0.6655 0.7461
5881.0000 156.1112 240.6765 12.4237 0.0135 -0.0160 0.6655 0.7461
5882.0000 155.9985 239.7405 12.4013 0.0127 -0.0166 0.6656 0.7460
5883.0000 155.8966 238.8045 12.3902 0.0122 -0.0175 0.6655 0.7461
5884.0000 155.7859 237.8546 12.3727 0.0119 -0.0177 0.6653 0.7462
5885.0000 155.6840 236.9177 12.3482 0.0118 -0.0180 0.6652 0.7464
5886.0000 155.5659 235.9673 12.3183 0.0115 -0.0179 0.6652 0.7463
5887.0000 155.4722 235.0297 12.3018 0.0114 -0.0179 0.6652 0.7464
5888.0000 155.3511 234.0828 12.2943 0.0120 -0.0177 0.6651 0.7465
5889.0000 155.2434 233.1223 12.2706 0.0130 -0.0170 0.6650 0.7465
5890.0000 155.1328 232.1469 12.2409 0.0135 -0.0158 0.6649 0.7467
5891.0000 155.0210 231.1838 12.2244 0.0141 -0.0147 0.6647 0.7468
5892.0000 154.8952 230.2416 12.2037 0.0150 -0.0133 0.6647 0.7468
5893.0000 154.8003 229.2721 12.1841 0.0155 -0.0125 0.6647 0.7468
5894.0000 154.7005 228.2942 12.1702 0.0159 -0.0119 0.6644 0.7471
5895.0000 154.5696 227.3133 12.1458 0.0165 -0.0120 0.6642 0.7473
5896.0000 154.4612 226.3418 12.1275 0.0168 -0.0128 0.6640 0.7474
5897.0000 154.3314 225.3833 12.1064 0.0169 -0.0137 0.6640 0.7474
5898.0000 154.2236 224.4044 12.0961 0.0167 -0.0147 0.6637 0.7476
5899.0000 154.0938 223.4491 12.0777 0.0165 -0.0152 0.6637 0.7477
5900.0000 153.9646 222.4741 12.0557 0.0161 -0.0155 0.6635 0.7479
5901.0000 153.8427 221.5109 12.0310 0.0159 -0.0158 0.6634 0.7480
5902.0000 153.7282 220.5357 12.0102 0.0155 -0.0160 0.6631 0.7482
5903.0000 153.6110 219.5811 11.9979 0.0152 -0.0164 0.6631 0.7482
5904.0000 153.4939 218.6268 11.9737 0.0145 -0.0165 0.6633 0.7481
5905.0000 153.3874 217.6770 11.9520 0.0137 -0.0165 0.6635 0.7479
5906.0000 153.2572 216.7544 11.9419 0.0134 -0.0165 0.6639 0.7475
5907.0000 153.1464 215.8035 11.9236 0.0132 -0.0168 0.6641 0.7473
5908.0000 153.0307 214.8631 11.9036 0.0132 -0.0168 0.6644 0.7471
5909.0000 152.9399 213.9246 11.8828 0.0132 -0.0164 0.6644 0.7471
5910.0000 152.8154 212.9704 11.8681 0.0133 -0.0160 0.6646 0.7469
5911.0000 152.7262 212.0393 11.8584 0.0134 -0.0155 0.6647 0.7468
5912.0000 152.6232 211.0995 11.8403 0.0139 -0.0148 0.6648 0.7468
5913.0000 152.4934 210.1863 11.8183 0.0142 -0.0143 0.6649 0.7466
5914.0000 152.4006 209.2609 11.8088 0.0144 -0.0141 0.6652 0.7464
5915.0000 152.2899 208.3584 11.7915 0.0148 -0.0139 0.6652 0.7464
5916.0000 152.1910 207.4305 11.7778 0.0152 -0.0138 0.6652 0.7464
5917.0000 152.0797 206.5057 11.7626 0.0160 -0.0136 0.6652 0.7464
5918.0000 151.9743 205.6270 11.7481 0.0165 -0.0135 0.6655 0.7461
5919.0000 151.8635 204.7308 11.7293 0.0172 -0.0133 0.6656 0.7460
5920.0000 151.7700 203.8368 11.7076 0.0180 -0.0134 0.6656 0.7460
5921.0000 151.6691 202.9544 11.6897 0.0183 -0.0132 0.6657 0.7459
5922.0000 151.5693 202.0867 11.6772 0.0181 -0.0131 0.6657 0.7459
5923.0000 151.4711 201.2268 11.6713 0.0175 -0.0127 0.6657 0.7459
5924.0000 151.3884 200.3797 11.6512 0.0171 -0.0130 0.6660 0.7457
5925.0000 151.2723 199.5126 11.6416 0.0173 -0.0135 0.6660 0.7456
5926.0000 151.1725 198.6747 11.6258 0.0177 -0.0139 0.6660 0.7457
5927.0000 151.0948 197.8341 11.6029 0.0178 -0.0142 0.6660 0.7456
5928.0000 150.9958 197.0175 11.5905 0.0179 -0.0147 0.6661 0.7455
5929.0000 150.9018 196.2103 11.5864 0.0176 -0.0151 0.6662 0.7454
5930.0000 150.8188 195.4208 11.5778 0.0176 -0.0155 0.6663 0.7454
5931.0000 150.7276 194.6327 11.5634 0.0173 -0.0154 0.6665 0.7452
5932.0000 150.6466 193.8599 11.5425 0.0168 -0.0149 0.6667 0.7450
5933.0000 150.5509 193.1027 11.5246 0.0166 -0.0146 0.6666 0.7451
5934.0000 150.4682 192.3883 11.5146 0.0166 -0.0145 0.6668 0.7449
5935.0000 150.3993 191.6613 11.5094 0.0163 -0.0147 0.6668 0.7449
5936.0000 150.3172 190.9576 11.5010 0.0164 -0.0151 0.6669 0.7448
5937.0000 150.2296 190.2652 11.4903 0.0166 -0.0154 0.6669 0.7448
5938.0000 150.1817 189.5982 11.4812 0.0166 -0.0159 0.6669 0.7448
5939.0000 150.0942 188.9711 11.4731 0.0165 -0.0158 0.6670 0.7448
5940.0000 150.0103 188.3248 11.4651 0.0162 -0.0157 0.6669 0.7448
5941.0000 149.9440 187.7190 11.4548 0.0164 -0.0156 0.6662 0.7454
5942.0000 149.8836 187.1049 11.4439 0.0162 -0.0152 0.6658 0.7458
5943.0000 149.8021 186.5175 11.4615 0.0155 -0.0126 0.6652 0.7464
5944.0000 149.7494 185.9396 11.4543 0.0100 -0.0055 0.6649 0.7469
5945.0000 149.6787 185.3711 11.4504 0.0039 0.0006 0.6646 0.7472
5946.0000 149.6039 184.8325 11.4637 0.0010 0.0019 0.6641 0.7477
5947.0000 149.5294 184.2334 11.4706 0.0026 -0.0013 0.6637 0.7480
5948.0000 149.4655 183.6879 11.4507 0.0109 -0.0092 0.6628 0.7487
5949.0000 149.4004 183.0908 11.4024 0.0230 -0.0203 0.6618 0.7490
5950.0000 149.3193 182.5241 11.3791 0.0328 -0.0296 0.6610 0.7491
5951.0000 149.2409 181.9782 11.3888 0.0344 -0.0309 0.6606 0.7493
5952.0000 149.1883 181.4552 11.3986 0.0284 -0.0250 0.6602 0.7501
5953.0000 149.1219 180.9296 11.3839 0.0208 -0.0175 0.6601 0.7507
5954.0000 149.0439 180.4406 11.3625 0.0146 -0.0106 0.6598 0.7512
5955.0000 149.0003 179.9178 11.3286 0.0111 -0.0063 0.6590 0.7520
5956.0000 148.9093 179.3641 11.3078 0.0131 -0.0070 0.6584 0.7526
5957.0000 148.8208 178.8430 11.2976 0.0178 -0.0108 0.6572 0.7534
5958.0000 148.7541 178.3200 11.2843 0.0206 -0.0129 0.6559 0.7545
5959.0000 148.6731 177.8025 11.2977 0.0208 -0.0132 0.6540 0.7561
5960.0000 148.5717 177.3001 11.3002 0.0197 -0.0115 0.6514 0.7584
5961.0000 148.4760 176.7865 11.2830 0.0181 -0.0096 0.6482 0.7612
5962.0000 148.4043 176.2602 11.2587 0.0168 -0.0094 0.6445 0.7644
5963.0000 148.2899 175.7527 11.2502 0.0159 -0.0104 0.6412 0.7671
5964.0000 148.1742 175.2580 11.2601 0.0157 -0.0114 0.6377 0.7700
5965.0000 148.0663 174.7605 11.2735 0.0166 -0.0118 0.6338 0.7733
5966.0000 147.9411 174.2818 11.2571 0.0176 -0.0110 0.6291 0.7771
5967.0000 147.8212 173.7874 11.2258 0.0189 -0.0105 0.6234 0.7816
5968.0000 147.6792 173.2968 11.1906 0.0187 -0.0111 0.6173 0.7864
5969.0000 147.5355 172.8382 11.2377 0.0173 -0.0114 0.6105 0.7918
5970.0000 147.3698 172.3791 11.2301 0.0157 -0.0110 0.6035 0.7971
5971.0000 147.1997 171.9232 11.2153 0.0155 -0.0110 0.5962 0.8026
5972.0000 147.0202 171.4832 11.2193 0.0165 -0.0113 0.5883 0.8084
5973.0000 146.8454 171.0213 11.1854 0.0161 -0.0106 0.5800 0.8144
5974.0000 146.6441 170.5797 11.1857 0.0159 -0.0102 0.5718 0.8201
5975.0000 146.4664 170.1427 11.2168 0.0170 -0.0094 0.5634 0.8260
5976.0000 146.2800 169.7167 11.2027 0.0182 -0.0079 0.5546 0.8319
5977.0000 146.0642 169.2809 11.1851 0.0199 -0.0057 0.5460 0.8375
5978.0000 145.8527 168.8762 11.1484 0.0201 -0.0045 0.5369 0.8434
5979.0000 145.6339 168.4827 11.1553 0.0201 -0.0046 0.5277 0.8492
5980.0000 145.3736 168.0842 11.1811 0.0217 -0.0056 0.5179 0.8551
5981.0000 145.1444 167.6662 11.1820 0.0251 -0.0061 0.5075 0.8612
5982.0000 144.8732 167.2768 11.1266 0.0264 -0.0055 0.4969 0.8674
5983.0000 144.6046 166.9055 11.1328 0.0238 -0.0046 0.4859 0.8737
5984.0000 144.3217 166.5872 11.1865 0.0201 -0.0023 0.4737 0.8805
5985.0000 144.0241 166.2325 11.2168 0.0178 0.0003 0.4604 0.8875
5986.0000 143.7236 165.8854 11.1982 0.0186 0.0030 0.4463 0.8947
5987.0000 143.4017 165.5584 11.1686 0.0196 0.0042 0.4321 0.9016
5988.0000 143.0707 165.2323 11.1468 0.0215 0.0038 0.4174 0.9085
5989.0000 142.7371 164.9070 11.1259 0.0201 0.0010 0.4031 0.9149
5990.0000 142.4174 164.6644 11.1991 0.0195 -0.0019 0.3880 0.9215
5991.0000 142.0646 164.3811 11.2491 0.0192 -0.0022 0.3721 0.9280
5992.0000 141.6975 164.1028 11.2394 0.0201 0.0010 0.3551 0.9346
5993.0000 141.3089 163.8292 11.1898 0.0201 0.0033 0.3382 0.9408
5994.0000 140.9367 163.5954 11.2045 0.0213 0.0027 0.3210 0.9468
5995.0000 140.5284 163.3686 11.1900 0.0213 0.0014 0.3036 0.9526
5996.0000 140.1238 163.1730 11.2150 0.0216 -0.0014 0.2861 0.9580
5997.0000 139.7105 162.9790 11.2125 0.0209 -0.0036 0.2683 0.9631
5998.0000 139.2975 162.8082 11.2297 0.0199 -0.0056 0.2503 0.9679
5999.0000 138.8608 162.6493 11.2469 0.0190 -0.0067 0.2323 0.9724
6000.0000 138.4394 162.5184 11.2506 0.0189 -0.0062 0.2137 0.9767
6001.0000 138.0063 162.3646 11.2261 0.0188 -0.0055 0.1948 0.9807
6002.0000 137.5357 162.2489 11.2131 0.0181 -0.0053 0.1760 0.9842
6003.0000 137.0934 162.1540 11.2056 0.0153 -0.0057 0.1575 0.9874
6004.0000 136.6250 162.0883 11.2407 0.0118 -0.0063 0.1385 0.9903
6005.0000 136.1639 162.0300 11.2634 0.0091 -0.0063 0.1192 0.9928
6006.0000 135.6915 161.9808 11.2957 0.0081 -0.0057 0.1001 0.9949
6007.0000 135.1902 161.9345 11.2821 0.0091 -0.0044 0.0818 0.9966
6008.0000 134.7077 161.9178 11.2432 0.0089 -0.0025 0.0658 0.9978
6009.0000 134.2215 161.9255 11.2324 0.0068 -0.0013 0.0511 0.9987
6010.0000 133.7332 161.9147 11.2756 0.0035 -0.0012 0.0373 0.9993
6011.0000 133.2598 161.9495 11.3103 0.0011 -0.0013 0.0251 0.9997
6012.0000 132.7647 161.9698 11.3450 0.0011 -0.0014 0.0131 0.9999
6013.0000 132.2698 161.9965 11.3293 0.0032 -0.0012 0.0021 1.0000
6014.0000 131.7600 162.0154 11.2962 0.0046 -0.0008 -0.0083 1.0000
6015.0000 131.2388 162.0507 11.2959 0.0043 -0.0008 -0.0172 0.9998
6016.0000 130.7561 162.1078 11.3469 0.0037 0.0006 -0.0268 0.9996
6017.0000 130.2261 162.1465 11.3489 0.0023 0.0079 -0.0351 0.9993
6018.0000 129.7306 162.2351 11.3541 -0.0013 0.0164 -0.0419 0.9990
6019.0000 129.2364 162.3403 11.4138 -0.0070 0.0208 -0.0469 0.9987
6020.0000 128.7266 162.3758 11.5100 -0.0101 0.0204 -0.0513 0.9984
6021.0000 128.1808 162.4636 11.5564 -0.0063 0.0155 -0.0542 0.9984
6022.0000 127.6286 162.5198 11.4573 -0.0004 0.0049 -0.0562 0.9984
6023.0000 127.0315 162.5748 11.3661 0.0009 -0.0077 -0.0568 0.9984
6024.0000 126.4799 162.6624 11.3806 -0.0031 -0.0182 -0.0570 0.9982
6025.0000 125.9241 162.7042 11.4783 -0.0079 -0.0203 -0.0575 0.9981
6026.0000 125.3837 162.7802 11.5507 -0.0077 -0.0136 -0.0582 0.9982
6027.0000 124.8206 162.8332 11.5383 -0.0033 -0.0040 -0.0582 0.9983
6028.0000 124.2423 162.9121 11.4823 0.0006 0.0048 -0.0584 0.9983
6029.0000 123.6657 162.9774 11.4573 0.0017 0.0106 -0.0585 0.9982
6030.0000 123.0664 163.0620 11.4741 0.0000 0.0088 -0.0586 0.9982
6031.0000 122.4710 163.1296 11.5418 -0.0012 0.0031 -0.0589 0.9983
6032.0000 121.8422 163.1681 11.5585 -0.0016 0.0004 -0.0596 0.9982
6033.0000 121.2314 163.2576 11.5833 -0.0001 0.0006 -0.0595 0.9982
6034.0000 120.6308 163.3438 11.5785 0.0008 0.0021 -0.0596 0.9982
6035.0000 119.9910 163.4184 11.5908 0.0011 0.0034 -0.0594 0.9982
6036.0000 119.3523 163.5049 11.6044 0.0011 0.0031 -0.0592 0.9982
6037.0000 118.7002 163.5572 11.6202 0.0009 0.0016 -0.0593 0.9982
6038.0000 118.0413 163.6468 11.6394 0.0007 0.0004 -0.0592 0.9982
6039.0000 117.4058 163.7519 11.6631 0.0008 0.0003 -0.0592 0.9982
6040.0000 116.7228 163.8423 11.6743 0.0011 0.0009 -0.0592 0.9982
6041.0000 116.0674 163.9080 11.6764 0.0008 0.0017 -0.0594 0.9982
6042.0000 115.3951 163.9923 11.7014 0.0004 0.0022 -0.0594 0.9982
6043.0000 114.7138 164.0759 11.7156 0.0002 0.0026 -0.0596 0.9982
6044.0000 114.0185 164.1527 11.7378 0.0008 0.0028 -0.0601 0.9982
6045.0000 113.3134 164.2372 11.7369 0.0009 0.0032 -0.0602 0.9982
6046.0000 112.6008 164.3415 11.7548 0.0005 0.0031 -0.0606 0.9982
6047.0000 111.8959 164.4092 11.7777 0.0000 0.0029 -0.0615 0.9981
6048.0000 111.1704 164.5170 11.8042 0.0003 0.0023 -0.0621 0.9981
6049.0000 110.4316 164.6250 11.8131 0.0005 0.0020 -0.0626 0.9980
6050.0000 109.7200 164.7149 11.8242 -0.0003 0.0022 -0.0632 0.9980
6051.0000 108.9751 164.8196 11.8601 -0.0010 0.0023 -0.0634 0.9980
6052.0000 108.2334 164.9114 11.8824 -0.0010 0.0025 -0.0637 0.9980
6053.0000 107.4914 165.0000 11.8869 -0.0009 0.0029 -0.0638 0.9980
6054.0000 106.7291 165.1047 11.8985 -0.0007 0.0023 -0.0638 0.9980
6055.0000 105.9507 165.2113 11.9105 -0.0008 0.0012 -0.0639 0.9980
6056.0000 105.1759 165.2921 11.9264 -0.0011 -0.0007 -0.0643 0.9979
6057.0000 104.4218 165.4050 11.9492 -0.0011 -0.0017 -0.0644 0.9979
6058.0000 103.6274 165.4909 11.9699 -0.0009 -0.0011 -0.0647 0.9979
6059.0000 102.8346 165.6053 11.9812 -0.0005 0.0010 -0.0646 0.9979
6060.0000 102.0583 165.7222 12.0062 -0.0001 0.0031 -0.0645 0.9979
6061.0000 101.2372 165.8293 12.0273 0.0005 0.0045 -0.0639 0.9979
6062.0000 100.4215 165.9171 12.0249 0.0013 0.0045 -0.0636 0.9980
6063.0000 99.5932 166.0243 12.0397 0.0014 0.0028 -0.0636 0.9980
6064.0000 98.7928 166.1273 12.0841 0.0018 0.0011 -0.0634 0.9980
6065.0000 97.9482 166.2392 12.1022 0.0022 0.0012 -0.0630 0.9980
6066.0000 97.1207 166.3368 12.1152 0.0026 0.0026 -0.0627 0.9980
6067.0000 96.2674 166.4544 12.1302 0.0019 0.0038 -0.0623 0.9981
6068.0000 95.4230 166.5653 12.1605 0.0012 0.0032 -0.0619 0.9981
6069.0000 94.5701 166.6431 12.1893 0.0013 0.0017 -0.0618 0.9981
6070.0000 93.7197 166.7677 12.2022 0.0015 0.0008 -0.0617 0.9981
6071.0000 92.8492 166.8555 12.2242 0.0020 0.0013 -0.0615 0.9981
6072.0000 91.9942 166.9696 12.2309 0.0019 0.0028 -0.0613 0.9981
6073.0000 91.1200 167.0910 12.2783 0.0026 0.0035 -0.0608 0.9981
6074.0000 90.2386 167.1967 12.2818 0.0032 0.0031 -0.0606 0.9981
6075.0000 89.3415 167.3044 12.2886 0.0031 0.0010 -0.0607 0.9981
6076.0000 88.4839 167.4094 12.3228 0.0024 -0.0008 -0.0613 0.9981
6077.0000 87.5713 167.5241 12.3456 0.0014 -0.0002 -0.0616 0.9981
6078.0000 86.7032 167.6194 12.3811 0.0010 0.0022 -0.0621 0.9981
6079.0000 85.7990 167.7541 12.4055 0.0009 0.0055 -0.0618 0.9981
6080.0000 84.9309 167.8699 12.4142 0.0016 0.0065 -0.0618 0.9981
6081.0000 83.9957 167.9983 12.4285 0.0017 0.0047 -0.0617 0.9981
6082.0000 83.0830 168.0718 12.4578 0.0014 0.0010 -0.0622 0.9981
6083.0000 82.1862 168.1961 12.4940 0.0010 -0.0009 -0.0621 0.9981
6084.0000 81.2946 168.3061 12.5268 0.0007 -0.0004 -0.0619 0.9981
6085.0000 80.3721 168.4285 12.5339 0.0008 0.0017 -0.0611 0.9981
6086.0000 79.4409 168.5460 12.5564 0.0010 0.0033 -0.0604 0.9982
6087.0000 78.4904 168.6468 12.5767 0.0012 0.0038 -0.0601 0.9982
6088.0000 77.5627 168.7502 12.6038 0.0018 0.0033 -0.0599 0.9982
6089.0000 76.6244 168.8700 12.6171 0.0026 0.0019 -0.0593 0.9982
6090.0000 75.6978 168.9693 12.6512 0.0032 0.0004 -0.0592 0.9982
6091.0000 74.7531 169.0838 12.6805 0.0039 0.0002 -0.0586 0.9983
6092.0000 73.8016 169.1833 12.6873 0.0045 0.0007 -0.0587 0.9983
6093.0000 72.8625 169.2943 12.7104 0.0049 0.0013 -0.0586 0.9983
6094.0000 71.9159 169.4106 12.7261 0.0053 0.0023 -0.0590 0.9982
6095.0000 70.9621 169.5111 12.7731 0.0057 0.0035 -0.0594 0.9982
6096.0000 69.9922 169.6096 12.7879 0.0062 0.0051 -0.0598 0.9982
6097.0000 69.0449 169.7385 12.8145 0.0067 0.0046 -0.0598 0.9982
6098.0000 68.0787 169.8533 12.8390 0.0068 0.0023 -0.0604 0.9982
6099.0000 67.0987 169.9719 12.8661 0.0068 -0.0001 -0.0608 0.9981
6100.0000 66.1561 170.0942 12.8905 0.0065 -0.0009 -0.0611 0.9981
6101.0000 65.1741 170.2212 12.9167 0.0064 0.0004 -0.0615 0.9981
6102.0000 64.1979 170.3339 12.9300 0.0061 0.0028 -0.0619 0.9981
6103.0000 63.2427 170.4569 12.9769 0.0049 0.0042 -0.0621 0.9981
6104.0000 62.2572 170.5758 13.0238 0.0047 0.0041 -0.0625 0.9980
6105.0000 61.2526 170.7015 13.0392 0.0050 0.0031 -0.0629 0.9980
6106.0000 60.2750 170.8309 13.0590 0.0053 0.0022 -0.0634 0.9980
6107.0000 59.2972 170.9430 13.0780 0.0055 0.0021 -0.0639 0.9979
6108.0000 58.3032 171.0866 13.1045 0.0054 0.0029 -0.0640 0.9979
6109.0000 57.3105 171.2117 13.1378 0.0053 0.0037 -0.0643 0.9979
6110.0000 56.3106 171.3429 13.1707 0.0044 0.0032 -0.0644 0.9979
6111.0000 55.3168 171.4872 13.2061 0.0041 0.0016 -0.0645 0.9979
6112.0000 54.3321 171.6088 13.2221 0.0038 -0.0000 -0.0649 0.9979
6113.0000 53.3350 171.7309 13.2420 0.0038 -0.0005 -0.0648 0.9979
6114.0000 52.3545 171.8536 13.2620 0.0036 0.0000 -0.0650 0.9979
6115.0000 51.3837 171.9908 13.3006 0.0033 0.0011 -0.0650 0.9979
6116.0000 50.4143 172.1249 13.3272 0.0034 0.0026 -0.0652 0.9979
6117.0000 49.4231 172.2531 13.3541 0.0030 0.0032 -0.0650 0.9979
6118.0000 48.4713 172.3682 13.3799 0.0024 0.0027 -0.0650 0.9979
6119.0000 47.4950 172.5162 13.4185 0.0016 0.0019 -0.0647 0.9979
6120.0000 46.5292 172.6300 13.4468 0.0012 0.0014 -0.0644 0.9979
6121.0000 45.5665 172.7478 13.4620 0.0010 0.0012 -0.0641 0.9979
6122.0000 44.5991 172.8761 13.4822 0.0007 0.0009 -0.0636 0.9980
6123.0000 43.6605 173.0096 13.5188 0.0003 0.0019 -0.0635 0.9980
6124.0000 42.6998 173.1187 13.5506 0.0004 0.0043 -0.0634 0.9980
6125.0000 41.7383 173.2442 13.5891 0.0013 0.0054 -0.0630 0.9980
6126.0000 40.7881 173.3776 13.5987 0.0019 0.0043 -0.0628 0.9980
6127.0000 39.8091 173.4928 13.6350 0.0025 0.0015 -0.0625 0.9980
6128.0000 38.8340 173.6095 13.6531 0.0030 0.0004 -0.0624 0.9980
6129.0000 37.8748 173.7181 13.6893 0.0041 0.0019 -0.0624 0.9980
6130.0000 36.9279 173.8405 13.7096 0.0054 0.0038 -0.0619 0.9981
6131.0000 35.9816 173.9596 13.7316 0.0058 0.0043 -0.0615 0.9981
6132.0000 35.0417 174.0718 13.7601 0.0058 0.0024 -0.0616 0.9981
6133.0000 34.0743 174.1938 13.7905 0.0056 -0.0002 -0.0620 0.9981
6134.0000 33.0984 174.3139 13.7991 0.0059 -0.0013 -0.0625 0.9980
6135.0000 32.1135 174.4419 13.8211 0.0055 0.0000 -0.0628 0.9980
6136.0000 31.1770 174.5765 13.8658 0.0055 0.0018 -0.0631 0.9980
6137.0000 30.2344 174.6890 13.8830 0.0052 0.0032 -0.0635 0.9980
6138.0000 29.2895 174.8183 13.9175 0.0053 0.0025 -0.0638 0.9979
6139.0000 28.3220 174.9455 13.9303 0.0044 0.0004 -0.0640 0.9979
6140.0000 27.3783 175.0694 13.9648 0.0036 -0.0010 -0.0644 0.9979
6141.0000 26.4206 175.1800 13.9942 0.0035 -0.0004 -0.0644 0.9979
6142.0000 25.4610 175.3145 14.0056 0.0039 0.0018 -0.0641 0.9979
6143.0000 24.5376 175.4292 14.0406 0.0038 0.0036 -0.0637 0.9980
6144.0000 23.6049 175.5652 14.0707 0.0035 0.0028 -0.0633 0.9980
6145.0000 22.6474 175.6817 14.0845 0.0030 0.0002 -0.0632 0.9980
6146.0000 21.6823 175.7957 14.0926 0.0028 -0.0019 -0.0630 0.9980
6147.0000 20.7292 175.9267 14.1051 0.0019 -0.0015 -0.0627 0.9980
6148.0000 19.7962 176.0259 14.1572 0.0018 0.0006 -0.0624 0.9980
6149.0000 18.8792 176.1328 14.1771 0.0011 0.0031 -0.0622 0.9981
6150.0000 17.9419 176.2730 14.2240 0.0007 0.0039 -0.0617 0.9981
6151.0000 17.0061 176.3881 14.2380 0.0004 0.0036 -0.0616 0.9981
6152.0000 16.0515 176.5155 14.2704 0.0002 0.0028 -0.0614 0.9981
6153.0000 15.1003 176.6269 14.2895 -0.0007 0.0028 -0.0612 0.9981
6154.0000 14.1698 176.7346 14.3358 -0.0022 0.0029 -0.0610 0.9981
6155.0000 13.2305 176.8511 14.3739 -0.0018 0.0032 -0.0608 0.9981
6156.0000 12.2972 176.9698 14.3944 -0.0013 0.0030 -0.0605 0.9982
6157.0000 11.3794 177.0840 14.4229 -0.0012 0.0018 -0.0602 0.9982
6158.0000 10.4340 177.1971 14.4510 -0.0010 0.0009 -0.0601 0.9982
6159.0000 9.4966 177.3127 14.4906 0.0004 0.0003 -0.0599 0.9982
6160.0000 8.5639 177.4257 14.5024 0.0018 0.0006 -0.0597 0.9982
6161.0000 7.6325 177.5354 14.5288 0.0029 0.0010 -0.0594 0.9982
6162.0000 6.7323 177.6393 14.5430 0.0031 0.0018 -0.0594 0.9982
6163.0000 5.8043 177.7650 14.5789 0.0035 0.0021 -0.0596 0.9982
6164.0000 4.8941 177.8638 14.5929 0.0044 0.0020 -0.0604 0.9982
6165.0000 3.9685 177.9816 14.6143 0.0050 0.0013 -0.0613 0.9981
6166.0000 3.0296 178.1041 14.6477 0.0045 0.0008 -0.0621 0.9981
6167.0000 2.1124 178.2133 14.6811 0.0042 0.0005 -0.0629 0.9980
6168.0000 1.1918 178.3483 14.6983 0.0043 0.0002 -0.0638 0.9980
6169.0000 0.2691 178.4588 14.7181 0.0039 -0.0006 -0.0645 0.9979
6170.0000 -0.6410 178.5751 14.7417 0.0030 -0.0005 -0.0648 0.9979
6171.0000 -1.5590 178.7034 14.7787 0.0025 0.0007 -0.0645 0.9979
6172.0000 -2.4679 178.8133 14.8056 0.0026 0.0026 -0.0639 0.9979
6173.0000 -3.3637 178.9293 14.8128 0.0029 0.0033 -0.0633 0.9980
6174.0000 -4.2684 179.0457 14.8381 0.0034 0.0020 -0.0627 0.9980
6175.0000 -5.1897 179.1602 14.8624 0.0034 0.0005 -0.0625 0.9980
6176.0000 -6.1112 179.2869 14.8879 0.0034 -0.0007 -0.0622 0.9981
6177.0000 -7.0187 179.3960 14.9172 0.0030 -0.0006 -0.0618 0.9981
6178.0000 -7.9213 179.4997 14.9609 0.0031 0.0009 -0.0612 0.9981
6179.0000 -8.8278 179.6072 14.9694 0.0036 0.0027 -0.0610 0.9981
6180.0000 -9.7230 179.7205 14.9862 0.0035 0.0035 -0.0605 0.9982
6181.0000 -10.6373 179.8451 15.0159 0.0037 0.0033 -0.0601 0.9982
6182.0000 -11.5658 179.9509 15.0462 0.0039 0.0026 -0.0599 0.9982
6183.0000 -12.4681 180.0503 15.0761 0.0045 0.0021 -0.0597 0.9982
6184.0000 -13.3809 180.1602 15.0882 0.0049 0.0016 -0.0596 0.9982
6185.0000 -14.3046 180.2687 15.1071 0.0049 0.0009 -0.0597 0.9982
6186.0000 -15.2250 180.4049 15.1367 0.0045 0.0007 -0.0599 0.9982
6187.0000 -16.1386 180.5008 15.1652 0.0043 0.0014 -0.0602 0.9982
6188.0000 -17.0403 180.6099 15.1887 0.0042 0.0034 -0.0605 0.9982
6189.0000 -17.9412 180.7320 15.2131 0.0043 0.0046 -0.0606 0.9981
6190.0000 -18.8582 180.8511 15.2361 0.0042 0.0035 -0.0608 0.9981
6191.0000 -19.7935 180.9652 15.2704 0.0042 0.0012 -0.0610 0.9981
6192.0000 -20.6993 181.0814 15.2924 0.0041 0.0007 -0.0612 0.9981
6193.0000 -21.6321 181.1940 15.3246 0.0037 0.0016 -0.0614 0.9981
6194.0000 -22.5705 181.2965 15.3534 0.0041 0.0033 -0.0616 0.9981
6195.0000 -23.4620 181.4232 15.3725 0.0048 0.0041 -0.0618 0.9981
6196.0000 -24.3692 181.5366 15.3908 0.0051 0.0039 -0.0617 0.9981
6197.0000 -25.3080 181.6587 15.4262 0.0048 0.0026 -0.0618 0.9981
6198.0000 -26.2283 181.7649 15.4710 0.0054 0.0022 -0.0620 0.9981
6199.0000 -27.1466 181.8740 15.4794 0.0059 0.0027 -0.0622 0.9980
6200.0000 -28.0637 181.9917 15.5176 0.0066 0.0024 -0.0622 0.9980
6201.0000 -28.9811 182.1116 15.5201 0.0058 0.0013 -0.0621 0.9981
6202.0000 -29.9115 182.2240 15.5620 0.0056 0.0001 -0.0622 0.9980
6203.0000 -30.8318 182.3497 15.5868 0.0053 0.0006 -0.0620 0.9981
6204.0000 -31.7600 182.4589 15.6192 0.0055 0.0020 -0.0618 0.9981
6205.0000 -32.6783 182.5670 15.6239 0.0050 0.0036 -0.0615 0.9981
6206.0000 -33.5696 182.6832 15.6718 0.0049 0.0035 -0.0611 0.9981
6207.0000 -34.4814 182.8058 15.6923 0.0045 0.0038 -0.0607 0.9981
6208.0000 -35.3980 182.9137 15.7285 0.0038 0.0054 -0.0606 0.9981
6209.0000 -36.3101 183.0265 15.7820 0.0037 0.0087 -0.0603 0.9981
6210.0000 -37.2230 183.1190 15.8207 0.0048 0.0099 -0.0599 0.9981
6211.0000 -38.1443 183.2323 15.8173 0.0053 0.0073 -0.0595 0.9982
6212.0000 -39.0431 183.3510 15.8425 0.0043 0.0029 -0.0592 0.9982
6213.0000 -39.9571 183.4561 15.9033 0.0033 0.0007 -0.0591 0.9982
6214.0000 -40.8485 183.5636 15.9397 0.0024 0.0023 -0.0590 0.9983
6215.0000 -41.7478 183.6541 15.9460 0.0016 0.0037 -0.0589 0.9983
6216.0000 -42.6496 183.7704 15.9782 -0.0002 0.0027 -0.0585 0.9983
6217.0000 -43.5449 183.8855 16.0173 -0.0014 0.0010 -0.0578 0.9983
6218.0000 -44.4300 183.9995 16.0337 -0.0014 0.0007 -0.0580 0.9983
6219.0000 -45.3197 184.1023 16.0605 -0.0011 0.0016 -0.0576 0.9983
6220.0000 -46.1969 184.2043 16.0771 -0.0013 0.0029 -0.0573 0.9984
6221.0000 -47.0732 184.2857 16.1140 -0.0017 0.0030 -0.0570 0.9984
6222.0000 -47.9647 184.4009 16.1339 -0.0020 0.0029 -0.0567 0.9984
6223.0000 -48.8445 184.4891 16.1663 -0.0016 0.0026 -0.0567 0.9984
6224.0000 -49.6991 184.5768 16.1965 -0.0003 0.0017 -0.0565 0.9984
6225.0000 -50.5757 184.6795 16.2133 0.0012 0.0018 -0.0564 0.9984
6226.0000 -51.4445 184.7764 16.2343 0.0024 0.0022 -0.0564 0.9984
6227.0000 -52.3098 184.8674 16.2613 0.0030 0.0026 -0.0567 0.9984
6228.0000 -53.1780 184.9769 16.2848 0.0035 0.0022 -0.0570 0.9984
6229.0000 -54.0290 185.0726 16.3054 0.0037 0.0014 -0.0576 0.9983
6230.0000 -54.8809 185.1593 16.3279 0.0039 0.0016 -0.0582 0.9983
6231.0000 -55.7509 185.2635 16.3589 0.0041 0.0020 -0.0587 0.9983
6232.0000 -56.5840 185.3557 16.3816 0.0042 0.0029 -0.0596 0.9982
6233.0000 -57.4272 185.4645 16.3906 0.0038 0.0032 -0.0601 0.9982
6234.0000 -58.2408 185.5866 16.4338 0.0030 0.0025 -0.0608 0.9981
6235.0000 -59.0821 185.6855 16.4624 0.0030 0.0018 -0.0615 0.9981
6236.0000 -59.8909 185.7848 16.4955 0.0034 0.0014 -0.0628 0.9980
6237.0000 -60.6904 185.8855 16.5121 0.0042 0.0018 -0.0639 0.9979
6238.0000 -61.4487 185.9892 16.5283 0.0039 0.0018 -0.0658 0.9978
6239.0000 -62.2401 186.1058 16.5559 0.0036 0.0017 -0.0685 0.9976
6240.0000 -62.9922 186.2182 16.5880 0.0028 0.0018 -0.0720 0.9974
6241.0000 -63.7207 186.3420 16.6175 0.0025 0.0028 -0.0755 0.9971
6242.0000 -64.4412 186.4652 16.6512 0.0021 0.0046 -0.0796 0.9968
6243.0000 -65.1811 186.6171 16.6708 0.0012 0.0059 -0.0840 0.9965
6244.0000 -65.8697 186.7389 16.7234 0.0012 0.0053 -0.0887 0.9960
6245.0000 -66.5618 186.8879 16.7390 0.0021 0.0045 -0.0942 0.9955
6246.0000 -67.2204 187.0188 16.7671 0.0041 0.0032 -0.1001 0.9950
6247.0000 -67.8885 187.1823 16.7745 0.0059 0.0023 -0.1066 0.9943
6248.0000 -68.5316 187.3442 16.7989 0.0064 0.0014 -0.1147 0.9934
6249.0000 -69.1373 187.5275 16.8365 0.0065 0.0003 -0.1232 0.9924
6250.0000 -69.7466 187.6967 16.8622 0.0085 -0.0010 -0.1323 0.9912
6251.0000 -70.3384 187.8943 16.8672 0.0099 -0.0006 -0.1426 0.9897
6252.0000 -70.9231 188.1077 16.8911 0.0109 0.0004 -0.1527 0.9882
6253.0000 -71.4892 188.3268 16.9168 0.0111 0.0020 -0.1641 0.9864
6254.0000 -72.0600 188.5518 16.9372 0.0116 0.0034 -0.1761 0.9843
6255.0000 -72.6347 188.8090 16.9557 0.0126 0.0038 -0.1888 0.9819
6256.0000 -73.1596 189.0674 16.9715 0.0130 0.0039 -0.2012 0.9794
6257.0000 -73.6951 189.3433 16.9961 0.0132 0.0049 -0.2141 0.9767
6258.0000 -74.2195 189.6303 17.0206 0.0127 0.0061 -0.2273 0.9737
6259.0000 -74.7113 189.9288 17.0571 0.0130 0.0066 -0.2412 0.9704
6260.0000 -75.1993 190.2533 17.0709 0.0131 0.0072 -0.2557 0.9666
6261.0000 -75.6780 190.5993 17.0973 0.0133 0.0079 -0.2707 0.9625
6262.0000 -76.1520 190.9394 17.1190 0.0127 0.0085 -0.2860 0.9581
6263.0000 -76.6053 191.3006 17.1639 0.0123 0.0082 -0.3017 0.9533
6264.0000 -77.0498 191.6775 17.1789 0.0118 0.0077 -0.3182 0.9479
6265.0000 -77.4570 192.0760 17.2051 0.0109 0.0075 -0.3347 0.9422
6266.0000 -77.8569 192.4807 17.2270 0.0095 0.0077 -0.3519 0.9360
6267.0000 -78.2358 192.9105 17.2643 0.0079 0.0084 -0.3697 0.9291
6268.0000 -78.5988 193.3415 17.3047 0.0075 0.0086 -0.3879 0.9216
6269.0000 -78.9332 193.7986 17.3080 0.0069 0.0098 -0.4063 0.9137
6270.0000 -79.2500 194.2321 17.3367 0.0066 0.0106 -0.4249 0.9052
6271.0000 -79.5451 194.7177 17.3572 0.0058 0.0120 -0.4432 0.8963
6272.0000 -79.7973 195.1848 17.4038 0.0051 0.0131 -0.4617 0.8869
6273.0000 -80.0445 195.6634 17.4188 0.0050 0.0134 -0.4803 0.8770
6274.0000 -80.2884 196.1679 17.4383 0.0048 0.0125 -0.4990 0.8665
6275.0000 -80.5061 196.6803 17.4504 0.0044 0.0121 -0.5172 0.8558
6276.0000 -80.7058 197.1925 17.4314 0.0018 0.0147 -0.5347 0.8449
6277.0000 -80.8402 197.7116 17.5342 -0.0006 0.0170 -0.5518 0.8338
6278.0000 -80.9865 198.2534 17.5834 -0.0003 0.0173 -0.5687 0.8224
6279.0000 -81.1190 198.7831 17.6040 0.0031 0.0152 -0.5849 0.8109
6280.0000 -81.2733 199.3447 17.5615 0.0068 0.0120 -0.5995 0.8002
6281.0000 -81.3714 199.9103 17.5196 0.0054 0.0097 -0.6128 0.7902
6282.0000 -81.4595 200.4711 17.5463 -0.0005 0.0109 -0.6245 0.7810
6283.0000 -81.4879 201.0195 17.6368 -0.0063 0.0142 -0.6358 0.7717
6284.0000 -81.5464 201.6033 17.7196 -0.0081 0.0168 -0.6460 0.7631
6285.0000 -81.5989 202.1699 17.7275 -0.0063 0.0180 -0.6550 0.7554
6286.0000 -81.6443 202.7719 17.7091 -0.0043 0.0152 -0.6625 0.7489
6287.0000 -81.6861 203.3609 17.6532 -0.0060 0.0140 -0.6690 0.7431
6288.0000 -81.7061 203.9533 17.7008 -0.0096 0.0135 -0.6747 0.7379
6289.0000 -81.7430 204.5338 17.7404 -0.0128 0.0142 -0.6803 0.7327
6290.0000 -81.7525 205.1366 17.7677 -0.0130 0.0157 -0.6858 0.7275
6291.0000 -81.7561 205.7580 17.7910 -0.0116 0.0169 -0.6910 0.7226
6292.0000 -81.7703 206.3543 17.7760 -0.0111 0.0174 -0.6960 0.7178
6293.0000 -81.7542 206.9984 17.7900 -0.0124 0.0165 -0.7006 0.7132
6294.0000 -81.7362 207.6246 17.8053 -0.0146 0.0153 -0.7053 0.7086
6295.0000 -81.7284 208.2499 17.8190 0.0162 -0.0143 0.7098 -0.7041
6296.0000 -81.6962 208.8733 17.8419 0.0161 -0.0145 0.7140 -0.6998
6297.0000 -81.6614 209.5052 17.8484 0.0131 -0.0159 0.7182 -0.6955
6298.0000 -81.6152 210.1282 17.8559 0.0108 -0.0177 0.7223 -0.6913
6299.0000 -81.5631 210.7696 17.8710 0.0107 -0.0187 0.7259 -0.6875
6300.0000 -81.5152 211.4360 17.8626 0.0156 -0.0197 0.7293 -0.6837
6301.0000 -81.4393 212.1005 17.9591 0.0217 -0.0174 0.7324 -0.6803
6302.0000 -81.3774 212.7771 17.9542 0.0216 -0.0147 0.7354 -0.6772
6303.0000 -81.3229 213.4475 17.9377 0.0189 -0.0119 0.7378 -0.6747
6304.0000 -81.2687 214.1015 17.8750 0.0151 -0.0131 0.7404 -0.6719
6305.0000 -81.1715 214.7913 17.9008 0.0157 -0.0168 0.7424 -0.6696
6306.0000 -81.0729 215.4400 17.9623 0.0181 -0.0191 0.7441 -0.6676
6307.0000 -80.9805 216.1574 18.0086 0.0184 -0.0193 0.7454 -0.6661
6308.0000 -80.9105 216.8327 17.9830 0.0169 -0.0180 0.7469 -0.6645
6309.0000 -80.8256 217.5411 17.9832 0.0148 -0.0168 0.7482 -0.6631
6310.0000 -80.7272 218.2598 17.9787 0.0144 -0.0166 0.7495 -0.6617
6311.0000 -80.6267 218.9565 18.0037 0.0156 -0.0172 0.7507 -0.6602
6312.0000 -80.5297 219.6815 18.0241 0.0180 -0.0181 0.7517 -0.6590
6313.0000 -80.4111 220.3894 18.0554 0.0193 -0.0176 0.7529 -0.6576
6314.0000 -80.3147 221.1278 18.0574 0.0188 -0.0168 0.7541 -0.6562
6315.0000 -80.2020 221.8588 18.0570 0.0182 -0.0165 0.7552 -0.6550
6316.0000 -80.0987 222.5843 18.0668 0.0176 -0.0165 0.7561 -0.6540
6317.0000 -79.9784 223.3213 18.0795 0.0177 -0.0171 0.7568 -0.6532
6318.0000 -79.8563 224.0835 18.1024 0.0180 -0.0176 0.7568 -0.6531
6319.0000 -79.7630 224.8028 18.1142 0.0180 -0.0174 0.7569 -0.6531
6320.0000 -79.6462 225.5584 18.1186 0.0186 -0.0170 0.7567 -0.6533
6321.0000 -79.5358 226.3020 18.1383 0.0195 -0.0164 0.7565 -0.6535
6322.0000 -79.4121 227.0547 18.1501 0.0200 -0.0157 0.7561 -0.6540
6323.0000 -79.3154 227.8134 18.1604 0.0196 -0.0157 0.7559 -0.6542
6324.0000 -79.2140 228.5621 18.1669 0.0186 -0.0162 0.7554 -0.6548
6325.0000 -79.1057 229.3026 18.1771 0.0182 -0.0174 0.7550 -0.6553
6326.0000 -78.9999 230.0498 18.2035 0.0185 -0.0179 0.7543 -0.6560
6327.0000 -78.8878 230.7933 18.2156 0.0192 -0.0176 0.7534 -0.6571
6328.0000 -78.8000 231.5419 18.2211 0.0196 -0.0171 0.7525 -0.6581
6329.0000 -78.7027 232.2820 18.2479 0.0193 -0.0167 0.7511 -0.6596
6330.0000 -78.6229 232.9934 18.2621 0.0182 -0.0176 0.7496 -0.6614
6331.0000 -78.5340 233.7227 18.2854 0.0176 -0.0180 0.7480 -0.6632
6332.0000 -78.4473 234.4633 18.2945 0.0176 -0.0173 0.7463 -0.6651
6333.0000 -78.3723 235.1938 18.2927 0.0187 -0.0161 0.7447 -0.6669
6334.0000 -78.3010 235.9258 18.3145 0.0203 -0.0137 0.7428 -0.6691
6335.0000 -78.2521 236.6300 18.3441 0.0197 -0.0125 0.7409 -0.6712
6336.0000 -78.1986 237.3211 18.3392 0.0177 -0.0135 0.7389 -0.6735
6337.0000 -78.1372 238.0106 18.3578 0.0178 -0.0161 0.7362 -0.6763
6338.0000 -78.0805 238.6804 18.4032 0.0179 -0.0163 0.7338 -0.6789
6339.0000 -78.0523 239.3496 18.4086 0.0174 -0.0143 0.7315 -0.6814
6340.0000 -78.0138 240.0149 18.4069 0.0169 -0.0115 0.7293 -0.6839
6341.0000 -77.9873 240.6569 18.4039 0.0177 -0.0104 0.7267 -0.6866
6342.0000 -77.9629 241.2743 18.4370 0.0188 -0.0110 0.7239 -0.6895
6343.0000 -77.9463 241.9036 18.4674 0.0185 -0.0119 0.7210 -0.6926
6344.0000 -77.9509 242.5159 18.4770 0.0169 -0.0117 0.7181 -0.6956
6345.0000 -77.9571 243.1070 18.4770 0.0150 -0.0110 0.7147 -0.6992
6346.0000 -77.9505 243.6848 18.4877 0.0137 -0.0103 0.7111 -0.7029
6347.0000 -77.9693 244.2683 18.5014 0.0126 -0.0097 0.7075 -0.7065
6348.0000 -77.9778 244.8191 18.5234 -0.0112 0.0092 -0.7040 0.7101
6349.0000 -78.0184 245.3756 18.5275 -0.0097 0.0094 -0.7001 0.7139
6350.0000 -78.0276 245.9330 18.5393 -0.0095 0.0104 -0.6962 0.7177
6351.0000 -78.0794 246.4893 18.5584 -0.0105 0.0113 -0.6917 0.7220
6352.0000 -78.1086 247.0382 18.5747 -0.0119 0.0109 -0.6868 0.7267
6353.0000 -78.1738 247.5930 18.5781 -0.0137 0.0115 -0.6814 0.7317
6354.0000 -78.2264 248.1332 18.6228 -0.0132 0.0113 -0.6755 0.7371
6355.0000 -78.3026 248.6743 18.6215 -0.0117 0.0116 -0.6694 0.7427
6356.0000 -78.3914 249.1967 18.6330 -0.0105 0.0119 -0.6631 0.7483
6357.0000 -78.4929 249.7270 18.6484 -0.0095 0.0121 -0.6568 0.7539
6358.0000 -78.5900 250.2636 18.6467 -0.0094 0.0126 -0.6502 0.7596
6359.0000 -78.7066 250.7882 18.6803 -0.0103 0.0123 -0.6440 0.7649
6360.0000 -78.8199 251.3051 18.6991 -0.0108 0.0113 -0.6382 0.7697
6361.0000 -78.9498 251.8303 18.7202 -0.0109 0.0097 -0.6319 0.7749
6362.0000 -79.0804 252.3620 18.7276 -0.0101 0.0089 -0.6258 0.7799
6363.0000 -79.2253 252.8574 18.7341 -0.0098 0.0094 -0.6197 0.7847
6364.0000 -79.3712 253.3415 18.7531 -0.0097 0.0097 -0.6138 0.7894
6365.0000 -79.5230 253.8571 18.7694 -0.0096 0.0092 -0.6077 0.7940
6366.0000 -79.6767 254.3521 18.7919 -0.0090 0.0083 -0.6019 0.7985
6367.0000 -79.8420 254.8342 18.8211 -0.0073 0.0072 -0.5969 0.8023
6368.0000 -80.0168 255.3163 18.8215 -0.0047 0.0056 -0.5925 0.8056
6369.0000 -80.1830 255.7833 18.8052 -0.0037 0.0044 -0.5889 0.8082
6370.0000 -80.3520 256.2612 18.8062 -0.0058 0.0045 -0.5861 0.8102
6371.0000 -80.4896 256.7370 18.8310 -0.0093 0.0056 -0.5838 0.8118
6372.0000 -80.6511 257.1794 18.9158 -0.0112 0.0065 -0.5822 0.8130
6373.0000 -80.8139 257.6428 18.9528 -0.0070 0.0060 -0.5816 0.8134
6374.0000 -80.9814 258.0914 18.9277 -0.0006 0.0060 -0.5824 0.8129
6375.0000 -81.1470 258.5482 18.8863 0.0042 0.0066 -0.5837 0.8119
6376.0000 -81.2901 258.9933 18.8843 0.0039 0.0090 -0.5860 0.8103
6377.0000 -81.4322 259.4617 18.9121 -0.0000 0.0122 -0.5879 0.8088
6378.0000 -81.5499 259.9011 18.9824 -0.0045 0.0134 -0.5900 0.8073
6379.0000 -81.6756 260.3906 19.0341 -0.0057 0.0109 -0.5923 0.8056
6380.0000 -81.8249 260.8603 19.0310 -0.0033 0.0056 -0.5954 0.8034
6381.0000 -81.9545 261.3213 18.9951 -0.0005 0.0023 -0.5990 0.8008
6382.0000 -82.0703 261.7675 18.9811 -0.0003 0.0040 -0.6033 0.7975
6383.0000 -82.1528 262.2409 18.9909 -0.0042 0.0103 -0.6080 0.7938
6384.0000 -82.2362 262.6757 19.1044 -0.0093 0.0153 -0.6135 0.7895
6385.0000 -82.3301 263.1320 19.1706 -0.0085 0.0163 -0.6201 0.7843
6386.0000 -82.4450 263.5843 19.1482 -0.0024 0.0148 -0.6271 0.7788
6387.0000 -82.5124 264.0592 19.1043 0.0053 0.0130 -0.6340 0.7732
6388.0000 -82.5735 264.5209 19.0551 0.0072 0.0146 -0.6408 0.7676
6389.0000 -82.6045 264.9797 19.1132 0.0029 0.0190 -0.6469 0.7624
6390.0000 -82.6311 265.4221 19.2198 -0.0027 0.0239 -0.6532 0.7568
6391.0000 -82.6561 265.8639 19.2840 -0.0040 0.0267 -0.6599 0.7509
6392.0000 -82.7108 266.3342 19.2976 -0.0010 0.0252 -0.6667 0.7449
6393.0000 -82.7219 266.7946 19.2703 0.0036 0.0202 -0.6733 0.7390
6394.0000 -82.7526 267.2661 19.2435 0.0049 0.0166 -0.6798 0.7332
6395.0000 -82.7607 267.7240 19.2667 0.0023 0.0147 -0.6859 0.7275
6396.0000 -82.7559 268.1910 19.3183 -0.0022 0.0159 -0.6914 0.7223
6397.0000 -82.7479 268.6426 19.3717 -0.0052 0.0166 -0.6970 0.7168
6398.0000 -82.7248 269.0948 19.3964 -0.0066 0.0160 -0.7024 0.7115
6399.0000 -82.7028 269.5564 19.4043 0.0056 -0.0139 0.7078 -0.7063
6400.0000 -82.6799 270.0257 19.3887 0.0038 -0.0110 0.7133 -0.7008
6401.0000 -82.6679 270.4853 19.3763 0.0038 -0.0096 0.7185 -0.6954
6402.0000 -82.6205 270.9724 19.3985 0.0051 -0.0087 0.7234 -0.6904
6403.0000 -82.5698 271.4355 19.4277 0.0067 -0.0089 0.7282 -0.6853
6404.0000 -82.5124 271.9139 19.4447 0.0080 -0.0100 0.7324 -0.6807
6405.0000 -82.4529 272.3805 19.4628 0.0083 -0.0105 0.7364 -0.6764
6406.0000 -82.4086 272.8375 19.4731 0.0078 -0.0108 0.7400 -0.6724
6407.0000 -82.3261 273.3273 19.4874 0.0069 -0.0107 0.7428 -0.6694
6408.0000 -82.2722 273.8020 19.4821 0.0065 -0.0109 0.7453 -0.6666
6409.0000 -82.2131 274.2809 19.4950 0.0067 -0.0112 0.7474 -0.6642
6410.0000 -82.1324 274.7977 19.5037 0.0075 -0.0114 0.7490 -0.6624
6411.0000 -82.0600 275.2799 19.5341 0.0088 -0.0114 0.7505 -0.6607
6412.0000 -81.9930 275.7748 19.5363 0.0096 -0.0118 0.7518 -0.6592
6413.0000 -81.9207 276.2650 19.5566 0.0105 -0.0113 0.7531 -0.6577
6414.0000 -81.8430 276.7640 19.5602 0.0105 -0.0114 0.7543 -0.6564
6415.0000 -81.7634 277.2826 19.5750 0.0101 -0.0113 0.7554 -0.6550
6416.0000 -81.6969 277.7974 19.5783 0.0094 -0.0115 0.7566 -0.6538
6417.0000 -81.5988 278.3153 19.5943 0.0089 -0.0116 0.7576 -0.6526
6418.0000 -81.5076 278.8278 19.6026 0.0090 -0.0124 0.7583 -0.6517
6419.0000 -81.4155 279.3564 19.6048 0.0092 -0.0132 0.7588 -0.6511
6420.0000 -81.3388 279.8886 19.6320 0.0093 -0.0135 0.7592 -0.6507
6421.0000 -81.2563 280.4209 19.6395 0.0088 -0.0131 0.7593 -0.6505
6422.0000 -81.1819 280.9512 19.6487 0.0081 -0.0120 0.7595 -0.6503
6423.0000 -81.0973 281.4991 19.6642 0.0077 -0.0109 0.7599 -0.6500
6424.0000 -81.0133 282.0539 19.6810 0.0074 -0.0112 0.7600 -0.6498
6425.0000 -80.9228 282.5936 19.6870 0.0074 -0.0125 0.7599 -0.6498
6426.0000 -80.8299 283.1541 19.7109 0.0073 -0.0137 0.7600 -0.6498
6427.0000 -80.7440 283.7035 19.7396 0.0063 -0.0132 0.7602 -0.6496
6428.0000 -80.6643 284.2713 19.7425 0.0057 -0.0122 0.7603 -0.6495
6429.0000 -80.5708 284.8592 19.7435 0.0057 -0.0114 0.7602 -0.6495
6430.0000 -80.4772 285.4330 19.7595 0.0064 -0.0112 0.7602 -0.6496
6431.0000 -80.3852 285.9973 19.7812 0.0074 -0.0121 0.7599 -0.6499
6432.0000 -80.3029 286.5657 19.8194 0.0084 -0.0129 0.7595 -0.6503
6433.0000 -80.2157 287.1346 19.8295 0.0082 -0.0127 0.7592 -0.6507
6434.0000 -80.1273 287.7367 19.8234 0.0078 -0.0122 0.7588 -0.6511
6435.0000 -80.0334 288.3403 19.8268 0.0079 -0.0117 0.7583 -0.6518
6436.0000 -79.9493 288.9205 19.8541 0.0091 -0.0115 0.7578 -0.6523
6437.0000 -79.8583 289.4970 19.8793 0.0097 -0.0113 0.7574 -0.6528
6438.0000 -79.7731 290.0966 19.8880 0.0094 -0.0113 0.7568 -0.6535
6439.0000 -79.6875 290.7094 19.8902 0.0089 -0.0114 0.7564 -0.6540
6440.0000 -79.6000 291.3140 19.9051 0.0090 -0.0113 0.7559 -0.6546
6441.0000 -79.5110 291.9124 19.9205 0.0094 -0.0114 0.7553 -0.6552
6442.0000 -79.4239 292.5226 19.9338 0.0100 -0.0110 0.7550 -0.6556
6443.0000 -79.3442 293.1196 19.9470 0.0106 -0.0103 0.7548 -0.6558
6444.0000 -79.2638 293.7207 19.9682 0.0111 -0.0093 0.7546 -0.6560
6445.0000 -79.1786 294.3360 19.9752 0.0112 -0.0083 0.7544 -0.6563
6446.0000 -79.1046 294.9305 19.9796 0.0110 -0.0083 0.7543 -0.6564
6447.0000 -79.0142 295.5201 19.9896 0.0110 -0.0086 0.7543 -0.6564
6448.0000 -78.9291 296.1005 20.0014 0.0113 -0.0097 0.7541 -0.6566
6449.0000 -78.8375 296.6742 20.0308 0.0120 -0.0104 0.7539 -0.6568
6450.0000 -78.7527 297.2629 20.0583 0.0114 -0.0106 0.7539 -0.6568
6451.0000 -78.6865 297.8560 20.0459 0.0109 -0.0107 0.7540 -0.6567
6452.0000 -78.6003 298.4424 20.0541 0.0110 -0.0105 0.7537 -0.6570
6453.0000 -78.5209 299.0029 20.0661 0.0113 -0.0107 0.7535 -0.6572
6454.0000 -78.4394 299.5874 20.0806 0.0121 -0.0110 0.7534 -0.6573
6455.0000 -78.3580 300.1549 20.1101 0.0126 -0.0106 0.7534 -0.6574
6456.0000 -78.2749 300.7584 20.1158 0.0127 -0.0097 0.7531 -0.6577
6457.0000 -78.2085 301.3293 20.1151 0.0120 -0.0086 0.7532 -0.6576
6458.0000 -78.1305 301.9001 20.1367 0.0114 -0.0079 0.7530 -0.6579
6459.0000 -78.0627 302.4666 20.1493 0.0107 -0.0074 0.7528 -0.6581
6460.0000 -77.9863 303.0293 20.1654 0.0097 -0.0064 0.7526 -0.6583
6461.0000 -77.9314 303.5892 20.1679 0.0086 -0.0047 0.7525 -0.6585
6462.0000 -77.8580 304.1968 20.1562 0.0080 -0.0029 0.7524 -0.6587
6463.0000 -77.7764 304.7602 20.1742 0.0079 -0.0008 0.7521 -0.6591
6464.0000 -77.7199 305.3098 20.1744 0.0075 0.0019 0.7520 -0.6592
6465.0000 -77.6442 305.8887 20.1839 0.0069 0.0020 0.7519 -0.6592
6466.0000 -77.5685 306.4585 20.2139 0.0053 0.0007 0.7517 -0.6595
6467.0000 -77.5008 307.0260 20.2163 0.0034 -0.0015 0.7515 -0.6598
6468.0000 -77.4245 307.5635 20.2365 0.0018 -0.0036 0.7514 -0.6598
6469.0000 -77.3400 308.1291 20.2496 0.0008 -0.0047 0.7513 -0.6600
6470.0000 -77.2751 308.6929 20.2707 0.0011 -0.0047 0.7511 -0.6602
6471.0000 -77.2032 309.2416 20.2853 0.0017 -0.0046 0.7509 -0.6604
6472.0000 -77.1367 309.8234 20.2883 0.0027 -0.0052 0.7506 -0.6607
6473.0000 -77.0557 310.3749 20.3167 0.0036 -0.0059 0.7503 -0.6610
6474.0000 -76.9889 310.9254 20.3279 0.0044 -0.0067 0.7501 -0.6612
6475.0000 -76.9109 311.4806 20.3593 0.0050 -0.0068 0.7499 -0.6615
6476.0000 -76.8456 312.0350 20.3664 0.0055 -0.0072 0.7497 -0.6617
6477.0000 -76.7813 312.5845 20.3804 0.0059 -0.0073 0.7496 -0.6618
6478.0000 -76.6914 313.1537 20.3858 0.0061 -0.0076 0.7494 -0.6621
6479.0000 -76.6193 313.7068 20.3931 0.0063 -0.0082 0.7492 -0.6623
6480.0000 -76.5597 314.2593 20.4099 0.0069 -0.0089 0.7490 -0.6624
6481.0000 -76.4854 314.8105 20.4339 0.0072 -0.0094 0.7488 -0.6627
6482.0000 -76.4098 315.3661 20.4451 0.0073 -0.0096 0.7486 -0.6629
6483.0000 -76.3563 315.9149 20.4477 0.0078 -0.0101 0.7484 -0.6631
6484.0000 -76.2837 316.4766 20.4618 0.0081 -0.0105 0.7481 -0.6634
6485.0000 -76.2245 317.0245 20.4827 0.0086 -0.0110 0.7481 -0.6635
6486.0000 -76.1570 317.5795 20.4972 0.0091 -0.0108 0.7479 -0.6637
6487.0000 -76.0900 318.1265 20.5111 0.0092 -0.0104 0.7478 -0.6638
6488.0000 -76.0304 318.6941 20.5182 0.0090 -0.0098 0.7476 -0.6640
6489.0000 -75.9640 319.2385 20.5203 0.0090 -0.0098 0.7473 -0.6643
6490.0000 -75.9019 319.7995 20.5252 0.0093 -0.0101 0.7471 -0.6646
6491.0000 -75.8367 320.3466 20.5524 0.0098 -0.0103 0.7470 -0.6647
6492.0000 -75.7756 320.8967 20.5725 0.0096 -0.0104 0.7468 -0.6649
6493.0000 -75.7226 321.4436 20.5852 0.0092 -0.0103 0.7467 -0.6650
6494.0000 -75.6455 322.0071 20.5896 0.0082 -0.0102 0.7465 -0.6653
6495.0000 -75.5884 322.5662 20.5906 0.0079 -0.0102 0.7463 -0.6655
6496.0000 -75.5270 323.1175 20.6160 0.0078 -0.0101 0.7461 -0.6658
6497.0000 -75.4588 323.6645 20.6251 0.0076 -0.0100 0.7458 -0.6660
6498.0000 -75.3958 324.2192 20.6479 0.0075 -0.0102 0.7457 -0.6662
6499.0000 -75.3300 324.7590 20.6680 0.0073 -0.0098 0.7455 -0.6664
6500.0000 -75.2696 325.3184 20.6761 0.0066 -0.0097 0.7453 -0.6667
6501.0000 -75.2197 325.8739 20.6891 0.0063 -0.0099 0.7452 -0.6667
6502.0000 -75.1692 326.4112 20.6971 0.0065 -0.0098 0.7449 -0.6671
6503.0000 -75.0853 326.9576 20.7167 0.0070 -0.0094 0.7447 -0.6673
6504.0000 -75.0282 327.5052 20.7408 0.0079 -0.0089 0.7447 -0.6673
6505.0000 -74.9849 328.0578 20.7619 0.0079 -0.0079 0.7445 -0.6675
6506.0000 -74.9388 328.6057 20.7640 0.0075 -0.0078 0.7445 -0.6675
6507.0000 -74.8768 329.1417 20.7672 0.0068 -0.0082 0.7446 -0.6675
6508.0000 -74.8037 329.6702 20.7872 0.0068 -0.0082 0.7446 -0.6675
6509.0000 -74.7412 330.2006 20.7938 0.0067 -0.0088 0.7445 -0.6675
6510.0000 -74.6863 330.7320 20.8190 0.0065 -0.0087 0.7446 -0.6674
6511.0000 -74.6356 331.2560 20.8340 0.0066 -0.0085 0.7447 -0.6673
6512.0000 -74.5750 331.7820 20.8384 0.0067 -0.0079 0.7451 -0.6669
6513.0000 -74.5110 332.2955 20.8481 0.0068 -0.0078 0.7454 -0.6666
6514.0000 -74.4472 332.8032 20.8692 0.0072 -0.0078 0.7457 -0.6662
6515.0000 -74.3923 333.3113 20.8809 0.0074 -0.0078 0.7460 -0.6659
6516.0000 -74.3351 333.8019 20.8875 0.0075 -0.0073 0.7463 -0.6655
6517.0000 -74.2830 334.2911 20.8975 0.0075 -0.0066 0.7466 -0.6652
6518.0000 -74.2284 334.7553 20.9031 0.0077 -0.0056 0.7468 -0.6650
6519.0000 -74.1731 335.2234 20.9144 0.0084 -0.0046 0.7470 -0.6648
6520.0000 -74.1137 335.6627 20.9203 0.0096 -0.0038 0.7471 -0.6646
6521.0000 -74.0624 336.1047 20.9345 0.0107 -0.0037 0.7473 -0.6644
6522.0000 -74.0082 336.5260 20.9554 0.0117 -0.0037 0.7475 -0.6641
6523.0000 -73.9589 336.9278 20.9645 0.0118 -0.0039 0.7477 -0.6639
6524.0000 -73.9207 337.3323 20.9655 0.0113 -0.0041 0.7479 -0.6637
6525.0000 -73.8676 337.6984 20.9709 0.0112 -0.0038 0.7480 -0.6636
6526.0000 -73.8155 338.0638 20.9679 0.0112 -0.0042 0.7481 -0.6635
6527.0000 -73.7735 338.4100 20.9785 0.0108 -0.0052 0.7483 -0.6632
6528.0000 -73.7224 338.7576 21.0010 0.0100 -0.0067 0.7485 -0.6630
6529.0000 -73.6837 339.1007 21.0143 0.0091 -0.0078 0.7487 -0.6628
6530.0000 -73.6493 339.4479 21.0149 0.0086 -0.0078 0.7489 -0.6626
6531.0000 -73.6013 339.7993 21.0036 0.0085 -0.0072 0.7491 -0.6624
6532.0000 -73.5586 340.1364 21.0114 0.0086 -0.0067 0.7492 -0.6623
6533.0000 -73.5233 340.4762 21.0193 0.0088 -0.0071 0.7494 -0.6621
6534.0000 -73.4620 340.8198 21.0395 0.0085 -0.0078 0.7496 -0.6618
6535.0000 -73.4190 341.1401 21.0467 0.0081 -0.0087 0.7497 -0.6617
6536.0000 -73.3761 341.4768 21.0573 0.0077 -0.0092 0.7498 -0.6616
6537.0000 -73.3368 341.8076 21.0646 0.0072 -0.0098 0.7501 -0.6613
6538.0000 -73.3046 342.1486 21.0761 0.0068 -0.0094 0.7502 -0.6611
6539.0000 -73.2551 342.4875 21.0796 0.0063 -0.0089 0.7505 -0.6608
6540.0000 -73.2189 342.8198 21.0927 0.0057 -0.0084 0.7506 -0.6606
6541.0000 -73.1663 343.1624 21.0772 0.0053 -0.0086 0.7508 -0.6605
6542.0000 -73.1234 343.4883 21.0959 0.0055 -0.0091 0.7510 -0.6602
6543.0000 -73.0859 343.8274 21.1045 0.0057 -0.0096 0.7511 -0.6601
6544.0000 -73.0364 344.1677 21.1210 0.0057 -0.0100 0.7512 -0.6599
6545.0000 -72.9819 344.5324 21.1366 0.0057 -0.0100 0.7514 -0.6598
6546.0000 -72.9407 344.8888 21.1401 0.0057 -0.0099 0.7516 -0.6595
6547.0000 -72.8871 345.2637 21.1438 0.0058 -0.0095 0.7518 -0.6593
6548.0000 -72.8466 345.6326 21.1555 0.0057 -0.0092 0.7520 -0.6591
6549.0000 -72.7938 345.9960 21.1705 0.0055 -0.0090 0.7522 -0.6589
6550.0000 -72.7504 346.3805 21.1666 0.0052 -0.0093 0.7523 -0.6587
6551.0000 -72.6906 346.7622 21.1816 0.0052 -0.0093 0.7524 -0.6586
6552.0000 -72.6356 347.1707 21.1837 0.0054 -0.0094 0.7526 -0.6583
6553.0000 -72.5814 347.5676 21.1973 0.0056 -0.0092 0.7527 -0.6582
6554.0000 -72.5194 347.9529 21.2112 0.0056 -0.0092 0.7529 -0.6580
6555.0000 -72.4701 348.3642 21.2265 0.0056 -0.0094 0.7531 -0.6578
6556.0000 -72.4145 348.7947 21.2374 0.0055 -0.0092 0.7533 -0.6576
6557.0000 -72.3548 349.2168 21.2345 0.0056 -0.0089 0.7535 -0.6574
6558.0000 -72.2987 349.6583 21.2419 0.0062 -0.0080 0.7537 -0.6571
6559.0000 -72.2416 350.0866 21.2454 0.0068 -0.0077 0.7539 -0.6569
6560.0000 -72.1676 350.5325 21.2654 0.0071 -0.0077 0.7540 -0.6568
6561.0000 -72.1052 350.9738 21.2789 0.0072 -0.0081 0.7542 -0.6565
6562.0000 -72.0434 351.4213 21.2892 0.0071 -0.0083 0.7545 -0.6562
6563.0000 -71.9738 351.8900 21.2968 0.0068 -0.0084 0.7547 -0.6559
6564.0000 -71.9117 352.3543 21.2989 0.0064 -0.0084 0.7549 -0.6557
6565.0000 -71.8467 352.8320 21.3105 0.0059 -0.0080 0.7551 -0.6555
6566.0000 -71.7787 353.3294 21.3097 0.0057 -0.0078 0.7553 -0.6553
6567.0000 -71.7028 353.8170 21.3364 0.0056 -0.0074 0.7555 -0.6551
6568.0000 -71.6300 354.3124 21.3478 0.0051 -0.0070 0.7556 -0.6550
6569.0000 -71.5557 354.8263 21.3477 0.0045 -0.0069 0.7558 -0.6547
6570.0000 -71.4796 355.3289 21.3749 0.0044 -0.0073 0.7560 -0.6545
6571.0000 -71.4185 355.8417 21.3922 0.0037 -0.0068 0.7560 -0.6545
6572.0000 -71.3262 356.3691 21.3797 0.0035 -0.0070 0.7559 -0.6546
6573.0000 -71.2614 356.8672 21.4075 0.0037 -0.0077 0.7558 -0.6548
6574.0000 -71.1790 357.3986 21.4287 0.0032 -0.0087 0.7556 -0.6549
6575.0000 -71.1078 357.9020 21.4476 0.0036 -0.0090 0.7555 -0.6551
6576.0000 -71.0372 358.4287 21.4691 0.0032 -0.0089 0.7554 -0.6552
6577.0000 -70.9560 358.9726 21.4563 0.0030 -0.0089 0.7554 -0.6552
6578.0000 -70.8684 359.5176 21.4600 0.0040 -0.0088 0.7551 -0.6556
6579.0000 -70.7998 360.0300 21.4803 0.0058 -0.0091 0.7549 -0.6557
6580.0000 -70.7289 360.5545 21.5304 0.0070 -0.0099 0.7549 -0.6557
6581.0000 -70.6407 361.0983 21.5386 0.0069 -0.0106 0.7548 -0.6559
6582.0000 -70.5673 361.6387 21.5544 0.0066 -0.0106 0.7546 -0.6561
6583.0000 -70.4997 362.1576 21.5573 0.0063 -0.0106 0.7545 -0.6562
6584.0000 -70.4317 362.7219 21.5539 0.0061 -0.0105 0.7543 -0.6564
6585.0000 -70.3398 363.2809 21.5737 0.0067 -0.0103 0.7540 -0.6568
6586.0000 -70.2717 363.8205 21.5916 0.0078 -0.0099 0.7539 -0.6569
6587.0000 -70.1987 364.3634 21.6114 0.0081 -0.0099 0.7537 -0.6571
6588.0000 -70.1232 364.9090 21.6322 0.0079 -0.0103 0.7536 -0.6572
6589.0000 -70.0439 365.4288 21.6441 0.0073 -0.0110 0.7535 -0.6573
6590.0000 -69.9865 365.9530 21.6678 0.0067 -0.0120 0.7534 -0.6574
6591.0000 -69.9055 366.4967 21.6735 0.0060 -0.0128 0.7533 -0.6575
6592.0000 -69.8148 367.0570 21.6798 0.0061 -0.0130 0.7530 -0.6578
6593.0000 -69.7416 367.5927 21.7033 0.0072 -0.0127 0.7527 -0.6582
6594.0000 -69.6718 368.1557 21.7177 0.0086 -0.0119 0.7522 -0.6588
6595.0000 -69.6067 368.6991 21.7346 0.0096 -0.0103 0.7518 -0.6592
6596.0000 -69.5501 369.2751 21.7429 0.0109 -0.0086 0.7513 -0.6598
6597.0000 -69.4719 369.8285 21.7429 0.0110 -0.0074 0.7508 -0.6604
6598.0000 -69.3955 370.4006 21.7551 0.0110 -0.0074 0.7502 -0.6611
6599.0000 -69.3334 370.9617 21.7613 0.0111 -0.0085 0.7495 -0.6619
6600.0000 -69.2719 371.5085 21.7973 0.0112 -0.0095 0.7486 -0.6628
6601.0000 -69.1976 372.0790 21.8185 0.0103 -0.0092 0.7476 -0.6640
6602.0000 -69.1458 372.6470 21.8133 0.0089 -0.0082 0.7466 -0.6652
6603.0000 -69.0972 373.2243 21.8074 0.0078 -0.0075 0.7457 -0.6662
6604.0000 -69.0385 373.7931 21.8028 0.0081 -0.0071 0.7446 -0.6675
6605.0000 -68.9612 374.3680 21.8270 0.0091 -0.0072 0.7434 -0.6688
6606.0000 -68.9054 374.9366 21.8667 0.0093 -0.0076 0.7426 -0.6696
6607.0000 -68.8458 375.5101 21.8696 0.0087 -0.0084 0.7416 -0.6707
6608.0000 -68.7857 376.0922 21.8848 0.0078 -0.0084 0.7405 -0.6719
6609.0000 -68.7426 376.6586 21.8895 0.0069 -0.0080 0.7397 -0.6729
6610.0000 -68.6971 377.2769 21.8861 0.0065 -0.0079 0.7385 -0.6742
6611.0000 -68.6422 377.8432 21.9021 0.0068 -0.0081 0.7375 -0.6752
6612.0000 -68.6147 378.4250 21.9261 0.0077 -0.0084 0.7364 -0.6764
6613.0000 -68.5571 379.0106 21.9417 0.0086 -0.0084 0.7354 -0.6775
6614.0000 -68.5071 379.5889 21.9711 0.0092 -0.0077 0.7345 -0.6785
6615.0000 -68.4811 380.1914 21.9689 0.0088 -0.0074 0.7335 -0.6796
6616.0000 -68.4415 380.7780 21.9598 0.0090 -0.0069 0.7325 -0.6806
6617.0000 -68.3941 381.3572 21.9742 0.0099 -0.0067 0.7314 -0.6819
6618.0000 -68.3613 381.9391 22.0008 0.0103 -0.0067 0.7301 -0.6832
6619.0000 -68.3342 382.5236 22.0125 0.0105 -0.0069 0.7289 -0.6846
6620.0000 -68.3036 383.1210 22.0261 0.0104 -0.0063 0.7275 -0.6860
6621.0000 -68.2831 383.7154 22.0297 0.0101 -0.0055 0.7262 -0.6873
6622.0000 -68.2674 384.3095 22.0360 0.0098 -0.0044 0.7248 -0.6889
6623.0000 -68.2411 384.8998 22.0305 0.0099 -0.0043 0.7232 -0.6905
6624.0000 -68.2087 385.4940 22.0490 0.0107 -0.0046 0.7213 -0.6925
6625.0000 -68.1937 386.0797 22.0682 0.0112 -0.0055 0.7192 -0.6947
6626.0000 -68.1767 386.6689 22.0966 0.0109 -0.0060 0.7171 -0.6969
6627.0000 -68.1832 387.2486 22.0956 0.0103 -0.0066 0.7150 -0.6991
6628.0000 -68.1853 387.8384 22.1115 0.0102 -0.0070 0.7128 -0.7013
6629.0000 -68.1861 388.4300 22.1145 0.0102 -0.0068 0.7106 -0.7035
6630.0000 -68.1841 389.0229 22.1239 0.0106 -0.0055 0.7085 -0.7057
6631.0000 -68.1933 389.6310 22.1250 -0.0119 0.0044 -0.7061 0.7080
6632.0000 -68.2049 390.2016 22.1263 -0.0134 0.0038 -0.7039 0.7102
6633.0000 -68.2082 390.7938 22.1229 -0.0153 0.0049 -0.7014 0.7126
6634.0000 -68.2177 391.3756 22.1669 -0.0166 0.0065 -0.6994 0.7145
6635.0000 -68.2451 391.9565 22.1859 -0.0143 0.0074 -0.6975 0.7164
6636.0000 -68.2826 392.5570 22.1810 -0.0106 0.0092 -0.6954 0.7185
6637.0000 -68.3122 393.1204 22.1883 -0.0075 0.0103 -0.6930 0.7208
6638.0000 -68.3503 393.6797 22.2023 -0.0066 0.0121 -0.6907 0.7230
6639.0000 -68.3890 394.2398 22.2398 -0.0061 0.0124 -0.6885 0.7251
6640.0000 -68.4146 394.8403 22.2621 -0.0064 0.0109 -0.6862 0.7273
6641.0000 -68.4608 395.4056 22.2734 -0.0061 0.0080 -0.6842 0.7292
6642.0000 -68.5197 395.9920 22.2746 -0.0062 0.0055 -0.6824 0.7309
6643.0000 -68.5613 396.5534 22.2847 -0.0068 0.0042 -0.6805 0.7327
6644.0000 -68.6072 397.1368 22.3119 -0.0076 0.0026 -0.6785 0.7345
6645.0000 -68.6770 397.7037 22.3151 -0.0080 0.0018 -0.6768 0.7361
6646.0000 -68.7314 398.2464 22.3067 -0.0091 0.0018 -0.6749 0.7378
6647.0000 -68.7770 398.8053 22.3155 -0.0113 0.0011 -0.6733 0.7393
6648.0000 -68.8395 399.3796 22.3308 -0.0135 0.0002 -0.6714 0.7410
6649.0000 -68.9007 399.9501 22.3464 -0.0145 -0.0005 -0.6697 0.7425
6650.0000 -68.9752 400.4865 22.3531 -0.0146 -0.0008 -0.6680 0.7441
6651.0000 -69.0319 401.0387 22.3617 -0.0136 -0.0004 -0.6660 0.7458
6652.0000 -69.1009 401.5772 22.3541 -0.0124 0.0013 -0.6641 0.7476
6653.0000 -69.1792 402.1190 22.3722 -0.0107 0.0025 -0.6620 0.7494
6654.0000 -69.2598 402.6360 22.3608 -0.0093 0.0032 -0.6601 0.7511
6655.0000 -69.3363 403.1855 22.3610 -0.0091 0.0030 -0.6578 0.7531
6656.0000 -69.4346 403.7307 22.3810 -0.0095 0.0021 -0.6553 0.7553
6657.0000 -69.5064 404.2639 22.3879 -0.0096 0.0021 -0.6530 0.7573
6658.0000 -69.6070 404.8324 22.4107 -0.0095 0.0024 -0.6503 0.7596
6659.0000 -69.7000 405.3293 22.4301 -0.0093 0.0028 -0.6474 0.7621
6660.0000 -69.7945 405.8725 22.4271 -0.0082 0.0037 -0.6444 0.7647
6661.0000 -69.9027 406.4028 22.4255 -0.0081 0.0048 -0.6412 0.7673
6662.0000 -70.0080 406.9376 22.4422 -0.0084 0.0059 -0.6382 0.7698
6663.0000 -70.1141 407.4653 22.4664 -0.0093 0.0069 -0.6352 0.7723
6664.0000 -70.2430 407.9963 22.4899 -0.0099 0.0075 -0.6319 0.7750
6665.0000 -70.3612 408.5235 22.4995 -0.0097 0.0076 -0.6286 0.7777
6666.0000 -70.4774 409.0299 22.4994 -0.0097 0.0078 -0.6251 0.7805
6667.0000 -70.6090 409.5478 22.5166 -0.0097 0.0078 -0.6218 0.7831
6668.0000 -70.7528 410.0524 22.5239 -0.0097 0.0075 -0.6184 0.7858
6669.0000 -70.8948 410.5719 22.5471 -0.0096 0.0072 -0.6152 0.7883
6670.0000 -71.0192 411.0536 22.5586 -0.0091 0.0072 -0.6119 0.7908
6671.0000 -71.1696 411.5503 22.5651 -0.0090 0.0077 -0.6086 0.7934
6672.0000 -71.3131 412.0339 22.5907 -0.0092 0.0072 -0.6053 0.7959
6673.0000 -71.4590 412.4926 22.5978 -0.0092 0.0069 -0.6019 0.7985
6674.0000 -71.5998 412.9619 22.6027 -0.0095 0.0069 -0.5986 0.8009
6675.0000 -71.7547 413.4005 22.6144 -0.0109 0.0069 -0.5950 0.8036
6676.0000 -71.8898 413.8193 22.6459 -0.0119 0.0061 -0.5911 0.8065
6677.0000 -72.0484 414.2709 22.6385 -0.0129 0.0061 -0.5868 0.8096
6678.0000 -72.1776 414.6457 22.6756 -0.0136 0.0054 -0.5827 0.8125
6679.0000 -72.3531 415.0703 22.6835 -0.0130 0.0052 -0.5782 0.8157
6680.0000 -72.5055 415.4326 22.6783 -0.0115 0.0062 -0.5738 0.8189
6681.0000 -72.6754 415.8144 22.6708 -0.0107 0.0081 -0.5690 0.8222
6682.0000 -72.8252 416.1984 22.7117 -0.0107 0.0082 -0.5646 0.8253
6683.0000 -73.0007 416.6016 22.7181 -0.0105 0.0075 -0.5601 0.8283
6684.0000 -73.1893 416.9857 22.7336 -0.0098 0.0057 -0.5553 0.8316
6685.0000 -73.3767 417.3530 22.7205 -0.0091 0.0055 -0.5506 0.8347
6686.0000 -73.5419 417.7535 22.7486 -0.0081 0.0061 -0.5460 0.8378
6687.0000 -73.7513 418.1204 22.7445 -0.0072 0.0075 -0.5411 0.8409
6688.0000 -73.9336 418.4910 22.7644 -0.0073 0.0083 -0.5359 0.8442
6689.0000 -74.1214 418.8725 22.7834 -0.0080 0.0085 -0.5305 0.8476
6690.0000 -74.3318 419.2306 22.8102 -0.0077 0.0083 -0.5245 0.8513
6691.0000 -74.5423 419.5956 22.8082 -0.0064 0.0087 -0.5179 0.8554
6692.0000 -74.7793 419.9776 22.8225 -0.0050 0.0089 -0.5108 0.8596
6693.0000 -75.0038 420.3266 22.8158 -0.0042 0.0091 -0.5034 0.8640
6694.0000 -75.2492 420.6850 22.8185 -0.0049 0.0093 -0.4948 0.8690
6695.0000 -75.5141 421.0448 22.8468 -0.0068 0.0105 -0.4855 0.8741
6696.0000 -75.7690 421.4028 22.8699 -0.0086 0.0118 -0.4750 0.8799
6697.0000 -76.0189 421.7273 22.8867 -0.0115 0.0121 -0.4643 0.8855
6698.0000 -76.2869 422.0938 22.9679 -0.0115 0.0092 -0.4528 0.8915
6699.0000 -76.6306 422.4325 22.9444 -0.0078 0.0068 -0.4410 0.8974
6700.0000 -76.9732 422.7407 22.9348 -0.0024 0.0042 -0.4284 0.9036
6701.0000 -77.3294 423.0737 22.9246 0.0019 0.0019 -0.4153 0.9097
6702.0000 -77.6935 423.4061 22.9013 0.0044 0.0015 -0.4018 0.9157
6703.0000 -78.0652 423.7161 22.9219 0.0044 0.0045 -0.3876 0.9218
6704.0000 -78.4042 424.0220 22.9791 0.0032 0.0085 -0.3732 0.9277
6705.0000 -78.7437 424.3179 23.0461 0.0033 0.0107 -0.3590 0.9333
6706.0000 -79.1784 424.6221 23.0646 0.0064 0.0123 -0.3451 0.9384
6707.0000 -79.6055 424.8760 23.0911 0.0111 0.0128 -0.3309 0.9435
6708.0000 -80.0476 425.1503 23.0834 0.0182 0.0125 -0.3175 0.9480
6709.0000 -80.5115 425.3993 23.0186 0.0210 0.0122 -0.3049 0.9521
6710.0000 -80.9738 425.6922 23.0216 0.0186 0.0104 -0.2923 0.9561
6711.0000 -81.4282 425.9629 23.1068 0.0124 0.0082 -0.2801 0.9599
6712.0000 -81.8917 426.2276 23.2016 0.0086 0.0066 -0.2680 0.9634
6713.0000 -82.3766 426.4790 23.2422 0.0091 0.0064 -0.2559 0.9666
6714.0000 -82.9051 426.7290 23.2181 0.0111 0.0083 -0.2436 0.9698
6715.0000 -83.4073 426.9373 23.2021 0.0123 0.0109 -0.2305 0.9729
6716.0000 -83.9199 427.1488 23.2299 0.0118 0.0118 -0.2178 0.9758
6717.0000 -84.4612 427.3688 23.2686 0.0106 0.0108 -0.2061 0.9784
6718.0000 -85.0101 427.5331 23.2970 0.0095 0.0095 -0.1944 0.9808
6719.0000 -85.5689 427.7455 23.3276 0.0089 0.0083 -0.1828 0.9831
6720.0000 -86.1467 427.9179 23.3501 0.0087 0.0081 -0.1717 0.9851
6721.0000 -86.7390 428.0938 23.3669 0.0087 0.0081 -0.1609 0.9869
6722.0000 -87.3284 428.2587 23.3822 0.0085 0.0080 -0.1505 0.9885
6723.0000 -87.9445 428.4233 23.4091 0.0082 0.0073 -0.1412 0.9899
6724.0000 -88.5480 428.5669 23.4207 0.0071 0.0066 -0.1324 0.9912
6725.0000 -89.1762 428.7009 23.4521 0.0063 0.0054 -0.1237 0.9923
6726.0000 -89.8059 428.8188 23.4789 0.0067 0.0044 -0.1153 0.9933
6727.0000 -90.4434 428.9281 23.4883 0.0071 0.0042 -0.1075 0.9942
6728.0000 -91.0966 429.0559 23.5200 0.0080 0.0041 -0.0998 0.9950
6729.0000 -91.7461 429.1666 23.5423 0.0092 0.0041 -0.0930 0.9956
6730.0000 -92.4016 429.2675 23.5478 0.0113 0.0045 -0.0876 0.9961
6731.0000 -93.0975 429.3663 23.5402 0.0119 0.0054 -0.0830 0.9965
6732.0000 -93.7759 429.4591 23.5770 0.0121 0.0055 -0.0787 0.9968
6733.0000 -94.4753 429.5539 23.6080 0.0119 0.0060 -0.0745 0.9971
6734.0000 -95.1686 429.6404 23.6311 0.0124 0.0064 -0.0709 0.9974
6735.0000 -95.8708 429.7364 23.6531 0.0132 0.0064 -0.0678 0.9976
6736.0000 -96.5522 429.8122 23.6752 0.0138 0.0065 -0.0658 0.9977
6737.0000 -97.2852 429.9056 23.6963 0.0139 0.0066 -0.0643 0.9978
6738.0000 -98.0208 429.9900 23.7290 0.0138 0.0063 -0.0634 0.9979
6739.0000 -98.7376 430.0737 23.7524 0.0134 0.0062 -0.0629 0.9979
6740.0000 -99.4673 430.1769 23.7926 0.0134 0.0059 -0.0626 0.9979
6741.0000 -100.2104 430.2599 23.7946 0.0132 0.0061 -0.0625 0.9979
6742.0000 -100.9477 430.3617 23.8155 0.0125 0.0066 -0.0623 0.9980
6743.0000 -101.6871 430.4444 23.8739 0.0128 0.0089 -0.0623 0.9979
6744.0000 -102.4444 430.5348 23.9122 0.0131 0.0163 -0.0622 0.9978
6745.0000 -103.1911 430.6363 23.9389 0.0121 0.0196 -0.0617 0.9978
6746.0000 -103.9459 430.7438 23.9498 0.0093 0.0141 -0.0614 0.9980
6747.0000 -104.7145 430.8612 24.0064 0.0081 0.0001 -0.0616 0.9981
6748.0000 -105.5565 430.9555 24.0020 0.0078 -0.0116 -0.0624 0.9980
6749.0000 -106.3798 431.0406 23.9984 0.0100 -0.0091 -0.0629 0.9979
6750.0000 -107.1418 431.1073 24.0203 0.0106 0.0023 -0.0628 0.9980
6751.0000 -107.9022 431.2369 24.0747 0.0106 0.0114 -0.0626 0.9979
6752.0000 -108.6835 431.3513 24.1115 0.0106 0.0125 -0.0630 0.9979
6753.0000 -109.5107 431.4616 24.1413 0.0115 0.0076 -0.0636 0.9979
6754.0000 -110.3474 431.5394 24.1452 0.0135 0.0040 -0.0645 0.9978
6755.0000 -111.1925 431.6846 24.1569 0.0150 0.0036 -0.0653 0.9977
6756.0000 -112.0138 431.7641 24.1886 0.0157 0.0053 -0.0666 0.9976
6757.0000 -112.8598 431.9174 24.2184 0.0149 0.0077 -0.0671 0.9976
6758.0000 -113.6917 432.0165 24.2691 0.0137 0.0088 -0.0680 0.9976
6759.0000 -114.5381 432.1484 24.2976 0.0129 0.0088 -0.0685 0.9975
6760.0000 -115.3964 432.2717 24.3299 0.0121 0.0077 -0.0692 0.9975
6761.0000 -116.2717 432.3950 24.3564 0.0114 0.0069 -0.0697 0.9975
6762.0000 -117.1453 432.4935 24.3894 0.0112 0.0066 -0.0700 0.9975
6763.0000 -118.0172 432.6382 24.4111 0.0107 0.0068 -0.0699 0.9975
6764.0000 -118.8786 432.7586 24.4454 0.0106 0.0073 -0.0697 0.9975
6765.0000 -119.7765 432.8767 24.4652 0.0091 0.0078 -0.0696 0.9975
6766.0000 -120.6505 433.0082 24.5190 0.0082 0.0075 -0.0692 0.9975
6767.0000 -121.5383 433.1346 24.5503 0.0077 0.0071 -0.0685 0.9976
6768.0000 -122.4453 433.2578 24.5720 0.0076 0.0069 -0.0678 0.9976
6769.0000 -123.3462 433.3732 24.5990 0.0077 0.0064 -0.0673 0.9977
6770.0000 -124.2454 433.4916 24.6200 0.0076 0.0060 -0.0668 0.9977
6771.0000 -125.1617 433.6272 24.6662 0.0080 0.0051 -0.0667 0.9977
6772.0000 -126.0696 433.7284 24.6866 0.0081 0.0051 -0.0671 0.9977
6773.0000 -127.0070 433.8593 24.7123 0.0080 0.0048 -0.0673 0.9977
6774.0000 -127.9188 433.9846 24.7409 0.0078 0.0049 -0.0676 0.9977
6775.0000 -128.8479 434.1171 24.7789 0.0071 0.0051 -0.0678 0.9977
6776.0000 -129.7765 434.2404 24.8057 0.0072 0.0056 -0.0678 0.9977
6777.0000 -130.7119 434.3824 24.8272 0.0065 0.0062 -0.0680 0.9976
6778.0000 -131.6371 434.5109 24.8727 0.0061 0.0061 -0.0683 0.9976
6779.0000 -132.5614 434.6350 24.9143 0.0062 0.0057 -0.0687 0.9976
6780.0000 -133.5174 434.7691 24.9281 0.0070 0.0061 -0.0687 0.9976
6781.0000 -134.4419 434.8951 24.9357 0.0052 0.0065 -0.0686 0.9976
6782.0000 -135.3470 435.0274 25.0209 0.0038 0.0059 -0.0682 0.9976
6783.0000 -136.2742 435.1575 25.0570 0.0037 0.0055 -0.0679 0.9977
6784.0000 -137.1966 435.2853 25.0673 0.0036 0.0048 -0.0677 0.9977
6785.0000 -138.1213 435.4257 25.1088 0.0038 0.0035 -0.0673 0.9977
6786.0000 -139.0250 435.5214 25.1349 0.0045 0.0026 -0.0672 0.9977
6787.0000 -139.9298 435.6744 25.1615 0.0059 0.0026 -0.0669 0.9977
6788.0000 -140.8295 435.7779 25.1853 0.0070 0.0030 -0.0669 0.9977
6789.0000 -141.7518 435.8894 25.2141 0.0081 0.0036 -0.0673 0.9977
6790.0000 -142.6755 436.0242 25.2406 0.0086 0.0049 -0.0673 0.9977
6791.0000 -143.5805 436.1496 25.2743 0.0093 0.0055 -0.0674 0.9977
6792.0000 -144.4973 436.2582 25.3007 0.0094 0.0059 -0.0676 0.9976
6793.0000 -145.4012 436.3681 25.3337 0.0093 0.0058 -0.0674 0.9977
6794.0000 -146.3452 436.5199 25.3675 0.0094 0.0060 -0.0674 0.9977
6795.0000 -147.2479 436.6312 25.3995 0.0089 0.0069 -0.0675 0.9977
6796.0000 -148.1831 436.7785 25.4418 0.0082 0.0066 -0.0671 0.9977
6797.0000 -149.1100 436.9049 25.4842 0.0079 0.0055 -0.0670 0.9977
6798.0000 -150.0500 437.0287 25.5008 0.0078 0.0040 -0.0667 0.9977
6799.0000 -150.9626 437.1567 25.5300 0.0079 0.0041 -0.0666 0.9977
6800.0000 -151.8726 437.2659 25.5560 0.0077 0.0054 -0.0664 0.9977
6801.0000 -152.8038 437.4034 25.5980 0.0077 0.0063 -0.0658 0.9978
6802.0000 -153.7451 437.5326 25.6277 0.0077 0.0065 -0.0656 0.9978
6803.0000 -154.6610 437.6395 25.6589 0.0077 0.0062 -0.0654 0.9978
6804.0000 -155.5994 437.7550 25.6906 0.0076 0.0060 -0.0652 0.9978
6805.0000 -156.5397 437.8748 25.7188 0.0068 0.0062 -0.0651 0.9978
6806.0000 -157.4683 437.9962 25.7582 0.0061 0.0067 -0.0646 0.9979
6807.0000 -158.3919 438.1246 25.7985 0.0051 0.0075 -0.0644 0.9979
6808.0000 -159.3188 438.2471 25.8352 0.0042 0.0079 -0.0642 0.9979
6809.0000 -160.2492 438.3691 25.8749 0.0036 0.0080 -0.0640 0.9979
6810.0000 -161.1714 438.5019 25.9178 0.0035 0.0073 -0.0637 0.9979
6811.0000 -162.1008 438.6134 25.9512 0.0039 0.0061 -0.0634 0.9980
6812.0000 -163.0319 438.7252 25.9745 0.0041 0.0056 -0.0633 0.9980
6813.0000 -163.9340 438.8322 26.0217 0.0048 0.0059 -0.0631 0.9980
6814.0000 -164.8557 438.9546 26.0497 0.0054 0.0067 -0.0627 0.9980
6815.0000 -165.7656 439.0683 26.0902 0.0056 0.0070 -0.0624 0.9980
6816.0000 -166.6704 439.1801 26.1151 0.0057 0.0066 -0.0623 0.9980
6817.0000 -167.5993 439.2991 26.1488 0.0058 0.0064 -0.0620 0.9980
6818.0000 -168.5063 439.4173 26.1775 0.0056 0.0063 -0.0620 0.9980
6819.0000 -169.4196 439.5324 26.2125 0.0056 0.0063 -0.0617 0.9981
6820.0000 -170.3397 439.6493 26.2394 0.0047 0.0061 -0.0619 0.9981
6821.0000 -171.2521 439.7677 26.2844 0.0036 0.0052 -0.0623 0.9980
6822.0000 -172.1663 439.8811 26.3120 0.0027 0.0049 -0.0628 0.9980
6823.0000 -173.0590 439.9975 26.3434 0.0018 0.0044 -0.0631 0.9980
6824.0000 -173.9553 440.1129 26.3812 0.0015 0.0041 -0.0635 0.9980
6825.0000 -174.8674 440.2413 26.4011 0.0019 0.0046 -0.0637 0.9980
6826.0000 -175.7671 440.3499 26.4402 0.0024 0.0052 -0.0641 0.9979
6827.0000 -176.6730 440.4589 26.4769 0.0034 0.0060 -0.0644 0.9979
6828.0000 -177.5819 440.5666 26.5042 0.0046 0.0069 -0.0646 0.9979
6829.0000 -178.4640 440.6887 26.5360 0.0063 0.0075 -0.0649 0.9978
6830.0000 -179.3546 440.8129 26.5689 0.0081 0.0077 -0.0652 0.9978
6831.0000 -180.2575 440.9338 26.5970 0.0088 0.0071 -0.0652 0.9978
6832.0000 -181.1329 441.0511 26.6376 0.0095 0.0059 -0.0657 0.9978
6833.0000 -182.0444 441.1808 26.6654 0.0101 0.0050 -0.0659 0.9978
6834.0000 -182.9184 441.2945 26.7070 0.0101 0.0043 -0.0662 0.9977
6835.0000 -183.7961 441.4138 26.7369 0.0103 0.0046 -0.0660 0.9978
6836.0000 -184.6645 441.5167 26.7684 0.0105 0.0052 -0.0658 0.9978
6837.0000 -185.5367 441.6386 26.8016 0.0107 0.0055 -0.0655 0.9978
6838.0000 -186.4061 441.7486 26.8263 0.0107 0.0054 -0.0653 0.9978
6839.0000 -187.2719 441.8539 26.8613 0.0108 0.0055 -0.0653 0.9978
6840.0000 -188.1361 441.9757 26.8932 0.0111 0.0054 -0.0651 0.9978
6841.0000 -188.9921 442.0733 26.9290 0.0115 0.0056 -0.0648 0.9978
6842.0000 -189.8653 442.1915 26.9510 0.0117 0.0070 -0.0646 0.9978
6843.0000 -190.7222 442.2967 26.9915 0.0111 0.0088 -0.0641 0.9978
6844.0000 -191.5602 442.4125 27.0398 0.0118 0.0089 -0.0639 0.9978
6845.0000 -192.4395 442.5104 27.0635 0.0120 0.0089 -0.0635 0.9979
6846.0000 -193.3070 442.6037 27.1113 0.0129 0.0080 -0.0627 0.9979
6847.0000 -194.1557 442.7165 27.1453 0.0143 0.0079 -0.0616 0.9980
6848.0000 -195.0095 442.8232 27.1540 0.0150 0.0076 -0.0606 0.9980
6849.0000 -195.8598 442.9304 27.1889 0.0144 0.0066 -0.0595 0.9981
6850.0000 -196.7089 443.0083 27.2395 0.0136 0.0055 -0.0588 0.9982
6851.0000 -197.5678 443.1272 27.2591 0.0134 0.0050 -0.0579 0.9982
6852.0000 -198.4120 443.2300 27.2898 0.0131 0.0044 -0.0569 0.9983
6853.0000 -199.2591 443.3143 27.3159 0.0127 0.0039 -0.0559 0.9983
6854.0000 -200.0996 443.4048 27.3554 0.0125 0.0038 -0.0549 0.9984
6855.0000 -200.9465 443.5016 27.3881 0.0129 0.0043 -0.0540 0.9984
6856.0000 -201.7849 443.5857 27.4152 0.0138 0.0054 -0.0530 0.9985
6857.0000 -202.6202 443.6663 27.4452 0.0143 0.0066 -0.0521 0.9985
6858.0000 -203.4605 443.7590 27.4727 0.0147 0.0071 -0.0513 0.9986
6859.0000 -204.2858 443.8350 27.5122 0.0151 0.0065 -0.0505 0.9986
6860.0000 -205.1286 443.9196 27.5347 0.0154 0.0071 -0.0498 0.9986
6861.0000 -205.9563 443.9954 27.5621 0.0143 0.0084 -0.0491 0.9987
6862.0000 -206.7656 444.1015 27.6274 0.0134 0.0086 -0.0483 0.9987
6863.0000 -207.5912 444.1685 27.6544 0.0131 0.0087 -0.0476 0.9987
6864.0000 -208.4109 444.2372 27.6896 0.0127 0.0085 -0.0470 0.9988
6865.0000 -209.2255 444.3272 27.7169 0.0122 0.0085 -0.0462 0.9988
6866.0000 -210.0316 444.3897 27.7559 0.0117 0.0088 -0.0458 0.9988
6867.0000 -210.8570 444.4575 27.7924 0.0114 0.0087 -0.0453 0.9989
6868.0000 -211.6501 444.5368 27.8225 0.0113 0.0078 -0.0448 0.9989
6869.0000 -212.4465 444.6064 27.8581 0.0107 0.0065 -0.0443 0.9989
6870.0000 -213.2213 444.6758 27.8926 0.0104 0.0057 -0.0436 0.9990
6871.0000 -213.9930 444.7363 27.9185 0.0101 0.0051 -0.0432 0.9990
6872.0000 -214.7539 444.7953 27.9496 0.0105 0.0048 -0.0427 0.9990
6873.0000 -215.5070 444.8549 27.9708 0.0103 0.0043 -0.0421 0.9991
6874.0000 -216.2406 444.9171 27.9988 0.0097 0.0041 -0.0414 0.9991
6875.0000 -216.9620 444.9692 28.0364 0.0097 0.0039 -0.0402 0.9991
6876.0000 -217.6773 445.0290 28.0634 0.0097 0.0038 -0.0389 0.9992
6877.0000 -218.3743 445.0710 28.0777 0.0099 0.0041 -0.0369 0.9993
6878.0000 -219.0563 445.1246 28.0958 0.0090 0.0044 -0.0346 0.9994
6879.0000 -219.7164 445.1724 28.1256 0.0070 0.0048 -0.0314 0.9995
6880.0000 -220.3613 445.2056 28.1770 0.0060 0.0045 -0.0274 0.9996
6881.0000 -221.0198 445.2287 28.1893 0.0059 0.0044 -0.0226 0.9997
6882.0000 -221.6468 445.2326 28.2082 0.0062 0.0038 -0.0168 0.9998
6883.0000 -222.2573 445.2212 28.2279 0.0062 0.0032 -0.0100 0.9999
6884.0000 -222.8169 445.2183 28.2526 0.0058 0.0024 -0.0028 1.0000
6885.0000 -223.3974 445.1829 28.2813 0.0061 0.0020 0.0051 1.0000
6886.0000 -223.9381 445.1443 28.2968 0.0070 0.0022 0.0130 0.9999
6887.0000 -224.4857 445.1031 28.3094 0.0079 0.0031 0.0215 0.9997
6888.0000 -225.0281 445.0476 28.3251 0.0091 0.0045 0.0301 0.9995
6889.0000 -225.5664 444.9892 28.3461 0.0095 0.0048 0.0391 0.9992
6890.0000 -226.1017 444.9103 28.3625 0.0101 0.0043 0.0483 0.9988
6891.0000 -226.6403 444.8173 28.3816 0.0110 0.0032 0.0576 0.9983
6892.0000 -227.1620 444.7164 28.3921 0.0120 0.0027 0.0669 0.9977
6893.0000 -227.6766 444.6039 28.4070 0.0133 0.0043 0.0760 0.9970
6894.0000 -228.1818 444.5072 28.4263 0.0149 0.0114 0.0853 0.9962
6895.0000 -228.6605 444.3809 28.4691 0.0143 0.0193 0.0946 0.9952
6896.0000 -229.1489 444.2435 28.5049 0.0126 0.0216 0.1041 0.9943
6897.0000 -229.6444 444.1143 28.5253 0.0117 0.0191 0.1133 0.9933
6898.0000 -230.1821 443.9822 28.5260 0.0117 0.0134 0.1221 0.9924
6899.0000 -230.6914 443.8046 28.5150 0.0153 0.0011 0.1304 0.9913
6900.0000 -231.2304 443.6245 28.5034 0.0207 -0.0132 0.1388 0.9900
6901.0000 -231.7447 443.4718 28.5666 0.0233 -0.0184 0.1477 0.9886
6902.0000 -232.1960 443.2908 28.6065 0.0207 -0.0120 0.1570 0.9873
6903.0000 -232.6844 443.0848 28.5944 0.0143 -0.0021 0.1677 0.9857
6904.0000 -233.1687 442.8759 28.6016 0.0100 0.0070 0.1783 0.9839
6905.0000 -233.6409 442.6666 28.5897 0.0090 0.0142 0.1883 0.9820
6906.0000 -234.1298 442.4053 28.5546 0.0112 0.0147 0.1982 0.9800
6907.0000 -234.6410 442.1326 28.5608 0.0153 0.0093 0.2089 0.9778
6908.0000 -235.1213 441.8992 28.6219 0.0175 0.0039 0.2206 0.9752
6909.0000 -235.5838 441.6466 28.6729 0.0176 0.0032 0.2331 0.9723
6910.0000 -236.0628 441.3573 28.6799 0.0160 0.0057 0.2450 0.9694
6911.0000 -236.5465 441.0319 28.6724 0.0143 0.0087 0.2573 0.9662
6912.0000 -236.9900 440.7396 28.6748 0.0139 0.0095 0.2691 0.9630
6913.0000 -237.4740 440.4038 28.6808 0.0146 0.0087 0.2805 0.9597
6914.0000 -237.9179 440.0617 28.6948 0.0160 0.0069 0.2919 0.9563
6915.0000 -238.3673 439.6968 28.7110 0.0178 0.0052 0.3034 0.9527
6916.0000 -238.8149 439.3221 28.7139 0.0193 0.0040 0.3150 0.9489
6917.0000 -239.2412 438.9389 28.7215 0.0202 0.0036 0.3266 0.9449
6918.0000 -239.6714 438.5496 28.7359 0.0209 0.0035 0.3381 0.9409
6919.0000 -240.1052 438.1658 28.7714 0.0223 0.0043 0.3488 0.9369
6920.0000 -240.5127 437.7498 28.7482 0.0235 0.0056 0.3590 0.9330
6921.0000 -240.9444 437.3110 28.7286 0.0235 0.0058 0.3686 0.9293
6922.0000 -241.3714 436.8573 28.7300 0.0236 0.0045 0.3779 0.9255
6923.0000 -241.7415 436.4417 28.7474 0.0226 0.0023 0.3873 0.9217
6924.0000 -242.1490 435.9956 28.7743 0.0222 0.0006 0.3968 0.9177
6925.0000 -242.5316 435.5275 28.7908 0.0223 0.0008 0.4063 0.9135
6926.0000 -242.9259 435.0317 28.7794 0.0228 0.0017 0.4157 0.9092
6927.0000 -243.3054 434.5308 28.7555 0.0232 0.0023 0.4255 0.9047
6928.0000 -243.6809 434.0293 28.7489 0.0239 0.0016 0.4351 0.9000
6929.0000 -244.0242 433.5205 28.7557 0.0248 0.0001 0.4447 0.8953
6930.0000 -244.4029 432.9902 28.7711 0.0267 -0.0011 0.4543 0.8904
6931.0000 -244.7339 432.4572 28.7456 0.0265 -0.0019 0.4638 0.8855
6932.0000 -245.0695 431.9039 28.7339 0.0256 -0.0019 0.4731 0.8806
6933.0000 -245.3945 431.3602 28.7733 0.0260 -0.0004 0.4824 0.8756
6934.0000 -245.7020 430.7751 28.7465 0.0257 0.0018 0.4915 0.8705
6935.0000 -246.0211 430.2032 28.7328 0.0260 0.0038 0.5001 0.8656
6936.0000 -246.3425 429.5913 28.6911 0.0242 0.0028 0.5085 0.8607
6937.0000 -246.6354 429.0268 28.7246 0.0229 -0.0018 0.5161 0.8562
6938.0000 -246.9167 428.4253 28.7418 0.0217 -0.0057 0.5230 0.8521
6939.0000 -247.1966 427.7909 28.7394 0.0221 -0.0066 0.5296 0.8480
6940.0000 -247.4688 427.1648 28.7043 0.0224 -0.0056 0.5361 0.8438
6941.0000 -247.7674 426.5068 28.6976 0.0229 -0.0049 0.5424 0.8398
6942.0000 -248.0163 425.8815 28.6786 0.0231 -0.0055 0.5480 0.8361
6943.0000 -248.2680 425.2467 28.6788 0.0236 -0.0060 0.5534 0.8326
6944.0000 -248.5275 424.5783 28.6649 0.0242 -0.0051 0.5581 0.8294
6945.0000 -248.7666 423.8834 28.6507 0.0248 -0.0036 0.5628 0.8262
6946.0000 -249.0021 423.2265 28.6388 0.0253 -0.0019 0.5676 0.8229
6947.0000 -249.2378 422.5340 28.6389 0.0264 0.0000 0.5722 0.8197
6948.0000 -249.4747 421.8206 28.6112 0.0272 0.0020 0.5770 0.8163
6949.0000 -249.6938 421.1262 28.6181 0.0281 0.0034 0.5816 0.8130
6950.0000 -249.8909 420.4422 28.5976 0.0288 0.0044 0.5859 0.8098
6951.0000 -250.1142 419.7211 28.5983 0.0303 0.0048 0.5899 0.8069
6952.0000 -250.3210 418.9885 28.5899 0.0321 0.0051 0.5933 0.8044
6953.0000 -250.5423 418.2420 28.5739 0.0339 0.0050 0.5963 0.8020
6954.0000 -250.7526 417.5009 28.5571 0.0354 0.0036 0.5989 0.8000
6955.0000 -250.9648 416.7664 28.5407 0.0361 0.0013 0.6013 0.7982
6956.0000 -251.1777 416.0118 28.5309 0.0367 -0.0021 0.6035 0.7965
6957.0000 -251.3691 415.2668 28.5090 0.0367 -0.0054 0.6054 0.7951
6958.0000 -251.5631 414.4808 28.5130 0.0348 -0.0048 0.6075 0.7936
6959.0000 -251.7556 413.7270 28.5038 0.0310 0.0014 0.6101 0.7917
6960.0000 -251.9558 412.9623 28.4604 0.0264 0.0079 0.6130 0.7896
6961.0000 -252.1696 412.1948 28.4329 0.0252 0.0084 0.6158 0.7874
6962.0000 -252.3566 411.4118 28.4363 0.0276 0.0024 0.6178 0.7858
6963.0000 -252.5158 410.5892 28.4623 0.0330 -0.0034 0.6202 0.7837
6964.0000 -252.6791 409.7692 28.4366 0.0356 -0.0042 0.6226 0.7817
6965.0000 -252.8571 408.9447 28.3933 0.0340 -0.0019 0.6258 0.7793
6966.0000 -253.0217 408.1588 28.3768 0.0324 0.0010 0.6290 0.7767
6967.0000 -253.1852 407.3589 28.3565 0.0318 0.0031 0.6319 0.7744
6968.0000 -253.3459 406.5211 28.3316 0.0314 0.0033 0.6347 0.7721
6969.0000 -253.4994 405.6813 28.3388 0.0321 0.0028 0.6374 0.7698
6970.0000 -253.6381 404.8399 28.3179 0.0328 0.0023 0.6398 0.7678
6971.0000 -253.7813 403.9830 28.3036 0.0333 0.0026 0.6422 0.7658
6972.0000 -253.9133 403.1286 28.2831 0.0330 0.0033 0.6441 0.7642
6973.0000 -254.0625 402.2891 28.2572 0.0329 0.0036 0.6459 0.7627
6974.0000 -254.2033 401.4396 28.2368 0.0327 0.0030 0.6476 0.7613
6975.0000 -254.3261 400.5744 28.2313 0.0321 0.0015 0.6493 0.7598
6976.0000 -254.4610 399.6835 28.2205 0.0323 0.0009 0.6508 0.7585
6977.0000 -254.5830 398.7939 28.1966 0.0326 0.0002 0.6522 0.7573
6978.0000 -254.7145 397.9258 28.1862 0.0341 -0.0004 0.6535 0.7561
6979.0000 -254.8466 397.0119 28.1598 0.0354 -0.0003 0.6548 0.7550
6980.0000 -254.9553 396.1149 28.1303 0.0360 0.0002 0.6561 0.7538
6981.0000 -255.0756 395.2162 28.1128 0.0359 0.0006 0.6574 0.7527
6982.0000 -255.1951 394.3154 28.0961 0.0357 0.0008 0.6586 0.7517
6983.0000 -255.2966 393.4254 28.0758 0.0366 0.0014 0.6594 0.7509
6984.0000 -255.4099 392.5367 28.0480 0.0385 0.0029 0.6599 0.7503
6985.0000 -255.5214 391.6310 28.0027 0.0379 0.0030 0.6598 0.7505
6986.0000 -255.6392 390.7499 28.0058 0.0375 0.0021 0.6591 0.7511
6987.0000 -255.7558 389.8678 27.9881 0.0364 0.0017 0.6582 0.7520
6988.0000 -255.8856 388.9830 27.9654 0.0351 0.0009 0.6575 0.7526
6989.0000 -256.0178 388.0865 27.9611 0.0336 0.0005 0.6568 0.7533
6990.0000 -256.1406 387.2014 27.9536 0.0315 -0.0001 0.6559 0.7542
6991.0000 -256.2698 386.3286 27.9385 0.0297 -0.0005 0.6553 0.7548
6992.0000 -256.4168 385.4437 27.9173 0.0287 -0.0000 0.6544 0.7556
6993.0000 -256.5407 384.5540 27.9088 0.0279 -0.0001 0.6539 0.7561
6994.0000 -256.6767 383.6778 27.9019 0.0280 0.0001 0.6534 0.7565
6995.0000 -256.8023 382.7992 27.8875 0.0277 0.0003 0.6528 0.7571
6996.0000 -256.9323 381.9163 27.8773 0.0275 0.0005 0.6522 0.7576
6997.0000 -257.0598 381.0392 27.8659 0.0282 0.0005 0.6514 0.7582
6998.0000 -257.2011 380.1336 27.8366 0.0290 0.0001 0.6508 0.7587
6999.0000 -257.3587 379.2601 27.8428 0.0308 -0.0014 0.6502 0.7591
7000.0000 -257.4919 378.3909 27.8317 0.0307 -0.0012 0.6497 0.7596
7001.0000 -257.6136 377.5093 27.8023 0.0295 0.0006 0.6491 0.7601
7002.0000 -257.7527 376.6404 27.8004 0.0287 0.0028 0.6486 0.7606
7003.0000 -257.8995 375.7595 27.7822 0.0281 0.0026 0.6480 0.7611
7004.0000 -258.0505 374.8611 27.7739 0.0290 -0.0008 0.6471 0.7619
7005.0000 -258.2160 373.9682 27.7701 0.0336 -0.0039 0.6461 0.7625
7006.0000 -258.3637 373.0822 27.7267 0.0379 -0.0056 0.6448 0.7634
7007.0000 -258.5031 372.2101 27.6938 0.0384 -0.0032 0.6436 0.7644
7008.0000 -258.6533 371.3303 27.6864 0.0347 0.0035 0.6428 0.7653
7009.0000 -258.8038 370.4754 27.6721 0.0297 0.0074 0.6419 0.7662
7010.0000 -258.9589 369.6126 27.6874 0.0296 0.0078 0.6408 0.7671
7011.0000 -259.1293 368.7382 27.6815 0.0328 0.0052 0.6392 0.7683
7012.0000 -259.2998 367.8381 27.6623 0.0357 0.0041 0.6374 0.7697
7013.0000 -259.4541 366.9611 27.6237 0.0383 0.0037 0.6355 0.7711
7014.0000 -259.6432 366.0873 27.6023 0.0360 0.0045 0.6336 0.7728
7015.0000 -259.8295 365.2498 27.6237 0.0320 0.0060 0.6319 0.7744
7016.0000 -260.0154 364.4108 27.6038 0.0265 0.0083 0.6292 0.7767
7017.0000 -260.2314 363.5320 27.6281 0.0236 0.0069 0.6267 0.7789
7018.0000 -260.4159 362.7119 27.6469 0.0248 0.0050 0.6236 0.7813
7019.0000 -260.6410 361.8443 27.6212 0.0267 0.0029 0.6206 0.7837
7020.0000 -260.8489 360.9997 27.6083 0.0286 0.0003 0.6178 0.7858
7021.0000 -261.0696 360.1557 27.6035 0.0293 -0.0005 0.6149 0.7880
7022.0000 -261.2856 359.3212 27.6066 0.0302 0.0000 0.6120 0.7902
7023.0000 -261.5000 358.4898 27.5964 0.0311 0.0016 0.6092 0.7924
7024.0000 -261.7320 357.6540 27.5626 0.0312 0.0030 0.6068 0.7943
7025.0000 -261.9586 356.8373 27.5627 0.0307 0.0033 0.6038 0.7965
7026.0000 -262.2058 356.0120 27.5660 0.0314 0.0046 0.6008 0.7988
7027.0000 -262.4511 355.1888 27.5304 0.0301 0.0054 0.5974 0.8014
7028.0000 -262.7185 354.3638 27.5508 0.0296 0.0056 0.5942 0.8038
7029.0000 -262.9778 353.5790 27.5727 0.0290 0.0060 0.5908 0.8063
7030.0000 -263.2541 352.7449 27.5254 0.0277 0.0050 0.5876 0.8087
7031.0000 -263.5570 351.9365 27.5554 0.0278 0.0023 0.5840 0.8113
7032.0000 -263.8297 351.1171 27.5513 0.0288 0.0009 0.5806 0.8137
7033.0000 -264.1291 350.3149 27.5588 0.0291 0.0006 0.5771 0.8161
7034.0000 -264.4045 349.5167 27.5420 0.0301 0.0021 0.5740 0.8183
7035.0000 -264.7267 348.7076 27.5008 0.0292 0.0038 0.5707 0.8206
7036.0000 -265.0331 347.9231 27.5215 0.0282 0.0046 0.5677 0.8227
7037.0000 -265.3315 347.1403 27.5382 0.0278 0.0055 0.5643 0.8251
7038.0000 -265.6713 346.3286 27.5229 0.0280 0.0060 0.5609 0.8274
7039.0000 -265.9832 345.5214 27.5151 0.0286 0.0057 0.5577 0.8295
7040.0000 -266.3341 344.7289 27.5113 0.0291 0.0052 0.5544 0.8317
7041.0000 -266.6723 343.9391 27.5146 0.0296 0.0049 0.5511 0.8339
7042.0000 -267.0366 343.1267 27.5122 0.0295 0.0052 0.5477 0.8362
7043.0000 -267.3883 342.3487 27.5119 0.0293 0.0057 0.5442 0.8384
7044.0000 -267.7638 341.5428 27.5085 0.0285 0.0063 0.5410 0.8405
7045.0000 -268.1387 340.7623 27.5099 0.0277 0.0066 0.5383 0.8422
7046.0000 -268.5167 339.9657 27.5070 0.0265 0.0066 0.5362 0.8437
7047.0000 -268.8927 339.1723 27.5145 0.0259 0.0062 0.5344 0.8448
7048.0000 -269.2801 338.3968 27.5311 0.0259 0.0062 0.5328 0.8458
7049.0000 -269.6745 337.5865 27.5339 0.0262 0.0066 0.5311 0.8468
7050.0000 -270.0565 336.7850 27.5210 0.0270 0.0070 0.5301 0.8475
7051.0000 -270.4447 335.9981 27.5089 0.0265 0.0068 0.5293 0.8480
7052.0000 -270.8374 335.1964 27.5096 0.0232 0.0064 0.5293 0.8481
7053.0000 -271.2121 334.4248 27.5839 0.0201 0.0075 0.5298 0.8479
7054.0000 -271.5967 333.6456 27.6264 0.0173 0.0107 0.5309 0.8472
7055.0000 -271.9753 332.8545 27.6288 0.0184 0.0139 0.5319 0.8465
7056.0000 -272.3452 332.0436 27.5749 0.0193 0.0148 0.5331 0.8457
7057.0000 -272.7249 331.2490 27.6022 0.0216 0.0123 0.5342 0.8450
7058.0000 -273.0901 330.4628 27.6229 0.0229 0.0093 0.5349 0.8445
7059.0000 -273.4808 329.6580 27.6581 0.0250 0.0067 0.5357 0.8440
7060.0000 -273.8252 328.8668 27.6699 0.0257 0.0058 0.5368 0.8433
7061.0000 -274.1978 328.0745 27.6467 0.0244 0.0057 0.5377 0.8428
7062.0000 -274.5687 327.2966 27.6756 0.0223 0.0059 0.5388 0.8421
7063.0000 -274.9264 326.5201 27.7119 0.0224 0.0068 0.5397 0.8416
7064.0000 -275.2900 325.7169 27.6823 0.0239 0.0063 0.5406 0.8409
7065.0000 -275.6424 324.9417 27.6713 0.0264 0.0044 0.5412 0.8405
7066.0000 -275.9806 324.1573 27.6990 0.0281 0.0040 0.5414 0.8403
7067.0000 -276.3260 323.3696 27.7280 0.0293 0.0061 0.5414 0.8403
7068.0000 -276.6636 322.6091 27.7228 0.0299 0.0107 0.5412 0.8403
7069.0000 -277.0241 321.8336 27.7061 0.0304 0.0150 0.5406 0.8406
7070.0000 -277.3693 321.0857 27.7034 0.0322 0.0180 0.5389 0.8416
7071.0000 -277.7157 320.3096 27.7297 0.0342 0.0189 0.5364 0.8430
7072.0000 -278.0619 319.5356 27.7349 0.0366 0.0187 0.5331 0.8451
7073.0000 -278.4366 318.7807 27.7605 0.0400 0.0175 0.5295 0.8472
7074.0000 -278.8010 318.0406 27.7683 0.0405 0.0177 0.5252 0.8498
7075.0000 -279.1755 317.3061 27.7839 0.0400 0.0192 0.5207 0.8526
7076.0000 -279.5508 316.5909 27.8037 0.0373 0.0220 0.5158 0.8556
7077.0000 -279.9795 315.8941 27.8170 0.0356 0.0236 0.5107 0.8587
7078.0000 -280.3705 315.1693 27.8341 0.0338 0.0228 0.5057 0.8617
7079.0000 -280.7914 314.4613 27.8674 0.0325 0.0208 0.5004 0.8649
7080.0000 -281.2151 313.7726 27.8936 0.0313 0.0189 0.4955 0.8678
7081.0000 -281.6501 313.0977 27.9237 0.0303 0.0180 0.4905 0.8707
7082.0000 -282.0992 312.4293 27.9429 0.0294 0.0179 0.4858 0.8734
7083.0000 -282.5338 311.7331 27.9627 0.0289 0.0177 0.4811 0.8760
7084.0000 -282.9866 311.0639 27.9818 0.0284 0.0171 0.4764 0.8786
7085.0000 -283.4384 310.3955 27.9974 0.0281 0.0163 0.4717 0.8811
7086.0000 -283.9109 309.7287 28.0196 0.0279 0.0155 0.4673 0.8835
7087.0000 -284.3739 309.0726 28.0378 0.0272 0.0154 0.4630 0.8858
7088.0000 -284.8436 308.4160 28.0509 0.0266 0.0152 0.4585 0.8881
7089.0000 -285.3104 307.7766 28.0827 0.0260 0.0149 0.4546 0.8902
7090.0000 -285.8216 307.1341 28.1072 0.0257 0.0147 0.4507 0.8922
7091.0000 -286.3090 306.4851 28.1236 0.0258 0.0143 0.4472 0.8940
7092.0000 -286.7855 305.8496 28.1464 0.0268 0.0143 0.4437 0.8957
7093.0000 -287.2812 305.2085 28.1565 0.0275 0.0150 0.4406 0.8972
7094.0000 -287.7675 304.5865 28.1869 0.0292 0.0165 0.4372 0.8987
7095.0000 -288.2566 303.9680 28.2000 0.0300 0.0185 0.4342 0.9001
7096.0000 -288.7514 303.3460 28.2329 0.0306 0.0202 0.4311 0.9016
7097.0000 -289.2494 302.7283 28.2548 0.0310 0.0218 0.4284 0.9028
7098.0000 -289.7621 302.1385 28.2871 0.0307 0.0226 0.4263 0.9038
7099.0000 -290.2613 301.5396 28.3185 0.0310 0.0231 0.4246 0.9046
7100.0000 -290.7505 300.9370 28.3433 0.0315 0.0233 0.4231 0.9052
7101.0000 -291.2503 300.3533 28.3816 0.0325 0.0228 0.4217 0.9059
7102.0000 -291.7488 299.7759 28.4175 0.0338 0.0218 0.4203 0.9065
7103.0000 -292.2326 299.1856 28.4232 0.0343 0.0213 0.4191 0.9070
7104.0000 -292.7281 298.6158 28.4545 0.0344 0.0207 0.4179 0.9076
7105.0000 -293.2181 298.0250 28.4815 0.0343 0.0204 0.4166 0.9082
7106.0000 -293.7052 297.4703 28.5094 0.0339 0.0196 0.4153 0.9088
7107.0000 -294.2075 296.9240 28.5255 0.0331 0.0197 0.4143 0.9093
7108.0000 -294.6776 296.3645 28.5411 0.0323 0.0196 0.4135 0.9097
7109.0000 -295.1667 295.8133 28.5768 0.0311 0.0196 0.4125 0.9102
7110.0000 -295.6599 295.2841 28.6162 0.0301 0.0192 0.4115 0.9107
7111.0000 -296.1290 294.7439 28.6336 0.0293 0.0184 0.4110 0.9110
7112.0000 -296.6056 294.1989 28.6622 0.0288 0.0175 0.4098 0.9116
7113.0000 -297.1033 293.6645 28.6896 0.0279 0.0177 0.4091 0.9119
7114.0000 -297.5446 293.1581 28.7154 0.0274 0.0183 0.4078 0.9125
7115.0000 -298.0358 292.6185 28.7250 0.0267 0.0195 0.4068 0.9129
7116.0000 -298.5318 292.1199 28.7546 0.0254 0.0202 0.4057 0.9135
7117.0000 -298.9812 291.6084 28.7936 0.0242 0.0197 0.4045 0.9140
7118.0000 -299.4233 291.1099 28.8221 0.0234 0.0183 0.4032 0.9146
7119.0000 -299.8998 290.6190 28.8407 0.0229 0.0170 0.4021 0.9151
7120.0000 -300.3249 290.1437 28.8735 0.0225 0.0156 0.4006 0.9159
7121.0000 -300.7739 289.6535 28.8942 0.0222 0.0148 0.3992 0.9165
7122.0000 -301.2176 289.2191 28.9434 0.0230 0.0147 0.3977 0.9171
7123.0000 -301.6380 288.7646 28.9279 0.0230 0.0153 0.3967 0.9175
7124.0000 -302.0431 288.3370 28.9666 0.0229 0.0160 0.3951 0.9182
7125.0000 -302.4508 287.9093 28.9746 0.0219 0.0158 0.3934 0.9189
7126.0000 -302.8638 287.5092 29.0231 0.0220 0.0154 0.3921 0.9195
7127.0000 -303.2354 287.1119 29.0420 0.0224 0.0157 0.3904 0.9202
7128.0000 -303.6207 286.7074 29.0644 0.0233 0.0156 0.3889 0.9208
7129.0000 -303.9937 286.3193 29.0597 0.0237 0.0158 0.3877 0.9213
7130.0000 -304.3650 285.9634 29.0849 0.0227 0.0154 0.3863 0.9220
7131.0000 -304.7232 285.5904 29.1263 0.0218 0.0147 0.3852 0.9225
7132.0000 -305.0993 285.2514 29.1479 0.0216 0.0146 0.3840 0.9230
7133.0000 -305.4436 284.8874 29.1633 0.0218 0.0145 0.3826 0.9235
7134.0000 -305.8000 284.5426 29.1646 0.0221 0.0145 0.3814 0.9240
7135.0000 -306.1626 284.2166 29.1877 0.0222 0.0146 0.3805 0.9244
7136.0000 -306.4912 283.8896 29.1944 0.0217 0.0148 0.3795 0.9248
7137.0000 -306.8242 283.5658 29.2261 0.0214 0.0144 0.3786 0.9252
7138.0000 -307.1640 283.2397 29.2406 0.0209 0.0142 0.3776 0.9256
7139.0000 -307.4874 282.9305 29.2639 0.0208 0.0136 0.3768 0.9259
7140.0000 -307.7788 282.6112 29.2783 0.0212 0.0132 0.3762 0.9262
7141.0000 -308.0882 282.2976 29.2811 0.0218 0.0132 0.3758 0.9263
7142.0000 -308.3993 282.0292 29.2932 0.0219 0.0130 0.3756 0.9264
7143.0000 -308.7045 281.7448 29.3086 0.0219 0.0128 0.3756 0.9264
7144.0000 -308.9952 281.4540 29.3255 0.0219 0.0126 0.3758 0.9264
7145.0000 -309.2788 281.1698 29.3331 0.0220 0.0125 0.3765 0.9261
7146.0000 -309.5545 280.9094 29.3437 0.0220 0.0121 0.3774 0.9257
7147.0000 -309.8168 280.6449 29.3612 0.0225 0.0113 0.3783 0.9253
7148.0000 -310.0973 280.3598 29.3739 0.0225 0.0109 0.3795 0.9248
7149.0000 -310.3285 280.1052 29.3741 0.0221 0.0104 0.3808 0.9243
7150.0000 -310.5953 279.8520 29.3965 0.0220 0.0104 0.3824 0.9237
7151.0000 -310.8049 279.6044 29.4071 0.0217 0.0099 0.3840 0.9230
7152.0000 -311.0525 279.3678 29.4203 0.0222 0.0099 0.3856 0.9223
7153.0000 -311.2818 279.1073 29.4172 0.0224 0.0101 0.3881 0.9213
7154.0000 -311.5050 278.8883 29.4234 0.0224 0.0104 0.3909 0.9201
7155.0000 -311.6996 278.6524 29.4331 0.0223 0.0108 0.3944 0.9186
7156.0000 -311.8951 278.4189 29.4372 0.0219 0.0110 0.3984 0.9169
7157.0000 -312.0719 278.2106 29.4592 0.0218 0.0108 0.4026 0.9151
7158.0000 -312.2585 277.9929 29.4518 0.0219 0.0107 0.4069 0.9132
7159.0000 -312.4357 277.7809 29.4690 0.0222 0.0104 0.4112 0.9112
7160.0000 -312.5926 277.5767 29.4699 0.0221 0.0105 0.4157 0.9092
7161.0000 -312.7535 277.3606 29.4823 0.0227 0.0107 0.4201 0.9071
7162.0000 -312.8846 277.1600 29.4982 0.0234 0.0111 0.4244 0.9051
7163.0000 -313.0257 276.9601 29.4929 0.0244 0.0124 0.4293 0.9027
7164.0000 -313.1289 276.7896 29.4958 0.0253 0.0124 0.4339 0.9005
7165.0000 -313.2421 276.6065 29.4982 0.0261 0.0128 0.4382 0.8984
7166.0000 -313.3499 276.4448 29.5114 0.0273 0.0131 0.4420 0.8965
7167.0000 -313.4529 276.2985 29.5100 0.0282 0.0139 0.4458 0.8946
7168.0000 -313.5391 276.1531 29.5087 0.0291 0.0143 0.4495 0.8927
7169.0000 -313.6210 276.0216 29.5035 0.0295 0.0145 0.4523 0.8912
7170.0000 -313.7003 275.9020 29.5171 0.0300 0.0145 0.4551 0.8898
7171.0000 -313.7619 275.7880 29.5124 0.0302 0.0147 0.4579 0.8884
7172.0000 -313.8133 275.6969 29.5305 0.0311 0.0146 0.4600 0.8873
7173.0000 -313.8732 275.6014 29.5251 0.0320 0.0149 0.4622 0.8861
7174.0000 -313.9117 275.5272 29.5267 0.0323 0.0153 0.4640 0.8851
7175.0000 -313.9540 275.4542 29.5304 0.0325 0.0156 0.4658 0.8841
7176.0000 -314.0007 275.3839 29.5360 0.0324 0.0157 0.4676 0.8832
7177.0000 -314.0399 275.3060 29.5432 0.0323 0.0156 0.4693 0.8823
7178.0000 -314.0678 275.2505 29.5384 0.0323 0.0157 0.4708 0.8815
7179.0000 -314.1042 275.1848 29.5409 0.0324 0.0160 0.4727 0.8805
7180.0000 -314.1362 275.1241 29.5333 0.0326 0.0162 0.4746 0.8795
7181.0000 -314.1816 275.0481 29.5301 0.0326 0.0161 0.4766 0.8784
7182.0000 -314.2131 274.9844 29.5342 0.0326 0.0158 0.4785 0.8773
7183.0000 -314.2501 274.9164 29.5351 0.0327 0.0156 0.4811 0.8759
7184.0000 -314.2993 274.8433 29.5387 0.0328 0.0153 0.4839 0.8744
7185.0000 -314.3147 274.7718 29.5431 0.0328 0.0149 0.4868 0.8728
7186.0000 -314.3652 274.6828 29.5441 0.0329 0.0150 0.4905 0.8707
7187.0000 -314.3816 274.5976 29.5348 0.0330 0.0152 0.4943 0.8685
7188.0000 -314.4248 274.5253 29.5356 0.0332 0.0153 0.4987 0.8660
7189.0000 -314.4516 274.4153 29.5332 0.0333 0.0155 0.5033 0.8634
7190.0000 -314.4811 274.3227 29.5343 0.0336 0.0151 0.5081 0.8605
7191.0000 -314.5014 274.2139 29.5399 0.0341 0.0145 0.5135 0.8573
7192.0000 -314.5472 274.1005 29.5357 0.0348 0.0141 0.5192 0.8538
7193.0000 -314.5920 273.9859 29.5359 0.0353 0.0140 0.5253 0.8501
7194.0000 -314.6113 273.8631 29.5392 0.0358 0.0136 0.5315 0.8462
7195.0000 -314.6508 273.7353 29.5444 0.0363 0.0135 0.5380 0.8421
7196.0000 -314.6821 273.5853 29.5346 0.0369 0.0135 0.5448 0.8376
7197.0000 -314.7369 273.4273 29.5385 0.0376 0.0131 0.5522 0.8328
7198.0000 -314.7550 273.2665 29.5370 0.0384 0.0130 0.5598 0.8276
7199.0000 -314.7883 273.0985 29.5268 0.0393 0.0131 0.5680 0.8220
7200.0000 -314.8171 272.9290 29.5087 0.0395 0.0130 0.5761 0.8163
7201.0000 -314.8501 272.7377 29.4905 0.0375 0.0125 0.5847 0.8103
7202.0000 -314.8760 272.5484 29.5160 0.0347 0.0114 0.5936 0.8039
7203.0000 -314.9174 272.3608 29.5519 0.0329 0.0107 0.6025 0.7973
7204.0000 -314.9118 272.1392 29.5667 0.0332 0.0107 0.6118 0.7902
7205.0000 -314.9290 271.9308 29.5312 0.0342 0.0119 0.6216 0.7825
7206.0000 -314.9458 271.6933 29.4994 0.0353 0.0128 0.6317 0.7743
7207.0000 -314.9350 271.4690 29.4922 0.0359 0.0125 0.6420 0.7658
7208.0000 -314.9121 271.2208 29.5112 0.0371 0.0130 0.6524 0.7568
7209.0000 -314.9059 270.9625 29.4971 0.0381 0.0149 0.6631 0.7474
7210.0000 -314.8660 270.6969 29.4850 0.0395 0.0164 0.6745 0.7371
7211.0000 -314.8533 270.4309 29.4451 0.0405 0.0170 0.6864 0.7259
7212.0000 -314.7961 270.1606 29.4200 0.0406 0.0145 0.6984 0.7144
7213.0000 -314.7555 269.8846 29.4273 0.0403 0.0098 0.7100 0.7030
7214.0000 -314.7005 269.6013 29.4598 0.0403 0.0052 0.7216 0.6912
7215.0000 -314.6481 269.3141 29.4600 0.0403 0.0034 0.7336 0.6784
7216.0000 -314.5480 269.0181 29.4427 0.0404 0.0036 0.7457 0.6651
7217.0000 -314.4481 268.7098 29.4038 0.0424 0.0048 0.7577 0.6511
7218.0000 -314.3284 268.4080 29.3599 0.0437 0.0049 0.7696 0.6370
7219.0000 -314.2129 268.0924 29.3354 0.0440 0.0041 0.7818 0.6219
7220.0000 -314.0701 267.7812 29.3200 0.0425 0.0015 0.7939 0.6066
7221.0000 -313.9236 267.4880 29.3368 0.0410 -0.0010 0.8056 0.5911
7222.0000 -313.7669 267.1692 29.3365 0.0403 -0.0024 0.8172 0.5749
7223.0000 -313.5832 266.8592 29.3072 0.0403 -0.0023 0.8288 0.5581
7224.0000 -313.3772 266.5566 29.2503 0.0400 -0.0023 0.8399 0.5413
7225.0000 -313.1731 266.2442 29.2191 0.0391 -0.0036 0.8507 0.5241
7226.0000 -312.9424 265.9454 29.2199 0.0385 -0.0058 0.8608 0.5074
7227.0000 -312.6936 265.6212 29.1984 0.0381 -0.0092 0.8703 0.4909
7228.0000 -312.4500 265.3340 29.1956 0.0393 -0.0118 0.8793 0.4745
7229.0000 -312.1914 265.0628 29.1724 0.0410 -0.0129 0.8873 0.4591
7230.0000 -311.9181 264.7861 29.1424 0.0427 -0.0118 0.8945 0.4450
7231.0000 -311.6280 264.4850 29.0632 0.0424 -0.0109 0.9008 0.4319
7232.0000 -311.3212 264.1871 29.0313 0.0421 -0.0115 0.9067 0.4194
7233.0000 -311.0380 263.9206 29.0354 0.0420 -0.0141 0.9125 0.4066
7234.0000 -310.7700 263.6636 29.0087 0.0416 -0.0156 0.9178 0.3946
7235.0000 -310.4718 263.4217 28.9564 0.0383 -0.0188 0.9225 0.3836
7236.0000 -310.1862 263.1795 29.0334 0.0335 -0.0192 0.9267 0.3738
7237.0000 -309.8946 262.9459 29.0241 0.0261 -0.0158 0.9308 0.3644
7238.0000 -309.6082 262.7003 29.0219 0.0226 -0.0098 0.9343 0.3557
7239.0000 -309.2845 262.4697 28.9513 0.0218 -0.0056 0.9370 0.3486
7240.0000 -308.9759 262.2210 28.8869 0.0234 -0.0044 0.9393 0.3423
7241.0000 -308.6406 261.9837 28.8541 0.0251 -0.0070 0.9414 0.3364
7242.0000 -308.3131 261.7269 28.8559 0.0281 -0.0102 0.9433 0.3305
7243.0000 -308.0310 261.4986 28.8576 0.0363 -0.0140 0.9448 0.3253
7244.0000 -307.6911 261.2688 28.8491 0.0459 -0.0168 0.9459 0.3207
7245.0000 -307.3192 261.0306 28.8092 0.0545 -0.0183 0.9469 0.3165
7246.0000 -306.9706 260.8008 28.7469 0.0606 -0.0189 0.9476 0.3131
7247.0000 -306.6149 260.5608 28.6849 0.0612 -0.0195 0.9485 0.3103
7248.0000 -306.2855 260.3245 28.6641 0.0566 -0.0201 0.9494 0.3082
7249.0000 -305.9591 260.0921 28.6773 0.0494 -0.0189 0.9505 0.3061
7250.0000 -305.6376 259.8215 28.6517 0.0441 -0.0168 0.9515 0.3039
7251.0000 -305.2831 259.5893 28.6190 0.0411 -0.0150 0.9523 0.3020
7252.0000 -304.9197 259.3790 28.5742 0.0364 -0.0131 0.9529 0.3008
7253.0000 -304.5506 259.0943 28.5245 0.0327 -0.0101 0.9532 0.3003
7254.0000 -304.1859 258.8200 28.4702 0.0323 -0.0094 0.9534 0.2999
7255.0000 -303.8121 258.5613 28.4478 0.0373 -0.0121 0.9533 0.2993
7256.0000 -303.4057 258.3073 28.4696 0.0410 -0.0157 0.9531 0.2994
7257.0000 -302.9936 258.0281 28.4609 0.0411 -0.0163 0.9530 0.2996
7258.0000 -302.6140 257.7741 28.4209 0.0391 -0.0148 0.9531 0.2997
7259.0000 -302.2190 257.4723 28.3687 0.0366 -0.0137 0.9532 0.2997
7260.0000 -301.8291 257.1989 28.3325 0.0353 -0.0131 0.9531 0.3002
7261.0000 -301.4334 256.8969 28.3058 0.0352 -0.0130 0.9531 0.3003
7262.0000 -301.0270 256.6205 28.2726 0.0356 -0.0137 0.9530 0.3007
7263.0000 -300.5875 256.3218 28.2563 0.0367 -0.0153 0.9528 0.3010
7264.0000 -300.1788 256.0284 28.2309 0.0374 -0.0153 0.9526 0.3014
7265.0000 -299.7546 255.7207 28.1925 0.0373 -0.0153 0.9526 0.3017
7266.0000 -299.3423 255.4417 28.1642 0.0373 -0.0148 0.9525 0.3019
7267.0000 -298.9141 255.1245 28.1259 0.0370 -0.0148 0.9524 0.3022
7268.0000 -298.4774 254.8235 28.1007 0.0375 -0.0148 0.9523 0.3024
7269.0000 -298.0346 254.5086 28.0664 0.0382 -0.0142 0.9522 0.3026
7270.0000 -297.5929 254.1872 28.0300 0.0392 -0.0137 0.9521 0.3030
7271.0000 -297.1385 253.8661 28.0003 0.0403 -0.0129 0.9520 0.3031
7272.0000 -296.6799 253.5511 27.9506 0.0403 -0.0123 0.9520 0.3033
7273.0000 -296.2275 253.2313 27.9175 0.0403 -0.0124 0.9519 0.3035
7274.0000 -295.7791 252.9055 27.8923 0.0405 -0.0122 0.9518 0.3037
7275.0000 -295.3123 252.5902 27.8499 0.0404 -0.0123 0.9517 0.3040
7276.0000 -294.8618 252.2484 27.8081 0.0400 -0.0126 0.9517 0.3041
7277.0000 -294.3812 251.9052 27.7767 0.0394 -0.0138 0.9516 0.3046
7278.0000 -293.9279 251.5646 27.7628 0.0380 -0.0148 0.9517 0.3044
7279.0000 -293.4493 251.2366 27.7383 0.0358 -0.0150 0.9518 0.3042
7280.0000 -292.9861 250.9143 27.7081 0.0337 -0.0136 0.9521 0.3037
7281.0000 -292.4975 250.5629 27.6521 0.0315 -0.0117 0.9524 0.3029
7282.0000 -292.0267 250.2308 27.6326 0.0305 -0.0117 0.9528 0.3019
7283.0000 -291.5419 249.9043 27.6138 0.0303 -0.0119 0.9532 0.3007
7284.0000 -291.0454 249.5609 27.5960 0.0311 -0.0115 0.9536 0.2992
7285.0000 -290.5555 249.2382 27.5685 0.0326 -0.0106 0.9541 0.2976
7286.0000 -290.0450 248.8875 27.5227 0.0341 -0.0090 0.9547 0.2956
7287.0000 -289.5275 248.5583 27.4860 0.0358 -0.0082 0.9553 0.2933
7288.0000 -289.0274 248.2344 27.4560 0.0370 -0.0085 0.9561 0.2906
7289.0000 -288.5139 247.8943 27.4261 0.0367 -0.0097 0.9570 0.2875
7290.0000 -287.9961 247.5752 27.4013 0.0359 -0.0110 0.9581 0.2839
7291.0000 -287.4821 247.2402 27.3975 0.0353 -0.0116 0.9594 0.2796
7292.0000 -286.9502 246.9357 27.3701 0.0343 -0.0099 0.9607 0.2752
7293.0000 -286.4151 246.6328 27.3035 0.0328 -0.0089 0.9622 0.2702
7294.0000 -285.8684 246.3265 27.2615 0.0321 -0.0096 0.9638 0.2646
7295.0000 -285.3197 245.9983 27.2511 0.0326 -0.0112 0.9655 0.2581
7296.0000 -284.7575 245.7107 27.2384 0.0335 -0.0120 0.9673 0.2511
7297.0000 -284.2093 245.4313 27.2072 0.0353 -0.0115 0.9693 0.2430
7298.0000 -283.6193 245.1589 27.1451 0.0360 -0.0107 0.9713 0.2347
7299.0000 -283.0274 244.8927 27.1036 0.0361 -0.0110 0.9734 0.2259
7300.0000 -282.4308 244.6395 27.0913 0.0363 -0.0115 0.9755 0.2168
7301.0000 -281.8359 244.4077 27.0702 0.0363 -0.0105 0.9774 0.2080
7302.0000 -281.2096 244.1526 26.9984 0.0350 -0.0095 0.9793 0.1992
7303.0000 -280.6043 243.9368 26.9436 0.0342 -0.0101 0.9810 0.1908
7304.0000 -279.9623 243.6951 26.9121 0.0337 -0.0118 0.9827 0.1819
7305.0000 -279.3331 243.4750 26.9024 0.0352 -0.0140 0.9841 0.1733
7306.0000 -278.6884 243.2799 26.8781 0.0377 -0.0156 0.9854 0.1651
7307.0000 -278.0121 243.0747 26.8307 0.0388 -0.0161 0.9867 0.1572
7308.0000 -277.3404 242.8783 26.7658 0.0385 -0.0167 0.9878 0.1498
7309.0000 -276.6445 242.6738 26.7249 0.0379 -0.0178 0.9889 0.1426
7310.0000 -275.9731 242.5040 26.6945 0.0372 -0.0193 0.9899 0.1354
7311.0000 -275.2776 242.3209 26.6625 0.0369 -0.0204 0.9908 0.1284
7312.0000 -274.5850 242.1672 26.6194 0.0378 -0.0202 0.9916 0.1221
7313.0000 -273.8689 242.0012 26.5683 0.0395 -0.0201 0.9922 0.1163
7314.0000 -273.1372 241.8618 26.5131 0.0406 -0.0207 0.9928 0.1110
7315.0000 -272.4176 241.7174 26.4656 0.0415 -0.0209 0.9933 0.1061
7316.0000 -271.6873 241.5697 26.4140 0.0410 -0.0217 0.9938 0.1015
7317.0000 -270.9518 241.4417 26.3682 0.0406 -0.0223 0.9942 0.0973
7318.0000 -270.1948 241.2984 26.3219 0.0399 -0.0222 0.9946 0.0932
7319.0000 -269.4532 241.1796 26.2676 0.0395 -0.0220 0.9950 0.0893
7320.0000 -268.6743 241.0363 26.2048 0.0395 -0.0216 0.9953 0.0856
7321.0000 -267.9197 240.9170 26.1514 0.0401 -0.0220 0.9956 0.0823
7322.0000 -267.1540 240.8049 26.1313 0.0410 -0.0223 0.9958 0.0791
7323.0000 -266.3678 240.6991 26.0832 0.0411 -0.0225 0.9960 0.0765
7324.0000 -265.6064 240.5937 26.0525 0.0403 -0.0218 0.9962 0.0737
7325.0000 -264.8150 240.4735 25.9863 0.0392 -0.0209 0.9965 0.0715
7326.0000 -264.0294 240.3682 25.9227 0.0383 -0.0205 0.9966 0.0697
7327.0000 -263.2372 240.2492 25.8813 0.0382 -0.0204 0.9967 0.0680
7328.0000 -262.4349 240.1609 25.8384 0.0384 -0.0207 0.9968 0.0664
7329.0000 -261.6251 240.0476 25.7998 0.0387 -0.0208 0.9969 0.0649
7330.0000 -260.8186 239.9610 25.7489 0.0388 -0.0210 0.9970 0.0637
7331.0000 -260.0097 239.8544 25.7062 0.0387 -0.0208 0.9971 0.0619
7332.0000 -259.2094 239.7527 25.6560 0.0386 -0.0206 0.9972 0.0607
7333.0000 -258.3728 239.6606 25.6033 0.0384 -0.0203 0.9973 0.0593
7334.0000 -257.5597 239.5625 25.5569 0.0382 -0.0204 0.9974 0.0583
7335.0000 -256.7490 239.4803 25.5183 0.0381 -0.0202 0.9974 0.0579
7336.0000 -255.9148 239.3850 25.4548 0.0378 -0.0203 0.9974 0.0575
7337.0000 -255.0870 239.2833 25.4059 0.0379 -0.0206 0.9974 0.0576
7338.0000 -254.2448 239.1800 25.3756 0.0387 -0.0208 0.9974 0.0573
7339.0000 -253.4082 239.0887 25.3385 0.0397 -0.0204 0.9973 0.0575
7340.0000 -252.5777 238.9989 25.2698 0.0400 -0.0204 0.9973 0.0577
7341.0000 -251.7505 238.9043 25.2263 0.0399 -0.0205 0.9973 0.0578
7342.0000 -250.9240 238.7907 25.1706 0.0403 -0.0208 0.9973 0.0580
7343.0000 -250.0911 238.6951 25.1289 0.0412 -0.0210 0.9972 0.0586
7344.0000 -249.2703 238.5994 25.0811 0.0414 -0.0216 0.9972 0.0591
7345.0000 -248.4299 238.4994 25.0327 0.0413 -0.0218 0.9972 0.0592
7346.0000 -247.6311 238.3972 24.9751 0.0403 -0.0220 0.9972 0.0597
7347.0000 -246.8086 238.2862 24.9346 0.0398 -0.0219 0.9972 0.0597
7348.0000 -245.9953 238.1887 24.8914 0.0399 -0.0217 0.9972 0.0599
7349.0000 -245.1881 238.1060 24.8371 0.0398 -0.0218 0.9971 0.0604
7350.0000 -244.3629 238.0016 24.7866 0.0403 -0.0217 0.9971 0.0605
7351.0000 -243.5420 237.9004 24.7391 0.0403 -0.0214 0.9971 0.0609
7352.0000 -242.7524 237.7953 24.7007 0.0406 -0.0211 0.9971 0.0611
7353.0000 -241.9648 237.7058 24.6583 0.0407 -0.0206 0.9971 0.0611
7354.0000 -241.1916 237.6039 24.6100 0.0408 -0.0198 0.9971 0.0609
7355.0000 -240.4130 237.5080 24.5605 0.0411 -0.0188 0.9971 0.0608
7356.0000 -239.6461 237.4150 24.5210 0.0413 -0.0181 0.9971 0.0606
7357.0000 -238.8922 237.3337 24.4805 0.0413 -0.0177 0.9971 0.0607
7358.0000 -238.1454 237.2305 24.4352 0.0410 -0.0173 0.9972 0.0604
7359.0000 -237.4023 237.1477 24.3865 0.0400 -0.0178 0.9972 0.0603
7360.0000 -236.6662 237.0636 24.3477 0.0392 -0.0184 0.9972 0.0602
7361.0000 -235.9258 236.9717 24.3090 0.0388 -0.0190 0.9973 0.0600
7362.0000 -235.1808 236.8664 24.2733 0.0383 -0.0201 0.9973 0.0596
7363.0000 -234.4490 236.7791 24.2424 0.0381 -0.0207 0.9973 0.0589
7364.0000 -233.7157 236.6918 24.1994 0.0378 -0.0219 0.9974 0.0580
7365.0000 -232.9904 236.6125 24.1713 0.0376 -0.0229 0.9974 0.0570
7366.0000 -232.2924 236.5319 24.1427 0.0369 -0.0227 0.9975 0.0556
7367.0000 -231.5858 236.4635 24.1114 0.0352 -0.0217 0.9977 0.0542
7368.0000 -230.8833 236.3925 24.0662 0.0334 -0.0204 0.9978 0.0528
7369.0000 -230.1594 236.3420 24.0165 0.0324 -0.0197 0.9980 0.0509
7370.0000 -229.4745 236.2710 24.0354 0.0313 -0.0165 0.9982 0.0486
7371.0000 -228.7749 236.2342 23.9842 0.0279 -0.0130 0.9984 0.0465
7372.0000 -228.0804 236.1644 23.9483 0.0240 -0.0112 0.9987 0.0443
7373.0000 -227.3825 236.1106 23.9100 0.0227 -0.0121 0.9988 0.0422
7374.0000 -226.6884 236.0532 23.8958 0.0278 -0.0126 0.9987 0.0403
7375.0000 -225.9869 236.0046 23.8663 0.0369 -0.0126 0.9985 0.0387
7376.0000 -225.2771 235.9650 23.8436 0.0461 -0.0113 0.9982 0.0372
7377.0000 -224.5624 235.9224 23.7964 0.0472 -0.0113 0.9982 0.0358
7378.0000 -223.8875 235.8755 23.7820 0.0398 -0.0116 0.9985 0.0350
7379.0000 -223.2320 235.8452 23.7475 0.0307 -0.0113 0.9989 0.0339
7380.0000 -222.5472 235.7846 23.6867 0.0249 -0.0106 0.9991 0.0333
7381.0000 -221.8628 235.7441 23.6317 0.0254 -0.0108 0.9991 0.0334
7382.0000 -221.1721 235.6934 23.6317 0.0308 -0.0106 0.9989 0.0341
7383.0000 -220.4781 235.6438 23.6214 0.0362 -0.0101 0.9987 0.0352
7384.0000 -219.7858 235.6017 23.5825 0.0388 -0.0100 0.9985 0.0364
7385.0000 -219.1020 235.5419 23.5414 0.0393 -0.0097 0.9985 0.0379
7386.0000 -218.4351 235.4802 23.4920 0.0400 -0.0092 0.9984 0.0391
7387.0000 -217.7434 235.4265 23.4512 0.0405 -0.0087 0.9983 0.0406
7388.0000 -217.0593 235.3612 23.4110 0.0398 -0.0088 0.9983 0.0422
7389.0000 -216.3892 235.2972 23.3830 0.0384 -0.0086 0.9983 0.0436
7390.0000 -215.7118 235.2416 23.3476 0.0356 -0.0089 0.9983 0.0454
7391.0000 -215.0443 235.1706 23.3226 0.0335 -0.0079 0.9983 0.0472
7392.0000 -214.3752 235.0884 23.2825 0.0327 -0.0073 0.9983 0.0484
7393.0000 -213.6894 235.0219 23.2521 0.0330 -0.0071 0.9982 0.0499
7394.0000 -213.0074 234.9577 23.2377 0.0339 -0.0067 0.9981 0.0515
7395.0000 -212.3551 234.8830 23.2019 0.0346 -0.0057 0.9980 0.0527
7396.0000 -211.6810 234.8179 23.1568 0.0358 -0.0053 0.9979 0.0541
7397.0000 -210.9941 234.7217 23.1232 0.0366 -0.0058 0.9978 0.0551
7398.0000 -210.3267 234.6567 23.1081 0.0375 -0.0064 0.9977 0.0565
7399.0000 -209.6672 234.5763 23.0870 0.0374 -0.0057 0.9976 0.0579
7400.0000 -209.0003 234.5030 23.0436 0.0362 -0.0048 0.9976 0.0592
7401.0000 -208.3426 234.4175 23.0036 0.0348 -0.0039 0.9976 0.0602
7402.0000 -207.6718 234.3274 22.9648 0.0344 -0.0041 0.9975 0.0612
7403.0000 -207.0135 234.2435 22.9520 0.0348 -0.0042 0.9974 0.0625
7404.0000 -206.3420 234.1562 22.9146 0.0354 -0.0041 0.9973 0.0637
7405.0000 -205.6743 234.0602 22.8656 0.0357 -0.0043 0.9973 0.0648
7406.0000 -204.9980 233.9760 22.8375 0.0358 -0.0044 0.9972 0.0661
7407.0000 -204.3427 233.8848 22.8025 0.0356 -0.0047 0.9971 0.0674
7408.0000 -203.6822 233.7780 22.7758 0.0352 -0.0049 0.9970 0.0682
7409.0000 -203.0082 233.6893 22.7480 0.0348 -0.0057 0.9970 0.0689
7410.0000 -202.3447 233.5956 22.7223 0.0344 -0.0063 0.9970 0.0693
7411.0000 -201.6913 233.5052 22.7014 0.0342 -0.0065 0.9969 0.0699
7412.0000 -201.0353 233.4035 22.6672 0.0342 -0.0062 0.9969 0.0703
7413.0000 -200.3748 233.3086 22.6391 0.0340 -0.0055 0.9969 0.0705
7414.0000 -199.7201 233.2226 22.6163 0.0338 -0.0052 0.9969 0.0707
7415.0000 -199.0621 233.1449 22.5792 0.0332 -0.0050 0.9969 0.0711
7416.0000 -198.3962 233.0463 22.5611 0.0326 -0.0040 0.9969 0.0712
7417.0000 -197.7481 232.9467 22.5162 0.0316 -0.0035 0.9969 0.0715
7418.0000 -197.0851 232.8313 22.4881 0.0307 -0.0035 0.9970 0.0715
7419.0000 -196.4342 232.7548 22.4560 0.0298 -0.0045 0.9970 0.0720
7420.0000 -195.7655 232.6471 22.4518 0.0296 -0.0049 0.9969 0.0722
7421.0000 -195.1018 232.5545 22.4337 0.0297 -0.0048 0.9969 0.0726
7422.0000 -194.4427 232.4543 22.3946 0.0292 -0.0045 0.9969 0.0730
7423.0000 -193.7714 232.3516 22.3661 0.0291 -0.0053 0.9969 0.0731
7424.0000 -193.1196 232.2577 22.3493 0.0293 -0.0063 0.9968 0.0736
7425.0000 -192.4522 232.1546 22.3189 0.0294 -0.0071 0.9968 0.0739
7426.0000 -191.7864 232.0490 22.2876 0.0299 -0.0074 0.9968 0.0742
7427.0000 -191.1264 231.9521 22.2739 0.0306 -0.0072 0.9967 0.0747
7428.0000 -190.4531 231.8520 22.2330 0.0314 -0.0071 0.9967 0.0750
7429.0000 -189.7860 231.7425 22.1907 0.0317 -0.0073 0.9966 0.0754
7430.0000 -189.0991 231.6356 22.1750 0.0328 -0.0084 0.9966 0.0756
7431.0000 -188.4333 231.5336 22.1454 0.0336 -0.0094 0.9965 0.0759
7432.0000 -187.7527 231.4336 22.1489 0.0357 -0.0096 0.9964 0.0764
7433.0000 -187.0707 231.3331 22.0931 0.0373 -0.0062 0.9963 0.0769
7434.0000 -186.3855 231.2144 21.9918 0.0369 -0.0063 0.9963 0.0771
7435.0000 -185.7146 231.1025 22.0089 0.0363 -0.0075 0.9963 0.0771
7436.0000 -185.0277 231.0052 21.9999 0.0349 -0.0087 0.9964 0.0774
7437.0000 -184.3444 230.9062 21.9813 0.0338 -0.0066 0.9964 0.0776
7438.0000 -183.6543 230.7829 21.9034 0.0341 -0.0052 0.9964 0.0775
7439.0000 -182.9548 230.6917 21.8678 0.0359 -0.0037 0.9964 0.0774
7440.0000 -182.2738 230.5829 21.8348 0.0369 -0.0032 0.9963 0.0775
7441.0000 -181.5642 230.4699 21.7992 0.0365 -0.0031 0.9963 0.0774
7442.0000 -180.8770 230.3608 21.7747 0.0353 -0.0030 0.9964 0.0773
7443.0000 -180.1731 230.2693 21.7390 0.0336 -0.0032 0.9964 0.0774
7444.0000 -179.4824 230.1469 21.7047 0.0329 -0.0035 0.9964 0.0777
7445.0000 -178.7796 230.0354 21.6735 0.0325 -0.0035 0.9964 0.0776
7446.0000 -178.0693 229.9247 21.6464 0.0322 -0.0033 0.9965 0.0775
7447.0000 -177.3734 229.8241 21.6179 0.0313 -0.0034 0.9965 0.0778
7448.0000 -176.6675 229.7093 21.5913 0.0303 -0.0040 0.9965 0.0775
7449.0000 -175.9599 229.5919 21.5623 0.0293 -0.0050 0.9966 0.0773
7450.0000 -175.2596 229.4769 21.5426 0.0289 -0.0060 0.9966 0.0771
7451.0000 -174.5587 229.3707 21.5123 0.0286 -0.0069 0.9966 0.0773
7452.0000 -173.8536 229.2465 21.4903 0.0289 -0.0080 0.9966 0.0774
7453.0000 -173.1404 229.1351 21.4639 0.0292 -0.0094 0.9965 0.0774
7454.0000 -172.4355 229.0275 21.4366 0.0299 -0.0107 0.9965 0.0775
7455.0000 -171.7262 228.9105 21.4079 0.0310 -0.0117 0.9964 0.0774
7456.0000 -171.0014 228.8061 21.3782 0.0321 -0.0122 0.9964 0.0774
7457.0000 -170.2992 228.6851 21.3506 0.0331 -0.0121 0.9964 0.0771
7458.0000 -169.5846 228.5785 21.3144 0.0339 -0.0125 0.9964 0.0771
7459.0000 -168.8697 228.4719 21.2682 0.0337 -0.0138 0.9964 0.0768
7460.0000 -168.1661 228.3556 21.2538 0.0338 -0.0145 0.9964 0.0768
7461.0000 -167.4629 228.2449 21.2260 0.0336 -0.0148 0.9964 0.0768
7462.0000 -166.7526 228.1341 21.1802 0.0332 -0.0145 0.9964 0.0767
7463.0000 -166.0472 228.0219 21.1422 0.0331 -0.0146 0.9964 0.0767
7464.0000 -165.3330 227.9216 21.1224 0.0333 -0.0148 0.9964 0.0764
7465.0000 -164.6420 227.8132 21.0961 0.0333 -0.0141 0.9964 0.0762
7466.0000 -163.9418 227.7065 21.0505 0.0329 -0.0132 0.9965 0.0759
7467.0000 -163.2468 227.6110 21.0282 0.0322 -0.0126 0.9966 0.0753
7468.0000 -162.5628 227.4978 20.9972 0.0317 -0.0120 0.9966 0.0747
7469.0000 -161.8627 227.4074 20.9595 0.0315 -0.0112 0.9967 0.0742
7470.0000 -161.1824 227.2858 20.9137 0.0314 -0.0116 0.9967 0.0737
7471.0000 -160.4828 227.1884 20.9047 0.0311 -0.0126 0.9967 0.0734
7472.0000 -159.7951 227.1000 20.9013 0.0306 -0.0130 0.9967 0.0737
7473.0000 -159.1116 226.9939 20.8680 0.0299 -0.0116 0.9968 0.0734
7474.0000 -158.4145 226.8889 20.8130 0.0296 -0.0108 0.9968 0.0730
7475.0000 -157.7453 226.7933 20.7864 0.0305 -0.0122 0.9968 0.0728
7476.0000 -157.0768 226.6933 20.7974 0.0320 -0.0134 0.9968 0.0726
7477.0000 -156.4042 226.6056 20.7754 0.0329 -0.0113 0.9967 0.0728
7478.0000 -155.7243 226.5056 20.7115 0.0327 -0.0095 0.9968 0.0728
7479.0000 -155.0495 226.4090 20.6688 0.0318 -0.0099 0.9968 0.0721
7480.0000 -154.4088 226.3019 20.6659 0.0306 -0.0125 0.9969 0.0715
7481.0000 -153.7526 226.2058 20.6732 0.0290 -0.0144 0.9970 0.0704
7482.0000 -153.0830 226.1192 20.6409 0.0276 -0.0153 0.9971 0.0687
7483.0000 -152.4356 226.0412 20.6120 0.0280 -0.0163 0.9973 0.0662
7484.0000 -151.7972 225.9655 20.5930 0.0296 -0.0171 0.9974 0.0633
7485.0000 -151.1650 225.8672 20.5700 0.0317 -0.0182 0.9975 0.0603
7486.0000 -150.5474 225.8005 20.5510 0.0331 -0.0190 0.9976 0.0573
7487.0000 -149.9387 225.7446 20.5303 0.0332 -0.0194 0.9978 0.0541
7488.0000 -149.3518 225.6914 20.5141 0.0321 -0.0191 0.9980 0.0513
7489.0000 -148.7567 225.6492 20.4800 0.0304 -0.0199 0.9982 0.0481
7490.0000 -148.1722 225.5942 20.4556 0.0286 -0.0221 0.9984 0.0444
7491.0000 -147.5860 225.5517 20.4453 0.0284 -0.0235 0.9985 0.0402
7492.0000 -147.0251 225.5169 20.4342 0.0288 -0.0238 0.9987 0.0355
7493.0000 -146.4387 225.4984 20.4062 0.0293 -0.0238 0.9989 0.0295
7494.0000 -145.8729 225.4853 20.3943 0.0299 -0.0227 0.9990 0.0229
7495.0000 -145.3212 225.4890 20.3686 0.0300 -0.0216 0.9992 0.0161
7496.0000 -144.7610 225.5056 20.3528 0.0305 -0.0200 0.9993 0.0088
7497.0000 -144.2108 225.5263 20.3263 0.0306 -0.0192 0.9993 0.0013
7498.0000 -143.6746 225.5436 20.3100 0.0301 -0.0196 0.9993 -0.0061
7499.0000 -143.1323 225.5825 20.3011 0.0291 -0.0207 0.9993 -0.0143
7500.0000 -142.6188 225.6159 20.2997 0.0286 -0.0203 0.9991 -0.0225
7501.0000 -142.0840 225.6895 20.2744 0.0280 -0.0182 0.9990 -0.0308
7502.0000 -141.5705 225.7549 20.2514 0.0279 -0.0152 0.9987 -0.0390
7503.0000 -141.0424 225.8468 20.2264 0.0275 -0.0138 0.9984 -0.0474
7504.0000 -140.5327 225.9245 20.1976 0.0263 -0.0155 0.9980 -0.0559
7505.0000 -140.0180 225.9801 20.2072 0.0268 -0.0193 0.9974 -0.0647
7506.0000 -139.5039 226.0555 20.2217 0.0268 -0.0199 0.9968 -0.0731
7507.0000 -138.9943 226.1815 20.1805 0.0262 -0.0211 0.9961 -0.0811
7508.0000 -138.4934 226.2723 20.1956 0.0238 -0.0238 0.9954 -0.0897
7509.0000 -137.9981 226.3908 20.2297 0.0177 -0.0221 0.9947 -0.0988
7510.0000 -137.5376 226.5454 20.1741 0.0110 -0.0210 0.9939 -0.1077
7511.0000 -137.0493 226.7180 20.1454 0.0087 -0.0192 0.9929 -0.1169
7512.0000 -136.5589 226.8771 20.1219 0.0114 -0.0185 0.9918 -0.1260
7513.0000 -136.0606 227.0260 20.0942 0.0185 -0.0188 0.9904 -0.1358
7514.0000 -135.5318 227.1698 20.0895 0.0333 -0.0190 0.9886 -0.1453
7515.0000 -134.9869 227.3184 20.1275 0.0469 -0.0166 0.9868 -0.1543
7516.0000 -134.5173 227.5045 20.1150 0.0504 -0.0160 0.9852 -0.1629
7517.0000 -134.0529 227.7155 20.1030 0.0447 -0.0188 0.9839 -0.1720
7518.0000 -133.6072 227.9124 20.0775 0.0351 -0.0235 0.9826 -0.1808
7519.0000 -133.1408 228.1229 20.0610 0.0258 -0.0280 0.9811 -0.1897
7520.0000 -132.6502 228.3342 20.0427 0.0194 -0.0282 0.9795 -0.1984
7521.0000 -132.1878 228.5722 19.9912 0.0178 -0.0253 0.9782 -0.2053
7522.0000 -131.6954 228.8288 19.9582 0.0215 -0.0213 0.9771 -0.2107
7523.0000 -131.2015 229.0715 19.9611 0.0271 -0.0206 0.9760 -0.2151
7524.0000 -130.6925 229.3029 19.9938 0.0298 -0.0218 0.9749 -0.2193
7525.0000 -130.1999 229.5471 19.9952 0.0283 -0.0238 0.9740 -0.2236
7526.0000 -129.7182 229.7949 19.9888 0.0240 -0.0250 0.9731 -0.2278
7527.0000 -129.2371 230.0632 19.9533 0.0199 -0.0261 0.9723 -0.2316
7528.0000 -128.7173 230.3402 19.9454 0.0191 -0.0262 0.9713 -0.2358
7529.0000 -128.2124 230.6192 19.9434 0.0198 -0.0245 0.9703 -0.2398
7530.0000 -127.7112 230.8943 19.9439 0.0205 -0.0232 0.9694 -0.2435
7531.0000 -127.1922 231.1979 19.9518 0.0198 -0.0217 0.9685 -0.2473
7532.0000 -126.7025 231.4902 19.9327 0.0180 -0.0216 0.9675 -0.2513
7533.0000 -126.1891 231.7935 19.9270 0.0168 -0.0225 0.9664 -0.2555
7534.0000 -125.6834 232.0798 19.9355 0.0170 -0.0237 0.9654 -0.2593
7535.0000 -125.1484 232.3837 19.9454 0.0176 -0.0244 0.9642 -0.2633
7536.0000 -124.6416 232.7098 19.9570 0.0186 -0.0224 0.9633 -0.2669
7537.0000 -124.1194 233.0601 19.9430 0.0192 -0.0197 0.9623 -0.2706
7538.0000 -123.6201 233.4102 19.9124 0.0190 -0.0179 0.9613 -0.2743
7539.0000 -123.0874 233.7504 19.8921 0.0195 -0.0175 0.9602 -0.2782
7540.0000 -122.5786 234.0722 19.8985 0.0207 -0.0189 0.9592 -0.2813
7541.0000 -122.0546 234.4078 19.9116 0.0211 -0.0207 0.9583 -0.2844
7542.0000 -121.5266 234.7655 19.9260 0.0205 -0.0212 0.9574 -0.2872
7543.0000 -121.0255 235.1268 19.9237 0.0198 -0.0204 0.9566 -0.2899
7544.0000 -120.5044 235.4807 19.9024 0.0196 -0.0191 0.9559 -0.2923
7545.0000 -119.9920 235.8394 19.8826 0.0206 -0.0179 0.9553 -0.2943
7546.0000 -119.4534 236.2142 19.8752 0.0220 -0.0175 0.9547 -0.2962
7547.0000 -118.9275 236.5730 19.8831 0.0235 -0.0169 0.9542 -0.2979
7548.0000 -118.4061 236.9498 19.8705 0.0235 -0.0174 0.9536 -0.2996
7549.0000 -117.8719 237.3244 19.8692 0.0235 -0.0175 0.9531 -0.3011
7550.0000 -117.3426 237.6927 19.8584 0.0233 -0.0184 0.9527 -0.3024
7551.0000 -116.8147 238.0565 19.8573 0.0237 -0.0184 0.9524 -0.3035
7552.0000 -116.2799 238.4286 19.8382 0.0244 -0.0182 0.9520 -0.3046
7553.0000 -115.7560 238.8296 19.8189 0.0262 -0.0181 0.9516 -0.3057
7554.0000 -115.2218 239.2035 19.8040 0.0276 -0.0197 0.9513 -0.3065
7555.0000 -114.7143 239.5522 19.8228 0.0289 -0.0210 0.9509 -0.3074
7556.0000 -114.1866 239.9178 19.8184 0.0290 -0.0210 0.9507 -0.3081
7557.0000 -113.6827 240.2972 19.7811 0.0281 -0.0215 0.9506 -0.3084
7558.0000 -113.1486 240.6766 19.7680 0.0269 -0.0224 0.9505 -0.3088
7559.0000 -112.6647 241.0384 19.7643 0.0265 -0.0245 0.9503 -0.3091
7560.0000 -112.1374 241.3911 19.7846 0.0262 -0.0256 0.9502 -0.3096
7561.0000 -111.6388 241.7580 19.7666 0.0256 -0.0265 0.9501 -0.3097
7562.0000 -111.1415 242.1214 19.7550 0.0250 -0.0272 0.9500 -0.3101
7563.0000 -110.6382 242.4954 19.7538 0.0248 -0.0287 0.9499 -0.3104
7564.0000 -110.1463 242.8575 19.7534 0.0242 -0.0307 0.9498 -0.3105
7565.0000 -109.6559 243.1986 19.7596 0.0237 -0.0328 0.9496 -0.3108
7566.0000 -109.1572 243.5358 19.7777 0.0227 -0.0335 0.9495 -0.3110
7567.0000 -108.6756 243.8983 19.7734 0.0206 -0.0334 0.9495 -0.3112
7568.0000 -108.1995 244.2573 19.7908 0.0201 -0.0317 0.9495 -0.3116
7569.0000 -107.7157 244.6223 19.7554 0.0216 -0.0290 0.9494 -0.3119
7570.0000 -107.2389 244.9904 19.7246 0.0275 -0.0264 0.9491 -0.3126
7571.0000 -106.7416 245.3365 19.7024 0.0371 -0.0240 0.9487 -0.3131
7572.0000 -106.2571 245.6975 19.6876 0.0447 -0.0224 0.9484 -0.3133
7573.0000 -105.7882 246.0279 19.6920 0.0438 -0.0223 0.9484 -0.3132
7574.0000 -105.3299 246.3905 19.6881 0.0380 -0.0239 0.9487 -0.3131
7575.0000 -104.8972 246.7238 19.6782 0.0292 -0.0256 0.9490 -0.3130
7576.0000 -104.4445 247.0510 19.6502 0.0226 -0.0275 0.9491 -0.3129
7577.0000 -103.9769 247.3937 19.6449 0.0220 -0.0290 0.9490 -0.3133
7578.0000 -103.4886 247.7271 19.6413 0.0260 -0.0289 0.9488 -0.3135
7579.0000 -103.0274 248.0716 19.6467 0.0296 -0.0284 0.9487 -0.3136
7580.0000 -102.5815 248.4039 19.6401 0.0295 -0.0270 0.9487 -0.3136
7581.0000 -102.1442 248.7436 19.6286 0.0282 -0.0268 0.9487 -0.3137
7582.0000 -101.6841 249.0826 19.6208 0.0263 -0.0269 0.9487 -0.3139
7583.0000 -101.2419 249.4102 19.6155 0.0258 -0.0275 0.9486 -0.3142
7584.0000 -100.7899 249.7381 19.6216 0.0262 -0.0275 0.9486 -0.3142
7585.0000 -100.3375 250.0693 19.6179 0.0267 -0.0272 0.9486 -0.3142
7586.0000 -99.9128 250.3948 19.6143 0.0273 -0.0261 0.9485 -0.3144
7587.0000 -99.4645 250.7402 19.5873 0.0275 -0.0258 0.9485 -0.3145
7588.0000 -99.0360 251.0428 19.5836 0.0284 -0.0258 0.9485 -0.3144
7589.0000 -98.6112 251.3358 19.5832 0.0290 -0.0266 0.9485 -0.3144
7590.0000 -98.1722 251.6553 19.5998 0.0293 -0.0267 0.9484 -0.3145
7591.0000 -97.7792 251.9679 19.5882 0.0286 -0.0264 0.9486 -0.3141
7592.0000 -97.3646 252.2921 19.5888 0.0281 -0.0254 0.9488 -0.3136
7593.0000 -96.9706 252.5919 19.5607 0.0270 -0.0249 0.9491 -0.3127
7594.0000 -96.5734 252.8657 19.5601 0.0268 -0.0246 0.9495 -0.3117
7595.0000 -96.1895 253.1388 19.5530 0.0269 -0.0246 0.9499 -0.3104
7596.0000 -95.8006 253.4068 19.5626 0.0277 -0.0237 0.9505 -0.3084
7597.0000 -95.4224 253.6791 19.5566 0.0286 -0.0222 0.9513 -0.3061
7598.0000 -95.0472 253.9355 19.5445 0.0285 -0.0204 0.9524 -0.3030
7599.0000 -94.6802 254.1817 19.5267 0.0283 -0.0193 0.9537 -0.2989
7600.0000 -94.3192 254.4146 19.5225 0.0284 -0.0186 0.9553 -0.2938
7601.0000 -93.9554 254.6285 19.5200 0.0285 -0.0176 0.9573 -0.2873
7602.0000 -93.5755 254.8293 19.5066 0.0284 -0.0171 0.9596 -0.2794
7603.0000 -93.2112 255.0452 19.5050 0.0277 -0.0168 0.9622 -0.2703
7604.0000 -92.8412 255.2111 19.5074 0.0266 -0.0162 0.9651 -0.2599
7605.0000 -92.4840 255.3879 19.4838 0.0252 -0.0153 0.9682 -0.2486
7606.0000 -92.0947 255.5580 19.4684 0.0246 -0.0151 0.9712 -0.2366
7607.0000 -91.7416 255.7029 19.4547 0.0245 -0.0157 0.9741 -0.2242
7608.0000 -91.3609 255.8172 19.4461 0.0250 -0.0168 0.9768 -0.2118
7609.0000 -90.9839 255.9269 19.4509 0.0261 -0.0178 0.9796 -0.1985
7610.0000 -90.5818 256.0355 19.4464 0.0271 -0.0180 0.9823 -0.1843
7611.0000 -90.2144 256.1328 19.4292 0.0276 -0.0175 0.9850 -0.1693
7612.0000 -89.8270 256.2436 19.3896 0.0280 -0.0183 0.9876 -0.1536
7613.0000 -89.4518 256.2649 19.3890 0.0293 -0.0208 0.9899 -0.1370
7614.0000 -89.0804 256.2766 19.4332 0.0302 -0.0205 0.9922 -0.1194
7615.0000 -88.7002 256.2980 19.4466 0.0285 -0.0158 0.9944 -0.1007
7616.0000 -88.3466 256.3381 19.4229 0.0254 -0.0076 0.9964 -0.0804
7617.0000 -87.9579 256.4142 19.3442 0.0222 0.0011 0.9980 -0.0590
7618.0000 -87.5902 256.4081 19.2354 0.0204 0.0026 0.9991 -0.0368
7619.0000 -87.2365 256.3103 19.2674 0.0199 -0.0022 0.9997 -0.0137
7620.0000 -86.8681 256.2163 19.2947 0.0175 -0.0102 0.9997 0.0100
7621.0000 -86.5477 256.0933 19.3769 0.0154 -0.0161 0.9992 0.0341
7622.0000 -86.2021 255.9690 19.4142 0.0155 -0.0149 0.9981 0.0579
7623.0000 -85.8584 255.8543 19.3619 0.0159 -0.0082 0.9964 0.0826
7624.0000 -85.5118 255.7732 19.2575 0.0179 -0.0022 0.9941 0.1067
7625.0000 -85.1730 255.6495 19.1989 0.0210 -0.0015 0.9912 0.1304
7626.0000 -84.8724 255.4308 19.2318 0.0227 -0.0054 0.9879 0.1535
7627.0000 -84.6068 255.2135 19.3073 0.0229 -0.0086 0.9838 0.1775
7628.0000 -84.3254 255.0366 19.3255 0.0213 -0.0078 0.9792 0.2015
7629.0000 -84.0462 254.8290 19.3042 0.0195 -0.0041 0.9739 0.2260
7630.0000 -83.7786 254.6226 19.2700 0.0185 0.0007 0.9680 0.2502
7631.0000 -83.5205 254.3897 19.2102 0.0180 0.0031 0.9615 0.2742
7632.0000 -83.2847 254.1489 19.2099 0.0188 0.0030 0.9543 0.2984
7633.0000 -83.0487 253.8776 19.2278 0.0195 0.0016 0.9464 0.3225
7634.0000 -82.8349 253.5946 19.2628 0.0210 0.0018 0.9378 0.3466
7635.0000 -82.6320 253.2970 19.2411 0.0214 0.0032 0.9284 0.3711
7636.0000 -82.4296 253.0032 19.2193 0.0226 0.0050 0.9179 0.3961
7637.0000 -82.2527 252.6743 19.2036 0.0244 0.0066 0.9068 0.4209
7638.0000 -82.0983 252.3596 19.1892 0.0260 0.0069 0.8949 0.4455
7639.0000 -81.9645 251.9906 19.1824 0.0272 0.0062 0.8822 0.4700
7640.0000 -81.8439 251.6423 19.1909 0.0282 0.0048 0.8686 0.4947
7641.0000 -81.7489 251.2743 19.2007 0.0288 0.0039 0.8542 0.5192
7642.0000 -81.6501 250.9080 19.1976 0.0289 0.0046 0.8389 0.5434
7643.0000 -81.5868 250.5175 19.1749 0.0288 0.0058 0.8232 0.5669
7644.0000 -81.5468 250.1327 19.1581 0.0285 0.0059 0.8071 0.5897
7645.0000 -81.5190 249.7354 19.1571 0.0284 0.0049 0.7912 0.6109
7646.0000 -81.5150 249.3227 19.1606 0.0281 0.0033 0.7755 0.6307
7647.0000 -81.5158 248.9301 19.1681 0.0274 0.0022 0.7604 0.6489
7648.0000 -81.5409 248.4924 19.1654 0.0265 0.0019 0.7458 0.6657
7649.0000 -81.5474 248.0854 19.1631 0.0261 0.0027 0.7324 0.6804
7650.0000 -81.5816 247.6426 19.1304 0.0256 0.0032 0.7204 0.6931
7651.0000 -81.6039 247.2094 19.1088 0.0241 0.0020 0.7103 0.7034
7652.0000 -81.6608 246.7655 19.1186 0.0213 -0.0009 0.7029 0.7110
7653.0000 -81.7030 246.3220 19.1472 0.0195 -0.0028 0.6971 0.7167
7654.0000 -81.7433 245.8471 19.1518 0.0193 -0.0030 0.6927 0.7210
7655.0000 -81.7885 245.3916 19.1399 0.0201 -0.0014 0.6889 0.7246
7656.0000 -81.8296 244.9097 19.1158 0.0209 0.0002 0.6853 0.7280
7657.0000 -81.8591 244.4048 19.0935 0.0209 0.0006 0.6825 0.7306
7658.0000 -81.9047 243.9248 19.0839 0.0203 -0.0003 0.6796 0.7333
7659.0000 -81.9774 243.4164 19.1008 0.0195 -0.0013 0.6766 0.7361
7660.0000 -82.0268 242.9130 19.0976 0.0184 -0.0014 0.6734 0.7390
7661.0000 -82.0817 242.3871 19.1016 0.0181 -0.0015 0.6704 0.7418
7662.0000 -82.1631 241.8567 19.0845 0.0177 -0.0014 0.6673 0.7446
7663.0000 -82.2341 241.3164 19.0885 0.0177 -0.0020 0.6649 0.7467
7664.0000 -82.3216 240.7653 19.0782 0.0176 -0.0030 0.6629 0.7485
7665.0000 -82.4010 240.2346 19.0724 0.0173 -0.0036 0.6609 0.7503
7666.0000 -82.4909 239.6680 19.0690 0.0169 -0.0036 0.6590 0.7519
7667.0000 -82.5770 239.0888 19.0681 0.0162 -0.0033 0.6575 0.7533
7668.0000 -82.6457 238.5247 19.0729 0.0157 -0.0025 0.6560 0.7546
7669.0000 -82.7341 237.9438 19.0574 0.0154 -0.0021 0.6542 0.7561
7670.0000 -82.8186 237.3328 19.0540 0.0156 -0.0029 0.6528 0.7574
7671.0000 -82.9304 236.7417 19.0499 0.0162 -0.0043 0.6513 0.7587
7672.0000 -83.0357 236.1458 19.0471 0.0166 -0.0053 0.6496 0.7601
7673.0000 -83.1491 235.5249 19.0475 0.0168 -0.0055 0.6480 0.7614
7674.0000 -83.2459 234.9170 19.0339 0.0165 -0.0054 0.6463 0.7629
7675.0000 -83.3714 234.2902 19.0254 0.0163 -0.0044 0.6448 0.7642
7676.0000 -83.4837 233.6618 19.0239 0.0160 -0.0041 0.6433 0.7655
7677.0000 -83.6030 233.0382 19.0152 0.0158 -0.0042 0.6418 0.7667
7678.0000 -83.7239 232.3919 19.0025 0.0154 -0.0048 0.6404 0.7678
7679.0000 -83.8411 231.7386 18.9995 0.0142 -0.0057 0.6397 0.7685
7680.0000 -83.9851 231.0944 19.0110 0.0137 -0.0071 0.6402 0.7681
7681.0000 -84.1064 230.4354 19.0018 0.0139 -0.0074 0.6408 0.7675
7682.0000 -84.2201 229.7761 18.9868 0.0147 -0.0073 0.6415 0.7670
7683.0000 -84.3417 229.1083 18.9607 0.0151 -0.0078 0.6420 0.7665
7684.0000 -84.4571 228.4433 18.9604 0.0152 -0.0087 0.6426 0.7660
7685.0000 -84.5707 227.7582 18.9587 0.0148 -0.0097 0.6433 0.7654
7686.0000 -84.7164 227.0862 18.9619 0.0147 -0.0099 0.6440 0.7648
7687.0000 -84.8144 226.4267 18.9563 0.0145 -0.0096 0.6447 0.7643
7688.0000 -84.9070 225.7537 18.9487 0.0142 -0.0084 0.6450 0.7640
7689.0000 -85.0320 225.1032 18.9382 0.0138 -0.0072 0.6456 0.7635
7690.0000 -85.1376 224.4354 18.9342 0.0133 -0.0070 0.6460 0.7632
7691.0000 -85.2504 223.7655 18.9296 0.0143 -0.0078 0.6464 0.7628
7692.0000 -85.3562 223.0966 18.9141 0.0158 -0.0091 0.6467 0.7626
7693.0000 -85.4615 222.4272 18.9152 0.0167 -0.0098 0.6470 0.7622
7694.0000 -85.5772 221.7709 18.9030 0.0162 -0.0095 0.6474 0.7619
7695.0000 -85.6930 221.1276 18.9080 0.0152 -0.0083 0.6478 0.7616
7696.0000 -85.7839 220.4639 18.8985 0.0137 -0.0061 0.6482 0.7614
7697.0000 -85.8978 219.8082 18.9099 0.0119 -0.0052 0.6486 0.7611
7698.0000 -85.9880 219.1733 18.9428 0.0129 -0.0031 0.6490 0.7607
7699.0000 -86.0761 218.5284 18.8904 0.0138 -0.0014 0.6493 0.7604
7700.0000 -86.1756 217.8883 18.8859 0.0141 -0.0029 0.6497 0.7601
7701.0000 -86.2849 217.2389 18.8987 0.0144 -0.0052 0.6501 0.7597
7702.0000 -86.3964 216.6099 18.9316 0.0159 -0.0056 0.6504 0.7594
7703.0000 -86.4809 215.9705 18.9181 0.0181 -0.0039 0.6504 0.7593
7704.0000 -86.5643 215.3326 18.8490 0.0180 -0.0032 0.6510 0.7589
7705.0000 -86.6597 214.7159 18.8837 0.0160 -0.0043 0.6520 0.7580
7706.0000 -86.7545 214.0910 18.9051 0.0165 -0.0062 0.6526 0.7575
7707.0000 -86.8545 213.4749 18.9030 0.0183 -0.0067 0.6532 0.7569
7708.0000 -86.9284 212.8554 18.8779 0.0193 -0.0053 0.6544 0.7559
7709.0000 -87.0161 212.2322 18.8490 0.0180 -0.0048 0.6557 0.7548
7710.0000 -87.1017 211.6241 18.8813 0.0161 -0.0043 0.6566 0.7540
7711.0000 -87.1775 211.0046 18.8920 0.0149 -0.0032 0.6583 0.7526
7712.0000 -87.2554 210.4022 18.8782 0.0136 -0.0024 0.6600 0.7511
7713.0000 -87.3125 209.7879 18.8762 0.0151 -0.0022 0.6619 0.7495
7714.0000 -87.3907 209.1849 18.8470 0.0154 -0.0034 0.6644 0.7472
7715.0000 -87.4471 208.5893 18.8519 0.0158 -0.0054 0.6676 0.7443
7716.0000 -87.4947 207.9893 18.8857 0.0174 -0.0069 0.6710 0.7412
7717.0000 -87.5348 207.4019 18.8837 0.0193 -0.0062 0.6745 0.7379
7718.0000 -87.5452 206.7976 18.8465 0.0198 -0.0042 0.6781 0.7347
7719.0000 -87.6005 206.2035 18.8285 0.0196 -0.0037 0.6818 0.7312
7720.0000 -87.6206 205.6120 18.8035 0.0176 -0.0047 0.6856 0.7277
7721.0000 -87.6470 205.0280 18.8253 0.0162 -0.0069 0.6899 0.7237
7722.0000 -87.6617 204.4427 18.8508 0.0162 -0.0087 0.6941 0.7196
7723.0000 -87.6347 203.8404 18.8842 0.0196 -0.0082 0.6990 0.7148
7724.0000 -87.6140 203.2763 18.8405 0.0256 -0.0056 0.7041 0.7096
7725.0000 -87.5894 202.6803 18.7217 0.0297 -0.0031 0.7096 0.7040
7726.0000 -87.5795 202.0968 18.6519 0.0264 -0.0054 0.7160 0.6976
7727.0000 -87.5309 201.5486 18.7331 0.0198 -0.0105 0.7229 0.6906
7728.0000 -87.4942 200.9860 18.8245 0.0149 -0.0144 0.7299 0.6832
7729.0000 -87.4209 200.4273 18.8512 0.0155 -0.0124 0.7373 0.6753
7730.0000 -87.3045 199.8597 18.7633 0.0188 -0.0077 0.7449 0.6669
7731.0000 -87.1932 199.2941 18.6663 0.0229 -0.0064 0.7527 0.6579
7732.0000 -87.0818 198.7220 18.6378 0.0252 -0.0103 0.7603 0.6490
7733.0000 -86.9583 198.1581 18.6525 0.0251 -0.0168 0.7678 0.6400
7734.0000 -86.8382 197.6072 18.6994 0.0241 -0.0215 0.7753 0.6308
7735.0000 -86.6880 197.0780 18.7004 0.0233 -0.0208 0.7825 0.6219
7736.0000 -86.5082 196.5271 18.6551 0.0225 -0.0173 0.7895 0.6130
7737.0000 -86.3081 195.9673 18.6018 0.0213 -0.0142 0.7969 0.6036
7738.0000 -86.1367 195.4575 18.5647 0.0202 -0.0133 0.8041 0.5941
7739.0000 -85.9181 194.9136 18.5566 0.0197 -0.0151 0.8112 0.5843
7740.0000 -85.7163 194.4003 18.5636 0.0192 -0.0183 0.8179 0.5748
7741.0000 -85.4728 193.8597 18.5783 0.0203 -0.0187 0.8249 0.5645
7742.0000 -85.2324 193.3641 18.5380 0.0210 -0.0177 0.8319 0.5542
7743.0000 -84.9579 192.8512 18.5102 0.0212 -0.0164 0.8393 0.5430
7744.0000 -84.6850 192.3707 18.4845 0.0200 -0.0159 0.8466 0.5316
7745.0000 -84.4060 191.8873 18.4645 0.0195 -0.0166 0.8538 0.5200
7746.0000 -84.1028 191.4096 18.4439 0.0214 -0.0186 0.8606 0.5085
7747.0000 -83.8005 190.9219 18.4188 0.0243 -0.0212 0.8673 0.4967
7748.0000 -83.4904 190.4743 18.4363 0.0271 -0.0221 0.8739 0.4848
7749.0000 -83.1273 190.0186 18.4188 0.0280 -0.0201 0.8807 0.4723
7750.0000 -82.7874 189.5913 18.3557 0.0265 -0.0181 0.8876 0.4595
7751.0000 -82.4174 189.1761 18.3404 0.0246 -0.0169 0.8946 0.4458
7752.0000 -82.0650 188.7748 18.3061 0.0229 -0.0170 0.9015 0.4319
7753.0000 -81.6784 188.3762 18.2902 0.0231 -0.0178 0.9079 0.4181
7754.0000 -81.2731 187.9901 18.2902 0.0250 -0.0181 0.9139 0.4048
7755.0000 -80.8431 187.6000 18.2731 0.0264 -0.0174 0.9202 0.3902
7756.0000 -80.4284 187.2597 18.2502 0.0268 -0.0164 0.9264 0.3754
7757.0000 -79.9904 186.9299 18.2310 0.0263 -0.0152 0.9324 0.3601
7758.0000 -79.5622 186.5979 18.2002 0.0255 -0.0144 0.9383 0.3446
7759.0000 -79.1000 186.2943 18.1735 0.0251 -0.0139 0.9438 0.3293
7760.0000 -78.6463 185.9867 18.1586 0.0263 -0.0140 0.9488 0.3144
7761.0000 -78.1740 185.7198 18.1332 0.0272 -0.0140 0.9533 0.3004
7762.0000 -77.6816 185.4187 18.1127 0.0280 -0.0145 0.9574 0.2869
7763.0000 -77.1868 185.1578 18.1052 0.0277 -0.0146 0.9613 0.2738
7764.0000 -76.6962 184.9147 18.0883 0.0263 -0.0142 0.9650 0.2604
7765.0000 -76.1747 184.6742 18.0691 0.0247 -0.0136 0.9686 0.2471
7766.0000 -75.6753 184.4444 18.0400 0.0233 -0.0135 0.9720 0.2336
7767.0000 -75.1653 184.2349 18.0259 0.0228 -0.0137 0.9751 0.2201
7768.0000 -74.6345 184.0405 18.0228 0.0230 -0.0135 0.9780 0.2070
7769.0000 -74.0890 183.8538 18.0024 0.0231 -0.0134 0.9806 0.1943
7770.0000 -73.5493 183.6585 17.9783 0.0226 -0.0133 0.9830 0.1815
7771.0000 -72.9786 183.4949 17.9571 0.0223 -0.0141 0.9853 0.1690
7772.0000 -72.4305 183.3393 17.9498 0.0223 -0.0153 0.9873 0.1562
7773.0000 -71.8766 183.1884 17.9452 0.0226 -0.0161 0.9892 0.1438
7774.0000 -71.2825 183.0575 17.9308 0.0234 -0.0162 0.9909 0.1319
7775.0000 -70.6890 182.9276 17.8903 0.0249 -0.0162 0.9922 0.1209
7776.0000 -70.0862 182.7797 17.8432 0.0275 -0.0176 0.9932 0.1113
7777.0000 -69.4616 182.6759 17.8604 0.0305 -0.0198 0.9939 0.1044
7778.0000 -68.8424 182.6053 17.8694 0.0295 -0.0181 0.9945 0.0988
7779.0000 -68.2195 182.4735 17.8264 0.0248 -0.0142 0.9953 0.0926
7780.0000 -67.6283 182.3877 17.7705 0.0200 -0.0123 0.9959 0.0875
7781.0000 -66.9798 182.2876 17.7439 0.0175 -0.0133 0.9963 0.0828
7782.0000 -66.3395 182.1662 17.7497 0.0201 -0.0145 0.9965 0.0793
7783.0000 -65.6908 182.0951 17.7491 0.0254 -0.0135 0.9966 0.0767
7784.0000 -65.0223 182.0285 17.7315 0.0284 -0.0116 0.9968 0.0738
7785.0000 -64.3851 181.9352 17.6991 0.0276 -0.0104 0.9971 0.0707
7786.0000 -63.7205 181.8433 17.6776 0.0246 -0.0096 0.9973 0.0681
7787.0000 -63.0602 181.7474 17.6573 0.0218 -0.0099 0.9975 0.0659
7788.0000 -62.3843 181.6657 17.6489 0.0207 -0.0097 0.9977 0.0640
7789.0000 -61.7061 181.5844 17.6221 0.0208 -0.0095 0.9978 0.0623
7790.0000 -61.0124 181.5087 17.6050 0.0218 -0.0091 0.9979 0.0611
7791.0000 -60.3290 181.4235 17.5893 0.0223 -0.0087 0.9979 0.0598
7792.0000 -59.6472 181.3351 17.5652 0.0222 -0.0085 0.9979 0.0597
7793.0000 -58.9435 181.2580 17.5607 0.0221 -0.0083 0.9979 0.0601
7794.0000 -58.2410 181.1730 17.5462 0.0216 -0.0084 0.9979 0.0605
7795.0000 -57.5376 181.0883 17.5270 0.0210 -0.0079 0.9979 0.0608
7796.0000 -56.8276 180.9738 17.5001 0.0201 -0.0082 0.9979 0.0608
7797.0000 -56.1318 180.8972 17.4887 0.0202 -0.0082 0.9979 0.0612
7798.0000 -55.4058 180.8130 17.4747 0.0205 -0.0073 0.9978 0.0618
7799.0000 -54.6559 180.7194 17.4506 0.0210 -0.0062 0.9978 0.0627
7800.0000 -53.9337 180.6109 17.4320 0.0207 -0.0055 0.9978 0.0634
7801.0000 -53.1990 180.5117 17.4174 0.0200 -0.0055 0.9977 0.0638
7802.0000 -52.4616 180.4311 17.3916 0.0201 -0.0060 0.9977 0.0647
7803.0000 -51.7029 180.3280 17.3778 0.0210 -0.0069 0.9976 0.0651
7804.0000 -50.9680 180.2412 17.3741 0.0221 -0.0075 0.9976 0.0658
7805.0000 -50.2276 180.1255 17.3480 0.0222 -0.0071 0.9975 0.0666
7806.0000 -49.4585 180.0370 17.3094 0.0217 -0.0072 0.9975 0.0673
7807.0000 -48.6910 179.9276 17.3005 0.0212 -0.0084 0.9974 0.0678
7808.0000 -47.9321 179.8257 17.2991 0.0216 -0.0094 0.9974 0.0679
7809.0000 -47.1652 179.7008 17.2756 0.0219 -0.0096 0.9974 0.0680
7810.0000 -46.3756 179.5958 17.2577 0.0226 -0.0085 0.9974 0.0680
7811.0000 -45.5917 179.4777 17.2069 0.0233 -0.0081 0.9974 0.0682
7812.0000 -44.7944 179.3943 17.1965 0.0235 -0.0095 0.9973 0.0685
7813.0000 -43.9879 179.2746 17.1885 0.0229 -0.0106 0.9973 0.0686
7814.0000 -43.2064 179.1482 17.1766 0.0222 -0.0113 0.9973 0.0692
7815.0000 -42.4183 179.0313 17.1344 0.0223 -0.0112 0.9973 0.0688
7816.0000 -41.6068 178.9183 17.1065 0.0243 -0.0126 0.9972 0.0691
7817.0000 -40.7668 178.7878 17.1099 0.0263 -0.0132 0.9972 0.0692
7818.0000 -39.9594 178.6865 17.0860 0.0266 -0.0129 0.9971 0.0696
7819.0000 -39.1360 178.5482 17.0462 0.0256 -0.0123 0.9972 0.0698
7820.0000 -38.3081 178.4318 17.0121 0.0255 -0.0113 0.9972 0.0699
7821.0000 -37.4690 178.3289 16.9875 0.0261 -0.0104 0.9972 0.0699
7822.0000 -36.6259 178.2205 16.9688 0.0257 -0.0089 0.9972 0.0702
7823.0000 -35.7792 178.0892 16.9392 0.0240 -0.0081 0.9972 0.0704
7824.0000 -34.9687 177.9758 16.9245 0.0219 -0.0069 0.9973 0.0703
7825.0000 -34.1288 177.8579 16.8970 0.0204 -0.0063 0.9973 0.0705
7826.0000 -33.2653 177.7416 16.8762 0.0203 -0.0062 0.9973 0.0707
7827.0000 -32.4182 177.6140 16.8622 0.0210 -0.0066 0.9972 0.0710
7828.0000 -31.5645 177.4933 16.8641 0.0222 -0.0063 0.9972 0.0713
7829.0000 -30.7021 177.3763 16.8372 0.0223 -0.0067 0.9972 0.0714
7830.0000 -29.8409 177.2472 16.8251 0.0221 -0.0066 0.9972 0.0717
7831.0000 -28.9901 177.1376 16.8100 0.0211 -0.0063 0.9972 0.0718
7832.0000 -28.1492 176.9994 16.7809 0.0211 -0.0059 0.9972 0.0720
7833.0000 -27.2719 176.8719 16.7572 0.0221 -0.0063 0.9971 0.0722
7834.0000 -26.4114 176.7263 16.7437 0.0235 -0.0067 0.9971 0.0725
7835.0000 -25.5558 176.5850 16.7330 0.0243 -0.0065 0.9970 0.0727
7836.0000 -24.6790 176.4663 16.6953 0.0238 -0.0069 0.9970 0.0729
7837.0000 -23.8176 176.3299 16.6751 0.0242 -0.0070 0.9970 0.0729
7838.0000 -22.9836 176.2066 16.6622 0.0247 -0.0068 0.9970 0.0730
7839.0000 -22.1322 176.0708 16.6186 0.0242 -0.0072 0.9970 0.0733
7840.0000 -21.2625 175.9516 16.6162 0.0226 -0.0088 0.9970 0.0737
7841.0000 -20.4388 175.8224 16.6190 0.0218 -0.0085 0.9970 0.0737
7842.0000 -19.5778 175.6976 16.5800 0.0215 -0.0082 0.9970 0.0741
7843.0000 -18.7246 175.5689 16.5420 0.0228 -0.0083 0.9970 0.0741
7844.0000 -17.8890 175.4476 16.5260 0.0246 -0.0086 0.9969 0.0739
7845.0000 -17.0312 175.3105 16.5095 0.0250 -0.0087 0.9969 0.0741
7846.0000 -16.1888 175.1744 16.4823 0.0238 -0.0088 0.9969 0.0741
7847.0000 -15.3467 175.0518 16.4680 0.0216 -0.0091 0.9970 0.0740
7848.0000 -14.5031 174.9169 16.4595 0.0199 -0.0089 0.9970 0.0739
7849.0000 -13.6326 174.8108 16.4320 0.0196 -0.0089 0.9970 0.0741
7850.0000 -12.7771 174.6754 16.4144 0.0208 -0.0085 0.9970 0.0741
7851.0000 -11.9310 174.5576 16.3931 0.0221 -0.0092 0.9970 0.0740
7852.0000 -11.0754 174.4261 16.3759 0.0225 -0.0087 0.9970 0.0740
7853.0000 -10.2228 174.2896 16.3529 0.0221 -0.0089 0.9970 0.0740
7854.0000 -9.3561 174.1762 16.3357 0.0210 -0.0083 0.9970 0.0741
7855.0000 -8.5166 174.0441 16.3159 0.0198 -0.0086 0.9970 0.0737
7856.0000 -7.6319 173.9206 16.3058 0.0195 -0.0086 0.9970 0.0739
7857.0000 -6.7692 173.7892 16.2853 0.0194 -0.0083 0.9970 0.0738
7858.0000 -5.9082 173.6659 16.2692 0.0196 -0.0083 0.9971 0.0736
7859.0000 -5.0334 173.5378 16.2560 0.0198 -0.0081 0.9971 0.0733
7860.0000 -4.1742 173.3965 16.2357 0.0199 -0.0079 0.9971 0.0732
7861.0000 -3.2991 173.2731 16.2225 0.0204 -0.0078 0.9971 0.0730
7862.0000 -2.4169 173.1345 16.1949 0.0208 -0.0079 0.9971 0.0727
7863.0000 -1.5306 173.0065 16.1668 0.0209 -0.0083 0.9971 0.0727
7864.0000 -0.6645 172.8742 16.1612 0.0213 -0.0090 0.9971 0.0724
7865.0000 0.2092 172.7456 16.1447 0.0217 -0.0094 0.9971 0.0723
7866.0000 1.0943 172.6254 16.1171 0.0220 -0.0094 0.9971 0.0722
7867.0000 1.9867 172.4960 16.0934 0.0214 -0.0095 0.9971 0.0720
7868.0000 2.8768 172.3712 16.0782 0.0209 -0.0094 0.9972 0.0718
7869.0000 3.7530 172.2520 16.0600 0.0200 -0.0098 0.9972 0.0716
7870.0000 4.6284 172.1122 16.0505 0.0202 -0.0095 0.9972 0.0714
7871.0000 5.5169 171.9852 16.0262 0.0199 -0.0090 0.9972 0.0715
7872.0000 6.4115 171.8667 16.0050 0.0197 -0.0082 0.9972 0.0714
7873.0000 7.3001 171.7409 15.9757 0.0188 -0.0081 0.9972 0.0714
7874.0000 8.1888 171.6023 15.9782 0.0195 -0.0086 0.9972 0.0711
7875.0000 9.0726 171.4692 15.9598 0.0206 -0.0092 0.9972 0.0711
7876.0000 9.9662 171.3348 15.9537 0.0228 -0.0086 0.9972 0.0708
7877.0000 10.8641 171.2228 15.9101 0.0244 -0.0066 0.9972 0.0708
7878.0000 11.7718 171.0857 15.8447 0.0240 -0.0069 0.9972 0.0708
7879.0000 12.6768 170.9488 15.8490 0.0233 -0.0073 0.9972 0.0706
7880.0000 13.5517 170.8293 15.8449 0.0206 -0.0078 0.9972 0.0710
7881.0000 14.4596 170.6990 15.8446 0.0192 -0.0074 0.9973 0.0711
7882.0000 15.3559 170.5628 15.8084 0.0189 -0.0068 0.9973 0.0709
7883.0000 16.2676 170.4473 15.8002 0.0200 -0.0069 0.9973 0.0710
7884.0000 17.1620 170.3047 15.7782 0.0211 -0.0058 0.9972 0.0710
7885.0000 18.0946 170.1796 15.7429 0.0218 -0.0053 0.9972 0.0710
7886.0000 18.9822 170.0544 15.7257 0.0220 -0.0049 0.9972 0.0709
7887.0000 19.8935 169.9205 15.7134 0.0215 -0.0048 0.9972 0.0709
7888.0000 20.8026 169.7926 15.6912 0.0199 -0.0045 0.9973 0.0709
7889.0000 21.7174 169.6620 15.6721 0.0190 -0.0051 0.9973 0.0709
7890.0000 22.6127 169.5203 15.6744 0.0194 -0.0055 0.9973 0.0709
7891.0000 23.5433 169.3994 15.6485 0.0206 -0.0055 0.9973 0.0709
7892.0000 24.4566 169.2731 15.6254 0.0218 -0.0052 0.9972 0.0707
7893.0000 25.3677 169.1264 15.5869 0.0222 -0.0052 0.9972 0.0706
7894.0000 26.2787 169.0106 15.5836 0.0222 -0.0057 0.9972 0.0705
7895.0000 27.1889 168.8711 15.5723 0.0208 -0.0054 0.9973 0.0705
7896.0000 28.1313 168.7483 15.5349 0.0196 -0.0052 0.9973 0.0706
7897.0000 29.0365 168.6117 15.5337 0.0206 -0.0058 0.9973 0.0704
7898.0000 29.9407 168.4737 15.5185 0.0217 -0.0061 0.9973 0.0703
7899.0000 30.8755 168.3617 15.4812 0.0223 -0.0060 0.9972 0.0706
7900.0000 31.7863 168.2182 15.4679 0.0225 -0.0066 0.9972 0.0706
7901.0000 32.6683 168.0884 15.4604 0.0221 -0.0069 0.9972 0.0706
7902.0000 33.5836 167.9539 15.4465 0.0214 -0.0068 0.9972 0.0707
7903.0000 34.4867 167.8340 15.4256 0.0206 -0.0062 0.9973 0.0708
7904.0000 35.3996 167.7060 15.4036 0.0199 -0.0054 0.9973 0.0709
7905.0000 36.3083 167.5797 15.3929 0.0200 -0.0047 0.9973 0.0709
7906.0000 37.2009 167.4560 15.3677 0.0206 -0.0042 0.9973 0.0711
7907.0000 38.0740 167.3266 15.3662 0.0210 -0.0035 0.9972 0.0711
7908.0000 38.9689 167.1995 15.3529 0.0201 -0.0030 0.9973 0.0712
7909.0000 39.8687 167.0734 15.3318 0.0203 -0.0008 0.9973 0.0712
7910.0000 40.7773 166.9369 15.2849 0.0208 -0.0008 0.9972 0.0713
7911.0000 41.6709 166.8125 15.2866 0.0228 -0.0016 0.9972 0.0714
7912.0000 42.5350 166.6951 15.2869 0.0231 -0.0014 0.9972 0.0716
7913.0000 43.4327 166.5528 15.2344 0.0226 -0.0022 0.9972 0.0716
7914.0000 44.3297 166.4249 15.2328 0.0234 -0.0029 0.9971 0.0719
7915.0000 45.2228 166.2824 15.2112 0.0246 -0.0036 0.9971 0.0722
7916.0000 46.1214 166.1566 15.1846 0.0251 -0.0043 0.9971 0.0723
7917.0000 47.0031 166.0311 15.1544 0.0250 -0.0047 0.9971 0.0724
7918.0000 47.8895 165.9007 15.1357 0.0243 -0.0054 0.9971 0.0726
7919.0000 48.7565 165.7594 15.1169 0.0238 -0.0058 0.9971 0.0727
7920.0000 49.6485 165.6123 15.0774 0.0231 -0.0066 0.9971 0.0729
7921.0000 50.5401 165.4938 15.0673 0.0238 -0.0080 0.9970 0.0732
7922.0000 51.4016 165.3552 15.0716 0.0236 -0.0081 0.9970 0.0733
7923.0000 52.3005 165.2301 15.0419 0.0215 -0.0068 0.9970 0.0737
7924.0000 53.1938 165.0894 14.9917 0.0194 -0.0061 0.9971 0.0735
7925.0000 54.0561 164.9706 14.9903 0.0201 -0.0063 0.9971 0.0736
7926.0000 54.9316 164.8409 14.9792 0.0223 -0.0064 0.9970 0.0737
7927.0000 55.8277 164.7023 14.9532 0.0240 -0.0065 0.9970 0.0739
7928.0000 56.6919 164.5641 14.9267 0.0239 -0.0067 0.9969 0.0742
7929.0000 57.5545 164.4538 14.9124 0.0228 -0.0066 0.9969 0.0744
7930.0000 58.4210 164.3185 14.8967 0.0217 -0.0063 0.9970 0.0744
7931.0000 59.2738 164.1839 14.8709 0.0212 -0.0061 0.9970 0.0745
7932.0000 60.1525 164.0531 14.8613 0.0215 -0.0061 0.9970 0.0744
7933.0000 60.9922 163.9277 14.8454 0.0221 -0.0066 0.9970 0.0742
7934.0000 61.8535 163.8059 14.8364 0.0224 -0.0061 0.9970 0.0743
7935.0000 62.7111 163.6718 14.8095 0.0221 -0.0053 0.9970 0.0741
7936.0000 63.5546 163.5357 14.7853 0.0216 -0.0055 0.9970 0.0742
7937.0000 64.3889 163.4073 14.7761 0.0211 -0.0061 0.9970 0.0740
7938.0000 65.2279 163.2785 14.7544 0.0207 -0.0077 0.9970 0.0740
7939.0000 66.0821 163.1571 14.7546 0.0209 -0.0083 0.9970 0.0740
7940.0000 66.9137 163.0333 14.7419 0.0209 -0.0084 0.9970 0.0742
7941.0000 67.7529 162.9081 14.7277 0.0210 -0.0083 0.9970 0.0741
7942.0000 68.5944 162.7801 14.6962 0.0211 -0.0082 0.9970 0.0737
7943.0000 69.4246 162.6339 14.6886 0.0222 -0.0076 0.9970 0.0734
7944.0000 70.2607 162.5059 14.6818 0.0229 -0.0072 0.9970 0.0732
7945.0000 71.0828 162.3956 14.6644 0.0225 -0.0073 0.9970 0.0731
7946.0000 71.8959 162.2689 14.6493 0.0212 -0.0079 0.9971 0.0731
7947.0000 72.7070 162.1554 14.6246 0.0201 -0.0082 0.9971 0.0731
7948.0000 73.5393 162.0282 14.6027 0.0196 -0.0084 0.9971 0.0731
7949.0000 74.3628 161.8955 14.5904 0.0198 -0.0083 0.9971 0.0733
7950.0000 75.1773 161.7823 14.5765 0.0204 -0.0090 0.9971 0.0734
7951.0000 75.9881 161.6408 14.5894 0.0210 -0.0090 0.9970 0.0734
7952.0000 76.7885 161.5272 14.5651 0.0211 -0.0091 0.9970 0.0735
7953.0000 77.5897 161.4056 14.5534 0.0208 -0.0092 0.9970 0.0737
7954.0000 78.3934 161.2927 14.5312 0.0207 -0.0093 0.9970 0.0735
7955.0000 79.2241 161.1712 14.5115 0.0210 -0.0097 0.9970 0.0737
7956.0000 80.0033 161.0536 14.5021 0.0218 -0.0099 0.9970 0.0738
7957.0000 80.8175 160.9319 14.4950 0.0220 -0.0096 0.9970 0.0738
7958.0000 81.6099 160.8077 14.4810 0.0208 -0.0089 0.9970 0.0740
7959.0000 82.4089 160.7052 14.4648 0.0187 -0.0078 0.9971 0.0740
7960.0000 83.1836 160.5890 14.4181 0.0174 -0.0077 0.9971 0.0737
7961.0000 83.9641 160.4448 14.4102 0.0194 -0.0072 0.9971 0.0736
7962.0000 84.7808 160.3386 14.3982 0.0226 -0.0070 0.9970 0.0737
7963.0000 85.5707 160.2228 14.3929 0.0252 -0.0068 0.9969 0.0741
7964.0000 86.3582 160.0955 14.3798 0.0246 -0.0076 0.9969 0.0740
7965.0000 87.1275 159.9845 14.3784 0.0219 -0.0080 0.9970 0.0738
7966.0000 87.9104 159.8686 14.3568 0.0184 -0.0078 0.9971 0.0734
7967.0000 88.6855 159.7511 14.3183 0.0169 -0.0072 0.9971 0.0733
7968.0000 89.4655 159.6338 14.3116 0.0178 -0.0066 0.9972 0.0728
7969.0000 90.2453 159.5228 14.2990 0.0198 -0.0060 0.9972 0.0725
7970.0000 91.0241 159.4015 14.2679 0.0215 -0.0067 0.9971 0.0723
7971.0000 91.7950 159.3017 14.3036 0.0226 -0.0063 0.9971 0.0722
7972.0000 92.5953 159.2030 14.2437 0.0214 -0.0066 0.9971 0.0721
7973.0000 93.3637 159.0856 14.2353 0.0204 -0.0078 0.9972 0.0719
7974.0000 94.1171 158.9729 14.2332 0.0209 -0.0088 0.9972 0.0712
7975.0000 94.8704 158.8489 14.2221 0.0217 -0.0090 0.9972 0.0713
7976.0000 95.6599 158.7393 14.1938 0.0222 -0.0092 0.9972 0.0711
7977.0000 96.4127 158.6092 14.1814 0.0219 -0.0092 0.9972 0.0708
7978.0000 97.1505 158.5260 14.1691 0.0212 -0.0096 0.9972 0.0704
7979.0000 97.9076 158.3866 14.1578 0.0205 -0.0095 0.9973 0.0701
7980.0000 98.6783 158.2709 14.1486 0.0198 -0.0091 0.9973 0.0700
7981.0000 99.4319 158.1795 14.1330 0.0191 -0.0083 0.9973 0.0699
7982.0000 100.1784 158.0909 14.1124 0.0182 -0.0077 0.9974 0.0696
7983.0000 100.9370 157.9858 14.0934 0.0177 -0.0077 0.9974 0.0693
7984.0000 101.6834 157.8618 14.0880 0.0183 -0.0079 0.9974 0.0693
7985.0000 102.4539 157.7634 14.0756 0.0186 -0.0086 0.9974 0.0693
7986.0000 103.1854 157.6620 14.0802 0.0191 -0.0087 0.9974 0.0691
7987.0000 103.9361 157.5518 14.0664 0.0190 -0.0086 0.9974 0.0692
7988.0000 104.6818 157.4592 14.0450 0.0189 -0.0087 0.9974 0.0693
7989.0000 105.3979 157.3492 14.0366 0.0198 -0.0086 0.9974 0.0694
7990.0000 106.1342 157.2450 14.0223 0.0206 -0.0088 0.9973 0.0696
7991.0000 106.8756 157.1556 14.0091 0.0215 -0.0090 0.9973 0.0697
7992.0000 107.5717 157.0321 14.0071 0.0221 -0.0086 0.9973 0.0697
7993.0000 108.2777 156.9430 13.9853 0.0218 -0.0082 0.9973 0.0699
7994.0000 108.9788 156.8272 13.9694 0.0217 -0.0077 0.9973 0.0699
7995.0000 109.6671 156.7565 13.9632 0.0218 -0.0076 0.9973 0.0699
7996.0000 110.3543 156.6462 13.9323 0.0217 -0.0079 0.9973 0.0699
7997.0000 111.0316 156.5574 13.9448 0.0222 -0.0082 0.9973 0.0699
7998.0000 111.7105 156.4563 13.9321 0.0224 -0.0078 0.9973 0.0699
7999.0000 112.3478 156.3855 13.9128 0.0222 -0.0075 0.9973 0.0700
8000.0000 112.9902 156.2808 13.8951 0.0221 -0.0074 0.9973 0.0695
8001.0000 113.6059 156.1779 13.8786 0.0219 -0.0076 0.9973 0.0694
8002.0000 114.2496 156.0828 13.8700 0.0217 -0.0080 0.9973 0.0696
8003.0000 114.8730 155.9962 13.8649 0.0214 -0.0081 0.9973 0.0696
8004.0000 115.4680 155.9157 13.8500 0.0213 -0.0081 0.9973 0.0694
8005.0000 116.0674 155.8176 13.8337 0.0213 -0.0082 0.9973 0.0693
8006.0000 116.6816 155.7354 13.8257 0.0213 -0.0086 0.9973 0.0694
8007.0000 117.2630 155.6595 13.8238 0.0215 -0.0089 0.9973 0.0692
8008.0000 117.8496 155.5756 13.8245 0.0213 -0.0088 0.9973 0.0691
8009.0000 118.4266 155.5074 13.8072 0.0211 -0.0083 0.9973 0.0692
8010.0000 119.0020 155.4355 13.7983 0.0216 -0.0077 0.9974 0.0690
8011.0000 119.5475 155.3543 13.7755 0.0220 -0.0075 0.9973 0.0692
8012.0000 120.1167 155.2559 13.7670 0.0222 -0.0075 0.9973 0.0692
8013.0000 120.6470 155.1728 13.7655 0.0223 -0.0075 0.9973 0.0692
8014.0000 121.1730 155.1119 13.7663 0.0224 -0.0069 0.9973 0.0693
8015.0000 121.7077 155.0692 13.7549 0.0213 -0.0062 0.9973 0.0695
8016.0000 122.2331 154.9954 13.7291 0.0190 -0.0052 0.9974 0.0697
8017.0000 122.7511 154.9105 13.7309 0.0160 -0.0046 0.9974 0.0698
8018.0000 123.2435 154.8345 13.7267 0.0098 -0.0043 0.9975 0.0697
8019.0000 123.7376 154.7575 13.7551 0.0039 -0.0045 0.9976 0.0697
8020.0000 124.2428 154.6695 13.7298 0.0006 -0.0065 0.9976 0.0696
8021.0000 124.7383 154.6033 13.7942 0.0020 -0.0081 0.9975 0.0699
8022.0000 125.2572 154.5371 13.7930 0.0073 -0.0072 0.9975 0.0700
8023.0000 125.7777 154.4585 13.7398 0.0177 -0.0041 0.9974 0.0704
8024.0000 126.3122 154.4070 13.6696 0.0305 -0.0030 0.9970 0.0708
8025.0000 126.8577 154.3307 13.6342 0.0412 -0.0038 0.9966 0.0713
8026.0000 127.3427 154.2339 13.6468 0.0436 -0.0059 0.9965 0.0711
8027.0000 127.8222 154.1604 13.6803 0.0373 -0.0073 0.9967 0.0713
8028.0000 128.2510 154.0949 13.7011 0.0288 -0.0069 0.9970 0.0717
8029.0000 128.7384 154.0372 13.6645 0.0216 -0.0056 0.9972 0.0720
8030.0000 129.2063 153.9723 13.6247 0.0157 -0.0046 0.9973 0.0722
8031.0000 129.6884 153.9057 13.5978 0.0126 -0.0046 0.9973 0.0728
8032.0000 130.1699 153.8276 13.6001 0.0159 -0.0042 0.9972 0.0726
8033.0000 130.6635 153.7351 13.5822 0.0202 -0.0045 0.9971 0.0727
8034.0000 131.1222 153.6847 13.5994 0.0227 -0.0052 0.9971 0.0731
8035.0000 131.5950 153.6165 13.5950 0.0227 -0.0063 0.9970 0.0734
8036.0000 132.0511 153.5352 13.5924 0.0220 -0.0066 0.9970 0.0735
8037.0000 132.4744 153.4893 13.5847 0.0216 -0.0065 0.9970 0.0736
8038.0000 132.9046 153.4188 13.5837 0.0214 -0.0052 0.9970 0.0745
8039.0000 133.3574 153.3333 13.5522 0.0205 -0.0040 0.9969 0.0753
8040.0000 133.7646 153.2652 13.5241 0.0205 -0.0039 0.9968 0.0768
8041.0000 134.2024 153.1893 13.5257 0.0211 -0.0051 0.9966 0.0791
8042.0000 134.5916 153.1353 13.5490 0.0215 -0.0058 0.9963 0.0828
8043.0000 134.9807 153.0676 13.5422 0.0216 -0.0061 0.9959 0.0873
8044.0000 135.3770 152.9615 13.5606 0.0222 -0.0048 0.9954 0.0926
8045.0000 135.7345 152.8682 13.5239 0.0244 -0.0016 0.9947 0.0996
8046.0000 136.1394 152.7604 13.4628 0.0257 -0.0000 0.9939 0.1073
8047.0000 136.4846 152.6738 13.4475 0.0243 -0.0017 0.9930 0.1158
8048.0000 136.7991 152.5490 13.5148 0.0218 -0.0033 0.9918 0.1259
8049.0000 137.0938 152.4195 13.5337 0.0206 -0.0035 0.9903 0.1374
8050.0000 137.4251 152.2945 13.5254 0.0210 -0.0022 0.9884 0.1506
8051.0000 137.7570 152.1406 13.4788 0.0210 0.0001 0.9863 0.1636
8052.0000 138.0435 152.0167 13.4706 0.0195 0.0017 0.9840 0.1773
8053.0000 138.3245 151.8154 13.4559 0.0171 0.0034 0.9814 0.1912
8054.0000 138.6033 151.6509 13.4294 0.0166 0.0034 0.9785 0.2055
8055.0000 138.8580 151.4785 13.4311 0.0179 0.0006 0.9752 0.2204
8056.0000 139.1230 151.2680 13.4800 0.0195 -0.0009 0.9716 0.2360
8057.0000 139.3870 151.1123 13.4968 0.0197 -0.0005 0.9672 0.2532
8058.0000 139.6445 150.8920 13.4564 0.0183 0.0015 0.9626 0.2703
8059.0000 139.8579 150.6657 13.4473 0.0173 0.0028 0.9574 0.2883
8060.0000 140.1060 150.4538 13.4453 0.0169 0.0037 0.9516 0.3067
8061.0000 140.3209 150.2245 13.4633 0.0177 0.0051 0.9454 0.3254
8062.0000 140.5254 149.9783 13.4592 0.0197 0.0079 0.9387 0.3441
8063.0000 140.7383 149.7223 13.4087 0.0212 0.0102 0.9314 0.3633
8064.0000 140.9335 149.4587 13.3481 0.0209 0.0098 0.9234 0.3832
8065.0000 141.0869 149.1678 13.3181 0.0179 0.0034 0.9151 0.4028
8066.0000 141.1932 148.8932 13.4163 0.0146 -0.0058 0.9064 0.4222
8067.0000 141.2879 148.5650 13.5109 0.0118 -0.0116 0.8968 0.4422
8068.0000 141.4290 148.2652 13.5286 0.0109 -0.0117 0.8863 0.4628
8069.0000 141.5746 147.9670 13.4683 0.0111 -0.0076 0.8755 0.4830
8070.0000 141.6979 147.6453 13.3856 0.0117 -0.0039 0.8645 0.5024
8071.0000 141.7948 147.3380 13.3638 0.0118 -0.0028 0.8530 0.5218
8072.0000 141.8635 147.0057 13.3972 0.0114 -0.0030 0.8412 0.5406
8073.0000 141.9330 146.6874 13.3960 0.0093 -0.0030 0.8288 0.5594
8074.0000 141.9940 146.3381 13.4082 0.0078 -0.0035 0.8166 0.5771
8075.0000 142.0131 145.9963 13.4602 0.0072 -0.0026 0.8049 0.5934
8076.0000 142.0514 145.6664 13.4633 0.0068 0.0016 0.7928 0.6094
8077.0000 142.1043 145.3084 13.4009 0.0033 0.0068 0.7805 0.6251
8078.0000 142.1337 144.9999 13.3677 -0.0016 0.0085 0.7688 0.6395
8079.0000 142.0866 144.6511 13.4210 -0.0065 0.0053 0.7575 0.6528
8080.0000 142.0600 144.3087 13.5090 -0.0091 0.0025 0.7464 0.6655
8081.0000 142.0312 143.9603 13.5169 -0.0095 0.0017 0.7356 0.6774
8082.0000 142.0132 143.5867 13.5020 -0.0072 0.0023 0.7252 0.6885
8083.0000 141.9827 143.2229 13.4705 -0.0009 0.0027 0.7143 0.6998
8084.0000 141.9723 142.8111 13.3601 0.0054 -0.0013 0.7046 0.7096
8085.0000 141.9384 142.3910 13.3304 0.0111 -0.0122 0.6966 0.7173
8086.0000 141.8544 141.9784 13.4203 0.0153 -0.0233 0.6902 0.7231
8087.0000 141.7973 141.5966 13.4953 0.0154 -0.0280 0.6849 0.7280
8088.0000 141.7526 141.2138 13.5111 0.0136 -0.0237 0.6810 0.7317
8089.0000 141.7259 140.8303 13.4587 0.0117 -0.0162 0.6787 0.7342
8090.0000 141.6745 140.4674 13.4291 0.0113 -0.0102 0.6759 0.7369
8091.0000 141.6438 140.0515 13.3879 0.0097 -0.0062 0.6731 0.7395
8092.0000 141.6216 139.6008 13.3777 0.0063 -0.0036 0.6712 0.7412
8093.0000 141.5499 139.1962 13.3847 0.0026 -0.0027 0.6696 0.7427
8094.0000 141.4721 138.7661 13.4260 0.0021 -0.0039 0.6684 0.7438
8095.0000 141.4268 138.3281 13.4426 0.0042 -0.0061 0.6669 0.7451
8096.0000 141.3988 137.8625 13.4532 0.0071 -0.0060 0.6653 0.7465
8097.0000 141.3282 137.4033 13.4188 0.0084 -0.0042 0.6641 0.7475
8098.0000 141.2504 136.9270 13.3982 0.0079 -0.0021 0.6632 0.7484
8099.0000 141.1901 136.4616 13.3954 0.0064 -0.0017 0.6618 0.7496
8100.0000 141.1418 135.9709 13.4282 0.0055 -0.0023 0.6605 0.7508
8101.0000 141.0697 135.4678 13.4419 0.0056 -0.0029 0.6595 0.7517
8102.0000 140.9836 134.9805 13.4452 0.0066 -0.0034 0.6585 0.7525
8103.0000 140.9255 134.4715 13.4475 0.0077 -0.0035 0.6571 0.7537
8104.0000 140.8556 133.9435 13.4287 0.0083 -0.0032 0.6562 0.7546
8105.0000 140.7853 133.4359 13.4276 0.0081 -0.0032 0.6555 0.7551
8106.0000 140.6956 132.9340 13.4319 0.0075 -0.0037 0.6550 0.7556
8107.0000 140.6080 132.3908 13.4521 0.0074 -0.0041 0.6548 0.7558
8108.0000 140.5391 131.8592 13.4508 0.0076 -0.0040 0.6542 0.7563
8109.0000 140.4738 131.3228 13.4534 0.0081 -0.0036 0.6538 0.7566
8110.0000 140.3926 130.7828 13.4486 0.0082 -0.0035 0.6536 0.7568
8111.0000 140.2877 130.2248 13.4552 0.0084 -0.0033 0.6532 0.7571
8112.0000 140.2278 129.6701 13.4523 0.0082 -0.0030 0.6529 0.7574
8113.0000 140.1482 129.1037 13.4627 0.0081 -0.0031 0.6525 0.7577
8114.0000 140.0581 128.5130 13.4633 0.0081 -0.0026 0.6525 0.7577
8115.0000 139.9556 127.9279 13.4656 0.0084 -0.0019 0.6526 0.7576
8116.0000 139.8866 127.3510 13.4614 0.0086 -0.0016 0.6526 0.7576
8117.0000 139.8031 126.7587 13.4608 0.0089 -0.0019 0.6526 0.7577
8118.0000 139.6887 126.1481 13.4642 0.0092 -0.0020 0.6526 0.7577
8119.0000 139.6209 125.5560 13.4806 0.0095 -0.0027 0.6525 0.7577
8120.0000 139.5204 124.9612 13.4637 0.0102 -0.0023 0.6527 0.7575
8121.0000 139.4191 124.3237 13.4656 0.0102 -0.0022 0.6532 0.7571
8122.0000 139.3235 123.7032 13.4718 0.0103 -0.0019 0.6536 0.7568
8123.0000 139.2419 123.0527 13.4697 0.0098 -0.0017 0.6539 0.7565
8124.0000 139.1674 122.4356 13.4797 0.0098 -0.0012 0.6541 0.7563
8125.0000 139.0737 121.8058 13.4818 0.0098 -0.0006 0.6545 0.7560
8126.0000 138.9859 121.1604 13.4678 0.0097 -0.0001 0.6549 0.7557
8127.0000 138.8805 120.5137 13.4752 0.0095 -0.0005 0.6552 0.7554
8128.0000 138.7923 119.8261 13.4916 0.0093 -0.0009 0.6553 0.7553
8129.0000 138.6889 119.1759 13.4940 0.0093 -0.0012 0.6556 0.7550
8130.0000 138.5967 118.5138 13.4954 0.0092 -0.0024 0.6558 0.7548
8131.0000 138.4975 117.8966 13.5060 0.0092 -0.0037 0.6561 0.7546
8132.0000 138.4067 117.2280 13.5033 0.0091 -0.0053 0.6562 0.7545
8133.0000 138.3080 116.5714 13.5083 0.0085 -0.0063 0.6568 0.7540
8134.0000 138.2080 115.9244 13.5109 0.0078 -0.0065 0.6569 0.7539
8135.0000 138.1064 115.2651 13.5093 0.0070 -0.0066 0.6572 0.7537
8136.0000 138.0163 114.6217 13.5214 0.0066 -0.0067 0.6573 0.7535
8137.0000 137.9429 113.9683 13.5171 0.0059 -0.0067 0.6575 0.7534
8138.0000 137.8651 113.3387 13.5270 0.0057 -0.0068 0.6579 0.7530
8139.0000 137.7662 112.6929 13.5252 0.0053 -0.0075 0.6584 0.7526
8140.0000 137.6829 112.0524 13.5438 0.0056 -0.0076 0.6584 0.7526
8141.0000 137.5977 111.4202 13.5307 0.0055 -0.0075 0.6587 0.7524
8142.0000 137.5393 110.7951 13.5430 0.0054 -0.0074 0.6587 0.7524
8143.0000 137.4469 110.1474 13.5404 0.0052 -0.0071 0.6590 0.7521
8144.0000 137.3649 109.5507 13.5403 0.0050 -0.0069 0.6591 0.7521
8145.0000 137.2670 108.9204 13.5470 0.0049 -0.0068 0.6594 0.7517
8146.0000 137.1938 108.3020 13.5562 0.0050 -0.0067 0.6596 0.7516
8147.0000 137.1158 107.6746 13.5536 0.0050 -0.0066 0.6598 0.7514
8148.0000 137.0282 107.0469 13.5536 0.0050 -0.0072 0.6601 0.7511
8149.0000 136.9388 106.4390 13.5642 0.0048 -0.0077 0.6603 0.7510
8150.0000 136.8769 105.8379 13.5766 0.0048 -0.0080 0.6602 0.7511
8151.0000 136.7779 105.2088 13.5677 0.0049 -0.0076 0.6603 0.7509
8152.0000 136.7124 104.6081 13.5731 0.0048 -0.0073 0.6604 0.7508
8153.0000 136.6391 104.0354 13.5795 0.0045 -0.0071 0.6605 0.7508
8154.0000 136.5604 103.4246 13.6151 0.0045 -0.0048 0.6607 0.7506
8155.0000 136.5048 102.8339 13.6249 -0.0021 0.0023 0.6611 0.7503
8156.0000 136.4094 102.2576 13.6681 -0.0085 0.0098 0.6611 0.7502
8157.0000 136.3345 101.6813 13.6724 -0.0112 0.0132 0.6610 0.7502
8158.0000 136.2635 101.0652 13.6349 -0.0089 0.0097 0.6614 0.7499
8159.0000 136.1760 100.4628 13.6186 0.0014 -0.0031 0.6613 0.7501
8160.0000 136.0864 99.8042 13.6507 0.0171 -0.0208 0.6610 0.7499
8161.0000 135.9983 99.1842 13.7111 0.0277 -0.0301 0.6606 0.7497
8162.0000 135.9155 98.5969 13.7203 0.0244 -0.0239 0.6606 0.7500
8163.0000 135.8588 98.0348 13.6770 0.0106 -0.0103 0.6612 0.7500
8164.0000 135.7904 97.4170 13.6529 -0.0031 0.0015 0.6618 0.7497
8165.0000 135.7123 96.8403 13.6023 -0.0095 0.0055 0.6614 0.7499
8166.0000 135.6280 96.2029 13.6017 -0.0037 0.0006 0.6612 0.7502
8167.0000 135.5299 95.5434 13.6266 0.0074 -0.0089 0.6612 0.7502
8168.0000 135.4728 94.8857 13.6892 0.0140 -0.0143 0.6607 0.7504
8169.0000 135.3911 94.2563 13.6984 0.0123 -0.0122 0.6607 0.7504
8170.0000 135.2875 93.5932 13.6847 0.0067 -0.0061 0.6612 0.7501
8171.0000 135.2224 93.0064 13.6669 0.0026 -0.0005 0.6612 0.7502
8172.0000 135.1433 92.3586 13.6490 0.0021 0.0021 0.6612 0.7502
8173.0000 135.0567 91.6985 13.6687 0.0051 0.0022 0.6607 0.7506
8174.0000 134.9793 91.0466 13.6741 0.0088 0.0012 0.6600 0.7512
8175.0000 134.8966 90.3620 13.6793 0.0113 0.0007 0.6590 0.7520
8176.0000 134.8107 89.6817 13.6753 0.0118 0.0007 0.6581 0.7529
8177.0000 134.7436 89.0285 13.6881 0.0112 0.0005 0.6572 0.7537
8178.0000 134.6194 88.3669 13.7131 0.0106 0.0008 0.6565 0.7542
8179.0000 134.5244 87.6992 13.7118 0.0101 0.0009 0.6557 0.7550
8180.0000 134.4242 87.0163 13.7176 0.0102 0.0008 0.6548 0.7557
8181.0000 134.3209 86.3205 13.7160 0.0100 0.0006 0.6540 0.7565
8182.0000 134.2164 85.6491 13.7093 0.0095 -0.0002 0.6532 0.7572
8183.0000 134.1194 84.9779 13.7165 0.0085 -0.0016 0.6525 0.7578
8184.0000 134.0052 84.2657 13.7381 0.0081 -0.0029 0.6516 0.7585
8185.0000 133.8696 83.5431 13.7366 0.0076 -0.0038 0.6506 0.7593
8186.0000 133.7598 82.8497 13.7435 0.0070 -0.0047 0.6498 0.7600
8187.0000 133.6347 82.1383 13.7424 0.0061 -0.0054 0.6491 0.7607
8188.0000 133.5262 81.4496 13.7426 0.0054 -0.0057 0.6482 0.7614
8189.0000 133.3877 80.7328 13.7574 0.0051 -0.0061 0.6476 0.7620
8190.0000 133.2628 80.0205 13.7503 0.0047 -0.0064 0.6466 0.7628
8191.0000 133.1401 79.3257 13.7544 0.0044 -0.0068 0.6458 0.7635
8192.0000 133.0027 78.5878 13.7726 0.0040 -0.0068 0.6450 0.7641
8193.0000 132.8900 77.8745 13.7807 0.0048 -0.0062 0.6439 0.7651
8194.0000 132.7643 77.1357 13.7721 0.0059 -0.0055 0.6430 0.7658
8195.0000 132.6196 76.4050 13.7544 0.0063 -0.0053 0.6419 0.7668
8196.0000 132.4843 75.6436 13.7719 0.0064 -0.0056 0.6406 0.7679
8197.0000 132.3425 74.9060 13.7901 0.0064 -0.0054 0.6390 0.7691
8198.0000 132.1955 74.1789 13.7897 0.0063 -0.0046 0.6375 0.7704
8199.0000 132.0631 73.4446 13.7910 0.0060 -0.0035 0.6358 0.7718
8200.0000 131.8935 72.7033 13.7989 0.0058 -0.0025 0.6335 0.7738
8201.0000 131.7353 71.9440 13.8020 0.0059 -0.0017 0.6303 0.7763
8202.0000 131.5668 71.2187 13.8027 0.0058 -0.0013 0.6269 0.7791
8203.0000 131.3849 70.4424 13.8130 0.0058 -0.0016 0.6234 0.7819
8204.0000 131.1956 69.7011 13.8190 0.0059 -0.0021 0.6192 0.7852
8205.0000 131.0016 68.9625 13.8297 0.0061 -0.0029 0.6147 0.7888
8206.0000 130.7682 68.1788 13.8416 0.0059 -0.0033 0.6104 0.7920
8207.0000 130.5519 67.4311 13.8452 0.0057 -0.0037 0.6061 0.7954
8208.0000 130.3364 66.6846 13.8631 0.0056 -0.0038 0.6013 0.7990
8209.0000 130.0809 65.9341 13.8652 0.0053 -0.0038 0.5968 0.8023
8210.0000 129.8364 65.1698 13.8765 0.0056 -0.0034 0.5923 0.8057
8211.0000 129.5878 64.4271 13.8742 0.0060 -0.0030 0.5877 0.8091
8212.0000 129.3326 63.6581 13.8730 0.0062 -0.0028 0.5829 0.8126
8213.0000 129.0364 62.9175 13.8946 0.0070 -0.0024 0.5780 0.8160
8214.0000 128.7766 62.1492 13.8878 0.0071 -0.0016 0.5729 0.8196
8215.0000 128.4990 61.4208 13.8986 0.0075 -0.0013 0.5674 0.8234
8216.0000 128.1822 60.6824 13.9081 0.0078 -0.0009 0.5626 0.8267
8217.0000 127.8740 59.9789 13.9223 0.0078 -0.0006 0.5575 0.8301
8218.0000 127.5387 59.2267 13.9330 0.0078 -0.0004 0.5524 0.8336
8219.0000 127.2210 58.5042 13.9367 0.0077 -0.0005 0.5470 0.8371
8220.0000 126.8841 57.7895 13.9533 0.0077 -0.0004 0.5417 0.8406
8221.0000 126.5216 57.0742 13.9620 0.0072 -0.0003 0.5366 0.8438
8222.0000 126.1815 56.3828 13.9700 0.0062 -0.0002 0.5315 0.8470
8223.0000 125.8061 55.6910 13.9909 0.0057 -0.0005 0.5261 0.8504
8224.0000 125.4233 54.9932 13.9983 0.0054 -0.0011 0.5211 0.8535
8225.0000 125.0584 54.2887 14.0067 0.0052 -0.0021 0.5158 0.8567
8226.0000 124.6785 53.5919 14.0259 0.0049 -0.0026 0.5103 0.8600
8227.0000 124.2652 52.9154 14.0341 0.0047 -0.0024 0.5051 0.8630
8228.0000 123.8626 52.2525 14.0406 0.0047 -0.0021 0.5001 0.8660
8229.0000 123.4471 51.5768 14.0459 0.0041 -0.0020 0.4951 0.8689
8230.0000 123.0373 50.9320 14.0636 0.0036 -0.0024 0.4900 0.8717
8231.0000 122.6049 50.2496 14.0737 0.0035 -0.0027 0.4853 0.8743
8232.0000 122.1980 49.5805 14.0765 0.0031 -0.0030 0.4811 0.8767
8233.0000 121.7534 48.9356 14.0971 0.0027 -0.0033 0.4772 0.8788
8234.0000 121.3352 48.2910 14.1151 0.0024 -0.0036 0.4737 0.8807
8235.0000 120.8717 47.6443 14.1204 0.0020 -0.0037 0.4704 0.8824
8236.0000 120.4298 47.0020 14.1399 0.0018 -0.0035 0.4677 0.8839
8237.0000 119.9796 46.3584 14.1453 0.0013 -0.0031 0.4652 0.8852
8238.0000 119.5222 45.7336 14.1610 0.0012 -0.0027 0.4627 0.8865
8239.0000 119.0676 45.0925 14.1703 0.0012 -0.0025 0.4602 0.8878
8240.0000 118.6038 44.4481 14.1808 0.0014 -0.0022 0.4578 0.8891
8241.0000 118.1264 43.8147 14.1946 0.0021 -0.0021 0.4556 0.8902
8242.0000 117.6545 43.1720 14.2024 0.0028 -0.0020 0.4530 0.8915
8243.0000 117.1694 42.5099 14.2125 0.0031 -0.0019 0.4508 0.8926
8244.0000 116.7061 41.8702 14.2294 0.0035 -0.0014 0.4488 0.8936
8245.0000 116.2111 41.2132 14.2342 0.0034 -0.0009 0.4469 0.8946
8246.0000 115.7299 40.6092 14.2535 0.0035 -0.0005 0.4451 0.8955
8247.0000 115.2233 39.9530 14.2588 0.0035 -0.0003 0.4441 0.8960
8248.0000 114.7272 39.3021 14.2731 0.0036 -0.0008 0.4426 0.8967
8249.0000 114.2089 38.6479 14.2804 0.0035 -0.0014 0.4417 0.8971
8250.0000 113.7172 38.0130 14.3026 0.0033 -0.0021 0.4409 0.8976
8251.0000 113.2135 37.3682 14.3211 0.0034 -0.0022 0.4402 0.8979
8252.0000 112.7105 36.7096 14.3210 0.0030 -0.0020 0.4398 0.8981
8253.0000 112.2012 36.0489 14.3472 0.0031 -0.0019 0.4393 0.8983
8254.0000 111.7057 35.4240 14.3481 0.0030 -0.0015 0.4390 0.8985
8255.0000 111.1764 34.7592 14.3726 0.0029 -0.0014 0.4384 0.8988
8256.0000 110.6501 34.0990 14.3712 0.0024 -0.0013 0.4384 0.8988
8257.0000 110.1284 33.4334 14.3837 0.0015 -0.0013 0.4388 0.8986
8258.0000 109.6275 32.7920 14.4154 0.0006 -0.0014 0.4394 0.8983
8259.0000 109.1135 32.1176 14.4324 -0.0002 -0.0013 0.4404 0.8978
8260.0000 108.5907 31.4589 14.4532 -0.0001 -0.0016 0.4411 0.8974
8261.0000 108.0630 30.7736 14.4551 -0.0000 -0.0016 0.4422 0.8969
8262.0000 107.5601 30.0957 14.4665 -0.0003 -0.0019 0.4431 0.8965
8263.0000 107.0354 29.4330 14.4934 -0.0002 -0.0020 0.4439 0.8961
8264.0000 106.5425 28.7566 14.5065 -0.0001 -0.0023 0.4447 0.8957
8265.0000 106.0269 28.0927 14.5236 0.0006 -0.0025 0.4457 0.8952
8266.0000 105.5001 27.4252 14.5202 0.0003 -0.0024 0.4466 0.8947
8267.0000 105.0091 26.7419 14.5559 0.0003 -0.0029 0.4475 0.8943
8268.0000 104.5133 26.0599 14.5749 0.0006 -0.0030 0.4483 0.8939
8269.0000 104.0241 25.3909 14.5702 0.0008 -0.0029 0.4486 0.8937
8270.0000 103.5289 24.7249 14.5933 0.0014 -0.0030 0.4491 0.8935
8271.0000 103.0245 24.0633 14.5972 0.0011 -0.0030 0.4492 0.8934
8272.0000 102.5315 23.3937 14.6215 0.0016 -0.0036 0.4492 0.8934
8273.0000 102.0160 22.6972 14.6281 0.0016 -0.0037 0.4494 0.8933
8274.0000 101.5338 22.0545 14.6387 0.0013 -0.0036 0.4496 0.8932
8275.0000 101.0380 21.3928 14.6589 0.0014 -0.0034 0.4499 0.8931
8276.0000 100.5580 20.7204 14.6706 0.0014 -0.0028 0.4501 0.8930
8277.0000 100.0619 20.0446 14.6846 0.0012 -0.0023 0.4503 0.8929
8278.0000 99.5752 19.3995 14.7014 0.0011 -0.0020 0.4503 0.8929
8279.0000 99.0923 18.7456 14.7201 0.0008 -0.0020 0.4507 0.8927
8280.0000 98.6004 18.0935 14.7387 0.0006 -0.0021 0.4508 0.8926
8281.0000 98.1175 17.4386 14.7428 0.0003 -0.0023 0.4510 0.8925
8282.0000 97.6356 16.7816 14.7693 0.0002 -0.0028 0.4515 0.8923
8283.0000 97.1681 16.1202 14.7771 -0.0003 -0.0031 0.4524 0.8918
8284.0000 96.6878 15.4683 14.7990 -0.0005 -0.0039 0.4539 0.8910
8285.0000 96.2167 14.8187 14.8136 -0.0010 -0.0039 0.4555 0.8902
8286.0000 95.7471 14.1715 14.8312 -0.0015 -0.0041 0.4577 0.8891
8287.0000 95.2959 13.5103 14.8331 -0.0019 -0.0048 0.4598 0.8880
8288.0000 94.8094 12.8662 14.8340 -0.0031 -0.0059 0.4626 0.8865
8289.0000 94.3814 12.2215 14.8992 -0.0029 -0.0067 0.4655 0.8850
8290.0000 93.9674 11.5647 14.8892 -0.0028 -0.0051 0.4686 0.8834
8291.0000 93.5289 10.9046 14.8724 -0.0032 -0.0043 0.4718 0.8817
8292.0000 93.0984 10.2517 14.8931 -0.0037 -0.0046 0.4749 0.8800
8293.0000 92.6800 9.5897 14.9143 -0.0038 -0.0063 0.4783 0.8781
8294.0000 92.2802 8.9635 14.9494 -0.0030 -0.0083 0.4819 0.8762
8295.0000 91.8877 8.2931 14.9599 -0.0023 -0.0082 0.4856 0.8741
8296.0000 91.4833 7.6056 14.9565 -0.0020 -0.0072 0.4895 0.8720
8297.0000 91.0950 6.9594 14.9716 -0.0018 -0.0059 0.4935 0.8697
8298.0000 90.7276 6.2978 14.9763 -0.0015 -0.0048 0.4975 0.8674
8299.0000 90.3529 5.6173 14.9851 -0.0012 -0.0042 0.5015 0.8651
8300.0000 89.9938 4.9672 15.0068 -0.0002 -0.0043 0.5057 0.8627
8301.0000 89.6322 4.3226 15.0132 0.0007 -0.0048 0.5103 0.8600
8302.0000 89.3196 3.6681 15.0469 0.0018 -0.0053 0.5146 0.8574
8303.0000 89.0116 3.0140 15.0490 0.0029 -0.0048 0.5186 0.8550
8304.0000 88.6819 2.3589 15.0520 0.0037 -0.0039 0.5229 0.8524
8305.0000 88.3864 1.7383 15.0554 0.0040 -0.0033 0.5269 0.8499
8306.0000 88.0692 1.1099 15.0745 0.0043 -0.0032 0.5309 0.8474
8307.0000 87.7931 0.4638 15.0836 0.0044 -0.0035 0.5350 0.8449
8308.0000 87.5395 -0.1298 15.1028 0.0047 -0.0038 0.5389 0.8424
8309.0000 87.2562 -0.7615 15.1137 0.0050 -0.0034 0.5432 0.8396
8310.0000 87.0101 -1.3555 15.1140 0.0051 -0.0031 0.5473 0.8369
8311.0000 86.7699 -1.9421 15.1275 0.0050 -0.0032 0.5512 0.8343
8312.0000 86.5479 -2.5419 15.1396 0.0049 -0.0033 0.5553 0.8316
8313.0000 86.3152 -3.1079 15.1470 0.0051 -0.0034 0.5589 0.8292
8314.0000 86.0842 -3.6997 15.1600 0.0054 -0.0034 0.5626 0.8267
8315.0000 85.8727 -4.2414 15.1740 0.0058 -0.0035 0.5659 0.8244
8316.0000 85.6745 -4.8179 15.1769 0.0061 -0.0036 0.5696 0.8219
8317.0000 85.5021 -5.3443 15.1878 0.0064 -0.0039 0.5726 0.8198
8318.0000 85.2989 -5.9011 15.1982 0.0068 -0.0039 0.5755 0.8177
8319.0000 85.1315 -6.4106 15.1968 0.0071 -0.0038 0.5780 0.8160
8320.0000 84.9583 -6.9256 15.1992 0.0069 -0.0041 0.5803 0.8144
8321.0000 84.8069 -7.4602 15.1906 0.0061 -0.0041 0.5823 0.8129
8322.0000 84.6387 -7.9496 15.1958 0.0011 -0.0034 0.5846 0.8113
8323.0000 84.4654 -8.4416 15.2669 -0.0047 -0.0015 0.5871 0.8095
8324.0000 84.3211 -8.9081 15.3145 -0.0075 -0.0000 0.5889 0.8082
8325.0000 84.1583 -9.4061 15.3152 -0.0069 0.0009 0.5908 0.8068
8326.0000 84.0126 -9.9236 15.3017 -0.0042 0.0019 0.5928 0.8053
8327.0000 83.8819 -10.4287 15.2440 -0.0022 0.0004 0.5951 0.8037
8328.0000 83.7323 -10.9046 15.2534 -0.0002 -0.0050 0.5975 0.8019
8329.0000 83.5819 -11.3777 15.3023 0.0012 -0.0115 0.5998 0.8001
8330.0000 83.4659 -11.8528 15.3360 0.0028 -0.0153 0.6013 0.7989
8331.0000 83.3332 -12.3505 15.3468 0.0037 -0.0156 0.6034 0.7973
8332.0000 83.2208 -12.7839 15.3422 0.0045 -0.0129 0.6051 0.7961
8333.0000 83.1052 -13.2725 15.3172 0.0044 -0.0096 0.6069 0.7947
8334.0000 82.9980 -13.6954 15.3132 0.0035 -0.0075 0.6087 0.7933
8335.0000 82.8832 -14.1592 15.3180 0.0016 -0.0061 0.6107 0.7918
8336.0000 82.7714 -14.5834 15.3349 -0.0007 -0.0051 0.6122 0.7907
8337.0000 82.6574 -15.0058 15.3547 -0.0019 -0.0045 0.6128 0.7902
8338.0000 82.5420 -15.4437 15.3638 -0.0013 -0.0042 0.6133 0.7898
8339.0000 82.4470 -15.8579 15.3657 -0.0001 -0.0039 0.6134 0.7898
8340.0000 82.3409 -16.2797 15.3672 0.0009 -0.0041 0.6134 0.7897
8341.0000 82.2309 -16.6973 15.3693 0.0010 -0.0045 0.6133 0.7898
8342.0000 82.1528 -17.0838 15.3799 0.0001 -0.0047 0.6135 0.7897
8343.0000 82.0402 -17.4776 15.3957 -0.0004 -0.0050 0.6138 0.7895
8344.0000 81.9402 -17.8368 15.4145 -0.0002 -0.0053 0.6136 0.7896
8345.0000 81.8409 -18.2078 15.4189 0.0003 -0.0047 0.6133 0.7899
8346.0000 81.7428 -18.5754 15.4132 0.0007 -0.0042 0.6129 0.7902
8347.0000 81.6444 -18.9169 15.4228 0.0010 -0.0037 0.6121 0.7908
8348.0000 81.5709 -19.2591 15.4318 0.0005 -0.0032 0.6110 0.7916
8349.0000 81.4628 -19.5923 15.4490 -0.0009 -0.0019 0.6099 0.7925
8350.0000 81.3607 -19.9153 15.4570 -0.0026 -0.0007 0.6082 0.7938
8351.0000 81.2771 -20.2496 15.4643 -0.0031 -0.0001 0.6064 0.7951
8352.0000 81.1781 -20.5758 15.4733 -0.0021 0.0002 0.6041 0.7969
8353.0000 81.0787 -20.9053 15.4694 -0.0008 0.0001 0.6012 0.7991
8354.0000 80.9617 -21.2438 15.4806 0.0007 0.0000 0.5983 0.8013
8355.0000 80.8515 -21.5367 15.4792 0.0010 -0.0004 0.5946 0.8040
8356.0000 80.7486 -21.8569 15.4979 0.0012 -0.0005 0.5906 0.8070
8357.0000 80.6303 -22.1718 15.5060 0.0010 -0.0010 0.5860 0.8103
8358.0000 80.4966 -22.4917 15.5235 0.0010 -0.0011 0.5812 0.8138
8359.0000 80.3917 -22.7899 15.5259 0.0010 -0.0009 0.5760 0.8175
8360.0000 80.2447 -23.0835 15.5263 0.0010 -0.0005 0.5712 0.8208
8361.0000 80.1125 -23.3764 15.5389 0.0012 -0.0001 0.5661 0.8243
8362.0000 79.9900 -23.6850 15.5405 0.0013 0.0002 0.5612 0.8277
8363.0000 79.8493 -23.9608 15.5414 0.0014 0.0001 0.5561 0.8311
8364.0000 79.7189 -24.2685 15.5503 0.0012 -0.0000 0.5509 0.8346
8365.0000 79.5628 -24.5469 15.5686 0.0014 -0.0001 0.5455 0.8381
8366.0000 79.4028 -24.8210 15.5729 0.0018 0.0001 0.5401 0.8416
8367.0000 79.2551 -25.1039 15.5777 0.0020 0.0006 0.5346 0.8451
8368.0000 79.1047 -25.3719 15.5778 0.0018 0.0010 0.5284 0.8490
8369.0000 78.9445 -25.6327 15.5954 0.0018 0.0010 0.5220 0.8530
8370.0000 78.7582 -25.8961 15.6090 0.0017 0.0013 0.5146 0.8574
8371.0000 78.6072 -26.1567 15.6145 0.0019 0.0016 0.5063 0.8623
8372.0000 78.4142 -26.3990 15.6165 0.0022 0.0020 0.4977 0.8674
8373.0000 78.2366 -26.6483 15.6180 0.0021 0.0020 0.4879 0.8729
8374.0000 78.0433 -26.9041 15.6343 0.0021 0.0024 0.4779 0.8784
8375.0000 77.8706 -27.1336 15.6288 0.0020 0.0027 0.4667 0.8844
8376.0000 77.6388 -27.3485 15.6312 0.0019 0.0022 0.4553 0.8903
8377.0000 77.4250 -27.5651 15.6489 0.0022 0.0007 0.4439 0.8961
8378.0000 77.2192 -27.7661 15.6576 0.0028 -0.0001 0.4320 0.9019
8379.0000 76.9862 -27.9704 15.6737 0.0043 -0.0001 0.4196 0.9077
8380.0000 76.7690 -28.2014 15.6564 0.0049 0.0009 0.4066 0.9136
8381.0000 76.5184 -28.3809 15.6561 0.0045 0.0017 0.3932 0.9194
8382.0000 76.2789 -28.5510 15.6448 0.0027 0.0015 0.3794 0.9252
8383.0000 76.0105 -28.7195 15.6936 0.0013 -0.0004 0.3655 0.9308
8384.0000 75.7702 -28.8715 15.7115 0.0011 -0.0014 0.3506 0.9365
8385.0000 75.4982 -29.0299 15.7029 0.0019 -0.0009 0.3354 0.9421
8386.0000 75.2123 -29.2149 15.6780 0.0021 0.0000 0.3197 0.9475
8387.0000 74.9305 -29.3437 15.6818 0.0017 0.0002 0.3041 0.9526
8388.0000 74.6401 -29.4772 15.6934 0.0004 -0.0007 0.2882 0.9576
8389.0000 74.3337 -29.5920 15.7108 -0.0007 -0.0021 0.2719 0.9623
8390.0000 74.0299 -29.7151 15.7275 -0.0012 -0.0031 0.2557 0.9668
8391.0000 73.7200 -29.8362 15.7370 -0.0012 -0.0031 0.2395 0.9709
8392.0000 73.3973 -29.9262 15.7323 -0.0007 -0.0021 0.2225 0.9749
8393.0000 73.0695 -30.0202 15.7141 -0.0005 -0.0008 0.2054 0.9787
8394.0000 72.7366 -30.1050 15.7008 -0.0016 -0.0000 0.1886 0.9821
8395.0000 72.3994 -30.1721 15.7223 -0.0036 -0.0006 0.1723 0.9850
8396.0000 72.0269 -30.2359 15.7607 -0.0055 -0.0018 0.1556 0.9878
8397.0000 71.6662 -30.2931 15.7685 -0.0065 -0.0023 0.1394 0.9902
8398.0000 71.3032 -30.3139 15.7665 -0.0064 -0.0022 0.1234 0.9923
8399.0000 70.9260 -30.3745 15.7562 -0.0069 -0.0013 0.1075 0.9942
8400.0000 70.5599 -30.3813 15.7532 -0.0077 -0.0003 0.0918 0.9958
8401.0000 70.1644 -30.3908 15.7614 -0.0093 0.0001 0.0762 0.9971
8402.0000 69.7748 -30.3892 15.7802 -0.0107 -0.0002 0.0605 0.9981
8403.0000 69.3791 -30.4003 15.7987 -0.0119 -0.0006 0.0453 0.9989
8404.0000 68.9857 -30.3728 15.8054 -0.0122 -0.0002 0.0306 0.9995
8405.0000 68.5551 -30.3484 15.7998 -0.0126 0.0005 0.0170 0.9998
8406.0000 68.1232 -30.3032 15.7866 -0.0137 0.0011 0.0045 0.9999
8407.0000 67.6914 -30.2888 15.8082 -0.0149 0.0012 -0.0064 0.9999
8408.0000 67.2769 -30.2404 15.8188 -0.0160 0.0008 -0.0157 0.9997
8409.0000 66.8310 -30.1948 15.8285 -0.0166 0.0007 -0.0238 0.9996
8410.0000 66.3760 -30.1369 15.8213 -0.0170 -0.0003 -0.0308 0.9994
8411.0000 65.9404 -30.0859 15.8167 -0.0182 -0.0015 -0.0369 0.9992
8412.0000 65.4806 -30.0296 15.8366 -0.0197 -0.0022 -0.0420 0.9989
8413.0000 65.0121 -29.9613 15.8670 -0.0207 -0.0014 -0.0461 0.9987
8414.0000 64.5455 -29.8947 15.8897 -0.0205 0.0000 -0.0498 0.9985
8415.0000 64.0578 -29.8473 15.8848 -0.0190 0.0014 -0.0532 0.9984
8416.0000 63.5399 -29.7730 15.8694 -0.0178 0.0025 -0.0563 0.9983
8417.0000 63.0538 -29.6975 15.8652 -0.0178 0.0030 -0.0594 0.9981
8418.0000 62.5359 -29.6383 15.8759 -0.0189 0.0027 -0.0620 0.9979
8419.0000 62.0291 -29.5774 15.8934 -0.0202 0.0016 -0.0646 0.9977
8420.0000 61.5268 -29.4718 15.9328 -0.0204 -0.0002 -0.0668 0.9976
8421.0000 60.9945 -29.4119 15.9421 -0.0196 -0.0010 -0.0693 0.9974
8422.0000 60.4588 -29.3459 15.9411 -0.0182 -0.0008 -0.0714 0.9973
8423.0000 59.9241 -29.2594 15.9321 -0.0175 0.0005 -0.0735 0.9971
8424.0000 59.3763 -29.1709 15.9352 -0.0176 0.0018 -0.0753 0.9970
8425.0000 58.8366 -29.0891 15.9597 -0.0183 0.0026 -0.0769 0.9969
8426.0000 58.2636 -28.9544 15.9712 -0.0188 0.0028 -0.0772 0.9968
8427.0000 57.6992 -28.8539 15.9852 -0.0191 0.0026 -0.0771 0.9968
8428.0000 57.1384 -28.7790 16.0080 -0.0188 0.0022 -0.0775 0.9968
8429.0000 56.5797 -28.6982 16.0126 -0.0184 0.0022 -0.0778 0.9968
8430.0000 55.9574 -28.6123 16.0166 -0.0182 0.0023 -0.0777 0.9968
8431.0000 55.4104 -28.5155 16.0184 -0.0183 0.0022 -0.0783 0.9968
8432.0000 54.7804 -28.4258 16.0376 -0.0189 0.0016 -0.0783 0.9967
8433.0000 54.1697 -28.3313 16.0450 -0.0198 0.0009 -0.0781 0.9968
8434.0000 53.5919 -28.2242 16.0602 -0.0210 0.0004 -0.0777 0.9968
8435.0000 52.9667 -28.1132 16.0894 -0.0215 0.0003 -0.0768 0.9968
8436.0000 52.3708 -28.0263 16.1117 -0.0208 0.0011 -0.0762 0.9969
8437.0000 51.7386 -27.9437 16.1099 -0.0198 0.0023 -0.0756 0.9969
8438.0000 51.1013 -27.8579 16.1073 -0.0192 0.0031 -0.0749 0.9970
8439.0000 50.4580 -27.7666 16.1172 -0.0191 0.0030 -0.0740 0.9971
8440.0000 49.8214 -27.6536 16.1323 -0.0196 0.0026 -0.0729 0.9971
8441.0000 49.1649 -27.5743 16.1673 -0.0196 0.0018 -0.0725 0.9972
8442.0000 48.4903 -27.4552 16.1802 -0.0189 0.0017 -0.0715 0.9973
8443.0000 47.8514 -27.3755 16.1836 -0.0181 0.0028 -0.0707 0.9973
8444.0000 47.1869 -27.2734 16.1965 -0.0173 0.0037 -0.0699 0.9974
8445.0000 46.4827 -27.2002 16.2124 -0.0171 0.0044 -0.0691 0.9975
8446.0000 45.8286 -27.0959 16.2277 -0.0171 0.0043 -0.0681 0.9975
8447.0000 45.1443 -27.0084 16.2470 -0.0172 0.0040 -0.0672 0.9976
8448.0000 44.4538 -26.9068 16.2679 -0.0170 0.0035 -0.0664 0.9976
8449.0000 43.7402 -26.8314 16.2861 -0.0167 0.0035 -0.0659 0.9977
8450.0000 43.0453 -26.7301 16.3034 -0.0163 0.0033 -0.0653 0.9977
8451.0000 42.3292 -26.6208 16.3033 -0.0158 0.0028 -0.0650 0.9978
8452.0000 41.6181 -26.5290 16.3158 -0.0160 0.0020 -0.0652 0.9977
8453.0000 40.8937 -26.4256 16.3318 -0.0171 0.0007 -0.0654 0.9977
8454.0000 40.1636 -26.3329 16.3704 -0.0176 -0.0005 -0.0652 0.9977
8455.0000 39.4372 -26.2448 16.3863 -0.0173 -0.0004 -0.0656 0.9977
8456.0000 38.7079 -26.1364 16.3946 -0.0165 0.0012 -0.0657 0.9977
8457.0000 37.9682 -26.0415 16.3978 -0.0160 0.0032 -0.0655 0.9977
8458.0000 37.2374 -25.9441 16.4177 -0.0156 0.0044 -0.0655 0.9977
8459.0000 36.5113 -25.8256 16.4280 -0.0156 0.0038 -0.0661 0.9977
8460.0000 35.7402 -25.7222 16.4483 -0.0159 0.0017 -0.0668 0.9976
8461.0000 34.9879 -25.6344 16.4703 -0.0161 0.0002 -0.0675 0.9976
8462.0000 34.2295 -25.5500 16.4844 -0.0159 -0.0003 -0.0680 0.9976
8463.0000 33.4838 -25.4326 16.4893 -0.0161 0.0002 -0.0690 0.9975
8464.0000 32.7017 -25.3199 16.5117 -0.0163 0.0010 -0.0697 0.9974
8465.0000 31.9566 -25.1940 16.5330 -0.0160 0.0022 -0.0704 0.9974
8466.0000 31.1929 -25.0900 16.5438 -0.0155 0.0032 -0.0710 0.9973
8467.0000 30.4145 -24.9681 16.5506 -0.0153 0.0035 -0.0718 0.9973
8468.0000 29.6462 -24.8639 16.5751 -0.0153 0.0032 -0.0727 0.9972
8469.0000 28.8644 -24.7482 16.5978 -0.0152 0.0022 -0.0733 0.9972
8470.0000 28.0732 -24.6234 16.6105 -0.0151 0.0013 -0.0742 0.9971
8471.0000 27.2871 -24.4993 16.6289 -0.0151 0.0009 -0.0750 0.9971
8472.0000 26.5078 -24.3900 16.6506 -0.0149 0.0015 -0.0756 0.9970
8473.0000 25.7321 -24.2457 16.6555 -0.0148 0.0021 -0.0763 0.9970
8474.0000 24.9404 -24.1191 16.6742 -0.0152 0.0017 -0.0770 0.9969
8475.0000 24.1496 -24.0047 16.7034 -0.0158 0.0008 -0.0774 0.9969
8476.0000 23.3602 -23.8819 16.7181 -0.0158 0.0000 -0.0778 0.9968
8477.0000 22.5558 -23.7510 16.7331 -0.0159 0.0005 -0.0779 0.9968
8478.0000 21.7725 -23.6252 16.7532 -0.0157 0.0011 -0.0782 0.9968
8479.0000 20.9876 -23.4955 16.7684 -0.0155 0.0018 -0.0782 0.9968
8480.0000 20.1771 -23.3681 16.7860 -0.0155 0.0018 -0.0785 0.9968
8481.0000 19.4102 -23.2593 16.7989 -0.0158 0.0019 -0.0787 0.9968
8482.0000 18.6340 -23.1202 16.8298 -0.0159 0.0015 -0.0786 0.9968
8483.0000 17.8408 -22.9788 16.8480 -0.0155 0.0012 -0.0784 0.9968
8484.0000 17.0613 -22.8611 16.8502 -0.0155 0.0009 -0.0787 0.9968
8485.0000 16.2776 -22.7358 16.8693 -0.0162 0.0001 -0.0782 0.9968
8486.0000 15.5012 -22.6118 16.8938 -0.0169 -0.0002 -0.0782 0.9968
8487.0000 14.7331 -22.4970 16.9097 -0.0176 -0.0002 -0.0781 0.9968
8488.0000 13.9660 -22.3811 16.9376 -0.0178 0.0002 -0.0776 0.9968
8489.0000 13.2018 -22.2672 16.9497 -0.0178 0.0010 -0.0775 0.9968
8490.0000 12.4275 -22.1151 16.9693 -0.0173 0.0020 -0.0770 0.9969
8491.0000 11.6596 -22.0055 16.9867 -0.0172 0.0028 -0.0766 0.9969
8492.0000 10.9165 -21.8937 17.0026 -0.0174 0.0026 -0.0761 0.9969
8493.0000 10.1543 -21.7625 17.0218 -0.0175 0.0011 -0.0756 0.9970
8494.0000 9.3920 -21.6593 17.0484 -0.0172 -0.0003 -0.0751 0.9970
8495.0000 8.6463 -21.5437 17.0614 -0.0162 -0.0003 -0.0745 0.9971
8496.0000 7.8945 -21.4378 17.0731 -0.0155 0.0010 -0.0735 0.9972
8497.0000 7.1737 -21.3321 17.0761 -0.0155 0.0026 -0.0731 0.9972
8498.0000 6.4105 -21.1964 17.1035 -0.0161 0.0029 -0.0721 0.9973
8499.0000 5.6702 -21.0969 17.1350 -0.0165 0.0019 -0.0714 0.9973
8500.0000 4.9118 -21.0073 17.1534 -0.0161 0.0009 -0.0710 0.9973
8501.0000 4.1752 -20.8832 17.1535 -0.0161 -0.0003 -0.0708 0.9974
8502.0000 3.4040 -20.7785 17.1733 -0.0165 -0.0010 -0.0703 0.9974
8503.0000 2.7031 -20.6877 17.1928 -0.0169 -0.0008 -0.0700 0.9974
8504.0000 1.9733 -20.5666 17.2333 -0.0165 -0.0002 -0.0698 0.9974
8505.0000 1.2428 -20.4799 17.2287 -0.0159 0.0015 -0.0700 0.9974
8506.0000 0.4797 -20.3737 17.2405 -0.0156 0.0026 -0.0701 0.9974
8507.0000 -0.2499 -20.2616 17.2430 -0.0161 0.0027 -0.0706 0.9974
8508.0000 -0.9768 -20.1579 17.2839 -0.0163 0.0022 -0.0708 0.9974
8509.0000 -1.7025 -20.0462 17.3050 -0.0167 0.0018 -0.0712 0.9973
8510.0000 -2.4239 -19.9368 17.3226 -0.0167 0.0014 -0.0717 0.9973
8511.0000 -3.1711 -19.8266 17.3260 -0.0168 0.0007 -0.0717 0.9973
8512.0000 -3.9252 -19.7104 17.3370 -0.0171 -0.0003 -0.0719 0.9973
8513.0000 -4.6547 -19.6030 17.3548 -0.0180 -0.0015 -0.0723 0.9972
8514.0000 -5.3757 -19.5035 17.3851 -0.0179 -0.0023 -0.0725 0.9972
8515.0000 -6.1240 -19.3746 17.3900 -0.0175 -0.0007 -0.0728 0.9972
8516.0000 -6.8588 -19.2703 17.4069 -0.0170 0.0019 -0.0732 0.9972
8517.0000 -7.5719 -19.1744 17.4189 -0.0169 0.0047 -0.0734 0.9971
8518.0000 -8.2936 -19.0578 17.4413 -0.0169 0.0055 -0.0738 0.9971
8519.0000 -9.0235 -18.9524 17.4531 -0.0172 0.0040 -0.0740 0.9971
8520.0000 -9.7566 -18.8372 17.4856 -0.0173 0.0016 -0.0744 0.9971
8521.0000 -10.4884 -18.7182 17.4959 -0.0173 -0.0001 -0.0747 0.9971
8522.0000 -11.2250 -18.6018 17.5088 -0.0175 -0.0003 -0.0749 0.9970
8523.0000 -11.9320 -18.4974 17.5201 -0.0180 0.0003 -0.0753 0.9970
8524.0000 -12.6399 -18.3893 17.5488 -0.0181 0.0011 -0.0757 0.9970
8525.0000 -13.3595 -18.2797 17.5544 -0.0183 0.0022 -0.0759 0.9969
8526.0000 -14.0898 -18.1575 17.5798 -0.0179 0.0028 -0.0760 0.9969
8527.0000 -14.7945 -18.0595 17.5969 -0.0176 0.0036 -0.0762 0.9969
8528.0000 -15.5110 -17.9394 17.6146 -0.0174 0.0042 -0.0763 0.9969
8529.0000 -16.2165 -17.8201 17.6310 -0.0173 0.0039 -0.0765 0.9969
8530.0000 -16.9291 -17.7084 17.6370 -0.0179 0.0027 -0.0766 0.9969
8531.0000 -17.6372 -17.5962 17.6778 -0.0182 0.0008 -0.0769 0.9969
8532.0000 -18.3317 -17.4843 17.6900 -0.0183 0.0000 -0.0771 0.9969
8533.0000 -19.0700 -17.3829 17.7008 -0.0186 0.0001 -0.0772 0.9968
8534.0000 -19.7611 -17.2665 17.7202 -0.0192 0.0011 -0.0770 0.9968
8535.0000 -20.4747 -17.1298 17.7505 -0.0188 0.0026 -0.0767 0.9969
8536.0000 -21.1587 -17.0463 17.7637 -0.0179 0.0042 -0.0762 0.9969
8537.0000 -21.8817 -16.9259 17.7775 -0.0168 0.0052 -0.0757 0.9970
8538.0000 -22.5631 -16.8335 17.7816 -0.0163 0.0052 -0.0756 0.9970
8539.0000 -23.2689 -16.7311 17.8085 -0.0160 0.0038 -0.0753 0.9970
8540.0000 -23.9699 -16.6146 17.8273 -0.0159 0.0025 -0.0749 0.9971
8541.0000 -24.6489 -16.5285 17.8555 -0.0159 0.0020 -0.0749 0.9971
8542.0000 -25.3844 -16.4150 17.8686 -0.0160 0.0022 -0.0743 0.9971
8543.0000 -26.0232 -16.3025 17.8959 -0.0158 0.0025 -0.0744 0.9971
8544.0000 -26.7170 -16.1965 17.9077 -0.0155 0.0029 -0.0740 0.9971
8545.0000 -27.3633 -16.1080 17.9250 -0.0151 0.0026 -0.0737 0.9972
8546.0000 -28.0773 -16.0163 17.9393 -0.0147 0.0017 -0.0735 0.9972
8547.0000 -28.7555 -15.9118 17.9520 -0.0145 0.0010 -0.0732 0.9972
8548.0000 -29.4038 -15.8229 17.9790 -0.0141 0.0006 -0.0729 0.9972
8549.0000 -30.0717 -15.7100 17.9894 -0.0139 0.0005 -0.0726 0.9973
8550.0000 -30.6931 -15.6170 18.0140 -0.0132 0.0004 -0.0725 0.9973
8551.0000 -31.3625 -15.5215 18.0211 -0.0128 0.0005 -0.0722 0.9973
8552.0000 -32.0224 -15.4318 18.0352 -0.0125 0.0001 -0.0722 0.9973
8553.0000 -32.6469 -15.3429 18.0483 -0.0126 -0.0006 -0.0718 0.9973
8554.0000 -33.2539 -15.2570 18.0591 -0.0130 -0.0022 -0.0713 0.9974
8555.0000 -33.8531 -15.1863 18.0765 -0.0134 -0.0037 -0.0712 0.9974
8556.0000 -34.4607 -15.0714 18.0815 -0.0142 -0.0053 -0.0713 0.9973
8557.0000 -35.0629 -14.9791 18.1005 -0.0143 -0.0063 -0.0715 0.9973
8558.0000 -35.6558 -14.9019 18.1099 -0.0146 -0.0057 -0.0720 0.9973
8559.0000 -36.2395 -14.8084 18.1329 -0.0142 -0.0028 -0.0723 0.9973
8560.0000 -36.8120 -14.7261 18.1408 -0.0136 0.0015 -0.0729 0.9972
8561.0000 -37.3866 -14.6301 18.1551 -0.0130 0.0052 -0.0731 0.9972
8562.0000 -37.9632 -14.5396 18.1666 -0.0125 0.0070 -0.0733 0.9972
8563.0000 -38.5416 -14.4657 18.1715 -0.0123 0.0068 -0.0737 0.9972
8564.0000 -39.1146 -14.3799 18.1947 -0.0123 0.0046 -0.0740 0.9972
8565.0000 -39.6848 -14.2893 18.2204 -0.0116 0.0022 -0.0745 0.9972
8566.0000 -40.2728 -14.1988 18.2383 -0.0105 0.0014 -0.0749 0.9971
8567.0000 -40.8383 -14.1207 18.2451 -0.0096 0.0020 -0.0751 0.9971
8568.0000 -41.3875 -14.0457 18.2510 -0.0097 0.0053 -0.0753 0.9971
8569.0000 -41.9343 -13.9521 18.2919 -0.0118 0.0107 -0.0759 0.9970
8570.0000 -42.4741 -13.8453 18.3225 -0.0139 0.0161 -0.0761 0.9969
8571.0000 -43.0352 -13.7532 18.3566 -0.0165 0.0187 -0.0768 0.9967
8572.0000 -43.5610 -13.6758 18.4063 -0.0175 0.0174 -0.0775 0.9967
8573.0000 -44.1556 -13.5749 18.4027 -0.0171 0.0114 -0.0780 0.9967
8574.0000 -44.7211 -13.4831 18.3967 -0.0157 0.0005 -0.0786 0.9968
8575.0000 -45.3218 -13.3844 18.3678 -0.0158 -0.0093 -0.0790 0.9967
8576.0000 -45.8775 -13.2837 18.4152 -0.0162 -0.0141 -0.0795 0.9966
8577.0000 -46.4322 -13.1944 18.4387 -0.0155 -0.0119 -0.0800 0.9966
8578.0000 -46.9823 -13.1137 18.4486 -0.0143 -0.0064 -0.0808 0.9966
8579.0000 -47.5313 -13.0272 18.4460 -0.0127 0.0009 -0.0818 0.9966
8580.0000 -48.1155 -12.9156 18.4343 -0.0117 0.0059 -0.0825 0.9965
8581.0000 -48.6765 -12.8260 18.4436 -0.0108 0.0060 -0.0835 0.9964
8582.0000 -49.2481 -12.7440 18.4603 -0.0106 0.0041 -0.0844 0.9964
8583.0000 -49.8350 -12.6210 18.4895 -0.0104 0.0024 -0.0856 0.9963
8584.0000 -50.4017 -12.5200 18.4957 -0.0109 0.0025 -0.0864 0.9962
8585.0000 -50.9772 -12.4111 18.5184 -0.0115 0.0034 -0.0871 0.9961
8586.0000 -51.5750 -12.3032 18.5485 -0.0120 0.0050 -0.0880 0.9960
8587.0000 -52.1819 -12.1942 18.5579 -0.0119 0.0059 -0.0889 0.9959
8588.0000 -52.7531 -12.0843 18.5524 -0.0119 0.0056 -0.0897 0.9959
8589.0000 -53.3875 -11.9656 18.5719 -0.0127 0.0044 -0.0906 0.9958
8590.0000 -53.9924 -11.8381 18.5975 -0.0138 0.0031 -0.0916 0.9957
8591.0000 -54.6082 -11.7405 18.6241 -0.0145 0.0025 -0.0926 0.9956
8592.0000 -55.2028 -11.6325 18.6496 -0.0137 0.0025 -0.0935 0.9955
8593.0000 -55.8191 -11.5047 18.6501 -0.0128 0.0032 -0.0945 0.9954
8594.0000 -56.4586 -11.3582 18.6530 -0.0125 0.0034 -0.0952 0.9954
8595.0000 -57.0468 -11.2381 18.6574 -0.0130 0.0035 -0.0959 0.9953
8596.0000 -57.6674 -11.1164 18.6707 -0.0141 0.0032 -0.0970 0.9952
8597.0000 -58.2983 -10.9886 18.7112 -0.0150 0.0029 -0.0979 0.9951
8598.0000 -58.9167 -10.8666 18.7416 -0.0149 0.0033 -0.0990 0.9950
8599.0000 -59.5704 -10.7262 18.7417 -0.0139 0.0042 -0.1000 0.9949
8600.0000 -60.1883 -10.6032 18.7519 -0.0129 0.0049 -0.1009 0.9948
8601.0000 -60.8071 -10.4896 18.7711 -0.0126 0.0058 -0.1018 0.9947
8602.0000 -61.4469 -10.3467 18.7913 -0.0124 0.0062 -0.1026 0.9946
8603.0000 -62.0959 -10.2062 18.8125 -0.0122 0.0057 -0.1035 0.9945
8604.0000 -62.7158 -10.0692 18.8312 -0.0124 0.0047 -0.1045 0.9944
8605.0000 -63.3679 -9.9237 18.8439 -0.0121 0.0028 -0.1056 0.9943
8606.0000 -64.0058 -9.7801 18.8547 -0.0119 0.0011 -0.1065 0.9942
8607.0000 -64.6598 -9.6316 18.8749 -0.0120 0.0002 -0.1074 0.9941
8608.0000 -65.2888 -9.5146 18.8998 -0.0117 0.0004 -0.1086 0.9940
8609.0000 -65.9137 -9.3757 18.9067 -0.0112 0.0023 -0.1094 0.9939
8610.0000 -66.5561 -9.1977 18.9331 -0.0103 0.0049 -0.1101 0.9939
8611.0000 -67.1987 -9.0623 18.9417 -0.0099 0.0071 -0.1113 0.9937
8612.0000 -67.8287 -8.9208 18.9737 -0.0097 0.0080 -0.1120 0.9936
8613.0000 -68.4705 -8.7690 18.9871 -0.0098 0.0073 -0.1130 0.9935
8614.0000 -69.1117 -8.6018 19.0157 -0.0095 0.0057 -0.1141 0.9934
8615.0000 -69.7843 -8.4873 19.0292 -0.0099 0.0039 -0.1150 0.9933
8616.0000 -70.3941 -8.2916 19.0443 -0.0102 0.0031 -0.1155 0.9933
8617.0000 -71.0609 -8.1319 19.0540 -0.0110 0.0026 -0.1165 0.9931
8618.0000 -71.7230 -7.9826 19.0750 -0.0125 0.0022 -0.1178 0.9930
8619.0000 -72.3766 -7.8059 19.1102 -0.0130 0.0023 -0.1189 0.9928
8620.0000 -73.0167 -7.6644 19.1413 -0.0114 0.0036 -0.1200 0.9927
8621.0000 -73.6685 -7.5038 19.1316 -0.0093 0.0062 -0.1208 0.9926
8622.0000 -74.2974 -7.3255 19.1275 -0.0091 0.0093 -0.1216 0.9925
8623.0000 -74.9718 -7.1943 19.1648 -0.0106 0.0102 -0.1226 0.9924
8624.0000 -75.5892 -6.9861 19.2241 -0.0121 0.0093 -0.1233 0.9923
8625.0000 -76.2406 -6.8327 19.2520 -0.0118 0.0078 -0.1247 0.9921
8626.0000 -76.9304 -6.6468 19.2456 -0.0114 0.0075 -0.1254 0.9920
8627.0000 -77.5659 -6.4992 19.2740 -0.0107 0.0084 -0.1268 0.9918
8628.0000 -78.2481 -6.2997 19.2928 -0.0104 0.0107 -0.1272 0.9918
8629.0000 -78.8884 -6.1379 19.3467 -0.0099 0.0120 -0.1282 0.9916
8630.0000 -79.5753 -5.9495 19.3373 -0.0103 0.0122 -0.1292 0.9915
8631.0000 -80.2433 -5.7547 19.3797 -0.0118 0.0096 -0.1300 0.9914
8632.0000 -80.9278 -5.5881 19.4125 -0.0133 0.0053 -0.1306 0.9913
8633.0000 -81.6131 -5.3825 19.4339 -0.0139 0.0016 -0.1308 0.9913
8634.0000 -82.3364 -5.2169 19.4288 -0.0132 0.0004 -0.1314 0.9912
8635.0000 -83.0039 -5.0401 19.4309 -0.0128 0.0019 -0.1318 0.9912
8636.0000 -83.6973 -4.8300 19.4477 -0.0128 0.0042 -0.1318 0.9912
8637.0000 -84.4019 -4.6259 19.4777 -0.0139 0.0059 -0.1321 0.9911
8638.0000 -85.0899 -4.4207 19.5264 -0.0138 0.0061 -0.1325 0.9911
8639.0000 -85.8030 -4.2574 19.5397 -0.0130 0.0057 -0.1331 0.9910
8640.0000 -86.5374 -4.0327 19.5313 -0.0118 0.0053 -0.1334 0.9910
8641.0000 -87.2631 -3.8507 19.5461 -0.0121 0.0045 -0.1336 0.9909
8642.0000 -87.9880 -3.6371 19.5715 -0.0126 0.0037 -0.1338 0.9909
8643.0000 -88.7052 -3.4156 19.5944 -0.0138 0.0034 -0.1341 0.9909
8644.0000 -89.4397 -3.2172 19.6286 -0.0145 0.0036 -0.1346 0.9908
8645.0000 -90.1858 -3.0120 19.6497 -0.0144 0.0046 -0.1350 0.9907
8646.0000 -90.9194 -2.7909 19.6515 -0.0144 0.0057 -0.1355 0.9907
8647.0000 -91.6892 -2.5803 19.6699 -0.0148 0.0058 -0.1357 0.9906
8648.0000 -92.4261 -2.3737 19.6929 -0.0153 0.0049 -0.1357 0.9906
8649.0000 -93.1981 -2.1563 19.7331 -0.0153 0.0036 -0.1358 0.9906
8650.0000 -93.9769 -1.9560 19.7546 -0.0151 0.0035 -0.1358 0.9906
8651.0000 -94.7443 -1.7214 19.7658 -0.0145 0.0036 -0.1356 0.9907
8652.0000 -95.5346 -1.4945 19.7659 -0.0141 0.0040 -0.1353 0.9907
8653.0000 -96.3017 -1.2983 19.7924 -0.0141 0.0041 -0.1354 0.9907
8654.0000 -97.1075 -1.0841 19.8337 -0.0139 0.0045 -0.1352 0.9907
8655.0000 -97.8948 -0.8437 19.8577 -0.0131 0.0053 -0.1352 0.9907
8656.0000 -98.6952 -0.6115 19.8498 -0.0131 0.0056 -0.1352 0.9907
8657.0000 -99.4879 -0.3875 19.8754 -0.0135 0.0053 -0.1348 0.9908
8658.0000 -100.2820 -0.1675 19.9190 -0.0139 0.0052 -0.1346 0.9908
8659.0000 -101.0989 0.0480 19.9491 -0.0135 0.0053 -0.1347 0.9908
8660.0000 -101.9348 0.2880 19.9623 -0.0128 0.0057 -0.1345 0.9908
8661.0000 -102.7495 0.5250 19.9619 -0.0127 0.0056 -0.1342 0.9909
8662.0000 -103.5548 0.7405 20.0004 -0.0126 0.0048 -0.1339 0.9909
8663.0000 -104.3736 0.9653 20.0319 -0.0126 0.0043 -0.1339 0.9909
8664.0000 -105.1970 1.1819 20.0712 -0.0123 0.0049 -0.1339 0.9909
8665.0000 -106.0267 1.4108 20.0746 -0.0122 0.0059 -0.1338 0.9909
8666.0000 -106.8411 1.6470 20.0975 -0.0123 0.0059 -0.1335 0.9910
8667.0000 -107.6523 1.8846 20.1313 -0.0124 0.0052 -0.1336 0.9909
8668.0000 -108.4884 2.1084 20.1359 -0.0125 0.0052 -0.1334 0.9910
8669.0000 -109.2905 2.3495 20.1653 -0.0132 0.0058 -0.1329 0.9910
8670.0000 -110.1029 2.5934 20.2207 -0.0139 0.0058 -0.1328 0.9910
8671.0000 -110.9055 2.7912 20.2528 -0.0147 0.0052 -0.1329 0.9910
8672.0000 -111.7428 3.0097 20.2621 -0.0149 0.0050 -0.1329 0.9910
8673.0000 -112.5607 3.2337 20.2788 -0.0152 0.0047 -0.1332 0.9910
8674.0000 -113.3635 3.4633 20.3074 -0.0153 0.0048 -0.1328 0.9910
8675.0000 -114.1845 3.6735 20.3312 -0.0153 0.0052 -0.1327 0.9910
8676.0000 -114.9881 3.8983 20.3552 -0.0152 0.0055 -0.1325 0.9910
8677.0000 -115.7783 4.1200 20.3844 -0.0152 0.0059 -0.1324 0.9911
8678.0000 -116.5787 4.3522 20.4115 -0.0152 0.0055 -0.1323 0.9911
8679.0000 -117.3880 4.5507 20.4327 -0.0148 0.0049 -0.1323 0.9911
8680.0000 -118.1893 4.7794 20.4442 -0.0148 0.0045 -0.1321 0.9911
8681.0000 -118.9647 4.9752 20.4796 -0.0151 0.0038 -0.1320 0.9911
8682.0000 -119.7715 5.2040 20.5063 -0.0155 0.0033 -0.1320 0.9911
8683.0000 -120.5579 5.4478 20.5375 -0.0153 0.0030 -0.1317 0.9912
8684.0000 -121.3212 5.6159 20.5464 -0.0151 0.0036 -0.1316 0.9912
8685.0000 -122.1300 5.8493 20.5587 -0.0149 0.0042 -0.1316 0.9912
8686.0000 -122.8920 6.0623 20.5875 -0.0150 0.0044 -0.1315 0.9912
8687.0000 -123.6702 6.2745 20.6073 -0.0155 0.0044 -0.1315 0.9912
8688.0000 -124.4528 6.4905 20.6452 -0.0155 0.0043 -0.1317 0.9912
8689.0000 -125.2154 6.6901 20.6565 -0.0154 0.0051 -0.1316 0.9912
8690.0000 -125.9811 6.9032 20.6762 -0.0153 0.0061 -0.1314 0.9912
8691.0000 -126.7631 7.1191 20.7214 -0.0158 0.0066 -0.1312 0.9912
8692.0000 -127.5089 7.3168 20.7589 -0.0157 0.0066 -0.1312 0.9912
8693.0000 -128.2667 7.5325 20.7730 -0.0153 0.0062 -0.1310 0.9912
8694.0000 -129.0348 7.7328 20.7884 -0.0143 0.0055 -0.1310 0.9913
8695.0000 -129.8025 7.9307 20.8017 -0.0139 0.0052 -0.1310 0.9913
8696.0000 -130.5384 8.1238 20.8452 -0.0135 0.0045 -0.1309 0.9913
8697.0000 -131.2772 8.3193 20.8591 -0.0135 0.0045 -0.1309 0.9913
8698.0000 -132.0385 8.5211 20.8980 -0.0131 0.0048 -0.1309 0.9913
8699.0000 -132.7682 8.7131 20.9084 -0.0128 0.0051 -0.1309 0.9913
8700.0000 -133.5149 8.9195 20.9404 -0.0123 0.0055 -0.1309 0.9913
8701.0000 -134.2712 9.1178 20.9614 -0.0122 0.0060 -0.1307 0.9913
8702.0000 -135.0063 9.3098 20.9940 -0.0120 0.0063 -0.1307 0.9913
8703.0000 -135.7069 9.5007 21.0227 -0.0110 0.0064 -0.1307 0.9913
8704.0000 -136.4497 9.6938 21.0350 -0.0102 0.0064 -0.1306 0.9914
8705.0000 -137.1768 9.8655 21.0827 -0.0084 0.0056 -0.1305 0.9914
8706.0000 -137.9195 10.0758 21.0794 -0.0071 0.0093 -0.1304 0.9914
8707.0000 -138.5988 10.2389 21.1105 -0.0079 0.0151 -0.1303 0.9913
8708.0000 -139.2918 10.4609 21.1582 -0.0106 0.0194 -0.1300 0.9913
8709.0000 -139.9809 10.6601 21.2233 -0.0129 0.0183 -0.1301 0.9912
8710.0000 -140.6880 10.8312 21.2582 -0.0130 0.0112 -0.1304 0.9913
8711.0000 -141.4255 11.0495 21.2369 -0.0131 -0.0004 -0.1304 0.9914
8712.0000 -142.1681 11.2423 21.2181 -0.0144 -0.0112 -0.1309 0.9912
8713.0000 -142.8810 11.4548 21.2484 -0.0150 -0.0142 -0.1310 0.9912
8714.0000 -143.5628 11.6366 21.2941 -0.0143 -0.0068 -0.1318 0.9911
8715.0000 -144.2448 11.8143 21.3248 -0.0124 0.0064 -0.1325 0.9911
8716.0000 -144.9003 11.9821 21.3123 -0.0106 0.0167 -0.1331 0.9909
8717.0000 -145.5913 12.1935 21.3129 -0.0112 0.0184 -0.1337 0.9908
8718.0000 -146.2804 12.3733 21.3760 -0.0126 0.0118 -0.1343 0.9908
8719.0000 -147.0211 12.5947 21.4047 -0.0135 0.0054 -0.1347 0.9908
8720.0000 -147.7307 12.7960 21.4091 -0.0141 0.0019 -0.1354 0.9907
8721.0000 -148.4211 12.9876 21.4481 -0.0148 0.0011 -0.1360 0.9906
8722.0000 -149.1120 13.1842 21.4731 -0.0137 0.0029 -0.1364 0.9906
8723.0000 -149.8151 13.3722 21.4720 -0.0125 0.0060 -0.1370 0.9905
8724.0000 -150.5162 13.5589 21.4711 -0.0130 0.0083 -0.1376 0.9904
8725.0000 -151.1739 13.7548 21.5042 -0.0150 0.0078 -0.1380 0.9903
8726.0000 -151.8924 13.9943 21.5560 -0.0168 0.0052 -0.1385 0.9902
8727.0000 -152.5830 14.2134 21.5846 -0.0167 0.0032 -0.1395 0.9901
8728.0000 -153.2969 14.3903 21.5802 -0.0160 0.0050 -0.1401 0.9900
8729.0000 -153.9876 14.5782 21.5883 -0.0160 0.0088 -0.1406 0.9899
8730.0000 -154.6496 14.7935 21.6369 -0.0170 0.0115 -0.1412 0.9898
8731.0000 -155.3437 14.9954 21.6775 -0.0174 0.0120 -0.1417 0.9897
8732.0000 -156.0762 15.2191 21.6942 -0.0176 0.0101 -0.1424 0.9896
8733.0000 -156.7446 15.4278 21.7085 -0.0179 0.0075 -0.1427 0.9896
8734.0000 -157.4475 15.6294 21.7320 -0.0183 0.0056 -0.1430 0.9895
8735.0000 -158.1266 15.8248 21.7773 -0.0177 0.0057 -0.1433 0.9895
8736.0000 -158.8130 16.0395 21.7885 -0.0166 0.0068 -0.1431 0.9895
8737.0000 -159.4903 16.2390 21.7917 -0.0160 0.0076 -0.1431 0.9895
8738.0000 -160.2079 16.4424 21.8199 -0.0163 0.0074 -0.1433 0.9895
8739.0000 -160.9018 16.6469 21.8518 -0.0165 0.0065 -0.1433 0.9895
8740.0000 -161.6010 16.8578 21.8755 -0.0163 0.0057 -0.1433 0.9895
8741.0000 -162.3051 17.0794 21.8850 -0.0161 0.0058 -0.1435 0.9895
8742.0000 -162.9849 17.2740 21.9054 -0.0161 0.0064 -0.1433 0.9895
8743.0000 -163.6596 17.4771 21.9414 -0.0163 0.0066 -0.1432 0.9895
8744.0000 -164.3420 17.6738 21.9557 -0.0162 0.0071 -0.1433 0.9895
8745.0000 -165.0296 17.8802 21.9727 -0.0161 0.0073 -0.1434 0.9895
8746.0000 -165.7173 18.0946 21.9907 -0.0165 0.0071 -0.1431 0.9895
8747.0000 -166.3810 18.2986 22.0376 -0.0173 0.0063 -0.1429 0.9896
8748.0000 -167.0523 18.5039 22.0590 -0.0177 0.0058 -0.1429 0.9896
8749.0000 -167.7277 18.7040 22.0774 -0.0176 0.0057 -0.1429 0.9896
8750.0000 -168.3877 18.8736 22.0982 -0.0174 0.0066 -0.1429 0.9896
8751.0000 -169.0532 19.0789 22.1200 -0.0168 0.0077 -0.1427 0.9896
8752.0000 -169.7358 19.2949 22.1284 -0.0165 0.0091 -0.1425 0.9896
8753.0000 -170.3909 19.4968 22.1613 -0.0168 0.0089 -0.1421 0.9897
8754.0000 -171.0521 19.6787 22.1744 -0.0175 0.0079 -0.1416 0.9897
8755.0000 -171.6937 19.8657 22.2096 -0.0180 0.0058 -0.1413 0.9898
8756.0000 -172.3308 20.0625 22.2279 -0.0183 0.0047 -0.1411 0.9898
8757.0000 -172.9834 20.2547 22.2595 -0.0178 0.0052 -0.1408 0.9899
8758.0000 -173.6188 20.4209 22.2803 -0.0170 0.0065 -0.1405 0.9899
8759.0000 -174.2819 20.6051 22.2982 -0.0164 0.0122 -0.1401 0.9899
8760.0000 -174.8990 20.7822 22.3149 -0.0175 0.0201 -0.1400 0.9898
8761.0000 -175.5050 20.9688 22.3752 -0.0203 0.0236 -0.1397 0.9897
8762.0000 -176.1124 21.1734 22.4383 -0.0221 0.0218 -0.1393 0.9898
8763.0000 -176.7595 21.3592 22.4740 -0.0210 0.0140 -0.1396 0.9899
8764.0000 -177.3774 21.5252 22.4534 -0.0188 0.0014 -0.1395 0.9900
8765.0000 -178.0756 21.7011 22.4177 -0.0183 -0.0092 -0.1394 0.9900
8766.0000 -178.7075 21.8945 22.4406 -0.0198 -0.0131 -0.1397 0.9899
8767.0000 -179.2994 22.0896 22.5000 -0.0215 -0.0085 -0.1399 0.9899
8768.0000 -179.8923 22.2444 22.5381 -0.0211 0.0010 -0.1404 0.9899
8769.0000 -180.4910 22.4239 22.5418 -0.0184 0.0107 -0.1408 0.9898
8770.0000 -181.1012 22.5863 22.5056 -0.0163 0.0155 -0.1411 0.9897
8771.0000 -181.7309 22.7670 22.5136 -0.0159 0.0145 -0.1411 0.9898
8772.0000 -182.3481 22.9549 22.5536 -0.0174 0.0093 -0.1410 0.9898
8773.0000 -182.9449 23.1459 22.5973 -0.0187 0.0044 -0.1410 0.9898
8774.0000 -183.5477 23.3208 22.6269 -0.0194 0.0023 -0.1409 0.9898
8775.0000 -184.1553 23.5148 22.6431 -0.0195 0.0029 -0.1409 0.9898
8776.0000 -184.7453 23.6856 22.6481 -0.0193 0.0048 -0.1409 0.9898
8777.0000 -185.3566 23.8557 22.6593 -0.0193 0.0070 -0.1411 0.9898
8778.0000 -185.9672 24.0347 22.6966 -0.0187 0.0082 -0.1412 0.9898
8779.0000 -186.5432 24.1883 22.7093 -0.0184 0.0089 -0.1414 0.9897
8780.0000 -187.1711 24.3730 22.7282 -0.0177 0.0095 -0.1414 0.9897
8781.0000 -187.7499 24.5556 22.7584 -0.0168 0.0098 -0.1412 0.9898
8782.0000 -188.3243 24.7242 22.7806 -0.0163 0.0104 -0.1411 0.9898
8783.0000 -188.9174 24.8834 22.8090 -0.0159 0.0103 -0.1413 0.9898
8784.0000 -189.4955 25.0479 22.8360 -0.0153 0.0094 -0.1412 0.9898
8785.0000 -190.0962 25.2160 22.8468 -0.0152 0.0081 -0.1411 0.9898
8786.0000 -190.6713 25.3931 22.8742 -0.0152 0.0062 -0.1407 0.9899
8787.0000 -191.2576 25.5694 22.8948 -0.0153 0.0045 -0.1406 0.9899
8788.0000 -191.8196 25.7314 22.9118 -0.0151 0.0043 -0.1405 0.9900
8789.0000 -192.3834 25.8932 22.9321 -0.0147 0.0050 -0.1402 0.9900
8790.0000 -192.9561 26.0477 22.9478 -0.0146 0.0062 -0.1402 0.9900
8791.0000 -193.5125 26.2174 22.9673 -0.0150 0.0068 -0.1398 0.9900
8792.0000 -194.0631 26.3715 22.9840 -0.0154 0.0068 -0.1397 0.9900
8793.0000 -194.6050 26.5312 23.0040 -0.0156 0.0059 -0.1394 0.9901
8794.0000 -195.1757 26.6781 23.0216 -0.0157 0.0048 -0.1393 0.9901
8795.0000 -195.7165 26.8380 23.0389 -0.0158 0.0042 -0.1393 0.9901
8796.0000 -196.2458 26.9886 23.0610 -0.0160 0.0044 -0.1387 0.9902
8797.0000 -196.7802 27.1580 23.0679 -0.0161 0.0053 -0.1386 0.9902
8798.0000 -197.2987 27.3142 23.0795 -0.0169 0.0055 -0.1380 0.9903
8799.0000 -197.8198 27.4582 23.1150 -0.0182 0.0048 -0.1381 0.9902
8800.0000 -198.3375 27.6165 23.1446 -0.0187 0.0049 -0.1380 0.9902
8801.0000 -198.8422 27.7633 23.1639 -0.0183 0.0055 -0.1376 0.9903
8802.0000 -199.3386 27.8879 23.1796 -0.0174 0.0064 -0.1376 0.9903
8803.0000 -199.8325 28.0327 23.1916 -0.0166 0.0075 -0.1374 0.9904
8804.0000 -200.3089 28.1584 23.1959 -0.0169 0.0089 -0.1372 0.9904
8805.0000 -200.7874 28.3052 23.2144 -0.0177 0.0092 -0.1369 0.9904
8806.0000 -201.2666 28.4502 23.2474 -0.0182 0.0090 -0.1366 0.9904
8807.0000 -201.7153 28.5657 23.2796 -0.0174 0.0082 -0.1368 0.9904
8808.0000 -202.2083 28.6993 23.2876 -0.0161 0.0078 -0.1364 0.9905
8809.0000 -202.6048 28.7947 23.2877 -0.0155 0.0074 -0.1366 0.9905
8810.0000 -203.0641 28.9299 23.3026 -0.0161 0.0072 -0.1363 0.9905
8811.0000 -203.4785 29.0638 23.3262 -0.0167 0.0071 -0.1360 0.9905
8812.0000 -203.8896 29.1807 23.3563 -0.0169 0.0075 -0.1359 0.9905
8813.0000 -204.2975 29.2822 23.3664 -0.0168 0.0077 -0.1358 0.9906
8814.0000 -204.7106 29.4036 23.3733 -0.0166 0.0073 -0.1359 0.9906
8815.0000 -205.1160 29.5147 23.3906 -0.0163 0.0062 -0.1359 0.9906
8816.0000 -205.5111 29.6117 23.4014 -0.0162 0.0060 -0.1358 0.9906
8817.0000 -205.8887 29.7287 23.4181 -0.0165 0.0065 -0.1357 0.9906
8818.0000 -206.2573 29.8278 23.4355 -0.0170 0.0068 -0.1355 0.9906
8819.0000 -206.5875 29.9208 23.4408 -0.0174 0.0068 -0.1356 0.9906
8820.0000 -206.9759 30.0411 23.4599 -0.0177 0.0063 -0.1353 0.9906
8821.0000 -207.2945 30.1255 23.4808 -0.0177 0.0061 -0.1353 0.9906
8822.0000 -207.6608 30.2211 23.4871 -0.0174 0.0066 -0.1353 0.9906
8823.0000 -208.0059 30.3155 23.5003 -0.0172 0.0069 -0.1352 0.9906
8824.0000 -208.3476 30.4103 23.5022 -0.0172 0.0074 -0.1350 0.9907
8825.0000 -208.6957 30.5093 23.5149 -0.0175 0.0075 -0.1349 0.9907
8826.0000 -209.0020 30.6073 23.5279 -0.0179 0.0074 -0.1349 0.9907
8827.0000 -209.3524 30.6885 23.5523 -0.0182 0.0076 -0.1348 0.9907
8828.0000 -209.6487 30.7857 23.5678 -0.0177 0.0080 -0.1349 0.9907
8829.0000 -209.9745 30.8742 23.5665 -0.0174 0.0085 -0.1345 0.9907
8830.0000 -210.2764 30.9494 23.5747 -0.0174 0.0089 -0.1347 0.9907
8831.0000 -210.6106 31.0328 23.5860 -0.0176 0.0093 -0.1345 0.9907
8832.0000 -210.9422 31.1285 23.6010 -0.0181 0.0094 -0.1345 0.9907
8833.0000 -211.2269 31.2099 23.6236 -0.0182 0.0090 -0.1345 0.9907
8834.0000 -211.5296 31.2960 23.6275 -0.0180 0.0084 -0.1344 0.9907
8835.0000 -211.8349 31.3807 23.6313 -0.0178 0.0083 -0.1342 0.9908
8836.0000 -212.1247 31.4535 23.6429 -0.0178 0.0083 -0.1341 0.9908
8837.0000 -212.4019 31.5478 23.6564 -0.0180 0.0084 -0.1343 0.9907
8838.0000 -212.6945 31.6283 23.6782 -0.0184 0.0082 -0.1339 0.9908
8839.0000 -212.9550 31.6978 23.6860 -0.0184 0.0076 -0.1340 0.9908
8840.0000 -213.2413 31.7837 23.7000 -0.0184 0.0076 -0.1340 0.9908
8841.0000 -213.4938 31.8533 23.7057 -0.0180 0.0081 -0.1338 0.9908
8842.0000 -213.8017 31.9228 23.7167 -0.0180 0.0089 -0.1339 0.9908
8843.0000 -214.0597 31.9966 23.7221 -0.0180 0.0094 -0.1337 0.9908
8844.0000 -214.3040 32.0584 23.7352 -0.0181 0.0098 -0.1337 0.9908
8845.0000 -214.5554 32.1348 23.7404 -0.0182 0.0101 -0.1336 0.9908
8846.0000 -214.8278 32.2085 23.7603 -0.0184 0.0099 -0.1337 0.9908
8847.0000 -215.1099 32.2841 23.7829 -0.0181 0.0104 -0.1337 0.9908
8848.0000 -215.3544 32.3497 23.7878 -0.0172 0.0120 -0.1335 0.9908
8849.0000 -215.6059 32.4217 23.7826 -0.0175 0.0164 -0.1337 0.9907
8850.0000 -215.8360 32.4947 23.8253 -0.0182 0.0218 -0.1334 0.9907
8851.0000 -216.0702 32.5641 23.8397 -0.0198 0.0258 -0.1335 0.9905
8852.0000 -216.2882 32.6299 23.8777 -0.0209 0.0270 -0.1339 0.9904
8853.0000 -216.5432 32.7095 23.8869 -0.0215 0.0274 -0.1334 0.9904
8854.0000 -216.7885 32.7872 23.8912 -0.0217 0.0274 -0.1336 0.9904
8855.0000 -217.0517 32.8509 23.8905 -0.0220 0.0282 -0.1335 0.9904
8856.0000 -217.2701 32.8961 23.8960 -0.0232 0.0292 -0.1339 0.9903
8857.0000 -217.4874 32.9775 23.9217 -0.0241 0.0297 -0.1339 0.9902
8858.0000 -217.7176 33.0471 23.9351 -0.0245 0.0286 -0.1340 0.9903
8859.0000 -217.9587 33.1021 23.9559 -0.0242 0.0258 -0.1340 0.9903
8860.0000 -218.2266 33.1809 23.9438 -0.0237 0.0209 -0.1339 0.9905
8861.0000 -218.4357 33.2426 23.9571 -0.0241 0.0154 -0.1338 0.9906
8862.0000 -218.6693 33.2963 23.9920 -0.0249 0.0120 -0.1342 0.9906
8863.0000 -218.9142 33.3555 24.0138 -0.0250 0.0107 -0.1342 0.9906
8864.0000 -219.1132 33.4363 24.0010 -0.0250 0.0104 -0.1342 0.9906
8865.0000 -219.3191 33.5001 23.9967 -0.0258 0.0088 -0.1342 0.9906
8866.0000 -219.5446 33.5719 24.0109 -0.0262 0.0051 -0.1341 0.9906
8867.0000 -219.8065 33.6172 24.0164 -0.0268 0.0006 -0.1342 0.9906
8868.0000 -220.0445 33.6841 24.0296 -0.0265 -0.0031 -0.1340 0.9906
8869.0000 -220.2723 33.7612 24.0178 -0.0263 -0.0045 -0.1340 0.9906
8870.0000 -220.4968 33.8272 24.0266 -0.0261 -0.0038 -0.1339 0.9906
8871.0000 -220.7265 33.8853 24.0291 -0.0262 -0.0027 -0.1342 0.9906
8872.0000 -220.9552 33.9653 24.0372 -0.0262 -0.0020 -0.1343 0.9906
8873.0000 -221.1577 33.9994 24.0498 -0.0259 -0.0024 -0.1348 0.9905
8874.0000 -221.4156 34.0794 24.0561 -0.0253 -0.0029 -0.1348 0.9905
8875.0000 -221.6464 34.1381 24.0581 -0.0244 -0.0034 -0.1349 0.9906
8876.0000 -221.8926 34.1935 24.0646 -0.0240 -0.0027 -0.1351 0.9905
8877.0000 -222.1010 34.2698 24.0745 -0.0236 -0.0003 -0.1353 0.9905
8878.0000 -222.3119 34.3227 24.0832 -0.0229 0.0037 -0.1356 0.9905
8879.0000 -222.5438 34.3930 24.0837 -0.0217 0.0074 -0.1360 0.9904
8880.0000 -222.7263 34.4480 24.0827 -0.0204 0.0099 -0.1361 0.9904
8881.0000 -222.9934 34.5210 24.0852 -0.0194 0.0113 -0.1362 0.9904
8882.0000 -223.2020 34.5594 24.0959 -0.0193 0.0113 -0.1366 0.9904
8883.0000 -223.4136 34.6229 24.1204 -0.0195 0.0111 -0.1366 0.9904
8884.0000 -223.6105 34.6827 24.1324 -0.0196 0.0117 -0.1366 0.9904
8885.0000 -223.8160 34.7475 24.1393 -0.0193 0.0130 -0.1369 0.9903
8886.0000 -223.9975 34.8002 24.1407 -0.0189 0.0146 -0.1371 0.9903
8887.0000 -224.2112 34.8660 24.1392 -0.0185 0.0154 -0.1370 0.9903
8888.0000 -224.3974 34.9192 24.1435 -0.0186 0.0154 -0.1374 0.9902
8889.0000 -224.6304 34.9673 24.1622 -0.0189 0.0147 -0.1373 0.9902
8890.0000 -224.8107 35.0297 24.1689 -0.0193 0.0141 -0.1376 0.9902
8891.0000 -225.0242 35.0829 24.1828 -0.0195 0.0134 -0.1378 0.9902
8892.0000 -225.1906 35.1423 24.1910 -0.0196 0.0128 -0.1377 0.9902
8893.0000 -225.3438 35.1814 24.1976 -0.0194 0.0125 -0.1380 0.9902
8894.0000 -225.5224 35.2361 24.1955 -0.0193 0.0122 -0.1382 0.9901
8895.0000 -225.7147 35.2824 24.2090 -0.0193 0.0120 -0.1381 0.9902
8896.0000 -225.8692 35.3297 24.2174 -0.0195 0.0118 -0.1384 0.9901
8897.0000 -226.0353 35.3881 24.2269 -0.0196 0.0118 -0.1384 0.9901
8898.0000 -226.1838 35.4255 24.2350 -0.0196 0.0117 -0.1383 0.9901
8899.0000 -226.3154 35.4760 24.2397 -0.0196 0.0116 -0.1383 0.9901
8900.0000 -226.4909 35.4995 24.2489 -0.0197 0.0114 -0.1383 0.9901
8901.0000 -226.6280 35.5456 24.2570 -0.0196 0.0113 -0.1379 0.9902
8902.0000 -226.7429 35.5679 24.2627 -0.0194 0.0116 -0.1378 0.9902
8903.0000 -226.8717 35.6176 24.2715 -0.0190 0.0117 -0.1374 0.9903
8904.0000 -226.9952 35.6461 24.2656 -0.0190 0.0119 -0.1373 0.9903
8905.0000 -227.1171 35.6868 24.2659 -0.0193 0.0120 -0.1370 0.9903
8906.0000 -227.2362 35.7257 24.2781 -0.0197 0.0120 -0.1368 0.9903
8907.0000 -227.3483 35.7603 24.2873 -0.0200 0.0121 -0.1367 0.9903
8908.0000 -227.4336 35.7871 24.2942 -0.0200 0.0122 -0.1364 0.9904
8909.0000 -227.5357 35.8066 24.2985 -0.0199 0.0123 -0.1360 0.9904
8910.0000 -227.6458 35.8462 24.3019 -0.0199 0.0124 -0.1361 0.9904
8911.0000 -227.7451 35.8604 24.3043 -0.0201 0.0125 -0.1361 0.9904
8912.0000 -227.8252 35.8860 24.3103 -0.0201 0.0124 -0.1358 0.9904
8913.0000 -227.8858 35.9141 24.3179 -0.0200 0.0123 -0.1358 0.9905
8914.0000 -227.9541 35.9100 24.3143 -0.0199 0.0124 -0.1356 0.9905
8915.0000 -228.0200 35.9483 24.3129 -0.0198 0.0124 -0.1355 0.9905
8916.0000 -228.0537 35.9502 24.3187 -0.0199 0.0122 -0.1354 0.9905
8917.0000 -228.1219 35.9647 24.3194 -0.0200 0.0122 -0.1353 0.9905
8918.0000 -228.1733 35.9864 24.3238 -0.0200 0.0122 -0.1353 0.9905
8919.0000 -228.1866 35.9841 24.3271 -0.0200 0.0122 -0.1353 0.9905
8920.0000 -228.2307 36.0029 24.3254 -0.0199 0.0123 -0.1353 0.9905
8921.0000 -228.2593 36.0028 24.3300 -0.0199 0.0123 -0.1351 0.9905
8922.0000 -228.2518 36.0057 24.3304 -0.0200 0.0123 -0.1352 0.9905
8923.0000 -228.2414 36.0027 24.3290 -0.0200 0.0124 -0.1352 0.9905
8924.0000 -228.2313 36.0043 24.3267 -0.0199 0.0124 -0.1352 0.9905
8925.0000 -228.2312 36.0016 24.3279 -0.0199 0.0127 -0.1351 0.9906
8926.0000 -228.2288 36.0019 24.3320 -0.0198 0.0128 -0.1352 0.9905
8927.0000 -228.2292 35.9947 24.3276 -0.0198 0.0130 -0.1353 0.9905
8928.0000 -228.2332 36.0009 24.3295 -0.0198 0.0129 -0.1352 0.9905
8929.0000 -228.2379 35.9961 24.3285 -0.0198 0.0130 -0.1353 0.9905
8930.0000 -228.2453 36.0122 24.3274 -0.0198 0.0129 -0.1352 0.9905
8931.0000 -228.2342 36.0012 24.3287 -0.0198 0.0129 -0.1353 0.9905
8932.0000 -228.2310 36.0069 24.3275 -0.0199 0.0130 -0.1351 0.9905
8933.0000 -228.2324 36.0021 24.3304 -0.0198 0.0129 -0.1352 0.9905
8934.0000 -228.2435 36.0196 24.3274 -0.0198 0.0129 -0.1353 0.9905
8935.0000 -228.2539 36.0063 24.3316 -0.0198 0.0129 -0.1351 0.9905
8936.0000 -228.2298 36.0047 24.3247 -0.0198 0.0129 -0.1352 0.9905
8937.0000 -228.2306 36.0015 24.3287 -0.0198 0.0129 -0.1352 0.9905
8938.0000 -228.2239 36.0010 24.3324 -0.0199 0.0128 -0.1352 0.9905
8939.0000 -228.2409 36.0056 24.3256 -0.0198 0.0129 -0.1352 0.9905
8940.0000 -228.2070 36.0013 24.3239 -0.0197 0.0128 -0.1353 0.9905
