0.0000 0.0000 0.0000 0.0000 0.0000 0.0000 0.0000 1.0000
1.0000 -0.0008 0.0013 0.0001 0.0001 -0.0000 -0.0000 1.0000
2.0000 -0.0025 -0.0001 -0.0011 0.0001 0.0000 -0.0000 1.0000
3.0000 -0.0040 -0.0007 -0.0015 0.0000 -0.0000 -0.0000 1.0000
4.0000 -0.0021 -0.0005 -0.0007 -0.0000 -0.0000 -0.0000 1.0000
5.0000 -0.0042 -0.0004 -0.0005 0.0000 -0.0000 -0.0000 1.0000
6.0000 -0.0043 -0.0005 -0.0018 0.0001 -0.0000 0.0000 1.0000
7.0000 -0.0027 -0.0023 -0.0018 0.0001 0.0000 0.0000 1.0000
8.0000 -0.0018 -0.0025 -0.0009 0.0000 -0.0000 -0.0001 1.0000
9.0000 -0.0019 -0.0006 -0.0010 0.0000 -0.0000 -0.0001 1.0000
10.0000 -0.0024 -0.0001 -0.0017 -0.0000 -0.0000 -0.0000 1.0000
11.0000 -0.0038 -0.0005 -0.0006 -0.0000 -0.0000 0.0000 1.0000
12.0000 -0.0050 -0.0001 -0.0012 0.0001 0.0000 0.0000 1.0000
13.0000 -0.0030 -0.0008 -0.0013 0.0001 0.0000 -0.0000 1.0000
14.0000 -0.0026 -0.0026 -0.0007 0.0000 0.0000 -0.0000 1.0000
15.0000 -0.0015 -0.0009 -0.0009 -0.0000 0.0000 -0.0000 1.0000
16.0000 -0.0064 0.0003 -0.0002 -0.0000 0.0000 -0.0000 1.0000
17.0000 -0.0054 0.0001 -0.0001 0.0000 -0.0000 0.0000 1.0000
18.0000 -0.0041 -0.0008 -0.0002 0.0000 -0.0000 -0.0000 1.0000
19.0000 -0.0058 -0.0032 -0.0010 0.0000 -0.0000 -0.0000 1.0000
20.0000 -0.0075 -0.0032 -0.0023 0.0001 -0.0000 -0.0000 1.0000
21.0000 -0.0165 0.0009 -0.0007 0.0000 -0.0000 -0.0000 1.0000
22.0000 -0.0287 0.0034 -0.0018 0.0001 -0.0000 -0.0000 1.0000
23.0000 -0.0404 0.0065 -0.0036 0.0001 -0.0001 -0.0001 1.0000
24.0000 -0.0415 0.0177 -0.0094 0.0001 -0.0002 -0.0001 1.0000
25.0000 0.0145 0.0182 -0.0098 0.0002 -0.0005 -0.0000 1.0000
26.0000 0.0391 0.0117 -0.0105 0.0002 -0.0008 0.0000 1.0000
27.0000 0.0577 0.0126 -0.0142 0.0002 -0.0008 -0.0000 1.0000
28.0000 0.1100 0.0103 -0.0155 0.0002 -0.0007 0.0000 1.0000
29.0000 0.2067 0.0104 -0.0114 0.0002 -0.0005 0.0000 1.0000
30.0000 0.3985 0.0123 -0.0093 0.0001 -0.0006 -0.0002 1.0000
31.0000 0.5409 0.0080 -0.0102 0.0001 -0.0007 -0.0003 1.0000
32.0000 0.6517 0.0086 -0.0118 0.0000 -0.0008 -0.0005 1.0000
33.0000 0.8191 0.0118 -0.0147 -0.0001 -0.0007 -0.0005 1.0000
34.0000 1.0059 0.0045 -0.0154 -0.0002 -0.0007 -0.0005 1.0000
35.0000 1.1998 0.0035 -0.0081 -0.0003 -0.0008 -0.0006 1.0000
36.0000 1.4382 0.0112 -0.0012 -0.0005 -0.0009 -0.0010 1.0000
37.0000 1.6693 0.0131 -0.0062 -0.0006 -0.0010 -0.0014 1.0000
38.0000 1.9358 0.0079 -0.0054 -0.0008 -0.0010 -0.0016 1.0000
39.0000 2.1952 0.0064 -0.0015 -0.0009 -0.0011 -0.0018 1.0000
40.0000 2.4836 0.0004 -0.0077 0.0001 -0.0010 -0.0019 1.0000
41.0000 2.7797 -0.0014 -0.0123 0.0011 -0.0010 -0.0020 1.0000
42.0000 3.0852 0.0058 -0.0088 0.0010 -0.0011 -0.0022 1.0000
43.0000 3.4254 0.0043 -0.0066 0.0003 -0.0011 -0.0026 1.0000
44.0000 3.7804 0.0002 -0.0019 -0.0002 -0.0011 -0.0029 1.0000
45.0000 4.1265 -0.0034 0.0006 0.0002 -0.0011 -0.0034 1.0000
46.0000 4.4841 -0.0023 0.0059 0.0006 -0.0011 -0.0038 1.0000
47.0000 4.8747 -0.0015 0.0097 0.0006 -0.0013 -0.0041 1.0000
48.0000 5.2890 -0.0029 0.0048 -0.0002 -0.0015 -0.0042 1.0000
49.0000 5.7022 -0.0103 -0.0026 -0.0006 -0.0016 -0.0043 1.0000
50.0000 6.1228 -0.0243 0.0027 -0.0003 -0.0016 -0.0050 1.0000
51.0000 6.5706 -0.0337 0.0127 0.0002 -0.0017 -0.0055 1.0000
52.0000 7.0328 -0.0370 0.0160 0.0012 -0.0016 -0.0056 1.0000
53.0000 7.5166 -0.0315 0.0194 0.0011 -0.0011 -0.0047 1.0000
54.0000 7.9906 -0.0293 0.0254 0.0005 -0.0004 -0.0034 1.0000
55.0000 8.4674 -0.0425 0.0199 -0.0006 0.0001 -0.0023 1.0000
56.0000 8.9445 -0.0354 -0.0019 -0.0016 0.0012 -0.0014 1.0000
57.0000 9.4483 -0.0273 -0.0045 -0.0013 0.0022 -0.0007 1.0000
58.0000 9.9601 -0.0256 0.0257 -0.0004 0.0021 -0.0001 1.0000
59.0000 10.4724 -0.0157 0.0381 -0.0002 0.0013 0.0002 1.0000
60.0000 10.9989 -0.0161 0.0269 -0.0016 0.0011 0.0005 1.0000
61.0000 11.5328 -0.0153 0.0042 -0.0025 0.0013 0.0010 1.0000
62.0000 12.0733 -0.0117 0.0102 -0.0021 0.0016 0.0014 1.0000
63.0000 12.6292 -0.0069 0.0300 -0.0016 0.0019 0.0017 1.0000
64.0000 13.1845 0.0039 0.0423 -0.0015 0.0020 0.0022 1.0000
65.0000 13.7393 0.0083 0.0327 -0.0018 0.0020 0.0025 1.0000
66.0000 14.2858 0.0087 0.0169 -0.0021 0.0024 0.0028 1.0000
67.0000 14.8352 0.0071 0.0226 -0.0018 0.0028 0.0032 1.0000
68.0000 15.3824 0.0053 0.0353 -0.0016 0.0030 0.0035 1.0000
69.0000 15.9256 0.0137 0.0401 -0.0013 0.0033 0.0039 1.0000
70.0000 16.4631 0.0119 0.0321 -0.0013 0.0035 0.0041 1.0000
71.0000 16.9975 0.0073 0.0301 -0.0012 0.0031 0.0044 1.0000
72.0000 17.5253 0.0111 0.0265 -0.0010 0.0027 0.0049 1.0000
73.0000 18.0581 0.0122 0.0278 -0.0010 0.0025 0.0051 1.0000
74.0000 18.5814 0.0173 0.0311 -0.0010 0.0021 0.0053 1.0000
75.0000 19.1004 0.0228 0.0299 -0.0006 0.0018 0.0056 1.0000
76.0000 19.6335 0.0303 0.0241 -0.0000 0.0020 0.0060 1.0000
77.0000 20.1678 0.0354 0.0257 0.0021 0.0025 0.0061 1.0000
78.0000 20.6851 0.0419 0.0519 0.0030 0.0033 0.0063 1.0000
79.0000 21.2103 0.0499 0.0601 0.0028 0.0035 0.0066 1.0000
80.0000 21.7381 0.0705 0.0497 0.0022 0.0027 0.0068 1.0000
81.0000 22.2505 0.0759 0.0298 0.0019 0.0017 0.0070 1.0000
82.0000 22.7729 0.0701 0.0261 0.0018 0.0005 0.0073 1.0000
83.0000 23.2914 0.0764 0.0459 0.0019 0.0001 0.0075 1.0000
84.0000 23.8113 0.0987 0.0480 0.0020 0.0003 0.0074 1.0000
85.0000 24.3277 0.1230 0.0545 0.0019 0.0003 0.0074 1.0000
86.0000 24.8444 0.1346 0.0670 0.0015 -0.0008 0.0075 1.0000
87.0000 25.3553 0.1398 0.0713 0.0009 -0.0015 0.0078 1.0000
88.0000 25.8636 0.1460 0.0654 0.0011 -0.0007 0.0079 1.0000
89.0000 26.3801 0.1511 0.0695 0.0018 0.0003 0.0078 1.0000
90.0000 26.8852 0.1598 0.0755 0.0020 0.0005 0.0080 1.0000
91.0000 27.3924 0.1609 0.0738 0.0025 0.0018 0.0079 1.0000
92.0000 27.9042 0.1668 0.0839 0.0037 0.0038 0.0079 1.0000
93.0000 28.4013 0.1734 0.0999 0.0042 0.0037 0.0080 1.0000
94.0000 28.8943 0.1907 0.1091 0.0033 0.0023 0.0079 1.0000
95.0000 29.3859 0.2072 0.0841 0.0022 0.0016 0.0080 1.0000
96.0000 29.8768 0.2181 0.0678 0.0025 0.0016 0.0082 1.0000
97.0000 30.3565 0.2146 0.0806 0.0030 0.0001 0.0085 1.0000
98.0000 30.8578 0.2100 0.1019 0.0047 -0.0023 0.0082 1.0000
99.0000 31.3656 0.2061 0.1141 0.0052 -0.0020 0.0080 1.0000
100.0000 31.8717 0.2243 0.0928 0.0035 0.0014 0.0076 1.0000
101.0000 32.3772 0.2436 0.0819 0.0020 0.0045 0.0067 1.0000
102.0000 32.8836 0.2665 0.0884 0.0018 0.0051 0.0057 1.0000
103.0000 33.3786 0.2561 0.1035 0.0025 0.0046 0.0044 1.0000
104.0000 33.8778 0.2282 0.1155 0.0031 0.0042 0.0026 1.0000
105.0000 34.3665 0.2315 0.1319 0.0033 0.0034 -0.0001 1.0000
106.0000 34.8543 0.2375 0.1234 0.0036 0.0024 -0.0035 1.0000
107.0000 35.3405 0.2234 0.1036 0.0023 0.0025 -0.0073 1.0000
108.0000 35.8494 0.2097 0.0979 0.0012 0.0029 -0.0126 0.9999
109.0000 36.3435 0.1863 0.1096 0.0006 0.0032 -0.0193 0.9998
110.0000 36.8381 0.1609 0.1260 0.0001 0.0031 -0.0278 0.9996
111.0000 37.3320 0.1294 0.1188 -0.0003 0.0030 -0.0384 0.9993
112.0000 37.8168 0.0716 0.1181 -0.0006 0.0031 -0.0509 0.9987
113.0000 38.3151 -0.0127 0.1168 -0.0013 0.0034 -0.0650 0.9979
114.0000 38.8029 -0.1074 0.1196 -0.0025 0.0037 -0.0802 0.9968
115.0000 39.2714 -0.2119 0.1294 -0.0037 0.0035 -0.0962 0.9953
116.0000 39.7193 -0.3422 0.1313 -0.0042 0.0031 -0.1132 0.9936
117.0000 40.1919 -0.4882 0.1293 -0.0042 0.0031 -0.1314 0.9913
118.0000 40.6717 -0.6483 0.1369 -0.0051 0.0032 -0.1510 0.9885
119.0000 41.1148 -0.8320 0.1355 -0.0077 0.0036 -0.1721 0.9850
120.0000 41.5446 -1.0354 0.1110 -0.0087 0.0039 -0.1944 0.9809
121.0000 41.9744 -1.2722 0.1139 -0.0082 0.0038 -0.2168 0.9762
122.0000 42.4039 -1.5214 0.1453 -0.0075 0.0035 -0.2387 0.9711
123.0000 42.8098 -1.7748 0.1755 -0.0075 0.0036 -0.2597 0.9657
124.0000 43.1948 -2.0350 0.1442 -0.0081 0.0038 -0.2803 0.9599
125.0000 43.5532 -2.3288 0.1288 -0.0084 0.0041 -0.3016 0.9534
126.0000 43.9196 -2.6642 0.1413 -0.0082 0.0040 -0.3233 0.9463
127.0000 44.2917 -3.0142 0.1414 -0.0080 0.0036 -0.3447 0.9387
128.0000 44.6368 -3.3503 0.1375 -0.0075 0.0029 -0.3656 0.9308
129.0000 44.9386 -3.6937 0.1330 -0.0074 0.0029 -0.3858 0.9225
130.0000 45.2116 -4.0679 0.1094 -0.0072 0.0020 -0.4063 0.9137
131.0000 45.4855 -4.4496 0.1124 -0.0045 -0.0009 -0.4273 0.9041
132.0000 45.7500 -4.8455 0.2012 -0.0014 -0.0038 -0.4485 0.8938
133.0000 46.0036 -5.2440 0.2573 -0.0011 -0.0043 -0.4696 0.8829
134.0000 46.2358 -5.6592 0.2179 -0.0034 -0.0033 -0.4904 0.8715
135.0000 46.4396 -6.1010 0.1438 -0.0066 -0.0031 -0.5107 0.8597
136.0000 46.6180 -6.5554 0.1176 -0.0064 -0.0034 -0.5307 0.8476
137.0000 46.7696 -7.0153 0.1685 -0.0022 -0.0034 -0.5503 0.8349
138.0000 46.9149 -7.4776 0.2765 0.0021 -0.0040 -0.5702 0.8215
139.0000 47.0485 -7.9516 0.3090 0.0005 -0.0037 -0.5907 0.8069
140.0000 47.1718 -8.4547 0.2203 -0.0035 -0.0027 -0.6112 0.7915
141.0000 47.2653 -8.9676 0.1347 -0.0054 -0.0016 -0.6307 0.7760
142.0000 47.3073 -9.4773 0.1518 -0.0036 -0.0019 -0.6492 0.7606
143.0000 47.3077 -9.9664 0.2396 0.0001 -0.0022 -0.6669 0.7451
144.0000 47.3237 -10.4831 0.3035 0.0018 -0.0025 -0.6839 0.7296
145.0000 47.3446 -11.0153 0.2823 0.0012 -0.0044 -0.6997 0.7144
146.0000 47.3229 -11.5438 0.2501 0.0014 0.0069 0.7139 -0.7002
147.0000 47.2493 -12.0737 0.2300 0.0032 0.0076 0.7267 -0.6869
148.0000 47.1740 -12.6132 0.2384 0.0026 0.0078 0.7379 -0.6749
149.0000 47.0900 -13.1712 0.2644 0.0009 0.0081 0.7473 -0.6644
150.0000 47.0178 -13.7491 0.2726 -0.0029 0.0100 0.7546 -0.6561
151.0000 46.9228 -14.3235 0.2791 -0.0069 0.0126 0.7592 -0.6507
152.0000 46.7997 -14.8760 0.3191 -0.0092 0.0135 0.7619 -0.6474
153.0000 46.6836 -15.4387 0.3245 -0.0090 0.0132 0.7641 -0.6449
154.0000 46.5681 -16.0350 0.2932 -0.0073 0.0123 0.7665 -0.6421
155.0000 46.4627 -16.6604 0.2798 -0.0057 0.0127 0.7687 -0.6395
156.0000 46.3583 -17.2787 0.3011 -0.0059 0.0148 0.7700 -0.6379
157.0000 46.2313 -17.8809 0.3425 -0.0071 0.0164 0.7708 -0.6369
158.0000 46.0909 -18.4937 0.3617 -0.0076 0.0160 0.7717 -0.6358
159.0000 45.9648 -19.1302 0.3472 -0.0074 0.0153 0.7731 -0.6340
160.0000 45.8360 -19.8084 0.3422 -0.0062 0.0149 0.7749 -0.6319
161.0000 45.7039 -20.4882 0.3486 -0.0055 0.0150 0.7765 -0.6300
162.0000 45.5520 -21.1546 0.3584 -0.0059 0.0155 0.7778 -0.6283
163.0000 45.3914 -21.8103 0.3778 -0.0071 0.0166 0.7788 -0.6270
164.0000 45.2438 -22.4893 0.3869 -0.0080 0.0173 0.7794 -0.6263
165.0000 45.0839 -23.1893 0.3984 -0.0072 0.0169 0.7798 -0.6258
166.0000 44.9184 -23.9000 0.4020 -0.0064 0.0164 0.7801 -0.6254
167.0000 44.7524 -24.6227 0.4039 -0.0065 0.0163 0.7805 -0.6249
168.0000 44.5979 -25.3569 0.4245 -0.0073 0.0167 0.7808 -0.6246
169.0000 44.4507 -26.0835 0.4422 -0.0079 0.0171 0.7808 -0.6245
170.0000 44.2835 -26.8323 0.4493 -0.0082 0.0169 0.7807 -0.6246
171.0000 44.1038 -27.5863 0.4494 -0.0082 0.0166 0.7806 -0.6247
172.0000 43.9244 -28.3479 0.4606 -0.0082 0.0159 0.7807 -0.6247
173.0000 43.7543 -29.1090 0.4790 -0.0087 0.0155 0.7808 -0.6245
174.0000 43.5855 -29.8928 0.4773 -0.0096 0.0157 0.7809 -0.6244
175.0000 43.4061 -30.6663 0.4865 -0.0099 0.0162 0.7810 -0.6243
176.0000 43.2270 -31.4477 0.4960 -0.0091 0.0162 0.7810 -0.6242
177.0000 43.0484 -32.2408 0.5018 -0.0084 0.0158 0.7811 -0.6242
178.0000 42.8693 -33.0390 0.5184 -0.0085 0.0153 0.7811 -0.6241
179.0000 42.6900 -33.8556 0.5275 -0.0095 0.0155 0.7812 -0.6240
180.0000 42.4893 -34.7001 0.5334 -0.0102 0.0158 0.7812 -0.6240
181.0000 42.3033 -35.5371 0.5379 -0.0104 0.0166 0.7813 -0.6238
182.0000 42.1200 -36.3584 0.5422 -0.0099 0.0166 0.7815 -0.6236
183.0000 41.9375 -37.1773 0.5499 -0.0088 0.0159 0.7816 -0.6235
184.0000 41.7374 -38.0228 0.5618 -0.0084 0.0152 0.7816 -0.6235
185.0000 41.5289 -38.9035 0.5664 -0.0090 0.0152 0.7816 -0.6236
186.0000 41.3310 -39.7813 0.5717 -0.0098 0.0157 0.7816 -0.6235
187.0000 41.1458 -40.6551 0.5772 -0.0101 0.0161 0.7818 -0.6233
188.0000 40.9550 -41.5201 0.5981 -0.0093 0.0152 0.7820 -0.6230
189.0000 40.7590 -42.3919 0.5963 -0.0088 0.0145 0.7822 -0.6228
190.0000 40.5496 -43.2853 0.6051 -0.0086 0.0141 0.7822 -0.6228
191.0000 40.3413 -44.1780 0.6230 -0.0089 0.0140 0.7822 -0.6228
192.0000 40.1397 -45.0610 0.6368 -0.0092 0.0142 0.7824 -0.6225
193.0000 39.9442 -45.9568 0.6393 -0.0092 0.0141 0.7827 -0.6222
194.0000 39.7438 -46.8518 0.6363 -0.0091 0.0139 0.7830 -0.6218
195.0000 39.5272 -47.7528 0.6438 -0.0091 0.0139 0.7834 -0.6213
196.0000 39.3153 -48.6459 0.6617 -0.0093 0.0141 0.7837 -0.6209
197.0000 39.1068 -49.5467 0.6750 -0.0092 0.0142 0.7840 -0.6205
198.0000 38.8941 -50.4549 0.6717 -0.0090 0.0143 0.7843 -0.6202
199.0000 38.6682 -51.3785 0.6782 -0.0088 0.0140 0.7846 -0.6198
200.0000 38.4451 -52.2933 0.6922 -0.0087 0.0131 0.7849 -0.6194
201.0000 38.2264 -53.2041 0.6993 -0.0092 0.0129 0.7853 -0.6189
202.0000 38.0118 -54.1270 0.7093 -0.0094 0.0133 0.7857 -0.6184
203.0000 37.7836 -55.0563 0.7209 -0.0094 0.0140 0.7860 -0.6180
204.0000 37.5593 -55.9792 0.7197 -0.0091 0.0147 0.7863 -0.6176
205.0000 37.3325 -56.9088 0.7246 -0.0089 0.0148 0.7867 -0.6171
206.0000 37.0962 -57.8390 0.7406 -0.0089 0.0148 0.7870 -0.6168
207.0000 36.8526 -58.7621 0.7592 -0.0092 0.0154 0.7872 -0.6165
208.0000 36.6326 -59.6829 0.7756 -0.0095 0.0159 0.7874 -0.6162
209.0000 36.4075 -60.6209 0.7761 -0.0098 0.0158 0.7875 -0.6160
210.0000 36.1740 -61.5573 0.7660 -0.0107 0.0164 0.7877 -0.6158
211.0000 35.9283 -62.4898 0.7940 -0.0108 0.0174 0.7877 -0.6157
212.0000 35.6894 -63.4137 0.8178 -0.0104 0.0178 0.7878 -0.6156
213.0000 35.4665 -64.3500 0.8220 -0.0114 0.0159 0.7880 -0.6153
214.0000 35.2444 -65.2825 0.8292 -0.0139 0.0125 0.7882 -0.6152
215.0000 35.0224 -66.2302 0.8159 -0.0169 0.0118 0.7882 -0.6151
216.0000 34.7802 -67.1931 0.8407 -0.0156 0.0133 0.7883 -0.6150
217.0000 34.5355 -68.1231 0.8502 -0.0108 0.0138 0.7885 -0.6147
218.0000 34.3101 -69.0421 0.8326 -0.0073 0.0129 0.7889 -0.6144
219.0000 34.0820 -69.9813 0.8253 -0.0073 0.0113 0.7891 -0.6142
220.0000 33.8480 -70.9414 0.8424 -0.0103 0.0121 0.7891 -0.6141
221.0000 33.5979 -71.8974 0.8729 -0.0123 0.0135 0.7891 -0.6140
222.0000 33.3610 -72.8299 0.8741 -0.0123 0.0140 0.7892 -0.6138
223.0000 33.1311 -73.7643 0.8662 -0.0100 0.0129 0.7895 -0.6136
224.0000 32.8888 -74.7190 0.8602 -0.0081 0.0118 0.7897 -0.6133
225.0000 32.6438 -75.6728 0.8724 -0.0078 0.0112 0.7898 -0.6132
226.0000 32.3968 -76.6288 0.8962 -0.0089 0.0116 0.7899 -0.6130
227.0000 32.1561 -77.5843 0.9090 -0.0101 0.0122 0.7899 -0.6131
228.0000 31.9201 -78.5352 0.9248 -0.0106 0.0119 0.7900 -0.6129
229.0000 31.6838 -79.4922 0.9138 -0.0101 0.0119 0.7902 -0.6127
230.0000 31.4226 -80.4557 0.9083 -0.0089 0.0120 0.7904 -0.6124
231.0000 31.1685 -81.4226 0.9258 -0.0076 0.0120 0.7905 -0.6123
232.0000 30.9222 -82.3794 0.9387 -0.0077 0.0122 0.7904 -0.6124
233.0000 30.6804 -83.3741 0.9395 -0.0087 0.0123 0.7904 -0.6124
234.0000 30.4287 -84.3511 0.9537 -0.0094 0.0117 0.7906 -0.6122
235.0000 30.1746 -85.3312 0.9599 -0.0090 0.0113 0.7906 -0.6121
236.0000 29.9274 -86.2978 0.9649 -0.0081 0.0110 0.7907 -0.6120
237.0000 29.6803 -87.2809 0.9655 -0.0077 0.0106 0.7908 -0.6119
238.0000 29.4290 -88.2730 0.9710 -0.0081 0.0106 0.7908 -0.6119
239.0000 29.1707 -89.2606 0.9813 -0.0088 0.0109 0.7909 -0.6118
240.0000 28.9118 -90.2449 1.0022 -0.0091 0.0109 0.7909 -0.6118
241.0000 28.6546 -91.2584 1.0061 -0.0083 0.0107 0.7910 -0.6117
242.0000 28.4044 -92.2718 0.9941 -0.0076 0.0106 0.7911 -0.6116
243.0000 28.1505 -93.2541 0.9917 -0.0075 0.0106 0.7912 -0.6114
244.0000 27.8901 -94.2489 1.0086 -0.0078 0.0106 0.7912 -0.6114
245.0000 27.6198 -95.2717 1.0263 -0.0080 0.0103 0.7912 -0.6114
246.0000 27.3519 -96.2860 1.0358 -0.0079 0.0098 0.7914 -0.6112
247.0000 27.0879 -97.3033 1.0396 -0.0076 0.0097 0.7916 -0.6110
248.0000 26.8299 -98.3142 1.0430 -0.0070 0.0100 0.7917 -0.6108
249.0000 26.5626 -99.3354 1.0417 -0.0070 0.0105 0.7919 -0.6106
250.0000 26.2879 -100.3595 1.0599 -0.0074 0.0103 0.7920 -0.6104
251.0000 26.0203 -101.3891 1.0760 -0.0081 0.0099 0.7921 -0.6103
252.0000 25.7517 -102.4282 1.0858 -0.0084 0.0092 0.7922 -0.6101
253.0000 25.4842 -103.4627 1.0825 -0.0086 0.0082 0.7923 -0.6100
254.0000 25.2115 -104.4998 1.0932 -0.0084 0.0071 0.7925 -0.6098
255.0000 24.9386 -105.5260 1.1129 -0.0079 0.0068 0.7927 -0.6095
256.0000 24.6706 -106.5586 1.1188 -0.0074 0.0073 0.7930 -0.6092
257.0000 24.3921 -107.6128 1.1106 -0.0070 0.0079 0.7931 -0.6090
258.0000 24.1112 -108.6625 1.1033 -0.0068 0.0081 0.7932 -0.6089
259.0000 23.8250 -109.7210 1.1083 -0.0064 0.0082 0.7933 -0.6088
260.0000 23.5472 -110.7724 1.1204 -0.0062 0.0084 0.7934 -0.6085
261.0000 23.2705 -111.8335 1.1257 -0.0062 0.0083 0.7937 -0.6083
262.0000 22.9847 -112.8936 1.1314 -0.0068 0.0082 0.7939 -0.6079
263.0000 22.6864 -113.9658 1.1347 -0.0074 0.0081 0.7941 -0.6077
264.0000 22.3938 -115.0296 1.1472 -0.0074 0.0083 0.7942 -0.6076
265.0000 22.0985 -116.0902 1.1600 -0.0069 0.0088 0.7943 -0.6075
266.0000 21.8179 -117.1699 1.1572 -0.0070 0.0094 0.7944 -0.6073
267.0000 21.5199 -118.2435 1.1766 -0.0091 0.0115 0.7946 -0.6070
268.0000 21.2207 -119.3234 1.2372 -0.0091 0.0104 0.7947 -0.6069
269.0000 20.9298 -120.4105 1.1945 -0.0082 0.0118 0.7946 -0.6070
270.0000 20.6348 -121.5016 1.2003 -0.0066 0.0128 0.7946 -0.6070
271.0000 20.3319 -122.5990 1.2103 -0.0067 0.0120 0.7947 -0.6068
272.0000 20.0269 -123.7211 1.2102 -0.0083 0.0103 0.7949 -0.6067
273.0000 19.7345 -124.8204 1.2108 -0.0099 0.0099 0.7948 -0.6067
274.0000 19.4385 -125.9145 1.2295 -0.0103 0.0107 0.7948 -0.6067
275.0000 19.1364 -127.0081 1.2572 -0.0092 0.0115 0.7948 -0.6066
276.0000 18.8272 -128.1245 1.2644 -0.0079 0.0117 0.7949 -0.6066
277.0000 18.5174 -129.2592 1.2544 -0.0076 0.0113 0.7949 -0.6066
278.0000 18.2109 -130.3945 1.2476 -0.0087 0.0109 0.7950 -0.6065
279.0000 17.9173 -131.5110 1.2586 -0.0096 0.0107 0.7950 -0.6064
280.0000 17.6272 -132.6325 1.2649 -0.0096 0.0108 0.7950 -0.6064
281.0000 17.3110 -133.7520 1.2714 -0.0087 0.0108 0.7952 -0.6062
282.0000 16.9841 -134.8840 1.2769 -0.0077 0.0104 0.7954 -0.6059
283.0000 16.6634 -136.0397 1.2742 -0.0079 0.0103 0.7957 -0.6056
284.0000 16.3652 -137.1710 1.2698 -0.0088 0.0105 0.7960 -0.6052
285.0000 16.0578 -138.3037 1.2881 -0.0097 0.0107 0.7961 -0.6049
286.0000 15.7487 -139.4355 1.2994 -0.0096 0.0105 0.7963 -0.6047
287.0000 15.4233 -140.5846 1.2984 -0.0090 0.0103 0.7966 -0.6043
288.0000 15.1021 -141.7300 1.3044 -0.0084 0.0099 0.7969 -0.6039
289.0000 14.7859 -142.8733 1.3085 -0.0081 0.0099 0.7973 -0.6035
290.0000 14.4683 -144.0142 1.3252 -0.0082 0.0102 0.7976 -0.6031
291.0000 14.1423 -145.1753 1.3429 -0.0081 0.0106 0.7977 -0.6029
292.0000 13.8093 -146.3298 1.3534 -0.0079 0.0106 0.7976 -0.6030
293.0000 13.4864 -147.4685 1.3620 -0.0075 0.0103 0.7974 -0.6033
294.0000 13.1681 -148.6201 1.3774 -0.0070 0.0106 0.7971 -0.6036
295.0000 12.8370 -149.7763 1.3919 -0.0067 0.0109 0.7970 -0.6039
296.0000 12.5076 -150.9320 1.3944 -0.0070 0.0109 0.7967 -0.6042
297.0000 12.1812 -152.0840 1.4029 -0.0076 0.0108 0.7964 -0.6047
298.0000 11.8608 -153.2373 1.4213 -0.0079 0.0114 0.7960 -0.6051
299.0000 11.5495 -154.3871 1.4387 -0.0072 0.0121 0.7958 -0.6055
300.0000 11.2316 -155.5539 1.4554 -0.0064 0.0126 0.7955 -0.6058
301.0000 10.9057 -156.7224 1.4567 -0.0061 0.0127 0.7952 -0.6062
302.0000 10.5896 -157.8654 1.4630 -0.0065 0.0126 0.7949 -0.6065
303.0000 10.2807 -159.0069 1.4777 -0.0075 0.0129 0.7947 -0.6068
304.0000 9.9735 -160.1668 1.5001 -0.0085 0.0136 0.7945 -0.6071
305.0000 9.6600 -161.3288 1.5246 -0.0086 0.0145 0.7941 -0.6075
306.0000 9.3468 -162.4725 1.5394 -0.0077 0.0146 0.7941 -0.6076
307.0000 9.0208 -163.6429 1.5386 -0.0071 0.0139 0.7942 -0.6075
308.0000 8.6992 -164.8378 1.5426 -0.0075 0.0135 0.7943 -0.6074
309.0000 8.3895 -165.9884 1.5592 -0.0088 0.0145 0.7944 -0.6071
310.0000 8.0919 -167.0996 1.5955 -0.0094 0.0160 0.7949 -0.6064
311.0000 7.7778 -168.2212 1.6270 -0.0084 0.0158 0.7957 -0.6054
312.0000 7.4622 -169.3783 1.6250 -0.0070 0.0150 0.7970 -0.6038
313.0000 7.1373 -170.5583 1.6367 -0.0049 0.0148 0.7985 -0.6017
314.0000 6.8059 -171.7180 1.6705 -0.0031 0.0158 0.8007 -0.5988
315.0000 6.4463 -172.8438 1.7054 -0.0031 0.0153 0.8033 -0.5954
316.0000 6.0966 -173.9539 1.7089 -0.0052 0.0143 0.8067 -0.5908
317.0000 5.7468 -175.0661 1.7302 -0.0061 0.0147 0.8112 -0.5846
318.0000 5.3692 -176.1758 1.7634 -0.0041 0.0158 0.8164 -0.5772
319.0000 4.9494 -177.3151 1.7847 -0.0014 0.0163 0.8218 -0.5695
320.0000 4.5079 -178.4337 1.8072 0.0006 0.0158 0.8271 -0.5618
321.0000 4.0651 -179.5180 1.8396 0.0017 0.0149 0.8321 -0.5544
322.0000 3.6039 -180.5876 1.8631 0.0032 0.0153 0.8370 -0.5469
323.0000 3.1273 -181.6358 1.9092 0.0057 0.0178 0.8421 -0.5389
324.0000 2.6257 -182.6939 1.9571 0.0074 0.0208 0.8470 -0.5311
325.0000 2.0889 -183.7540 2.0029 0.0067 0.0221 0.8517 -0.5235
326.0000 1.5356 -184.7862 2.0484 0.0053 0.0237 0.8566 -0.5154
327.0000 0.9759 -185.7901 2.1157 0.0056 0.0249 0.8619 -0.5065
328.0000 0.4136 -186.7816 2.1767 0.0076 0.0247 0.8674 -0.4970
329.0000 -0.1742 -187.7873 2.2007 0.0092 0.0240 0.8728 -0.4873
330.0000 -0.8016 -188.7728 2.2320 0.0097 0.0238 0.8783 -0.4775
331.0000 -1.4563 -189.7155 2.2970 0.0097 0.0243 0.8838 -0.4672
332.0000 -2.1145 -190.6425 2.3634 0.0095 0.0247 0.8891 -0.4570
333.0000 -2.7823 -191.5582 2.4244 0.0090 0.0246 0.8942 -0.4469
334.0000 -3.4808 -192.4581 2.4698 0.0092 0.0244 0.8994 -0.4364
335.0000 -4.1953 -193.3370 2.5222 0.0099 0.0246 0.9045 -0.4257
336.0000 -4.9229 -194.1984 2.5848 0.0105 0.0245 0.9094 -0.4151
337.0000 -5.6794 -195.0328 2.6355 0.0113 0.0240 0.9142 -0.4044
338.0000 -6.4286 -195.8461 2.6847 0.0121 0.0235 0.9190 -0.3933
339.0000 -7.2050 -196.6487 2.7267 0.0127 0.0227 0.9239 -0.3818
340.0000 -8.0095 -197.4384 2.7800 0.0129 0.0229 0.9286 -0.3701
341.0000 -8.8439 -198.1812 2.8393 0.0139 0.0238 0.9333 -0.3581
342.0000 -9.7071 -198.8987 2.8957 0.0150 0.0265 0.9377 -0.3462
343.0000 -10.5648 -199.5962 2.9611 0.0162 0.0287 0.9419 -0.3343
344.0000 -11.4163 -200.2795 3.0248 0.0182 0.0306 0.9461 -0.3220
345.0000 -12.3062 -200.9335 3.0893 0.0203 0.0320 0.9503 -0.3092
346.0000 -13.2351 -201.5612 3.1547 0.0210 0.0324 0.9544 -0.2961
347.0000 -14.1805 -202.1786 3.2254 0.0202 0.0321 0.9583 -0.2833
348.0000 -15.1158 -202.7599 3.2834 0.0192 0.0320 0.9620 -0.2705
349.0000 -16.0695 -203.3109 3.3641 0.0195 0.0321 0.9655 -0.2577
350.0000 -17.0426 -203.8598 3.4360 0.0204 0.0323 0.9688 -0.2449
351.0000 -18.0290 -204.3813 3.5018 0.0208 0.0320 0.9719 -0.2322
352.0000 -19.0394 -204.8580 3.5573 0.0212 0.0302 0.9748 -0.2200
353.0000 -20.0556 -205.3071 3.6076 0.0217 0.0288 0.9775 -0.2080
354.0000 -21.0623 -205.7336 3.6816 0.0216 0.0286 0.9800 -0.1957
355.0000 -22.0877 -206.1483 3.7655 0.0203 0.0274 0.9825 -0.1829
356.0000 -23.1411 -206.5476 3.8170 0.0181 0.0257 0.9850 -0.1695
357.0000 -24.2204 -206.9034 3.8606 0.0166 0.0245 0.9874 -0.1554
358.0000 -25.3029 -207.2220 3.9133 0.0155 0.0235 0.9896 -0.1413
359.0000 -26.3734 -207.5104 3.9623 0.0148 0.0231 0.9914 -0.1278
360.0000 -27.4628 -207.7795 4.0147 0.0140 0.0236 0.9930 -0.1151
361.0000 -28.5475 -208.0180 4.0559 0.0134 0.0241 0.9943 -0.1029
362.0000 -29.6393 -208.2232 4.1014 0.0137 0.0238 0.9955 -0.0904
363.0000 -30.7532 -208.4014 4.1543 0.0142 0.0213 0.9967 -0.0773
364.0000 -31.8755 -208.5640 4.1827 0.0131 0.0178 0.9977 -0.0638
365.0000 -32.9950 -208.7032 4.1932 0.0105 0.0163 0.9986 -0.0498
366.0000 -34.1038 -208.7987 4.2234 0.0084 0.0166 0.9992 -0.0357
367.0000 -35.2346 -208.8506 4.2676 0.0077 0.0170 0.9996 -0.0212
368.0000 -36.3882 -208.8764 4.2962 0.0080 0.0162 0.9998 -0.0058
369.0000 -37.5251 -208.8620 4.3048 0.0080 0.0152 0.9998 0.0102
370.0000 -38.6552 -208.8122 4.3303 0.0076 0.0150 0.9995 0.0260
371.0000 -39.7857 -208.7433 4.3613 0.0070 0.0157 0.9990 0.0415
372.0000 -40.9106 -208.6191 4.3922 0.0065 0.0163 0.9982 0.0567
373.0000 -42.0399 -208.4625 4.4088 0.0056 0.0155 0.9973 0.0718
374.0000 -43.1639 -208.2744 4.4117 0.0041 0.0144 0.9961 0.0871
375.0000 -44.2889 -208.0628 4.4132 0.0029 0.0144 0.9947 0.1021
376.0000 -45.4174 -207.8095 4.4221 0.0029 0.0155 0.9932 0.1157
377.0000 -46.5322 -207.5227 4.4457 0.0028 0.0166 0.9916 0.1282
378.0000 -47.6270 -207.2174 4.4538 0.0011 0.0172 0.9900 0.1401
379.0000 -48.7252 -206.8838 4.4477 -0.0017 0.0169 0.9882 0.1525
380.0000 -49.8296 -206.5137 4.4314 -0.0040 0.0162 0.9861 0.1656
381.0000 -50.9335 -206.1238 4.4283 -0.0054 0.0148 0.9838 0.1786
382.0000 -52.0306 -205.6896 4.4144 -0.0065 0.0137 0.9815 0.1908
383.0000 -53.0995 -205.2510 4.3982 -0.0076 0.0129 0.9793 0.2018
384.0000 -54.1443 -204.7859 4.3891 -0.0082 0.0124 0.9771 0.2121
385.0000 -55.1829 -204.3084 4.3759 -0.0082 0.0116 0.9751 0.2214
386.0000 -56.2186 -203.7999 4.3668 -0.0082 0.0102 0.9732 0.2297
387.0000 -57.2364 -203.2720 4.3581 -0.0083 0.0091 0.9713 0.2374
388.0000 -58.2444 -202.7368 4.3270 -0.0085 0.0098 0.9696 0.2442
389.0000 -59.2427 -202.1861 4.3143 -0.0093 0.0114 0.9682 0.2498
390.0000 -60.2451 -201.6433 4.3013 -0.0099 0.0133 0.9671 0.2539
391.0000 -61.2303 -201.0902 4.2817 -0.0099 0.0145 0.9665 0.2562
392.0000 -62.2016 -200.5269 4.2707 -0.0097 0.0142 0.9662 0.2573
393.0000 -63.1699 -199.9663 4.2550 -0.0097 0.0136 0.9661 0.2576
394.0000 -64.1474 -199.4206 4.2240 -0.0102 0.0136 0.9662 0.2573
395.0000 -65.1278 -198.8725 4.1935 -0.0111 0.0147 0.9664 0.2565
396.0000 -66.0934 -198.3150 4.1724 -0.0117 0.0159 0.9667 0.2551
397.0000 -67.0741 -197.7490 4.1526 -0.0115 0.0172 0.9673 0.2528
398.0000 -68.0628 -197.2034 4.1331 -0.0111 0.0184 0.9684 0.2485
399.0000 -69.0428 -196.6973 4.1173 -0.0108 0.0197 0.9698 0.2427
400.0000 -70.0154 -196.1964 4.0986 -0.0107 0.0202 0.9714 0.2363
401.0000 -70.9914 -195.7007 4.0691 -0.0103 0.0199 0.9729 0.2301
402.0000 -71.9879 -195.2034 4.0523 -0.0099 0.0188 0.9743 0.2244
403.0000 -72.9957 -194.7213 4.0259 -0.0098 0.0181 0.9756 0.2188
404.0000 -74.0108 -194.2801 3.9909 -0.0099 0.0185 0.9768 0.2131
405.0000 -75.0260 -193.8435 3.9691 -0.0099 0.0193 0.9781 0.2069
406.0000 -76.0247 -193.4110 3.9442 -0.0098 0.0196 0.9795 0.2002
407.0000 -77.0424 -192.9903 3.9267 -0.0100 0.0192 0.9808 0.1937
408.0000 -78.0784 -192.5736 3.9050 -0.0101 0.0187 0.9820 0.1874
409.0000 -79.1224 -192.1783 3.8755 -0.0096 0.0185 0.9832 0.1812
410.0000 -80.1686 -191.7988 3.8557 -0.0093 0.0188 0.9844 0.1748
411.0000 -81.2216 -191.4318 3.8447 -0.0096 0.0193 0.9855 0.1680
412.0000 -82.2591 -191.0815 3.8239 -0.0100 0.0199 0.9867 0.1612
413.0000 -83.2987 -190.7558 3.8045 -0.0101 0.0203 0.9878 0.1543
414.0000 -84.3752 -190.4254 3.7867 -0.0098 0.0208 0.9889 0.1469
415.0000 -85.4633 -190.1035 3.7709 -0.0091 0.0208 0.9900 0.1392
416.0000 -86.5389 -189.8262 3.7613 -0.0085 0.0202 0.9911 0.1313
417.0000 -87.6011 -189.5672 3.7296 -0.0082 0.0196 0.9921 0.1236
418.0000 -88.6844 -189.3123 3.7065 -0.0084 0.0193 0.9930 0.1158
419.0000 -89.7827 -189.0596 3.6877 -0.0088 0.0194 0.9939 0.1083
420.0000 -90.8894 -188.8419 3.6774 -0.0091 0.0201 0.9947 0.1008
421.0000 -91.9953 -188.6314 3.6704 -0.0093 0.0207 0.9954 0.0928
422.0000 -93.0877 -188.4374 3.6467 -0.0093 0.0209 0.9961 0.0849
423.0000 -94.2005 -188.2598 3.6321 -0.0090 0.0207 0.9968 0.0771
424.0000 -95.3169 -188.1099 3.6212 -0.0087 0.0207 0.9973 0.0695
425.0000 -96.4316 -187.9738 3.6077 -0.0088 0.0211 0.9978 0.0620
426.0000 -97.5614 -187.8449 3.5919 -0.0089 0.0214 0.9982 0.0544
427.0000 -98.6880 -187.7384 3.5684 -0.0088 0.0215 0.9986 0.0468
428.0000 -99.8112 -187.6523 3.5486 -0.0084 0.0213 0.9990 0.0393
429.0000 -100.9445 -187.5770 3.5315 -0.0081 0.0208 0.9992 0.0322
430.0000 -102.0893 -187.5188 3.5323 -0.0082 0.0201 0.9994 0.0253
431.0000 -103.2352 -187.4779 3.5201 -0.0084 0.0197 0.9996 0.0189
432.0000 -104.3876 -187.4482 3.5065 -0.0084 0.0193 0.9997 0.0127
433.0000 -105.5274 -187.4332 3.4916 -0.0082 0.0189 0.9998 0.0067
434.0000 -106.6712 -187.4281 3.4785 -0.0081 0.0185 0.9998 0.0007
435.0000 -107.8439 -187.4429 3.4767 -0.0084 0.0182 0.9998 -0.0048
436.0000 -109.0280 -187.4680 3.4690 -0.0087 0.0181 0.9997 -0.0100
437.0000 -110.2007 -187.5088 3.4585 -0.0090 0.0179 0.9997 -0.0150
438.0000 -111.3788 -187.5549 3.4416 -0.0091 0.0175 0.9996 -0.0200
439.0000 -112.5573 -187.6160 3.4207 -0.0092 0.0173 0.9995 -0.0247
440.0000 -113.7516 -187.6775 3.3920 -0.0094 0.0175 0.9994 -0.0293
441.0000 -114.9565 -187.7497 3.3878 -0.0100 0.0181 0.9992 -0.0336
442.0000 -116.1695 -187.8382 3.3618 -0.0110 0.0196 0.9990 -0.0382
443.0000 -117.3770 -187.9464 3.3517 -0.0115 0.0208 0.9988 -0.0428
444.0000 -118.5883 -188.0646 3.3360 -0.0116 0.0217 0.9986 -0.0468
445.0000 -119.8127 -188.1747 3.3122 -0.0119 0.0226 0.9984 -0.0501
446.0000 -121.0508 -188.2997 3.2882 -0.0123 0.0235 0.9982 -0.0533
447.0000 -122.3015 -188.4344 3.2763 -0.0123 0.0243 0.9980 -0.0562
448.0000 -123.5457 -188.5889 3.2577 -0.0119 0.0249 0.9979 -0.0583
449.0000 -124.7976 -188.7495 3.2347 -0.0120 0.0243 0.9979 -0.0590
450.0000 -126.0660 -188.9006 3.1895 -0.0132 0.0243 0.9979 -0.0585
451.0000 -127.3567 -189.0361 3.1664 -0.0152 0.0252 0.9979 -0.0580
452.0000 -128.6424 -189.1833 3.1575 -0.0163 0.0274 0.9978 -0.0581
453.0000 -129.9204 -189.3357 3.1345 -0.0159 0.0292 0.9977 -0.0587
454.0000 -131.2037 -189.4888 3.1030 -0.0153 0.0293 0.9977 -0.0593
455.0000 -132.4994 -189.6334 3.0690 -0.0150 0.0285 0.9977 -0.0595
456.0000 -133.8191 -189.7963 3.0341 -0.0146 0.0288 0.9977 -0.0593
457.0000 -135.1373 -189.9569 2.9999 -0.0139 0.0303 0.9977 -0.0590
458.0000 -136.4612 -190.1093 2.9747 -0.0130 0.0317 0.9977 -0.0584
459.0000 -137.7904 -190.2553 2.9572 -0.0128 0.0319 0.9978 -0.0574
460.0000 -139.1332 -190.4048 2.9323 -0.0135 0.0314 0.9979 -0.0558
461.0000 -140.4979 -190.5621 2.8988 -0.0149 0.0315 0.9980 -0.0533
462.0000 -141.8605 -190.7022 2.8670 -0.0159 0.0324 0.9981 -0.0502
463.0000 -143.2198 -190.8235 2.8375 -0.0160 0.0334 0.9982 -0.0467
464.0000 -144.5996 -190.9410 2.8041 -0.0154 0.0337 0.9984 -0.0429
465.0000 -146.0269 -191.0461 2.7719 -0.0147 0.0337 0.9986 -0.0388
466.0000 -147.4469 -191.1497 2.7417 -0.0145 0.0335 0.9988 -0.0339
467.0000 -148.8626 -191.2381 2.6995 -0.0157 0.0336 0.9989 -0.0288
468.0000 -150.2857 -191.3156 2.6513 -0.0170 0.0338 0.9990 -0.0237
469.0000 -151.7394 -191.3909 2.6088 -0.0173 0.0337 0.9991 -0.0188
470.0000 -153.2154 -191.4464 2.5684 -0.0169 0.0332 0.9992 -0.0139
471.0000 -154.7007 -191.4873 2.5201 -0.0169 0.0324 0.9993 -0.0087
472.0000 -156.1880 -191.5055 2.4806 -0.0173 0.0296 0.9994 -0.0031
473.0000 -157.6882 -191.4983 2.4329 -0.0172 0.0277 0.9995 0.0025
474.0000 -159.2085 -191.4807 2.3968 -0.0165 0.0258 0.9995 0.0080
475.0000 -160.7425 -191.4549 2.3489 -0.0155 0.0252 0.9995 0.0136
476.0000 -162.2998 -191.4153 2.2790 -0.0167 0.0258 0.9993 0.0193
477.0000 -163.8680 -191.3694 2.2047 -0.0198 0.0264 0.9991 0.0251
478.0000 -165.4497 -191.2801 2.1451 -0.0200 0.0266 0.9990 0.0309
479.0000 -167.0250 -191.1666 2.1172 -0.0165 0.0263 0.9988 0.0372
480.0000 -168.6027 -191.0419 2.0540 -0.0135 0.0256 0.9986 0.0433
481.0000 -170.2070 -190.8855 1.9959 -0.0145 0.0220 0.9985 0.0490
482.0000 -171.8402 -190.7317 1.9443 -0.0165 0.0207 0.9981 0.0550
483.0000 -173.5076 -190.5459 1.9001 -0.0161 0.0240 0.9977 0.0613
484.0000 -175.1493 -190.3315 1.8711 -0.0138 0.0279 0.9972 0.0676
485.0000 -176.7879 -190.0972 1.8197 -0.0127 0.0283 0.9968 0.0740
486.0000 -178.4378 -189.8341 1.7593 -0.0131 0.0264 0.9963 0.0802
487.0000 -180.1314 -189.5580 1.6973 -0.0134 0.0260 0.9958 0.0866
488.0000 -181.8298 -189.2580 1.6480 -0.0136 0.0271 0.9952 0.0931
489.0000 -183.5190 -188.9345 1.6111 -0.0143 0.0281 0.9945 0.0995
490.0000 -185.2213 -188.5898 1.5573 -0.0155 0.0280 0.9939 0.1056
491.0000 -186.9333 -188.2172 1.4836 -0.0161 0.0283 0.9932 0.1119
492.0000 -188.6637 -187.8205 1.4140 -0.0156 0.0289 0.9924 0.1182
493.0000 -190.3835 -187.4082 1.3569 -0.0153 0.0284 0.9918 0.1239
494.0000 -192.1027 -186.9718 1.2924 -0.0150 0.0285 0.9911 0.1292
495.0000 -193.8467 -186.5095 1.2260 -0.0148 0.0284 0.9904 0.1343
496.0000 -195.6114 -186.0145 1.1619 -0.0151 0.0278 0.9898 0.1390
497.0000 -197.3770 -185.5078 1.0894 -0.0156 0.0273 0.9892 0.1432
498.0000 -199.1405 -184.9840 1.0116 -0.0155 0.0271 0.9886 0.1470
499.0000 -200.9231 -184.4394 0.9508 -0.0143 0.0274 0.9881 0.1504
500.0000 -202.7146 -183.8666 0.9040 -0.0130 0.0280 0.9877 0.1531
501.0000 -204.5024 -183.2932 0.8514 -0.0132 0.0286 0.9873 0.1555
502.0000 -206.3258 -182.7186 0.7706 -0.0145 0.0286 0.9869 0.1579
503.0000 -208.1467 -182.1262 0.6921 -0.0146 0.0280 0.9866 0.1604
504.0000 -209.9697 -181.5142 0.6262 -0.0138 0.0278 0.9862 0.1628
505.0000 -211.8152 -180.8826 0.5623 -0.0130 0.0301 0.9858 0.1647
506.0000 -213.6730 -180.2471 0.5066 -0.0124 0.0331 0.9855 0.1661
507.0000 -215.5365 -179.5962 0.4391 -0.0121 0.0353 0.9852 0.1672
508.0000 -217.4115 -178.9300 0.3610 -0.0121 0.0355 0.9850 0.1684
509.0000 -219.2924 -178.2628 0.3024 -0.0121 0.0348 0.9848 0.1697
510.0000 -221.1866 -177.5949 0.2414 -0.0118 0.0351 0.9846 0.1708
511.0000 -223.0874 -176.9295 0.1736 -0.0115 0.0359 0.9845 0.1715
512.0000 -225.0021 -176.2438 0.1046 -0.0118 0.0352 0.9843 0.1725
513.0000 -226.9381 -175.5530 0.0328 -0.0129 0.0328 0.9841 0.1738
514.0000 -228.8799 -174.8521 -0.0463 -0.0137 0.0307 0.9839 0.1755
515.0000 -230.8094 -174.1467 -0.1136 -0.0140 0.0301 0.9836 0.1775
516.0000 -232.7382 -173.4315 -0.1687 -0.0136 0.0297 0.9833 0.1790
517.0000 -234.6698 -172.6944 -0.2350 -0.0137 0.0289 0.9830 0.1805
518.0000 -236.6362 -171.9629 -0.3172 -0.0146 0.0281 0.9828 0.1820
519.0000 -238.6077 -171.2169 -0.3932 -0.0152 0.0280 0.9825 0.1833
520.0000 -240.5865 -170.4458 -0.4631 -0.0158 0.0290 0.9824 0.1840
521.0000 -242.5422 -169.6825 -0.5323 -0.0159 0.0306 0.9822 0.1846
522.0000 -244.5252 -168.9181 -0.6033 -0.0143 0.0314 0.9822 0.1847
523.0000 -246.4888 -168.1689 -0.6711 -0.0122 0.0300 0.9823 0.1845
524.0000 -248.4723 -167.4047 -0.7514 -0.0116 0.0282 0.9824 0.1843
525.0000 -250.4498 -166.6205 -0.8259 -0.0131 0.0279 0.9824 0.1842
526.0000 -252.4482 -165.8247 -0.8870 -0.0150 0.0293 0.9824 0.1840
527.0000 -254.4661 -165.0587 -0.9491 -0.0165 0.0312 0.9823 0.1839
528.0000 -256.4753 -164.2905 -1.0189 -0.0163 0.0315 0.9823 0.1837
529.0000 -258.4434 -163.5298 -1.1069 -0.0147 0.0309 0.9824 0.1838
530.0000 -260.4468 -162.7459 -1.1871 -0.0126 0.0301 0.9824 0.1837
531.0000 -262.4685 -161.9736 -1.2624 -0.0121 0.0296 0.9825 0.1835
532.0000 -264.4984 -161.1946 -1.3263 -0.0130 0.0295 0.9825 0.1835
533.0000 -266.5166 -160.4109 -1.3907 -0.0145 0.0307 0.9824 0.1837
534.0000 -268.5376 -159.6273 -1.4499 -0.0152 0.0336 0.9822 0.1839
535.0000 -270.5439 -158.8501 -1.5175 -0.0156 0.0360 0.9821 0.1840
536.0000 -272.5885 -158.0591 -1.6049 -0.0162 0.0357 0.9822 0.1839
537.0000 -274.6276 -157.2637 -1.6996 -0.0161 0.0329 0.9823 0.1839
538.0000 -276.6312 -156.4821 -1.7759 -0.0154 0.0297 0.9823 0.1842
539.0000 -278.6676 -155.6987 -1.8581 -0.0150 0.0286 0.9823 0.1843
540.0000 -280.7247 -154.9143 -1.9368 -0.0151 0.0297 0.9823 0.1842
541.0000 -282.7570 -154.1290 -2.0052 -0.0155 0.0313 0.9823 0.1840
542.0000 -284.7955 -153.3260 -2.0701 -0.0158 0.0318 0.9823 0.1840
543.0000 -286.8235 -152.5336 -2.1534 -0.0161 0.0314 0.9823 0.1842
544.0000 -288.8718 -151.7438 -2.2483 -0.0162 0.0316 0.9822 0.1842
545.0000 -290.9320 -150.9476 -2.3283 -0.0159 0.0334 0.9822 0.1842
546.0000 -292.9722 -150.1423 -2.3938 -0.0156 0.0350 0.9821 0.1842
547.0000 -295.0147 -149.3453 -2.4636 -0.0154 0.0355 0.9821 0.1843
548.0000 -297.0793 -148.5519 -2.5622 -0.0149 0.0361 0.9821 0.1845
549.0000 -299.1371 -147.7494 -2.6413 -0.0147 0.0371 0.9820 0.1848
550.0000 -301.1910 -146.9469 -2.7199 -0.0148 0.0387 0.9819 0.1849
551.0000 -303.2468 -146.1491 -2.8104 -0.0151 0.0397 0.9818 0.1849
552.0000 -305.2975 -145.3530 -2.8969 -0.0156 0.0389 0.9818 0.1851
553.0000 -307.3498 -144.5455 -2.9844 -0.0164 0.0373 0.9818 0.1854
554.0000 -309.4193 -143.7443 -3.0675 -0.0165 0.0356 0.9818 0.1857
555.0000 -311.4755 -142.9508 -3.1512 -0.0159 0.0350 0.9818 0.1857
556.0000 -313.5275 -142.1520 -3.2225 -0.0151 0.0353 0.9818 0.1860
557.0000 -315.5966 -141.3311 -3.3003 -0.0146 0.0361 0.9817 0.1862
558.0000 -317.6625 -140.5161 -3.3828 -0.0145 0.0363 0.9817 0.1863
559.0000 -319.7161 -139.7082 -3.4531 -0.0144 0.0358 0.9817 0.1862
560.0000 -321.7539 -138.9077 -3.5208 -0.0139 0.0348 0.9817 0.1864
561.0000 -323.8145 -138.1067 -3.6006 -0.0134 0.0341 0.9817 0.1868
562.0000 -325.9191 -137.2850 -3.6777 -0.0134 0.0335 0.9817 0.1868
563.0000 -327.9931 -136.4717 -3.7630 -0.0140 0.0328 0.9817 0.1869
564.0000 -330.0531 -135.6420 -3.8255 -0.0146 0.0325 0.9817 0.1869
565.0000 -332.1162 -134.8374 -3.8987 -0.0157 0.0316 0.9817 0.1872
566.0000 -334.1864 -134.0343 -3.9712 -0.0160 0.0293 0.9816 0.1878
567.0000 -336.2608 -133.2263 -4.0414 -0.0136 0.0273 0.9816 0.1884
568.0000 -338.3351 -132.4130 -4.1015 -0.0103 0.0271 0.9816 0.1888
569.0000 -340.4040 -131.5829 -4.1716 -0.0094 0.0286 0.9815 0.1889
570.0000 -342.4733 -130.7432 -4.2238 -0.0112 0.0307 0.9814 0.1891
571.0000 -344.5444 -129.9045 -4.2769 -0.0135 0.0321 0.9812 0.1897
572.0000 -346.6102 -129.0767 -4.3363 -0.0140 0.0319 0.9811 0.1906
573.0000 -348.7007 -128.2416 -4.4093 -0.0128 0.0301 0.9809 0.1919
574.0000 -350.7894 -127.4074 -4.4892 -0.0119 0.0285 0.9806 0.1935
575.0000 -352.8713 -126.5583 -4.5733 -0.0128 0.0287 0.9804 0.1947
576.0000 -354.9466 -125.7034 -4.6417 -0.0139 0.0300 0.9802 0.1955
577.0000 -357.0132 -124.8459 -4.6866 -0.0138 0.0306 0.9800 0.1962
578.0000 -359.0811 -123.9812 -4.7372 -0.0129 0.0300 0.9798 0.1972
579.0000 -361.1558 -123.1181 -4.8145 -0.0120 0.0280 0.9797 0.1983
580.0000 -363.2409 -122.2557 -4.8830 -0.0115 0.0250 0.9796 0.1991
581.0000 -365.3046 -121.4005 -4.9518 -0.0118 0.0229 0.9795 0.1997
582.0000 -367.3585 -120.5299 -5.0201 -0.0127 0.0233 0.9794 0.2001
583.0000 -369.4344 -119.6452 -5.0724 -0.0129 0.0255 0.9793 0.2004
584.0000 -371.5158 -118.7538 -5.1087 -0.0121 0.0273 0.9792 0.2007
585.0000 -373.5997 -117.8644 -5.1798 -0.0122 0.0278 0.9791 0.2012
586.0000 -375.6652 -116.9873 -5.2697 -0.0130 0.0274 0.9789 0.2019
587.0000 -377.7227 -116.0980 -5.3472 -0.0127 0.0267 0.9788 0.2024
588.0000 -379.7931 -115.2046 -5.3838 -0.0106 0.0257 0.9788 0.2031
589.0000 -381.8879 -114.2956 -5.4107 -0.0080 0.0253 0.9787 0.2036
590.0000 -383.9621 -113.3997 -5.4512 -0.0075 0.0257 0.9785 0.2044
591.0000 -386.0076 -112.5018 -5.5075 -0.0095 0.0256 0.9782 0.2058
592.0000 -388.0709 -111.5918 -5.5783 -0.0123 0.0243 0.9778 0.2080
593.0000 -390.1448 -110.6597 -5.6545 -0.0129 0.0235 0.9771 0.2112
594.0000 -392.2337 -109.7352 -5.7157 -0.0103 0.0242 0.9764 0.2146
595.0000 -394.2834 -108.7886 -5.7311 -0.0057 0.0261 0.9759 0.2168
596.0000 -396.3017 -107.8538 -5.7291 -0.0024 0.0279 0.9756 0.2178
597.0000 -398.3242 -106.8944 -5.7557 -0.0031 0.0276 0.9756 0.2180
598.0000 -400.3924 -105.9117 -5.8261 -0.0072 0.0267 0.9754 0.2188
599.0000 -402.4696 -104.9248 -5.9040 -0.0107 0.0288 0.9749 0.2205
600.0000 -404.5198 -103.9401 -5.9384 -0.0093 0.0332 0.9744 0.2223
601.0000 -406.5396 -102.9748 -5.9560 -0.0050 0.0359 0.9740 0.2236
602.0000 -408.5490 -102.0012 -5.9937 -0.0018 0.0351 0.9739 0.2244
603.0000 -410.5813 -101.0098 -6.0560 -0.0029 0.0322 0.9737 0.2254
604.0000 -412.6269 -100.0200 -6.1232 -0.0067 0.0297 0.9734 0.2271
605.0000 -414.6814 -99.0122 -6.1771 -0.0097 0.0292 0.9728 0.2295
606.0000 -416.7142 -97.9801 -6.1897 -0.0098 0.0305 0.9720 0.2326
607.0000 -418.7313 -96.9688 -6.2498 -0.0082 0.0327 0.9711 0.2361
608.0000 -420.7518 -95.9349 -6.3153 -0.0066 0.0329 0.9704 0.2391
609.0000 -422.7591 -94.8961 -6.3647 -0.0045 0.0307 0.9699 0.2417
610.0000 -424.7940 -93.8222 -6.4094 -0.0039 0.0276 0.9693 0.2442
611.0000 -426.8030 -92.7369 -6.4632 -0.0057 0.0268 0.9687 0.2468
612.0000 -428.7954 -91.6525 -6.5071 -0.0091 0.0289 0.9679 0.2496
613.0000 -430.7821 -90.5570 -6.5201 -0.0099 0.0303 0.9669 0.2532
614.0000 -432.7770 -89.4428 -6.5659 -0.0074 0.0288 0.9658 0.2575
615.0000 -434.7785 -88.3125 -6.6535 -0.0055 0.0254 0.9648 0.2615
616.0000 -436.7573 -87.1632 -6.7462 -0.0075 0.0235 0.9640 0.2648
617.0000 -438.7062 -86.0113 -6.7862 -0.0104 0.0244 0.9631 0.2679
618.0000 -440.6487 -84.8411 -6.7939 -0.0109 0.0259 0.9621 0.2713
619.0000 -442.6016 -83.6483 -6.8269 -0.0097 0.0260 0.9610 0.2751
620.0000 -444.5537 -82.4406 -6.9150 -0.0097 0.0254 0.9600 0.2787
621.0000 -446.4925 -81.2282 -7.0176 -0.0109 0.0246 0.9591 0.2819
622.0000 -448.4021 -80.0171 -7.0686 -0.0115 0.0229 0.9583 0.2848
623.0000 -450.3186 -78.7797 -7.1126 -0.0117 0.0206 0.9575 0.2873
624.0000 -452.2279 -77.5203 -7.1924 -0.0112 0.0206 0.9569 0.2895
625.0000 -454.1234 -76.2407 -7.2669 -0.0103 0.0260 0.9563 0.2912
626.0000 -456.0074 -74.9655 -7.2841 -0.0106 0.0327 0.9557 0.2925
627.0000 -457.8765 -73.7092 -7.3075 -0.0115 0.0337 0.9552 0.2939
628.0000 -459.7654 -72.4381 -7.4135 -0.0110 0.0282 0.9548 0.2958
629.0000 -461.6625 -71.1490 -7.5595 -0.0094 0.0221 0.9541 0.2984
630.0000 -463.5469 -69.8393 -7.6489 -0.0091 0.0211 0.9535 0.3006
631.0000 -465.4123 -68.5330 -7.6634 -0.0102 0.0251 0.9528 0.3023
632.0000 -467.2741 -67.2234 -7.6683 -0.0111 0.0301 0.9521 0.3040
633.0000 -469.1455 -65.8985 -7.7224 -0.0113 0.0321 0.9517 0.3052
634.0000 -471.0123 -64.5701 -7.8279 -0.0106 0.0307 0.9513 0.3065
635.0000 -472.8637 -63.2340 -7.9408 -0.0097 0.0285 0.9511 0.3075
636.0000 -474.7128 -61.8945 -8.0111 -0.0094 0.0284 0.9509 0.3081
637.0000 -476.5630 -60.5562 -8.0636 -0.0096 0.0309 0.9508 0.3081
638.0000 -478.4305 -59.2133 -8.1073 -0.0097 0.0334 0.9507 0.3082
639.0000 -480.2943 -57.8777 -8.1885 -0.0096 0.0335 0.9506 0.3083
640.0000 -482.1598 -56.5298 -8.2900 -0.0099 0.0307 0.9507 0.3086
641.0000 -484.0362 -55.1743 -8.3890 -0.0104 0.0273 0.9506 0.3090
642.0000 -485.9183 -53.8214 -8.4662 -0.0105 0.0262 0.9504 0.3097
643.0000 -487.7987 -52.4604 -8.5177 -0.0099 0.0279 0.9502 0.3101
644.0000 -489.6706 -51.0923 -8.5668 -0.0092 0.0304 0.9501 0.3105
645.0000 -491.5349 -49.7162 -8.6353 -0.0090 0.0313 0.9499 0.3109
646.0000 -493.4178 -48.3360 -8.7199 -0.0088 0.0293 0.9496 0.3120
647.0000 -495.3174 -46.9389 -8.8170 -0.0085 0.0271 0.9491 0.3137
648.0000 -497.2197 -45.5315 -8.9045 -0.0085 0.0277 0.9485 0.3155
649.0000 -499.1163 -44.1218 -8.9553 -0.0088 0.0297 0.9480 0.3168
650.0000 -501.0129 -42.7052 -9.0018 -0.0092 0.0309 0.9477 0.3176
651.0000 -502.9010 -41.2829 -9.0860 -0.0096 0.0308 0.9473 0.3187
652.0000 -504.7865 -39.8428 -9.1843 -0.0097 0.0300 0.9468 0.3202
653.0000 -506.6881 -38.3872 -9.2636 -0.0096 0.0297 0.9464 0.3216
654.0000 -508.5994 -36.9344 -9.3424 -0.0096 0.0303 0.9460 0.3226
655.0000 -510.4932 -35.4846 -9.4117 -0.0101 0.0313 0.9456 0.3237
656.0000 -512.3738 -34.0285 -9.4877 -0.0103 0.0330 0.9452 0.3246
657.0000 -514.2493 -32.5616 -9.5660 -0.0093 0.0345 0.9449 0.3255
658.0000 -516.1425 -31.0744 -9.6460 -0.0087 0.0346 0.9446 0.3264
659.0000 -518.0267 -29.5938 -9.7252 -0.0081 0.0332 0.9442 0.3276
660.0000 -519.9067 -28.1194 -9.8112 -0.0075 0.0324 0.9438 0.3290
661.0000 -521.7808 -26.6381 -9.8882 -0.0082 0.0338 0.9432 0.3303
662.0000 -523.6380 -25.1443 -9.9526 -0.0091 0.0351 0.9426 0.3319
663.0000 -525.5011 -23.6335 -10.0230 -0.0101 0.0355 0.9418 0.3341
664.0000 -527.3739 -22.1224 -10.1243 -0.0107 0.0363 0.9410 0.3363
665.0000 -529.2467 -20.6107 -10.2218 -0.0101 0.0370 0.9402 0.3384
666.0000 -531.1053 -19.0871 -10.3043 -0.0083 0.0370 0.9395 0.3404
667.0000 -532.9425 -17.5513 -10.3716 -0.0074 0.0348 0.9390 0.3422
668.0000 -534.7863 -15.9992 -10.4584 -0.0083 0.0326 0.9384 0.3440
669.0000 -536.6174 -14.4573 -10.5532 -0.0102 0.0321 0.9376 0.3460
670.0000 -538.4502 -12.9121 -10.6287 -0.0114 0.0329 0.9368 0.3480
671.0000 -540.2821 -11.3441 -10.6951 -0.0111 0.0336 0.9361 0.3499
672.0000 -542.1041 -9.7754 -10.7812 -0.0102 0.0334 0.9355 0.3515
673.0000 -543.9143 -8.1906 -10.8824 -0.0098 0.0326 0.9350 0.3530
674.0000 -545.7233 -6.5962 -10.9800 -0.0102 0.0323 0.9345 0.3544
675.0000 -547.5336 -5.0020 -11.0683 -0.0108 0.0323 0.9339 0.3560
676.0000 -549.3383 -3.4079 -11.1464 -0.0113 0.0322 0.9332 0.3577
677.0000 -551.1369 -1.7980 -11.2192 -0.0112 0.0319 0.9326 0.3593
678.0000 -552.9206 -0.1824 -11.3122 -0.0106 0.0315 0.9320 0.3609
679.0000 -554.6996 1.4346 -11.4073 -0.0097 0.0307 0.9315 0.3624
680.0000 -556.4967 3.0663 -11.4888 -0.0088 0.0301 0.9309 0.3640
681.0000 -558.2763 4.7081 -11.5518 -0.0091 0.0299 0.9303 0.3655
682.0000 -560.0510 6.3439 -11.6341 -0.0101 0.0303 0.9297 0.3669
683.0000 -561.8171 7.9850 -11.7242 -0.0113 0.0305 0.9292 0.3682
684.0000 -563.5802 9.6350 -11.7963 -0.0112 0.0296 0.9286 0.3697
685.0000 -565.3468 11.3040 -11.8725 -0.0108 0.0275 0.9280 0.3714
686.0000 -567.1091 12.9806 -11.9857 -0.0117 0.0265 0.9274 0.3729
687.0000 -568.8681 14.6618 -12.0806 -0.0137 0.0275 0.9268 0.3744
688.0000 -570.6133 16.3370 -12.1532 -0.0142 0.0297 0.9260 0.3761
689.0000 -572.3528 18.0083 -12.2203 -0.0132 0.0304 0.9252 0.3781
690.0000 -574.0837 19.6992 -12.3267 -0.0123 0.0284 0.9244 0.3801
691.0000 -575.8121 21.4079 -12.4586 -0.0129 0.0266 0.9237 0.3819
692.0000 -577.5293 23.1229 -12.5542 -0.0135 0.0268 0.9230 0.3837
693.0000 -579.2481 24.8429 -12.6264 -0.0134 0.0285 0.9222 0.3854
694.0000 -580.9653 26.5642 -12.6940 -0.0128 0.0295 0.9214 0.3873
695.0000 -582.6675 28.2959 -12.7975 -0.0128 0.0292 0.9206 0.3892
696.0000 -584.3380 30.0311 -12.9159 -0.0133 0.0281 0.9197 0.3915
697.0000 -586.0369 31.7767 -13.0328 -0.0138 0.0278 0.9189 0.3933
698.0000 -587.7402 33.5369 -13.1120 -0.0143 0.0277 0.9181 0.3951
699.0000 -589.4136 35.2966 -13.1973 -0.0144 0.0273 0.9173 0.3969
700.0000 -591.0601 37.0522 -13.2955 -0.0143 0.0266 0.9166 0.3987
701.0000 -592.7209 38.8309 -13.3959 -0.0142 0.0264 0.9158 0.4005
702.0000 -594.3993 40.6310 -13.5056 -0.0141 0.0272 0.9151 0.4021
703.0000 -596.0558 42.4133 -13.5924 -0.0136 0.0286 0.9143 0.4038
704.0000 -597.6800 44.1931 -13.6664 -0.0134 0.0287 0.9136 0.4055
705.0000 -599.3094 46.0036 -13.7599 -0.0138 0.0272 0.9128 0.4073
706.0000 -600.9592 47.8290 -13.8948 -0.0147 0.0260 0.9121 0.4090
707.0000 -602.5909 49.6458 -14.0187 -0.0146 0.0261 0.9113 0.4106
708.0000 -604.1977 51.4585 -14.1010 -0.0135 0.0273 0.9107 0.4120
709.0000 -605.7995 53.2787 -14.1685 -0.0126 0.0288 0.9101 0.4132
710.0000 -607.4049 55.1141 -14.2630 -0.0125 0.0297 0.9095 0.4145
711.0000 -608.9999 56.9564 -14.3732 -0.0129 0.0295 0.9088 0.4160
712.0000 -610.6059 58.8078 -14.4870 -0.0132 0.0289 0.9081 0.4175
713.0000 -612.2029 60.6509 -14.5880 -0.0136 0.0282 0.9074 0.4190
714.0000 -613.7969 62.5094 -14.6790 -0.0137 0.0275 0.9067 0.4206
715.0000 -615.3766 64.3656 -14.7715 -0.0138 0.0273 0.9061 0.4220
716.0000 -616.9379 66.2234 -14.8558 -0.0141 0.0271 0.9054 0.4234
717.0000 -618.5068 68.0873 -14.9719 -0.0144 0.0272 0.9048 0.4248
718.0000 -620.0748 69.9602 -15.0794 -0.0141 0.0273 0.9040 0.4264
719.0000 -621.6273 71.8466 -15.1809 -0.0132 0.0270 0.9034 0.4278
720.0000 -623.1780 73.7380 -15.2732 -0.0128 0.0269 0.9028 0.4291
721.0000 -624.7133 75.6243 -15.3592 -0.0131 0.0270 0.9020 0.4307
722.0000 -626.2553 77.5268 -15.4668 -0.0139 0.0268 0.9012 0.4324
723.0000 -627.7978 79.4402 -15.5721 -0.0145 0.0261 0.9005 0.4339
724.0000 -629.3247 81.3424 -15.6811 -0.0149 0.0255 0.8997 0.4356
725.0000 -630.8432 83.2366 -15.7836 -0.0146 0.0254 0.8989 0.4372
726.0000 -632.3498 85.1456 -15.8736 -0.0143 0.0257 0.8982 0.4387
727.0000 -633.8556 87.0825 -15.9719 -0.0148 0.0265 0.8974 0.4402
728.0000 -635.3494 89.0172 -16.0668 -0.0157 0.0268 0.8965 0.4420
729.0000 -636.8520 90.9545 -16.1797 -0.0160 0.0257 0.8957 0.4437
730.0000 -638.3452 92.8902 -16.3074 -0.0153 0.0244 0.8950 0.4451
731.0000 -639.8384 94.8375 -16.4232 -0.0141 0.0244 0.8945 0.4461
732.0000 -641.3032 96.7952 -16.5101 -0.0137 0.0259 0.8939 0.4472
733.0000 -642.7705 98.7573 -16.5883 -0.0138 0.0279 0.8933 0.4484
734.0000 -644.2279 100.7085 -16.6830 -0.0144 0.0289 0.8926 0.4496
735.0000 -645.6838 102.6696 -16.7967 -0.0155 0.0282 0.8919 0.4510
736.0000 -647.1576 104.6387 -16.9347 -0.0160 0.0266 0.8912 0.4525
737.0000 -648.6165 106.6164 -17.0529 -0.0147 0.0248 0.8906 0.4538
738.0000 -650.0538 108.5970 -17.1330 -0.0135 0.0236 0.8902 0.4548
739.0000 -651.4890 110.5769 -17.2144 -0.0137 0.0240 0.8898 0.4555
740.0000 -652.9198 112.5603 -17.3126 -0.0150 0.0250 0.8892 0.4566
741.0000 -654.3553 114.5448 -17.4148 -0.0158 0.0250 0.8884 0.4581
742.0000 -655.7898 116.5263 -17.5263 -0.0163 0.0237 0.8878 0.4593
743.0000 -657.2087 118.5252 -17.6465 -0.0167 0.0220 0.8873 0.4603
744.0000 -658.6203 120.5339 -17.7654 -0.0166 0.0213 0.8868 0.4614
745.0000 -660.0417 122.5524 -17.8661 -0.0168 0.0221 0.8861 0.4626
746.0000 -661.4579 124.5754 -17.9676 -0.0178 0.0240 0.8855 0.4637
747.0000 -662.8513 126.5797 -18.0745 -0.0180 0.0254 0.8849 0.4648
748.0000 -664.2494 128.5916 -18.1828 -0.0171 0.0252 0.8842 0.4661
749.0000 -665.6482 130.6224 -18.2960 -0.0162 0.0230 0.8835 0.4675
750.0000 -667.0324 132.6613 -18.4100 -0.0159 0.0207 0.8830 0.4687
751.0000 -668.4094 134.6841 -18.5274 -0.0160 0.0207 0.8824 0.4697
752.0000 -669.7741 136.7123 -18.6105 -0.0165 0.0221 0.8819 0.4706
753.0000 -671.1490 138.7635 -18.6935 -0.0170 0.0235 0.8813 0.4718
754.0000 -672.5272 140.8258 -18.8045 -0.0172 0.0241 0.8805 0.4731
755.0000 -673.8932 142.8643 -18.9259 -0.0173 0.0236 0.8799 0.4743
756.0000 -675.2452 144.8992 -19.0563 -0.0174 0.0225 0.8794 0.4752
757.0000 -676.5905 146.9508 -19.1668 -0.0179 0.0215 0.8790 0.4760
758.0000 -677.9412 149.0240 -19.2729 -0.0181 0.0207 0.8786 0.4768
759.0000 -679.2959 151.0758 -19.3814 -0.0182 0.0205 0.8782 0.4775
760.0000 -680.6457 153.1312 -19.4821 -0.0181 0.0204 0.8778 0.4782
761.0000 -681.9809 155.1981 -19.6049 -0.0186 0.0209 0.8773 0.4791
762.0000 -683.3180 157.2748 -19.7231 -0.0190 0.0217 0.8768 0.4801
763.0000 -684.6557 159.3445 -19.8273 -0.0186 0.0221 0.8763 0.4808
764.0000 -685.9731 161.4065 -19.9208 -0.0179 0.0213 0.8761 0.4813
765.0000 -687.2797 163.4775 -20.0382 -0.0183 0.0199 0.8759 0.4818
766.0000 -688.6113 165.5656 -20.1678 -0.0192 0.0197 0.8755 0.4824
767.0000 -689.9414 167.6599 -20.2826 -0.0194 0.0206 0.8750 0.4833
768.0000 -691.2658 169.7492 -20.3829 -0.0186 0.0217 0.8746 0.4840
769.0000 -692.5656 171.8104 -20.4718 -0.0174 0.0215 0.8742 0.4847
770.0000 -693.8683 173.8793 -20.5839 -0.0167 0.0204 0.8740 0.4853
771.0000 -695.1759 175.9801 -20.7051 -0.0172 0.0199 0.8737 0.4857
772.0000 -696.4876 178.0831 -20.8160 -0.0183 0.0204 0.8734 0.4863
773.0000 -697.7880 180.1786 -20.9311 -0.0192 0.0220 0.8729 0.4870
774.0000 -699.0884 182.2716 -21.0353 -0.0188 0.0228 0.8727 0.4873
775.0000 -700.3866 184.3625 -21.1371 -0.0178 0.0215 0.8726 0.4876
776.0000 -701.6741 186.4658 -21.2563 -0.0180 0.0197 0.8725 0.4879
777.0000 -702.9684 188.5658 -21.3844 -0.0197 0.0195 0.8723 0.4882
778.0000 -704.2723 190.6646 -21.5139 -0.0211 0.0207 0.8720 0.4887
779.0000 -705.5724 192.7728 -21.6281 -0.0207 0.0219 0.8717 0.4891
780.0000 -706.8650 194.8813 -21.7303 -0.0192 0.0222 0.8715 0.4896
781.0000 -708.1557 196.9960 -21.8423 -0.0180 0.0213 0.8714 0.4898
782.0000 -709.4416 199.1089 -21.9703 -0.0179 0.0206 0.8712 0.4901
783.0000 -710.7248 201.2109 -22.0900 -0.0179 0.0208 0.8711 0.4903
784.0000 -711.9970 203.3158 -22.1857 -0.0171 0.0205 0.8711 0.4904
785.0000 -713.2705 205.4279 -22.2722 -0.0157 0.0197 0.8711 0.4905
786.0000 -714.5658 207.5338 -22.3685 -0.0153 0.0193 0.8711 0.4906
787.0000 -715.8628 209.6562 -22.4932 -0.0169 0.0205 0.8710 0.4905
788.0000 -717.1563 211.7860 -22.6041 -0.0189 0.0219 0.8709 0.4906
789.0000 -718.4339 213.8959 -22.7141 -0.0198 0.0219 0.8708 0.4907
790.0000 -719.7216 216.0070 -22.8257 -0.0197 0.0210 0.8707 0.4909
791.0000 -721.0004 218.1018 -22.9450 -0.0203 0.0199 0.8706 0.4911
792.0000 -722.2880 220.2199 -23.0880 -0.0228 0.0190 0.8705 0.4914
793.0000 -723.5703 222.3399 -23.2116 -0.0246 0.0183 0.8702 0.4918
794.0000 -724.8455 224.4606 -23.3303 -0.0238 0.0175 0.8699 0.4924
795.0000 -726.1378 226.5755 -23.4416 -0.0214 0.0159 0.8696 0.4930
796.0000 -727.4301 228.6817 -23.5649 -0.0202 0.0137 0.8694 0.4935
797.0000 -728.6987 230.7837 -23.6857 -0.0204 0.0121 0.8692 0.4939
798.0000 -729.9609 232.9068 -23.7894 -0.0223 0.0133 0.8690 0.4941
799.0000 -731.2247 235.0374 -23.8868 -0.0241 0.0157 0.8688 0.4943
800.0000 -732.5041 237.1789 -23.9968 -0.0242 0.0169 0.8686 0.4946
801.0000 -733.7819 239.3225 -24.1108 -0.0232 0.0160 0.8685 0.4949
802.0000 -735.0485 241.4421 -24.2455 -0.0225 0.0136 0.8684 0.4951
803.0000 -736.3224 243.5583 -24.3921 -0.0231 0.0115 0.8684 0.4952
804.0000 -737.5804 245.6861 -24.5186 -0.0242 0.0112 0.8683 0.4954
805.0000 -738.8357 247.8104 -24.6066 -0.0245 0.0122 0.8681 0.4956
806.0000 -740.1101 249.9409 -24.6914 -0.0244 0.0130 0.8680 0.4958
807.0000 -741.3886 252.0726 -24.8012 -0.0243 0.0123 0.8679 0.4959
808.0000 -742.6516 254.2207 -24.9360 -0.0241 0.0104 0.8679 0.4960
809.0000 -743.9126 256.3551 -25.0740 -0.0240 0.0094 0.8679 0.4961
810.0000 -745.1625 258.4862 -25.1824 -0.0243 0.0099 0.8678 0.4962
811.0000 -746.4303 260.6249 -25.2832 -0.0248 0.0110 0.8677 0.4963
812.0000 -747.6976 262.7641 -25.3917 -0.0246 0.0111 0.8677 0.4964
813.0000 -748.9557 264.9106 -25.5058 -0.0242 0.0104 0.8677 0.4964
814.0000 -750.2077 267.0401 -25.6254 -0.0245 0.0104 0.8678 0.4962
815.0000 -751.4730 269.1622 -25.7385 -0.0256 0.0105 0.8680 0.4958
816.0000 -752.7510 271.2875 -25.8501 -0.0261 0.0101 0.8683 0.4953
817.0000 -754.0242 273.4362 -25.9611 -0.0263 0.0090 0.8685 0.4949
818.0000 -755.2879 275.5692 -26.0901 -0.0271 0.0080 0.8688 0.4944
819.0000 -756.5522 277.6987 -26.2243 -0.0274 0.0082 0.8691 0.4938
820.0000 -757.8295 279.8185 -26.3442 -0.0267 0.0093 0.8695 0.4931
821.0000 -759.1167 281.9439 -26.4422 -0.0261 0.0096 0.8699 0.4924
822.0000 -760.4013 284.0769 -26.5558 -0.0262 0.0089 0.8702 0.4918
823.0000 -761.6915 286.2100 -26.7063 -0.0269 0.0083 0.8705 0.4913
824.0000 -762.9909 288.3485 -26.8446 -0.0271 0.0088 0.8708 0.4908
825.0000 -764.2841 290.4716 -26.9505 -0.0265 0.0098 0.8712 0.4902
826.0000 -765.5666 292.5876 -27.0469 -0.0260 0.0105 0.8715 0.4896
827.0000 -766.8574 294.7080 -27.1775 -0.0266 0.0108 0.8718 0.4890
828.0000 -768.1715 296.8385 -27.3348 -0.0274 0.0117 0.8720 0.4885
829.0000 -769.4808 298.9770 -27.4586 -0.0271 0.0128 0.8722 0.4882
830.0000 -770.7853 301.1062 -27.5571 -0.0255 0.0127 0.8725 0.4877
831.0000 -772.0977 303.2073 -27.6615 -0.0243 0.0116 0.8729 0.4872
832.0000 -773.4080 305.3108 -27.7921 -0.0247 0.0100 0.8732 0.4866
833.0000 -774.7237 307.4347 -27.9388 -0.0262 0.0089 0.8734 0.4861
834.0000 -776.0533 309.5738 -28.0704 -0.0272 0.0096 0.8737 0.4856
835.0000 -777.3847 311.7062 -28.1872 -0.0273 0.0118 0.8738 0.4853
836.0000 -778.7065 313.8189 -28.2916 -0.0263 0.0131 0.8742 0.4847
837.0000 -780.0321 315.9262 -28.4075 -0.0257 0.0126 0.8745 0.4841
838.0000 -781.3643 318.0455 -28.5416 -0.0259 0.0110 0.8748 0.4836
839.0000 -782.7097 320.1789 -28.6892 -0.0270 0.0099 0.8751 0.4831
840.0000 -784.0425 322.2866 -28.8226 -0.0283 0.0099 0.8753 0.4826
841.0000 -785.3934 324.3958 -28.9469 -0.0289 0.0100 0.8757 0.4820
842.0000 -786.7537 326.5064 -29.0700 -0.0289 0.0090 0.8760 0.4814
843.0000 -788.0980 328.6248 -29.2065 -0.0292 0.0075 0.8763 0.4808
844.0000 -789.4454 330.7411 -29.3575 -0.0295 0.0069 0.8767 0.4800
845.0000 -790.7884 332.8352 -29.4874 -0.0289 0.0075 0.8771 0.4794
846.0000 -792.1505 334.9379 -29.5977 -0.0279 0.0089 0.8776 0.4785
847.0000 -793.5166 337.0477 -29.6992 -0.0275 0.0102 0.8781 0.4776
848.0000 -794.8930 339.1622 -29.8270 -0.0272 0.0101 0.8787 0.4765
849.0000 -796.2668 341.2578 -29.9741 -0.0275 0.0096 0.8793 0.4754
850.0000 -797.6468 343.3499 -30.1180 -0.0285 0.0097 0.8798 0.4744
851.0000 -799.0258 345.4553 -30.2571 -0.0292 0.0111 0.8802 0.4736
852.0000 -800.4214 347.5584 -30.3820 -0.0282 0.0125 0.8807 0.4726
853.0000 -801.8127 349.6372 -30.4828 -0.0273 0.0119 0.8813 0.4716
854.0000 -803.2103 351.7313 -30.6202 -0.0275 0.0100 0.8819 0.4706
855.0000 -804.6182 353.8256 -30.7823 -0.0282 0.0087 0.8823 0.4698
856.0000 -806.0342 355.9075 -30.9215 -0.0289 0.0087 0.8828 0.4689
857.0000 -807.4480 357.9827 -31.0498 -0.0297 0.0099 0.8833 0.4677
858.0000 -808.8669 360.0637 -31.1752 -0.0297 0.0113 0.8839 0.4665
859.0000 -810.2878 362.1415 -31.2963 -0.0282 0.0114 0.8845 0.4655
860.0000 -811.7171 364.2168 -31.4187 -0.0272 0.0095 0.8851 0.4646
861.0000 -813.1557 366.2999 -31.5769 -0.0274 0.0080 0.8856 0.4635
862.0000 -814.6035 368.3636 -31.7184 -0.0289 0.0084 0.8861 0.4624
863.0000 -816.0583 370.4261 -31.8494 -0.0298 0.0104 0.8867 0.4612
864.0000 -817.5055 372.5032 -31.9720 -0.0290 0.0116 0.8874 0.4599
865.0000 -818.9480 374.5444 -32.0698 -0.0273 0.0109 0.8880 0.4589
866.0000 -820.4212 376.5991 -32.2153 -0.0284 0.0101 0.8886 0.4577
867.0000 -821.9141 378.6647 -32.4117 -0.0323 0.0100 0.8891 0.4565
868.0000 -823.3896 380.7322 -32.6046 -0.0339 0.0108 0.8895 0.4555
869.0000 -824.8714 382.7820 -32.6989 -0.0303 0.0103 0.8902 0.4545
870.0000 -826.3426 384.7899 -32.7590 -0.0266 0.0087 0.8910 0.4532
871.0000 -827.8377 386.8085 -32.8772 -0.0268 0.0069 0.8917 0.4518
872.0000 -829.3354 388.8458 -33.0567 -0.0297 0.0050 0.8923 0.4504
873.0000 -830.8491 390.8853 -33.2301 -0.0315 0.0041 0.8928 0.4493
874.0000 -832.3659 392.9125 -33.3403 -0.0312 0.0049 0.8934 0.4482
875.0000 -833.8874 394.9251 -33.4218 -0.0309 0.0066 0.8941 0.4468
876.0000 -835.4070 396.9310 -33.5435 -0.0322 0.0075 0.8948 0.4453
877.0000 -836.9303 398.9341 -33.7172 -0.0334 0.0065 0.8955 0.4438
878.0000 -838.4610 400.9393 -33.8853 -0.0338 0.0040 0.8962 0.4423
879.0000 -839.9864 402.9250 -34.0352 -0.0341 0.0027 0.8969 0.4408
880.0000 -841.5215 404.9090 -34.1717 -0.0340 0.0040 0.8976 0.4394
881.0000 -843.0637 406.8737 -34.2808 -0.0333 0.0062 0.8984 0.4379
882.0000 -844.6167 408.8462 -34.3894 -0.0328 0.0078 0.8992 0.4363
883.0000 -846.1628 410.8135 -34.5422 -0.0329 0.0081 0.8999 0.4347
884.0000 -847.7042 412.7525 -34.7039 -0.0327 0.0075 0.9007 0.4331
885.0000 -849.2613 414.6793 -34.8472 -0.0331 0.0065 0.9015 0.4314
886.0000 -850.8325 416.6044 -34.9810 -0.0339 0.0056 0.9022 0.4299
887.0000 -852.4073 418.5297 -35.1277 -0.0344 0.0054 0.9030 0.4283
888.0000 -853.9729 420.4344 -35.2719 -0.0345 0.0055 0.9037 0.4267
889.0000 -855.5460 422.3320 -35.3969 -0.0341 0.0056 0.9046 0.4249
890.0000 -857.1294 424.2236 -35.5350 -0.0339 0.0057 0.9054 0.4231
891.0000 -858.7036 426.1015 -35.6877 -0.0337 0.0058 0.9062 0.4214
892.0000 -860.2871 427.9744 -35.8288 -0.0337 0.0062 0.9069 0.4199
893.0000 -861.8850 429.8479 -35.9643 -0.0342 0.0067 0.9077 0.4181
894.0000 -863.4893 431.7189 -36.1060 -0.0347 0.0069 0.9086 0.4162
895.0000 -865.0977 433.5626 -36.2559 -0.0348 0.0070 0.9094 0.4144
896.0000 -866.6983 435.4003 -36.4079 -0.0348 0.0068 0.9103 0.4125
897.0000 -868.3056 437.2298 -36.5536 -0.0350 0.0067 0.9112 0.4105
898.0000 -869.9266 439.0418 -36.7069 -0.0356 0.0070 0.9120 0.4086
899.0000 -871.5555 440.8571 -36.8608 -0.0358 0.0074 0.9128 0.4067
900.0000 -873.1852 442.6635 -36.9994 -0.0355 0.0071 0.9137 0.4047
901.0000 -874.8273 444.4607 -37.1453 -0.0350 0.0067 0.9146 0.4028
902.0000 -876.4646 446.2428 -37.3077 -0.0349 0.0066 0.9155 0.4009
903.0000 -878.1160 448.0205 -37.4661 -0.0352 0.0072 0.9162 0.3991
904.0000 -879.7732 449.7964 -37.5994 -0.0351 0.0075 0.9170 0.3974
905.0000 -881.4340 451.5530 -37.7236 -0.0345 0.0063 0.9178 0.3956
906.0000 -883.1099 453.3091 -37.8797 -0.0340 0.0045 0.9185 0.3939
907.0000 -884.7865 455.0610 -38.0471 -0.0341 0.0036 0.9193 0.3922
908.0000 -886.4702 456.8067 -38.1960 -0.0342 0.0044 0.9200 0.3904
909.0000 -888.1549 458.5399 -38.3177 -0.0342 0.0058 0.9207 0.3887
910.0000 -889.8409 460.2609 -38.4386 -0.0340 0.0067 0.9213 0.3872
911.0000 -891.5335 461.9822 -38.5769 -0.0337 0.0065 0.9219 0.3859
912.0000 -893.2338 463.7054 -38.7385 -0.0335 0.0058 0.9224 0.3846
913.0000 -894.9452 465.4202 -38.8933 -0.0337 0.0049 0.9230 0.3832
914.0000 -896.6523 467.1236 -39.0318 -0.0348 0.0048 0.9235 0.3819
915.0000 -898.3695 468.8193 -39.1802 -0.0361 0.0059 0.9241 0.3805
916.0000 -900.1013 470.5148 -39.3230 -0.0364 0.0068 0.9246 0.3791
917.0000 -901.8263 472.2140 -39.4651 -0.0362 0.0067 0.9252 0.3778
918.0000 -903.5462 473.8964 -39.6277 -0.0359 0.0056 0.9256 0.3767
919.0000 -905.2781 475.5601 -39.8071 -0.0353 0.0048 0.9262 0.3753
920.0000 -907.0126 477.2269 -39.9727 -0.0337 0.0055 0.9269 0.3738
921.0000 -908.7612 478.9060 -40.0880 -0.0328 0.0074 0.9275 0.3722
922.0000 -910.5058 480.5708 -40.1501 -0.0322 0.0087 0.9281 0.3708
923.0000 -912.2533 482.2131 -40.2665 -0.0352 0.0072 0.9286 0.3694
924.0000 -914.0148 483.8617 -40.5029 -0.0372 0.0063 0.9290 0.3683
925.0000 -915.7820 485.5194 -40.7338 -0.0358 0.0073 0.9295 0.3670
926.0000 -917.5418 487.1526 -40.8302 -0.0335 0.0076 0.9302 0.3655
927.0000 -919.3027 488.7740 -40.9131 -0.0329 0.0063 0.9308 0.3639
928.0000 -921.0745 490.3894 -41.0827 -0.0343 0.0053 0.9313 0.3627
929.0000 -922.8607 492.0151 -41.2699 -0.0356 0.0050 0.9317 0.3615
930.0000 -924.6405 493.6314 -41.4118 -0.0359 0.0052 0.9322 0.3601
931.0000 -926.4324 495.2324 -41.5389 -0.0356 0.0056 0.9328 0.3585
932.0000 -928.2245 496.8342 -41.6803 -0.0353 0.0060 0.9333 0.3572
933.0000 -930.0129 498.4332 -41.8322 -0.0354 0.0062 0.9339 0.3558
934.0000 -931.8088 500.0237 -41.9971 -0.0355 0.0059 0.9344 0.3543
935.0000 -933.6119 501.6082 -42.1630 -0.0352 0.0054 0.9349 0.3530
936.0000 -935.4279 503.1942 -42.3113 -0.0351 0.0051 0.9355 0.3517
937.0000 -937.2415 504.7596 -42.4501 -0.0356 0.0050 0.9360 0.3502
938.0000 -939.0613 506.3242 -42.6023 -0.0352 0.0054 0.9366 0.3487
939.0000 -940.9114 507.9162 -42.7522 -0.0346 0.0056 0.9370 0.3475
940.0000 -942.7404 509.4907 -42.9016 -0.0345 0.0056 0.9376 0.3461
941.0000 -944.5597 511.0297 -43.0446 -0.0346 0.0053 0.9381 0.3445
942.0000 -946.3874 512.5728 -43.1940 -0.0348 0.0049 0.9387 0.3430
943.0000 -948.2571 514.1315 -43.3483 -0.0346 0.0049 0.9392 0.3416
944.0000 -950.1221 515.6843 -43.5085 -0.0343 0.0054 0.9397 0.3403
945.0000 -951.9627 517.2284 -43.6526 -0.0341 0.0061 0.9402 0.3388
946.0000 -953.8269 518.7626 -43.7788 -0.0340 0.0072 0.9407 0.3374
947.0000 -955.6911 520.2728 -43.9093 -0.0336 0.0082 0.9414 0.3356
948.0000 -957.5770 521.7999 -44.0485 -0.0336 0.0084 0.9419 0.3341
949.0000 -959.4628 523.3337 -44.2083 -0.0338 0.0082 0.9423 0.3328
950.0000 -961.3326 524.8283 -44.3743 -0.0340 0.0078 0.9430 0.3311
951.0000 -963.2111 526.3090 -44.5266 -0.0339 0.0077 0.9436 0.3293
952.0000 -965.1235 527.8135 -44.6580 -0.0337 0.0076 0.9442 0.3275
953.0000 -967.0299 529.3110 -44.7965 -0.0337 0.0077 0.9447 0.3260
954.0000 -968.9411 530.8096 -44.9534 -0.0338 0.0079 0.9453 0.3244
955.0000 -970.8426 532.2744 -45.1103 -0.0340 0.0080 0.9458 0.3227
956.0000 -972.7715 533.7372 -45.2650 -0.0340 0.0081 0.9464 0.3211
957.0000 -974.6997 535.2121 -45.4078 -0.0340 0.0081 0.9470 0.3194
958.0000 -976.6264 536.6686 -45.5542 -0.0345 0.0081 0.9475 0.3178
959.0000 -978.5653 538.1197 -45.7260 -0.0346 0.0081 0.9480 0.3162
960.0000 -980.5205 539.5931 -45.8767 -0.0346 0.0080 0.9485 0.3147
961.0000 -982.4849 541.0430 -46.0396 -0.0348 0.0080 0.9490 0.3132
962.0000 -984.4483 542.4743 -46.2114 -0.0347 0.0083 0.9495 0.3118
963.0000 -986.4071 543.9210 -46.3603 -0.0347 0.0088 0.9500 0.3103
964.0000 -988.3897 545.3678 -46.5104 -0.0346 0.0090 0.9505 0.3088
965.0000 -990.3780 546.7945 -46.6629 -0.0348 0.0091 0.9509 0.3073
966.0000 -992.3690 548.2202 -46.8392 -0.0354 0.0092 0.9514 0.3057
967.0000 -994.3387 549.6248 -47.0115 -0.0355 0.0091 0.9519 0.3041
968.0000 -996.3260 551.0278 -47.1758 -0.0353 0.0089 0.9524 0.3026
969.0000 -998.3537 552.4457 -47.3292 -0.0351 0.0088 0.9528 0.3013
970.0000 -1000.3830 553.8712 -47.4829 -0.0354 0.0089 0.9533 0.3000
971.0000 -1002.3976 555.2674 -47.6501 -0.0354 0.0086 0.9538 0.2984
972.0000 -1004.4084 556.6479 -47.8217 -0.0352 0.0085 0.9543 0.2967
973.0000 -1006.4344 558.0243 -47.9810 -0.0348 0.0086 0.9548 0.2952
974.0000 -1008.4867 559.4169 -48.1321 -0.0344 0.0087 0.9552 0.2938
975.0000 -1010.5390 560.8089 -48.2836 -0.0341 0.0089 0.9557 0.2924
976.0000 -1012.5761 562.1763 -48.4520 -0.0344 0.0092 0.9561 0.2909
977.0000 -1014.6223 563.5380 -48.6153 -0.0337 0.0088 0.9566 0.2895
978.0000 -1016.6886 564.9051 -48.7558 -0.0325 0.0078 0.9571 0.2879
979.0000 -1018.7736 566.2731 -48.9091 -0.0319 0.0076 0.9575 0.2865
980.0000 -1020.8485 567.6265 -49.0686 -0.0320 0.0083 0.9579 0.2851
981.0000 -1022.9242 568.9763 -49.2025 -0.0322 0.0091 0.9584 0.2835
982.0000 -1024.9945 570.3174 -49.3338 -0.0321 0.0095 0.9588 0.2821
983.0000 -1027.1002 571.6716 -49.4825 -0.0323 0.0096 0.9592 0.2807
984.0000 -1029.2302 573.0190 -49.6382 -0.0322 0.0096 0.9596 0.2794
985.0000 -1031.3356 574.3522 -49.8082 -0.0318 0.0097 0.9600 0.2781
986.0000 -1033.4203 575.6610 -49.9509 -0.0312 0.0098 0.9604 0.2765
987.0000 -1035.5336 576.9689 -50.0738 -0.0312 0.0095 0.9609 0.2749
988.0000 -1037.6809 578.2850 -50.2346 -0.0313 0.0091 0.9613 0.2736
989.0000 -1039.8258 579.6118 -50.3933 -0.0312 0.0090 0.9617 0.2723
990.0000 -1041.9365 580.9221 -50.5370 -0.0318 0.0087 0.9620 0.2709
991.0000 -1044.0772 582.2088 -50.6739 -0.0320 0.0080 0.9624 0.2695
992.0000 -1046.2310 583.4894 -50.8272 -0.0322 0.0070 0.9629 0.2679
993.0000 -1048.3972 584.7857 -50.9844 -0.0323 0.0068 0.9634 0.2662
994.0000 -1050.5514 586.0752 -51.1344 -0.0323 0.0078 0.9638 0.2647
995.0000 -1052.7137 587.3553 -51.2717 -0.0323 0.0089 0.9642 0.2630
996.0000 -1054.8842 588.6296 -51.4163 -0.0322 0.0096 0.9646 0.2614
997.0000 -1057.0797 589.8898 -51.5650 -0.0320 0.0097 0.9651 0.2597
998.0000 -1059.2689 591.1550 -51.7245 -0.0314 0.0097 0.9656 0.2580
999.0000 -1061.4398 592.4083 -51.8765 -0.0317 0.0099 0.9660 0.2564
1000.0000 -1063.6341 593.6495 -52.0332 -0.0331 0.0096 0.9664 0.2547
1001.0000 -1065.8401 594.8805 -52.2015 -0.0337 0.0097 0.9668 0.2532
1002.0000 -1068.0445 596.1122 -52.3506 -0.0330 0.0102 0.9672 0.2517
1003.0000 -1070.2609 597.3458 -52.4848 -0.0323 0.0107 0.9677 0.2497
1004.0000 -1072.4729 598.5633 -52.6436 -0.0326 0.0108 0.9682 0.2477
1005.0000 -1074.6984 599.7675 -52.8238 -0.0334 0.0107 0.9687 0.2459
1006.0000 -1076.9469 600.9746 -52.9915 -0.0339 0.0104 0.9691 0.2442
1007.0000 -1079.1912 602.1752 -53.1511 -0.0336 0.0104 0.9696 0.2422
1008.0000 -1081.4148 603.3558 -53.3009 -0.0329 0.0109 0.9701 0.2401
1009.0000 -1083.6639 604.5412 -53.4428 -0.0325 0.0112 0.9706 0.2381
1010.0000 -1085.9152 605.7103 -53.5961 -0.0326 0.0109 0.9711 0.2361
1011.0000 -1088.1624 606.8573 -53.7691 -0.0333 0.0106 0.9715 0.2345
1012.0000 -1090.4196 608.0048 -53.9467 -0.0332 0.0107 0.9720 0.2325
1013.0000 -1092.6976 609.1580 -54.1034 -0.0325 0.0109 0.9725 0.2305
1014.0000 -1094.9871 610.2944 -54.2408 -0.0323 0.0113 0.9729 0.2286
1015.0000 -1097.2797 611.4244 -54.3836 -0.0323 0.0115 0.9734 0.2267
1016.0000 -1099.5533 612.5412 -54.5514 -0.0325 0.0113 0.9738 0.2247
1017.0000 -1101.8523 613.6559 -54.7203 -0.0325 0.0111 0.9743 0.2228
1018.0000 -1104.1597 614.7609 -54.8903 -0.0333 0.0111 0.9746 0.2210
1019.0000 -1106.4847 615.8592 -55.0605 -0.0340 0.0115 0.9750 0.2195
1020.0000 -1108.7976 616.9407 -55.1983 -0.0332 0.0114 0.9753 0.2180
1021.0000 -1111.0989 618.0088 -55.3061 -0.0321 0.0093 0.9758 0.2163
1022.0000 -1113.4206 619.0827 -55.4947 -0.0310 0.0079 0.9761 0.2148
1023.0000 -1115.7483 620.1492 -55.6578 -0.0313 0.0080 0.9764 0.2137
1024.0000 -1118.0795 621.2197 -55.8124 -0.0338 0.0087 0.9765 0.2125
1025.0000 -1120.4102 622.2730 -55.9639 -0.0344 0.0089 0.9768 0.2112
1026.0000 -1122.7272 623.3135 -56.1103 -0.0330 0.0088 0.9771 0.2101
1027.0000 -1125.0574 624.3533 -56.2799 -0.0323 0.0101 0.9772 0.2094
1028.0000 -1127.4202 625.4208 -56.4366 -0.0331 0.0126 0.9774 0.2084
1029.0000 -1129.7734 626.4767 -56.5915 -0.0337 0.0142 0.9776 0.2073
1030.0000 -1132.1016 627.4990 -56.7516 -0.0324 0.0142 0.9779 0.2061
1031.0000 -1134.4366 628.5123 -56.9044 -0.0305 0.0131 0.9783 0.2047
1032.0000 -1136.7934 629.5331 -57.0693 -0.0299 0.0126 0.9787 0.2029
1033.0000 -1139.1424 630.5439 -57.2217 -0.0305 0.0136 0.9790 0.2011
1034.0000 -1141.5127 631.5561 -57.3527 -0.0316 0.0147 0.9793 0.1993
1035.0000 -1143.8822 632.5511 -57.5152 -0.0323 0.0155 0.9796 0.1977
1036.0000 -1146.2476 633.5330 -57.6727 -0.0311 0.0157 0.9800 0.1961
1037.0000 -1148.6174 634.5191 -57.8172 -0.0295 0.0155 0.9804 0.1943
1038.0000 -1150.9922 635.5016 -57.9616 -0.0289 0.0155 0.9808 0.1924
1039.0000 -1153.3774 636.4625 -58.1142 -0.0293 0.0161 0.9811 0.1908
1040.0000 -1155.7713 637.4218 -58.2672 -0.0298 0.0172 0.9813 0.1892
1041.0000 -1158.1660 638.3795 -58.4041 -0.0295 0.0177 0.9817 0.1875
1042.0000 -1160.5616 639.3210 -58.5442 -0.0291 0.0178 0.9820 0.1857
1043.0000 -1162.9643 640.2531 -58.6916 -0.0291 0.0174 0.9823 0.1840
1044.0000 -1165.3851 641.1780 -58.8617 -0.0297 0.0169 0.9826 0.1825
1045.0000 -1167.8094 642.0932 -59.0222 -0.0303 0.0167 0.9829 0.1810
1046.0000 -1170.2219 643.0021 -59.1668 -0.0307 0.0168 0.9832 0.1792
1047.0000 -1172.6372 643.9091 -59.3174 -0.0305 0.0176 0.9835 0.1773
1048.0000 -1175.0618 644.8095 -59.4549 -0.0300 0.0177 0.9839 0.1754
1049.0000 -1177.5069 645.7027 -59.6164 -0.0296 0.0172 0.9842 0.1737
1050.0000 -1179.9475 646.5798 -59.7843 -0.0300 0.0169 0.9845 0.1722
1051.0000 -1182.3856 647.4503 -59.9294 -0.0305 0.0171 0.9847 0.1706
1052.0000 -1184.8258 648.3087 -60.0689 -0.0309 0.0175 0.9850 0.1687
1053.0000 -1187.2888 649.1684 -60.2145 -0.0313 0.0181 0.9853 0.1671
1054.0000 -1189.7677 650.0284 -60.3787 -0.0316 0.0184 0.9855 0.1657
1055.0000 -1192.2193 650.8732 -60.5320 -0.0311 0.0176 0.9857 0.1646
1056.0000 -1194.6710 651.7088 -60.6890 -0.0298 0.0162 0.9860 0.1634
1057.0000 -1197.1394 652.5382 -60.8530 -0.0290 0.0155 0.9862 0.1620
1058.0000 -1199.6186 653.3597 -61.0077 -0.0293 0.0166 0.9864 0.1606
1059.0000 -1202.0925 654.1832 -61.1198 -0.0299 0.0185 0.9866 0.1594
1060.0000 -1204.5674 655.0010 -61.2513 -0.0306 0.0191 0.9868 0.1581
1061.0000 -1207.0464 655.8124 -61.4231 -0.0305 0.0186 0.9870 0.1567
1062.0000 -1209.5362 656.6106 -61.6009 -0.0305 0.0182 0.9872 0.1556
1063.0000 -1212.0329 657.4085 -61.7530 -0.0306 0.0186 0.9874 0.1542
1064.0000 -1214.5119 658.1924 -61.8845 -0.0301 0.0192 0.9876 0.1526
1065.0000 -1216.9875 658.9668 -62.0284 -0.0293 0.0195 0.9879 0.1511
1066.0000 -1219.5008 659.7498 -62.1766 -0.0290 0.0193 0.9881 0.1496
1067.0000 -1222.0183 660.5231 -62.3307 -0.0296 0.0192 0.9884 0.1479
1068.0000 -1224.5240 661.2812 -62.4917 -0.0309 0.0194 0.9886 0.1463
1069.0000 -1227.0184 662.0242 -62.6493 -0.0315 0.0198 0.9888 0.1449
1070.0000 -1229.5272 662.7598 -62.8027 -0.0306 0.0200 0.9890 0.1432
1071.0000 -1232.0583 663.4957 -62.9446 -0.0297 0.0200 0.9893 0.1412
1072.0000 -1234.5625 664.2301 -63.0980 -0.0299 0.0204 0.9896 0.1390
1073.0000 -1237.0685 664.9452 -63.2536 -0.0307 0.0210 0.9899 0.1368
1074.0000 -1239.5720 665.6422 -63.3971 -0.0308 0.0215 0.9902 0.1346
1075.0000 -1242.0958 666.3275 -63.5329 -0.0302 0.0216 0.9905 0.1324
1076.0000 -1244.6361 667.0084 -63.6869 -0.0302 0.0213 0.9908 0.1303
1077.0000 -1247.1530 667.6807 -63.8646 -0.0300 0.0218 0.9911 0.1282
1078.0000 -1249.6469 668.3344 -63.9945 -0.0289 0.0222 0.9914 0.1261
1079.0000 -1252.1502 668.9737 -64.0980 -0.0281 0.0215 0.9917 0.1239
1080.0000 -1254.6877 669.6092 -64.2259 -0.0284 0.0195 0.9920 0.1217
1081.0000 -1257.2405 670.2300 -64.4151 -0.0294 0.0180 0.9922 0.1199
1082.0000 -1259.7721 670.8356 -64.5971 -0.0315 0.0184 0.9923 0.1182
1083.0000 -1262.2826 671.4378 -64.7050 -0.0319 0.0202 0.9925 0.1164
1084.0000 -1264.7845 672.0369 -64.7989 -0.0310 0.0216 0.9927 0.1146
1085.0000 -1267.3019 672.6249 -64.9532 -0.0310 0.0209 0.9929 0.1130
1086.0000 -1269.8342 673.1912 -65.1644 -0.0309 0.0194 0.9931 0.1118
1087.0000 -1272.3571 673.7469 -65.3582 -0.0312 0.0192 0.9932 0.1105
1088.0000 -1274.8726 674.3192 -65.4652 -0.0318 0.0201 0.9933 0.1094
1089.0000 -1277.3788 674.8845 -65.5376 -0.0308 0.0202 0.9935 0.1081
1090.0000 -1279.8663 675.4199 -65.6735 -0.0298 0.0186 0.9936 0.1071
1091.0000 -1282.3850 675.9468 -65.8845 -0.0301 0.0176 0.9937 0.1061
1092.0000 -1284.9037 676.4928 -66.0597 -0.0316 0.0180 0.9938 0.1047
1093.0000 -1287.4202 677.0245 -66.1736 -0.0319 0.0191 0.9940 0.1031
1094.0000 -1289.9233 677.5377 -66.2777 -0.0307 0.0199 0.9942 0.1015
1095.0000 -1292.4108 678.0343 -66.4165 -0.0296 0.0202 0.9944 0.0998
1096.0000 -1294.8938 678.5308 -66.5746 -0.0296 0.0201 0.9945 0.0980
1097.0000 -1297.3925 679.0208 -66.7232 -0.0300 0.0199 0.9947 0.0961
1098.0000 -1299.8957 679.5077 -66.8653 -0.0303 0.0202 0.9949 0.0940
1099.0000 -1302.3928 679.9858 -66.9921 -0.0304 0.0206 0.9951 0.0920
1100.0000 -1304.8900 680.4360 -67.1189 -0.0304 0.0211 0.9952 0.0901
1101.0000 -1307.3709 680.8729 -67.2556 -0.0299 0.0210 0.9955 0.0879
1102.0000 -1309.8598 681.3053 -67.3951 -0.0297 0.0203 0.9957 0.0857
1103.0000 -1312.3684 681.7331 -67.5438 -0.0302 0.0196 0.9958 0.0836
1104.0000 -1314.8627 682.1503 -67.6906 -0.0302 0.0195 0.9960 0.0817
1105.0000 -1317.3361 682.5467 -67.8092 -0.0294 0.0195 0.9962 0.0798
1106.0000 -1319.8166 682.9408 -67.9234 -0.0287 0.0194 0.9964 0.0779
1107.0000 -1322.3181 683.3150 -68.0553 -0.0292 0.0194 0.9965 0.0758
1108.0000 -1324.7985 683.6865 -68.2085 -0.0304 0.0200 0.9966 0.0738
1109.0000 -1327.2859 684.0632 -68.3320 -0.0309 0.0208 0.9967 0.0720
1110.0000 -1329.7742 684.4114 -68.4545 -0.0307 0.0203 0.9969 0.0700
1111.0000 -1332.2428 684.7501 -68.5898 -0.0299 0.0186 0.9971 0.0680
1112.0000 -1334.7058 685.0775 -68.7447 -0.0299 0.0167 0.9972 0.0663
1113.0000 -1337.1774 685.4013 -68.8964 -0.0308 0.0166 0.9973 0.0644
1114.0000 -1339.6633 685.7127 -69.0307 -0.0310 0.0185 0.9974 0.0625
1115.0000 -1342.1332 686.0183 -69.1132 -0.0295 0.0197 0.9975 0.0607
1116.0000 -1344.5881 686.3098 -69.2261 -0.0286 0.0187 0.9977 0.0590
1117.0000 -1347.0522 686.5904 -69.3752 -0.0283 0.0169 0.9978 0.0573
1118.0000 -1349.5206 686.8640 -69.5396 -0.0297 0.0162 0.9979 0.0557
1119.0000 -1352.0016 687.1389 -69.6984 -0.0310 0.0181 0.9979 0.0542
1120.0000 -1354.4824 687.4165 -69.7991 -0.0310 0.0216 0.9979 0.0527
1121.0000 -1356.9551 687.6733 -69.8891 -0.0301 0.0241 0.9980 0.0510
1122.0000 -1359.3823 687.9077 -69.9973 -0.0280 0.0233 0.9981 0.0496
1123.0000 -1361.8052 688.1464 -70.1347 -0.0264 0.0205 0.9983 0.0484
1124.0000 -1364.2600 688.3730 -70.2952 -0.0269 0.0194 0.9983 0.0473
1125.0000 -1366.7496 688.5980 -70.4171 -0.0287 0.0202 0.9983 0.0458
1126.0000 -1369.2157 688.8108 -70.5222 -0.0297 0.0218 0.9983 0.0443
1127.0000 -1371.6469 689.0134 -70.6260 -0.0286 0.0219 0.9984 0.0428
1128.0000 -1374.0899 689.2153 -70.7408 -0.0266 0.0206 0.9986 0.0414
1129.0000 -1376.5235 689.4172 -70.8665 -0.0262 0.0190 0.9987 0.0401
1130.0000 -1378.9716 689.6131 -70.9920 -0.0282 0.0175 0.9987 0.0386
1131.0000 -1381.4141 689.7852 -71.1310 -0.0305 0.0165 0.9987 0.0371
1132.0000 -1383.8574 689.9405 -71.2728 -0.0310 0.0171 0.9987 0.0356
1133.0000 -1386.3104 690.1007 -71.3884 -0.0298 0.0183 0.9988 0.0343
1134.0000 -1388.7291 690.2661 -71.4816 -0.0281 0.0186 0.9989 0.0329
1135.0000 -1391.1581 690.4274 -71.6054 -0.0272 0.0179 0.9990 0.0315
1136.0000 -1393.5992 690.5701 -71.7581 -0.0275 0.0175 0.9990 0.0301
1137.0000 -1396.0774 690.7056 -71.8885 -0.0276 0.0183 0.9990 0.0287
1138.0000 -1398.5225 690.8420 -71.9773 -0.0267 0.0197 0.9991 0.0275
1139.0000 -1400.9537 690.9772 -72.0661 -0.0255 0.0200 0.9991 0.0263
1140.0000 -1403.3875 691.1056 -72.1872 -0.0248 0.0197 0.9992 0.0251
1141.0000 -1405.8177 691.2075 -72.2982 -0.0243 0.0193 0.9992 0.0237
1142.0000 -1408.2667 691.3164 -72.4029 -0.0251 0.0187 0.9993 0.0225
1143.0000 -1410.7069 691.4223 -72.5152 -0.0276 0.0185 0.9992 0.0213
1144.0000 -1413.1421 691.5099 -72.6382 -0.0293 0.0194 0.9992 0.0200
1145.0000 -1415.5814 691.5974 -72.7616 -0.0290 0.0204 0.9992 0.0187
1146.0000 -1418.0314 691.6870 -72.8666 -0.0276 0.0207 0.9993 0.0170
1147.0000 -1420.4608 691.7677 -72.9744 -0.0270 0.0197 0.9993 0.0154
1148.0000 -1422.9013 691.8303 -73.1173 -0.0282 0.0186 0.9993 0.0137
1149.0000 -1425.3300 691.8763 -73.2749 -0.0304 0.0191 0.9993 0.0118
1150.0000 -1427.7693 691.9229 -73.4099 -0.0315 0.0217 0.9992 0.0099
1151.0000 -1430.2465 691.9712 -73.5078 -0.0312 0.0253 0.9992 0.0080
1152.0000 -1432.6949 692.0098 -73.5910 -0.0288 0.0268 0.9992 0.0061
1153.0000 -1435.0881 692.0338 -73.6849 -0.0252 0.0237 0.9994 0.0044
1154.0000 -1437.5000 692.0383 -73.8419 -0.0237 0.0185 0.9995 0.0025
1155.0000 -1439.9418 692.0339 -74.0116 -0.0251 0.0170 0.9995 0.0009
1156.0000 -1442.4143 692.0326 -74.1064 -0.0270 0.0195 0.9994 -0.0008
1157.0000 -1444.8685 692.0255 -74.1391 -0.0272 0.0229 0.9994 -0.0028
1158.0000 -1447.2769 692.0010 -74.2026 -0.0267 0.0236 0.9994 -0.0047
1159.0000 -1449.6916 691.9645 -74.3396 -0.0263 0.0217 0.9994 -0.0067
1160.0000 -1452.1425 691.9293 -74.5064 -0.0258 0.0194 0.9994 -0.0084
1161.0000 -1454.6198 691.8811 -74.6338 -0.0255 0.0190 0.9994 -0.0099
1162.0000 -1457.0520 691.8276 -74.7147 -0.0259 0.0204 0.9994 -0.0118
1163.0000 -1459.4767 691.7601 -74.7694 -0.0260 0.0221 0.9993 -0.0138
1164.0000 -1461.9005 691.6791 -74.8538 -0.0254 0.0228 0.9993 -0.0158
1165.0000 -1464.3384 691.5920 -74.9803 -0.0249 0.0223 0.9993 -0.0176
1166.0000 -1466.7668 691.5032 -75.1125 -0.0249 0.0213 0.9993 -0.0193
1167.0000 -1469.2016 691.3975 -75.2199 -0.0252 0.0207 0.9992 -0.0212
1168.0000 -1471.6359 691.2895 -75.2985 -0.0253 0.0208 0.9992 -0.0230
1169.0000 -1474.0641 691.1723 -75.3823 -0.0254 0.0213 0.9991 -0.0246
1170.0000 -1476.4955 691.0390 -75.4842 -0.0255 0.0215 0.9991 -0.0262
1171.0000 -1478.9082 690.8983 -75.5876 -0.0250 0.0212 0.9991 -0.0279
1172.0000 -1481.3320 690.7500 -75.6877 -0.0242 0.0204 0.9991 -0.0295
1173.0000 -1483.7493 690.6014 -75.7928 -0.0240 0.0199 0.9990 -0.0310
1174.0000 -1486.1655 690.4433 -75.8974 -0.0241 0.0200 0.9990 -0.0324
1175.0000 -1488.5969 690.2793 -75.9797 -0.0241 0.0208 0.9989 -0.0339
1176.0000 -1491.0166 690.1082 -76.0481 -0.0242 0.0219 0.9988 -0.0353
1177.0000 -1493.4060 689.9300 -76.1256 -0.0246 0.0222 0.9988 -0.0367
1178.0000 -1495.8140 689.7475 -76.2381 -0.0250 0.0220 0.9987 -0.0381
1179.0000 -1498.2412 689.5583 -76.3595 -0.0249 0.0220 0.9987 -0.0394
1180.0000 -1500.6544 689.3584 -76.4503 -0.0245 0.0223 0.9986 -0.0408
1181.0000 -1503.0507 689.1457 -76.5251 -0.0244 0.0228 0.9985 -0.0423
1182.0000 -1505.4265 688.9336 -76.6071 -0.0244 0.0228 0.9985 -0.0438
1183.0000 -1507.8207 688.7164 -76.7086 -0.0241 0.0227 0.9984 -0.0452
1184.0000 -1510.2415 688.4871 -76.8195 -0.0234 0.0224 0.9984 -0.0468
1185.0000 -1512.6514 688.2536 -76.9160 -0.0236 0.0226 0.9983 -0.0484
1186.0000 -1515.0299 688.0173 -76.9913 -0.0250 0.0229 0.9982 -0.0500
1187.0000 -1517.4347 687.7666 -77.0697 -0.0259 0.0238 0.9981 -0.0514
1188.0000 -1519.8320 687.5122 -77.1583 -0.0254 0.0241 0.9980 -0.0529
1189.0000 -1522.2063 687.2540 -77.2605 -0.0241 0.0237 0.9979 -0.0546
1190.0000 -1524.5705 686.9828 -77.3702 -0.0232 0.0232 0.9979 -0.0562
1191.0000 -1526.9582 686.7054 -77.4669 -0.0232 0.0230 0.9978 -0.0576
1192.0000 -1529.3583 686.4207 -77.5392 -0.0232 0.0229 0.9977 -0.0589
1193.0000 -1531.7631 686.1182 -77.6144 -0.0229 0.0230 0.9977 -0.0602
1194.0000 -1534.1291 685.8173 -77.7015 -0.0231 0.0232 0.9975 -0.0618
1195.0000 -1536.4774 685.5158 -77.7854 -0.0234 0.0235 0.9974 -0.0634
1196.0000 -1538.8458 685.2078 -77.8672 -0.0231 0.0240 0.9973 -0.0648
1197.0000 -1541.2398 684.8940 -77.9374 -0.0225 0.0240 0.9973 -0.0660
1198.0000 -1543.6274 684.5625 -78.0270 -0.0221 0.0236 0.9972 -0.0672
1199.0000 -1545.9994 684.2320 -78.1262 -0.0219 0.0235 0.9971 -0.0684
1200.0000 -1548.3710 683.8981 -78.2076 -0.0221 0.0236 0.9970 -0.0696
1201.0000 -1550.7584 683.5549 -78.2714 -0.0223 0.0237 0.9969 -0.0710
1202.0000 -1553.1307 683.2159 -78.3515 -0.0222 0.0239 0.9969 -0.0721
1203.0000 -1555.5130 682.8673 -78.4376 -0.0219 0.0241 0.9968 -0.0732
1204.0000 -1557.8952 682.5032 -78.5208 -0.0220 0.0245 0.9967 -0.0744
1205.0000 -1560.2800 682.1366 -78.5903 -0.0218 0.0248 0.9966 -0.0758
1206.0000 -1562.6471 681.7638 -78.6560 -0.0211 0.0248 0.9965 -0.0772
1207.0000 -1565.0051 681.3831 -78.7269 -0.0206 0.0241 0.9964 -0.0785
1208.0000 -1567.3743 680.9980 -78.8221 -0.0205 0.0239 0.9963 -0.0796
1209.0000 -1569.7441 680.6054 -78.9013 -0.0209 0.0245 0.9962 -0.0808
1210.0000 -1572.1082 680.2097 -78.9394 -0.0210 0.0251 0.9961 -0.0821
1211.0000 -1574.4872 679.8190 -78.9952 -0.0210 0.0246 0.9960 -0.0834
1212.0000 -1576.8543 679.4144 -79.0928 -0.0219 0.0233 0.9959 -0.0845
1213.0000 -1579.2095 679.0012 -79.2000 -0.0221 0.0224 0.9958 -0.0857
1214.0000 -1581.6241 678.5558 -79.2829 -0.0212 0.0223 0.9957 -0.0871
1215.0000 -1584.0023 678.1200 -79.3384 -0.0201 0.0233 0.9956 -0.0885
1216.0000 -1586.3532 677.6940 -79.3853 -0.0197 0.0246 0.9954 -0.0902
1217.0000 -1588.6875 677.2675 -79.4356 -0.0195 0.0250 0.9953 -0.0920
1218.0000 -1591.0466 676.8173 -79.5027 -0.0195 0.0235 0.9951 -0.0936
1219.0000 -1593.4276 676.3571 -79.5985 -0.0202 0.0213 0.9951 -0.0948
1220.0000 -1595.8113 675.8804 -79.6995 -0.0211 0.0209 0.9950 -0.0958
1221.0000 -1598.1463 675.4077 -79.7622 -0.0225 0.0221 0.9948 -0.0972
1222.0000 -1600.4962 674.9522 -79.7954 -0.0222 0.0237 0.9946 -0.0988
1223.0000 -1602.8455 674.4821 -79.8432 -0.0208 0.0231 0.9945 -0.0999
1224.0000 -1605.2086 673.9947 -79.9606 -0.0203 0.0213 0.9945 -0.1006
1225.0000 -1607.5723 673.4968 -80.0753 -0.0211 0.0206 0.9945 -0.1009
1226.0000 -1609.9407 672.9905 -80.1356 -0.0217 0.0212 0.9944 -0.1015
1227.0000 -1612.2985 672.4989 -80.1713 -0.0212 0.0222 0.9942 -0.1027
1228.0000 -1614.6505 672.0072 -80.2272 -0.0206 0.0224 0.9941 -0.1036
1229.0000 -1617.0063 671.4979 -80.3192 -0.0206 0.0218 0.9941 -0.1044
1230.0000 -1619.3568 670.9825 -80.4130 -0.0208 0.0215 0.9940 -0.1052
1231.0000 -1621.7152 670.4736 -80.4879 -0.0210 0.0219 0.9939 -0.1060
1232.0000 -1624.1063 669.9488 -80.5378 -0.0209 0.0227 0.9938 -0.1066
1233.0000 -1626.4482 669.4353 -80.5975 -0.0206 0.0230 0.9938 -0.1072
1234.0000 -1628.7751 668.9282 -80.6791 -0.0206 0.0229 0.9936 -0.1082
1235.0000 -1631.0996 668.4155 -80.7618 -0.0204 0.0230 0.9935 -0.1092
1236.0000 -1633.4607 667.8763 -80.8052 -0.0195 0.0227 0.9935 -0.1100
1237.0000 -1635.8321 667.3286 -80.8642 -0.0194 0.0224 0.9934 -0.1107
1238.0000 -1638.2018 666.7757 -80.9377 -0.0200 0.0224 0.9933 -0.1114
1239.0000 -1640.5154 666.2523 -81.0069 -0.0201 0.0228 0.9932 -0.1120
1240.0000 -1642.8443 665.7172 -81.0729 -0.0204 0.0234 0.9931 -0.1129
1241.0000 -1645.2032 665.1808 -81.1329 -0.0212 0.0247 0.9930 -0.1137
1242.0000 -1647.5881 664.6147 -81.1848 -0.0212 0.0251 0.9929 -0.1145
1243.0000 -1649.9480 664.0387 -81.2686 -0.0206 0.0243 0.9928 -0.1152
1244.0000 -1652.2689 663.4791 -81.3675 -0.0199 0.0240 0.9928 -0.1158
1245.0000 -1654.6086 662.9183 -81.4255 -0.0203 0.0245 0.9927 -0.1166
1246.0000 -1656.9734 662.3686 -81.4567 -0.0215 0.0250 0.9925 -0.1174
1247.0000 -1659.3175 661.7958 -81.5117 -0.0218 0.0247 0.9925 -0.1179
1248.0000 -1661.6676 661.2108 -81.6187 -0.0215 0.0237 0.9925 -0.1184
1249.0000 -1664.0255 660.6255 -81.7258 -0.0210 0.0235 0.9924 -0.1189
1250.0000 -1666.3613 660.0581 -81.7830 -0.0209 0.0246 0.9923 -0.1194
1251.0000 -1668.6963 659.4841 -81.8078 -0.0209 0.0262 0.9922 -0.1203
1252.0000 -1671.0198 658.9170 -81.8439 -0.0206 0.0272 0.9920 -0.1212
1253.0000 -1673.3482 658.3335 -81.9264 -0.0201 0.0264 0.9920 -0.1219
1254.0000 -1675.7014 657.7311 -82.0416 -0.0195 0.0255 0.9920 -0.1222
1255.0000 -1678.0490 657.1313 -82.1038 -0.0195 0.0253 0.9919 -0.1226
1256.0000 -1680.3720 656.5414 -82.1342 -0.0204 0.0255 0.9919 -0.1229
1257.0000 -1682.7111 655.9373 -82.1714 -0.0213 0.0253 0.9918 -0.1235
1258.0000 -1685.0776 655.3311 -82.2399 -0.0214 0.0239 0.9918 -0.1239
1259.0000 -1687.4202 654.7258 -82.3545 -0.0205 0.0226 0.9918 -0.1242
1260.0000 -1689.7803 654.1100 -82.4592 -0.0190 0.0230 0.9918 -0.1243
1261.0000 -1692.1187 653.5102 -82.4971 -0.0187 0.0245 0.9917 -0.1246
1262.0000 -1694.4473 652.9233 -82.5043 -0.0199 0.0256 0.9916 -0.1255
1263.0000 -1696.7959 652.3079 -82.5487 -0.0207 0.0260 0.9915 -0.1261
1264.0000 -1699.1592 651.6921 -82.6543 -0.0211 0.0263 0.9914 -0.1261
1265.0000 -1701.5211 651.0657 -82.7537 -0.0212 0.0267 0.9914 -0.1261
1266.0000 -1703.8801 650.4579 -82.8184 -0.0210 0.0273 0.9914 -0.1263
1267.0000 -1706.2103 649.8584 -82.8578 -0.0204 0.0277 0.9913 -0.1267
1268.0000 -1708.5499 649.2327 -82.9114 -0.0201 0.0277 0.9913 -0.1271
1269.0000 -1710.9174 648.5969 -82.9975 -0.0203 0.0272 0.9913 -0.1271
1270.0000 -1713.2881 647.9696 -83.0958 -0.0205 0.0271 0.9913 -0.1272
1271.0000 -1715.6599 647.3452 -83.1540 -0.0201 0.0274 0.9913 -0.1272
1272.0000 -1718.0238 646.7253 -83.1929 -0.0198 0.0277 0.9913 -0.1274
1273.0000 -1720.3903 646.1045 -83.2550 -0.0197 0.0275 0.9912 -0.1277
1274.0000 -1722.7573 645.4702 -83.3283 -0.0195 0.0270 0.9912 -0.1280
1275.0000 -1725.1307 644.8280 -83.3970 -0.0191 0.0264 0.9912 -0.1281
1276.0000 -1727.5270 644.1934 -83.4653 -0.0193 0.0262 0.9912 -0.1282
1277.0000 -1729.9161 643.5619 -83.5171 -0.0194 0.0264 0.9912 -0.1284
1278.0000 -1732.2846 642.9351 -83.5670 -0.0196 0.0265 0.9912 -0.1285
1279.0000 -1734.6592 642.2968 -83.6312 -0.0198 0.0264 0.9911 -0.1286
1280.0000 -1737.0477 641.6512 -83.7105 -0.0195 0.0264 0.9911 -0.1289
1281.0000 -1739.4406 641.0101 -83.7812 -0.0193 0.0265 0.9911 -0.1292
1282.0000 -1741.8363 640.3716 -83.8332 -0.0196 0.0268 0.9910 -0.1295
1283.0000 -1744.2149 639.7347 -83.8825 -0.0199 0.0272 0.9910 -0.1298
1284.0000 -1746.6007 639.0978 -83.9405 -0.0196 0.0273 0.9909 -0.1301
1285.0000 -1748.9948 638.4529 -84.0153 -0.0196 0.0271 0.9909 -0.1304
1286.0000 -1751.3897 637.8058 -84.0847 -0.0202 0.0273 0.9909 -0.1306
1287.0000 -1753.7944 637.1605 -84.1679 -0.0209 0.0288 0.9908 -0.1307
1288.0000 -1756.1918 636.5183 -84.2155 -0.0212 0.0305 0.9907 -0.1309
1289.0000 -1758.6038 635.8653 -84.2537 -0.0205 0.0309 0.9907 -0.1311
1290.0000 -1761.0236 635.2072 -84.3467 -0.0200 0.0314 0.9906 -0.1314
1291.0000 -1763.4380 634.5536 -84.4243 -0.0197 0.0318 0.9906 -0.1317
1292.0000 -1765.8420 633.8958 -84.4830 -0.0197 0.0318 0.9906 -0.1318
1293.0000 -1768.2378 633.2374 -84.5419 -0.0203 0.0316 0.9905 -0.1319
1294.0000 -1770.6442 632.5738 -84.6121 -0.0214 0.0316 0.9905 -0.1320
1295.0000 -1773.0631 631.9166 -84.6773 -0.0222 0.0321 0.9904 -0.1322
1296.0000 -1775.4895 631.2598 -84.7354 -0.0219 0.0331 0.9904 -0.1324
1297.0000 -1777.9140 630.5991 -84.8106 -0.0213 0.0343 0.9904 -0.1324
1298.0000 -1780.3408 629.9308 -84.8838 -0.0207 0.0349 0.9904 -0.1324
1299.0000 -1782.7376 629.2732 -84.9592 -0.0217 0.0350 0.9904 -0.1322
1300.0000 -1785.1453 628.6237 -85.0305 -0.0230 0.0356 0.9903 -0.1322
1301.0000 -1787.5822 627.9565 -85.0973 -0.0223 0.0369 0.9903 -0.1323
1302.0000 -1789.9956 627.2841 -85.1595 -0.0205 0.0373 0.9903 -0.1322
1303.0000 -1792.4237 626.6149 -85.2278 -0.0204 0.0370 0.9903 -0.1321
1304.0000 -1794.8567 625.9603 -85.3004 -0.0217 0.0369 0.9903 -0.1320
1305.0000 -1797.2952 625.3009 -85.3534 -0.0227 0.0372 0.9903 -0.1321
1306.0000 -1799.7374 624.6364 -85.4209 -0.0224 0.0379 0.9903 -0.1321
1307.0000 -1802.1764 623.9649 -85.4979 -0.0218 0.0387 0.9903 -0.1317
1308.0000 -1804.6077 623.2910 -85.5852 -0.0226 0.0384 0.9903 -0.1315
1309.0000 -1807.0675 622.6274 -85.6594 -0.0240 0.0370 0.9903 -0.1315
1310.0000 -1809.5332 621.9648 -85.7330 -0.0240 0.0365 0.9904 -0.1313
1311.0000 -1811.9802 621.2905 -85.8148 -0.0228 0.0377 0.9904 -0.1310
1312.0000 -1814.4380 620.6158 -85.8788 -0.0217 0.0393 0.9904 -0.1310
1313.0000 -1816.9017 619.9554 -85.9507 -0.0225 0.0407 0.9903 -0.1311
1314.0000 -1819.3576 619.2974 -86.0192 -0.0243 0.0408 0.9902 -0.1312
1315.0000 -1821.7926 618.6437 -86.1092 -0.0258 0.0410 0.9902 -0.1310
1316.0000 -1824.2708 617.9684 -86.2079 -0.0267 0.0421 0.9901 -0.1309
1317.0000 -1826.7553 617.2935 -86.2941 -0.0267 0.0433 0.9902 -0.1305
1318.0000 -1829.2130 616.6298 -86.3601 -0.0244 0.0438 0.9902 -0.1302
1319.0000 -1831.6668 615.9623 -86.4252 -0.0208 0.0430 0.9903 -0.1303
1320.0000 -1834.1437 615.2950 -86.4962 -0.0190 0.0414 0.9904 -0.1304
1321.0000 -1836.6452 614.6236 -86.5803 -0.0208 0.0408 0.9904 -0.1305
1322.0000 -1839.1477 613.9500 -86.6496 -0.0235 0.0419 0.9903 -0.1304
1323.0000 -1841.6243 613.2858 -86.7086 -0.0248 0.0435 0.9902 -0.1303
1324.0000 -1844.1062 612.6215 -86.7667 -0.0240 0.0431 0.9902 -0.1303
1325.0000 -1846.5967 611.9420 -86.8613 -0.0224 0.0418 0.9904 -0.1302
1326.0000 -1849.1108 611.2622 -86.9610 -0.0213 0.0412 0.9904 -0.1299
1327.0000 -1851.6451 610.5833 -87.0282 -0.0215 0.0416 0.9904 -0.1299
1328.0000 -1854.1491 609.9157 -87.0822 -0.0228 0.0421 0.9904 -0.1299
1329.0000 -1856.6317 609.2435 -87.1436 -0.0237 0.0419 0.9904 -0.1299
1330.0000 -1859.1368 608.5728 -87.2151 -0.0234 0.0404 0.9904 -0.1298
1331.0000 -1861.6628 607.8858 -87.3112 -0.0223 0.0394 0.9905 -0.1295
1332.0000 -1864.1816 607.2133 -87.3971 -0.0213 0.0398 0.9906 -0.1293
1333.0000 -1866.6913 606.5466 -87.4565 -0.0216 0.0407 0.9905 -0.1294
1334.0000 -1869.2008 605.8791 -87.5124 -0.0228 0.0413 0.9905 -0.1293
1335.0000 -1871.7345 605.2029 -87.5906 -0.0239 0.0414 0.9905 -0.1291
1336.0000 -1874.2904 604.5216 -87.6753 -0.0235 0.0419 0.9905 -0.1288
1337.0000 -1876.8034 603.8538 -87.7451 -0.0222 0.0423 0.9906 -0.1285
1338.0000 -1879.3303 603.1796 -87.8251 -0.0216 0.0425 0.9906 -0.1283
1339.0000 -1881.8733 602.5040 -87.8888 -0.0215 0.0419 0.9906 -0.1282
1340.0000 -1884.4279 601.8233 -87.9687 -0.0218 0.0410 0.9907 -0.1278
1341.0000 -1886.9711 601.1379 -88.0529 -0.0232 0.0401 0.9908 -0.1274
1342.0000 -1889.5122 600.4657 -88.1250 -0.0248 0.0399 0.9908 -0.1271
1343.0000 -1892.0699 599.8019 -88.1931 -0.0248 0.0403 0.9908 -0.1267
1344.0000 -1894.6339 599.1318 -88.2825 -0.0237 0.0411 0.9908 -0.1264
1345.0000 -1897.1936 598.4594 -88.3837 -0.0231 0.0418 0.9909 -0.1259
1346.0000 -1899.7360 597.7947 -88.4714 -0.0240 0.0422 0.9909 -0.1255
1347.0000 -1902.2960 597.1260 -88.5368 -0.0249 0.0425 0.9909 -0.1252
1348.0000 -1904.8651 596.4622 -88.6095 -0.0246 0.0427 0.9910 -0.1247
1349.0000 -1907.4519 595.7970 -88.7013 -0.0235 0.0423 0.9911 -0.1240
1350.0000 -1910.0332 595.1374 -88.7897 -0.0230 0.0416 0.9912 -0.1234
1351.0000 -1912.5951 594.4772 -88.8813 -0.0236 0.0412 0.9913 -0.1230
1352.0000 -1915.1533 593.8210 -88.9676 -0.0245 0.0413 0.9913 -0.1225
1353.0000 -1917.7322 593.1693 -89.0388 -0.0243 0.0417 0.9914 -0.1217
1354.0000 -1920.3241 592.5216 -89.1076 -0.0233 0.0418 0.9915 -0.1210
1355.0000 -1922.9182 591.8659 -89.1877 -0.0224 0.0414 0.9916 -0.1204
1356.0000 -1925.4868 591.2203 -89.2734 -0.0226 0.0411 0.9917 -0.1196
1357.0000 -1928.0839 590.5752 -89.3587 -0.0238 0.0409 0.9918 -0.1191
1358.0000 -1930.6798 589.9447 -89.4378 -0.0251 0.0414 0.9918 -0.1185
1359.0000 -1933.2697 589.3191 -89.5220 -0.0265 0.0426 0.9917 -0.1181
1360.0000 -1935.8535 588.6907 -89.6071 -0.0270 0.0435 0.9917 -0.1175
1361.0000 -1938.4582 588.0527 -89.7081 -0.0260 0.0440 0.9918 -0.1169
1362.0000 -1941.0700 587.4176 -89.8013 -0.0245 0.0439 0.9919 -0.1163
1363.0000 -1943.6620 586.8075 -89.8958 -0.0235 0.0438 0.9920 -0.1157
1364.0000 -1946.2311 586.2002 -89.9857 -0.0239 0.0436 0.9921 -0.1154
1365.0000 -1948.8366 585.5696 -90.0633 -0.0250 0.0434 0.9921 -0.1153
1366.0000 -1951.4535 584.9466 -90.1433 -0.0259 0.0435 0.9921 -0.1148
1367.0000 -1954.0836 584.3306 -90.2294 -0.0257 0.0435 0.9922 -0.1143
1368.0000 -1956.6832 583.7113 -90.3147 -0.0253 0.0434 0.9922 -0.1137
1369.0000 -1959.2887 583.1066 -90.4113 -0.0257 0.0439 0.9923 -0.1131
1370.0000 -1961.8845 582.5036 -90.5146 -0.0265 0.0456 0.9923 -0.1124
1371.0000 -1964.4819 581.8955 -90.5988 -0.0265 0.0469 0.9923 -0.1117
1372.0000 -1967.1002 581.2940 -90.6766 -0.0256 0.0462 0.9924 -0.1110
1373.0000 -1969.7202 580.6939 -90.7812 -0.0249 0.0451 0.9926 -0.1103
1374.0000 -1972.3420 580.0982 -90.8956 -0.0252 0.0452 0.9926 -0.1097
1375.0000 -1974.9583 579.5064 -90.9739 -0.0253 0.0458 0.9927 -0.1091
1376.0000 -1977.5657 578.9210 -91.0419 -0.0250 0.0459 0.9927 -0.1084
1377.0000 -1980.1749 578.3289 -91.1372 -0.0253 0.0456 0.9928 -0.1077
1378.0000 -1982.8110 577.7469 -91.2348 -0.0259 0.0449 0.9929 -0.1071
1379.0000 -1985.4499 577.1662 -91.3351 -0.0263 0.0448 0.9929 -0.1066
1380.0000 -1988.0644 576.5975 -91.4346 -0.0261 0.0450 0.9930 -0.1061
1381.0000 -1990.6979 576.0233 -91.5332 -0.0256 0.0454 0.9930 -0.1056
1382.0000 -1993.3307 575.4400 -91.6155 -0.0251 0.0453 0.9931 -0.1050
1383.0000 -1995.9635 574.8683 -91.7170 -0.0251 0.0455 0.9932 -0.1043
1384.0000 -1998.5937 574.3173 -91.8044 -0.0252 0.0458 0.9932 -0.1038
1385.0000 -2001.2066 573.7669 -91.8889 -0.0253 0.0463 0.9933 -0.1033
1386.0000 -2003.8259 573.2092 -91.9671 -0.0252 0.0460 0.9933 -0.1027
1387.0000 -2006.4753 572.6435 -92.0575 -0.0254 0.0452 0.9934 -0.1022
1388.0000 -2009.1223 572.0732 -92.1677 -0.0261 0.0449 0.9935 -0.1016
1389.0000 -2011.7457 571.5114 -92.2654 -0.0261 0.0447 0.9935 -0.1011
1390.0000 -2014.3811 570.9719 -92.3551 -0.0254 0.0444 0.9936 -0.1005
1391.0000 -2017.0146 570.4333 -92.4478 -0.0252 0.0440 0.9937 -0.0999
1392.0000 -2019.6597 569.8932 -92.5638 -0.0264 0.0447 0.9937 -0.0992
1393.0000 -2022.2938 569.3552 -92.6508 -0.0271 0.0458 0.9937 -0.0986
1394.0000 -2024.9203 568.8160 -92.7308 -0.0265 0.0466 0.9938 -0.0978
1395.0000 -2027.5609 568.2815 -92.8342 -0.0256 0.0466 0.9939 -0.0971
1396.0000 -2030.2159 567.7526 -92.9461 -0.0252 0.0457 0.9940 -0.0966
1397.0000 -2032.8658 567.2313 -93.0453 -0.0249 0.0444 0.9941 -0.0960
1398.0000 -2035.5000 566.7102 -93.1284 -0.0247 0.0434 0.9942 -0.0953
1399.0000 -2038.1230 566.1895 -93.2180 -0.0251 0.0434 0.9943 -0.0946
1400.0000 -2040.7583 565.6717 -93.3133 -0.0258 0.0446 0.9943 -0.0937
1401.0000 -2043.4104 565.1663 -93.3903 -0.0260 0.0459 0.9943 -0.0930
1402.0000 -2046.0618 564.6588 -93.4728 -0.0259 0.0456 0.9943 -0.0924
1403.0000 -2048.7148 564.1579 -93.5872 -0.0259 0.0443 0.9945 -0.0917
1404.0000 -2051.3560 563.6611 -93.7069 -0.0262 0.0434 0.9946 -0.0908
1405.0000 -2053.9971 563.1635 -93.8155 -0.0265 0.0438 0.9946 -0.0900
1406.0000 -2056.6623 562.6750 -93.8863 -0.0266 0.0447 0.9946 -0.0894
1407.0000 -2059.3192 562.1848 -93.9726 -0.0264 0.0449 0.9947 -0.0891
1408.0000 -2061.9585 561.7019 -94.0896 -0.0261 0.0444 0.9947 -0.0886
1409.0000 -2064.6048 561.2167 -94.2073 -0.0258 0.0440 0.9948 -0.0879
1410.0000 -2067.2629 560.7373 -94.3111 -0.0263 0.0438 0.9949 -0.0871
1411.0000 -2069.9215 560.2585 -94.4082 -0.0271 0.0441 0.9949 -0.0865
1412.0000 -2072.5803 559.7828 -94.4896 -0.0272 0.0445 0.9949 -0.0860
1413.0000 -2075.2117 559.3172 -94.5894 -0.0261 0.0446 0.9950 -0.0856
1414.0000 -2077.8628 558.8497 -94.7040 -0.0250 0.0440 0.9951 -0.0853
1415.0000 -2080.5248 558.3797 -94.8135 -0.0251 0.0430 0.9951 -0.0849
1416.0000 -2083.1830 557.9148 -94.9146 -0.0263 0.0427 0.9952 -0.0842
1417.0000 -2085.8518 557.4478 -94.9974 -0.0275 0.0429 0.9952 -0.0834
1418.0000 -2088.5165 556.9929 -95.0905 -0.0275 0.0436 0.9952 -0.0828
1419.0000 -2091.1735 556.5527 -95.2076 -0.0264 0.0438 0.9953 -0.0821
1420.0000 -2093.8263 556.0971 -95.3235 -0.0254 0.0436 0.9954 -0.0816
1421.0000 -2096.4768 555.6457 -95.4282 -0.0257 0.0429 0.9955 -0.0811
1422.0000 -2099.1432 555.1981 -95.5340 -0.0268 0.0425 0.9955 -0.0804
1423.0000 -2101.8115 554.7641 -95.6289 -0.0274 0.0425 0.9956 -0.0794
1424.0000 -2104.4615 554.3327 -95.7313 -0.0269 0.0427 0.9956 -0.0786
1425.0000 -2107.1225 553.8937 -95.8427 -0.0263 0.0426 0.9957 -0.0779
1426.0000 -2109.7866 553.4505 -95.9635 -0.0261 0.0423 0.9958 -0.0774
1427.0000 -2112.4650 553.0180 -96.0753 -0.0262 0.0419 0.9958 -0.0768
1428.0000 -2115.1250 552.6052 -96.1754 -0.0262 0.0415 0.9959 -0.0761
1429.0000 -2117.7862 552.1974 -96.2925 -0.0266 0.0412 0.9959 -0.0755
1430.0000 -2120.4680 551.7763 -96.3962 -0.0267 0.0416 0.9960 -0.0749
1431.0000 -2123.1281 551.3605 -96.4813 -0.0263 0.0420 0.9960 -0.0743
1432.0000 -2125.7928 550.9510 -96.5844 -0.0261 0.0419 0.9960 -0.0739
1433.0000 -2128.4479 550.5525 -96.7042 -0.0263 0.0418 0.9961 -0.0735
1434.0000 -2131.1245 550.1479 -96.8132 -0.0266 0.0421 0.9961 -0.0729
1435.0000 -2133.8037 549.7432 -96.9074 -0.0269 0.0425 0.9961 -0.0724
1436.0000 -2136.4632 549.3439 -97.0019 -0.0271 0.0428 0.9961 -0.0720
1437.0000 -2139.1122 548.9512 -97.1108 -0.0267 0.0427 0.9962 -0.0716
1438.0000 -2141.7839 548.5522 -97.2318 -0.0265 0.0421 0.9962 -0.0711
1439.0000 -2144.4614 548.1619 -97.3493 -0.0268 0.0415 0.9963 -0.0705
1440.0000 -2147.1404 547.7761 -97.4641 -0.0273 0.0416 0.9963 -0.0699
1441.0000 -2149.7948 547.3848 -97.5671 -0.0271 0.0416 0.9964 -0.0693
1442.0000 -2152.4642 546.9992 -97.6763 -0.0266 0.0416 0.9964 -0.0687
1443.0000 -2155.1299 546.6289 -97.7840 -0.0265 0.0416 0.9965 -0.0680
1444.0000 -2157.7935 546.2584 -97.8923 -0.0270 0.0416 0.9965 -0.0674
1445.0000 -2160.4768 545.8847 -98.0096 -0.0274 0.0418 0.9965 -0.0668
1446.0000 -2163.1575 545.5146 -98.1172 -0.0271 0.0418 0.9966 -0.0662
1447.0000 -2165.8334 545.1491 -98.2240 -0.0266 0.0414 0.9966 -0.0656
1448.0000 -2168.4850 544.7876 -98.3349 -0.0267 0.0405 0.9967 -0.0649
1449.0000 -2171.1569 544.4198 -98.4613 -0.0272 0.0397 0.9968 -0.0644
1450.0000 -2173.8304 544.0658 -98.5867 -0.0277 0.0402 0.9968 -0.0639
1451.0000 -2176.5078 543.7216 -98.6869 -0.0279 0.0412 0.9967 -0.0634
1452.0000 -2179.2022 543.3763 -98.7855 -0.0273 0.0417 0.9968 -0.0629
1453.0000 -2181.8708 543.0247 -98.8911 -0.0261 0.0413 0.9969 -0.0623
1454.0000 -2184.5197 542.6737 -99.0155 -0.0260 0.0403 0.9969 -0.0620
1455.0000 -2187.2092 542.3295 -99.1532 -0.0272 0.0399 0.9969 -0.0616
1456.0000 -2189.8977 541.9956 -99.2658 -0.0278 0.0406 0.9969 -0.0609
1457.0000 -2192.5848 541.6696 -99.3530 -0.0274 0.0416 0.9969 -0.0604
1458.0000 -2195.2626 541.3284 -99.4447 -0.0268 0.0417 0.9970 -0.0599
1459.0000 -2197.9180 540.9832 -99.5754 -0.0268 0.0414 0.9970 -0.0595
1460.0000 -2200.5844 540.6518 -99.7130 -0.0272 0.0411 0.9970 -0.0589
1461.0000 -2203.2818 540.3358 -99.8405 -0.0276 0.0411 0.9971 -0.0582
1462.0000 -2205.9827 540.0186 -99.9472 -0.0277 0.0413 0.9971 -0.0576
1463.0000 -2208.6797 539.6982 -100.0419 -0.0276 0.0416 0.9971 -0.0571
1464.0000 -2211.3636 539.3817 -100.1533 -0.0280 0.0415 0.9971 -0.0566
1465.0000 -2214.0393 539.0645 -100.2984 -0.0283 0.0411 0.9972 -0.0559
1466.0000 -2216.7106 538.7508 -100.4274 -0.0277 0.0407 0.9973 -0.0552
1467.0000 -2219.3894 538.4493 -100.5234 -0.0266 0.0395 0.9974 -0.0545
1468.0000 -2222.0547 538.1443 -100.6243 -0.0263 0.0393 0.9974 -0.0541
1469.0000 -2224.7378 537.8416 -100.7403 -0.0272 0.0398 0.9974 -0.0538
1470.0000 -2227.4322 537.5502 -100.8504 -0.0282 0.0406 0.9973 -0.0535
1471.0000 -2230.1108 537.2505 -100.9619 -0.0287 0.0405 0.9974 -0.0531
1472.0000 -2232.7857 536.9515 -101.1037 -0.0285 0.0400 0.9974 -0.0528
1473.0000 -2235.4648 536.6599 -101.2438 -0.0283 0.0395 0.9974 -0.0525
1474.0000 -2238.1418 536.3669 -101.3672 -0.0283 0.0396 0.9974 -0.0523
1475.0000 -2240.8217 536.0784 -101.4731 -0.0276 0.0402 0.9974 -0.0522
1476.0000 -2243.4970 535.7917 -101.5630 -0.0266 0.0400 0.9975 -0.0521
1477.0000 -2246.1655 535.4966 -101.6918 -0.0267 0.0396 0.9975 -0.0517
1478.0000 -2248.8463 535.2025 -101.8264 -0.0279 0.0392 0.9975 -0.0513
1479.0000 -2251.5319 534.9247 -101.9471 -0.0285 0.0389 0.9975 -0.0509
1480.0000 -2254.2125 534.6484 -102.0496 -0.0279 0.0386 0.9976 -0.0504
1481.0000 -2256.8669 534.3699 -102.1613 -0.0267 0.0388 0.9976 -0.0500
1482.0000 -2259.5398 534.0795 -102.2790 -0.0263 0.0389 0.9977 -0.0496
1483.0000 -2262.2355 533.8048 -102.4150 -0.0276 0.0390 0.9976 -0.0492
1484.0000 -2264.9129 533.5387 -102.5196 -0.0281 0.0391 0.9976 -0.0488
1485.0000 -2267.5676 533.2713 -102.6161 -0.0274 0.0381 0.9977 -0.0485
1486.0000 -2270.2353 532.9975 -102.7574 -0.0277 0.0370 0.9978 -0.0482
1487.0000 -2272.9199 532.7184 -102.9079 -0.0286 0.0371 0.9978 -0.0477
1488.0000 -2275.6147 532.4524 -103.0360 -0.0297 0.0382 0.9977 -0.0473
1489.0000 -2278.2859 532.1988 -103.1580 -0.0304 0.0403 0.9976 -0.0468
1490.0000 -2280.9492 531.9463 -103.2624 -0.0290 0.0423 0.9976 -0.0463
1491.0000 -2283.6155 531.6980 -103.3753 -0.0270 0.0421 0.9977 -0.0462
1492.0000 -2286.2943 531.4296 -103.5120 -0.0264 0.0408 0.9978 -0.0461
1493.0000 -2288.9758 531.1681 -103.6476 -0.0273 0.0399 0.9978 -0.0459
1494.0000 -2291.6380 530.9153 -103.7702 -0.0286 0.0406 0.9977 -0.0459
1495.0000 -2294.3208 530.6673 -103.8724 -0.0295 0.0419 0.9976 -0.0459
1496.0000 -2297.0090 530.4161 -103.9754 -0.0293 0.0421 0.9976 -0.0462
1497.0000 -2299.6620 530.1588 -104.1161 -0.0288 0.0411 0.9977 -0.0466
1498.0000 -2302.3164 529.8929 -104.2690 -0.0283 0.0403 0.9977 -0.0467
1499.0000 -2304.9926 529.6476 -104.3955 -0.0277 0.0400 0.9977 -0.0466
1500.0000 -2307.6852 529.3951 -104.4992 -0.0277 0.0400 0.9977 -0.0467
1501.0000 -2310.3441 529.1226 -104.6119 -0.0289 0.0399 0.9977 -0.0465
1502.0000 -2313.0024 528.8576 -104.7396 -0.0295 0.0399 0.9977 -0.0463
1503.0000 -2315.6675 528.6146 -104.8644 -0.0287 0.0397 0.9977 -0.0462
1504.0000 -2318.3274 528.3759 -104.9951 -0.0283 0.0388 0.9978 -0.0460
1505.0000 -2320.9898 528.1175 -105.1237 -0.0284 0.0384 0.9978 -0.0457
1506.0000 -2323.6479 527.8498 -105.2361 -0.0285 0.0382 0.9978 -0.0451
1507.0000 -2326.3188 527.5894 -105.3575 -0.0292 0.0381 0.9978 -0.0450
1508.0000 -2328.9720 527.3377 -105.4852 -0.0296 0.0387 0.9978 -0.0451
1509.0000 -2331.6508 527.0996 -105.6021 -0.0289 0.0384 0.9978 -0.0453
1510.0000 -2334.3161 526.8538 -105.7376 -0.0287 0.0374 0.9979 -0.0453
1511.0000 -2336.9551 526.6029 -105.8732 -0.0292 0.0367 0.9979 -0.0452
1512.0000 -2339.6042 526.3531 -106.0046 -0.0297 0.0364 0.9979 -0.0451
1513.0000 -2342.2662 526.1057 -106.1247 -0.0293 0.0364 0.9979 -0.0453
1514.0000 -2344.9174 525.8505 -106.2404 -0.0284 0.0364 0.9979 -0.0454
1515.0000 -2347.5696 525.5987 -106.3484 -0.0280 0.0357 0.9979 -0.0453
1516.0000 -2350.2210 525.3555 -106.4835 -0.0286 0.0342 0.9980 -0.0452
1517.0000 -2352.8789 525.1027 -106.6346 -0.0294 0.0336 0.9980 -0.0450
1518.0000 -2355.5396 524.8516 -106.7693 -0.0295 0.0341 0.9980 -0.0445
1519.0000 -2358.2188 524.6000 -106.8740 -0.0286 0.0347 0.9980 -0.0440
1520.0000 -2360.8486 524.3590 -106.9689 -0.0280 0.0338 0.9981 -0.0437
1521.0000 -2363.4932 524.1176 -107.1133 -0.0281 0.0329 0.9981 -0.0436
1522.0000 -2366.1423 523.8746 -107.2642 -0.0286 0.0324 0.9981 -0.0433
1523.0000 -2368.8073 523.6280 -107.3866 -0.0290 0.0327 0.9981 -0.0431
1524.0000 -2371.4607 523.3941 -107.4884 -0.0290 0.0331 0.9981 -0.0429
1525.0000 -2374.0967 523.1499 -107.6078 -0.0287 0.0332 0.9981 -0.0427
1526.0000 -2376.7607 522.9146 -107.7470 -0.0287 0.0325 0.9982 -0.0426
1527.0000 -2379.4247 522.6733 -107.8915 -0.0293 0.0323 0.9981 -0.0427
1528.0000 -2382.0400 522.4467 -108.0109 -0.0297 0.0319 0.9981 -0.0427
1529.0000 -2384.6599 522.2141 -108.1358 -0.0291 0.0317 0.9982 -0.0428
1530.0000 -2387.3218 521.9685 -108.2568 -0.0282 0.0310 0.9982 -0.0427
1531.0000 -2389.9942 521.7207 -108.3828 -0.0282 0.0305 0.9982 -0.0429
1532.0000 -2392.6358 521.4872 -108.5069 -0.0295 0.0301 0.9982 -0.0431
1533.0000 -2395.2686 521.2564 -108.6402 -0.0306 0.0304 0.9981 -0.0433
1534.0000 -2397.8961 521.0214 -108.7695 -0.0303 0.0306 0.9981 -0.0434
1535.0000 -2400.5317 520.7905 -108.8881 -0.0291 0.0295 0.9982 -0.0432
1536.0000 -2403.1851 520.5317 -109.0244 -0.0281 0.0283 0.9983 -0.0431
1537.0000 -2405.8409 520.2817 -109.1558 -0.0281 0.0277 0.9983 -0.0433
1538.0000 -2408.4671 520.0514 -109.2804 -0.0291 0.0279 0.9982 -0.0433
1539.0000 -2411.0828 519.8241 -109.3965 -0.0300 0.0283 0.9982 -0.0434
1540.0000 -2413.7098 519.5857 -109.5187 -0.0297 0.0283 0.9982 -0.0434
1541.0000 -2416.3509 519.3335 -109.6506 -0.0288 0.0277 0.9983 -0.0434
1542.0000 -2418.9857 519.0940 -109.7939 -0.0284 0.0267 0.9983 -0.0437
1543.0000 -2421.6327 518.8631 -109.9259 -0.0285 0.0265 0.9983 -0.0439
1544.0000 -2424.2631 518.6240 -110.0361 -0.0286 0.0272 0.9982 -0.0440
1545.0000 -2426.8797 518.3787 -110.1525 -0.0286 0.0277 0.9982 -0.0443
1546.0000 -2429.5171 518.1299 -110.2869 -0.0287 0.0280 0.9982 -0.0445
1547.0000 -2432.1580 517.8820 -110.4131 -0.0290 0.0284 0.9982 -0.0446
1548.0000 -2434.7734 517.6539 -110.5315 -0.0289 0.0285 0.9982 -0.0447
1549.0000 -2437.4034 517.4240 -110.6622 -0.0287 0.0282 0.9982 -0.0448
1550.0000 -2440.0313 517.1800 -110.7943 -0.0286 0.0274 0.9982 -0.0449
1551.0000 -2442.6597 516.9229 -110.9208 -0.0284 0.0269 0.9982 -0.0451
1552.0000 -2445.2851 516.6722 -111.0315 -0.0281 0.0263 0.9982 -0.0452
1553.0000 -2447.9034 516.4266 -111.1563 -0.0283 0.0256 0.9983 -0.0451
1554.0000 -2450.5244 516.1786 -111.2934 -0.0286 0.0255 0.9982 -0.0452
1555.0000 -2453.1386 515.9339 -111.4176 -0.0282 0.0262 0.9982 -0.0454
1556.0000 -2455.7494 515.6856 -111.5227 -0.0275 0.0272 0.9982 -0.0456
1557.0000 -2458.3684 515.4378 -111.6377 -0.0273 0.0278 0.9982 -0.0460
1558.0000 -2460.9875 515.1928 -111.7651 -0.0278 0.0278 0.9981 -0.0466
1559.0000 -2463.6255 514.9375 -111.8938 -0.0280 0.0275 0.9981 -0.0472
1560.0000 -2466.2466 514.6799 -112.0190 -0.0278 0.0274 0.9981 -0.0477
1561.0000 -2468.8504 514.4254 -112.1293 -0.0273 0.0274 0.9981 -0.0482
1562.0000 -2471.4633 514.1526 -112.2439 -0.0270 0.0276 0.9981 -0.0489
1563.0000 -2474.0884 513.8787 -112.3634 -0.0280 0.0273 0.9980 -0.0496
1564.0000 -2476.7003 513.6091 -112.4843 -0.0294 0.0268 0.9979 -0.0504
1565.0000 -2479.3169 513.3386 -112.6145 -0.0299 0.0263 0.9979 -0.0512
1566.0000 -2481.9267 513.0596 -112.7464 -0.0291 0.0258 0.9979 -0.0517
1567.0000 -2484.5423 512.7745 -112.8788 -0.0279 0.0256 0.9979 -0.0521
1568.0000 -2487.1687 512.4827 -112.9972 -0.0274 0.0254 0.9979 -0.0527
1569.0000 -2489.7629 512.2010 -113.1161 -0.0282 0.0252 0.9978 -0.0537
1570.0000 -2492.3582 511.9167 -113.2468 -0.0293 0.0252 0.9978 -0.0546
1571.0000 -2494.9698 511.6247 -113.3639 -0.0293 0.0253 0.9977 -0.0552
1572.0000 -2497.5934 511.3244 -113.4866 -0.0286 0.0254 0.9977 -0.0555
1573.0000 -2500.1996 511.0195 -113.6087 -0.0283 0.0251 0.9977 -0.0561
1574.0000 -2502.8041 510.7062 -113.7402 -0.0279 0.0250 0.9977 -0.0568
1575.0000 -2505.3964 510.3987 -113.8619 -0.0276 0.0248 0.9977 -0.0575
1576.0000 -2508.0024 510.0887 -113.9740 -0.0276 0.0245 0.9976 -0.0583
1577.0000 -2510.5981 509.7736 -114.0985 -0.0283 0.0242 0.9976 -0.0590
1578.0000 -2513.2008 509.4537 -114.2226 -0.0287 0.0241 0.9975 -0.0594
1579.0000 -2515.8141 509.1254 -114.3489 -0.0287 0.0245 0.9975 -0.0598
1580.0000 -2518.4208 508.8032 -114.4623 -0.0284 0.0246 0.9975 -0.0601
1581.0000 -2521.0399 508.4841 -114.5741 -0.0279 0.0238 0.9975 -0.0607
1582.0000 -2523.6303 508.1544 -114.7021 -0.0279 0.0229 0.9975 -0.0611
1583.0000 -2526.2193 507.8218 -114.8437 -0.0282 0.0223 0.9975 -0.0615
1584.0000 -2528.8236 507.4865 -114.9627 -0.0279 0.0225 0.9974 -0.0619
1585.0000 -2531.4607 507.1494 -115.0707 -0.0277 0.0228 0.9974 -0.0623
1586.0000 -2534.0594 506.8190 -115.1889 -0.0280 0.0229 0.9974 -0.0628
1587.0000 -2536.6470 506.4679 -115.3184 -0.0287 0.0232 0.9973 -0.0633
1588.0000 -2539.2556 506.1321 -115.4472 -0.0287 0.0237 0.9973 -0.0637
1589.0000 -2541.8669 505.7943 -115.5624 -0.0284 0.0245 0.9972 -0.0642
1590.0000 -2544.4798 505.4553 -115.6762 -0.0280 0.0256 0.9972 -0.0644
1591.0000 -2547.0789 505.1094 -115.8006 -0.0283 0.0258 0.9972 -0.0648
1592.0000 -2549.6800 504.7626 -115.9298 -0.0289 0.0256 0.9971 -0.0654
1593.0000 -2552.2891 504.4047 -116.0624 -0.0293 0.0252 0.9971 -0.0658
1594.0000 -2554.9079 504.0463 -116.1815 -0.0284 0.0248 0.9971 -0.0661
1595.0000 -2557.5304 503.6768 -116.2908 -0.0273 0.0236 0.9971 -0.0664
1596.0000 -2560.1139 503.3053 -116.4320 -0.0276 0.0227 0.9971 -0.0670
1597.0000 -2562.7285 502.9455 -116.5543 -0.0280 0.0217 0.9971 -0.0676
1598.0000 -2565.3416 502.5790 -116.6524 -0.0278 0.0206 0.9971 -0.0682
1599.0000 -2567.9485 502.2004 -116.7714 -0.0281 0.0195 0.9971 -0.0687
1600.0000 -2570.5561 501.8278 -116.9104 -0.0284 0.0185 0.9970 -0.0691
1601.0000 -2573.1716 501.4502 -117.0435 -0.0278 0.0183 0.9970 -0.0695
1602.0000 -2575.8013 501.0778 -117.1563 -0.0266 0.0187 0.9970 -0.0698
1603.0000 -2578.4116 500.7098 -117.2534 -0.0257 0.0192 0.9970 -0.0703
1604.0000 -2581.0088 500.3330 -117.3706 -0.0264 0.0196 0.9969 -0.0711
1605.0000 -2583.5975 499.9317 -117.4883 -0.0280 0.0196 0.9968 -0.0718
1606.0000 -2586.2132 499.5335 -117.6164 -0.0289 0.0189 0.9968 -0.0723
1607.0000 -2588.8417 499.1482 -117.7554 -0.0290 0.0181 0.9968 -0.0724
1608.0000 -2591.4737 498.7585 -117.8835 -0.0285 0.0178 0.9968 -0.0726
1609.0000 -2594.0649 498.3746 -118.0110 -0.0286 0.0180 0.9968 -0.0731
1610.0000 -2596.6624 497.9820 -118.1384 -0.0293 0.0193 0.9967 -0.0737
1611.0000 -2599.2589 497.5811 -118.2473 -0.0293 0.0199 0.9966 -0.0743
1612.0000 -2601.8763 497.1741 -118.3513 -0.0276 0.0184 0.9966 -0.0748
1613.0000 -2604.4998 496.7678 -118.5002 -0.0262 0.0160 0.9967 -0.0752
1614.0000 -2607.1239 496.3490 -118.6481 -0.0266 0.0148 0.9967 -0.0757
1615.0000 -2609.7117 495.9386 -118.7598 -0.0276 0.0158 0.9966 -0.0764
1616.0000 -2612.3204 495.5113 -118.8496 -0.0288 0.0172 0.9965 -0.0772
1617.0000 -2614.9238 495.0926 -118.9551 -0.0288 0.0180 0.9964 -0.0779
1618.0000 -2617.5306 494.6874 -119.0858 -0.0278 0.0177 0.9963 -0.0789
1619.0000 -2620.1275 494.2669 -119.2294 -0.0274 0.0162 0.9963 -0.0799
1620.0000 -2622.7422 493.8203 -119.3744 -0.0274 0.0157 0.9962 -0.0807
1621.0000 -2625.3557 493.3750 -119.4935 -0.0277 0.0164 0.9962 -0.0812
1622.0000 -2627.9748 492.9440 -119.6027 -0.0278 0.0175 0.9961 -0.0818
1623.0000 -2630.5834 492.5120 -119.7121 -0.0276 0.0186 0.9960 -0.0826
1624.0000 -2633.2126 492.0523 -119.8367 -0.0278 0.0192 0.9959 -0.0836
1625.0000 -2635.8404 491.5988 -119.9654 -0.0278 0.0190 0.9958 -0.0848
1626.0000 -2638.4636 491.1408 -120.0977 -0.0276 0.0184 0.9958 -0.0856
1627.0000 -2641.0768 490.6811 -120.2245 -0.0277 0.0178 0.9957 -0.0864
1628.0000 -2643.6913 490.2144 -120.3493 -0.0278 0.0176 0.9956 -0.0873
1629.0000 -2646.3295 489.7366 -120.4668 -0.0279 0.0175 0.9956 -0.0882
1630.0000 -2648.9690 489.2580 -120.5905 -0.0276 0.0176 0.9955 -0.0889
1631.0000 -2651.5857 488.7667 -120.7064 -0.0270 0.0172 0.9954 -0.0899
1632.0000 -2654.2131 488.2787 -120.8268 -0.0269 0.0164 0.9953 -0.0911
1633.0000 -2656.8456 487.7790 -120.9600 -0.0276 0.0161 0.9952 -0.0921
1634.0000 -2659.4677 487.2696 -121.0816 -0.0280 0.0162 0.9952 -0.0928
1635.0000 -2662.1032 486.7717 -121.1956 -0.0285 0.0161 0.9951 -0.0935
1636.0000 -2664.7324 486.2600 -121.3363 -0.0294 0.0161 0.9950 -0.0943
1637.0000 -2667.3637 485.7497 -121.4715 -0.0294 0.0163 0.9949 -0.0950
1638.0000 -2670.0179 485.2264 -121.5927 -0.0286 0.0160 0.9949 -0.0957
1639.0000 -2672.6560 484.7057 -121.7279 -0.0279 0.0154 0.9948 -0.0962
1640.0000 -2675.2768 484.1855 -121.8576 -0.0274 0.0152 0.9948 -0.0968
1641.0000 -2677.9294 483.6494 -121.9736 -0.0272 0.0153 0.9947 -0.0979
1642.0000 -2680.5694 483.1086 -122.0966 -0.0277 0.0156 0.9946 -0.0988
1643.0000 -2683.2116 482.5703 -122.2063 -0.0277 0.0163 0.9945 -0.0996
1644.0000 -2685.8741 482.0294 -122.3264 -0.0271 0.0166 0.9944 -0.1005
1645.0000 -2688.5203 481.4857 -122.4573 -0.0265 0.0157 0.9943 -0.1017
1646.0000 -2691.1561 480.9236 -122.5920 -0.0263 0.0144 0.9942 -0.1030
1647.0000 -2693.8112 480.3490 -122.7208 -0.0263 0.0141 0.9941 -0.1040
1648.0000 -2696.4829 479.7740 -122.8300 -0.0262 0.0142 0.9940 -0.1050
1649.0000 -2699.1476 479.1901 -122.9332 -0.0261 0.0144 0.9939 -0.1059
1650.0000 -2701.8082 478.6129 -123.0392 -0.0261 0.0142 0.9938 -0.1072
1651.0000 -2704.4705 478.0242 -123.1625 -0.0265 0.0135 0.9937 -0.1085
1652.0000 -2707.1365 477.4217 -123.3006 -0.0267 0.0131 0.9935 -0.1096
1653.0000 -2709.8059 476.8112 -123.4269 -0.0260 0.0133 0.9934 -0.1106
1654.0000 -2712.4739 476.1980 -123.5232 -0.0251 0.0137 0.9933 -0.1118
1655.0000 -2715.1341 475.5750 -123.6242 -0.0252 0.0133 0.9932 -0.1131
1656.0000 -2717.8149 474.9556 -123.7599 -0.0265 0.0127 0.9930 -0.1142
1657.0000 -2720.5043 474.3225 -123.9004 -0.0276 0.0126 0.9929 -0.1151
1658.0000 -2723.1799 473.6702 -124.0284 -0.0281 0.0127 0.9928 -0.1158
1659.0000 -2725.8534 473.0236 -124.1450 -0.0282 0.0129 0.9927 -0.1166
1660.0000 -2728.5371 472.3873 -124.2561 -0.0277 0.0132 0.9926 -0.1173
1661.0000 -2731.2274 471.7507 -124.3862 -0.0266 0.0131 0.9925 -0.1182
1662.0000 -2733.9287 471.0870 -124.5252 -0.0255 0.0126 0.9925 -0.1190
1663.0000 -2736.6208 470.4139 -124.6437 -0.0250 0.0121 0.9924 -0.1199
1664.0000 -2739.3162 469.7326 -124.7595 -0.0259 0.0118 0.9923 -0.1207
1665.0000 -2742.0101 469.0526 -124.8801 -0.0275 0.0120 0.9921 -0.1216
1666.0000 -2744.7025 468.3762 -124.9960 -0.0274 0.0123 0.9920 -0.1226
1667.0000 -2747.3930 467.6992 -125.1127 -0.0255 0.0119 0.9920 -0.1235
1668.0000 -2750.0998 467.0103 -125.2406 -0.0242 0.0106 0.9919 -0.1243
1669.0000 -2752.8278 466.3006 -125.3672 -0.0242 0.0095 0.9918 -0.1250
1670.0000 -2755.5464 465.5780 -125.4850 -0.0244 0.0091 0.9917 -0.1257
1671.0000 -2758.2239 464.8615 -125.5851 -0.0246 0.0093 0.9916 -0.1264
1672.0000 -2760.9071 464.1500 -125.7016 -0.0257 0.0095 0.9915 -0.1273
1673.0000 -2763.6366 463.4381 -125.8353 -0.0267 0.0099 0.9913 -0.1284
1674.0000 -2766.3550 462.7193 -125.9560 -0.0253 0.0113 0.9912 -0.1292
1675.0000 -2769.0641 461.9896 -126.0673 -0.0235 0.0134 0.9911 -0.1300
1676.0000 -2771.7687 461.2616 -126.1793 -0.0249 0.0149 0.9909 -0.1311
1677.0000 -2774.4782 460.5260 -126.2898 -0.0275 0.0150 0.9907 -0.1324
1678.0000 -2777.2082 459.7704 -126.4190 -0.0275 0.0150 0.9905 -0.1339
1679.0000 -2779.9308 458.9951 -126.5360 -0.0252 0.0146 0.9903 -0.1358
1680.0000 -2782.6281 458.2256 -126.6511 -0.0231 0.0134 0.9901 -0.1378
1681.0000 -2785.3500 457.4580 -126.7856 -0.0239 0.0124 0.9898 -0.1398
1682.0000 -2788.0878 456.6663 -126.9117 -0.0266 0.0132 0.9894 -0.1418
1683.0000 -2790.8081 455.8529 -127.0032 -0.0284 0.0145 0.9891 -0.1438
1684.0000 -2793.5045 455.0260 -127.1064 -0.0278 0.0149 0.9888 -0.1459
1685.0000 -2796.2027 454.1972 -127.2373 -0.0255 0.0136 0.9886 -0.1477
1686.0000 -2798.9181 453.3592 -127.3723 -0.0235 0.0122 0.9884 -0.1498
1687.0000 -2801.6405 452.5109 -127.4964 -0.0230 0.0114 0.9881 -0.1519
1688.0000 -2804.3679 451.6358 -127.5962 -0.0239 0.0113 0.9877 -0.1540
1689.0000 -2807.0758 450.7638 -127.6943 -0.0253 0.0112 0.9874 -0.1560
1690.0000 -2809.7948 449.8736 -127.8100 -0.0257 0.0110 0.9870 -0.1581
1691.0000 -2812.5118 448.9724 -127.9378 -0.0256 0.0110 0.9867 -0.1600
1692.0000 -2815.2240 448.0536 -128.0663 -0.0262 0.0111 0.9864 -0.1618
1693.0000 -2817.9326 447.1257 -128.1777 -0.0263 0.0114 0.9861 -0.1638
1694.0000 -2820.6450 446.1804 -128.2847 -0.0248 0.0109 0.9857 -0.1662
1695.0000 -2823.3735 445.2335 -128.4107 -0.0240 0.0103 0.9854 -0.1683
1696.0000 -2826.0876 444.2730 -128.5385 -0.0251 0.0105 0.9850 -0.1702
1697.0000 -2828.7816 443.2983 -128.6476 -0.0265 0.0114 0.9847 -0.1720
1698.0000 -2831.4742 442.3186 -128.7443 -0.0266 0.0120 0.9844 -0.1737
1699.0000 -2834.1873 441.3301 -128.8706 -0.0255 0.0121 0.9841 -0.1754
1700.0000 -2836.9110 440.3187 -129.0004 -0.0245 0.0111 0.9838 -0.1770
1701.0000 -2839.5920 439.2961 -129.1030 -0.0243 0.0080 0.9836 -0.1783
1702.0000 -2842.2906 438.2634 -129.2590 -0.0255 0.0061 0.9834 -0.1795
1703.0000 -2844.9836 437.2302 -129.3901 -0.0269 0.0086 0.9831 -0.1807
1704.0000 -2847.6862 436.2013 -129.4283 -0.0261 0.0115 0.9828 -0.1823
1705.0000 -2850.3794 435.1408 -129.4918 -0.0237 0.0100 0.9826 -0.1841
1706.0000 -2853.0494 434.0875 -129.6465 -0.0216 0.0057 0.9823 -0.1857
1707.0000 -2855.7540 433.0229 -129.8573 -0.0222 0.0027 0.9821 -0.1870
1708.0000 -2858.4722 431.9395 -129.9975 -0.0260 0.0045 0.9818 -0.1882
1709.0000 -2861.1387 430.8677 -130.0189 -0.0283 0.0095 0.9815 -0.1892
1710.0000 -2863.7846 429.7957 -130.0366 -0.0267 0.0119 0.9812 -0.1906
1711.0000 -2866.4563 428.7049 -130.1775 -0.0236 0.0101 0.9811 -0.1918
1712.0000 -2869.1541 427.5981 -130.3936 -0.0225 0.0069 0.9809 -0.1930
1713.0000 -2871.8398 426.4825 -130.5547 -0.0240 0.0053 0.9807 -0.1938
1714.0000 -2874.4937 425.3809 -130.6258 -0.0250 0.0061 0.9806 -0.1942
1715.0000 -2877.1445 424.2862 -130.6510 -0.0247 0.0078 0.9806 -0.1945
1716.0000 -2879.8145 423.1662 -130.7293 -0.0241 0.0078 0.9805 -0.1950
1717.0000 -2882.5079 422.0331 -130.8937 -0.0242 0.0065 0.9804 -0.1953
1718.0000 -2885.1778 420.9020 -131.0523 -0.0248 0.0055 0.9804 -0.1956
1719.0000 -2887.8289 419.7931 -131.1542 -0.0251 0.0057 0.9803 -0.1959
1720.0000 -2890.4842 418.6824 -131.2262 -0.0250 0.0066 0.9802 -0.1965
1721.0000 -2893.1351 417.5574 -131.3119 -0.0247 0.0064 0.9801 -0.1971
1722.0000 -2895.7896 416.4237 -131.4537 -0.0249 0.0056 0.9799 -0.1978
1723.0000 -2898.4389 415.2909 -131.6064 -0.0251 0.0058 0.9798 -0.1983
1724.0000 -2901.0967 414.1688 -131.7108 -0.0246 0.0068 0.9797 -0.1987
1725.0000 -2903.7623 413.0398 -131.7755 -0.0238 0.0073 0.9797 -0.1991
1726.0000 -2906.3963 411.9008 -131.8660 -0.0235 0.0068 0.9795 -0.1998
1727.0000 -2909.0282 410.7476 -132.0080 -0.0244 0.0060 0.9794 -0.2002
1728.0000 -2911.6937 409.5902 -132.1460 -0.0248 0.0061 0.9793 -0.2008
1729.0000 -2914.3449 408.4591 -132.2322 -0.0239 0.0071 0.9793 -0.2011
1730.0000 -2916.9727 407.3296 -132.3100 -0.0226 0.0085 0.9792 -0.2016
1731.0000 -2919.5938 406.1858 -132.4022 -0.0233 0.0091 0.9790 -0.2024
1732.0000 -2922.2310 405.0209 -132.5239 -0.0255 0.0089 0.9788 -0.2030
1733.0000 -2924.8794 403.8618 -132.6511 -0.0261 0.0088 0.9787 -0.2035
1734.0000 -2927.5165 402.7118 -132.7543 -0.0246 0.0090 0.9787 -0.2038
1735.0000 -2930.1167 401.5580 -132.8609 -0.0239 0.0090 0.9785 -0.2046
1736.0000 -2932.7285 400.3911 -132.9770 -0.0248 0.0090 0.9783 -0.2055
1737.0000 -2935.3718 399.2090 -133.0861 -0.0253 0.0092 0.9781 -0.2064
1738.0000 -2938.0067 398.0232 -133.1799 -0.0246 0.0095 0.9779 -0.2073
1739.0000 -2940.6153 396.8508 -133.2670 -0.0236 0.0090 0.9777 -0.2084
1740.0000 -2943.2131 395.6570 -133.3573 -0.0230 0.0072 0.9775 -0.2096
1741.0000 -2945.8153 394.4578 -133.4774 -0.0226 0.0042 0.9772 -0.2110
1742.0000 -2948.4272 393.2527 -133.6377 -0.0228 0.0029 0.9770 -0.2121
1743.0000 -2951.0585 392.0484 -133.7613 -0.0237 0.0049 0.9767 -0.2131
1744.0000 -2953.6735 390.8510 -133.8309 -0.0250 0.0096 0.9764 -0.2143
1745.0000 -2956.2726 389.6522 -133.8596 -0.0260 0.0134 0.9760 -0.2157
1746.0000 -2958.8780 388.4215 -133.9302 -0.0255 0.0125 0.9757 -0.2171
1747.0000 -2961.4760 387.1814 -134.1074 -0.0240 0.0089 0.9756 -0.2182
1748.0000 -2964.0857 385.9326 -134.3124 -0.0229 0.0071 0.9754 -0.2191
1749.0000 -2966.6856 384.6899 -134.4129 -0.0236 0.0082 0.9751 -0.2205
1750.0000 -2969.2701 383.4388 -134.4380 -0.0254 0.0101 0.9747 -0.2219
1751.0000 -2971.8413 382.1831 -134.4939 -0.0258 0.0108 0.9744 -0.2232
1752.0000 -2974.4118 380.9326 -134.6330 -0.0242 0.0102 0.9741 -0.2245
1753.0000 -2977.0194 379.6592 -134.7948 -0.0226 0.0099 0.9739 -0.2258
1754.0000 -2979.6076 378.3882 -134.8960 -0.0225 0.0103 0.9736 -0.2270
1755.0000 -2982.1933 377.0909 -134.9523 -0.0233 0.0108 0.9732 -0.2283
1756.0000 -2984.7797 375.7846 -135.0461 -0.0241 0.0112 0.9729 -0.2296
1757.0000 -2987.3485 374.4920 -135.1646 -0.0246 0.0121 0.9726 -0.2308
1758.0000 -2989.9211 373.1947 -135.2675 -0.0243 0.0130 0.9723 -0.2321
1759.0000 -2992.5037 371.8658 -135.3505 -0.0240 0.0130 0.9720 -0.2335
1760.0000 -2995.0726 370.5399 -135.4623 -0.0241 0.0125 0.9717 -0.2348
1761.0000 -2997.6362 369.2067 -135.5780 -0.0242 0.0121 0.9714 -0.2360
1762.0000 -3000.2038 367.8700 -135.6779 -0.0241 0.0122 0.9711 -0.2373
1763.0000 -3002.7727 366.5193 -135.7632 -0.0242 0.0127 0.9707 -0.2385
1764.0000 -3005.3396 365.1664 -135.8680 -0.0245 0.0135 0.9704 -0.2398
1765.0000 -3007.8987 363.8019 -135.9676 -0.0246 0.0144 0.9701 -0.2409
1766.0000 -3010.4505 362.4425 -136.0557 -0.0246 0.0148 0.9698 -0.2423
1767.0000 -3012.9954 361.0630 -136.1488 -0.0244 0.0138 0.9694 -0.2438
1768.0000 -3015.5582 359.6720 -136.2643 -0.0240 0.0124 0.9691 -0.2452
1769.0000 -3018.1243 358.2704 -136.3855 -0.0237 0.0118 0.9688 -0.2464
1770.0000 -3020.6729 356.8750 -136.4726 -0.0236 0.0123 0.9685 -0.2476
1771.0000 -3023.2156 355.4745 -136.5586 -0.0237 0.0132 0.9681 -0.2489
1772.0000 -3025.7609 354.0652 -136.6500 -0.0239 0.0148 0.9677 -0.2505
1773.0000 -3028.3003 352.6490 -136.7381 -0.0238 0.0160 0.9673 -0.2520
1774.0000 -3030.8499 351.2229 -136.8335 -0.0239 0.0163 0.9669 -0.2534
1775.0000 -3033.3771 349.7798 -136.9346 -0.0240 0.0165 0.9666 -0.2547
1776.0000 -3035.9166 348.3354 -137.0318 -0.0241 0.0166 0.9662 -0.2560
1777.0000 -3038.4555 346.8786 -137.1158 -0.0242 0.0167 0.9659 -0.2573
1778.0000 -3040.9795 345.4176 -137.1928 -0.0241 0.0160 0.9655 -0.2587
1779.0000 -3043.4880 343.9407 -137.2984 -0.0240 0.0148 0.9651 -0.2602
1780.0000 -3046.0048 342.4603 -137.4200 -0.0236 0.0145 0.9648 -0.2616
1781.0000 -3048.5246 340.9842 -137.5184 -0.0235 0.0158 0.9644 -0.2630
1782.0000 -3051.0517 339.4928 -137.5712 -0.0240 0.0176 0.9639 -0.2644
1783.0000 -3053.5582 337.9935 -137.6318 -0.0248 0.0170 0.9635 -0.2659
1784.0000 -3056.0526 336.4878 -137.7610 -0.0247 0.0161 0.9632 -0.2672
1785.0000 -3058.5493 334.9724 -137.8716 -0.0234 0.0164 0.9628 -0.2687
1786.0000 -3061.0480 333.4424 -137.9391 -0.0226 0.0168 0.9623 -0.2706
1787.0000 -3063.5464 331.9018 -138.0099 -0.0232 0.0167 0.9618 -0.2723
1788.0000 -3066.0482 330.3482 -138.0921 -0.0240 0.0160 0.9613 -0.2741
1789.0000 -3068.5237 328.7932 -138.1977 -0.0244 0.0151 0.9608 -0.2759
1790.0000 -3071.0002 327.2236 -138.3191 -0.0244 0.0156 0.9602 -0.2777
1791.0000 -3073.4748 325.6515 -138.4019 -0.0242 0.0170 0.9597 -0.2796
1792.0000 -3075.9489 324.0734 -138.4664 -0.0251 0.0183 0.9592 -0.2812
1793.0000 -3078.4221 322.4800 -138.5418 -0.0259 0.0184 0.9586 -0.2828
1794.0000 -3080.8798 320.8672 -138.6465 -0.0259 0.0171 0.9582 -0.2845
1795.0000 -3083.3249 319.2449 -138.7723 -0.0251 0.0146 0.9577 -0.2862
1796.0000 -3085.7748 317.6136 -138.8835 -0.0237 0.0129 0.9573 -0.2877
1797.0000 -3088.2198 315.9863 -138.9729 -0.0227 0.0131 0.9569 -0.2892
1798.0000 -3090.6592 314.3581 -139.0399 -0.0230 0.0149 0.9564 -0.2909
1799.0000 -3093.0977 312.7171 -139.1055 -0.0240 0.0171 0.9558 -0.2927
1800.0000 -3095.5322 311.0643 -139.1692 -0.0244 0.0188 0.9552 -0.2942
1801.0000 -3097.9536 309.4005 -139.2494 -0.0241 0.0182 0.9548 -0.2956
1802.0000 -3100.3634 307.7303 -139.3650 -0.0232 0.0171 0.9544 -0.2970
1803.0000 -3102.7711 306.0428 -139.4449 -0.0222 0.0161 0.9541 -0.2983
1804.0000 -3105.1834 304.3590 -139.5070 -0.0221 0.0148 0.9537 -0.2995
1805.0000 -3107.6000 302.6673 -139.5956 -0.0223 0.0145 0.9534 -0.3007
1806.0000 -3109.9960 300.9735 -139.6682 -0.0220 0.0151 0.9530 -0.3017
1807.0000 -3112.3697 299.2741 -139.7226 -0.0216 0.0156 0.9527 -0.3029
1808.0000 -3114.7503 297.5729 -139.7925 -0.0221 0.0156 0.9522 -0.3042
1809.0000 -3117.1487 295.8573 -139.8796 -0.0230 0.0154 0.9518 -0.3055
1810.0000 -3119.5321 294.1453 -139.9757 -0.0238 0.0148 0.9515 -0.3063
1811.0000 -3121.9003 292.4329 -140.0497 -0.0238 0.0143 0.9513 -0.3070
1812.0000 -3124.2757 290.7070 -140.1293 -0.0230 0.0138 0.9511 -0.3078
1813.0000 -3126.6467 288.9725 -140.2163 -0.0223 0.0137 0.9508 -0.3087
1814.0000 -3129.0064 287.2497 -140.3080 -0.0229 0.0137 0.9505 -0.3097
1815.0000 -3131.3554 285.5239 -140.3949 -0.0237 0.0148 0.9501 -0.3106
1816.0000 -3133.7239 283.7871 -140.4455 -0.0235 0.0159 0.9498 -0.3116
1817.0000 -3136.0698 282.0306 -140.5089 -0.0226 0.0156 0.9495 -0.3125
1818.0000 -3138.4168 280.2664 -140.6087 -0.0220 0.0156 0.9492 -0.3136
1819.0000 -3140.7486 278.5258 -140.6974 -0.0217 0.0162 0.9488 -0.3146
1820.0000 -3143.0704 276.7896 -140.7479 -0.0214 0.0172 0.9484 -0.3157
1821.0000 -3145.4079 275.0314 -140.7860 -0.0214 0.0181 0.9481 -0.3167
1822.0000 -3147.7481 273.2639 -140.8490 -0.0220 0.0182 0.9478 -0.3175
1823.0000 -3150.0815 271.4997 -140.9295 -0.0226 0.0180 0.9476 -0.3183
1824.0000 -3152.3973 269.7365 -141.0087 -0.0226 0.0180 0.9473 -0.3191
1825.0000 -3154.6999 267.9610 -141.0724 -0.0222 0.0183 0.9469 -0.3203
1826.0000 -3157.0041 266.1638 -141.1435 -0.0226 0.0188 0.9464 -0.3215
1827.0000 -3159.3062 264.3809 -141.2093 -0.0234 0.0194 0.9460 -0.3227
1828.0000 -3161.5943 262.6136 -141.2706 -0.0242 0.0193 0.9456 -0.3239
1829.0000 -3163.8989 260.8258 -141.3430 -0.0246 0.0197 0.9452 -0.3248
1830.0000 -3166.2078 259.0171 -141.4183 -0.0241 0.0200 0.9449 -0.3259
1831.0000 -3168.4782 257.2162 -141.4888 -0.0227 0.0197 0.9445 -0.3271
1832.0000 -3170.7272 255.4207 -141.5556 -0.0224 0.0188 0.9441 -0.3284
1833.0000 -3172.9963 253.6100 -141.6283 -0.0220 0.0183 0.9437 -0.3295
1834.0000 -3175.2887 251.7689 -141.7038 -0.0212 0.0186 0.9433 -0.3307
1835.0000 -3177.5677 249.9494 -141.7480 -0.0204 0.0198 0.9428 -0.3321
1836.0000 -3179.8187 248.1381 -141.7812 -0.0225 0.0214 0.9423 -0.3334
1837.0000 -3182.0611 246.3125 -141.8457 -0.0266 0.0239 0.9417 -0.3346
1838.0000 -3184.3190 244.4635 -141.9164 -0.0294 0.0242 0.9412 -0.3358
1839.0000 -3186.5673 242.5990 -142.0050 -0.0300 0.0209 0.9408 -0.3369
1840.0000 -3188.7906 240.7336 -142.1653 -0.0282 0.0165 0.9407 -0.3377
1841.0000 -3191.0164 238.8823 -142.3069 -0.0224 0.0144 0.9406 -0.3385
1842.0000 -3193.2435 237.0307 -142.3561 -0.0172 0.0154 0.9401 -0.3400
1843.0000 -3195.4572 235.1823 -142.3290 -0.0184 0.0167 0.9393 -0.3422
1844.0000 -3197.6666 233.3170 -142.3532 -0.0238 0.0195 0.9385 -0.3438
1845.0000 -3199.8939 231.4256 -142.4341 -0.0282 0.0210 0.9380 -0.3449
1846.0000 -3202.1214 229.5302 -142.5490 -0.0276 0.0194 0.9377 -0.3457
1847.0000 -3204.3208 227.6475 -142.6536 -0.0222 0.0166 0.9375 -0.3469
1848.0000 -3206.4802 225.7527 -142.7120 -0.0174 0.0142 0.9371 -0.3484
1849.0000 -3208.6235 223.8729 -142.7502 -0.0180 0.0147 0.9364 -0.3500
1850.0000 -3210.8150 221.9511 -142.8037 -0.0225 0.0176 0.9357 -0.3516
1851.0000 -3212.9825 220.0694 -142.8580 -0.0259 0.0196 0.9353 -0.3524
1852.0000 -3215.1646 218.1402 -142.9329 -0.0259 0.0195 0.9349 -0.3534
1853.0000 -3217.3084 216.2330 -143.0036 -0.0222 0.0176 0.9347 -0.3544
1854.0000 -3219.4395 214.3244 -143.0670 -0.0187 0.0155 0.9344 -0.3555
1855.0000 -3221.5840 212.3938 -143.1193 -0.0187 0.0146 0.9340 -0.3564
1856.0000 -3223.7405 210.4521 -143.1955 -0.0224 0.0171 0.9336 -0.3572
1857.0000 -3225.8851 208.5295 -143.2404 -0.0244 0.0203 0.9332 -0.3579
1858.0000 -3228.0083 206.6161 -143.2698 -0.0228 0.0207 0.9329 -0.3588
1859.0000 -3230.0984 204.7016 -143.3123 -0.0201 0.0171 0.9325 -0.3601
1860.0000 -3232.1840 202.8033 -143.3962 -0.0196 0.0156 0.9322 -0.3611
1861.0000 -3234.3476 200.7939 -143.4587 -0.0216 0.0169 0.9317 -0.3621
1862.0000 -3236.5076 198.7929 -143.5134 -0.0242 0.0186 0.9313 -0.3631
1863.0000 -3238.5781 196.9118 -143.5630 -0.0242 0.0196 0.9309 -0.3639
1864.0000 -3240.6356 194.9826 -143.6165 -0.0218 0.0188 0.9306 -0.3649
1865.0000 -3242.6864 193.0528 -143.6865 -0.0196 0.0180 0.9302 -0.3661
1866.0000 -3244.7549 191.0928 -143.7483 -0.0190 0.0189 0.9297 -0.3674
1867.0000 -3246.8520 189.1381 -143.7624 -0.0196 0.0199 0.9292 -0.3686
1868.0000 -3248.9406 187.1784 -143.7969 -0.0220 0.0194 0.9286 -0.3698
1869.0000 -3250.9901 185.2301 -143.8585 -0.0241 0.0183 0.9283 -0.3707
1870.0000 -3253.0383 183.2615 -143.9397 -0.0246 0.0181 0.9281 -0.3711
1871.0000 -3255.0595 181.3288 -144.0034 -0.0227 0.0190 0.9279 -0.3716
1872.0000 -3257.0845 179.3731 -144.0556 -0.0203 0.0199 0.9274 -0.3729
1873.0000 -3259.1455 177.3827 -144.1130 -0.0201 0.0204 0.9267 -0.3746
1874.0000 -3261.3005 175.2831 -144.1537 -0.0232 0.0191 0.9260 -0.3762
1875.0000 -3263.2873 173.3583 -144.1933 -0.0264 0.0197 0.9256 -0.3771
1876.0000 -3265.2427 171.4321 -144.2291 -0.0262 0.0193 0.9252 -0.3780
1877.0000 -3267.2240 169.4641 -144.3044 -0.0227 0.0192 0.9249 -0.3791
1878.0000 -3269.2879 167.4039 -144.4069 -0.0200 0.0206 0.9242 -0.3808
1879.0000 -3271.3624 165.3333 -144.4620 -0.0199 0.0210 0.9237 -0.3820
1880.0000 -3273.3986 163.2885 -144.4816 -0.0220 0.0202 0.9234 -0.3826
1881.0000 -3275.3599 161.3306 -144.5034 -0.0236 0.0205 0.9230 -0.3835
1882.0000 -3277.2802 159.3903 -144.5373 -0.0227 0.0206 0.9227 -0.3844
1883.0000 -3279.1755 157.4583 -144.6028 -0.0216 0.0190 0.9223 -0.3854
1884.0000 -3281.1128 155.4625 -144.6819 -0.0218 0.0179 0.9217 -0.3869
1885.0000 -3283.0455 153.4868 -144.7323 -0.0222 0.0175 0.9212 -0.3881
1886.0000 -3284.9773 151.5089 -144.7739 -0.0223 0.0179 0.9210 -0.3886
1887.0000 -3286.9432 149.4923 -144.8314 -0.0235 0.0181 0.9208 -0.3889
1888.0000 -3288.9457 147.4201 -144.9056 -0.0248 0.0176 0.9205 -0.3895
1889.0000 -3290.9969 145.2889 -144.9687 -0.0248 0.0169 0.9203 -0.3900
1890.0000 -3292.9632 143.2358 -145.0298 -0.0227 0.0178 0.9200 -0.3908
1891.0000 -3294.8347 141.2783 -145.0749 -0.0202 0.0178 0.9196 -0.3919
1892.0000 -3296.6976 139.3211 -145.1315 -0.0196 0.0166 0.9194 -0.3925
1893.0000 -3298.5696 137.3691 -145.1904 -0.0214 0.0157 0.9191 -0.3932
1894.0000 -3300.4855 135.3782 -145.2373 -0.0225 0.0149 0.9190 -0.3932
1895.0000 -3302.4031 133.3549 -145.2702 -0.0211 0.0150 0.9191 -0.3933
1896.0000 -3304.2997 131.3471 -145.3245 -0.0200 0.0153 0.9191 -0.3933
1897.0000 -3306.2135 129.3143 -145.3928 -0.0198 0.0147 0.9189 -0.3938
1898.0000 -3308.1006 127.3144 -145.4438 -0.0199 0.0145 0.9188 -0.3940
1899.0000 -3309.9739 125.3485 -145.4848 -0.0201 0.0162 0.9187 -0.3942
1900.0000 -3311.8544 123.3856 -145.5180 -0.0200 0.0155 0.9187 -0.3942
1901.0000 -3313.7567 121.3730 -145.5680 -0.0194 0.0141 0.9185 -0.3947
1902.0000 -3315.7364 119.2569 -145.6259 -0.0190 0.0138 0.9183 -0.3952
1903.0000 -3317.7038 117.1433 -145.6744 -0.0188 0.0147 0.9181 -0.3957
1904.0000 -3319.7643 114.9296 -145.7091 -0.0185 0.0157 0.9179 -0.3961
1905.0000 -3321.7812 112.7638 -145.7434 -0.0184 0.0155 0.9176 -0.3968
1906.0000 -3323.7140 110.7015 -145.7874 -0.0186 0.0151 0.9172 -0.3977
1907.0000 -3325.5360 108.7614 -145.8317 -0.0189 0.0152 0.9170 -0.3982
1908.0000 -3327.2741 106.8970 -145.8784 -0.0187 0.0157 0.9167 -0.3987
1909.0000 -3329.1529 104.8511 -145.9202 -0.0181 0.0152 0.9163 -0.3998
1910.0000 -3330.8014 103.0689 -145.9603 -0.0182 0.0152 0.9159 -0.4008
1911.0000 -3332.5158 101.2201 -146.0038 -0.0192 0.0147 0.9154 -0.4017
1912.0000 -3334.2554 99.3472 -146.0317 -0.0204 0.0149 0.9149 -0.4028
1913.0000 -3335.9406 97.5069 -146.0731 -0.0214 0.0155 0.9144 -0.4040
1914.0000 -3337.6823 95.5733 -146.1304 -0.0216 0.0166 0.9136 -0.4058
1915.0000 -3339.5440 93.4856 -146.1908 -0.0209 0.0174 0.9128 -0.4075
1916.0000 -3341.4240 91.3761 -146.2375 -0.0197 0.0163 0.9121 -0.4092
1917.0000 -3343.2799 89.2650 -146.2967 -0.0199 0.0163 0.9114 -0.4106
1918.0000 -3345.1696 87.1567 -146.3519 -0.0219 0.0191 0.9107 -0.4121
1919.0000 -3346.9539 85.1466 -146.3594 -0.0232 0.0222 0.9101 -0.4132
1920.0000 -3348.7305 83.0766 -146.3852 -0.0227 0.0224 0.9093 -0.4148
1921.0000 -3350.5617 80.9335 -146.4523 -0.0212 0.0202 0.9086 -0.4167
1922.0000 -3352.2911 78.9247 -146.5193 -0.0207 0.0193 0.9077 -0.4187
1923.0000 -3354.0943 76.8213 -146.5545 -0.0216 0.0209 0.9068 -0.4205
1924.0000 -3355.8878 74.7028 -146.5704 -0.0229 0.0228 0.9058 -0.4224
1925.0000 -3357.6467 72.5828 -146.5973 -0.0241 0.0244 0.9049 -0.4242
1926.0000 -3359.4926 70.3343 -146.6536 -0.0249 0.0254 0.9041 -0.4259
1927.0000 -3361.2035 68.2618 -146.7033 -0.0243 0.0252 0.9034 -0.4274
1928.0000 -3362.9199 66.1848 -146.7505 -0.0230 0.0240 0.9026 -0.4291
1929.0000 -3364.6033 64.0987 -146.7841 -0.0220 0.0232 0.9019 -0.4307
1930.0000 -3366.4358 61.7949 -146.8135 -0.0221 0.0235 0.9011 -0.4323
1931.0000 -3368.2856 59.4710 -146.8375 -0.0234 0.0248 0.9002 -0.4341
1932.0000 -3369.9354 57.4130 -146.8695 -0.0244 0.0254 0.8994 -0.4358
1933.0000 -3371.5521 55.3724 -146.9225 -0.0245 0.0254 0.8985 -0.4376
1934.0000 -3373.1443 53.3278 -146.9670 -0.0227 0.0250 0.8978 -0.4392
1935.0000 -3374.7154 51.2715 -146.9914 -0.0210 0.0243 0.8970 -0.4409
1936.0000 -3376.3185 49.1755 -147.0029 -0.0207 0.0235 0.8962 -0.4426
1937.0000 -3377.9369 47.0507 -147.0216 -0.0219 0.0234 0.8954 -0.4440
1938.0000 -3379.5342 44.9470 -147.0578 -0.0239 0.0239 0.8948 -0.4451
1939.0000 -3381.1697 42.7866 -147.1064 -0.0256 0.0243 0.8940 -0.4466
1940.0000 -3382.8095 40.6051 -147.1503 -0.0250 0.0243 0.8934 -0.4479
1941.0000 -3384.4690 38.3627 -147.1859 -0.0224 0.0234 0.8929 -0.4491
1942.0000 -3386.1139 36.1269 -147.2241 -0.0208 0.0225 0.8925 -0.4501
1943.0000 -3387.7687 33.8687 -147.2548 -0.0210 0.0226 0.8919 -0.4513
1944.0000 -3389.4210 31.6042 -147.2688 -0.0221 0.0236 0.8911 -0.4526
1945.0000 -3390.9709 29.4938 -147.2840 -0.0228 0.0245 0.8903 -0.4541
1946.0000 -3392.5656 27.3012 -147.3058 -0.0230 0.0257 0.8897 -0.4553
1947.0000 -3394.1312 25.1176 -147.3462 -0.0227 0.0256 0.8893 -0.4559
1948.0000 -3395.6933 22.9255 -147.3874 -0.0221 0.0245 0.8890 -0.4566
1949.0000 -3397.2767 20.6988 -147.4120 -0.0219 0.0241 0.8884 -0.4579
1950.0000 -3398.8604 18.4757 -147.4329 -0.0226 0.0244 0.8875 -0.4597
1951.0000 -3400.4355 16.2586 -147.4526 -0.0228 0.0249 0.8868 -0.4609
1952.0000 -3401.9621 14.0670 -147.4720 -0.0223 0.0253 0.8863 -0.4619
1953.0000 -3403.4780 11.8522 -147.5076 -0.0225 0.0253 0.8857 -0.4630
1954.0000 -3405.0229 9.6192 -147.5375 -0.0224 0.0253 0.8850 -0.4644
1955.0000 -3406.5968 7.3584 -147.5641 -0.0219 0.0254 0.8843 -0.4658
1956.0000 -3408.1186 5.1195 -147.5861 -0.0218 0.0258 0.8836 -0.4670
1957.0000 -3409.6251 2.8990 -147.6003 -0.0219 0.0260 0.8829 -0.4683
1958.0000 -3411.1159 0.6826 -147.6140 -0.0225 0.0259 0.8823 -0.4694
1959.0000 -3412.6233 -1.5570 -147.6342 -0.0223 0.0256 0.8816 -0.4707
1960.0000 -3414.1201 -3.8074 -147.6602 -0.0212 0.0260 0.8810 -0.4720
1961.0000 -3415.6056 -6.0783 -147.6944 -0.0211 0.0263 0.8803 -0.4732
1962.0000 -3417.0898 -8.3551 -147.7005 -0.0215 0.0258 0.8796 -0.4744
1963.0000 -3418.5698 -10.5933 -147.6990 -0.0213 0.0252 0.8790 -0.4758
1964.0000 -3420.0462 -12.8446 -147.7284 -0.0215 0.0256 0.8782 -0.4771
1965.0000 -3421.5072 -15.1196 -147.7540 -0.0223 0.0257 0.8776 -0.4782
1966.0000 -3422.9644 -17.4166 -147.7555 -0.0223 0.0252 0.8770 -0.4793
1967.0000 -3424.4067 -19.6905 -147.7744 -0.0212 0.0250 0.8764 -0.4805
1968.0000 -3425.8677 -21.9793 -147.8086 -0.0204 0.0255 0.8757 -0.4817
1969.0000 -3427.3115 -24.2652 -147.8297 -0.0207 0.0255 0.8751 -0.4827
1970.0000 -3428.7312 -26.5494 -147.8343 -0.0218 0.0247 0.8746 -0.4837
1971.0000 -3430.1613 -28.8463 -147.8329 -0.0224 0.0239 0.8739 -0.4849
1972.0000 -3431.5761 -31.1447 -147.8415 -0.0215 0.0239 0.8734 -0.4860
1973.0000 -3432.9896 -33.4468 -147.8803 -0.0204 0.0245 0.8728 -0.4871
1974.0000 -3434.4084 -35.7586 -147.9196 -0.0202 0.0249 0.8722 -0.4882
1975.0000 -3435.8281 -38.0698 -147.9319 -0.0208 0.0246 0.8716 -0.4892
1976.0000 -3437.2299 -40.3831 -147.9195 -0.0205 0.0246 0.8710 -0.4903
1977.0000 -3438.6227 -42.6866 -147.9352 -0.0201 0.0252 0.8704 -0.4914
1978.0000 -3440.0170 -44.9893 -147.9549 -0.0206 0.0253 0.8697 -0.4925
1979.0000 -3441.3879 -47.3105 -147.9652 -0.0212 0.0246 0.8692 -0.4935
1980.0000 -3442.7631 -49.6543 -147.9783 -0.0208 0.0247 0.8686 -0.4945
1981.0000 -3444.1405 -51.9952 -147.9856 -0.0194 0.0256 0.8681 -0.4954
1982.0000 -3445.5135 -54.3121 -147.9886 -0.0176 0.0268 0.8676 -0.4963
1983.0000 -3446.8774 -56.6211 -147.9763 -0.0164 0.0275 0.8670 -0.4973
1984.0000 -3448.2213 -58.9450 -147.9407 -0.0165 0.0252 0.8665 -0.4983
1985.0000 -3449.5660 -61.3083 -147.9367 -0.0178 0.0210 0.8661 -0.4991
1986.0000 -3450.9057 -63.6781 -147.9841 -0.0192 0.0164 0.8658 -0.4997
1987.0000 -3452.2413 -66.0254 -148.0237 -0.0177 0.0155 0.8657 -0.5000
1988.0000 -3453.5808 -68.3590 -148.0495 -0.0151 0.0193 0.8652 -0.5008
1989.0000 -3454.9322 -70.7055 -148.0299 -0.0155 0.0233 0.8643 -0.5021
1990.0000 -3456.2748 -73.0692 -148.0010 -0.0184 0.0234 0.8635 -0.5034
1991.0000 -3457.5979 -75.4299 -148.0174 -0.0216 0.0227 0.8632 -0.5040
1992.0000 -3458.9141 -77.7787 -148.0313 -0.0218 0.0233 0.8630 -0.5042
1993.0000 -3460.2482 -80.1565 -148.0421 -0.0194 0.0240 0.8627 -0.5049
1994.0000 -3461.5695 -82.5182 -148.0609 -0.0165 0.0248 0.8621 -0.5058
1995.0000 -3462.8768 -84.8736 -148.0636 -0.0160 0.0248 0.8616 -0.5067
1996.0000 -3464.1684 -87.2399 -148.0568 -0.0185 0.0233 0.8610 -0.5077
1997.0000 -3465.4696 -89.6260 -148.0644 -0.0203 0.0229 0.8607 -0.5082
1998.0000 -3466.7752 -92.0059 -148.0589 -0.0200 0.0249 0.8605 -0.5085
1999.0000 -3468.0762 -94.3613 -148.0338 -0.0195 0.0269 0.8599 -0.5093
2000.0000 -3469.3726 -96.7238 -148.0396 -0.0204 0.0262 0.8593 -0.5104
2001.0000 -3470.6532 -99.1151 -148.0696 -0.0207 0.0239 0.8588 -0.5113
2002.0000 -3471.9248 -101.5125 -148.1024 -0.0196 0.0227 0.8585 -0.5119
2003.0000 -3473.2029 -103.9013 -148.1041 -0.0186 0.0229 0.8582 -0.5125
2004.0000 -3474.4768 -106.2815 -148.0912 -0.0187 0.0242 0.8576 -0.5135
2005.0000 -3475.7399 -108.6490 -148.0711 -0.0197 0.0248 0.8568 -0.5146
2006.0000 -3476.9983 -111.0275 -148.0790 -0.0206 0.0246 0.8562 -0.5157
2007.0000 -3478.2635 -113.4445 -148.0985 -0.0203 0.0246 0.8556 -0.5167
2008.0000 -3479.5139 -115.8535 -148.1047 -0.0194 0.0249 0.8552 -0.5174
2009.0000 -3480.7533 -118.2391 -148.0991 -0.0192 0.0247 0.8546 -0.5184
2010.0000 -3481.9794 -120.6287 -148.1100 -0.0198 0.0244 0.8538 -0.5196
2011.0000 -3483.2191 -123.0271 -148.1133 -0.0208 0.0250 0.8532 -0.5205
2012.0000 -3484.4592 -125.4308 -148.0995 -0.0214 0.0259 0.8527 -0.5213
2013.0000 -3485.6832 -127.8346 -148.0932 -0.0214 0.0260 0.8522 -0.5221
2014.0000 -3486.8923 -130.2376 -148.1141 -0.0210 0.0257 0.8517 -0.5230
2015.0000 -3488.1034 -132.6449 -148.1361 -0.0205 0.0258 0.8513 -0.5237
2016.0000 -3489.3163 -135.0670 -148.1378 -0.0206 0.0264 0.8508 -0.5244
2017.0000 -3490.5261 -137.4762 -148.1149 -0.0211 0.0273 0.8503 -0.5251
2018.0000 -3491.7269 -139.8800 -148.0949 -0.0215 0.0276 0.8498 -0.5260
2019.0000 -3492.9231 -142.2853 -148.1068 -0.0219 0.0261 0.8493 -0.5268
2020.0000 -3494.1088 -144.7219 -148.1395 -0.0217 0.0244 0.8489 -0.5275
2021.0000 -3495.2895 -147.1595 -148.1771 -0.0205 0.0245 0.8485 -0.5282
2022.0000 -3496.4736 -149.5823 -148.1767 -0.0199 0.0264 0.8481 -0.5288
2023.0000 -3497.6627 -151.9846 -148.1342 -0.0211 0.0278 0.8475 -0.5297
2024.0000 -3498.8345 -154.3956 -148.1010 -0.0226 0.0278 0.8469 -0.5305
2025.0000 -3499.9960 -156.8232 -148.1204 -0.0229 0.0268 0.8466 -0.5311
2026.0000 -3501.1721 -159.2630 -148.1567 -0.0217 0.0259 0.8464 -0.5315
2027.0000 -3502.3406 -161.7087 -148.1758 -0.0204 0.0263 0.8460 -0.5321
2028.0000 -3503.4970 -164.1367 -148.1506 -0.0203 0.0266 0.8455 -0.5329
2029.0000 -3504.6439 -166.5728 -148.1282 -0.0211 0.0263 0.8449 -0.5339
2030.0000 -3505.7928 -169.0129 -148.1437 -0.0214 0.0261 0.8445 -0.5346
2031.0000 -3506.9329 -171.4466 -148.1609 -0.0213 0.0264 0.8441 -0.5351
2032.0000 -3508.0885 -173.8766 -148.1542 -0.0214 0.0278 0.8435 -0.5360
2033.0000 -3509.2257 -176.3086 -148.1259 -0.0227 0.0294 0.8427 -0.5371
2034.0000 -3510.3531 -178.7406 -148.1239 -0.0239 0.0286 0.8419 -0.5383
2035.0000 -3511.4665 -181.2044 -148.1540 -0.0237 0.0274 0.8413 -0.5394
2036.0000 -3512.5837 -183.6583 -148.1793 -0.0222 0.0276 0.8408 -0.5402
2037.0000 -3513.6890 -186.1038 -148.1609 -0.0206 0.0281 0.8400 -0.5414
2038.0000 -3514.7844 -188.5556 -148.1514 -0.0212 0.0284 0.8390 -0.5430
2039.0000 -3515.8890 -191.0001 -148.1448 -0.0230 0.0289 0.8380 -0.5444
2040.0000 -3516.9806 -193.4587 -148.1444 -0.0246 0.0296 0.8372 -0.5455
2041.0000 -3518.0707 -195.9318 -148.1373 -0.0245 0.0294 0.8365 -0.5467
2042.0000 -3519.1380 -198.4111 -148.1440 -0.0227 0.0288 0.8358 -0.5479
2043.0000 -3520.1928 -200.8812 -148.1601 -0.0212 0.0283 0.8350 -0.5491
2044.0000 -3521.2472 -203.3335 -148.1549 -0.0213 0.0283 0.8342 -0.5504
2045.0000 -3522.2887 -205.8017 -148.1418 -0.0232 0.0290 0.8331 -0.5518
2046.0000 -3523.3370 -208.2797 -148.1080 -0.0246 0.0298 0.8320 -0.5535
2047.0000 -3524.3681 -210.7533 -148.0952 -0.0237 0.0305 0.8310 -0.5549
2048.0000 -3525.3934 -213.2347 -148.1060 -0.0217 0.0300 0.8302 -0.5562
2049.0000 -3526.4174 -215.7383 -148.1252 -0.0207 0.0294 0.8294 -0.5574
2050.0000 -3527.4232 -218.2248 -148.1200 -0.0225 0.0296 0.8284 -0.5589
2051.0000 -3528.4194 -220.7053 -148.0855 -0.0255 0.0300 0.8272 -0.5605
2052.0000 -3529.4092 -223.1907 -148.0520 -0.0262 0.0308 0.8261 -0.5620
2053.0000 -3530.3942 -225.6887 -148.0547 -0.0244 0.0316 0.8253 -0.5633
2054.0000 -3531.3680 -228.1925 -148.0689 -0.0227 0.0311 0.8246 -0.5645
2055.0000 -3532.3307 -230.7110 -148.0788 -0.0227 0.0298 0.8237 -0.5659
2056.0000 -3533.2758 -233.2229 -148.0665 -0.0231 0.0289 0.8226 -0.5674
2057.0000 -3534.2050 -235.7039 -148.0441 -0.0228 0.0291 0.8216 -0.5689
2058.0000 -3535.1398 -238.1955 -148.0227 -0.0222 0.0305 0.8205 -0.5704
2059.0000 -3536.0781 -240.7185 -148.0173 -0.0229 0.0320 0.8194 -0.5719
2060.0000 -3537.0202 -243.2440 -147.9921 -0.0245 0.0324 0.8183 -0.5733
2061.0000 -3537.9267 -245.7689 -147.9658 -0.0251 0.0318 0.8173 -0.5748
2062.0000 -3538.8091 -248.2892 -147.9568 -0.0240 0.0308 0.8163 -0.5763
2063.0000 -3539.6852 -250.8243 -147.9555 -0.0221 0.0290 0.8155 -0.5776
2064.0000 -3540.5565 -253.3502 -147.9592 -0.0211 0.0277 0.8147 -0.5788
2065.0000 -3541.4470 -255.8877 -147.9422 -0.0213 0.0278 0.8138 -0.5801
2066.0000 -3542.3204 -258.4065 -147.9108 -0.0223 0.0287 0.8129 -0.5812
2067.0000 -3543.1725 -260.9277 -147.8824 -0.0232 0.0293 0.8121 -0.5823
2068.0000 -3544.0194 -263.4830 -147.8807 -0.0234 0.0291 0.8114 -0.5833
2069.0000 -3544.8630 -266.0334 -147.8956 -0.0233 0.0291 0.8109 -0.5841
2070.0000 -3545.7167 -268.5650 -147.8897 -0.0231 0.0298 0.8103 -0.5848
2071.0000 -3546.5549 -271.0964 -147.8581 -0.0229 0.0305 0.8096 -0.5857
2072.0000 -3547.3814 -273.6289 -147.8225 -0.0225 0.0310 0.8090 -0.5866
2073.0000 -3548.1956 -276.1746 -147.8009 -0.0214 0.0308 0.8085 -0.5873
2074.0000 -3549.0110 -278.7265 -147.8051 -0.0207 0.0296 0.8081 -0.5880
2075.0000 -3549.8256 -281.2787 -147.7985 -0.0210 0.0284 0.8075 -0.5888
2076.0000 -3550.6420 -283.8197 -147.7690 -0.0217 0.0287 0.8069 -0.5896
2077.0000 -3551.4524 -286.3812 -147.7289 -0.0222 0.0303 0.8063 -0.5903
2078.0000 -3552.2565 -288.9311 -147.6957 -0.0224 0.0316 0.8056 -0.5912
2079.0000 -3553.0476 -291.4717 -147.6728 -0.0230 0.0314 0.8049 -0.5922
2080.0000 -3553.8309 -294.0226 -147.6738 -0.0234 0.0307 0.8042 -0.5931
2081.0000 -3554.6162 -296.5809 -147.6648 -0.0233 0.0304 0.8037 -0.5939
2082.0000 -3555.4033 -299.1463 -147.6351 -0.0231 0.0300 0.8030 -0.5947
2083.0000 -3556.1779 -301.7083 -147.6143 -0.0228 0.0306 0.8024 -0.5956
2084.0000 -3556.9417 -304.2648 -147.5836 -0.0227 0.0318 0.8016 -0.5965
2085.0000 -3557.7012 -306.8207 -147.5741 -0.0237 0.0317 0.8008 -0.5977
2086.0000 -3558.4594 -309.3867 -147.5602 -0.0245 0.0317 0.7999 -0.5988
2087.0000 -3559.2093 -311.9545 -147.5353 -0.0240 0.0322 0.7992 -0.5997
2088.0000 -3559.9354 -314.5220 -147.5141 -0.0233 0.0323 0.7986 -0.6006
2089.0000 -3560.6682 -317.1004 -147.4970 -0.0228 0.0313 0.7979 -0.6015
2090.0000 -3561.3968 -319.6762 -147.4786 -0.0229 0.0307 0.7972 -0.6025
2091.0000 -3562.1127 -322.2380 -147.4536 -0.0236 0.0315 0.7965 -0.6034
2092.0000 -3562.8317 -324.8110 -147.4077 -0.0239 0.0318 0.7957 -0.6044
2093.0000 -3563.5522 -327.4027 -147.3834 -0.0235 0.0305 0.7949 -0.6055
2094.0000 -3564.2592 -330.0012 -147.3877 -0.0226 0.0287 0.7944 -0.6062
2095.0000 -3564.9462 -332.5867 -147.3831 -0.0214 0.0280 0.7940 -0.6069
2096.0000 -3565.6247 -335.1562 -147.3581 -0.0203 0.0286 0.7934 -0.6076
2097.0000 -3566.3171 -337.7319 -147.3187 -0.0205 0.0294 0.7926 -0.6087
2098.0000 -3567.0108 -340.3168 -147.2819 -0.0219 0.0297 0.7918 -0.6097
2099.0000 -3567.6977 -342.9249 -147.2589 -0.0234 0.0296 0.7910 -0.6107
2100.0000 -3568.3642 -345.5164 -147.2469 -0.0240 0.0296 0.7904 -0.6115
2101.0000 -3569.0136 -348.1037 -147.2250 -0.0230 0.0296 0.7898 -0.6122
2102.0000 -3569.6636 -350.6925 -147.2047 -0.0212 0.0291 0.7893 -0.6129
2103.0000 -3570.3262 -353.3005 -147.1909 -0.0197 0.0283 0.7888 -0.6137
2104.0000 -3570.9815 -355.9039 -147.1611 -0.0197 0.0280 0.7882 -0.6145
2105.0000 -3571.6312 -358.5055 -147.1301 -0.0204 0.0284 0.7874 -0.6154
2106.0000 -3572.2688 -361.1071 -147.0967 -0.0213 0.0295 0.7867 -0.6163
2107.0000 -3572.9037 -363.7025 -147.0476 -0.0218 0.0307 0.7860 -0.6171
2108.0000 -3573.5471 -366.3109 -147.0197 -0.0225 0.0307 0.7853 -0.6180
2109.0000 -3574.1779 -368.9199 -147.0108 -0.0230 0.0298 0.7846 -0.6188
2110.0000 -3574.8017 -371.5436 -147.0032 -0.0225 0.0294 0.7841 -0.6195
2111.0000 -3575.4215 -374.1660 -146.9748 -0.0211 0.0301 0.7837 -0.6201
2112.0000 -3576.0302 -376.7785 -146.9436 -0.0210 0.0306 0.7831 -0.6208
2113.0000 -3576.6302 -379.3789 -146.9122 -0.0222 0.0309 0.7824 -0.6217
2114.0000 -3577.2254 -381.9967 -146.8772 -0.0233 0.0314 0.7816 -0.6225
2115.0000 -3577.8237 -384.6277 -146.8430 -0.0235 0.0313 0.7809 -0.6234
2116.0000 -3578.4114 -387.2712 -146.8227 -0.0227 0.0306 0.7804 -0.6242
2117.0000 -3578.9961 -389.9037 -146.8168 -0.0218 0.0304 0.7799 -0.6247
2118.0000 -3579.5793 -392.5227 -146.7955 -0.0221 0.0313 0.7794 -0.6253
2119.0000 -3580.1561 -395.1537 -146.7381 -0.0230 0.0317 0.7786 -0.6262
2120.0000 -3580.7301 -397.7859 -146.6979 -0.0237 0.0315 0.7780 -0.6270
2121.0000 -3581.2957 -400.4210 -146.6768 -0.0236 0.0308 0.7776 -0.6275
2122.0000 -3581.8537 -403.0662 -146.6642 -0.0231 0.0300 0.7773 -0.6280
2123.0000 -3582.4219 -405.7361 -146.6586 -0.0226 0.0303 0.7767 -0.6287
2124.0000 -3582.9870 -408.3703 -146.6150 -0.0220 0.0320 0.7762 -0.6293
2125.0000 -3583.5469 -410.9772 -146.5607 -0.0223 0.0333 0.7757 -0.6299
2126.0000 -3584.0953 -413.6312 -146.5216 -0.0238 0.0333 0.7750 -0.6306
2127.0000 -3584.6465 -416.3106 -146.4996 -0.0254 0.0329 0.7744 -0.6313
2128.0000 -3585.1709 -418.9649 -146.4755 -0.0256 0.0329 0.7741 -0.6317
2129.0000 -3585.7127 -421.5951 -146.4502 -0.0247 0.0331 0.7738 -0.6321
2130.0000 -3586.2498 -424.2497 -146.4275 -0.0238 0.0336 0.7733 -0.6327
2131.0000 -3586.7930 -426.9240 -146.3905 -0.0238 0.0344 0.7727 -0.6333
2132.0000 -3587.3274 -429.5912 -146.3458 -0.0252 0.0352 0.7721 -0.6340
2133.0000 -3587.8377 -432.2464 -146.2935 -0.0262 0.0346 0.7715 -0.6347
2134.0000 -3588.3546 -434.9144 -146.2767 -0.0255 0.0328 0.7710 -0.6354
2135.0000 -3588.8612 -437.5841 -146.2788 -0.0238 0.0313 0.7707 -0.6359
2136.0000 -3589.3656 -440.2677 -146.2506 -0.0227 0.0316 0.7704 -0.6364
2137.0000 -3589.8733 -442.9223 -146.2001 -0.0233 0.0328 0.7698 -0.6370
2138.0000 -3590.3777 -445.5785 -146.1560 -0.0243 0.0332 0.7691 -0.6378
2139.0000 -3590.8763 -448.2678 -146.1334 -0.0245 0.0330 0.7684 -0.6386
2140.0000 -3591.3675 -450.9601 -146.1108 -0.0244 0.0331 0.7680 -0.6392
2141.0000 -3591.8596 -453.6492 -146.0907 -0.0244 0.0329 0.7675 -0.6397
2142.0000 -3592.3522 -456.3192 -146.0581 -0.0250 0.0333 0.7671 -0.6402
2143.0000 -3592.8403 -458.9982 -146.0057 -0.0253 0.0340 0.7665 -0.6408
2144.0000 -3593.3171 -461.7049 -145.9818 -0.0255 0.0344 0.7660 -0.6414
2145.0000 -3593.7863 -464.4005 -145.9660 -0.0256 0.0343 0.7656 -0.6419
2146.0000 -3594.2597 -467.1070 -145.9332 -0.0252 0.0341 0.7651 -0.6426
2147.0000 -3594.7317 -469.7958 -145.8938 -0.0249 0.0339 0.7645 -0.6433
2148.0000 -3595.1818 -472.4933 -145.8548 -0.0251 0.0337 0.7640 -0.6439
2149.0000 -3595.6410 -475.2018 -145.8294 -0.0253 0.0337 0.7634 -0.6445
2150.0000 -3596.1031 -477.9149 -145.7953 -0.0251 0.0341 0.7628 -0.6452
2151.0000 -3596.5680 -480.6187 -145.7512 -0.0251 0.0346 0.7622 -0.6460
2152.0000 -3597.0104 -483.3251 -145.7164 -0.0258 0.0346 0.7614 -0.6469
2153.0000 -3597.4392 -486.0520 -145.6922 -0.0264 0.0343 0.7608 -0.6476
2154.0000 -3597.8596 -488.7661 -145.6598 -0.0265 0.0341 0.7604 -0.6480
2155.0000 -3598.3003 -491.4804 -145.6385 -0.0264 0.0342 0.7600 -0.6484
2156.0000 -3598.7517 -494.2022 -145.5933 -0.0264 0.0352 0.7596 -0.6489
2157.0000 -3599.1854 -496.9244 -145.5422 -0.0262 0.0362 0.7590 -0.6495
2158.0000 -3599.5969 -499.6633 -145.5123 -0.0260 0.0361 0.7586 -0.6501
2159.0000 -3600.0058 -502.3840 -145.4880 -0.0264 0.0355 0.7582 -0.6505
2160.0000 -3600.4213 -505.1128 -145.4561 -0.0271 0.0351 0.7579 -0.6508
2161.0000 -3600.8373 -507.8489 -145.4164 -0.0275 0.0350 0.7576 -0.6512
2162.0000 -3601.2512 -510.5937 -145.3723 -0.0271 0.0354 0.7573 -0.6515
2163.0000 -3601.6660 -513.3424 -145.3387 -0.0261 0.0356 0.7571 -0.6518
2164.0000 -3602.0708 -516.0719 -145.3185 -0.0259 0.0355 0.7568 -0.6521
2165.0000 -3602.4809 -518.8176 -145.2842 -0.0263 0.0355 0.7566 -0.6524
2166.0000 -3602.8899 -521.5659 -145.2388 -0.0272 0.0360 0.7563 -0.6527
2167.0000 -3603.2875 -524.3255 -145.1948 -0.0284 0.0363 0.7559 -0.6531
2168.0000 -3603.6792 -527.0640 -145.1591 -0.0287 0.0365 0.7557 -0.6533
2169.0000 -3604.0842 -529.8167 -145.1292 -0.0275 0.0368 0.7555 -0.6535
2170.0000 -3604.4898 -532.5680 -145.1073 -0.0268 0.0369 0.7553 -0.6538
2171.0000 -3604.8824 -535.3358 -145.0711 -0.0273 0.0366 0.7549 -0.6542
2172.0000 -3605.2673 -538.0870 -145.0379 -0.0284 0.0364 0.7545 -0.6546
2173.0000 -3605.6560 -540.8404 -145.0001 -0.0290 0.0364 0.7541 -0.6551
2174.0000 -3606.0459 -543.6179 -144.9699 -0.0292 0.0360 0.7537 -0.6556
2175.0000 -3606.4260 -546.4001 -144.9470 -0.0293 0.0362 0.7531 -0.6563
2176.0000 -3606.7958 -549.1450 -144.9062 -0.0290 0.0371 0.7527 -0.6567
2177.0000 -3607.1687 -551.9001 -144.8665 -0.0282 0.0376 0.7522 -0.6573
2178.0000 -3607.5368 -554.6941 -144.8396 -0.0282 0.0373 0.7515 -0.6581
2179.0000 -3607.9145 -557.5051 -144.8092 -0.0292 0.0371 0.7510 -0.6587
2180.0000 -3608.2789 -560.2894 -144.7724 -0.0302 0.0372 0.7506 -0.6590
2181.0000 -3608.6422 -563.0518 -144.7404 -0.0309 0.0375 0.7501 -0.6595
2182.0000 -3609.0049 -565.8324 -144.7049 -0.0308 0.0379 0.7495 -0.6601
2183.0000 -3609.3402 -568.6213 -144.6855 -0.0303 0.0383 0.7492 -0.6606
2184.0000 -3609.6850 -571.4358 -144.6545 -0.0294 0.0382 0.7487 -0.6612
2185.0000 -3610.0444 -574.2439 -144.6206 -0.0294 0.0385 0.7483 -0.6616
2186.0000 -3610.3893 -577.0419 -144.5720 -0.0301 0.0388 0.7479 -0.6620
2187.0000 -3610.7206 -579.8155 -144.5322 -0.0307 0.0379 0.7475 -0.6625
2188.0000 -3611.0453 -582.6121 -144.5162 -0.0306 0.0365 0.7473 -0.6627
2189.0000 -3611.3753 -585.4252 -144.5010 -0.0300 0.0369 0.7471 -0.6630
2190.0000 -3611.7199 -588.2409 -144.4619 -0.0294 0.0381 0.7468 -0.6633
2191.0000 -3612.0700 -591.0411 -144.4085 -0.0292 0.0385 0.7466 -0.6636
2192.0000 -3612.3923 -593.8529 -144.3771 -0.0303 0.0384 0.7463 -0.6638
2193.0000 -3612.7140 -596.6838 -144.3376 -0.0313 0.0381 0.7460 -0.6641
2194.0000 -3613.0326 -599.4951 -144.2997 -0.0312 0.0375 0.7458 -0.6644
2195.0000 -3613.3533 -602.3117 -144.2856 -0.0308 0.0377 0.7455 -0.6647
2196.0000 -3613.6799 -605.1249 -144.2581 -0.0307 0.0385 0.7453 -0.6649
2197.0000 -3614.0116 -607.9519 -144.2127 -0.0311 0.0392 0.7451 -0.6651
2198.0000 -3614.3257 -610.7675 -144.1645 -0.0320 0.0393 0.7448 -0.6653
2199.0000 -3614.6470 -613.6021 -144.1256 -0.0325 0.0386 0.7445 -0.6657
2200.0000 -3614.9571 -616.4373 -144.1187 -0.0323 0.0378 0.7443 -0.6660
2201.0000 -3615.2748 -619.2717 -144.1030 -0.0316 0.0384 0.7443 -0.6660
2202.0000 -3615.5849 -622.0964 -144.0594 -0.0313 0.0396 0.7443 -0.6660
2203.0000 -3615.8979 -624.9292 -144.0155 -0.0320 0.0399 0.7440 -0.6662
2204.0000 -3616.2029 -627.7714 -143.9887 -0.0333 0.0399 0.7437 -0.6665
2205.0000 -3616.5085 -630.6121 -143.9634 -0.0340 0.0399 0.7436 -0.6666
2206.0000 -3616.8195 -633.4594 -143.9320 -0.0337 0.0399 0.7435 -0.6667
2207.0000 -3617.1292 -636.3059 -143.9022 -0.0332 0.0401 0.7434 -0.6668
2208.0000 -3617.4318 -639.1414 -143.8747 -0.0334 0.0405 0.7432 -0.6670
2209.0000 -3617.7415 -641.9872 -143.8342 -0.0340 0.0405 0.7430 -0.6672
2210.0000 -3618.0401 -644.8491 -143.7924 -0.0340 0.0403 0.7428 -0.6674
2211.0000 -3618.3328 -647.6931 -143.7679 -0.0341 0.0401 0.7428 -0.6674
2212.0000 -3618.6430 -650.5188 -143.7484 -0.0345 0.0403 0.7427 -0.6675
2213.0000 -3618.9526 -653.3772 -143.7213 -0.0348 0.0405 0.7425 -0.6677
2214.0000 -3619.2464 -656.2480 -143.6898 -0.0352 0.0410 0.7423 -0.6679
2215.0000 -3619.5468 -659.1054 -143.6494 -0.0352 0.0412 0.7421 -0.6681
2216.0000 -3619.8470 -661.9511 -143.6327 -0.0350 0.0408 0.7420 -0.6682
2217.0000 -3620.1452 -664.7959 -143.6179 -0.0353 0.0410 0.7419 -0.6683
2218.0000 -3620.4410 -667.6599 -143.5803 -0.0359 0.0413 0.7417 -0.6684
2219.0000 -3620.7391 -670.5338 -143.5471 -0.0364 0.0411 0.7416 -0.6685
2220.0000 -3621.0267 -673.3808 -143.5216 -0.0362 0.0410 0.7419 -0.6683
2221.0000 -3621.3230 -676.2399 -143.5023 -0.0357 0.0410 0.7421 -0.6680
2222.0000 -3621.6211 -679.1089 -143.4838 -0.0356 0.0407 0.7425 -0.6677
2223.0000 -3621.9384 -681.9988 -143.4642 -0.0357 0.0406 0.7429 -0.6673
2224.0000 -3622.2461 -684.8681 -143.4334 -0.0360 0.0408 0.7433 -0.6668
2225.0000 -3622.5355 -687.7176 -143.3967 -0.0359 0.0409 0.7437 -0.6663
2226.0000 -3622.8327 -690.5875 -143.3738 -0.0355 0.0406 0.7441 -0.6659
2227.0000 -3623.1504 -693.4775 -143.3653 -0.0355 0.0408 0.7445 -0.6655
2228.0000 -3623.4789 -696.3531 -143.3461 -0.0363 0.0413 0.7447 -0.6651
2229.0000 -3623.8052 -699.2207 -143.3157 -0.0375 0.0419 0.7447 -0.6650
2230.0000 -3624.1164 -702.0743 -143.2795 -0.0386 0.0426 0.7446 -0.6650
2231.0000 -3624.4322 -704.9479 -143.2560 -0.0391 0.0426 0.7445 -0.6651
2232.0000 -3624.7626 -707.8322 -143.2580 -0.0387 0.0421 0.7445 -0.6652
2233.0000 -3625.0937 -710.7192 -143.2489 -0.0380 0.0419 0.7444 -0.6653
2234.0000 -3625.4149 -713.5891 -143.2336 -0.0384 0.0423 0.7443 -0.6654
2235.0000 -3625.7302 -716.4624 -143.2046 -0.0392 0.0434 0.7440 -0.6656
2236.0000 -3626.0458 -719.3553 -143.1701 -0.0395 0.0440 0.7437 -0.6659
2237.0000 -3626.3703 -722.2297 -143.1531 -0.0392 0.0427 0.7437 -0.6660
2238.0000 -3626.6869 -725.1156 -143.1598 -0.0389 0.0415 0.7437 -0.6661
2239.0000 -3626.9996 -728.0085 -143.1558 -0.0385 0.0420 0.7436 -0.6662
2240.0000 -3627.3184 -730.8949 -143.1232 -0.0392 0.0435 0.7434 -0.6662
2241.0000 -3627.6394 -733.7690 -143.0807 -0.0406 0.0437 0.7434 -0.6662
2242.0000 -3627.9523 -736.6449 -143.0724 -0.0418 0.0433 0.7433 -0.6663
2243.0000 -3628.2675 -739.5133 -143.0668 -0.0420 0.0428 0.7435 -0.6661
2244.0000 -3628.5867 -742.3962 -143.0632 -0.0415 0.0422 0.7439 -0.6657
2245.0000 -3628.8957 -745.2666 -143.0497 -0.0416 0.0417 0.7443 -0.6652
2246.0000 -3629.2020 -748.1143 -143.0281 -0.0419 0.0418 0.7446 -0.6649
2247.0000 -3629.5282 -750.9582 -143.0215 -0.0423 0.0419 0.7448 -0.6646
2248.0000 -3629.8524 -753.7912 -143.0139 -0.0432 0.0430 0.7450 -0.6642
2249.0000 -3630.1772 -756.6211 -142.9882 -0.0438 0.0441 0.7453 -0.6638
2250.0000 -3630.4841 -759.4541 -142.9859 -0.0443 0.0441 0.7455 -0.6636
2251.0000 -3630.8058 -762.2823 -142.9874 -0.0447 0.0437 0.7456 -0.6635
2252.0000 -3631.1435 -765.1049 -142.9822 -0.0443 0.0439 0.7457 -0.6633
2253.0000 -3631.4778 -767.9119 -142.9738 -0.0445 0.0443 0.7460 -0.6630
2254.0000 -3631.8110 -770.7116 -142.9550 -0.0447 0.0443 0.7463 -0.6627
2255.0000 -3632.1369 -773.5137 -142.9476 -0.0450 0.0445 0.7464 -0.6625
2256.0000 -3632.4707 -776.3140 -142.9494 -0.0454 0.0443 0.7466 -0.6623
2257.0000 -3632.8037 -779.1040 -142.9526 -0.0456 0.0444 0.7469 -0.6618
2258.0000 -3633.1363 -781.8908 -142.9425 -0.0452 0.0450 0.7474 -0.6613
2259.0000 -3633.4712 -784.6816 -142.9393 -0.0450 0.0451 0.7477 -0.6610
2260.0000 -3633.8138 -787.4580 -142.9380 -0.0448 0.0453 0.7479 -0.6607
2261.0000 -3634.1580 -790.2351 -142.9204 -0.0448 0.0458 0.7482 -0.6604
2262.0000 -3634.4997 -793.0172 -142.9043 -0.0456 0.0454 0.7484 -0.6602
2263.0000 -3634.8436 -795.7934 -142.9250 -0.0471 0.0447 0.7485 -0.6600
2264.0000 -3635.1941 -798.5655 -142.9481 -0.0476 0.0451 0.7487 -0.6597
2265.0000 -3635.5396 -801.3336 -142.9439 -0.0470 0.0459 0.7488 -0.6595
2266.0000 -3635.8851 -804.1077 -142.9452 -0.0472 0.0468 0.7489 -0.6593
2267.0000 -3636.2466 -806.8691 -142.9346 -0.0480 0.0481 0.7489 -0.6592
2268.0000 -3636.6059 -809.6319 -142.9357 -0.0492 0.0487 0.7489 -0.6591
2269.0000 -3636.9589 -812.3871 -142.9467 -0.0505 0.0487 0.7489 -0.6590
2270.0000 -3637.2932 -815.1408 -142.9513 -0.0502 0.0488 0.7490 -0.6589
2271.0000 -3637.6449 -817.9021 -142.9556 -0.0482 0.0490 0.7491 -0.6589
2272.0000 -3638.0136 -820.6633 -142.9583 -0.0465 0.0481 0.7494 -0.6588
2273.0000 -3638.3644 -823.4146 -142.9714 -0.0472 0.0473 0.7495 -0.6587
2274.0000 -3638.7109 -826.1639 -142.9631 -0.0489 0.0472 0.7493 -0.6587
2275.0000 -3639.0578 -828.9072 -142.9538 -0.0505 0.0471 0.7492 -0.6588
2276.0000 -3639.4084 -831.6537 -142.9656 -0.0507 0.0467 0.7493 -0.6586
2277.0000 -3639.7627 -834.3934 -142.9849 -0.0489 0.0465 0.7497 -0.6583
2278.0000 -3640.1161 -837.1422 -143.0242 -0.0476 0.0463 0.7500 -0.6581
2279.0000 -3640.4742 -839.8996 -143.0383 -0.0484 0.0467 0.7500 -0.6580
2280.0000 -3640.8351 -842.6355 -143.0096 -0.0500 0.0470 0.7498 -0.6581
2281.0000 -3641.1855 -845.3565 -142.9874 -0.0498 0.0467 0.7497 -0.6582
2282.0000 -3641.5305 -848.0896 -143.0182 -0.0475 0.0460 0.7500 -0.6582
2283.0000 -3641.8818 -850.8352 -143.0472 -0.0443 0.0449 0.7503 -0.6581
2284.0000 -3642.2374 -853.5873 -143.0708 -0.0434 0.0441 0.7505 -0.6580
2285.0000 -3642.5993 -856.3187 -143.0557 -0.0454 0.0440 0.7503 -0.6580
2286.0000 -3642.9563 -859.0272 -143.0346 -0.0488 0.0444 0.7501 -0.6581
2287.0000 -3643.3044 -861.7354 -143.0323 -0.0507 0.0456 0.7499 -0.6580
2288.0000 -3643.6708 -864.4564 -143.0477 -0.0498 0.0461 0.7502 -0.6577
2289.0000 -3644.0331 -867.1900 -143.0817 -0.0481 0.0457 0.7506 -0.6574
2290.0000 -3644.3996 -869.9160 -143.1151 -0.0480 0.0447 0.7510 -0.6570
2291.0000 -3644.7507 -872.6382 -143.1407 -0.0502 0.0445 0.7511 -0.6568
2292.0000 -3645.1063 -875.3562 -143.1367 -0.0523 0.0455 0.7509 -0.6567
2293.0000 -3645.4707 -878.0741 -143.1325 -0.0517 0.0466 0.7509 -0.6567
2294.0000 -3645.8307 -880.7636 -143.1512 -0.0469 0.0490 0.7514 -0.6564
2295.0000 -3646.2019 -883.4701 -143.1532 -0.0414 0.0516 0.7519 -0.6560
2296.0000 -3646.5640 -886.1780 -143.1636 -0.0415 0.0504 0.7518 -0.6562
2297.0000 -3646.9338 -888.9031 -143.1550 -0.0487 0.0453 0.7511 -0.6568
2298.0000 -3647.2881 -891.6198 -143.1358 -0.0554 0.0427 0.7506 -0.6571
2299.0000 -3647.6459 -894.3162 -143.1219 -0.0541 0.0442 0.7508 -0.6568
2300.0000 -3648.0187 -897.0137 -143.1657 -0.0473 0.0470 0.7516 -0.6562
2301.0000 -3648.3913 -899.7301 -143.2549 -0.0439 0.0484 0.7519 -0.6560
2302.0000 -3648.7541 -902.4527 -143.2657 -0.0470 0.0479 0.7518 -0.6560
2303.0000 -3649.1222 -905.1473 -143.2084 -0.0514 0.0470 0.7516 -0.6560
2304.0000 -3649.4932 -907.8470 -143.1711 -0.0519 0.0464 0.7519 -0.6556
2305.0000 -3649.8523 -910.5600 -143.2139 -0.0483 0.0465 0.7528 -0.6549
2306.0000 -3650.2194 -913.2731 -143.2917 -0.0453 0.0466 0.7535 -0.6542
2307.0000 -3650.5991 -915.9901 -143.3070 -0.0465 0.0464 0.7537 -0.6539
2308.0000 -3650.9820 -918.6798 -143.2804 -0.0503 0.0460 0.7537 -0.6537
2309.0000 -3651.3676 -921.3771 -143.2691 -0.0526 0.0463 0.7538 -0.6534
2310.0000 -3651.7464 -924.0853 -143.2854 -0.0516 0.0468 0.7539 -0.6532
2311.0000 -3652.1236 -926.8016 -143.3267 -0.0490 0.0471 0.7543 -0.6530
2312.0000 -3652.5187 -929.5088 -143.3760 -0.0483 0.0472 0.7545 -0.6528
2313.0000 -3652.9153 -932.2121 -143.3882 -0.0497 0.0476 0.7545 -0.6527
2314.0000 -3653.3072 -934.9011 -143.3677 -0.0518 0.0482 0.7545 -0.6525
2315.0000 -3653.7033 -937.6013 -143.3430 -0.0523 0.0489 0.7545 -0.6524
2316.0000 -3654.0896 -940.3088 -143.3731 -0.0518 0.0484 0.7547 -0.6522
2317.0000 -3654.4774 -943.0211 -143.4444 -0.0513 0.0482 0.7550 -0.6519
2318.0000 -3654.8755 -945.7185 -143.4820 -0.0512 0.0489 0.7553 -0.6516
2319.0000 -3655.2831 -948.4125 -143.4613 -0.0515 0.0500 0.7554 -0.6513
2320.0000 -3655.6880 -951.1130 -143.4438 -0.0520 0.0502 0.7557 -0.6510
2321.0000 -3656.0819 -953.8220 -143.4701 -0.0526 0.0495 0.7561 -0.6505
2322.0000 -3656.4850 -956.5215 -143.5161 -0.0530 0.0490 0.7566 -0.6499
2323.0000 -3656.8971 -959.2116 -143.5354 -0.0525 0.0491 0.7571 -0.6494
2324.0000 -3657.3048 -961.9140 -143.5296 -0.0515 0.0494 0.7575 -0.6489
2325.0000 -3657.7156 -964.6116 -143.5621 -0.0514 0.0491 0.7581 -0.6483
2326.0000 -3658.1378 -967.3147 -143.5932 -0.0525 0.0491 0.7587 -0.6475
2327.0000 -3658.5702 -970.0061 -143.6035 -0.0534 0.0492 0.7593 -0.6466
2328.0000 -3659.0012 -972.7033 -143.6192 -0.0537 0.0495 0.7600 -0.6458
2329.0000 -3659.4329 -975.3970 -143.6411 -0.0534 0.0499 0.7608 -0.6449
2330.0000 -3659.8746 -978.0918 -143.6659 -0.0530 0.0498 0.7615 -0.6441
2331.0000 -3660.3204 -980.7801 -143.7001 -0.0535 0.0492 0.7621 -0.6433
2332.0000 -3660.7726 -983.4647 -143.7403 -0.0545 0.0490 0.7629 -0.6424
2333.0000 -3661.2391 -986.1396 -143.7668 -0.0549 0.0498 0.7637 -0.6413
2334.0000 -3661.7121 -988.8243 -143.7695 -0.0542 0.0508 0.7647 -0.6401
2335.0000 -3662.1862 -991.5040 -143.7826 -0.0532 0.0510 0.7656 -0.6391
2336.0000 -3662.6599 -994.1708 -143.8230 -0.0531 0.0504 0.7664 -0.6382
2337.0000 -3663.1378 -996.8386 -143.8669 -0.0544 0.0497 0.7671 -0.6372
2338.0000 -3663.6317 -999.5281 -143.8999 -0.0554 0.0503 0.7679 -0.6362
2339.0000 -3664.1428 -1002.2004 -143.9069 -0.0552 0.0512 0.7686 -0.6352
2340.0000 -3664.6519 -1004.8554 -143.9386 -0.0553 0.0513 0.7691 -0.6346
2341.0000 -3665.1578 -1007.5139 -143.9914 -0.0558 0.0513 0.7694 -0.6343
2342.0000 -3665.6656 -1010.1775 -144.0208 -0.0560 0.0517 0.7696 -0.6339
2343.0000 -3666.1954 -1012.8436 -144.0364 -0.0556 0.0526 0.7702 -0.6332
2344.0000 -3666.7229 -1015.5007 -144.0631 -0.0554 0.0531 0.7708 -0.6325
2345.0000 -3667.2439 -1018.1624 -144.1086 -0.0563 0.0526 0.7712 -0.6319
2346.0000 -3667.7645 -1020.8249 -144.1434 -0.0570 0.0524 0.7715 -0.6315
2347.0000 -3668.2957 -1023.4868 -144.1684 -0.0564 0.0528 0.7720 -0.6309
2348.0000 -3668.8413 -1026.1471 -144.1989 -0.0558 0.0531 0.7726 -0.6302
2349.0000 -3669.3898 -1028.8056 -144.2473 -0.0560 0.0529 0.7731 -0.6295
2350.0000 -3669.9312 -1031.4656 -144.2827 -0.0565 0.0527 0.7737 -0.6288
2351.0000 -3670.4802 -1034.1220 -144.3040 -0.0564 0.0530 0.7743 -0.6281
2352.0000 -3671.0313 -1036.7716 -144.3297 -0.0561 0.0530 0.7749 -0.6273
2353.0000 -3671.5875 -1039.4296 -144.3820 -0.0564 0.0525 0.7757 -0.6263
2354.0000 -3672.1524 -1042.0907 -144.4250 -0.0563 0.0524 0.7768 -0.6251
2355.0000 -3672.7342 -1044.7460 -144.4584 -0.0553 0.0526 0.7777 -0.6240
2356.0000 -3673.3176 -1047.3969 -144.4847 -0.0546 0.0526 0.7785 -0.6231
2357.0000 -3673.8957 -1050.0325 -144.5248 -0.0558 0.0521 0.7790 -0.6223
2358.0000 -3674.4903 -1052.6695 -144.5651 -0.0577 0.0517 0.7796 -0.6215
2359.0000 -3675.0956 -1055.3161 -144.6051 -0.0583 0.0518 0.7803 -0.6205
2360.0000 -3675.7020 -1057.9722 -144.6648 -0.0579 0.0525 0.7812 -0.6193
2361.0000 -3676.3077 -1060.6246 -144.7108 -0.0577 0.0532 0.7821 -0.6182
2362.0000 -3676.9258 -1063.2638 -144.7470 -0.0576 0.0533 0.7828 -0.6173
2363.0000 -3677.5610 -1065.8923 -144.7954 -0.0578 0.0531 0.7836 -0.6163
2364.0000 -3678.1940 -1068.5282 -144.8497 -0.0577 0.0530 0.7843 -0.6154
2365.0000 -3678.8315 -1071.1674 -144.9040 -0.0573 0.0531 0.7851 -0.6144
2366.0000 -3679.4671 -1073.7964 -144.9305 -0.0565 0.0532 0.7859 -0.6135
2367.0000 -3680.1163 -1076.4230 -144.9736 -0.0563 0.0524 0.7867 -0.6125
2368.0000 -3680.7711 -1079.0550 -145.0444 -0.0574 0.0517 0.7875 -0.6115
2369.0000 -3681.4441 -1081.6879 -145.1012 -0.0585 0.0517 0.7883 -0.6103
2370.0000 -3682.1252 -1084.3220 -145.1381 -0.0582 0.0522 0.7894 -0.6089
2371.0000 -3682.8041 -1086.9509 -145.1775 -0.0567 0.0519 0.7904 -0.6078
2372.0000 -3683.4806 -1089.5544 -145.2517 -0.0555 0.0511 0.7913 -0.6068
2373.0000 -3684.1698 -1092.1574 -145.3390 -0.0565 0.0507 0.7920 -0.6057
2374.0000 -3684.8907 -1094.7867 -145.3881 -0.0588 0.0511 0.7929 -0.6044
2375.0000 -3685.6246 -1097.4153 -145.4103 -0.0598 0.0520 0.7939 -0.6028
2376.0000 -3686.3449 -1100.0351 -145.4620 -0.0584 0.0526 0.7953 -0.6011
2377.0000 -3687.0603 -1102.6435 -145.5473 -0.0566 0.0525 0.7964 -0.5998
2378.0000 -3687.7864 -1105.2552 -145.6234 -0.0562 0.0521 0.7973 -0.5987
2379.0000 -3688.5412 -1107.8654 -145.6844 -0.0578 0.0514 0.7979 -0.5978
2380.0000 -3689.3113 -1110.4853 -145.7432 -0.0596 0.0516 0.7985 -0.5968
2381.0000 -3690.0868 -1113.0955 -145.7752 -0.0595 0.0526 0.7993 -0.5957
2382.0000 -3690.8504 -1115.6893 -145.8281 -0.0573 0.0530 0.8003 -0.5945
2383.0000 -3691.6053 -1118.2919 -145.9314 -0.0559 0.0516 0.8012 -0.5935
2384.0000 -3692.3822 -1120.9223 -146.0428 -0.0574 0.0505 0.8020 -0.5924
2385.0000 -3693.1964 -1123.5387 -146.0922 -0.0598 0.0511 0.8027 -0.5912
2386.0000 -3694.0110 -1126.1362 -146.1035 -0.0606 0.0527 0.8033 -0.5901
2387.0000 -3694.8204 -1128.7242 -146.1699 -0.0597 0.0538 0.8040 -0.5892
2388.0000 -3695.6283 -1131.3280 -146.2757 -0.0585 0.0538 0.8047 -0.5883
2389.0000 -3696.4437 -1133.9311 -146.3621 -0.0575 0.0533 0.8056 -0.5873
2390.0000 -3697.2669 -1136.5325 -146.4337 -0.0582 0.0526 0.8063 -0.5862
2391.0000 -3698.1030 -1139.1272 -146.4913 -0.0597 0.0524 0.8070 -0.5852
2392.0000 -3698.9517 -1141.7313 -146.5412 -0.0607 0.0526 0.8077 -0.5841
2393.0000 -3699.7925 -1144.3400 -146.6024 -0.0603 0.0529 0.8087 -0.5828
2394.0000 -3700.6402 -1146.9329 -146.7061 -0.0594 0.0525 0.8098 -0.5813
2395.0000 -3701.5010 -1149.5155 -146.8207 -0.0594 0.0520 0.8109 -0.5799
2396.0000 -3702.3853 -1152.1158 -146.8982 -0.0599 0.0526 0.8117 -0.5786
2397.0000 -3703.2730 -1154.7132 -146.9466 -0.0604 0.0534 0.8127 -0.5771
2398.0000 -3704.1772 -1157.3100 -147.0009 -0.0601 0.0534 0.8136 -0.5758
2399.0000 -3705.0722 -1159.8933 -147.1039 -0.0596 0.0528 0.8145 -0.5746
2400.0000 -3705.9687 -1162.4678 -147.2174 -0.0599 0.0522 0.8153 -0.5736
2401.0000 -3706.8922 -1165.0567 -147.3021 -0.0609 0.0521 0.8159 -0.5726
2402.0000 -3707.8260 -1167.6598 -147.3635 -0.0616 0.0526 0.8167 -0.5714
2403.0000 -3708.7621 -1170.2438 -147.4293 -0.0612 0.0537 0.8176 -0.5700
2404.0000 -3709.6991 -1172.8096 -147.5269 -0.0602 0.0540 0.8185 -0.5688
2405.0000 -3710.6384 -1175.3833 -147.6379 -0.0596 0.0536 0.8192 -0.5678
2406.0000 -3711.5947 -1177.9692 -147.7312 -0.0596 0.0531 0.8199 -0.5668
2407.0000 -3712.5668 -1180.5585 -147.7936 -0.0600 0.0529 0.8207 -0.5657
2408.0000 -3713.5346 -1183.1251 -147.8657 -0.0606 0.0531 0.8214 -0.5646
2409.0000 -3714.5133 -1185.7000 -147.9553 -0.0610 0.0533 0.8221 -0.5636
2410.0000 -3715.5123 -1188.2820 -148.0560 -0.0609 0.0530 0.8228 -0.5626
2411.0000 -3716.4962 -1190.8666 -148.1641 -0.0605 0.0521 0.8236 -0.5616
2412.0000 -3717.4793 -1193.4464 -148.2771 -0.0599 0.0517 0.8243 -0.5606
2413.0000 -3718.4791 -1196.0083 -148.3684 -0.0603 0.0520 0.8249 -0.5597
2414.0000 -3719.5044 -1198.5720 -148.4381 -0.0606 0.0522 0.8254 -0.5589
2415.0000 -3720.5258 -1201.1446 -148.5288 -0.0604 0.0521 0.8261 -0.5579
2416.0000 -3721.5449 -1203.7269 -148.6407 -0.0601 0.0517 0.8269 -0.5567
2417.0000 -3722.5689 -1206.2991 -148.7472 -0.0602 0.0513 0.8277 -0.5556
2418.0000 -3723.6063 -1208.8602 -148.8422 -0.0603 0.0511 0.8284 -0.5546
2419.0000 -3724.6595 -1211.4319 -148.9273 -0.0599 0.0512 0.8291 -0.5535
2420.0000 -3725.7146 -1214.0060 -149.0256 -0.0596 0.0505 0.8298 -0.5526
2421.0000 -3726.7655 -1216.5592 -149.1385 -0.0596 0.0496 0.8306 -0.5515
2422.0000 -3727.8337 -1219.1184 -149.2496 -0.0592 0.0490 0.8313 -0.5505
2423.0000 -3728.9075 -1221.6810 -149.3517 -0.0584 0.0487 0.8320 -0.5495
2424.0000 -3729.9887 -1224.2507 -149.4425 -0.0580 0.0483 0.8327 -0.5485
2425.0000 -3731.0650 -1226.8093 -149.5380 -0.0581 0.0481 0.8333 -0.5476
2426.0000 -3732.1598 -1229.3626 -149.6436 -0.0583 0.0480 0.8339 -0.5467
2427.0000 -3733.2644 -1231.9231 -149.7538 -0.0589 0.0475 0.8344 -0.5459
2428.0000 -3734.3690 -1234.4833 -149.8590 -0.0589 0.0467 0.8351 -0.5450
2429.0000 -3735.4661 -1237.0332 -149.9879 -0.0587 0.0455 0.8357 -0.5441
2430.0000 -3736.5750 -1239.5950 -150.1132 -0.0586 0.0448 0.8363 -0.5433
2431.0000 -3737.6925 -1242.1543 -150.2239 -0.0580 0.0451 0.8369 -0.5424
2432.0000 -3738.8247 -1244.6976 -150.3329 -0.0566 0.0453 0.8375 -0.5416
2433.0000 -3739.9629 -1247.2450 -150.4453 -0.0565 0.0445 0.8379 -0.5410
2434.0000 -3741.0976 -1249.7995 -150.5494 -0.0574 0.0430 0.8383 -0.5404
2435.0000 -3742.2311 -1252.3555 -150.6764 -0.0577 0.0424 0.8388 -0.5396
2436.0000 -3743.3740 -1254.9076 -150.7927 -0.0569 0.0437 0.8394 -0.5388
2437.0000 -3744.5428 -1257.4549 -150.8911 -0.0557 0.0445 0.8399 -0.5381
2438.0000 -3745.7025 -1259.9963 -151.0211 -0.0564 0.0447 0.8402 -0.5375
2439.0000 -3746.8615 -1262.5250 -151.1375 -0.0574 0.0454 0.8404 -0.5371
2440.0000 -3748.0354 -1265.0767 -151.2432 -0.0578 0.0454 0.8407 -0.5365
2441.0000 -3749.2153 -1267.6378 -151.3712 -0.0587 0.0453 0.8411 -0.5358
2442.0000 -3750.3938 -1270.1807 -151.4895 -0.0595 0.0459 0.8417 -0.5348
2443.0000 -3751.5753 -1272.7215 -151.6102 -0.0605 0.0470 0.8422 -0.5338
2444.0000 -3752.7664 -1275.2513 -151.7218 -0.0610 0.0474 0.8427 -0.5329
2445.0000 -3753.9581 -1277.7847 -151.8499 -0.0607 0.0462 0.8433 -0.5319
2446.0000 -3755.1533 -1280.3275 -151.9919 -0.0593 0.0443 0.8443 -0.5307
2447.0000 -3756.3511 -1282.8674 -152.1423 -0.0579 0.0428 0.8453 -0.5294
2448.0000 -3757.5562 -1285.3951 -152.2715 -0.0576 0.0422 0.8461 -0.5282
2449.0000 -3758.7731 -1287.9178 -152.3782 -0.0581 0.0428 0.8467 -0.5271
2450.0000 -3759.9987 -1290.4475 -152.4931 -0.0586 0.0441 0.8471 -0.5263
2451.0000 -3761.2350 -1292.9556 -152.6113 -0.0592 0.0446 0.8474 -0.5257
2452.0000 -3762.4568 -1295.4563 -152.7518 -0.0597 0.0438 0.8476 -0.5254
2453.0000 -3763.6912 -1297.9868 -152.9070 -0.0595 0.0434 0.8479 -0.5250
2454.0000 -3764.9411 -1300.5089 -153.0451 -0.0584 0.0437 0.8484 -0.5244
2455.0000 -3766.1932 -1303.0196 -153.1374 -0.0565 0.0445 0.8488 -0.5237
2456.0000 -3767.4338 -1305.5186 -153.2332 -0.0554 0.0435 0.8492 -0.5234
2457.0000 -3768.6725 -1308.0296 -153.3954 -0.0567 0.0416 0.8492 -0.5233
2458.0000 -3769.9304 -1310.5487 -153.5465 -0.0589 0.0421 0.8491 -0.5232
2459.0000 -3771.2026 -1313.0561 -153.6424 -0.0600 0.0435 0.8491 -0.5229
2460.0000 -3772.4478 -1315.5571 -153.7538 -0.0602 0.0437 0.8492 -0.5227
2461.0000 -3773.6855 -1318.0545 -153.9229 -0.0598 0.0429 0.8495 -0.5225
2462.0000 -3774.9375 -1320.5743 -154.0981 -0.0591 0.0422 0.8497 -0.5222
2463.0000 -3776.2046 -1323.0914 -154.2377 -0.0588 0.0425 0.8500 -0.5218
2464.0000 -3777.4746 -1325.5928 -154.3390 -0.0586 0.0425 0.8501 -0.5216
2465.0000 -3778.7234 -1328.0736 -154.4673 -0.0585 0.0422 0.8502 -0.5215
2466.0000 -3779.9650 -1330.5614 -154.6148 -0.0586 0.0415 0.8502 -0.5215
2467.0000 -3781.2376 -1333.0886 -154.7755 -0.0587 0.0412 0.8503 -0.5215
2468.0000 -3782.5145 -1335.6115 -154.9101 -0.0585 0.0414 0.8505 -0.5210
2469.0000 -3783.7902 -1338.1364 -155.0351 -0.0584 0.0416 0.8508 -0.5205
2470.0000 -3785.0582 -1340.6447 -155.1673 -0.0586 0.0415 0.8511 -0.5201
2471.0000 -3786.3224 -1343.1479 -155.3142 -0.0587 0.0411 0.8511 -0.5201
2472.0000 -3787.5799 -1345.6311 -155.4629 -0.0587 0.0409 0.8512 -0.5199
2473.0000 -3788.8409 -1348.1148 -155.6048 -0.0586 0.0410 0.8514 -0.5196
2474.0000 -3790.1177 -1350.6136 -155.7400 -0.0587 0.0410 0.8517 -0.5192
2475.0000 -3791.4032 -1353.1111 -155.8832 -0.0589 0.0408 0.8519 -0.5187
2476.0000 -3792.6892 -1355.6387 -156.0416 -0.0599 0.0413 0.8521 -0.5183
2477.0000 -3793.9738 -1358.1531 -156.1759 -0.0595 0.0415 0.8523 -0.5181
2478.0000 -3795.2380 -1360.5911 -156.2966 -0.0575 0.0406 0.8526 -0.5178
2479.0000 -3796.5162 -1363.1037 -156.4382 -0.0564 0.0393 0.8528 -0.5177
2480.0000 -3797.7983 -1365.6269 -156.5901 -0.0573 0.0386 0.8529 -0.5175
2481.0000 -3799.0963 -1368.1342 -156.7505 -0.0590 0.0395 0.8529 -0.5171
2482.0000 -3800.3932 -1370.6205 -156.8927 -0.0597 0.0410 0.8531 -0.5166
2483.0000 -3801.6804 -1373.0636 -157.0043 -0.0581 0.0406 0.8535 -0.5162
2484.0000 -3802.9415 -1375.5444 -157.1309 -0.0558 0.0386 0.8539 -0.5161
2485.0000 -3804.2315 -1378.0730 -157.2909 -0.0556 0.0375 0.8542 -0.5157
2486.0000 -3805.5505 -1380.5631 -157.4519 -0.0577 0.0384 0.8544 -0.5150
2487.0000 -3806.8602 -1383.0262 -157.6105 -0.0602 0.0399 0.8546 -0.5142
2488.0000 -3808.1787 -1385.5367 -157.7526 -0.0609 0.0410 0.8547 -0.5139
2489.0000 -3809.4820 -1388.0262 -157.8890 -0.0588 0.0401 0.8550 -0.5137
2490.0000 -3810.7751 -1390.5173 -158.0162 -0.0558 0.0377 0.8553 -0.5137
2491.0000 -3812.0434 -1392.9346 -158.1578 -0.0552 0.0360 0.8553 -0.5140
2492.0000 -3813.3576 -1395.4042 -158.3442 -0.0584 0.0381 0.8549 -0.5141
2493.0000 -3814.6938 -1397.8961 -158.5025 -0.0613 0.0425 0.8546 -0.5139
2494.0000 -3816.0268 -1400.3876 -158.6071 -0.0604 0.0424 0.8548 -0.5138
2495.0000 -3817.3131 -1402.8790 -158.7381 -0.0577 0.0391 0.8551 -0.5137
2496.0000 -3818.6061 -1405.3740 -158.9069 -0.0563 0.0364 0.8552 -0.5140
2497.0000 -3819.9008 -1407.8267 -159.0781 -0.0572 0.0366 0.8550 -0.5141
2498.0000 -3821.2264 -1410.3109 -159.2237 -0.0584 0.0375 0.8549 -0.5141
2499.0000 -3822.5629 -1412.8532 -159.3639 -0.0593 0.0385 0.8548 -0.5141
2500.0000 -3823.9017 -1415.4113 -159.5199 -0.0590 0.0390 0.8549 -0.5140
2501.0000 -3825.1864 -1417.8407 -159.6613 -0.0573 0.0384 0.8550 -0.5141
2502.0000 -3826.4685 -1420.2671 -159.8030 -0.0555 0.0366 0.8550 -0.5143
2503.0000 -3827.7518 -1422.7200 -159.9478 -0.0553 0.0358 0.8550 -0.5145
2504.0000 -3829.1104 -1425.2987 -160.0967 -0.0568 0.0368 0.8548 -0.5145
2505.0000 -3830.4749 -1427.9031 -160.2468 -0.0587 0.0385 0.8547 -0.5143
2506.0000 -3831.8036 -1430.4204 -160.4080 -0.0591 0.0393 0.8547 -0.5143
2507.0000 -3833.0778 -1432.8375 -160.5490 -0.0572 0.0383 0.8549 -0.5142
2508.0000 -3834.3437 -1435.2552 -160.7006 -0.0549 0.0369 0.8552 -0.5141
2509.0000 -3835.6085 -1437.6763 -160.8408 -0.0554 0.0358 0.8552 -0.5141
2510.0000 -3836.9524 -1440.2238 -160.9881 -0.0581 0.0367 0.8548 -0.5143
2511.0000 -3838.2865 -1442.7499 -161.1454 -0.0602 0.0383 0.8546 -0.5143
2512.0000 -3839.5724 -1445.1927 -161.2970 -0.0592 0.0385 0.8548 -0.5142
2513.0000 -3840.9025 -1447.7109 -161.4551 -0.0565 0.0371 0.8551 -0.5140
2514.0000 -3842.2374 -1450.2791 -161.6133 -0.0546 0.0363 0.8554 -0.5139
2515.0000 -3843.4976 -1452.6990 -161.7611 -0.0558 0.0360 0.8551 -0.5142
2516.0000 -3844.7762 -1455.1084 -161.8967 -0.0593 0.0360 0.8546 -0.5147
2517.0000 -3846.0935 -1457.6002 -162.0513 -0.0615 0.0373 0.8543 -0.5148
2518.0000 -3847.4695 -1460.2190 -162.2034 -0.0587 0.0382 0.8544 -0.5148
2519.0000 -3848.8282 -1462.8456 -162.3802 -0.0550 0.0378 0.8547 -0.5148
2520.0000 -3850.1450 -1465.3335 -162.5445 -0.0539 0.0358 0.8548 -0.5149
2521.0000 -3851.3937 -1467.7060 -162.6891 -0.0559 0.0345 0.8546 -0.5151
2522.0000 -3852.6282 -1470.0809 -162.7941 -0.0579 0.0348 0.8543 -0.5155
2523.0000 -3853.9825 -1472.6481 -162.9366 -0.0583 0.0365 0.8541 -0.5155
2524.0000 -3855.3489 -1475.2542 -163.1130 -0.0574 0.0372 0.8543 -0.5152
2525.0000 -3856.6858 -1477.8633 -163.3010 -0.0558 0.0362 0.8542 -0.5156
2526.0000 -3858.0274 -1480.4340 -163.4724 -0.0550 0.0345 0.8541 -0.5160
2527.0000 -3859.2378 -1482.7302 -163.5857 -0.0561 0.0328 0.8544 -0.5155
2528.0000 -3860.4835 -1485.1231 -163.7214 -0.0583 0.0341 0.8544 -0.5153
2529.0000 -3861.8239 -1487.6710 -163.8797 -0.0587 0.0363 0.8541 -0.5154
2530.0000 -3863.2039 -1490.3339 -164.0637 -0.0574 0.0367 0.8540 -0.5158
2531.0000 -3864.5541 -1492.9348 -164.2243 -0.0555 0.0344 0.8540 -0.5161
2532.0000 -3865.8605 -1495.4531 -164.3775 -0.0548 0.0328 0.8541 -0.5162
2533.0000 -3867.1201 -1497.8723 -164.5226 -0.0562 0.0330 0.8541 -0.5159
2534.0000 -3868.3915 -1500.2862 -164.6569 -0.0580 0.0345 0.8541 -0.5158
2535.0000 -3869.7177 -1502.8060 -164.8137 -0.0586 0.0356 0.8539 -0.5158
2536.0000 -3871.0443 -1505.3805 -164.9809 -0.0574 0.0354 0.8540 -0.5159
2537.0000 -3872.3298 -1507.8835 -165.1541 -0.0566 0.0344 0.8542 -0.5157
2538.0000 -3873.6401 -1510.3900 -165.3169 -0.0571 0.0342 0.8542 -0.5157
2539.0000 -3874.9817 -1512.9426 -165.4630 -0.0576 0.0351 0.8540 -0.5159
2540.0000 -3876.2783 -1515.4207 -165.6087 -0.0577 0.0357 0.8541 -0.5157
2541.0000 -3877.5667 -1517.8953 -165.7620 -0.0570 0.0356 0.8543 -0.5154
2542.0000 -3878.8604 -1520.3764 -165.9288 -0.0566 0.0347 0.8544 -0.5154
2543.0000 -3880.1873 -1522.9059 -166.0939 -0.0568 0.0342 0.8544 -0.5154
2544.0000 -3881.4699 -1525.3747 -166.2375 -0.0577 0.0342 0.8546 -0.5150
2545.0000 -3882.8012 -1527.9159 -166.3872 -0.0584 0.0344 0.8547 -0.5146
2546.0000 -3884.1279 -1530.4550 -166.5370 -0.0580 0.0346 0.8549 -0.5143
2547.0000 -3885.4525 -1532.9815 -166.7044 -0.0571 0.0346 0.8551 -0.5142
2548.0000 -3886.7379 -1535.4496 -166.8747 -0.0565 0.0339 0.8552 -0.5140
2549.0000 -3888.0178 -1537.8714 -167.0420 -0.0570 0.0330 0.8555 -0.5136
2550.0000 -3889.3257 -1540.3719 -167.1903 -0.0574 0.0326 0.8557 -0.5133
2551.0000 -3890.6643 -1542.9041 -167.3418 -0.0566 0.0322 0.8558 -0.5132
2552.0000 -3892.0033 -1545.4302 -167.4969 -0.0555 0.0317 0.8559 -0.5132
2553.0000 -3893.3376 -1547.9377 -167.6730 -0.0564 0.0325 0.8561 -0.5127
2554.0000 -3894.6668 -1550.4499 -167.8382 -0.0581 0.0343 0.8562 -0.5122
2555.0000 -3895.9355 -1552.8709 -167.9806 -0.0588 0.0352 0.8564 -0.5117
2556.0000 -3897.2336 -1555.3179 -168.1334 -0.0583 0.0348 0.8565 -0.5116
2557.0000 -3898.5758 -1557.8144 -168.3042 -0.0576 0.0340 0.8565 -0.5118
2558.0000 -3899.9497 -1560.3444 -168.4735 -0.0576 0.0334 0.8566 -0.5117
2559.0000 -3901.2835 -1562.8447 -168.6305 -0.0582 0.0335 0.8568 -0.5113
2560.0000 -3902.6001 -1565.3411 -168.8010 -0.0587 0.0335 0.8570 -0.5108
2561.0000 -3903.9093 -1567.8160 -168.9581 -0.0577 0.0325 0.8573 -0.5106
2562.0000 -3905.2196 -1570.2804 -169.1147 -0.0564 0.0318 0.8574 -0.5105
2563.0000 -3906.5246 -1572.6936 -169.2675 -0.0559 0.0326 0.8574 -0.5105
2564.0000 -3907.8815 -1575.1842 -169.4284 -0.0565 0.0337 0.8573 -0.5106
2565.0000 -3909.2257 -1577.6709 -169.5917 -0.0578 0.0344 0.8572 -0.5105
2566.0000 -3910.5646 -1580.2055 -169.7630 -0.0594 0.0344 0.8570 -0.5107
2567.0000 -3911.9061 -1582.7274 -169.9242 -0.0596 0.0347 0.8570 -0.5107
2568.0000 -3913.2371 -1585.1776 -170.0700 -0.0584 0.0357 0.8572 -0.5105
2569.0000 -3914.4953 -1587.5111 -170.2306 -0.0580 0.0351 0.8573 -0.5103
2570.0000 -3915.7717 -1589.9070 -170.4086 -0.0590 0.0329 0.8571 -0.5108
2571.0000 -3917.1377 -1592.4650 -170.5809 -0.0589 0.0322 0.8568 -0.5112
2572.0000 -3918.5365 -1595.0758 -170.7447 -0.0580 0.0339 0.8568 -0.5113
2573.0000 -3919.8215 -1597.4678 -170.8949 -0.0575 0.0347 0.8569 -0.5111
2574.0000 -3921.1135 -1599.9016 -171.0569 -0.0581 0.0332 0.8567 -0.5114
2575.0000 -3922.4085 -1602.3432 -171.2315 -0.0591 0.0327 0.8563 -0.5120
2576.0000 -3923.7391 -1604.8324 -171.3947 -0.0588 0.0330 0.8561 -0.5124
2577.0000 -3925.0286 -1607.2498 -171.5448 -0.0577 0.0333 0.8561 -0.5125
2578.0000 -3926.3721 -1609.7994 -171.7102 -0.0568 0.0331 0.8560 -0.5128
2579.0000 -3927.6966 -1612.3172 -171.8911 -0.0575 0.0323 0.8558 -0.5131
2580.0000 -3928.9651 -1614.7149 -172.0486 -0.0585 0.0322 0.8555 -0.5135
2581.0000 -3930.2440 -1617.1070 -172.1916 -0.0585 0.0334 0.8552 -0.5139
2582.0000 -3931.5598 -1619.5945 -172.3536 -0.0577 0.0344 0.8550 -0.5142
2583.0000 -3932.9019 -1622.1667 -172.5293 -0.0572 0.0337 0.8550 -0.5144
2584.0000 -3934.2394 -1624.7298 -172.6994 -0.0575 0.0325 0.8548 -0.5147
2585.0000 -3935.5078 -1627.1432 -172.8555 -0.0582 0.0324 0.8546 -0.5150
2586.0000 -3936.7644 -1629.5423 -172.9990 -0.0584 0.0332 0.8543 -0.5154
2587.0000 -3938.0168 -1631.9533 -173.1562 -0.0583 0.0334 0.8542 -0.5155
2588.0000 -3939.2888 -1634.3934 -173.3277 -0.0586 0.0328 0.8542 -0.5157
2589.0000 -3940.6007 -1636.9062 -173.4983 -0.0590 0.0333 0.8541 -0.5157
2590.0000 -3941.8691 -1639.3286 -173.6552 -0.0583 0.0344 0.8542 -0.5156
2591.0000 -3943.1683 -1641.8351 -173.8059 -0.0566 0.0341 0.8543 -0.5156
2592.0000 -3944.4773 -1644.3325 -173.9697 -0.0561 0.0321 0.8545 -0.5154
2593.0000 -3945.7763 -1646.8226 -174.1348 -0.0571 0.0302 0.8548 -0.5150
2594.0000 -3947.0586 -1649.2898 -174.3017 -0.0582 0.0307 0.8549 -0.5145
2595.0000 -3948.3220 -1651.7359 -174.4612 -0.0579 0.0326 0.8551 -0.5142
2596.0000 -3949.6459 -1654.2526 -174.6205 -0.0566 0.0324 0.8550 -0.5145
2597.0000 -3950.9727 -1656.7629 -174.8122 -0.0579 0.0306 0.8548 -0.5148
2598.0000 -3952.2730 -1659.2466 -174.9876 -0.0597 0.0298 0.8547 -0.5149
2599.0000 -3953.5482 -1661.6884 -175.1460 -0.0600 0.0303 0.8548 -0.5146
2600.0000 -3954.8295 -1664.1269 -175.3101 -0.0578 0.0315 0.8551 -0.5143
2601.0000 -3956.1213 -1666.6015 -175.4862 -0.0556 0.0328 0.8552 -0.5143
2602.0000 -3957.4033 -1669.0378 -175.6603 -0.0568 0.0336 0.8550 -0.5144
2603.0000 -3958.7142 -1671.5149 -175.8088 -0.0606 0.0353 0.8545 -0.5147
2604.0000 -3960.0304 -1673.9863 -175.9440 -0.0621 0.0358 0.8544 -0.5146
2605.0000 -3961.3415 -1676.4936 -176.1067 -0.0604 0.0349 0.8546 -0.5146
2606.0000 -3962.6193 -1678.9546 -176.3192 -0.0586 0.0339 0.8549 -0.5143
2607.0000 -3963.9104 -1681.4120 -176.5248 -0.0590 0.0340 0.8550 -0.5141
2608.0000 -3965.2184 -1683.8915 -176.6612 -0.0599 0.0345 0.8550 -0.5140
2609.0000 -3966.5092 -1686.3593 -176.7903 -0.0601 0.0342 0.8551 -0.5138
2610.0000 -3967.8053 -1688.8387 -176.9623 -0.0596 0.0337 0.8553 -0.5135
2611.0000 -3969.1058 -1691.2840 -177.1507 -0.0594 0.0341 0.8555 -0.5132
2612.0000 -3970.4030 -1693.7259 -177.3177 -0.0592 0.0374 0.8555 -0.5131
2613.0000 -3971.7053 -1696.1961 -177.4667 -0.0593 0.0395 0.8553 -0.5132
2614.0000 -3973.0127 -1698.6797 -177.6203 -0.0605 0.0391 0.8552 -0.5133
2615.0000 -3974.3182 -1701.1503 -177.7843 -0.0629 0.0377 0.8551 -0.5132
2616.0000 -3975.6132 -1703.6037 -177.9395 -0.0649 0.0375 0.8552 -0.5129
2617.0000 -3976.9136 -1706.0671 -178.1069 -0.0653 0.0386 0.8552 -0.5127
2618.0000 -3978.2375 -1708.5347 -178.3048 -0.0644 0.0394 0.8552 -0.5127
2619.0000 -3979.5391 -1711.0302 -178.5076 -0.0631 0.0378 0.8553 -0.5129
2620.0000 -3980.8358 -1713.5213 -178.7022 -0.0616 0.0336 0.8554 -0.5132
2621.0000 -3982.1165 -1716.0042 -178.8742 -0.0597 0.0289 0.8556 -0.5133
2622.0000 -3983.3941 -1718.4841 -179.0515 -0.0576 0.0261 0.8557 -0.5136
2623.0000 -3984.6902 -1720.9555 -179.2330 -0.0559 0.0250 0.8557 -0.5138
2624.0000 -3985.9899 -1723.4120 -179.3938 -0.0550 0.0256 0.8557 -0.5140
2625.0000 -3987.2762 -1725.8656 -179.5758 -0.0553 0.0251 0.8555 -0.5142
2626.0000 -3988.5727 -1728.3366 -179.7466 -0.0556 0.0243 0.8554 -0.5145
2627.0000 -3989.8810 -1730.8114 -179.9036 -0.0551 0.0241 0.8554 -0.5145
2628.0000 -3991.1858 -1733.2837 -180.0828 -0.0551 0.0241 0.8554 -0.5144
2629.0000 -3992.4738 -1735.7412 -180.2805 -0.0572 0.0252 0.8554 -0.5142
2630.0000 -3993.7572 -1738.1908 -180.4358 -0.0580 0.0273 0.8553 -0.5142
2631.0000 -3995.0625 -1740.6311 -180.5604 -0.0554 0.0287 0.8552 -0.5145
2632.0000 -3996.3600 -1743.1102 -180.7534 -0.0520 0.0281 0.8552 -0.5150
2633.0000 -3997.6393 -1745.5943 -180.9547 -0.0518 0.0259 0.8552 -0.5151
2634.0000 -3998.9282 -1748.0684 -181.1001 -0.0533 0.0245 0.8551 -0.5151
2635.0000 -4000.2116 -1750.5293 -181.2006 -0.0527 0.0239 0.8550 -0.5153
2636.0000 -4001.4909 -1753.0023 -181.3349 -0.0501 0.0239 0.8549 -0.5157
2637.0000 -4002.7864 -1755.4989 -181.5157 -0.0478 0.0233 0.8548 -0.5163
2638.0000 -4004.0585 -1757.9651 -181.6887 -0.0472 0.0217 0.8547 -0.5165
2639.0000 -4005.3352 -1760.4311 -181.8399 -0.0481 0.0200 0.8546 -0.5167
2640.0000 -4006.6125 -1762.9111 -181.9737 -0.0491 0.0187 0.8542 -0.5173
2641.0000 -4007.8935 -1765.3972 -182.1075 -0.0488 0.0179 0.8539 -0.5178
2642.0000 -4009.1754 -1767.8895 -182.2768 -0.0476 0.0172 0.8538 -0.5182
2643.0000 -4010.4540 -1770.3809 -182.4640 -0.0469 0.0163 0.8537 -0.5184
2644.0000 -4011.7184 -1772.8445 -182.6378 -0.0478 0.0160 0.8535 -0.5187
2645.0000 -4012.9819 -1775.3184 -182.7871 -0.0495 0.0162 0.8531 -0.5191
2646.0000 -4014.2588 -1777.8128 -182.9289 -0.0500 0.0169 0.8528 -0.5196
2647.0000 -4015.5339 -1780.3054 -183.0910 -0.0493 0.0172 0.8525 -0.5200
2648.0000 -4016.7973 -1782.7947 -183.2819 -0.0493 0.0171 0.8523 -0.5205
2649.0000 -4018.0587 -1785.2831 -183.4594 -0.0501 0.0173 0.8520 -0.5209
2650.0000 -4019.3286 -1787.7774 -183.6159 -0.0504 0.0176 0.8517 -0.5213
2651.0000 -4020.5803 -1790.2579 -183.7811 -0.0501 0.0174 0.8515 -0.5216
2652.0000 -4021.8336 -1792.7518 -183.9463 -0.0490 0.0169 0.8515 -0.5218
2653.0000 -4023.0760 -1795.2439 -184.1002 -0.0474 0.0165 0.8513 -0.5223
2654.0000 -4024.3356 -1797.7496 -184.2609 -0.0467 0.0156 0.8511 -0.5228
2655.0000 -4025.5847 -1800.2560 -184.4296 -0.0468 0.0144 0.8507 -0.5233
2656.0000 -4026.8151 -1802.7538 -184.5931 -0.0470 0.0137 0.8505 -0.5238
2657.0000 -4028.0530 -1805.2503 -184.7492 -0.0471 0.0135 0.8503 -0.5241
2658.0000 -4029.3048 -1807.7447 -184.9113 -0.0470 0.0140 0.8501 -0.5243
2659.0000 -4030.5519 -1810.2521 -185.0689 -0.0470 0.0143 0.8499 -0.5247
2660.0000 -4031.7957 -1812.7651 -185.2287 -0.0478 0.0138 0.8496 -0.5250
2661.0000 -4033.0377 -1815.2744 -185.4054 -0.0488 0.0135 0.8493 -0.5255
2662.0000 -4034.2774 -1817.7815 -185.5803 -0.0496 0.0138 0.8490 -0.5259
2663.0000 -4035.5110 -1820.2922 -185.7403 -0.0490 0.0142 0.8488 -0.5263
2664.0000 -4036.7413 -1822.7966 -185.9095 -0.0479 0.0142 0.8486 -0.5266
2665.0000 -4037.9639 -1825.2894 -186.0771 -0.0472 0.0138 0.8485 -0.5269
2666.0000 -4039.1808 -1827.7891 -186.2533 -0.0469 0.0136 0.8483 -0.5272
2667.0000 -4040.4094 -1830.3103 -186.4207 -0.0471 0.0139 0.8480 -0.5277
2668.0000 -4041.6414 -1832.8494 -186.5763 -0.0471 0.0143 0.8478 -0.5280
2669.0000 -4042.8644 -1835.3676 -186.7225 -0.0465 0.0144 0.8477 -0.5283
2670.0000 -4044.0750 -1837.8669 -186.8807 -0.0460 0.0136 0.8475 -0.5285
2671.0000 -4045.3048 -1840.3718 -187.0513 -0.0456 0.0125 0.8473 -0.5290
2672.0000 -4046.5228 -1842.8981 -187.2225 -0.0452 0.0119 0.8471 -0.5294
2673.0000 -4047.7346 -1845.4398 -187.3809 -0.0452 0.0114 0.8470 -0.5296
2674.0000 -4048.9479 -1847.9599 -187.5352 -0.0456 0.0114 0.8467 -0.5300
2675.0000 -4050.1570 -1850.4675 -187.6897 -0.0458 0.0116 0.8464 -0.5304
2676.0000 -4051.3673 -1852.9836 -187.8594 -0.0458 0.0114 0.8461 -0.5309
2677.0000 -4052.5634 -1855.5056 -188.0277 -0.0455 0.0108 0.8459 -0.5313
2678.0000 -4053.7538 -1858.0302 -188.2010 -0.0452 0.0104 0.8457 -0.5317
2679.0000 -4054.9538 -1860.5542 -188.3689 -0.0452 0.0104 0.8454 -0.5321
2680.0000 -4056.1481 -1863.0726 -188.5239 -0.0454 0.0107 0.8451 -0.5325
2681.0000 -4057.3481 -1865.6034 -188.6792 -0.0451 0.0107 0.8449 -0.5330
2682.0000 -4058.5388 -1868.1339 -188.8464 -0.0451 0.0103 0.8446 -0.5334
2683.0000 -4059.7223 -1870.6545 -189.0176 -0.0455 0.0101 0.8443 -0.5338
2684.0000 -4060.9132 -1873.1926 -189.1815 -0.0459 0.0107 0.8439 -0.5344
2685.0000 -4062.0970 -1875.7252 -189.3381 -0.0460 0.0114 0.8435 -0.5351
2686.0000 -4063.2721 -1878.2480 -189.5099 -0.0458 0.0118 0.8429 -0.5360
2687.0000 -4064.4325 -1880.7754 -189.6714 -0.0455 0.0117 0.8423 -0.5369
2688.0000 -4065.5920 -1883.3119 -189.8372 -0.0457 0.0116 0.8418 -0.5378
2689.0000 -4066.7620 -1885.8700 -190.0005 -0.0460 0.0117 0.8412 -0.5387
2690.0000 -4067.9170 -1888.4174 -190.1647 -0.0463 0.0120 0.8408 -0.5392
2691.0000 -4069.0687 -1890.9452 -190.3222 -0.0463 0.0118 0.8404 -0.5399
2692.0000 -4070.2204 -1893.4791 -190.4713 -0.0459 0.0115 0.8399 -0.5407
2693.0000 -4071.3643 -1896.0262 -190.6344 -0.0454 0.0114 0.8393 -0.5416
2694.0000 -4072.5010 -1898.5789 -190.7942 -0.0453 0.0114 0.8389 -0.5423
2695.0000 -4073.6370 -1901.1503 -190.9514 -0.0452 0.0118 0.8386 -0.5428
2696.0000 -4074.7641 -1903.7056 -191.1113 -0.0450 0.0118 0.8381 -0.5435
2697.0000 -4075.8909 -1906.2468 -191.2654 -0.0452 0.0116 0.8376 -0.5443
2698.0000 -4077.0126 -1908.8023 -191.4166 -0.0452 0.0114 0.8370 -0.5452
2699.0000 -4078.1302 -1911.3506 -191.5693 -0.0448 0.0110 0.8366 -0.5459
2700.0000 -4079.2495 -1913.9142 -191.7217 -0.0440 0.0109 0.8363 -0.5465
2701.0000 -4080.3551 -1916.4863 -191.8867 -0.0438 0.0113 0.8358 -0.5472
2702.0000 -4081.4488 -1919.0568 -192.0353 -0.0442 0.0117 0.8352 -0.5480
2703.0000 -4082.5560 -1921.6125 -192.1730 -0.0447 0.0114 0.8347 -0.5488
2704.0000 -4083.6513 -1924.1793 -192.3273 -0.0449 0.0114 0.8341 -0.5497
2705.0000 -4084.7405 -1926.7561 -192.4854 -0.0449 0.0116 0.8335 -0.5505
2706.0000 -4085.8156 -1929.3543 -192.6416 -0.0448 0.0116 0.8330 -0.5513
2707.0000 -4086.8954 -1931.9218 -192.7977 -0.0447 0.0116 0.8326 -0.5519
2708.0000 -4087.9706 -1934.4842 -192.9540 -0.0447 0.0115 0.8322 -0.5526
2709.0000 -4089.0382 -1937.0587 -193.1052 -0.0448 0.0114 0.8317 -0.5534
2710.0000 -4090.1136 -1939.6446 -193.2590 -0.0450 0.0119 0.8312 -0.5541
2711.0000 -4091.1807 -1942.2361 -193.4037 -0.0453 0.0127 0.8306 -0.5548
2712.0000 -4092.2386 -1944.8047 -193.5514 -0.0459 0.0134 0.8302 -0.5554
2713.0000 -4093.2888 -1947.3789 -193.6993 -0.0462 0.0134 0.8296 -0.5563
2714.0000 -4094.3313 -1949.9580 -193.8555 -0.0455 0.0125 0.8291 -0.5572
2715.0000 -4095.3638 -1952.5540 -194.0168 -0.0447 0.0120 0.8286 -0.5579
2716.0000 -4096.3934 -1955.1479 -194.1776 -0.0445 0.0124 0.8282 -0.5586
2717.0000 -4097.4302 -1957.7543 -194.3177 -0.0448 0.0132 0.8277 -0.5593
2718.0000 -4098.4615 -1960.3422 -194.4508 -0.0450 0.0133 0.8271 -0.5601
2719.0000 -4099.4860 -1962.9331 -194.5952 -0.0446 0.0128 0.8264 -0.5611
2720.0000 -4100.5115 -1965.5271 -194.7560 -0.0444 0.0122 0.8259 -0.5620
2721.0000 -4101.5227 -1968.1232 -194.9213 -0.0446 0.0124 0.8254 -0.5626
2722.0000 -4102.5264 -1970.7316 -195.0549 -0.0450 0.0129 0.8250 -0.5632
2723.0000 -4103.5327 -1973.3356 -195.2033 -0.0457 0.0134 0.8245 -0.5638
2724.0000 -4104.5341 -1975.9430 -195.3482 -0.0455 0.0136 0.8240 -0.5646
2725.0000 -4105.5113 -1978.5395 -195.4965 -0.0449 0.0135 0.8236 -0.5653
2726.0000 -4106.4955 -1981.1318 -195.6460 -0.0443 0.0126 0.8231 -0.5660
2727.0000 -4107.4940 -1983.7386 -195.7993 -0.0440 0.0120 0.8226 -0.5667
2728.0000 -4108.4906 -1986.3533 -195.9433 -0.0439 0.0121 0.8222 -0.5674
2729.0000 -4109.4570 -1988.9718 -196.0847 -0.0442 0.0126 0.8217 -0.5681
2730.0000 -4110.4036 -1991.5802 -196.2291 -0.0447 0.0130 0.8211 -0.5688
2731.0000 -4111.3644 -1994.1909 -196.3721 -0.0451 0.0132 0.8206 -0.5696
2732.0000 -4112.3423 -1996.8082 -196.5278 -0.0450 0.0130 0.8200 -0.5704
2733.0000 -4113.3062 -1999.4189 -196.6790 -0.0446 0.0127 0.8197 -0.5710
2734.0000 -4114.2595 -2002.0369 -196.8181 -0.0447 0.0129 0.8191 -0.5717
2735.0000 -4115.2114 -2004.6682 -196.9509 -0.0450 0.0135 0.8185 -0.5726
2736.0000 -4116.1466 -2007.2810 -197.0858 -0.0450 0.0139 0.8179 -0.5735
2737.0000 -4117.0788 -2009.9051 -197.2296 -0.0444 0.0136 0.8173 -0.5743
2738.0000 -4118.0138 -2012.5460 -197.3825 -0.0437 0.0132 0.8168 -0.5751
2739.0000 -4118.9394 -2015.1700 -197.5268 -0.0439 0.0132 0.8164 -0.5757
2740.0000 -4119.8677 -2017.7935 -197.6555 -0.0447 0.0140 0.8157 -0.5765
2741.0000 -4120.7899 -2020.4237 -197.7875 -0.0455 0.0144 0.8151 -0.5773
2742.0000 -4121.6953 -2023.0697 -197.9305 -0.0455 0.0143 0.8146 -0.5781
2743.0000 -4122.5943 -2025.6973 -198.0790 -0.0444 0.0139 0.8142 -0.5787
2744.0000 -4123.4955 -2028.3304 -198.2297 -0.0431 0.0136 0.8138 -0.5794
2745.0000 -4124.4005 -2030.9775 -198.3804 -0.0429 0.0135 0.8133 -0.5801
2746.0000 -4125.2914 -2033.6265 -198.5127 -0.0439 0.0136 0.8127 -0.5809
2747.0000 -4126.1887 -2036.2680 -198.6307 -0.0449 0.0140 0.8121 -0.5817
2748.0000 -4127.0762 -2038.8992 -198.7539 -0.0452 0.0147 0.8115 -0.5825
2749.0000 -4127.9468 -2041.5306 -198.8840 -0.0449 0.0149 0.8109 -0.5832
2750.0000 -4128.8147 -2044.1750 -199.0373 -0.0444 0.0147 0.8104 -0.5840
2751.0000 -4129.6848 -2046.8172 -199.1833 -0.0445 0.0147 0.8098 -0.5848
2752.0000 -4130.5545 -2049.4715 -199.3101 -0.0450 0.0153 0.8093 -0.5855
2753.0000 -4131.4170 -2052.1187 -199.4299 -0.0454 0.0156 0.8088 -0.5861
2754.0000 -4132.2749 -2054.7822 -199.5635 -0.0453 0.0156 0.8083 -0.5869
2755.0000 -4133.1225 -2057.4224 -199.7041 -0.0451 0.0157 0.8077 -0.5877
2756.0000 -4133.9672 -2060.0683 -199.8441 -0.0453 0.0160 0.8070 -0.5886
2757.0000 -4134.8073 -2062.7286 -199.9721 -0.0456 0.0161 0.8064 -0.5894
2758.0000 -4135.6437 -2065.3878 -200.1037 -0.0453 0.0161 0.8059 -0.5901
2759.0000 -4136.4682 -2068.0388 -200.2366 -0.0453 0.0160 0.8056 -0.5906
2760.0000 -4137.2867 -2070.6907 -200.3674 -0.0456 0.0161 0.8050 -0.5913
2761.0000 -4138.1032 -2073.3503 -200.4895 -0.0453 0.0162 0.8044 -0.5922
2762.0000 -4138.9078 -2076.0307 -200.6136 -0.0444 0.0160 0.8037 -0.5932
2763.0000 -4139.7147 -2078.6838 -200.7567 -0.0441 0.0155 0.8032 -0.5939
2764.0000 -4140.5235 -2081.3372 -200.8942 -0.0444 0.0153 0.8028 -0.5944
2765.0000 -4141.3215 -2084.0128 -201.0178 -0.0449 0.0157 0.8021 -0.5953
2766.0000 -4142.1242 -2086.6955 -201.1329 -0.0452 0.0165 0.8015 -0.5960
2767.0000 -4142.9151 -2089.3669 -201.2490 -0.0453 0.0169 0.8011 -0.5966
2768.0000 -4143.7002 -2092.0329 -201.3877 -0.0452 0.0169 0.8006 -0.5972
2769.0000 -4144.4801 -2094.6824 -201.5241 -0.0455 0.0170 0.8001 -0.5979
2770.0000 -4145.2450 -2097.3406 -201.6518 -0.0460 0.0173 0.7996 -0.5986
2771.0000 -4146.0199 -2100.0252 -201.7671 -0.0461 0.0176 0.7990 -0.5992
2772.0000 -4146.7952 -2102.7108 -201.8855 -0.0458 0.0177 0.7985 -0.6000
2773.0000 -4147.5588 -2105.3805 -202.0186 -0.0453 0.0173 0.7980 -0.6007
2774.0000 -4148.3124 -2108.0546 -202.1604 -0.0448 0.0173 0.7975 -0.6013
2775.0000 -4149.0620 -2110.7309 -202.2775 -0.0451 0.0178 0.7970 -0.6020
2776.0000 -4149.8075 -2113.4044 -202.3743 -0.0457 0.0182 0.7965 -0.6027
2777.0000 -4150.5526 -2116.0796 -202.4900 -0.0461 0.0184 0.7960 -0.6033
2778.0000 -4151.2854 -2118.7531 -202.6253 -0.0456 0.0182 0.7956 -0.6039
2779.0000 -4152.0173 -2121.4277 -202.7613 -0.0448 0.0181 0.7951 -0.6046
2780.0000 -4152.7442 -2124.1118 -202.8800 -0.0444 0.0183 0.7945 -0.6053
2781.0000 -4153.4641 -2126.7837 -202.9767 -0.0450 0.0185 0.7940 -0.6060
2782.0000 -4154.1782 -2129.4499 -203.0914 -0.0461 0.0188 0.7935 -0.6065
2783.0000 -4154.9073 -2132.1298 -203.2174 -0.0465 0.0190 0.7932 -0.6069
2784.0000 -4155.6285 -2134.8158 -203.3407 -0.0464 0.0192 0.7928 -0.6075
2785.0000 -4156.3316 -2137.5078 -203.4644 -0.0462 0.0195 0.7923 -0.6081
2786.0000 -4157.0268 -2140.1917 -203.5788 -0.0463 0.0197 0.7917 -0.6088
2787.0000 -4157.7217 -2142.8555 -203.6949 -0.0467 0.0200 0.7913 -0.6093
2788.0000 -4158.4200 -2145.5272 -203.8089 -0.0470 0.0202 0.7909 -0.6099
2789.0000 -4159.1181 -2148.2277 -203.9279 -0.0469 0.0205 0.7905 -0.6104
2790.0000 -4159.8130 -2150.9272 -204.0463 -0.0461 0.0209 0.7900 -0.6110
2791.0000 -4160.4977 -2153.6130 -204.1617 -0.0454 0.0208 0.7894 -0.6118
2792.0000 -4161.1641 -2156.2904 -204.2691 -0.0456 0.0205 0.7888 -0.6126
2793.0000 -4161.8255 -2158.9663 -204.3869 -0.0467 0.0207 0.7881 -0.6134
2794.0000 -4162.5027 -2161.6537 -204.4890 -0.0472 0.0213 0.7876 -0.6140
2795.0000 -4163.1688 -2164.3405 -204.5881 -0.0470 0.0216 0.7872 -0.6146
2796.0000 -4163.8333 -2167.0305 -204.7003 -0.0465 0.0212 0.7867 -0.6152
2797.0000 -4164.4843 -2169.7136 -204.8326 -0.0464 0.0208 0.7862 -0.6159
2798.0000 -4165.1320 -2172.4004 -204.9489 -0.0467 0.0207 0.7857 -0.6165
2799.0000 -4165.7796 -2175.0791 -205.0462 -0.0466 0.0218 0.7852 -0.6171
2800.0000 -4166.4191 -2177.7751 -205.1418 -0.0465 0.0228 0.7847 -0.6177
2801.0000 -4167.0583 -2180.4769 -205.2563 -0.0469 0.0228 0.7842 -0.6184
2802.0000 -4167.6915 -2183.1752 -205.3778 -0.0474 0.0222 0.7837 -0.6190
2803.0000 -4168.3161 -2185.8704 -205.4894 -0.0471 0.0222 0.7832 -0.6196
2804.0000 -4168.9422 -2188.5417 -205.5847 -0.0465 0.0225 0.7828 -0.6201
2805.0000 -4169.5729 -2191.2343 -205.6873 -0.0463 0.0227 0.7822 -0.6208
2806.0000 -4170.1862 -2193.9362 -205.7928 -0.0467 0.0228 0.7816 -0.6216
2807.0000 -4170.7877 -2196.6475 -205.8998 -0.0472 0.0229 0.7809 -0.6224
2808.0000 -4171.3804 -2199.3380 -206.0026 -0.0475 0.0230 0.7801 -0.6234
2809.0000 -4171.9795 -2202.0309 -206.1058 -0.0477 0.0235 0.7794 -0.6242
2810.0000 -4172.5804 -2204.7237 -206.2128 -0.0477 0.0238 0.7788 -0.6250
2811.0000 -4173.1683 -2207.4151 -206.3138 -0.0476 0.0233 0.7783 -0.6257
2812.0000 -4173.7428 -2210.0974 -206.4296 -0.0474 0.0229 0.7777 -0.6264
2813.0000 -4174.3071 -2212.8029 -206.5319 -0.0467 0.0230 0.7771 -0.6272
2814.0000 -4174.8836 -2215.5143 -206.6262 -0.0461 0.0234 0.7764 -0.6281
2815.0000 -4175.4574 -2218.2218 -206.7192 -0.0459 0.0238 0.7757 -0.6290
2816.0000 -4176.0122 -2220.9117 -206.8194 -0.0460 0.0234 0.7749 -0.6300
2817.0000 -4176.5490 -2223.5845 -206.9141 -0.0459 0.0227 0.7742 -0.6309
2818.0000 -4177.0923 -2226.2976 -207.0155 -0.0453 0.0228 0.7735 -0.6317
2819.0000 -4177.6394 -2229.0127 -207.0930 -0.0446 0.0228 0.7729 -0.6325
2820.0000 -4178.1713 -2231.7082 -207.1798 -0.0448 0.0224 0.7723 -0.6333
2821.0000 -4178.6936 -2234.3989 -207.2951 -0.0459 0.0225 0.7716 -0.6341
2822.0000 -4179.2103 -2237.1003 -207.3869 -0.0468 0.0229 0.7709 -0.6349
2823.0000 -4179.7337 -2239.7960 -207.4776 -0.0470 0.0236 0.7702 -0.6356
2824.0000 -4180.2460 -2242.4923 -207.5692 -0.0461 0.0239 0.7697 -0.6363
2825.0000 -4180.7483 -2245.1863 -207.6608 -0.0453 0.0238 0.7690 -0.6372
2826.0000 -4181.2456 -2247.8769 -207.7604 -0.0456 0.0238 0.7682 -0.6381
2827.0000 -4181.7511 -2250.5841 -207.8557 -0.0465 0.0242 0.7673 -0.6392
2828.0000 -4182.2445 -2253.2926 -207.9313 -0.0468 0.0244 0.7663 -0.6403
2829.0000 -4182.7060 -2255.9970 -208.0213 -0.0461 0.0243 0.7654 -0.6414
2830.0000 -4183.1689 -2258.7091 -208.1069 -0.0450 0.0243 0.7645 -0.6426
2831.0000 -4183.6290 -2261.4196 -208.1928 -0.0441 0.0240 0.7635 -0.6439
2832.0000 -4184.0825 -2264.1315 -208.2786 -0.0441 0.0237 0.7625 -0.6450
2833.0000 -4184.5293 -2266.8280 -208.3625 -0.0450 0.0241 0.7614 -0.6463
2834.0000 -4184.9637 -2269.5208 -208.4415 -0.0460 0.0248 0.7603 -0.6475
2835.0000 -4185.3949 -2272.2452 -208.5030 -0.0463 0.0249 0.7593 -0.6486
2836.0000 -4185.8178 -2274.9633 -208.5858 -0.0456 0.0247 0.7585 -0.6496
2837.0000 -4186.2201 -2277.6630 -208.6873 -0.0448 0.0249 0.7576 -0.6507
2838.0000 -4186.6149 -2280.3693 -208.7832 -0.0446 0.0247 0.7567 -0.6517
2839.0000 -4187.0075 -2283.0851 -208.8567 -0.0451 0.0245 0.7557 -0.6528
2840.0000 -4187.3929 -2285.8228 -208.9278 -0.0457 0.0245 0.7548 -0.6539
2841.0000 -4187.7735 -2288.5317 -209.0085 -0.0453 0.0246 0.7540 -0.6549
2842.0000 -4188.1420 -2291.2316 -209.1037 -0.0444 0.0243 0.7530 -0.6560
2843.0000 -4188.5016 -2293.9292 -209.1960 -0.0443 0.0239 0.7520 -0.6573
2844.0000 -4188.8687 -2296.6726 -209.2688 -0.0445 0.0240 0.7510 -0.6583
2845.0000 -4189.2211 -2299.4261 -209.3317 -0.0451 0.0248 0.7501 -0.6593
2846.0000 -4189.5617 -2302.1253 -209.3976 -0.0459 0.0252 0.7492 -0.6603
2847.0000 -4189.8995 -2304.8332 -209.4814 -0.0463 0.0254 0.7481 -0.6615
2848.0000 -4190.2355 -2307.5533 -209.5691 -0.0459 0.0256 0.7471 -0.6627
2849.0000 -4190.5538 -2310.2887 -209.6488 -0.0450 0.0257 0.7462 -0.6637
2850.0000 -4190.8485 -2313.0272 -209.7351 -0.0447 0.0260 0.7453 -0.6647
2851.0000 -4191.1454 -2315.7497 -209.8068 -0.0452 0.0256 0.7445 -0.6656
2852.0000 -4191.4395 -2318.4602 -209.8645 -0.0460 0.0251 0.7434 -0.6667
2853.0000 -4191.7350 -2321.2122 -209.9367 -0.0463 0.0257 0.7424 -0.6679
2854.0000 -4192.0188 -2323.9434 -210.0129 -0.0459 0.0267 0.7415 -0.6689
2855.0000 -4192.2811 -2326.6701 -210.0877 -0.0454 0.0272 0.7406 -0.6698
2856.0000 -4192.5335 -2329.3999 -210.1596 -0.0455 0.0273 0.7396 -0.6710
2857.0000 -4192.7898 -2332.1388 -210.2306 -0.0462 0.0273 0.7385 -0.6721
2858.0000 -4193.0485 -2334.8652 -210.2899 -0.0465 0.0275 0.7376 -0.6731
2859.0000 -4193.3050 -2337.6224 -210.3472 -0.0462 0.0282 0.7368 -0.6740
2860.0000 -4193.5231 -2340.3585 -210.4162 -0.0457 0.0277 0.7359 -0.6750
2861.0000 -4193.7418 -2343.0977 -210.4991 -0.0451 0.0264 0.7351 -0.6760
2862.0000 -4193.9620 -2345.8544 -210.5774 -0.0450 0.0262 0.7344 -0.6767
2863.0000 -4194.1731 -2348.5944 -210.6289 -0.0455 0.0267 0.7337 -0.6775
2864.0000 -4194.3840 -2351.3254 -210.6731 -0.0460 0.0276 0.7327 -0.6785
2865.0000 -4194.5806 -2354.0707 -210.7313 -0.0463 0.0280 0.7315 -0.6796
2866.0000 -4194.7776 -2356.8274 -210.8073 -0.0460 0.0283 0.7306 -0.6806
2867.0000 -4194.9614 -2359.5681 -210.8791 -0.0456 0.0285 0.7299 -0.6815
2868.0000 -4195.1406 -2362.2990 -210.9283 -0.0454 0.0286 0.7292 -0.6822
2869.0000 -4195.3188 -2365.0386 -210.9792 -0.0457 0.0285 0.7285 -0.6830
2870.0000 -4195.4870 -2367.7878 -211.0393 -0.0463 0.0286 0.7277 -0.6837
2871.0000 -4195.6490 -2370.5293 -211.1001 -0.0466 0.0288 0.7271 -0.6843
2872.0000 -4195.8075 -2373.2658 -211.1491 -0.0462 0.0287 0.7268 -0.6847
2873.0000 -4195.9639 -2375.9857 -211.2067 -0.0455 0.0281 0.7268 -0.6848
2874.0000 -4196.1229 -2378.7405 -211.2870 -0.0451 0.0275 0.7266 -0.6850
2875.0000 -4196.2721 -2381.5053 -211.3531 -0.0457 0.0276 0.7265 -0.6851
2876.0000 -4196.4250 -2384.2680 -211.3837 -0.0460 0.0276 0.7264 -0.6852
2877.0000 -4196.5700 -2387.0009 -211.4331 -0.0454 0.0272 0.7263 -0.6853
2878.0000 -4196.7144 -2389.7433 -211.5028 -0.0443 0.0270 0.7264 -0.6853
2879.0000 -4196.8594 -2392.5030 -211.5823 -0.0435 0.0266 0.7266 -0.6852
2880.0000 -4197.0027 -2395.2545 -211.6437 -0.0434 0.0261 0.7264 -0.6854
2881.0000 -4197.1435 -2397.9862 -211.6826 -0.0431 0.0256 0.7264 -0.6855
2882.0000 -4197.2925 -2400.7241 -211.7349 -0.0428 0.0251 0.7263 -0.6856
2883.0000 -4197.4416 -2403.4629 -211.7928 -0.0428 0.0254 0.7263 -0.6856
2884.0000 -4197.5917 -2406.2209 -211.8421 -0.0433 0.0256 0.7265 -0.6854
2885.0000 -4197.7470 -2408.9891 -211.9060 -0.0441 0.0254 0.7266 -0.6852
2886.0000 -4197.8921 -2411.7519 -211.9679 -0.0448 0.0250 0.7266 -0.6851
2887.0000 -4198.0391 -2414.4928 -212.0301 -0.0446 0.0248 0.7266 -0.6852
2888.0000 -4198.1849 -2417.2369 -212.1051 -0.0438 0.0251 0.7266 -0.6852
2889.0000 -4198.3404 -2419.9810 -212.1726 -0.0430 0.0254 0.7266 -0.6852
2890.0000 -4198.4902 -2422.7249 -212.2292 -0.0431 0.0256 0.7263 -0.6856
2891.0000 -4198.6335 -2425.4654 -212.2813 -0.0435 0.0258 0.7258 -0.6860
2892.0000 -4198.7739 -2428.2210 -212.3250 -0.0437 0.0257 0.7254 -0.6864
2893.0000 -4198.9115 -2430.9677 -212.3816 -0.0432 0.0256 0.7252 -0.6867
2894.0000 -4199.0480 -2433.7270 -212.4444 -0.0422 0.0255 0.7250 -0.6870
2895.0000 -4199.1924 -2436.4713 -212.5095 -0.0419 0.0250 0.7246 -0.6874
2896.0000 -4199.3296 -2439.2218 -212.5631 -0.0424 0.0251 0.7242 -0.6878
2897.0000 -4199.4695 -2441.9800 -212.5976 -0.0429 0.0254 0.7240 -0.6880
2898.0000 -4199.5995 -2444.7206 -212.6525 -0.0428 0.0255 0.7237 -0.6883
2899.0000 -4199.7234 -2447.4644 -212.7202 -0.0424 0.0254 0.7235 -0.6886
2900.0000 -4199.8451 -2450.2124 -212.7814 -0.0422 0.0247 0.7231 -0.6890
2901.0000 -4199.9703 -2452.9837 -212.8506 -0.0426 0.0241 0.7228 -0.6893
2902.0000 -4200.1011 -2455.7301 -212.9085 -0.0431 0.0243 0.7225 -0.6896
2903.0000 -4200.2242 -2458.4714 -212.9546 -0.0429 0.0252 0.7221 -0.6900
2904.0000 -4200.3389 -2461.2166 -213.0036 -0.0430 0.0259 0.7218 -0.6903
2905.0000 -4200.4536 -2463.9697 -213.0621 -0.0434 0.0261 0.7212 -0.6908
2906.0000 -4200.5618 -2466.7236 -213.1153 -0.0442 0.0258 0.7207 -0.6914
2907.0000 -4200.6628 -2469.4693 -213.1745 -0.0443 0.0258 0.7202 -0.6918
2908.0000 -4200.7667 -2472.2231 -213.2383 -0.0437 0.0256 0.7197 -0.6924
2909.0000 -4200.8742 -2474.9717 -213.3037 -0.0429 0.0246 0.7192 -0.6930
2910.0000 -4200.9636 -2477.7265 -213.3758 -0.0431 0.0250 0.7187 -0.6935
2911.0000 -4201.0663 -2480.4597 -213.4180 -0.0436 0.0263 0.7181 -0.6941
2912.0000 -4201.1559 -2483.2101 -213.4545 -0.0447 0.0271 0.7172 -0.6949
2913.0000 -4201.2294 -2485.9760 -213.5071 -0.0459 0.0268 0.7164 -0.6957
2914.0000 -4201.2872 -2488.7382 -213.5769 -0.0458 0.0268 0.7157 -0.6964
2915.0000 -4201.3488 -2491.4599 -213.6405 -0.0446 0.0271 0.7151 -0.6970
2916.0000 -4201.4259 -2494.1956 -213.6894 -0.0437 0.0273 0.7145 -0.6978
2917.0000 -4201.4831 -2496.9513 -213.7295 -0.0435 0.0271 0.7138 -0.6985
2918.0000 -4201.5293 -2499.7029 -213.7850 -0.0445 0.0271 0.7130 -0.6992
2919.0000 -4201.5853 -2502.4620 -213.8356 -0.0451 0.0274 0.7123 -0.6999
2920.0000 -4201.6261 -2505.2163 -213.8860 -0.0450 0.0275 0.7118 -0.7004
2921.0000 -4201.6494 -2507.9539 -213.9301 -0.0446 0.0270 0.7114 -0.7009
2922.0000 -4201.6734 -2510.6946 -213.9874 -0.0439 0.0261 0.7109 -0.7014
2923.0000 -4201.7056 -2513.4111 -214.0574 -0.0438 0.0255 0.7105 -0.7019
2924.0000 -4201.7450 -2516.1462 -214.0994 -0.0441 0.0259 0.7099 -0.7024
2925.0000 -4201.7690 -2518.9086 -214.1427 -0.0443 0.0270 0.7094 -0.7029
2926.0000 -4201.7841 -2521.6433 -214.1982 -0.0444 0.0272 0.7091 -0.7032
2927.0000 -4201.7958 -2524.3820 -214.2556 -0.0443 0.0269 0.7089 -0.7035
2928.0000 -4201.7992 -2527.1420 -214.2980 -0.0440 0.0264 0.7083 -0.7040
2929.0000 -4201.8009 -2529.8837 -214.3465 -0.0436 0.0256 0.7076 -0.7048
2930.0000 -4201.8100 -2532.6197 -214.3999 -0.0431 0.0253 0.7071 -0.7053
2931.0000 -4201.8227 -2535.3534 -214.4528 -0.0431 0.0257 0.7068 -0.7056
2932.0000 -4201.8118 -2538.0972 -214.5017 -0.0435 0.0262 0.7063 -0.7060
2933.0000 -4201.7954 -2540.8127 -214.5481 0.0445 -0.0267 -0.7058 0.7065
2934.0000 -4201.7754 -2543.5457 -214.5811 0.0448 -0.0266 -0.7052 0.7071
2935.0000 -4201.7623 -2546.3079 -214.6230 0.0441 -0.0264 -0.7045 0.7078
2936.0000 -4201.7305 -2549.0590 -214.6812 0.0430 -0.0269 -0.7040 0.7084
2937.0000 -4201.6904 -2551.7854 -214.7458 0.0429 -0.0273 -0.7035 0.7088
2938.0000 -4201.6518 -2554.5111 -214.7898 0.0437 -0.0270 -0.7030 0.7093
2939.0000 -4201.6133 -2557.2617 -214.8099 0.0450 -0.0269 -0.7023 0.7099
2940.0000 -4201.5838 -2560.0042 -214.8374 0.0456 -0.0274 -0.7016 0.7106
2941.0000 -4201.5404 -2562.7328 -214.8975 0.0451 -0.0277 -0.7011 0.7111
2942.0000 -4201.4858 -2565.4576 -214.9784 0.0443 -0.0276 -0.7006 0.7116
2943.0000 -4201.4258 -2568.1859 -215.0361 0.0441 -0.0277 -0.7000 0.7122
2944.0000 -4201.3600 -2570.9172 -215.0614 0.0446 -0.0281 -0.6995 0.7127
2945.0000 -4201.2997 -2573.6467 -215.0787 0.0450 -0.0279 -0.6988 0.7134
2946.0000 -4201.2255 -2576.3850 -215.1252 0.0450 -0.0271 -0.6982 0.7139
2947.0000 -4201.1591 -2579.1256 -215.1753 0.0446 -0.0266 -0.6979 0.7143
2948.0000 -4201.0850 -2581.8814 -215.2293 0.0440 -0.0274 -0.6976 0.7146
2949.0000 -4200.9987 -2584.6178 -215.2817 0.0439 -0.0280 -0.6974 0.7148
2950.0000 -4200.9089 -2587.3374 -215.3254 0.0446 -0.0275 -0.6972 0.7150
2951.0000 -4200.8394 -2590.0560 -215.3522 0.0448 -0.0267 -0.6970 0.7152
2952.0000 -4200.7620 -2592.7918 -215.3810 0.0443 -0.0267 -0.6970 0.7152
2953.0000 -4200.6684 -2595.5368 -215.4317 0.0440 -0.0272 -0.6971 0.7151
2954.0000 -4200.5804 -2598.2686 -215.4891 0.0439 -0.0272 -0.6971 0.7151
2955.0000 -4200.5054 -2601.0048 -215.5331 0.0440 -0.0267 -0.6969 0.7153
2956.0000 -4200.4189 -2603.7317 -215.5652 0.0437 -0.0266 -0.6968 0.7154
2957.0000 -4200.3221 -2606.4584 -215.6217 0.0436 -0.0267 -0.6968 0.7154
2958.0000 -4200.2471 -2609.1760 -215.6686 0.0444 -0.0268 -0.6968 0.7154
2959.0000 -4200.1650 -2611.9061 -215.6930 0.0453 -0.0271 -0.6967 0.7154
2960.0000 -4200.0865 -2614.6199 -215.7163 0.0454 -0.0278 -0.6966 0.7155
2961.0000 -4199.9988 -2617.3402 -215.7650 0.0447 -0.0288 -0.6965 0.7156
2962.0000 -4199.9018 -2620.0608 -215.8245 0.0441 -0.0290 -0.6964 0.7157
2963.0000 -4199.8226 -2622.7865 -215.8771 0.0448 -0.0286 -0.6962 0.7159
2964.0000 -4199.7425 -2625.5028 -215.9070 0.0461 -0.0281 -0.6961 0.7160
2965.0000 -4199.6550 -2628.2360 -215.9378 0.0470 -0.0285 -0.6959 0.7160
2966.0000 -4199.5567 -2630.9698 -215.9781 0.0469 -0.0288 -0.6958 0.7162
2967.0000 -4199.4699 -2633.7064 -216.0338 0.0464 -0.0290 -0.6956 0.7164
2968.0000 -4199.3850 -2636.4256 -216.0885 0.0461 -0.0291 -0.6952 0.7167
2969.0000 -4199.2908 -2639.1263 -216.1334 0.0465 -0.0292 -0.6949 0.7170
2970.0000 -4199.2066 -2641.8448 -216.1542 0.0469 -0.0295 -0.6945 0.7173
2971.0000 -4199.1156 -2644.5814 -216.1979 0.0470 -0.0297 -0.6943 0.7176
2972.0000 -4199.0210 -2647.2848 -216.2450 0.0472 -0.0297 -0.6939 0.7179
2973.0000 -4198.9151 -2649.9881 -216.2822 0.0469 -0.0295 -0.6934 0.7184
2974.0000 -4198.8011 -2652.7176 -216.3310 0.0470 -0.0295 -0.6928 0.7189
2975.0000 -4198.6877 -2655.4410 -216.3790 0.0475 -0.0297 -0.6921 0.7197
2976.0000 -4198.5648 -2658.1467 -216.4171 0.0479 -0.0302 -0.6913 0.7204
2977.0000 -4198.4382 -2660.8462 -216.4470 0.0474 -0.0301 -0.6904 0.7212
2978.0000 -4198.3083 -2663.5538 -216.4912 0.0464 -0.0299 -0.6895 0.7221
2979.0000 -4198.1779 -2666.2782 -216.5418 0.0459 -0.0298 -0.6888 0.7229
2980.0000 -4198.0348 -2668.9839 -216.5826 0.0463 -0.0295 -0.6881 0.7236
2981.0000 -4197.8788 -2671.6914 -216.6099 0.0464 -0.0296 -0.6873 0.7243
2982.0000 -4197.7246 -2674.4061 -216.6375 0.0461 -0.0296 -0.6863 0.7252
2983.0000 -4197.5663 -2677.1049 -216.6809 0.0456 -0.0291 -0.6853 0.7262
2984.0000 -4197.4000 -2679.8148 -216.7308 0.0456 -0.0294 -0.6843 0.7272
2985.0000 -4197.2221 -2682.4961 -216.7537 0.0457 -0.0299 -0.6833 0.7281
2986.0000 -4197.0504 -2685.2030 -216.7763 0.0459 -0.0300 -0.6823 0.7290
2987.0000 -4196.8678 -2687.9181 -216.8141 0.0462 -0.0301 -0.6812 0.7300
2988.0000 -4196.6651 -2690.6111 -216.8505 0.0461 -0.0304 -0.6802 0.7310
2989.0000 -4196.4541 -2693.3227 -216.8711 0.0459 -0.0305 -0.6791 0.7320
2990.0000 -4196.2471 -2696.0203 -216.9039 0.0461 -0.0304 -0.6782 0.7328
2991.0000 -4196.0362 -2698.7203 -216.9387 0.0464 -0.0305 -0.6773 0.7337
2992.0000 -4195.8095 -2701.4083 -216.9588 0.0462 -0.0306 -0.6763 0.7345
2993.0000 -4195.5721 -2704.0967 -216.9803 0.0457 -0.0307 -0.6753 0.7355
2994.0000 -4195.3377 -2706.7847 -217.0024 0.0451 -0.0301 -0.6743 0.7364
2995.0000 -4195.1106 -2709.4810 -217.0459 0.0449 -0.0298 -0.6733 0.7374
2996.0000 -4194.8523 -2712.1767 -217.0806 0.0451 -0.0300 -0.6723 0.7383
2997.0000 -4194.5748 -2714.8705 -217.0979 0.0454 -0.0299 -0.6713 0.7391
2998.0000 -4194.3091 -2717.5514 -217.1224 0.0454 -0.0299 -0.6703 0.7401
2999.0000 -4194.0370 -2720.2207 -217.1443 0.0452 -0.0299 -0.6693 0.7410
3000.0000 -4193.7612 -2722.8713 -217.1747 0.0451 -0.0303 -0.6682 0.7420
3001.0000 -4193.4735 -2725.5364 -217.1947 0.0451 -0.0307 -0.6672 0.7428
3002.0000 -4193.1766 -2728.2318 -217.2151 0.0452 -0.0309 -0.6662 0.7438
3003.0000 -4192.8692 -2730.9133 -217.2330 0.0455 -0.0309 -0.6651 0.7448
3004.0000 -4192.5632 -2733.5698 -217.2536 0.0455 -0.0309 -0.6640 0.7457
3005.0000 -4192.2462 -2736.2489 -217.2747 0.0457 -0.0306 -0.6630 0.7466
3006.0000 -4191.9323 -2738.9263 -217.3048 0.0461 -0.0307 -0.6619 0.7475
3007.0000 -4191.5985 -2741.5673 -217.3202 0.0457 -0.0317 -0.6610 0.7483
3008.0000 -4191.2485 -2744.2216 -217.3188 0.0445 -0.0325 -0.6600 0.7492
3009.0000 -4190.8973 -2746.8866 -217.3422 0.0443 -0.0322 -0.6589 0.7502
3010.0000 -4190.5450 -2749.5387 -217.3641 0.0452 -0.0308 -0.6578 0.7512
3011.0000 -4190.1813 -2752.2061 -217.3818 0.0462 -0.0302 -0.6568 0.7520
3012.0000 -4189.8154 -2754.8721 -217.3859 0.0459 -0.0311 -0.6559 0.7528
3013.0000 -4189.4385 -2757.5123 -217.3913 0.0450 -0.0319 -0.6549 0.7537
3014.0000 -4189.0612 -2760.1446 -217.4077 0.0443 -0.0318 -0.6538 0.7547
3015.0000 -4188.6625 -2762.7890 -217.4324 0.0440 -0.0312 -0.6527 0.7557
3016.0000 -4188.2638 -2765.4333 -217.4459 0.0440 -0.0309 -0.6518 0.7565
3017.0000 -4187.8561 -2768.0929 -217.4494 0.0444 -0.0311 -0.6509 0.7572
3018.0000 -4187.4486 -2770.7385 -217.4427 0.0446 -0.0313 -0.6502 0.7578
3019.0000 -4187.0370 -2773.3655 -217.4448 0.0444 -0.0314 -0.6493 0.7586
3020.0000 -4186.6246 -2776.0089 -217.4634 0.0438 -0.0309 -0.6483 0.7595
3021.0000 -4186.1881 -2778.6475 -217.4902 0.0435 -0.0308 -0.6474 0.7603
3022.0000 -4185.7553 -2781.2761 -217.4874 0.0437 -0.0308 -0.6466 0.7610
3023.0000 -4185.3247 -2783.9125 -217.4804 0.0442 -0.0310 -0.6457 0.7617
3024.0000 -4184.8764 -2786.5429 -217.4887 0.0446 -0.0314 -0.6446 0.7626
3025.0000 -4184.4215 -2789.1637 -217.4986 0.0445 -0.0317 -0.6437 0.7633
3026.0000 -4183.9712 -2791.7862 -217.5060 0.0440 -0.0320 -0.6430 0.7639
3027.0000 -4183.5048 -2794.4214 -217.5110 0.0436 -0.0317 -0.6421 0.7647
3028.0000 -4183.0340 -2797.0494 -217.5274 0.0441 -0.0311 -0.6411 0.7655
3029.0000 -4182.5689 -2799.6628 -217.5265 0.0450 -0.0315 -0.6403 0.7661
3030.0000 -4182.0913 -2802.2739 -217.5107 0.0453 -0.0327 -0.6396 0.7667
3031.0000 -4181.6095 -2804.8922 -217.5027 0.0449 -0.0331 -0.6390 0.7672
3032.0000 -4181.1201 -2807.5154 -217.5169 0.0445 -0.0328 -0.6385 0.7677
3033.0000 -4180.6256 -2810.1295 -217.5356 0.0445 -0.0323 -0.6378 0.7682
3034.0000 -4180.1248 -2812.7460 -217.5284 0.0447 -0.0322 -0.6371 0.7688
3035.0000 -4179.6388 -2815.3500 -217.5124 0.0452 -0.0323 -0.6365 0.7692
3036.0000 -4179.1308 -2817.9668 -217.5147 0.0458 -0.0326 -0.6360 0.7697
3037.0000 -4178.6207 -2820.5738 -217.5216 0.0460 -0.0333 -0.6356 0.7699
3038.0000 -4178.1171 -2823.1756 -217.5203 0.0453 -0.0334 -0.6352 0.7703
3039.0000 -4177.6041 -2825.7755 -217.5206 0.0448 -0.0325 -0.6347 0.7708
3040.0000 -4177.0812 -2828.3702 -217.5329 0.0449 -0.0316 -0.6343 0.7711
3041.0000 -4176.5580 -2830.9846 -217.5364 0.0454 -0.0320 -0.6339 0.7714
3042.0000 -4176.0356 -2833.6114 -217.5286 0.0459 -0.0329 -0.6334 0.7718
3043.0000 -4175.5167 -2836.1992 -217.5221 0.0461 -0.0332 -0.6329 0.7721
3044.0000 -4174.9914 -2838.7628 -217.5244 0.0462 -0.0327 -0.6325 0.7725
3045.0000 -4174.4659 -2841.3530 -217.5362 0.0464 -0.0325 -0.6322 0.7727
3046.0000 -4173.9424 -2843.9664 -217.5426 0.0465 -0.0326 -0.6319 0.7730
3047.0000 -4173.4014 -2846.5868 -217.5422 0.0465 -0.0327 -0.6314 0.7734
3048.0000 -4172.8666 -2849.1779 -217.5476 0.0468 -0.0329 -0.6306 0.7740
3049.0000 -4172.3197 -2851.7490 -217.5472 0.0476 -0.0328 -0.6299 0.7745
3050.0000 -4171.7825 -2854.3250 -217.5519 0.0485 -0.0330 -0.6294 0.7749
3051.0000 -4171.2326 -2856.9263 -217.5536 0.0489 -0.0336 -0.6288 0.7753
3052.0000 -4170.6790 -2859.5210 -217.5560 0.0485 -0.0340 -0.6282 0.7758
3053.0000 -4170.1166 -2862.1012 -217.5701 0.0480 -0.0340 -0.6275 0.7764
3054.0000 -4169.5691 -2864.6695 -217.5796 0.0478 -0.0336 -0.6269 0.7769
3055.0000 -4169.0117 -2867.2515 -217.5802 0.0481 -0.0338 -0.6262 0.7774
3056.0000 -4168.4458 -2869.8529 -217.5719 0.0483 -0.0342 -0.6255 0.7780
3057.0000 -4167.8667 -2872.4510 -217.5567 0.0480 -0.0348 -0.6247 0.7786
3058.0000 -4167.2849 -2875.0055 -217.5687 0.0476 -0.0347 -0.6242 0.7791
3059.0000 -4166.7020 -2877.5800 -217.5798 0.0473 -0.0341 -0.6237 0.7795
3060.0000 -4166.1144 -2880.1635 -217.5737 0.0472 -0.0332 -0.6232 0.7799
3061.0000 -4165.5301 -2882.7437 -217.5552 0.0468 -0.0326 -0.6226 0.7804
3062.0000 -4164.9303 -2885.3035 -217.5543 0.0461 -0.0323 -0.6220 0.7810
3063.0000 -4164.3303 -2887.8665 -217.5618 0.0456 -0.0316 -0.6215 0.7815
3064.0000 -4163.7224 -2890.4509 -217.5778 0.0463 -0.0309 -0.6208 0.7820
3065.0000 -4163.1263 -2893.0411 -217.5660 0.0475 -0.0313 -0.6201 0.7825
3066.0000 -4162.5204 -2895.6112 -217.5542 0.0480 -0.0319 -0.6192 0.7831
3067.0000 -4161.8961 -2898.1636 -217.5656 0.0474 -0.0321 -0.6185 0.7837
3068.0000 -4161.2735 -2900.7109 -217.5853 0.0467 -0.0321 -0.6179 0.7842
3069.0000 -4160.6553 -2903.2675 -217.5995 0.0467 -0.0322 -0.6174 0.7846
3070.0000 -4160.0469 -2905.8288 -217.5925 0.0475 -0.0323 -0.6168 0.7850
3071.0000 -4159.4223 -2908.4188 -217.5762 0.0486 -0.0326 -0.6163 0.7853
3072.0000 -4158.7833 -2910.9807 -217.5739 0.0493 -0.0329 -0.6157 0.7857
3073.0000 -4158.1400 -2913.5265 -217.5877 0.0493 -0.0330 -0.6153 0.7861
3074.0000 -4157.5225 -2916.0733 -217.6054 0.0488 -0.0331 -0.6148 0.7865
3075.0000 -4156.8819 -2918.6204 -217.6096 0.0486 -0.0331 -0.6144 0.7868
3076.0000 -4156.2389 -2921.1607 -217.6025 0.0482 -0.0328 -0.6140 0.7872
3077.0000 -4155.5786 -2923.7337 -217.6084 0.0485 -0.0327 -0.6135 0.7875
3078.0000 -4154.9235 -2926.3046 -217.6118 0.0492 -0.0329 -0.6131 0.7878
3079.0000 -4154.2812 -2928.8482 -217.6079 0.0492 -0.0329 -0.6127 0.7881
3080.0000 -4153.6263 -2931.3820 -217.6119 0.0485 -0.0324 -0.6125 0.7883
3081.0000 -4152.9564 -2933.9427 -217.6262 0.0479 -0.0318 -0.6121 0.7887
3082.0000 -4152.2951 -2936.4942 -217.6418 0.0477 -0.0315 -0.6118 0.7889
3083.0000 -4151.6363 -2939.0543 -217.6407 0.0480 -0.0315 -0.6114 0.7892
3084.0000 -4150.9766 -2941.5961 -217.6298 0.0483 -0.0314 -0.6110 0.7895
3085.0000 -4150.3047 -2944.1304 -217.6348 0.0485 -0.0318 -0.6107 0.7897
3086.0000 -4149.6359 -2946.6786 -217.6531 0.0489 -0.0322 -0.6102 0.7901
3087.0000 -4148.9600 -2949.2386 -217.6553 0.0488 -0.0321 -0.6100 0.7903
3088.0000 -4148.2912 -2951.7622 -217.6586 0.0484 -0.0316 -0.6101 0.7903
3089.0000 -4147.6117 -2954.3015 -217.6751 0.0482 -0.0316 -0.6101 0.7903
3090.0000 -4146.9233 -2956.8631 -217.6812 0.0487 -0.0316 -0.6098 0.7904
3091.0000 -4146.2482 -2959.4189 -217.6777 0.0495 -0.0319 -0.6094 0.7907
3092.0000 -4145.5859 -2961.9594 -217.6744 0.0501 -0.0322 -0.6090 0.7909
3093.0000 -4144.9235 -2964.4957 -217.6841 0.0497 -0.0321 -0.6088 0.7911
3094.0000 -4144.2291 -2967.0431 -217.7035 0.0492 -0.0323 -0.6084 0.7914
3095.0000 -4143.5249 -2969.5986 -217.7214 0.0494 -0.0328 -0.6080 0.7917
3096.0000 -4142.8281 -2972.1390 -217.7138 0.0502 -0.0328 -0.6076 0.7920
3097.0000 -4142.1507 -2974.6726 -217.7129 0.0513 -0.0320 -0.6070 0.7924
3098.0000 -4141.4662 -2977.2287 -217.7230 0.0514 -0.0317 -0.6066 0.7927
3099.0000 -4140.7732 -2979.7797 -217.7436 0.0510 -0.0325 -0.6063 0.7929
3100.0000 -4140.0709 -2982.3147 -217.7620 0.0510 -0.0332 -0.6059 0.7932
3101.0000 -4139.3635 -2984.8423 -217.7651 0.0514 -0.0333 -0.6054 0.7935
3102.0000 -4138.6592 -2987.3746 -217.7649 0.0515 -0.0323 -0.6049 0.7940
3103.0000 -4137.9504 -2989.9250 -217.7821 0.0512 -0.0314 -0.6044 0.7944
3104.0000 -4137.2349 -2992.4746 -217.8032 0.0509 -0.0317 -0.6040 0.7947
3105.0000 -4136.5224 -2995.0116 -217.8127 0.0512 -0.0328 -0.6036 0.7950
3106.0000 -4135.8169 -2997.5409 -217.8103 0.0518 -0.0331 -0.6030 0.7954
3107.0000 -4135.0892 -3000.0750 -217.8180 0.0523 -0.0322 -0.6023 0.7959
3108.0000 -4134.3522 -3002.6323 -217.8349 0.0525 -0.0317 -0.6020 0.7961
3109.0000 -4133.6277 -3005.1640 -217.8484 0.0520 -0.0322 -0.6017 0.7963
3110.0000 -4132.9018 -3007.6879 -217.8636 0.0517 -0.0330 -0.6013 0.7966
3111.0000 -4132.1731 -3010.2246 -217.8826 0.0525 -0.0324 -0.6008 0.7970
3112.0000 -4131.4376 -3012.7689 -217.8882 0.0536 -0.0316 -0.6004 0.7973
3113.0000 -4130.7050 -3015.3046 -217.8999 0.0539 -0.0315 -0.6001 0.7975
3114.0000 -4129.9712 -3017.8306 -217.9104 0.0534 -0.0318 -0.5998 0.7977
3115.0000 -4129.2188 -3020.3618 -217.9420 0.0529 -0.0318 -0.5993 0.7981
3116.0000 -4128.4693 -3022.9035 -217.9653 0.0526 -0.0318 -0.5988 0.7985
3117.0000 -4127.7245 -3025.4505 -217.9743 0.0526 -0.0322 -0.5985 0.7987
3118.0000 -4126.9824 -3027.9782 -217.9755 0.0524 -0.0321 -0.5980 0.7992
3119.0000 -4126.2306 -3030.4932 -217.9868 0.0519 -0.0318 -0.5975 0.7996
3120.0000 -4125.4683 -3033.0257 -218.0055 0.0514 -0.0316 -0.5971 0.7999
3121.0000 -4124.6934 -3035.5760 -218.0253 0.0518 -0.0314 -0.5966 0.8002
3122.0000 -4123.9238 -3038.1082 -218.0301 0.0525 -0.0313 -0.5963 0.8005
3123.0000 -4123.1646 -3040.6327 -218.0315 0.0530 -0.0310 -0.5958 0.8008
3124.0000 -4122.4008 -3043.1588 -218.0488 0.0533 -0.0308 -0.5954 0.8011
3125.0000 -4121.6293 -3045.6983 -218.0748 0.0531 -0.0307 -0.5951 0.8013
3126.0000 -4120.8588 -3048.2393 -218.1019 0.0530 -0.0304 -0.5949 0.8015
3127.0000 -4120.0864 -3050.7686 -218.1216 0.0531 -0.0304 -0.5948 0.8015
3128.0000 -4119.3115 -3053.2865 -218.1351 0.0534 -0.0309 -0.5946 0.8016
3129.0000 -4118.5314 -3055.8209 -218.1393 0.0538 -0.0314 -0.5944 0.8018
3130.0000 -4117.7491 -3058.3689 -218.1513 0.0539 -0.0314 -0.5943 0.8018
3131.0000 -4116.9763 -3060.8986 -218.1855 0.0542 -0.0310 -0.5942 0.8019
3132.0000 -4116.1938 -3063.4084 -218.2232 0.0547 -0.0308 -0.5941 0.8020
3133.0000 -4115.4113 -3065.9536 -218.2339 0.0551 -0.0309 -0.5939 0.8020
3134.0000 -4114.6308 -3068.4993 -218.2466 0.0555 -0.0310 -0.5939 0.8020
3135.0000 -4113.8520 -3071.0345 -218.2663 0.0560 -0.0309 -0.5938 0.8021
3136.0000 -4113.0734 -3073.5537 -218.3005 0.0562 -0.0309 -0.5937 0.8021
3137.0000 -4112.2896 -3076.0804 -218.3362 0.0561 -0.0312 -0.5936 0.8022
3138.0000 -4111.5101 -3078.6175 -218.3560 0.0560 -0.0313 -0.5935 0.8022
3139.0000 -4110.7316 -3081.1668 -218.3771 0.0564 -0.0313 -0.5935 0.8023
3140.0000 -4109.9571 -3083.7016 -218.4061 0.0574 -0.0314 -0.5933 0.8023
3141.0000 -4109.1741 -3086.2229 -218.4298 0.0589 -0.0316 -0.5932 0.8023
3142.0000 -4108.3826 -3088.7556 -218.4565 0.0602 -0.0318 -0.5931 0.8023
3143.0000 -4107.5900 -3091.2963 -218.4810 0.0606 -0.0323 -0.5929 0.8024
3144.0000 -4106.8073 -3093.8396 -218.5233 0.0605 -0.0322 -0.5927 0.8025
3145.0000 -4106.0155 -3096.3768 -218.5737 0.0606 -0.0318 -0.5925 0.8027
3146.0000 -4105.2254 -3098.9007 -218.6173 0.0611 -0.0318 -0.5923 0.8028
3147.0000 -4104.4384 -3101.4406 -218.6494 0.0619 -0.0320 -0.5920 0.8029
3148.0000 -4103.6466 -3103.9778 -218.6787 0.0631 -0.0325 -0.5917 0.8030
3149.0000 -4102.8548 -3106.5103 -218.7087 0.0642 -0.0331 -0.5914 0.8031
3150.0000 -4102.0598 -3109.0529 -218.7569 0.0652 -0.0337 -0.5911 0.8032
3151.0000 -4101.2637 -3111.6097 -218.8034 0.0660 -0.0342 -0.5909 0.8033
3152.0000 -4100.4727 -3114.1543 -218.8557 0.0671 -0.0345 -0.5906 0.8035
3153.0000 -4099.6780 -3116.6801 -218.9024 0.0691 -0.0347 -0.5902 0.8036
3154.0000 -4098.8826 -3119.2211 -218.9411 0.0714 -0.0355 -0.5897 0.8036
3155.0000 -4098.0859 -3121.7681 -218.9902 0.0731 -0.0369 -0.5894 0.8037
3156.0000 -4097.2896 -3124.3052 -219.0342 0.0738 -0.0383 -0.5891 0.8037
3157.0000 -4096.4810 -3126.8378 -219.0902 0.0741 -0.0395 -0.5890 0.8038
3158.0000 -4095.6672 -3129.3765 -219.1442 0.0744 -0.0404 -0.5889 0.8038
3159.0000 -4094.8597 -3131.9319 -219.1829 0.0748 -0.0409 -0.5887 0.8039
3160.0000 -4094.0556 -3134.4743 -219.2201 0.0753 -0.0409 -0.5885 0.8039
3161.0000 -4093.2483 -3137.0160 -219.2680 0.0759 -0.0412 -0.5882 0.8041
3162.0000 -4092.4374 -3139.5515 -219.3053 0.0766 -0.0419 -0.5880 0.8041
3163.0000 -4091.6198 -3142.0968 -219.3401 0.0773 -0.0424 -0.5879 0.8041
3164.0000 -4090.8045 -3144.6618 -219.3815 0.0780 -0.0426 -0.5877 0.8042
3165.0000 -4089.9998 -3147.2147 -219.4318 0.0785 -0.0428 -0.5876 0.8042
3166.0000 -4089.1798 -3149.7548 -219.4707 0.0787 -0.0430 -0.5874 0.8043
3167.0000 -4088.3694 -3152.2855 -219.5073 0.0783 -0.0432 -0.5873 0.8044
3168.0000 -4087.5529 -3154.8342 -219.5500 0.0779 -0.0430 -0.5873 0.8044
3169.0000 -4086.7290 -3157.3816 -219.5926 0.0778 -0.0429 -0.5874 0.8044
3170.0000 -4085.9144 -3159.9220 -219.6376 0.0780 -0.0423 -0.5875 0.8044
3171.0000 -4085.0976 -3162.4629 -219.6891 0.0781 -0.0422 -0.5876 0.8043
3172.0000 -4084.2799 -3165.0198 -219.7235 0.0780 -0.0424 -0.5877 0.8042
3173.0000 -4083.4541 -3167.5826 -219.7677 0.0780 -0.0425 -0.5876 0.8042
3174.0000 -4082.6418 -3170.1310 -219.8120 0.0782 -0.0425 -0.5878 0.8041
3175.0000 -4081.8242 -3172.6693 -219.8547 0.0784 -0.0420 -0.5878 0.8041
3176.0000 -4081.0049 -3175.2033 -219.9133 0.0787 -0.0414 -0.5877 0.8042
3177.0000 -4080.1908 -3177.7662 -219.9647 0.0789 -0.0416 -0.5877 0.8042
3178.0000 -4079.3819 -3180.3314 -219.9970 0.0788 -0.0417 -0.5876 0.8042
3179.0000 -4078.5620 -3182.8806 -220.0465 0.0785 -0.0415 -0.5875 0.8044
3180.0000 -4077.7370 -3185.4064 -220.1008 0.0780 -0.0415 -0.5875 0.8044
3181.0000 -4076.9226 -3187.9607 -220.1540 0.0776 -0.0415 -0.5876 0.8044
3182.0000 -4076.1045 -3190.5345 -220.1994 0.0783 -0.0412 -0.5873 0.8045
3183.0000 -4075.2831 -3193.0808 -220.2491 0.0799 -0.0409 -0.5869 0.8047
3184.0000 -4074.4620 -3195.6039 -220.3047 0.0808 -0.0414 -0.5865 0.8049
3185.0000 -4073.6438 -3198.1523 -220.3533 0.0803 -0.0422 -0.5862 0.8051
3186.0000 -4072.8089 -3200.7205 -220.3967 0.0797 -0.0423 -0.5857 0.8055
3187.0000 -4071.9827 -3203.2716 -220.4543 0.0804 -0.0416 -0.5850 0.8059
3188.0000 -4071.1470 -3205.8213 -220.5223 0.0818 -0.0414 -0.5844 0.8063
3189.0000 -4070.3057 -3208.3552 -220.5719 0.0821 -0.0419 -0.5840 0.8065
3190.0000 -4069.4688 -3210.8971 -220.6141 0.0807 -0.0426 -0.5838 0.8068
3191.0000 -4068.6363 -3213.4354 -220.6629 0.0789 -0.0424 -0.5834 0.8072
3192.0000 -4067.7878 -3215.9735 -220.7253 0.0789 -0.0416 -0.5828 0.8077
3193.0000 -4066.9293 -3218.5192 -220.7790 0.0804 -0.0411 -0.5821 0.8081
3194.0000 -4066.0743 -3221.0743 -220.8168 0.0819 -0.0416 -0.5816 0.8083
3195.0000 -4065.2157 -3223.6244 -220.8613 0.0821 -0.0421 -0.5812 0.8085
3196.0000 -4064.3559 -3226.1635 -220.9195 0.0812 -0.0419 -0.5810 0.8088
3197.0000 -4063.4974 -3228.6986 -220.9880 0.0802 -0.0408 -0.5807 0.8092
3198.0000 -4062.6297 -3231.2390 -221.0484 0.0797 -0.0402 -0.5803 0.8095
3199.0000 -4061.7586 -3233.8112 -221.0842 0.0796 -0.0405 -0.5800 0.8097
3200.0000 -4060.8920 -3236.3628 -221.1331 0.0798 -0.0407 -0.5798 0.8098
3201.0000 -4060.0255 -3238.8876 -221.1926 0.0799 -0.0404 -0.5797 0.8099
3202.0000 -4059.1429 -3241.4357 -221.2569 0.0795 -0.0403 -0.5796 0.8100
3203.0000 -4058.2531 -3243.9954 -221.3191 0.0791 -0.0402 -0.5794 0.8102
3204.0000 -4057.3734 -3246.5619 -221.3666 0.0795 -0.0399 -0.5794 0.8101
3205.0000 -4056.4969 -3249.1130 -221.4140 0.0802 -0.0395 -0.5795 0.8100
3206.0000 -4055.6327 -3251.6576 -221.4617 0.0803 -0.0390 -0.5796 0.8100
3207.0000 -4054.7536 -3254.2162 -221.5317 0.0799 -0.0390 -0.5795 0.8101
3208.0000 -4053.8689 -3256.7820 -221.6052 0.0795 -0.0391 -0.5795 0.8102
3209.0000 -4052.9829 -3259.3401 -221.6732 0.0794 -0.0389 -0.5795 0.8102
3210.0000 -4052.1028 -3261.9024 -221.7314 0.0796 -0.0387 -0.5796 0.8101
3211.0000 -4051.2133 -3264.4549 -221.7820 0.0797 -0.0388 -0.5798 0.8099
3212.0000 -4050.3322 -3267.0295 -221.8422 0.0799 -0.0391 -0.5800 0.8098
3213.0000 -4049.4636 -3269.5992 -221.9067 0.0798 -0.0390 -0.5800 0.8097
3214.0000 -4048.5887 -3272.1418 -221.9683 0.0798 -0.0382 -0.5801 0.8097
3215.0000 -4047.7036 -3274.7160 -222.0443 0.0799 -0.0380 -0.5802 0.8096
3216.0000 -4046.8195 -3277.3065 -222.1097 0.0803 -0.0382 -0.5803 0.8095
3217.0000 -4045.9504 -3279.8817 -222.1701 0.0808 -0.0383 -0.5804 0.8094
3218.0000 -4045.0665 -3282.4561 -222.2381 0.0810 -0.0379 -0.5804 0.8094
3219.0000 -4044.1737 -3285.0359 -222.3052 0.0804 -0.0374 -0.5806 0.8094
3220.0000 -4043.2864 -3287.6278 -222.3726 0.0799 -0.0372 -0.5808 0.8092
3221.0000 -4042.4161 -3290.1979 -222.4381 0.0799 -0.0370 -0.5811 0.8091
3222.0000 -4041.5421 -3292.7640 -222.5130 0.0805 -0.0368 -0.5812 0.8090
3223.0000 -4040.6643 -3295.3312 -222.5865 0.0811 -0.0366 -0.5813 0.8088
3224.0000 -4039.7848 -3297.9364 -222.6590 0.0812 -0.0365 -0.5815 0.8087
3225.0000 -4038.8979 -3300.5441 -222.7272 0.0805 -0.0366 -0.5815 0.8087
3226.0000 -4038.0335 -3303.1209 -222.8025 0.0800 -0.0365 -0.5816 0.8087
3227.0000 -4037.1684 -3305.6944 -222.8886 0.0805 -0.0363 -0.5818 0.8086
3228.0000 -4036.2786 -3308.2951 -222.9673 0.0816 -0.0359 -0.5819 0.8084
3229.0000 -4035.3883 -3310.9031 -223.0427 0.0823 -0.0360 -0.5821 0.8081
3230.0000 -4034.5109 -3313.4919 -223.1205 0.0826 -0.0367 -0.5822 0.8080
3231.0000 -4033.6513 -3316.0743 -223.2035 0.0823 -0.0368 -0.5823 0.8080
3232.0000 -4032.7944 -3318.6663 -223.2958 0.0821 -0.0361 -0.5824 0.8080
3233.0000 -4031.9135 -3321.2803 -223.3775 0.0826 -0.0359 -0.5825 0.8078
3234.0000 -4031.0213 -3323.8951 -223.4505 0.0829 -0.0359 -0.5828 0.8076
3235.0000 -4030.1432 -3326.4820 -223.5317 0.0826 -0.0362 -0.5830 0.8075
3236.0000 -4029.2749 -3329.0678 -223.6153 0.0820 -0.0359 -0.5832 0.8074
3237.0000 -4028.4079 -3331.6690 -223.7089 0.0819 -0.0349 -0.5831 0.8075
3238.0000 -4027.5305 -3334.2818 -223.8013 0.0825 -0.0347 -0.5832 0.8074
3239.0000 -4026.6590 -3336.8922 -223.8765 0.0826 -0.0353 -0.5834 0.8072
3240.0000 -4025.7833 -3339.4947 -223.9591 0.0823 -0.0357 -0.5837 0.8070
3241.0000 -4024.9197 -3342.0783 -224.0480 0.0821 -0.0352 -0.5840 0.8068
3242.0000 -4024.0588 -3344.6890 -224.1473 0.0827 -0.0344 -0.5840 0.8068
3243.0000 -4023.1916 -3347.2955 -224.2374 0.0833 -0.0339 -0.5840 0.8067
3244.0000 -4022.3169 -3349.8954 -224.3313 0.0834 -0.0339 -0.5841 0.8067
3245.0000 -4021.4589 -3352.4867 -224.4153 0.0828 -0.0339 -0.5846 0.8064
3246.0000 -4020.5838 -3355.1023 -224.5067 0.0825 -0.0336 -0.5852 0.8060
3247.0000 -4019.7163 -3357.7346 -224.6028 0.0828 -0.0332 -0.5853 0.8059
3248.0000 -4018.8572 -3360.3289 -224.7053 0.0834 -0.0333 -0.5856 0.8056
3249.0000 -4018.0053 -3362.9122 -224.7954 0.0836 -0.0336 -0.5858 0.8054
3250.0000 -4017.1514 -3365.5100 -224.8904 0.0833 -0.0332 -0.5862 0.8052
3251.0000 -4016.2943 -3368.1359 -225.0066 0.0833 -0.0330 -0.5866 0.8049
3252.0000 -4015.4309 -3370.7644 -225.1158 0.0840 -0.0331 -0.5869 0.8046
3253.0000 -4014.5841 -3373.3704 -225.2089 0.0851 -0.0332 -0.5871 0.8044
3254.0000 -4013.7414 -3375.9654 -225.2993 0.0856 -0.0332 -0.5873 0.8041
3255.0000 -4012.9034 -3378.5833 -225.4114 0.0854 -0.0331 -0.5875 0.8040
3256.0000 -4012.0574 -3381.2018 -225.5362 0.0852 -0.0334 -0.5878 0.8038
3257.0000 -4011.2051 -3383.8049 -225.6365 0.0854 -0.0335 -0.5880 0.8037
3258.0000 -4010.3532 -3386.4080 -225.7302 0.0856 -0.0335 -0.5881 0.8036
3259.0000 -4009.5140 -3389.0339 -225.8407 0.0856 -0.0333 -0.5879 0.8037
3260.0000 -4008.6657 -3391.6769 -225.9572 0.0856 -0.0325 -0.5876 0.8039
3261.0000 -4007.8229 -3394.2941 -226.0802 0.0863 -0.0323 -0.5876 0.8039
3262.0000 -4006.9807 -3396.8909 -226.1872 0.0870 -0.0330 -0.5879 0.8036
3263.0000 -4006.1383 -3399.4906 -226.2768 0.0868 -0.0334 -0.5880 0.8035
3264.0000 -4005.2961 -3402.1086 -226.3808 0.0860 -0.0330 -0.5880 0.8036
3265.0000 -4004.4649 -3404.7414 -226.5032 0.0853 -0.0323 -0.5880 0.8037
3266.0000 -4003.6218 -3407.3620 -226.6226 0.0852 -0.0317 -0.5880 0.8037
3267.0000 -4002.7667 -3409.9652 -226.7360 0.0860 -0.0316 -0.5882 0.8035
3268.0000 -4001.9225 -3412.5754 -226.8296 0.0863 -0.0318 -0.5883 0.8034
3269.0000 -4001.0794 -3415.1929 -226.9484 0.0859 -0.0319 -0.5882 0.8035
3270.0000 -4000.2423 -3417.8071 -227.0702 0.0856 -0.0313 -0.5882 0.8035
3271.0000 -3999.4015 -3420.4211 -227.1927 0.0858 -0.0311 -0.5883 0.8034
3272.0000 -3998.5549 -3423.0256 -227.3093 0.0863 -0.0314 -0.5885 0.8033
3273.0000 -3997.7283 -3425.6363 -227.4212 0.0870 -0.0318 -0.5886 0.8031
3274.0000 -3996.8963 -3428.2679 -227.5387 0.0876 -0.0317 -0.5886 0.8030
3275.0000 -3996.0502 -3430.9023 -227.6536 0.0871 -0.0316 -0.5886 0.8031
3276.0000 -3995.2167 -3433.4860 -227.7840 0.0863 -0.0315 -0.5888 0.8030
3277.0000 -3994.3954 -3436.0803 -227.9060 0.0862 -0.0314 -0.5889 0.8030
3278.0000 -3993.5530 -3438.7096 -228.0123 0.0869 -0.0312 -0.5891 0.8028
3279.0000 -3992.7117 -3441.3352 -228.1366 0.0881 -0.0309 -0.5889 0.8028
3280.0000 -3991.8725 -3443.9471 -228.2604 0.0888 -0.0305 -0.5887 0.8028
3281.0000 -3991.0430 -3446.5430 -228.3785 0.0886 -0.0307 -0.5888 0.8028
3282.0000 -3990.2005 -3449.1503 -228.5110 0.0881 -0.0314 -0.5890 0.8027
3283.0000 -3989.3653 -3451.7732 -228.6417 0.0871 -0.0314 -0.5891 0.8028
3284.0000 -3988.5313 -3454.4029 -228.7680 0.0864 -0.0306 -0.5889 0.8030
3285.0000 -3987.7053 -3456.9971 -228.8936 0.0866 -0.0300 -0.5889 0.8030
3286.0000 -3986.8638 -3459.5978 -229.0115 0.0873 -0.0295 -0.5889 0.8029
3287.0000 -3986.0083 -3462.2224 -229.1469 0.0884 -0.0294 -0.5888 0.8029
3288.0000 -3985.1728 -3464.8510 -229.2794 0.0892 -0.0299 -0.5886 0.8029
3289.0000 -3984.3387 -3467.4582 -229.4168 0.0893 -0.0307 -0.5885 0.8030
3290.0000 -3983.5181 -3470.0508 -229.5465 0.0890 -0.0310 -0.5884 0.8030
3291.0000 -3982.6801 -3472.6517 -229.6736 0.0888 -0.0313 -0.5884 0.8031
3292.0000 -3981.8332 -3475.2608 -229.7910 0.0884 -0.0313 -0.5884 0.8031
3293.0000 -3980.9716 -3477.8899 -229.9253 0.0880 -0.0309 -0.5882 0.8033
3294.0000 -3980.1301 -3480.5000 -230.0578 0.0879 -0.0304 -0.5880 0.8035
3295.0000 -3979.2998 -3483.1157 -230.1845 0.0878 -0.0298 -0.5877 0.8037
3296.0000 -3978.4654 -3485.7338 -230.3021 0.0876 -0.0290 -0.5877 0.8038
3297.0000 -3977.6162 -3488.3336 -230.4324 0.0880 -0.0283 -0.5877 0.8038
3298.0000 -3976.7675 -3490.9306 -230.5672 0.0889 -0.0280 -0.5879 0.8036
3299.0000 -3975.9194 -3493.5311 -230.7104 0.0896 -0.0284 -0.5883 0.8032
3300.0000 -3975.0740 -3496.1354 -230.8476 0.0899 -0.0284 -0.5890 0.8026
3301.0000 -3974.2301 -3498.7551 -230.9917 0.0898 -0.0279 -0.5897 0.8022
3302.0000 -3973.4154 -3501.3554 -231.1335 0.0896 -0.0273 -0.5903 0.8017
3303.0000 -3972.5858 -3503.9512 -231.2783 0.0900 -0.0273 -0.5908 0.8013
3304.0000 -3971.7562 -3506.5252 -231.4156 0.0908 -0.0277 -0.5913 0.8009
3305.0000 -3970.9482 -3509.1272 -231.5604 0.0912 -0.0276 -0.5917 0.8005
3306.0000 -3970.1481 -3511.7489 -231.7127 0.0912 -0.0274 -0.5923 0.8001
3307.0000 -3969.3379 -3514.3432 -231.8649 0.0917 -0.0281 -0.5929 0.7996
3308.0000 -3968.5289 -3516.9051 -231.9964 0.0920 -0.0293 -0.5935 0.7990
3309.0000 -3967.7243 -3519.4916 -232.1330 0.0922 -0.0296 -0.5941 0.7986
3310.0000 -3966.9358 -3522.1036 -232.2940 0.0923 -0.0288 -0.5945 0.7983
3311.0000 -3966.1571 -3524.7141 -232.4643 0.0927 -0.0281 -0.5949 0.7979
3312.0000 -3965.3606 -3527.3060 -232.6068 0.0931 -0.0280 -0.5955 0.7975
3313.0000 -3964.5625 -3529.8728 -232.7409 0.0927 -0.0284 -0.5962 0.7970
3314.0000 -3963.7760 -3532.4521 -232.8897 0.0914 -0.0286 -0.5968 0.7967
3315.0000 -3963.0167 -3535.0521 -233.0373 0.0904 -0.0277 -0.5970 0.7966
3316.0000 -3962.2415 -3537.6238 -233.1957 0.0906 -0.0265 -0.5973 0.7964
3317.0000 -3961.4734 -3540.1952 -233.3463 0.0912 -0.0257 -0.5977 0.7961
3318.0000 -3960.7025 -3542.7740 -233.4869 0.0915 -0.0256 -0.5980 0.7958
3319.0000 -3959.9316 -3545.3517 -233.6389 0.0916 -0.0256 -0.5984 0.7956
3320.0000 -3959.1668 -3547.9424 -233.8101 0.0914 -0.0254 -0.5985 0.7955
3321.0000 -3958.4178 -3550.4913 -233.9686 0.0909 -0.0250 -0.5986 0.7955
3322.0000 -3957.6763 -3553.0319 -234.1248 0.0908 -0.0245 -0.5987 0.7955
3323.0000 -3956.9122 -3555.5897 -234.2872 0.0912 -0.0244 -0.5987 0.7954
3324.0000 -3956.1571 -3558.1673 -234.4437 0.0910 -0.0246 -0.5988 0.7953
3325.0000 -3955.4108 -3560.7263 -234.5992 0.0912 -0.0247 -0.5989 0.7952
3326.0000 -3954.6546 -3563.2830 -234.7767 0.0925 -0.0246 -0.5989 0.7951
3327.0000 -3953.9051 -3565.8338 -234.9339 0.0934 -0.0247 -0.5990 0.7949
3328.0000 -3953.1594 -3568.3750 -235.0929 0.0937 -0.0248 -0.5991 0.7948
3329.0000 -3952.4134 -3570.8990 -235.2709 0.0946 -0.0248 -0.5992 0.7946
3330.0000 -3951.6811 -3573.4348 -235.4476 0.0957 -0.0251 -0.5993 0.7944
3331.0000 -3950.9503 -3575.9795 -235.6160 0.0964 -0.0263 -0.5994 0.7942
3332.0000 -3950.2014 -3578.5106 -235.7722 0.0961 -0.0273 -0.5997 0.7940
3333.0000 -3949.4535 -3581.0452 -235.9393 0.0955 -0.0273 -0.6000 0.7938
3334.0000 -3948.7259 -3583.5662 -236.1085 0.0958 -0.0262 -0.6005 0.7935
3335.0000 -3948.0058 -3586.0897 -236.2852 0.0966 -0.0256 -0.6007 0.7932
3336.0000 -3947.2739 -3588.6105 -236.4567 0.0971 -0.0260 -0.6008 0.7931
3337.0000 -3946.5371 -3591.1370 -236.6254 0.0971 -0.0266 -0.6010 0.7929
3338.0000 -3945.8119 -3593.6645 -236.7910 0.0970 -0.0266 -0.6012 0.7927
3339.0000 -3945.0986 -3596.1691 -236.9621 0.0974 -0.0264 -0.6015 0.7925
3340.0000 -3944.3806 -3598.6538 -237.1314 0.0985 -0.0266 -0.6017 0.7922
3341.0000 -3943.6593 -3601.1747 -237.2932 0.0989 -0.0267 -0.6017 0.7921
3342.0000 -3942.9376 -3603.6971 -237.4738 0.0983 -0.0266 -0.6019 0.7920
3343.0000 -3942.2323 -3606.1980 -237.6712 0.0976 -0.0266 -0.6023 0.7918
3344.0000 -3941.5313 -3608.7047 -237.8403 0.0969 -0.0270 -0.6027 0.7916
3345.0000 -3940.8214 -3611.2141 -238.0008 0.0974 -0.0268 -0.6029 0.7914
3346.0000 -3940.1142 -3613.7168 -238.1656 0.0984 -0.0262 -0.6031 0.7912
3347.0000 -3939.4034 -3616.2002 -238.3409 0.0993 -0.0259 -0.6033 0.7909
3348.0000 -3938.7080 -3618.6959 -238.5173 0.0993 -0.0259 -0.6036 0.7906
3349.0000 -3938.0134 -3621.1967 -238.7002 0.0988 -0.0264 -0.6039 0.7904
3350.0000 -3937.3200 -3623.6984 -238.8710 0.0984 -0.0261 -0.6041 0.7904
3351.0000 -3936.6223 -3626.1826 -239.0571 0.0989 -0.0254 -0.6043 0.7902
3352.0000 -3935.9179 -3628.6705 -239.2405 0.0994 -0.0250 -0.6045 0.7900
3353.0000 -3935.2231 -3631.1580 -239.4098 0.0996 -0.0252 -0.6047 0.7898
3354.0000 -3934.5403 -3633.6290 -239.5936 0.0996 -0.0255 -0.6051 0.7895
3355.0000 -3933.8606 -3636.1068 -239.7794 0.0996 -0.0256 -0.6056 0.7891
3356.0000 -3933.1730 -3638.6009 -239.9712 0.1001 -0.0257 -0.6058 0.7889
3357.0000 -3932.4976 -3641.0892 -240.1621 0.1007 -0.0255 -0.6058 0.7888
3358.0000 -3931.8182 -3643.5617 -240.3414 0.1008 -0.0259 -0.6060 0.7886
3359.0000 -3931.1365 -3646.0361 -240.5110 0.1002 -0.0267 -0.6065 0.7883
3360.0000 -3930.4585 -3648.5070 -240.6889 0.1000 -0.0264 -0.6069 0.7880
3361.0000 -3929.7921 -3650.9695 -240.8788 0.1002 -0.0250 -0.6072 0.7878
3362.0000 -3929.1229 -3653.4320 -241.0629 0.0997 -0.0241 -0.6075 0.7877
3363.0000 -3928.4492 -3655.8958 -241.2481 0.0987 -0.0242 -0.6080 0.7874
3364.0000 -3927.7819 -3658.3611 -241.4401 0.0991 -0.0241 -0.6084 0.7870
3365.0000 -3927.1222 -3660.8289 -241.6290 0.1010 -0.0238 -0.6087 0.7866
3366.0000 -3926.4730 -3663.2831 -241.8301 0.1036 -0.0243 -0.6089 0.7861
3367.0000 -3925.8230 -3665.7408 -242.0145 0.1043 -0.0258 -0.6093 0.7856
3368.0000 -3925.1799 -3668.2114 -242.1990 0.1028 -0.0267 -0.6098 0.7854
3369.0000 -3924.5339 -3670.6653 -242.4084 0.1013 -0.0256 -0.6104 0.7852
3370.0000 -3923.8826 -3673.1222 -242.6227 0.1016 -0.0243 -0.6107 0.7849
3371.0000 -3923.2343 -3675.5813 -242.8128 0.1030 -0.0241 -0.6110 0.7845
3372.0000 -3922.5964 -3678.0271 -242.9834 0.1041 -0.0248 -0.6116 0.7839
3373.0000 -3921.9559 -3680.4784 -243.1743 0.1039 -0.0252 -0.6123 0.7834
3374.0000 -3921.3279 -3682.9297 -243.3813 0.1031 -0.0251 -0.6131 0.7829
3375.0000 -3920.7146 -3685.3750 -243.5922 0.1029 -0.0248 -0.6137 0.7824
3376.0000 -3920.0895 -3687.8170 -243.7926 0.1040 -0.0245 -0.6142 0.7819
3377.0000 -3919.4645 -3690.2756 -243.9838 0.1047 -0.0239 -0.6146 0.7815
3378.0000 -3918.8395 -3692.7304 -244.1855 0.1048 -0.0237 -0.6153 0.7809
3379.0000 -3918.2256 -3695.1696 -244.3951 0.1044 -0.0240 -0.6162 0.7803
3380.0000 -3917.6213 -3697.6194 -244.5994 0.1037 -0.0244 -0.6170 0.7797
3381.0000 -3917.0276 -3700.0797 -244.8052 0.1033 -0.0245 -0.6176 0.7793
3382.0000 -3916.4290 -3702.5485 -245.0198 0.1037 -0.0245 -0.6181 0.7789
3383.0000 -3915.8452 -3704.9933 -245.2260 0.1041 -0.0239 -0.6186 0.7784
3384.0000 -3915.2549 -3707.4275 -245.4422 0.1048 -0.0235 -0.6192 0.7779
3385.0000 -3914.6526 -3709.8911 -245.6460 0.1050 -0.0237 -0.6198 0.7773
3386.0000 -3914.0573 -3712.3844 -245.8517 0.1043 -0.0242 -0.6205 0.7768
3387.0000 -3913.4790 -3714.8611 -246.0674 0.1038 -0.0237 -0.6214 0.7762
3388.0000 -3912.9131 -3717.3149 -246.2980 0.1040 -0.0235 -0.6222 0.7756
3389.0000 -3912.3487 -3719.7815 -246.5090 0.1040 -0.0241 -0.6228 0.7750
3390.0000 -3911.7730 -3722.2762 -246.7155 0.1043 -0.0247 -0.6234 0.7745
3391.0000 -3911.2019 -3724.7540 -246.9308 0.1054 -0.0245 -0.6239 0.7740
3392.0000 -3910.6514 -3727.2200 -247.1455 0.1070 -0.0240 -0.6243 0.7734
3393.0000 -3910.0937 -3729.6881 -247.3700 0.1080 -0.0239 -0.6248 0.7729
3394.0000 -3909.5358 -3732.1689 -247.5929 0.1079 -0.0238 -0.6254 0.7724
3395.0000 -3908.9801 -3734.6653 -247.8277 0.1070 -0.0238 -0.6260 0.7720
3396.0000 -3908.4289 -3737.1606 -248.0657 0.1065 -0.0234 -0.6268 0.7715
3397.0000 -3907.8918 -3739.6207 -248.2920 0.1069 -0.0229 -0.6274 0.7710
3398.0000 -3907.3597 -3742.0751 -248.5128 0.1078 -0.0225 -0.6278 0.7706
3399.0000 -3906.8223 -3744.5385 -248.7420 0.1086 -0.0221 -0.6283 0.7701
3400.0000 -3906.2922 -3747.0250 -248.9739 0.1084 -0.0221 -0.6292 0.7693
3401.0000 -3905.7579 -3749.5158 -249.2071 0.1077 -0.0227 -0.6302 0.7686
3402.0000 -3905.2291 -3752.0083 -249.4434 0.1076 -0.0228 -0.6310 0.7679
3403.0000 -3904.7217 -3754.4711 -249.6736 0.1084 -0.0222 -0.6317 0.7673
3404.0000 -3904.2233 -3756.9370 -249.9016 0.1092 -0.0215 -0.6326 0.7665
3405.0000 -3903.7216 -3759.3932 -250.1308 0.1094 -0.0215 -0.6337 0.7655
3406.0000 -3903.2254 -3761.8541 -250.3825 0.1091 -0.0216 -0.6350 0.7644
3407.0000 -3902.7361 -3764.3287 -250.6352 0.1087 -0.0216 -0.6362 0.7635
3408.0000 -3902.2557 -3766.8028 -250.8820 0.1087 -0.0212 -0.6372 0.7627
3409.0000 -3901.7827 -3769.2664 -251.1100 0.1088 -0.0205 -0.6382 0.7619
3410.0000 -3901.3217 -3771.7136 -251.3439 0.1092 -0.0206 -0.6392 0.7609
3411.0000 -3900.8740 -3774.1694 -251.5948 0.1100 -0.0210 -0.6402 0.7600
3412.0000 -3900.4247 -3776.6497 -251.8458 0.1106 -0.0209 -0.6413 0.7590
3413.0000 -3899.9689 -3779.1272 -252.1019 0.1107 -0.0207 -0.6425 0.7580
3414.0000 -3899.5291 -3781.5906 -252.3474 0.1100 -0.0207 -0.6435 0.7572
3415.0000 -3899.1152 -3784.0226 -252.6083 0.1097 -0.0206 -0.6442 0.7566
3416.0000 -3898.6987 -3786.4701 -252.8670 0.1102 -0.0208 -0.6450 0.7559
3417.0000 -3898.2791 -3788.9364 -253.1170 0.1112 -0.0207 -0.6459 0.7550
3418.0000 -3897.8676 -3791.4191 -253.3630 0.1116 -0.0206 -0.6467 0.7542
3419.0000 -3897.4516 -3793.8717 -253.6261 0.1114 -0.0205 -0.6475 0.7536
3420.0000 -3897.0414 -3796.3310 -253.8945 0.1111 -0.0206 -0.6482 0.7530
3421.0000 -3896.6537 -3798.7862 -254.1619 0.1112 -0.0206 -0.6488 0.7525
3422.0000 -3896.2774 -3801.2475 -254.4111 0.1120 -0.0208 -0.6495 0.7518
3423.0000 -3895.8841 -3803.6996 -254.6540 0.1118 -0.0196 -0.6504 0.7510
3424.0000 -3895.4837 -3806.1445 -254.9141 0.1098 -0.0177 -0.6515 0.7504
3425.0000 -3895.0958 -3808.5930 -255.2150 0.1087 -0.0169 -0.6524 0.7498
3426.0000 -3894.7377 -3811.0416 -255.4881 0.1099 -0.0176 -0.6531 0.7491
3427.0000 -3894.3874 -3813.5044 -255.7266 0.1119 -0.0185 -0.6534 0.7485
3428.0000 -3894.0287 -3815.9516 -255.9747 0.1133 -0.0183 -0.6539 0.7479
3429.0000 -3893.6772 -3818.3713 -256.2578 0.1138 -0.0180 -0.6547 0.7471
3430.0000 -3893.3240 -3820.7897 -256.5475 0.1133 -0.0182 -0.6555 0.7465
3431.0000 -3892.9884 -3823.2108 -256.8275 0.1129 -0.0190 -0.6562 0.7459
3432.0000 -3892.6670 -3825.6490 -257.0887 0.1134 -0.0197 -0.6566 0.7454
3433.0000 -3892.3356 -3828.0803 -257.3461 0.1145 -0.0197 -0.6571 0.7448
3434.0000 -3892.0003 -3830.4789 -257.6120 0.1156 -0.0189 -0.6579 0.7439
3435.0000 -3891.6670 -3832.8748 -257.8837 0.1159 -0.0181 -0.6588 0.7432
3436.0000 -3891.3498 -3835.2628 -258.1585 0.1149 -0.0176 -0.6597 0.7425
3437.0000 -3891.0318 -3837.6670 -258.4417 0.1131 -0.0177 -0.6607 0.7419
3438.0000 -3890.7306 -3840.0655 -258.7204 0.1121 -0.0182 -0.6616 0.7412
3439.0000 -3890.4378 -3842.4657 -258.9917 0.1128 -0.0181 -0.6623 0.7405
3440.0000 -3890.1490 -3844.8383 -259.2531 0.1139 -0.0175 -0.6629 0.7398
3441.0000 -3889.8603 -3847.2091 -259.5182 0.1148 -0.0172 -0.6635 0.7391
3442.0000 -3889.5699 -3849.5868 -259.7803 0.1148 -0.0174 -0.6642 0.7385
3443.0000 -3889.2875 -3851.9460 -260.0620 0.1145 -0.0169 -0.6649 0.7379
3444.0000 -3889.0192 -3854.3161 -260.3644 0.1142 -0.0162 -0.6655 0.7375
3445.0000 -3888.7516 -3856.6634 -260.6408 0.1139 -0.0158 -0.6663 0.7368
3446.0000 -3888.4887 -3859.0103 -260.9181 0.1145 -0.0160 -0.6670 0.7360
3447.0000 -3888.2333 -3861.3666 -261.1864 0.1158 -0.0156 -0.6675 0.7354
3448.0000 -3887.9748 -3863.7289 -261.4713 0.1163 -0.0149 -0.6679 0.7350
3449.0000 -3887.7181 -3866.0544 -261.7607 0.1155 -0.0147 -0.6685 0.7345
3450.0000 -3887.4727 -3868.3764 -262.0542 0.1142 -0.0149 -0.6693 0.7340
3451.0000 -3887.2380 -3870.7022 -262.3416 0.1141 -0.0151 -0.6700 0.7334
3452.0000 -3887.0054 -3873.0362 -262.6260 0.1156 -0.0151 -0.6706 0.7326
3453.0000 -3886.7648 -3875.3683 -262.9029 0.1169 -0.0159 -0.6712 0.7318
3454.0000 -3886.5274 -3877.6797 -263.1724 0.1161 -0.0167 -0.6719 0.7313
3455.0000 -3886.2960 -3880.0010 -263.4618 0.1141 -0.0162 -0.6726 0.7310
3456.0000 -3886.0776 -3882.3214 -263.7720 0.1130 -0.0145 -0.6733 0.7305
3457.0000 -3885.8634 -3884.6623 -264.0785 0.1137 -0.0136 -0.6741 0.7297
3458.0000 -3885.6469 -3886.9959 -264.3544 0.1149 -0.0140 -0.6749 0.7288
3459.0000 -3885.4375 -3889.3032 -264.6135 0.1154 -0.0145 -0.6755 0.7281
3460.0000 -3885.2315 -3891.6127 -264.9010 0.1151 -0.0141 -0.6761 0.7276
3461.0000 -3885.0395 -3893.9290 -265.2134 0.1142 -0.0136 -0.6768 0.7271
3462.0000 -3884.8514 -3896.2522 -265.5193 0.1136 -0.0135 -0.6776 0.7265
3463.0000 -3884.6690 -3898.5752 -265.8002 0.1139 -0.0136 -0.6783 0.7257
3464.0000 -3884.4805 -3900.9001 -266.0870 0.1149 -0.0132 -0.6788 0.7251
3465.0000 -3884.2897 -3903.2029 -266.3843 0.1156 -0.0124 -0.6794 0.7245
3466.0000 -3884.1058 -3905.5167 -266.6846 0.1146 -0.0128 -0.6802 0.7239
3467.0000 -3883.9359 -3907.8509 -266.9896 0.1130 -0.0133 -0.6812 0.7232
3468.0000 -3883.7783 -3910.1635 -267.2911 0.1127 -0.0131 -0.6819 0.7226
3469.0000 -3883.6235 -3912.4795 -267.5874 0.1142 -0.0125 -0.6823 0.7220
3470.0000 -3883.4608 -3914.7895 -267.8695 0.1154 -0.0127 -0.6828 0.7213
3471.0000 -3883.2875 -3917.1006 -268.1657 0.1149 -0.0132 -0.6836 0.7206
3472.0000 -3883.1335 -3919.4185 -268.4750 0.1137 -0.0128 -0.6844 0.7201
3473.0000 -3883.0030 -3921.7376 -268.7900 0.1133 -0.0117 -0.6849 0.7197
3474.0000 -3882.8581 -3924.0458 -269.0964 0.1145 -0.0114 -0.6854 0.7190
3475.0000 -3882.7250 -3926.3568 -269.3893 0.1160 -0.0124 -0.6862 0.7180
3476.0000 -3882.5983 -3928.6658 -269.6801 0.1168 -0.0139 -0.6869 0.7171
3477.0000 -3882.4706 -3930.9770 -269.9830 0.1171 -0.0145 -0.6875 0.7165
3478.0000 -3882.3479 -3933.2872 -270.2992 0.1175 -0.0143 -0.6880 0.7160
3479.0000 -3882.2199 -3935.5984 -270.6138 0.1178 -0.0140 -0.6886 0.7153
3480.0000 -3882.1095 -3937.9060 -270.9163 0.1177 -0.0142 -0.6895 0.7145
3481.0000 -3882.0055 -3940.2060 -271.2140 0.1173 -0.0149 -0.6904 0.7137
3482.0000 -3881.9018 -3942.5145 -271.5162 0.1171 -0.0153 -0.6912 0.7130
3483.0000 -3881.8053 -3944.8131 -271.8245 0.1178 -0.0150 -0.6917 0.7123
3484.0000 -3881.7165 -3947.1131 -272.1389 0.1188 -0.0148 -0.6923 0.7116
3485.0000 -3881.6185 -3949.4084 -272.4424 0.1194 -0.0151 -0.6931 0.7107
3486.0000 -3881.5292 -3951.7206 -272.7476 0.1193 -0.0160 -0.6940 0.7099
3487.0000 -3881.4436 -3954.0284 -273.0601 0.1184 -0.0163 -0.6947 0.7093
3488.0000 -3881.3658 -3956.3326 -273.3891 0.1177 -0.0160 -0.6955 0.7086
3489.0000 -3881.2912 -3958.6281 -273.7139 0.1181 -0.0153 -0.6963 0.7078
3490.0000 -3881.2340 -3960.9044 -274.0062 0.1194 -0.0154 -0.6970 0.7069
3491.0000 -3881.1846 -3963.1990 -274.2989 0.1205 -0.0159 -0.6977 0.7061
3492.0000 -3881.1200 -3965.4961 -274.6112 0.1206 -0.0157 -0.6984 0.7053
3493.0000 -3881.0578 -3967.8096 -274.9420 0.1200 -0.0154 -0.6992 0.7046
3494.0000 -3881.0199 -3970.1010 -275.2639 0.1192 -0.0149 -0.7002 0.7037
3495.0000 -3880.9826 -3972.3788 -275.5813 0.1193 -0.0145 -0.7013 0.7027
3496.0000 -3880.9486 -3974.6683 -275.8835 -0.1192 0.0142 0.7023 -0.7017
3497.0000 -3880.9173 -3976.9733 -276.2055 -0.1190 0.0139 0.7033 -0.7007
3498.0000 -3880.8973 -3979.2638 -276.5335 -0.1191 0.0139 0.7044 -0.6997
3499.0000 -3880.8790 -3981.5202 -276.8548 -0.1192 0.0145 0.7055 -0.6985
3500.0000 -3880.8779 -3983.7939 -277.1611 -0.1196 0.0150 0.7067 -0.6972
3501.0000 -3880.8795 -3986.0946 -277.4783 -0.1202 0.0145 0.7077 -0.6961
3502.0000 -3880.8872 -3988.3947 -277.8091 -0.1206 0.0135 0.7087 -0.6950
3503.0000 -3880.9005 -3990.6642 -278.1400 -0.1202 0.0129 0.7098 -0.6939
3504.0000 -3880.9117 -3992.9200 -278.4706 -0.1196 0.0130 0.7109 -0.6929
3505.0000 -3880.9532 -3995.2216 -278.7945 -0.1189 0.0133 0.7119 -0.6921
3506.0000 -3880.9927 -3997.5189 -279.1101 -0.1189 0.0135 0.7128 -0.6911
3507.0000 -3881.0279 -3999.7755 -279.4345 -0.1198 0.0134 0.7137 -0.6900
3508.0000 -3881.0642 -4002.0394 -279.7744 -0.1206 0.0134 0.7144 -0.6891
3509.0000 -3881.1172 -4004.3217 -280.1032 -0.1209 0.0140 0.7152 -0.6883
3510.0000 -3881.1782 -4006.6036 -280.4271 -0.1210 0.0146 0.7160 -0.6874
3511.0000 -3881.2448 -4008.8784 -280.7499 -0.1211 0.0147 0.7168 -0.6865
3512.0000 -3881.3153 -4011.1453 -281.0829 -0.1210 0.0140 0.7176 -0.6857
3513.0000 -3881.3938 -4013.4233 -281.4192 -0.1207 0.0131 0.7184 -0.6850
3514.0000 -3881.4586 -4015.6868 -281.7602 -0.1205 0.0123 0.7192 -0.6842
3515.0000 -3881.5410 -4017.9515 -282.0941 -0.1204 0.0124 0.7200 -0.6833
3516.0000 -3881.6311 -4020.2190 -282.4215 -0.1206 0.0127 0.7208 -0.6824
3517.0000 -3881.7350 -4022.4910 -282.7576 -0.1210 0.0123 0.7214 -0.6817
3518.0000 -3881.8283 -4024.7529 -283.0963 -0.1210 0.0116 0.7221 -0.6811
3519.0000 -3881.9289 -4027.0302 -283.4484 -0.1206 0.0114 0.7227 -0.6804
3520.0000 -3882.0277 -4029.2894 -283.8010 -0.1202 0.0112 0.7236 -0.6796
3521.0000 -3882.1339 -4031.5286 -284.1286 -0.1200 0.0109 0.7244 -0.6788
3522.0000 -3882.2548 -4033.7765 -284.4632 -0.1198 0.0105 0.7250 -0.6781
3523.0000 -3882.3748 -4036.0534 -284.8167 -0.1196 0.0103 0.7256 -0.6775
3524.0000 -3882.4939 -4038.3163 -285.1572 -0.1194 0.0104 0.7264 -0.6768
3525.0000 -3882.6244 -4040.5666 -285.4937 -0.1195 0.0104 0.7272 -0.6759
3526.0000 -3882.7543 -4042.8112 -285.8389 -0.1198 0.0105 0.7279 -0.6750
3527.0000 -3882.8998 -4045.0584 -286.1760 -0.1202 0.0105 0.7286 -0.6742
3528.0000 -3883.0539 -4047.3202 -286.5214 -0.1205 0.0110 0.7293 -0.6734
3529.0000 -3883.2099 -4049.5675 -286.8661 -0.1205 0.0113 0.7301 -0.6725
3530.0000 -3883.3529 -4051.8013 -287.2098 -0.1202 0.0110 0.7309 -0.6717
3531.0000 -3883.5002 -4054.0496 -287.5615 -0.1197 0.0104 0.7316 -0.6711
3532.0000 -3883.6630 -4056.2989 -287.9174 -0.1198 0.0100 0.7323 -0.6703
3533.0000 -3883.8384 -4058.5523 -288.2632 -0.1204 0.0100 0.7330 -0.6695
3534.0000 -3884.0162 -4060.8050 -288.5955 -0.1207 0.0100 0.7335 -0.6688
3535.0000 -3884.1915 -4063.0474 -288.9428 -0.1203 0.0100 0.7341 -0.6682
3536.0000 -3884.3808 -4065.2882 -289.3030 -0.1203 0.0098 0.7347 -0.6675
3537.0000 -3884.5619 -4067.5338 -289.6621 -0.1207 0.0100 0.7353 -0.6668
3538.0000 -3884.7436 -4069.7574 -290.0063 -0.1211 0.0102 0.7360 -0.6660
3539.0000 -3884.9424 -4072.0035 -290.3521 -0.1215 0.0101 0.7365 -0.6654
3540.0000 -3885.1463 -4074.2307 -290.7076 -0.1222 0.0100 0.7370 -0.6647
3541.0000 -3885.3523 -4076.4521 -291.0629 -0.1222 0.0104 0.7377 -0.6639
3542.0000 -3885.5482 -4078.6844 -291.4109 -0.1214 0.0108 0.7384 -0.6632
3543.0000 -3885.7486 -4080.9147 -291.7693 -0.1209 0.0108 0.7392 -0.6625
3544.0000 -3885.9558 -4083.1302 -292.1187 -0.1212 0.0098 0.7398 -0.6618
3545.0000 -3886.1765 -4085.3528 -292.4670 -0.1217 0.0085 0.7403 -0.6611
3546.0000 -3886.4013 -4087.5889 -292.8294 -0.1218 0.0083 0.7409 -0.6604
3547.0000 -3886.6277 -4089.8154 -293.1990 -0.1214 0.0094 0.7417 -0.6596
3548.0000 -3886.8639 -4092.0378 -293.5433 -0.1209 0.0107 0.7424 -0.6588
3549.0000 -3887.0935 -4094.2610 -293.8873 -0.1211 0.0110 0.7430 -0.6582
3550.0000 -3887.3202 -4096.4854 -294.2351 -0.1219 0.0100 0.7435 -0.6575
3551.0000 -3887.5602 -4098.6833 -294.6015 -0.1227 0.0090 0.7440 -0.6567
3552.0000 -3887.8147 -4100.8813 -294.9585 -0.1229 0.0083 0.7446 -0.6560
3553.0000 -3888.0588 -4103.0708 -295.3141 -0.1226 0.0079 0.7452 -0.6554
3554.0000 -3888.3141 -4105.2700 -295.6768 -0.1222 0.0079 0.7457 -0.6549
3555.0000 -3888.5739 -4107.4642 -296.0284 -0.1221 0.0078 0.7464 -0.6542
3556.0000 -3888.8329 -4109.6374 -296.3779 -0.1229 0.0078 0.7470 -0.6533
3557.0000 -3889.0841 -4111.7925 -296.7325 -0.1238 0.0081 0.7478 -0.6522
3558.0000 -3889.3501 -4113.9467 -297.0814 -0.1235 0.0083 0.7487 -0.6512
3559.0000 -3889.6277 -4116.0996 -297.4391 -0.1223 0.0079 0.7497 -0.6504
3560.0000 -3889.9062 -4118.2375 -297.8087 -0.1218 0.0074 0.7505 -0.6495
3561.0000 -3890.1853 -4120.3611 -298.1659 -0.1222 0.0072 0.7514 -0.6484
3562.0000 -3890.4721 -4122.5006 -298.5127 -0.1226 0.0080 0.7523 -0.6473
3563.0000 -3890.7600 -4124.6346 -298.8539 -0.1232 0.0089 0.7529 -0.6464
3564.0000 -3891.0619 -4126.7577 -299.2007 -0.1241 0.0095 0.7534 -0.6456
3565.0000 -3891.3696 -4128.8685 -299.5607 -0.1248 0.0097 0.7540 -0.6448
3566.0000 -3891.6765 -4130.9690 -299.9190 -0.1248 0.0094 0.7548 -0.6439
3567.0000 -3891.9702 -4133.0504 -300.2748 -0.1246 0.0090 0.7556 -0.6430
3568.0000 -3892.2724 -4135.1466 -300.6274 -0.1246 0.0087 0.7562 -0.6423
3569.0000 -3892.5866 -4137.2242 -300.9755 -0.1248 0.0090 0.7567 -0.6417
3570.0000 -3892.9129 -4139.2868 -301.3186 -0.1251 0.0097 0.7573 -0.6410
3571.0000 -3893.2400 -4141.3599 -301.6690 -0.1254 0.0102 0.7577 -0.6404
3572.0000 -3893.5670 -4143.4268 -302.0186 -0.1253 0.0100 0.7583 -0.6397
3573.0000 -3893.8793 -4145.4776 -302.3817 -0.1250 0.0092 0.7589 -0.6390
3574.0000 -3894.1980 -4147.5221 -302.7370 -0.1248 0.0082 0.7595 -0.6383
3575.0000 -3894.5122 -4149.5644 -303.0900 -0.1249 0.0077 0.7601 -0.6377
3576.0000 -3894.8483 -4151.6175 -303.4381 -0.1249 0.0080 0.7606 -0.6371
3577.0000 -3895.1929 -4153.6476 -303.7756 -0.1243 0.0082 0.7612 -0.6364
3578.0000 -3895.5266 -4155.6718 -304.1247 -0.1239 0.0078 0.7618 -0.6358
3579.0000 -3895.8622 -4157.6888 -304.4806 -0.1236 0.0075 0.7624 -0.6352
3580.0000 -3896.2011 -4159.7138 -304.8248 -0.1228 0.0078 0.7631 -0.6345
3581.0000 -3896.5543 -4161.7228 -305.1700 -0.1224 0.0079 0.7638 -0.6337
3582.0000 -3896.9034 -4163.7470 -305.5270 -0.1229 0.0081 0.7646 -0.6326
3583.0000 -3897.2533 -4165.7738 -305.8758 -0.1233 0.0077 0.7652 -0.6318
3584.0000 -3897.6072 -4167.7888 -306.2279 -0.1229 0.0070 0.7658 -0.6311
3585.0000 -3897.9705 -4169.7994 -306.5767 -0.1222 0.0063 0.7665 -0.6305
3586.0000 -3898.3449 -4171.8097 -306.9359 -0.1221 0.0061 0.7672 -0.6296
3587.0000 -3898.7133 -4173.8336 -307.2967 -0.1227 0.0065 0.7680 -0.6286
3588.0000 -3899.0857 -4175.8408 -307.6367 -0.1230 0.0070 0.7687 -0.6276
3589.0000 -3899.4724 -4177.8505 -307.9809 -0.1229 0.0070 0.7693 -0.6269
3590.0000 -3899.8740 -4179.8657 -308.3359 -0.1225 0.0064 0.7698 -0.6263
3591.0000 -3900.2585 -4181.8738 -308.6985 -0.1221 0.0057 0.7706 -0.6255
3592.0000 -3900.6301 -4183.8760 -309.0668 -0.1220 0.0051 0.7714 -0.6245
3593.0000 -3901.0181 -4185.8792 -309.4146 -0.1218 0.0044 0.7723 -0.6235
3594.0000 -3901.4204 -4187.8835 -309.7715 -0.1212 0.0041 0.7730 -0.6227
3595.0000 -3901.8321 -4189.8922 -310.1308 -0.1204 0.0040 0.7740 -0.6217
3596.0000 -3902.2446 -4191.8874 -310.4952 -0.1202 0.0036 0.7750 -0.6204
3597.0000 -3902.6635 -4193.8749 -310.8559 -0.1203 0.0031 0.7760 -0.6191
3598.0000 -3903.0880 -4195.8593 -311.2073 -0.1205 0.0030 0.7769 -0.6179
3599.0000 -3903.5227 -4197.8510 -311.5587 -0.1210 0.0034 0.7777 -0.6169
3600.0000 -3903.9650 -4199.8409 -311.9173 -0.1217 0.0034 0.7785 -0.6157
3601.0000 -3904.4075 -4201.8265 -312.2772 -0.1219 0.0028 0.7794 -0.6146
3602.0000 -3904.8437 -4203.8166 -312.6489 -0.1212 0.0020 0.7802 -0.6136
3603.0000 -3905.2922 -4205.7992 -313.0264 -0.1201 0.0009 0.7811 -0.6127
3604.0000 -3905.7495 -4207.7791 -313.3946 -0.1192 0.0003 0.7819 -0.6120
3605.0000 -3906.2074 -4209.7587 -313.7477 -0.1190 0.0003 0.7826 -0.6111
3606.0000 -3906.6690 -4211.7427 -314.1072 -0.1196 0.0003 0.7831 -0.6103
3607.0000 -3907.1376 -4213.7161 -314.4696 -0.1201 0.0001 0.7835 -0.6096
3608.0000 -3907.6083 -4215.6852 -314.8327 -0.1200 -0.0002 0.7839 -0.6092
3609.0000 -3908.0809 -4217.6660 -315.2096 -0.1196 -0.0005 0.7841 -0.6090
3610.0000 -3908.5494 -4219.6325 -315.5802 -0.1192 -0.0010 0.7844 -0.6087
3611.0000 -3909.0276 -4221.6015 -315.9488 -0.1188 -0.0013 0.7846 -0.6085
3612.0000 -3909.5011 -4223.5741 -316.3086 -0.1185 -0.0013 0.7850 -0.6081
3613.0000 -3909.9859 -4225.5569 -316.6731 -0.1186 -0.0013 0.7852 -0.6077
3614.0000 -3910.4810 -4227.5282 -317.0472 -0.1193 -0.0015 0.7853 -0.6075
3615.0000 -3910.9627 -4229.4952 -317.4138 -0.1198 -0.0012 0.7856 -0.6071
3616.0000 -3911.4363 -4231.4510 -317.7774 -0.1195 -0.0009 0.7859 -0.6067
3617.0000 -3911.9209 -4233.4093 -318.1455 -0.1190 -0.0016 0.7861 -0.6065
3618.0000 -3912.4106 -4235.3762 -318.5314 -0.1187 -0.0023 0.7865 -0.6061
3619.0000 -3912.9001 -4237.3492 -318.9111 -0.1181 -0.0023 0.7869 -0.6057
3620.0000 -3913.3937 -4239.3165 -319.2725 -0.1181 -0.0018 0.7872 -0.6052
3621.0000 -3913.8896 -4241.2758 -319.6352 -0.1193 -0.0009 0.7876 -0.6046
3622.0000 -3914.3813 -4243.2341 -319.9902 -0.1204 -0.0002 0.7879 -0.6040
3623.0000 -3914.8774 -4245.1806 -320.3544 -0.1202 -0.0004 0.7883 -0.6034
3624.0000 -3915.3725 -4247.1437 -320.7382 -0.1194 -0.0013 0.7887 -0.6031
3625.0000 -3915.8720 -4249.1057 -321.1246 -0.1187 -0.0020 0.7892 -0.6026
3626.0000 -3916.3862 -4251.0553 -321.4948 -0.1186 -0.0025 0.7895 -0.6021
3627.0000 -3916.8918 -4253.0051 -321.8592 -0.1193 -0.0028 0.7899 -0.6015
3628.0000 -3917.4031 -4254.9527 -322.2250 -0.1197 -0.0028 0.7904 -0.6008
3629.0000 -3917.9172 -4256.8986 -322.5820 -0.1191 -0.0028 0.7908 -0.6003
3630.0000 -3918.4346 -4258.8546 -322.9685 -0.1183 -0.0031 0.7912 -0.6001
3631.0000 -3918.9544 -4260.7920 -323.3629 -0.1182 -0.0030 0.7914 -0.5998
3632.0000 -3919.4689 -4262.7375 -323.7342 -0.1187 -0.0023 0.7917 -0.5992
3633.0000 -3919.9882 -4264.6737 -324.0958 -0.1194 -0.0018 0.7922 -0.5985
3634.0000 -3920.5112 -4266.6084 -324.4525 -0.1201 -0.0019 0.7926 -0.5978
3635.0000 -3921.0404 -4268.5613 -324.8318 -0.1202 -0.0026 0.7929 -0.5974
3636.0000 -3921.5641 -4270.5217 -325.2253 -0.1201 -0.0030 0.7932 -0.5970
3637.0000 -3922.0928 -4272.4583 -325.6115 -0.1198 -0.0027 0.7935 -0.5966
3638.0000 -3922.6162 -4274.3798 -325.9704 -0.1192 -0.0024 0.7939 -0.5963
3639.0000 -3923.1586 -4276.3086 -326.3388 -0.1189 -0.0026 0.7941 -0.5961
3640.0000 -3923.7051 -4278.2514 -326.7152 -0.1193 -0.0031 0.7943 -0.5957
3641.0000 -3924.2292 -4280.1954 -327.0973 -0.1198 -0.0032 0.7946 -0.5952
3642.0000 -3924.7618 -4282.1272 -327.4778 -0.1199 -0.0030 0.7949 -0.5948
3643.0000 -3925.3125 -4284.0430 -327.8527 -0.1200 -0.0024 0.7950 -0.5946
3644.0000 -3925.8686 -4285.9734 -328.2279 -0.1205 -0.0020 0.7952 -0.5942
3645.0000 -3926.4059 -4287.9110 -328.6039 -0.1208 -0.0022 0.7955 -0.5937
3646.0000 -3926.9463 -4289.8462 -328.9778 -0.1206 -0.0027 0.7960 -0.5932
3647.0000 -3927.4899 -4291.7723 -329.3518 -0.1199 -0.0032 0.7964 -0.5928
3648.0000 -3928.0350 -4293.7097 -329.7443 -0.1194 -0.0034 0.7966 -0.5926
3649.0000 -3928.5886 -4295.6416 -330.1256 -0.1195 -0.0032 0.7968 -0.5922
3650.0000 -3929.1452 -4297.5640 -330.4975 -0.1199 -0.0028 0.7971 -0.5918
3651.0000 -3929.7055 -4299.4832 -330.8631 -0.1201 -0.0028 0.7974 -0.5914
3652.0000 -3930.2500 -4301.4007 -331.2421 -0.1202 -0.0034 0.7976 -0.5911
3653.0000 -3930.8024 -4303.3292 -331.6372 -0.1199 -0.0045 0.7979 -0.5908
3654.0000 -3931.3584 -4305.2612 -332.0232 -0.1194 -0.0053 0.7981 -0.5905
3655.0000 -3931.9212 -4307.1771 -332.3992 -0.1191 -0.0057 0.7983 -0.5903
3656.0000 -3932.4765 -4309.0893 -332.7692 -0.1190 -0.0058 0.7986 -0.5900
3657.0000 -3933.0397 -4311.0018 -333.1395 -0.1186 -0.0061 0.7988 -0.5897
3658.0000 -3933.5918 -4312.9225 -333.5202 -0.1182 -0.0066 0.7990 -0.5895
3659.0000 -3934.1586 -4314.8412 -333.9065 -0.1181 -0.0071 0.7992 -0.5893
3660.0000 -3934.7209 -4316.7498 -334.2959 -0.1181 -0.0075 0.7994 -0.5890
3661.0000 -3935.2930 -4318.6694 -334.6812 -0.1182 -0.0073 0.7996 -0.5888
3662.0000 -3935.8682 -4320.5779 -335.0554 -0.1186 -0.0066 0.7997 -0.5885
3663.0000 -3936.4273 -4322.4890 -335.4340 -0.1193 -0.0062 0.7998 -0.5882
3664.0000 -3936.9870 -4324.4046 -335.8178 -0.1197 -0.0060 0.8000 -0.5879
3665.0000 -3937.5678 -4326.3202 -336.2033 -0.1191 -0.0061 0.8002 -0.5877
3666.0000 -3938.1486 -4328.2235 -336.5890 -0.1182 -0.0061 0.8005 -0.5875
3667.0000 -3938.7191 -4330.1337 -336.9772 -0.1184 -0.0059 0.8007 -0.5873
3668.0000 -3939.2859 -4332.0420 -337.3454 -0.1194 -0.0058 0.8008 -0.5869
3669.0000 -3939.8493 -4333.9427 -337.7280 -0.1204 -0.0056 0.8009 -0.5866
3670.0000 -3940.4271 -4335.8484 -338.1179 -0.1203 -0.0056 0.8010 -0.5864
3671.0000 -3941.0160 -4337.7529 -338.5001 -0.1196 -0.0056 0.8012 -0.5863
3672.0000 -3941.5912 -4339.6613 -338.8890 -0.1195 -0.0057 0.8013 -0.5861
3673.0000 -3942.1684 -4341.5570 -339.2723 -0.1203 -0.0057 0.8014 -0.5858
3674.0000 -3942.7345 -4343.4481 -339.6507 -0.1208 -0.0056 0.8016 -0.5855
3675.0000 -3943.3115 -4345.3567 -340.0293 -0.1207 -0.0056 0.8018 -0.5853
3676.0000 -3943.8973 -4347.2596 -340.4162 -0.1199 -0.0058 0.8020 -0.5851
3677.0000 -3944.4785 -4349.1580 -340.8153 -0.1194 -0.0060 0.8022 -0.5849
3678.0000 -3945.0608 -4351.0577 -341.2036 -0.1195 -0.0059 0.8024 -0.5847
3679.0000 -3945.6503 -4352.9737 -341.5841 -0.1198 -0.0058 0.8023 -0.5848
3680.0000 -3946.2392 -4354.8708 -341.9610 -0.1203 -0.0059 0.8021 -0.5849
3681.0000 -3946.8120 -4356.7493 -342.3404 -0.1203 -0.0061 0.8022 -0.5848
3682.0000 -3947.3837 -4358.6301 -342.7217 -0.1198 -0.0063 0.8023 -0.5848
3683.0000 -3947.9641 -4360.5341 -343.1041 -0.1192 -0.0066 0.8023 -0.5849
3684.0000 -3948.5514 -4362.4439 -343.4908 -0.1193 -0.0065 0.8022 -0.5850
3685.0000 -3949.1376 -4364.3434 -343.8682 -0.1197 -0.0063 0.8021 -0.5850
3686.0000 -3949.7209 -4366.2268 -344.2531 -0.1199 -0.0062 0.8021 -0.5850
3687.0000 -3950.2974 -4368.1091 -344.6399 -0.1200 -0.0065 0.8021 -0.5850
3688.0000 -3950.8768 -4370.0013 -345.0292 -0.1199 -0.0069 0.8021 -0.5850
3689.0000 -3951.4529 -4371.9073 -345.4181 -0.1197 -0.0067 0.8020 -0.5851
3690.0000 -3952.0388 -4373.8051 -345.7906 -0.1195 -0.0066 0.8020 -0.5852
3691.0000 -3952.6209 -4375.6983 -346.1637 -0.1195 -0.0069 0.8020 -0.5853
3692.0000 -3953.2012 -4377.5773 -346.5511 -0.1190 -0.0076 0.8019 -0.5854
3693.0000 -3953.7751 -4379.4732 -346.9398 -0.1181 -0.0085 0.8019 -0.5857
3694.0000 -3954.3399 -4381.3625 -347.3295 -0.1174 -0.0093 0.8019 -0.5858
3695.0000 -3954.9117 -4383.2611 -347.7131 -0.1171 -0.0101 0.8019 -0.5859
3696.0000 -3955.4863 -4385.1534 -348.0938 -0.1167 -0.0109 0.8018 -0.5859
3697.0000 -3956.0671 -4387.0478 -348.4755 -0.1155 -0.0116 0.8018 -0.5862
3698.0000 -3956.6324 -4388.9352 -348.8520 -0.1140 -0.0125 0.8019 -0.5863
3699.0000 -3957.1993 -4390.8204 -349.2276 -0.1129 -0.0133 0.8019 -0.5865
3700.0000 -3957.7740 -4392.6978 -349.6002 -0.1127 -0.0144 0.8019 -0.5866
3701.0000 -3958.3546 -4394.5899 -349.9884 -0.1134 -0.0153 0.8018 -0.5865
3702.0000 -3958.9320 -4396.4822 -350.3680 -0.1140 -0.0158 0.8019 -0.5863
3703.0000 -3959.4998 -4398.3730 -350.7416 -0.1135 -0.0162 0.8020 -0.5862
3704.0000 -3960.0652 -4400.2440 -351.1147 -0.1121 -0.0168 0.8021 -0.5863
3705.0000 -3960.6437 -4402.1270 -351.5027 -0.1107 -0.0179 0.8022 -0.5864
3706.0000 -3961.2161 -4404.0126 -351.8991 -0.1103 -0.0195 0.8024 -0.5862
3707.0000 -3961.7814 -4405.8981 -352.2856 -0.1105 -0.0205 0.8024 -0.5861
3708.0000 -3962.3549 -4407.7833 -352.6590 -0.1099 -0.0206 0.8025 -0.5860
3709.0000 -3962.9239 -4409.6616 -353.0309 -0.1092 -0.0206 0.8028 -0.5858
3710.0000 -3963.4984 -4411.5393 -353.4032 -0.1086 -0.0210 0.8029 -0.5858
3711.0000 -3964.0714 -4413.4152 -353.7914 -0.1083 -0.0219 0.8029 -0.5858
3712.0000 -3964.6481 -4415.2901 -354.1842 -0.1080 -0.0227 0.8030 -0.5857
3713.0000 -3965.2306 -4417.1664 -354.5575 -0.1074 -0.0235 0.8031 -0.5856
3714.0000 -3965.8075 -4419.0542 -354.9327 -0.1070 -0.0243 0.8033 -0.5854
3715.0000 -3966.3731 -4420.9189 -355.3078 -0.1064 -0.0251 0.8034 -0.5853
3716.0000 -3966.9414 -4422.7982 -355.6946 -0.1060 -0.0258 0.8035 -0.5853
3717.0000 -3967.5267 -4424.6771 -356.0860 -0.1057 -0.0267 0.8035 -0.5853
3718.0000 -3968.1229 -4426.5517 -356.4702 -0.1054 -0.0276 0.8035 -0.5852
3719.0000 -3968.7029 -4428.4229 -356.8437 -0.1052 -0.0281 0.8037 -0.5849
3720.0000 -3969.2797 -4430.2952 -357.2215 -0.1053 -0.0284 0.8038 -0.5848
3721.0000 -3969.8658 -4432.1640 -357.6186 -0.1059 -0.0285 0.8038 -0.5848
3722.0000 -3970.4459 -4434.0354 -358.0054 -0.1061 -0.0285 0.8036 -0.5849
3723.0000 -3971.0227 -4435.9149 -358.3890 -0.1057 -0.0281 0.8036 -0.5850
3724.0000 -3971.6017 -4437.7810 -358.7678 -0.1052 -0.0278 0.8036 -0.5852
3725.0000 -3972.1841 -4439.6441 -359.1513 -0.1050 -0.0280 0.8034 -0.5855
3726.0000 -3972.7597 -4441.5085 -359.5426 -0.1055 -0.0286 0.8031 -0.5857
3727.0000 -3973.3392 -4443.3843 -359.9296 -0.1060 -0.0286 0.8029 -0.5859
3728.0000 -3973.9205 -4445.2441 -360.3098 -0.1059 -0.0281 0.8029 -0.5859
3729.0000 -3974.5011 -4447.1096 -360.6813 -0.1053 -0.0277 0.8029 -0.5861
3730.0000 -3975.0680 -4448.9722 -361.0576 -0.1051 -0.0278 0.8027 -0.5864
3731.0000 -3975.6349 -4450.8339 -361.4525 -0.1056 -0.0282 0.8025 -0.5866
3732.0000 -3976.2007 -4452.7076 -361.8433 -0.1063 -0.0286 0.8023 -0.5867
3733.0000 -3976.7757 -4454.5826 -362.2353 -0.1063 -0.0287 0.8021 -0.5869
3734.0000 -3977.3512 -4456.4369 -362.6127 -0.1055 -0.0288 0.8019 -0.5873
3735.0000 -3977.9172 -4458.2967 -362.9884 -0.1049 -0.0288 0.8017 -0.5878
3736.0000 -3978.4745 -4460.1482 -363.3734 -0.1047 -0.0293 0.8016 -0.5879
3737.0000 -3979.0384 -4462.0189 -363.7551 -0.1050 -0.0295 0.8015 -0.5879
3738.0000 -3979.6054 -4463.8826 -364.1427 -0.1053 -0.0292 0.8015 -0.5879
3739.0000 -3980.1725 -4465.7346 -364.5201 -0.1057 -0.0289 0.8013 -0.5881
3740.0000 -3980.7386 -4467.6057 -364.9026 -0.1058 -0.0288 0.8011 -0.5884
3741.0000 -3981.3047 -4469.4695 -365.2841 -0.1056 -0.0289 0.8010 -0.5886
3742.0000 -3981.8633 -4471.3393 -365.6670 -0.1058 -0.0288 0.8009 -0.5887
3743.0000 -3982.4161 -4473.1931 -366.0555 -0.1060 -0.0288 0.8007 -0.5889
3744.0000 -3982.9685 -4475.0397 -366.4344 -0.1057 -0.0287 0.8005 -0.5892
3745.0000 -3983.5270 -4476.9071 -366.8253 -0.1053 -0.0288 0.8002 -0.5897
3746.0000 -3984.0733 -4478.7652 -367.2059 -0.1052 -0.0293 0.8000 -0.5900
3747.0000 -3984.6247 -4480.6210 -367.5840 -0.1054 -0.0298 0.7998 -0.5902
3748.0000 -3985.1843 -4482.4845 -367.9766 -0.1051 -0.0301 0.7995 -0.5906
3749.0000 -3985.7327 -4484.3671 -368.3624 -0.1045 -0.0301 0.7992 -0.5911
3750.0000 -3986.2763 -4486.2282 -368.7401 -0.1042 -0.0301 0.7989 -0.5916
3751.0000 -3986.8210 -4488.0760 -369.1137 -0.1044 -0.0300 0.7986 -0.5920
3752.0000 -3987.3730 -4489.9341 -369.4961 -0.1047 -0.0296 0.7983 -0.5924
3753.0000 -3987.9178 -4491.7883 -369.8807 -0.1052 -0.0293 0.7980 -0.5927
3754.0000 -3988.4427 -4493.6481 -370.2584 -0.1057 -0.0291 0.7975 -0.5932
3755.0000 -3988.9755 -4495.4952 -370.6286 -0.1058 -0.0293 0.7972 -0.5937
3756.0000 -3989.5054 -4497.3595 -371.0130 -0.1058 -0.0296 0.7968 -0.5942
3757.0000 -3990.0452 -4499.2170 -371.4003 -0.1055 -0.0299 0.7965 -0.5946
3758.0000 -3990.5734 -4501.0655 -371.7765 -0.1052 -0.0302 0.7961 -0.5952
3759.0000 -3991.0883 -4502.9114 -372.1471 -0.1052 -0.0307 0.7957 -0.5957
3760.0000 -3991.6064 -4504.7473 -372.5247 -0.1051 -0.0314 0.7952 -0.5963
3761.0000 -3992.1198 -4506.5790 -372.9021 -0.1049 -0.0317 0.7948 -0.5969
3762.0000 -3992.6284 -4508.4116 -373.2730 -0.1047 -0.0318 0.7944 -0.5974
3763.0000 -3993.1269 -4510.2464 -373.6506 -0.1045 -0.0319 0.7941 -0.5978
3764.0000 -3993.6259 -4512.0678 -374.0124 -0.1040 -0.0324 0.7938 -0.5984
3765.0000 -3994.1212 -4513.8729 -374.3702 -0.1032 -0.0331 0.7934 -0.5989
3766.0000 -3994.6173 -4515.6835 -374.7450 -0.1025 -0.0337 0.7931 -0.5995
3767.0000 -3995.0974 -4517.4788 -375.1142 -0.1024 -0.0338 0.7929 -0.5998
3768.0000 -3995.5931 -4519.2752 -375.4595 -0.1028 -0.0338 0.7926 -0.6001
3769.0000 -3996.0680 -4521.0520 -375.8103 -0.1032 -0.0338 0.7923 -0.6003
3770.0000 -3996.5381 -4522.8140 -376.1736 -0.1033 -0.0337 0.7921 -0.6007
3771.0000 -3997.0178 -4524.5841 -376.5370 -0.1037 -0.0332 0.7918 -0.6010
3772.0000 -3997.4975 -4526.3477 -376.8872 -0.1043 -0.0328 0.7916 -0.6012
3773.0000 -3997.9600 -4528.1015 -377.2298 -0.1046 -0.0325 0.7914 -0.6014
3774.0000 -3998.4284 -4529.8479 -377.5825 -0.1042 -0.0325 0.7913 -0.6016
3775.0000 -3998.8903 -4531.5877 -377.9447 -0.1037 -0.0330 0.7911 -0.6019
3776.0000 -3999.3447 -4533.3185 -378.2984 -0.1035 -0.0333 0.7909 -0.6022
3777.0000 -3999.7996 -4535.0430 -378.6410 -0.1036 -0.0331 0.7907 -0.6024
3778.0000 -4000.2529 -4536.7542 -378.9742 -0.1038 -0.0329 0.7906 -0.6026
3779.0000 -4000.7039 -4538.4644 -379.3164 -0.1040 -0.0329 0.7904 -0.6028
3780.0000 -4001.1537 -4540.1752 -379.6638 -0.1041 -0.0332 0.7901 -0.6031
3781.0000 -4001.5955 -4541.8694 -380.0161 -0.1044 -0.0332 0.7898 -0.6035
3782.0000 -4002.0328 -4543.5594 -380.3498 -0.1051 -0.0331 0.7893 -0.6040
3783.0000 -4002.4653 -4545.2269 -380.6852 -0.1055 -0.0328 0.7890 -0.6044
3784.0000 -4002.8976 -4546.8867 -381.0189 -0.1056 -0.0323 0.7886 -0.6049
3785.0000 -4003.3181 -4548.5324 -381.3508 -0.1057 -0.0321 0.7882 -0.6054
3786.0000 -4003.7346 -4550.1794 -381.6783 -0.1058 -0.0323 0.7879 -0.6058
3787.0000 -4004.1485 -4551.8297 -382.0132 -0.1057 -0.0325 0.7876 -0.6062
3788.0000 -4004.5646 -4553.4604 -382.3459 -0.1054 -0.0326 0.7873 -0.6067
3789.0000 -4004.9775 -4555.0720 -382.6641 -0.1047 -0.0328 0.7869 -0.6072
3790.0000 -4005.3656 -4556.6728 -382.9836 -0.1042 -0.0330 0.7866 -0.6077
3791.0000 -4005.7554 -4558.2761 -383.2972 -0.1040 -0.0334 0.7862 -0.6082
3792.0000 -4006.1516 -4559.8688 -383.6213 -0.1036 -0.0338 0.7860 -0.6086
3793.0000 -4006.5385 -4561.4482 -383.9348 -0.1032 -0.0346 0.7857 -0.6090
3794.0000 -4006.9280 -4563.0232 -384.2509 -0.1028 -0.0355 0.7854 -0.6094
3795.0000 -4007.3137 -4564.5993 -384.5742 -0.1028 -0.0361 0.7851 -0.6097
3796.0000 -4007.6856 -4566.1302 -384.8777 -0.1027 -0.0361 0.7849 -0.6100
3797.0000 -4008.0560 -4567.6630 -385.1715 -0.1027 -0.0355 0.7846 -0.6104
3798.0000 -4008.4288 -4569.2022 -385.4766 -0.1026 -0.0351 0.7844 -0.6107
3799.0000 -4008.7985 -4570.7331 -385.7898 -0.1026 -0.0350 0.7843 -0.6109
3800.0000 -4009.1666 -4572.2626 -386.1043 -0.1021 -0.0350 0.7841 -0.6112
3801.0000 -4009.5301 -4573.7894 -386.4058 -0.1015 -0.0349 0.7839 -0.6115
3802.0000 -4009.8904 -4575.2991 -386.6989 -0.1012 -0.0348 0.7837 -0.6119
3803.0000 -4010.2481 -4576.8208 -387.0006 -0.1009 -0.0347 0.7835 -0.6121
3804.0000 -4010.6143 -4578.3415 -387.3031 -0.1006 -0.0347 0.7834 -0.6123
3805.0000 -4010.9835 -4579.8627 -387.6068 -0.1003 -0.0351 0.7833 -0.6125
3806.0000 -4011.3412 -4581.3836 -387.9132 -0.1001 -0.0349 0.7832 -0.6126
3807.0000 -4011.6902 -4582.8993 -388.2088 -0.1001 -0.0345 0.7831 -0.6129
3808.0000 -4012.0590 -4584.4187 -388.5047 -0.1006 -0.0340 0.7828 -0.6132
3809.0000 -4012.4101 -4585.9412 -388.8094 -0.1017 -0.0338 0.7825 -0.6134
3810.0000 -4012.7603 -4587.4674 -389.1189 -0.1024 -0.0335 0.7822 -0.6136
3811.0000 -4013.1160 -4588.9911 -389.4262 -0.1020 -0.0329 0.7819 -0.6141
3812.0000 -4013.4739 -4590.5095 -389.7231 -0.1012 -0.0323 0.7815 -0.6148
3813.0000 -4013.8199 -4592.0313 -390.0148 -0.1012 -0.0321 0.7810 -0.6154
3814.0000 -4014.1623 -4593.5503 -390.3140 -0.1021 -0.0326 0.7805 -0.6159
3815.0000 -4014.5049 -4595.0732 -390.6278 -0.1026 -0.0326 0.7801 -0.6163
3816.0000 -4014.8635 -4596.6036 -390.9380 -0.1020 -0.0322 0.7797 -0.6169
3817.0000 -4015.2015 -4598.1388 -391.2234 -0.1011 -0.0319 0.7793 -0.6176
3818.0000 -4015.5261 -4599.6645 -391.5149 -0.1009 -0.0320 0.7786 -0.6185
3819.0000 -4015.8632 -4601.1854 -391.8190 -0.1011 -0.0326 0.7779 -0.6193
3820.0000 -4016.1957 -4602.7053 -392.1260 -0.1014 -0.0332 0.7772 -0.6201
3821.0000 -4016.5227 -4604.2336 -392.4282 -0.1011 -0.0330 0.7766 -0.6210
3822.0000 -4016.8398 -4605.7660 -392.7177 -0.1006 -0.0325 0.7760 -0.6218
3823.0000 -4017.1655 -4607.2965 -393.0145 -0.1006 -0.0323 0.7755 -0.6224
3824.0000 -4017.4876 -4608.8208 -393.3199 -0.1015 -0.0324 0.7748 -0.6231
3825.0000 -4017.8035 -4610.3513 -393.6152 -0.1020 -0.0324 0.7742 -0.6239
3826.0000 -4018.1191 -4611.8797 -393.9209 -0.1020 -0.0320 0.7736 -0.6245
3827.0000 -4018.4322 -4613.4201 -394.2117 -0.1015 -0.0320 0.7732 -0.6252
3828.0000 -4018.7397 -4614.9608 -394.5143 -0.1012 -0.0325 0.7728 -0.6257
3829.0000 -4019.0404 -4616.4891 -394.8217 -0.1015 -0.0330 0.7725 -0.6260
3830.0000 -4019.3411 -4618.0202 -395.1206 -0.1015 -0.0333 0.7722 -0.6263
3831.0000 -4019.6427 -4619.5515 -395.4158 -0.1014 -0.0331 0.7719 -0.6267
3832.0000 -4019.9460 -4621.0821 -395.7116 -0.1014 -0.0327 0.7717 -0.6270
3833.0000 -4020.2489 -4622.6235 -396.0110 -0.1014 -0.0322 0.7714 -0.6274
3834.0000 -4020.5556 -4624.1610 -396.3108 -0.1011 -0.0320 0.7711 -0.6278
3835.0000 -4020.8585 -4625.6879 -396.6068 -0.1008 -0.0317 0.7709 -0.6282
3836.0000 -4021.1554 -4627.2194 -396.9025 -0.1009 -0.0313 0.7706 -0.6285
3837.0000 -4021.4451 -4628.7600 -397.1981 -0.1015 -0.0308 0.7702 -0.6289
3838.0000 -4021.7431 -4630.2964 -397.4844 -0.1022 -0.0309 0.7698 -0.6292
3839.0000 -4022.0422 -4631.8344 -397.7842 -0.1022 -0.0310 0.7694 -0.6297
3840.0000 -4022.3210 -4633.3665 -398.0773 -0.1014 -0.0313 0.7690 -0.6304
3841.0000 -4022.6018 -4634.9109 -398.3831 -0.1008 -0.0315 0.7686 -0.6310
3842.0000 -4022.8953 -4636.4392 -398.6752 -0.1006 -0.0316 0.7682 -0.6314
3843.0000 -4023.1844 -4637.9745 -398.9697 -0.1007 -0.0314 0.7678 -0.6319
3844.0000 -4023.4664 -4639.5183 -399.2601 -0.1010 -0.0312 0.7674 -0.6324
3845.0000 -4023.7424 -4641.0520 -399.5530 -0.1010 -0.0309 0.7668 -0.6331
3846.0000 -4024.0214 -4642.5942 -399.8487 -0.1008 -0.0309 0.7662 -0.6339
3847.0000 -4024.2953 -4644.1443 -400.1529 -0.1010 -0.0310 0.7655 -0.6347
3848.0000 -4024.5646 -4645.6869 -400.4546 -0.1018 -0.0306 0.7648 -0.6355
3849.0000 -4024.8222 -4647.2184 -400.7355 -0.1022 -0.0300 0.7637 -0.6367
3850.0000 -4025.0833 -4648.7535 -401.0178 -0.1024 -0.0291 0.7623 -0.6384
3851.0000 -4025.3338 -4650.3032 -401.3135 -0.1024 -0.0285 0.7608 -0.6402
3852.0000 -4025.5763 -4651.8503 -401.6065 -0.1026 -0.0280 0.7593 -0.6420
3853.0000 -4025.8107 -4653.3956 -401.9001 -0.1028 -0.0273 0.7576 -0.6440
3854.0000 -4026.0467 -4654.9448 -402.1890 -0.1031 -0.0266 0.7557 -0.6462
3855.0000 -4026.2632 -4656.4857 -402.4670 -0.1034 -0.0265 0.7538 -0.6483
3856.0000 -4026.4802 -4658.0372 -402.7595 -0.1035 -0.0265 0.7521 -0.6503
3857.0000 -4026.6877 -4659.5957 -403.0600 -0.1035 -0.0259 0.7505 -0.6522
3858.0000 -4026.8806 -4661.1549 -403.3358 -0.1030 -0.0254 0.7487 -0.6544
3859.0000 -4027.0626 -4662.7138 -403.6144 -0.1028 -0.0254 0.7468 -0.6566
3860.0000 -4027.2372 -4664.2687 -403.8946 -0.1026 -0.0258 0.7449 -0.6587
3861.0000 -4027.3948 -4665.8140 -404.1803 -0.1023 -0.0262 0.7432 -0.6607
3862.0000 -4027.5524 -4667.3617 -404.4559 -0.1015 -0.0262 0.7416 -0.6626
3863.0000 -4027.7029 -4668.9245 -404.7284 -0.1007 -0.0264 0.7400 -0.6645
3864.0000 -4027.8524 -4670.5051 -405.0114 -0.1004 -0.0272 0.7385 -0.6662
3865.0000 -4027.9874 -4672.0645 -405.2999 -0.1000 -0.0281 0.7371 -0.6678
3866.0000 -4028.1184 -4673.5963 -405.5830 -0.0997 -0.0280 0.7357 -0.6694
3867.0000 -4028.2394 -4675.1661 -405.8549 -0.0994 -0.0274 0.7343 -0.6710
3868.0000 -4028.3627 -4676.7468 -406.1130 -0.0997 -0.0264 0.7329 -0.6725
3869.0000 -4028.4787 -4678.3106 -406.3828 -0.1006 -0.0258 0.7314 -0.6740
3870.0000 -4028.5844 -4679.8629 -406.6637 -0.1015 -0.0256 0.7299 -0.6755
3871.0000 -4028.6786 -4681.4338 -406.9470 -0.1017 -0.0256 0.7284 -0.6771
3872.0000 -4028.7706 -4683.0084 -407.2247 -0.1013 -0.0255 0.7270 -0.6786
3873.0000 -4028.8546 -4684.5691 -407.4909 -0.1006 -0.0255 0.7258 -0.6801
3874.0000 -4028.9236 -4686.1297 -407.7606 -0.0999 -0.0252 0.7247 -0.6814
3875.0000 -4028.9957 -4687.6821 -408.0264 -0.0997 -0.0254 0.7235 -0.6826
3876.0000 -4029.0741 -4689.2486 -408.3004 -0.1001 -0.0258 0.7223 -0.6839
3877.0000 -4029.1305 -4690.8287 -408.5834 -0.1004 -0.0258 0.7211 -0.6850
3878.0000 -4029.1811 -4692.3938 -408.8500 -0.1001 -0.0254 0.7200 -0.6862
3879.0000 -4029.2349 -4693.9575 -409.1082 -0.0993 -0.0250 0.7189 -0.6875
3880.0000 -4029.2857 -4695.5291 -409.3801 -0.0988 -0.0252 0.7177 -0.6888
3881.0000 -4029.3289 -4697.0951 -409.6635 -0.0991 -0.0256 0.7167 -0.6898
3882.0000 -4029.3583 -4698.6623 -409.9302 -0.0997 -0.0255 0.7158 -0.6907
3883.0000 -4029.3976 -4700.2309 -410.1843 -0.1002 -0.0248 0.7148 -0.6917
3884.0000 -4029.4353 -4701.8047 -410.4440 -0.1006 -0.0240 0.7136 -0.6929
3885.0000 -4029.4611 -4703.3832 -410.7137 -0.1008 -0.0236 0.7125 -0.6940
3886.0000 -4029.4788 -4704.9522 -410.9919 -0.1012 -0.0228 0.7115 -0.6949
3887.0000 -4029.4971 -4706.5158 -411.2463 -0.1014 -0.0220 0.7106 -0.6959
3888.0000 -4029.5121 -4708.0817 -411.4974 -0.1014 -0.0218 0.7097 -0.6968
3889.0000 -4029.5117 -4709.6522 -411.7633 -0.1013 -0.0219 0.7088 -0.6978
3890.0000 -4029.5106 -4711.2131 -412.0402 -0.1016 -0.0220 0.7078 -0.6988
3891.0000 -4029.5111 -4712.7857 -412.3035 -0.1018 -0.0217 0.7068 -0.6997
3892.0000 -4029.5034 -4714.3540 -412.5523 -0.1021 -0.0210 0.7059 -0.7006
3893.0000 -4029.4995 -4715.9341 -412.8046 -0.1020 -0.0206 0.7050 -0.7015
3894.0000 -4029.4807 -4717.5005 -413.0673 -0.1022 -0.0207 0.7041 -0.7025
3895.0000 -4029.4573 -4719.0638 -413.3202 0.1021 0.0214 -0.7029 0.7036
3896.0000 -4029.4243 -4720.6237 -413.6060 0.1015 0.0216 -0.7020 0.7046
3897.0000 -4029.4053 -4722.1901 -413.8903 0.1008 0.0199 -0.7014 0.7053
3898.0000 -4029.3945 -4723.7826 -414.1433 0.1020 0.0158 -0.7008 0.7058
3899.0000 -4029.3877 -4725.3689 -414.3452 0.1061 0.0119 -0.6997 0.7064
3900.0000 -4029.3639 -4726.9285 -414.5661 0.1105 0.0091 -0.6984 0.7070
3901.0000 -4029.3186 -4728.4763 -414.8278 0.1129 0.0067 -0.6975 0.7076
3902.0000 -4029.2827 -4730.0513 -415.1191 0.1145 0.0038 -0.6967 0.7081
3903.0000 -4029.2601 -4731.6367 -415.3822 0.1176 0.0004 -0.6959 0.7085
3904.0000 -4029.2325 -4733.2111 -415.5942 0.1208 -0.0030 -0.6949 0.7088
3905.0000 -4029.1798 -4734.7722 -415.7943 0.1221 -0.0055 -0.6940 0.7095
3906.0000 -4029.1122 -4736.3335 -416.0421 0.1221 -0.0064 -0.6930 0.7105
3907.0000 -4029.0437 -4737.8980 -416.3295 0.1213 -0.0060 -0.6923 0.7114
3908.0000 -4028.9857 -4739.4638 -416.5927 0.1204 -0.0061 -0.6916 0.7121
3909.0000 -4028.9264 -4741.0332 -416.8053 0.1198 -0.0069 -0.6909 0.7129
3910.0000 -4028.8462 -4742.6005 -417.0164 0.1204 -0.0073 -0.6900 0.7136
3911.0000 -4028.7738 -4744.1628 -417.2503 0.1219 -0.0071 -0.6893 0.7141
3912.0000 -4028.6951 -4745.7299 -417.4837 0.1235 -0.0066 -0.6887 0.7144
3913.0000 -4028.6150 -4747.2979 -417.7169 0.1237 -0.0059 -0.6879 0.7151
3914.0000 -4028.5254 -4748.8566 -417.9410 0.1222 -0.0042 -0.6871 0.7162
3915.0000 -4028.4240 -4750.4200 -418.2039 0.1192 -0.0019 -0.6863 0.7175
3916.0000 -4028.3147 -4751.9829 -418.4850 0.1158 -0.0006 -0.6856 0.7187
3917.0000 -4028.2092 -4753.5454 -418.7039 0.1136 0.0005 -0.6847 0.7199
3918.0000 -4028.0967 -4755.0973 -418.8951 0.1126 0.0028 -0.6836 0.7211
3919.0000 -4027.9770 -4756.6416 -419.0957 0.1107 0.0060 -0.6824 0.7226
3920.0000 -4027.8460 -4758.2039 -419.3548 0.1071 0.0096 -0.6814 0.7240
3921.0000 -4027.7007 -4759.7683 -419.6410 0.1033 0.0130 -0.6805 0.7253
3922.0000 -4027.5673 -4761.3281 -419.8873 0.1006 0.0155 -0.6794 0.7266
3923.0000 -4027.4359 -4762.8762 -420.0937 0.0985 0.0171 -0.6782 0.7280
3924.0000 -4027.2913 -4764.4220 -420.3164 0.0976 0.0183 -0.6769 0.7293
3925.0000 -4027.1506 -4765.9757 -420.5573 0.0983 0.0199 -0.6757 0.7304
3926.0000 -4027.0092 -4767.5437 -420.8079 0.0995 0.0203 -0.6746 0.7311
3927.0000 -4026.8670 -4769.1112 -421.0408 0.0999 0.0195 -0.6736 0.7320
3928.0000 -4026.7174 -4770.6683 -421.2658 0.0996 0.0186 -0.6723 0.7333
3929.0000 -4026.5525 -4772.2082 -421.5063 0.0992 0.0181 -0.6709 0.7346
3930.0000 -4026.3826 -4773.7503 -421.7523 0.0989 0.0181 -0.6695 0.7359
3931.0000 -4026.2196 -4775.3195 -421.9917 0.0989 0.0185 -0.6683 0.7371
3932.0000 -4026.0518 -4776.8826 -422.2317 0.0988 0.0185 -0.6670 0.7382
3933.0000 -4025.8607 -4778.4385 -422.4533 0.0985 0.0185 -0.6656 0.7396
3934.0000 -4025.6596 -4779.9840 -422.6911 0.0982 0.0184 -0.6641 0.7409
3935.0000 -4025.4686 -4781.5379 -422.9403 0.0979 0.0181 -0.6628 0.7422
3936.0000 -4025.2799 -4783.1069 -423.1743 0.0977 0.0177 -0.6615 0.7434
3937.0000 -4025.0813 -4784.6786 -423.4010 0.0983 0.0174 -0.6601 0.7446
3938.0000 -4024.8648 -4786.2286 -423.6236 0.0984 0.0168 -0.6586 0.7458
3939.0000 -4024.6459 -4787.7768 -423.8488 0.0982 0.0166 -0.6572 0.7471
3940.0000 -4024.4177 -4789.3310 -424.0749 0.0980 0.0170 -0.6558 0.7484
3941.0000 -4024.1837 -4790.8986 -424.3275 0.0980 0.0177 -0.6545 0.7495
3942.0000 -4023.9501 -4792.4699 -424.5689 0.0983 0.0180 -0.6533 0.7505
3943.0000 -4023.7123 -4794.0440 -424.7986 0.0985 0.0175 -0.6521 0.7515
3944.0000 -4023.4749 -4795.5995 -425.0249 0.0985 0.0162 -0.6510 0.7525
3945.0000 -4023.2269 -4797.1610 -425.2404 0.0987 0.0148 -0.6498 0.7535
3946.0000 -4022.9767 -4798.7145 -425.4559 0.0988 0.0142 -0.6487 0.7545
3947.0000 -4022.7101 -4800.2657 -425.6817 0.0987 0.0143 -0.6476 0.7554
3948.0000 -4022.4343 -4801.8193 -425.9151 0.0984 0.0149 -0.6467 0.7562
3949.0000 -4022.1638 -4803.4062 -426.1488 0.0981 0.0155 -0.6461 0.7568
3950.0000 -4021.9053 -4804.9849 -426.3830 0.0979 0.0159 -0.6457 0.7571
3951.0000 -4021.6362 -4806.5477 -426.5967 0.0978 0.0158 -0.6454 0.7574
3952.0000 -4021.3523 -4808.0995 -426.8032 0.0972 0.0157 -0.6450 0.7578
3953.0000 -4021.0811 -4809.6360 -427.0236 0.0963 0.0163 -0.6445 0.7583
3954.0000 -4020.8061 -4811.1937 -427.2912 0.0962 0.0166 -0.6444 0.7585
3955.0000 -4020.5211 -4812.7678 -427.5184 0.0971 0.0162 -0.6444 0.7583
3956.0000 -4020.2544 -4814.3267 -427.7261 0.0989 0.0145 -0.6447 0.7578
3957.0000 -4019.9893 -4815.8927 -427.9248 0.1011 0.0121 -0.6452 0.7572
3958.0000 -4019.7189 -4817.4608 -428.1266 0.1040 0.0100 -0.6460 0.7562
3959.0000 -4019.4692 -4819.0366 -428.3493 0.1061 0.0083 -0.6470 0.7550
3960.0000 -4019.2148 -4820.6238 -428.5588 0.1059 0.0065 -0.6483 0.7540
3961.0000 -4018.9670 -4822.2126 -428.7876 0.1041 0.0056 -0.6494 0.7533
3962.0000 -4018.7103 -4823.7635 -429.0452 0.1035 0.0072 -0.6502 0.7527
3963.0000 -4018.4544 -4825.3052 -429.3068 0.1049 0.0096 -0.6508 0.7519
3964.0000 -4018.2059 -4826.8520 -429.5178 0.1063 0.0099 -0.6516 0.7510
3965.0000 -4017.9792 -4828.4540 -429.6881 0.1060 0.0087 -0.6528 0.7500
3966.0000 -4017.7326 -4830.0489 -429.9059 0.1046 0.0077 -0.6540 0.7492
3967.0000 -4017.4929 -4831.6102 -430.1708 0.1035 0.0077 -0.6551 0.7484
3968.0000 -4017.2733 -4833.1528 -430.4114 0.1026 0.0078 -0.6561 0.7476
3969.0000 -4017.0439 -4834.7112 -430.6067 0.1018 0.0074 -0.6571 0.7469
3970.0000 -4016.8072 -4836.2907 -430.7891 0.1011 0.0072 -0.6580 0.7462
3971.0000 -4016.5872 -4837.8730 -431.0102 0.1007 0.0077 -0.6590 0.7453
3972.0000 -4016.3941 -4839.4425 -431.2550 0.1006 0.0080 -0.6602 0.7443
3973.0000 -4016.1892 -4841.0167 -431.4710 0.1004 0.0078 -0.6612 0.7434
3974.0000 -4015.9779 -4842.5933 -431.6734 0.1002 0.0072 -0.6623 0.7425
3975.0000 -4015.7805 -4844.1523 -431.8747 0.1003 0.0071 -0.6631 0.7417
3976.0000 -4015.5866 -4845.7073 -432.0943 0.1003 0.0073 -0.6640 0.7410
3977.0000 -4015.3894 -4847.2827 -432.3247 0.1001 0.0074 -0.6650 0.7401
3978.0000 -4015.2103 -4848.8579 -432.5515 0.0998 0.0074 -0.6661 0.7391
3979.0000 -4015.0302 -4850.4082 -432.7566 0.0993 0.0067 -0.6674 0.7380
3980.0000 -4014.8542 -4851.9741 -432.9417 0.0983 0.0051 -0.6688 0.7369
3981.0000 -4014.6897 -4853.5264 -433.1360 0.0969 0.0038 -0.6702 0.7358
3982.0000 -4014.5090 -4855.1095 -433.3591 0.0960 0.0036 -0.6716 0.7346
3983.0000 -4014.3428 -4856.7023 -433.5888 0.0965 0.0046 -0.6729 0.7334
3984.0000 -4014.2058 -4858.2437 -433.7824 0.0978 0.0057 -0.6740 0.7322
3985.0000 -4014.0651 -4859.8049 -433.9686 0.0985 0.0060 -0.6752 0.7310
3986.0000 -4013.9159 -4861.3934 -434.1596 0.0984 0.0056 -0.6766 0.7297
3987.0000 -4013.7731 -4862.9798 -434.3776 0.0973 0.0051 -0.6781 0.7285
3988.0000 -4013.6420 -4864.5387 -434.6056 0.0961 0.0055 -0.6796 0.7273
3989.0000 -4013.5135 -4866.1068 -434.8146 0.0952 0.0064 -0.6809 0.7262
3990.0000 -4013.3930 -4867.6558 -435.0078 0.0946 0.0072 -0.6820 0.7252
3991.0000 -4013.2829 -4869.2174 -435.2100 0.0946 0.0082 -0.6830 0.7242
3992.0000 -4013.1744 -4870.8075 -435.4267 0.0947 0.0090 -0.6843 0.7230
3993.0000 -4013.0647 -4872.3903 -435.6354 0.0948 0.0095 -0.6856 0.7217
3994.0000 -4012.9582 -4873.9600 -435.8456 0.0944 0.0098 -0.6868 0.7206
3995.0000 -4012.8590 -4875.5119 -436.0624 0.0936 0.0100 -0.6880 0.7196
3996.0000 -4012.7709 -4877.0665 -436.2847 0.0932 0.0104 -0.6891 0.7185
3997.0000 -4012.7013 -4878.6510 -436.5021 0.0933 0.0108 -0.6902 0.7175
3998.0000 -4012.6188 -4880.2303 -436.7143 0.0936 0.0113 -0.6914 0.7163
3999.0000 -4012.5469 -4881.8062 -436.9305 0.0935 0.0116 -0.6923 0.7154
4000.0000 -4012.4799 -4883.3972 -437.1453 0.0932 0.0119 -0.6929 0.7149
4001.0000 -4012.3996 -4884.9939 -437.3729 0.0929 0.0120 -0.6934 0.7144
4002.0000 -4012.3321 -4886.5631 -437.5873 0.0926 0.0126 -0.6937 0.7142
4003.0000 -4012.2611 -4888.1107 -437.8074 0.0927 0.0133 -0.6936 0.7143
4004.0000 -4012.2013 -4889.7015 -438.0373 0.0926 0.0142 -0.6934 0.7145
4005.0000 -4012.1422 -4891.3052 -438.2596 0.0920 0.0151 -0.6936 0.7143
4006.0000 -4012.0651 -4892.9396 -438.4940 0.0914 0.0151 -0.6938 0.7142
4007.0000 -4012.0014 -4894.5087 -438.7188 0.0908 0.0151 -0.6939 0.7142
4008.0000 -4011.9357 -4896.0797 -438.9358 0.0903 0.0152 -0.6939 0.7142
4009.0000 -4011.8655 -4897.6681 -439.1625 0.0895 0.0149 -0.6940 0.7143
4010.0000 -4011.7994 -4899.3153 -439.3923 0.0894 0.0150 -0.6939 0.7144
4011.0000 -4011.7446 -4900.9090 -439.6045 0.0889 0.0165 -0.6937 0.7146
4012.0000 -4011.6713 -4902.4632 -439.8322 0.0882 0.0184 -0.6933 0.7150
4013.0000 -4011.5898 -4904.0648 -440.0650 0.0878 0.0202 -0.6929 0.7154
4014.0000 -4011.5204 -4905.7067 -440.3265 0.0893 0.0221 -0.6923 0.7157
4015.0000 -4011.4503 -4907.3033 -440.5786 0.0920 0.0230 -0.6916 0.7160
4016.0000 -4011.3637 -4908.9066 -440.8026 0.0931 0.0217 -0.6914 0.7161
4017.0000 -4011.2943 -4910.5233 -441.0176 0.0915 0.0194 -0.6912 0.7166
4018.0000 -4011.2233 -4912.1496 -441.2641 0.0890 0.0182 -0.6909 0.7172
4019.0000 -4011.1378 -4913.7819 -441.5437 0.0885 0.0185 -0.6905 0.7177
4020.0000 -4011.0512 -4915.3765 -441.8007 0.0896 0.0187 -0.6900 0.7180
4021.0000 -4010.9783 -4917.0021 -441.9982 0.0916 0.0180 -0.6895 0.7183
4022.0000 -4010.8924 -4918.6523 -442.1952 0.0930 0.0170 -0.6888 0.7187
4023.0000 -4010.8150 -4920.2757 -442.4314 0.0927 0.0166 -0.6882 0.7194
4024.0000 -4010.7082 -4921.8672 -442.6968 0.0925 0.0177 -0.6876 0.7200
4025.0000 -4010.5989 -4923.5454 -442.9679 0.0922 0.0181 -0.6866 0.7209
4026.0000 -4010.5027 -4925.2083 -443.2028 0.0919 0.0172 -0.6859 0.7217
4027.0000 -4010.4094 -4926.8433 -443.4352 0.0922 0.0166 -0.6852 0.7223
4028.0000 -4010.3127 -4928.4487 -443.6647 0.0931 0.0165 -0.6846 0.7227
4029.0000 -4010.1847 -4930.0891 -443.8978 0.0932 0.0158 -0.6840 0.7233
4030.0000 -4010.0555 -4931.7459 -444.1286 0.0918 0.0156 -0.6834 0.7241
4031.0000 -4009.9431 -4933.3882 -444.3751 0.0909 0.0160 -0.6826 0.7249
4032.0000 -4009.8382 -4935.0363 -444.6272 0.0918 0.0165 -0.6819 0.7255
4033.0000 -4009.7110 -4936.6899 -444.8612 0.0934 0.0167 -0.6811 0.7260
4034.0000 -4009.5904 -4938.3185 -445.0752 0.0942 0.0158 -0.6807 0.7263
4035.0000 -4009.4642 -4939.9574 -445.3019 0.0935 0.0155 -0.6803 0.7267
4036.0000 -4009.3256 -4941.6050 -445.5496 0.0920 0.0156 -0.6799 0.7273
4037.0000 -4009.2012 -4943.2687 -445.8087 0.0918 0.0162 -0.6796 0.7276
4038.0000 -4009.0843 -4944.9321 -446.0400 0.0929 0.0167 -0.6792 0.7279
4039.0000 -4008.9398 -4946.5573 -446.2543 0.0940 0.0157 -0.6789 0.7280
4040.0000 -4008.7944 -4948.1436 -446.4763 0.0939 0.0139 -0.6789 0.7281
4041.0000 -4008.6644 -4949.7828 -446.7060 0.0927 0.0136 -0.6787 0.7284
4042.0000 -4008.5339 -4951.4652 -446.9584 0.0930 0.0150 -0.6783 0.7287
4043.0000 -4008.4006 -4953.1214 -447.1894 0.0943 0.0161 -0.6779 0.7289
4044.0000 -4008.2585 -4954.7553 -447.4036 0.0944 0.0150 -0.6776 0.7292
4045.0000 -4008.1250 -4956.3913 -447.6341 0.0934 0.0135 -0.6775 0.7295
4046.0000 -4007.9769 -4958.0359 -447.8925 0.0927 0.0139 -0.6772 0.7298
4047.0000 -4007.8204 -4959.6637 -448.1122 0.0924 0.0155 -0.6769 0.7301
4048.0000 -4007.6808 -4961.3079 -448.3353 0.0927 0.0155 -0.6763 0.7306
4049.0000 -4007.5416 -4962.9573 -448.5655 0.0927 0.0140 -0.6760 0.7309
4050.0000 -4007.3969 -4964.6016 -448.7967 0.0922 0.0130 -0.6759 0.7311
4051.0000 -4007.2473 -4966.2279 -449.0185 0.0924 0.0138 -0.6755 0.7314
4052.0000 -4007.1013 -4967.8503 -449.2427 0.0931 0.0149 -0.6750 0.7318
4053.0000 -4006.9479 -4969.4839 -449.4562 0.0932 0.0150 -0.6745 0.7322
4054.0000 -4006.7834 -4971.1198 -449.6796 0.0931 0.0142 -0.6742 0.7325
4055.0000 -4006.6189 -4972.7287 -449.9108 0.0926 0.0133 -0.6738 0.7329
4056.0000 -4006.4669 -4974.3709 -450.1522 0.0930 0.0128 -0.6734 0.7333
4057.0000 -4006.3172 -4976.0463 -450.3757 0.0932 0.0129 -0.6729 0.7337
4058.0000 -4006.1570 -4977.6864 -450.5952 0.0931 0.0133 -0.6723 0.7342
4059.0000 -4005.9856 -4979.2901 -450.8138 0.0931 0.0135 -0.6720 0.7346
4060.0000 -4005.8200 -4980.8987 -451.0358 0.0929 0.0130 -0.6716 0.7350
4061.0000 -4005.6495 -4982.5590 -451.2675 0.0930 0.0129 -0.6710 0.7355
4062.0000 -4005.4775 -4984.2099 -451.4933 0.0933 0.0128 -0.6704 0.7360
4063.0000 -4005.3036 -4985.8148 -451.7076 0.0929 0.0123 -0.6701 0.7363
4064.0000 -4005.1300 -4987.4388 -451.9364 0.0925 0.0120 -0.6699 0.7366
4065.0000 -4004.9506 -4989.0893 -452.1624 0.0924 0.0119 -0.6696 0.7369
4066.0000 -4004.7823 -4990.7410 -452.3874 0.0927 0.0119 -0.6691 0.7373
4067.0000 -4004.6153 -4992.3581 -452.6049 0.0931 0.0118 -0.6688 0.7375
4068.0000 -4004.4302 -4993.9918 -452.8177 0.0932 0.0117 -0.6685 0.7378
4069.0000 -4004.2402 -4995.6312 -453.0449 0.0938 0.0118 -0.6682 0.7380
4070.0000 -4004.0623 -4997.2310 -453.2629 0.0946 0.0121 -0.6679 0.7382
4071.0000 -4003.8960 -4998.8862 -453.4870 0.0947 0.0115 -0.6676 0.7383
4072.0000 -4003.7059 -5000.5300 -453.7197 0.0944 0.0111 -0.6675 0.7385
4073.0000 -4003.5165 -5002.1517 -453.9459 0.0939 0.0105 -0.6671 0.7389
4074.0000 -4003.3177 -5003.7872 -454.1659 0.0935 0.0099 -0.6667 0.7394
4075.0000 -4003.1243 -5005.3766 -454.3853 0.0942 0.0103 -0.6664 0.7396
4076.0000 -4002.9494 -5007.0210 -454.6037 0.0960 0.0113 -0.6660 0.7396
4077.0000 -4002.7617 -5008.6926 -454.8238 0.0969 0.0110 -0.6657 0.7399
4078.0000 -4002.5666 -5010.3373 -455.0347 0.0959 0.0094 -0.6654 0.7402
4079.0000 -4002.3710 -5011.9173 -455.2488 0.0938 0.0096 -0.6653 0.7406
4080.0000 -4002.1700 -5013.5128 -455.4794 0.0934 0.0105 -0.6647 0.7411
4081.0000 -4001.9794 -5015.2106 -455.7096 0.0949 0.0103 -0.6643 0.7413
4082.0000 -4001.7864 -5016.8325 -455.9085 0.0960 0.0089 -0.6640 0.7415
4083.0000 -4001.5801 -5018.4537 -456.1147 0.0957 0.0079 -0.6636 0.7419
4084.0000 -4001.3648 -5020.0471 -456.3458 0.0947 0.0086 -0.6632 0.7424
4085.0000 -4001.1564 -5021.7178 -456.5929 0.0951 0.0101 -0.6628 0.7427
4086.0000 -4000.9639 -5023.3317 -456.8074 0.0961 0.0098 -0.6624 0.7429
4087.0000 -4000.7562 -5024.9571 -456.9910 0.0959 0.0082 -0.6620 0.7433
4088.0000 -4000.5401 -5026.5869 -457.1906 0.0959 0.0081 -0.6614 0.7438
4089.0000 -4000.3306 -5028.2291 -457.4360 0.0973 0.0093 -0.6611 0.7439
4090.0000 -4000.1250 -5029.8729 -457.6673 0.0979 0.0086 -0.6609 0.7440
4091.0000 -3999.9098 -5031.4875 -457.8751 0.0952 0.0075 -0.6608 0.7445
4092.0000 -3999.6824 -5033.0726 -458.0865 0.0934 0.0084 -0.6604 0.7450
4093.0000 -3999.4737 -5034.6884 -458.3030 0.0947 0.0087 -0.6600 0.7453
4094.0000 -3999.2687 -5036.3228 -458.5077 0.0962 0.0077 -0.6597 0.7453
4095.0000 -3999.0579 -5037.9613 -458.7193 0.0967 0.0081 -0.6594 0.7455
4096.0000 -3998.8238 -5039.5874 -458.9540 0.0970 0.0091 -0.6589 0.7459
4097.0000 -3998.6021 -5041.1872 -459.1810 0.0966 0.0075 -0.6587 0.7461
4098.0000 -3998.3753 -5042.8065 -459.3661 0.0932 0.0065 -0.6588 0.7465
4099.0000 -3998.1412 -5044.4606 -459.5712 0.0916 0.0081 -0.6584 0.7470
4100.0000 -3997.9201 -5046.0942 -459.8127 0.0936 0.0102 -0.6577 0.7474
4101.0000 -3997.6818 -5047.7292 -460.0482 0.0984 0.0083 -0.6572 0.7472
4102.0000 -3997.4504 -5049.3287 -460.2234 0.0986 0.0063 -0.6570 0.7474
4103.0000 -3997.2420 -5050.9400 -460.3941 0.0948 0.0060 -0.6570 0.7479
4104.0000 -3997.0110 -5052.5791 -460.6164 0.0920 0.0078 -0.6568 0.7484
4105.0000 -3996.7668 -5054.1960 -460.8687 0.0933 0.0086 -0.6563 0.7486
4106.0000 -3996.5342 -5055.7904 -461.0729 0.0952 0.0088 -0.6562 0.7485
4107.0000 -3996.3177 -5057.3679 -461.2607 0.0957 0.0091 -0.6559 0.7487
4108.0000 -3996.0859 -5058.9695 -461.4749 0.0963 0.0079 -0.6556 0.7489
4109.0000 -3995.8391 -5060.6501 -461.7006 0.0958 0.0069 -0.6555 0.7491
4110.0000 -3995.6227 -5062.2288 -461.9137 0.0951 0.0062 -0.6555 0.7491
4111.0000 -3995.3729 -5063.8506 -462.1189 0.0941 0.0062 -0.6556 0.7492
4112.0000 -3995.1320 -5065.4906 -462.3175 0.0938 0.0067 -0.6553 0.7495
4113.0000 -3994.9077 -5067.1018 -462.5259 0.0959 0.0072 -0.6550 0.7495
4114.0000 -3994.6741 -5068.7095 -462.7512 0.0992 0.0062 -0.6548 0.7492
4115.0000 -3994.4194 -5070.3589 -462.9606 0.0989 0.0054 -0.6548 0.7493
4116.0000 -3994.1707 -5072.0213 -463.1612 0.0956 0.0063 -0.6547 0.7498
4117.0000 -3993.9402 -5073.6033 -463.3777 0.0939 0.0071 -0.6544 0.7502
4118.0000 -3993.7074 -5075.2378 -463.6090 0.0950 0.0067 -0.6540 0.7504
4119.0000 -3993.4662 -5076.8658 -463.8208 0.0973 0.0062 -0.6536 0.7506
4120.0000 -3993.2163 -5078.4751 -464.0108 0.0986 0.0051 -0.6535 0.7505
4121.0000 -3992.9563 -5080.1045 -464.2112 0.0980 0.0046 -0.6535 0.7506
4122.0000 -3992.7073 -5081.7379 -464.4312 0.0967 0.0051 -0.6531 0.7510
4123.0000 -3992.4609 -5083.3547 -464.6549 0.0957 0.0062 -0.6528 0.7514
4124.0000 -3992.2218 -5084.9995 -464.8800 0.0968 0.0074 -0.6523 0.7517
4125.0000 -3991.9663 -5086.6443 -465.0982 0.0981 0.0075 -0.6519 0.7519
4126.0000 -3991.7087 -5088.2752 -465.3153 0.0974 0.0056 -0.6521 0.7519
4127.0000 -3991.4582 -5089.8933 -465.5047 0.0941 0.0039 -0.6519 0.7524
4128.0000 -3991.1927 -5091.5208 -465.7002 0.0922 0.0042 -0.6518 0.7528
4129.0000 -3990.9350 -5093.1728 -465.9274 0.0948 0.0062 -0.6512 0.7529
4130.0000 -3990.6821 -5094.7850 -466.1441 0.0980 0.0077 -0.6508 0.7529
4131.0000 -3990.4289 -5096.4013 -466.3385 0.0973 0.0058 -0.6512 0.7526
4132.0000 -3990.1795 -5098.0728 -466.5381 0.0953 0.0024 -0.6515 0.7526
4133.0000 -3989.9187 -5099.7261 -466.7502 0.0956 0.0013 -0.6515 0.7526
4134.0000 -3989.6490 -5101.3599 -466.9715 0.0984 0.0021 -0.6511 0.7525
4135.0000 -3989.4143 -5102.9897 -467.1888 0.1045 0.0019 -0.6507 0.7521
4136.0000 -3989.1943 -5104.6174 -467.4104 0.1107 -0.0007 -0.6505 0.7514
4137.0000 -3988.9546 -5106.2974 -467.6095 0.1126 -0.0054 -0.6505 0.7511
4138.0000 -3988.6821 -5107.9695 -467.8038 0.1107 -0.0096 -0.6506 0.7512
4139.0000 -3988.4259 -5109.6218 -468.0353 0.1092 -0.0116 -0.6508 0.7513
4140.0000 -3988.1789 -5111.2464 -468.2803 0.1127 -0.0116 -0.6504 0.7511
4141.0000 -3987.9277 -5112.8611 -468.4798 0.1179 -0.0109 -0.6497 0.7509
4142.0000 -3987.6764 -5114.5417 -468.6740 0.1202 -0.0110 -0.6489 0.7512
4143.0000 -3987.4172 -5116.2332 -468.8743 0.1188 -0.0116 -0.6485 0.7518
4144.0000 -3987.1358 -5117.8753 -469.0856 0.1158 -0.0118 -0.6486 0.7521
4145.0000 -3986.8604 -5119.5114 -469.3274 0.1145 -0.0114 -0.6484 0.7526
4146.0000 -3986.5831 -5121.1580 -469.5596 0.1160 -0.0100 -0.6477 0.7529
4147.0000 -3986.3204 -5122.7755 -469.7702 0.1174 -0.0083 -0.6473 0.7531
4148.0000 -3986.0500 -5124.4469 -469.9822 0.1178 -0.0087 -0.6469 0.7534
4149.0000 -3985.7736 -5126.1256 -470.1932 0.1175 -0.0102 -0.6467 0.7536
4150.0000 -3985.4952 -5127.8060 -470.4194 0.1173 -0.0113 -0.6464 0.7538
4151.0000 -3985.2147 -5129.4604 -470.6363 0.1174 -0.0112 -0.6465 0.7537
4152.0000 -3984.9450 -5131.1063 -470.8439 0.1166 -0.0107 -0.6464 0.7539
4153.0000 -3984.6636 -5132.7412 -471.0610 0.1158 -0.0103 -0.6462 0.7543
4154.0000 -3984.3825 -5134.3976 -471.2809 0.1156 -0.0103 -0.6460 0.7545
4155.0000 -3984.1032 -5136.0884 -471.4943 0.1158 -0.0105 -0.6459 0.7545
4156.0000 -3983.8272 -5137.7809 -471.7009 0.1156 -0.0109 -0.6460 0.7545
4157.0000 -3983.5403 -5139.4397 -471.9052 0.1152 -0.0112 -0.6460 0.7545
4158.0000 -3983.2605 -5141.0664 -472.1207 0.1156 -0.0109 -0.6458 0.7546
4159.0000 -3982.9875 -5142.7259 -472.3341 0.1163 -0.0102 -0.6456 0.7547
4160.0000 -3982.7007 -5144.3891 -472.5565 0.1172 -0.0096 -0.6453 0.7549
4161.0000 -3982.4193 -5146.0641 -472.7759 0.1171 -0.0095 -0.6452 0.7549
4162.0000 -3982.1242 -5147.7377 -472.9849 0.1162 -0.0101 -0.6454 0.7549
4163.0000 -3981.8429 -5149.4108 -473.1941 0.1155 -0.0105 -0.6455 0.7549
4164.0000 -3981.5639 -5151.0854 -473.4166 0.1155 -0.0105 -0.6454 0.7550
4165.0000 -3981.2889 -5152.7243 -473.6355 0.1163 -0.0105 -0.6452 0.7551
4166.0000 -3981.0085 -5154.3867 -473.8643 0.1188 -0.0112 -0.6450 0.7548
4167.0000 -3980.7232 -5156.0767 -474.0850 0.1209 -0.0115 -0.6449 0.7546
4168.0000 -3980.4463 -5157.7529 -474.3021 0.1203 -0.0118 -0.6449 0.7546
4169.0000 -3980.1572 -5159.4052 -474.5071 0.1168 -0.0123 -0.6454 0.7548
4170.0000 -3979.8582 -5161.0714 -474.7220 0.1140 -0.0122 -0.6457 0.7550
4171.0000 -3979.5567 -5162.7415 -474.9559 0.1137 -0.0095 -0.6456 0.7551
4172.0000 -3979.2749 -5164.4074 -475.1737 0.1150 -0.0073 -0.6451 0.7553
4173.0000 -3978.9920 -5166.1122 -475.3858 0.1164 -0.0075 -0.6448 0.7554
4174.0000 -3978.6949 -5167.7842 -475.5931 0.1167 -0.0091 -0.6449 0.7553
4175.0000 -3978.4235 -5169.4453 -475.8146 0.1159 -0.0100 -0.6448 0.7554
4176.0000 -3978.1276 -5171.1230 -476.0613 0.1153 -0.0093 -0.6447 0.7556
4177.0000 -3977.8283 -5172.8136 -476.2844 0.1157 -0.0078 -0.6445 0.7557
4178.0000 -3977.5438 -5174.4974 -476.4870 0.1163 -0.0074 -0.6443 0.7558
4179.0000 -3977.2669 -5176.1164 -476.6894 0.1166 -0.0087 -0.6443 0.7558
4180.0000 -3976.9771 -5177.7916 -476.9179 0.1156 -0.0101 -0.6445 0.7557
4181.0000 -3976.6780 -5179.4946 -477.1494 0.1143 -0.0103 -0.6448 0.7557
4182.0000 -3976.3795 -5181.2002 -477.3722 0.1142 -0.0091 -0.6448 0.7557
4183.0000 -3976.0937 -5182.8690 -477.5910 0.1152 -0.0082 -0.6447 0.7557
4184.0000 -3975.8116 -5184.5500 -477.8017 0.1162 -0.0077 -0.6444 0.7557
4185.0000 -3975.5272 -5186.1858 -478.0086 0.1158 -0.0085 -0.6447 0.7556
4186.0000 -3975.2423 -5187.8869 -478.2271 0.1148 -0.0095 -0.6449 0.7555
4187.0000 -3974.9363 -5189.6090 -478.4569 0.1143 -0.0095 -0.6450 0.7556
4188.0000 -3974.6392 -5191.2848 -478.6893 0.1143 -0.0091 -0.6450 0.7555
4189.0000 -3974.3534 -5192.9397 -478.9010 0.1148 -0.0087 -0.6450 0.7555
4190.0000 -3974.0801 -5194.6164 -479.1070 0.1153 -0.0091 -0.6450 0.7554
4191.0000 -3973.8008 -5196.3096 -479.3307 0.1156 -0.0102 -0.6449 0.7554
4192.0000 -3973.5056 -5198.0032 -479.5505 0.1155 -0.0105 -0.6451 0.7553
4193.0000 -3973.2070 -5199.7009 -479.7707 0.1153 -0.0099 -0.6450 0.7554
4194.0000 -3972.9153 -5201.3955 -479.9906 0.1151 -0.0091 -0.6448 0.7556
4195.0000 -3972.6315 -5203.0834 -480.2107 0.1149 -0.0088 -0.6446 0.7558
4196.0000 -3972.3352 -5204.8031 -480.4331 0.1151 -0.0090 -0.6444 0.7559
4197.0000 -3972.0375 -5206.4809 -480.6424 0.1151 -0.0092 -0.6444 0.7559
4198.0000 -3971.7511 -5208.1552 -480.8584 0.1153 -0.0092 -0.6442 0.7561
4199.0000 -3971.4576 -5209.8267 -481.0773 0.1148 -0.0091 -0.6439 0.7564
4200.0000 -3971.1575 -5211.5231 -481.3055 0.1138 -0.0093 -0.6438 0.7566
4201.0000 -3970.8626 -5213.2191 -481.5255 0.1136 -0.0098 -0.6440 0.7565
4202.0000 -3970.5696 -5214.9082 -481.7396 0.1143 -0.0100 -0.6441 0.7563
4203.0000 -3970.2861 -5216.6094 -481.9529 0.1151 -0.0103 -0.6439 0.7563
4204.0000 -3969.9976 -5218.3245 -482.1712 0.1154 -0.0102 -0.6436 0.7565
4205.0000 -3969.6983 -5220.0296 -482.3982 0.1154 -0.0106 -0.6437 0.7565
4206.0000 -3969.4000 -5221.7062 -482.6129 0.1155 -0.0108 -0.6439 0.7562
4207.0000 -3969.0984 -5223.4004 -482.8242 0.1155 -0.0108 -0.6440 0.7562
4208.0000 -3968.7907 -5225.0949 -483.0391 0.1152 -0.0103 -0.6439 0.7563
4209.0000 -3968.4955 -5226.7855 -483.2672 0.1149 -0.0096 -0.6440 0.7563
4210.0000 -3968.2149 -5228.4587 -483.4794 0.1146 -0.0099 -0.6443 0.7561
4211.0000 -3967.9237 -5230.1719 -483.7009 0.1146 -0.0109 -0.6443 0.7560
4212.0000 -3967.6286 -5231.8837 -483.9059 0.1151 -0.0109 -0.6442 0.7561
4213.0000 -3967.3286 -5233.5671 -484.1130 0.1154 -0.0101 -0.6442 0.7560
4214.0000 -3967.0300 -5235.2628 -484.3482 0.1154 -0.0100 -0.6443 0.7560
4215.0000 -3966.7477 -5236.9573 -484.5657 0.1154 -0.0099 -0.6443 0.7560
4216.0000 -3966.4570 -5238.6461 -484.7802 0.1154 -0.0106 -0.6442 0.7561
4217.0000 -3966.1588 -5240.3204 -484.9934 0.1155 -0.0108 -0.6441 0.7561
4218.0000 -3965.8671 -5242.0274 -485.2147 0.1155 -0.0101 -0.6442 0.7560
4219.0000 -3965.5788 -5243.7309 -485.4409 0.1156 -0.0095 -0.6442 0.7560
4220.0000 -3965.2820 -5245.3995 -485.6506 0.1161 -0.0091 -0.6441 0.7560
4221.0000 -3964.9849 -5247.0666 -485.8613 0.1163 -0.0089 -0.6441 0.7560
4222.0000 -3964.6944 -5248.7578 -486.0837 0.1153 -0.0096 -0.6441 0.7561
4223.0000 -3964.4074 -5250.4391 -486.2960 0.1139 -0.0110 -0.6444 0.7561
4224.0000 -3964.1134 -5252.1105 -486.5077 0.1135 -0.0114 -0.6446 0.7560
4225.0000 -3963.8160 -5253.8043 -486.7316 0.1145 -0.0108 -0.6445 0.7559
4226.0000 -3963.5263 -5255.4969 -486.9422 0.1158 -0.0098 -0.6444 0.7558
4227.0000 -3963.2411 -5257.1776 -487.1429 0.1156 -0.0099 -0.6445 0.7557
4228.0000 -3962.9527 -5258.8412 -487.3598 0.1148 -0.0104 -0.6449 0.7555
4229.0000 -3962.6591 -5260.5228 -487.5898 0.1146 -0.0103 -0.6451 0.7554
4230.0000 -3962.3729 -5262.2155 -487.8143 0.1154 -0.0099 -0.6451 0.7553
4231.0000 -3962.0930 -5263.9046 -488.0199 0.1161 -0.0098 -0.6452 0.7551
4232.0000 -3961.8041 -5265.5899 -488.2176 0.1161 -0.0102 -0.6453 0.7550
4233.0000 -3961.5089 -5267.2456 -488.4343 0.1151 -0.0107 -0.6458 0.7547
4234.0000 -3961.2143 -5268.8930 -488.6724 0.1141 -0.0106 -0.6462 0.7545
4235.0000 -3960.9307 -5270.5972 -488.9014 0.1135 -0.0102 -0.6464 0.7544
4236.0000 -3960.6536 -5272.3013 -489.0995 0.1136 -0.0103 -0.6467 0.7542
4237.0000 -3960.3796 -5273.9926 -489.2844 0.1141 -0.0107 -0.6467 0.7541
4238.0000 -3960.0829 -5275.6794 -489.5021 0.1161 -0.0083 -0.6468 0.7537
4239.0000 -3959.7874 -5277.3725 -489.7555 0.1179 -0.0066 -0.6473 0.7530
4240.0000 -3959.5291 -5279.0654 -489.9812 0.1158 -0.0088 -0.6483 0.7525
4241.0000 -3959.2741 -5280.7284 -490.1915 0.1135 -0.0121 -0.6490 0.7522
4242.0000 -3958.9980 -5282.4082 -490.4090 0.1137 -0.0123 -0.6493 0.7518
4243.0000 -3958.7197 -5284.1181 -490.6370 0.1153 -0.0102 -0.6494 0.7516
4244.0000 -3958.4437 -5285.8204 -490.8458 0.1161 -0.0087 -0.6498 0.7511
4245.0000 -3958.1750 -5287.5067 -491.0711 0.1158 -0.0093 -0.6505 0.7505
4246.0000 -3957.9174 -5289.1876 -491.2898 0.1146 -0.0107 -0.6511 0.7502
4247.0000 -3957.6624 -5290.8538 -491.5060 0.1140 -0.0113 -0.6517 0.7498
4248.0000 -3957.4024 -5292.5521 -491.7231 0.1145 -0.0106 -0.6521 0.7494
4249.0000 -3957.1329 -5294.2635 -491.9494 0.1157 -0.0096 -0.6524 0.7489
4250.0000 -3956.8829 -5295.9681 -492.1510 0.1165 -0.0084 -0.6531 0.7482
4251.0000 -3956.6346 -5297.6624 -492.3686 0.1160 -0.0081 -0.6544 0.7471
4252.0000 -3956.3883 -5299.3292 -492.5672 0.1129 -0.0089 -0.6564 0.7459
4253.0000 -3956.1478 -5301.0003 -492.8092 0.1098 -0.0101 -0.6584 0.7446
4254.0000 -3955.9074 -5302.6827 -493.0606 0.1096 -0.0099 -0.6598 0.7434
4255.0000 -3955.6916 -5304.3813 -493.2722 0.1126 -0.0080 -0.6605 0.7423
4256.0000 -3955.4915 -5306.0764 -493.4495 0.1148 -0.0072 -0.6615 0.7411
4257.0000 -3955.2952 -5307.7544 -493.6407 0.1146 -0.0076 -0.6630 0.7397
4258.0000 -3955.0748 -5309.4250 -493.8868 0.1134 -0.0077 -0.6648 0.7383
4259.0000 -3954.8604 -5311.1131 -494.1471 0.1128 -0.0073 -0.6662 0.7371
4260.0000 -3954.6699 -5312.8069 -494.3789 0.1128 -0.0070 -0.6676 0.7359
4261.0000 -3954.5007 -5314.4789 -494.5778 0.1131 -0.0070 -0.6689 0.7347
4262.0000 -3954.3427 -5316.1600 -494.7884 0.1128 -0.0073 -0.6704 0.7333
4263.0000 -3954.1720 -5317.8387 -495.0217 0.1123 -0.0075 -0.6721 0.7318
4264.0000 -3953.9965 -5319.5182 -495.2641 0.1124 -0.0073 -0.6738 0.7303
4265.0000 -3953.8414 -5321.1809 -495.4901 0.1131 -0.0068 -0.6755 0.7286
4266.0000 -3953.7112 -5322.8508 -495.6977 0.1134 -0.0063 -0.6774 0.7268
4267.0000 -3953.5828 -5324.5264 -495.9157 0.1126 -0.0062 -0.6797 0.7247
4268.0000 -3953.4435 -5326.1869 -496.1501 0.1115 -0.0060 -0.6824 0.7224
4269.0000 -3953.3176 -5327.8508 -496.3943 0.1108 -0.0055 -0.6848 0.7202
4270.0000 -3953.2204 -5329.5193 -496.6333 0.1110 -0.0046 -0.6869 0.7182
4271.0000 -3953.1383 -5331.1747 -496.8598 0.1119 -0.0042 -0.6890 0.7161
4272.0000 -3953.0654 -5332.8229 -497.0795 0.1129 -0.0040 -0.6912 0.7138
4273.0000 -3953.0004 -5334.4939 -497.3058 0.1131 -0.0038 -0.6934 0.7116
4274.0000 -3952.9297 -5336.1526 -497.5431 0.1127 -0.0038 -0.6957 0.7094
4275.0000 -3952.8630 -5337.8114 -497.8047 0.1121 -0.0033 -0.6980 0.7073
4276.0000 -3952.8241 -5339.4726 -498.0625 0.1118 -0.0032 -0.7003 0.7051
4277.0000 -3952.8088 -5341.1096 -498.2912 -0.1117 0.0035 0.7028 -0.7026
4278.0000 -3952.8013 -5342.7476 -498.5073 -0.1114 0.0045 0.7056 -0.6998
4279.0000 -3952.7978 -5344.4008 -498.7322 -0.1116 0.0049 0.7084 -0.6970
4280.0000 -3952.7915 -5346.0621 -499.0123 -0.1138 0.0033 0.7107 -0.6943
4281.0000 -3952.8196 -5347.7154 -499.2530 -0.1157 0.0020 0.7131 -0.6915
4282.0000 -3952.8672 -5349.3603 -499.4692 -0.1137 0.0033 0.7160 -0.6887
4283.0000 -3952.9143 -5350.9912 -499.7272 -0.1106 0.0049 0.7190 -0.6862
4284.0000 -3952.9593 -5352.6238 -499.9899 -0.1088 0.0031 0.7215 -0.6838
4285.0000 -3953.0176 -5354.2508 -500.2614 -0.1083 0.0003 0.7242 -0.6811
4286.0000 -3953.0919 -5355.8925 -500.5112 -0.1080 -0.0008 0.7272 -0.6779
4287.0000 -3953.1957 -5357.5571 -500.7335 -0.1086 -0.0010 0.7301 -0.6746
4288.0000 -3953.3163 -5359.1924 -500.9571 -0.1104 -0.0015 0.7327 -0.6716
4289.0000 -3953.4384 -5360.8097 -501.1777 -0.1108 -0.0043 0.7351 -0.6688
4290.0000 -3953.5662 -5362.4301 -501.4802 -0.1101 -0.0080 0.7377 -0.6661
4291.0000 -3953.6975 -5364.0445 -501.7923 -0.1080 -0.0111 0.7406 -0.6631
4292.0000 -3953.8424 -5365.6696 -502.0984 -0.1059 -0.0116 0.7437 -0.6600
4293.0000 -3954.0204 -5367.2963 -502.3519 -0.1056 -0.0103 0.7464 -0.6570
4294.0000 -3954.2309 -5368.9172 -502.5747 -0.1068 -0.0095 0.7485 -0.6544
4295.0000 -3954.4401 -5370.5178 -502.8283 -0.1085 -0.0094 0.7504 -0.6520
4296.0000 -3954.6462 -5372.1112 -503.1070 -0.1095 -0.0094 0.7518 -0.6502
4297.0000 -3954.8511 -5373.7145 -503.3981 -0.1097 -0.0091 0.7531 -0.6486
4298.0000 -3955.0711 -5375.3084 -503.6781 -0.1097 -0.0084 0.7544 -0.6472
4299.0000 -3955.3023 -5376.8961 -503.9549 -0.1108 -0.0087 0.7554 -0.6458
4300.0000 -3955.5422 -5378.4862 -504.2436 -0.1123 -0.0088 0.7561 -0.6447
4301.0000 -3955.7739 -5380.0668 -504.5065 -0.1133 -0.0078 0.7568 -0.6437
4302.0000 -3956.0214 -5381.6365 -504.7595 -0.1134 -0.0065 0.7574 -0.6429
4303.0000 -3956.2655 -5383.2091 -505.0346 -0.1129 -0.0063 0.7579 -0.6425
4304.0000 -3956.5035 -5384.7905 -505.3273 -0.1126 -0.0073 0.7584 -0.6420
4305.0000 -3956.7324 -5386.3618 -505.6352 -0.1121 -0.0087 0.7591 -0.6412
4306.0000 -3956.9780 -5387.9291 -505.9134 -0.1113 -0.0088 0.7598 -0.6405
4307.0000 -3957.2290 -5389.5105 -506.1777 -0.1107 -0.0082 0.7602 -0.6401
4308.0000 -3957.4816 -5391.0827 -506.4583 -0.1118 -0.0072 0.7604 -0.6397
4309.0000 -3957.7421 -5392.6481 -506.7291 -0.1137 -0.0059 0.7602 -0.6396
4310.0000 -3958.0006 -5394.2091 -506.9850 -0.1152 -0.0043 0.7599 -0.6397
4311.0000 -3958.2548 -5395.7732 -507.2409 -0.1161 -0.0043 0.7594 -0.6402
4312.0000 -3958.5019 -5397.3493 -507.5406 -0.1163 -0.0057 0.7587 -0.6409
4313.0000 -3958.7355 -5398.9300 -507.8591 -0.1148 -0.0060 0.7581 -0.6419
4314.0000 -3958.9733 -5400.5001 -508.1565 -0.1137 -0.0048 0.7575 -0.6429
4315.0000 -3959.2159 -5402.0703 -508.3434 -0.1132 -0.0053 0.7562 -0.6445
4316.0000 -3959.4262 -5403.6347 -508.4959 -0.1070 -0.0095 0.7546 -0.6473
4317.0000 -3959.5816 -5405.1945 -508.7516 -0.0930 -0.0200 0.7533 -0.6508
4318.0000 -3959.7031 -5406.7705 -509.2576 -0.0783 -0.0323 0.7517 -0.6540
4319.0000 -3959.8610 -5408.3416 -509.6972 -0.0707 -0.0372 0.7500 -0.6566
4320.0000 -3960.0677 -5409.9271 -509.8218 -0.0716 -0.0315 0.7483 -0.6588
4321.0000 -3960.2734 -5411.5007 -509.7407 -0.0760 -0.0235 0.7461 -0.6610
4322.0000 -3960.4719 -5413.0687 -509.8524 -0.0793 -0.0214 0.7439 -0.6632
4323.0000 -3960.6284 -5414.6500 -510.2114 -0.0803 -0.0250 0.7422 -0.6649
4324.0000 -3960.7767 -5416.2287 -510.6886 -0.0814 -0.0268 0.7412 -0.6658
4325.0000 -3960.9497 -5417.8153 -510.9903 -0.0874 -0.0223 0.7402 -0.6663
4326.0000 -3961.1433 -5419.4139 -511.1203 -0.0977 -0.0115 0.7388 -0.6667
4327.0000 -3961.3469 -5420.9806 -511.1944 -0.1097 0.0016 0.7367 -0.6673
4328.0000 -3961.5341 -5422.5552 -511.3417 -0.1192 0.0085 0.7344 -0.6681
4329.0000 -3961.6762 -5424.1403 -511.6645 -0.1230 0.0071 0.7325 -0.6696
4330.0000 -3961.7643 -5425.7472 -512.1046 -0.1207 0.0032 0.7307 -0.6720
4331.0000 -3961.8563 -5427.3422 -512.4518 -0.1165 0.0030 0.7287 -0.6749
4332.0000 -3961.9609 -5428.9170 -512.6546 -0.1151 0.0059 0.7262 -0.6778
4333.0000 -3962.0618 -5430.4869 -512.7916 -0.1178 0.0089 0.7234 -0.6803
4334.0000 -3962.1378 -5432.0819 -512.9914 -0.1205 0.0096 0.7207 -0.6827
4335.0000 -3962.1943 -5433.7159 -513.2844 -0.1203 0.0086 0.7184 -0.6851
4336.0000 -3962.2435 -5435.3377 -513.6023 -0.1182 0.0077 0.7162 -0.6878
4337.0000 -3962.2781 -5436.9470 -513.8751 -0.1172 0.0077 0.7137 -0.6905
4338.0000 -3962.2996 -5438.5510 -514.0905 -0.1181 0.0085 0.7110 -0.6931
4339.0000 -3962.3222 -5440.1634 -514.2910 -0.1194 0.0097 0.7085 -0.6955
4340.0000 -3962.3307 -5441.7987 -514.5270 -0.1192 0.0101 0.7061 -0.6979
4341.0000 -3962.3172 -5443.4523 -514.7993 -0.1180 0.0100 0.7038 -0.7005
4342.0000 -3962.2860 -5445.0840 -515.0786 0.1168 -0.0104 -0.7013 0.7032
4343.0000 -3962.2501 -5446.6987 -515.3058 0.1167 -0.0116 -0.6987 0.7058
4344.0000 -3962.2159 -5448.3531 -515.5190 0.1178 -0.0123 -0.6958 0.7084
4345.0000 -3962.1742 -5450.0187 -515.7467 0.1188 -0.0121 -0.6929 0.7111
4346.0000 -3962.0995 -5451.6941 -516.0093 0.1188 -0.0122 -0.6901 0.7138
4347.0000 -3962.0148 -5453.3491 -516.2506 0.1184 -0.0135 -0.6876 0.7162
4348.0000 -3961.9173 -5455.0183 -516.4716 0.1183 -0.0148 -0.6849 0.7188
4349.0000 -3961.8167 -5456.7003 -516.6877 0.1189 -0.0153 -0.6820 0.7215
4350.0000 -3961.6989 -5458.3733 -516.9158 0.1193 -0.0151 -0.6791 0.7241
4351.0000 -3961.5530 -5460.0375 -517.1528 0.1188 -0.0144 -0.6764 0.7267
4352.0000 -3961.3951 -5461.7192 -517.3937 0.1181 -0.0140 -0.6740 0.7291
4353.0000 -3961.2370 -5463.4162 -517.6253 0.1173 -0.0148 -0.6719 0.7312
4354.0000 -3961.0725 -5465.1112 -517.8338 0.1165 -0.0159 -0.6700 0.7330
4355.0000 -3960.9013 -5466.8083 -518.0408 0.1161 -0.0161 -0.6686 0.7344
4356.0000 -3960.7121 -5468.5024 -518.2612 0.1158 -0.0151 -0.6674 0.7355
4357.0000 -3960.5203 -5470.2163 -518.4974 0.1152 -0.0136 -0.6668 0.7361
4358.0000 -3960.3286 -5471.9313 -518.7303 0.1144 -0.0130 -0.6669 0.7362
4359.0000 -3960.1347 -5473.6599 -518.9485 0.1142 -0.0129 -0.6672 0.7359
4360.0000 -3959.9416 -5475.3920 -519.1699 0.1146 -0.0132 -0.6671 0.7360
4361.0000 -3959.7435 -5477.1131 -519.3897 0.1146 -0.0134 -0.6668 0.7363
4362.0000 -3959.5652 -5478.8280 -519.6049 0.1144 -0.0135 -0.6666 0.7365
4363.0000 -3959.3756 -5480.5612 -519.8447 0.1141 -0.0132 -0.6665 0.7366
4364.0000 -3959.1686 -5482.2965 -520.0787 0.1146 -0.0129 -0.6664 0.7366
4365.0000 -3958.9662 -5484.0564 -520.3078 0.1154 -0.0129 -0.6663 0.7366
4366.0000 -3958.7752 -5485.8153 -520.5122 0.1156 -0.0134 -0.6662 0.7367
4367.0000 -3958.5835 -5487.5643 -520.7402 0.1154 -0.0139 -0.6660 0.7368
4368.0000 -3958.3830 -5489.2984 -520.9745 0.1151 -0.0139 -0.6661 0.7368
4369.0000 -3958.1831 -5491.0513 -521.2066 0.1146 -0.0138 -0.6663 0.7367
4370.0000 -3957.9807 -5492.8365 -521.4337 0.1142 -0.0137 -0.6664 0.7367
4371.0000 -3957.7766 -5494.6249 -521.6679 0.1139 -0.0133 -0.6667 0.7364
4372.0000 -3957.5765 -5496.3833 -521.8997 0.1139 -0.0130 -0.6672 0.7360
4373.0000 -3957.3735 -5498.1560 -522.1201 0.1136 -0.0132 -0.6679 0.7354
4374.0000 -3957.1803 -5499.9499 -522.3400 0.1131 -0.0135 -0.6685 0.7349
4375.0000 -3956.9905 -5501.7502 -522.5748 0.1131 -0.0137 -0.6691 0.7344
4376.0000 -3956.7967 -5503.5384 -522.8018 0.1135 -0.0136 -0.6697 0.7338
4377.0000 -3956.6167 -5505.3277 -523.0323 0.1139 -0.0137 -0.6702 0.7333
4378.0000 -3956.4374 -5507.1328 -523.2608 0.1138 -0.0134 -0.6707 0.7328
4379.0000 -3956.2535 -5508.9446 -523.5009 0.1137 -0.0123 -0.6714 0.7322
4380.0000 -3956.0670 -5510.7591 -523.7541 0.1141 -0.0118 -0.6723 0.7314
4381.0000 -3955.8910 -5512.5706 -523.9926 0.1142 -0.0125 -0.6732 0.7305
4382.0000 -3955.7284 -5514.3723 -524.2116 0.1144 -0.0135 -0.6740 0.7297
4383.0000 -3955.5571 -5516.2005 -524.4455 0.1145 -0.0135 -0.6745 0.7292
4384.0000 -3955.3898 -5518.0372 -524.6980 0.1144 -0.0131 -0.6751 0.7287
4385.0000 -3955.2338 -5519.8642 -524.9488 0.1144 -0.0127 -0.6757 0.7281
4386.0000 -3955.0779 -5521.6887 -525.1942 0.1146 -0.0125 -0.6761 0.7277
4387.0000 -3954.9106 -5523.5381 -525.4296 0.1148 -0.0125 -0.6766 0.7273
4388.0000 -3954.7527 -5525.3827 -525.6765 0.1148 -0.0132 -0.6770 0.7268
4389.0000 -3954.6027 -5527.2322 -525.9152 0.1151 -0.0136 -0.6776 0.7263
4390.0000 -3954.4550 -5529.0704 -526.1490 0.1146 -0.0132 -0.6781 0.7259
4391.0000 -3954.2997 -5530.9184 -526.4050 0.1132 -0.0119 -0.6787 0.7256
4392.0000 -3954.1355 -5532.7874 -526.6845 0.1128 -0.0113 -0.6793 0.7250
4393.0000 -3953.9973 -5534.6759 -526.9330 0.1142 -0.0123 -0.6798 0.7243
4394.0000 -3953.8670 -5536.5366 -527.1439 0.1159 -0.0134 -0.6800 0.7239
4395.0000 -3953.7367 -5538.3965 -527.3617 0.1162 -0.0136 -0.6801 0.7238
4396.0000 -3953.5918 -5540.2663 -527.6462 0.1156 -0.0124 -0.6805 0.7234
4397.0000 -3953.4421 -5542.1499 -527.9507 0.1158 -0.0115 -0.6812 0.7228
4398.0000 -3953.3077 -5544.0334 -528.2037 0.1166 -0.0123 -0.6818 0.7221
4399.0000 -3953.1856 -5545.8988 -528.4070 0.1173 -0.0135 -0.6822 0.7216
4400.0000 -3953.0666 -5547.7700 -528.6382 0.1173 -0.0137 -0.6824 0.7213
4401.0000 -3952.9368 -5549.6547 -528.9231 0.1169 -0.0131 -0.6829 0.7210
4402.0000 -3952.7935 -5551.5403 -529.2119 0.1168 -0.0125 -0.6834 0.7205
4403.0000 -3952.6718 -5553.4249 -529.4626 0.1172 -0.0126 -0.6839 0.7200
4404.0000 -3952.5621 -5555.3058 -529.7015 0.1175 -0.0130 -0.6843 0.7196
4405.0000 -3952.4495 -5557.1887 -529.9454 0.1176 -0.0135 -0.6847 0.7192
4406.0000 -3952.3281 -5559.0633 -530.2050 0.1175 -0.0133 -0.6851 0.7188
4407.0000 -3952.2110 -5560.9530 -530.4784 0.1178 -0.0129 -0.6854 0.7184
4408.0000 -3952.0916 -5562.8507 -530.7545 0.1184 -0.0126 -0.6858 0.7180
4409.0000 -3951.9893 -5564.7396 -531.0110 0.1187 -0.0131 -0.6861 0.7176
4410.0000 -3951.8878 -5566.6359 -531.2564 0.1188 -0.0142 -0.6866 0.7171
4411.0000 -3951.7729 -5568.5258 -531.5114 0.1185 -0.0150 -0.6870 0.7168
4412.0000 -3951.6573 -5570.4162 -531.7789 0.1183 -0.0142 -0.6873 0.7165
4413.0000 -3951.5514 -5572.3221 -532.0576 0.1180 -0.0133 -0.6876 0.7163
4414.0000 -3951.4496 -5574.2381 -532.3081 0.1170 -0.0134 -0.6882 0.7159
4415.0000 -3951.3425 -5576.1380 -532.5458 0.1154 -0.0128 -0.6887 0.7157
4416.0000 -3951.2400 -5578.0267 -532.8142 0.1144 -0.0113 -0.6891 0.7155
4417.0000 -3951.1452 -5579.9388 -533.0997 0.1148 -0.0101 -0.6893 0.7152
4418.0000 -3951.0535 -5581.8562 -533.3776 0.1163 -0.0106 -0.6896 0.7147
4419.0000 -3950.9689 -5583.7859 -533.6101 0.1178 -0.0123 -0.6899 0.7142
4420.0000 -3950.8801 -5585.7084 -533.8534 0.1178 -0.0133 -0.6902 0.7138
4421.0000 -3950.7829 -5587.6086 -534.1307 0.1169 -0.0131 -0.6907 0.7136
4422.0000 -3950.6740 -5589.5283 -534.4550 0.1165 -0.0124 -0.6910 0.7133
4423.0000 -3950.5871 -5591.4724 -534.7363 0.1182 -0.0125 -0.6912 0.7128
4424.0000 -3950.5255 -5593.4110 -534.9530 0.1201 -0.0138 -0.6914 0.7123
4425.0000 -3950.4515 -5595.3338 -535.1942 0.1202 -0.0146 -0.6916 0.7121
4426.0000 -3950.3640 -5597.2831 -535.4879 0.1191 -0.0145 -0.6920 0.7118
4427.0000 -3950.2650 -5599.2352 -535.8034 0.1180 -0.0138 -0.6926 0.7115
4428.0000 -3950.1825 -5601.1844 -536.1002 0.1182 -0.0131 -0.6929 0.7112
4429.0000 -3950.1157 -5603.1306 -536.3472 0.1192 -0.0134 -0.6931 0.7108
4430.0000 -3950.0454 -5605.0818 -536.5928 0.1198 -0.0142 -0.6934 0.7104
4431.0000 -3949.9658 -5607.0477 -536.8674 0.1197 -0.0143 -0.6939 0.7099
4432.0000 -3949.8886 -5609.0196 -537.1752 0.1193 -0.0141 -0.6945 0.7094
4433.0000 -3949.8209 -5610.9812 -537.4630 0.1189 -0.0140 -0.6952 0.7088
4434.0000 -3949.7651 -5612.9533 -537.7467 0.1188 -0.0135 -0.6958 0.7082
4435.0000 -3949.7032 -5614.9399 -538.0283 0.1191 -0.0135 -0.6966 0.7074
4436.0000 -3949.6472 -5616.9293 -538.2977 0.1189 -0.0137 -0.6975 0.7065
4437.0000 -3949.5883 -5618.9197 -538.5690 0.1184 -0.0136 -0.6982 0.7059
4438.0000 -3949.5287 -5620.9087 -538.8708 0.1182 -0.0132 -0.6987 0.7054
4439.0000 -3949.4850 -5622.9097 -539.1861 0.1188 -0.0132 -0.6993 0.7048
4440.0000 -3949.4582 -5624.9282 -539.4605 0.1201 -0.0143 -0.6998 0.7041
4441.0000 -3949.4244 -5626.9416 -539.7091 0.1205 -0.0151 -0.7002 0.7035
4442.0000 -3949.3814 -5628.9542 -540.0026 0.1201 -0.0145 -0.7006 0.7032
4443.0000 -3949.3374 -5630.9899 -540.3395 0.1193 -0.0132 -0.7012 0.7028
4444.0000 -3949.2996 -5633.0395 -540.6612 0.1190 -0.0130 -0.7019 0.7021
4445.0000 -3949.2727 -5635.0801 -540.9437 -0.1193 0.0137 0.7023 -0.7016
4446.0000 -3949.2510 -5637.1165 -541.2083 -0.1197 0.0142 0.7026 -0.7013
4447.0000 -3949.2245 -5639.1691 -541.5056 -0.1200 0.0139 0.7029 -0.7010
4448.0000 -3949.2036 -5641.2434 -541.8424 -0.1199 0.0137 0.7034 -0.7005
4449.0000 -3949.1862 -5643.3204 -542.1537 -0.1197 0.0143 0.7040 -0.6999
4450.0000 -3949.1679 -5645.4137 -542.4433 -0.1200 0.0144 0.7044 -0.6995
4451.0000 -3949.1466 -5647.4920 -542.7386 -0.1207 0.0136 0.7047 -0.6990
4452.0000 -3949.1326 -5649.5775 -543.0550 -0.1209 0.0131 0.7051 -0.6986
4453.0000 -3949.1156 -5651.6690 -543.3695 -0.1201 0.0133 0.7057 -0.6981
4454.0000 -3949.1108 -5653.7731 -543.6772 -0.1191 0.0133 0.7062 -0.6978
4455.0000 -3949.1094 -5655.8895 -544.0044 -0.1193 0.0128 0.7066 -0.6974
4456.0000 -3949.1072 -5658.0198 -544.3331 -0.1202 0.0125 0.7071 -0.6968
4457.0000 -3949.1148 -5660.1534 -544.6409 -0.1207 0.0130 0.7077 -0.6960
4458.0000 -3949.1257 -5662.2731 -544.9395 -0.1202 0.0137 0.7085 -0.6952
4459.0000 -3949.1328 -5664.4158 -545.2603 -0.1199 0.0136 0.7091 -0.6947
4460.0000 -3949.1391 -5666.5801 -545.6037 -0.1202 0.0131 0.7096 -0.6942
4461.0000 -3949.1550 -5668.7273 -545.9292 -0.1203 0.0128 0.7101 -0.6936
4462.0000 -3949.1796 -5670.8879 -546.2520 -0.1200 0.0126 0.7108 -0.6930
4463.0000 -3949.2033 -5673.0592 -546.5678 -0.1196 0.0128 0.7113 -0.6925
4464.0000 -3949.2325 -5675.2473 -546.8841 -0.1198 0.0127 0.7117 -0.6921
4465.0000 -3949.2639 -5677.4279 -547.2263 -0.1203 0.0125 0.7122 -0.6915
4466.0000 -3949.2910 -5679.6136 -547.5577 -0.1203 0.0125 0.7127 -0.6910
4467.0000 -3949.3240 -5681.8111 -547.8958 -0.1204 0.0121 0.7129 -0.6907
4468.0000 -3949.3675 -5684.0262 -548.2378 -0.1205 0.0118 0.7132 -0.6905
4469.0000 -3949.4100 -5686.2413 -548.5627 -0.1203 0.0121 0.7135 -0.6901
4470.0000 -3949.4440 -5688.4427 -548.8947 -0.1199 0.0117 0.7140 -0.6897
4471.0000 -3949.4844 -5690.6578 -549.2488 -0.1202 0.0108 0.7144 -0.6893
4472.0000 -3949.5401 -5692.8883 -549.5995 -0.1211 0.0105 0.7147 -0.6888
4473.0000 -3949.5991 -5695.1060 -549.9270 -0.1219 0.0113 0.7150 -0.6883
4474.0000 -3949.6505 -5697.3268 -550.2433 -0.1216 0.0120 0.7154 -0.6879
4475.0000 -3949.7059 -5699.5442 -550.5909 -0.1207 0.0115 0.7159 -0.6876
4476.0000 -3949.7595 -5701.7641 -550.9583 -0.1204 0.0107 0.7165 -0.6871
4477.0000 -3949.8257 -5704.0011 -551.3093 -0.1209 0.0108 0.7170 -0.6864
4478.0000 -3949.8949 -5706.2293 -551.6199 -0.1218 0.0111 0.7174 -0.6858
4479.0000 -3949.9553 -5708.4632 -551.9522 -0.1225 0.0109 0.7177 -0.6854
4480.0000 -3950.0274 -5710.6831 -552.3042 -0.1219 0.0099 0.7182 -0.6850
4481.0000 -3950.0995 -5712.9202 -552.6846 -0.1207 0.0092 0.7188 -0.6846
4482.0000 -3950.1714 -5715.1587 -553.0379 -0.1197 0.0089 0.7196 -0.6840
4483.0000 -3950.2545 -5717.3940 -553.3760 -0.1196 0.0088 0.7200 -0.6835
4484.0000 -3950.3472 -5719.6213 -553.7348 -0.1200 0.0097 0.7204 -0.6830
4485.0000 -3950.4392 -5721.8497 -554.0682 -0.1212 0.0109 0.7208 -0.6824
4486.0000 -3950.5313 -5724.0972 -554.3972 -0.1217 0.0120 0.7214 -0.6817
4487.0000 -3950.6302 -5726.3365 -554.7362 -0.1212 0.0116 0.7219 -0.6812
4488.0000 -3950.7278 -5728.5727 -555.1085 -0.1210 0.0093 0.7224 -0.6808
4489.0000 -3950.8152 -5730.8246 -555.5056 -0.1213 0.0077 0.7228 -0.6803
4490.0000 -3950.9161 -5733.0792 -555.8607 -0.1217 0.0088 0.7234 -0.6795
4491.0000 -3951.0368 -5735.3188 -556.1607 -0.1211 0.0109 0.7242 -0.6788
4492.0000 -3951.1567 -5737.5453 -556.4857 -0.1203 0.0108 0.7247 -0.6784
4493.0000 -3951.2591 -5739.7812 -556.8737 -0.1200 0.0088 0.7251 -0.6781
4494.0000 -3951.3567 -5742.0361 -557.2742 -0.1202 0.0071 0.7256 -0.6775
4495.0000 -3951.4834 -5744.2930 -557.6312 -0.1207 0.0073 0.7262 -0.6767
4496.0000 -3951.6323 -5746.5409 -557.9547 -0.1210 0.0089 0.7270 -0.6758
4497.0000 -3951.7742 -5748.7769 -558.2816 -0.1213 0.0099 0.7279 -0.6748
4498.0000 -3951.9072 -5751.0185 -558.6497 -0.1212 0.0097 0.7287 -0.6740
4499.0000 -3952.0455 -5753.2843 -559.0395 -0.1211 0.0090 0.7294 -0.6733
4500.0000 -3952.1893 -5755.5436 -559.4169 -0.1218 0.0081 0.7299 -0.6726
4501.0000 -3952.3440 -5757.7965 -559.7755 -0.1224 0.0074 0.7306 -0.6717
4502.0000 -3952.4988 -5760.0551 -560.1357 -0.1227 0.0071 0.7312 -0.6710
4503.0000 -3952.6604 -5762.3222 -560.5069 -0.1224 0.0070 0.7319 -0.6703
4504.0000 -3952.8244 -5764.5775 -560.8840 -0.1216 0.0069 0.7326 -0.6697
4505.0000 -3952.9913 -5766.8273 -561.2784 -0.1209 0.0068 0.7334 -0.6690
4506.0000 -3953.1640 -5769.0777 -561.6596 -0.1212 0.0069 0.7340 -0.6682
4507.0000 -3953.3488 -5771.3529 -562.0131 -0.1221 0.0074 0.7346 -0.6674
4508.0000 -3953.5339 -5773.6310 -562.3630 -0.1222 0.0078 0.7352 -0.6667
4509.0000 -3953.7143 -5775.8815 -562.7481 -0.1219 0.0074 0.7359 -0.6660
4510.0000 -3953.9040 -5778.1373 -563.1632 -0.1223 0.0066 0.7364 -0.6653
4511.0000 -3954.1027 -5780.4066 -563.5363 -0.1227 0.0063 0.7369 -0.6647
4512.0000 -3954.3051 -5782.6869 -563.8915 -0.1222 0.0064 0.7374 -0.6643
4513.0000 -3954.4991 -5784.9487 -564.2677 -0.1216 0.0064 0.7379 -0.6638
4514.0000 -3954.7079 -5787.2148 -564.6624 -0.1211 0.0059 0.7383 -0.6635
4515.0000 -3954.9211 -5789.4802 -565.0621 -0.1213 0.0052 0.7388 -0.6629
4516.0000 -3955.1374 -5791.7716 -565.4556 -0.1221 0.0054 0.7392 -0.6623
4517.0000 -3955.3646 -5794.0487 -565.8139 -0.1227 0.0062 0.7398 -0.6616
4518.0000 -3955.5839 -5796.3152 -566.1718 -0.1225 0.0061 0.7401 -0.6612
4519.0000 -3955.7952 -5798.5832 -566.5815 -0.1221 0.0054 0.7405 -0.6609
4520.0000 -3956.0209 -5800.8652 -567.0010 -0.1219 0.0049 0.7410 -0.6603
4521.0000 -3956.2645 -5803.1557 -567.3907 -0.1218 0.0049 0.7416 -0.6597
4522.0000 -3956.5026 -5805.4437 -567.7609 -0.1223 0.0048 0.7419 -0.6592
4523.0000 -3956.7324 -5807.7127 -568.1377 -0.1226 0.0045 0.7422 -0.6589
4524.0000 -3956.9680 -5809.9871 -568.5365 -0.1220 0.0039 0.7426 -0.6585
4525.0000 -3957.1996 -5812.2784 -568.9669 -0.1216 0.0037 0.7432 -0.6579
4526.0000 -3957.4546 -5814.5737 -569.3601 -0.1214 0.0040 0.7438 -0.6573
4527.0000 -3957.7198 -5816.8739 -569.7428 -0.1217 0.0042 0.7441 -0.6569
4528.0000 -3957.9725 -5819.1618 -570.1258 -0.1225 0.0044 0.7444 -0.6564
4529.0000 -3958.2207 -5821.4340 -570.5107 -0.1230 0.0047 0.7448 -0.6559
4530.0000 -3958.4776 -5823.7212 -570.9148 -0.1230 0.0048 0.7452 -0.6554
4531.0000 -3958.7490 -5826.0131 -571.3279 -0.1229 0.0048 0.7457 -0.6549
4532.0000 -3959.0165 -5828.3273 -571.7310 -0.1230 0.0048 0.7461 -0.6543
4533.0000 -3959.2774 -5830.6264 -572.1210 -0.1231 0.0046 0.7465 -0.6539
4534.0000 -3959.5378 -5832.9153 -572.5286 -0.1228 0.0041 0.7469 -0.6534
4535.0000 -3959.8052 -5835.2136 -572.9369 -0.1223 0.0035 0.7473 -0.6531
4536.0000 -3960.0879 -5837.5226 -573.3525 -0.1224 0.0030 0.7477 -0.6527
4537.0000 -3960.3789 -5839.8318 -573.7688 -0.1232 0.0033 0.7481 -0.6520
4538.0000 -3960.6671 -5842.1529 -574.1599 -0.1237 0.0042 0.7487 -0.6513
4539.0000 -3960.9565 -5844.4454 -574.5445 -0.1240 0.0047 0.7491 -0.6507
4540.0000 -3961.2444 -5846.7466 -574.9578 -0.1240 0.0046 0.7495 -0.6502
4541.0000 -3961.5356 -5849.0758 -575.3875 -0.1235 0.0040 0.7501 -0.6497
4542.0000 -3961.8420 -5851.4052 -575.8232 -0.1232 0.0030 0.7506 -0.6491
4543.0000 -3962.1419 -5853.7143 -576.2434 -0.1234 0.0027 0.7512 -0.6484
4544.0000 -3962.4501 -5856.0136 -576.6415 -0.1238 0.0035 0.7518 -0.6477
4545.0000 -3962.7679 -5858.3274 -577.0235 -0.1235 0.0041 0.7523 -0.6471
4546.0000 -3963.0924 -5860.6736 -577.4334 -0.1223 0.0028 0.7529 -0.6467
4547.0000 -3963.3934 -5862.9953 -577.8925 -0.1220 0.0011 0.7535 -0.6461
4548.0000 -3963.7030 -5865.3148 -578.3483 -0.1230 0.0006 0.7541 -0.6452
4549.0000 -3964.0446 -5867.6463 -578.7443 -0.1241 0.0013 0.7545 -0.6445
4550.0000 -3964.3925 -5869.9837 -579.1298 -0.1241 0.0018 0.7550 -0.6439
4551.0000 -3964.7266 -5872.3092 -579.5532 -0.1235 0.0015 0.7556 -0.6433
4552.0000 -3965.0557 -5874.6251 -580.0058 -0.1227 0.0007 0.7561 -0.6428
4553.0000 -3965.3934 -5876.9488 -580.4576 -0.1225 -0.0002 0.7567 -0.6422
4554.0000 -3965.7433 -5879.2905 -580.8897 -0.1228 -0.0003 0.7573 -0.6414
4555.0000 -3966.1025 -5881.6357 -581.2934 -0.1231 0.0001 0.7580 -0.6405
4556.0000 -3966.4664 -5883.9653 -581.7153 -0.1239 0.0003 0.7586 -0.6396
4557.0000 -3966.8263 -5886.2839 -582.1455 -0.1249 0.0006 0.7593 -0.6387
4558.0000 -3967.1947 -5888.6104 -582.5794 -0.1249 0.0007 0.7599 -0.6379
4559.0000 -3967.5723 -5890.9350 -583.0269 -0.1244 0.0004 0.7606 -0.6372
4560.0000 -3967.9479 -5893.2617 -583.4763 -0.1240 -0.0002 0.7613 -0.6364
4561.0000 -3968.3343 -5895.5809 -583.8992 -0.1237 -0.0011 0.7621 -0.6356
4562.0000 -3968.7176 -5897.8788 -584.3260 -0.1244 -0.0017 0.7627 -0.6347
4563.0000 -3969.1074 -5900.1790 -584.7534 -0.1254 -0.0015 0.7631 -0.6339
4564.0000 -3969.5023 -5902.4896 -585.1718 -0.1254 -0.0012 0.7637 -0.6333
4565.0000 -3969.8956 -5904.7868 -585.6103 -0.1245 -0.0012 0.7644 -0.6326
4566.0000 -3970.2965 -5907.0790 -586.0660 -0.1240 -0.0017 0.7652 -0.6318
4567.0000 -3970.6976 -5909.3632 -586.5191 -0.1244 -0.0023 0.7657 -0.6311
4568.0000 -3971.1145 -5911.6497 -586.9489 -0.1254 -0.0026 0.7661 -0.6303
4569.0000 -3971.5374 -5913.9264 -587.3545 -0.1260 -0.0021 0.7667 -0.6295
4570.0000 -3971.9604 -5916.2011 -587.7715 -0.1257 -0.0013 0.7673 -0.6288
4571.0000 -3972.3693 -5918.4804 -588.2217 -0.1252 -0.0015 0.7679 -0.6282
4572.0000 -3972.7892 -5920.7455 -588.6918 -0.1252 -0.0024 0.7685 -0.6274
4573.0000 -3973.2145 -5923.0073 -589.1284 -0.1251 -0.0029 0.7691 -0.6267
4574.0000 -3973.6485 -5925.2607 -589.5451 -0.1247 -0.0029 0.7698 -0.6260
4575.0000 -3974.0833 -5927.5242 -589.9752 -0.1245 -0.0028 0.7703 -0.6254
4576.0000 -3974.5192 -5929.7650 -590.4221 -0.1249 -0.0028 0.7708 -0.6247
4577.0000 -3974.9586 -5932.0093 -590.8696 -0.1259 -0.0025 0.7712 -0.6240
4578.0000 -3975.4088 -5934.2564 -591.2856 -0.1264 -0.0027 0.7716 -0.6234
4579.0000 -3975.8692 -5936.5016 -591.7147 -0.1256 -0.0028 0.7722 -0.6229
4580.0000 -3976.3169 -5938.7423 -592.1731 -0.1244 -0.0029 0.7728 -0.6224
4581.0000 -3976.7586 -5940.9782 -592.6392 -0.1239 -0.0035 0.7732 -0.6219
4582.0000 -3977.1968 -5943.2024 -593.0849 -0.1248 -0.0040 0.7735 -0.6214
4583.0000 -3977.6685 -5945.4357 -593.4884 -0.1257 -0.0042 0.7737 -0.6209
4584.0000 -3978.1395 -5947.6708 -593.9033 -0.1258 -0.0042 0.7741 -0.6204
4585.0000 -3978.6018 -5949.8931 -594.3535 -0.1249 -0.0039 0.7746 -0.6199
4586.0000 -3979.0553 -5952.1096 -594.8145 -0.1240 -0.0039 0.7751 -0.6196
4587.0000 -3979.5210 -5954.3394 -595.2842 -0.1238 -0.0047 0.7753 -0.6193
4588.0000 -3979.9879 -5956.5641 -595.7273 -0.1245 -0.0050 0.7756 -0.6188
4589.0000 -3980.4685 -5958.7892 -596.1399 -0.1251 -0.0045 0.7760 -0.6182
4590.0000 -3980.9545 -5961.0132 -596.5602 -0.1252 -0.0037 0.7764 -0.6177
4591.0000 -3981.4323 -5963.2225 -597.0136 -0.1250 -0.0032 0.7768 -0.6173
4592.0000 -3981.9126 -5965.4425 -597.4691 -0.1250 -0.0035 0.7771 -0.6168
4593.0000 -3982.3956 -5967.6712 -597.9269 -0.1257 -0.0043 0.7773 -0.6164
4594.0000 -3982.8755 -5969.8829 -598.3741 -0.1261 -0.0043 0.7778 -0.6157
4595.0000 -3983.3613 -5972.0997 -598.7999 -0.1257 -0.0038 0.7783 -0.6151
4596.0000 -3983.8606 -5974.3154 -599.2401 -0.1254 -0.0039 0.7788 -0.6146
4597.0000 -3984.3547 -5976.5304 -599.6900 -0.1255 -0.0049 0.7792 -0.6141
4598.0000 -3984.8449 -5978.7512 -600.1556 -0.1256 -0.0056 0.7796 -0.6135
4599.0000 -3985.3512 -5980.9608 -600.6053 -0.1256 -0.0057 0.7801 -0.6129
4600.0000 -3985.8641 -5983.1700 -601.0498 -0.1254 -0.0055 0.7805 -0.6124
4601.0000 -3986.3713 -5985.3937 -601.5004 -0.1256 -0.0051 0.7809 -0.6118
4602.0000 -3986.8698 -5987.6055 -601.9574 -0.1261 -0.0051 0.7815 -0.6110
4603.0000 -3987.3805 -5989.7994 -602.4007 -0.1260 -0.0049 0.7820 -0.6104
4604.0000 -3987.9042 -5992.0045 -602.8403 -0.1254 -0.0055 0.7824 -0.6100
4605.0000 -3988.4242 -5994.2104 -603.3097 -0.1252 -0.0059 0.7828 -0.6096
4606.0000 -3988.9455 -5996.4165 -603.7679 -0.1253 -0.0061 0.7832 -0.6090
4607.0000 -3989.4692 -5998.6315 -604.2138 -0.1256 -0.0065 0.7836 -0.6084
4608.0000 -3990.0030 -6000.8222 -604.6563 -0.1259 -0.0070 0.7841 -0.6076
4609.0000 -3990.5332 -6003.0110 -605.1184 -0.1260 -0.0070 0.7847 -0.6069
4610.0000 -3991.0775 -6005.2227 -605.5872 -0.1255 -0.0070 0.7854 -0.6061
4611.0000 -3991.6239 -6007.4281 -606.0595 -0.1253 -0.0067 0.7860 -0.6054
4612.0000 -3992.1668 -6009.6120 -606.4958 -0.1255 -0.0065 0.7865 -0.6046
4613.0000 -3992.7156 -6011.8039 -606.9400 -0.1262 -0.0070 0.7869 -0.6040
4614.0000 -3993.2668 -6014.0052 -607.4253 -0.1272 -0.0070 0.7874 -0.6032
4615.0000 -3993.8364 -6016.2094 -607.8859 -0.1268 -0.0066 0.7880 -0.6024
4616.0000 -3994.3908 -6018.3955 -608.3509 -0.1257 -0.0065 0.7886 -0.6019
4617.0000 -3994.9551 -6020.5761 -608.8077 -0.1251 -0.0068 0.7891 -0.6014
4618.0000 -3995.5260 -6022.7551 -609.2644 -0.1260 -0.0076 0.7894 -0.6008
4619.0000 -3996.0921 -6024.9548 -609.7364 -0.1270 -0.0080 0.7898 -0.6000
4620.0000 -3996.6617 -6027.1560 -610.2056 -0.1273 -0.0074 0.7904 -0.5992
4621.0000 -3997.2424 -6029.3367 -610.6542 -0.1263 -0.0070 0.7910 -0.5986
4622.0000 -3997.8337 -6031.5169 -611.1086 -0.1248 -0.0078 0.7915 -0.5983
4623.0000 -3998.4176 -6033.6970 -611.5833 -0.1240 -0.0089 0.7919 -0.5979
4624.0000 -3999.0014 -6035.8921 -612.0618 -0.1245 -0.0095 0.7923 -0.5973
4625.0000 -3999.5927 -6038.0799 -612.5185 -0.1255 -0.0095 0.7926 -0.5966
4626.0000 -4000.1918 -6040.2631 -612.9734 -0.1264 -0.0093 0.7930 -0.5959
4627.0000 -4000.7887 -6042.4304 -613.4395 -0.1264 -0.0084 0.7935 -0.5952
4628.0000 -4001.3919 -6044.6103 -613.9010 -0.1255 -0.0078 0.7941 -0.5946
4629.0000 -4002.0103 -6046.8088 -614.3756 -0.1251 -0.0082 0.7945 -0.5942
4630.0000 -4002.6177 -6048.9866 -614.8514 -0.1257 -0.0087 0.7948 -0.5936
4631.0000 -4003.2190 -6051.1636 -615.3201 -0.1264 -0.0093 0.7952 -0.5929
4632.0000 -4003.8404 -6053.3565 -615.7940 -0.1267 -0.0098 0.7958 -0.5921
4633.0000 -4004.4596 -6055.5378 -616.2572 -0.1267 -0.0098 0.7962 -0.5916
4634.0000 -4005.0761 -6057.6922 -616.7349 -0.1260 -0.0096 0.7966 -0.5911
4635.0000 -4005.6996 -6059.8563 -617.2251 -0.1259 -0.0097 0.7971 -0.5905
4636.0000 -4006.3300 -6062.0467 -617.7023 -0.1268 -0.0099 0.7975 -0.5898
4637.0000 -4006.9620 -6064.2411 -618.1670 -0.1273 -0.0101 0.7978 -0.5892
4638.0000 -4007.5992 -6066.4017 -618.6303 -0.1268 -0.0095 0.7985 -0.5884
4639.0000 -4008.2397 -6068.5673 -619.1222 -0.1260 -0.0095 0.7990 -0.5878
4640.0000 -4008.8800 -6070.7298 -619.6248 -0.1262 -0.0103 0.7993 -0.5874
4641.0000 -4009.5269 -6072.9052 -620.1040 -0.1266 -0.0106 0.7997 -0.5868
4642.0000 -4010.1803 -6075.0796 -620.5601 -0.1263 -0.0111 0.8001 -0.5863
4643.0000 -4010.8169 -6077.2442 -621.0389 -0.1261 -0.0114 0.8006 -0.5856
4644.0000 -4011.4780 -6079.4152 -621.5316 -0.1259 -0.0112 0.8011 -0.5850
4645.0000 -4012.1506 -6081.5929 -622.0148 -0.1261 -0.0111 0.8015 -0.5844
4646.0000 -4012.8125 -6083.7654 -622.4947 -0.1265 -0.0114 0.8019 -0.5839
4647.0000 -4013.4655 -6085.9198 -622.9733 -0.1269 -0.0117 0.8023 -0.5832
4648.0000 -4014.1321 -6088.0763 -623.4615 -0.1272 -0.0121 0.8028 -0.5824
4649.0000 -4014.8095 -6090.2406 -623.9451 -0.1273 -0.0120 0.8034 -0.5816
4650.0000 -4015.4851 -6092.4189 -624.4349 -0.1271 -0.0114 0.8039 -0.5809
4651.0000 -4016.1704 -6094.5831 -624.9346 -0.1270 -0.0104 0.8045 -0.5802
4652.0000 -4016.8668 -6096.7416 -625.4043 -0.1272 -0.0101 0.8049 -0.5795
4653.0000 -4017.5551 -6098.8788 -625.8832 -0.1271 -0.0107 0.8054 -0.5789
4654.0000 -4018.2374 -6101.0374 -626.3876 -0.1268 -0.0121 0.8059 -0.5783
4655.0000 -4018.9286 -6103.2138 -626.8905 -0.1270 -0.0127 0.8064 -0.5774
4656.0000 -4019.6242 -6105.3919 -627.3842 -0.1279 -0.0126 0.8069 -0.5765
4657.0000 -4020.3386 -6107.5481 -627.8560 -0.1281 -0.0126 0.8074 -0.5758
4658.0000 -4021.0490 -6109.6953 -628.3481 -0.1278 -0.0122 0.8080 -0.5751
4659.0000 -4021.7569 -6111.8455 -628.8647 -0.1275 -0.0117 0.8084 -0.5745
4660.0000 -4022.4823 -6114.0035 -629.3666 -0.1274 -0.0121 0.8088 -0.5740
4661.0000 -4023.2063 -6116.1562 -629.8513 -0.1274 -0.0124 0.8093 -0.5733
4662.0000 -4023.9220 -6118.3119 -630.3449 -0.1273 -0.0126 0.8098 -0.5727
4663.0000 -4024.6488 -6120.4701 -630.8398 -0.1269 -0.0132 0.8102 -0.5721
4664.0000 -4025.3774 -6122.6253 -631.3421 -0.1266 -0.0140 0.8107 -0.5715
4665.0000 -4026.1082 -6124.7696 -631.8385 -0.1262 -0.0140 0.8111 -0.5709
4666.0000 -4026.8381 -6126.9195 -632.3291 -0.1262 -0.0138 0.8116 -0.5703
4667.0000 -4027.5761 -6129.0745 -632.8228 -0.1264 -0.0141 0.8120 -0.5697
4668.0000 -4028.3256 -6131.2238 -633.3195 -0.1270 -0.0147 0.8124 -0.5689
4669.0000 -4029.0766 -6133.3712 -633.8268 -0.1275 -0.0147 0.8129 -0.5680
4670.0000 -4029.8287 -6135.5222 -634.3311 -0.1279 -0.0145 0.8134 -0.5673
4671.0000 -4030.5733 -6137.6501 -634.8343 -0.1281 -0.0143 0.8138 -0.5667
4672.0000 -4031.3258 -6139.7723 -635.3202 -0.1273 -0.0140 0.8144 -0.5660
4673.0000 -4032.0975 -6141.9257 -635.8258 -0.1267 -0.0143 0.8149 -0.5655
4674.0000 -4032.8730 -6144.0843 -636.3494 -0.1271 -0.0150 0.8153 -0.5648
4675.0000 -4033.6438 -6146.2199 -636.8596 -0.1279 -0.0151 0.8157 -0.5640
4676.0000 -4034.4107 -6148.3500 -637.3416 -0.1282 -0.0143 0.8162 -0.5632
4677.0000 -4035.1822 -6150.4843 -637.8374 -0.1281 -0.0143 0.8167 -0.5626
4678.0000 -4035.9683 -6152.6265 -638.3781 -0.1286 -0.0149 0.8170 -0.5619
4679.0000 -4036.7576 -6154.7575 -638.8965 -0.1284 -0.0151 0.8176 -0.5611
4680.0000 -4037.5469 -6156.8858 -639.3875 -0.1274 -0.0156 0.8182 -0.5605
4681.0000 -4038.3283 -6159.0312 -639.8959 -0.1268 -0.0162 0.8187 -0.5599
4682.0000 -4039.1204 -6161.1787 -640.4204 -0.1271 -0.0171 0.8191 -0.5592
4683.0000 -4039.9300 -6163.3100 -640.9420 -0.1279 -0.0171 0.8194 -0.5584
4684.0000 -4040.7439 -6165.4338 -641.4441 -0.1282 -0.0170 0.8199 -0.5578
4685.0000 -4041.5500 -6167.5683 -641.9518 -0.1278 -0.0168 0.8204 -0.5571
4686.0000 -4042.3505 -6169.7114 -642.4696 -0.1271 -0.0169 0.8209 -0.5565
4687.0000 -4043.1632 -6171.8469 -643.0009 -0.1270 -0.0172 0.8213 -0.5559
4688.0000 -4043.9830 -6173.9692 -643.5204 -0.1274 -0.0171 0.8217 -0.5552
4689.0000 -4044.8176 -6176.0890 -644.0226 -0.1275 -0.0171 0.8222 -0.5545
4690.0000 -4045.6487 -6178.2321 -644.5440 -0.1277 -0.0174 0.8226 -0.5538
4691.0000 -4046.4743 -6180.3718 -645.0800 -0.1279 -0.0173 0.8231 -0.5530
4692.0000 -4047.3030 -6182.4835 -645.5890 -0.1277 -0.0173 0.8236 -0.5524
4693.0000 -4048.1373 -6184.5973 -646.1110 -0.1279 -0.0176 0.8240 -0.5517
4694.0000 -4048.9790 -6186.7266 -646.6418 -0.1283 -0.0175 0.8244 -0.5509
4695.0000 -4049.8439 -6188.8639 -647.1625 -0.1287 -0.0176 0.8249 -0.5501
4696.0000 -4050.6987 -6190.9840 -647.6912 -0.1286 -0.0178 0.8255 -0.5493
4697.0000 -4051.5413 -6193.1089 -648.2097 -0.1279 -0.0185 0.8260 -0.5487
4698.0000 -4052.3981 -6195.2478 -648.7493 -0.1271 -0.0193 0.8265 -0.5481
4699.0000 -4053.2673 -6197.3743 -649.2813 -0.1270 -0.0198 0.8270 -0.5474
4700.0000 -4054.1317 -6199.4865 -649.8095 -0.1275 -0.0198 0.8273 -0.5468
4701.0000 -4054.9941 -6201.6116 -650.3275 -0.1282 -0.0195 0.8276 -0.5462
4702.0000 -4055.8747 -6203.7350 -650.8658 -0.1284 -0.0196 0.8281 -0.5454
4703.0000 -4056.7639 -6205.8644 -651.4007 -0.1278 -0.0194 0.8288 -0.5445
4704.0000 -4057.6469 -6207.9932 -651.9499 -0.1275 -0.0192 0.8294 -0.5436
4705.0000 -4058.5365 -6210.1093 -652.4783 -0.1283 -0.0189 0.8298 -0.5428
4706.0000 -4059.4275 -6212.2376 -653.0083 -0.1294 -0.0191 0.8300 -0.5422
4707.0000 -4060.3359 -6214.3636 -653.5398 -0.1297 -0.0191 0.8304 -0.5416
4708.0000 -4061.2347 -6216.4791 -654.0981 -0.1293 -0.0198 0.8309 -0.5408
4709.0000 -4062.1387 -6218.5986 -654.6410 -0.1282 -0.0208 0.8315 -0.5401
4710.0000 -4063.0505 -6220.7142 -655.1843 -0.1270 -0.0211 0.8321 -0.5394
4711.0000 -4063.9586 -6222.8373 -655.7250 -0.1269 -0.0211 0.8326 -0.5387
4712.0000 -4064.8803 -6224.9653 -656.2608 -0.1276 -0.0205 0.8330 -0.5380
4713.0000 -4065.8223 -6227.0894 -656.7941 -0.1285 -0.0200 0.8334 -0.5371
4714.0000 -4066.7524 -6229.2060 -657.3354 -0.1293 -0.0202 0.8338 -0.5363
4715.0000 -4067.6767 -6231.3303 -657.8886 -0.1292 -0.0209 0.8343 -0.5356
4716.0000 -4068.6037 -6233.4404 -658.4450 -0.1284 -0.0212 0.8348 -0.5350
4717.0000 -4069.5392 -6235.5504 -658.9923 -0.1280 -0.0212 0.8353 -0.5342
4718.0000 -4070.4960 -6237.6627 -659.5346 -0.1281 -0.0216 0.8358 -0.5334
4719.0000 -4071.4656 -6239.7944 -660.0860 -0.1283 -0.0218 0.8364 -0.5325
4720.0000 -4072.4271 -6241.9195 -660.6357 -0.1281 -0.0224 0.8370 -0.5316
4721.0000 -4073.3723 -6244.0370 -661.1853 -0.1282 -0.0231 0.8375 -0.5306
4722.0000 -4074.3376 -6246.1382 -661.7505 -0.1282 -0.0236 0.8382 -0.5295
4723.0000 -4075.3105 -6248.2361 -662.3128 -0.1278 -0.0237 0.8389 -0.5285
4724.0000 -4076.2869 -6250.3499 -662.8569 -0.1268 -0.0234 0.8397 -0.5275
4725.0000 -4077.2752 -6252.4854 -663.4207 -0.1270 -0.0232 0.8402 -0.5267
4726.0000 -4078.2598 -6254.6079 -663.9848 -0.1285 -0.0233 0.8405 -0.5258
4727.0000 -4079.2421 -6256.7073 -664.5344 -0.1299 -0.0233 0.8409 -0.5248
4728.0000 -4080.2459 -6258.8076 -665.0885 -0.1296 -0.0237 0.8415 -0.5240
4729.0000 -4081.2677 -6260.9237 -665.6572 -0.1277 -0.0245 0.8421 -0.5234
4730.0000 -4082.2669 -6263.0194 -666.2366 -0.1267 -0.0256 0.8426 -0.5227
4731.0000 -4083.2624 -6265.1251 -666.8058 -0.1273 -0.0266 0.8430 -0.5219
4732.0000 -4084.2690 -6267.2336 -667.3656 -0.1288 -0.0265 0.8434 -0.5209
4733.0000 -4085.3088 -6269.3518 -667.9312 -0.1294 -0.0248 0.8438 -0.5202
4734.0000 -4086.3450 -6271.4630 -668.4796 -0.1285 -0.0232 0.8444 -0.5196
4735.0000 -4087.3664 -6273.5539 -669.0483 -0.1280 -0.0232 0.8450 -0.5187
4736.0000 -4088.4014 -6275.6460 -669.6261 -0.1282 -0.0246 0.8453 -0.5181
4737.0000 -4089.4446 -6277.7628 -670.2102 -0.1284 -0.0258 0.8456 -0.5175
4738.0000 -4090.4980 -6279.8903 -670.7827 -0.1286 -0.0260 0.8459 -0.5169
4739.0000 -4091.5362 -6281.9910 -671.3471 -0.1288 -0.0254 0.8464 -0.5161
4740.0000 -4092.5970 -6284.0945 -671.9139 -0.1287 -0.0250 0.8469 -0.5154
4741.0000 -4093.6607 -6286.2062 -672.4960 -0.1288 -0.0249 0.8472 -0.5148
4742.0000 -4094.7275 -6288.3297 -673.0822 -0.1288 -0.0254 0.8474 -0.5144
4743.0000 -4095.7957 -6290.4438 -673.6632 -0.1287 -0.0262 0.8477 -0.5140
4744.0000 -4096.8635 -6292.5607 -674.2389 -0.1284 -0.0265 0.8482 -0.5132
4745.0000 -4097.9326 -6294.6618 -674.8201 -0.1289 -0.0265 0.8487 -0.5123
4746.0000 -4099.0173 -6296.7772 -675.4022 -0.1296 -0.0262 0.8490 -0.5116
4747.0000 -4100.1078 -6298.8997 -675.9858 -0.1292 -0.0263 0.8493 -0.5112
4748.0000 -4101.2074 -6301.0215 -676.5886 -0.1284 -0.0270 0.8496 -0.5108
4749.0000 -4102.2987 -6303.1398 -677.1850 -0.1280 -0.0277 0.8501 -0.5101
4750.0000 -4103.3988 -6305.2694 -677.7696 -0.1280 -0.0278 0.8505 -0.5094
4751.0000 -4104.4966 -6307.3899 -678.3465 -0.1283 -0.0272 0.8509 -0.5087
4752.0000 -4105.6022 -6309.4952 -678.9258 -0.1286 -0.0270 0.8512 -0.5081
4753.0000 -4106.7158 -6311.6183 -679.5261 -0.1286 -0.0274 0.8515 -0.5076
4754.0000 -4107.8357 -6313.7476 -680.1289 -0.1286 -0.0280 0.8519 -0.5070
4755.0000 -4108.9606 -6315.8668 -680.7239 -0.1286 -0.0287 0.8522 -0.5063
4756.0000 -4110.0811 -6317.9768 -681.3015 -0.1285 -0.0284 0.8527 -0.5056
4757.0000 -4111.1973 -6320.0897 -681.8849 -0.1283 -0.0281 0.8529 -0.5053
4758.0000 -4112.3248 -6322.2080 -682.4794 -0.1282 -0.0289 0.8531 -0.5050
4759.0000 -4113.4709 -6324.3387 -683.0898 -0.1283 -0.0300 0.8533 -0.5045
4760.0000 -4114.6052 -6326.4651 -683.7001 -0.1284 -0.0300 0.8538 -0.5037
4761.0000 -4115.7475 -6328.5793 -684.2976 -0.1285 -0.0294 0.8542 -0.5029
4762.0000 -4116.8816 -6330.6848 -684.8815 -0.1288 -0.0288 0.8544 -0.5025
4763.0000 -4118.0165 -6332.7933 -685.4643 -0.1288 -0.0289 0.8546 -0.5022
4764.0000 -4119.1661 -6334.9063 -686.0801 -0.1289 -0.0290 0.8550 -0.5015
4765.0000 -4120.3146 -6337.0234 -686.6891 -0.1292 -0.0293 0.8554 -0.5008
4766.0000 -4121.4732 -6339.1314 -687.2915 -0.1293 -0.0295 0.8557 -0.5002
4767.0000 -4122.6345 -6341.2423 -687.8878 -0.1292 -0.0293 0.8559 -0.4998
4768.0000 -4123.8003 -6343.3478 -688.4838 -0.1289 -0.0289 0.8564 -0.4992
4769.0000 -4124.9673 -6345.4583 -689.0856 -0.1289 -0.0285 0.8567 -0.4986
4770.0000 -4126.1381 -6347.5756 -689.6827 -0.1294 -0.0287 0.8569 -0.4981
4771.0000 -4127.3055 -6349.6738 -690.2939 -0.1294 -0.0294 0.8571 -0.4977
4772.0000 -4128.4708 -6351.7807 -690.9101 -0.1288 -0.0299 0.8574 -0.4974
4773.0000 -4129.6526 -6353.8932 -691.5125 -0.1284 -0.0298 0.8577 -0.4970
4774.0000 -4130.8456 -6356.0044 -692.1004 -0.1287 -0.0295 0.8580 -0.4964
4775.0000 -4132.0302 -6358.1092 -692.6905 -0.1295 -0.0294 0.8581 -0.4960
4776.0000 -4133.2015 -6360.2088 -693.2906 -0.1300 -0.0301 0.8582 -0.4956
4777.0000 -4134.3795 -6362.3110 -693.9136 -0.1295 -0.0309 0.8585 -0.4953
4778.0000 -4135.5581 -6364.4111 -694.5377 -0.1283 -0.0310 0.8588 -0.4950
4779.0000 -4136.7648 -6366.5137 -695.1426 -0.1280 -0.0303 0.8590 -0.4947
4780.0000 -4137.9640 -6368.6240 -695.7292 -0.1286 -0.0292 0.8591 -0.4946
4781.0000 -4139.1485 -6370.7259 -696.3187 -0.1294 -0.0289 0.8591 -0.4943
4782.0000 -4140.3460 -6372.8231 -696.9271 -0.1299 -0.0296 0.8592 -0.4940
4783.0000 -4141.5370 -6374.9147 -697.5597 -0.1296 -0.0304 0.8594 -0.4936
4784.0000 -4142.7223 -6377.0176 -698.1751 -0.1284 -0.0301 0.8598 -0.4932
4785.0000 -4143.9263 -6379.1227 -698.7713 -0.1278 -0.0292 0.8601 -0.4930
4786.0000 -4145.1385 -6381.2354 -699.3656 -0.1291 -0.0289 0.8600 -0.4928
4787.0000 -4146.3458 -6383.3387 -699.9845 -0.1312 -0.0286 0.8600 -0.4923
4788.0000 -4147.5504 -6385.4289 -700.6030 -0.1319 -0.0280 0.8602 -0.4918
4789.0000 -4148.7454 -6387.5231 -701.2080 -0.1307 -0.0280 0.8606 -0.4914
4790.0000 -4149.9505 -6389.6173 -701.8280 -0.1298 -0.0289 0.8609 -0.4911
4791.0000 -4151.1676 -6391.7194 -702.4498 -0.1297 -0.0295 0.8611 -0.4907
4792.0000 -4152.3803 -6393.8227 -703.0542 -0.1292 -0.0294 0.8615 -0.4902
4793.0000 -4153.5933 -6395.9139 -703.6433 -0.1284 -0.0296 0.8619 -0.4896
4794.0000 -4154.8164 -6398.0185 -704.2453 -0.1284 -0.0302 0.8623 -0.4889
4795.0000 -4156.0394 -6400.1149 -704.8652 -0.1295 -0.0315 0.8626 -0.4881
4796.0000 -4157.2644 -6402.2024 -705.4932 -0.1300 -0.0322 0.8630 -0.4872
4797.0000 -4158.4928 -6404.2731 -706.1034 -0.1290 -0.0321 0.8638 -0.4859
4798.0000 -4159.7275 -6406.3600 -706.6967 -0.1280 -0.0321 0.8646 -0.4848
4799.0000 -4160.9691 -6408.4505 -707.3025 -0.1275 -0.0330 0.8652 -0.4838
4800.0000 -4162.2151 -6410.5326 -707.9288 -0.1276 -0.0339 0.8658 -0.4827
4801.0000 -4163.4733 -6412.5998 -708.5594 -0.1284 -0.0346 0.8663 -0.4815
4802.0000 -4164.7360 -6414.6625 -709.1968 -0.1294 -0.0342 0.8670 -0.4800
4803.0000 -4165.9975 -6416.7170 -709.7903 -0.1291 -0.0330 0.8679 -0.4786
4804.0000 -4167.2670 -6418.7858 -710.3926 -0.1279 -0.0324 0.8687 -0.4775
4805.0000 -4168.5337 -6420.8528 -711.0168 -0.1269 -0.0341 0.8692 -0.4767
4806.0000 -4169.8099 -6422.9083 -711.6497 -0.1265 -0.0360 0.8695 -0.4760
4807.0000 -4171.0866 -6424.9407 -712.2753 -0.1279 -0.0356 0.8701 -0.4747
4808.0000 -4172.3905 -6426.9688 -712.8695 -0.1303 -0.0339 0.8706 -0.4732
4809.0000 -4173.6896 -6429.0119 -713.4700 -0.1315 -0.0328 0.8711 -0.4721
4810.0000 -4174.9873 -6431.0523 -714.0995 -0.1304 -0.0329 0.8718 -0.4711
4811.0000 -4176.2740 -6433.0837 -714.7478 -0.1287 -0.0331 0.8726 -0.4701
4812.0000 -4177.5859 -6435.1178 -715.3889 -0.1290 -0.0334 0.8730 -0.4691
4813.0000 -4178.9096 -6437.1520 -716.0030 -0.1303 -0.0341 0.8733 -0.4682
4814.0000 -4180.2290 -6439.1773 -716.6169 -0.1307 -0.0347 0.8738 -0.4672
4815.0000 -4181.5521 -6441.1985 -717.2328 -0.1288 -0.0354 0.8745 -0.4662
4816.0000 -4182.8690 -6443.2087 -717.8768 -0.1284 -0.0359 0.8751 -0.4651
4817.0000 -4184.1933 -6445.2298 -718.5128 -0.1298 -0.0365 0.8755 -0.4641
4818.0000 -4185.5290 -6447.2470 -719.1342 -0.1303 -0.0370 0.8759 -0.4631
4819.0000 -4186.8666 -6449.2463 -719.7474 -0.1287 -0.0373 0.8767 -0.4621
4820.0000 -4188.2175 -6451.2462 -720.3754 -0.1269 -0.0381 0.8772 -0.4614
4821.0000 -4189.5711 -6453.2530 -721.0288 -0.1268 -0.0392 0.8775 -0.4608
4822.0000 -4190.9198 -6455.2429 -721.6590 -0.1277 -0.0390 0.8781 -0.4595
4823.0000 -4192.2844 -6457.2345 -722.2499 -0.1277 -0.0378 0.8787 -0.4583
4824.0000 -4193.6506 -6459.2167 -722.8537 -0.1272 -0.0373 0.8793 -0.4575
4825.0000 -4195.0159 -6461.1912 -723.4810 -0.1269 -0.0372 0.8798 -0.4567
4826.0000 -4196.3781 -6463.1605 -724.1145 -0.1273 -0.0365 0.8803 -0.4555
4827.0000 -4197.7551 -6465.1405 -724.7299 -0.1265 -0.0358 0.8809 -0.4546
4828.0000 -4199.1268 -6467.1202 -725.3399 -0.1247 -0.0358 0.8814 -0.4541
4829.0000 -4200.5119 -6469.1075 -725.9587 -0.1252 -0.0364 0.8814 -0.4540
4830.0000 -4201.8928 -6471.0769 -726.5797 -0.1283 -0.0361 0.8809 -0.4541
4831.0000 -4203.2917 -6473.0308 -727.1970 -0.1306 -0.0353 0.8804 -0.4546
4832.0000 -4204.6678 -6474.9877 -727.8130 -0.1306 -0.0343 0.8802 -0.4551
4833.0000 -4206.0325 -6476.9437 -728.4301 -0.1290 -0.0336 0.8804 -0.4552
4834.0000 -4207.4002 -6478.9148 -729.0442 -0.1270 -0.0334 0.8805 -0.4554
4835.0000 -4208.7732 -6480.9083 -729.6738 -0.1264 -0.0334 0.8804 -0.4559
4836.0000 -4210.1509 -6482.8855 -730.3007 -0.1270 -0.0338 0.8800 -0.4563
4837.0000 -4211.5099 -6484.8439 -730.9054 -0.1282 -0.0348 0.8797 -0.4566
4838.0000 -4212.8668 -6486.8085 -731.5030 -0.1292 -0.0355 0.8794 -0.4568
4839.0000 -4214.2500 -6488.8019 -732.1219 -0.1290 -0.0352 0.8793 -0.4571
4840.0000 -4215.6255 -6490.7740 -732.7535 -0.1282 -0.0344 0.8795 -0.4571
4841.0000 -4216.9822 -6492.7437 -733.3665 -0.1276 -0.0344 0.8795 -0.4572
4842.0000 -4218.3266 -6494.7182 -733.9872 -0.1280 -0.0353 0.8793 -0.4573
4843.0000 -4219.6766 -6496.6799 -734.6007 -0.1288 -0.0367 0.8791 -0.4575
4844.0000 -4221.0412 -6498.6468 -735.2180 -0.1292 -0.0375 0.8789 -0.4577
4845.0000 -4222.3912 -6500.6009 -735.8343 -0.1289 -0.0373 0.8790 -0.4576
4846.0000 -4223.7340 -6502.5598 -736.4317 -0.1281 -0.0369 0.8792 -0.4574
4847.0000 -4225.0760 -6504.5099 -737.0480 -0.1273 -0.0366 0.8793 -0.4574
4848.0000 -4226.4168 -6506.4421 -737.6723 -0.1275 -0.0368 0.8793 -0.4575
4849.0000 -4227.7662 -6508.3834 -738.2875 -0.1284 -0.0373 0.8792 -0.4573
4850.0000 -4229.1107 -6510.3317 -738.8696 -0.1288 -0.0376 0.8793 -0.4571
4851.0000 -4230.4388 -6512.2828 -739.4698 -0.1284 -0.0375 0.8794 -0.4570
4852.0000 -4231.7768 -6514.2237 -740.1062 -0.1285 -0.0375 0.8794 -0.4569
4853.0000 -4233.1202 -6516.1549 -740.7161 -0.1284 -0.0375 0.8795 -0.4567
4854.0000 -4234.4526 -6518.0770 -741.3110 -0.1278 -0.0374 0.8797 -0.4566
4855.0000 -4235.7776 -6519.9880 -741.9142 -0.1271 -0.0372 0.8797 -0.4567
4856.0000 -4237.1050 -6521.9100 -742.5285 -0.1269 -0.0372 0.8797 -0.4567
4857.0000 -4238.4400 -6523.8427 -743.1274 -0.1271 -0.0375 0.8798 -0.4565
4858.0000 -4239.7736 -6525.7684 -743.7283 -0.1281 -0.0378 0.8798 -0.4562
4859.0000 -4241.1047 -6527.6800 -744.3239 -0.1296 -0.0380 0.8797 -0.4559
4860.0000 -4242.4408 -6529.5841 -744.9190 -0.1302 -0.0380 0.8797 -0.4558
4861.0000 -4243.7617 -6531.4884 -745.5137 -0.1288 -0.0377 0.8799 -0.4558
4862.0000 -4245.0750 -6533.3799 -746.1107 -0.1267 -0.0375 0.8802 -0.4558
4863.0000 -4246.3780 -6535.2691 -746.7072 -0.1259 -0.0380 0.8803 -0.4557
4864.0000 -4247.6904 -6537.1668 -747.3081 -0.1270 -0.0386 0.8802 -0.4556
4865.0000 -4249.0209 -6539.0749 -747.9065 -0.1277 -0.0385 0.8802 -0.4554
4866.0000 -4250.3479 -6540.9827 -748.4913 -0.1269 -0.0383 0.8804 -0.4554
4867.0000 -4251.6555 -6542.8664 -749.0763 -0.1260 -0.0389 0.8804 -0.4555
4868.0000 -4252.9549 -6544.7297 -749.6743 -0.1269 -0.0400 0.8803 -0.4554
4869.0000 -4254.2702 -6546.5872 -750.2772 -0.1291 -0.0401 0.8801 -0.4551
4870.0000 -4255.5843 -6548.4693 -750.8798 -0.1304 -0.0377 0.8802 -0.4547
4871.0000 -4256.8810 -6550.3487 -751.4522 -0.1289 -0.0357 0.8806 -0.4546
4872.0000 -4258.1847 -6552.2243 -752.0224 -0.1256 -0.0374 0.8808 -0.4550
4873.0000 -4259.4820 -6554.0888 -752.6342 -0.1242 -0.0407 0.8807 -0.4554
4874.0000 -4260.7899 -6555.9552 -753.2434 -0.1256 -0.0422 0.8804 -0.4553
4875.0000 -4262.0972 -6557.8016 -753.8109 -0.1282 -0.0412 0.8803 -0.4548
4876.0000 -4263.3919 -6559.6555 -754.3651 -0.1297 -0.0393 0.8804 -0.4544
4877.0000 -4264.6815 -6561.5088 -754.9427 -0.1290 -0.0387 0.8805 -0.4545
4878.0000 -4265.9865 -6563.3777 -755.5580 -0.1273 -0.0397 0.8806 -0.4547
4879.0000 -4267.2860 -6565.2222 -756.1733 -0.1266 -0.0412 0.8806 -0.4547
4880.0000 -4268.5657 -6567.0621 -756.7575 -0.1273 -0.0414 0.8806 -0.4546
4881.0000 -4269.8463 -6568.8926 -757.3087 -0.1282 -0.0406 0.8806 -0.4544
4882.0000 -4271.1479 -6570.7398 -757.8753 -0.1285 -0.0400 0.8806 -0.4544
4883.0000 -4272.4286 -6572.5754 -758.4745 -0.1278 -0.0398 0.8806 -0.4545
4884.0000 -4273.7118 -6574.4098 -759.0821 -0.1265 -0.0404 0.8807 -0.4546
4885.0000 -4274.9985 -6576.2434 -759.6635 -0.1254 -0.0412 0.8807 -0.4549
4886.0000 -4276.2692 -6578.0804 -760.2388 -0.1258 -0.0415 0.8806 -0.4550
4887.0000 -4277.5389 -6579.9022 -760.8154 -0.1271 -0.0414 0.8804 -0.4551
4888.0000 -4278.8070 -6581.7121 -761.3785 -0.1278 -0.0412 0.8802 -0.4553
4889.0000 -4280.0656 -6583.5195 -761.9393 -0.1275 -0.0415 0.8801 -0.4554
4890.0000 -4281.3315 -6585.3374 -762.5249 -0.1275 -0.0417 0.8800 -0.4556
4891.0000 -4282.5853 -6587.1153 -763.1002 -0.1282 -0.0419 0.8798 -0.4558
4892.0000 -4283.8201 -6588.8950 -763.6590 -0.1290 -0.0421 0.8796 -0.4559
4893.0000 -4285.0707 -6590.6953 -764.2166 -0.1291 -0.0422 0.8795 -0.4561
4894.0000 -4286.3094 -6592.4643 -764.7717 -0.1289 -0.0421 0.8795 -0.4562
4895.0000 -4287.5365 -6594.2381 -765.3358 -0.1290 -0.0413 0.8796 -0.4561
4896.0000 -4288.7491 -6595.9766 -765.8914 -0.1298 -0.0405 0.8796 -0.4559
4897.0000 -4289.9676 -6597.7298 -766.4436 -0.1304 -0.0404 0.8794 -0.4560
4898.0000 -4291.1948 -6599.4676 -767.0082 -0.1305 -0.0406 0.8794 -0.4561
4899.0000 -4292.3960 -6601.2038 -767.5646 -0.1299 -0.0407 0.8795 -0.4561
4900.0000 -4293.5842 -6602.9331 -768.1128 -0.1293 -0.0409 0.8796 -0.4559
4901.0000 -4294.7720 -6604.6448 -768.6513 -0.1294 -0.0409 0.8797 -0.4557
4902.0000 -4295.9651 -6606.3402 -769.1837 -0.1302 -0.0409 0.8798 -0.4554
4903.0000 -4297.1464 -6608.0336 -769.7078 -0.1305 -0.0410 0.8798 -0.4552
4904.0000 -4298.3327 -6609.7424 -770.2354 -0.1295 -0.0413 0.8801 -0.4549
4905.0000 -4299.4898 -6611.4131 -770.7874 -0.1285 -0.0413 0.8804 -0.4547
4906.0000 -4300.6156 -6613.0535 -771.3319 -0.1284 -0.0412 0.8805 -0.4544
4907.0000 -4301.7668 -6614.6920 -771.8447 -0.1284 -0.0411 0.8806 -0.4543
4908.0000 -4302.9390 -6616.3502 -772.3319 -0.1282 -0.0412 0.8807 -0.4542
4909.0000 -4304.0831 -6617.9862 -772.8380 -0.1282 -0.0414 0.8808 -0.4539
4910.0000 -4305.2087 -6619.5979 -773.3667 -0.1288 -0.0418 0.8809 -0.4535
4911.0000 -4306.3304 -6621.1984 -773.8869 -0.1294 -0.0423 0.8809 -0.4533
4912.0000 -4307.4486 -6622.7965 -774.3906 -0.1296 -0.0424 0.8810 -0.4531
4913.0000 -4308.5666 -6624.3790 -774.8844 -0.1290 -0.0426 0.8811 -0.4530
4914.0000 -4309.6851 -6625.9536 -775.3823 -0.1276 -0.0430 0.8814 -0.4528
4915.0000 -4310.7840 -6627.5081 -775.8872 -0.1273 -0.0434 0.8815 -0.4527
4916.0000 -4311.8672 -6629.0487 -776.3853 -0.1278 -0.0435 0.8815 -0.4524
4917.0000 -4312.9625 -6630.5806 -776.8638 -0.1270 -0.0432 0.8818 -0.4521
4918.0000 -4314.0389 -6632.0968 -777.3104 -0.1259 -0.0429 0.8820 -0.4521
4919.0000 -4315.1061 -6633.6123 -777.7648 -0.1278 -0.0439 0.8819 -0.4517
4920.0000 -4316.1635 -6635.0964 -778.2855 -0.1316 -0.0460 0.8817 -0.4507
4921.0000 -4317.2153 -6636.5695 -778.8317 -0.1325 -0.0470 0.8822 -0.4495
4922.0000 -4318.2604 -6638.0332 -779.3238 -0.1288 -0.0458 0.8836 -0.4479
4923.0000 -4319.3518 -6639.5210 -779.7323 -0.1236 -0.0435 0.8851 -0.4467
4924.0000 -4320.4529 -6640.9989 -780.1329 -0.1225 -0.0427 0.8858 -0.4456
4925.0000 -4321.5082 -6642.4325 -780.6291 -0.1258 -0.0433 0.8860 -0.4443
4926.0000 -4322.5503 -6643.8538 -781.1697 -0.1291 -0.0438 0.8863 -0.4426
4927.0000 -4323.6056 -6645.2915 -781.6719 -0.1287 -0.0439 0.8872 -0.4409
4928.0000 -4324.7006 -6646.7372 -782.1025 -0.1255 -0.0434 0.8884 -0.4395
4929.0000 -4325.7991 -6648.1760 -782.5133 -0.1239 -0.0437 0.8893 -0.4380
4930.0000 -4326.8754 -6649.5833 -782.9856 -0.1251 -0.0440 0.8899 -0.4364
4931.0000 -4327.9299 -6650.9843 -783.4737 -0.1258 -0.0442 0.8907 -0.4347
4932.0000 -4329.0111 -6652.3928 -783.9437 -0.1248 -0.0445 0.8915 -0.4331
4933.0000 -4330.1044 -6653.7969 -784.3975 -0.1240 -0.0454 0.8923 -0.4317
4934.0000 -4331.2020 -6655.1985 -784.8607 -0.1242 -0.0464 0.8930 -0.4302
4935.0000 -4332.2980 -6656.5891 -785.3207 -0.1246 -0.0465 0.8937 -0.4286
4936.0000 -4333.3987 -6657.9613 -785.7730 -0.1246 -0.0454 0.8945 -0.4270
4937.0000 -4334.4853 -6659.3158 -786.2230 -0.1246 -0.0450 0.8952 -0.4254
4938.0000 -4335.5800 -6660.6730 -786.6763 -0.1243 -0.0450 0.8960 -0.4240
4939.0000 -4336.6795 -6662.0333 -787.1359 -0.1247 -0.0453 0.8966 -0.4225
4940.0000 -4337.7835 -6663.3779 -787.5924 -0.1256 -0.0459 0.8972 -0.4209
4941.0000 -4338.8715 -6664.6968 -788.0277 -0.1261 -0.0463 0.8979 -0.4192
4942.0000 -4339.9716 -6666.0141 -788.4724 -0.1258 -0.0469 0.8986 -0.4178
4943.0000 -4341.0666 -6667.3243 -788.9236 -0.1253 -0.0480 0.8992 -0.4165
4944.0000 -4342.1529 -6668.6280 -789.3682 -0.1246 -0.0496 0.8998 -0.4151
4945.0000 -4343.2393 -6669.9236 -789.8196 -0.1233 -0.0510 0.9006 -0.4136
4946.0000 -4344.3315 -6671.2115 -790.2686 -0.1218 -0.0514 0.9016 -0.4120
4947.0000 -4345.4324 -6672.4816 -790.7043 -0.1218 -0.0514 0.9025 -0.4099
4948.0000 -4346.5456 -6673.7318 -791.1224 -0.1232 -0.0517 0.9033 -0.4076
4949.0000 -4347.6375 -6674.9816 -791.5329 -0.1242 -0.0524 0.9043 -0.4051
4950.0000 -4348.7195 -6676.2232 -791.9702 -0.1237 -0.0537 0.9055 -0.4024
4951.0000 -4349.8129 -6677.4422 -792.4292 -0.1225 -0.0547 0.9070 -0.3992
4952.0000 -4350.9322 -6678.6463 -792.8816 -0.1220 -0.0551 0.9085 -0.3958
4953.0000 -4352.0521 -6679.8383 -793.3111 -0.1226 -0.0546 0.9100 -0.3922
4954.0000 -4353.1679 -6681.0161 -793.7139 -0.1234 -0.0535 0.9115 -0.3886
4955.0000 -4354.2933 -6682.1918 -794.1310 -0.1246 -0.0528 0.9129 -0.3851
4956.0000 -4355.4200 -6683.3451 -794.5703 -0.1250 -0.0525 0.9143 -0.3816
4957.0000 -4356.5599 -6684.4955 -795.0030 -0.1241 -0.0522 0.9160 -0.3779
4958.0000 -4357.6983 -6685.6209 -795.4297 -0.1228 -0.0521 0.9177 -0.3743
4959.0000 -4358.8401 -6686.7291 -795.8590 -0.1215 -0.0525 0.9192 -0.3708
4960.0000 -4359.9935 -6687.8119 -796.2989 -0.1225 -0.0521 0.9207 -0.3667
4961.0000 -4361.1632 -6688.9043 -796.7136 -0.1258 -0.0506 0.9223 -0.3619
4962.0000 -4362.3400 -6690.0060 -797.0791 -0.1281 -0.0485 0.9240 -0.3569
4963.0000 -4363.5154 -6691.0734 -797.4663 -0.1271 -0.0476 0.9260 -0.3524
4964.0000 -4364.6726 -6692.0926 -797.9061 -0.1239 -0.0491 0.9278 -0.3484
4965.0000 -4365.8439 -6693.0955 -798.3832 -0.1214 -0.0513 0.9297 -0.3438
4966.0000 -4367.0332 -6694.0929 -798.8153 -0.1215 -0.0530 0.9316 -0.3385
4967.0000 -4368.2266 -6695.0959 -799.1835 -0.1233 -0.0533 0.9335 -0.3324
4968.0000 -4369.4416 -6696.0893 -799.5323 -0.1244 -0.0533 0.9356 -0.3262
4969.0000 -4370.6526 -6697.0369 -799.9331 -0.1241 -0.0540 0.9377 -0.3200
4970.0000 -4371.8589 -6697.9564 -800.3736 -0.1229 -0.0556 0.9399 -0.3138
4971.0000 -4373.0776 -6698.8440 -800.7970 -0.1216 -0.0571 0.9422 -0.3070
4972.0000 -4374.3019 -6699.7103 -801.1956 -0.1209 -0.0580 0.9446 -0.2997
4973.0000 -4375.5380 -6700.5623 -801.5602 -0.1213 -0.0583 0.9469 -0.2918
4974.0000 -4376.7753 -6701.3942 -801.9297 -0.1226 -0.0587 0.9493 -0.2835
4975.0000 -4378.0159 -6702.1979 -802.3156 -0.1227 -0.0593 0.9518 -0.2748
4976.0000 -4379.2800 -6702.9634 -802.7164 -0.1212 -0.0598 0.9545 -0.2660
4977.0000 -4380.5398 -6703.6975 -803.0969 -0.1193 -0.0600 0.9570 -0.2574
4978.0000 -4381.7915 -6704.3950 -803.4572 -0.1184 -0.0598 0.9594 -0.2488
4979.0000 -4383.0511 -6705.0794 -803.8039 -0.1181 -0.0598 0.9617 -0.2400
4980.0000 -4384.3245 -6705.7353 -804.1565 -0.1174 -0.0605 0.9640 -0.2308
4981.0000 -4385.6070 -6706.3607 -804.5165 -0.1161 -0.0623 0.9663 -0.2213
4982.0000 -4386.8917 -6706.9593 -804.8899 -0.1149 -0.0637 0.9685 -0.2116
4983.0000 -4388.1814 -6707.5216 -805.2281 -0.1142 -0.0649 0.9705 -0.2020
4984.0000 -4389.4634 -6708.0511 -805.5512 -0.1138 -0.0660 0.9724 -0.1925
4985.0000 -4390.7513 -6708.5569 -805.8721 -0.1128 -0.0668 0.9745 -0.1823
4986.0000 -4392.0585 -6709.0391 -806.2064 -0.1114 -0.0679 0.9764 -0.1720
4987.0000 -4393.3699 -6709.4830 -806.5424 -0.1101 -0.0693 0.9783 -0.1614
4988.0000 -4394.6794 -6709.8944 -806.8638 -0.1089 -0.0703 0.9801 -0.1504
4989.0000 -4395.9794 -6710.2795 -807.1700 -0.1082 -0.0712 0.9818 -0.1390
4990.0000 -4397.2896 -6710.6295 -807.4721 -0.1080 -0.0718 0.9833 -0.1273
4991.0000 -4398.6058 -6710.9372 -807.7704 -0.1077 -0.0724 0.9848 -0.1153
4992.0000 -4399.9257 -6711.2149 -808.0535 -0.1067 -0.0735 0.9862 -0.1032
4993.0000 -4401.2359 -6711.4709 -808.3489 -0.1056 -0.0748 0.9874 -0.0911
4994.0000 -4402.5378 -6711.6823 -808.6362 -0.1042 -0.0761 0.9885 -0.0789
4995.0000 -4403.8351 -6711.8456 -808.9103 -0.1024 -0.0771 0.9895 -0.0666
4996.0000 -4405.1327 -6711.9781 -809.1728 -0.1005 -0.0777 0.9904 -0.0541
4997.0000 -4406.4462 -6712.0854 -809.4307 -0.0992 -0.0785 0.9911 -0.0416
4998.0000 -4407.7442 -6712.1638 -809.6762 -0.0981 -0.0791 0.9916 -0.0286
4999.0000 -4409.0439 -6712.2126 -809.9120 -0.0967 -0.0799 0.9920 -0.0156
5000.0000 -4410.3355 -6712.2120 -810.1577 -0.0948 -0.0811 0.9922 -0.0025
5001.0000 -4411.6382 -6712.1802 -810.3977 -0.0925 -0.0821 0.9923 0.0105
5002.0000 -4412.9295 -6712.1243 -810.6229 -0.0908 -0.0833 0.9921 0.0235
5003.0000 -4414.2159 -6712.0340 -810.8375 -0.0892 -0.0843 0.9918 0.0360
5004.0000 -4415.4853 -6711.8990 -811.0310 -0.0873 -0.0852 0.9913 0.0485
5005.0000 -4416.7579 -6711.7302 -811.2311 -0.0854 -0.0854 0.9908 0.0606
5006.0000 -4418.0227 -6711.5384 -811.4263 -0.0844 -0.0853 0.9901 0.0724
5007.0000 -4419.2795 -6711.3206 -811.6123 -0.0839 -0.0852 0.9892 0.0844
5008.0000 -4420.5235 -6711.0739 -811.7793 -0.0832 -0.0854 0.9882 0.0964
5009.0000 -4421.7642 -6710.7955 -811.9502 -0.0816 -0.0859 0.9870 0.1084
5010.0000 -4423.0009 -6710.4842 -812.1126 -0.0797 -0.0869 0.9857 0.1203
5011.0000 -4424.2087 -6710.1558 -812.2758 -0.0777 -0.0879 0.9843 0.1320
5012.0000 -4425.4046 -6709.8002 -812.4336 -0.0759 -0.0886 0.9827 0.1437
5013.0000 -4426.5946 -6709.4024 -812.5692 -0.0744 -0.0892 0.9810 0.1554
5014.0000 -4427.7683 -6708.9966 -812.6955 -0.0728 -0.0897 0.9791 0.1673
5015.0000 -4428.9429 -6708.5548 -812.8070 -0.0711 -0.0904 0.9771 0.1793
5016.0000 -4430.0948 -6708.0805 -812.9281 -0.0695 -0.0909 0.9748 0.1913
5017.0000 -4431.2203 -6707.5951 -813.0459 -0.0684 -0.0916 0.9725 0.2031
5018.0000 -4432.3276 -6707.0820 -813.1519 -0.0673 -0.0922 0.9699 0.2150
5019.0000 -4433.4408 -6706.5251 -813.2427 -0.0658 -0.0930 0.9672 0.2268
5020.0000 -4434.5287 -6705.9482 -813.3239 -0.0640 -0.0938 0.9644 0.2390
5021.0000 -4435.5960 -6705.3520 -813.4040 -0.0621 -0.0944 0.9614 0.2510
5022.0000 -4436.6466 -6704.7331 -813.4833 -0.0605 -0.0948 0.9583 0.2628
5023.0000 -4437.6759 -6704.0979 -813.5488 -0.0592 -0.0948 0.9551 0.2745
5024.0000 -4438.6915 -6703.4325 -813.6031 -0.0578 -0.0945 0.9519 0.2858
5025.0000 -4439.6913 -6702.7423 -813.6349 -0.0558 -0.0946 0.9486 0.2966
5026.0000 -4440.6661 -6702.0357 -813.6810 -0.0538 -0.0954 0.9454 0.3071
5027.0000 -4441.6219 -6701.3274 -813.7292 -0.0525 -0.0965 0.9419 0.3175
5028.0000 -4442.5556 -6700.5969 -813.7774 -0.0513 -0.0970 0.9383 0.3280
5029.0000 -4443.4764 -6699.8278 -813.7993 -0.0497 -0.0973 0.9346 0.3386
5030.0000 -4444.3766 -6699.0554 -813.7924 -0.0477 -0.0978 0.9308 0.3490
5031.0000 -4445.2576 -6698.2587 -813.7965 -0.0458 -0.0985 0.9268 0.3594
5032.0000 -4446.1346 -6697.4358 -813.8010 -0.0447 -0.0995 0.9228 0.3696
5033.0000 -4446.9807 -6696.6020 -813.8184 -0.0437 -0.1006 0.9185 0.3798
5034.0000 -4447.8071 -6695.7654 -813.8142 -0.0423 -0.1016 0.9142 0.3901
5035.0000 -4448.6172 -6694.9035 -813.7867 -0.0402 -0.1028 0.9098 0.4001
5036.0000 -4449.4045 -6694.0203 -813.7516 -0.0380 -0.1038 0.9053 0.4102
5037.0000 -4450.1780 -6693.1153 -813.7124 -0.0365 -0.1044 0.9007 0.4201
5038.0000 -4450.9337 -6692.1951 -813.6883 -0.0354 -0.1048 0.8960 0.4301
5039.0000 -4451.6608 -6691.2641 -813.6518 -0.0339 -0.1049 0.8911 0.4402
5040.0000 -4452.3634 -6690.3267 -813.5870 -0.0318 -0.1050 0.8863 0.4500
5041.0000 -4453.0555 -6689.3595 -813.5221 -0.0292 -0.1052 0.8814 0.4596
5042.0000 -4453.7320 -6688.3712 -813.4542 -0.0267 -0.1051 0.8764 0.4691
5043.0000 -4454.3742 -6687.3720 -813.3706 -0.0250 -0.1052 0.8712 0.4788
5044.0000 -4455.0043 -6686.3671 -813.3029 -0.0235 -0.1037 0.8660 0.4886
5045.0000 -4455.6056 -6685.3537 -813.1999 -0.0219 -0.1030 0.8607 0.4981
5046.0000 -4456.1912 -6684.3317 -813.1002 -0.0201 -0.1037 0.8551 0.5077
5047.0000 -4456.7551 -6683.2863 -813.0157 -0.0184 -0.1045 0.8493 0.5171
5048.0000 -4457.2886 -6682.2230 -812.9298 -0.0173 -0.1050 0.8435 0.5264
5049.0000 -4457.7951 -6681.1573 -812.8208 -0.0161 -0.1050 0.8377 0.5357
5050.0000 -4458.2912 -6680.0786 -812.6830 -0.0145 -0.1052 0.8317 0.5449
5051.0000 -4458.7705 -6678.9961 -812.5605 -0.0129 -0.1055 0.8258 0.5538
5052.0000 -4459.2115 -6677.9049 -812.4351 -0.0112 -0.1057 0.8200 0.5624
5053.0000 -4459.6307 -6676.8060 -812.3011 -0.0092 -0.1059 0.8140 0.5710
5054.0000 -4460.0313 -6675.6898 -812.1626 -0.0069 -0.1062 0.8080 0.5795
5055.0000 -4460.4089 -6674.5580 -812.0191 -0.0050 -0.1064 0.8019 0.5879
5056.0000 -4460.7504 -6673.4319 -811.8654 -0.0036 -0.1067 0.7959 0.5960
5057.0000 -4461.0764 -6672.3129 -811.7188 -0.0020 -0.1067 0.7898 0.6040
5058.0000 -4461.3889 -6671.1765 -811.5534 0.0002 -0.1068 0.7837 0.6119
5059.0000 -4461.6781 -6670.0275 -811.3754 0.0026 -0.1071 0.7773 0.6199
5060.0000 -4461.9278 -6668.8683 -811.1961 0.0052 -0.1072 0.7708 0.6280
5061.0000 -4462.1613 -6667.7064 -811.0119 0.0071 -0.1069 0.7644 0.6357
5062.0000 -4462.3698 -6666.5595 -810.8249 0.0077 -0.1067 0.7579 0.6435
5063.0000 -4462.5492 -6665.3979 -810.6402 0.0069 -0.1064 0.7512 0.6514
5064.0000 -4462.7209 -6664.2242 -810.4560 0.0056 -0.1061 0.7441 0.6596
5065.0000 -4462.8907 -6663.0419 -810.2671 0.0064 -0.1068 0.7366 0.6678
5066.0000 -4463.0262 -6661.8746 -810.0593 0.0092 -0.1094 0.7290 0.6756
5067.0000 -4463.0966 -6660.7119 -809.8650 0.0116 -0.1111 0.7217 0.6832
5068.0000 -4463.1367 -6659.5370 -809.6641 0.0118 -0.1108 0.7142 0.6910
5069.0000 -4463.1667 -6658.3509 -809.4512 0.0113 -0.1093 0.7062 0.6995
5070.0000 -4463.1843 -6657.1690 -809.2318 0.0125 -0.1088 0.6978 0.7079
5071.0000 -4463.1801 -6656.0036 -808.9990 0.0151 -0.1097 0.6896 0.7157
5072.0000 -4463.1358 -6654.8386 -808.7730 0.0170 -0.1105 0.6816 0.7231
5073.0000 -4463.0533 -6653.6710 -808.5452 0.0180 -0.1105 0.6735 0.7307
5074.0000 -4462.9620 -6652.4883 -808.3175 0.0189 -0.1104 0.6653 0.7382
5075.0000 -4462.8456 -6651.3130 -808.0767 0.0197 -0.1107 0.6573 0.7452
5076.0000 -4462.7038 -6650.1370 -807.8363 0.0205 -0.1111 0.6495 0.7519
5077.0000 -4462.5330 -6648.9715 -807.5827 0.0207 -0.1122 0.6418 0.7583
5078.0000 -4462.3442 -6647.8240 -807.3390 0.0206 -0.1134 0.6343 0.7644
5079.0000 -4462.1224 -6646.6571 -807.1148 0.0208 -0.1115 0.6274 0.7704
5080.0000 -4461.8810 -6645.4834 -806.8520 0.0191 -0.1079 0.6212 0.7760
5081.0000 -4461.6354 -6644.3180 -806.6016 0.0194 -0.1071 0.6146 0.7813
5082.0000 -4461.3646 -6643.1737 -806.3383 0.0232 -0.1106 0.6083 0.7856
5083.0000 -4461.0717 -6642.0325 -806.0929 0.0261 -0.1145 0.6032 0.7889
5084.0000 -4460.7560 -6640.8861 -805.8607 0.0263 -0.1149 0.5997 0.7915
5085.0000 -4460.4396 -6639.7440 -805.5905 0.0255 -0.1127 0.5968 0.7941
5086.0000 -4460.1325 -6638.6035 -805.2999 0.0256 -0.1115 0.5934 0.7967
5087.0000 -4459.8080 -6637.4438 -805.0197 0.0267 -0.1119 0.5900 0.7992
5088.0000 -4459.4511 -6636.2901 -804.7615 0.0281 -0.1131 0.5876 0.8007
5089.0000 -4459.0927 -6635.1574 -804.5082 0.0292 -0.1134 0.5865 0.8014
5090.0000 -4458.7537 -6634.0390 -804.2318 0.0290 -0.1133 0.5863 0.8016
5091.0000 -4458.4203 -6632.8970 -803.9425 0.0282 -0.1132 0.5859 0.8020
5092.0000 -4458.0803 -6631.7398 -803.6727 0.0263 -0.1136 0.5849 0.8027
5093.0000 -4457.7286 -6630.5825 -803.4150 0.0247 -0.1145 0.5838 0.8034
5094.0000 -4457.3670 -6629.4280 -803.1430 0.0240 -0.1159 0.5831 0.8038
5095.0000 -4457.0012 -6628.2737 -802.8675 0.0235 -0.1168 0.5828 0.8038
5096.0000 -4456.6532 -6627.1301 -802.5889 0.0229 -0.1169 0.5828 0.8038
5097.0000 -4456.2962 -6625.9777 -802.3121 0.0221 -0.1171 0.5827 0.8039
5098.0000 -4455.9449 -6624.8315 -802.0366 0.0213 -0.1175 0.5826 0.8039
5099.0000 -4455.5901 -6623.6725 -801.7682 0.0199 -0.1180 0.5825 0.8040
5100.0000 -4455.2309 -6622.5017 -801.5080 0.0194 -0.1184 0.5824 0.8040
5101.0000 -4454.8700 -6621.3487 -801.2231 0.0196 -0.1192 0.5826 0.8037
5102.0000 -4454.5199 -6620.2112 -800.9412 0.0197 -0.1197 0.5833 0.8032
5103.0000 -4454.1662 -6619.0513 -800.6643 0.0191 -0.1196 0.5839 0.8027
5104.0000 -4453.8118 -6617.8803 -800.3900 0.0188 -0.1194 0.5844 0.8024
5105.0000 -4453.4575 -6616.7388 -800.1084 0.0186 -0.1197 0.5848 0.8021
5106.0000 -4453.1136 -6615.5882 -799.8382 0.0180 -0.1202 0.5852 0.8017
5107.0000 -4452.7616 -6614.4401 -799.5716 0.0171 -0.1202 0.5858 0.8013
5108.0000 -4452.4112 -6613.2894 -799.3025 0.0166 -0.1201 0.5864 0.8009
5109.0000 -4452.0794 -6612.1385 -799.0249 0.0167 -0.1207 0.5867 0.8006
5110.0000 -4451.7413 -6610.9896 -798.7480 0.0165 -0.1219 0.5871 0.8001
5111.0000 -4451.3944 -6609.8354 -798.4971 0.0169 -0.1218 0.5877 0.7997
5112.0000 -4451.0607 -6608.6925 -798.2265 0.0164 -0.1209 0.5883 0.7994
5113.0000 -4450.7280 -6607.5471 -797.9404 0.0165 -0.1198 0.5889 0.7991
5114.0000 -4450.3995 -6606.4078 -797.6567 0.0171 -0.1195 0.5895 0.7987
5115.0000 -4450.0607 -6605.2696 -797.3942 0.0176 -0.1198 0.5901 0.7982
5116.0000 -4449.7252 -6604.1226 -797.1432 0.0181 -0.1202 0.5907 0.7977
5117.0000 -4449.3985 -6602.9686 -796.8741 0.0190 -0.1206 0.5913 0.7972
5118.0000 -4449.0624 -6601.8381 -796.5997 0.0197 -0.1204 0.5918 0.7968
5119.0000 -4448.7356 -6600.7111 -796.3212 0.0201 -0.1195 0.5923 0.7965
5120.0000 -4448.4175 -6599.5835 -796.0439 0.0206 -0.1183 0.5929 0.7963
5121.0000 -4448.0939 -6598.4472 -795.7738 0.0213 -0.1171 0.5934 0.7961
5122.0000 -4447.7602 -6597.3103 -795.5067 0.0222 -0.1166 0.5939 0.7958
5123.0000 -4447.4380 -6596.1862 -795.2396 0.0228 -0.1160 0.5942 0.7956
5124.0000 -4447.1325 -6595.0495 -794.9840 0.0226 -0.1141 0.5945 0.7957
5125.0000 -4446.8181 -6593.9516 -794.7256 0.0215 -0.1113 0.5948 0.7958
5126.0000 -4446.5227 -6592.9272 -794.4819 0.0216 -0.1096 0.5951 0.7958
5127.0000 -4446.2488 -6591.9400 -794.2254 0.0237 -0.1100 0.5955 0.7955
5128.0000 -4445.9894 -6590.9794 -793.9792 0.0250 -0.1112 0.5957 0.7951
5129.0000 -4445.7277 -6590.0326 -793.7643 0.0240 -0.1113 0.5959 0.7950
5130.0000 -4445.4667 -6589.1145 -793.5851 0.0229 -0.1103 0.5960 0.7951
5131.0000 -4445.2204 -6588.2519 -793.3709 0.0240 -0.1110 0.5960 0.7949
5132.0000 -4444.9933 -6587.4478 -793.1377 0.0266 -0.1139 0.5960 0.7944
5133.0000 -4444.7879 -6586.6831 -792.9437 0.0284 -0.1155 0.5964 0.7939
5134.0000 -4444.5819 -6585.9269 -792.7870 0.0286 -0.1142 0.5968 0.7937
5135.0000 -4444.3742 -6585.1848 -792.6108 0.0291 -0.1118 0.5973 0.7936
5136.0000 -4444.1660 -6584.4937 -792.4063 0.0307 -0.1111 0.5977 0.7934
5137.0000 -4443.9886 -6583.8437 -792.2222 0.0328 -0.1116 0.5982 0.7929
5138.0000 -4443.8238 -6583.2181 -792.0749 0.0338 -0.1122 0.5986 0.7924
5139.0000 -4443.6606 -6582.6064 -791.9465 0.0342 -0.1125 0.5991 0.7920
5140.0000 -4443.4866 -6582.0271 -791.8105 0.0348 -0.1124 0.5995 0.7916
5141.0000 -4443.3364 -6581.4882 -791.6525 0.0357 -0.1125 0.5999 0.7914
5142.0000 -4443.2017 -6580.9855 -791.5052 0.0369 -0.1127 0.6002 0.7910
5143.0000 -4443.0815 -6580.5009 -791.3852 0.0378 -0.1129 0.6004 0.7908
5144.0000 -4442.9525 -6580.0430 -791.2819 0.0382 -0.1124 0.6007 0.7906
5145.0000 -4442.8335 -6579.6288 -791.1694 0.0384 -0.1122 0.6009 0.7905
5146.0000 -4442.7375 -6579.2361 -791.0588 0.0388 -0.1131 0.6010 0.7902
5147.0000 -4442.6461 -6578.8819 -790.9722 0.0397 -0.1141 0.6012 0.7899
5148.0000 -4442.5598 -6578.5516 -790.8882 0.0405 -0.1148 0.6014 0.7896
5149.0000 -4442.4743 -6578.2518 -790.8075 0.0412 -0.1155 0.6016 0.7894
5150.0000 -4442.4009 -6577.9664 -790.7238 0.0420 -0.1168 0.6017 0.7890
5151.0000 -4442.3331 -6577.6992 -790.6521 0.0427 -0.1183 0.6017 0.7887
5152.0000 -4442.2649 -6577.4411 -790.6003 0.0432 -0.1190 0.6017 0.7886
5153.0000 -4442.1966 -6577.2055 -790.5393 0.0436 -0.1191 0.6018 0.7885
5154.0000 -4442.1472 -6576.9888 -790.4662 0.0441 -0.1193 0.6019 0.7884
5155.0000 -4442.1030 -6576.7915 -790.4018 0.0445 -0.1200 0.6020 0.7882
5156.0000 -4442.0524 -6576.5913 -790.3565 0.0446 -0.1208 0.6021 0.7880
5157.0000 -4442.0068 -6576.3937 -790.3189 0.0444 -0.1211 0.6020 0.7880
5158.0000 -4441.9584 -6576.1974 -790.2681 0.0443 -0.1213 0.6019 0.7880
5159.0000 -4441.9109 -6576.0346 -790.2098 0.0442 -0.1217 0.6018 0.7881
5160.0000 -4441.8718 -6575.9008 -790.1665 0.0439 -0.1220 0.6017 0.7881
5161.0000 -4441.8336 -6575.7633 -790.1363 0.0439 -0.1222 0.6017 0.7881
5162.0000 -4441.7995 -6575.6329 -790.1089 0.0441 -0.1223 0.6017 0.7881
5163.0000 -4441.7663 -6575.5251 -790.0771 0.0445 -0.1225 0.6017 0.7880
5164.0000 -4441.7407 -6575.4386 -790.0459 0.0451 -0.1227 0.6017 0.7880
5165.0000 -4441.7165 -6575.3496 -790.0158 0.0454 -0.1226 0.6017 0.7880
5166.0000 -4441.6989 -6575.2733 -789.9952 0.0455 -0.1222 0.6017 0.7880
5167.0000 -4441.6854 -6575.2114 -789.9821 0.0455 -0.1220 0.6016 0.7881
5168.0000 -4441.6719 -6575.1701 -789.9719 0.0456 -0.1223 0.6016 0.7881
5169.0000 -4441.6646 -6575.1547 -789.9696 0.0456 -0.1226 0.6016 0.7880
5170.0000 -4441.6687 -6575.1482 -789.9679 0.0456 -0.1226 0.6017 0.7880
5171.0000 -4441.6682 -6575.1533 -789.9654 0.0456 -0.1224 0.6017 0.7879
5172.0000 -4441.6681 -6575.1619 -789.9654 0.0457 -0.1224 0.6017 0.7880
5173.0000 -4441.6687 -6575.1668 -789.9649 0.0462 -0.1232 0.6017 0.7878
5174.0000 -4441.6757 -6575.1736 -789.9700 0.0472 -0.1248 0.6016 0.7876
5175.0000 -4441.6817 -6575.1647 -789.9780 0.0477 -0.1255 0.6015 0.7875
5176.0000 -4441.6767 -6575.1575 -789.9796 0.0473 -0.1249 0.6015 0.7876
5177.0000 -4441.6720 -6575.1547 -789.9730 0.0468 -0.1239 0.6016 0.7877
5178.0000 -4441.6689 -6575.1590 -789.9593 0.0468 -0.1239 0.6016 0.7877
5179.0000 -4441.6772 -6575.1645 -789.9648 0.0471 -0.1243 0.6016 0.7876
5180.0000 -4441.6744 -6575.1627 -789.9768 0.0472 -0.1246 0.6016 0.7876
5181.0000 -4441.6700 -6575.1597 -789.9806 0.0471 -0.1246 0.6016 0.7876
5182.0000 -4441.6713 -6575.1570 -789.9770 0.0471 -0.1244 0.6016 0.7876
5183.0000 -4441.6757 -6575.1586 -789.9687 0.0471 -0.1243 0.6016 0.7877
5184.0000 -4441.6759 -6575.1628 -789.9690 0.0471 -0.1243 0.6016 0.7877
5185.0000 -4441.6736 -6575.1636 -789.9737 0.0471 -0.1243 0.6016 0.7877
5186.0000 -4441.6738 -6575.1609 -789.9762 0.0471 -0.1244 0.6016 0.7876
5187.0000 -4441.6694 -6575.1636 -789.9743 0.0470 -0.1244 0.6016 0.7876
5188.0000 -4441.6741 -6575.1689 -789.9733 0.0471 -0.1243 0.6016 0.7877
5189.0000 -4441.6763 -6575.1656 -789.9733 0.0471 -0.1243 0.6016 0.7877
5190.0000 -4441.6750 -6575.1613 -789.9713 0.0471 -0.1243 0.6016 0.7876
5191.0000 -4441.6722 -6575.1623 -789.9765 0.0471 -0.1244 0.6016 0.7877
5192.0000 -4441.6715 -6575.1601 -789.9770 0.0471 -0.1244 0.6016 0.7877
5193.0000 -4441.6729 -6575.1568 -789.9739 0.0471 -0.1244 0.6016 0.7877
5194.0000 -4441.6753 -6575.1632 -789.9701 0.0471 -0.1243 0.6016 0.7877
5195.0000 -4441.6702 -6575.1662 -789.9706 0.0471 -0.1243 0.6016 0.7877
5196.0000 -4441.6701 -6575.1671 -789.9710 0.0471 -0.1243 0.6016 0.7876
5197.0000 -4441.6748 -6575.1677 -789.9722 0.0470 -0.1243 0.6016 0.7877
5198.0000 -4441.6723 -6575.1631 -789.9730 0.0470 -0.1244 0.6016 0.7877
5199.0000 -4441.6698 -6575.1605 -789.9734 0.0471 -0.1244 0.6016 0.7877
5200.0000 -4441.6715 -6575.1597 -789.9702 0.0471 -0.1244 0.6016 0.7876
5201.0000 -4441.6719 -6575.1594 -789.9694 0.0471 -0.1244 0.6016 0.7876
5202.0000 -4441.6721 -6575.1613 -789.9734 0.0471 -0.1244 0.6016 0.7877
5203.0000 -4441.6678 -6575.1643 -789.9761 0.0471 -0.1244 0.6016 0.7877
5204.0000 -4441.6698 -6575.1679 -789.9750 0.0471 -0.1244 0.6016 0.7876
5205.0000 -4441.6747 -6575.1647 -789.9722 0.0471 -0.1244 0.6016 0.7876
5206.0000 -4441.6790 -6575.1620 -789.9704 0.0471 -0.1243 0.6016 0.7877
5207.0000 -4441.6713 -6575.1666 -789.9734 0.0471 -0.1244 0.6015 0.7877
5208.0000 -4441.6691 -6575.1652 -789.9764 0.0471 -0.1244 0.6016 0.7877
5209.0000 -4441.6728 -6575.1652 -789.9752 0.0471 -0.1244 0.6016 0.7876
5210.0000 -4441.6761 -6575.1622 -789.9716 0.0471 -0.1244 0.6016 0.7876
5211.0000 -4441.6677 -6575.1648 -789.9690 0.0471 -0.1243 0.6016 0.7876
5212.0000 -4441.6657 -6575.1624 -789.9697 0.0471 -0.1244 0.6016 0.7876
5213.0000 -4441.6697 -6575.1604 -789.9739 0.0471 -0.1245 0.6016 0.7877
5214.0000 -4441.6759 -6575.1624 -789.9765 0.0471 -0.1244 0.6016 0.7877
5215.0000 -4441.6787 -6575.1656 -789.9736 0.0471 -0.1243 0.6016 0.7876
5216.0000 -4441.6761 -6575.1625 -789.9706 0.0471 -0.1244 0.6016 0.7876
5217.0000 -4441.6740 -6575.1627 -789.9716 0.0471 -0.1244 0.6016 0.7876
5218.0000 -4441.6763 -6575.1632 -789.9790 0.0471 -0.1244 0.6016 0.7877
5219.0000 -4441.6742 -6575.1661 -789.9798 0.0471 -0.1244 0.6016 0.7877
5220.0000 -4441.6696 -6575.1656 -789.9738 0.0471 -0.1245 0.6016 0.7877
5221.0000 -4441.6678 -6575.1619 -789.9696 0.0471 -0.1244 0.6016 0.7876
5222.0000 -4441.6688 -6575.1631 -789.9696 0.0471 -0.1243 0.6016 0.7876
5223.0000 -4441.6759 -6575.1663 -789.9717 0.0471 -0.1243 0.6016 0.7877
5224.0000 -4441.6744 -6575.1628 -789.9718 0.0471 -0.1244 0.6016 0.7877
5225.0000 -4441.6720 -6575.1605 -789.9741 0.0472 -0.1245 0.6016 0.7876
5226.0000 -4441.6757 -6575.1592 -789.9766 0.0472 -0.1245 0.6016 0.7876
5227.0000 -4441.6779 -6575.1585 -789.9758 0.0471 -0.1244 0.6016 0.7877
5228.0000 -4441.6795 -6575.1591 -789.9713 0.0471 -0.1243 0.6016 0.7877
5229.0000 -4441.6809 -6575.1620 -789.9699 0.0471 -0.1243 0.6016 0.7877
5230.0000 -4441.6721 -6575.1612 -789.9713 0.0471 -0.1244 0.6016 0.7876
5231.0000 -4441.6718 -6575.1596 -789.9743 0.0471 -0.1244 0.6016 0.7876
5232.0000 -4441.6713 -6575.1592 -789.9744 0.0471 -0.1244 0.6016 0.7877
5233.0000 -4441.6736 -6575.1621 -789.9744 0.0471 -0.1244 0.6015 0.7877
5234.0000 -4441.6772 -6575.1604 -789.9722 0.0472 -0.1244 0.6016 0.7877
5235.0000 -4441.6793 -6575.1605 -789.9727 0.0472 -0.1244 0.6016 0.7876
5236.0000 -4441.6774 -6575.1590 -789.9739 0.0471 -0.1244 0.6016 0.7877
5237.0000 -4441.6794 -6575.1546 -789.9719 0.0471 -0.1244 0.6016 0.7877
5238.0000 -4441.6762 -6575.1580 -789.9731 0.0471 -0.1244 0.6016 0.7876
5239.0000 -4441.6748 -6575.1606 -789.9729 0.0472 -0.1244 0.6016 0.7876
5240.0000 -4441.6729 -6575.1630 -789.9717 0.0471 -0.1244 0.6016 0.7876
5241.0000 -4441.6721 -6575.1633 -789.9723 0.0471 -0.1244 0.6015 0.7877
5242.0000 -4441.6715 -6575.1637 -789.9749 0.0471 -0.1245 0.6016 0.7876
5243.0000 -4441.6744 -6575.1628 -789.9744 0.0471 -0.1244 0.6016 0.7876
5244.0000 -4441.6776 -6575.1636 -789.9719 0.0471 -0.1244 0.6016 0.7876
5245.0000 -4441.6728 -6575.1659 -789.9702 0.0472 -0.1244 0.6016 0.7876
5246.0000 -4441.6689 -6575.1676 -789.9728 0.0472 -0.1244 0.6016 0.7877
5247.0000 -4441.6717 -6575.1640 -789.9746 0.0472 -0.1244 0.6016 0.7876
5248.0000 -4441.6804 -6575.1640 -789.9761 0.0471 -0.1244 0.6016 0.7876
5249.0000 -4441.6808 -6575.1644 -789.9772 0.0471 -0.1244 0.6016 0.7876
5250.0000 -4441.6742 -6575.1616 -789.9754 0.0471 -0.1244 0.6016 0.7876
5251.0000 -4441.6690 -6575.1632 -789.9726 0.0471 -0.1245 0.6016 0.7876
5252.0000 -4441.6741 -6575.1627 -789.9723 0.0471 -0.1245 0.6016 0.7876
5253.0000 -4441.6759 -6575.1633 -789.9740 0.0471 -0.1244 0.6016 0.7876
5254.0000 -4441.6735 -6575.1640 -789.9774 0.0472 -0.1245 0.6016 0.7876
5255.0000 -4441.6676 -6575.1685 -789.9765 0.0471 -0.1244 0.6016 0.7876
5256.0000 -4441.6697 -6575.1654 -789.9730 0.0471 -0.1244 0.6016 0.7876
5257.0000 -4441.6707 -6575.1576 -789.9733 0.0472 -0.1245 0.6016 0.7876
5258.0000 -4441.6733 -6575.1597 -789.9734 0.0472 -0.1245 0.6016 0.7876
5259.0000 -4441.6675 -6575.1633 -789.9756 0.0472 -0.1245 0.6016 0.7876
5260.0000 -4441.6675 -6575.1599 -789.9767 0.0472 -0.1245 0.6016 0.7876
5261.0000 -4441.6752 -6575.1606 -789.9748 0.0472 -0.1245 0.6016 0.7876
5262.0000 -4441.6764 -6575.1644 -789.9735 0.0472 -0.1244 0.6016 0.7876
5263.0000 -4441.6768 -6575.1629 -789.9712 0.0471 -0.1243 0.6016 0.7877
5264.0000 -4441.6727 -6575.1561 -789.9708 0.0471 -0.1244 0.6016 0.7876
5265.0000 -4441.6720 -6575.1595 -789.9743 0.0472 -0.1245 0.6016 0.7877
5266.0000 -4441.6755 -6575.1627 -789.9765 0.0472 -0.1245 0.6015 0.7877
5267.0000 -4441.6795 -6575.1640 -789.9781 0.0472 -0.1245 0.6015 0.7877
5268.0000 -4441.6757 -6575.1618 -789.9746 0.0471 -0.1244 0.6016 0.7876
5269.0000 -4441.6712 -6575.1627 -789.9691 0.0471 -0.1244 0.6016 0.7876
5270.0000 -4441.6690 -6575.1648 -789.9697 0.0472 -0.1245 0.6016 0.7876
5271.0000 -4441.6711 -6575.1595 -789.9724 0.0472 -0.1245 0.6016 0.7876
5272.0000 -4441.6765 -6575.1625 -789.9756 0.0471 -0.1244 0.6016 0.7876
5273.0000 -4441.6834 -6575.1609 -789.9770 0.0471 -0.1244 0.6016 0.7876
5274.0000 -4441.6765 -6575.1628 -789.9752 0.0471 -0.1244 0.6016 0.7876
5275.0000 -4441.6725 -6575.1609 -789.9732 0.0472 -0.1244 0.6016 0.7876
5276.0000 -4441.6774 -6575.1616 -789.9734 0.0472 -0.1244 0.6016 0.7877
5277.0000 -4441.6786 -6575.1649 -789.9764 0.0471 -0.1244 0.6016 0.7877
5278.0000 -4441.6742 -6575.1643 -789.9771 0.0471 -0.1245 0.6016 0.7877
5279.0000 -4441.6757 -6575.1630 -789.9757 0.0471 -0.1245 0.6016 0.7876
5280.0000 -4441.6794 -6575.1587 -789.9709 0.0472 -0.1245 0.6016 0.7876
5281.0000 -4441.6756 -6575.1568 -789.9724 0.0472 -0.1244 0.6015 0.7877
5282.0000 -4441.6767 -6575.1596 -789.9766 0.0471 -0.1244 0.6016 0.7877
5283.0000 -4441.6770 -6575.1644 -789.9774 0.0471 -0.1244 0.6016 0.7876
5284.0000 -4441.6808 -6575.1673 -789.9754 0.0471 -0.1244 0.6016 0.7876
5285.0000 -4441.6753 -6575.1668 -789.9728 0.0471 -0.1244 0.6016 0.7876
5286.0000 -4441.6794 -6575.1621 -789.9739 0.0471 -0.1244 0.6016 0.7876
5287.0000 -4441.6802 -6575.1578 -789.9730 0.0471 -0.1244 0.6016 0.7877
5288.0000 -4441.6744 -6575.1564 -789.9725 0.0472 -0.1245 0.6016 0.7876
5289.0000 -4441.6746 -6575.1597 -789.9732 0.0471 -0.1245 0.6016 0.7876
5290.0000 -4441.6748 -6575.1627 -789.9761 0.0472 -0.1245 0.6016 0.7876
5291.0000 -4441.6755 -6575.1606 -789.9748 0.0472 -0.1245 0.6016 0.7876
5292.0000 -4441.6693 -6575.1617 -789.9743 0.0471 -0.1245 0.6016 0.7876
5293.0000 -4441.6744 -6575.1612 -789.9735 0.0471 -0.1244 0.6016 0.7876
5294.0000 -4441.6763 -6575.1631 -789.9726 0.0471 -0.1244 0.6016 0.7876
5295.0000 -4441.6747 -6575.1633 -789.9738 0.0472 -0.1245 0.6016 0.7876
5296.0000 -4441.6744 -6575.1610 -789.9735 0.0472 -0.1245 0.6016 0.7876
5297.0000 -4441.6759 -6575.1588 -789.9727 0.0471 -0.1245 0.6016 0.7876
5298.0000 -4441.6732 -6575.1587 -789.9739 0.0471 -0.1245 0.6016 0.7876
5299.0000 -4441.6756 -6575.1612 -789.9737 0.0471 -0.1245 0.6016 0.7876
5300.0000 -4441.6758 -6575.1630 -789.9744 0.0471 -0.1245 0.6016 0.7876
5301.0000 -4441.6770 -6575.1620 -789.9725 0.0471 -0.1244 0.6016 0.7876
5302.0000 -4441.6796 -6575.1645 -789.9725 0.0471 -0.1244 0.6016 0.7876
5303.0000 -4441.6743 -6575.1641 -789.9754 0.0472 -0.1245 0.6016 0.7876
5304.0000 -4441.6696 -6575.1635 -789.9787 0.0472 -0.1245 0.6016 0.7876
5305.0000 -4441.6714 -6575.1565 -789.9741 0.0472 -0.1245 0.6016 0.7876
5306.0000 -4441.6715 -6575.1584 -789.9722 0.0471 -0.1244 0.6016 0.7877
5307.0000 -4441.6779 -6575.1588 -789.9706 0.0471 -0.1244 0.6016 0.7876
5308.0000 -4441.6726 -6575.1592 -789.9718 0.0472 -0.1244 0.6016 0.7876
5309.0000 -4441.6707 -6575.1617 -789.9754 0.0472 -0.1245 0.6016 0.7876
5310.0000 -4441.6731 -6575.1646 -789.9759 0.0471 -0.1244 0.6016 0.7876
5311.0000 -4441.6776 -6575.1637 -789.9769 0.0471 -0.1244 0.6016 0.7876
5312.0000 -4441.6807 -6575.1614 -789.9740 0.0471 -0.1244 0.6016 0.7876
5313.0000 -4441.6791 -6575.1595 -789.9737 0.0472 -0.1245 0.6016 0.7876
5314.0000 -4441.6783 -6575.1603 -789.9736 0.0472 -0.1245 0.6016 0.7876
5315.0000 -4441.6776 -6575.1621 -789.9741 0.0471 -0.1245 0.6016 0.7876
5316.0000 -4441.6721 -6575.1625 -789.9762 0.0471 -0.1245 0.6016 0.7876
5317.0000 -4441.6679 -6575.1606 -789.9757 0.0471 -0.1245 0.6016 0.7876
5318.0000 -4441.6704 -6575.1612 -789.9720 0.0471 -0.1245 0.6016 0.7876
5319.0000 -4441.6781 -6575.1531 -789.9686 0.0472 -0.1245 0.6016 0.7876
5320.0000 -4441.6835 -6575.1528 -789.9702 0.0472 -0.1245 0.6016 0.7876
5321.0000 -4441.6770 -6575.1549 -789.9734 0.0471 -0.1244 0.6016 0.7876
5322.0000 -4441.6765 -6575.1644 -789.9768 0.0471 -0.1245 0.6016 0.7877
5323.0000 -4441.6778 -6575.1671 -789.9763 0.0471 -0.1244 0.6016 0.7876
5324.0000 -4441.6758 -6575.1636 -789.9726 0.0471 -0.1245 0.6016 0.7876
5325.0000 -4441.6703 -6575.1552 -789.9711 0.0472 -0.1245 0.6016 0.7876
5326.0000 -4441.6713 -6575.1509 -789.9731 0.0472 -0.1245 0.6016 0.7876
5327.0000 -4441.6791 -6575.1574 -789.9733 0.0472 -0.1245 0.6016 0.7877
5328.0000 -4441.6810 -6575.1614 -789.9745 0.0471 -0.1244 0.6016 0.7877
5329.0000 -4441.6779 -6575.1655 -789.9744 0.0471 -0.1244 0.6016 0.7876
5330.0000 -4441.6719 -6575.1626 -789.9755 0.0472 -0.1245 0.6016 0.7876
5331.0000 -4441.6723 -6575.1601 -789.9755 0.0472 -0.1246 0.6016 0.7876
5332.0000 -4441.6777 -6575.1581 -789.9729 0.0472 -0.1245 0.6016 0.7876
5333.0000 -4441.6810 -6575.1549 -789.9717 0.0472 -0.1244 0.6016 0.7877
5334.0000 -4441.6729 -6575.1600 -789.9741 0.0472 -0.1244 0.6016 0.7877
5335.0000 -4441.6688 -6575.1649 -789.9751 0.0472 -0.1245 0.6016 0.7876
5336.0000 -4441.6744 -6575.1613 -789.9754 0.0471 -0.1245 0.6016 0.7876
5337.0000 -4441.6821 -6575.1550 -789.9747 0.0472 -0.1245 0.6016 0.7876
5338.0000 -4441.6792 -6575.1620 -789.9736 0.0471 -0.1245 0.6016 0.7877
5339.0000 -4441.6786 -6575.1601 -789.9706 0.0472 -0.1245 0.6016 0.7877
5340.0000 -4441.6745 -6575.1576 -789.9702 0.0472 -0.1245 0.6016 0.7876
5341.0000 -4441.6715 -6575.1574 -789.9745 0.0472 -0.1245 0.6016 0.7877
5342.0000 -4441.6722 -6575.1562 -789.9766 0.0472 -0.1245 0.6016 0.7876
5343.0000 -4441.6750 -6575.1615 -789.9764 0.0472 -0.1244 0.6016 0.7877
5344.0000 -4441.6726 -6575.1623 -789.9735 0.0472 -0.1244 0.6016 0.7876
5345.0000 -4441.6718 -6575.1615 -789.9700 0.0472 -0.1245 0.6016 0.7876
5346.0000 -4441.6742 -6575.1571 -789.9711 0.0472 -0.1245 0.6016 0.7877
5347.0000 -4441.6763 -6575.1562 -789.9746 0.0472 -0.1245 0.6016 0.7877
5348.0000 -4441.6768 -6575.1578 -789.9778 0.0472 -0.1245 0.6015 0.7877
5349.0000 -4441.6770 -6575.1567 -789.9724 0.0471 -0.1245 0.6016 0.7877
5350.0000 -4441.6736 -6575.1608 -789.9704 0.0472 -0.1244 0.6016 0.7876
5351.0000 -4441.6734 -6575.1711 -789.9714 0.0471 -0.1244 0.6016 0.7876
5352.0000 -4441.6793 -6575.1618 -789.9740 0.0471 -0.1244 0.6016 0.7876
5353.0000 -4441.6812 -6575.1536 -789.9755 0.0472 -0.1245 0.6016 0.7876
5354.0000 -4441.6765 -6575.1517 -789.9725 0.0472 -0.1245 0.6015 0.7877
5355.0000 -4441.6735 -6575.1589 -789.9731 0.0472 -0.1245 0.6016 0.7877
5356.0000 -4441.6738 -6575.1589 -789.9759 0.0472 -0.1245 0.6016 0.7876
5357.0000 -4441.6768 -6575.1629 -789.9770 0.0472 -0.1245 0.6016 0.7876
5358.0000 -4441.6830 -6575.1617 -789.9745 0.0471 -0.1244 0.6016 0.7876
5359.0000 -4441.6782 -6575.1558 -789.9736 0.0472 -0.1244 0.6016 0.7877
5360.0000 -4441.6772 -6575.1526 -789.9738 0.0472 -0.1245 0.6015 0.7877
5361.0000 -4441.6771 -6575.1536 -789.9739 0.0472 -0.1245 0.6015 0.7877
5362.0000 -4441.6799 -6575.1625 -789.9747 0.0472 -0.1245 0.6015 0.7877
5363.0000 -4441.6799 -6575.1638 -789.9746 0.0472 -0.1244 0.6016 0.7876
5364.0000 -4441.6785 -6575.1580 -789.9727 0.0472 -0.1244 0.6016 0.7877
5365.0000 -4441.6770 -6575.1595 -789.9737 0.0472 -0.1244 0.6016 0.7877
5366.0000 -4441.6732 -6575.1590 -789.9737 0.0471 -0.1245 0.6016 0.7877
5367.0000 -4441.6752 -6575.1630 -789.9778 0.0472 -0.1245 0.6016 0.7877
5368.0000 -4441.6810 -6575.1652 -789.9776 0.0472 -0.1245 0.6016 0.7876
5369.0000 -4441.6781 -6575.1547 -789.9722 0.0472 -0.1245 0.6016 0.7876
5370.0000 -4441.6731 -6575.1545 -789.9710 0.0471 -0.1245 0.6016 0.7876
5371.0000 -4441.6735 -6575.1554 -789.9714 0.0471 -0.1244 0.6016 0.7877
5372.0000 -4441.6791 -6575.1633 -789.9754 0.0472 -0.1245 0.6016 0.7877
5373.0000 -4441.6758 -6575.1578 -789.9752 0.0472 -0.1245 0.6016 0.7876
5374.0000 -4441.6736 -6575.1546 -789.9767 0.0472 -0.1245 0.6016 0.7876
5375.0000 -4441.6684 -6575.1533 -789.9735 0.0472 -0.1245 0.6016 0.7876
5376.0000 -4441.6728 -6575.1548 -789.9733 0.0472 -0.1245 0.6016 0.7877
5377.0000 -4441.6781 -6575.1582 -789.9729 0.0472 -0.1244 0.6016 0.7876
5378.0000 -4441.6782 -6575.1614 -789.9749 0.0472 -0.1244 0.6016 0.7876
5379.0000 -4441.6770 -6575.1598 -789.9755 0.0472 -0.1245 0.6016 0.7876
5380.0000 -4441.6727 -6575.1549 -789.9731 0.0472 -0.1245 0.6016 0.7876
5381.0000 -4441.6777 -6575.1558 -789.9729 0.0472 -0.1245 0.6016 0.7877
5382.0000 -4441.6830 -6575.1551 -789.9757 0.0472 -0.1244 0.6016 0.7877
5383.0000 -4441.6816 -6575.1597 -789.9774 0.0472 -0.1244 0.6015 0.7877
5384.0000 -4441.6726 -6575.1591 -789.9758 0.0472 -0.1245 0.6016 0.7876
5385.0000 -4441.6809 -6575.1612 -789.9752 0.0471 -0.1245 0.6016 0.7876
5386.0000 -4441.6786 -6575.1603 -789.9726 0.0471 -0.1245 0.6016 0.7876
5387.0000 -4441.6790 -6575.1586 -789.9742 0.0472 -0.1245 0.6016 0.7876
5388.0000 -4441.6802 -6575.1526 -789.9731 0.0472 -0.1244 0.6016 0.7877
5389.0000 -4441.6807 -6575.1507 -789.9738 0.0472 -0.1245 0.6016 0.7877
5390.0000 -4441.6814 -6575.1552 -789.9732 0.0472 -0.1244 0.6016 0.7876
5391.0000 -4441.6821 -6575.1621 -789.9730 0.0471 -0.1244 0.6016 0.7876
5392.0000 -4441.6844 -6575.1606 -789.9755 0.0472 -0.1245 0.6016 0.7876
5393.0000 -4441.6807 -6575.1611 -789.9770 0.0472 -0.1245 0.6016 0.7876
5394.0000 -4441.6753 -6575.1620 -789.9758 0.0472 -0.1245 0.6016 0.7876
5395.0000 -4441.6750 -6575.1585 -789.9758 0.0472 -0.1245 0.6016 0.7876
5396.0000 -4441.6790 -6575.1595 -789.9742 0.0472 -0.1245 0.6016 0.7876
5397.0000 -4441.6787 -6575.1619 -789.9761 0.0472 -0.1245 0.6016 0.7876
5398.0000 -4441.6747 -6575.1600 -789.9763 0.0472 -0.1244 0.6016 0.7876
5399.0000 -4441.6726 -6575.1609 -789.9743 0.0472 -0.1245 0.6016 0.7876
5400.0000 -4441.6757 -6575.1615 -789.9739 0.0472 -0.1245 0.6016 0.7876
5401.0000 -4441.6760 -6575.1606 -789.9765 0.0472 -0.1245 0.6016 0.7876
5402.0000 -4441.6808 -6575.1585 -789.9777 0.0472 -0.1245 0.6016 0.7877
5403.0000 -4441.6859 -6575.1545 -789.9738 0.0471 -0.1244 0.6016 0.7877
5404.0000 -4441.6776 -6575.1555 -789.9733 0.0471 -0.1244 0.6016 0.7876
5405.0000 -4441.6793 -6575.1593 -789.9770 0.0472 -0.1245 0.6016 0.7876
5406.0000 -4441.6827 -6575.1613 -789.9782 0.0472 -0.1245 0.6016 0.7876
5407.0000 -4441.6868 -6575.1610 -789.9775 0.0472 -0.1245 0.6016 0.7877
5408.0000 -4441.6846 -6575.1539 -789.9763 0.0472 -0.1245 0.6016 0.7877
5409.0000 -4441.6808 -6575.1528 -789.9749 0.0472 -0.1244 0.6016 0.7876
5410.0000 -4441.6773 -6575.1583 -789.9743 0.0472 -0.1244 0.6016 0.7876
5411.0000 -4441.6740 -6575.1593 -789.9750 0.0472 -0.1245 0.6016 0.7876
5412.0000 -4441.6731 -6575.1665 -789.9770 0.0472 -0.1245 0.6016 0.7876
5413.0000 -4441.6745 -6575.1606 -789.9765 0.0472 -0.1245 0.6016 0.7876
5414.0000 -4441.6743 -6575.1582 -789.9718 0.0472 -0.1245 0.6016 0.7876
5415.0000 -4441.6760 -6575.1568 -789.9718 0.0472 -0.1245 0.6016 0.7876
5416.0000 -4441.6788 -6575.1556 -789.9748 0.0472 -0.1244 0.6016 0.7877
5417.0000 -4441.6819 -6575.1537 -789.9772 0.0472 -0.1244 0.6016 0.7877
5418.0000 -4441.6775 -6575.1590 -789.9766 0.0472 -0.1245 0.6016 0.7876
5419.0000 -4441.6751 -6575.1625 -789.9745 0.0472 -0.1245 0.6016 0.7876
5420.0000 -4441.6672 -6575.1587 -789.9728 0.0472 -0.1245 0.6016 0.7876
5421.0000 -4441.6710 -6575.1565 -789.9722 0.0471 -0.1244 0.6016 0.7876
5422.0000 -4441.6760 -6575.1558 -789.9730 0.0471 -0.1244 0.6016 0.7876
5423.0000 -4441.6741 -6575.1621 -789.9746 0.0472 -0.1244 0.6016 0.7876
5424.0000 -4441.6763 -6575.1618 -789.9771 0.0472 -0.1245 0.6017 0.7876
5425.0000 -4441.6799 -6575.1573 -789.9774 0.0471 -0.1245 0.6016 0.7876
5426.0000 -4441.6774 -6575.1526 -789.9746 0.0472 -0.1246 0.6016 0.7876
5427.0000 -4441.6753 -6575.1561 -789.9723 0.0472 -0.1245 0.6016 0.7876
5428.0000 -4441.6695 -6575.1622 -789.9715 0.0472 -0.1244 0.6016 0.7876
5429.0000 -4441.6743 -6575.1621 -789.9722 0.0472 -0.1244 0.6016 0.7876
5430.0000 -4441.6715 -6575.1555 -789.9749 0.0472 -0.1245 0.6016 0.7876
5431.0000 -4441.6745 -6575.1633 -789.9790 0.0472 -0.1245 0.6016 0.7876
5432.0000 -4441.6805 -6575.1622 -789.9797 0.0472 -0.1245 0.6016 0.7876
5433.0000 -4441.6822 -6575.1558 -789.9754 0.0472 -0.1245 0.6016 0.7876
5434.0000 -4441.6752 -6575.1580 -789.9716 0.0472 -0.1244 0.6016 0.7876
5435.0000 -4441.6656 -6575.1644 -789.9727 0.0471 -0.1244 0.6016 0.7876
5436.0000 -4441.6721 -6575.1626 -789.9758 0.0472 -0.1244 0.6016 0.7876
5437.0000 -4441.6813 -6575.1553 -789.9766 0.0472 -0.1245 0.6016 0.7876
5438.0000 -4441.6769 -6575.1537 -789.9764 0.0472 -0.1245 0.6016 0.7876
5439.0000 -4441.6693 -6575.1576 -789.9746 0.0472 -0.1245 0.6016 0.7876
5440.0000 -4441.6695 -6575.1644 -789.9754 0.0472 -0.1245 0.6016 0.7876
5441.0000 -4441.6775 -6575.1641 -789.9743 0.0472 -0.1244 0.6016 0.7876
5442.0000 -4441.6815 -6575.1618 -789.9774 0.0472 -0.1245 0.6016 0.7876
5443.0000 -4441.6832 -6575.1561 -789.9782 0.0472 -0.1245 0.6016 0.7876
5444.0000 -4441.6824 -6575.1541 -789.9759 0.0472 -0.1245 0.6016 0.7876
5445.0000 -4441.6811 -6575.1591 -789.9754 0.0472 -0.1245 0.6016 0.7877
5446.0000 -4441.6779 -6575.1608 -789.9732 0.0471 -0.1244 0.6016 0.7876
5447.0000 -4441.6755 -6575.1596 -789.9756 0.0472 -0.1244 0.6016 0.7876
5448.0000 -4441.6778 -6575.1567 -789.9752 0.0472 -0.1245 0.6016 0.7876
5449.0000 -4441.6761 -6575.1578 -789.9741 0.0472 -0.1245 0.6016 0.7876
5450.0000 -4441.6797 -6575.1595 -789.9751 0.0472 -0.1245 0.6016 0.7876
5451.0000 -4441.6729 -6575.1591 -789.9775 0.0472 -0.1245 0.6016 0.7876
5452.0000 -4441.6737 -6575.1568 -789.9768 0.0472 -0.1245 0.6016 0.7876
5453.0000 -4441.6740 -6575.1595 -789.9748 0.0471 -0.1244 0.6016 0.7876
5454.0000 -4441.6744 -6575.1592 -789.9727 0.0472 -0.1245 0.6016 0.7876
5455.0000 -4441.6751 -6575.1565 -789.9751 0.0472 -0.1245 0.6016 0.7876
5456.0000 -4441.6760 -6575.1584 -789.9776 0.0472 -0.1245 0.6016 0.7876
5457.0000 -4441.6745 -6575.1616 -789.9763 0.0471 -0.1245 0.6016 0.7876
5458.0000 -4441.6701 -6575.1614 -789.9743 0.0471 -0.1245 0.6016 0.7876
5459.0000 -4441.6731 -6575.1534 -789.9737 0.0472 -0.1245 0.6016 0.7876
5460.0000 -4441.6755 -6575.1586 -789.9750 0.0472 -0.1245 0.6016 0.7876
5461.0000 -4441.6805 -6575.1630 -789.9767 0.0471 -0.1245 0.6016 0.7876
5462.0000 -4441.6843 -6575.1607 -789.9773 0.0472 -0.1244 0.6016 0.7876
5463.0000 -4441.6718 -6575.1603 -789.9738 0.0472 -0.1244 0.6016 0.7877
5464.0000 -4441.6676 -6575.1585 -789.9710 0.0472 -0.1244 0.6016 0.7876
5465.0000 -4441.6734 -6575.1588 -789.9715 0.0471 -0.1245 0.6016 0.7876
5466.0000 -4441.6753 -6575.1603 -789.9759 0.0471 -0.1245 0.6016 0.7876
5467.0000 -4441.6700 -6575.1609 -789.9769 0.0471 -0.1245 0.6016 0.7876
5468.0000 -4441.6740 -6575.1557 -789.9731 0.0472 -0.1245 0.6016 0.7876
5469.0000 -4441.6726 -6575.1564 -789.9744 0.0472 -0.1245 0.6016 0.7876
5470.0000 -4441.6746 -6575.1611 -789.9732 0.0472 -0.1244 0.6016 0.7876
5471.0000 -4441.6774 -6575.1608 -789.9727 0.0471 -0.1244 0.6017 0.7876
5472.0000 -4441.6775 -6575.1596 -789.9739 0.0471 -0.1244 0.6017 0.7876
5473.0000 -4441.6771 -6575.1572 -789.9752 0.0472 -0.1245 0.6016 0.7876
5474.0000 -4441.6718 -6575.1549 -789.9754 0.0472 -0.1245 0.6016 0.7876
5475.0000 -4441.6650 -6575.1601 -789.9741 0.0472 -0.1245 0.6016 0.7876
5476.0000 -4441.6687 -6575.1624 -789.9731 0.0471 -0.1244 0.6016 0.7876
5477.0000 -4441.6759 -6575.1671 -789.9732 0.0471 -0.1244 0.6016 0.7876
5478.0000 -4441.6755 -6575.1646 -789.9773 0.0472 -0.1245 0.6016 0.7876
5479.0000 -4441.6772 -6575.1620 -789.9790 0.0472 -0.1245 0.6016 0.7876
5480.0000 -4441.6692 -6575.1604 -789.9771 0.0471 -0.1245 0.6016 0.7876
5481.0000 -4441.6692 -6575.1585 -789.9755 0.0472 -0.1245 0.6016 0.7876
5482.0000 -4441.6730 -6575.1556 -789.9715 0.0472 -0.1245 0.6016 0.7876
5483.0000 -4441.6807 -6575.1558 -789.9716 0.0471 -0.1244 0.6016 0.7876
5484.0000 -4441.6790 -6575.1608 -789.9771 0.0471 -0.1245 0.6016 0.7876
5485.0000 -4441.6783 -6575.1592 -789.9737 0.0471 -0.1245 0.6016 0.7876
5486.0000 -4441.6749 -6575.1590 -789.9742 0.0471 -0.1245 0.6016 0.7876
5487.0000 -4441.6762 -6575.1538 -789.9752 0.0472 -0.1245 0.6016 0.7876
5488.0000 -4441.6803 -6575.1529 -789.9718 0.0472 -0.1245 0.6016 0.7876
5489.0000 -4441.6819 -6575.1566 -789.9729 0.0471 -0.1244 0.6016 0.7876
5490.0000 -4441.6770 -6575.1580 -789.9753 0.0471 -0.1245 0.6016 0.7876
5491.0000 -4441.6760 -6575.1564 -789.9783 0.0472 -0.1245 0.6016 0.7876
5492.0000 -4441.6723 -6575.1573 -789.9781 0.0472 -0.1245 0.6016 0.7876
5493.0000 -4441.6751 -6575.1593 -789.9751 0.0472 -0.1245 0.6017 0.7876
5494.0000 -4441.6782 -6575.1624 -789.9750 0.0471 -0.1244 0.6017 0.7876
5495.0000 -4441.6693 -6575.1589 -789.9743 0.0472 -0.1245 0.6016 0.7876
5496.0000 -4441.6613 -6575.1541 -789.9739 0.0472 -0.1245 0.6016 0.7876
5497.0000 -4441.6727 -6575.1540 -789.9743 0.0472 -0.1245 0.6016 0.7876
5498.0000 -4441.6803 -6575.1578 -789.9778 0.0472 -0.1245 0.6016 0.7876
5499.0000 -4441.6779 -6575.1584 -789.9765 0.0472 -0.1245 0.6016 0.7876
5500.0000 -4441.6646 -6575.1559 -789.9736 0.0472 -0.1245 0.6016 0.7876
5501.0000 -4441.6672 -6575.1584 -789.9743 0.0471 -0.1244 0.6016 0.7876
5502.0000 -4441.6738 -6575.1621 -789.9736 0.0472 -0.1244 0.6016 0.7876
5503.0000 -4441.6756 -6575.1630 -789.9754 0.0472 -0.1245 0.6016 0.7876
5504.0000 -4441.6739 -6575.1610 -789.9757 0.0472 -0.1245 0.6016 0.7876
5505.0000 -4441.6717 -6575.1587 -789.9768 0.0472 -0.1245 0.6016 0.7876
5506.0000 -4441.6687 -6575.1590 -789.9761 0.0472 -0.1245 0.6017 0.7876
5507.0000 -4441.6702 -6575.1616 -789.9760 0.0472 -0.1244 0.6016 0.7876
5508.0000 -4441.6720 -6575.1635 -789.9757 0.0472 -0.1245 0.6016 0.7876
5509.0000 -4441.6765 -6575.1564 -789.9750 0.0472 -0.1245 0.6016 0.7876
5510.0000 -4441.6754 -6575.1537 -789.9762 0.0472 -0.1245 0.6016 0.7876
5511.0000 -4441.6708 -6575.1557 -789.9775 0.0472 -0.1245 0.6016 0.7876
5512.0000 -4441.6716 -6575.1583 -789.9737 0.0472 -0.1245 0.6016 0.7876
5513.0000 -4441.6730 -6575.1569 -789.9733 0.0472 -0.1244 0.6016 0.7876
5514.0000 -4441.6694 -6575.1606 -789.9738 0.0471 -0.1244 0.6016 0.7876
5515.0000 -4441.6652 -6575.1664 -789.9760 0.0471 -0.1245 0.6016 0.7876
5516.0000 -4441.6674 -6575.1646 -789.9768 0.0472 -0.1246 0.6016 0.7876
5517.0000 -4441.6711 -6575.1599 -789.9773 0.0472 -0.1245 0.6016 0.7876
5518.0000 -4441.6741 -6575.1547 -789.9741 0.0472 -0.1245 0.6016 0.7876
5519.0000 -4441.6709 -6575.1574 -789.9737 0.0472 -0.1245 0.6016 0.7876
5520.0000 -4441.6639 -6575.1607 -789.9748 0.0472 -0.1245 0.6016 0.7876
5521.0000 -4441.6632 -6575.1660 -789.9765 0.0471 -0.1244 0.6016 0.7876
5522.0000 -4441.6684 -6575.1620 -789.9760 0.0472 -0.1244 0.6016 0.7876
5523.0000 -4441.6773 -6575.1529 -789.9747 0.0472 -0.1245 0.6016 0.7876
5524.0000 -4441.6756 -6575.1522 -789.9733 0.0472 -0.1245 0.6016 0.7876
5525.0000 -4441.6702 -6575.1581 -789.9739 0.0471 -0.1245 0.6016 0.7876
5526.0000 -4441.6629 -6575.1605 -789.9728 0.0471 -0.1244 0.6016 0.7876
5527.0000 -4441.6635 -6575.1598 -789.9740 0.0471 -0.1244 0.6016 0.7876
5528.0000 -4441.6687 -6575.1571 -789.9754 0.0472 -0.1245 0.6016 0.7876
5529.0000 -4441.6792 -6575.1600 -789.9747 0.0472 -0.1245 0.6016 0.7876
5530.0000 -4441.6724 -6575.1643 -789.9734 0.0471 -0.1244 0.6016 0.7876
5531.0000 -4441.6673 -6575.1638 -789.9744 0.0471 -0.1245 0.6017 0.7876
5532.0000 -4441.6684 -6575.1563 -789.9757 0.0472 -0.1245 0.6016 0.7876
5533.0000 -4441.6679 -6575.1529 -789.9751 0.0472 -0.1246 0.6016 0.7876
5534.0000 -4441.6714 -6575.1573 -789.9752 0.0472 -0.1245 0.6016 0.7876
5535.0000 -4441.6669 -6575.1639 -789.9734 0.0472 -0.1244 0.6016 0.7876
5536.0000 -4441.6715 -6575.1619 -789.9735 0.0472 -0.1244 0.6016 0.7876
5537.0000 -4441.6715 -6575.1533 -789.9756 0.0472 -0.1245 0.6016 0.7876
5538.0000 -4441.6618 -6575.1542 -789.9746 0.0472 -0.1246 0.6016 0.7876
5539.0000 -4441.6632 -6575.1603 -789.9749 0.0471 -0.1245 0.6016 0.7876
5540.0000 -4441.6716 -6575.1626 -789.9734 0.0471 -0.1244 0.6016 0.7876
5541.0000 -4441.6721 -6575.1665 -789.9749 0.0471 -0.1244 0.6016 0.7876
5542.0000 -4441.6687 -6575.1662 -789.9755 0.0472 -0.1245 0.6016 0.7876
5543.0000 -4441.6603 -6575.1644 -789.9759 0.0471 -0.1246 0.6016 0.7876
5544.0000 -4441.6647 -6575.1625 -789.9789 0.0472 -0.1245 0.6016 0.7876
5545.0000 -4441.6696 -6575.1621 -789.9747 0.0471 -0.1244 0.6016 0.7876
5546.0000 -4441.6743 -6575.1613 -789.9744 0.0472 -0.1244 0.6016 0.7876
5547.0000 -4441.6772 -6575.1595 -789.9734 0.0472 -0.1245 0.6016 0.7876
5548.0000 -4441.6742 -6575.1593 -789.9760 0.0472 -0.1246 0.6016 0.7876
5549.0000 -4441.6679 -6575.1637 -789.9761 0.0473 -0.1248 0.6016 0.7876
5550.0000 -4441.6615 -6575.1579 -789.9753 0.0476 -0.1252 0.6016 0.7875
5551.0000 -4441.6680 -6575.1396 -789.9730 0.0482 -0.1260 0.6015 0.7874
5552.0000 -4441.6595 -6575.1043 -789.9643 0.0491 -0.1270 0.6015 0.7872
5553.0000 -4441.6289 -6575.0531 -789.9490 0.0497 -0.1274 0.6014 0.7871
5554.0000 -4441.6094 -6574.9836 -789.9311 0.0496 -0.1270 0.6015 0.7871
5555.0000 -4441.6039 -6574.9117 -789.9043 0.0493 -0.1265 0.6014 0.7873
5556.0000 -4441.5862 -6574.8278 -789.8790 0.0493 -0.1263 0.6015 0.7873
5557.0000 -4441.5598 -6574.7129 -789.8472 0.0497 -0.1268 0.6013 0.7873
5558.0000 -4441.5234 -6574.5801 -789.8101 0.0501 -0.1280 0.6014 0.7871
5559.0000 -4441.4925 -6574.4323 -789.7757 0.0502 -0.1290 0.6015 0.7868
5560.0000 -4441.4406 -6574.2608 -789.7338 0.0500 -0.1292 0.6019 0.7865
5561.0000 -4441.3890 -6574.0659 -789.6827 0.0493 -0.1286 0.6024 0.7862
5562.0000 -4441.3470 -6573.8440 -789.6235 0.0491 -0.1278 0.6030 0.7859
5563.0000 -4441.2872 -6573.6157 -789.5431 0.0492 -0.1277 0.6035 0.7855
5564.0000 -4441.2170 -6573.3707 -789.4734 0.0493 -0.1284 0.6044 0.7847
5565.0000 -4441.1446 -6573.0977 -789.4236 0.0494 -0.1286 0.6056 0.7838
5566.0000 -4441.0806 -6572.7884 -789.3578 0.0499 -0.1280 0.6071 0.7827
5567.0000 -4441.0143 -6572.4618 -789.2497 0.0511 -0.1267 0.6092 0.7811
5568.0000 -4440.9363 -6572.1426 -789.1205 0.0517 -0.1255 0.6117 0.7793
5569.0000 -4440.8466 -6571.8163 -789.0119 0.0506 -0.1251 0.6143 0.7774
5570.0000 -4440.7580 -6571.4260 -788.9472 0.0488 -0.1258 0.6173 0.7751
5571.0000 -4440.6923 -6571.0043 -788.8834 0.0476 -0.1271 0.6205 0.7724
5572.0000 -4440.6221 -6570.5690 -788.8019 0.0476 -0.1269 0.6243 0.7693
5573.0000 -4440.5521 -6570.1344 -788.6556 0.0483 -0.1242 0.6295 0.7655
5574.0000 -4440.4673 -6569.6984 -788.4706 0.0483 -0.1212 0.6357 0.7608
5575.0000 -4440.3919 -6569.2058 -788.3193 0.0474 -0.1197 0.6431 0.7548
5576.0000 -4440.3421 -6568.6972 -788.2148 0.0457 -0.1203 0.6516 0.7476
5577.0000 -4440.3023 -6568.1741 -788.1494 0.0436 -0.1220 0.6614 0.7388
5578.0000 -4440.2859 -6567.6596 -788.0707 0.0425 -0.1224 0.6728 0.7284
5579.0000 -4440.2934 -6567.1423 -787.9134 0.0418 -0.1215 0.6853 0.7169
5580.0000 -4440.3189 -6566.6188 -787.7258 0.0404 -0.1209 0.6982 0.7044
5581.0000 -4440.3547 -6566.0632 -787.5835 0.0379 -0.1214 0.7119 0.6906
5582.0000 -4440.4233 -6565.4861 -787.5244 0.0349 -0.1229 0.7267 0.6749
5583.0000 -4440.5031 -6564.9224 -787.4405 0.0324 -0.1235 0.7425 0.6576
5584.0000 -4440.6336 -6564.3697 -787.3069 0.0294 -0.1232 0.7585 0.6392
5585.0000 -4440.8028 -6563.8028 -787.1749 0.0266 -0.1219 0.7741 0.6207
5586.0000 -4441.0076 -6563.2068 -787.0260 0.0238 -0.1214 0.7890 0.6018
5587.0000 -4441.2420 -6562.5857 -786.9082 0.0210 -0.1226 0.8035 0.5821
5588.0000 -4441.4944 -6561.9884 -786.8277 0.0172 -0.1252 0.8177 0.5616
5589.0000 -4441.7786 -6561.3778 -786.7771 0.0139 -0.1278 0.8314 0.5405
5590.0000 -4442.1337 -6560.7878 -786.6558 0.0109 -0.1306 0.8447 0.5190
5591.0000 -4442.5241 -6560.1948 -786.5562 0.0082 -0.1322 0.8572 0.4976
5592.0000 -4442.9329 -6559.6130 -786.4702 0.0059 -0.1328 0.8692 0.4763
5593.0000 -4443.3727 -6559.0228 -786.3555 0.0030 -0.1329 0.8808 0.4545
5594.0000 -4443.8572 -6558.4499 -786.2498 -0.0018 -0.1343 0.8915 0.4327
5595.0000 -4444.3962 -6557.8605 -786.2335 -0.0066 -0.1352 0.9020 0.4101
5596.0000 -4444.9629 -6557.2927 -786.1875 -0.0111 -0.1348 0.9122 0.3868
5597.0000 -4445.5537 -6556.7696 -786.1385 -0.0153 -0.1316 0.9221 0.3635
5598.0000 -4446.1608 -6556.2941 -786.0570 -0.0193 -0.1270 0.9312 0.3413
5599.0000 -4446.8246 -6555.7935 -786.0092 -0.0230 -0.1250 0.9390 0.3197
5600.0000 -4447.5441 -6555.3110 -785.9872 -0.0258 -0.1277 0.9454 0.2989
5601.0000 -4448.3165 -6554.8298 -786.0190 -0.0274 -0.1332 0.9507 0.2785
5602.0000 -4449.0817 -6554.3657 -786.0210 -0.0286 -0.1370 0.9555 0.2596
5603.0000 -4449.8385 -6553.9808 -785.9888 -0.0310 -0.1366 0.9596 0.2442
5604.0000 -4450.6586 -6553.6001 -785.9779 -0.0347 -0.1360 0.9623 0.2328
5605.0000 -4451.5477 -6553.1503 -786.0339 -0.0379 -0.1367 0.9642 0.2238
5606.0000 -4452.4568 -6552.6826 -786.1000 -0.0392 -0.1369 0.9662 0.2151
5607.0000 -4453.3510 -6552.2559 -786.1067 -0.0394 -0.1348 0.9685 0.2058
5608.0000 -4454.2409 -6551.8974 -786.0856 -0.0395 -0.1310 0.9709 0.1964
5609.0000 -4455.1646 -6551.5519 -786.1015 -0.0405 -0.1274 0.9732 0.1870
5610.0000 -4456.1447 -6551.1848 -786.1602 -0.0418 -0.1270 0.9749 0.1783
5611.0000 -4457.1525 -6550.8021 -786.2386 -0.0424 -0.1286 0.9759 0.1709
5612.0000 -4458.1978 -6550.4094 -786.2945 -0.0424 -0.1305 0.9769 0.1641
5613.0000 -4459.2501 -6550.0499 -786.3191 -0.0430 -0.1307 0.9778 0.1580
5614.0000 -4460.3116 -6549.7202 -786.3714 -0.0454 -0.1296 0.9786 0.1530
5615.0000 -4461.3946 -6549.3809 -786.4692 -0.0476 -0.1279 0.9793 0.1498
5616.0000 -4462.5067 -6549.0328 -786.5556 -0.0473 -0.1278 0.9795 0.1481
5617.0000 -4463.6673 -6548.6522 -786.6004 -0.0447 -0.1294 0.9796 0.1472
5618.0000 -4464.8451 -6548.2562 -786.6227 -0.0435 -0.1311 0.9795 0.1468
5619.0000 -4466.0281 -6547.8827 -786.7079 -0.0442 -0.1305 0.9795 0.1467
5620.0000 -4467.2198 -6547.5407 -786.8147 -0.0452 -0.1284 0.9798 0.1462
5621.0000 -4468.4237 -6547.1933 -786.8956 -0.0453 -0.1274 0.9802 0.1446
5622.0000 -4469.6541 -6546.8105 -786.9497 -0.0450 -0.1283 0.9804 0.1423
5623.0000 -4470.9153 -6546.4224 -787.0041 -0.0451 -0.1296 0.9805 0.1404
5624.0000 -4472.2071 -6546.0381 -787.0840 -0.0456 -0.1297 0.9807 0.1389
5625.0000 -4473.5223 -6545.6480 -787.1885 -0.0460 -0.1281 0.9811 0.1374
5626.0000 -4474.8335 -6545.2828 -787.2729 -0.0461 -0.1271 0.9815 0.1358
5627.0000 -4476.1423 -6544.9144 -787.3387 -0.0463 -0.1270 0.9817 0.1340
5628.0000 -4477.4724 -6544.5384 -787.4159 -0.0477 -0.1281 0.9817 0.1323
5629.0000 -4478.8404 -6544.1553 -787.5125 -0.0496 -0.1287 0.9817 0.1313
5630.0000 -4480.2050 -6543.7906 -787.6173 -0.0508 -0.1281 0.9818 0.1308
5631.0000 -4481.5449 -6543.4204 -787.7127 -0.0505 -0.1274 0.9820 0.1303
5632.0000 -4482.8868 -6543.0519 -787.7814 -0.0500 -0.1278 0.9821 0.1293
5633.0000 -4484.2558 -6542.6770 -787.8614 -0.0499 -0.1288 0.9821 0.1281
5634.0000 -4485.6132 -6542.3146 -787.9652 -0.0500 -0.1297 0.9821 0.1273
5635.0000 -4486.9699 -6541.9522 -788.0710 -0.0501 -0.1295 0.9822 0.1267
5636.0000 -4488.3313 -6541.5910 -788.1475 -0.0498 -0.1290 0.9823 0.1261
5637.0000 -4489.7153 -6541.2285 -788.2264 -0.0496 -0.1285 0.9825 0.1252
5638.0000 -4491.1146 -6540.8658 -788.3211 -0.0496 -0.1289 0.9826 0.1243
5639.0000 -4492.4980 -6540.4975 -788.4238 -0.0501 -0.1290 0.9826 0.1236
5640.0000 -4493.8620 -6540.1336 -788.5282 -0.0505 -0.1279 0.9828 0.1231
5641.0000 -4495.2609 -6539.7766 -788.6111 -0.0499 -0.1259 0.9832 0.1224
5642.0000 -4496.6698 -6539.4267 -788.6962 -0.0490 -0.1253 0.9834 0.1216
5643.0000 -4498.0618 -6539.0646 -788.8033 -0.0488 -0.1253 0.9835 0.1208
5644.0000 -4499.4612 -6538.7009 -788.9147 -0.0489 -0.1257 0.9836 0.1196
5645.0000 -4500.8659 -6538.3452 -789.0020 -0.0490 -0.1259 0.9837 0.1185
5646.0000 -4502.2925 -6538.0060 -789.0990 -0.0492 -0.1252 0.9839 0.1176
5647.0000 -4503.7274 -6537.6568 -789.1928 -0.0500 -0.1247 0.9840 0.1169
5648.0000 -4505.1565 -6537.3042 -789.2883 -0.0508 -0.1245 0.9841 0.1159
5649.0000 -4506.5782 -6536.9569 -789.3890 -0.0508 -0.1248 0.9842 0.1149
5650.0000 -4508.0020 -6536.6184 -789.4996 -0.0503 -0.1249 0.9843 0.1140
5651.0000 -4509.4447 -6536.2757 -789.6115 -0.0499 -0.1248 0.9845 0.1131
5652.0000 -4510.8891 -6535.9398 -789.7105 -0.0497 -0.1245 0.9846 0.1121
5653.0000 -4512.3337 -6535.5993 -789.7999 -0.0496 -0.1244 0.9847 0.1111
5654.0000 -4513.7921 -6535.2565 -789.9022 -0.0491 -0.1243 0.9849 0.1104
5655.0000 -4515.2503 -6534.9120 -790.0155 -0.0495 -0.1245 0.9849 0.1097
5656.0000 -4516.7012 -6534.5735 -790.1190 -0.0509 -0.1243 0.9849 0.1092
5657.0000 -4518.1520 -6534.2422 -790.2175 -0.0521 -0.1241 0.9850 0.1083
5658.0000 -4519.6232 -6533.9111 -790.3295 -0.0521 -0.1241 0.9851 0.1073
5659.0000 -4521.1052 -6533.5724 -790.4404 -0.0513 -0.1250 0.9851 0.1063
5660.0000 -4522.5874 -6533.2394 -790.5573 -0.0506 -0.1257 0.9851 0.1057
5661.0000 -4524.0574 -6532.9213 -790.6728 -0.0508 -0.1256 0.9852 0.1050
5662.0000 -4525.5220 -6532.6123 -790.7855 -0.0518 -0.1249 0.9853 0.1039
5663.0000 -4527.0129 -6532.2805 -790.8923 -0.0522 -0.1241 0.9855 0.1030
5664.0000 -4528.5131 -6531.9506 -791.0014 -0.0518 -0.1243 0.9856 0.1021
5665.0000 -4530.0180 -6531.6232 -791.1196 -0.0518 -0.1245 0.9856 0.1016
5666.0000 -4531.5035 -6531.3002 -791.2438 -0.0516 -0.1231 0.9859 0.1011
5667.0000 -4532.9930 -6530.9907 -791.3423 -0.0508 -0.1216 0.9862 0.1003
5668.0000 -4534.5100 -6530.6821 -791.4549 -0.0509 -0.1208 0.9864 0.0993
5669.0000 -4536.0277 -6530.3572 -791.5736 -0.0518 -0.1202 0.9865 0.0985
5670.0000 -4537.5445 -6530.0283 -791.6908 -0.0522 -0.1202 0.9865 0.0978
5671.0000 -4539.0532 -6529.7184 -791.8150 -0.0521 -0.1200 0.9866 0.0971
5672.0000 -4540.5656 -6529.4178 -791.9408 -0.0519 -0.1203 0.9867 0.0964
5673.0000 -4542.1035 -6529.1088 -792.0634 -0.0519 -0.1210 0.9867 0.0955
5674.0000 -4543.6576 -6528.7950 -792.1870 -0.0524 -0.1218 0.9866 0.0947
5675.0000 -4545.1918 -6528.4909 -792.3137 -0.0526 -0.1217 0.9867 0.0939
5676.0000 -4546.7186 -6528.1900 -792.4388 -0.0529 -0.1217 0.9868 0.0932
5677.0000 -4548.2631 -6527.8924 -792.5616 -0.0531 -0.1215 0.9868 0.0924
5678.0000 -4549.8214 -6527.5898 -792.6900 -0.0528 -0.1213 0.9870 0.0916
5679.0000 -4551.3743 -6527.2849 -792.8146 -0.0526 -0.1217 0.9870 0.0909
5680.0000 -4552.9347 -6526.9904 -792.9523 -0.0527 -0.1215 0.9871 0.0898
5681.0000 -4554.5003 -6526.6949 -793.0878 -0.0533 -0.1202 0.9874 0.0879
5682.0000 -4556.0656 -6526.4142 -793.2129 -0.0543 -0.1183 0.9878 0.0849
5683.0000 -4557.6185 -6526.1464 -793.3425 -0.0549 -0.1171 0.9882 0.0818
5684.0000 -4559.1866 -6525.8823 -793.4790 -0.0547 -0.1170 0.9885 0.0790
5685.0000 -4560.7614 -6525.6140 -793.6191 -0.0546 -0.1178 0.9886 0.0764
5686.0000 -4562.3392 -6525.3472 -793.7720 -0.0556 -0.1189 0.9886 0.0738
5687.0000 -4563.9099 -6525.1112 -793.9242 -0.0571 -0.1184 0.9888 0.0711
5688.0000 -4565.4729 -6524.8805 -794.0613 -0.0580 -0.1170 0.9891 0.0683
5689.0000 -4567.0311 -6524.6573 -794.1963 -0.0578 -0.1150 0.9895 0.0656
5690.0000 -4568.5846 -6524.4432 -794.3360 -0.0569 -0.1143 0.9898 0.0627
5691.0000 -4570.1498 -6524.2434 -794.4926 -0.0566 -0.1152 0.9899 0.0598
5692.0000 -4571.7210 -6524.0407 -794.6623 -0.0578 -0.1163 0.9899 0.0570
5693.0000 -4573.2792 -6523.8510 -794.8194 -0.0597 -0.1167 0.9899 0.0544
5694.0000 -4574.8305 -6523.6847 -794.9794 -0.0609 -0.1163 0.9900 0.0519
5695.0000 -4576.3895 -6523.5302 -795.1314 -0.0608 -0.1167 0.9901 0.0489
5696.0000 -4577.9287 -6523.3709 -795.2865 -0.0604 -0.1187 0.9900 0.0460
5697.0000 -4579.4884 -6523.2092 -795.4637 -0.0606 -0.1214 0.9898 0.0435
5698.0000 -4581.0347 -6523.0599 -795.6459 -0.0612 -0.1232 0.9896 0.0416
5699.0000 -4582.5814 -6522.9343 -795.8067 -0.0609 -0.1236 0.9897 0.0399
5700.0000 -4584.1168 -6522.8096 -795.9551 -0.0602 -0.1250 0.9896 0.0382
5701.0000 -4585.6472 -6522.6856 -796.1218 -0.0591 -0.1262 0.9895 0.0370
5702.0000 -4587.1934 -6522.5532 -796.2930 -0.0579 -0.1272 0.9895 0.0364
5703.0000 -4588.7433 -6522.4090 -796.4620 -0.0583 -0.1265 0.9896 0.0363
5704.0000 -4590.2762 -6522.2715 -796.6299 -0.0606 -0.1229 0.9899 0.0365
5705.0000 -4591.7889 -6522.1418 -796.7629 -0.0623 -0.1181 0.9904 0.0369
5706.0000 -4593.3156 -6522.0294 -796.8963 -0.0623 -0.1154 0.9907 0.0368
5707.0000 -4594.8623 -6521.9025 -797.0622 -0.0605 -0.1161 0.9907 0.0362
5708.0000 -4596.4006 -6521.7627 -797.2654 -0.0584 -0.1189 0.9905 0.0358
5709.0000 -4597.9155 -6521.6348 -797.4641 -0.0588 -0.1210 0.9903 0.0360
5710.0000 -4599.4254 -6521.5210 -797.6275 -0.0615 -0.1206 0.9901 0.0364
5711.0000 -4600.9399 -6521.4042 -797.7615 -0.0634 -0.1182 0.9903 0.0371
5712.0000 -4602.4477 -6521.2842 -797.8816 -0.0625 -0.1169 0.9905 0.0377
5713.0000 -4603.9592 -6521.1640 -798.0375 -0.0604 -0.1197 0.9903 0.0377
5714.0000 -4605.4392 -6521.0430 -798.2433 -0.0594 -0.1242 0.9898 0.0377
5715.0000 -4606.8961 -6520.9138 -798.4277 -0.0601 -0.1266 0.9894 0.0383
5716.0000 -4608.3773 -6520.7863 -798.5645 -0.0619 -0.1262 0.9893 0.0390
5717.0000 -4609.8576 -6520.6694 -798.7004 -0.0631 -0.1234 0.9896 0.0398
5718.0000 -4611.3123 -6520.5416 -798.8441 -0.0633 -0.1194 0.9900 0.0406
5719.0000 -4612.7465 -6520.4065 -798.9979 -0.0624 -0.1168 0.9903 0.0410
5720.0000 -4614.1696 -6520.2604 -799.1465 -0.0604 -0.1160 0.9906 0.0410
5721.0000 -4615.5987 -6520.1220 -799.3070 -0.0603 -0.1166 0.9905 0.0410
5722.0000 -4617.0252 -6519.9954 -799.4719 -0.0630 -0.1170 0.9903 0.0416
5723.0000 -4618.4371 -6519.8711 -799.6342 -0.0648 -0.1160 0.9902 0.0421
5724.0000 -4619.8266 -6519.7535 -799.7713 -0.0634 -0.1153 0.9904 0.0421
5725.0000 -4621.2198 -6519.6327 -799.8936 -0.0602 -0.1166 0.9905 0.0415
5726.0000 -4622.6046 -6519.5006 -800.0465 -0.0590 -0.1193 0.9903 0.0409
5727.0000 -4623.9631 -6519.3654 -800.2168 -0.0612 -0.1201 0.9900 0.0409
5728.0000 -4625.3218 -6519.2433 -800.3725 -0.0638 -0.1182 0.9901 0.0408
5729.0000 -4626.6652 -6519.1347 -800.4831 -0.0642 -0.1161 0.9903 0.0405
5730.0000 -4627.9755 -6519.0307 -800.5952 -0.0627 -0.1155 0.9905 0.0399
5731.0000 -4629.2672 -6518.9121 -800.7337 -0.0616 -0.1162 0.9905 0.0394
5732.0000 -4630.5619 -6518.7928 -800.8954 -0.0624 -0.1169 0.9904 0.0390
5733.0000 -4631.8375 -6518.6699 -801.0345 -0.0642 -0.1164 0.9904 0.0388
5734.0000 -4633.0937 -6518.5551 -801.1587 -0.0650 -0.1154 0.9904 0.0386
5735.0000 -4634.3295 -6518.4553 -801.2799 -0.0641 -0.1148 0.9906 0.0379
5736.0000 -4635.5641 -6518.3611 -801.4100 -0.0631 -0.1148 0.9907 0.0373
5737.0000 -4636.7785 -6518.2713 -801.5486 -0.0634 -0.1151 0.9907 0.0366
5738.0000 -4637.9625 -6518.1649 -801.6920 -0.0642 -0.1152 0.9906 0.0361
5739.0000 -4639.1314 -6518.0567 -801.8169 -0.0644 -0.1149 0.9906 0.0356
5740.0000 -4640.2968 -6517.9582 -801.9304 -0.0639 -0.1146 0.9907 0.0350
5741.0000 -4641.4440 -6517.8770 -802.0457 -0.0634 -0.1143 0.9908 0.0340
5742.0000 -4642.5830 -6517.7937 -802.1769 -0.0631 -0.1142 0.9909 0.0325
5743.0000 -4643.7008 -6517.7356 -802.3167 -0.0635 -0.1123 0.9912 0.0300
5744.0000 -4644.7983 -6517.6815 -802.4333 -0.0647 -0.1106 0.9914 0.0262
5745.0000 -4645.8850 -6517.6146 -802.5502 -0.0663 -0.1099 0.9915 0.0211
5746.0000 -4646.9494 -6517.5670 -802.6817 -0.0673 -0.1087 0.9917 0.0148
5747.0000 -4648.0024 -6517.5284 -802.8151 -0.0674 -0.1066 0.9920 0.0071
5748.0000 -4649.0442 -6517.5220 -802.9356 -0.0672 -0.1038 0.9923 -0.0020
5749.0000 -4650.0493 -6517.5406 -803.0538 -0.0677 -0.1012 0.9925 -0.0125
5750.0000 -4651.0583 -6517.5779 -803.1852 -0.0692 -0.0985 0.9924 -0.0247
5751.0000 -4652.0483 -6517.6387 -803.3191 -0.0713 -0.0963 0.9921 -0.0385
5752.0000 -4653.0011 -6517.7321 -803.4524 -0.0735 -0.0950 0.9913 -0.0539
5753.0000 -4653.9151 -6517.8700 -803.5960 -0.0753 -0.0949 0.9901 -0.0703
5754.0000 -4654.8347 -6518.0406 -803.7626 -0.0771 -0.0950 0.9886 -0.0873
5755.0000 -4655.7494 -6518.2407 -803.9213 -0.0787 -0.0952 0.9868 -0.1050
5756.0000 -4656.6455 -6518.4514 -804.0861 -0.0802 -0.0950 0.9845 -0.1237
5757.0000 -4657.4996 -6518.6934 -804.2587 -0.0827 -0.0941 0.9818 -0.1428
5758.0000 -4658.3574 -6518.9758 -804.4207 -0.0859 -0.0931 0.9787 -0.1617
5759.0000 -4659.1960 -6519.2953 -804.5874 -0.0880 -0.0909 0.9754 -0.1808
5760.0000 -4660.0272 -6519.6511 -804.7724 -0.0881 -0.0853 0.9720 -0.2005
5761.0000 -4660.8238 -6520.0273 -804.9598 -0.0877 -0.0782 0.9681 -0.2214
5762.0000 -4661.5879 -6520.4140 -805.1472 -0.0892 -0.0717 0.9633 -0.2429
5763.0000 -4662.3479 -6520.8396 -805.3003 -0.0924 -0.0692 0.9574 -0.2645
5764.0000 -4663.0878 -6521.3152 -805.4682 -0.0948 -0.0692 0.9510 -0.2860
5765.0000 -4663.7810 -6521.8452 -805.6822 -0.0953 -0.0693 0.9444 -0.3070
5766.0000 -4664.4571 -6522.4007 -805.9269 -0.0961 -0.0688 0.9374 -0.3275
5767.0000 -4665.1222 -6522.9781 -806.1411 -0.0980 -0.0686 0.9301 -0.3473
5768.0000 -4665.7631 -6523.5833 -806.3297 -0.1003 -0.0664 0.9227 -0.3663
5769.0000 -4666.3809 -6524.2063 -806.4848 -0.1016 -0.0621 0.9154 -0.3845
5770.0000 -4666.9735 -6524.8637 -806.6517 -0.1010 -0.0587 0.9080 -0.4022
5771.0000 -4667.5396 -6525.5415 -806.9267 -0.1004 -0.0568 0.9002 -0.4198
5772.0000 -4668.0759 -6526.2461 -807.2380 -0.1031 -0.0534 0.8918 -0.4372
5773.0000 -4668.6027 -6526.9796 -807.3852 -0.1074 -0.0473 0.8830 -0.4545
5774.0000 -4669.1070 -6527.7499 -807.3732 -0.1055 -0.0422 0.8740 -0.4725
5775.0000 -4669.5349 -6528.5059 -807.5779 -0.0956 -0.0376 0.8647 -0.4917
5776.0000 -4669.9428 -6529.2623 -808.0458 -0.0888 -0.0313 0.8547 -0.5105
5777.0000 -4670.3598 -6530.0899 -808.2868 -0.0929 -0.0286 0.8438 -0.5279
5778.0000 -4670.7338 -6530.9834 -808.3160 -0.1023 -0.0293 0.8324 -0.5439
5779.0000 -4671.0686 -6531.8868 -808.3630 -0.1077 -0.0264 0.8209 -0.5602
5780.0000 -4671.3652 -6532.7604 -808.5306 -0.1070 -0.0209 0.8093 -0.5772
5781.0000 -4671.6287 -6533.6184 -808.8118 -0.1045 -0.0163 0.7980 -0.5933
5782.0000 -4671.8691 -6534.5286 -809.0554 -0.1033 -0.0144 0.7875 -0.6075
5783.0000 -4672.0667 -6535.4888 -809.2192 -0.1026 -0.0129 0.7779 -0.6199
5784.0000 -4672.2340 -6536.4750 -809.3474 -0.1011 -0.0107 0.7692 -0.6309
5785.0000 -4672.3902 -6537.4558 -809.5108 -0.0993 -0.0071 0.7609 -0.6412
5786.0000 -4672.5323 -6538.4419 -809.6883 -0.0984 -0.0021 0.7522 -0.6515
5787.0000 -4672.6444 -6539.4407 -809.8288 -0.0991 0.0026 0.7430 -0.6619
5788.0000 -4672.7300 -6540.4424 -809.9562 -0.1016 0.0060 0.7333 -0.6722
5789.0000 -4672.7872 -6541.4697 -810.0744 -0.1050 0.0077 0.7233 -0.6824
5790.0000 -4672.8001 -6542.5236 -810.2276 -0.1076 0.0088 0.7136 -0.6922
5791.0000 -4672.7970 -6543.5823 -810.3814 -0.1085 0.0102 0.7041 -0.7017
5792.0000 -4672.7741 -6544.6335 -810.5233 0.1076 -0.0116 -0.6948 0.7110
5793.0000 -4672.7092 -6545.7032 -810.6672 0.1067 -0.0120 -0.6859 0.7197
5794.0000 -4672.6142 -6546.7914 -810.8236 0.1069 -0.0120 -0.6775 0.7276
5795.0000 -4672.4932 -6547.8901 -810.9726 0.1077 -0.0133 -0.6693 0.7350
5796.0000 -4672.3638 -6548.9999 -811.0639 0.1088 -0.0138 -0.6610 0.7423
5797.0000 -4672.1936 -6550.1042 -811.2012 0.1101 -0.0128 -0.6528 0.7493
5798.0000 -4671.9973 -6551.2218 -811.3960 0.1129 -0.0131 -0.6449 0.7558
5799.0000 -4671.7868 -6552.3532 -811.5093 0.1144 -0.0148 -0.6372 0.7620
5800.0000 -4671.5564 -6553.4891 -811.6118 0.1141 -0.0168 -0.6297 0.7682
5801.0000 -4671.2992 -6554.6415 -811.7517 0.1142 -0.0167 -0.6218 0.7746
5802.0000 -4670.9937 -6555.7888 -811.9128 0.1155 -0.0149 -0.6138 0.7809
5803.0000 -4670.6653 -6556.9324 -812.0596 0.1167 -0.0128 -0.6058 0.7869
5804.0000 -4670.3213 -6558.0840 -812.2196 0.1181 -0.0121 -0.5983 0.7924
5805.0000 -4669.9750 -6559.2528 -812.3554 0.1202 -0.0121 -0.5913 0.7974
5806.0000 -4669.5864 -6560.4374 -812.5071 0.1229 -0.0131 -0.5846 0.8018
5807.0000 -4669.1729 -6561.6119 -812.6464 0.1259 -0.0157 -0.5780 0.8061
5808.0000 -4668.7529 -6562.7819 -812.7860 0.1288 -0.0187 -0.5711 0.8105
5809.0000 -4668.3164 -6563.9685 -812.9219 0.1319 -0.0214 -0.5639 0.8149
5810.0000 -4667.8488 -6565.1569 -813.0662 0.1347 -0.0237 -0.5570 0.8192
5811.0000 -4667.3482 -6566.3372 -813.2109 0.1368 -0.0257 -0.5503 0.8233
5812.0000 -4666.8322 -6567.5422 -813.3637 0.1393 -0.0270 -0.5440 0.8270
5813.0000 -4666.2909 -6568.7392 -813.5050 0.1424 -0.0280 -0.5379 0.8304
5814.0000 -4665.7204 -6569.9219 -813.6069 0.1442 -0.0296 -0.5322 0.8337
5815.0000 -4665.1364 -6571.1185 -813.7204 0.1433 -0.0317 -0.5265 0.8374
5816.0000 -4664.5392 -6572.3055 -813.8593 0.1407 -0.0327 -0.5212 0.8411
5817.0000 -4663.9005 -6573.4993 -814.0175 0.1383 -0.0324 -0.5164 0.8445
5818.0000 -4663.2458 -6574.7077 -814.1401 0.1362 -0.0331 -0.5117 0.8476
5819.0000 -4662.5744 -6575.9243 -814.2070 0.1335 -0.0350 -0.5067 0.8510
5820.0000 -4661.8858 -6577.1135 -814.2872 0.1308 -0.0354 -0.5013 0.8546
5821.0000 -4661.1798 -6578.3057 -814.4124 0.1294 -0.0345 -0.4958 0.8580
5822.0000 -4660.4525 -6579.4966 -814.5197 0.1286 -0.0344 -0.4908 0.8610
5823.0000 -4659.7010 -6580.7196 -814.5998 0.1281 -0.0368 -0.4858 0.8639
5824.0000 -4658.9453 -6581.9393 -814.6261 0.1273 -0.0387 -0.4803 0.8669
5825.0000 -4658.1540 -6583.1551 -814.7205 0.1274 -0.0380 -0.4745 0.8702
5826.0000 -4657.3642 -6584.3498 -814.8014 0.1290 -0.0355 -0.4687 0.8732
5827.0000 -4656.5411 -6585.5079 -814.8878 0.1286 -0.0343 -0.4632 0.8762
5828.0000 -4655.7010 -6586.6842 -814.9253 0.1246 -0.0370 -0.4585 0.8791
5829.0000 -4654.8510 -6587.8742 -815.0039 0.1185 -0.0408 -0.4547 0.8818
5830.0000 -4653.9839 -6589.0746 -815.0734 0.1154 -0.0430 -0.4508 0.8841
5831.0000 -4653.1094 -6590.2495 -815.1318 0.1173 -0.0435 -0.4463 0.8861
5832.0000 -4652.2221 -6591.4315 -815.1039 0.1223 -0.0432 -0.4410 0.8881
5833.0000 -4651.3202 -6592.6004 -815.1169 0.1258 -0.0430 -0.4357 0.8902
5834.0000 -4650.4071 -6593.7452 -815.1535 0.1247 -0.0437 -0.4311 0.8926
5835.0000 -4649.4541 -6594.8928 -815.2014 0.1176 -0.0461 -0.4273 0.8952
5836.0000 -4648.4906 -6596.0788 -815.2554 0.1096 -0.0482 -0.4242 0.8976
5837.0000 -4647.5276 -6597.2379 -815.2702 0.1072 -0.0484 -0.4204 0.8997
5838.0000 -4646.5318 -6598.3855 -815.2595 0.1114 -0.0473 -0.4158 0.9014
5839.0000 -4645.5373 -6599.5181 -815.2401 0.1162 -0.0480 -0.4110 0.9029
5840.0000 -4644.5399 -6600.6326 -815.1998 0.1159 -0.0501 -0.4070 0.9047
5841.0000 -4643.5248 -6601.7907 -815.1828 0.1116 -0.0513 -0.4039 0.9065
5842.0000 -4642.5137 -6602.9675 -815.2115 0.1095 -0.0508 -0.4009 0.9081
5843.0000 -4641.4682 -6604.0987 -815.2325 0.1115 -0.0494 -0.3976 0.9094
5844.0000 -4640.4212 -6605.2035 -815.2211 0.1152 -0.0487 -0.3939 0.9106
5845.0000 -4639.3547 -6606.2753 -815.1845 0.1162 -0.0492 -0.3902 0.9120
5846.0000 -4638.2971 -6607.3863 -815.1452 0.1139 -0.0502 -0.3870 0.9136
5847.0000 -4637.2404 -6608.4972 -815.1506 0.1115 -0.0507 -0.3845 0.9150
5848.0000 -4636.1538 -6609.6046 -815.1549 0.1114 -0.0504 -0.3823 0.9159
5849.0000 -4635.0525 -6610.7084 -815.1337 0.1130 -0.0501 -0.3802 0.9166
5850.0000 -4633.9567 -6611.8047 -815.1039 0.1146 -0.0501 -0.3781 0.9173
5851.0000 -4632.8505 -6612.8884 -815.0703 0.1144 -0.0510 -0.3762 0.9180
5852.0000 -4631.7555 -6613.9692 -815.0504 0.1124 -0.0523 -0.3744 0.9190
5853.0000 -4630.6319 -6615.0436 -815.0205 0.1106 -0.0533 -0.3724 0.9199
5854.0000 -4629.5089 -6616.1250 -815.0000 0.1109 -0.0536 -0.3705 0.9206
5855.0000 -4628.3669 -6617.2246 -814.9666 0.1137 -0.0537 -0.3680 0.9213
5856.0000 -4627.2476 -6618.3089 -814.9229 0.1167 -0.0542 -0.3656 0.9218
5857.0000 -4626.1196 -6619.3644 -814.8824 0.1168 -0.0543 -0.3633 0.9227
5858.0000 -4624.9663 -6620.4273 -814.8400 0.1152 -0.0542 -0.3613 0.9237
5859.0000 -4623.8026 -6621.4910 -814.8150 0.1133 -0.0542 -0.3593 0.9248
5860.0000 -4622.6296 -6622.5503 -814.7829 0.1131 -0.0543 -0.3570 0.9256
5861.0000 -4621.4709 -6623.5988 -814.7387 0.1144 -0.0541 -0.3543 0.9265
5862.0000 -4620.3278 -6624.6437 -814.6993 0.1164 -0.0535 -0.3516 0.9273
5863.0000 -4619.1552 -6625.6978 -814.6498 0.1178 -0.0535 -0.3490 0.9282
5864.0000 -4617.9527 -6626.7454 -814.6018 0.1182 -0.0541 -0.3466 0.9290
5865.0000 -4616.7591 -6627.7680 -814.5717 0.1183 -0.0549 -0.3445 0.9297
5866.0000 -4615.5839 -6628.7546 -814.5404 0.1182 -0.0546 -0.3420 0.9306
5867.0000 -4614.4144 -6629.7390 -814.4958 0.1187 -0.0538 -0.3391 0.9317
5868.0000 -4613.2114 -6630.7672 -814.4397 0.1200 -0.0541 -0.3355 0.9328
5869.0000 -4612.0014 -6631.7917 -814.3880 0.1215 -0.0552 -0.3311 0.9341
5870.0000 -4610.7956 -6632.7767 -814.3432 0.1228 -0.0563 -0.3271 0.9353
5871.0000 -4609.6077 -6633.7184 -814.2969 0.1237 -0.0571 -0.3237 0.9363
5872.0000 -4608.3951 -6634.6587 -814.2460 0.1240 -0.0567 -0.3202 0.9375
5873.0000 -4607.1746 -6635.5974 -814.1871 0.1244 -0.0554 -0.3169 0.9386
5874.0000 -4605.9788 -6636.5332 -814.1135 0.1245 -0.0544 -0.3141 0.9396
5875.0000 -4604.7825 -6637.4594 -814.0657 0.1239 -0.0544 -0.3120 0.9404
5876.0000 -4603.5949 -6638.3538 -814.0212 0.1232 -0.0551 -0.3107 0.9409
5877.0000 -4602.3866 -6639.2616 -813.9829 0.1238 -0.0552 -0.3101 0.9410
5878.0000 -4601.1863 -6640.1430 -813.9298 0.1265 -0.0537 -0.3095 0.9409
5879.0000 -4600.0229 -6641.0041 -813.8572 0.1299 -0.0532 -0.3087 0.9407
5880.0000 -4598.8541 -6641.8989 -813.7814 0.1315 -0.0545 -0.3082 0.9406
5881.0000 -4597.6971 -6642.7717 -813.7367 0.1314 -0.0566 -0.3080 0.9406
5882.0000 -4596.5652 -6643.6171 -813.7134 0.1308 -0.0572 -0.3079 0.9406
5883.0000 -4595.4352 -6644.4624 -813.6753 0.1311 -0.0563 -0.3079 0.9407
5884.0000 -4594.3144 -6645.2894 -813.5970 0.1315 -0.0557 -0.3083 0.9405
5885.0000 -4593.1833 -6646.1245 -813.5297 0.1313 -0.0564 -0.3095 0.9401
5886.0000 -4592.0614 -6646.9641 -813.4835 0.1305 -0.0567 -0.3116 0.9395
5887.0000 -4590.9707 -6647.8071 -813.4597 0.1304 -0.0553 -0.3141 0.9388
5888.0000 -4589.8857 -6648.6409 -813.4251 0.1311 -0.0539 -0.3171 0.9378
5889.0000 -4588.8113 -6649.4677 -813.3677 0.1320 -0.0539 -0.3212 0.9362
5890.0000 -4587.7509 -6650.3117 -813.3124 0.1322 -0.0543 -0.3261 0.9344
5891.0000 -4586.6859 -6651.1783 -813.2834 0.1326 -0.0544 -0.3314 0.9325
5892.0000 -4585.6490 -6652.0424 -813.2709 0.1327 -0.0539 -0.3368 0.9306
5893.0000 -4584.6337 -6652.9148 -813.2571 0.1336 -0.0540 -0.3420 0.9286
5894.0000 -4583.6052 -6653.8023 -813.2202 0.1344 -0.0542 -0.3469 0.9266
5895.0000 -4582.6026 -6654.6806 -813.1840 0.1352 -0.0541 -0.3512 0.9249
5896.0000 -4581.6238 -6655.5632 -813.1674 0.1364 -0.0531 -0.3545 0.9235
5897.0000 -4580.6430 -6656.4478 -813.1646 0.1385 -0.0513 -0.3574 0.9222
5898.0000 -4579.6830 -6657.3527 -813.1642 0.1403 -0.0500 -0.3604 0.9208
5899.0000 -4578.7379 -6658.2593 -813.1567 0.1403 -0.0503 -0.3639 0.9194
5900.0000 -4577.8006 -6659.1592 -813.1494 0.1389 -0.0513 -0.3676 0.9181
5901.0000 -4576.8620 -6660.0523 -813.1412 0.1373 -0.0509 -0.3710 0.9170
5902.0000 -4575.9181 -6660.9527 -813.1635 0.1369 -0.0497 -0.3738 0.9160
5903.0000 -4574.9985 -6661.8318 -813.1535 0.1377 -0.0480 -0.3764 0.9149
5904.0000 -4574.1182 -6662.7124 -813.1571 0.1382 -0.0460 -0.3792 0.9138
5905.0000 -4573.2401 -6663.6107 -813.1811 0.1389 -0.0445 -0.3821 0.9126
5906.0000 -4572.3773 -6664.5251 -813.1931 0.1401 -0.0441 -0.3849 0.9112
5907.0000 -4571.5323 -6665.3869 -813.2032 0.1414 -0.0446 -0.3869 0.9101
5908.0000 -4570.7101 -6666.2238 -813.1899 0.1415 -0.0447 -0.3883 0.9095
5909.0000 -4569.9011 -6667.0664 -813.2214 0.1408 -0.0440 -0.3899 0.9090
5910.0000 -4569.1094 -6667.9228 -813.2760 0.1404 -0.0439 -0.3919 0.9082
5911.0000 -4568.3190 -6668.7727 -813.2843 0.1411 -0.0453 -0.3945 0.9069
5912.0000 -4567.5522 -6669.6015 -813.2814 0.1416 -0.0469 -0.3966 0.9058
5913.0000 -4566.8083 -6670.4012 -813.2717 0.1414 -0.0472 -0.3981 0.9052
5914.0000 -4566.0679 -6671.2163 -813.2961 0.1406 -0.0461 -0.3994 0.9047
5915.0000 -4565.2980 -6672.0585 -813.3478 0.1400 -0.0439 -0.4012 0.9042
5916.0000 -4564.5409 -6672.8938 -813.4007 0.1408 -0.0418 -0.4033 0.9032
5917.0000 -4563.8076 -6673.7091 -813.4312 0.1420 -0.0417 -0.4050 0.9022
5918.0000 -4563.0841 -6674.5293 -813.4401 0.1426 -0.0433 -0.4062 0.9015
5919.0000 -4562.3793 -6675.3461 -813.4356 0.1433 -0.0444 -0.4071 0.9010
5920.0000 -4561.6696 -6676.1465 -813.4651 0.1439 -0.0437 -0.4083 0.9004
5921.0000 -4560.9554 -6676.9410 -813.5213 0.1437 -0.0425 -0.4099 0.8997
5922.0000 -4560.2737 -6677.7246 -813.5656 0.1432 -0.0419 -0.4113 0.8992
5923.0000 -4559.6122 -6678.5168 -813.5954 0.1429 -0.0417 -0.4123 0.8988
5924.0000 -4558.9476 -6679.2890 -813.6135 0.1437 -0.0410 -0.4132 0.8983
5925.0000 -4558.2780 -6680.0524 -813.6370 0.1448 -0.0395 -0.4140 0.8978
5926.0000 -4557.6316 -6680.7961 -813.6815 0.1447 -0.0382 -0.4150 0.8974
5927.0000 -4557.0183 -6681.5196 -813.7334 0.1441 -0.0380 -0.4160 0.8971
5928.0000 -4556.4187 -6682.2496 -813.7609 0.1437 -0.0385 -0.4162 0.8970
5929.0000 -4555.8339 -6682.9536 -813.7789 0.1433 -0.0389 -0.4157 0.8973
5930.0000 -4555.2538 -6683.6274 -813.8004 0.1440 -0.0390 -0.4144 0.8978
5931.0000 -4554.6815 -6684.2707 -813.8344 0.1458 -0.0394 -0.4118 0.8987
5932.0000 -4554.1337 -6684.9059 -813.8753 0.1480 -0.0407 -0.4072 0.9004
5933.0000 -4553.5925 -6685.5167 -813.8809 0.1506 -0.0428 -0.3999 0.9031
5934.0000 -4553.0494 -6686.0824 -813.8801 0.1515 -0.0447 -0.3898 0.9073
5935.0000 -4552.5098 -6686.6129 -813.8992 0.1510 -0.0467 -0.3771 0.9126
5936.0000 -4551.9673 -6687.1182 -813.9171 0.1504 -0.0499 -0.3624 0.9185
5937.0000 -4551.4131 -6687.5838 -813.8915 0.1509 -0.0539 -0.3452 0.9247
5938.0000 -4550.8545 -6688.0301 -813.8437 0.1508 -0.0574 -0.3255 0.9317
5939.0000 -4550.2624 -6688.4522 -813.8308 0.1492 -0.0601 -0.3034 0.9392
5940.0000 -4549.6517 -6688.8180 -813.8112 0.1465 -0.0628 -0.2796 0.9468
5941.0000 -4549.0413 -6689.1426 -813.7685 0.1440 -0.0663 -0.2541 0.9541
5942.0000 -4548.4228 -6689.4535 -813.6904 0.1401 -0.0693 -0.2272 0.9612
5943.0000 -4547.7803 -6689.7120 -813.6309 0.1369 -0.0713 -0.1994 0.9677
5944.0000 -4547.1258 -6689.9271 -813.5512 0.1358 -0.0737 -0.1707 0.9731
5945.0000 -4546.4964 -6690.1202 -813.4313 0.1353 -0.0772 -0.1411 0.9777
5946.0000 -4545.8879 -6690.2738 -813.3006 0.1315 -0.0812 -0.1115 0.9817
5947.0000 -4545.2499 -6690.3693 -813.2273 0.1267 -0.0858 -0.0827 0.9848
5948.0000 -4544.5877 -6690.4183 -813.1664 0.1243 -0.0900 -0.0542 0.9867
5949.0000 -4543.9490 -6690.4561 -813.0242 0.1231 -0.0931 -0.0254 0.9877
5950.0000 -4543.3347 -6690.4551 -812.8302 0.1197 -0.0952 0.0035 0.9882
5951.0000 -4542.7287 -6690.4054 -812.6758 0.1134 -0.0969 0.0322 0.9883
5952.0000 -4542.1113 -6690.3007 -812.5963 0.1081 -0.0999 0.0607 0.9872
5953.0000 -4541.5073 -6690.1773 -812.4743 0.1055 -0.1033 0.0892 0.9850
5954.0000 -4540.9518 -6690.0426 -812.2530 0.1016 -0.1064 0.1173 0.9821
5955.0000 -4540.3973 -6689.8539 -812.0515 0.0952 -0.1103 0.1447 0.9787
5956.0000 -4539.8057 -6689.5910 -811.9768 0.0895 -0.1136 0.1725 0.9743
5957.0000 -4539.2215 -6689.3283 -811.8896 0.0873 -0.1134 0.2015 0.9690
5958.0000 -4538.7014 -6689.0766 -811.6518 0.0851 -0.1095 0.2303 0.9632
5959.0000 -4538.2059 -6688.7737 -811.3720 0.0807 -0.1048 0.2575 0.9572
5960.0000 -4537.6906 -6688.4016 -811.1949 0.0744 -0.1031 0.2833 0.9506
5961.0000 -4537.1890 -6687.9964 -811.1168 0.0688 -0.1052 0.3077 0.9432
5962.0000 -4536.7134 -6687.6074 -811.0191 0.0642 -0.1082 0.3299 0.9356
5963.0000 -4536.2833 -6687.2159 -810.8378 0.0601 -0.1094 0.3493 0.9287
5964.0000 -4535.8739 -6686.7910 -810.6164 0.0566 -0.1095 0.3650 0.9228
5965.0000 -4535.4543 -6686.3527 -810.4398 0.0527 -0.1095 0.3768 0.9183
5966.0000 -4535.0170 -6685.8886 -810.3095 0.0486 -0.1098 0.3851 0.9150
5967.0000 -4534.5865 -6685.4169 -810.1776 0.0454 -0.1107 0.3908 0.9126
5968.0000 -4534.1689 -6684.9460 -810.0319 0.0436 -0.1118 0.3954 0.9106
5969.0000 -4533.7692 -6684.5022 -809.8583 0.0430 -0.1121 0.3995 0.9088
5970.0000 -4533.3862 -6684.0692 -809.6778 0.0427 -0.1118 0.4030 0.9073
5971.0000 -4533.0135 -6683.6254 -809.5077 0.0413 -0.1122 0.4056 0.9062
5972.0000 -4532.6102 -6683.1515 -809.3830 0.0391 -0.1129 0.4074 0.9054
5973.0000 -4532.1972 -6682.6810 -809.2545 0.0365 -0.1131 0.4089 0.9048
5974.0000 -4531.8060 -6682.2169 -809.1054 0.0348 -0.1129 0.4106 0.9041
5975.0000 -4531.4321 -6681.7681 -808.9485 0.0339 -0.1124 0.4126 0.9033
5976.0000 -4531.0671 -6681.3223 -808.7920 0.0339 -0.1121 0.4144 0.9025
5977.0000 -4530.6856 -6680.8622 -808.6304 0.0343 -0.1125 0.4161 0.9017
5978.0000 -4530.3068 -6680.4073 -808.4743 0.0336 -0.1135 0.4176 0.9009
5979.0000 -4529.9386 -6679.9524 -808.3333 0.0314 -0.1155 0.4184 0.9003
5980.0000 -4529.5639 -6679.4945 -808.2151 0.0289 -0.1173 0.4185 0.9001
5981.0000 -4529.1882 -6679.0268 -808.0876 0.0276 -0.1182 0.4181 0.9002
5982.0000 -4528.8079 -6678.5696 -807.9255 0.0272 -0.1180 0.4176 0.9005
5983.0000 -4528.4417 -6678.1087 -807.7412 0.0269 -0.1171 0.4169 0.9010
5984.0000 -4528.0648 -6677.6562 -807.5817 0.0262 -0.1170 0.4163 0.9013
5985.0000 -4527.6902 -6677.2039 -807.4543 0.0252 -0.1177 0.4160 0.9013
5986.0000 -4527.3164 -6676.7495 -807.3257 0.0233 -0.1186 0.4159 0.9014
5987.0000 -4526.9367 -6676.2960 -807.1979 0.0219 -0.1192 0.4157 0.9014
5988.0000 -4526.5623 -6675.8400 -807.0553 0.0220 -0.1188 0.4159 0.9014
5989.0000 -4526.1887 -6675.3920 -806.8751 0.0228 -0.1178 0.4160 0.9014
5990.0000 -4525.8170 -6674.9467 -806.6990 0.0232 -0.1178 0.4164 0.9012
5991.0000 -4525.4447 -6674.4937 -806.5698 0.0223 -0.1190 0.4166 0.9010
5992.0000 -4525.0771 -6674.0365 -806.4733 0.0217 -0.1196 0.4173 0.9006
5993.0000 -4524.7123 -6673.5855 -806.3390 0.0225 -0.1187 0.4192 0.8998
5994.0000 -4524.3688 -6673.1542 -806.1495 0.0230 -0.1168 0.4214 0.8990
5995.0000 -4524.0190 -6672.7231 -805.9825 0.0224 -0.1158 0.4230 0.8984
5996.0000 -4523.6669 -6672.2806 -805.8715 0.0212 -0.1164 0.4243 0.8978
5997.0000 -4523.3117 -6671.8384 -805.7807 0.0205 -0.1174 0.4258 0.8970
5998.0000 -4522.9665 -6671.4082 -805.6441 0.0205 -0.1177 0.4275 0.8961
5999.0000 -4522.6469 -6670.9829 -805.4794 0.0202 -0.1168 0.4293 0.8954
6000.0000 -4522.3247 -6670.5514 -805.3401 0.0203 -0.1158 0.4308 0.8948
6001.0000 -4521.9815 -6670.1121 -805.2143 0.0212 -0.1157 0.4322 0.8941
6002.0000 -4521.6397 -6669.6776 -805.0849 0.0229 -0.1163 0.4335 0.8933
6003.0000 -4521.3042 -6669.2470 -804.9442 0.0242 -0.1170 0.4350 0.8925
6004.0000 -4520.9731 -6668.8067 -804.8074 0.0249 -0.1174 0.4367 0.8916
6005.0000 -4520.6351 -6668.3526 -804.6908 0.0257 -0.1175 0.4390 0.8904
6006.0000 -4520.3140 -6667.9058 -804.5504 0.0267 -0.1170 0.4427 0.8886
6007.0000 -4520.0098 -6667.4737 -804.3979 0.0269 -0.1164 0.4473 0.8864
6008.0000 -4519.7057 -6667.0439 -804.2625 0.0259 -0.1159 0.4523 0.8839
6009.0000 -4519.3902 -6666.5921 -804.1429 0.0246 -0.1158 0.4572 0.8814
6010.0000 -4519.0877 -6666.1396 -804.0288 0.0234 -0.1162 0.4617 0.8791
6011.0000 -4518.8089 -6665.6874 -803.8907 0.0226 -0.1170 0.4655 0.8770
6012.0000 -4518.5212 -6665.2229 -803.7565 0.0222 -0.1179 0.4683 0.8754
6013.0000 -4518.2195 -6664.7540 -803.6252 0.0217 -0.1187 0.4706 0.8741
6014.0000 -4517.9198 -6664.2802 -803.5001 0.0210 -0.1191 0.4727 0.8729
6015.0000 -4517.6301 -6663.7988 -803.3617 0.0205 -0.1189 0.4750 0.8717
6016.0000 -4517.3493 -6663.3532 -803.2313 0.0202 -0.1183 0.4773 0.8705
6017.0000 -4517.0702 -6662.8951 -803.0950 0.0202 -0.1179 0.4798 0.8692
6018.0000 -4516.7946 -6662.4341 -802.9644 0.0202 -0.1180 0.4820 0.8680
6019.0000 -4516.5074 -6661.9639 -802.8337 0.0199 -0.1187 0.4841 0.8667
6020.0000 -4516.2362 -6661.4820 -802.7111 0.0193 -0.1189 0.4865 0.8653
6021.0000 -4515.9623 -6661.0159 -802.5965 0.0192 -0.1183 0.4897 0.8636
6022.0000 -4515.7061 -6660.5456 -802.4720 0.0196 -0.1170 0.4947 0.8609
6023.0000 -4515.4609 -6660.0844 -802.3323 0.0207 -0.1151 0.5018 0.8570
6024.0000 -4515.2401 -6659.6312 -802.1928 0.0209 -0.1135 0.5106 0.8520
6025.0000 -4515.0245 -6659.1677 -802.0748 0.0201 -0.1128 0.5211 0.8458
6026.0000 -4514.8176 -6658.6944 -801.9795 0.0185 -0.1127 0.5334 0.8381
6027.0000 -4514.6581 -6658.2340 -801.8836 0.0169 -0.1125 0.5480 0.8287
6028.0000 -4514.5296 -6657.7952 -801.7699 0.0149 -0.1121 0.5650 0.8173
6029.0000 -4514.4437 -6657.3679 -801.6589 0.0119 -0.1119 0.5835 0.8042
6030.0000 -4514.3721 -6656.9369 -801.5797 0.0077 -0.1125 0.6032 0.7896
6031.0000 -4514.3276 -6656.5193 -801.5150 0.0022 -0.1136 0.6239 0.7732
6032.0000 -4514.3158 -6656.1120 -801.4557 -0.0041 -0.1148 0.6453 0.7552
6033.0000 -4514.3333 -6655.7288 -801.3956 -0.0102 -0.1162 0.6662 0.7366
6034.0000 -4514.3615 -6655.3472 -801.3434 -0.0151 -0.1177 0.6856 0.7182
6035.0000 -4514.4085 -6654.9814 -801.2846 -0.0198 -0.1190 0.7038 0.7001
6036.0000 -4514.4874 -6654.6253 -801.2403 -0.0249 -0.1186 0.7210 0.6822
6037.0000 -4514.5828 -6654.2910 -801.2069 -0.0309 -0.1173 0.7370 0.6649
6038.0000 -4514.6695 -6653.9889 -801.1799 -0.0370 -0.1171 0.7515 0.6482
6039.0000 -4514.7606 -6653.6997 -801.1693 -0.0410 -0.1189 0.7649 0.6318
6040.0000 -4514.8549 -6653.4114 -801.1582 -0.0433 -0.1217 0.7781 0.6148
6041.0000 -4514.9712 -6653.1508 -801.1609 -0.0446 -0.1216 0.7913 0.5975
6042.0000 -4515.0671 -6652.8965 -801.1800 -0.0447 -0.1172 0.8045 0.5806
6043.0000 -4515.1516 -6652.6589 -801.1635 -0.0370 -0.1076 0.8176 0.5644
6044.0000 -4515.2703 -6652.4305 -801.0131 -0.0237 -0.0978 0.8307 0.5475
6045.0000 -4515.4208 -6652.2026 -800.8845 -0.0144 -0.0927 0.8426 0.5303
6046.0000 -4515.5694 -6651.9868 -800.8630 -0.0158 -0.0948 0.8522 0.5143
6047.0000 -4515.7076 -6651.7856 -800.9809 -0.0216 -0.1053 0.8603 0.4983
6048.0000 -4515.8393 -6651.5914 -801.1167 -0.0207 -0.1175 0.8686 0.4809
6049.0000 -4515.9896 -6651.4332 -801.1370 -0.0124 -0.1255 0.8774 0.4628
6050.0000 -4516.1672 -6651.2828 -801.0587 -0.0046 -0.1275 0.8859 0.4459
6051.0000 -4516.3755 -6651.1199 -800.9445 -0.0036 -0.1266 0.8937 0.4305
6052.0000 -4516.5517 -6650.9150 -800.9751 -0.0089 -0.1251 0.9011 0.4152
6053.0000 -4516.6936 -6650.7098 -801.0860 -0.0133 -0.1195 0.9085 0.4001
6054.0000 -4516.8629 -6650.5260 -801.0598 -0.0146 -0.1098 0.9158 0.3861
6055.0000 -4517.0923 -6650.3582 -800.8931 -0.0172 -0.1012 0.9218 0.3738
6056.0000 -4517.3584 -6650.1878 -800.7893 -0.0266 -0.0997 0.9258 0.3637
6057.0000 -4517.6237 -6650.0006 -800.8695 -0.0400 -0.1050 0.9282 0.3548
6058.0000 -4517.8284 -6649.8003 -801.0549 -0.0507 -0.1113 0.9300 0.3467
6059.0000 -4518.0206 -6649.6246 -801.1264 -0.0564 -0.1120 0.9323 0.3392
6060.0000 -4518.2438 -6649.5057 -800.9898 -0.0588 -0.1083 0.9347 0.3335
6061.0000 -4518.5015 -6649.3685 -800.8318 -0.0606 -0.1055 0.9359 0.3305
6062.0000 -4518.7733 -6649.1832 -800.8408 -0.0631 -0.1077 0.9360 0.3291
6063.0000 -4518.9953 -6648.9749 -801.0049 -0.0645 -0.1126 0.9354 0.3290
6064.0000 -4519.1708 -6648.7717 -801.1141 -0.0639 -0.1152 0.9343 0.3312
6065.0000 -4519.3831 -6648.5814 -801.0753 -0.0627 -0.1133 0.9329 0.3360
6066.0000 -4519.6410 -6648.4047 -800.9511 -0.0618 -0.1098 0.9309 0.3427
6067.0000 -4519.8885 -6648.2161 -800.8979 -0.0611 -0.1095 0.9283 0.3501
6068.0000 -4520.0879 -6648.0007 -800.9620 -0.0596 -0.1140 0.9247 0.3582
6069.0000 -4520.2808 -6647.7552 -801.0824 -0.0578 -0.1193 0.9208 0.3668
6070.0000 -4520.4929 -6647.5170 -801.1243 -0.0567 -0.1208 0.9170 0.3759
6071.0000 -4520.6934 -6647.3000 -801.0446 -0.0561 -0.1193 0.9130 0.3861
6072.0000 -4520.8996 -6647.0941 -800.9511 -0.0554 -0.1179 0.9082 0.3977
6073.0000 -4521.1230 -6646.8463 -800.9342 -0.0540 -0.1199 0.9024 0.4103
6074.0000 -4521.3146 -6646.5629 -800.9954 -0.0520 -0.1238 0.8957 0.4240
6075.0000 -4521.4827 -6646.2780 -801.0292 -0.0501 -0.1270 0.8884 0.4384
6076.0000 -4521.6434 -6646.0135 -801.0012 -0.0483 -0.1283 0.8806 0.4536
6077.0000 -4521.8128 -6645.7443 -800.9311 -0.0464 -0.1290 0.8719 0.4701
6078.0000 -4521.9943 -6645.4414 -800.8897 -0.0444 -0.1303 0.8623 0.4873
6079.0000 -4522.1436 -6645.1336 -800.8902 -0.0420 -0.1323 0.8521 0.5047
6080.0000 -4522.2532 -6644.8101 -800.8927 -0.0393 -0.1336 0.8416 0.5219
6081.0000 -4522.3533 -6644.4895 -800.8545 -0.0359 -0.1328 0.8310 0.5390
6082.0000 -4522.4695 -6644.1817 -800.7702 -0.0326 -0.1310 0.8201 0.5560
6083.0000 -4522.5878 -6643.8600 -800.6872 -0.0307 -0.1304 0.8086 0.5729
6084.0000 -4522.6793 -6643.5002 -800.6497 -0.0304 -0.1317 0.7966 0.5892
6085.0000 -4522.7406 -6643.1418 -800.6525 -0.0310 -0.1342 0.7842 0.6050
6086.0000 -4522.7845 -6642.7760 -800.6418 -0.0314 -0.1353 0.7719 0.6204
6087.0000 -4522.8408 -6642.4121 -800.5970 -0.0299 -0.1338 0.7599 0.6354
6088.0000 -4522.8855 -6642.0731 -800.4882 -0.0272 -0.1304 0.7486 0.6495
6089.0000 -4522.9165 -6641.7183 -800.3621 -0.0238 -0.1279 0.7368 0.6635
6090.0000 -4522.9238 -6641.3509 -800.2929 -0.0208 -0.1284 0.7247 0.6767
6091.0000 -4522.9071 -6640.9611 -800.2869 -0.0193 -0.1310 0.7121 0.6895
6092.0000 -4522.8636 -6640.5735 -800.2669 -0.0186 -0.1329 0.6995 0.7020
6093.0000 -4522.8494 -6640.2043 -800.1974 -0.0173 -0.1328 0.6872 0.7140
6094.0000 -4522.8272 -6639.8365 -800.0834 -0.0149 -0.1315 0.6755 0.7254
6095.0000 -4522.7884 -6639.4305 -799.9711 -0.0122 -0.1305 0.6642 0.7360
6096.0000 -4522.7219 -6639.0265 -799.8950 -0.0098 -0.1304 0.6533 0.7457
6097.0000 -4522.6334 -6638.6527 -799.8409 -0.0078 -0.1312 0.6431 0.7545
6098.0000 -4522.5436 -6638.2836 -799.7839 -0.0061 -0.1317 0.6335 0.7624
6099.0000 -4522.4525 -6637.8763 -799.6895 -0.0044 -0.1313 0.6249 0.7696
6100.0000 -4522.3684 -6637.4791 -799.5797 -0.0028 -0.1301 0.6175 0.7757
6101.0000 -4522.2802 -6637.1012 -799.4774 -0.0017 -0.1292 0.6112 0.7808
6102.0000 -4522.1663 -6636.7205 -799.4042 -0.0010 -0.1290 0.6055 0.7853
6103.0000 -4522.0527 -6636.3274 -799.3348 -0.0002 -0.1293 0.6003 0.7893
6104.0000 -4521.9403 -6635.9275 -799.2455 0.0004 -0.1295 0.5954 0.7929
6105.0000 -4521.8308 -6635.5480 -799.1470 0.0013 -0.1293 0.5909 0.7963
6106.0000 -4521.7035 -6635.1591 -799.0530 0.0025 -0.1289 0.5865 0.7996
6107.0000 -4521.5718 -6634.7601 -798.9491 0.0036 -0.1287 0.5826 0.8025
6108.0000 -4521.4388 -6634.3658 -798.8577 0.0043 -0.1289 0.5793 0.8049
6109.0000 -4521.3136 -6633.9698 -798.7709 0.0045 -0.1290 0.5761 0.8071
6110.0000 -4521.1888 -6633.5909 -798.6915 0.0047 -0.1289 0.5732 0.8092
6111.0000 -4521.0496 -6633.2083 -798.5931 0.0053 -0.1286 0.5701 0.8114
6112.0000 -4520.9077 -6632.8061 -798.4847 0.0060 -0.1286 0.5669 0.8137
6113.0000 -4520.7600 -6632.4258 -798.3927 0.0065 -0.1285 0.5639 0.8158
6114.0000 -4520.6178 -6632.0322 -798.3031 0.0067 -0.1281 0.5610 0.8178
6115.0000 -4520.4641 -6631.6314 -798.2069 0.0072 -0.1276 0.5585 0.8196
6116.0000 -4520.3044 -6631.2448 -798.1009 0.0077 -0.1269 0.5570 0.8207
6117.0000 -4520.1623 -6630.8743 -797.9906 0.0081 -0.1266 0.5562 0.8213
6118.0000 -4520.0284 -6630.4796 -797.8959 0.0077 -0.1268 0.5550 0.8221
6119.0000 -4519.8818 -6630.0750 -797.8168 0.0074 -0.1274 0.5535 0.8230
6120.0000 -4519.7136 -6629.6891 -797.7261 0.0076 -0.1277 0.5519 0.8240
6121.0000 -4519.5502 -6629.3170 -797.6225 0.0083 -0.1280 0.5506 0.8249
6122.0000 -4519.4005 -6628.9398 -797.5166 0.0090 -0.1280 0.5493 0.8257
6123.0000 -4519.2619 -6628.5602 -797.4200 0.0090 -0.1278 0.5482 0.8265
6124.0000 -4519.1048 -6628.1642 -797.3300 0.0088 -0.1277 0.5473 0.8271
6125.0000 -4518.9555 -6627.7773 -797.2354 0.0086 -0.1277 0.5466 0.8276
6126.0000 -4518.8012 -6627.4115 -797.1363 0.0089 -0.1280 0.5458 0.8280
6127.0000 -4518.6469 -6627.0312 -797.0378 0.0091 -0.1282 0.5450 0.8285
6128.0000 -4518.4785 -6626.6494 -796.9335 0.0093 -0.1281 0.5440 0.8292
6129.0000 -4518.3240 -6626.2698 -796.8371 0.0092 -0.1282 0.5431 0.8298
6130.0000 -4518.1693 -6625.8939 -796.7466 0.0090 -0.1284 0.5419 0.8305
6131.0000 -4518.0200 -6625.5159 -796.6521 0.0089 -0.1286 0.5404 0.8315
6132.0000 -4517.8570 -6625.1318 -796.5535 0.0089 -0.1285 0.5387 0.8326
6133.0000 -4517.6906 -6624.7547 -796.4586 0.0091 -0.1281 0.5372 0.8336
6134.0000 -4517.5249 -6624.4030 -796.3592 0.0095 -0.1278 0.5359 0.8345
6135.0000 -4517.3535 -6624.0316 -796.2629 0.0099 -0.1277 0.5345 0.8354
6136.0000 -4517.1814 -6623.6662 -796.1655 0.0102 -0.1276 0.5332 0.8362
6137.0000 -4517.0135 -6623.2918 -796.0674 0.0103 -0.1274 0.5322 0.8369
6138.0000 -4516.8408 -6622.9131 -795.9699 0.0102 -0.1273 0.5313 0.8375
6139.0000 -4516.6770 -6622.5556 -795.8817 0.0103 -0.1271 0.5308 0.8378
6140.0000 -4516.5234 -6622.1870 -795.7809 0.0104 -0.1270 0.5303 0.8382
6141.0000 -4516.3602 -6621.8148 -795.6812 0.0104 -0.1269 0.5297 0.8385
6142.0000 -4516.1799 -6621.4517 -795.5869 0.0105 -0.1267 0.5289 0.8391
6143.0000 -4516.0044 -6621.0845 -795.4892 0.0105 -0.1267 0.5283 0.8395
6144.0000 -4515.8292 -6620.7292 -795.3929 0.0107 -0.1267 0.5281 0.8396
6145.0000 -4515.6944 -6620.3856 -795.3035 0.0109 -0.1262 0.5281 0.8397
6146.0000 -4515.5362 -6620.0532 -795.2099 0.0109 -0.1261 0.5283 0.8396
6147.0000 -4515.3877 -6619.7144 -795.1206 0.0106 -0.1261 0.5285 0.8395
6148.0000 -4515.2437 -6619.3652 -795.0419 0.0103 -0.1267 0.5285 0.8394
6149.0000 -4515.0939 -6619.0466 -794.9710 0.0101 -0.1269 0.5284 0.8394
6150.0000 -4514.9491 -6618.7224 -794.8871 0.0102 -0.1267 0.5284 0.8394
6151.0000 -4514.7946 -6618.4233 -794.7897 0.0105 -0.1261 0.5286 0.8394
6152.0000 -4514.6531 -6618.1221 -794.6948 0.0104 -0.1254 0.5288 0.8394
6153.0000 -4514.5116 -6617.7950 -794.6220 0.0103 -0.1251 0.5289 0.8394
6154.0000 -4514.3679 -6617.4682 -794.5456 0.0102 -0.1253 0.5288 0.8394
6155.0000 -4514.2302 -6617.1614 -794.4667 0.0100 -0.1254 0.5286 0.8395
6156.0000 -4514.0884 -6616.8569 -794.3848 0.0100 -0.1253 0.5288 0.8394
6157.0000 -4513.9542 -6616.5562 -794.3026 0.0102 -0.1251 0.5290 0.8393
6158.0000 -4513.8291 -6616.2632 -794.2225 0.0103 -0.1250 0.5292 0.8392
6159.0000 -4513.6921 -6615.9663 -794.1493 0.0107 -0.1252 0.5293 0.8391
6160.0000 -4513.5560 -6615.6775 -794.0802 0.0111 -0.1256 0.5293 0.8390
6161.0000 -4513.4194 -6615.3861 -794.0034 0.0114 -0.1255 0.5296 0.8389
6162.0000 -4513.2826 -6615.1079 -793.9247 0.0117 -0.1252 0.5306 0.8382
6163.0000 -4513.1626 -6614.8222 -793.8496 0.0120 -0.1250 0.5321 0.8373
6164.0000 -4513.0493 -6614.5401 -793.7724 0.0117 -0.1251 0.5340 0.8361
6165.0000 -4512.9436 -6614.2640 -793.7094 0.0110 -0.1255 0.5359 0.8348
6166.0000 -4512.8401 -6613.9919 -793.6461 0.0103 -0.1258 0.5374 0.8339
6167.0000 -4512.7253 -6613.7199 -793.5841 0.0100 -0.1262 0.5384 0.8332
6168.0000 -4512.6051 -6613.4460 -793.5095 0.0101 -0.1259 0.5394 0.8325
6169.0000 -4512.4948 -6613.1897 -793.4350 0.0104 -0.1255 0.5405 0.8319
6170.0000 -4512.4017 -6612.9601 -793.3661 0.0106 -0.1255 0.5418 0.8310
6171.0000 -4512.3083 -6612.7320 -793.3123 0.0102 -0.1262 0.5433 0.8300
6172.0000 -4512.2002 -6612.4838 -793.2737 0.0098 -0.1266 0.5450 0.8288
6173.0000 -4512.0997 -6612.2539 -793.2197 0.0101 -0.1259 0.5478 0.8270
6174.0000 -4512.0332 -6612.0289 -793.1360 0.0108 -0.1245 0.5522 0.8243
6175.0000 -4511.9821 -6611.8322 -793.0658 0.0107 -0.1236 0.5582 0.8204
6176.0000 -4511.9295 -6611.6369 -793.0281 0.0094 -0.1242 0.5649 0.8157
6177.0000 -4511.8569 -6611.4424 -793.0105 0.0075 -0.1258 0.5724 0.8103
6178.0000 -4511.8011 -6611.2266 -792.9824 0.0056 -0.1270 0.5812 0.8038
6179.0000 -4511.7802 -6611.0207 -792.9358 0.0042 -0.1267 0.5912 0.7965
6180.0000 -4511.7745 -6610.8391 -792.8772 0.0029 -0.1259 0.6019 0.7885
6181.0000 -4511.7634 -6610.6438 -792.8214 0.0010 -0.1256 0.6128 0.7802
6182.0000 -4511.7400 -6610.4633 -792.7983 -0.0015 -0.1263 0.6235 0.7715
6183.0000 -4511.7328 -6610.2884 -792.7845 -0.0045 -0.1276 0.6337 0.7630
6184.0000 -4511.7341 -6610.1143 -792.7699 -0.0069 -0.1285 0.6432 0.7548
6185.0000 -4511.7401 -6609.9464 -792.7441 -0.0083 -0.1287 0.6520 0.7471
6186.0000 -4511.7470 -6609.7769 -792.6955 -0.0090 -0.1281 0.6601 0.7401
6187.0000 -4511.7460 -6609.6277 -792.6516 -0.0098 -0.1275 0.6676 0.7335
6188.0000 -4511.7534 -6609.4727 -792.6252 -0.0109 -0.1274 0.6746 0.7270
6189.0000 -4511.7630 -6609.3416 -792.6167 -0.0123 -0.1279 0.6817 0.7203
6190.0000 -4511.7830 -6609.2285 -792.6190 -0.0138 -0.1289 0.6883 0.7137
6191.0000 -4511.8066 -6609.0914 -792.6143 -0.0153 -0.1293 0.6945 0.7077
6192.0000 -4511.8245 -6608.9668 -792.5900 -0.0162 -0.1286 0.7003 0.7019
6193.0000 -4511.8390 -6608.8667 -792.5512 -0.0169 -0.1274 0.7058 0.6967
6194.0000 -4511.8523 -6608.7607 -792.5167 -0.0179 -0.1269 0.7104 0.6921
6195.0000 -4511.8787 -6608.6659 -792.5120 -0.0193 -0.1273 0.7142 0.6880
6196.0000 -4511.8901 -6608.5946 -792.5302 -0.0211 -0.1281 0.7173 0.6846
6197.0000 -4511.9033 -6608.5565 -792.5425 -0.0223 -0.1288 0.7195 0.6821
6198.0000 -4511.8946 -6608.5434 -792.5347 -0.0227 -0.1287 0.7209 0.6806
6199.0000 -4511.9012 -6608.5347 -792.5114 -0.0223 -0.1282 0.7214 0.6802
6200.0000 -4511.9102 -6608.5370 -792.5056 -0.0221 -0.1281 0.7213 0.6803
6201.0000 -4511.8939 -6608.5294 -792.5277 -0.0215 -0.1279 0.7208 0.6809
6202.0000 -4511.8816 -6608.5271 -792.5273 -0.0193 -0.1277 0.7209 0.6808
6203.0000 -4511.8858 -6608.5488 -792.4904 -0.0175 -0.1287 0.7212 0.6804
6204.0000 -4511.9009 -6608.5555 -792.4892 -0.0178 -0.1303 0.7210 0.6803
6205.0000 -4511.9036 -6608.5355 -792.5250 -0.0194 -0.1307 0.7207 0.6805
6206.0000 -4511.8924 -6608.5418 -792.5543 -0.0205 -0.1297 0.7207 0.6807
6207.0000 -4511.8964 -6608.5565 -792.5320 -0.0202 -0.1289 0.7207 0.6809
6208.0000 -4511.8933 -6608.5528 -792.4960 -0.0194 -0.1290 0.7206 0.6810
6209.0000 -4511.8943 -6608.5419 -792.4925 -0.0189 -0.1294 0.7206 0.6809
6210.0000 -4511.8959 -6608.5321 -792.5088 -0.0192 -0.1298 0.7204 0.6810
6211.0000 -4511.8861 -6608.5275 -792.5153 -0.0200 -0.1298 0.7203 0.6812
6212.0000 -4511.8909 -6608.5351 -792.5212 -0.0205 -0.1289 0.7204 0.6812
6213.0000 -4511.9002 -6608.5605 -792.5167 -0.0206 -0.1282 0.7205 0.6812
6214.0000 -4511.9041 -6608.5694 -792.5132 -0.0203 -0.1281 0.7204 0.6814
6215.0000 -4511.9004 -6608.5666 -792.5162 -0.0200 -0.1289 0.7202 0.6814
6216.0000 -4511.8921 -6608.5875 -792.5269 -0.0201 -0.1295 0.7203 0.6812
6217.0000 -4511.8923 -6608.6154 -792.5321 -0.0203 -0.1294 0.7203 0.6811
6218.0000 -4511.8908 -6608.6442 -792.5356 -0.0206 -0.1289 0.7205 0.6810
6219.0000 -4511.8847 -6608.6615 -792.5347 -0.0208 -0.1284 0.7210 0.6806
6220.0000 -4511.8811 -6608.6885 -792.5361 -0.0208 -0.1284 0.7217 0.6799
6221.0000 -4511.8780 -6608.7344 -792.5423 -0.0209 -0.1288 0.7224 0.6790
6222.0000 -4511.8796 -6608.7607 -792.5563 -0.0210 -0.1287 0.7236 0.6778
6223.0000 -4511.8820 -6608.7950 -792.5644 -0.0212 -0.1283 0.7254 0.6760
6224.0000 -4511.8808 -6608.8484 -792.5610 -0.0218 -0.1282 0.7274 0.6738
6225.0000 -4511.8997 -6608.9151 -792.5741 -0.0223 -0.1286 0.7297 0.6712
6226.0000 -4511.9066 -6608.9663 -792.5932 -0.0227 -0.1291 0.7320 0.6686
6227.0000 -4511.8735 -6609.0071 -792.5995 -0.0232 -0.1291 0.7341 0.6663
6228.0000 -4511.8784 -6609.0376 -792.5957 -0.0237 -0.1290 0.7363 0.6638
6229.0000 -4511.8981 -6609.0883 -792.6083 -0.0243 -0.1286 0.7389 0.6610
6230.0000 -4511.8911 -6609.1635 -792.6193 -0.0247 -0.1286 0.7416 0.6580
6231.0000 -4511.8836 -6609.2259 -792.6319 -0.0252 -0.1289 0.7443 0.6548
6232.0000 -4511.8839 -6609.2827 -792.6432 -0.0257 -0.1289 0.7470 0.6518
6233.0000 -4511.8801 -6609.3339 -792.6524 -0.0263 -0.1286 0.7499 0.6484
6234.0000 -4511.8869 -6609.3853 -792.6589 -0.0270 -0.1285 0.7529 0.6449
6235.0000 -4511.8941 -6609.4523 -792.6666 -0.0277 -0.1285 0.7564 0.6407
6236.0000 -4511.8949 -6609.5396 -792.6829 -0.0285 -0.1285 0.7602 0.6362
6237.0000 -4511.8840 -6609.6140 -792.7012 -0.0293 -0.1285 0.7640 0.6316
6238.0000 -4511.8872 -6609.6574 -792.7070 -0.0300 -0.1286 0.7679 0.6268
6239.0000 -4511.8730 -6609.6872 -792.7040 -0.0307 -0.1285 0.7718 0.6220
6240.0000 -4511.8767 -6609.7490 -792.7140 -0.0317 -0.1287 0.7758 0.6170
6241.0000 -4511.8980 -6609.8315 -792.7323 -0.0330 -0.1292 0.7801 0.6114
6242.0000 -4511.8913 -6609.8913 -792.7519 -0.0344 -0.1296 0.7837 0.6065
6243.0000 -4511.8840 -6609.9244 -792.7648 -0.0352 -0.1297 0.7866 0.6027
6244.0000 -4511.8754 -6609.9495 -792.7616 -0.0353 -0.1292 0.7889 0.5997
6245.0000 -4511.8899 -6609.9641 -792.7561 -0.0351 -0.1280 0.7915 0.5966
6246.0000 -4511.8994 -6609.9952 -792.7505 -0.0357 -0.1273 0.7942 0.5931
6247.0000 -4511.8829 -6610.0417 -792.7603 -0.0369 -0.1271 0.7974 0.5887
6248.0000 -4511.8606 -6610.0966 -792.7827 -0.0381 -0.1273 0.8007 0.5841
6249.0000 -4511.8458 -6610.1531 -792.7951 -0.0385 -0.1273 0.8040 0.5795
6250.0000 -4511.8689 -6610.2003 -792.7942 -0.0388 -0.1272 0.8072 0.5751
6251.0000 -4511.8682 -6610.2193 -792.7908 -0.0396 -0.1269 0.8103 0.5708
6252.0000 -4511.8575 -6610.2627 -792.7983 -0.0404 -0.1268 0.8136 0.5660
6253.0000 -4511.8372 -6610.3153 -792.8127 -0.0412 -0.1266 0.8170 0.5611
6254.0000 -4511.8435 -6610.3810 -792.8247 -0.0420 -0.1265 0.8204 0.5560
6255.0000 -4511.8388 -6610.4391 -792.8289 -0.0427 -0.1263 0.8238 0.5510
6256.0000 -4511.8219 -6610.4802 -792.8300 -0.0435 -0.1260 0.8271 0.5460
6257.0000 -4511.8080 -6610.5210 -792.8328 -0.0441 -0.1259 0.8304 0.5409
6258.0000 -4511.8014 -6610.5654 -792.8443 -0.0447 -0.1257 0.8337 0.5359
6259.0000 -4511.7960 -6610.6141 -792.8474 -0.0454 -0.1255 0.8369 0.5308
6260.0000 -4511.7952 -6610.6658 -792.8534 -0.0462 -0.1253 0.8402 0.5256
6261.0000 -4511.7742 -6610.7182 -792.8647 -0.0471 -0.1251 0.8435 0.5202
6262.0000 -4511.7483 -6610.7850 -792.8721 -0.0479 -0.1249 0.8467 0.5149
6263.0000 -4511.7396 -6610.8366 -792.8796 -0.0485 -0.1246 0.8497 0.5100
6264.0000 -4511.7290 -6610.8801 -792.8848 -0.0491 -0.1244 0.8525 0.5054
6265.0000 -4511.7317 -6610.9050 -792.8894 -0.0496 -0.1242 0.8551 0.5009
6266.0000 -4511.7192 -6610.9374 -792.8919 -0.0504 -0.1240 0.8578 0.4963
6267.0000 -4511.7007 -6610.9885 -792.8978 -0.0510 -0.1237 0.8606 0.4913
6268.0000 -4511.6817 -6611.0446 -792.8995 -0.0519 -0.1232 0.8635 0.4863
6269.0000 -4511.6722 -6611.0834 -792.9045 -0.0525 -0.1231 0.8662 0.4815
6270.0000 -4511.6637 -6611.1240 -792.9109 -0.0532 -0.1231 0.8688 0.4767
6271.0000 -4511.6489 -6611.1683 -792.9194 -0.0539 -0.1231 0.8714 0.4718
6272.0000 -4511.6331 -6611.2037 -792.9249 -0.0546 -0.1231 0.8740 0.4668
6273.0000 -4511.6173 -6611.2322 -792.9230 -0.0553 -0.1229 0.8766 0.4619
6274.0000 -4511.6024 -6611.2676 -792.9201 -0.0561 -0.1224 0.8792 0.4571
6275.0000 -4511.5623 -6611.3321 -792.9239 -0.0569 -0.1219 0.8818 0.4520
6276.0000 -4511.5471 -6611.3752 -792.9300 -0.0574 -0.1216 0.8845 0.4468
6277.0000 -4511.5305 -6611.4151 -792.9358 -0.0579 -0.1215 0.8871 0.4416
6278.0000 -4511.5121 -6611.4691 -792.9444 -0.0582 -0.1212 0.8896 0.4365
6279.0000 -4511.4981 -6611.5085 -792.9459 -0.0584 -0.1208 0.8922 0.4313
6280.0000 -4511.4729 -6611.5593 -792.9543 -0.0585 -0.1199 0.8950 0.4257
6281.0000 -4511.4425 -6611.6118 -792.9521 -0.0589 -0.1192 0.8978 0.4200
6282.0000 -4511.4243 -6611.6541 -792.9491 -0.0597 -0.1188 0.9003 0.4145
6283.0000 -4511.4079 -6611.7007 -792.9576 -0.0608 -0.1189 0.9027 0.4091
6284.0000 -4511.3758 -6611.7327 -792.9672 -0.0617 -0.1191 0.9050 0.4038
6285.0000 -4511.3524 -6611.7604 -792.9762 -0.0621 -0.1189 0.9074 0.3983
6286.0000 -4511.3326 -6611.8169 -792.9736 -0.0619 -0.1179 0.9100 0.3927
6287.0000 -4511.2981 -6611.8773 -792.9569 -0.0621 -0.1169 0.9125 0.3870
6288.0000 -4511.2686 -6611.9166 -792.9594 -0.0624 -0.1165 0.9149 0.3813
6289.0000 -4511.2340 -6611.9566 -792.9795 -0.0630 -0.1166 0.9170 0.3762
6290.0000 -4511.2066 -6611.9851 -792.9888 -0.0635 -0.1165 0.9190 0.3713
6291.0000 -4511.1985 -6612.0103 -792.9822 -0.0639 -0.1159 0.9210 0.3663
6292.0000 -4511.1813 -6612.0480 -792.9736 -0.0641 -0.1151 0.9231 0.3614
6293.0000 -4511.1439 -6612.1009 -792.9729 -0.0645 -0.1147 0.9250 0.3564
6294.0000 -4511.1101 -6612.1533 -792.9828 -0.0649 -0.1147 0.9269 0.3513
6295.0000 -4511.0813 -6612.1845 -792.9902 -0.0651 -0.1149 0.9287 0.3465
6296.0000 -4511.0563 -6612.1976 -792.9897 -0.0651 -0.1148 0.9304 0.3419
6297.0000 -4511.0343 -6612.2346 -792.9897 -0.0653 -0.1145 0.9320 0.3377
6298.0000 -4511.0105 -6612.2590 -792.9886 -0.0655 -0.1144 0.9333 0.3339
6299.0000 -4511.0017 -6612.2913 -793.0002 -0.0656 -0.1139 0.9348 0.3300
6300.0000 -4510.9728 -6612.3254 -792.9959 -0.0658 -0.1133 0.9363 0.3260
6301.0000 -4510.9320 -6612.3605 -792.9869 -0.0660 -0.1133 0.9376 0.3220
6302.0000 -4510.9020 -6612.3895 -792.9929 -0.0661 -0.1134 0.9389 0.3181
6303.0000 -4510.8870 -6612.4011 -793.0018 -0.0661 -0.1134 0.9403 0.3142
6304.0000 -4510.8684 -6612.4336 -793.0028 -0.0662 -0.1130 0.9415 0.3105
6305.0000 -4510.8332 -6612.4684 -792.9937 -0.0665 -0.1124 0.9429 0.3064
6306.0000 -4510.8069 -6612.4992 -792.9897 -0.0666 -0.1120 0.9444 0.3019
6307.0000 -4510.7647 -6612.5327 -792.9953 -0.0668 -0.1119 0.9459 0.2972
6308.0000 -4510.7295 -6612.5811 -793.0099 -0.0670 -0.1120 0.9474 0.2922
6309.0000 -4510.6947 -6612.6142 -793.0102 -0.0669 -0.1121 0.9490 0.2870
6310.0000 -4510.6609 -6612.6482 -793.0033 -0.0670 -0.1118 0.9505 0.2819
6311.0000 -4510.6346 -6612.6792 -792.9963 -0.0673 -0.1113 0.9521 0.2769
6312.0000 -4510.5949 -6612.7182 -792.9937 -0.0677 -0.1110 0.9535 0.2718
6313.0000 -4510.5284 -6612.7559 -792.9956 -0.0678 -0.1110 0.9550 0.2666
6314.0000 -4510.4813 -6612.8010 -793.0009 -0.0677 -0.1113 0.9564 0.2615
6315.0000 -4510.4456 -6612.8371 -793.0034 -0.0676 -0.1111 0.9578 0.2564
6316.0000 -4510.4178 -6612.8683 -792.9998 -0.0677 -0.1106 0.9592 0.2514
6317.0000 -4510.3696 -6612.8996 -792.9929 -0.0678 -0.1103 0.9604 0.2467
6318.0000 -4510.3100 -6612.9375 -792.9905 -0.0678 -0.1103 0.9617 0.2418
6319.0000 -4510.2686 -6612.9857 -792.9929 -0.0679 -0.1105 0.9630 0.2362
6320.0000 -4510.2107 -6613.0254 -792.9965 -0.0677 -0.1104 0.9644 0.2305
6321.0000 -4510.1611 -6613.0729 -792.9940 -0.0675 -0.1105 0.9656 0.2255
6322.0000 -4510.1110 -6613.0943 -792.9880 -0.0674 -0.1103 0.9668 0.2205
6323.0000 -4510.0811 -6613.1229 -792.9886 -0.0675 -0.1100 0.9679 0.2155
6324.0000 -4510.0412 -6613.1664 -792.9920 -0.0676 -0.1096 0.9690 0.2106
6325.0000 -4509.9860 -6613.1952 -792.9896 -0.0676 -0.1092 0.9701 0.2062
6326.0000 -4509.9388 -6613.1994 -792.9851 -0.0675 -0.1088 0.9708 0.2026
6327.0000 -4509.9061 -6613.2195 -792.9749 -0.0674 -0.1083 0.9716 0.1995
6328.0000 -4509.8780 -6613.2585 -792.9743 -0.0673 -0.1080 0.9721 0.1970
6329.0000 -4509.8533 -6613.2907 -792.9831 -0.0671 -0.1077 0.9726 0.1949
6330.0000 -4509.8417 -6613.2956 -792.9848 -0.0668 -0.1075 0.9730 0.1931
6331.0000 -4509.8081 -6613.3058 -792.9792 -0.0666 -0.1073 0.9732 0.1920
6332.0000 -4509.7936 -6613.2949 -792.9730 -0.0665 -0.1069 0.9735 0.1911
6333.0000 -4509.7906 -6613.2965 -792.9697 -0.0668 -0.1062 0.9737 0.1902
6334.0000 -4509.7773 -6613.3062 -792.9648 -0.0673 -0.1055 0.9739 0.1894
6335.0000 -4509.7491 -6613.3189 -792.9639 -0.0676 -0.1055 0.9739 0.1892
6336.0000 -4509.7225 -6613.3178 -792.9639 -0.0674 -0.1056 0.9739 0.1890
6337.0000 -4509.7080 -6613.3290 -792.9671 -0.0673 -0.1054 0.9741 0.1886
6338.0000 -4509.6694 -6613.3503 -792.9580 -0.0670 -0.1052 0.9741 0.1886
6339.0000 -4509.6165 -6613.3581 -792.9459 -0.0663 -0.1052 0.9741 0.1886
6340.0000 -4509.5808 -6613.3808 -792.9475 -0.0657 -0.1055 0.9741 0.1888
6341.0000 -4509.5415 -6613.4157 -792.9537 -0.0653 -0.1056 0.9741 0.1889
6342.0000 -4509.4992 -6613.4326 -792.9494 -0.0649 -0.1058 0.9741 0.1892
6343.0000 -4509.4453 -6613.4477 -792.9393 -0.0644 -0.1059 0.9740 0.1896
6344.0000 -4509.3921 -6613.4555 -792.9304 -0.0637 -0.1060 0.9740 0.1899
6345.0000 -4509.3479 -6613.4765 -792.9208 -0.0632 -0.1063 0.9740 0.1899
6346.0000 -4509.2866 -6613.5084 -792.9194 -0.0627 -0.1065 0.9739 0.1902
6347.0000 -4509.2153 -6613.5305 -792.9192 -0.0620 -0.1070 0.9739 0.1904
6348.0000 -4509.1583 -6613.5632 -792.9180 -0.0612 -0.1074 0.9738 0.1907
6349.0000 -4509.1222 -6613.5882 -792.9104 -0.0609 -0.1075 0.9738 0.1911
6350.0000 -4509.0703 -6613.5940 -792.9015 -0.0610 -0.1070 0.9737 0.1917
6351.0000 -4508.9944 -6613.6145 -792.8880 -0.0613 -0.1066 0.9736 0.1922
6352.0000 -4508.9521 -6613.6474 -792.8916 -0.0612 -0.1067 0.9736 0.1925
6353.0000 -4508.9096 -6613.6779 -792.8991 -0.0606 -0.1077 0.9735 0.1925
6354.0000 -4508.8610 -6613.6854 -792.8946 -0.0602 -0.1087 0.9733 0.1928
6355.0000 -4508.8182 -6613.7004 -792.8946 -0.0602 -0.1086 0.9733 0.1932
6356.0000 -4508.7750 -6613.7165 -792.8832 -0.0606 -0.1078 0.9733 0.1932
6357.0000 -4508.7158 -6613.7560 -792.8696 -0.0609 -0.1072 0.9735 0.1927
6358.0000 -4508.6655 -6613.7732 -792.8623 -0.0610 -0.1074 0.9735 0.1923
6359.0000 -4508.6180 -6613.7850 -792.8735 -0.0608 -0.1082 0.9735 0.1921
6360.0000 -4508.5684 -6613.7980 -792.8785 -0.0607 -0.1085 0.9735 0.1921
6361.0000 -4508.5211 -6613.8160 -792.8727 -0.0608 -0.1081 0.9736 0.1919
6362.0000 -4508.4689 -6613.8526 -792.8555 -0.0608 -0.1075 0.9737 0.1916
6363.0000 -4508.4149 -6613.8925 -792.8457 -0.0607 -0.1073 0.9738 0.1913
6364.0000 -4508.3631 -6613.9034 -792.8455 -0.0604 -0.1078 0.9737 0.1916
6365.0000 -4508.3146 -6613.9138 -792.8528 -0.0602 -0.1082 0.9735 0.1921
6366.0000 -4508.2749 -6613.9367 -792.8573 -0.0599 -0.1084 0.9734 0.1929
6367.0000 -4508.2387 -6613.9455 -792.8511 -0.0597 -0.1080 0.9732 0.1941
6368.0000 -4508.1969 -6613.9473 -792.8346 -0.0597 -0.1073 0.9731 0.1951
6369.0000 -4508.1536 -6613.9696 -792.8226 -0.0596 -0.1070 0.9730 0.1958
6370.0000 -4508.1277 -6614.0012 -792.8327 -0.0593 -0.1075 0.9728 0.1964
6371.0000 -4508.1027 -6614.0125 -792.8439 -0.0590 -0.1082 0.9726 0.1972
6372.0000 -4508.0820 -6614.0025 -792.8410 -0.0587 -0.1082 0.9725 0.1978
6373.0000 -4508.0764 -6614.0030 -792.8250 -0.0588 -0.1078 0.9724 0.1982
6374.0000 -4508.0657 -6614.0077 -792.8137 -0.0589 -0.1076 0.9724 0.1985
6375.0000 -4508.0510 -6614.0153 -792.8170 -0.0590 -0.1079 0.9723 0.1987
6376.0000 -4508.0297 -6614.0160 -792.8297 -0.0590 -0.1082 0.9723 0.1984
6377.0000 -4508.0117 -6614.0167 -792.8329 -0.0588 -0.1083 0.9724 0.1982
6378.0000 -4508.0423 -6614.0198 -792.8314 -0.0588 -0.1081 0.9724 0.1983
6379.0000 -4508.0561 -6614.0128 -792.8237 -0.0592 -0.1079 0.9723 0.1985
6380.0000 -4508.0605 -6614.0193 -792.8311 -0.0593 -0.1079 0.9723 0.1986
6381.0000 -4508.0502 -6614.0223 -792.8361 -0.0590 -0.1082 0.9723 0.1985
6382.0000 -4508.0416 -6614.0092 -792.8345 -0.0589 -0.1083 0.9723 0.1983
6383.0000 -4508.0367 -6614.0193 -792.8330 -0.0590 -0.1081 0.9724 0.1983
6384.0000 -4508.0326 -6614.0175 -792.8245 -0.0590 -0.1080 0.9724 0.1983
6385.0000 -4508.0394 -6614.0136 -792.8216 -0.0590 -0.1078 0.9724 0.1984
6386.0000 -4508.0507 -6614.0199 -792.8292 -0.0590 -0.1079 0.9723 0.1985
6387.0000 -4508.0479 -6614.0254 -792.8363 -0.0590 -0.1082 0.9723 0.1987
6388.0000 -4508.0360 -6614.0128 -792.8331 -0.0590 -0.1083 0.9723 0.1985
6389.0000 -4508.0316 -6614.0098 -792.8309 -0.0590 -0.1081 0.9724 0.1984
6390.0000 -4508.0427 -6614.0145 -792.8281 -0.0588 -0.1079 0.9724 0.1985
6391.0000 -4508.0446 -6614.0184 -792.8214 -0.0589 -0.1079 0.9724 0.1985
6392.0000 -4508.0402 -6614.0076 -792.8237 -0.0590 -0.1080 0.9723 0.1985
6393.0000 -4508.0442 -6613.9983 -792.8332 -0.0590 -0.1081 0.9724 0.1984
6394.0000 -4508.0506 -6614.0146 -792.8367 -0.0591 -0.1080 0.9724 0.1983
6395.0000 -4508.0476 -6614.0131 -792.8317 -0.0592 -0.1079 0.9724 0.1984
6396.0000 -4508.0520 -6614.0117 -792.8265 -0.0594 -0.1080 0.9723 0.1985
6397.0000 -4508.0470 -6614.0215 -792.8282 -0.0595 -0.1079 0.9723 0.1985
6398.0000 -4508.0355 -6614.0231 -792.8280 -0.0596 -0.1079 0.9724 0.1984
6399.0000 -4508.0351 -6614.0151 -792.8250 -0.0594 -0.1078 0.9724 0.1983
6400.0000 -4508.0432 -6614.0208 -792.8282 -0.0593 -0.1079 0.9724 0.1983
6401.0000 -4508.0479 -6614.0269 -792.8344 -0.0594 -0.1079 0.9723 0.1984
