9.999999999999997780e-01 -1.179437378800895267e-19 4.513296021473010816e-20 0.000000000000000000e+00 2.410750703817041256e-18 1.000000000000000000e+00 3.393380551570677611e-19 0.000000000000000000e+00 1.704598014230834765e-20 -9.899396815885539085e-19 1.000000000000000000e+00 5.551115123125782702e-17
9.999969928466336810e-01 -1.747729429212340532e-03 -1.722384879900683329e-03 -3.125709182759631166e-03 1.746932812166647822e-03 9.999983699506022061e-01 -4.640949763715908555e-04 -1.615283018881985555e-02 1.723191099542700040e-03 4.610863258287639633e-04 9.999984095602270084e-01 5.622682037409623135e-01
9.999936475588897533e-01 -2.268700127482155705e-03 -2.750676993466799353e-03 -3.452694766904464488e-03 2.262543000356052100e-03 9.999949385086944753e-01 -2.239502618517262133e-03 -3.377117082683631782e-02 2.755743693571677255e-03 2.233266535635302415e-03 9.999937112169493547e-01 1.128072330801892509e+00
9.999860922342020952e-01 -2.616371587450596562e-03 -4.580533354842269630e-03 -8.074197767163789063e-03 2.600495695140982080e-03 9.999906106435787478e-01 -3.468507968880275936e-03 -4.531224484724867552e-02 4.589565079999328653e-03 3.456549601656670832e-03 9.999834960156582797e-01 1.674982087122072638e+00
9.999680814990394850e-01 -4.338946683141679285e-03 -6.710300255733414251e-03 -1.307519401842404186e-02 4.304324528633142466e-03 9.999774056177602732e-01 -5.165502472480221381e-03 -6.028599037765617480e-02 6.732559299685326841e-03 5.136458036375018445e-03 9.999641468305537906e-01 2.230820825564381327e+00
9.999436371157300885e-01 -6.628800401046525646e-03 -8.295135379933635256e-03 -1.059379269638497344e-02 6.569608407191891535e-03 9.999529252775911647e-01 -7.142757183677289103e-03 -7.713311795227842382e-02 8.342086991909147126e-03 7.087861275376408296e-03 9.999400875766475405e-01 2.794146117646498784e+00
9.999227304809925609e-01 -7.799162819160143471e-03 -9.681774300382700246e-03 -1.983326768224495315e-02 7.721497584436029862e-03 9.999379363173471758e-01 -8.033473759489295415e-03 -8.862605307121884657e-02 9.743820535377133510e-03 7.958098728511876080e-03 9.999208643364723148e-01 3.353887649680405314e+00
9.999063974023080226e-01 -8.241905388627051438e-03 -1.092243523595606836e-02 -2.386422044081782518e-02 8.159952383436903586e-03 9.999383990902200869e-01 -7.526717968523321915e-03 -1.044483564959118316e-01 1.098378776848011988e-02 7.436890876933280152e-03 9.999120260006575389e-01 3.935105195422794910e+00
9.998891493270499753e-01 -8.346337944908993611e-03 -1.233128790117218009e-02 -3.510792502233311269e-02 8.250985019831579698e-03 9.999358427794444726e-01 -7.763430409489449277e-03 -1.225572911267672760e-01 1.239528333382228058e-02 7.660828538739525816e-03 9.998938341388322604e-01 4.514461318095351672e+00
9.998827162166173954e-01 -7.732800503785014316e-03 -1.322086672640153220e-02 -4.773936121003097971e-02 7.595401288231548760e-03 9.999169722160567986e-01 -1.041149140492953103e-02 -1.411350497126044323e-01 1.330026985800048141e-02 1.030985649469042149e-02 9.998584005900704730e-01 5.111656429264446189e+00
9.998736125170415434e-01 -6.219156435405057484e-03 -1.463272723256440165e-02 -6.055687968184517156e-02 6.014575199037721503e-03 9.998841529081764490e-01 -1.398387291096852940e-02 -1.599439913498386656e-01 1.471799154209289633e-02 1.389409935140120851e-02 9.997951525053141442e-01 5.705628138481963596e+00
9.998623556028886084e-01 -4.608067603884891290e-03 -1.593968684902985142e-02 -8.136778811550833546e-02 4.334413891896000265e-03 9.998433790540529609e-01 -1.716031719802830688e-02 -1.746222032831084570e-01 1.601625895366118324e-02 1.708886915367843068e-02 9.997256939159857581e-01 6.316854951175510102e+00
9.998545187302213533e-01 -2.731271593041800956e-03 -1.683811063671015670e-02 -9.821447357180226878e-02 2.439593249216770367e-03 9.998470658914864195e-01 -1.731892706550302446e-02 -1.938831638316756423e-01 1.688282792881047253e-02 1.727533307858759859e-02 9.997082323365812373e-01 6.941090977202152068e+00
9.998326288666800066e-01 -2.932721592969449046e-04 -1.829396294015559268e-02 -1.156095820788164003e-01 8.826632577617627015e-05 9.999372325624290569e-01 -1.120612934093453278e-02 -2.076631078256375162e-01 1.829608985069867966e-02 1.120264299446162119e-02 9.997698598475728282e-01 7.584896667505734769e+00
9.998244378743228467e-01 -2.570603633648880463e-05 -1.873857083119638209e-02 -1.320951010450215068e-01 8.378725783569673241e-07 9.999991489914631382e-01 -1.327288377563654856e-03 -2.183990431495636542e-01 1.873857646914994096e-02 1.327044496899092933e-03 9.998235488531216353e-01 8.249462526153875430e+00
9.998057138909681729e-01 6.422871694740541057e-04 -1.970185879629126127e-02 -1.491744489416524933e-01 -5.411896956823347357e-04 9.999866939403238009e-01 5.136102740642989675e-03 -2.316436578540354563e-01 1.970488271204929448e-02 -5.124437146668919980e-03 9.997927198560899731e-01 8.915287846086449974e+00
9.997774683997857625e-01 2.207167569274927441e-03 -2.098055386438603051e-02 -1.687901054457758010e-01 -2.107245072085976289e-03 9.999863711172950476e-01 4.783360317333815864e-03 -2.493293205427396519e-01 2.099081205777231229e-02 -4.738079360592537675e-03 9.997684552913381761e-01 9.589842717569323938e+00
9.997516161021257064e-01 5.367632406826892272e-03 -2.163186409721446976e-02 -1.928234042700335271e-01 -5.424531837948338986e-03 9.999820115986590707e-01 -2.572697327148160216e-03 -2.621705071305879264e-01 2.161765382735088975e-02 2.689406098858245029e-03 9.997627094540124659e-01 1.028238077696931718e+01
9.997184470577099580e-01 5.723169600161527419e-03 -2.302856908760333998e-02 -2.139701889969819748e-01 -5.915186964643329853e-03 9.999482677940705333e-01 -8.278928205194262258e-03 -2.718506610531588041e-01 2.297998387811575963e-02 8.412820224945057046e-03 9.997005433810315367e-01 1.098661248906529586e+01
9.997057351020829374e-01 3.726265539298431739e-03 -2.397101881992042341e-02 -2.341740079700200539e-01 -3.900381585769789952e-03 9.999663591801150053e-01 -7.221107085965811773e-03 -2.803790185606973018e-01 2.394329251520838781e-02 7.312483608700901146e-03 9.996865899092171048e-01 1.171902638608847447e+01
9.996982886026100079e-01 1.800667973158311466e-03 -2.449778420829808873e-02 -2.521846549387656844e-01 -1.764846870968810348e-03 9.999973820591802065e-01 1.483622439575505532e-03 -2.847909572146257728e-01 2.450038033031510382e-02 -1.439933996152486682e-03 9.996988008781849677e-01 1.246792586328396979e+01
9.996937474722946693e-01 1.149892604519352560e-03 -2.472126920403766234e-02 -2.725058180137103769e-01 -9.268243432940668136e-04 9.999588158943832905e-01 9.032769627864953993e-03 -2.921937220830276849e-01 2.473062669773366806e-02 -9.007084469181497743e-03 9.996535932538052061e-01 1.324493777428950381e+01
9.996745611099120410e-01 4.205510181175570075e-04 -2.550786500172018065e-02 -2.972869418193375690e-01 -1.195517593115413851e-04 9.999304077311187422e-01 1.180053890385042437e-02 -2.951168341962782660e-01 2.551104283905392470e-02 -1.179364065909138844e-02 9.996049902146605382e-01 1.403510564852145492e+01
9.996690519529399799e-01 -1.368056873091738753e-03 -2.568991780474036077e-02 -3.174815932100467641e-01 1.651721154759729646e-03 9.999379169007144297e-01 1.102378854349528835e-02 -3.016444862005963623e-01 2.567323085452959466e-02 -1.106256435917618748e-02 9.996091968285173435e-01 1.482974684041539781e+01
9.996835589489340146e-01 -1.564436688839850606e-03 -2.510759971067561686e-02 -3.406197577839163992e-01 1.779347198054992245e-03 9.999620048872235323e-01 8.539395127335201383e-03 -3.074687077829494908e-01 2.509327501691484968e-02 -8.581359734132279482e-03 9.996483072249005009e-01 1.566305923717378690e+01
9.996925885638978659e-01 5.337023422175218379e-04 -2.478912718808157570e-02 -3.684704721619964651e-01 -4.097505867227178400e-04 9.999874419165541983e-01 5.004914689792729944e-03 -3.011706604215258487e-01 2.479147635985416015e-02 -4.993210802384795421e-03 9.996802004525587870e-01 1.648771634867389579e+01
9.997228423287711774e-01 -2.099700705583985687e-03 -2.344969389081237934e-02 -3.882108704013640388e-01 2.091447328599181036e-03 9.999977935083812497e-01 -3.766180305009057339e-04 -3.158335295235931151e-01 2.345042156861210092e-02 3.274772716515323865e-04 9.997249742119845850e-01 1.734546139929936714e+01
9.997222162115406707e-01 -4.564263610228980021e-03 -2.312394668636937739e-02 -4.084351408864129174e-01 4.419206170194036991e-03 9.999703133975310632e-01 -6.320409463917873658e-03 -3.328853473182109557e-01 2.315209616955899927e-02 6.216471457944668620e-03 9.997126540717394816e-01 1.819948475848719482e+01
9.997598987826709083e-01 -3.340221211829725624e-03 -2.165755185079255851e-02 -4.333289823872048530e-01 3.093448585245737667e-03 9.999300839345051095e-01 -1.141790680087674363e-02 -3.558783680121891946e-01 2.169416710014759539e-02 1.134817660758932409e-02 9.997002756146683433e-01 1.909662558083855544e+01
9.997624822440255299e-01 -1.755028051567610048e-03 -2.172482734453050693e-02 -4.599627247535079122e-01 1.481990628213069759e-03 9.999198584496686859e-01 -1.257778058251384813e-02 -3.670730091286030228e-01 2.174514752164828646e-02 1.254260324066991741e-02 9.996848971333653910e-01 1.999162133881084813e+01
9.997573576367140280e-01 -2.467690622113125586e-03 -2.189079950698982063e-02 -4.849111581028734408e-01 2.205364612667189139e-03 9.999256354353963649e-01 -1.199948274114041868e-02 -3.902028004345418633e-01 2.191877225909674015e-02 1.194830044914069883e-02 9.996883883116028935e-01 2.090845060205782602e+01
9.997623964762781812e-01 -1.420940715300754269e-03 -2.175324106138763411e-02 -5.068144172121747948e-01 1.137561955321864842e-03 9.999144739659456826e-01 -1.303382076250258342e-02 -4.169223700067823946e-01 2.176988954593911743e-02 1.300598425268395704e-02 9.996784411956594063e-01 2.185633230705928298e+01
9.997578556182060705e-01 1.709117484290411390e-03 -2.194065986955054740e-02 -5.392378936494669484e-01 -2.042572261353183330e-03 9.998826906574569406e-01 -1.518465642752287945e-02 -4.456517991269180468e-01 2.191212242007341618e-02 1.522579859748044058e-02 9.996439885652506074e-01 2.279734370557130063e+01
9.997435544859725187e-01 5.649560183678839151e-03 -2.193156421096610284e-02 -5.671923512995016292e-01 -6.005245349254732107e-03 9.998510332042702675e-01 -1.618615703217932134e-02 -4.721565699570348107e-01 2.183684061729809778e-02 1.631371357647312670e-02 9.996284736630375312e-01 2.377095447510428983e+01
9.997326416569559671e-01 6.940397553896505110e-03 -2.205815228563091576e-02 -6.003054114639251315e-01 -7.297424494254474425e-03 9.998430765601522552e-01 -1.614666650221054794e-02 -5.034623559655765357e-01 2.194261488873067850e-02 1.630332030807898208e-02 9.996263279263577495e-01 2.472481317528922773e+01
9.997240200534953658e-01 7.919203138839578382e-03 -2.211923852627573420e-02 -6.261129474609469225e-01 -8.281698705106360983e-03 9.998321892687197510e-01 -1.634502107535899459e-02 -5.370748429169855953e-01 2.198607915499516119e-02 1.652369826395369556e-02 9.996217561872352553e-01 2.571452583950858184e+01
9.997095475926818242e-01 8.664559913832553528e-03 -2.249088744038481649e-02 -6.541941989378442512e-01 -9.027946836816694298e-03 9.998296081640513089e-01 -1.610613955436357783e-02 -5.696622851954304956e-01 2.234749575313713793e-02 1.630451177996101314e-02 9.996173412473547959e-01 2.669150909849487618e+01
9.996946923602023638e-01 9.177603057953022045e-03 -2.294319019823178735e-02 -6.811128029041818577e-01 -9.523789937487375443e-03 9.998418345173231137e-01 -1.502541828152079324e-02 -6.003774908231008789e-01 2.280165834796982899e-02 1.523934098331367580e-02 9.996238913935042714e-01 2.768354142952084729e+01
9.996866657052915217e-01 1.002725430822397172e-02 -2.293739891378712009e-02 -7.094239396582150414e-01 -1.033286480386346080e-02 9.998589832924722476e-01 -1.324421784376278270e-02 -6.342644375477374252e-01 2.280135725571820482e-02 1.347708003309863213e-02 9.996492112024818466e-01 2.870472443847256372e+01
9.996747222378705722e-01 1.023207439512654505e-02 -2.336360061236640237e-02 -7.365234002655617340e-01 -1.051679975338420253e-02 9.998716110244706412e-01 -1.209655424265006392e-02 -6.603069574655014984e-01 2.323682551498248636e-02 1.233833331788539850e-02 9.996538876934203399e-01 2.969572475325244909e+01
9.996798858180813152e-01 9.893783586772342264e-03 -2.328828098634612084e-02 -7.657068589944708847e-01 -1.019996927227279949e-02 9.998626995361060699e-01 -1.306575651173681046e-02 -6.963877219408832753e-01 2.315580964805562941e-02 1.329911643716560898e-02 9.996434483943652527e-01 3.073160224774197147e+01
9.996489184436785358e-01 1.168811530023434846e-02 -2.378096150553933238e-02 -7.954373647611195919e-01 -1.202194940664952881e-02 9.998305957311792724e-01 -1.394366557323993214e-02 -7.277758246094986339e-01 2.361395445871052046e-02 1.422466620982959160e-02 9.996199891566106555e-01 3.173280956486171078e+01
9.996450258402750366e-01 1.140876939995561640e-02 -2.407854992061913071e-02 -8.244584762406018674e-01 -1.172949205256466725e-02 9.998438922165738818e-01 -1.322090621396577147e-02 -7.571141993593902830e-01 2.392395609808376650e-02 1.349864486389110510e-02 9.996226861869810243e-01 3.276663523835662772e+01
9.996496721417751363e-01 1.028778602133548215e-02 -2.438871007431286930e-02 -8.529689445495524103e-01 -1.055034557846011058e-02 9.998875969777117900e-01 -1.066148766514462588e-02 -7.877255875737934065e-01 2.427628547771158024e-02 1.091506492490432363e-02 9.996457414080776038e-01 3.383235930733272312e+01
9.996303938703873238e-01 1.085276555785850972e-02 -2.492808520479327869e-02 -8.800199237590399237e-01 -1.103785952365776528e-02 9.999125322455473253e-01 -7.299509119373014110e-03 -8.139362732111059540e-01 2.484668231922360082e-02 7.571966723952270814e-03 9.996626416987463015e-01 3.487239001562611662e+01
9.996310003380124432e-01 9.970542979244514242e-03 -2.526995660650690687e-02 -9.109142479127020353e-01 -1.010080565045980844e-02 9.999364208286274369e-01 -5.032368255634637327e-03 -8.392099458371039544e-01 2.521817501282844903e-02 5.285761927228688727e-03 9.996680441968138764e-01 3.594392866957735322e+01
9.996073354432649660e-01 1.032471475640481078e-02 -2.605180469746214145e-02 -9.462626254024586459e-01 -1.044265843173848921e-02 9.999359162935064216e-01 -4.395274155772775984e-03 -8.647419789952740521e-01 2.600475839406801021e-02 4.665601368792329263e-03 9.996509817596979097e-01 3.698627345018522306e+01
9.995924862453390292e-01 1.093643958666323107e-02 -2.637008316544352596e-02 -9.785571237827348501e-01 -1.109383949337750842e-02 9.999215730604595898e-01 -5.829925209525787903e-03 -8.945802766112342930e-01 2.630426387126297283e-02 6.120098624887430026e-03 9.996353017499238769e-01 3.807714125691752827e+01
9.995697315418007323e-01 1.175250319309982007e-02 -2.687669144842582541e-02 -1.010056534060566058e+00 -1.192900278298695410e-02 9.999083696629452733e-01 -6.416058910415094532e-03 -9.211548157400026859e-01 2.679883177643128944e-02 6.733914266418352355e-03 9.996182192919482734e-01 3.914201333468182753e+01
9.995492423698689732e-01 1.140300284973577716e-02 -2.777429718634277095e-02 -1.042617050564697001e+00 -1.155697814966893944e-02 9.999187992859498442e-01 -5.389516254367398250e-03 -9.455654677316200907e-01 2.771059317680912848e-02 5.708078741902173486e-03 9.995997445367706957e-01 4.021425515790922844e+01
9.995326571877400923e-01 1.119169665448343544e-02 -2.844893452236287035e-02 -1.079301332260790502e+00 -1.129294232655908732e-02 9.999305589932158123e-01 -3.400592703336783804e-03 -9.751245773630911051e-01 2.840890912427935372e-02 3.720280888973224748e-03 9.995895170934897545e-01 4.130953823607881503e+01
9.995135528905942923e-01 1.072950909674095024e-02 -2.928592243018749569e-02 -1.114768173828384779e+00 -1.076816185330846734e-02 9.999414560362541726e-01 -1.162366270429525091e-03 -9.972836276277432521e-01 2.927174582215192819e-02 1.477161793329242849e-03 9.995704545159461718e-01 4.236582125970748081e+01
9.994967770096259141e-01 1.120796274194197500e-02 -2.967671513340413431e-02 -1.152668145730473492e+00 -1.124026891184370762e-02 9.999365138555843524e-01 -9.218933483936846878e-04 -1.022693379593667018e+00 2.966451039173999271e-02 1.255009901422008941e-03 9.995591805248851269e-01 4.346141798867287065e+01
9.994543365880695918e-01 1.361647472659016818e-02 -3.009578723046838974e-02 -1.194138537644397147e+00 -1.375573347238519088e-02 9.998957093751875691e-01 -4.424870359572456897e-03 -1.052427829654678737e+00 3.003241100977950551e-02 4.836451859036829809e-03 9.995372821614012526e-01 4.450619418845617048e+01
9.994227393157768535e-01 1.602209877697529858e-02 -2.996029895830564296e-02 -1.232039207516797186e+00 -1.629152862399515025e-02 9.998289354545180085e-01 -8.770383631129707175e-03 -1.088034916083081782e+00 2.981466931975592510e-02 9.253426174145774549e-03 9.995126694109865984e-01 4.559553278532510490e+01
9.994052594629062591e-01 1.704500480448704544e-02 -2.997892769352979159e-02 -1.275057627614054612e+00 -1.732960167484207809e-02 9.998070764206820060e-01 -9.259090273890721937e-03 -1.113996945057893484e+00 2.981533874858945804e-02 9.773112270301144780e-03 9.995077049079845732e-01 4.665401990611316307e+01
9.994390767310286083e-01 1.515730060858742206e-02 -2.986527576667195871e-02 -1.312073118536756899e+00 -1.536805344672375825e-02 9.998586311651150860e-01 -6.839845358057572086e-03 -1.141470787322725666e+00 2.975739869042802119e-02 7.294986485914284335e-03 9.995305908945627538e-01 4.773721920901840576e+01
9.994284494822125442e-01 1.612633954245352996e-02 -2.971299848143917760e-02 -1.350784537541472652e+00 -1.627879932551442102e-02 9.998556288109192725e-01 -4.896246785476794650e-03 -1.165937679691505968e+00 2.962976878926374194e-02 5.377147194824145188e-03 9.995465435998068804e-01 4.882853905274037487e+01
9.994573069557076694e-01 1.428095824765762689e-02 -2.968666716852734477e-02 -1.388609264517806974e+00 -1.439547548559361005e-02 9.998898563916005511e-01 -3.647292905449551603e-03 -1.193781851630130175e+00 2.963133090388841290e-02 4.072674528687632821e-03 9.995526639434320071e-01 4.989170371787133718e+01
9.994503966509709070e-01 1.544243894751707452e-02 -2.933587051209858923e-02 -1.424790918662074191e+00 -1.557338653486058967e-02 9.998698674102981521e-01 -4.240399540431289728e-03 -1.220626318682007660e+00 2.926659305730469965e-02 4.694936082561966192e-03 9.995606812703256017e-01 5.098520497847546551e+01
9.994746042460150859e-01 1.484245116062075411e-02 -2.881623949566560969e-02 -1.459172780983822859e+00 -1.502467983715091715e-02 9.998685439912103901e-01 -6.117489912410330709e-03 -1.253027792222528136e+00 2.872167419371057448e-02 6.547238562476660230e-03 9.995660742462046944e-01 5.205200407332684875e+01
9.994651894447860174e-01 1.572003295307087753e-02 -2.867717336777993523e-02 -1.493508793106465005e+00 -1.596519995950615445e-02 9.998379020137565520e-01 -8.340267300190912225e-03 -1.275939852928435814e+00 2.854144049622998544e-02 8.793649536739832004e-03 9.995539999008481447e-01 5.312058122566385521e+01
9.994800534823826688e-01 1.503934875718780130e-02 -2.852379518656602067e-02 -1.524355075776054003e+00 -1.535365631139945335e-02 9.998235925830902815e-01 -1.083220788699081928e-02 -1.312850885590934213e+00 2.835588207238883690e-02 1.126452585684759554e-02 9.995344933951613164e-01 5.421085732741084229e+01
9.994902019356433076e-01 1.466677948059114805e-02 -2.836175096608293741e-02 -1.557290133979865487e+00 -1.506224057935675806e-02 9.997917390113697511e-01 -1.378039720878555634e-02 -1.355162549047725928e+00 2.815375967749345759e-02 1.420056813452774680e-02 9.995028077567963409e-01 5.527503644537149086e+01
9.995103486563181594e-01 1.410568963285044504e-02 -2.793319308967984541e-02 -1.588304382496464884e+00 -1.454075557822286785e-02 9.997753051893980558e-01 -1.543377618541489499e-02 -1.397006140832022236e+00 2.770924104445567082e-02 1.583239264674388483e-02 9.994907136805769587e-01 5.635584520097649630e+01
9.995265185253348061e-01 1.264390826284969571e-02 -2.805436381993238124e-02 -1.617934244726812798e+00 -1.302842390716281613e-02 9.998232501928715488e-01 -1.356583175683803537e-02 -1.435133585548112212e+00 2.787791105048388618e-02 1.392491672010190244e-02 9.995144188209552638e-01 5.742718965826333033e+01
9.995667283736719977e-01 1.079319674683833392e-02 -2.738701584303622483e-02 -1.649851952683746958e+00 -1.101981138641701559e-02 9.999063288559195684e-01 -8.137049138873897122e-03 -1.462261438877634934e+00 2.729666053946945212e-02 8.435328980039688909e-03 9.995918638423493263e-01 5.851914898610249338e+01
9.995962056584609678e-01 8.476288762972735563e-03 -2.712504519340680834e-02 -1.680056914026766046e+00 -8.550840562734024833e-03 9.999601326426846848e-01 -2.633538776734603657e-03 -1.487308806733451449e+00 2.710167811430037182e-02 2.864424375172728351e-03 9.996286571408865562e-01 5.960116027756104984e+01
9.996128641972262807e-01 6.758759425056913746e-03 -2.699325812573355812e-02 -1.710184135567904828e+00 -6.794587620616081465e-03 9.999763152320900739e-01 -1.235701011061190882e-03 -1.512768888072222984e+00 2.698430368461716272e-02 1.418638519848306606e-03 9.996349298437759989e-01 6.068486682354442507e+01
9.996343397074279880e-01 5.557453033487831824e-03 -2.646697742347502158e-02 -1.736024131554215755e+00 -5.675761432647399331e-03 9.999743925884443385e-01 -4.396900445041729624e-03 -1.546219072053687915e+00 2.644190486971735934e-02 4.545520342552864489e-03 9.996400984011866164e-01 6.177316696650536443e+01
9.996406659144813078e-01 4.292107364076820641e-03 -2.646356125877634413e-02 -1.767853685403889985e+00 -4.501016737061489144e-03 9.999593093990080117e-01 -7.839612446817710578e-03 -1.573577487858442758e+00 2.642887965170995571e-02 7.955914738859724833e-03 9.996191187528215005e-01 6.284308759138922085e+01
9.996216297089161040e-01 7.053029166103178677e-03 -2.659062833498316084e-02 -1.803910986771914304e+00 -7.366302579614950573e-03 9.999045714157895892e-01 -1.170175205084912629e-02 -1.607341066008302954e+00 2.650560243647638592e-02 1.189320506340875612e-02 9.995779958258663722e-01 6.392900384591835916e+01
9.996258358277676503e-01 6.481450664178918172e-03 -2.657799656099785190e-02 -1.838717669986245085e+00 -6.894755909746194851e-03 9.998564478077243134e-01 -1.548851571725663387e-02 -1.643893030248741338e+00 2.647383884225891146e-02 1.566597415870529808e-02 9.995268277967569448e-01 6.500743310912463357e+01
9.996266497875387902e-01 9.034055273432546607e-03 -2.579089361245756953e-02 -1.873842755808772020e+00 -9.458534662836109996e-03 9.998212125064543931e-01 -1.638412837206508835e-02 -1.683078512218373790e+00 2.563831289268339586e-02 1.662196062517133643e-02 9.995331679145093018e-01 6.609145200306298307e+01
9.996119188670042899e-01 1.213229093947585172e-02 -2.508081229708742851e-02 -1.909949459669441740e+00 -1.247325975403240812e-02 9.998314785225114187e-01 -1.348325378758319024e-02 -1.710627521067889178e+00 2.491304676790466466e-02 1.379086620054547664e-02 9.995945774474718215e-01 6.719451081260960734e+01
9.995927370897017550e-01 1.361121402148141035e-02 -2.508631079903246922e-02 -1.947649221207230941e+00 -1.390070784272519865e-02 9.998385554101191230e-01 -1.140177032318688728e-02 -1.750661611125627015e+00 2.492711285484546999e-02 1.174585041152007361e-02 9.996203490184853990e-01 6.827627426723360315e+01
9.995973380186842228e-01 1.355077760062574008e-02 -2.493531770338705197e-02 -1.975647786226859992e+00 -1.381961728362993136e-02 9.998480694689390047e-01 -1.064081455342339236e-02 -1.785579736960545061e+00 2.478738284213323831e-02 1.098113287628525725e-02 9.996325168556231544e-01 6.937032964079152464e+01
9.996030957183567045e-01 1.304077038632026064e-02 -2.497653769572067209e-02 -2.005410210569942286e+00 -1.329056858161748941e-02 9.998632356336405458e-01 -9.861441144412496154e-03 -1.819682388946231466e+00 2.484456699593228998e-02 1.018948687402319170e-02 9.996394803266260842e-01 7.045475681496067466e+01
9.996252125721784010e-01 1.132355302346497831e-02 -2.492908834458796435e-02 -2.033891891538995189e+00 -1.153807655855519469e-02 9.998976842928674058e-01 -8.478273416695191952e-03 -1.854323174798075735e+00 2.483058112147496638e-02 8.762737150971396452e-03 9.996533528327662399e-01 7.155069539773441534e+01
9.996367984858052225e-01 9.362703184096810710e-03 -2.527589907036104783e-02 -2.066903915254488577e+00 -9.533342629505163479e-03 9.999327180057782094e-01 -6.638908614592560660e-03 -1.885382451691049344e+00 2.521209021881515994e-02 6.877469525036654548e-03 9.996585520900698185e-01 7.263207160802409135e+01
9.996347244482556293e-01 8.026895477264357412e-03 -2.581197606489484334e-02 -2.094961628779346441e+00 -8.163438466558245454e-03 9.999534218860404167e-01 -5.188757047160943124e-03 -1.915877835654518968e+00 2.576917455677928473e-02 5.397587780421858779e-03 9.996534331919246785e-01 7.371394625487674546e+01
9.996232246492596785e-01 7.549158345253812775e-03 -2.639490107948060105e-02 -2.126291630168067215e+00 -7.708326298282621412e-03 9.999528929260174115e-01 -5.933607874133850837e-03 -1.948255451033409358e+00 2.634891486130753677e-02 6.134843931836477839e-03 9.996340692109962900e-01 7.480608576592621262e+01
9.995979724323660331e-01 8.074556852556266998e-03 -2.718402048775078739e-02 -2.161864199999484981e+00 -8.337183295240909592e-03 9.999197415277197853e-01 -9.561518974781333530e-03 -1.981899298364628859e+00 2.710468744122142629e-02 9.784323276449079926e-03 9.995848035717087576e-01 7.587364701812963119e+01
9.995719287427370370e-01 9.436216137256595721e-03 -2.769850170171054421e-02 -2.195621922288740091e+00 -9.759406228466747241e-03 9.998858160416955743e-01 -1.155614027422192415e-02 -2.018774618396847131e+00 2.758634918915573928e-02 1.182152408859759099e-02 9.995496097615855779e-01 7.694558381650561785e+01
9.995378174023142881e-01 1.022028367597830299e-02 -2.863545139433171932e-02 -2.233497949819855943e+00 -1.051625798355961504e-02 9.998928529759107953e-01 -1.020436378349504070e-02 -2.049979659209018923e+00 2.852814655385985110e-02 1.050079499897088424e-02 9.995379216767317221e-01 7.801260761690251400e+01
9.995269906822565886e-01 1.031552804854883425e-02 -2.897718892734444870e-02 -2.269527273115367727e+00 -1.050533574944624744e-02 9.999245217230476879e-01 -6.405547522174826966e-03 -2.082151779263980540e+00 2.890898140220739959e-02 6.706943731118389720e-03 9.995596378901842050e-01 7.909967288998487334e+01
9.995082538030637398e-01 1.147877869883148598e-02 -2.918535877178714266e-02 -2.305626978670202387e+00 -1.155284321681566972e-02 9.999306786840913563e-01 -2.370268482294299144e-03 -2.106330202421258235e+00 2.915618088530358420e-02 2.706289407233581235e-03 9.995712967444622121e-01 8.016916971423934513e+01
9.994919411660565522e-01 1.137996428892760516e-02 -2.977679005016380456e-02 -2.344645484296305593e+00 -1.143683674632030821e-02 9.999333103203963402e-01 -1.740244253057379254e-03 -2.132360207093791704e+00 2.975505038876961883e-02 2.079925392081189827e-03 9.995551495896642935e-01 8.122592580655768302e+01
9.994551416387053022e-01 1.361465313847241669e-02 -3.007283941980785913e-02 -2.379730890123954890e+00 -1.373139204294574964e-02 9.998991875634342108e-01 -3.678665322618884966e-03 -2.165920828814222432e+00 3.001977674269904958e-02 4.089616079692028928e-03 9.995410322843893969e-01 8.229265333167346341e+01
9.994304428170417420e-01 1.387436057403558347e-02 -3.076698504713621177e-02 -2.416725141243721620e+00 -1.401902782908109359e-02 9.998918777428630333e-01 -4.491211468596993835e-03 -2.196255012355166958e+00 3.070139732444789049e-02 4.919989634578828333e-03 9.995165865284458828e-01 8.333861372821722568e+01
9.994279594829860169e-01 1.329703354562025534e-02 -3.110085301528467752e-02 -2.451241439020574120e+00 -1.344242123212124017e-02 9.998998924499522545e-01 -4.470213232105503011e-03 -2.223435157161690157e+00 3.103835067426524708e-02 4.885739680141320054e-03 9.995063477704643207e-01 8.438356201800613121e+01
9.994142600570264934e-01 1.194115202407751604e-02 -3.207607871248854825e-02 -2.485255433853694296e+00 -1.209371060831838408e-02 9.999166848716358746e-01 -4.566260020377087975e-03 -2.258387575112824841e+00 3.201893153173475393e-02 4.951517368372621367e-03 9.994750920274710904e-01 8.541062797934030471e+01
9.994025139750084552e-01 1.132905748957743590e-02 -3.265888502888852907e-02 -2.518460832922576831e+00 -1.143317955314867782e-02 9.999303778563058964e-01 -3.003067207244060344e-03 -2.287577877435321039e+00 3.262264578303219337e-02 3.374682238291579553e-03 9.994621398791339040e-01 8.642209117727274759e+01
9.993998329207071096e-01 9.752183401085775041e-03 -3.324469191434463455e-02 -2.557378365687887456e+00 -9.780406963051001962e-03 9.999521868557543769e-01 -6.863387895702474954e-04 -2.308716683539285164e+00 3.323646775033554934e-02 1.011088387532321818e-03 9.994471026485187704e-01 8.741238894470140508e+01
9.993701720839633929e-01 9.085873058765093005e-03 -3.430816278273706582e-02 -2.592422773281341186e+00 -9.073761828933031223e-03 9.999589571719520453e-01 5.088874944445582896e-04 -2.338576403586519081e+00 3.431143826131628771e-02 -1.972463216902145479e-04 9.994112709332719779e-01 8.839214221272236216e+01
9.993151256888854750e-01 7.895742973802789139e-03 -3.615639910585333183e-02 -2.629419276267960015e+00 -7.877567642689414090e-03 9.999690193216993483e-01 6.452999976536851444e-04 -2.362858053861376373e+00 3.616043269803054933e-02 -3.600160472231795803e-04 9.993460342977734667e-01 8.934489548368186718e+01
9.991952812979815191e-01 7.236407541063639461e-03 -3.945601394035680443e-02 -2.674685113893814137e+00 -7.244252483465622207e-03 9.999740152378511215e-01 -5.573962091649481123e-05 -2.391599588791212483e+00 3.945464240276994744e-02 3.415409640047059082e-04 9.992214080153390965e-01 9.027733684718816676e+01
9.990668012767697226e-01 6.648092755872245414e-03 -4.268120675949457071e-02 -2.714995842860992603e+00 -6.691235838026604078e-03 9.999774956875594478e-01 -8.679418406826359218e-04 -2.414301755767239932e+00 4.267453035253564869e-02 1.152738590370981859e-03 9.990884672107304132e-01 9.117875994148778318e+01
9.989331642654215582e-01 6.859482943560179721e-03 -4.567098320376747345e-02 -2.758764706149993806e+00 -6.900565753092956049e-03 9.999761755014644482e-01 -7.418404159626661252e-04 -2.440558848034921180e+00 4.566485883090472958e-02 1.056221052962613228e-03 9.989563630558313534e-01 9.206277761792165393e+01
9.987572064754738355e-01 7.861500636871326941e-03 -4.921996003295614486e-02 -2.808743186524321089e+00 -7.852755947679031928e-03 9.999693615699296600e-01 3.711313383803569593e-04 -2.464169635519080526e+00 4.922141781047855574e-02 1.585868079977224566e-05 9.987879968818816900e-01 9.293423708982143694e+01
9.986046645490378459e-01 9.320865037578713805e-03 -5.198289115399339771e-02 -2.854925094919369855e+00 -9.268640689405215072e-03 9.999565384332578244e-01 1.245718183689383841e-03 -2.489370035433475792e+00 5.199228757113021071e-02 -7.621533853857842718e-04 9.986473014257510883e-01 9.377365353574167273e+01
9.984450385882196466e-01 9.905406613658020512e-03 -5.486137442567134287e-02 -2.906628272247258060e+00 -9.767953327922891324e-03 9.999487214414025660e-01 2.773135946609983464e-03 -2.510477984143903551e+00 5.488606833467470775e-02 -2.232924193879264919e-03 9.984902346587295474e-01 9.458154022693186391e+01
9.982741438008603252e-01 1.189945077289427181e-02 -5.751111907306086929e-02 -2.957352742729244977e+00 -1.170452467591822678e-02 9.999248403838408850e-01 3.725117212722996781e-03 -2.530540519145346501e+00 5.755115676653969892e-02 -3.045530877483425183e-03 9.983380215476148622e-01 9.536667648784143125e+01
9.980891082570315653e-01 1.394971233175468922e-02 -6.019918608884300415e-02 -3.011279867987973535e+00 -1.372500968766409216e-02 9.998975036065844701e-01 4.144628307266882972e-03 -2.552444117310948002e+00 6.025086372799146744e-02 -3.310456562877553844e-03 9.981778853320991685e-01 9.612180481151516176e+01
9.979101878581120300e-01 1.531040651609357796e-02 -6.277941076766248296e-02 -3.063049354999178853e+00 -1.513649216063471525e-02 9.998804590230501166e-01 3.245019177872165810e-03 -2.571545662912599006e+00 6.282161961323139143e-02 -2.287960236679805869e-03 9.980222588598384181e-01 9.685662027822377240e+01
9.977167564207299888e-01 1.698285874858461442e-02 -6.537020495225555339e-02 -3.120069547059759252e+00 -1.704782568673878645e-02 9.998548707530559021e-01 -4.360187255927885832e-04 -2.595376987478831943e+00 6.535334128316157287e-02 1.549458686118254961e-03 9.978610947830810485e-01 9.755249255573302491e+01
9.975081614175984601e-01 1.938730770177570298e-02 -6.783811614195799089e-02 -3.174790907229272374e+00 -1.971889224793366840e-02 9.997969442947225449e-01 -4.221516301713600094e-03 -2.616516568008373955e+00 6.774252600986740980e-02 5.548704296120391018e-03 9.976875208804945050e-01 9.821826395924939845e+01
9.973325914770792000e-01 2.130616501840970622e-02 -6.981520308078846548e-02 -3.225406353448845742e+00 -2.182992610877624445e-02 9.997392226159322881e-01 -6.747566837942103705e-03 -2.634055125708390399e+00 6.965325948764106156e-02 8.253643805981123599e-03 9.975372318678695782e-01 9.884532378559700305e+01
9.972297282984221578e-01 2.278906778550555609e-02 -7.080922291587202211e-02 -3.274872095866158350e+00 -2.340102817676949568e-02 9.996958342125331631e-01 -7.824700926902726852e-03 -2.655141055744340228e+00 7.060939156172185704e-02 9.460048849480685862e-03 9.974592988400127203e-01 9.944465384926574814e+01
9.972424997916667921e-01 2.470293262855652316e-02 -6.998274285716309107e-02 -3.323117232406300303e+00 -2.528380704548893396e-02 9.996530284244384834e-01 -7.426455800118263520e-03 -2.673836956999306569e+00 6.977502753519888856e-02 9.175425164396421029e-03 9.975206728682389778e-01 1.000273253667052842e+02
9.973526385892044210e-01 2.758493827701080647e-02 -6.728456285334034892e-02 -3.370453045761343080e+00 -2.804489347229008334e-02 9.995895504536504994e-01 -5.900781096315468530e-03 -2.693942358739769727e+00 6.709419495722535043e-02 7.772167793758762676e-03 9.977164924122274847e-01 1.005901110999224812e+02
9.976172927807702706e-01 3.032252012313924397e-02 -6.197350019311159003e-02 -3.408927067186414028e+00 -3.066134295241200805e-02 9.995199010316299093e-01 -4.523281595465411010e-03 -2.712257215059384663e+00 6.180661163143044701e-02 6.412716655344622048e-03 9.980676622105871809e-01 1.011286795613391689e+02
9.980264218182473002e-01 3.140283795264020572e-02 -5.438343956865825113e-02 -3.434824386999673518e+00 -3.159952591550125450e-02 9.994971055366264068e-01 -2.760335311684773956e-03 -2.730800269577907002e+00 5.426943307920652215e-02 4.473402084048115276e-03 9.985164278464250254e-01 1.016452362263046183e+02
9.985070126661432788e-01 3.098832091482230100e-02 -4.498787993871154051e-02 -3.455086110549789424e+00 -3.104208585755964533e-02 9.995182629052261625e-01 -4.968046542868744583e-04 -2.744034610493246262e+00 4.495084308387391203e-02 1.892604633100923670e-03 9.989875295214207807e-01 1.021373221149985540e+02
9.989930463409273376e-01 3.024275496351151032e-02 -3.314688031731219398e-02 -3.465104387323208357e+00 -3.024006716736894404e-02 9.995428040044549434e-01 5.825186365056520812e-04 -2.758612970226614891e+00 3.314937988387029605e-02 4.204534833988003662e-04 9.994504445709857521e-01 1.026110453725147522e+02
9.993614715523546632e-01 2.977902110960129606e-02 -1.975624999136794957e-02 -3.468777554936622654e+00 -2.977166884878486991e-02 9.995568129563201509e-01 6.662286230342510810e-04 -2.773339101632355419e+00 1.976737845351526912e-02 -7.760434475544969045e-05 9.998047297999992367e-01 1.030545480742461564e+02
9.995795613954802095e-01 2.865652904784599456e-02 -4.467772767935772327e-03 -3.463971280642640149e+00 -2.865784356333155036e-02 9.995895649349658685e-01 -2.299780237784020305e-04 -2.785398913227412621e+00 4.459399726401494686e-03 3.579368112480650860e-04 9.999901217679639798e-01 1.034943027589454090e+02
9.995366193866783711e-01 2.737095849356834323e-02 1.333581222820857427e-02 -3.446865514504791062e+00 -2.733032154974087205e-02 9.996215833666451944e-01 -3.220416212291835403e-03 -2.802673188569652751e+00 -1.341885253171591283e-02 2.854465634895212399e-03 9.999060220388453768e-01 1.039064695053707368e+02
9.990539719647619776e-01 2.666082185223105083e-02 3.436330328677155571e-02 -3.421958197470369445e+00 -2.642205331201708321e-02 9.996239184706277037e-01 -7.384184462006219973e-03 -2.814786801797191540e+00 -3.454717721598681013e-02 6.469262836183931054e-03 9.993822678500055012e-01 1.043186846776981440e+02
9.979343698716718336e-01 2.572601497546365620e-02 5.886970736504455737e-02 -3.377444611046815481e+00 -2.505394806870360480e-02 9.996128674151074645e-01 -1.212622784535960334e-02 -2.833261140009973644e+00 -5.915879154115731564e-02 1.062627287082520793e-02 9.981921642980891018e-01 1.047189399998617318e+02
9.960506982475211268e-01 2.310046840775890203e-02 8.573129043861925369e-02 -3.322987048356390805e+00 -2.189919082808344450e-02 9.996490668358444243e-01 -1.492647913720432026e-02 -2.847549972603347523e+00 -8.604591377005987862e-02 1.299009414544255621e-02 9.962066236247092421e-01 1.051087493975528133e+02
9.930935882206700649e-01 2.036605892744062021e-02 1.155457956619519722e-01 -3.251380027435048170e+00 -1.859406942032643464e-02 9.996930303489494074e-01 -1.639319944613807506e-02 -2.859368168356739126e+00 -1.158440758047530189e-01 1.413152391618215271e-02 9.931670202992460839e-01 1.055017139267239372e+02
9.888469649780087245e-01 1.774797218152018158e-02 1.478755687382723172e-01 -3.171589812762972471e+00 -1.519581006606092986e-02 9.997160739061428103e-01 -1.837092837875771434e-02 -2.874795971272539941e+00 -1.481594962553205719e-01 1.591895346671999556e-02 9.888354970655063303e-01 1.058684992068781554e+02
9.828888889734245238e-01 1.593474564701204133e-02 1.835102780579722370e-01 -3.070005826053162856e+00 -1.249252651571952470e-02 9.997242694489277826e-01 -1.989859428860374368e-02 -2.890505289218377794e+00 -1.837766048958831555e-01 1.726560560926332019e-02 9.828165428214186150e-01 1.062417323672365654e+02
9.750506064284938379e-01 1.207306501792360445e-02 2.216552849482210097e-01 -2.954750865548553040e+00 -7.688966161997527575e-03 9.997579029149575858e-01 -2.063123256744921197e-02 -2.907494017156025290e+00 -2.218505316446546805e-01 1.841220012886192817e-02 9.749069852001249759e-01 1.065876040310095902e+02
9.651455848796647308e-01 9.999125141984723658e-03 2.615234858394797635e-01 -2.820796606351950508e+00 -4.547143312138493890e-03 9.997600291460555511e-01 -2.144388996234611322e-02 -2.928125646102891722e+00 -2.616749530999806783e-01 1.950729457167850109e-02 9.649590578064087820e-01 1.069498208269389607e+02
9.528954351838162529e-01 1.053135460988766439e-02 3.031169765253766135e-01 -2.687667425479411065e+00 -3.928309068769778555e-03 9.997420156320205864e-01 -2.238535253013444748e-02 -2.949298089945940227e+00 -3.032743079459092050e-01 2.014016730753573695e-02 9.526905924814430549e-01 1.072710867559541299e+02
9.377345309825968478e-01 1.248906076135749936e-02 3.471289382211956154e-01 -2.532638515233681886e+00 -4.775693483499867872e-03 9.997228280810456225e-01 -2.306715455049755670e-02 -2.959916952787747135e+00 -3.473205701065325557e-01 1.997309111739025561e-02 9.375338885264019595e-01 1.075976838530667408e+02
9.201137162352536203e-01 1.235499079374057993e-02 3.914570725392481076e-01 -2.351270579815247341e+00 -4.014622605045540388e-03 9.997476396334942228e-01 -2.211729848015531186e-02 -2.978300812591478053e+00 -3.916312791033803586e-01 1.877888470031349386e-02 9.199307526706069771e-01 1.079292539875316947e+02
8.999801039063052288e-01 1.153927817854002308e-02 4.357788513368406891e-01 -2.175438680427784544e+00 -2.494396951267479571e-03 9.997698652834507982e-01 -2.132210581117522860e-02 -2.987147791068854197e+00 -4.359243156935243557e-01 1.810246950407805658e-02 8.998014162159885254e-01 1.082138239695663202e+02
8.771588131207723738e-01 1.014149197482432964e-02 4.800938739978375946e-01 -1.957592734196895723e+00 3.760490154113299175e-04 9.997624696698359514e-01 -2.180604237849681146e-02 -3.006075977679271816e+00 -4.802006699698637693e-01 1.930790136798566856e-02 8.769463025351289520e-01 1.085141358821129955e+02
8.520516822513115596e-01 1.048287709689595983e-02 5.233532360683259554e-01 -1.757323138219166303e+00 2.217188791529038638e-03 9.997185328834141682e-01 -2.363431928513917701e-02 -3.027332261961122484e+00 -5.234533489345599699e-01 2.129803422960610190e-02 8.517882831097577379e-01 1.087729397598731822e+02
8.247099502486958666e-01 1.233854235053065407e-02 5.654218213880900512e-01 -1.520242836138689491e+00 3.314307408185528624e-03 9.996397019261287209e-01 -2.664815981745977114e-02 -3.047288151988725602e+00 -5.655465417910294779e-01 2.385098393135596032e-02 8.243715963721719442e-01 1.090406377650087251e+02
7.943114617345855555e-01 1.618254636869212795e-02 6.072956557709283665e-01 -1.301695041680069442e+00 2.896812610660927986e-03 9.995332270351132697e-01 -3.042336361410320766e-02 -3.063981473975231129e+00 -6.075041322690003520e-01 2.592484794206048257e-02 7.938935161523000827e-01 1.092900384704727372e+02
7.608350985180001302e-01 2.148912352772947010e-02 6.485898331999045974e-01 -1.034890237271064439e+00 5.602738906398663492e-04 9.994297850904886316e-01 -3.377043101102784883e-02 -3.082994953293190399e+00 -6.489452873201216887e-01 2.605711960891389858e-02 7.603889255970237571e-01 1.095513735788624530e+02
7.238095201550146518e-01 2.613626056002203366e-02 6.895051029198130399e-01 -7.857225870155305492e-01 -1.297625614998626845e-03 9.993324671136576409e-01 -3.651835452532508491e-02 -3.088382665288436968e+00 -6.899988586964670434e-01 2.553761774714551416e-02 7.233599910464415528e-01 1.097718051487885873e+02
6.849165056757132719e-01 2.624727283942267578e-02 7.281490812424856740e-01 -4.939320689064082837e-01 1.308056314508639333e-03 9.993053786976793251e-01 -3.725193543439817706e-02 -3.105016997912048993e+00 -7.286206029972425169e-01 2.646692865631851757e-02 6.844061537040313503e-01 1.099909462679562608e+02
6.439828516150709614e-01 2.346396835566043337e-02 7.646804336769370547e-01 -1.698763298791142184e-01 5.433389998350198792e-03 9.993644059175327277e-01 -3.524096620887515185e-02 -3.135211370710551559e+00 -7.650208249640115810e-01 2.684938694816151744e-02 6.434458059966199350e-01 1.102002842125397279e+02
6.001078136059966317e-01 2.142841668368776140e-02 7.996324693992109545e-01 1.252605008219017380e-01 7.956940651715545265e-03 9.994320999297419128e-01 -3.275415034475422787e-02 -3.139294055816002960e+00 -7.998797289932236820e-01 2.601864954161866098e-02 5.995962809170237717e-01 1.103745018898929544e+02
5.542578217376277205e-01 1.931289568832452591e-02 8.321213496493068407e-01 4.920508065593557356e-01 9.312585912941245131e-03 9.995246482723078030e-01 -2.940112155790482185e-02 -3.160786148296168108e+00 -8.322931021716323263e-01 2.404500279119774903e-02 5.538142960232840251e-01 1.105610663230375224e+02
5.062049304949407524e-01 1.755495488355312758e-02 8.622349280595762444e-01 8.058682172276101507e-01 1.104188810936001554e-02 9.995792628482070841e-01 -2.683379844893982874e-02 -3.168526608068507056e+00 -8.623426813862582474e-01 2.310409738233384913e-02 5.057979275766334437e-01 1.107048328033500155e+02
4.559564299022552669e-01 1.265696474568114675e-02 8.899124844620156516e-01 1.199492072698291167e+00 1.439626018355970143e-02 9.996635100884417868e-01 -2.159401600415469108e-02 -3.202251493765213564e+00 -8.898857929817092227e-01 2.265733464722963220e-02 4.556206290598917019e-01 1.108525772505562514e+02
4.045669552782463207e-01 1.329815367032236191e-02 9.144120741655178408e-01 1.540228804513057659e+00 1.266578343950730545e-02 9.997172338215033482e-01 -2.014251789549869123e-02 -3.210512348469092281e+00 -9.144207942222646324e-01 1.973073702227187698e-02 4.042839857040673168e-01 1.109650318381554968e+02
3.536757541191717369e-01 1.690721781582843128e-02 9.352156528483076547e-01 1.912755469314644463e+00 1.046042681835488743e-02 9.997029547361002688e-01 -2.202893579423418832e-02 -3.223207716905058362e+00 -9.353097147558494528e-01 1.757385143902672614e-02 3.533937238757204891e-01 1.110756336030721627e+02
3.031757421772872663e-01 2.222109868720161321e-02 9.526759215965845407e-01 2.332527801127144418e+00 8.650305907762171481e-03 9.996230673874314521e-01 -2.606898726128393032e-02 -3.241379668293982608e+00 -9.528955117047429590e-01 1.614441906441301672e-02 3.028691532679333442e-01 1.111707045928465902e+02
2.563010352509462741e-01 2.456325920087306172e-02 9.662852350008475089e-01 2.712282243949276417e+00 1.104143824542225955e-02 9.995377884484731856e-01 -2.833723105844167256e-02 -3.250381499462965618e+00 -9.665340533036695936e-01 1.793203327760214960e-02 2.559112865407437432e-01 1.112392986780841539e+02
2.145203064222398481e-01 2.381938311416036125e-02 9.764294190092428494e-01 3.152820351781557839e+00 1.828693381678309082e-02 9.994297575383881416e-01 -2.839808795426248741e-02 -3.270220343688648335e+00 -9.765484295890323185e-01 2.394785758605720918e-02 2.139623447483079699e-01 1.112984951624668639e+02
1.793074933020519790e-01 2.306488240476784607e-02 9.835230419029610260e-01 3.566717376759424685e+00 2.638894895337967617e-02 9.992530007619671029e-01 -2.824478641317742719e-02 -3.285897713041528334e+00 -9.834391981278035599e-01 3.101862908686427167e-02 1.785648603115803090e-01 1.113334012933771646e+02
1.480073558081637097e-01 2.403067647574637714e-02 9.886946429313198115e-01 4.021233177437159689e+00 2.993997588611536573e-02 9.991380231208651930e-01 -2.876652377347653153e-02 -3.309568395754244996e+00 -9.885330729302207464e-01 3.385913796112664798e-02 1.471602818992406858e-01 1.113738590283326602e+02
1.203062376157078561e-01 2.295101509339251070e-02 9.924718718281001495e-01 4.470781784396689496e+00 2.839715187617925310e-02 9.992444197557615038e-01 -2.654990660380332143e-02 -3.330717085773228003e+00 -9.923307074828578989e-01 3.137748492162488467e-02 1.195635886218735511e-01 1.114157757306124097e+02
9.451349212482411388e-02 2.036096897341112613e-02 9.953157251957919227e-01 4.953041302824093606e+00 2.316028925097249336e-02 9.994756112800212700e-01 -2.264533650685420646e-02 -3.337122656736841719e+00 -9.952542524243364053e-01 2.519208617213066631e-02 9.399237271073032640e-02 1.114578499016510591e+02
7.040710883089913719e-02 1.665945325675318583e-02 9.973796002017046858e-01 5.466089269879589096e+00 1.939273436033089534e-02 9.996490572138843067e-01 -1.806634226888631164e-02 -3.346763541963548416e+00 -9.973299305724232511e-01 2.061391576595559064e-02 7.005934789133268226e-02 1.114983152230275039e+02
4.832587597105605925e-02 1.426039719785179155e-02 9.987302056480716894e-01 5.977215922496508682e+00 2.302100120778788339e-02 9.996169183084551157e-01 -1.538698887865565766e-02 -3.369238281645015487e+00 -9.985664133145762955e-01 2.373535730947453140e-02 4.797910545677764454e-02 1.115023580885972621e+02
2.817544410433531557e-02 1.436735628063363218e-02 9.995001245930640321e-01 6.511344841740105416e+00 2.972139119922080630e-02 9.994429330195888639e-01 -1.520437140764485488e-02 -3.391962041104892300e+00 -9.991611612894830685e-01 3.013491823445300921e-02 2.773277193089439957e-02 1.114927026902694678e+02
1.001225747684860758e-02 1.644937882597063972e-02 9.998149580802700997e-01 7.074630728875325403e+00 3.539079088838382320e-02 9.992327845479737070e-01 -1.679421220682822749e-02 -3.414993103609093694e+00 -9.993235178107625627e-01 3.555238061497897201e-02 9.422470058142003863e-03 1.114829225186716144e+02
-3.873508979174730780e-03 2.137218205774890287e-02 9.997644764634971981e-01 7.631092347269490261e+00 3.536703952800591272e-02 9.991493941961068215e-01 -2.122201077331084887e-02 -3.428049060446775265e+00 -9.993670095863061986e-01 3.527649470152809108e-02 -4.626027417394808390e-03 1.114724531510008205e+02
-1.585148284392891294e-02 2.592042005246208286e-02 9.995387175582222117e-01 8.230380190034795262e+00 3.190247624132525051e-02 9.991684230992229354e-01 -2.540488798620894190e-02 -3.433519574773443495e+00 -9.993654079106298882e-01 3.148504514198136733e-02 -1.666516365975737740e-02 1.114670648656761358e+02
-2.173983374992892459e-02 2.624837777635202762e-02 9.994194309074373450e-01 8.836442407155544743e+00 3.404992777757085559e-02 9.990951445089658600e-01 -2.549919583744678434e-02 -3.449256179579916815e+00 -9.991837919155496239e-01 3.347579979675233824e-02 -2.261385166380712117e-02 1.114533452292116067e+02
-2.453630371762920495e-02 2.321622734881388650e-02 9.994297278892767533e-01 9.474800051352490371e+00 4.031354983984555135e-02 9.989404483660704326e-01 -2.221515513490702684e-02 -3.481702717455256391e+00 -9.988859113968948655e-01 3.974546740426206787e-02 -2.544616723065603464e-02 1.114228997520141178e+02
-2.408321327736752393e-02 2.148733620846631290e-02 9.994794161368359964e-01 1.012640855397689421e+01 4.188743349800942012e-02 9.989130627180955457e-01 -2.046585439806344886e-02 -3.500255102964269671e+00 -9.988321799157326986e-01 4.137272867457614245e-02 -2.495701850581018288e-02 1.114011495494186335e+02
-2.206569659700122893e-02 2.100379007135311227e-02 9.995362716090514521e-01 1.079623842160591884e+01 4.014515466215134998e-02 9.989919072352350105e-01 -2.010611520585797382e-02 -3.529224991990627114e+00 -9.989503292330430551e-01 3.968286803826825276e-02 -2.288658682474009956e-02 1.113894857964197342e+02
-2.073974012037795023e-02 2.136986581696812340e-02 9.995569051511714598e-01 1.148355261809514616e+01 3.653877577963287465e-02 9.991202041553881585e-01 -2.060239708073027462e-02 -3.540235866523711028e+00 -9.991171476622268122e-01 3.609528422132724651e-02 -2.150225718628712146e-02 1.113842541537892288e+02
-1.971404775215187741e-02 2.244777282350280193e-02 9.995540406327175775e-01 1.218014849462474913e+01 3.689778145447953489e-02 9.990835689467618685e-01 -2.170948404167191356e-02 -3.566018027142482172e+00 -9.991247242516561045e-01 3.645332738003254774e-02 -2.052418872750359433e-02 1.113769716090588275e+02
-1.854725563276032538e-02 2.341398318902452105e-02 9.995542094570079028e-01 1.291427370458176327e+01 3.642015872309978947e-02 9.990784660299548703e-01 -2.272705254758590823e-02 -3.591709282905882539e+00 -9.991645925493697344e-01 3.598237907849095862e-02 -1.938284076220648730e-02 1.113679970918361306e+02
-1.808612629691774484e-02 2.313776565803627935e-02 9.995690937464372094e-01 1.365828378180514768e+01 3.593564871335128835e-02 9.991016745289099665e-01 -2.247673992876667720e-02 -3.621103474490874774e+00 -9.991905915594619936e-01 3.551362829529740306e-02 -1.890128584153916158e-02 1.113560786029412526e+02
-1.717164400771391958e-02 2.195200657028845148e-02 9.996119675439639751e-01 1.440743025096316465e+01 3.518172343663193008e-02 9.991534842988821774e-01 -2.133758646269671294e-02 -3.643992231483498934e+00 -9.992335570877702855e-01 3.480165335470408045e-02 -1.792935393248364442e-02 1.113497992597253301e+02
-1.684321234367307588e-02 2.059727910759376335e-02 9.996463879084650506e-01 1.518326239873653094e+01 3.615883807613808759e-02 9.991467201330384018e-01 -1.997774804876640414e-02 -3.672080974207951432e+00 -9.992042701208784239e-01 3.580954466919960416e-02 -1.757355298754395209e-02 1.113374144828701304e+02
-1.704079754664414303e-02 1.849753018863989004e-02 9.996840981315826546e-01 1.595025814922839125e+01 3.649901990745287733e-02 9.991743455423700571e-01 -1.786594052768527771e-02 -3.701696275325346619e+00 -9.991885527490980135e-01 3.618302144911170193e-02 -1.770180945869676004e-02 1.113283578239855274e+02
-1.817344622682527319e-02 1.727118825232086541e-02 9.996860904749814702e-01 1.673617190566091395e+01 3.509895534576035897e-02 9.992459159621265297e-01 -1.662552501931497187e-02 -3.726416758983643884e+00 -9.992187576936398807e-01 3.478577511937146205e-02 -1.876588167991740871e-02 1.113181261816233985e+02
-1.958275034385888874e-02 1.674729627633747553e-02 9.996683910198300715e-01 1.753082116781781608e+01 3.301206129966770958e-02 9.993257323566852035e-01 -1.609488343332513352e-02 -3.747735273745637308e+00 -9.992632647199863882e-01 3.268591398757122318e-02 -2.012234706374816523e-02 1.113074619192010459e+02
-2.047828961808467740e-02 1.426968814717976576e-02 9.996888834787424072e-01 1.833720236142322690e+01 3.704249438346229883e-02 9.992228267124834140e-01 -1.350424138915208225e-02 -3.770835067311679278e+00 -9.991040253980751906e-01 3.675440569792155776e-02 -2.099089648249275256e-02 1.112903934265941359e+02
-2.182163570385235035e-02 1.230486040352622538e-02 9.996865783030375319e-01 1.914892546325924627e+01 3.843779045445775561e-02 9.991956684801970301e-01 -1.145978899863949775e-02 -3.801790886992916896e+00 -9.990228821874466147e-01 3.817565066510950761e-02 -2.227699191711998011e-02 1.112703667639749767e+02
-2.308242627684217382e-02 1.206607591023250298e-02 9.996611742864557337e-01 1.996032459006693927e+01 4.018347563245272536e-02 9.991306980883842837e-01 -1.113183626102521966e-02 -3.818495547773094412e+00 -9.989258533480750435e-01 3.991288892792685394e-02 -2.354715046134057965e-02 1.112545342940524051e+02
-2.428343866091028924e-02 1.576888129355068224e-02 9.995811668147815965e-01 2.077984993082553089e+01 3.356443502116543409e-02 9.993251366740147912e-01 -1.494945084816366905e-02 -3.852373388364574325e+00 -9.991416909360796295e-01 3.318733505994208438e-02 -2.479625709601912531e-02 1.112434384796684554e+02
-2.572981661186472119e-02 2.032497756649266629e-02 9.994627181306343644e-01 2.161159623565422194e+01 3.110087751895208169e-02 9.993259937074180366e-01 -1.952155690656101616e-02 -3.883910867447516235e+00 -9.991852167969295095e-01 3.058186512692614295e-02 -2.634453437633477169e-02 1.112275395968526794e+02
-2.672954465365093638e-02 2.201982377277578867e-02 9.994005764793045810e-01 2.244570273839507379e+01 3.199938634783090763e-02 9.992642581540210900e-01 -2.116098812564974618e-02 -3.918049454438856216e+00 -9.991306043088001854e-01 3.141456490861156692e-02 -2.741443258526739257e-02 1.112048538661932184e+02
-2.824250148977594174e-02 2.026958579502831717e-02 9.993959974857206108e-01 2.329088232786065760e+01 2.981879052629099469e-02 9.993669324605500837e-01 -1.942633999434386152e-02 -3.948860552237582144e+00 -9.991564424161530900e-01 2.925211601387747024e-02 -2.882896801286161798e-02 1.111899411234038411e+02
-2.910762184406983852e-02 1.678768356272190843e-02 9.994357314169222128e-01 2.413256804995170768e+01 2.831407287733132480e-02 9.994720069806671825e-01 -1.596368273585063377e-02 -3.975307276012883140e+00 -9.991753897036866894e-01 2.783341722110626790e-02 -2.956750735692061441e-02 1.111730374739654081e+02
-2.949611923458432539e-02 1.185354711361862740e-02 9.994950420152702852e-01 2.497866681379959886e+01 2.868941108610657473e-02 9.995281795149132398e-01 -1.100729631417129983e-02 -4.004836543809251026e+00 -9.991532903185227354e-01 2.835023806142745323e-02 -2.982220151406929365e-02 1.111532584789250677e+02
-2.990494480463018120e-02 6.705705085785591477e-03 9.995306888297914583e-01 2.582180609079655298e+01 2.321709329094925542e-02 9.997127836114014787e-01 -6.012305404993078042e-03 -4.025480938014099230e+00 -9.992832757271455923e-01 2.302638928020304607e-02 -3.005196704819922127e-02 1.111360015150229401e+02
-2.988554978071424756e-02 5.522233567041758689e-03 9.995385095495543659e-01 2.666398780492981757e+01 2.099811211133207137e-02 9.997679462250002036e-01 -4.895681619261489995e-03 -4.047578491066698092e+00 -9.993329467160698698e-01 2.084210180583817226e-02 -2.999449444846650700e-02 1.111194113666871601e+02
-2.916111333713053422e-02 1.175391263567445062e-02 9.995060578060666057e-01 2.749663893608776633e+01 2.307443003429596184e-02 9.996727423652058686e-01 -1.108267483560894731e-02 -4.085704207510978847e+00 -9.993085640748012866e-01 2.273983929452757027e-02 -2.942270543005748654e-02 1.110960691167032479e+02
-2.815671572963867123e-02 2.137378606370013770e-02 9.993754301982461508e-01 2.832866628661841446e+01 2.344604271860988368e-02 9.995108693686768353e-01 -2.071611777136394758e-02 -4.126682508451502862e+00 -9.993287193072082353e-01 2.284809253345159927e-02 -2.864399354711355886e-02 1.110761406029501330e+02
-2.772956959647954189e-02 2.646174674535627797e-02 9.992656021528788512e-01 2.915383398558427430e+01 2.403683608861589827e-02 9.993785922062089488e-01 -2.579772880177425010e-02 -4.158516179389879497e+00 -9.993266293752406382e-01 2.330381433826589355e-02 -2.834830964613561932e-02 1.110551635724673787e+02
-2.640486038724055087e-02 2.226267849615908012e-02 9.994038521417757392e-01 2.998684247605602948e+01 2.732998154361260257e-02 9.993947932058718786e-01 -2.154041266337981472e-02 -4.184222373324307576e+00 -9.992778728072612138e-01 2.674490673783910463e-02 -2.699723482147936560e-02 1.110338163676035919e+02
-2.541974928308231643e-02 1.548527178991619159e-02 9.995573760398023255e-01 3.082266323131964469e+01 3.131290631521474466e-02 9.994021607424898868e-01 -1.468655903463173158e-02 -4.213816346915722377e+00 -9.991865440751623861e-01 3.092570419606969698e-02 -2.588935795583168289e-02 1.110087999874343438e+02
-2.510910288725700518e-02 1.249473390158085083e-02 9.996070868672892740e-01 3.164789350311304617e+01 3.177938952706266945e-02 9.994269341166408527e-01 -1.169422700226761119e-02 -4.247273473174167258e+00 -9.991796716658436495e-01 3.147325722674657045e-02 -2.549170278542217324e-02 1.109890147799316509e+02
-2.521788145113489782e-02 1.283131915251624171e-02 9.996000848131157968e-01 3.246305874421302917e+01 2.925762838674657654e-02 9.994992061006431339e-01 -1.209192391633146825e-02 -4.279617337714248571e+00 -9.992539554592303475e-01 2.894098248869246548e-02 -2.558058139191131744e-02 1.109750137503702376e+02
-2.622670955829310355e-02 1.368715504602046121e-02 9.995627730931513355e-01 3.328591636679303889e+01 2.691560034483114067e-02 9.995538701933772696e-01 -1.298082651798453113e-02 -4.309524328887377465e+00 -9.992938159590070146e-01 2.656337695408731922e-02 -2.658332349269926231e-02 1.109617109152775498e+02
-2.807024436141978413e-02 1.373895615263759362e-02 9.995119906864368131e-01 3.409497209383234662e+01 2.482618652750647609e-02 9.996071389190749334e-01 -1.304305520101563948e-02 -4.336533974806417113e+00 -9.992978260806676394e-01 2.444794031441800339e-02 -2.840021873619601525e-02 1.109445777147687835e+02
-3.022927798624696141e-02 1.375055297683781125e-02 9.994488654350873746e-01 3.490328015427214581e+01 2.473360504439776550e-02 9.996099349396477818e-01 -1.300468699958997991e-02 -4.365208419096673786e+00 -9.992371420852157460e-01 2.432684418142861543e-02 -3.055750168224731153e-02 1.109218198281707259e+02
-3.237101400789411249e-02 1.433500844519158997e-02 9.993735791962223836e-01 3.571078913069796101e+01 2.461420303936012396e-02 9.996057621426057693e-01 -1.354106265432486814e-02 -4.399624259122267844e+00 -9.991730015588954350e-01 2.416044075513082423e-02 -3.271100854865311575e-02 1.109005807699415271e+02
-3.451635214659759532e-02 1.471749238467826189e-02 9.992962241153082736e-01 3.651019193261898010e+01 2.327864787844524663e-02 9.996325741769421791e-01 -1.391839592409482677e-02 -4.423787764095336250e+00 -9.991332021322394397e-01 2.278184822618257305e-02 -3.484618436450873102e-02 1.108759929442275336e+02
-3.673904956353750417e-02 1.376835885297053585e-02 9.992305054258447949e-01 3.731277547830583785e+01 2.150511299802048554e-02 9.996848758620016095e-01 -1.298394305292963936e-02 -4.450776274205885841e+00 -9.990936913477779235e-01 2.101154329785622638e-02 -3.702347059342309815e-02 1.108539852491019104e+02
-3.875912621039286077e-02 1.254254418804322084e-02 9.991703275052581379e-01 3.810538952112477062e+01 2.198720500210898932e-02 9.996902861828770304e-01 -1.169616774894231305e-02 -4.483480874056110288e+00 -9.990068703370765801e-01 2.151562534497142645e-02 -3.902280510681466891e-02 1.108250193367195209e+02
-4.086724901750013461e-02 1.280824640301770484e-02 9.990829535781053927e-01 3.888627386045816081e+01 2.170739901284770776e-02 9.996936642381317739e-01 -1.192814875131357859e-02 -4.509048987416343302e+00 -9.989289751308115806e-01 2.120001765291363791e-02 -4.113266620688437597e-02 1.107990790455972814e+02
-4.266886833042770472e-02 1.376764561413771487e-02 9.989948708438015634e-01 3.966702254392106397e+01 2.171659671337529754e-02 9.996820465886354645e-01 -1.284957007991516069e-02 -4.538082777241791099e+00 -9.988534422716932593e-01 2.114648821906542353e-02 -4.295418850529002242e-02 1.107696320503659138e+02
-4.384639882003244643e-02 1.398078768893730277e-02 9.989409209955236735e-01 4.044038278454380020e+01 2.230938252788041559e-02 9.996668977581886217e-01 -1.301173306398678217e-02 -4.568847394873040813e+00 -9.987893827965210747e-01 2.171523311389485233e-02 -4.414359554285142428e-02 1.107374829825642024e+02
-4.487663990511794876e-02 1.278230560700996388e-02 9.989112248034225372e-01 4.120674531478736924e+01 2.355132944176033596e-02 9.996542293874806084e-01 -1.173376347073214199e-02 -4.596834819852259280e+00 -9.987151104991166539e-01 2.299911107083235304e-02 -4.516206390211487121e-02 1.107031054417212346e+02
-4.635902947581847788e-02 1.211410233703497791e-02 9.988518551103029441e-01 4.197237600155710879e+01 2.403803892701219386e-02 9.996509021295051367e-01 -1.100813785810833036e-02 -4.623907974223592454e+00 -9.986358029683469750e-01 2.350010927253217211e-02 -4.663394844173811976e-02 1.106714367146490616e+02
-4.766196636906458450e-02 1.185441872495835054e-02 9.987936473597103237e-01 4.273281692232309581e+01 2.397219419708338309e-02 9.996556081575322938e-01 -1.072071395385620039e-02 -4.652078257716541820e+00 -9.985760499905214083e-01 2.343230114814771545e-02 -4.792963110838152629e-02 1.106376498111716131e+02
-4.878914177464169916e-02 1.081598377338713508e-02 9.987510074720643560e-01 4.347885269309377065e+01 2.234584352028238033e-02 9.997033747083434729e-01 -9.734706447901544935e-03 -4.676658943845350080e+00 -9.985593339725684636e-01 2.184298291632628952e-02 -4.901626275899839680e-02 1.106070134592323200e+02
-4.986717964805962439e-02 9.796064473568136255e-03 9.987082870153007885e-01 4.421336282356577385e+01 2.124547276756058936e-02 9.997365098225607927e-01 -8.745335124964292300e-03 -4.700703155740475481e+00 -9.985300978799490634e-01 2.078192231515243321e-02 -5.006206199770631832e-02 1.105760251893738797e+02
-5.048888894121610765e-02 9.734390882595101921e-03 9.986776545551888651e-01 4.492608380663867962e+01 2.138990764926479785e-02 9.997341493914655430e-01 -8.663313208077203648e-03 -4.726887839465897301e+00 -9.984957760351261813e-01 2.092421924683265932e-02 -5.068357929796927369e-02 1.105435981827823753e+02
-5.100234540003075606e-02 1.223140645816444931e-02 9.986241022180429860e-01 4.562701419805757297e+01 2.233842208880973748e-02 9.996892804698680468e-01 -1.110357844305852153e-02 -4.754437844698436777e+00 -9.984489110384575650e-01 2.174137535029787779e-02 -5.125962284459969348e-02 1.105113653979815638e+02
-5.087811196971448596e-02 1.493671471680044043e-02 9.985936405198712063e-01 4.633670899648433306e+01 2.096624174109153194e-02 9.996842432246957344e-01 -1.388480952971725933e-02 -4.788255045699703949e+00 -9.984850071035304975e-01 2.023032109739366508e-02 -5.117511066004544473e-02 1.104781776821156143e+02
-5.100732335684143859e-02 1.659280351557427743e-02 9.985609040369211042e-01 4.703074415587531831e+01 1.981417747495843942e-02 9.996824593092955569e-01 -1.559932271042919864e-02 -4.810911735256950372e+00 -9.985019421171668075e-01 1.898998223597038459e-02 -5.131979689289675045e-02 1.104492452806269540e+02
-5.135392730726081462e-02 1.747032183602418090e-02 9.985281715657691182e-01 4.772691461097183208e+01 2.036436451246859819e-02 9.996578900802052248e-01 -1.644276249773312867e-02 -4.838601125814833814e+00 -9.984731107364600566e-01 1.948998997216014675e-02 -5.169202876628666704e-02 1.104155550337822120e+02
-5.122805124692117462e-02 1.739982959498933765e-02 9.985358685856017269e-01 4.841630833722616956e+01 2.165026463124891318e-02 9.996330727085686041e-01 -1.630822787044546029e-02 -4.863314940348811177e+00 -9.984525233840514380e-01 2.078312513851418228e-02 -5.158586467058007968e-02 1.103819629466042613e+02
-5.163436761270091824e-02 1.695998652720478311e-02 9.985225089871523352e-01 4.910586304703053884e+01 2.262389846113679534e-02 9.996195377492937961e-01 -1.580872600148789178e-02 -4.893064354601445842e+00 -9.984100073728823244e-01 2.177419611673902383e-02 -5.199832473564372504e-02 1.103489259013226871e+02
-5.188410014945273735e-02 1.728000922252285673e-02 9.985040768352652085e-01 4.979196932521581687e+01 1.883702667392522789e-02 9.996898255225215024e-01 -1.632172875315352281e-02 -4.914334068191964278e+00 -9.984756887099995870e-01 1.796200993006838095e-02 -5.219341200107370515e-02 1.103214050001978563e+02
-5.173339899262990177e-02 1.717815031509961968e-02 9.985136541130188448e-01 5.045742256223289957e+01 1.663961413329588870e-02 9.997285740646041363e-01 -1.633695267372145543e-02 -4.939968741579450651e+00 -9.985225523378652435e-01 1.576971763370835916e-02 -5.200509280573631377e-02 1.102962432146002243e+02
-5.171671239396600367e-02 1.601520381889759079e-02 9.985338485918031637e-01 5.114431695097008657e+01 1.686278153362858606e-02 9.997433567510567443e-01 -1.516124091952204128e-02 -4.965249284421264342e+00 -9.985196731035056450e-01 1.605397029285765900e-02 -5.197339893089669011e-02 1.102619410989786246e+02
-5.283269026998058809e-02 1.540012077202473385e-02 9.984851002149581767e-01 5.181942831777026015e+01 1.727133371863600469e-02 9.997461153376718812e-01 -1.450570128945060516e-02 -4.994297752707002935e+00 -9.984542705440619947e-01 1.647879540909353083e-02 -5.308515668714254565e-02 1.102293806498684177e+02
-5.641730045278352257e-02 1.481535820037253003e-02 9.982978247605243105e-01 5.248110701438702108e+01 1.301906918340918484e-02 9.998163116656662019e-01 -1.410214418299687508e-02 -5.018052520128850169e+00 -9.983226582035902297e-01 1.220130681060800984e-02 -5.659971374157158480e-02 1.101983031925848735e+02
-6.143530255942806356e-02 1.530504848158105793e-02 9.979941949907635834e-01 5.316608066241992958e+01 1.222567410421027297e-02 9.998194675107541229e-01 -1.458044683330481789e-02 -5.040690707998010112e+00 -9.980364602315878741e-01 1.130540177282045311e-02 -6.161121732624567915e-02 1.101645245818839385e+02
-6.734988126747790127e-02 1.845369848800363158e-02 9.975592273212205985e-01 5.382650738649019928e+01 1.367256194365981323e-02 9.997526444242823551e-01 -1.757118171549974447e-02 -5.073977382270939529e+00 -9.976360080693237320e-01 1.245577827542182145e-02 -6.758541400969474144e-02 1.101155267309572139e+02
-7.411471890909754334e-02 2.117223385341604133e-02 9.970254319974143353e-01 5.449589861465106821e+01 1.390407846991425535e-02 9.996998861663178859e-01 -2.019546366800597029e-02 -5.092135098042165353e+00 -9.971530702323933015e-01 1.236594854331807963e-02 -7.438673270051171516e-02 1.100626301881248565e+02
-8.106099442417329104e-02 2.235953099356635318e-02 9.964587983136888871e-01 5.515852538594885601e+01 1.309735071472999113e-02 9.996864387125040663e-01 -2.136650789830978406e-02 -5.121052651290749047e+00 -9.966233693325436960e-01 1.131898951155979952e-02 -8.132829996070516099e-02 1.100064522245046987e+02
-8.736695299384715507e-02 2.198862757283256975e-02 9.959339829869423566e-01 5.584550192547150260e+01 1.171015365683264822e-02 9.997104816580439923e-01 -2.104475666994831684e-02 -5.147271900589318605e+00 -9.961076545728647647e-01 9.823929687369456834e-03 -8.759901228030679554e-02 1.099535700926142141e+02
-9.278890531929535890e-02 2.116112992042124691e-02 9.954614096805487478e-01 5.652614388805095302e+01 1.127898171211198612e-02 9.997328578990618553e-01 -2.020060188328759790e-02 -5.180490328102252739e+00 -9.956222066103874724e-01 9.353403138567036035e-03 -9.300265181568068140e-02 1.098893469190326897e+02
-9.737840669876350608e-02 2.144443867462391198e-02 9.950168714574972872e-01 5.720181077185606711e+01 9.055729159869426934e-03 9.997460803645003002e-01 -2.066012076171446638e-02 -5.211930694781819362e+00 -9.952065215675985899e-01 6.998759068440179101e-03 -9.754773076085045125e-02 1.098284201959808257e+02
-1.014183205805872234e-01 2.088055163983142462e-02 9.946252160976331025e-01 5.789951728512248508e+01 6.587085995532322713e-03 9.997724292905737498e-01 -2.031695716590605633e-02 -5.235448657114145199e+00 -9.948223576767424303e-01 4.491177748502493336e-03 -1.015326335487788251e-01 1.097616757463828776e+02
-1.040729081038365977e-01 1.833241564597459794e-02 9.944012011521439209e-01 5.859008152152882332e+01 6.396060672320932720e-03 9.998223113344875124e-01 -1.776296195566592906e-02 -5.254827474868260850e+00 -9.945494024859155013e-01 4.511614743023656220e-03 -1.041715223216224950e-01 1.096910864567000345e+02
-1.059897625559515638e-01 1.540244406981503521e-02 9.942484256204614512e-01 5.931110140310412504e+01 7.763784560242849644e-03 9.998629170579742542e-01 -1.466178890933727413e-02 -5.275558932458384476e+00 -9.943372153733803787e-01 6.165137042222949317e-03 -1.060946665759400220e-01 1.096178063246427001e+02
-1.074773380260398148e-01 1.328915906630986389e-02 9.941192167075552089e-01 6.002129259434909869e+01 9.659106498006036351e-03 9.998779804639258417e-01 -1.232187396732820940e-02 -5.302225711351833404e+00 -9.941609190946162355e-01 8.277985646870256869e-03 -1.075924366884718208e-01 1.095402792609297080e+02
-1.087958196982988096e-01 1.274947379004480463e-02 9.939828558412934223e-01 6.075608111168197212e+01 7.445959335683951380e-03 9.999007026150167343e-01 -1.201039630338285313e-02 -5.320275227248854932e+00 -9.940365391625404223e-01 6.094480765377488160e-03 -1.088798000641969105e-01 1.094647651736583498e+02
-1.093776718217735616e-01 1.570816292073285228e-02 9.938766405542939220e-01 6.147743400761705601e+01 8.179186349135602122e-03 9.998560534459074445e-01 -1.490254429063216784e-02 -5.351616506276712926e+00 -9.939669230166774394e-01 6.499102416502511824e-03 -1.094902597573712832e-01 1.093859273465584323e+02
-1.098546452583213789e-01 1.963961992584756927e-02 9.937541156130367259e-01 6.220181184767116633e+01 1.332025180369846018e-02 9.997446307735761151e-01 -1.828553126072839791e-02 -5.371634772864200436e+00 -9.938587166882514312e-01 1.122830721595649214e-02 -1.100880464720534607e-01 1.093029955486205296e+02
-1.104267174630260417e-01 2.353649497989418818e-02 9.936060458077505819e-01 6.294774452103529683e+01 1.800709287482971099e-02 9.996034001597347007e-01 -2.167730922781644157e-02 -5.409185317714031882e+00 -9.937214436719140620e-01 1.549820275902915809e-02 -1.108065948234934900e-01 1.092115911854863128e+02
-1.112990741434814052e-01 2.471941324907622750e-02 9.934799784385794919e-01 6.368416583592252778e+01 1.819944715608322328e-02 9.995742088391301738e-01 -2.283218208537205959e-02 -5.429362204623459753e+00 -9.936206156931267630e-01 1.553958625084951584e-02 -1.117014113462992952e-01 1.091301288244648333e+02
-1.115627588149406130e-01 2.306450300295746769e-02 9.934902034977118879e-01 6.443818926323285723e+01 1.714390314038639895e-02 9.996270839812626541e-01 -2.128182966708687743e-02 -5.457470781474422772e+00 -9.936098207135002358e-01 1.465804074613667046e-02 -1.119164137358212296e-01 1.090525832692171520e+02
-1.109834631420283657e-01 1.979313113935344398e-02 9.936256382766867068e-01 6.518099923484315639e+01 2.102804435623681356e-02 9.996251696078346516e-01 -1.756391291088107987e-02 -5.480898299231768966e+00 -9.936000912183279299e-01 1.894469782596585467e-02 -1.113579205315083365e-01 1.089705773057825553e+02
-1.110693245573872168e-01 1.778828975093347045e-02 9.936539587452842825e-01 6.591952408540356600e+01 2.368627324522918839e-02 9.996037459766922151e-01 -1.524718856475021540e-02 -5.517397341742053207e+00 -9.935306879594477669e-01 2.184245999617722908e-02 -1.114465013617484540e-01 1.088862471295560113e+02
-1.121197057735788677e-01 1.781733486690487839e-02 9.935354677626910824e-01 6.666868712907894690e+01 2.571006785338498732e-02 9.995571225984786201e-01 -1.502396562702355137e-02 -5.544634527552386061e+00 -9.933623867472454183e-01 2.385937756717140118e-02 -1.125279861207107435e-01 1.088040295652510139e+02
-1.138824991084911448e-01 1.806001147912886934e-02 9.933305713502798007e-01 6.739960425852157755e+01 2.263782783035428806e-02 9.996229288959533887e-01 -1.557905642552539355e-02 -5.570999410472454727e+00 -9.932366196541153602e-01 2.071266255664269348e-02 -1.142482462383291875e-01 1.087245980956062965e+02
-1.160081791126620354e-01 1.888960764862484057e-02 9.930691300717215952e-01 6.815244294164850203e+01 2.155284087590145572e-02 9.996321959301200932e-01 -1.649669358204017278e-02 -5.601540530794063777e+00 -9.930147377147197085e-01 1.948970856456129497e-02 -1.163724851303989394e-01 1.086409042104177729e+02
-1.181784643861544942e-01 1.911517756118773226e-02 9.928088825105940707e-01 6.888095302063562997e+01 2.217808737336185096e-02 9.996167054772092664e-01 -1.660630036476440016e-02 -5.627964136619061364e+00 -9.927450226174970860e-01 2.005609551524946063e-02 -1.185569528751586749e-01 1.085546817105215069e+02
-1.201566754271102822e-01 1.918461009334686621e-02 9.925700705651062661e-01 6.962911738719770938e+01 2.246250598703987064e-02 9.996104357817884312e-01 -1.660146643756130191e-02 -5.657056373043314323e+00 -9.925011390795395183e-01 2.030083577849224608e-02 -1.205406480637101485e-01 1.084680988522863174e+02
-1.221180470351188874e-01 1.885538013038049951e-02 9.923369783015141277e-01 7.037179550481577905e+01 2.130025986206500813e-02 9.996396531588879197e-01 -1.637290591547506738e-02 -5.684427951540758528e+00 -9.922873561603031689e-01 1.913761043992879413e-02 -1.224755110611571163e-01 1.083790101183878107e+02
-1.237238646504225520e-01 1.946488434072323609e-02 9.921262748285101241e-01 7.111085127365335268e+01 2.025451115905278765e-02 9.996494489523451987e-01 -1.708663033696428482e-02 -5.708724295972936957e+00 -9.921103188991313715e-01 1.798101175794833764e-02 -1.240745898337401038e-01 1.082912029566373917e+02
-1.248456280011294994e-01 2.038124873832847933e-02 9.919673365099904716e-01 7.187109959466357623e+01 1.856979653630403543e-02 9.996624800023495849e-01 -1.820222410702976648e-02 -5.745437080085794790e+00 -9.920027560063400252e-01 1.614816775610099578e-02 -1.251818134364513224e-01 1.081995252446577069e+02
-1.258545039353076156e-01 2.096206967301136176e-02 9.918277376338894280e-01 7.261871696607714455e+01 1.849888987236101082e-02 9.996531090185097890e-01 -1.878010215723182469e-02 -5.768593791107837987e+00 -9.918765950449206503e-01 1.598415475144700226e-02 -1.261984655343266759e-01 1.081101693373966839e+02
-1.270532610961539188e-01 2.092645639254952714e-02 9.916756430496087571e-01 7.338798249333758861e+01 1.755663997904334181e-02 9.996688678218473845e-01 -1.884577346120506688e-02 -5.801079779744210185e+00 -9.917408841799075780e-01 1.501607991598892522e-02 -1.273784312725754764e-01 1.080142793627803002e+02
-1.280626894197160748e-01 1.974135956829779423e-02 9.915700961939484248e-01 7.414372646109771381e+01 1.849315254825664723e-02 9.996761967011313921e-01 -1.751432418710736211e-02 -5.828360540666810863e+00 -9.915940201244105578e-01 1.609432951959692895e-02 -1.283861457921232352e-01 1.079176862771411862e+02
-1.290945806919641670e-01 1.802241040347277515e-02 9.914690189077880467e-01 7.492960787777877840e+01 1.701623239213217315e-02 9.997285017284146535e-01 -1.595693771462999497e-02 -5.858579928223327293e+00 -9.914866568336815345e-01 1.481111735342016157e-02 -1.293660444078676419e-01 1.078247517845649668e+02
-1.307787101058434098e-01 1.627418324375335540e-02 9.912785248323227050e-01 7.570799116704840515e+01 1.460588366391635598e-02 9.997890046257397190e-01 -1.448695392925660255e-02 -5.880581180095864724e+00 -9.913043706420787693e-01 1.258391938191925560e-02 -1.309886520880117200e-01 1.077282411241629774e+02
-1.328946796463163771e-01 1.541014948420446791e-02 9.910108820448370048e-01 7.648270978252054419e+01 1.365342981410190733e-02 9.998133384471603602e-01 -1.371609731832007864e-02 -5.904372794778221412e+00 -9.910365033595894824e-01 1.170790687173630697e-02 -1.330801106326656713e-01 1.076227457733114221e+02
-1.347786022012070761e-01 1.571650385379034370e-02 9.907516126695120606e-01 7.728349279468956468e+01 1.510115737114336651e-02 9.997912897523510978e-01 -1.380558742551098173e-02 -5.935169410003327428e+00 -9.907610454385160637e-01 1.310080332232856082e-02 -1.349876430649327164e-01 1.075194949353713980e+02
-1.369901430273011145e-01 1.727879580593715686e-02 9.904222244943569065e-01 7.806680232517274476e+01 1.639650503925105599e-02 9.997510593153051683e-01 -1.517366177007734712e-02 -5.956091657115919702e+00 -9.904370877723648325e-01 1.416082530001592545e-02 -1.372391826900043466e-01 1.074153558740680978e+02
-1.382674957021436113e-01 2.023678522728119406e-02 9.901886747034647218e-01 7.886908703155222611e+01 1.473969532835985377e-02 9.997231772705404973e-01 -1.837342712810331735e-02 -5.990881765102263223e+00 -9.902856236102511867e-01 1.205463766415642256e-02 -1.385273351652533125e-01 1.073014811611076738e+02
-1.393907747272640774e-01 2.375402847833091649e-02 9.899530295930536461e-01 7.967121610584365499e+01 1.598673306646920464e-02 9.996365717509515525e-01 -2.173536410077396216e-02 -6.018279062864361428e+00 -9.901087887353940964e-01 1.279641142044478895e-02 -1.397196938859471271e-01 1.071932151528048820e+02
-1.397727975071577644e-01 2.745215596325154342e-02 9.898035103293516546e-01 8.048562085929812326e+01 1.790111923078940501e-02 9.995229408656334247e-01 -2.519385527599535962e-02 -6.059927398105382501e+00 -9.900221734493954706e-01 1.419717992273717561e-02 -1.401973653260319419e-01 1.070750771226805114e+02
-1.397426499643944775e-01 2.860056778375981781e-02 9.897752493467329993e-01 8.130444743346559733e+01 2.002301058271311121e-02 9.994606488361840180e-01 -2.605345974200558995e-02 -6.089627138217450053e+00 -9.899857888642317194e-01 1.617750444761936052e-02 -1.402397726554007185e-01 1.069620719629730985e+02
-1.395691042062797149e-01 2.795303493823253146e-02 9.898182360488796405e-01 8.212243693650509613e+01 2.144971459624331681e-02 9.994529174728549181e-01 -2.520060761410622754e-02 -6.128365719309289084e+00 -9.899803869523885469e-01 1.771409524506877692e-02 -1.400921569872252692e-01 1.068461518722467076e+02
-1.392298746951485811e-01 2.658675196704388469e-02 9.899036490831846224e-01 8.295159272663609329e+01 2.364446469374435061e-02 9.994444302987851581e-01 -2.351740093869707920e-02 -6.158585363340442598e+00 -9.899781690669139378e-01 2.013141823200410158e-02 -1.397809773035281755e-01 1.067294175841813910e+02
-1.383754763025584478e-01 2.518244864204779998e-02 9.900601605990786425e-01 8.378245289421414554e+01 2.315610756222315214e-02 9.994863157729728664e-01 -2.218579453980427593e-02 -6.194209248961908720e+00 -9.901095026651013375e-01 1.985597108464402794e-02 -1.388873435527976097e-01 1.066155604791995017e+02
-1.367550032839585095e-01 2.287090488755901679e-02 9.903413767015744051e-01 8.462203045160937620e+01 2.293652298071347656e-02 9.995391838534701812e-01 -1.991603821005229549e-02 -6.226841888189913909e+00 -9.903397350285073619e-01 1.999137157600843623e-02 -1.372163864323425742e-01 1.065051257954867765e+02
-1.350686182391109547e-01 2.061927251503243089e-02 9.906222122429838572e-01 8.546296380807999071e+01 2.429602294363035486e-02 9.995524163478265445e-01 -1.749244874511297551e-02 -6.255925908924296230e+00 -9.905387312342136541e-01 2.170549986511994406e-02 -1.355089552990648982e-01 1.063913017418409197e+02
-1.333353714049728689e-01 1.698858126014520312e-02 9.909258926708752746e-01 8.631663446686432906e+01 2.506575357242583901e-02 9.995917015058843891e-01 -1.376438740024656972e-02 -6.284410257924590404e+00 -9.907543556168639798e-01 2.300302488709447465e-02 -1.337065889444630229e-01 1.062788061833983022e+02
-1.317162712650970513e-01 1.707528869939181973e-02 9.911409167981962698e-01 8.716929822755272994e+01 2.344374837055702987e-02 9.996262982244336071e-01 -1.410594522123021118e-02 -6.319046608086061667e+00 -9.910106069019276598e-01 2.137807705233564851e-02 -1.320671861106143263e-01 1.061704460269611303e+02
-1.302017310456891619e-01 2.059652821854350904e-02 9.912741113173991758e-01 8.800927502607814290e+01 2.387916237356755428e-02 9.995600173143879275e-01 -1.763220982703880488e-02 -6.354337979173946493e+00 -9.912003353424739815e-01 2.137505181757037159e-02 -1.306361005189345392e-01 1.060618200493139653e+02
-1.287364443640262035e-01 2.632280692190991714e-02 9.913299709797521730e-01 8.885829524549771463e+01 2.368232717886042948e-02 9.994448374377782329e-01 -2.346283379799160573e-02 -6.394926848365979133e+00 -9.913964320389671014e-01 2.045648063379980688e-02 -1.292881898752241687e-01 1.059579716088604897e+02
-1.271381647328698739e-01 2.906746407426301360e-02 9.914595521038700454e-01 8.971148103910067562e+01 1.977961971433285157e-02 9.994467172224595908e-01 -2.676521860301881925e-02 -6.435869085598842076e+00 -9.916881938506464378e-01 1.620781714430875181e-02 -1.276425965171772703e-01 1.058527754707815802e+02
-1.254715470240946040e-01 2.783777425702481031e-02 9.917071275266963193e-01 9.057573669126915661e+01 1.978212338775064971e-02 9.994783966818977516e-01 -2.555306346134346082e-02 -6.459946323170173699e+00 -9.919003881728004623e-01 1.641189472110141795e-02 -1.259566260318516207e-01 1.057507573146395572e+02
-1.244189770954714919e-01 2.545287987236437982e-02 9.919037995029421628e-01 9.142648416091731178e+01 2.102418797742568873e-02 9.995148000774694008e-01 -2.301101850621093195e-02 -6.501446274727830321e+00 -9.920074215185749056e-01 1.799096771631583658e-02 -1.248935718095848940e-01 1.056479145419147443e+02
-1.237195636152103595e-01 2.413217700398686411e-02 9.920242880202092550e-01 9.230038344486506219e+01 2.170241805986043368e-02 9.995316168230545806e-01 -2.160819558487454134e-02 -6.536975384529417177e+00 -9.920802881220881497e-01 1.885597141948692004e-02 -1.241851802042137631e-01 1.055408264692832461e+02
-1.231201235161553664e-01 2.329458921496500856e-02 9.921188831317184764e-01 9.316581503101990336e+01 1.972334510939685245e-02 9.995851246929773337e-01 -2.102225763605631431e-02 -6.578547688821006822e+00 -9.921961767041759250e-01 1.697964359097766524e-02 -1.235283283218189809e-01 1.054400778947999129e+02
-1.225713476147249348e-01 2.317190740123778805e-02 9.921897048648388173e-01 9.402215213390736892e+01 1.980359428541263872e-02 9.995861412997564255e-01 -2.089818101293423533e-02 -6.618202025775810959e+00 -9.922625223045987708e-01 1.708740651115032635e-02 -1.229793461513679215e-01 1.053384600348219067e+02
-1.218148423571106392e-01 2.159460026320840151e-02 9.923184473098849434e-01 9.488784399364617173e+01 2.133542219481535454e-02 9.995899575503298662e-01 -1.913374685630726130e-02 -6.644711281047653628e+00 -9.923239325261488109e-01 1.884075964788762408e-02 -1.222254639998615472e-01 1.052314830838614341e+02
-1.207986110139309122e-01 2.118538356564700006e-02 9.924514894093122708e-01 9.574333329773945422e+01 2.482240520378648299e-02 9.995247861768360442e-01 -1.831505024585346197e-02 -6.680869448884848794e+00 -9.923670661733305920e-01 2.242259870077294506e-02 -1.212669184111483806e-01 1.051281759270009530e+02
-1.201553739569287266e-01 2.189066261617644490e-02 9.925142665178161572e-01 9.661354832379987556e+01 2.361003020653430068e-02 9.995378034587224514e-01 -1.918729776729659678e-02 -6.720748662951089081e+00 -9.924747438507566244e-01 2.112783428891753038e-02 -1.206165204153039211e-01 1.050263796787964452e+02
-1.195155321565437717e-01 2.434278518826205398e-02 9.925344098461723608e-01 9.745889410657666474e+01 2.574529410881070193e-02 9.994399044156562217e-01 -2.141203561345993156e-02 -6.756392601480309068e+00 -9.924989121283938065e-01 2.299401753976306265e-02 -1.200751415680035156e-01 1.049234551166502172e+02
-1.188785097192709417e-01 2.478411085869636904e-02 9.925999880171029188e-01 9.831997136094405221e+01 1.966927313347232101e-02 9.995517485485125864e-01 -2.260199611887584933e-02 -6.798010364047425647e+00 -9.927144117188303474e-01 1.683683121249517078e-02 -1.193125450049904862e-01 1.048305238404106490e+02
-1.184075023631972617e-01 2.201652098937130139e-02 9.927215250477857689e-01 9.917630208944963499e+01 1.780620092940471758e-02 9.996412002802650409e-01 -2.004613172819505462e-02 -6.825780788338995819e+00 -9.928058694181136623e-01 1.530298966504280329e-02 -1.187568825200004397e-01 1.047422062844362358e+02
-1.187326633342262877e-01 1.963362682408084300e-02 9.927326758053687250e-01 1.000144223954341101e+02 1.333910223273068567e-02 9.997465205960617274e-01 -1.817695346116823471e-02 -6.866545887739804677e+00 -9.928371044908264054e-01 1.108397050283892876e-02 -1.189642955810149838e-01 1.046502081013804144e+02
-1.199643256987393825e-01 2.051462715303245879e-02 9.925667740484438450e-01 1.008661150926946988e+02 9.607808148906530135e-03 9.997643735585121094e-01 -1.950215504797582836e-02 -6.898118229934320667e+00 -9.927321652140466135e-01 7.196837078169005322e-03 -1.201329921129015293e-01 1.045571762304344929e+02
-1.213723834452639372e-01 2.430463995235857683e-02 9.923099915876556487e-01 1.016920667641674214e+02 4.625024775216771133e-03 9.997039030313835672e-01 -2.392002995933455514e-02 -6.943961182116002107e+00 -9.925967262172364913e-01 1.686240422883610382e-03 -1.214486871746265767e-01 1.044644912502678693e+02
-1.222575174705867462e-01 2.669785002906292087e-02 9.921398163731187658e-01 1.025302943450664657e+02 3.637358846810578080e-03 9.996442075952591821e-01 -2.645156225457197599e-02 -6.980760044627834837e+00 -9.924922070457553591e-01 3.748804814185784659e-04 -1.223109587450602054e-01 1.043700801466053747e+02
-1.226698091125287549e-01 2.736567510199710423e-02 9.920707277087247311e-01 1.033577168841627980e+02 4.743820493510494778e-03 9.996252465577318835e-01 -2.698747853868299629e-02 -7.024915299169590455e+00 -9.924366630437650993e-01 1.395670201994097560e-03 -1.227534857589600570e-01 1.042706650881841171e+02
-1.232412019777935214e-01 2.689218671363589885e-02 9.920128566566228656e-01 1.041756824852731143e+02 5.957072095501102574e-03 9.996355320451079107e-01 -2.635875044987012403e-02 -7.062735115738518310e+00 -9.923593305835675116e-01 2.661020766024305238e-03 -1.233563135431326868e-01 1.041722685955221550e+02
-1.237098967483079570e-01 2.797336108143706063e-02 9.919246160721361116e-01 1.050034395636559736e+02 7.662049212154373699e-03 9.996004519906130925e-01 -2.723423034298448966e-02 -7.105119129842591974e+00 -9.922893139746973290e-01 4.231043085466694789e-03 -1.238746311464622857e-01 1.040725082924854519e+02
-1.244595940481083435e-01 3.005576924830720420e-02 9.917699091284870594e-01 1.058090614666454883e+02 7.876376585421032001e-03 9.995402865634401834e-01 -2.930281709200418042e-02 -7.152251173613771940e+00 -9.921938836482598889e-01 4.164548693160366466e-03 -1.246389361126323814e-01 1.039735109968476223e+02
-1.250610977408805613e-01 3.164721514930382562e-02 9.916447292378116618e-01 1.066215429136391322e+02 7.951730252541814453e-03 9.994917514973938877e-01 -3.089480363454989373e-02 -7.192329267017464112e+00 -9.921176469139229015e-01 4.021565758081740993e-03 -1.252490110503425846e-01 1.038773177604059441e+02
-1.263425870546331375e-01 3.173205575883387974e-02 9.914795618488667639e-01 1.074231558017725519e+02 5.397820948545325841e-03 9.994961775205195575e-01 -3.130078130063861097e-02 -7.236104452081477234e+00 -9.919724550827089260e-01 1.397222011705113922e-03 -1.264500395884460560e-01 1.037785892494658668e+02
-1.285547930306100428e-01 3.087918054800518897e-02 9.912220952369388272e-01 1.082190503357824127e+02 3.895231023271696937e-03 9.995238688002350269e-01 -3.063260817827079610e-02 -7.275583405514994162e+00 -9.916952327349404239e-01 -7.691458128181208841e-05 -1.286136818039425311e-01 1.036830691829198514e+02
-1.314780839449607164e-01 3.235977804305262273e-02 9.907913302068693806e-01 1.090160744356369378e+02 3.937106232634205415e-03 9.994769812145029020e-01 -3.212099246001554748e-02 -7.324198416843031190e+00 -9.913117348799534989e-01 -3.223401629025045897e-04 -1.315365362187367881e-01 1.035830599186773355e+02
-1.349722534061071622e-01 3.437386347095699318e-02 9.902535183867902102e-01 1.097933037986275053e+02 3.133305744670111023e-03 9.994086348479197524e-01 -3.426457556595229048e-02 -7.369999627280476417e+00 -9.908449021973084747e-01 -1.521982980726724072e-03 -1.349999516072075967e-01 1.034823599532887926e+02
-1.380156643370910319e-01 3.571811184270373002e-02 9.897863393574950486e-01 1.105810406712900402e+02 1.989601840857429388e-03 9.993582432742849075e-01 -3.578608803534934907e-02 -7.418701682018337351e+00 -9.904285283896973047e-01 -2.969741050630533754e-03 -1.379979676180054793e-01 1.033772913970472160e+02
-1.414047228443728044e-01 3.580943702989379529e-02 9.893045505181302657e-01 1.113530182225327820e+02 2.654580012113686924e-03 9.993564237430406783e-01 -3.579384058994136003e-02 -7.459857451892948355e+00 -9.899487945495215602e-01 -2.435211704790916226e-03 -1.414085870784879961e-01 1.032722084133889240e+02
-1.441560454143861192e-01 3.512121611987554376e-02 9.889320714906139065e-01 1.121314099603049073e+02 3.885674310137624335e-03 9.993831068437715182e-01 -3.492595212262702975e-02 -7.504419242465275808e+00 -9.895478256863501354e-01 -1.192101327834886072e-03 -1.442033970978484625e-01 1.031606461587213772e+02
-1.469783343548591026e-01 3.582618199734673853e-02 9.884912549877507004e-01 1.128968926970806024e+02 4.677758175616531476e-03 9.993586214682446123e-01 -3.552450423082988140e-02 -7.550889544448230239e+00 -9.891291435964603140e-01 -5.973919292986896090e-04 -1.470514601442146352e-01 1.030456848979908244e+02
-1.489045160238496313e-01 3.973706470031562743e-02 9.880533990708333381e-01 1.136689341911203144e+02 1.014486516396963809e-03 9.991986331387714415e-01 -4.003239717761306743e-02 -7.596713812714056324e+00 -9.888515528717128911e-01 -4.958616754342346292e-03 -1.488253105581486824e-01 1.029411703406590561e+02
-1.507534305661953344e-01 4.545927059087874478e-02 9.875261869296947381e-01 1.144283968216610248e+02 -5.609024671199279747e-04 9.989388128724671079e-01 -4.607024670045480746e-02 -7.646425371843806218e+00 -9.885717307168093715e-01 -7.499130526167102628e-03 -1.505677627815249775e-01 1.028369028003382795e+02
-1.534096425971104849e-01 4.849175463475200593e-02 9.869727166838815346e-01 1.151771819030340964e+02 2.099239490879515994e-03 9.988097212063311581e-01 -4.874702067733957533e-02 -7.695488680606043630e+00 -9.881609470006292861e-01 -5.406349132895974137e-03 -1.533286433054892040e-01 1.027165795693382506e+02
-1.562909744119755362e-01 4.643176694536360616e-02 9.866196528168525992e-01 1.159439431564401985e+02 3.831031637610799161e-03 9.989162002483193969e-01 -4.640357162172026317e-02 -7.748265074935686947e+00 -9.877041245466704478e-01 -3.472668813409360636e-03 -1.562992716204264776e-01 1.025973362517024441e+02
-1.593960426718761259e-01 4.146176935844765599e-02 9.863442353842679644e-01 1.167003709116138594e+02 3.409002895592976468e-03 9.991356020611860123e-01 -4.144854679732620784e-02 -7.792750494492162616e+00 -9.872093323723848401e-01 -3.244265553362711205e-03 -1.593994014121676850e-01 1.024756335176255391e+02
-1.614436363259325047e-01 3.902826866584622328e-02 9.861104790187505964e-01 1.174652226423835373e+02 2.876666377280123754e-03 9.992328547156460461e-01 -3.907665155112031996e-02 -7.843567172167893453e+00 -9.868782416532164703e-01 -3.471947826990828649e-03 -1.614318512252225779e-01 1.023581502369337954e+02
-1.635807830709813671e-01 4.048409288609217810e-02 9.856994969850628729e-01 1.182042472511961648e+02 1.370117155855581385e-03 9.991667752200240615e-01 -4.080982452314407816e-02 -7.894369767667619442e+00 -9.865294929704859772e-01 -5.325160602179216870e-03 -1.634997465024949637e-01 1.022370068653991950e+02
-1.662235699059356753e-01 4.324740579820058467e-02 9.851398488210669768e-01 1.189556327905121975e+02 -1.469999583649349816e-03 9.990266011866542062e-01 -4.410505308151520948e-02 -7.941933161203479585e+00 -9.860874986021633815e-01 -8.779432961884096887e-03 -1.659979881475917296e-01 1.021180931896378610e+02
-1.686276169516766066e-01 4.636376341862254863e-02 9.845893893350657899e-01 1.196963086365350222e+02 -1.117573535036149677e-03 9.988842818924166256e-01 -4.722829325671824147e-02 -7.984428341964294518e+00 -9.856796995339552891e-01 -9.064323148324211418e-03 -1.683874518712696611e-01 1.019948964792245221e+02
-1.706851504121630891e-01 4.998468616238719436e-02 9.840575438000381814e-01 1.204246652912879085e+02 1.981939396535369914e-03 9.987286380409122755e-01 -5.038611533052981400e-02 -8.040177183566806107e+00 -9.853241372398083842e-01 -6.649798601432879361e-03 -1.705669994475678408e-01 1.018674413532851872e+02
-1.728538919162390941e-01 5.387534886550507385e-02 9.834734975834211745e-01 1.211632910432968657e+02 2.681418508725416476e-03 9.985257383244745544e-01 -5.422862557590976684e-02 -8.096568151080674625e+00 -9.849443369783765778e-01 -6.736503338565132115e-03 -1.727433050343712417e-01 1.017434030440105062e+02
-1.755575141033471342e-01 5.591493447788096344e-02 9.828805730837246735e-01 1.218926283186186339e+02 1.835100015547479419e-03 9.984033913255244697e-01 -5.647021977011278809e-02 -8.151650517449740008e+00 -9.844679772763595960e-01 -8.110064366979570158e-03 -1.753796074360201573e-01 1.016163064357690757e+02
-1.782284652300453465e-01 5.435853705289488830e-02 9.824871044727659930e-01 1.226228991672977884e+02 3.507561136145035969e-03 9.985024879574799783e-01 -5.460832449182115300e-02 -8.199052019739140107e+00 -9.839833934305555196e-01 -6.286603418561934227e-03 -1.781520096776343098e-01 1.014898101413509011e+02
-1.821142419814575086e-01 5.187876185984482968e-02 9.819084211208656265e-01 1.233628701635987710e+02 7.558414964852258264e-03 9.986523198893038078e-01 -5.136154978746840238e-02 -8.262256607645500850e+00 -9.832488401039096715e-01 -1.931982065268591370e-03 -1.822607062718548387e-01 1.013478327566383399e+02
-1.874141183608543371e-01 4.993493090693553599e-02 9.810115214921959481e-01 1.240929324195682995e+02 8.235708576148975321e-03 9.987526084537439175e-01 -4.926459965956095366e-02 -8.322430163833020700e+00 -9.822469832973304005e-01 -1.153542676489576835e-03 -1.875913564859612859e-01 1.012055700766407682e+02
-1.939775766242734234e-01 4.921440521063396439e-02 9.797713017100744270e-01 1.248118857685199998e+02 8.898760232380596019e-03 9.987888159739256588e-01 -4.840784830144881368e-02 -8.372756966043402471e+00 -9.809661229231737556e-01 -6.712773482988249659e-04 -1.941803400951409853e-01 1.010665845868292507e+02
-2.023196894147007152e-01 4.903972708423739307e-02 9.780915168338626398e-01 1.255208230885069440e+02 8.496547196895059412e-03 9.987965603393594849e-01 -4.832029456592377287e-02 -8.423588245566159927e+00 -9.792832000883545662e-01 -1.465736771339598132e-03 -2.024926298091454802e-01 1.009237536241959674e+02
-2.126384566746957472e-01 4.960718757208703450e-02 9.758714986278177461e-01 1.262412793178499442e+02 8.580267665200506585e-03 9.987675599846839170e-01 -4.890145105657903168e-02 -8.472289307380219014e+00 -9.770938049165951433e-01 -2.025079848593444587e-03 -2.128017796766204506e-01 1.007675694537322073e+02
-2.244741206922066246e-01 5.043147364210427003e-02 9.731748075717281399e-01 1.269458249661603730e+02 8.363272939066499628e-03 9.987236871178976072e-01 -4.982634671016734212e-02 -8.530421533885172991e+00 -9.744446974031312214e-01 -3.045787205160777576e-03 -2.246091292417402574e-01 1.006003354924763045e+02
-2.366943457475182422e-01 5.097483874150538635e-02 9.702466301750053423e-01 1.276477062575306292e+02 8.848435123851644199e-03 9.986952171311881399e-01 -5.031084677547386502e-02 -8.576397039940829359e+00 -9.715444090935617671e-01 -3.323116300558669189e-03 -2.368362851527228141e-01 1.004270218488260014e+02
-2.483590216366675374e-01 5.130390353883414883e-02 9.673090904924622757e-01 1.283529337122437539e+02 1.177493346589894921e-02 9.986833830371513177e-01 -4.994465874309991088e-02 -8.627699613768566422e+00 -9.685970273791340013e-01 -1.014195563873366906e-03 -2.486358447285478002e-01 1.002409345910534029e+02
-2.594749392955565392e-01 5.137964372699018595e-02 9.643827343326499824e-01 1.290512211983541135e+02 1.494767479324035121e-02 9.986786390275728120e-01 -4.918501967645860090e-02 -8.679014518429688962e+00 -9.656347056565591780e-01 1.653008340193734592e-03 -2.598997932706701985e-01 1.000476538181514599e+02
-2.693865387064866002e-01 5.187797388033929535e-02 9.616344098411239161e-01 1.297439147255610692e+02 1.960509919968743062e-02 9.986372907724943015e-01 -4.838211530453350590e-02 -8.729771876257741425e+00 -9.628331115933703721e-01 5.819452993887273828e-03 -2.700362161700788910e-01 9.984393667098828473e+01
-2.783396896499645834e-01 5.219610474158133118e-02 9.590639985517515065e-01 1.304283012616254496e+02 2.500173916334391330e-02 9.985785006743428394e-01 -4.709060869938295341e-02 -8.777810565048739022e+00 -9.601578025862783639e-01 1.087108433011751973e-02 -2.792487176309935704e-01 9.963306408899320843e+01
-2.861558191158142250e-01 5.271618978752530549e-02 9.567324723463295211e-01 1.311187620617874074e+02 2.991297973178244987e-02 9.984910584095759711e-01 -4.607018427899833846e-02 -8.825330671451210307e+00 -9.577166330461863719e-01 1.543546496411708074e-02 -2.873006117106202129e-01 9.941903170517316823e+01
-2.924391540939683676e-01 5.269705355948135772e-02 9.548316792813706932e-01 1.318005630376216573e+02 3.206251514183481449e-02 9.984602687320435210e-01 -4.528499673289336502e-02 -8.879840583609061255e+00 -9.557470526927430710e-01 1.737119510970868211e-02 -2.936781580697685468e-01 9.920870729461888970e+01
-2.970523509365998738e-01 5.115015748131500339e-02 9.534908182863681692e-01 1.324869174063587138e+02 3.511991879146742629e-02 9.984746406886421122e-01 -4.262196318708296600e-02 -8.926052106795648200e+00 -9.542156922718032508e-01 2.082556037699902218e-02 -2.983953050350781067e-01 9.899185660158663325e+01
-2.992868518384395049e-01 4.967989266154523853e-02 9.528695966446091292e-01 1.331539855206332845e+02 4.259301389626152928e-02 9.983445851631120860e-01 -3.867275301072393978e-02 -8.964015892538581554e+00 -9.532126298088020588e-01 2.901132993111732450e-02 -3.009071007270301967e-01 9.876977017187007846e+01
-3.005189899114980023e-01 4.778163964411515086e-02 9.525788345855042971e-01 1.338296625028850144e+02 4.723046111604779079e-02 9.982653972702817402e-01 -3.517301929317721843e-02 -9.015177415382776616e+00 -9.526062799546285431e-01 3.442056353422626169e-02 -3.022541332207168696e-01 9.854566653341575488e+01
-3.010259356190418956e-01 4.909954068484324863e-02 9.523517244641214186e-01 1.345002654304287262e+02 5.386794693343832652e-02 9.979553714065393377e-01 -3.442369681157763511e-02 -9.044789215952905082e+00 -9.520938733593661274e-01 4.093878748664842721e-02 -3.030550123166423360e-01 9.832975373042641820e+01
-3.011567901643443790e-01 5.110254708759542908e-02 9.522049693722172137e-01 1.351537717374465331e+02 5.254888722528465450e-02 9.979358459251260749e-01 -3.693697921739703266e-02 -9.096373613591371310e+00 -9.521262111877347722e-01 3.891347205009480087e-02 -3.032202110865268585e-01 9.811801536325346262e+01
-3.004125809593322649e-01 5.364681356695052278e-02 9.523001034463987047e-01 1.358157541069736283e+02 5.063563438454385390e-02 9.979069392169603869e-01 -4.024247346526274582e-02 -9.132532331575223594e+00 -9.524649272478057371e-01 3.613095961025837577e-02 -3.024999134566938030e-01 9.791294305842356493e+01
-2.992060553360499364e-01 5.447670253823028857e-02 9.526327819872989489e-01 1.364645380049572907e+02 5.249321532399574275e-02 9.977975989269299850e-01 -4.057219762158657123e-02 -9.174663212045665261e+00 -9.527441059659738087e-01 3.786729255186620235e-02 -3.014064167464997057e-01 9.770631450971360721e+01
-2.973852543431954598e-01 5.296559975442415025e-02 9.532879195039583031e-01 1.371166414655593258e+02 5.365379778149094447e-02 9.978101885135456373e-01 -3.870156834077446983e-02 -9.212947204463906914e+00 -9.532494079518375463e-01 3.963822460106559975e-02 -2.995755095930593415e-01 9.750115577099965947e+01
-2.957603349756858235e-01 5.191381927475031965e-02 9.538511322610752075e-01 1.377575801518131300e+02 5.768210523700731396e-02 9.976715720947038069e-01 -3.641326355697943606e-02 -9.249148003023423215e+00 -9.535196663544045492e-01 4.425052197437925883e-02 -2.980658460272587740e-01 9.729673263481930690e+01
-2.938982174316855933e-01 5.164739640761240730e-02 9.544409818496925046e-01 1.384072555043688908e+02 5.822030608296775711e-02 9.976532137321174609e-01 -3.605808824939694957e-02 -9.291614381717312909e+00 -9.540625747098012699e-01 4.497041742156248495e-02 -2.962150971767688046e-01 9.710059646770784525e+01
-2.912129354394424330e-01 5.375651553810364275e-02 9.551473560253472828e-01 1.390447676595919688e+02 5.861354949778743717e-02 9.975477032063925220e-01 -3.827224834939437631e-02 -9.337618324480260412e+00 -9.548615836631003662e-01 4.483918053112861263e-02 -2.936493284984290075e-01 9.690700564007293849e+01
-2.874083845768594103e-01 5.454158799690444343e-02 9.562545952162679885e-01 1.396658526010554624e+02 5.907992406164252336e-02 9.974866625005055498e-01 -3.913645711293892854e-02 -9.376603504398689282e+00 -9.559849163197285948e-01 4.524727777567615766e-02 -2.899080201812450075e-01 9.672043246251386961e+01
-2.820384360369255772e-01 5.460487955605825700e-02 9.578485497498584467e-01 1.403028180520601609e+02 6.116521958192664560e-02 9.973722498339162579e-01 -3.884791890877389159e-02 -9.417349479184169425e+00 -9.574519943367802988e-01 4.763038318854110470e-02 -2.846369082045924759e-01 9.653253910378568037e+01
-2.768858164648260178e-01 5.359665055308803633e-02 9.594075597771988262e-01 1.409177507315384617e+02 6.357260103233777770e-02 9.972783589856294428e-01 -3.736514316464941560e-02 -9.452659865351998647e+00 -9.587981829449176985e-01 5.064612796001879275e-02 -2.795391950223133359e-01 9.635273862030464898e+01
-2.718472800726636773e-01 5.176329047875746769e-02 9.609478878786271716e-01 1.415501403570472974e+02 6.324168928607290519e-02 9.973556034804754722e-01 -3.583368140124663231e-02 -9.492787602169238781e+00 -9.602607663365355650e-01 5.103065138262026512e-02 -2.744016893442036142e-01 9.617464110347788164e+01
-2.677416988872701187e-01 5.060357971285812245e-02 9.621615714190336899e-01 1.421638066939978842e+02 6.318496018951325066e-02 9.973932221802481735e-01 -3.487396877573914478e-02 -9.532462029969225981e+00 -9.614173102417009620e-01 5.145689689728130678e-02 -2.702408223753540173e-01 9.600516784341344589e+01
-2.640353214510567370e-01 4.953111595326225441e-02 9.632410126190298350e-01 1.427692036891619409e+02 6.438363186321553744e-02 9.973590447700070305e-01 -3.363719745946337075e-02 -9.572253589335479873e+00 -9.623623538605043937e-01 5.313551629358586464e-02 -2.665266948872313524e-01 9.583691042555318518e+01
-2.600551552361062280e-01 4.828871174171869146e-02 9.643862029124093960e-01 1.433819066224372136e+02 6.719762215103024239e-02 9.972332719267638090e-01 -3.181297669993230631e-02 -9.602579115293959688e+00 -9.632533435068363348e-01 5.653129795543211655e-02 -2.625802303418405814e-01 9.566948351228442959e+01
-2.563281610854691861e-01 4.653849497064668772e-02 9.654694597484476670e-01 1.439836476341691025e+02 6.861594545281689272e-02 9.971973640978811781e-01 -2.985059586969437267e-02 -9.640112226750670033e+00 -9.641519260090422039e-01 5.859501528436995843e-02 -2.588027403446174768e-01 9.550270646754198367e+01
-2.529051954258480506e-01 4.557841073317202285e-02 9.664175116864386350e-01 1.445813791819082041e+02 6.767831229431213458e-02 9.972771031455021085e-01 -2.932281340379720019e-02 -9.670797697602973031e+00 -9.651216664561850234e-01 5.798957833282211705e-02 -2.553009218449717732e-01 9.534895176065056432e+01
-2.493338114675453798e-01 4.636238364154448427e-02 9.673078191581875318e-01 1.451788785810725813e+02 6.463318734776127283e-02 9.974238257750254188e-01 -3.114590663124504333e-02 -9.710219967226187521e+00 -9.662589846347835465e-01 5.475442658271463536e-02 -2.516877277279044867e-01 9.520626163137980313e+01
-2.449328711725223540e-01 4.881830561206978308e-02 9.683108522517589467e-01 1.457619067964315036e+02 6.391461321527086570e-02 9.973729537730455785e-01 -3.411635837028739043e-02 -9.747180701431119587e+00 -9.674316690710956790e-01 5.353296380824435624e-02 -2.474093222632552658e-01 9.505700123957326753e+01
-2.391411119520584494e-01 5.184848001512345345e-02 9.696001820323962850e-01 1.463445929685101135e+02 6.567409704092948275e-02 9.971512180381552071e-01 -3.712393114935528399e-02 -9.784810217368921315e+00 -9.687619289236404363e-01 5.479972531445880674e-02 -2.418646490579562658e-01 9.491505787677591854e+01
-2.327726140421121082e-01 5.298583080342649659e-02 9.710873605888958870e-01 1.469179304571451610e+02 6.455790868736119292e-02 9.971551017442610299e-01 -3.893341864882502584e-02 -9.817075434020805957e+00 -9.703867400133624477e-01 5.362870373619157971e-02 -2.355307545807180936e-01 9.477788257003231820e+01
-2.243430527170302280e-01 5.177506469113914156e-02 9.731345178455211853e-01 1.475063813698211845e+02 6.201150133526803221e-02 9.973232199668833342e-01 -3.876606682628132294e-02 -9.852585720348463028e+00 -9.725358670036985398e-01 5.164860479564754164e-02 -2.269528889051161957e-01 9.465567705174046864e+01
-2.135468474119630589e-01 4.967676169494281146e-02 9.756696257388524085e-01 1.480802943437048498e+02 6.124091054125825606e-02 9.974237293267189663e-01 -3.738043038556639747e-02 -9.885145329273992587e+00 -9.750120706202463072e-01 5.176839359415208452e-02 -2.160386552587938713e-01 9.453819701418889565e+01
-2.014391377823318008e-01 4.832457887556219911e-02 9.783088801049921734e-01 1.486506832289945237e+02 6.180314369842505873e-02 9.974200867198028675e-01 -3.654296447757048039e-02 -9.923299070008727796e+00 -9.775499426791718349e-01 5.310135010917327314e-02 -2.039057752515281985e-01 9.442539756319406763e+01
-1.882805021272661028e-01 4.681066398450099003e-02 9.809997346059154966e-01 1.492205343669924673e+02 6.115337017369847084e-02 9.974849139709941470e-01 -3.586027329085014065e-02 -9.958568321343301832e+00 -9.802101657496491427e-01 5.323962043514803011e-02 -1.906693224036000445e-01 9.432338815623154460e+01
-1.727711316451761570e-01 4.628250321314439364e-02 9.838746532724105265e-01 1.497981430564783523e+02 5.929122301685416790e-02 9.975735811472481451e-01 -3.651518670555862350e-02 -9.995593882734979729e+00 -9.831764564480369728e-01 5.202633227103867913e-02 -1.750958082293160856e-01 9.423079817156472870e+01
-1.549012907535343153e-01 4.585993389552202315e-02 9.868656070276106140e-01 1.503649913775377058e+02 5.888626407509049004e-02 9.975754468190833890e-01 -3.711463918090582292e-02 -1.003189206627800978e+01 -9.861740489766164242e-01 5.236369310685175943e-02 -1.572260027873751131e-01 9.415723994088268967e+01
-1.336643421380210583e-01 4.501509709298149448e-02 9.900044229104610904e-01 1.509283924360081812e+02 5.763695376717122704e-02 9.976309861654086841e-01 -3.758006166062280440e-02 -1.006767084130998491e+01 -9.893498280776026332e-01 5.203769404868407306e-02 -1.359419985866982539e-01 9.408743995636716306e+01
-1.118144681883023045e-01 4.487862299356483453e-02 9.927158259070452129e-01 1.514924054388081629e+02 5.492465513574814467e-02 9.977326632898775305e-01 -3.891897000321125483e-02 -1.010144837316826205e+01 -9.922106968354690304e-01 5.017283916887498030e-02 -1.140256864581272178e-01 9.404710488996171591e+01
-9.000639454704835452e-02 4.554291090968186351e-02 9.948999798517657034e-01 1.520538945570615113e+02 4.796901384150566855e-02 9.979937137768924993e-01 -4.134486130856061120e-02 -1.013987140148233124e+01 -9.947859484474718128e-01 4.400304308262439901e-02 -9.201027840503366029e-02 9.401681105997555221e+01
-6.836882779635315710e-02 4.660878906461878024e-02 9.965714236361186140e-01 1.526178703741026368e+02 4.190402074683689804e-02 9.981616905979620036e-01 -4.380836076142190921e-02 -1.017488653712683089e+01 -9.967803247832992541e-01 3.876520200041223135e-02 -7.019607206711736547e-02 9.398927043520170344e+01
-4.915732514716903562e-02 4.770759805959885747e-02 9.976516533002410814e-01 1.531744148046344378e+02 3.625231480557244979e-02 9.982865811010472878e-01 -4.595167970967234394e-02 -1.021045250426214679e+01 -9.981335519022009883e-01 3.390830313038618177e-02 -5.080245666471840116e-02 9.398833369594707676e+01
-3.323883483415702306e-02 4.701639284788687589e-02 9.983415844981053944e-01 1.537321553112612662e+02 2.942053411890305226e-02 9.985069960961079349e-01 -4.604463446731450749e-02 -1.024631457128272594e+01 -9.990149547966411525e-01 2.784126059874569500e-02 -3.457231342093501636e-02 9.398378874789615622e+01
-2.402217521678136000e-02 4.528352400021178059e-02 9.986859474679468107e-01 1.542870319919189797e+02 2.154401448499598803e-02 9.987659913099082853e-01 -4.476891753211332398e-02 -1.028242252710895954e+01 -9.994798959027302310e-01 2.044025092584136546e-02 -2.496798128391084295e-02 9.399682607166050730e+01
-2.125158859132174685e-02 4.244563248536503686e-02 9.988733805291011292e-01 1.548519666794073260e+02 1.346471228232718961e-02 9.990208678226087935e-01 -4.216540976252278194e-02 -1.031958167739705878e+01 -9.996841223517025643e-01 1.255345867639266408e-02 -2.180216088290819546e-02 9.400224140980222387e+01
-2.723577845522065846e-02 3.979317869186768664e-02 9.988373278436643021e-01 1.554146561648718148e+02 8.173227815398973958e-03 9.991837759456874135e-01 -3.958409717818948265e-02 -1.035753079895137141e+01 -9.995962639856791343e-01 7.085623665866180865e-03 -2.753864374995181746e-02 9.399335055689668650e+01
-4.017520409636331918e-02 3.678804977699945411e-02 9.985158410254980632e-01 1.559646255306979867e+02 5.725014980429590436e-03 9.993150349157403634e-01 -3.658712853371318824e-02 -1.039124143539463496e+01 -9.991768974906268808e-01 4.246627176951746005e-03 -4.035814366154824584e-02 9.397905055893104986e+01
-5.431061861897075460e-02 3.483202503388686810e-02 9.979170201350102687e-01 1.565096655419840772e+02 6.070169084818383479e-03 9.993854044676052650e-01 -3.455289573520008845e-02 -1.042219122244572560e+01 -9.985062902543322405e-01 4.180940131851431860e-03 -5.448850985408795755e-02 9.395038098211436761e+01
-6.630757986405215465e-02 3.375963482510808966e-02 9.972286018315906775e-01 1.570436899648927920e+02 8.620352012234090006e-03 9.994105232370582570e-01 -3.326029658657913418e-02 -1.045309075141727462e+01 -9.977626543915879553e-01 6.391054001734978660e-03 -6.655933524185619898e-02 9.390241083741818784e+01
-7.875815933769386712e-02 3.300234036419151529e-02 9.963479765051418413e-01 1.575813534642196601e+02 1.022954144892019787e-02 9.994269893376908076e-01 -3.229569370147473278e-02 -1.049011683158907005e+01 -9.968419344282336558e-01 7.648634566889213164e-03 -7.905043921034034249e-02 9.385119945348284887e+01
-9.201787694842317178e-02 3.276201363735304489e-02 9.952188981238200283e-01 1.581079016930741261e+02 6.743817518517240470e-03 9.994571633288499291e-01 -3.227797958658792238e-02 -1.051792186354217407e+01 -9.957351917851905432e-01 3.741428692586471882e-03 -9.218866924254710826e-02 9.379737975018889529e+01
-1.089744301878205757e-01 3.164022901704730689e-02 9.935415269377865233e-01 1.586325885929969388e+02 3.982980218592787648e-03 9.995001641893509481e-01 -3.139310021988821198e-02 -1.054265482894606265e+01 -9.940372509690573732e-01 5.362194896854897454e-04 -1.090457712120999206e-01 9.373987982714542966e+01
-1.258802319641992573e-01 3.087153791637129926e-02 9.915656365259939431e-01 1.591494866753205883e+02 5.107028429675366035e-03 9.995235945766818286e-01 -3.047093755162396875e-02 -1.057020279427291598e+01 -9.920329845578582662e-01 1.228273106572037648e-03 -1.259776962384588639e-01 9.366626531690283741e+01
-1.418506648959165506e-01 2.991975877675655260e-02 9.894364523638580211e-01 1.596650868894542441e+02 6.237772626659758742e-03 9.995512755051949583e-01 -2.933132191954985687e-02 -1.059660948398019187e+01 -9.898691084652674332e-01 2.011219327993765682e-03 -1.419734023334541240e-01 9.357988775868415132e+01
-1.557211706671266238e-01 2.863974871425499155e-02 9.873864379360405286e-01 1.601722375969119980e+02 8.785455127371435621e-03 9.995812233778251787e-01 -2.760788544757121835e-02 -1.062322750976059815e+01 -9.877626846733585930e-01 4.375512046736793927e-03 -1.559073153611308382e-01 9.349467514751387398e+01
-1.704079136762066127e-01 2.724693819321715935e-02 9.849974863189315810e-01 1.606778061761195033e+02 9.188131181760277391e-03 9.996191182527836006e-01 -2.606179693254104257e-02 -1.064800057198633887e+01 -9.853314798917653938e-01 4.609155916359326290e-03 -1.705930941733467265e-01 9.340254296503881903e+01
-1.838045546152004273e-01 2.660140568710340006e-02 9.826034574548360156e-01 1.611752128534859878e+02 8.540453489057218267e-03 9.996402439729092926e-01 -2.546504144059629632e-02 -1.067544239817774532e+01 -9.829264248536725423e-01 3.711293724769623714e-03 -1.839653453749680867e-01 9.330924798356251415e+01
-1.965462394801346102e-01 2.586666284090838319e-02 9.801539653515318751e-01 1.616719897636830012e+02 7.770271655778396465e-03 9.996626727492128328e-01 -2.482334357727948582e-02 -1.069460422248261189e+01 -9.804644921133188751e-01 2.737133216159690942e-03 -1.966806485784183822e-01 9.320569289107115196e+01
-2.074552874006546643e-01 2.793895490372355975e-02 9.778461149303414590e-01 1.621660935918095277e+02 1.571779563089432605e-02 9.995592567906745884e-01 -2.522470437799610027e-02 -1.071775357201790690e+01 -9.781189523225520821e-01 1.013658585018349656e-02 -2.078026973360901364e-01 9.308636417672748564e+01
-2.172498421310260497e-01 2.971222534637801491e-02 9.756643875232953178e-01 1.626507399414648773e+02 1.551184006233618552e-02 9.995165139412188759e-01 -2.698457979172903115e-02 -1.074972427870102365e+01 -9.759935049849934874e-01 9.271953479077131577e-03 -2.176053951070505976e-01 9.296944513406405974e+01
-2.246575668362750244e-01 3.084059556491637252e-02 9.739502782224350730e-01 1.631283344778908315e+02 1.737224355402261153e-02 9.994679624458593370e-01 -2.764141216207365720e-02 -1.077086406228730553e+01 -9.742836446897812364e-01 1.070984609677849524e-02 -2.250735049113249120e-01 9.285219916149560504e+01
-2.293289709758986605e-01 3.086863892512226037e-02 9.728600422066376874e-01 1.636066696826399038e+02 1.872663751534054191e-02 9.994529420085630500e-01 -2.729803825737599915e-02 -1.079494702442529430e+01 -9.731695515629115167e-01 1.195816353011924620e-02 -2.297812709483187388e-01 9.273864104973532108e+01
-2.322546200835420294e-01 3.004052240817375180e-02 9.721916841947633170e-01 1.640796692779715045e+02 1.992964701332300761e-02 9.994611127546625395e-01 -2.612196747586251894e-02 -1.081519235734451811e+01 -9.724515667026101262e-01 1.330848559893986656e-02 -2.327278477634669163e-01 9.262648013926994395e+01
-2.343412462948848973e-01 2.891396801744577222e-02 9.717250003179869200e-01 1.645589619877371206e+02 1.840325946665812354e-02 9.995114635363249178e-01 -2.530260931249849257e-02 -1.083804415430322088e+01 -9.719809425444551065e-01 1.195345960574588015e-02 -2.347585596381250028e-01 9.250912110364370733e+01
-2.347475289496372131e-01 2.862562245076743714e-02 9.716354694575328743e-01 1.650203088251307122e+02 2.037187390892941999e-02 9.994926818909593003e-01 -2.452445482602213719e-02 -1.086267311844035888e+01 -9.718436357860618102e-01 1.403697537102268668e-02 -2.352112783330676526e-01 9.239494441974420624e+01
-2.361072621591480125e-01 2.866281171201098127e-02 9.713048543285639491e-01 1.654813438897894002e+02 2.096130718871794599e-02 9.994835654289377924e-01 -2.439900179336040170e-02 -1.089041752895114712e+01 -9.715016493576015266e-01 1.459903185838166279e-02 -2.365858195964133381e-01 9.227842309388869069e+01
-2.387577862653271488e-01 3.030852336221995583e-02 9.706067381238530078e-01 1.659516281626176522e+02 2.277612667044492251e-02 9.994136828022327501e-01 -2.560537770064836086e-02 -1.090452202980225849e+01 -9.708127724071049514e-01 1.599316968178799911e-02 -2.393077874591337528e-01 9.216449398215208078e+01
-2.418728192202493077e-01 3.103519259264643157e-02 9.698121897020217652e-01 1.664101442170766632e+02 1.769403722710381072e-02 9.994642843853887015e-01 -2.757114900534637578e-02 -1.093366259952134811e+01 -9.701473794970134623e-01 1.049117741685501488e-02 -2.422920578567332173e-01 9.204970141214320734e+01
-2.458939605937396078e-01 3.225003773550334102e-02 9.687607681905098245e-01 1.668854520235846906e+02 1.673817648474060574e-02 9.994396528204576580e-01 -2.902277666268164580e-02 -1.095542173028776389e+01 -9.691529677754471273e-01 9.078762059587592442e-03 -2.462956511794601455e-01 9.192992915097332229e+01
-2.513094408686373793e-01 3.188630472106556563e-02 9.673821189891372851e-01 1.673662082123303776e+02 1.651549000589433089e-02 9.994540323122689252e-01 -2.865297303273257878e-02 -1.097467871447243404e+01 -9.677666517117294864e-01 8.776025293225669238e-03 -2.516985114734475726e-01 9.180562789222126696e+01
-2.567288299041561306e-01 3.209621657264665612e-02 9.659510739348992070e-01 1.678725820961149395e+02 1.969046264027766655e-02 9.994157391606172114e-01 -2.797484396505276263e-02 -1.099434914050262257e+01 -9.662836482555864359e-01 1.183807015236578407e-02 -2.572104797377871566e-01 9.166937890392394195e+01
-2.623311526858598253e-01 3.226530942740141877e-02 9.644390352681856404e-01 1.683633147556421648e+02 2.164598951280063618e-02 9.993871987804235912e-01 -2.754668245357720299e-02 -1.102140019728142661e+01 -9.647358855279242196e-01 1.364987826814549610e-02 -2.628684602735478215e-01 9.152996174314360189e+01
-2.677662931072629648e-01 3.348882472046260661e-02 9.629024086185311582e-01 1.688724579169159199e+02 2.437341761443156257e-02 9.993124430672846170e-01 -2.797728555407983861e-02 -1.104811130636472782e+01 -9.631763440205245441e-01 1.597784064537162083e-02 -2.683980673682623275e-01 9.138162296443665866e+01
-2.734489769672526216e-01 3.486492220961343730e-02 9.612551363359737033e-01 1.693811141024184508e+02 2.450653172724635842e-02 9.992720925629416939e-01 -2.927238867040836759e-02 -1.107263526836067591e+01 -9.615750677732171070e-01 1.555251823290168013e-02 -2.741039836598631041e-01 9.123774635097998953e+01
-2.789645766563680906e-01 3.603662850702765708e-02 9.596256955770983144e-01 1.699096067867131126e+02 2.328598983424211982e-02 9.992567378158642155e-01 -3.075558958525657915e-02 -1.109576354710087642e+01 -9.600198207356259728e-01 1.376610901986053369e-02 -2.795960147017578223e-01 9.108429551843170202e+01
-2.842414825222641106e-01 3.737136264142285752e-02 9.580247988926332559e-01 1.704359245717996600e+02 2.461534201882452713e-02 9.991961846895091037e-01 -3.167412699889244482e-02 -1.112262678175085107e+01 -9.584374786011495839e-01 1.457900324044722647e-02 -2.849325375698670837e-01 9.092462366593632339e+01
-2.889675580990135884e-01 3.839892101142398234e-02 9.565691963694009647e-01 1.709617414154238020e+02 2.866628790428656093e-02 9.990953726679022706e-01 -3.144627062993197997e-02 -1.114832855014079271e+01 -9.569104119317918267e-01 1.833432858591508077e-02 -2.898065248086412193e-01 9.075299840381036631e+01
-2.934805774545656276e-01 3.960291698783040271e-02 9.551450746673736392e-01 1.714977983650664441e+02 3.303210680961721213e-02 9.989660853283683917e-01 -3.127029279635953202e-02 -1.117654953931551631e+01 -9.553949844585102325e-01 2.237321964927392604e-02 -2.944849272482631397e-01 9.057986003724286661e+01
-2.975137636593163659e-01 3.871845269292473884e-02 9.539328055893847580e-01 1.720349263954499008e+02 3.170205455906320580e-02 9.990280552336819886e-01 -3.066148783834245217e-02 -1.120357589992680936e+01 -9.541918556387144479e-01 2.111940512346999199e-02 -2.984516590737184560e-01 9.041489283389910270e+01
-3.012201734525626895e-01 3.758217054698544113e-02 9.528144353292312685e-01 1.725824320835428978e+02 3.293191187775045686e-02 9.990380519471815379e-01 -2.899435240345746637e-02 -1.122908857778034175e+01 -9.529866012083264559e-01 2.264430485483740277e-02 -3.021676663706557853e-01 9.023863649262197839e+01
-3.038807513319560227e-01 3.463986793300939671e-02 9.520808451292447350e-01 1.731297057132481427e+02 3.322801453924850712e-02 9.991172511137020873e-01 -2.574561952277353363e-02 -1.124802125598326086e+01 -9.521312704709499197e-01 2.381214535741955907e-02 -3.047631077544564193e-01 9.006172925550592367e+01
-3.065146822951407835e-01 3.296001478960808306e-02 9.512958288719985944e-01 1.736808728176550005e+02 3.719630323521495169e-02 9.990528300333598732e-01 -2.262971975725871707e-02 -1.127645310450796323e+01 -9.511397159677759117e-01 2.844832954737270408e-02 -3.074499420010435302e-01 8.987696284401771152e+01
-3.084931631477277891e-01 3.137697954713668941e-02 9.507096419994279790e-01 1.742259744387420710e+02 3.997298691296403972e-02 9.990016968364936467e-01 -2.000004641145657416e-02 -1.131055008252224603e+01 -9.503871342499317088e-01 3.183280621700661228e-02 -3.094390149240704435e-01 8.969537381900128992e+01
-3.097530865698699398e-01 3.105709884396648524e-02 9.503104014265973953e-01 1.747778862148327335e+02 4.081443008921178256e-02 9.989805921616501383e-01 -1.934422436841813295e-02 -1.132522046465762422e+01 -9.499414646376704852e-01 3.279442222261080842e-02 -3.107044857790143833e-01 8.952095148891629606e+01
-3.100923157666125585e-01 3.113165729037351004e-02 9.501973232712270789e-01 1.753388355626495070e+02 3.740757453038937030e-02 9.990903967878113079e-01 -2.052574918914536889e-02 -1.135604915846156437e+01 -9.499710632512660125e-01 2.917968141725120826e-02 -3.109743983050600180e-01 8.933731364032186661e+01
-3.092939296916402125e-01 3.332430045321809614e-02 9.503831548461375567e-01 1.758822374851008874e+02 3.948067923631345261e-02 9.989752799835839303e-01 -2.217946577691541632e-02 -1.137769705869050441e+01 -9.501474294642323626e-01 3.066177700545533180e-02 -3.102922350027889631e-01 8.915961793417217507e+01
-3.082169585774691689e-01 3.422827427240133363e-02 9.507008572008918135e-01 1.764225101555039714e+02 4.062331477965892140e-02 9.989156336758657773e-01 -2.279406428626965311e-02 -1.140385676821891181e+01 -9.504491835759033558e-01 3.159507995480553139e-02 -3.092727834579983570e-01 8.898264835049911881e+01
-3.059925902535110542e-01 3.369867662067837361e-02 9.514380290980876120e-01 1.769709750565810396e+02 3.967249290083851854e-02 9.989577478692752699e-01 -2.262264015492997105e-02 -1.142955073617305217e+01 -9.512077755208504515e-01 3.082353579225330029e-02 -3.070101601933837299e-01 8.881091854016175091e+01
-3.038167880721027170e-01 3.403319634574546865e-02 9.521231494117317062e-01 1.775094690315290222e+02 3.997430068726715024e-02 9.989382266266768617e-01 -2.295099339888288445e-02 -1.145738400469359242e+01 -9.518923360617809193e-01 3.108753673362379608e-02 -3.048542391818295227e-01 8.864214937408048911e+01
-3.011995374297815609e-01 3.413328016118621910e-02 9.529507648292527833e-01 1.780454864934187356e+02 4.040167509952302671e-02 9.989196753113901428e-01 -2.301001846167210346e-02 -1.148062408347800556e+01 -9.527057042713795720e-01 3.157017807821972666e-02 -3.022527702956927520e-01 8.847569434170719660e+01
-2.982669866967420091e-01 3.605533078771065020e-02 9.538019833299774541e-01 1.785759892267769260e+02 4.165407873433370906e-02 9.988270957196785371e-01 -2.473152771337923037e-02 -1.151008147961044870e+01 -9.535739928017314959e-01 3.235312187273953893e-02 -2.994185842576926881e-01 8.830927264419194955e+01
-2.950401572552837082e-01 3.776639415161600621e-02 9.547389274124548075e-01 1.790983696066913353e+02 4.173218463916377602e-02 9.987755085435173763e-01 -2.661194053424498565e-02 -1.153695592599776631e+01 -9.545739093995557756e-01 3.199172530309818407e-02 -2.962545452513929423e-01 8.815311796158025004e+01
-2.910237367466880221e-01 3.845412580116676360e-02 9.559434545771006153e-01 1.796087497162215527e+02 4.215506670285003310e-02 9.987380300607746619e-01 -2.734204234320405241e-02 -1.156338831020634395e+01 -9.557875084357494444e-01 3.234065195775161217e-02 -2.922771015364144520e-01 8.800135874149232507e+01
-2.873458431683711956e-01 3.847601828274513358e-02 9.570545392691838238e-01 1.801076165358426238e+02 4.221609843994971606e-02 9.987317622762206248e-01 -2.747656862881697748e-02 -1.159048964740008891e+01 -9.568969614336129137e-01 3.250780751904613908e-02 -2.886053215023897667e-01 8.785589945705818593e+01
-2.830843155073107797e-01 3.750815840591109618e-02 9.583620618268925417e-01 1.805968246081711470e+02 4.162432600255393939e-02 9.987751292058718589e-01 -2.679467041151605694e-02 -1.161389441604289985e+01 -9.581922111965628375e-01 3.230600164236625826e-02 -2.842984220150661656e-01 8.771653137661471078e+01
-2.784050278322616201e-01 3.488039268951223515e-02 9.598309441019627908e-01 1.810696682871806900e+02 4.166944338322781799e-02 9.988392116334205983e-01 -2.421144573667686692e-02 -1.163970834419530398e+01 -9.595602771015331323e-01 3.325500963910895530e-02 -2.795349057013036820e-01 8.758166591777997212e+01
-2.731053462996897996e-01 3.142189710013788828e-02 9.614715705700850323e-01 1.815297853685776772e+02 4.313276716063312727e-02 9.988623767233907325e-01 -2.039200642011173431e-02 -1.166201413046480262e+01 -9.610175152425710632e-01 3.590173702646196063e-02 -2.741495776870426782e-01 8.745478511367895180e+01
-2.660181820498731531e-01 2.840705047873499575e-02 9.635501112834768955e-01 1.819700852339872199e+02 4.452182314897261406e-02 9.988622453243984900e-01 -1.715643865447372129e-02 -1.168412102244706929e+01 -9.629401664120321724e-01 3.833505411459261353e-02 -2.669798686425693957e-01 8.733583590764115456e+01
-2.574850281488069159e-01 2.680512642603754755e-02 9.659111753660096777e-01 1.823955817446630476e+02 4.438044640117479872e-02 9.988894924981924772e-01 -1.588969423714954587e-02 -1.170822190639763072e+01 -9.652634200570925360e-01 3.877618210657540754e-02 -2.583883355831305129e-01 8.722840739396150411e+01
-2.464712082854711439e-01 2.592379640895331114e-02 9.688040851844812451e-01 1.828084983708993434e+02 4.352679862768001062e-02 9.989307426520039890e-01 -1.565636642063207573e-02 -1.172801525344625873e+01 -9.681730225230679165e-01 3.831006793401767196e-02 -2.473356816767608435e-01 8.713492448527000533e+01
-2.330845715290403297e-01 2.646780782996525222e-02 9.720969575218021408e-01 1.832151049043881414e+02 4.204503137665547424e-02 9.989702318350395238e-01 -1.711813064268522672e-02 -1.174877093958341412e+01 -9.715479615937701041e-01 3.688184709987636645e-02 -2.339570370969218382e-01 8.704886211404063090e+01
-2.177925921541581655e-01 2.787206185419171048e-02 9.755977624801650538e-01 1.836140259294084842e+02 3.965490265708582901e-02 9.990206177100446894e-01 -1.968864671494278615e-02 -1.176775934663810830e+01 -9.751899940567999581e-01 3.439916752843685810e-02 -2.186842195458977012e-01 8.697396823366450747e+01
-1.987752178047138274e-01 3.155838045713164897e-02 9.795376177927811456e-01 1.840118031663185434e+02 4.027814568490038077e-02 9.989011998069963205e-01 -2.400866083728267486e-02 -1.178712019751057483e+01 -9.792179178854054644e-01 3.468160637398737950e-02 -1.998275999621101362e-01 8.690774071242046261e+01
-1.767035117032372538e-01 3.454926969110166252e-02 9.836583176989752708e-01 1.844010185100237322e+02 4.023281181972633569e-02 9.988032043981909247e-01 -2.785380059886280457e-02 -1.180812352482816863e+01 -9.834423402338894338e-01 3.465344785924429072e-02 -1.778817524861375787e-01 8.685272292480192391e+01
-1.510102386936160168e-01 3.482465449512445188e-02 9.879193412015879749e-01 1.848024043741888534e+02 3.917915702203639966e-02 9.988060703779210181e-01 -2.921959791492715133e-02 -1.183091778279560202e+01 -9.877563213376835405e-01 3.429336208727635366e-02 -1.521940718380296875e-01 8.681387010300242935e+01
-1.235259007451927765e-01 3.256771872418775388e-02 9.918075283095308947e-01 1.851892368272753799e+02 3.580911348385495963e-02 9.989578417394376908e-01 -2.834260566252197466e-02 -1.184843334159177708e+01 -9.916958755474759579e-01 3.201467884300565614e-02 -1.245631387678029639e-01 8.679480436359474993e+01
-9.287871247424919763e-02 3.071183386424655368e-02 9.952044047849402109e-01 1.855827900183410577e+02 3.125214848554798419e-02 9.991227978285259770e-01 -2.791609353352201423e-02 -1.187143009981550534e+01 -9.951876690543508541e-01 2.850944490122633151e-02 -9.375682823925569898e-02 8.679031021456664519e+01
-6.146816690071606193e-02 2.914451231895615751e-02 9.976841896518507946e-01 1.859656554968529178e+02 2.583325182895560707e-02 9.992863832265098667e-01 -2.759969283832706607e-02 -1.188865767687391539e+01 -9.977755030284918281e-01 2.407690865360251689e-02 -6.217700716773481157e-02 8.680077898529786751e+01
-3.077563480574450547e-02 2.674486466918328531e-02 9.991691824498023511e-01 1.863445705676506350e+02 1.981782127267080890e-02 9.994629657719348304e-01 -2.614230222190305417e-02 -1.190582254858617794e+01 -9.993306574999504255e-01 1.899680007159329845e-02 -3.128896601850183340e-02 8.682357755088402484e+01
3.832930979045525658e-04 2.276478956215199911e-02 9.997415181267225170e-01 1.867307503615611495e+02 1.502261490651407745e-02 9.996290975547487134e-01 -2.276797773434911798e-02 -1.192346263291046782e+01 -9.998879034605309135e-01 1.502745304564617745e-02 4.130288880428581791e-05 8.685486992202766032e+01
3.174867525064800633e-02 1.848589510608836251e-02 9.993256655890093709e-01 1.871099433513934684e+02 1.190681906985105974e-02 9.997522057463262835e-01 -1.887205441287869573e-02 -1.194189770659363070e+01 -9.994257782869906404e-01 1.249795006926663656e-02 3.152080595649481287e-02 8.689737758207664342e+01
6.282486576427076530e-02 1.539443183395920907e-02 9.979065789419568899e-01 1.874765759001648462e+02 1.054225074690818935e-02 9.998162130717009877e-01 -1.608758380879237934e-02 -1.196272442397379443e+01 -9.979697061757022425e-01 1.153087974646525848e-02 6.265110070145769872e-02 8.694305922428715405e+01
9.585714693134951558e-02 1.344421250560882443e-02 9.953050553293794067e-01 1.878547374841627686e+02 9.058939034134086410e-03 9.998568011509431086e-01 -1.437814187798598133e-02 -1.197754441446057960e+01 -9.953547001100532254e-01 1.039465451058373992e-02 9.572166909872641127e-02 8.700957856636358656e+01
1.295469588288963303e-01 1.295713809626780448e-02 9.914893799921986606e-01 1.882076957058749827e+02 7.965037783469340951e-03 9.998699740580442308e-01 -1.410734764531474707e-02 -1.199343150089723231e+01 -9.915421185477216737e-01 9.724813901122288454e-03 1.294269175562947072e-01 8.708075000581352754e+01
1.653224547545684708e-01 1.399603862222771958e-02 9.861410094340820054e-01 1.885811107258331845e+02 6.625742085465374798e-03 9.998621851513308512e-01 -1.530154311407281101e-02 -1.200883261700584015e+01 -9.862181312107551889e-01 9.063604605908846812e-03 1.652069084450679681e-01 8.718170314877899330e+01
2.025031535919950554e-01 1.674456935444654931e-02 9.791392077364690083e-01 1.889389586995781656e+02 5.806894920011878257e-03 9.998169104315235423e-01 -1.829913816789683831e-02 -1.202106746518918357e+01 -9.792652125591952972e-01 9.391391666031818908e-03 2.023687789768665313e-01 8.728867136218612188e+01
2.410126064570818905e-01 1.932164191945750717e-02 9.703304065997582217e-01 1.892884405516028892e+02 5.184215046829519259e-03 9.997631339099878334e-01 -2.119536828191854669e-02 -1.204032765667339433e+01 -9.705089589617106327e-01 1.013875001147272747e-02 2.408552507427799971e-01 8.740254253026566289e+01
2.818751227830227912e-01 2.045499376047923978e-02 9.592338129532316238e-01 1.896676035010814303e+02 3.188535738044868863e-03 9.997484484377173741e-01 -2.225589033889893362e-02 -1.205784185585830670e+01 -9.594466278266619019e-01 9.331931016519613709e-03 2.817388488659628432e-01 8.755565798461790905e+01
3.235636282428505095e-01 2.439514846650546812e-02 9.458926743697058104e-01 1.900104841188077387e+02 -2.336481767003573996e-03 9.996863703272447221e-01 -2.498326001023001147e-02 -1.206786762057145879e+01 -9.462043614419096693e-01 5.873615288408632479e-03 3.235189574805505952e-01 8.771384814039303990e+01
3.669544162283232547e-01 3.008217907576588024e-02 9.297531998632239114e-01 1.903865686649596114e+02 -8.815800688520152723e-03 9.995457993839946820e-01 -2.886088972766145261e-02 -1.208420607129985136e+01 -9.301979927779434609e-01 2.394118219825657878e-03 3.670527029133883179e-01 8.792178466938399595e+01
4.106173938258337874e-01 3.397611496756777066e-02 9.111753230126841130e-01 1.907222570865604609e+02 -1.214655606211991271e-02 9.994219085116732293e-01 -3.179286391465590417e-02 -1.209646975794814772e+01 -9.117276822171243023e-01 1.987067862365852686e-03 4.107924246291095316e-01 8.810208283879426006e+01
4.543721980752353229e-01 3.529066448387568194e-02 8.901134531362727698e-01 1.911044164989554588e+02 -1.065604609400746042e-02 9.993600415670026438e-01 -3.418244542880913978e-02 -1.212390842464510499e+01 -8.907490607420592843e-01 6.046466003034238132e-03 4.544571428200459562e-01 8.834270808391372043e+01
4.974182936692053136e-01 3.694117545471273245e-02 8.667247949249252681e-01 1.914724191370240192e+02 -8.727899384470137051e-03 9.992567216960345222e-01 -3.758088604812498401e-02 -1.214562812006455772e+01 -8.674678021766132341e-01 1.112873153287502991e-02 4.973706105771016350e-01 8.858841967263082040e+01
5.395026566600216178e-01 3.571085942824737264e-02 8.412271356866856120e-01 1.918068701993940692e+02 -6.621364190464865476e-03 9.992504730268998436e-01 -3.817260867710658284e-02 -1.216881861213106575e+01 -8.419587550366862683e-01 1.502414648979081245e-02 5.393343096077543031e-01 8.883031777649067351e+01
5.806015424231186772e-01 3.481639170812695500e-02 8.134439977747552897e-01 1.921927036848467480e+02 -8.712622575330951011e-03 9.992950119230077366e-01 -3.655232421992053726e-02 -1.219452614072023344e+01 -8.141421409722627844e-01 1.413510001281907680e-02 5.804950919635306628e-01 8.914980919749599764e+01
6.192183926003040906e-01 3.582015099820826803e-02 7.844022965480580423e-01 1.925276361322817991e+02 -1.440711245892476941e-02 9.993103344786302689e-01 -3.426084010788242595e-02 -1.220473539647483641e+01 -7.850875701527594286e-01 9.913969496645736595e-03 6.193068840043263190e-01 8.946640363917298089e+01
6.574473294354495900e-01 3.760761981016116917e-02 7.525623789107883654e-01 1.928925626450090363e+02 -1.996536081067387322e-02 9.992737446030303117e-01 -3.249447151764869174e-02 -1.222437391576531418e+01 -7.532369188893438539e-01 6.338227290956419645e-03 6.577201388628414191e-01 8.984109748900705483e+01
6.932573226207446870e-01 3.727336205441848793e-02 7.197266381308263794e-01 1.932345778657233666e+02 -2.174427817858855597e-02 9.992900758291056729e-01 -3.080683794505961401e-02 -1.225204225555965998e+01 -7.203630453290994495e-01 5.707133292228274216e-03 6.935750396495463654e-01 9.021900739151078596e+01
7.262067864839244491e-01 3.741524412728019361e-02 6.864584840011598299e-01 1.935580851257125516e+02 -2.274302707007029231e-02 9.992801390155966468e-01 -3.040555840577273405e-02 -1.227286459418701092e+01 -6.871010789319280665e-01 6.468581492283514457e-03 7.265343107629083086e-01 9.060788106072624259e+01
7.576519972264865732e-01 3.676612701145001716e-02 6.516234688365032390e-01 1.939052149610047593e+02 -2.322452810236722009e-02 9.992997662854892216e-01 -2.937932473041292639e-02 -1.229475159688447050e+01 -6.522464986169665968e-01 7.125657886163031494e-03 7.579746589292462033e-01 9.105653870901005575e+01
7.852868548535282267e-01 3.528463230636681019e-02 6.181269992356649423e-01 1.942172218284784435e+02 -2.281169885895979049e-02 9.993470475368126937e-01 -2.806519078386860919e-02 -1.231878187716692530e+01 -6.187128512925401669e-01 7.938698609274824278e-03 7.855782887334414877e-01 9.149197800329686459e+01
8.103212808968075498e-01 3.545729855128405134e-02 5.849133609897085861e-01 1.945481063065604133e+02 -2.439468143968492528e-02 9.993448127965273153e-01 -2.678434995830494478e-02 -1.234155237140418393e+01 -5.854790537433954833e-01 7.435155523788784630e-03 8.106545904975284156e-01 9.199788254562841416e+01
8.315418573925205115e-01 3.537842169775418100e-02 5.543355910857621360e-01 1.948484254554563790e+02 -2.592137916731857006e-02 9.993552030756556182e-01 -2.489625862953593130e-02 -1.236194573814390552e+01 -5.548581993981582805e-01 6.333144318429568057e-03 8.319219598155640494e-01 9.249736490672731293e+01
8.502207287720036089e-01 3.570136650913242893e-02 5.252157346309861419e-01 1.951646744831609510e+02 -2.770643418619663997e-02 9.993509239349802620e-01 -2.307926359620094542e-02 -1.238262429002535292e+01 -5.256980725223271422e-01 5.070623628602156235e-03 8.506572218444183875e-01 9.304880289187475739e+01
8.658868810229377599e-01 3.447006230798548010e-02 4.990522696622481380e-01 1.954650704471912377e+02 -2.824720785729603612e-02 9.994017725974256861e-01 -2.001901941709607197e-02 -1.240133513873224480e+01 -4.994430892506450115e-01 3.237383998563385119e-03 8.663417403886137791e-01 9.361611908678578686e+01
8.785412421561388241e-01 3.341309478294297863e-02 4.764979471438270942e-01 1.957652755574355581e+02 -2.933763733629018641e-02 9.994429109444720183e-01 -1.599196304485362222e-02 -1.242292029127533404e+01 -4.767661712843200283e-01 7.028989328624653124e-05 8.790312336064377563e-01 9.419513995746692103e+01
8.892766096146699217e-01 3.160264499705261326e-02 4.562782380226265144e-01 1.960634593606988005e+02 -2.914901056205575908e-02 9.994992474362691670e-01 -1.241625534501066865e-02 -1.244239742225191314e+01 -4.564414982116070663e-01 -2.258558841770544248e-03 8.897516289407905177e-01 9.481108547308163281e+01
8.979539924524074790e-01 2.868242056207235408e-02 4.391553166947957942e-01 1.963622157053185902e+02 -2.678096436037409947e-02 9.995871958100435162e-01 -1.052585974758037633e-02 -1.246047779559137147e+01 -4.392753133068428850e-01 -2.309251073358277364e-03 8.983505843476470298e-01 9.543597475909986372e+01
9.061485964590336728e-01 2.596087370349654810e-02 4.221637209164574855e-01 1.966610367509157413e+02 -2.429914260257006256e-02 9.996626071153142945e-01 -9.317387602750588915e-03 -1.247943742337425022e+01 -4.222625692015264387e-01 -1.815267336084505894e-03 9.064728022303536470e-01 9.608677340158790514e+01
9.135802192092039586e-01 2.193334494907778903e-02 4.060684293293008729e-01 1.969545668783497945e+02 -2.015894570350558815e-02 9.997606960239781015e-01 -8.646979316097093762e-03 -1.249815954182135513e+01 -4.061603295678020142e-01 -2.861934699278553796e-04 9.138028378240501404e-01 9.674952495869948166e+01
9.210063038020991355e-01 1.820895530076705252e-02 3.891237399049750634e-01 1.972356316574728794e+02 -1.622466803519205872e-02 9.998345194245774614e-01 -8.385261159293048994e-03 -1.251333747000950503e+01 -3.892114749369975368e-01 1.409481069534047979e-03 9.211483995831827309e-01 9.743816662729922484e+01
9.277298652641271515e-01 1.867925269475739086e-02 3.727866146064548469e-01 1.975105892550795375e+02 -1.662709006920655083e-02 9.998250576163527636e-01 -8.719520000779466470e-03 -1.253306588051713710e+01 -3.728837293245924611e-01 1.891008704922529432e-03 9.278771923182342896e-01 9.814912229429344848e+01
9.337572574991437335e-01 1.896062568247968566e-02 3.574064357735027286e-01 1.977835746038968523e+02 -1.688368409455753491e-02 9.998188957759258644e-01 -8.930764465102970784e-03 -1.255215401756655957e+01 -3.575105133134517943e-01 2.304834235803226734e-03 9.339073068233294528e-01 9.887223174039870344e+01
9.387924141061326777e-01 2.052786369752002474e-02 3.438733718763117841e-01 1.980396012421102512e+02 -1.877600123534248211e-02 9.997895512741666879e-01 -8.423912643005002088e-03 -1.257032993947021637e+01 -3.439734165049859183e-01 1.451745365719166918e-03 9.389792967882518715e-01 9.961418398320245160e+01
9.418921246961816651e-01 2.275578312415977786e-02 3.351460747554578790e-01 1.983048608565063660e+02 -2.169965709637053028e-02 9.997420797473216547e-01 -6.895979487389235739e-03 -1.258651960182183949e+01 -3.352160560049776139e-01 -7.772762021254017327e-04 9.421419919012073985e-01 1.003798834276089593e+02
9.432741086095635108e-01 2.500433318861648713e-02 3.310743736269713966e-01 1.985586297335177051e+02 -2.448710994567827523e-02 9.996850351691152214e-01 -5.734005019906857764e-03 -1.260619392202037581e+01 -3.311129764290587363e-01 -2.698301470592446259e-03 9.435882896795716457e-01 1.011472830220855030e+02
9.437295326278508645e-01 2.580097852261729538e-02 3.297125736208398328e-01 1.988285179855188289e+02 -2.562113180573369689e-02 9.996610917833441690e-01 -4.891523472494037870e-03 -1.262031931153661191e+01 -3.297265435275127388e-01 -3.831318320776954701e-03 9.440697390985942627e-01 1.019430447309851360e+02
9.439772159369674842e-01 2.524878887696968208e-02 3.290456164329449984e-01 1.990973905325739679e+02 -2.504524622596871267e-02 9.996758509344189081e-01 -4.857818880138153189e-03 -1.264037155960657444e+01 -3.290611181439379584e-01 -3.655342656107418188e-03 9.443025812145663389e-01 1.027247717388535335e+02
9.440607315694373725e-01 2.275701021060040283e-02 3.289877870302721496e-01 1.993846369205446081e+02 -2.234910800661619665e-02 9.997389543797593481e-01 -5.021876039643628428e-03 -1.265868719516549490e+01 -3.290156976401656386e-01 -2.611613552122956337e-03 9.443218719993549115e-01 1.035386566106792827e+02
9.441782352278288437e-01 2.024529845791610619e-02 3.288146965671767674e-01 1.996666326678360690e+02 -1.911892784102946913e-02 9.997963866694633550e-01 -6.658712199577442037e-03 -1.268487171137965674e+01 -3.288820627102722050e-01 4.377634383196625063e-07 9.443720338040721973e-01 1.043449174886885089e+02
9.440931866295810826e-01 2.080960890886087572e-02 3.290236203148935723e-01 1.999542643652765719e+02 -1.932608965170755366e-02 9.997843210848144091e-01 -7.779000481064945148e-03 -1.270466251473218122e+01 -3.291140379432609953e-01 9.853739041514244113e-04 9.442907037240453327e-01 1.051741403831367876e+02
9.438954160108867786e-01 2.135018309237553952e-02 3.295559881046899453e-01 2.002477410585253779e+02 -1.991744634717942247e-02 9.997731489505271574e-01 -7.723531326239541084e-03 -1.272185381347517819e+01 -3.296456294620163652e-01 7.263078841836367178e-04 9.441054962295115649e-01 1.060197667429531379e+02
9.436829081511473039e-01 2.085893262040720147e-02 3.301954135279478453e-01 2.005375126194250583e+02 -1.997993125761861680e-02 9.997833986930848571e-01 -6.056038497334398189e-03 -1.274552077604592526e+01 -3.302497146950174045e-01 -8.822841980335352063e-04 9.438942280368117776e-01 1.068617488237220670e+02
9.434386188051858690e-01 1.790297331034894010e-02 3.310658558974495791e-01 2.008427534847073161e+02 -1.779122235067708349e-02 9.998374129754569184e-01 -3.368265419930683170e-03 -1.276334270132867310e+01 -3.310718259529521479e-01 -2.712294953268697562e-03 9.436027002371087935e-01 1.077274394766230898e+02
9.432063518315070283e-01 1.639649146063732951e-02 3.318048980903296474e-01 2.011366132581034947e+02 -1.652982386082684982e-02 9.998618128197781507e-01 -2.420614514467281028e-03 -1.279210344479540851e+01 -3.317982224961116833e-01 -3.201518808042160078e-03 9.433459906689459773e-01 1.085670737061457487e+02
9.430118765450333784e-01 1.485060868458864050e-02 3.324298690718990312e-01 2.014426500932469821e+02 -1.492321723875841485e-02 9.998872874896990171e-01 -2.334762223370245686e-03 -1.281259453606825005e+01 -3.324265581355509980e-01 -2.759196522737307651e-03 9.431261529953570699e-01 1.094362492230896322e+02
9.428864037047985924e-01 1.565644356055893860e-02 3.327486660922393535e-01 2.017406023822848624e+02 -1.548629278511186834e-02 9.998764520737021266e-01 -3.163574601085025664e-03 -1.283909680600110725e+01 -3.327565663940078577e-01 -2.170134545508660157e-03 9.430113087099671887e-01 1.102864285720954456e+02
9.428515658692654400e-01 1.374132666390131229e-02 3.329319411976476850e-01 2.020427297136200195e+02 -1.387395870991169240e-02 9.999031739568744470e-01 -1.979064093309871979e-03 -1.285756627458139967e+01 -3.329263760096782820e-01 -2.753101814531205924e-03 9.429498498838863041e-01 1.111472911031256530e+02
9.426771055664826537e-01 9.524660793672068068e-03 3.335726936621073446e-01 2.023551857023178400e+02 -1.039025539942864396e-02 9.999470763517593896e-01 8.109707674615371882e-04 -1.287614446219997077e+01 -3.335467890777124578e-01 -4.230368828993204787e-03 9.427251001575461808e-01 1.120232515728441314e+02
9.426915856767383861e-01 8.785821075920944093e-03 3.335520533426636347e-01 2.026534147707486397e+02 -1.024294104206851207e-02 9.999455205175465933e-01 2.610118449781265431e-03 -1.289752336606659178e+01 -3.335104242426991661e-01 -5.877068647691818630e-03 9.427291391516902097e-01 1.128747401817965113e+02
9.426446111931122696e-01 6.225882418120787416e-03 3.337423655815506818e-01 2.029639103393858193e+02 -7.511052807473320679e-03 9.999699083047609571e-01 2.560586894064600244e-03 -1.291446070545406322e+01 -3.337158594481292595e-01 -4.920459448292765180e-03 9.426619224253215412e-01 1.137474024414744491e+02
9.428976463291104393e-01 4.408020529638350012e-03 3.330558386500634405e-01 2.032616138301695230e+02 -5.255334845645522751e-03 9.999862391215622592e-01 1.643273428307495806e-03 -1.293791556960633216e+01 -3.330434896254424459e-01 -3.299740160630147863e-03 9.429067487324312991e-01 1.145995049112607234e+02
9.430203683817381943e-01 4.375620563601861565e-03 3.327086400361459750e-01 2.035718884979568486e+02 -4.569395966300295389e-03 9.999909423655441998e-01 -1.999607849304777419e-04 -1.295877187766339844e+01 -3.327059767022705894e-01 -1.331694803054459105e-03 9.430307264385147104e-01 1.154818671576115321e+02
9.431882472988301069e-01 3.750633462505761732e-03 3.322400762329563162e-01 2.038775449504610151e+02 -3.508466473319239286e-03 9.999943681160173847e-01 -1.328705990594720304e-03 -1.298333285349721322e+01 -3.322426601802089263e-01 8.758056792029068156e-05 9.431949959444539955e-01 1.163520464201236848e+02
9.436860157122772819e-01 4.116138409527889987e-03 3.308192436520687729e-01 2.041657606418215494e+02 -3.686354542972593296e-03 9.999927580043252995e-01 -1.926516532553598955e-03 -1.300135162492957086e+01 -3.308242498778118934e-01 5.985229429897196080e-04 9.436932504590814785e-01 1.171937355592878305e+02
9.439778968503959033e-01 3.635446318720649776e-03 3.299911107056829884e-01 2.044768893080828036e+02 -3.186442819181774765e-03 9.999945313553629811e-01 -1.901498535101173821e-03 -1.302305331561436397e+01 -3.299956959970880011e-01 7.434869507711391358e-04 9.439832036902285894e-01 1.180831202816356011e+02
9.444065598049247168e-01 3.425502941424719405e-03 3.287645606140779386e-01 2.047694307508398595e+02 -3.206423814120749026e-03 9.999955475157796814e-01 -1.208472747656001494e-03 -1.304696632175641646e+01 -3.287667165655538404e-01 8.714388757879471144e-05 9.444122209427719961e-01 1.189418152537063236e+02
9.447049652268465492e-01 3.901713400136486241e-03 3.279007938371863440e-01 2.050716291110569784e+02 -3.966798676197187332e-03 9.999934432958849095e-01 -4.703134598775671063e-04 -1.306972018683062053e+01 -3.278999615287139791e-01 -8.563946710276864466e-04 9.447131249633559102e-01 1.198195506699903774e+02
9.452112501587235371e-01 3.317035370227146111e-03 3.264449775307892154e-01 2.053643449264689878e+02 -3.393416730567847765e-03 9.999956120030590867e-01 -3.354566960495976606e-04 -1.309357262031180014e+01 -3.264441389275695160e-01 -7.906711150585477108e-04 9.452172270628336204e-01 1.206757228834805034e+02
9.456970167333453858e-01 4.040844900811035173e-03 3.250268621743119257e-01 2.056576042774484847e+02 -3.970715770994067730e-03 9.999931581018969284e-01 -8.790230991191469619e-04 -1.311345092926340428e+01 -3.250276726017983786e-01 -4.592846104504398337e-04 9.457054555411136265e-01 1.215438605059870270e+02
9.461524213868162114e-01 5.319585151582064547e-03 3.236803147185768892e-01 2.059526018651237109e+02 -5.284748260947860245e-03 9.999869832320099627e-01 -9.865331231351597788e-04 -1.313546190664049362e+01 -3.236808331546727757e-01 -7.771426719814953851e-04 9.461670693845608549e-01 1.224217479592812907e+02
9.466796561110438768e-01 3.298862711719991597e-03 3.221620733215149746e-01 2.062431026277871524e+02 -3.617193121746087054e-03 9.999948197165750008e-01 3.895385644888053997e-04 -1.315464852642771021e+01 -3.221586032270092881e-01 -1.534074024236355832e-03 9.466855286183994966e-01 1.232800726710509451e+02
9.471393209238436750e-01 1.850352581841276751e-03 3.208198030832026260e-01 2.065384545438748489e+02 -2.532315003496594767e-03 9.999967761009866951e-01 1.708515059225882956e-03 -1.317704384425914022e+01 -3.208150885718718537e-01 -2.430601073089549286e-03 9.471397895824653634e-01 1.241503002338320698e+02
9.477050538228394272e-01 2.235929100189774660e-03 3.191422931086073111e-01 2.068194801486565098e+02 -3.086917304398382588e-03 9.999943478082313764e-01 2.160752859096631232e-03 -1.319672152678717758e+01 -3.191351413857482222e-01 -3.032904100267382400e-03 9.477054258013301036e-01 1.249999517488432588e+02
9.482943854993151067e-01 1.339235387927501788e-03 3.173919393202023209e-01 2.071101431810035649e+02 -2.195863624485072749e-03 9.999963007930965375e-01 2.341309715030099117e-03 -1.321992824451989001e+01 -3.173871188943431787e-01 -2.917180980711650030e-03 9.482926361620276356e-01 1.258727721184771013e+02
9.488996632843345047e-01 -6.736950745984855715e-04 3.155798763667490570e-01 2.073896157427406877e+02 -1.538063298586363678e-05 9.999990766503186190e-01 2.181086715239627556e-03 -1.324088792394689662e+01 -3.155805458561529164e-01 -2.074468034836437439e-03 9.488975883812614809e-01 1.267226187779846782e+02
9.494640565761018891e-01 -1.763998381027630691e-04 3.138784224152181834e-01 2.076670759166268567e+02 -3.574743043714233423e-04 1.000000044604733906e+00 1.643396426483111072e-03 -1.326164820759392171e+01 -3.138782166991498923e-01 -1.672530890093346231e-03 9.494628406747916971e-01 1.275692895818634867e+02
9.500582686164882329e-01 -4.625599185720947722e-04 3.120749334001211572e-01 2.079463942792044691e+02 1.432318464836454237e-04 1.000000905257562689e+00 1.046220243564232417e-03 -1.328477126193454616e+01 -3.120751890284884644e-01 -9.492534482698590037e-04 9.500579979413916742e-01 1.284243292392875446e+02
9.507073879072021061e-01 -1.233845984443025269e-03 3.100897161002963420e-01 2.082094341848638805e+02 4.677971795320413537e-04 9.999981197257016285e-01 2.544820259016649863e-03 -1.330595303616613378e+01 -3.100917640334342473e-01 -2.274300931438059861e-03 9.507049796687379040e-01 1.292440348456040056e+02
9.515001721070215357e-01 -2.978906212441848750e-03 3.076365419323980888e-01 2.084750623317233078e+02 1.080156245206278110e-03 9.999807736133574654e-01 6.342214505468860876e-03 -1.332117862047124390e+01 -3.076490124165084383e-01 -5.702298642096596121e-03 9.514838958679937564e-01 1.300710046419381740e+02
9.521819075162465396e-01 -4.168297334298087971e-03 3.055060294669866283e-01 2.087275816715319650e+02 1.482332026175281177e-03 9.999596632951823771e-01 9.023378213396049397e-03 -1.333670433775178132e+01 -3.055308152231441809e-01 -8.139008901607991051e-03 9.521484764345349294e-01 1.308753996708715874e+02
9.529443596000251038e-01 -4.383946334580203497e-03 3.031163567258287617e-01 2.089790257015212376e+02 2.309855910960693579e-03 9.999728828489664600e-01 7.200798822494501768e-03 -1.335872673123658849e+01 -3.031392070172753139e-01 -6.161781176649593246e-03 9.529274371329998772e-01 1.316681682396356052e+02
9.536861735833485065e-01 -2.275793909173554497e-03 3.007976104769486958e-01 2.092223953859619598e+02 1.464381224493645304e-03 9.999961341870529097e-01 2.923032316540348074e-03 -1.337738418837489007e+01 -3.008026030185331767e-01 -2.347153030202086318e-03 9.536846090159344369e-01 1.324580358551192774e+02
9.544209011717333935e-01 -1.561187274885006860e-04 2.984667837513054756e-01 2.094531211247182512e+02 3.514432548947279402e-04 1.000001237726838799e+00 -6.007020882697426938e-04 -1.339828344446194741e+01 -2.984665651538982445e-01 6.782329820613660059e-04 9.544209230713690539e-01 1.332170005975723655e+02
9.551448575831844590e-01 1.189648531339897826e-03 2.961394860454895639e-01 2.096806587177189840e+02 -7.250316923158497268e-04 9.999998141385813000e-01 -1.678674615086309801e-03 -1.341608389543242552e+01 -2.961409404362697617e-01 1.388682052354477548e-03 9.551443182346105454e-01 1.339725148801380499e+02
9.559768814852914742e-01 5.511778998349505009e-04 2.934443968011014592e-01 2.098971052559686257e+02 -4.304197339134821520e-04 1.000001283546321673e+00 -4.760394480548171391e-04 -1.343444324555192537e+01 -2.934445484802681303e-01 3.287948594413389884e-04 9.559771144363984341e-01 1.346969868362655234e+02
9.568802888586532829e-01 -1.005260300100943886e-03 2.904837736877108889e-01 2.101133467986445851e+02 3.379911892793713616e-04 9.999986810177227126e-01 2.347317809578274884e-03 -1.345742530778755608e+01 -2.904852624387327387e-01 -2.147901173558909235e-03 9.568781300598243611e-01 1.354214216166544418e+02
9.581758605938259787e-01 -2.090543121683584478e-03 2.861754214829360099e-01 2.103114830222266960e+02 5.571353939355049283e-04 9.999865472050910586e-01 5.439659115329596902e-03 -1.347613086656900094e+01 -2.861824579933487933e-01 -5.052687562784412105e-03 9.581628960459422917e-01 1.361088774402131207e+02
9.595190933593902294e-01 -2.243227833701253848e-03 2.816377133034235203e-01 2.105057999345028179e+02 -5.475154275455888324e-06 9.999696340810504402e-01 7.983406634145104666e-03 -1.349393182177268891e+01 -2.816465932859766874e-01 -7.661745616170224406e-03 9.594887000270946320e-01 1.367855353446655045e+02
9.605641922247987186e-01 -1.111678436588734191e-03 2.780592075947636022e-01 2.106964874877289731e+02 -1.082657649302310810e-03 9.999709782729431229e-01 7.738006314029514596e-03 -1.351108244720769314e+01 -2.780592688009734248e-01 -7.733866339705999272e-03 9.605338633406028670e-01 1.374432483293251721e+02
9.616228910865148860e-01 3.261947770572193794e-04 2.743775524268093902e-01 2.108657501504579557e+02 -2.208069021245308034e-03 9.999776177821045886e-01 6.549943667138538768e-03 -1.352879741138387359e+01 -2.743688057846607742e-01 -6.904391890680699508e-03 9.616008327545746415e-01 1.380680785189293829e+02
9.624562214249989811e-01 1.745127717686120348e-03 2.714345437347741585e-01 2.110335526538925990e+02 -3.172200626669687516e-03 9.999848661384342918e-01 4.818905271657109197e-03 -1.353738843309743523e+01 -2.714215597761368004e-01 -5.499002357674758965e-03 9.624459330535548585e-01 1.386760958854501382e+02
9.629106006418693964e-01 5.256382474908716067e-03 2.697726539810618718e-01 2.111850888100836698e+02 -6.094134836149896900e-03 9.999803693525010084e-01 2.267994523848312557e-03 -1.355556024500843826e+01 -2.697549729276120800e-01 -3.827879786902742797e-03 9.629224678769960910e-01 1.392481932239693947e+02
9.629731857787945382e-01 5.162309785135097903e-03 2.695509988134104362e-01 2.113367617136089223e+02 -5.664396642535351675e-03 9.999848833916539226e-01 1.084934590459465682e-03 -1.357191368814822852e+01 -2.695408596867096551e-01 -2.571582213479202406e-03 9.629865989718762176e-01 1.398097691456774214e+02
9.634349500787512399e-01 6.345002216029967113e-03 2.678704789208393722e-01 2.114753118513101811e+02 -6.517072477345583689e-03 9.999802486200290996e-01 -2.467138173820602239e-04 -1.358848287250621212e+01 -2.678662918390868897e-01 -1.508016128129610264e-03 9.634559986784448915e-01 1.403328042051143427e+02
9.637961949648639060e-01 7.703918956340719860e-03 2.665319991193402793e-01 2.116146684609672377e+02 -7.225368470398465214e-03 9.999715610509500863e-01 -2.776044814883670171e-03 -1.359991551941783783e+01 -2.665453432049716409e-01 7.497712116030830253e-04 9.638231733642316224e-01 1.408445211943949857e+02
9.639292388563485137e-01 7.145398085528184215e-03 2.660660380381206780e-01 2.117523209877806778e+02 -6.095619900426510300e-03 9.999715614442576950e-01 -4.771133234149511730e-03 -1.362085137732544027e+01 -2.660921008096030493e-01 2.977214913249388601e-03 9.639440970970107880e-01 1.413447301083165542e+02
9.641702907019775726e-01 8.173300144523691288e-03 2.651614974972174021e-01 2.118745667054415946e+02 -7.291452211651055539e-03 9.999656578383560035e-01 -4.309841718512549824e-03 -1.363005276020576240e+01 -2.651871582485784140e-01 2.222027857554638962e-03 9.641954874643909879e-01 1.418157209614375063e+02
9.646149797715698471e-01 8.160622889642307060e-03 2.635396024154001426e-01 2.119979084720180538e+02 -7.559714570380566059e-03 9.999675335538547039e-01 -3.294112781411436940e-03 -1.364487854276252143e+01 -2.635574653276536727e-01 1.185285857111837348e-03 9.646440634434952921e-01 1.422841568321993293e+02
9.653754285509781319e-01 7.916938648742761001e-03 2.607477461762295889e-01 2.121180683524289350e+02 -7.333367034802445138e-03 9.999694930905446144e-01 -3.210884676291643133e-03 -1.366059648291992268e+01 -2.607647494421773682e-01 1.187571943977069368e-03 9.654027392855103473e-01 1.427416693100418570e+02
9.664800058597368126e-01 7.060305517181893892e-03 2.566482947980480156e-01 2.122361817375775104e+02 -6.364069188161474225e-03 9.999750156160149839e-01 -3.543253072634997957e-03 -1.367601861011757869e+01 -2.566664400724378847e-01 1.791180104437893736e-03 9.664994807072366800e-01 1.432022964839985093e+02
9.681756186425098942e-01 5.036532053685835973e-03 2.502247111578006500e-01 2.123453307307925400e+02 -4.321897494809089427e-03 9.999864088610951329e-01 -3.405316719720930668e-03 -1.369136321179694349e+01 -2.502380114984300019e-01 2.215522665569837242e-03 9.681829091991541736e-01 1.436469957445722230e+02
9.707790346201141674e-01 2.408399518847392871e-03 2.399668125389363693e-01 2.124527260518057972e+02 -1.726278189518289444e-03 9.999953995063588508e-01 -3.052673894031359466e-03 -1.370526818487926413e+01 -2.399726259203991685e-01 2.549246141954255879e-03 9.707773986918595277e-01 1.440963802237619973e+02
9.741016478671440382e-01 1.348900480901425334e-03 2.261105218324520050e-01 2.125493089426630320e+02 -5.890361795419417823e-04 9.999955015294392791e-01 -3.427968262252913383e-03 -1.371712164890968211e+01 -2.261137150457307177e-01 3.206026182507283866e-03 9.740967244642561029e-01 1.445473918011795718e+02
9.780086956665189346e-01 2.327277792390353844e-03 2.085554687031068166e-01 2.126257103324931279e+02 -1.365030397265170996e-03 9.999893015218392911e-01 -4.757616588875844023e-03 -1.373630796435833545e+01 -2.085639227019888964e-01 4.368328472363170595e-03 9.780000664561308010e-01 1.449892962891890988e+02
9.825161684871733803e-01 4.092754017571484729e-03 1.861371534933771721e-01 2.126925030359680306e+02 -3.167353551550092412e-03 9.999826555153092933e-01 -5.268664995586257692e-03 -1.374656354237215616e+01 -1.861551349512137188e-01 4.587009275385018139e-03 9.825107396800994985e-01 1.454255392730214282e+02
9.870361749606161306e-01 5.257658628854868475e-03 1.604174667498238505e-01 2.127385920725614596e+02 -4.546564755327941153e-03 9.999796984374140774e-01 -4.799453497275062673e-03 -1.375533286109980402e+01 -1.604391291115641605e-01 4.007911283395135769e-03 9.870386812220605099e-01 1.458577472185452848e+02
9.913650781415473956e-01 6.018245245850801714e-03 1.309995802383057684e-01 2.127668634654143602e+02 -5.640887082748272455e-03 9.999803590869401626e-01 -3.251447289536985724e-03 -1.376543408790462486e+01 -1.310163026029753652e-01 2.484450350465489121e-03 9.913781812877322519e-01 1.462867905262218358e+02
9.952665712330865944e-01 5.889606685668302873e-03 9.701337134443234478e-02 2.127864238814021860e+02 -5.836294467777463149e-03 9.999841781328491219e-01 -8.332279365463972614e-04 -1.377561338486406051e+01 -9.701652303357888307e-02 2.631218972967758391e-04 9.952838130872465605e-01 1.467109635031504808e+02
9.980960680398748286e-01 7.634333441205345787e-03 6.121919161619155531e-02 2.127805539268524342e+02 -7.757971925117963796e-03 9.999698753274319785e-01 1.782260352289057872e-03 -1.378648194974541497e+01 -6.120357521708251480e-02 -2.253762117170891779e-03 9.981238355779158411e-01 1.471335565769760478e+02
9.997045283120515879e-01 1.015644589876234065e-02 2.212560496464610615e-02 2.127579127110459183e+02 -1.025265346273579806e-02 9.999400124539250534e-01 4.239214210667388745e-03 -1.379766669524246048e+01 -2.208111603115702620e-02 -4.464761617048523638e-03 9.997472914435271418e-01 1.475520429705616152e+02
9.997035345380506088e-01 1.491235406172872896e-02 -1.929540227013010895e-02 2.127042321662492554e+02 -1.479070340866680058e-02 9.998714838722655429e-01 6.432258791509329159e-03 -1.380958130838224562e+01 1.938888205625382763e-02 -6.144913752806800515e-03 9.997942152895790136e-01 1.479646600359384649e+02
9.977950843427686456e-01 2.058478690326831853e-02 -6.311170760346364317e-02 2.126349516301517895e+02 -2.011155268526513065e-02 9.997662934340744156e-01 8.124664759969929193e-03 -1.381121652747697759e+01 6.326417286038162058e-02 -6.837430138469066318e-03 9.979744765519943384e-01 1.483651579303300423e+02
9.936620831942940546e-01 2.641619674438423424e-02 -1.092689880531687863e-01 2.125552172786269409e+02 -2.545583109400502420e-02 9.996257337799542286e-01 1.017497806897857057e-02 -1.381435190200775942e+01 1.094967711461115878e-01 -7.328911091497330998e-03 9.939612195870637379e-01 1.487665594228860755e+02
9.873056625192963009e-01 2.969810906125581323e-02 -1.560365978717771496e-01 2.124419487316693846e+02 -2.779407522757184126e-02 9.995119360963271582e-01 1.437073189740085272e-02 -1.381070250854659065e+01 1.563870464724993470e-01 -9.851360558154668295e-03 9.876478142845218633e-01 1.491584499561585631e+02
9.779873764693435279e-01 3.246034057714379528e-02 -2.061283405355621712e-01 2.123300594756541955e+02 -2.906419079869930824e-02 9.993892180001091585e-01 1.948347311921293928e-02 -1.381328013723088333e+01 2.066346224118498776e-01 -1.306357956725225263e-02 9.783320686891008311e-01 1.495321105005359072e+02
9.660353072622703818e-01 3.392465544979172271e-02 -2.561772579429145158e-01 2.121732657254525520e+02 -2.872361157072348195e-02 9.993003719248885197e-01 2.401810044007915770e-02 -1.381301676946256940e+01 2.568124946006205556e-01 -1.584393371097568212e-02 9.663324845098846261e-01 1.499092743527961034e+02
9.505949939172535501e-01 3.535813477193473775e-02 -3.084166952521018579e-01 2.120123268568265189e+02 -2.761663513436874579e-02 9.991868040411300278e-01 2.943142183561010122e-02 -1.381016990252325805e+01 3.092061092089996022e-01 -1.945985806828088097e-02 9.507970625374504436e-01 1.502667632955664203e+02
9.321019777949393070e-01 3.858304745439446182e-02 -3.601376908557425427e-01 2.118399039806821804e+02 -2.782490615903188483e-02 9.990010759933497519e-01 3.501120097243706764e-02 -1.381318146089254384e+01 3.611282726371563001e-01 -2.261313535634013050e-02 9.322430873375155969e-01 1.506124708385088979e+02
9.107372178701060861e-01 4.336863945852094393e-02 -4.107052442480221277e-01 2.116190587012084450e+02 -2.992495664501289634e-02 9.987883355516968820e-01 3.910911074950940147e-02 -1.380666480401468377e+01 4.119031255827436677e-01 -2.332771002823358017e-02 9.109301761910207906e-01 1.509458430789246677e+02
8.851379144403196397e-01 4.627040766819532497e-02 -4.630246736705397326e-01 2.114167959025012919e+02 -3.071411632221049751e-02 9.986850550903255685e-01 4.108492100084749216e-02 -1.379896277252823822e+01 4.643161614130836834e-01 -2.214435139858404386e-02 8.853938558269028869e-01 1.512580395161458853e+02
8.571589104148596983e-01 5.037101452822813352e-02 -5.125849169740697153e-01 2.111615082241245887e+02 -3.255166317459411152e-02 9.985163138204884437e-01 4.368900981989076032e-02 -1.378549602883649783e+01 5.140243054579435311e-01 -2.076285823599245337e-02 8.575255463371123099e-01 1.515527414593597371e+02
8.260375241254194201e-01 5.282500169654350680e-02 -5.611358743677551386e-01 2.109067228551706421e+02 -3.295082494907044385e-02 9.984230364569468552e-01 4.548466288523964757e-02 -1.377220790328581224e+01 5.626528755784745428e-01 -1.908207619241385211e-02 8.264742925871848556e-01 1.518355557536908407e+02
7.911036850354508099e-01 5.301828239069188847e-02 -6.093816322271986552e-01 2.106605517781470098e+02 -2.956979463397043512e-02 9.983881664741550699e-01 4.847545047279845642e-02 -1.375701009939693797e+01 6.109685817548233810e-01 -2.032974230739310884e-02 7.913951156017886568e-01 1.520981012770357665e+02
7.541809856032336556e-01 5.309543350814703577e-02 -6.545180490025804820e-01 2.103741375906391227e+02 -2.465057218087182700e-02 9.983139838133309185e-01 5.258055043133183504e-02 -1.375312984777144010e+01 6.562053209298790435e-01 -2.352092651859596234e-02 7.542171257814450636e-01 1.523594743882993328e+02
7.143152636331211447e-01 5.482344228810864806e-02 -6.976747576808461915e-01 2.101036004059481286e+02 -2.155596572170512260e-02 9.981789823040272402e-01 5.636702850805946213e-02 -1.374084641082205671e+01 6.994934512199316723e-01 -2.522469443507843398e-02 7.141951782483677569e-01 1.525928023695429090e+02
6.730672808719183609e-01 5.671710963923296683e-02 -7.374046311146267296e-01 2.097789777275349081e+02 -1.871050339612688462e-02 9.980434318211190980e-01 5.968596907700073062e-02 -1.372310478366055086e+01 7.393459311640674381e-01 -2.637537648913883953e-02 6.728105656073394281e-01 1.528074538888275526e+02
6.287732293437371389e-01 5.866478460691630648e-02 -7.753738870429076613e-01 2.094637347891190871e+02 -1.471283479587393375e-02 9.978706636207623770e-01 6.356782470740177104e-02 -1.370827523396898506e+01 7.774508478017004842e-01 -2.856171138993165298e-02 6.282965294181394045e-01 1.530036093117846576e+02
5.828223947025158447e-01 6.225149109101640876e-02 -8.102128218196393838e-01 2.091603086665475644e+02 -1.392155213956634136e-02 9.976814994352446453e-01 6.664097116169187540e-02 -1.370453881317282274e+01 8.124815806618895797e-01 -2.756034445796149215e-02 5.823368633295936680e-01 1.531702720970262135e+02
5.364993368433564891e-01 6.489043984881300020e-02 -8.414034159254205614e-01 2.088132433552379439e+02 -1.633306515348370222e-02 9.976525907369676593e-01 6.652627847653165560e-02 -1.368560602875042775e+01 8.437439016449440610e-01 -2.194853000001972462e-02 5.362989844425560815e-01 1.533188588323839951e+02
4.879814637393312671e-01 6.750026483319425397e-02 -8.702412470168690017e-01 2.084919339498443946e+02 -2.012443563768862367e-02 9.976119726782133323e-01 6.609514573030050855e-02 -1.365833239863513171e+01 8.726231624681723975e-01 -1.474002512848157816e-02 4.881737951372494000e-01 1.534428669541197792e+02
4.397465629637324902e-01 6.720468803671847402e-02 -8.956051157927161777e-01 2.081291013471833651e+02 -2.050988323333686678e-02 9.976894491869432446e-01 6.479447019615644510e-02 -1.364575943270084046e+01 8.978888539791950452e-01 -1.012432953756284802e-02 4.401081755733127765e-01 1.535599644092336575e+02
3.917194233532490522e-01 6.722252513422599662e-02 -9.176268664874343006e-01 2.077913794795395290e+02 -1.977425941732882317e-02 9.977137928427927127e-01 6.464815246858374165e-02 -1.362805668687918370e+01 9.198733417428518466e-01 -7.178491108652531802e-03 3.921525256638798140e-01 1.536585114748525882e+02
3.465308122165876581e-01 6.708439918482760056e-02 -9.356378184213939297e-01 2.074130066158867010e+02 -2.003288581280218000e-02 9.977428630036982993e-01 6.411773041083559943e-02 -1.361221882849418385e+01 9.378257716752569362e-01 -3.475195850819018904e-03 3.470919829217875008e-01 1.537464109667922401e+02
3.042015104364053646e-01 6.639436838195933444e-02 -9.502922086483893693e-01 2.070498172910945129e+02 -2.210126987543191771e-02 9.977931706461359296e-01 6.263822177743831598e-02 -1.359695650157646973e+01 9.523523907831904500e-01 1.948061672520203652e-03 3.049970956239746456e-01 1.538221868412699678e+02
2.660001373441716055e-01 6.623004301638463209e-02 -9.616961933339273072e-01 2.066882157684569563e+02 -2.377847682649339087e-02 9.977858600025077962e-01 6.213846977231891888e-02 -1.356511430555414144e+01 9.636807641397020507e-01 6.338863257427894242e-03 2.669855847649462710e-01 1.538839695777674876e+02
2.321905516952342263e-01 6.387523794818349143e-02 -9.705717723498102911e-01 2.062968447901318996e+02 -1.944069674992904631e-02 9.979484439303971666e-01 6.102614689588414798e-02 -1.354684052008373385e+01 9.724771011198813930e-01 4.698933379518906508e-03 2.329555878682589010e-01 1.539524703564483730e+02
2.024024404603060323e-01 6.277706404730273859e-02 -9.772892918748303792e-01 2.059271633875122234e+02 -1.108978656926523990e-02 9.980277889896076449e-01 6.181246477236616160e-02 -1.352930967441329990e+01 9.792407148032007402e-01 -1.673017053758960124e-03 2.026990987747841477e-01 1.540198092568229242e+02
1.781293697454346403e-01 6.398478814538866022e-02 -9.819256314607177627e-01 2.055132146428300359e+02 -4.561818090602335132e-03 9.979282448516553217e-01 6.420001351720228122e-02 -1.351361691938687315e+01 9.839975743883369041e-01 -6.956485923154145240e-03 1.780519071100688244e-01 1.540823312905817772e+02
1.556005506691419404e-01 6.668430189498839034e-02 -9.855677275685384986e-01 2.051071978970030045e+02 -8.025328335945720870e-03 9.977728620373589319e-01 6.624308552678204176e-02 -1.348269541366251900e+01 9.877885264966923540e-01 -2.397906287705946302e-03 1.557888924796888563e-01 1.541203184877705326e+02
1.357986243526714265e-01 6.970765461795136453e-02 -9.882821717418679430e-01 2.046797418123252328e+02 -1.201093984459509004e-02 9.975658526466412157e-01 6.871206980012756205e-02 -1.346153354765730370e+01 9.906647187594737058e-01 2.539235906472094798e-03 1.363050743221397576e-01 1.541552842103651813e+02
1.210947357443345335e-01 7.235096532133837577e-02 -9.900017574946852195e-01 2.042414022366264135e+02 -1.581045882595821100e-02 9.973558699096253255e-01 7.095452634450172269e-02 -1.343003363801915917e+01 9.925161023072168742e-01 7.060199607545454559e-03 1.219182162968152350e-01 1.541916842117413751e+02
1.072236787120335599e-01 7.184644185281233164e-02 -9.916366524105141300e-01 2.037779226711314493e+02 -1.338225999682189291e-02 9.974011743246705697e-01 7.081710667575794038e-02 -1.341018934079780500e+01 9.941459244656181138e-01 5.677107478240871197e-03 1.079062788297984604e-01 1.542331439546061915e+02
9.137901266620722385e-02 6.694547646189456802e-02 -9.935644252034878665e-01 2.033183000170509160e+02 -8.959163329017878069e-03 9.977542413623931017e-01 6.640380840096218873e-02 -1.339071458124282721e+01 9.957769479156352022e-01 2.833633977424308056e-03 9.177338367559011167e-02 1.542717351304566478e+02
7.510438945575756420e-02 6.139482134281819270e-02 -9.952849381472115287e-01 2.028345296360580789e+02 -4.206675801846975968e-03 9.981151092761069155e-01 6.125197393531104512e-02 -1.336341514833947564e+01 9.971678670733755689e-01 -4.134014723171429515e-04 7.522092782329964367e-02 1.543034995424792157e+02
5.740941697284636380e-02 5.845854360957575963e-02 -9.966387827821001633e-01 2.023417007919196351e+02 3.687668840477585273e-04 9.982845052832376442e-01 5.857632568979254800e-02 -1.333257161826169401e+01 9.983517139638811155e-01 -3.730303675717285862e-03 5.728923286824644939e-02 1.543299147683729871e+02
4.147127370902114335e-02 5.966224219992313782e-02 -9.973578390504451718e-01 2.018093163664904353e+02 3.065067116851469785e-03 9.982048972627198813e-01 5.984037142376971014e-02 -1.331164710650031324e+01 9.991360581239272509e-01 -5.538565900600559040e-03 4.121384545046549719e-02 1.543394686346702258e+02
2.637711760408361847e-02 6.375602254633361277e-02 -9.976179316381713624e-01 2.012574914774743036e+02 -1.034819931145921571e-04 9.979659134439341495e-01 6.377553473467779954e-02 -1.327565061527262102e+01 9.996531199912355170e-01 -1.578924651786217876e-03 2.632996719336579833e-02 1.543354122591202895e+02
1.218656471148612391e-02 6.636428044322019437e-02 -9.977221009301602273e-01 2.006819927523864067e+02 -5.528409080476591290e-03 9.977860059106613555e-01 6.630101342429726985e-02 -1.324734477529901788e+01 9.999115224985118955e-01 4.707879527535349488e-03 1.252640017147448222e-02 1.543236563352328119e+02
6.878407222160562743e-04 6.751429057180108328e-02 -9.977191330897148269e-01 2.001082251790662383e+02 -7.537478639179043260e-03 9.976919678199670516e-01 6.750726395301931415e-02 -1.321322933252933929e+01 9.999724225170693037e-01 7.473893377468680127e-03 1.195086378370318952e-03 1.543084022645855669e+02
-7.388840796695103803e-03 6.758630192392708902e-02 -9.976871369667500433e-01 1.994959004771594380e+02 -8.914912757536802915e-03 9.976708628231204523e-01 6.765123619496458962e-02 -1.317792194228260882e+01 9.999340343050692193e-01 9.394193677375022727e-03 -6.769145154589220614e-03 1.542990898812104490e+02
-1.236380009115729990e-02 6.790321245296036812e-02 -9.976163684828560640e-01 1.988777782385690216e+02 -9.503038786513085673e-03 9.976401826825813668e-01 6.802262327371833006e-02 -1.314740064371778949e+01 9.998794811000997207e-01 1.032143972550963844e-02 -1.168936962474277988e-02 1.542740266617344389e+02
-1.628320065274588280e-02 6.832339958531068180e-02 -9.975314029948719741e-01 1.982371415398291674e+02 -1.142692864403412750e-02 9.975863964313679277e-01 6.851371053836459446e-02 -1.311448957628146594e+01 9.998031972803533840e-01 1.251437344579566305e-02 -1.546319920728226639e-02 1.542615939269057321e+02
-1.884838801559295465e-02 6.847184259397762207e-02 -9.974760528595957298e-01 1.975688221710308028e+02 -1.411429097843444960e-02 9.975362435444836695e-01 6.874269854851519645e-02 -1.307778834616116548e+01 9.997238035292096425e-01 1.537438214536664995e-02 -1.783554054985879087e-02 1.542429706478668265e+02
-2.012259605833331341e-02 6.783868414907402722e-02 -9.974944248360192445e-01 1.969006170561607689e+02 -1.814804421177516544e-02 9.975078765745187814e-01 6.820572462274016035e-02 -1.304408644212418977e+01 9.996338808931111153e-01 1.947506736277385825e-02 -1.884132695078542113e-02 1.542184108326222542e+02
-1.847542055057863064e-02 6.717625231210658243e-02 -9.975711224689475243e-01 1.962005996939265628e+02 -2.466683372792298490e-02 9.974077103217346973e-01 6.762211178007460077e-02 -1.300299894117942934e+01 9.995260773582772540e-01 2.585627578732596632e-02 -1.677052117002829010e-02 1.541972249437352218e+02
-1.335950485306462363e-02 6.698300700176740285e-02 -9.976657466277353281e-01 1.954960600695208086e+02 -3.044819288091796944e-02 9.972654438481473038e-01 6.736388309753996162e-02 -1.296591425937898912e+01 9.994481548958806805e-01 3.127706312240380315e-02 -1.128348586766408229e-02 1.541812300431839731e+02
-4.422601584077093077e-03 6.726743247164349015e-02 -9.977262574276416496e-01 1.947521460849355037e+02 -3.565833052955869054e-02 9.970914724499924109e-01 6.738272581149230833e-02 -1.292485559914427107e+01 9.993553505321892683e-01 3.587524458764171364e-02 -2.011132555771782439e-03 1.541713014654637846e+02
4.300339458977168149e-03 6.821376964519125508e-02 -9.976625414926535429e-01 1.940113789957206052e+02 -3.799915053576904261e-02 9.969629508875242907e-01 6.800217023989713061e-02 -1.288426114507308462e+01 9.992696189866517864e-01 3.761788125428968538e-02 6.879294123792188513e-03 1.541722514911753024e+02
1.443655701085340241e-02 6.835561022089825522e-02 -9.975576490303450505e-01 1.932375048578147982e+02 -4.114536627210834546e-02 9.968577992809822819e-01 6.771222562759286745e-02 -1.284707592092799011e+01 9.990499762464226663e-01 4.006732190676946109e-02 1.720364387790223465e-02 1.541837786614950119e+02
2.387780994150640046e-02 6.824930897576689248e-02 -9.973836026546299971e-01 1.924687062128471382e+02 -4.353148034205681083e-02 9.967933594404219111e-01 6.716677567557965967e-02 -1.280559165649583342e+01 9.987677815069896381e-01 4.181376547558475487e-02 2.677215544613500628e-02 1.541982035681045033e+02
3.358395169100016064e-02 6.806424482849063318e-02 -9.971166185375683888e-01 1.916715502859088929e+02 -4.630108719251854049e-02 9.967147751353001572e-01 6.647736131983288110e-02 -1.275775823293448852e+01 9.983639393800112227e-01 4.393498216096067277e-02 3.662497090834468394e-02 1.542240448554988177e+02
4.473097396241083878e-02 6.761407852427690768e-02 -9.967094132579397137e-01 1.908447008275815904e+02 -4.856707356695104394e-02 9.966760990320550073e-01 6.543220851758500822e-02 -1.271406971422795706e+01 9.978189285598272340e-01 4.548038021973893619e-02 4.786599093821948536e-02 1.542585874450408880e+02
5.436348554664015287e-02 6.813348532288746040e-02 -9.961950714204113044e-01 1.900195885652576635e+02 -5.089880905646422538e-02 9.965631010867708195e-01 6.538106511465791026e-02 -1.266945398442612714e+01 9.972242288082866501e-01 4.715076539800829719e-02 5.764442119919660490e-02 1.543019484586340013e+02
6.613651536929043839e-02 6.909077499633742292e-02 -9.954168005861544488e-01 1.891563771832164207e+02 -5.238413196685479806e-02 9.964662620038109431e-01 6.568317535524619000e-02 -1.262496743288265222e+01 9.964357009163630208e-01 4.779995301017930798e-02 6.952191226475250285e-02 1.543593250634731646e+02
7.596295970665291331e-02 7.111855036811517983e-02 -9.945722516363763033e-01 1.883008160194216885e+02 -5.456568125701452554e-02 9.962566947166974218e-01 6.707142202456031765e-02 -1.257711192382223153e+01 9.956176266547379639e-01 4.917453120498367636e-02 7.955906879488204575e-02 1.544204715863759816e+02
8.575172413239842695e-02 7.273064253977547244e-02 -9.936594385158101783e-01 1.874061293249720848e+02 -5.391680741509443514e-02 9.962109901640850973e-01 6.826445676085469982e-02 -1.253512399049644266e+01 9.948577123927251353e-01 4.772111387320376874e-02 8.934802967624395909e-02 1.544966989124513930e+02
9.379776697857244994e-02 7.432081108675617220e-02 -9.928144787452991560e-01 1.865386088253200114e+02 -5.579184992116557190e-02 9.960368575666632696e-01 6.929102106217296941e-02 -1.249319165071419135e+01 9.940279210870859306e-01 4.889157343384074178e-02 9.757233046773559904e-02 1.545758221027733157e+02
1.026979636377138433e-01 7.567418994115907016e-02 -9.918310036630290094e-01 1.856607984944261318e+02 -5.752484444476575060e-02 9.958867749017057402e-01 7.002730650307303906e-02 -1.244828451147526494e+01 9.930489833760564045e-01 4.986322040240853681e-02 1.066284777474312551e-01 1.546655818780372158e+02
1.103748311959960454e-01 7.657828614654065003e-02 -9.909366075879119107e-01 1.847874747737203620e+02 -5.952713214630751815e-02 9.957484946833348172e-01 7.031975915879913608e-02 -1.240047133151609238e+01 9.921069479041773054e-01 5.122603893882799603e-02 1.144638341114372626e-01 1.547650576990590991e+02
1.154044699379211253e-01 7.641982275131840863e-02 -9.903756951522925123e-01 1.839123573929149984e+02 -5.715397934378645128e-02 9.958969696656175818e-01 7.018594551919586644e-02 -1.235578530851922885e+01 9.916740979156796199e-01 4.850410109401900177e-02 1.192984264781828119e-01 1.548679121530777252e+02
1.202636276023276440e-01 7.591299197063043624e-02 -9.898363885458261180e-01 1.830346101942847099e+02 -5.526073182134708106e-02 9.960397164596543895e-01 6.967465477651119121e-02 -1.231790713863270170e+01 9.912039151115271673e-01 4.631972089942452964e-02 1.239821168566671850e-01 1.549783748660179299e+02
1.225048325480744688e-01 7.517068936395648882e-02 -9.896181771719607667e-01 1.821551036696361621e+02 -5.486765508764394894e-02 9.961172479758261256e-01 6.887229531950943284e-02 -1.227205417637764739e+01 9.909512609236228453e-01 4.586080609397148733e-02 1.261533730319997770e-01 1.550834733264181864e+02
1.242683218012553409e-01 7.534985411687065981e-02 -9.893846524131180153e-01 1.812848809785220965e+02 -5.516900665662378966e-02 9.960964940863168415e-01 6.893170869511525134e-02 -1.222891661919003781e+01 9.907149256865537268e-01 4.601730750978495765e-02 1.279399702950737849e-01 1.551925832207184897e+02
1.247239805056990364e-01 7.443392817994912147e-02 -9.893966508581216734e-01 1.803973434187474254e+02 -5.486712111174668616e-02 9.961753418098585611e-01 6.802732686918357141e-02 -1.218554290870767076e+01 9.906744341227351480e-01 4.580067706535886213e-02 1.283306809133003268e-01 1.553002774834599506e+02
1.259454766667099102e-01 7.373775326996367951e-02 -9.892940392742632927e-01 1.795143789092132351e+02 -5.542538472520464055e-02 9.962008313265323656e-01 6.719644758750621671e-02 -1.214345945750983446e+01 9.904888046175257532e-01 4.636888409015627044e-02 1.295536824306338097e-01 1.554097272367042990e+02
1.273685757058250212e-01 7.308568165168009834e-02 -9.891602234763843260e-01 1.786231353124190093e+02 -5.504562234291521250e-02 9.962670946640564962e-01 6.652288386298867151e-02 -1.210078601597215808e+01 9.903279970716510894e-01 4.597598721117883425e-02 1.309159139984382991e-01 1.555241624294296514e+02
1.282438701869798581e-01 7.286449408397054073e-02 -9.890634436342856661e-01 1.777343093784450900e+02 -5.559872800873370824e-02 9.962588500119607948e-01 6.618555489450891893e-02 -1.205988372871347281e+01 9.901841305806868831e-01 4.650274821704723088e-02 1.318150074084622758e-01 1.556341946370419009e+02
1.288689384257176163e-01 7.318142567596155890e-02 -9.889587991444339643e-01 1.768496976774606253e+02 -5.554862152875242320e-02 9.962419130306625625e-01 6.648196597106635630e-02 -1.201932277256148396e+01 9.901057892428413165e-01 4.636780295974163302e-02 1.324495086077529526e-01 1.557487158545550869e+02
1.289540220994930542e-01 7.315060833863007428e-02 -9.889499929180388671e-01 1.759561092150584329e+02 -5.554886598393459635e-02 9.962442406454580235e-01 6.644687548977944169e-02 -1.198174293486238184e+01 9.900947022094677141e-01 4.636642283378057672e-02 1.325328786110317736e-01 1.558597592167709536e+02
1.285402900321548358e-01 7.323527355683165374e-02 -9.889975887984252534e-01 1.750689860144307488e+02 -5.658875907406246686e-02 9.961879806850703067e-01 6.641287979167255495e-02 -1.194093512855952532e+01 9.900896141882306045e-01 4.742937734109063663e-02 1.321943289939382371e-01 1.559679086130676353e+02
1.283207845806838832e-01 7.304143583760712433e-02 -9.890404298885284717e-01 1.741881001443099137e+02 -5.730428229545131424e-02 9.961657086988060517e-01 6.613284224934745659e-02 -1.189720834741244282e+01 9.900769361735377583e-01 4.818999507098053331e-02 1.320140967682353894e-01 1.560796087129241698e+02
1.275713456404489743e-01 7.133546491588034499e-02 -9.892618722586546953e-01 1.733004705878961431e+02 -5.536900089217165755e-02 9.963687281658121231e-01 6.470778204773329489e-02 -1.186298887809805613e+01 9.902838896502657029e-01 4.651954728076644618e-02 1.310576147799516200e-01 1.561908248927808529e+02
1.266563023536675658e-01 7.065952815201446968e-02 -9.894279463348475412e-01 1.724221157132847395e+02 -5.770081340596801278e-02 9.962972765395664565e-01 6.376385116365623773e-02 -1.182738013721783688e+01 9.902682282768424660e-01 4.901466433555749791e-02 1.302641837101347344e-01 1.562978735075844270e+02
1.257716934087068916e-01 7.153958155308591527e-02 -9.894775493354617257e-01 1.715278045006728860e+02 -5.885633458220115855e-02 9.961795132551015675e-01 6.454296612739959804e-02 -1.178519667713474561e+01 9.903129748980809000e-01 5.011930197373086482e-02 1.295014812778403634e-01 1.564083140218340304e+02
1.251154548656156218e-01 7.424628335973616766e-02 -9.893613449541367455e-01 1.706405992092447264e+02 -5.853828382407004483e-02 9.960129154468381207e-01 6.734265954332092907e-02 -1.174265948165857587e+01 9.904149473290418948e-01 4.948986857971315878e-02 1.289625997040798888e-01 1.565150225990227568e+02
1.244445795311842490e-01 7.636185027051241303e-02 -9.892849320293861659e-01 1.697419714291072523e+02 -5.787951668560397528e-02 9.958968278455444523e-01 6.959142030365007836e-02 -1.169920990687281126e+01 9.905381789530355308e-01 4.859902054585903131e-02 1.283534903525242465e-01 1.566249110086003213e+02
1.243600066317989833e-01 7.613219817760662200e-02 -9.893132676664853076e-01 1.688556313399427609e+02 -5.834438271356429118e-02 9.958897314015706659e-01 6.930421327324405578e-02 -1.166528048231622883e+01 9.905215281283232809e-01 4.910216051835886858e-02 1.282904809301859961e-01 1.567334032331244202e+02
1.243919053007644104e-01 7.523571835918062278e-02 -9.893778426540950077e-01 1.679679062490890544e+02 -5.910527805429088843e-02 9.959141345716256977e-01 6.830161880569764199e-02 -1.162300188017527525e+01 9.904724106545861328e-01 4.998124444940938577e-02 1.283302249611087964e-01 1.568416982188542192e+02
1.242059616555089285e-01 7.525452155088767359e-02 -9.893997738841252554e-01 1.670807055319960170e+02 -6.039551584173896703e-02 9.958462238984923109e-01 6.816300383720838574e-02 -1.158210562526984511e+01 9.904179131304117201e-01 5.128901572367647321e-02 1.282348160002661219e-01 1.569492125847334307e+02
1.254913420241609290e-01 7.524771472886836177e-02 -9.892380816377676078e-01 1.661876460796072479e+02 -5.953625507954416612e-02 9.958953249877368075e-01 6.820155398718225070e-02 -1.154242619681556192e+01 9.903079022881232651e-01 5.033678494828194155e-02 1.294559482590423027e-01 1.570611934382205561e+02
1.266533830309409248e-01 7.590775506787617033e-02 -9.890395436488440550e-01 1.652988870628913958e+02 -6.006234348125446404e-02 9.958269017884486818e-01 6.873729262206985935e-02 -1.149890780453665151e+01 9.901281876702726636e-01 5.069818313625298195e-02 1.306837807819438146e-01 1.571717184741410165e+02
1.288173588294116989e-01 7.607021071590538974e-02 -9.887475400230899547e-01 1.644124477375280264e+02 -5.990617973320189193e-02 9.958312579131779474e-01 6.881043798054260752e-02 -1.145846859591238420e+01 9.898584411998178068e-01 5.036807015805633281e-02 1.328371613940683427e-01 1.572849573103798377e+02
1.301303420394557819e-01 7.589320745232593091e-02 -9.885891996567492956e-01 1.635289972165039387e+02 -6.018075862828485556e-02 9.958342014652015184e-01 6.852767780150724464e-02 -1.141748592193146372e+01 9.896700301293994695e-01 5.057647676639540762e-02 1.341552865099063518e-01 1.573980690378341478e+02
1.312719830572675606e-01 7.513485396672936467e-02 -9.884961895572202950e-01 1.626510611376044722e+02 -6.003721594069181405e-02 9.958978133994710324e-01 6.772453547340975821e-02 -1.137694279930555652e+01 9.895279704775659102e-01 5.045618408627825652e-02 1.352440912350539870e-01 1.575128359646603826e+02
1.321849443007380720e-01 7.405446727874168134e-02 -9.884560563825700585e-01 1.617654482301238090e+02 -5.949504805200885038e-02 9.960019319826008966e-01 6.666361801909398421e-02 -1.133834807230414299e+01 9.894391827714309473e-01 4.999627439654584504e-02 1.360620506034236066e-01 1.576297697062266252e+02
1.325979752954668800e-01 7.343071493349351275e-02 -9.884472721580805921e-01 1.608878080448373566e+02 -5.987803682623088486e-02 9.960257466481858835e-01 6.596122084801926688e-02 -1.130052381841010956e+01 9.893608129305856425e-01 5.043991909838024118e-02 1.364676011585788384e-01 1.577422887241849878e+02
1.332828893843720219e-01 7.324020079360168967e-02 -9.883692911004375858e-01 1.600154857282699652e+02 -5.996168186454830379e-02 9.960365003273464746e-01 6.572245944845123145e-02 -1.126267618161458728e+01 9.892637130327045503e-01 5.050456240013623255e-02 1.371459440946466990e-01 1.578593647313561235e+02
1.337372475437620667e-01 7.351062488096793412e-02 -9.882878372492529540e-01 1.591442398919378718e+02 -6.063102241894555849e-02 9.959856765489898400e-01 6.587849584610057374e-02 -1.122399942892488589e+01 9.891615961134365698e-01 5.111044892697604036e-02 1.376571187750038061e-01 1.579730763601442618e+02
1.344833493237948818e-01 7.365814315503016463e-02 -9.881756033977596720e-01 1.582684045459918423e+02 -6.006323094372509330e-02 9.960075447987493114e-01 6.606778576557546800e-02 -1.119012756196734237e+01 9.890950793890569415e-01 5.046795910073238051e-02 1.383702903708754206e-01 1.580890370647124712e+02
1.354279915616143914e-01 7.416667730042447726e-02 -9.880085428630576150e-01 1.573910656644909523e+02 -5.873584183494933580e-02 9.960433123583244397e-01 6.671881339596198723e-02 -1.114420674045388893e+01 9.890459054309684861e-01 4.899587776201619338e-02 1.392481019931728070e-01 1.582065912567910857e+02
1.359882529382128447e-01 7.452077883377972167e-02 -9.879049441766737383e-01 1.565267211141008943e+02 -5.850317210710064691e-02 9.960327024957680297e-01 6.708074548717871122e-02 -1.110833689177743544e+01 9.889828202611588015e-01 4.867333670526666212e-02 1.398081609475945453e-01 1.583165665383446026e+02
1.363691873747190364e-01 7.413996276277452779e-02 -9.878810880987957121e-01 1.556577966684549494e+02 -5.859468833432998625e-02 9.960552442045267352e-01 6.666490597407975782e-02 -1.106922083031071224e+01 9.889249489793078274e-01 4.879350356678519018e-02 1.401751638026983160e-01 1.584320812724825487e+02
1.367449456014310782e-01 7.276176684214435975e-02 -9.879316167540039828e-01 1.547925315029063995e+02 -5.777062698862708151e-02 9.961889617346514347e-01 6.537359239241873066e-02 -1.103082009703454425e+01 9.889215461207514490e-01 4.813387980842747521e-02 1.404270081981364715e-01 1.585486269511852129e+02
1.371437802794572280e-01 7.089290608388200410e-02 -9.880122076968100853e-01 1.539193841371315159e+02 -5.837289595256853203e-02 9.962824494729528579e-01 6.338372029359615190e-02 -1.099583857246363294e+01 9.888309465244323748e-01 4.898040896570373531e-02 1.407718728402635733e-01 1.586673810515263483e+02
1.379396047809966219e-01 6.950185722479827743e-02 -9.880002539384077354e-01 1.530496125682660988e+02 -5.866700745750694918e-02 9.963585206925524851e-01 6.189904754297095163e-02 -1.096204747726659257e+01 9.887028371462687204e-01 4.942464520820430418e-02 1.415144725931588576e-01 1.587870042269678663e+02
1.386146576031486721e-01 6.943482426809824415e-02 -9.879104858841553094e-01 1.521709012772020344e+02 -5.973281066599203659e-02 9.963110037013270803e-01 6.164409437777417650e-02 -1.092380367463553981e+01 9.885446005377308554e-01 5.046585047774327509e-02 1.422505473350957894e-01 1.589082973154484648e+02
1.399891703723934733e-01 6.967941263566744536e-02 -9.876994283715283540e-01 1.512868019332650249e+02 -5.883932097061011363e-02 9.963452040132251275e-01 6.194991045737836821e-02 -1.088748096000742116e+01 9.884044853804545561e-01 4.944320518507922674e-02 1.435771282800429038e-01 1.590348722620171600e+02
1.407058501414317764e-01 7.005034602719485692e-02 -9.875713510942484286e-01 1.504088993152556100e+02 -5.885892027312569080e-02 9.963231536937862121e-01 6.228511733077932849e-02 -1.085180025176294549e+01 9.883015493947545638e-01 4.936346063220029695e-02 1.443112816591508862e-01 1.591580571380002880e+02
1.418771220696415092e-01 6.994131830165201125e-02 -9.874114975585978060e-01 1.495108491634226198e+02 -5.910323405065461694e-02 9.963214854952403554e-01 6.208014885446887926e-02 -1.081563003236767528e+01 9.881195059045534412e-01 4.955142220677107023e-02 1.454886775346677652e-01 1.592835668105109903e+02
1.426239105183866041e-01 7.016186322971522393e-02 -9.872882590547797932e-01 1.486236413990492622e+02 -5.872441773246558222e-02 9.963288506040703929e-01 6.232100229099492295e-02 -1.077850678982822075e+01 9.880345803313508313e-01 4.908942589790832312e-02 1.462202259130852278e-01 1.594090472240453948e+02
1.440742341450256259e-01 7.086782474107287955e-02 -9.870272236586227210e-01 1.477312601646593464e+02 -5.576041421752357674e-02 9.964308222099832468e-01 6.340377995731734384e-02 -1.073793493009317324e+01 9.879958820780443407e-01 4.590216407395309589e-02 1.475113202203567064e-01 1.595452051330044014e+02
1.450652147805655823e-01 7.299947082097631157e-02 -9.867266781615980920e-01 1.468314144328377040e+02 -5.342055753860495276e-02 9.963996056747479457e-01 6.586138930506328648e-02 -1.069801864629667065e+01 9.879801625885707983e-01 4.315726585686804201e-02 1.484422897444278855e-01 1.596777663961138956e+02
1.458852525213444329e-01 7.305166912231364496e-02 -9.866019073868883549e-01 1.459303409987911664e+02 -5.485022672089881479e-02 9.963351012630681236e-01 6.566185640984642524e-02 -1.065949393556744340e+01 9.877810625050855720e-01 4.453621266904242426e-02 1.493571924117844396e-01 1.598045431180563014e+02
1.470289711727690851e-01 7.009323628358345160e-02 -9.866467472022160123e-01 1.450197329196336966e+02 -5.559171167105796119e-02 9.964968040646531300e-01 6.250879915418375288e-02 -1.061767656516299674e+01 9.875700106548775947e-01 4.565874511294136517e-02 1.504101960224269730e-01 1.599447346758269930e+02
1.469571572251500424e-01 6.778495610607794541e-02 -9.868187161475040492e-01 1.441191273679967537e+02 -5.715133716032846922e-02 9.965661899702273896e-01 5.994353941560512378e-02 -1.058542148666240124e+01 9.874916734832512866e-01 4.758884162880765850e-02 1.503262301240103072e-01 1.600740050933415262e+02
1.477444183540329581e-01 6.614044767654322921e-02 -9.868127570073601529e-01 1.432078852197242043e+02 -5.659481533968973438e-02 9.966937286795757300e-01 5.832941409912769520e-02 -1.054003174029904066e+01 9.874062514485197894e-01 4.723060499161183673e-02 1.509988310729624694e-01 1.602087892487402314e+02
1.468503624791476780e-01 6.624143417342578943e-02 -9.869394286870194488e-01 1.422875505137540415e+02 -5.706816515520221622e-02 9.966624529386696185e-01 5.840264898742572597e-02 -1.050792784409973990e+01 9.875123763862582171e-01 4.774633507252035169e-02 1.501402064893077037e-01 1.603378128445163497e+02
1.453226477064907540e-01 6.684251190808557230e-02 -9.871250184237266856e-01 1.413732982412412014e+02 -5.584655055490569259e-02 9.966805742592703687e-01 5.926794574007820948e-02 -1.046908371106149538e+01 9.878081743786489843e-01 4.651451753901719721e-02 1.485728742986435202e-01 1.604706923913269065e+02
1.421819227937144436e-01 6.716433301110824594e-02 -9.875604546339892265e-01 1.404416144856639050e+02 -5.480210421806448046e-02 9.967010090880941142e-01 5.989597754237029059e-02 -1.043078967381908306e+01 9.883235973495086979e-01 4.560423087025304578e-02 1.453933109025092596e-01 1.606030606222870176e+02
1.383271034366509444e-01 6.713439561606444894e-02 -9.881098040940566873e-01 1.395149664460006420e+02 -5.334625517130390376e-02 9.967584164245330003e-01 6.025398370233096129e-02 -1.039829246353885495e+01 9.889500991509987404e-01 4.437716558999289101e-02 1.414597785352262327e-01 1.607312878558948910e+02
1.340162476861724294e-01 6.713987072297124270e-02 -9.887033351909154666e-01 1.385888238165383939e+02 -5.321785371021207217e-02 9.967520231233976125e-01 6.047289798594342874e-02 -1.036021566672290284e+01 9.895504109954194050e-01 4.451228434683494883e-02 1.371537180921633958e-01 1.608545590633055724e+02
1.289079937247226693e-01 6.725842714981364323e-02 -9.893742652757290257e-01 1.376472190037754046e+02 -5.309857968301969627e-02 9.967360111087655294e-01 6.084055088092237690e-02 -1.032301078807032546e+01 9.902352156192923971e-01 4.469150006833949584e-02 1.320582868872361981e-01 1.609697546592598485e+02
1.238948162873867720e-01 6.821285735438718800e-02 -9.899492340040754179e-01 1.367073091324671452e+02 -5.323879255559667983e-02 9.966563332802276243e-01 6.201204411045143500e-02 -1.028027553322866616e+01 9.908674074302408208e-01 4.502069503278845891e-02 1.271118512751976404e-01 1.610804301981158062e+02
1.184803714195328816e-01 6.927511581574870292e-02 -9.905381203723500061e-01 1.357489906262687498e+02 -5.343456800977160193e-02 9.965645558071347665e-01 6.330517207752175968e-02 -1.023701861998170415e+01 9.915188675120323314e-01 4.542851836322914227e-02 1.217747599162762595e-01 1.611861930417314852e+02
1.140790863062080968e-01 6.915434415676605107e-02 -9.910630905601710561e-01 1.347973775976582829e+02 -5.436706451994817446e-02 9.965159275964797780e-01 6.327676668007516103e-02 -1.019601675393611906e+01 9.919842267202629849e-01 4.666259545232070982e-02 1.174410913905627879e-01 1.612873390083829293e+02
1.112446637354453649e-01 6.691080378630266667e-02 -9.915391989745249157e-01 1.338570752287588732e+02 -5.560843427075173873e-02 9.965886251203786017e-01 6.101262777811491261e-02 -1.015872479506237092e+01 9.922372953838887177e-01 4.835056980002685328e-02 1.145857246800560947e-01 1.613898750745944710e+02
1.092653098715728049e-01 6.376018465595693907e-02 -9.919668097287299702e-01 1.328927763734135112e+02 -5.813373693185780455e-02 9.966442838388530623e-01 5.765740272834576907e-02 -1.011968675207811685e+01 9.923124946233501387e-01 5.136673502090654403e-02 1.126050244953701873e-01 1.614895901107129532e+02
1.086683911165184230e-01 6.128020608294977578e-02 -9.921886618480714182e-01 1.319342692579144796e+02 -5.819370945267257622e-02 9.967804554196532107e-01 5.519021023080167287e-02 -1.007762582244234650e+01 9.923745286815508493e-01 5.174165726723851250e-02 1.118844084799560656e-01 1.615902179350966037e+02
1.076532826754644512e-01 6.071943064388801714e-02 -9.923337871959253542e-01 1.309482812195113013e+02 -5.522610558800247066e-02 9.969591710213709934e-01 5.501125494962381263e-02 -1.004201980639465219e+01 9.926547164887055130e-01 4.888054310366751060e-02 1.106789842179966288e-01 1.616991086232788177e+02
1.070828056267657258e-01 6.110045558554424300e-02 -9.923721233835272049e-01 1.299817097915565398e+02 -5.149419698303239756e-02 9.971130664372590546e-01 5.583583271362697886e-02 -1.001062283218488780e+01 9.929169994496077623e-01 4.512230930330764223e-02 1.099197456476222884e-01 1.618054834066768990e+02
1.062662085979705351e-01 6.260736134639539874e-02 -9.923659810591196617e-01 1.289953890316563161e+02 -4.889555125443058314e-02 9.971393394213229344e-01 5.767259601949951270e-02 -9.975943097897578937e+00 9.931360762086843819e-01 4.239359965351415654e-02 1.090232028843137191e-01 1.619108208391140238e+02
1.056413793258624140e-01 6.554207598985395400e-02 -9.922431990502662558e-01 1.280236667167947644e+02 -4.717955294145751571e-02 9.970340533967740893e-01 6.083546157851101033e-02 -9.935187586492556733e+00 9.932857276501435573e-01 4.038681809899022368e-02 1.084200635509812438e-01 1.620143633122782205e+02
1.044806274434157967e-01 6.815229187787653908e-02 -9.921902530511158558e-01 1.270387798343539316e+02 -4.677603435684599131e-02 9.968837934851665361e-01 6.354903221172243655e-02 -9.891437253658484252e+00 9.934275782842673097e-01 3.977105359602088608e-02 1.073427016228278158e-01 1.621179283726965252e+02
1.038117484495654080e-01 6.971348969165630516e-02 -9.921519971657578596e-01 1.260626063703779920e+02 -4.706876413459750580e-02 9.967690879554697014e-01 6.511297207801186593e-02 -9.852459581702820657e+00 9.934838761032520615e-01 3.993984773220082135e-02 1.067574320525548764e-01 1.622138243015828323e+02
1.034654155183742930e-01 7.101819976756058861e-02 -9.920956397393474457e-01 1.250923588556741066e+02 -4.851085521963473257e-02 9.966228149271406656e-01 6.628309227289752581e-02 -9.805750781054349829e+00 9.934506373003483271e-01 4.126936892252632688e-02 1.065609097293437335e-01 1.623091451840587069e+02
1.028233277951995789e-01 7.184689623032837480e-02 -9.921027276780584048e-01 1.241173713413384547e+02 -4.973158206389268615e-02 9.965138973897095243e-01 6.701208033836543454e-02 -9.759899896042602663e+00 9.934569476847037173e-01 4.244839974107478958e-02 1.060376991766383836e-01 1.624055671010939363e+02
1.025900703273111420e-01 7.130342504832865025e-02 -9.921660833229193344e-01 1.231382570524474716e+02 -5.081802654972124994e-02 9.965026909201930572e-01 6.636049620828433915e-02 -9.724573782460417704e+00 9.934260820549759563e-01 4.361195910613964444e-02 1.058545463113087781e-01 1.625035326676762111e+02
1.016979713281229852e-01 7.028511106910016737e-02 -9.923305726568885099e-01 1.221654246049921113e+02 -5.174880838547492312e-02 9.965262340584593037e-01 6.527886277435741846e-02 -9.683834427756602636e+00 9.934697581399386523e-01 4.471315970338633067e-02 1.049816360000434962e-01 1.625956351614670155e+02
1.011082150302439614e-01 6.892441511805068310e-02 -9.924862690026415857e-01 1.211965295359528056e+02 -5.382272671449885026e-02 9.965171989100253258e-01 6.372123206836770304e-02 -9.641301289599532254e+00 9.934197621693889868e-01 4.697553615749014422e-02 1.044655461116331396e-01 1.626876821921825638e+02
1.008778627616670753e-01 6.789187109958122468e-02 -9.925808771499667893e-01 1.202307204200911599e+02 -5.480691409410059362e-02 9.965351146931379356e-01 6.259221067213159573e-02 -9.598604050525157305e+00 9.933893711605012999e-01 4.808608249958037234e-02 1.042490437247890478e-01 1.627814643070906584e+02
1.003176713356816740e-01 6.717922904246979854e-02 -9.926861355700937750e-01 1.192492548129732199e+02 -5.517710304124074511e-02 9.965600777268717181e-01 6.186537552579694094e-02 -9.559561543260279848e+00 9.934256107813234093e-01 4.856730986500065045e-02 1.036791075481873908e-01 1.628717119248156564e+02
1.000852073599245717e-01 6.668688552797598368e-02 -9.927427957923889990e-01 1.182857264213637620e+02 -5.431337726835790136e-02 9.966318453827268664e-01 6.147242683259885460e-02 -9.524683084830963153e+00 9.934966588776906748e-01 4.776668983353545006e-02 1.033698628196560720e-01 1.629660138139382184e+02
9.966128844464788861e-02 6.643950375665920449e-02 -9.928020290492911570e-01 1.173054552460166917e+02 -5.582031938233798785e-02 9.965722005649658710e-01 6.108835092521822802e-02 -9.488813829047135329e+00 9.934557515365027847e-01 4.933033658125589999e-02 1.030281098301767673e-01 1.630624744153866743e+02
9.996510500281222122e-02 6.637482228010030405e-02 -9.927758106096875590e-01 1.163409405745592693e+02 -5.524606590407213358e-02 9.966054497653892286e-01 6.106799839883379766e-02 -9.447377505706086254e+00 9.934573293241234504e-01 4.874224401450854421e-02 1.032924829368983416e-01 1.631586804656653271e+02
1.000117443010651863e-01 6.569546841273811444e-02 -9.928163005637916649e-01 1.153654965525810638e+02 -5.537056570685827683e-02 9.966410209888399985e-01 6.037077726930729221e-02 -9.410596875454867671e+00 9.934457060731421985e-01 4.893496784755078238e-02 1.033131673141824969e-01 1.632503327997937959e+02
1.004533585938867518e-01 6.574061670569016080e-02 -9.927687268539913124e-01 1.143977707500169601e+02 -5.659171703500564393e-02 9.965787300067190380e-01 6.026667724004917265e-02 -9.365407866619781529e+00 9.933323333148551537e-01 5.012844924484347736e-02 1.038298174784900441e-01 1.633485563048725169e+02
1.008065149823354628e-01 6.582456567554348381e-02 -9.927273666253052520e-01 1.134286461513784872e+02 -5.762902725648155061e-02 9.965218521982481814e-01 6.022422547661167302e-02 -9.333270139097090023e+00 9.932369152776712173e-01 5.113886895807193828e-02 1.042490613165534818e-01 1.634424704284028564e+02
1.005706470073279846e-01 6.671315789278703390e-02 -9.926919725126867045e-01 1.124514960518393565e+02 -5.763973860596433019e-02 9.964662485892468169e-01 6.112726438928610395e-02 -9.290649989444798251e+00 9.932602048572198861e-01 5.107084784608391381e-02 1.040603463242858323e-01 1.635377761280853690e+02
1.006280776579191183e-01 6.706195502171305445e-02 -9.926626554919449896e-01 1.114838881777962740e+02 -5.836894476944622795e-02 9.964071655469429745e-01 6.139795574399771472e-02 -9.254915169618454840e+00 9.932118062287931259e-01 5.176226225264275727e-02 1.041806270497293851e-01 1.636324882849843618e+02
1.007696450260904680e-01 6.653397996343800302e-02 -9.926838255430224800e-01 1.105093224738351125e+02 -5.892689387488040526e-02 9.964108738197955395e-01 6.080197662947227355e-02 -9.216105747581462282e+00 9.931645063374423543e-01 5.236872793752327809e-02 1.043283622577537012e-01 1.637266983150594228e+02
1.008338574012516420e-01 6.592359389983641627e-02 -9.927180301203900603e-01 1.095418427397903542e+02 -5.982756116144265224e-02 9.964003225337542125e-01 6.009122853731378028e-02 -9.178880375425062965e+00 9.931041407820468958e-01 5.333261354453065067e-02 1.044146896866184338e-01 1.638196517276784334e+02
1.008888858565346047e-01 6.679755088861233370e-02 -9.926540162063933748e-01 1.085786803300544392e+02 -6.054727660456631078e-02 9.963083700585582125e-01 6.088970614847648982e-02 -9.147080388791142269e+00 9.930549322898649667e-01 5.395934663024680444e-02 1.045606045189223510e-01 1.639168608145890289e+02
1.004746098213950556e-01 6.885031883539009800e-02 -9.925557748877401609e-01 1.076014847355790494e+02 -6.143508425482532148e-02 9.961304246429667497e-01 6.287931865552891242e-02 -9.105295813027323604e+00 9.930424069362880912e-01 5.465991511023352706e-02 1.043153940126261003e-01 1.640146931656329627e+02
1.005606876587562676e-01 7.043376795931356738e-02 -9.924359493348113848e-01 1.066420003680919848e+02 -6.093864434284450987e-02 9.960562622237758568e-01 6.451596561374069172e-02 -9.063683827021874251e+00 9.930642836343690494e-01 5.398987487749240533e-02 1.044559957502750880e-01 1.641115414518435500e+02
1.000491881621612816e-01 7.026390214673790269e-02 -9.924996861193551290e-01 1.056664852988490537e+02 -6.208066239404012865e-02 9.960026842297312610e-01 6.425383903773483618e-02 -9.025191406663029881e+00 9.930452137211709385e-01 5.518643457638706257e-02 1.040110474035632199e-01 1.642007270174225084e+02
9.995375820768692687e-02 6.937362866513539783e-02 -9.925719282482997619e-01 1.047030783785431964e+02 -6.204400508021180871e-02 9.960616208314854170e-01 6.336959115985808799e-02 -8.990791743832510008e+00 9.930571151660300133e-01 5.524904977288774138e-02 1.038640762051819960e-01 1.642959920784926169e+02
9.926380713011548340e-02 6.948333453998215004e-02 -9.926334931732836431e-01 1.037274717823020893e+02 -6.239298198602721141e-02 9.960326683857231300e-01 6.348194634967926908e-02 -8.949457782728257982e+00 9.931044553768081373e-01 5.563184472011806214e-02 1.032050237477655091e-01 1.643906569477425137e+02
9.873516553246010352e-02 7.067679570608659256e-02 -9.926019579464728793e-01 1.027626312510738131e+02 -6.484749860747414385e-02 9.958133735860776881e-01 6.445501074721977919e-02 -8.909081021663455502e+00 9.929999089801192502e-01 5.800371457220469817e-02 1.029047679195636139e-01 1.644850106302741040e+02
9.825174125337422792e-02 7.045606012985335120e-02 -9.926656175519861236e-01 1.018111795216076132e+02 -6.747350659439536880e-02 9.956688309750183485e-01 6.399084677205635341e-02 -8.862002056294361552e+00 9.928728889645570543e-01 6.069134979146132564e-02 1.025798708266315445e-01 1.645696613755769135e+02
9.783798825468532911e-02 6.806142251613449268e-02 -9.928735372256695113e-01 1.008387489690669270e+02 -7.027377995850457582e-02 9.956428012254282534e-01 6.132646029759475370e-02 -8.828900635124036000e+00 9.927194863875417052e-01 6.377284522213663709e-02 1.021943808588022529e-01 1.646554664615356671e+02
9.885886738321054967e-02 6.444026056364031418e-02 -9.930140341794237990e-01 9.988593325799010358e+01 -7.285496619368055093e-02 9.956936228461698013e-01 5.736111924785213673e-02 -8.789918114718231479e+00 9.924322325204290030e-01 6.667526864307612988e-02 1.031276969268847959e-01 1.647398447111060023e+02
1.003223764823470560e-01 6.239022288224278789e-02 -9.929981753833166946e-01 9.891206288896944443e+01 -7.666972931555432469e-02 9.955511728206543065e-01 5.480470199954001753e-02 -8.755624003439486103e+00 9.919979015927423704e-01 7.063467613977413018e-02 1.046592598150537373e-01 1.648309863540241338e+02
1.023404910382332278e-01 6.362649260561339948e-02 -9.927137513778732103e-01 9.794154493252815996e+01 -7.786040982257594334e-02 9.954050242883226707e-01 5.577222662719104329e-02 -8.722893176263582404e+00 9.916989698064077041e-01 7.158525367383788973e-02 1.068239816490361427e-01 1.649275483521239209e+02
1.047632247496395053e-01 6.602036545036296666e-02 -9.923046291114767659e-01 9.698011807831522901e+01 -7.530868283119902806e-02 9.954577167672622462e-01 5.827938175496363143e-02 -8.685062355792020128e+00 9.916430495328162342e-01 6.862353524272730987e-02 1.092590214490276324e-01 1.650295381645840109e+02
1.067680174467490334e-01 6.795536324325050781e-02 -9.919602607411521777e-01 9.601043173857952695e+01 -7.503062173128917378e-02 9.953696645897148754e-01 6.011312887954790157e-02 -8.654376458085138779e+00 9.914502839408810830e-01 6.800915313174191179e-02 1.113721301173465489e-01 1.651333523713981037e+02
1.092097720152145485e-01 6.899595964385364655e-02 -9.916225507361894342e-01 9.504915519940121271e+01 -7.370885107259905755e-02 9.954057908325234516e-01 6.114145842721325358e-02 -8.616922415751606223e+00 9.912834657112588044e-01 6.641403471349925647e-02 1.137933998326694368e-01 1.652382894379682057e+02
1.113663418994899207e-01 7.022424516739299294e-02 -9.912964206997237904e-01 9.407916787364354150e+01 -7.296768460861510763e-02 9.953875291558331728e-01 6.231656835710326636e-02 -8.576797678015358528e+00 9.910983513280723356e-01 6.539255873220088666e-02 1.159765142287087769e-01 1.653447872773705285e+02
1.139021971148136136e-01 7.088669307120008811e-02 -9.909610823048743411e-01 9.312247484080157278e+01 -7.192460314258079801e-02 9.954242944907175650e-01 6.293886259308691111e-02 -8.537110057470671975e+00 9.908863871096211806e-01 6.410553261347519405e-02 1.184792523733249336e-01 1.654554681635048041e+02
1.157374418672640348e-01 7.149851483673265451e-02 -9.907044501628037292e-01 9.214733877153982178e+01 -7.512117777603882773e-02 9.951814079482189657e-01 6.304570061316983054e-02 -8.497752140524955422e+00 9.904364470158361078e-01 6.712605638586328916e-02 1.205505416473204583e-01 1.655624365809721041e+02
1.177761820898515083e-01 7.133580296810257404e-02 -9.904758852650273893e-01 9.118311322847111455e+01 -7.555611917234984765e-02 9.951709753996536012e-01 6.268966932804860559e-02 -8.452498058412150073e+00 9.901629901280606383e-01 6.745308262701550650e-02 1.225970306674905308e-01 1.656771259372347345e+02
1.197931622791145179e-01 6.894622042097356407e-02 -9.904032160806688356e-01 9.022153443092112468e+01 -7.633327153618491012e-02 9.952742988413501024e-01 6.005250437687206788e-02 -8.417411473967753466e+00 9.898613716736746060e-01 6.840675472575305505e-02 1.244896756296982182e-01 1.657879269552487074e+02
1.212784766274854625e-01 6.577150477361697056e-02 -9.904383654683796001e-01 8.925284560971485348e+01 -7.606449489657431118e-02 9.954862086664584275e-01 5.679266687505387518e-02 -8.381318540366958558e+00 9.897011831284309169e-01 6.844938224656701986e-02 1.257336518828022776e-01 1.659064267864959845e+02
1.225756986517275715e-01 6.311507099049985803e-02 -9.904515186817659522e-01 8.829368933625866589e+01 -7.707366450558830739e-02 9.955692637468877004e-01 5.390275206329221691e-02 -8.346638051347923692e+00 9.894632670316571010e-01 6.973047488333644628e-02 1.268968295167083593e-01 1.660196455868685348e+02
1.228824198038356436e-01 6.301256127457824374e-02 -9.904200426105589372e-01 8.732677960106563830e+01 -7.732890111400078648e-02 9.955579948169491766e-01 5.374516935631289127e-02 -8.310972189297940460e+00 9.894053066793111473e-01 6.998366943275534380e-02 1.272089883669656196e-01 1.661385740777096203e+02
1.232732828118570934e-01 6.446536784791298547e-02 -9.902779680465267909e-01 8.636401379690026658e+01 -7.626166143929681562e-02 9.955543091594797334e-01 5.531552500863683164e-02 -8.274732515481314721e+00 9.894395210365179993e-01 6.870123104141689918e-02 1.276412045821596619e-01 1.662557639574454527e+02
1.234799100733280641e-01 6.570918650630525049e-02 -9.901704677860423409e-01 8.539140939807903408e+01 -7.276894457654370374e-02 9.957205422240810178e-01 5.700279107793397582e-02 -8.240703386781483175e+00 9.896767678605812302e-01 6.501488141782893471e-02 1.277327931931355187e-01 1.663797034973752886e+02
1.231897912130928557e-01 6.568593441555124757e-02 -9.902081473994034377e-01 8.441476172289181079e+01 -7.129362760675962696e-02 9.958166166183788359e-01 5.718847516508010487e-02 -8.213859456324376751e+00 9.898202900594147424e-01 6.355041796646783425e-02 1.273571518882020137e-01 1.664983215288631584e+02
1.227801233601231723e-01 6.533094466305922055e-02 -9.902825115657483135e-01 8.345085634309882039e+01 -7.088393430903079662e-02 9.958617909558020731e-01 5.691047373836834178e-02 -8.179050826696231624e+00 9.899006149006525090e-01 6.320756951860669048e-02 1.269026710341290554e-01 1.666149189733018261e+02
1.214133496966101067e-01 6.624036741172925624e-02 -9.903906100757359221e-01 8.247816256429689474e+01 -7.038208759534764214e-02 9.958359075590770271e-01 5.797632156723562386e-02 -8.142099276489398463e+00 9.901049849001499759e-01 6.266658330451284342e-02 1.255696311215522554e-01 1.667303865295147034e+02
1.207701936472661275e-01 6.895414175802352941e-02 -9.902840186719085169e-01 8.149356569783290638e+01 -6.784719682874647273e-02 9.958271823991741156e-01 6.106579660376851293e-02 -8.105284730869824372e+00 9.903605604898316761e-01 5.981299629709494609e-02 1.249443121241093774e-01 1.668508259621471268e+02
1.199492471074752320e-01 7.323377595692839859e-02 -9.900765382014407034e-01 8.051552550264463548e+01 -6.845573657826081737e-02 9.955140584447116359e-01 6.534245537150705496e-02 -8.056869387775092761e+00 9.904184566963375458e-01 5.993856948880488256e-02 1.244241525630177120e-01 1.669623830423297193e+02
1.202167527820037635e-01 7.418556605148259042e-02 -9.899732307136454024e-01 7.953646041863203209e+01 -6.844819829610043760e-02 9.954523223245994590e-01 6.628418426680603159e-02 -8.018011832999233590e+00 9.903865464786733019e-01 5.979334233998077203e-02 1.247476363889035156e-01 1.670798726990991270e+02
1.211822307073175398e-01 6.988862434731950291e-02 -9.901681738318670600e-01 7.856572507223837931e+01 -6.819178263991336475e-02 9.957498570534668580e-01 6.193690229188433816e-02 -7.978465362189465004e+00 9.902865660602604425e-01 6.001560803472436034e-02 1.254327391068359443e-01 1.671956830960459683e+02
1.218112397070739011e-01 6.315191481775299376e-02 -9.905435028442869383e-01 7.759337506999915490e+01 -6.643575011103421135e-02 9.962565770864445502e-01 5.534626515140365216e-02 -7.945971939858603506e+00 9.903287579444954858e-01 5.906563180656072137e-02 1.255505109590638602e-01 1.673131493495868369e+02
1.225982168450555354e-01 5.987468727062997265e-02 -9.906499302169069487e-01 7.661881110398714156e+01 -6.527970454128842470e-02 9.965054179328738382e-01 5.214987373338169502e-02 -7.910301620004485557e+00 9.903085243104230440e-01 5.827578172312124216e-02 1.260781048606278987e-01 1.674320339415145327e+02
1.227700757073245802e-01 6.218781271792388210e-02 -9.904861312028924170e-01 7.563413428770951441e+01 -6.383510497299003938e-02 9.964649844223921749e-01 5.465087242444865989e-02 -7.876276996048944490e+00 9.903814032208313467e-01 5.651822536664267288e-02 1.263055623400452798e-01 1.675538516860962375e+02
1.226922984564979141e-01 6.606787866954730304e-02 -9.902445303171637514e-01 7.465467403837963900e+01 -6.256825570975425854e-02 9.963138152278169235e-01 5.872053776848307205e-02 -7.836529363071559118e+00 9.904718821069694590e-01 5.475324926813904258e-02 1.263734989144962295e-01 1.676742216534692034e+02
1.214441749271617382e-01 6.760551307176364266e-02 -9.902946069017369846e-01 7.366979580899999291e+01 -6.191938707421229537e-02 9.962528141780934154e-01 6.041881608227404887e-02 -7.801154050286058350e+00 9.906664620291080192e-01 5.398085579103536341e-02 1.251749079002148768e-01 1.677919848480793235e+02
1.201711066799796696e-01 6.742042104376055889e-02 -9.904625152477286587e-01 7.268675269165237296e+01 -6.246220087887258826e-02 9.962300860876999176e-01 6.023457987838814337e-02 -7.763588998220134485e+00 9.907876246418217958e-01 5.462794538220311358e-02 1.239290177933021347e-01 1.679076232329837239e+02
1.188577200814959628e-01 6.766990456519512975e-02 -9.906039725067463664e-01 7.170699324155390286e+01 -6.192899714440957409e-02 9.962397335842710921e-01 6.062432851062733719e-02 -7.721086205253304691e+00 9.909795066815577647e-01 5.414137442071115247e-02 1.226012326839918398e-01 1.680226594625367795e+02
1.163150912220845129e-01 6.769826992152112866e-02 -9.909038040827427007e-01 7.071808029225702796e+01 -6.036383756867023248e-02 9.963139546826010884e-01 6.098220497044243987e-02 -7.683977339406622420e+00 9.913777025661805187e-01 5.272154208231802364e-02 1.199725998708880553e-01 1.681359031135352495e+02
1.134771679679851403e-01 6.894421412687638806e-02 -9.911469300835685781e-01 6.973349151181103878e+01 -5.863130542690988406e-02 9.963176417756496317e-01 6.259113958037720860e-02 -7.642578194475891706e+00 9.918104888564029942e-01 5.100951209393666391e-02 1.171013247560606096e-01 1.682480673542169427e+02
1.100905471252669604e-01 6.829111814498067812e-02 -9.915740050283098350e-01 6.873658446871705507e+01 -5.652333794966758057e-02 9.964544687601905038e-01 6.235167319464955671e-02 -7.604941060470018499e+00 9.923144296012336163e-01 4.918268601319506633e-02 1.135599966307197922e-01 1.683564365029179726e+02
1.069939708873091505e-01 6.735553322985232683e-02 -9.919768867255059908e-01 6.774673855334322070e+01 -5.605538386025188391e-02 9.965265230334178215e-01 6.161835077114870274e-02 -7.565439771776307332e+00 9.926796208831089041e-01 4.901279773854457650e-02 1.103977169858903068e-01 1.684605636870111027e+02
1.046308375969668275e-01 6.646181061688344327e-02 -9.922891921024485917e-01 6.676340206653568998e+01 -5.510692022847648447e-02 9.966210581602829022e-01 6.094125560894264604e-02 -7.526246617248147253e+00 9.929845724513997052e-01 4.830561247301285582e-02 1.079395546403993517e-01 1.685612573288131841e+02
1.020731475687638862e-01 6.625183042104443309e-02 -9.925695912400563925e-01 6.575722348806179696e+01 -5.580186293381570600e-02 9.965921294578156120e-01 6.078180677535749421e-02 -7.487810622750161293e+00 9.932119487603495722e-01 4.918298595932976691e-02 1.054220301121536196e-01 1.686599569886238896e+02
1.005147077311457776e-01 6.513848124781954074e-02 -9.928022966581399045e-01 6.476788772157928520e+01 -5.613530231668345527e-02 9.966383870179276183e-01 5.970683172532826460e-02 -7.446310032784897892e+00 9.933520891925854412e-01 4.972978479531154489e-02 1.038331481702946674e-01 1.687560037178784569e+02
9.816231250271646724e-02 6.507377646406083127e-02 -9.930418896396230322e-01 6.376474078409169266e+01 -5.657517934308134433e-02 9.966130075242267683e-01 5.971531967384803574e-02 -7.409942102380863815e+00 9.935623605472081454e-01 5.031967048713621021e-02 1.015111635888438502e-01 1.688494545861341578e+02
9.670759202887761752e-02 6.645016163087673344e-02 -9.930934784539269256e-01 6.277437171239088798e+01 -5.736726436792918826e-02 9.964843698142784589e-01 6.109061301031858127e-02 -7.367540047824364002e+00 9.936595966447127060e-01 5.106307173290366985e-02 1.001794366710453271e-01 1.689430586454950856e+02
9.491601272281201263e-02 6.825524816727533695e-02 -9.931439069675918052e-01 6.176701800646136320e+01 -5.848529290616909238e-02 9.963078601439684379e-01 6.288317392589996835e-02 -7.328447965027873323e+00 9.937671644168887264e-01 5.211563238188003655e-02 9.855727184140007646e-02 1.690338467465010410e+02
9.416443734960762424e-02 6.839040495527290431e-02 -9.932061534055053320e-01 6.076735949543375881e+01 -5.924832801059246729e-02 9.962564587217919154e-01 6.298318942777887675e-02 -7.283055317926097949e+00 9.937934672414384663e-01 5.291496469793796620e-02 9.786372246070920711e-02 1.691233958652991305e+02
9.400749823333595656e-02 6.750339873616988118e-02 -9.932817017822535011e-01 5.976891943476869073e+01 -6.018956299621545242e-02 9.962611325433368137e-01 6.200933397922159251e-02 -7.247643257381699122e+00 9.937517646750013700e-01 5.395578292611087623e-02 9.771879573038909361e-02 1.692158778016426197e+02
9.340364908546623657e-02 6.669975752883612607e-02 -9.933929537141058530e-01 5.876683904295444449e+01 -5.989902520381765877e-02 9.963247176386695880e-01 6.126460178423342312e-02 -7.204486685718523908e+00 9.938262570381266592e-01 5.378086551423956474e-02 9.705539383542052811e-02 1.693046346559794983e+02
9.316099765483491779e-02 6.583111646525387217e-02 -9.934736844932667843e-01 5.776783364369014606e+01 -5.995589159155313014e-02 9.963740261115082708e-01 6.040105427528076609e-02 -7.166688148429614102e+00 9.938456042491013998e-01 5.393750790850131843e-02 9.676994013477716039e-02 1.693962668703411509e+02
9.227999600050201812e-02 6.584293263968711563e-02 -9.935551219604732420e-01 5.675872811716487121e+01 -5.957673658791478449e-02 9.963909227932064017e-01 6.049745199131691814e-02 -7.128975358504907156e+00 9.939505940381444526e-01 5.360999760381271462e-02 9.586943905884241779e-02 1.694881710964860986e+02
9.133566635488633845e-02 6.667833840654305289e-02 -9.935866695555184425e-01 5.575876641403082346e+01 -5.860323695801369220e-02 9.963885645564867222e-01 6.147924821993491079e-02 -7.089050072376932299e+00 9.940956837045821226e-01 5.261207947189577849e-02 9.491316719293750592e-02 1.695765494119838195e+02
9.015453337342947682e-02 6.794354776394508078e-02 -9.936088351982262923e-01 5.477137359639221614e+01 -5.842304857445262262e-02 9.963150393272803829e-01 6.282761100519423936e-02 -7.045838462895399168e+00 9.942141019239723043e-01 5.238539508010399415e-02 9.379157898959344930e-02 1.696638186969158824e+02
8.867060915269640853e-02 6.817720307406324731e-02 -9.937263583247269993e-01 5.376953259430947440e+01 -5.696140905293686774e-02 9.963713025127910461e-01 6.327597069791114637e-02 -7.004479813872623417e+00 9.944323495070180874e-01 5.099326914699973956e-02 9.223211579557268058e-02 1.697487043312093249e+02
8.765359057693085376e-02 6.709674104969882980e-02 -9.938901172005504270e-01 5.277968932177794414e+01 -5.588853725109414056e-02 9.964908460563178805e-01 6.234336216661445773e-02 -6.968896149582787913e+00 9.945833783930202454e-01 5.008238197880990339e-02 9.109573658616680614e-02 1.698347662597686849e+02
8.588143794779785900e-02 6.640824223541169635e-02 -9.940910498605872725e-01 5.178263182678808363e+01 -5.588558463147580424e-02 9.965283921418003343e-01 6.174299419539155953e-02 -6.929789296908226426e+00 9.947381357491020815e-01 5.025271933109536071e-02 8.929435655138263928e-02 1.699154173991473442e+02
8.470461470891925415e-02 6.582318302005095434e-02 -9.942309243060293289e-01 5.079397250269392572e+01 -5.504524642552830610e-02 9.966030908526621879e-01 6.129058475553558066e-02 -6.891999097551376963e+00 9.948858873107770950e-01 4.953602922228221572e-02 8.803993707355896314e-02 1.699969183552629488e+02
8.257455587429035626e-02 6.473808346302281636e-02 -9.944813318509777567e-01 4.980008750587591493e+01 -5.324101638028256450e-02 9.967515248653016080e-01 6.046511062073561815e-02 -6.860994011684732108e+00 9.951631106511591440e-01 4.795425914721903465e-02 8.575284265708207898e-02 1.700755793006008503e+02
8.040407397616289309e-02 6.178154355707669160e-02 -9.948471864243640939e-01 4.882474003713746669e+01 -5.350002673581689960e-02 9.969081619618858081e-01 5.758562596530390765e-02 -6.823877392700287814e+00 9.953269376169112670e-01 4.859417336504105039e-02 8.346060406289597389e-02 1.701491816426714934e+02
7.846848843381909466e-02 5.774896260936059067e-02 -9.952439171531208828e-01 4.785110630212926708e+01 -5.182556302530514497e-02 9.972093064842476595e-01 5.377688957421510041e-02 -6.792201872387387596e+00 9.955699819775873927e-01 4.735922850211186919e-02 8.124219441701775735e-02 1.702247977146135156e+02
7.585542762062731648e-02 5.544744979459035467e-02 -9.955773378045513766e-01 4.687113741517595145e+01 -5.237902746594626929e-02 9.972978683154106738e-01 5.155238098821526838e-02 -6.758972923768739705e+00 9.957435302773386399e-01 4.823678642073659512e-02 7.855456021554577117e-02 1.702941404749080334e+02
7.401751116916843731e-02 5.571121185095714162e-02 -9.957009501721775235e-01 4.589459740294118717e+01 -5.094380812242194079e-02 9.973481280301107477e-01 5.201635213849182399e-02 -6.730941625865313860e+00 9.959562857604923325e-01 4.687462070350502386e-02 7.665919105277155254e-02 1.703668715622874856e+02
7.139548767432173093e-02 5.847425261991141127e-02 -9.957339807976380852e-01 4.492107415040432983e+01 -4.750957493752783894e-02 9.973485843763373326e-01 5.516256002600170016e-02 -6.701193500609526232e+00 9.963173768255808582e-01 4.336849099423827070e-02 7.398410632480333093e-02 1.704320615434601507e+02
6.948169522222308325e-02 6.077220458679045284e-02 -9.957317666468664674e-01 4.395355812488961078e+01 -4.688236959883459315e-02 9.972408814680580047e-01 5.759287194479220662e-02 -6.673661182784111467e+00 9.964823779412420590e-01 4.268056639311468281e-02 7.213896445364505194e-02 1.704980301649922012e+02
6.864750437555766638e-02 6.201986126404401833e-02 -9.957126976753979397e-01 4.299082180727042157e+01 -4.723162881162521615e-02 9.971508204872396863e-01 5.885313530554125983e-02 -6.636453759973830913e+00 9.965237029020231896e-01 4.298896339955599055e-02 7.138104588442702181e-02 1.705609591082919678e+02
6.796427876783710242e-02 6.174725257710692028e-02 -9.957765077440225987e-01 4.202340728070200981e+01 -4.914736883612541574e-02 9.970805661077020154e-01 5.847367514881423450e-02 -6.608993827150148270e+00 9.964778985114924881e-01 4.496562178458021752e-02 7.080041120725974468e-02 1.706161086435699303e+02
6.825210028275979779e-02 6.143653885663779429e-02 -9.957760402565936086e-01 4.106777770431261132e+01 -5.024243966784796428e-02 9.970494998389137775e-01 5.807140215507464176e-02 -6.575232492278163754e+00 9.964036146290852214e-01 4.606666791042389464e-02 7.113727792261813343e-02 1.706774272355777669e+02
6.819486485988328350e-02 6.300363774285203111e-02 -9.956820395424922365e-01 4.010782895359335498e+01 -5.253783805088316217e-02 9.968481965791969879e-01 5.947907306156553775e-02 -6.537734956940199460e+00 9.962891478093454101e-01 4.825475588220951711e-02 7.128983141543999980e-02 1.707361383698672910e+02
6.845823262478704929e-02 6.518112417122283453e-02 -9.955237889263365281e-01 3.915888040146469251e+01 -5.097594881988546517e-02 9.967906680008810083e-01 6.175865082873996381e-02 -6.504855869257277767e+00 9.963522240511012429e-01 4.651982640404327823e-02 7.156102616958039120e-02 1.707987849337928594e+02
6.838077456808250298e-02 6.620401745210584277e-02 -9.954616118589273421e-01 3.820187484525512644e+01 -5.261170407132399751e-02 9.966488534738624505e-01 6.266893833881612141e-02 -6.469832933098164318e+00 9.962725128786299456e-01 4.808752288526484120e-02 7.163455561464483756e-02 1.708571293466066550e+02
6.837542505636703960e-02 6.575955736702861210e-02 -9.954914412137556567e-01 3.725862659192593895e+01 -5.292370594641930548e-02 9.966616021020617833e-01 6.220177856018582752e-02 -6.432014695981253638e+00 9.962563548617286990e-01 4.843196335156988580e-02 7.162722820676015179e-02 1.709181673023241217e+02
6.792790159602400679e-02 6.494908087200644553e-02 -9.955752860145709038e-01 3.632467664337887925e+01 -5.333301633668155461e-02 9.966905535624145385e-01 6.138293059641185961e-02 -6.395675331162806287e+00 9.962651412512520954e-01 4.892735879503239127e-02 7.116685720895737921e-02 1.709805452876613572e+02
6.648662972414287609e-02 6.502554384035119650e-02 -9.956675883362386958e-01 3.538829501924656284e+01 -5.371136690838931166e-02 9.966627798497953439e-01 6.150390518294541337e-02 -6.362981036851168781e+00 9.963420415339080405e-01 4.938942146448422471e-02 6.975719152759969621e-02 1.710368335880576467e+02
6.492110610244905544e-02 6.578700437916164268e-02 -9.957208747675426741e-01 3.446479441014599132e+01 -5.368438143461340406e-02 9.966119352140628829e-01 6.234564281156004806e-02 -6.326972973767953867e+00 9.964467303322050995e-01 4.940705257876561868e-02 6.823271950612334880e-02 1.710916392035512104e+02
6.296675147477633072e-02 6.675005729469341009e-02 -9.957822855008852114e-01 3.354565526751294868e+01 -5.456792588811129607e-02 9.965007552716267369e-01 6.334769333703922645e-02 -6.292651372428603729e+00 9.965241494938208433e-01 5.034891454525127624e-02 6.638866571366203173e-02 1.711436842301314414e+02
6.118155639091094750e-02 6.750216617164235544e-02 -9.958428699864683153e-01 3.263843833011351592e+01 -5.531695282988578072e-02 9.964086479370046767e-01 6.414200292173330431e-02 -6.259372794877186230e+00 9.965940557560900581e-01 5.116262144256287364e-02 6.469568189794480673e-02 1.711943175836504452e+02
5.929664827928535914e-02 6.720654311836564421e-02 -9.959768750065851606e-01 3.174456482184956840e+01 -5.607450154422307514e-02 9.963821484629019620e-01 6.389542055545789634e-02 -6.223499309333026197e+00 9.966656520845782463e-01 5.206005650651494843e-02 6.285053603562566760e-02 1.712428231455134267e+02
5.676289609879776182e-02 6.659929795692133558e-02 -9.961652761642749709e-01 3.085505372692568571e+01 -5.638344991890639063e-02 9.963962393318978039e-01 6.340192229134486435e-02 -6.189908587702971587e+00 9.967957389682847724e-01 5.256829203064936062e-02 6.031328060349232939e-02 1.712876077763058049e+02
5.470052248566852765e-02 6.588550715591172391e-02 -9.963281109171528982e-01 2.997185865994464748e+01 -5.582149055449639463e-02 9.964641238318285854e-01 6.282977531756972489e-02 -6.159469840162196341e+00 9.969426685964648538e-01 5.217963366870666253e-02 5.818478312507425337e-02 1.713324709038668345e+02
5.246042686080776285e-02 6.571234351934780726e-02 -9.964600060642048174e-01 2.909420098386856068e+01 -5.703726086461235328e-02 9.964030874861365961e-01 6.270575256327737268e-02 -6.124795314881248842e+00 9.969942469036113808e-01 5.354571096635537403e-02 5.601963603831205257e-02 1.713725278341468652e+02
5.101349719398622778e-02 6.542095112730320072e-02 -9.965543015310098784e-01 2.822867323016459906e+01 -5.752120835792719905e-02 9.963903472317224841e-01 6.246567605625232694e-02 -6.090055880129841448e+00 9.970415282141957825e-01 5.413634544586994057e-02 5.459230410038933695e-02 1.714142553602546286e+02
4.925264605795370149e-02 6.545500306570901927e-02 -9.966406440423359880e-01 2.736384960617181150e+01 -5.674995574922561681e-02 9.964238653860477690e-01 6.263625151846340111e-02 -6.059872491591987043e+00 9.971742561860625909e-01 5.347424293487258729e-02 5.279094039321549636e-02 1.714492999651108107e+02
4.780713485064230078e-02 6.571270597853408335e-02 -9.966940716265095812e-01 2.651496333774337799e+01 -5.680881367704723739e-02 9.963995786102776142e-01 6.296840692776441151e-02 -6.026794073469424973e+00 9.972412540729317376e-01 5.361060007077399908e-02 5.136793344789462173e-02 1.714860167177754988e+02
4.678133127676598058e-02 6.702007237167481590e-02 -9.966556968081438095e-01 2.567390563216612520e+01 -5.652532368866011042e-02 9.963277696441912301e-01 6.434480968380874855e-02 -5.990153523817064674e+00 9.973060112854510439e-01 5.332608158316175934e-02 5.039773320837169501e-02 1.715255988762050094e+02
4.570605557672695329e-02 6.743896131515636494e-02 -9.966773322429823834e-01 2.484958387424994797e+01 -5.742177237129944545e-02 9.962485238004764598e-01 6.477666601203616037e-02 -5.959501314210750245e+00 9.973046614766061246e-01 5.427022273129898655e-02 4.940691799132826412e-02 1.715560588282646108e+02
4.607119058718126686e-02 6.751338739821390045e-02 -9.966554823967038734e-01 2.404836347607454528e+01 -5.825005640575110083e-02 9.961995839976035549e-01 6.478984258570068266e-02 -5.930041705213954017e+00 9.972398281349744709e-01 5.507022114529065010e-02 4.982862087673030349e-02 1.715883709246818967e+02
4.750944820224407839e-02 6.707045073003216340e-02 -9.966178662714746395e-01 2.325407880587362897e+01 -5.832512464523966628e-02 9.962292607599035899e-01 6.426389251719438755e-02 -5.901703955733660578e+00 9.971679577122591898e-01 5.507464680353854614e-02 5.124205266394595004e-02 1.716218257328821437e+02
4.986863118848069293e-02 6.595861811724136603e-02 -9.965768133879638890e-01 2.248203487351842966e+01 -5.981125109927480643e-02 9.962255204526063723e-01 6.294240916491865290e-02 -5.872403581207429113e+00 9.969647185581845816e-01 5.646757894112405113e-02 5.362532369570980478e-02 1.716572835540480071e+02
5.265898181144296891e-02 6.501127749967618163e-02 -9.964955253061641427e-01 2.171466609585577956e+01 -5.929893154535455235e-02 9.963235521495761304e-01 6.186644408331191253e-02 -5.844671356504137272e+00 9.968518470561701372e-01 5.583322132383979064e-02 5.632032612776962516e-02 1.716969183202211866e+02
5.520453225902826472e-02 6.433107162448246930e-02 -9.964018966404685207e-01 2.095153421938944049e+01 -6.097064345561333670e-02 9.962794385659529128e-01 6.094514531051490464e-02 -5.815351112892228613e+00 9.966132581555834369e-01 5.738673855013300129e-02 5.892128560217346767e-02 1.717332123071885803e+02
5.810953279583024739e-02 6.388557608411656041e-02 -9.962653691624777652e-01 2.020042137325029685e+01 -6.073376594695375358e-02 9.963303009950269518e-01 6.034728655998376767e-02 -5.788660122863158008e+00 9.964625658392385343e-01 5.700011823128493804e-02 6.177613243479417732e-02 1.717789188632128798e+02
6.068776747630739987e-02 6.317851396567480959e-02 -9.961567354560745269e-01 1.945945892393463694e+01 -6.094424472276743082e-02 9.963696521380335236e-01 5.947916470043655701e-02 -5.764145938808493241e+00 9.962960149636753693e-01 5.710028463998656489e-02 6.431764347612221877e-02 1.718233441324763078e+02
6.346135372891054116e-02 6.253367089694000791e-02 -9.960245824770936895e-01 1.872893424396653472e+01 -5.996403015659633462e-02 9.964729045646133487e-01 5.874121556817495787e-02 -5.736902082951959692e+00 9.961826823811397169e-01 5.599777582757296812e-02 6.698711293931597366e-02 1.718705538006934717e+02
6.608303281112279381e-02 6.181066973529928538e-02 -9.958992149133010230e-01 1.800032176020854280e+01 -6.110769661204899783e-02 9.964590126224555089e-01 5.779058831007241603e-02 -5.712949509886646737e+00 9.959426936577350231e-01 5.703805238159453950e-02 6.962595832375963190e-02 1.719144888368665534e+02
6.834236516368917547e-02 6.167266049949796797e-02 -9.957552795266720880e-01 1.727649129720348142e+01 -6.053181756636418637e-02 9.965072376550685451e-01 5.756469561721407752e-02 -5.687965360784857261e+00 9.958253812936336269e-01 5.634069343847709216e-02 7.183663319728843255e-02 1.719641295710047757e+02
7.022849238734923949e-02 6.278520374279111804e-02 -9.955544971637675378e-01 1.655941683419572286e+01 -6.056902956597261245e-02 9.964464712780924938e-01 5.856877577482413888e-02 -5.661365710930309270e+00 9.956918819353124395e-01 5.618649612549932171e-02 7.378158200182856341e-02 1.720153227575407016e+02
7.197761591467227715e-02 6.378012215657487272e-02 -9.953663140397815967e-01 1.585369732317308156e+01 -5.913054575372694854e-02 9.964732151398603133e-01 5.957514488729905716e-02 -5.638261794529549675e+00 9.956534445011623324e-01 5.456840295945009078e-02 7.549492800987318841e-02 1.720654297157488202e+02
7.328410984702307673e-02 6.417291254535135991e-02 -9.952457297585535212e-01 1.516151491864704681e+01 -5.901086821394640330e-02 9.964604781052254223e-01 5.990600541801896495e-02 -5.613740297103320565e+00 9.955652396652593383e-01 5.434008053618899492e-02 7.681142203928012502e-02 1.721139397509598155e+02
7.460080940098944013e-02 6.370006226008577410e-02 -9.951782821199511853e-01 1.446678255108546374e+01 -5.869495594242359754e-02 9.965103000476573936e-01 5.938540105958439730e-02 -5.591986206312561158e+00 9.954861191977898427e-01 5.398167352815277237e-02 7.807914661337836404e-02 1.721659934979712148e+02
7.601209131806695163e-02 6.326293960778822667e-02 -9.950993691203643410e-01 1.378897709778929404e+01 -5.743756945213363690e-02 9.966081497610607132e-01 5.897139293483116829e-02 -5.568881075778368661e+00 9.954527018134343708e-01 5.267347998805434195e-02 7.938773547538310882e-02 1.722170154272891693e+02
7.739257217116943255e-02 6.328110226733607568e-02 -9.949918011323407585e-01 1.311597688528801342e+01 -5.772500632872350212e-02 9.965961704942614130e-01 5.889315007369236299e-02 -5.546419791159888035e+00 9.953296991988856979e-01 5.287794483956267250e-02 8.078183559385872237e-02 1.722670117297969057e+02
7.916586255606812561e-02 6.413881409488940422e-02 -9.947973524195702355e-01 1.245540210989247498e+01 -5.692302457355404022e-02 9.965928207156652396e-01 5.972463148176211656e-02 -5.522498703765963413e+00 9.952364229574328647e-01 5.189865379387688382e-02 8.254689323421547653e-02 1.723209133315068300e+02
8.112850018881935521e-02 6.546219234547701049e-02 -9.945529974325765243e-01 1.180593958672925403e+01 -5.575886234375324740e-02 9.965785062427569008e-01 6.104708814319991655e-02 -5.502674149756704658e+00 9.951442705755627616e-01 5.050242037879395379e-02 8.450080166814673277e-02 1.723746083722030846e+02
8.330655996471875158e-02 6.654338455541077002e-02 -9.943011585810819231e-01 1.116791316434306758e+01 -5.527625322284705073e-02 9.965426980609396468e-01 6.206211545159707327e-02 -5.478738677743010932e+00 9.949912349775849041e-01 4.979099880095221725e-02 8.669659239654566030e-02 1.724280222931402307e+02
8.618381192629599730e-02 6.642850342110016848e-02 -9.940635860521649381e-01 1.054833144061588968e+01 -5.429832816947235963e-02 9.966071123727923142e-01 6.189087246144771987e-02 -5.460314409893099352e+00 9.948000081176864295e-01 4.864193494289899278e-02 8.949812743474036547e-02 1.724859845324999412e+02
8.898735395762588651e-02 6.651675193371864303e-02 -9.938106365208994042e-01 9.941603975082287548e+00 -5.530596597304165973e-02 9.965605281944053262e-01 6.174860284604431759e-02 -5.437098710652573885e+00 9.944976200138804234e-01 4.946874619437274107e-02 9.235982299990433408e-02 1.725372193353434511e+02
9.234558417222862858e-02 6.644228834468340894e-02 -9.935092010408634877e-01 9.357227387656569917e+00 -5.500923602802247625e-02 9.965901498187423879e-01 6.153526524930919700e-02 -5.414915345000842706e+00 9.942078752786805973e-01 4.896960263700568528e-02 9.568539832653599753e-02 1.725937166817139428e+02
9.584468071333479555e-02 6.658992012866035703e-02 -9.931678593848333181e-01 8.781651532897830847e+00 -5.422830330805224197e-02 9.966296483910571657e-01 6.158875880544713299e-02 -5.396200913730677229e+00 9.939195736615813459e-01 4.795478559863515511e-02 9.913246145393861397e-02 1.726486521656384525e+02
9.944823281350226307e-02 6.691095073562114415e-02 -9.927919172489222399e-01 8.226604597294132404e+00 -5.256712192341325696e-02 9.966988395572912163e-01 6.190858417019527021e-02 -5.378599394720213311e+00 9.936547633573400429e-01 4.603145093036412061e-02 1.026370006302976118e-01 1.727078025443496472e+02
1.032432775974523320e-01 6.824751423097581704e-02 -9.923134196922798189e-01 7.685099798157054352e+00 -5.302936396222399790e-02 9.966043641710671253e-01 6.302527576456730396e-02 -5.354023420432450386e+00 9.932430507095065808e-01 4.611474911465394955e-02 1.065115586779404461e-01 1.727632942628121100e+02
1.082326902179058803e-01 6.913728769968958965e-02 -9.917199913489520569e-01 7.159264313535691038e+00 -5.395985776293701908e-02 9.965189985214993884e-01 6.358284896002742992e-02 -5.333843779535913043e+00 9.926616070320685159e-01 4.663126185197977169e-02 1.115862947181553155e-01 1.728197417825265916e+02
1.143450652152532138e-01 6.933648745796681945e-02 -9.910199190772315259e-01 6.658200510215194434e+00 -5.394292678721851475e-02 9.965253474709026005e-01 6.349765590965504580e-02 -5.315639662557828160e+00 9.919770240322206556e-01 4.619780684768837881e-02 1.176876807831995775e-01 1.728824203636650623e+02
1.210920854799991536e-01 6.917409776590865977e-02 -9.902295062531555336e-01 6.164625486585421754e+00 -5.302830547348322959e-02 9.965975261161712506e-01 6.313425908908608386e-02 -5.299744731886639748e+00 9.912253839398492694e-01 4.486507139836200253e-02 1.243479552986544862e-01 1.729468149694451427e+02
1.291385694887487723e-01 6.830877980476687816e-02 -9.892724437186264375e-01 5.685586365612439685e+00 -5.169780996148341801e-02 9.967339430672397249e-01 6.207539297549317936e-02 -5.281597330790358313e+00 9.902795709756699871e-01 4.312683119633613227e-02 1.322478877984572532e-01 1.730148665588165784e+02
1.384746888277181009e-01 6.682328760789858768e-02 -9.881104392273528658e-01 5.216465178735084862e+00 -5.191339470616224139e-02 9.968414777965656226e-01 6.013853434346373011e-02 -5.266047242027169339e+00 9.890059796224933697e-01 4.296844037441246295e-02 1.415059977234175148e-01 1.730829224865766776e+02
1.491485575326282342e-01 6.456914278939750174e-02 -9.867058152907544066e-01 4.762640791113730288e+00 -5.154768043514082465e-02 9.970188898188299120e-01 5.745215115251468829e-02 -5.257768490865456279e+00 9.874718304830536475e-01 4.229342924365039197e-02 1.520319560955888660e-01 1.731551659687606843e+02
1.606298964977505295e-01 6.271961041964378702e-02 -9.850213824922376959e-01 4.321151635372341815e+00 -5.245313046040365329e-02 9.971134849163398872e-01 5.493587262773679675e-02 -5.241854657110919469e+00 9.856215208483655177e-01 4.284304667454547771e-02 1.634556909437295535e-01 1.732286709720149531e+02
1.731378431201942292e-01 6.160777087566987609e-02 -9.829703009183906603e-01 3.895827719663900623e+00 -5.168676756686639562e-02 9.972370452098828775e-01 5.339794301982234842e-02 -5.227357068201472501e+00 9.835419925082029557e-01 4.156129091072131160e-02 1.758433679484528167e-01 1.733119996282569275e+02
1.863157573084394669e-01 6.058943816660129073e-02 -9.806213346825916055e-01 3.486334829466222640e+00 -5.030148941149269887e-02 9.973782196520364351e-01 5.206760149134427584e-02 -5.214983757592897895e+00 9.812029791112510946e-01 3.962564148322821750e-02 1.888745814038916560e-01 1.734020686793280106e+02
2.001873063967183064e-01 5.904406086510500390e-02 -9.779783674103086355e-01 3.092612478811878507e+00 -4.848433288714761730e-02 9.975588218873754354e-01 5.030167239126323575e-02 -5.204954808909206143e+00 9.785588407320542359e-01 3.734681998032340217e-02 2.025608622499529832e-01 1.734955280595073930e+02
2.147949483542906379e-01 5.805107479737365433e-02 -9.749338722270414204e-01 2.706906767160614624e+00 -4.808966261497241157e-02 9.976520846051146751e-01 4.880877543593716006e-02 -5.197779910099531442e+00 9.754760954057546396e-01 3.640031450186262396e-02 2.170817927070270714e-01 1.735919375016930246e+02
2.310873752435508854e-01 5.810571794321955919e-02 -9.711978232307347803e-01 2.320389220810838093e+00 -4.914263126347222926e-02 9.976402706305382839e-01 4.799468310616255423e-02 -5.191786240707828348e+00 9.716927142821344399e-01 3.663620691553558240e-02 2.333970139564199020e-01 1.736957116583799348e+02
2.487493272184154169e-01 5.853406868775166277e-02 -9.667990467701643720e-01 1.958787664580358578e+00 -4.873978268600323571e-02 9.976663835897523480e-01 4.786253418067181603e-02 -5.180352546622123633e+00 9.673423958865446926e-01 3.521576159063893874e-02 2.510212196180990896e-01 1.738078317223524039e+02
2.683679516408109533e-01 5.758070331969518396e-02 -9.615955319442378579e-01 1.615952175300608973e+00 -4.672499875017194909e-02 9.978174280012230835e-01 4.670934970438924555e-02 -5.172945400221691692e+00 9.621842479587398023e-01 3.239522298117162441e-02 2.704720787992897502e-01 1.739181052922373567e+02
2.898782702892458429e-01 5.460332470204335570e-02 -9.555061112499079190e-01 1.287292770719572710e+00 -4.377328877546155655e-02 9.980850961685308054e-01 4.375670865145484673e-02 -5.170440514078938676e+00 9.560635954466759623e-01 2.914149747033423915e-02 2.917127059320226423e-01 1.740396025343726762e+02
3.119358464775296436e-01 5.046937326250155315e-02 -9.487632651066288947e-01 9.639745797729161181e-01 -4.129003796384967534e-02 9.983671250613221915e-01 3.953260456110644500e-02 -5.172158976991901191e+00 9.492071792448485423e-01 2.684281009925584480e-02 3.135096892194819129e-01 1.741737101571796700e+02
3.347695015101356253e-01 4.762369334809345850e-02 -9.410973550220637085e-01 6.556468168704275845e-01 -3.948154177320246927e-02 9.985562229882967156e-01 3.648685054763170510e-02 -5.171397133550853731e+00 9.414742170714637259e-01 2.494126824189704314e-02 3.361656918782667258e-01 1.743019376402186538e+02
3.583179469303995890e-01 4.691089941473266384e-02 -9.324218372781176711e-01 3.456725702098886743e-01 -3.951928436418093021e-02 9.986060612444166429e-01 3.505387521415070928e-02 -5.162741026478467887e+00 9.327644848263377808e-01 2.428819162892274439e-02 3.596715768460603813e-01 1.744422189380146904e+02
3.840487000340084833e-01 4.796625658069752357e-02 -9.220676255438318147e-01 4.035245990832240365e-02 -3.850801149906537407e-02 9.986151789731827488e-01 3.590933759488251081e-02 -5.157734813261714457e+00 9.225111565599616315e-01 2.171604457236311903e-02 3.853631133184519109e-01 1.745964464410579353e+02
4.114606212397409757e-01 5.052175763998133229e-02 -9.100277906761626845e-01 -2.537480135216037547e-01 -3.760359267025142199e-02 9.985556549702806484e-01 3.843437144811159140e-02 -5.151816954964487216e+00 9.106531867076596010e-01 1.840607959839963073e-02 4.127652418690821445e-01 1.747466676896452782e+02
4.398891586901488848e-01 5.276785226940996359e-02 -8.965020656788407205e-01 -5.449242337260213898e-01 -3.883274604727335322e-02 9.984585053757083495e-01 3.971475821006138773e-02 -5.139041968964702889e+00 8.972138203378193788e-01 1.734354534041373727e-02 4.412592465721321688e-01 1.749165196305991401e+02
4.684352219399094963e-01 5.319683076285051937e-02 -8.818964847687343900e-01 -8.238163457246636678e-01 -3.824197801964148574e-02 9.984732869565140501e-01 3.991588702334690486e-02 -5.139289062734090585e+00 8.826715584747661936e-01 1.502746391748246979e-02 4.697534036892158649e-01 1.751087009525299436e+02
4.983880474166614838e-01 5.180495737636545833e-02 -8.654065333917144720e-01 -1.087730652166494894e+00 -3.679256721926417451e-02 9.985799417867805561e-01 3.858807246944764846e-02 -5.142339025547603804e+00 8.661747744709167307e-01 1.260870437904009454e-02 4.995852797979925541e-01 1.752808948181611015e+02
5.287692061419611012e-01 4.926252709398198232e-02 -8.473365294704794382e-01 -1.344545048362733031e+00 -3.528924453007427353e-02 9.987293173713903682e-01 3.604237181087236591e-02 -5.145218750532786878e+00 8.480335283643204436e-01 1.084378346596967524e-02 5.298346188171438875e-01 1.754799064683029144e+02
5.596961600841703355e-01 4.622016513957830780e-02 -8.274096725793607110e-01 -1.593976065919782137e+00 -3.492914560262523616e-02 9.988741826057474515e-01 3.217073233843856933e-02 -5.148415528104879790e+00 8.279632976186935833e-01 1.089489018768120647e-02 5.606792851632582675e-01 1.756969223999524559e+02
5.911703269410707451e-01 4.223586656908465825e-02 -8.054418872899693493e-01 -1.824520723862306681e+00 -3.588984092822716104e-02 9.990186367032064529e-01 2.604453964658994675e-02 -5.145580854049010888e+00 8.057497198241827530e-01 1.351042868601439080e-02 5.921047585121653745e-01 1.758961702022643010e+02
6.226810186303619599e-01 3.782178236807492988e-02 -7.815629954344761599e-01 -2.066374081754477121e+00 -3.737418371583637461e-02 9.991310322114289599e-01 1.857390500450845777e-02 -5.153171780114943701e+00 7.815846431294608543e-01 1.764465781747438788e-02 6.235521695030207256e-01 1.761338620737457177e+02
6.543088080241188376e-01 3.489745726805084519e-02 -7.554237224308152365e-01 -2.298254395014257767e+00 -4.087493929274813725e-02 9.991087522932873277e-01 1.075089054516340827e-02 -5.144260901910175932e+00 7.551239930285387203e-01 2.384348003158560242e-02 6.551507063638324357e-01 1.763560019271288581e+02
6.851431501416815895e-01 3.256033711754251214e-02 -7.276823078561482916e-01 -2.530940420065192153e+00 -4.163924207871543687e-02 9.991198912124652498e-01 5.500741613701369201e-03 -5.141328265117384611e+00 7.272193981839198962e-01 2.653132256088859206e-02 6.858944929351070696e-01 1.766277013162201115e+02
7.155913805860388832e-01 2.909142350095308624e-02 -6.979151185409986358e-01 -2.743831670543448009e+00 -3.772369570711853887e-02 9.992861081143815660e-01 2.974366960813218906e-03 -5.138904584626811989e+00 6.975019019293934308e-01 2.419948913731143417e-02 7.161764554971595809e-01 1.768908790356128975e+02
7.452644084407542557e-01 2.583237762225076839e-02 -6.662705844477141426e-01 -2.953944593916585148e+00 -3.180648363864541778e-02 9.994913325377040580e-01 3.174309262604000335e-03 -5.151920070337966173e+00 6.660122353442923249e-01 1.882601884940489356e-02 7.457053879317966372e-01 1.771909646675043177e+02
7.740255676063122481e-01 2.487939164807711004e-02 -6.326675869718316747e-01 -3.170870089458526664e+00 -2.943919928404297934e-02 9.995634865655248502e-01 3.290492712010668203e-03 -5.156420871380325899e+00 6.324719176989821445e-01 1.607830289670855034e-02 7.744185007142599941e-01 1.775223224258833739e+02
8.014698247348644999e-01 2.557185209459158018e-02 -5.974906176373827593e-01 -3.365467178842697304e+00 -2.996939198311948660e-02 9.995498226020685939e-01 2.578661592711331725e-03 -5.158519059734209655e+00 5.972862904726015110e-01 1.583971380076230201e-02 8.018737117756018495e-01 1.778257927238329614e+02
8.275022847480586474e-01 2.482221894697867262e-02 -5.609159190884702717e-01 -3.566830458068169563e+00 -2.927107011484549742e-02 9.995732920296194202e-01 1.051311641305908420e-03 -5.166809574669544602e+00 5.607014540549755122e-01 1.554865450906255629e-02 8.278740183337867098e-01 1.781866594526025267e+02
8.518955280018426501e-01 2.325950668871222538e-02 -5.231977098970744811e-01 -3.738292334207623302e+00 -2.749025018640484722e-02 9.996243549429005837e-01 -3.213020466689344855e-04 -5.178160636615803725e+00 5.229925696521816603e-01 1.465656255819555547e-02 8.522131400707516624e-01 1.785267489745123726e+02
8.742723818151265647e-01 2.218557664095261589e-02 -4.849313750298550607e-01 -3.920170916426238605e+00 -2.698550789269658565e-02 9.996339026807495864e-01 -2.918516985325110471e-03 -5.193580221262377172e+00 4.846880507491731493e-01 1.563770800726305837e-02 8.745491671276773848e-01 1.789249545372237549e+02
8.942245189767583646e-01 2.166246964869200306e-02 -4.470973924006139688e-01 -4.080166585602932550e+00 -2.818142089287665325e-02 9.995736770834908747e-01 -7.934142567243448324e-03 -5.203034311427304992e+00 4.467339528190940601e-01 1.969474578827499697e-02 8.944518945032280399e-01 1.792965165446582034e+02
9.125558746449151659e-01 2.219540076777711327e-02 -4.083527479513848202e-01 -4.246034632354232841e+00 -2.998328058225299686e-02 9.994723165001485610e-01 -1.267967868811715679e-02 -5.211449398919271836e+00 4.078549648489734891e-01 2.381466286691461681e-02 9.127379124779072539e-01 1.797307093274878014e+02
9.288409043955666577e-01 2.472282116718624648e-02 -3.696568514758165613e-01 -4.393815214124105140e+00 -3.239648358606359718e-02 9.993713162818999018e-01 -1.456473161064123292e-02 -5.221815847141095368e+00 3.690635861084451408e-01 2.550388796129950814e-02 9.290559365570683070e-01 1.801565441308042068e+02
9.435648439005448473e-01 2.807159143182700808e-02 -3.300003059041837772e-01 -4.534297567014940356e+00 -3.521925617418412979e-02 9.992586332538392346e-01 -1.569975606819695724e-02 -5.226860660393568558e+00 3.293142379364928929e-01 2.643608899213966204e-02 9.438519915445169328e-01 1.806131895240687300e+02
9.569683431925690709e-01 2.939103512074486141e-02 -2.887050144043973310e-01 -4.666832661427030793e+00 -3.568198300919835086e-02 9.992284878796183767e-01 -1.655053161230335065e-02 -5.241090816251985807e+00 2.879952302166614575e-01 2.613988890646371660e-02 9.572767488851582351e-01 1.811196388751525319e+02
9.684960582775841154e-01 2.903600517231724742e-02 -2.473360516965903977e-01 -4.766127921546619461e+00 -3.415319994433853312e-02 9.992840117035411973e-01 -1.642331660466386789e-02 -5.262424346123971475e+00 2.466815817257009547e-01 2.435322469561188377e-02 9.687922623908041819e-01 1.816164691072537778e+02
9.782102094760087851e-01 2.941564547132822019e-02 -2.055293967824884382e-01 -4.857322373242758395e+00 -3.362268285333964990e-02 9.992922555412727670e-01 -1.700623988258504610e-02 -5.277483596539824795e+00 2.048832672495791984e-01 2.354611801159915349e-02 9.785048630507253709e-01 1.821616744672194841e+02
9.854893815366340126e-01 2.982284635495269925e-02 -1.671050674425654803e-01 -4.928939212533645531e+00 -3.377249643422190056e-02 9.992145289059219948e-01 -2.084361515423802796e-02 -5.295771717675201273e+00 1.663518617829082002e-01 2.618470257597453610e-02 9.857204290368922761e-01 1.826955220621357796e+02
9.908926584634986101e-01 3.193397428174579028e-02 -1.308234971329545193e-01 -4.985373142796357016e+00 -3.577419117762140055e-02 9.989944928180193306e-01 -2.710965787232105101e-02 -5.315778412364041472e+00 1.298259794725391547e-01 3.154284087906167322e-02 9.910366395710039633e-01 1.832566137766594352e+02
9.947851491042349892e-01 2.947328648450069435e-02 -9.765586294197829698e-02 -5.024484212798077998e+00 -3.241089062628143419e-02 9.990667813508338213e-01 -2.863271532136685976e-02 -5.338470387365602754e+00 9.672064576494183996e-02 3.164849057845019881e-02 9.948099559809072678e-01 1.838613889887770370e+02
9.972463268286956284e-01 2.657413359206034498e-02 -6.925620618890031277e-02 -5.048466761116520374e+00 -2.864217582693984188e-02 9.991701425877358433e-01 -2.904121982093029949e-02 -5.360093171654956024e+00 6.842686867437508536e-02 3.094487660779380797e-02 9.971777864322235452e-01 1.844484600323842471e+02
9.987230006710848818e-01 2.372894757200544671e-02 -4.463356998578921903e-02 -5.061633143984762384e+00 -2.510016226011179893e-02 9.992244605363106436e-01 -3.041716836157508028e-02 -5.387481322452374322e+00 4.387712147832910359e-02 3.149861631379866078e-02 9.985419373017901945e-01 1.850877505205415332e+02
9.994548397510689686e-01 1.964259217771153684e-02 -2.659035834714001956e-02 -5.074471476492812272e+00 -2.047425106529730116e-02 9.993003012436907362e-01 -3.137614261925250614e-02 -5.419649433147711193e+00 2.595541853766470536e-02 3.190343629389728181e-02 9.991555698797541796e-01 1.857105899712157395e+02
9.997674388514244948e-01 1.690184678237430585e-02 -1.350012054253407236e-02 -5.072424805672629766e+00 -1.732462434670367299e-02 9.993451142932802123e-01 -3.184258562674329579e-02 -5.450023423672192280e+00 1.295308468885913479e-02 3.206904642777404224e-02 9.994034026011643368e-01 1.863519525372245198e+02
9.998806547335923334e-01 1.546052323466360831e-02 -1.583481528929089194e-03 -5.065766530742670248e+00 -1.550308207635193308e-02 9.993747397271857125e-01 -3.185176321236723312e-02 -5.479509063716272443e+00 1.090077089558603432e-03 3.187249326258221466e-02 9.994930336563121465e-01 1.870247011240569748e+02
9.998944605202720881e-01 1.270644009214160104e-02 7.244121997822767188e-03 -5.055279230173677973e+00 -1.247484990960118049e-02 9.994389759480691859e-01 -3.115870609602629585e-02 -5.505365530565125454e+00 -7.635923399366026550e-03 3.106503441244770278e-02 9.994898830798282230e-01 1.876948194818235720e+02
9.998608710927537890e-01 9.934750057486922345e-03 1.350569398127848472e-02 -5.038312468637903052e+00 -9.527427921143529280e-03 9.995100866659261118e-01 -2.989262201172599928e-02 -5.539007787597986621e+00 -1.379598811098567239e-02 2.975977780107726470e-02 9.994635549720575218e-01 1.884012467592874316e+02
9.998381851687337951e-01 7.276935970664102915e-03 1.653830511068449249e-02 -5.021157901692045122e+00 -6.779809786837109713e-03 9.995318071441667840e-01 -2.991580432194975922e-02 -5.569919139154231758e+00 -1.674818553683731989e-02 2.979882659677433182e-02 9.994172803779575176e-01 1.891070813537714628e+02
9.998446064480545070e-01 3.918951417567583320e-03 1.727063047636664267e-02 -5.006052718650497724e+00 -3.394284466379676214e-03 9.995374273719004332e-01 -3.030127874684636347e-02 -5.608612076266022761e+00 -1.738131761559705626e-02 3.023793910379005134e-02 9.993932811286475593e-01 1.898320260887076358e+02
9.998643844748877907e-01 2.498437032411358373e-03 1.636590162277748450e-02 -4.996535068637802723e+00 -2.004312542299397076e-03 9.995461772777790577e-01 -3.013602493634090149e-02 -5.640696356759393737e+00 -1.643369628627240966e-02 3.009912697094301731e-02 9.994135038985214603e-01 1.905800217082839083e+02
9.998957583865381027e-01 3.157074765007447312e-03 1.419091872501627299e-02 -4.991671081428284751e+00 -2.737689420601284018e-03 9.995642365115888772e-01 -2.947207845750773186e-02 -5.669263731466405609e+00 -1.427771460668119524e-02 2.943014666562597526e-02 9.994665529215901456e-01 1.913293316492139979e+02
9.999294544894017367e-01 4.220726218840605524e-03 1.123179212208901337e-02 -4.984766993519083478e+00 -3.894752761328893614e-03 9.995775998221656522e-01 -2.888283524238272407e-02 -5.698690117186719917e+00 -1.134889478542599334e-02 2.883704303803311456e-02 9.995213881469147132e-01 1.921088050683593167e+02
9.999660234396747782e-01 2.322861049519487752e-03 8.089522690304388336e-03 -4.982877423267743744e+00 -2.085976134131234568e-03 9.995748986959209770e-01 -2.916225471000936931e-02 -5.740179291897788083e+00 -8.153771619443028751e-03 2.914438011533249454e-02 9.995436461372643189e-01 1.928793795980318180e+02
9.999900219902162490e-01 5.365068628915022455e-04 4.749149568268492411e-03 -4.976281393459993652e+00 -3.855110153521554219e-04 9.994989426422663525e-01 -3.172522368045166408e-02 -5.782069008655171594e+00 -4.763746962671447024e-03 3.172306186809671635e-02 9.994870399581544662e-01 1.936665007547539687e+02
9.999975817300900127e-01 1.826239844842521796e-03 2.095095152155049354e-03 -4.979957745850751571e+00 -1.753083689116206271e-03 9.994098477247590484e-01 -3.437527654058970122e-02 -5.822642597735294245e+00 -2.156597755651259128e-03 3.437150037946912207e-02 9.994084942482768241e-01 1.944732800138328344e+02
9.999947458697592273e-01 3.640302615609327611e-03 3.868066763452080933e-04 -4.988203788100764591e+00 -3.624535528500060898e-03 9.993872870536105735e-01 -3.488115472285194946e-02 -5.858692752797732162e+00 -5.135134549712418346e-04 3.487954878272429143e-02 9.993930872691891842e-01 1.952744113553458476e+02
9.999957409355909599e-01 3.089895852653999110e-03 -1.365467595928627174e-03 -4.991176357827836974e+00 -3.131228354541914279e-03 9.995034393040260756e-01 -3.143016114693175656e-02 -5.897242436894572393e+00 1.267704955340021207e-03 3.143428964914077306e-02 9.995067134818241827e-01 1.960911101597703805e+02
9.999953722086160068e-01 2.675960941178668652e-03 -2.233624253080929503e-03 -4.998355097883577791e+00 -2.734029397786950748e-03 9.996490400894101347e-01 -2.644072603012849812e-02 -5.929434645241823176e+00 2.162114330012651891e-03 2.644670818031812087e-02 9.996495856008562608e-01 1.968918361287807102e+02
9.999881846160880716e-01 4.048540434067311386e-03 -3.183930484363035104e-03 -5.007966771867493172e+00 -4.123032712309040310e-03 9.997113893940218210e-01 -2.376837350809884661e-02 -5.969226550275388732e+00 3.086807290307564018e-03 2.378122453235357800e-02 9.997141223744195893e-01 1.977080430046615049e+02
9.999789555340418135e-01 5.503883705029617365e-03 -3.833628919226454886e-03 -5.015754212158738845e+00 -5.594111379632986207e-03 9.996998443609180773e-01 -2.395270213074352644e-02 -6.009122901564991182e+00 3.700670280648172758e-03 2.397364875009058705e-02 9.997074450412012370e-01 1.985221011878287527e+02
9.999502830865506509e-01 8.911384267760950190e-03 -4.787783975489634698e-03 -5.029109535831675082e+00 -9.034629533857850905e-03 9.996135539195127873e-01 -2.638042256367239408e-02 -6.047311896699172351e+00 4.550871550547033045e-03 2.642236722608872976e-02 9.996422135723478375e-01 1.993276787007149267e+02
9.999251915177145289e-01 1.112754157943395342e-02 -5.356855741279332832e-03 -5.039534425337729218e+00 -1.127267333926907505e-02 9.995500691402782190e-01 -2.788184794412159814e-02 -6.082388802154795826e+00 5.044212859662108167e-03 2.794014565548553694e-02 9.995985754398785117e-01 2.001503731649036411e+02
9.999026800802927051e-01 1.256686703018607826e-02 -6.293962147895325494e-03 -5.052919308479149940e+00 -1.273653128157137965e-02 9.995377451938395330e-01 -2.769281494993939760e-02 -6.120040904566360851e+00 5.943060750182824724e-03 2.777028043528125337e-02 9.995983697101951115e-01 2.009675232536448277e+02
9.999071657350038222e-01 1.192270420767895661e-02 -6.813261155757111345e-03 -5.059905029928633446e+00 -1.209613767671181665e-02 9.995907525202479826e-01 -2.601592777124498226e-02 -6.155026141638876958e+00 6.500312277943187840e-03 2.609592791122903460e-02 9.996400144075561212e-01 2.017957010845102275e+02
9.999141968258138391e-01 1.084779824500196367e-02 -7.539480078613601186e-03 -5.068251276666157601e+00 -1.103063489030928039e-02 9.996375797090513160e-01 -2.465484151073895486e-02 -6.197640134788755084e+00 7.269318025532309213e-03 2.473589591736718649e-02 9.996692972302451130e-01 2.026313066036416330e+02
9.998951346813612640e-01 1.145120547997763999e-02 -9.028548552806523603e-03 -5.078713244991351239e+00 -1.166488577774173717e-02 9.996466382616041590e-01 -2.398661083079167006e-02 -6.234528159632284350e+00 8.750700755198322425e-03 2.408941971489109851e-02 9.996732179353179371e-01 2.034501278882072199e+02
9.998817685730886362e-01 1.102071201093805450e-02 -1.085916184069427720e-02 -5.090494680542744454e+00 -1.127362598127019944e-02 9.996623115684423189e-01 -2.351594295704736645e-02 -6.273183465336906295e+00 1.059634623976428089e-02 2.363559417329103018e-02 9.996661914089678413e-01 2.042772719522763225e+02
9.998726820151363492e-01 9.697880458102280804e-03 -1.278688468038378066e-02 -5.104463121641876100e+00 -9.978215910288678117e-03 9.997095093927820253e-01 -2.204923233809594901e-02 -6.305118570002190559e+00 1.256935117871631723e-02 2.217403011089008613e-02 9.996768206105839383e-01 2.050903102737437393e+02
9.998647343139065446e-01 7.667427494330591314e-03 -1.465130162474851359e-02 -5.120449218496538002e+00 -7.955018957854907702e-03 9.997771772271798474e-01 -1.967622847781951706e-02 -6.343467451426697323e+00 1.449717945819245860e-02 1.979013858362803011e-02 9.997007574685107256e-01 2.059129067008773575e+02
9.998407890194386249e-01 7.470384229460577327e-03 -1.629509256894765695e-02 -5.138671460143485525e+00 -7.756743527318017348e-03 9.998177107772595607e-01 -1.758471150051039641e-02 -6.370375257175508565e+00 1.616076102482413152e-02 1.770833333768283627e-02 9.997142929577224058e-01 2.067253234792134720e+02
9.998070793279957291e-01 7.583483741343353263e-03 -1.820008462279493200e-02 -5.159202813615070049e+00 -7.889563058634785006e-03 9.998300362240944983e-01 -1.680797475931413570e-02 -6.405477407856818850e+00 1.806953210890001327e-02 1.694834657226394412e-02 9.996947900111617935e-01 2.075328024424098032e+02
9.997713792093941843e-01 7.525725309220637413e-03 -2.008733870271078512e-02 -5.175666220299175890e+00 -7.862962787742591025e-03 9.998309613638194371e-01 -1.676542358685087497e-02 -6.438121296418921169e+00 1.995777062099754473e-02 1.691956040905595940e-02 9.996593648771798790e-01 2.083489307052157073e+02
9.997400294118827802e-01 6.428983295142209377e-03 -2.194302953203873877e-02 -5.199240667618543199e+00 -6.786418009231273522e-03 9.998472582912386608e-01 -1.625633501571004114e-02 -6.469048982583979424e+00 2.183515938756073332e-02 1.640104861976115352e-02 9.996287620792730921e-01 2.091455426330351770e+02
9.997051606903109011e-01 6.293666544755440254e-03 -2.351467680632992815e-02 -5.222745161933605829e+00 -6.667674054295179634e-03 9.998543741519287931e-01 -1.586321848422503691e-02 -6.494606279779638669e+00 2.341140651300032544e-02 1.601535634359260718e-02 9.995993431275141949e-01 2.099562141630640042e+02
9.996727054037823912e-01 5.984030933080686926e-03 -2.493264328538761718e-02 -5.249421082330403721e+00 -6.444738097466354634e-03 9.998116154365754848e-01 -1.844109488113008025e-02 -6.532307709760848624e+00 2.481758037971220146e-02 1.859576410428338128e-02 9.995207446333995716e-01 2.107551573873416544e+02
9.996294915354488886e-01 7.165059772204005265e-03 -2.631558711446215643e-02 -5.272697556668485497e+00 -7.728968816510600574e-03 9.997437346166883065e-01 -2.139190527858210455e-02 -6.563823796890893014e+00 2.615555691516576256e-02 2.158738674502128432e-02 9.994264910776700095e-01 2.115468627285708578e+02
9.996118771030739758e-01 8.077930657335339465e-03 -2.671728024491378320e-02 -5.298991677496707631e+00 -8.696554585595319201e-03 9.996972739071349201e-01 -2.312180010445847450e-02 -6.609253759172509568e+00 2.652240348538444786e-02 2.334518614213617477e-02 9.993773095994624711e-01 2.123421763938657421e+02
9.995985609539999039e-01 9.617848767230914239e-03 -2.670568347549254901e-02 -5.328030481870031032e+00 -1.019564763446596800e-02 9.997174445268759424e-01 -2.158647438987228856e-02 -6.627449744070949222e+00 2.649050782719587077e-02 2.185010676853632941e-02 9.994119616043410925e-01 2.131251290611003526e+02
9.996285896755414679e-01 7.554224812997990118e-03 -2.624112008944601976e-02 -5.355559439924441278e+00 -8.035782601356591254e-03 9.998027614781564987e-01 -1.829652273987963929e-02 -6.659620680765773848e+00 2.609771479931639881e-02 1.850061891796268843e-02 9.994899107254786585e-01 2.139015216809002595e+02
9.996411682568568935e-01 7.884339215522506716e-03 -2.565842156935946999e-02 -5.376953683453254307e+00 -8.315980304370546722e-03 9.998273824922214725e-01 -1.676161973131002139e-02 -6.697799142496141833e+00 2.552182437460814163e-02 1.696900786980681461e-02 9.995319585548958496e-01 2.146621663638155439e+02
9.996579162417812414e-01 7.111434860183835430e-03 -2.522827542151716285e-02 -5.400286356212742334e+00 -7.533579061868875791e-03 9.998349569923218327e-01 -1.667966588655270602e-02 -6.727654972438995351e+00 2.510548160492654876e-02 1.686404651148665571e-02 9.995442792192977821e-01 2.154098612385947717e+02
9.996534977368257691e-01 7.621538464369621499e-03 -2.525442095789525582e-02 -5.420748340339540228e+00 -8.091760014723343997e-03 9.997972414109309591e-01 -1.857183865546251436e-02 -6.761281963984597354e+00 2.510773847747816909e-02 1.876977895958999165e-02 9.995102548738898918e-01 2.161274247321237283e+02
9.996059901583590479e-01 1.108129940714772284e-02 -2.584693765234613236e-02 -5.445700446684839768e+00 -1.162888833180813347e-02 9.997114687208726869e-01 -2.113451950185458658e-02 -6.796457936290677182e+00 2.560526490739551547e-02 2.142678068934963931e-02 9.994442038076513102e-01 2.168320866878175650e+02
9.995564837436243799e-01 1.203802423165670557e-02 -2.729328422228899723e-02 -5.472390207738849099e+00 -1.262329883805772546e-02 9.996942789880723934e-01 -2.137575943701696193e-02 -6.829264990813094016e+00 2.702759682859633833e-02 2.171082520373219041e-02 9.994006239813453263e-01 2.175324150665925913e+02
9.995245018765254175e-01 1.149847566022327815e-02 -2.866295419937284900e-02 -5.491897009195901624e+00 -1.208105489977483876e-02 9.997246815751748006e-01 -2.023719347185656131e-02 -6.858785318959512267e+00 2.842234711399137942e-02 2.057386829546816245e-02 9.993859861763890740e-01 2.181938406720706780e+02
9.994783737467345386e-01 1.024361405887215179e-02 -3.067677410908264610e-02 -5.515469629650032068e+00 -1.079775073792829318e-02 9.997829702636957805e-01 -1.795445148323606549e-02 -6.885654364534958383e+00 3.048617603043999105e-02 1.827635013907505032e-02 9.993698175424040597e-01 2.188471049453527826e+02
9.994163957652734132e-01 7.468349631799928341e-03 -3.337832627891693799e-02 -5.541556160036677170e+00 -7.991047944385484131e-03 9.998495475341230287e-01 -1.555545898807282786e-02 -6.903209443862079908e+00 3.325710329123246489e-02 1.581313818794199272e-02 9.993234581609721223e-01 2.194697456976485341e+02
9.992816362318025503e-01 1.029255341597063930e-02 -3.651438071265035445e-02 -5.569040291155057609e+00 -1.090173828306481227e-02 9.998064940014567137e-01 -1.652505786171422006e-02 -6.937151467665212401e+00 3.633719522349479480e-02 1.691128421647141236e-02 9.991982191972375027e-01 2.200728769815611940e+02
9.991472103610454791e-01 1.155757839868460854e-02 -3.967745516733063582e-02 -5.597670427553896211e+00 -1.228672411518596554e-02 9.997616458120832661e-01 -1.818363210868850430e-02 -6.970029894372773427e+00 3.945779600126288894e-02 1.865565455919768537e-02 9.990488068024911961e-01 2.206619651594265861e+02
9.990440729707186218e-01 1.020668709853946379e-02 -4.254173605393203605e-02 -5.624654568871497951e+00 -1.098829626139641996e-02 9.997768168685392531e-01 -1.818075131104054942e-02 -6.990319023030383327e+00 4.234662537614053424e-02 1.863085665986577780e-02 9.989309906418757379e-01 2.212303115098673061e+02
9.989158107900556471e-01 1.089452436944549421e-02 -4.529402246179786012e-02 -5.654859118604088408e+00 -1.175054185011283059e-02 9.997589999667948479e-01 -1.867710207804242767e-02 -7.016548571826825231e+00 4.507957052782837759e-02 1.918910432567736551e-02 9.988008215055853567e-01 2.217800889151164370e+02
9.988112431083103759e-01 1.026273908673465581e-02 -4.768456922169535261e-02 -5.685374377231893206e+00 -1.115942043250689637e-02 9.997676317614264674e-01 -1.857746712610679543e-02 -7.040388147753521508e+00 4.748277068826844277e-02 1.908753619753112557e-02 9.986914057656396393e-01 2.223019005960622962e+02
9.987486467674683288e-01 1.092219828949124276e-02 -4.883536159564358381e-02 -5.712047130930580252e+00 -1.184048521179102871e-02 9.997602129413128980e-01 -1.855517933984519863e-02 -7.064868763797705675e+00 4.862092205282526891e-02 1.911021749753346460e-02 9.986362102817870623e-01 2.228157271684921739e+02
9.988119978509167884e-01 1.152724047654707026e-02 -4.737897042988007540e-02 -5.740671922904303059e+00 -1.242035141293746509e-02 9.997523369086089851e-01 -1.860044268177334439e-02 -7.087230274671202146e+00 4.715276191692507196e-02 1.916683334505940930e-02 9.987055261844303145e-01 2.232927715733592322e+02
9.989600305267224423e-01 1.240567992192969683e-02 -4.390911042690516519e-02 -5.762660370380110031e+00 -1.323364310437109490e-02 9.997415899828543395e-01 -1.861723747861195391e-02 -7.109343019263384633e+00 4.366674970342496881e-02 1.917897891391030091e-02 9.988637855713183855e-01 2.237615139001898683e+02
9.992122354328042411e-01 1.334333786209451582e-02 -3.741552540077151823e-02 -5.775818035432352282e+00 -1.405381600349244267e-02 9.997271300985505205e-01 -1.879189335354855550e-02 -7.128067529367086763e+00 3.715452970515178976e-02 1.930294775366323684e-02 9.991248270576092994e-01 2.242157470654111364e+02
9.994946897372481986e-01 1.382670855459472437e-02 -2.867493119456474004e-02 -5.787569464625618387e+00 -1.438871986418789953e-02 9.997090355241119441e-01 -1.948825253174106889e-02 -7.148318839462761254e+00 2.839711113132811771e-02 1.989102286731047470e-02 9.994005392937419519e-01 2.246580187870802945e+02
9.997469051047565003e-01 1.541371688016891436e-02 -1.648079552952710566e-02 -5.791150007546925771e+00 -1.574905217991341005e-02 9.996699864459652751e-01 -2.041745880188087364e-02 -7.170546296682162257e+00 1.616065941781796508e-02 2.067187274913784290e-02 9.996574408295770819e-01 2.251006795583422786e+02
9.998571987450286525e-01 1.697681447022163920e-02 -6.714979689448094362e-04 -5.786454049987745485e+00 -1.698708815703308186e-02 9.996404211013002472e-01 -2.086755036106694924e-02 -7.192092821371399936e+00 3.170419555066692320e-04 2.087600126035931911e-02 9.997837724400674420e-01 2.255423922047092447e+02
9.997041822777721354e-01 1.695675352337401576e-02 1.752444372513727380e-02 -5.767181984004781548e+00 -1.658663571023262506e-02 9.996432926460209201e-01 -2.105141709479817561e-02 -7.209319074658933957e+00 -1.787506102629169216e-02 2.075453825595701546e-02 9.996265485246459415e-01 2.259791862613992350e+02
9.991933586264303280e-01 1.472313067959341720e-02 3.740261340846783022e-02 -5.736137874962181193e+00 -1.390766971411763926e-02 9.996644231592987095e-01 -2.196845406294265987e-02 -7.228442622190696554e+00 -3.771336293297147119e-02 2.143056763461229086e-02 9.990605278599113959e-01 2.264029187688531408e+02
9.980663702845166130e-01 1.517549137048382520e-02 6.030195446884348970e-02 -5.695063719092106069e+00 -1.366707749597681834e-02 9.995877623903216547e-01 -2.534790754791981307e-02 -7.252547561100215034e+00 -6.066156531211263497e-02 2.447475098356243287e-02 9.978600479027575076e-01 2.268315772053475428e+02
9.961517705440593451e-01 1.816430576502572197e-02 8.576022297400337502e-02 -5.647158261906997545e+00 -1.562492478776785799e-02 9.994245836179381781e-01 -3.018885784993017435e-02 -7.277545817391786187e+00 -8.625897363256476713e-02 2.873268863724195987e-02 9.958601017032512326e-01 2.272388964272134046e+02
9.931635080687165607e-01 1.993528308936701535e-02 1.150301919010359442e-01 -5.582297098941393365e+00 -1.612270619121650497e-02 9.992949725735161826e-01 -3.397970430150612509e-02 -7.300653724780090670e+00 -1.156261552840542467e-01 3.189279828776223763e-02 9.927824369304237839e-01 2.276543089590998932e+02
9.888372779414215108e-01 1.945840574000878148e-02 1.477339898677650920e-01 -5.499091070690321992e+00 -1.430489868284151589e-02 9.992567163457811708e-01 -3.586631301635816171e-02 -7.322673794746302534e+00 -1.483216712109356739e-01 3.335261409714660591e-02 9.883783759920919954e-01 2.280669572877986866e+02
9.831346409694557975e-01 1.694617887012502336e-02 1.821050121230723129e-01 -5.398432999197900983e+00 -1.050868669422991460e-02 9.992897419697319705e-01 -3.625730601732930075e-02 -7.340979094017317408e+00 -1.825895972812306700e-01 3.373211306579881191e-02 9.826121877830070739e-01 2.284566133710684994e+02
9.757233483130777207e-01 1.234127749770333633e-02 2.186659125148593952e-01 -5.279201720583920121e+00 -4.538946650572837221e-03 9.993386564847357434e-01 -3.614787703493104604e-02 -7.362894963979157659e+00 -2.189668241262821002e-01 3.427779581531657099e-02 9.751318316525316998e-01 2.288593636324985141e+02
9.666935512553161969e-01 5.793843597837493829e-03 2.558772435524282463e-01 -5.137530095241971573e+00 3.444520932965453551e-03 9.993612161353792045e-01 -3.564165585757732985e-02 -7.385610391368049754e+00 -2.559196157406924965e-01 3.533591104425681112e-02 9.660538534952129996e-01 2.292284501641349834e+02
9.557946086643490657e-01 1.977093791426297678e-04 2.940404540162233626e-01 -4.982788367726978862e+00 1.048011164169197762e-02 9.993440242602801282e-01 -3.473795634708246732e-02 -7.410480006249349216e+00 -2.938536640144484569e-01 3.628390274439312335e-02 9.551633494565210381e-01 2.296056064636807719e+02
9.432304027322940820e-01 -6.970146839728188874e-03 3.320707649616346235e-01 -4.815847581922406917e+00 1.881506613713661985e-02 9.992981887300751431e-01 -3.246789485001184972e-02 -7.431460907250690084e+00 -3.316105395357338836e-01 3.687261174080043447e-02 9.426973952847290672e-01 2.299508650385826627e+02
9.285518407034512034e-01 -1.136827877604994555e-02 3.710329045114016955e-01 -4.634255868301762504e+00 2.425360177481209606e-02 9.992557072445158450e-01 -3.008051473438587767e-02 -7.455972593177540020e+00 -3.704138189319562402e-01 3.693017289199654329e-02 9.281343010555276329e-01 2.303072124080574383e+02
9.114668291402845401e-01 -1.082034163863345583e-02 4.112351212919722054e-01 -4.452386909316532027e+00 2.535874108475046074e-02 9.992332834802226671e-01 -2.991368442228660093e-02 -7.477615058815590743e+00 -4.105950782826082168e-01 3.769370668272154640e-02 9.110402724939232755e-01 2.306418943700854811e+02
8.923320260054740105e-01 -6.720081963283859941e-03 4.513331282575862025e-01 -4.250456705417136938e+00 2.350461802444651568e-02 9.992269353427597478e-01 -3.159304561560562913e-02 -7.502742465236208247e+00 -4.507707440192597059e-01 3.879986774608296107e-02 8.917980792023434411e-01 2.309795203672660477e+02
8.706985448183129916e-01 -8.048843990974456977e-04 4.918196841541556119e-01 -4.055531926092247552e+00 2.157138051844536761e-02 9.991013675929663052e-01 -3.655396612525826927e-02 -7.510409467809463280e+00 -4.913470289496349452e-01 4.243667517309832049e-02 8.699314503486369476e-01 2.312849034798688308e+02
8.468332334117614213e-01 2.304533909165257070e-03 5.318565405105252220e-01 -3.822953132769216111e+00 2.325384845755067847e-02 9.988764821317991371e-01 -4.135331124634570449e-02 -7.540029478407859642e+00 -5.313529201548901071e-01 4.738702008351217132e-02 8.458262490285385349e-01 2.315864751982723249e+02
8.211548590775579193e-01 8.950744180833929272e-04 5.707075620177390896e-01 -3.558657498838274424e+00 2.975183490975103970e-02 9.985744039686295093e-01 -4.437406769598125494e-02 -7.555020562828123509e+00 -5.699322167192404365e-01 5.341751365095773196e-02 8.199556897359538965e-01 2.318863824399061571e+02
7.931467093855523176e-01 -2.476438292297631922e-03 6.090282433925419125e-01 -3.298331642934801966e+00 3.830947994938361384e-02 9.982168546976226686e-01 -4.583197955282571068e-02 -7.572744600892283628e+00 -6.078271967485251448e-01 5.968295879356902423e-02 7.918254436745477687e-01 2.321572474385666283e+02
7.627267410660081293e-01 1.140609373864953728e-04 6.467233963765309790e-01 -3.006168732957222645e+00 4.027123079418820639e-02 9.980535109801783600e-01 -4.767067065528188263e-02 -7.608031866570236446e+00 -6.454683404797050272e-01 6.240395577156353235e-02 7.612357416387971476e-01 2.324404771650347925e+02
7.286992593321658385e-01 9.682389058674831933e-03 6.847677703037550190e-01 -2.735656939581152969e+00 3.220348310433737704e-02 9.983120190155089224e-01 -4.838524050743957250e-02 -7.626955321382407504e+00 -6.840786310873319120e-01 5.731012222752553120e-02 7.271557315746756123e-01 2.327037853539924015e+02
6.930721503083694390e-01 2.122504241589018292e-02 7.205579518044583631e-01 -2.408028009040054762e+00 1.857960804198123539e-02 9.987109760323122920e-01 -4.728924881139634495e-02 -7.642376086883905906e+00 -7.206310117684722183e-01 4.616249866721525846e-02 6.917828012267696058e-01 2.330055364201001566e+02
6.564033088113038206e-01 2.606588794515940499e-02 7.539618974567686704e-01 -2.126300340816139389e+00 1.292997432831075738e-02 9.988699674652061766e-01 -4.578966444262022595e-02 -7.660253237918312585e+00 -7.543015214552486469e-01 3.980516339153154781e-02 6.553229992760372102e-01 2.332474355433015774e+02
6.173937197277780120e-01 2.314761651101026468e-02 7.863157573209736961e-01 -1.783620914326929485e+00 1.928281167972809365e-02 9.988238702443348327e-01 -4.454372254284584554e-02 -7.692519596923660608e+00 -7.864200251553209453e-01 4.266335400495182423e-02 6.162198033191741420e-01 2.334672163903646549e+02
5.766451264346134087e-01 2.147768110607658348e-02 8.167143962310704497e-01 -1.394015061045135173e+00 2.813944010816130104e-02 9.985417105400020699e-01 -4.612724405177375669e-02 -7.729250389882206917e+00 -8.165120166510333455e-01 4.958087989813915464e-02 5.751985060557958107e-01 2.336731059387902292e+02
5.330391065423596419e-01 2.179622089435742302e-02 8.458117643921611029e-01 -1.045729148494222605e+00 3.541550551781997430e-02 9.982197790735871656e-01 -4.804286686840179149e-02 -7.749383339706504614e+00 -8.453510347322065188e-01 5.556350680816812132e-02 5.313170239354481073e-01 2.338540588505657638e+02
4.872250323710057840e-01 2.748540358532750721e-02 8.728457100461538554e-01 -6.220185526249620844e-01 3.200224395193033977e-02 9.982738066319652992e-01 -4.929875435251333815e-02 -7.772196805746486525e+00 -8.726917873347792565e-01 5.195254689025839007e-02 4.855032715023956391e-01 2.340525744548838816e+02
4.403484432240706292e-01 3.535399989824415667e-02 8.971324674004500510e-01 -2.457136559915944207e-01 2.191921675824136731e-02 9.985058214941731070e-01 -5.010767311920252126e-02 -7.789068292175228336e+00 -8.975612185720532876e-01 4.172924030889935132e-02 4.389145404817218488e-01 2.342341430144030312e+02
3.933038728693454833e-01 3.524930679527311234e-02 9.187343885147138955e-01 2.132862509560964348e-01 1.747137605920315653e-02 9.988003652454209291e-01 -4.580054100473313072e-02 -7.809511802669113933e+00 -9.192443479650496130e-01 3.406506585706169793e-02 3.922152992579616693e-01 2.344073148871495391e+02
3.472200069879228246e-01 3.222876587095602208e-02 9.372315119600348465e-01 6.414351849453868715e-01 1.594396077609702353e-02 9.990645066590390089e-01 -4.026180183559063819e-02 -7.840684364649148641e+00 -9.376499473535159224e-01 2.892287919218508238e-02 3.463805428788304108e-01 2.345438050423247773e+02
3.033408792547904742e-01 2.984600923289373528e-02 9.524163295800142093e-01 1.116952403904903246e+00 2.103168158917418859e-02 9.990587203912737468e-01 -3.800610452053813926e-02 -7.868935117253524680e+00 -9.526517550351690788e-01 3.155970943092546027e-02 3.024269543912302960e-01 2.346644464078049168e+02
2.625890213631628667e-01 3.125319774813938717e-02 9.644032275650955555e-01 1.619194335873596291e+00 2.452414177155528771e-02 9.989388389300648541e-01 -3.904979966813364872e-02 -7.908786646350823624e+00 -9.645978273601972797e-01 3.390519154415209957e-02 2.615433283493569516e-01 2.347723646779919875e+02
2.257659534618284558e-01 3.292019662280208647e-02 9.736269004390863957e-01 2.089627610958710857e+00 2.954148894300729147e-02 9.987404539348808674e-01 -4.061940069352874133e-02 -7.929831925483004973e+00 -9.737353044898962029e-01 3.793283704593470446e-02 2.245085831956779299e-01 2.348519964427633226e+02
1.916014927787940414e-01 3.615388831369235889e-02 9.808084014082315560e-01 2.626159898525538328e+00 3.007371084816505558e-02 9.986383785499013399e-01 -4.268598739737756997e-02 -7.949263705420006154e+00 -9.810136895620330533e-01 3.767521508230658317e-02 1.902529079147484425e-01 2.349446956885121267e+02
1.626195674704786487e-01 3.550078677862317927e-02 9.860516867701590860e-01 3.145832624996256488e+00 2.992324078832026696e-02 9.987179791987856881e-01 -4.089169589092356977e-02 -7.973433540610557202e+00 -9.862367368053609473e-01 3.615562373173885485e-02 1.613484421324757889e-01 2.350112927928095985e+02
1.359366420916925944e-01 3.056058421667965166e-02 9.902477685400977725e-01 3.700392680483161278e+00 3.340785568980118164e-02 9.988168530652267174e-01 -3.541106235264718932e-02 -8.002707942301359623e+00 -9.901558340838834127e-01 3.789568422222242688e-02 1.347545644591601199e-01 2.350708578606330263e+02
1.085788939406042292e-01 2.780795285526515767e-02 9.937005130563015820e-01 4.275713199866705061e+00 3.100989792009640686e-02 9.990300257867659184e-01 -3.134541218393938067e-02 -8.025489228281617926e+00 -9.936057843641413756e-01 3.421798029095499821e-02 1.076110390393568289e-01 2.351253053169660916e+02
8.322787136293113841e-02 2.673410912027350886e-02 9.961735693536469816e-01 4.858200681719991643e+00 2.985569385192296185e-02 9.991270396343050475e-01 -2.930769530459318914e-02 -8.059694447603668266e+00 -9.960849425538725876e-01 3.218065282288995466e-02 8.235689665304957163e-02 2.351672354907095155e+02
5.873233551458548196e-02 2.920304767682321140e-02 9.978482198426652516e-01 5.463987850143163350e+00 2.715934829545395279e-02 9.991578575555372099e-01 -3.083990441305006769e-02 -8.075701723501563123e+00 -9.979059819185212010e-01 2.891219595438056233e-02 5.788963890446159610e-02 2.351994362044995910e+02
3.835803368465307700e-02 3.141667854637635732e-02 9.987717608820756432e-01 6.072841400034312720e+00 3.122568361449762700e-02 9.989824274902086021e-01 -3.262248847290946663e-02 -8.099432292461822058e+00 -9.987777996919522394e-01 3.243864554505951348e-02 3.733794478675329931e-02 2.352069208664599103e+02
1.859939172770784868e-02 3.214086902522854394e-02 9.993119658770467373e-01 6.705191352531064020e+00 3.645629953812509066e-02 9.987993180970962115e-01 -3.280286450961145822e-02 -8.137150633365388686e+00 -9.991638934040452114e-01 3.704129845033110602e-02 1.740532116053337616e-02 2.351991742548481170e+02
3.941694128010459771e-05 3.003473489260645446e-02 9.995505462288678533e-01 7.363891992964669342e+00 3.842804617547821572e-02 9.988131013834897765e-01 -3.001404159581781000e-02 -8.155207950722385135e+00 -9.992631157233572425e-01 3.841192368174010247e-02 -1.114763478052085066e-03 2.351881001021569091e+02
-1.544217942384330106e-02 2.636014436083567239e-02 9.995349256817049888e-01 8.019655172264142706e+00 3.838014693459386451e-02 9.989339362348376161e-01 -2.575130037860675833e-02 -8.176381771654268604e+00 -9.991456371697612360e-01 3.796460925826334459e-02 -1.643734262237262975e-02 2.351791872281948770e+02
-3.003783883208056144e-02 2.352339251003023046e-02 9.992736190251819695e-01 8.718716491074994579e+00 3.837926611981032354e-02 9.990155538394799306e-01 -2.236360496309209092e-02 -8.197349984154548963e+00 -9.988134284662874007e-01 3.767960300624158265e-02 -3.091096281457336378e-02 2.351556352441410525e+02
-3.983793378408469893e-02 2.295378889041230913e-02 9.989441702551027369e-01 9.406176757069641070e+00 4.087309761681330589e-02 9.989393764151160982e-01 -2.132360737025131708e-02 -8.232343968177593396e+00 -9.983715980741251217e-01 3.998041736223949955e-02 -4.073373338161836998e-02 2.351228255826571569e+02
-4.687357303746769038e-02 2.515846605986886420e-02 9.985856593201357656e-01 1.010911882696218100e+01 4.212119498277422380e-02 9.988459971163883289e-01 -2.318781173496559100e-02 -8.257013162850901367e+00 -9.980141322798932180e-01 4.097468400833991636e-02 -4.787903078340344232e-02 2.350789657150757250e+02
-5.216828927634169222e-02 2.671657076882198029e-02 9.982825732398441509e-01 1.083681527812506040e+01 4.698530489039410424e-02 9.986033058325789469e-01 -2.426974533082552551e-02 -8.287894465600697202e+00 -9.975341571708562505e-01 4.563844694719080414e-02 -5.335054463822481996e-02 2.350321811933694391e+02
-5.504816225418399794e-02 2.551221750381234624e-02 9.981594215382292301e-01 1.156751066774839742e+01 4.705722649350072007e-02 9.986316034438652567e-01 -2.292904697785033696e-02 -8.306571135161197716e+00 -9.973759899249696748e-01 4.570835894413782796e-02 -5.617319417234991480e-02 2.349926380245942994e+02
-5.782690060598698334e-02 2.332737802019100790e-02 9.980557541616876804e-01 1.232690248270694156e+01 4.786883212700828588e-02 9.986444576990457511e-01 -2.056759104286565165e-02 -8.329080598924040402e+00 -9.971801113405420747e-01 4.658634806485115881e-02 -5.886498697278885750e-02 2.349517523671850654e+02
-5.943073924651415957e-02 2.252222198680144810e-02 9.979800350438841061e-01 1.308777258195597248e+01 4.735582917130282121e-02 9.986860565082411600e-01 -1.971802675734794438e-02 -8.356751045661267696e+00 -9.971103150800424419e-01 4.608825908385594250e-02 -6.041902635892581336e-02 2.349118691747618470e+02
-6.060313429726655460e-02 2.273249096323540913e-02 9.979047644405468764e-01 1.386263879433619550e+01 4.774235914036510653e-02 9.986650323708332611e-01 -1.985035606560809837e-02 -8.379255236607576762e+00 -9.970213177105287095e-01 4.643927613909906715e-02 -6.160734824607033699e-02 2.348685247156347486e+02
-6.223378196964632347e-02 2.197140895975262936e-02 9.978214518307181313e-01 1.466317690694088149e+01 4.855026208779830710e-02 9.986433618664602996e-01 -1.896140845601058250e-02 -8.409991025273248155e+00 -9.968818531604015654e-01 4.726439605072041417e-02 -6.321587933075663301e-02 2.348120557595451885e+02
-6.226351506779105593e-02 1.961445404140970891e-02 9.978687113244019136e-01 1.546439428849025965e+01 5.181728978830736632e-02 9.985246274176544645e-01 -1.639409297646270483e-02 -8.430638305124556808e+00 -9.967155193857786255e-01 5.068603353086723745e-02 -6.318782999234900943e-02 2.347635754618780197e+02
-6.114784217814382694e-02 1.695225132368096896e-02 9.979864757475742643e-01 1.628683975902027825e+01 5.449512481280557874e-02 9.984237534411135595e-01 -1.362065849997245830e-02 -8.460265282664442665e+00 -9.966417767314291742e-01 5.355245419961860570e-02 -6.197508558732578443e-02 2.347139723835148288e+02
-5.780603898292920734e-02 1.607751993837631607e-02 9.982000923360813127e-01 1.707788656769780289e+01 5.563908077106336642e-02 9.983707699141478598e-01 -1.285815767081742965e-02 -8.485609700233689878e+00 -9.967779939827736690e-01 5.479558513891483879e-02 -5.860621816879405671e-02 2.346727735708600733e+02
-5.439638471457700769e-02 1.776565768197185466e-02 9.983630933751552750e-01 1.787127699132701508e+01 5.606016689607087183e-02 9.983216406062979109e-01 -1.471041450093274819e-02 -8.516205286534056285e+00 -9.969462919707365867e-01 5.516813499843068597e-02 -5.530086312201548671e-02 2.346305239901272444e+02
-5.122170262730903201e-02 1.915851093979363540e-02 9.985052561416750683e-01 1.867623891994039198e+01 5.621164233454820774e-02 9.982889157222777365e-01 -1.627075601403674826e-02 -8.543876058583531830e+00 -9.971059187148459957e-01 5.529412812803218696e-02 -5.221082182585175258e-02 2.345923833794977043e+02
-4.777351115524060277e-02 1.824449862765896435e-02 9.986932937201770111e-01 1.947410232401611552e+01 5.899881393719163397e-02 9.981417019498731724e-01 -1.541211220158371364e-02 -8.570355625822887902e+00 -9.971160746766812855e-01 5.818534752662254950e-02 -4.876097913067198308e-02 2.345563519393979277e+02
-4.464805461465320285e-02 1.713941403938683272e-02 9.988574759447987894e-01 2.027629968352747980e+01 5.898189251495610658e-02 9.981565034665187408e-01 -1.449090565237624167e-02 -8.603617341923051498e+00 -9.972619149111625614e-01 5.826743167592247225e-02 -4.557650899628465369e-02 2.345262388766325614e+02
-4.109566175363670720e-02 1.723469704787095741e-02 9.990082973272741418e-01 2.108519250996303995e+01 6.211324875914273069e-02 9.979640537829964630e-01 -1.466152010499118842e-02 -8.631252994307894610e+00 -9.972245199923009951e-01 6.144903611210766892e-02 -4.208234989466776849e-02 2.344953877391648973e+02
-3.817424680068001036e-02 2.017224188006298824e-02 9.990692074525514554e-01 2.190194266302580317e+01 5.981657804755172864e-02 9.980521328402803816e-01 -1.786608298116938720e-02 -8.665025301620145726e+00 -9.974810072688077289e-01 5.907879270283044465e-02 -3.930638596090471615e-02 2.344675579922006250e+02
-3.588373936953585808e-02 2.179997573823770629e-02 9.991199088406129691e-01 2.271517973271100743e+01 5.283336501132687019e-02 9.984079530262217617e-01 -1.988686983839596523e-02 -8.691260301001024757e+00 -9.979602502813426090e-01 5.207318456189096584e-02 -3.697824443334295913e-02 2.344461457246983969e+02
-3.383956706107883738e-02 2.071285798116938304e-02 9.992143593833039406e-01 2.352894114047228769e+01 5.116734394913394907e-02 9.985126524696169570e-01 -1.896542630164561177e-02 -8.718770184259369671e+00 -9.981184615336246013e-01 5.048529959406092976e-02 -3.484892805417655337e-02 2.344246255616367023e+02
-3.182207624698448617e-02 1.802054422309562476e-02 9.993328243027849167e-01 2.435829275081430723e+01 5.106405926677155122e-02 9.985636904289727500e-01 -1.638058167655754085e-02 -8.751739731297163871e+00 -9.981901094306933064e-01 5.050866201730811605e-02 -3.269644734301152544e-02 2.344042861227445940e+02
-2.980465550085617879e-02 1.671773272541107053e-02 9.994176701639212457e-01 2.517667822327690530e+01 4.835339594498912902e-02 9.987163138706065535e-01 -1.526395918985793201e-02 -8.785442547062768170e+00 -9.983873586469115269e-01 4.787024274060362045e-02 -3.057463260787759984e-02 2.343891373080973040e+02
-2.834382731957357446e-02 1.788629938090111407e-02 9.994399389867756334e-01 2.600383742992093872e+01 4.696276795490251371e-02 9.987623200337629736e-01 -1.654227777853196565e-02 -8.820356614222310654e+00 -9.984962768944641853e-01 4.646754106797010286e-02 -2.914861554599082472e-02 2.343734793292908876e+02
-2.736619655084277652e-02 1.957623524681380289e-02 9.994355172170109602e-01 2.683056033615483571e+01 4.319029717269716462e-02 9.989003897432366941e-01 -1.838308709830041229e-02 -8.852641274129155136e+00 -9.986938368435781532e-01 4.266279890085002136e-02 -2.818149147850742761e-02 2.343599040604151469e+02
-2.653306947338385929e-02 2.015546862808062153e-02 9.994464691690682079e-01 2.765684026097110504e+01 4.303451009858325071e-02 9.988955382773826441e-01 -1.900184503226976310e-02 -8.884749659445958514e+00 -9.987230471018414546e-01 4.250646967570593376e-02 -2.737102986078726596e-02 2.343442640390606755e+02
-2.644348230947532463e-02 2.003968836361545020e-02 9.994511722886242344e-01 2.848104288026619102e+01 4.191203434032136216e-02 9.989448082237942783e-01 -1.892058445209585105e-02 -8.916528087789933110e+00 -9.987731591849050572e-01 4.138866578333658119e-02 -2.725536857676029781e-02 2.343282738151921478e+02
-2.631476806541420063e-02 1.894787801930291476e-02 9.994758664738953025e-01 2.931535111355218959e+01 4.218217388363417614e-02 9.989535480721873917e-01 -1.782733803655787291e-02 -8.950107745043275997e+00 -9.987651872747503878e-01 4.169089987521645835e-02 -2.708637946162332708e-02 2.343104379330812606e+02
-2.667109231020994495e-02 1.791355563085410621e-02 9.994854953864492630e-01 3.014851680952562418e+01 4.324923910636607749e-02 9.989265778375199245e-01 -1.674940001718845661e-02 -8.979839551917120133e+00 -9.987101001535396705e-01 4.278021627364302082e-02 -2.741709748916131353e-02 2.342896583382330391e+02
-2.708113365867172509e-02 1.767071402378863829e-02 9.994787924175914107e-01 3.097095094784923219e+01 4.448887819732442322e-02 9.988770370605555282e-01 -1.645459783557690417e-02 -9.014935849012994495e+00 -9.986446125127794726e-01 4.402003178723891408e-02 -2.783675909503564860e-02 2.342686570864771340e+02
-2.770300929179193850e-02 1.763554515429491959e-02 9.994623701730140919e-01 3.180383288188323831e+01 4.317049991535013703e-02 9.989352985503061610e-01 -1.642960873710349462e-02 -9.046352647648449263e+00 -9.986854194355507808e-01 4.269209447418956943e-02 -2.843473358554604244e-02 2.342492596931337800e+02
-2.871865777190629049e-02 1.742343923036702297e-02 9.994374227985761694e-01 3.262405881808209784e+01 4.189325699993146773e-02 9.989932373214996941e-01 -1.621185890483234013e-02 -9.074713650873404092e+00 -9.987111258043073203e-01 4.140406259479180451e-02 -2.941955067134136709e-02 2.342294736712114798e+02
-2.974983827479769569e-02 1.698421546605558344e-02 9.994148205024541154e-01 3.345544761181586324e+01 4.013888281145401582e-02 9.990721260505635026e-01 -1.578352488543791066e-02 -9.108398076521522668e+00 -9.987529932860880200e-01 3.964579791340862996e-02 -3.040383993873466487e-02 2.342128080794492746e+02
-3.159534221682960831e-02 1.644826891321726769e-02 9.993671453595277532e-01 3.427385421708921598e+01 3.768109441349752620e-02 9.991760754403731237e-01 -1.525377632848508996e-02 -9.138452936241812097e+00 -9.987920733045489996e-01 3.717526576174143976e-02 -3.218897133776272429e-02 2.341917832344669534e+02
-3.395516639554504307e-02 1.663112826946019224e-02 9.992867236850216939e-01 3.510167476718380897e+01 3.565889438962439179e-02 9.992477579563058265e-01 -1.541876247085070990e-02 -9.175684196707502238e+00 -9.987888826530085806e-01 3.510988471127925170e-02 -3.452253880801574304e-02 2.341684527688828155e+02
-3.637951257306845654e-02 1.594128221662553455e-02 9.992126454656746759e-01 3.592545119990754898e+01 3.254304622829311266e-02 9.993640509018673068e-01 -1.475881491281600712e-02 -9.206712639704562662e+00 -9.988099045444636115e-01 3.198048396511325026e-02 -3.687501582936301286e-02 2.341434311287862613e+02
-3.835281970956288394e-02 1.401898403028751378e-02 9.991676731017621327e-01 3.673619507727180888e+01 3.177632931241575892e-02 9.994156997243096585e-01 -1.280268721184087306e-02 -9.236228416663466945e+00 -9.987607678621235330e-01 3.125884280615309763e-02 -3.877573630902007851e-02 2.341190670459050978e+02
-4.035957287083890427e-02 1.036393241504643750e-02 9.991332275338667968e-01 3.756245714246173861e+01 2.961907749494495715e-02 9.995218772044883737e-01 -9.171463557336625994e-03 -9.264928191813513791e+00 -9.987479970869032053e-01 2.922323358497992338e-02 -4.064709418075271308e-02 2.340942302289109307e+02
-4.207861467286258539e-02 6.966091667362157500e-03 9.990917764199549467e-01 3.836850106246132697e+01 2.941317574764413037e-02 9.995536095233346074e-01 -5.730470762938210533e-03 -9.287764031857436819e+00 -9.986831347077602672e-01 2.914531736871485076e-02 -4.226457127271918829e-02 2.340652252829073916e+02
-4.326921730670670041e-02 6.349119030588831238e-03 9.990450339273624358e-01 3.918404116404165904e+01 2.925301289630805393e-02 9.995618039330979032e-01 -5.085387393824495825e-03 -9.313206041545548430e+00 -9.986369665255370176e-01 2.900502200308818779e-02 -4.343582632608969374e-02 2.340363756602067440e+02
-4.403792099560529388e-02 8.879042796997409226e-03 9.989921667157110052e-01 3.998381614792649685e+01 2.956375788163109405e-02 9.995368576709776631e-01 -7.580593482801667622e-03 -9.340765318348360324e+00 -9.985942136934216062e-01 2.920011416384145353e-02 -4.427985472882938617e-02 2.340036794908655509e+02
-4.434796970979742320e-02 1.266971465894815158e-02 9.989375695743165640e-01 4.077865705809195873e+01 3.036709576747484776e-02 9.994773285446022504e-01 -1.132835870531132515e-02 -9.371536451451550676e+00 -9.985563880439597417e-01 2.983242689378509671e-02 -4.470935784306202115e-02 2.339698140231121215e+02
-4.429416274711344553e-02 1.571500091057706494e-02 9.988966918838281250e-01 4.158463045499555477e+01 3.152073261968624251e-02 9.994031531873024399e-01 -1.432519114523111634e-02 -9.398746696467979334e+00 -9.985230286728210558e-01 3.085141404565172260e-02 -4.476289551218294582e-02 2.339386633088585938e+02
-4.441229697031016249e-02 1.651638789693054415e-02 9.988785185363741048e-01 4.236760247811431412e+01 3.229958546530768693e-02 9.993670582737881336e-01 -1.508830178524989997e-02 -9.428189281652318954e+00 -9.984928949421054689e-01 3.159323596686853391e-02 -4.491748170347809044e-02 2.339052079683309557e+02
-4.488427228241667621e-02 1.653827889795192463e-02 9.988570602295742118e-01 4.316892156482558818e+01 3.196568356671328909e-02 9.993774652795123226e-01 -1.511044333022660419e-02 -9.458850303256840064e+00 -9.984825408056353657e-01 3.125090870827688938e-02 -4.538480576070327843e-02 2.338732945856581011e+02
-4.618518081579480600e-02 1.629437991999234739e-02 9.988017629917093076e-01 4.395272227290965361e+01 2.933091232394859776e-02 9.994606957668190628e-01 -1.494879710779031465e-02 -9.488938440457605594e+00 -9.985040894683555601e-01 2.860534185985125558e-02 -4.663801637624863383e-02 2.338442314337157200e+02
-4.766979900845557533e-02 1.530342936840650876e-02 9.987476835869325553e-01 4.473551481528205898e+01 2.810479341569443665e-02 9.995100360727695588e-01 -1.397362671441623912e-02 -9.519444176379414202e+00 -9.984695804665484342e-01 2.740346802406195409e-02 -4.807635192690427189e-02 2.338103909980169703e+02
-4.924988215974883399e-02 1.301766271492556769e-02 9.987034282156419529e-01 4.552516260399553261e+01 2.733797490048581191e-02 9.995607340800779506e-01 -1.168064281400447817e-02 -9.552215023407663708e+00 -9.984141820988510219e-01 2.672724997979203029e-02 -4.958392806901743000e-02 2.337747704591944853e+02
-5.104506253779844682e-02 1.066671223045932010e-02 9.986411654609315125e-01 4.629399026900312464e+01 2.749184707718457799e-02 9.995817670978579539e-01 -9.271471727766780746e-03 -9.571671984485430329e+00 -9.983197866019488664e-01 2.698121690250437910e-02 -5.131675737106940194e-02 2.337373842566086068e+02
-5.249883757280651014e-02 1.063597375947403743e-02 9.985661256189753976e-01 4.708582685638943133e+01 2.694605123583933282e-02 9.995970132609006686e-01 -9.230232023283291634e-03 -9.601485018709361441e+00 -9.982592750020931049e-01 2.642282973937842144e-02 -5.276406948839454381e-02 2.337047746253124672e+02
-5.347160386759518269e-02 1.214863951384617669e-02 9.984972504493498935e-01 4.784790866011735488e+01 2.695504661860415735e-02 9.995819236328397084e-01 -1.071828361958108815e-02 -9.631496221256275803e+00 -9.982073990919930750e-01 2.634140862569962771e-02 -5.377650314324954051e-02 2.336675485927818272e+02
-5.375103711339278972e-02 1.365801631675863867e-02 9.984627417440169461e-01 4.862389120926101072e+01 2.751923188707740275e-02 9.995496703126135474e-01 -1.219136541655877447e-02 -9.659174766137297752e+00 -9.981769975085219571e-01 2.682162044689536187e-02 -5.410247483238335431e-02 2.336300544375806396e+02
-5.345570866674641264e-02 1.382030518121415454e-02 9.984763638110470962e-01 4.938905506696578840e+01 2.764075726863514382e-02 9.995443054156697427e-01 -1.235522111088202361e-02 -9.687693517142864863e+00 -9.981894997133873293e-01 2.693817667118267659e-02 -5.381313889818307994e-02 2.335922245318674300e+02
-5.291747378977020716e-02 1.260147368891177504e-02 9.985211606551309682e-01 5.015586673752061131e+01 2.890812898482213872e-02 9.995233822136112556e-01 -1.108205504661892958e-02 -9.713595789352496013e+00 -9.981822802787262416e-01 2.827893243888333907e-02 -5.325632564650337186e-02 2.335526421918996789e+02
-5.213385952374031268e-02 1.092069706286142791e-02 9.985821786625093122e-01 5.092435701655151092e+01 2.766055979006010537e-02 9.995750969883614445e-01 -9.487402090789675072e-03 -9.739952654061390547e+00 -9.982588659884223947e-01 2.712671947797534386e-02 -5.241356625787865764e-02 2.335211413267758473e+02
-5.179673940650877939e-02 9.010850767516955309e-03 9.986187819191029158e-01 5.167795979290438169e+01 2.520812467204541774e-02 9.996552209717914916e-01 -7.712643925453945178e-03 -9.764818555014361579e+00 -9.983413546937346394e-01 2.477381512875699923e-02 -5.200581311202690654e-02 2.334886420135010496e+02
-5.106207231182979811e-02 7.934028670004816472e-03 9.986657544221749783e-01 5.243796873433736749e+01 2.491782460555649198e-02 9.996700143673035166e-01 -6.667896969187455530e-03 -9.784619652085284613e+00 -9.983864893439812205e-01 2.454410162348706972e-02 -5.124270871671288835e-02 2.334579942878369820e+02
-5.082140218935098791e-02 8.198202437383679542e-03 9.986758981363978993e-01 5.317998012126908236e+01 2.580376655919861678e-02 9.996460157267552660e-01 -6.892990456763271184e-03 -9.813214483624031814e+00 -9.983762681738523881e-01 2.541928681080031158e-02 -5.101474145917366670e-02 2.334177283204084574e+02
-5.083405575191897452e-02 1.020573061293080473e-02 9.986567597746244251e-01 5.393441407868618853e+01 2.598884301911509251e-02 9.996254373882238475e-01 -8.892682015169234636e-03 -9.837607136340087877e+00 -9.983708254195239329e-01 2.550188195846896447e-02 -5.108002988678166795e-02 2.333859521602376503e+02
-5.121271743794177100e-02 1.329802922058198264e-02 9.986010227337150935e-01 5.467626946547473921e+01 2.222252569024105867e-02 9.996817002078435266e-01 -1.217269721093397310e-02 -9.870083040986743939e+00 -9.984424093802795053e-01 2.156804959488562920e-02 -5.149171185046090560e-02 2.333565935867621590e+02
-5.170078506659980810e-02 1.225794009960026049e-02 9.985891836473663741e-01 5.541910232932168157e+01 2.269610343721740336e-02 9.996835903561963610e-01 -1.109625752095335510e-02 -9.889912691835506919e+00 -9.984066027428800671e-01 2.209040592336136699e-02 -5.196241343933138968e-02 2.333199978040697715e+02
-5.129751333554275622e-02 1.041169835428520755e-02 9.986309368138409637e-01 5.617461561100668632e+01 2.780662524451620737e-02 9.995756289066479727e-01 -8.993128680168412450e-03 -9.908373676304277566e+00 -9.982981451203046808e-01 2.730722545507349025e-02 -5.156503938655454533e-02 2.332850793577641753e+02
-5.201637467457068120e-02 1.128198674124173892e-02 9.985843014882033186e-01 5.690180568799295457e+01 2.765533682555050901e-02 9.995717266836817716e-01 -9.852518644626094904e-03 -9.939378197433335060e+00 -9.982651522146595013e-01 2.710369134406841185e-02 -5.230588486862490505e-02 2.332474028643341342e+02
-5.236619673019742710e-02 1.860007898591509515e-02 9.984565168692409731e-01 5.763513547453187869e+01 2.573331000351977704e-02 9.995224194209557655e-01 -1.727024278964471929e-02 -9.967890549043701753e+00 -9.982982591674783857e-01 2.478921888183758387e-02 -5.281961041529096429e-02 2.332172947819918249e+02
-5.131186988395023546e-02 2.873564255073982748e-02 9.982709826151116017e-01 5.835606635854667701e+01 2.592161693606819667e-02 9.992902780075003655e-01 -2.743253948099329265e-02 -1.000715464351661055e+01 -9.983481348688830748e-01 2.446918979533497379e-02 -5.202010988005140169e-02 2.331814749492236558e+02
-5.072347776685257048e-02 3.425131913978590043e-02 9.981270340537187202e-01 5.907867229261712083e+01 2.902402030981294026e-02 9.990429395027743409e-01 -3.280773357654599015e-02 -1.005453594269691919e+01 -9.982928293776569539e-01 2.730553683031636258e-02 -5.166882673447395491e-02 2.331410603434898405e+02
-4.959409052963103387e-02 3.125469406317312598e-02 9.982821131345386290e-01 5.980877520603502262e+01 3.208748082187620754e-02 9.990469295856216903e-01 -2.968449768084149842e-02 -1.008315867570263258e+01 -9.982558078197529827e-01 3.056017369611164006e-02 -5.054949544001003520e-02 2.331031464916013647e+02
-4.827395505477124343e-02 2.544912596926651033e-02 9.985116800407239923e-01 6.053178206679462647e+01 3.050359194965701626e-02 9.992494202439918816e-01 -2.399315107349436413e-02 -1.011093207470356248e+01 -9.983701689806627755e-01 2.929994254519997787e-02 -4.901380164039827181e-02 2.330746199256855959e+02
-4.608331236044986567e-02 2.068188291082587865e-02 9.987252878261220213e-01 6.125183570504778174e+01 2.940499546337179554e-02 9.993832670591580314e-01 -1.933864588562592829e-02 -1.015195971902019600e+01 -9.985066427994956362e-01 2.847631993340831238e-02 -4.666283415911539473e-02 2.330461885166589582e+02
-4.411458466964736369e-02 1.908318409884917494e-02 9.988460090622711673e-01 6.196310108377391401e+01 3.062404140888059373e-02 9.993762999448829731e-01 -1.774073381023993576e-02 -1.017541173430508650e+01 -9.985589184699890097e-01 2.980606952346803382e-02 -4.467127313576609027e-02 2.330174227534703846e+02
-4.235632272606525833e-02 1.845009320095595748e-02 9.989340073201505854e-01 6.267347857510196008e+01 3.033073206912889272e-02 9.993951718614757507e-01 -1.717248888113692001e-02 -1.021602262579592946e+01 -9.986439975644577638e-01 2.957103005531920570e-02 -4.289011193198853655e-02 2.329915747526916903e+02
-4.178929960157737322e-02 1.721359837623256950e-02 9.989799606414446753e-01 6.338157405584175308e+01 2.530629063380429936e-02 9.995518253609089188e-01 -1.616478711270945279e-02 -1.023811322336468521e+01 -9.988078366089712112e-01 2.460496839994213633e-02 -4.220598657656686459e-02 2.329744325891832943e+02
-4.228783868132361679e-02 1.713568262528704714e-02 9.989603207986337274e-01 6.408346435223005244e+01 2.021723032466801739e-02 9.996656435152811992e-01 -1.629189519039404843e-02 -1.026618801944578330e+01 -9.989028240578491369e-01 1.950728127652269148e-02 -4.261993819668762062e-02 2.329589032568553364e+02
-4.275967314615597425e-02 1.857774562785362293e-02 9.989144611124372020e-01 6.477883244294670817e+01 1.792802790845718364e-02 9.996831696094201636e-01 -1.782455958422856160e-02 -1.030048886303073807e+01 -9.989264475216034223e-01 1.714642155809626561e-02 -4.307898712691834303e-02 2.329398584628053470e+02
-4.436698832473937038e-02 1.911211382720219912e-02 9.988342812364049417e-01 6.547355860617760470e+01 1.752300391056837645e-02 9.996808471692684162e-01 -1.834991046196246881e-02 -1.032911916541464414e+01 -9.988635387275985877e-01 1.668847599647902205e-02 -4.468752460922850028e-02 2.329089271083023789e+02
-4.574566824696565254e-02 1.887338028981997914e-02 9.987766291996125201e-01 6.616905422887485599e+01 1.660616577329681112e-02 9.997005086775876403e-01 -1.813019892362088825e-02 -1.035449095310929124e+01 -9.988170153890355563e-01 1.575650411257234831e-02 -4.604517288899566407e-02 2.328857465784052465e+02
-4.711564912376249581e-02 1.821582888387861254e-02 9.987251507055004973e-01 6.685126478121956950e+01 1.509218145494260234e-02 9.997353523967150712e-01 -1.752221994129699034e-02 -1.038428432694256642e+01 -9.987773546643131661e-01 1.424740528029353956e-02 -4.737788414611706495e-02 2.328636691352024570e+02
-4.864256281586493841e-02 1.704789699651025614e-02 9.986725679436746494e-01 6.753492661385661222e+01 1.791183804554230541e-02 9.997112239639887044e-01 -1.619314388917556663e-02 -1.041476926262791380e+01 -9.986575668479737988e-01 1.710041259700130142e-02 -4.893365898240169265e-02 2.328290145586696553e+02
-4.965046804564979960e-02 1.610813823679166021e-02 9.986385665601076322e-01 6.821591979223559576e+01 1.927601339494923113e-02 9.997019502193883467e-01 -1.516687468079750550e-02 -1.043985590141299014e+01 -9.985825654128416273e-01 1.849675159355719870e-02 -4.994595157286115666e-02 2.328005447793032374e+02
-5.062009701157421659e-02 1.543925331653630932e-02 9.986004545387291431e-01 6.889429520210015312e+01 1.885391165430564883e-02 9.997198866647828419e-01 -1.450078983435593508e-02 -1.046786911648883667e+01 -9.985419440670578739e-01 1.809351992689868169e-02 -5.089678330906620418e-02 2.327682572790781421e+02
-4.987886336127197312e-02 1.476098413725902142e-02 9.986480095239796961e-01 6.955396490936205112e+01 1.787583555516012238e-02 9.997466064229413307e-01 -1.388434416899481973e-02 -1.049093368169514839e+01 -9.985972338009370119e-01 1.715916211706592157e-02 -5.012986531260985035e-02 2.327436643869928332e+02
-4.918620693690591711e-02 1.545627990598410530e-02 9.986718468205867394e-01 7.021239297103461752e+01 1.672421106979674055e-02 9.997556199574482161e-01 -1.464931569902813702e-02 -1.052080470781184829e+01 -9.986515426888623592e-01 1.598148609841031423e-02 -4.943246017813796717e-02 2.327176865657055203e+02
-4.807065382472297532e-02 1.760567961354995298e-02 9.986905924808804347e-01 7.086139624895592704e+01 1.563506020665497709e-02 9.997382196395399045e-01 -1.687153269329637328e-02 -1.054592536752885401e+01 -9.987235075061827727e-01 1.480359410016644263e-02 -4.833311999031102840e-02 2.326956219823102288e+02
-4.750301864341559960e-02 2.004035346679789928e-02 9.986718683465084512e-01 7.151451550177628746e+01 1.461173863581816286e-02 9.997084921198133856e-01 -1.936608829181975938e-02 -1.057359550071110732e+01 -9.987661628921268298e-01 1.367241890534926473e-02 -4.778178083442703034e-02 2.326678837660585941e+02
-4.739288897260172245e-02 2.196555695456466756e-02 9.986366136662830906e-01 7.216348892103364676e+01 1.507568856230088843e-02 9.996628549573011169e-01 -2.127263124355453783e-02 -1.060231303235480027e+01 -9.987645011432159103e-01 1.404699628296828852e-02 -4.770783846207761469e-02 2.326395790471777900e+02
-4.682657362413694679e-02 2.233021995569953178e-02 9.986552422300896126e-01 7.280529458888678107e+01 1.548503000866056044e-02 9.996490107348190435e-01 -2.162631100142763801e-02 -1.063530016407976753e+01 -9.987849509440422935e-01 1.445155248141935522e-02 -4.715570696284142327e-02 2.326139242097014233e+02
-4.677313395822694370e-02 2.137668858046534032e-02 9.986786127220654841e-01 7.344874217279935635e+01 1.440583444991039123e-02 9.996842705099759918e-01 -2.072347463747065133e-02 -1.066403493228782828e+01 -9.988036046691532999e-01 1.341753173556033303e-02 -4.706609905862717963e-02 2.325881809820496642e+02
-4.641868011088239737e-02 1.964657543839841772e-02 9.987306856344992934e-01 7.408207927622693489e+01 1.213882607397812757e-02 9.997466625599575885e-01 -1.910233429149420584e-02 -1.068725926905885615e+01 -9.988502665601557418e-01 1.123675320492480666e-02 -4.664518737996180275e-02 2.325654223333448272e+02
-4.646072321033759001e-02 1.845470687954336303e-02 9.987514687935454827e-01 7.471447974154239091e+01 1.265198091321825639e-02 9.997628277564055699e-01 -1.788479682176885577e-02 -1.071402798560302472e+01 -9.988419452735558535e-01 1.180528251601066329e-02 -4.668297756085363487e-02 2.325432647201533314e+02
-4.737412048565742967e-02 1.777041923127584827e-02 9.987209702716632886e-01 7.534589686808537579e+01 1.603315932811785055e-02 9.997292857167977553e-01 -1.702778786975691488e-02 -1.073963152291443279e+01 -9.987504870581164207e-01 1.520600565062853182e-02 -4.764599444682123680e-02 2.325114044464944243e+02
-4.948381209953152393e-02 1.773901462608235696e-02 9.986192224967627151e-01 7.597426452584419110e+01 1.834672256718481581e-02 9.996925367762711234e-01 -1.684891683495273393e-02 -1.076936155558952457e+01 -9.986083609947755679e-01 1.748766479888255732e-02 -4.979382867752284170e-02 2.324794327179357083e+02
-5.269392528443225809e-02 1.757187728818511777e-02 9.984579368107261432e-01 7.660574746970685567e+01 1.730280513447193455e-02 9.997139708282087867e-01 -1.668077777279513077e-02 -1.079237716635993394e+01 -9.984627560509613531e-01 1.639717389039271542e-02 -5.298266608138541695e-02 2.324476598795442897e+02
-5.534913534668690904e-02 1.662701758319163128e-02 9.983304504168272198e-01 7.722556544793884825e+01 1.574558146127684466e-02 9.997543722491739615e-01 -1.577772678154286748e-02 -1.081710440896618763e+01 -9.983448643522009336e-01 1.484604016678303141e-02 -5.559710384273899159e-02 2.324214500996399693e+02
-5.774737189915028074e-02 1.595398806324571997e-02 9.982055820572676152e-01 7.784719712748903930e+01 1.705609948910259341e-02 9.997449706245333800e-01 -1.499183157568265840e-02 -1.083231775370034633e+01 -9.981874854240482264e-01 1.615978160997195642e-02 -5.800451243416136771e-02 2.323889496424035599e+02
-6.096736153845120493e-02 1.771708187161633377e-02 9.979843489165250991e-01 7.847253678875937055e+01 1.925436993410845066e-02 9.996801240684887180e-01 -1.657088320377201121e-02 -1.086495858042112594e+01 -9.979559998679918831e-01 1.820529869081658966e-02 -6.128873608225198638e-02 2.323444565608651544e+02
-6.638276681774879506e-02 2.121694450469617868e-02 9.975704720947308202e-01 7.909169217323731971e+01 1.984696086154134897e-02 9.996070194487952643e-01 -1.993950914973492694e-02 -1.088847733994207445e+01 -9.975987953188580892e-01 1.847512452844165057e-02 -6.677750464944805231e-02 2.323047485271980008e+02
-7.336852004896741997e-02 2.416238371679155575e-02 9.970140009766524924e-01 7.974079812964902203e+01 1.855032950722153642e-02 9.995694215829993290e-01 -2.285918077059963596e-02 -1.091452028480043701e+01 -9.971343349273927847e-01 1.681782140309293766e-02 -7.378486671990042156e-02 2.322569923034259887e+02
-7.934655880707472408e-02 2.550574905212707813e-02 9.965225835231630303e-01 8.037807131968139629e+01 1.681624724046398844e-02 9.995674612380707202e-01 -2.424466539565326567e-02 -1.093854414985801782e+01 -9.967072233684124427e-01 1.483407215660873142e-02 -7.974085161760062490e-02 2.322108607046075974e+02
-8.467927491308860355e-02 2.517508447369428554e-02 9.960920243825214238e-01 8.103798531308994768e+01 1.629970807241769987e-02 9.995848555350081988e-01 -2.387764967838101535e-02 -1.096379719362122174e+01 -9.962769161422748709e-01 1.421409972618557609e-02 -8.505415388076763283e-02 2.321536467041382537e+02
-8.986116142016516151e-02 2.447990407778767238e-02 9.956552573190202704e-01 8.168941737592260210e+01 1.963305010161888256e-02 9.995500269476030875e-01 -2.280366653659899462e-02 -1.098833015394867196e+01 -9.957627644685365098e-01 1.749860948903302765e-02 -9.030101438893692323e-02 2.320934239751889550e+02
-9.605030292298266659e-02 2.475417619791364654e-02 9.950704780335114519e-01 8.236531406693914903e+01 2.040571745629565434e-02 9.995324547941432103e-01 -2.289544201348300140e-02 -1.102068305723718922e+01 -9.951692907293363533e-01 1.810603492502835601e-02 -9.651017908271251888e-02 2.320229177587132199e+02
-1.018194253914536107e-01 2.519683898940986919e-02 9.944856007407124610e-01 8.304167542008904945e+01 1.890191918956059258e-02 9.995505769129074958e-01 -2.338986450198838815e-02 -1.105335249982815249e+01 -9.946253040043782079e-01 1.641617038704665243e-02 -1.022495764538461915e-01 2.319575251380571785e+02
-1.078162745648723192e-01 2.406521795813644157e-02 9.938813824126393470e-01 8.373056637544476644e+01 1.678029087444585232e-02 9.996114875276321809e-01 -2.238358734732840902e-02 -1.107935860705806519e+01 -9.940312127056983860e-01 1.426433571008389051e-02 -1.081778346653801265e-01 2.318855704829236117e+02
-1.136026513400072574e-01 2.140790092925364679e-02 9.932974517253677638e-01 8.443458631971647321e+01 1.790583191029287286e-02 9.996524337186103448e-01 -1.949694070958559247e-02 -1.109386109090528549e+01 -9.933669029311007481e-01 1.557094098400781980e-02 -1.139461081327190484e-01 2.318054159355742740e+02
-1.183850601054436125e-01 1.980790443512646035e-02 9.927720352054721920e-01 8.514731785575709466e+01 1.983480303960332564e-02 9.996515784878909905e-01 -1.757987588010484839e-02 -1.112933172315151253e+01 -9.927716523987042407e-01 1.761026585853550652e-02 -1.187363022086335707e-01 2.317189300746729543e+02
-1.239419850965054887e-01 2.000166553063363606e-02 9.920897173050762241e-01 8.586398004441721810e+01 2.323685497800081351e-02 9.995840386050460769e-01 -1.724972432936947714e-02 -1.115108294164324221e+01 -9.920193715428426984e-01 2.091509388894042046e-02 -1.243547943823179874e-01 2.316242992260760047e+02
-1.297808389957771646e-01 2.274986868307494678e-02 9.912835475802761476e-01 8.658992323921256684e+01 2.247774754385304871e-02 9.995502231913581115e-01 -1.999670554563039160e-02 -1.118109068967262232e+01 -9.912899125622621765e-01 1.968665005586614156e-02 -1.302334106749694076e-01 2.315338052447860662e+02
-1.350368584967907570e-01 2.598998901054596494e-02 9.905015219494247569e-01 8.733174650226608549e+01 2.458133380423853376e-02 9.994390163785474845e-01 -2.287323387656765850e-02 -1.121106272575685026e+01 -9.905376401446660539e-01 2.125913262791539332e-02 -1.355995355839778038e-01 2.314298048849051099e+02
-1.392809781993848695e-01 2.741901460892416653e-02 9.898750959707778296e-01 8.808409945075125336e+01 2.667231956268776086e-02 9.993606874603032653e-01 -2.392876525308467936e-02 -1.123774451526729656e+01 -9.898956588675833501e-01 2.306945235124031879e-02 -1.399228107177325486e-01 2.313241846248485274e+02
-1.436753718872218477e-01 2.669526451357670527e-02 9.892666221739386812e-01 8.885455647379009747e+01 2.978837059403094747e-02 9.993027015094215759e-01 -2.263974629230899177e-02 -1.126848614072391719e+01 -9.891784826486474946e-01 2.621586767906672680e-02 -1.443699336357811280e-01 2.312079559778835574e+02
-1.476485563215845509e-01 2.438844857885082498e-02 9.887410220568570995e-01 8.964565351334314869e+01 3.316748212013023028e-02 9.992586380826760095e-01 -1.969493223215763519e-02 -1.128717332981358368e+01 -9.884856364756997582e-01 2.988611263028083040e-02 -1.483475262842728903e-01 2.310889111201367996e+02
-1.503742827581726893e-01 2.132970325365578929e-02 9.884008918392349630e-01 9.044409409767436614e+01 3.479918903668241525e-02 9.992647863318943058e-01 -1.626978383096953570e-02 -1.131673058433833035e+01 -9.880185350031158720e-01 3.194897774735849794e-02 -1.510055001252111895e-01 2.309630350585219389e+02
-1.525221766517327604e-01 1.946778789069466414e-02 9.881101634954836399e-01 9.125759468669390628e+01 3.771658029953304375e-02 9.991951988140047591e-01 -1.386429973470724303e-02 -1.134557173815523257e+01 -9.875821387760606029e-01 3.515349989334061453e-02 -1.531331977828708779e-01 2.308350028083187908e+02
-1.537781146784684416e-01 1.765035611833492765e-02 9.879496246265944137e-01 9.207877201348095753e+01 3.907812352866314731e-02 9.991697639500662920e-01 -1.176810221463466151e-02 -1.136895724425470178e+01 -9.873344053188386482e-01 3.679751315872504397e-02 -1.543396946846868900e-01 2.307066543168607780e+02
-1.543476310109800076e-01 1.815322391220232368e-02 9.878516978837272866e-01 9.292001516611338729e+01 4.131215307225740568e-02 9.990782737747162523e-01 -1.190462981429094881e-02 -1.139417775848675518e+01 -9.871545745461550725e-01 3.897279493594238420e-02 -1.549548213878243208e-01 2.305769912991549688e+02
-1.541783741076980241e-01 2.022835995291445699e-02 9.878378162906770177e-01 9.376800064822775482e+01 4.217784019579064181e-02 9.990166908056906658e-01 -1.387424979048697618e-02 -1.142166860317064803e+01 -9.871444163913307701e-01 3.952572064070992292e-02 -1.548794665536110116e-01 2.304477900846484317e+02
-1.535875997528534653e-01 2.280659417947756076e-02 9.878736855392390437e-01 9.462972700001476767e+01 4.586901870087649324e-02 9.988233825693539902e-01 -1.592794429713118368e-02 -1.144491956012152833e+01 -9.870718940395942775e-01 4.286641729053897870e-02 -1.544525109700917165e-01 2.303134545434638483e+02
-1.524419016740277133e-01 2.492077025252006917e-02 9.880000688090530003e-01 9.551452165244674575e+01 4.744929873739784504e-02 9.987167015830505923e-01 -1.786991604322300461e-02 -1.147787173433120067e+01 -9.871747935537003027e-01 4.415573752938833224e-02 -1.534282580256436934e-01 2.301755926657216662e+02
-1.505607812454597960e-01 2.528503108887191625e-02 9.882792280559095088e-01 9.639858963260445535e+01 5.373477862290006180e-02 9.984072832881742965e-01 -1.735780563715586672e-02 -1.149488713273224683e+01 -9.871413629900660514e-01 5.049149507921975311e-02 -1.516791822082065588e-01 2.300331172866380598e+02
-1.474727416456297069e-01 2.505267295332726241e-02 9.887506615649965802e-01 9.730843557572548264e+01 5.782704254120816373e-02 9.981904001853478814e-01 -1.666686383919798245e-02 -1.153146126148990547e+01 -9.873762578256684019e-01 5.471854179671568202e-02 -1.486541211571787147e-01 2.298944190342859031e+02
-1.431482392653119218e-01 2.443522735462686640e-02 9.894014477750677772e-01 9.821766008353789346e+01 6.153817488635743987e-02 9.979834770154294432e-01 -1.574367732295640573e-02 -1.155603047822703644e+01 -9.877882823690898872e-01 5.863219544063031502e-02 -1.443628129481444589e-01 2.297617480959051193e+02
-1.386002550655049403e-01 2.312165666753878204e-02 9.900803438617788998e-01 9.915662532346844671e+01 6.402621107598523154e-02 9.978481070974597467e-01 -1.434004697376743166e-02 -1.159192846866693927e+01 -9.882786427477786573e-01 6.140346952615598208e-02 -1.397819396145376647e-01 2.296282131858229434e+02
-1.337751605605569938e-01 2.245117457736296035e-02 9.907592449989178762e-01 1.001045635936283986e+02 6.701955185965303985e-02 9.976624625139774993e-01 -1.355837965429970877e-02 -1.161521083058160642e+01 -9.887449874914555625e-01 6.458636876162157647e-02 -1.349666809658102984e-01 2.295030436512932397e+02
-1.292123112031629550e-01 2.247167801686244387e-02 9.913641777161426027e-01 1.010544736630339742e+02 6.579778573669586850e-02 9.977371267430382717e-01 -1.404013866447384809e-02 -1.164830207908217297e+01 -9.894336273058831344e-01 6.341531468102157287e-02 -1.303980759410577617e-01 2.293825891394538985e+02
-1.245576778885568031e-01 2.388967115080900191e-02 9.919266098148508126e-01 1.020164084809472484e+02 6.474552777647710200e-02 9.977780565218675735e-01 -1.590035327085675271e-02 -1.168157859833720202e+01 -9.900997325800948712e-01 6.224220972997503848e-02 -1.258272484336679653e-01 2.292676831024417652e+02
-1.192347796852639141e-01 2.424401464539395132e-02 9.925719254400444669e-01 1.029907655745135173e+02 6.589324089530047834e-02 9.976939503800397180e-01 -1.645350502423779948e-02 -1.171599384784009246e+01 -9.906791746944505483e-01 6.344185622349673981e-02 -1.205569300084319284e-01 2.291518552358074601e+02
-1.142121578312703944e-01 2.255856469858743760e-02 9.932021092461399414e-01 1.039776970566144598e+02 6.686431645675412760e-02 9.976526967306869054e-01 -1.497061008242906062e-02 -1.174537663916472852e+01 -9.912057433650595106e-01 6.469985679567381853e-02 -1.154520377624706357e-01 2.290392128535841891e+02
-1.097178742958416914e-01 2.233624385716797417e-02 9.937136489271698458e-01 1.049675320493422390e+02 6.609693564956775624e-02 9.977014590640209679e-01 -1.512793376709487859e-02 -1.177770081955435622e+01 -9.917647219329184249e-01 6.402152650154309399e-02 -1.109416599776771317e-01 2.289362262496771336e+02
-1.061783568529254679e-01 2.704640760289159576e-02 9.939810816691124762e-01 1.059527889828357416e+02 6.452487363325973280e-02 9.977134536324504532e-01 -2.025528108924976381e-02 -1.181737045435995803e+01 -9.922533852646547858e-01 6.198574069310940765e-02 -1.076803737499041763e-01 2.288346539103507098e+02
-1.041933555053602412e-01 3.399886370992829393e-02 9.939776485146587515e-01 1.069444873586275122e+02 6.256990461370239009e-02 9.976627679832222872e-01 -2.756599061593907260e-02 -1.186305466232328598e+01 -9.925889568685242192e-01 5.932081092278356643e-02 -1.060767759134476768e-01 2.287367566409411950e+02
-1.027362514733914517e-01 3.644077971143353661e-02 9.940427943792302656e-01 1.079383227918129791e+02 6.202095980140061998e-02 9.976219391665228642e-01 -3.016194745911212824e-02 -1.190769980364805036e+01 -9.927752767545893198e-01 5.855268252938621715e-02 -1.047516730745477881e-01 2.286371709800686460e+02
-1.013586170326314095e-01 3.360438097139410718e-02 9.942841253209886432e-01 1.089383861965259399e+02 6.447839353606131529e-02 9.975528754611171500e-01 -2.714179119846354613e-02 -1.195547626243190820e+01 -9.927603220591204591e-01 6.135870061593943353e-02 -1.032769837166198634e-01 2.285327374564263323e+02
-1.000831203335344477e-01 2.848802448336090060e-02 9.945730491677661211e-01 1.099428918171519314e+02 6.720096658804279588e-02 9.975040170989651900e-01 -2.180954142746718491e-02 -1.199645632311320753e+01 -9.927091696427839951e-01 6.465340577455558346e-02 -1.017473927489553620e-01 2.284280412597527175e+02
-9.914119206598828726e-02 2.475832016414221404e-02 9.947672089908770054e-01 1.109467194910892829e+02 6.946165750551783202e-02 9.974269398578287094e-01 -1.790172553222967033e-02 -1.204232027196500354e+01 -9.926480748051517145e-01 6.732327564813624099e-02 -1.006055095472344757e-01 2.283239687531228697e+02
-9.811874130083086953e-02 2.164243384594911196e-02 9.949412406802431441e-01 1.119521568023444758e+02 6.958939617883563855e-02 9.974683697930969428e-01 -1.483460946044616938e-02 -1.207680928932090758e+01 -9.927407149714945200e-01 6.778170028142044279e-02 -9.937608652264631748e-02 2.282265386826786653e+02
-9.771280780118686560e-02 2.023909854456877946e-02 9.950107242973017518e-01 1.129456199459333732e+02 6.914457516982021323e-02 9.975182620215985452e-01 -1.349985848787848240e-02 -1.211475403353950853e+01 -9.928118336962009627e-01 6.748037866302454557e-02 -9.886939673699435271e-02 2.281293983114298953e+02
-9.684296303709587217e-02 2.085488765339385542e-02 9.950830470627270996e-01 1.139415140917092515e+02 6.911656339752444977e-02 9.975107807521279568e-01 -1.417918498557789453e-02 -1.214589847932994360e+01 -9.928990113791862360e-01 6.740346030925097043e-02 -9.804298453247428657e-02 2.280358042232359139e+02
-9.600197137927293789e-02 2.456628230698672949e-02 9.950798364503017357e-01 1.149336712114482424e+02 6.847260510469511952e-02 9.974932102753238938e-01 -1.801979906795316694e-02 -1.219036695698309281e+01 -9.930252929534872930e-01 6.640566927745843173e-02 -9.744310436048388147e-02 2.279389578714871618e+02
-9.487473639813864823e-02 2.690789734754734167e-02 9.951273864952066006e-01 1.159364149708028293e+02 6.754303351414654710e-02 9.975080315311818380e-01 -2.053270751150990808e-02 -1.222896089486866522e+01 -9.931972803730846344e-01 6.526578716609565678e-02 -9.645543159122849097e-02 2.278449108875451827e+02
-9.382567744530204146e-02 2.644428688519758625e-02 9.952392742316038543e-01 1.169341159410703312e+02 6.771460874040516331e-02 9.975047997502034525e-01 -2.012066564581784650e-02 -1.227173036304423626e+01 -9.932852521522834710e-01 6.550430297336448660e-02 -9.538191174034713060e-02 2.277517404352128096e+02
-9.243507366652803370e-02 2.517966318809831960e-02 9.954021865613874587e-01 1.179319005908639042e+02 6.904262810909730930e-02 9.974391564550899592e-01 -1.881969355537226746e-02 -1.231075653057589214e+01 -9.933242128322409270e-01 6.698547915129489383e-02 -9.393651980172197657e-02 2.276620933642290083e+02
-9.100356382200470995e-02 2.677326549680358880e-02 9.954924993549429946e-01 1.189324987195725072e+02 6.786946403288210417e-02 9.974840307420541619e-01 -2.062244000959391824e-02 -1.235661174130519413e+01 -9.935372208136057370e-01 6.568672618863831414e-02 -9.259138207597206183e-02 2.275737406198352630e+02
-8.889367259817101963e-02 2.964090279897763427e-02 9.956018807184844333e-01 1.199260975912134768e+02 6.514757094797848924e-02 9.975927696328193983e-01 -2.388332717769856700e-02 -1.239805828644008834e+01 -9.939103795349136794e-01 6.273787502366490187e-02 -9.061041837250784214e-02 2.274917247702733505e+02
-8.683934275136066805e-02 3.043496913636963355e-02 9.957592151427281379e-01 1.209109132171225269e+02 6.551271329419101896e-02 9.975470797657419730e-01 -2.477624597138534598e-02 -1.244847574965477932e+01 -9.940679794078357556e-01 6.308324173836950266e-02 -8.861991609650113344e-02 2.274049623910071318e+02
-8.444965943037985312e-02 2.677093801586875182e-02 9.960699510829303938e-01 1.218993701079045735e+02 6.625256726375788885e-02 9.975807524796110881e-01 -2.119440264236983201e-02 -1.248893730215163345e+01 -9.942248202222541131e-01 6.420223436383931670e-02 -8.601871425486996847e-02 2.273252790996222927e+02
-8.149769331031010700e-02 2.329883885051990677e-02 9.964030647696696663e-01 1.228851596636249468e+02 6.678145456047369921e-02 9.976106712018937284e-01 -1.786483588623545213e-02 -1.253423319695605542e+01 -9.944357723937027327e-01 6.508520369876082123e-02 -8.285862443639666064e-02 2.272457222972921613e+02
-7.884533906925909885e-02 2.161469678838106451e-02 9.966544017532698030e-01 1.238643416897009928e+02 6.734412238450718236e-02 9.975995220968495447e-01 -1.630753993987567319e-02 -1.257226665707901780e+01 -9.946116473357726750e-01 6.583294141433983226e-02 -8.011143008969291712e-02 2.271712258121366119e+02
-7.619020426993124151e-02 2.214138573387831876e-02 9.968493323769450631e-01 1.248415757120176579e+02 6.502832412362649639e-02 9.977383295547033182e-01 -1.719089058115329596e-02 -1.261680675154562437e+01 -9.949726262236897600e-01 6.351356929191440126e-02 -7.745744819354710708e-02 2.271011273232823271e+02
-7.428340209235383129e-02 2.240793021938386476e-02 9.969872820863757701e-01 1.258140839780826497e+02 6.260160489612508206e-02 9.978835038752928988e-01 -1.776370114260910488e-02 -1.265455134561794459e+01 -9.952724177575591469e-01 6.109336763616764893e-02 -7.552870229208678843e-02 2.270368280784392994e+02
-7.286077927630865703e-02 2.093917028575767794e-02 9.971241841107800763e-01 1.267878885752299993e+02 5.870129642115447244e-02 9.981393888712872808e-01 -1.667107120092348183e-02 -1.269878598290022431e+01 -9.956152085617482328e-01 5.731773693931367653e-02 -7.395412026192363375e-02 2.269728803846183496e+02
-7.111767453870870836e-02 1.843619192103632815e-02 9.972994358072118093e-01 1.277686445857631981e+02 5.417806862621213360e-02 9.984276540561360935e-01 -1.459353538229718299e-02 -1.273888976465859102e+01 -9.959975903163456046e-01 5.299383214682594490e-02 -7.200444297438171604e-02 2.269153483573462324e+02
-7.053178637771974346e-02 1.758270101990196815e-02 9.973564586098324636e-01 1.287317055247523854e+02 5.231689640586779239e-02 9.985367525779436093e-01 -1.390366333201868525e-02 -1.277432349013773916e+01 -9.961387477667210666e-01 5.119788268007562787e-02 -7.134820744275441329e-02 2.268563837926485860e+02
-7.049301814213200512e-02 1.946596152331397586e-02 9.973242225015283013e-01 1.296948244345074954e+02 4.995350943932442417e-02 9.986270234919343292e-01 -1.596050749974812361e-02 -1.281598193412844999e+01 -9.962628062915487304e-01 4.869468608825598677e-02 -7.136838317056644343e-02 2.267962073437908543e+02
-7.166709406293740592e-02 2.206243410902693561e-02 9.971864784001512882e-01 1.306520688640509036e+02 4.693385513246826901e-02 9.987255295866365179e-01 -1.872331978219740276e-02 -1.284933982968755295e+01 -9.963258736552730310e-01 4.545991457265270014e-02 -7.261098906826486676e-02 2.267276641669941739e+02
-7.166052056964225536e-02 2.604317163257105147e-02 9.970909307016023737e-01 1.316103316074664917e+02 4.688612327031337762e-02 9.986449869836466764e-01 -2.271401419947123232e-02 -1.289151222255352280e+01 -9.963285978320866043e-01 4.512198644504653022e-02 -7.278423415255395879e-02 2.266683847833900245e+02
-7.161818372471426275e-02 2.915761343184360491e-02 9.970077589866407353e-01 1.325522789698792110e+02 4.583538509657823085e-02 9.986159066638229387e-01 -2.591208351366289242e-02 -1.293250274390613264e+01 -9.963805340548678169e-01 4.384241819202806117e-02 -7.285525818802864040e-02 2.266036937715937540e+02
-7.191149957986815722e-02 2.973224669515432336e-02 9.969696745288826323e-01 1.334948179338373961e+02 4.838098460804703127e-02 9.984859999691253485e-01 -2.628768138616955838e-02 -1.298591049432773126e+01 -9.962390468018584855e-01 4.634394109515364152e-02 -7.324085014230348467e-02 2.265356815375187978e+02
-7.272821246720170829e-02 2.642479962797664519e-02 9.970035815084393738e-01 1.344517157596210382e+02 4.762285264991689138e-02 9.986037418129294352e-01 -2.299321433218813257e-02 -1.302268447337093527e+01 -9.962162885770755594e-01 4.580785354800190334e-02 -7.388483744542038989e-02 2.264701684632053684e+02
-7.405183083606750594e-02 2.312032669893626657e-02 9.969882565931698082e-01 1.353908736523933101e+02 4.843961858631420231e-02 9.986376042854272495e-01 -1.956063583749836562e-02 -1.306901934371905760e+01 -9.960794003541153518e-01 4.684518060510938636e-02 -7.507063298145796870e-02 2.264053636762277222e+02
-7.588878171077446944e-02 2.146800145536406287e-02 9.968870671858425236e-01 1.363261594900760372e+02 4.550858518242656414e-02 9.988040025463423843e-01 -1.804484594731943156e-02 -1.311041039010292231e+01 -9.960793678407826590e-01 4.399747691957493073e-02 -7.677474230306598202e-02 2.263436056863195063e+02
-7.840157179573103985e-02 2.142843729966358718e-02 9.966934446723878516e-01 1.372646281571797715e+02 4.279974779930100642e-02 9.989225786917355077e-01 -1.810960070637836206e-02 -1.315526258406605464e+01 -9.960048351822221591e-01 4.123837267960372283e-02 -7.923397019610609049e-02 2.262756711693747889e+02
-8.182507616357408142e-02 2.128947953952071287e-02 9.964212071132582116e-01 1.381930859008776906e+02 4.005661891021727872e-02 9.990373125382667752e-01 -1.805590443532999537e-02 -1.319201372338330991e+01 -9.958435553586479916e-01 3.843581221137088583e-02 -8.259881802783818061e-02 2.262057847382900775e+02
-8.552326912076113619e-02 2.059688587967560200e-02 9.961251658008626331e-01 1.391212698598105533e+02 4.009886042945069728e-02 9.990504703480380666e-01 -1.721458417266729171e-02 -1.323257112528174773e+01 -9.955310726571345858e-01 3.847120966871443726e-02 -8.626769392164927719e-02 2.261343906509710564e+02
-8.973768229561152054e-02 2.017917505086697094e-02 9.957629019985471119e-01 1.400552733313261058e+02 4.005661391928991982e-02 9.990619674461850286e-01 -1.663608626147918684e-02 -1.327296364012453367e+01 -9.951617380499884202e-01 3.839397972526095715e-02 -9.046152350447317358e-02 2.260517410892293810e+02
-9.393607456978562975e-02 2.001386737214526715e-02 9.953789563993817868e-01 1.409792345151422523e+02 3.852425637411749371e-02 9.991252531884294852e-01 -1.645351383557907762e-02 -1.330684060264748325e+01 -9.948347429559963873e-01 3.680063343809463622e-02 -9.462462143117277014e-02 2.259729090866905210e+02
-9.801479990592287805e-02 2.062841085511504455e-02 9.949730533694594037e-01 1.419031894406080312e+02 3.836456051207306345e-02 9.991233530657599449e-01 -1.693510291205656965e-02 -1.334607828293242093e+01 -9.944473502787889441e-01 3.651179201207393338e-02 -9.871996033332156029e-02 2.258848965198491499e+02
-1.021448853177835264e-01 2.261061228259523409e-02 9.945144506579817190e-01 1.428275210928470642e+02 3.616127101968062002e-02 9.991683529370246619e-01 -1.900229627696715592e-02 -1.338365374470792091e+01 -9.941142121931494380e-01 3.402190478238858312e-02 -1.028772417108769349e-01 2.258011613566430071e+02
-1.072987270335387100e-01 2.376245654093682089e-02 9.939447362731088642e-01 1.437559509812092244e+02 3.753749832425550687e-02 9.991014465818633949e-01 -1.983341410281130174e-02 -1.342191431028245852e+01 -9.935201092788639166e-01 3.518208124357510153e-02 -1.080939582958129197e-01 2.256995763192565505e+02
-1.131610118412746113e-01 2.388121513794683182e-02 9.932915398561904530e-01 1.446739958257624892e+02 3.771742882500194599e-02 9.990968465317603409e-01 -1.972376000898672793e-02 -1.346020343041067946e+01 -9.928626689171783370e-01 3.523242441073325820e-02 -1.139591958810456801e-01 2.256008099298907439e+02
-1.203857862625562908e-01 2.339448377790236469e-02 9.924534099141736343e-01 1.456009120800329697e+02 3.748965532122230243e-02 9.991193705327610086e-01 -1.900401570133375406e-02 -1.349569046184463517e+01 -9.920212141595016186e-01 3.491890567486734265e-02 -1.211564511869746008e-01 2.254912209525574838e+02
-1.286090302043723377e-01 2.209592023854724252e-02 9.914511076948600010e-01 1.465193936388543818e+02 3.696799477454652122e-02 9.991667690024793602e-01 -1.747240111254351816e-02 -1.353991883011881114e+01 -9.910082692210059330e-01 3.440483468556211621e-02 -1.293183203176831997e-01 2.253718825530042125e+02
-1.373764058744658956e-01 1.970362481841387778e-02 9.903248464690885822e-01 1.474353318901059424e+02 3.820526820966184400e-02 9.991666307208647568e-01 -1.457970272314648361e-02 -1.356288882208349733e+01 -9.897840169631308971e-01 3.583269907518067676e-02 -1.380142902279200834e-01 2.252506036024631442e+02
-1.464878865640521499e-01 1.752807867080736007e-02 9.890590869954162256e-01 1.483780529014054537e+02 3.972702564187666208e-02 9.991437126664275414e-01 -1.182283447170602228e-02 -1.360406346376516495e+01 -9.884166063227824983e-01 3.756044845335302501e-02 -1.470583545239713963e-01 2.251060482608915265e+02
-1.557404833264341981e-01 1.653501419961662250e-02 9.876615345622137276e-01 1.492979919883215416e+02 3.890805121383136139e-02 9.991897398840554612e-01 -1.059269541202910447e-02 -1.363295300393620657e+01 -9.870336330485031118e-01 3.677825092421111580e-02 -1.562571784541726128e-01 2.249668555595088151e+02
-1.650931190026092288e-01 1.607796201879274633e-02 9.861488592954974486e-01 1.502198075603917573e+02 3.713905117297152531e-02 9.992624227784828728e-01 -1.007417930849051867e-02 -1.366491495816693202e+01 -9.855806858723966668e-01 3.496143713484970578e-02 -1.655679863756273351e-01 2.248174516294888861e+02
-1.742052530390499898e-01 1.553878578102116208e-02 9.845886893388423600e-01 1.511378006768757700e+02 3.863155071683664621e-02 9.992166799410014955e-01 -8.934424912883900255e-03 -1.368733680791133267e+01 -9.839534914820886602e-01 3.647974184965849243e-02 -1.746685725743912232e-01 2.246531792700174037e+02
-1.834596164033631405e-01 1.601936113825675953e-02 9.828986540645983094e-01 1.520634761954465546e+02 3.938537008868106537e-02 9.991872620749085998e-01 -8.933429180193058067e-03 -1.371256071823343348e+01 -9.822401441865622473e-01 3.707288041920783761e-02 -1.839409050522067823e-01 2.244815322180023713e+02
-1.932730155411598039e-01 1.772903368902859281e-02 9.809867709416355552e-01 1.529745678366039385e+02 4.030406674196125583e-02 9.991393535955834793e-01 -1.011637075562209220e-02 -1.374611214416775695e+01 -9.803190620005662881e-01 3.758251082492632816e-02 -1.938206622696948822e-01 2.242989815111802727e+02
-2.034263992442597591e-01 1.928610615596533864e-02 9.789022287123761989e-01 1.538969667424645138e+02 4.178571106227857435e-02 9.990691528355416517e-01 -1.099984848354406547e-02 -1.377453202879637928e+01 -9.782003862723236409e-01 3.866643928996859464e-02 -2.040423265015159637e-01 2.241103762448943826e+02
-2.139788177963791171e-01 1.893739170171707467e-02 9.766566785722571309e-01 1.548154420264474140e+02 4.394870438453121753e-02 9.989894074328450335e-01 -9.741500578664472401e-03 -1.380039660036291238e+01 -9.758513831401891547e-01 4.083828786869893313e-02 -2.145942215407241616e-01 2.239073600741129724e+02
-2.245213218898800822e-01 1.936877441269135858e-02 9.742786321718919229e-01 1.557293857939312716e+02 4.739767363812816964e-02 9.988392584871156332e-01 -8.934244593819305399e-03 -1.382635135711865360e+01 -9.733180272442167880e-01 4.417257011099307018e-02 -2.251780918444358237e-01 2.236920095878424490e+02
-2.344452326201315606e-01 2.120503405337252970e-02 9.718999980997549137e-01 1.566437107007279224e+02 5.213217535788002704e-02 9.986008227590934538e-01 -9.212021833555003592e-03 -1.385436506405758372e+01 -9.707327211964615898e-01 4.850749254165383217e-02 -2.352219842258990445e-01 2.234676864065022812e+02
-2.429382693588848785e-01 2.321468856914343445e-02 9.697659013734793998e-01 1.575548035811713419e+02 5.568218006721481483e-02 9.984020748868527306e-01 -9.951061541221849216e-03 -1.388739459345379323e+01 -9.684445466097629795e-01 5.158112346654464969e-02 -2.438420087485931032e-01 2.232307209983924565e+02
-2.489550040873146908e-01 2.367488287266712385e-02 9.682276249258305878e-01 1.584742885487462445e+02 6.074299225027311039e-02 9.981178831937476126e-01 -8.787180711108347891e-03 -1.390718708521152180e+01 -9.666105953481457513e-01 5.662535428247101460e-02 -2.499238010908793328e-01 2.229888034524200293e+02
-2.532378211050713146e-01 2.475533819633456492e-02 9.670892445264268611e-01 1.593908177408904123e+02 6.726546832705471157e-02 9.977067654768725369e-01 -7.925168836431869743e-03 -1.393131556149514338e+01 -9.650649288198354103e-01 6.304466463760699524e-02 -2.543215310797324880e-01 2.227393751349322315e+02
-2.555880492980689422e-01 2.649465679050766811e-02 9.664246530587731199e-01 1.603032605999660518e+02 7.111813010124319601e-02 9.974345053958972862e-01 -8.536288239127703265e-03 -1.396487405784569802e+01 -9.641687202814901436e-01 6.654843739121593660e-02 -2.568158485935582158e-01 2.224863517851902373e+02
-2.557886357521098053e-01 2.923750187541121481e-02 9.662924869708130471e-01 1.612256234652094520e+02 7.446051233591256813e-02 9.971722253611711162e-01 -1.046123315561358486e-02 -1.399601124650224726e+01 -9.638631485851812952e-01 6.927465799834466031e-02 -2.572416207734823934e-01 2.222363807462013767e+02
-2.539548918195810301e-01 3.245924680339230817e-02 9.666732334240369928e-01 1.621348311940903102e+02 7.966588567320360970e-02 9.967458811766067850e-01 -1.253993456833657309e-02 -1.402615657236951208e+01 -9.639318572600991120e-01 7.382617712835040646e-02 -2.557136505355888656e-01 2.219868019854469026e+02
-2.500249884082877960e-01 3.333278473689042787e-02 9.676674331560828346e-01 1.630563337850918515e+02 8.036493464992038038e-02 9.966763076490874340e-01 -1.356736340897692419e-02 -1.406274832815912390e+01 -9.649006957643463389e-01 7.437422411320018800e-02 -2.518720435657372803e-01 2.217448553657949901e+02
-2.444410823110836073e-01 3.316947124248095791e-02 9.690986414279327832e-01 1.639767811557564130e+02 8.472248708006951956e-02 9.963263892679565803e-01 -1.273131871253240649e-02 -1.409269903034701166e+01 -9.659580901264287478e-01 7.899225213650881705e-02 -2.463525899630701899e-01 2.215044768918061209e+02
-2.380118740885238116e-01 3.015316969326481411e-02 9.707960506496449149e-01 1.648937582919072895e+02 8.936143826438817939e-02 9.959615123721030638e-01 -9.025844352968378365e-03 -1.412448252305726903e+01 -9.671449021686601144e-01 8.460332064473896629e-02 -2.397444999999618909e-01 2.212709799522027083e+02
-2.316014484225727976e-01 2.672447947865692203e-02 9.724455841855154103e-01 1.658262513219124799e+02 9.481746374480837236e-02 9.954863741156633195e-01 -4.775518468215402511e-03 -1.414665446049602693e+01 -9.681811845068498679e-01 9.109863736090367814e-02 -2.330893587004853607e-01 2.210437898656714992e+02
-2.263568775889574503e-01 2.576299909249805953e-02 9.737056413562430457e-01 1.667385070475391444e+02 9.721894598027237822e-02 9.952591750782979751e-01 -3.732774466150502214e-03 -1.418188501354172004e+01 -9.691828698250330998e-01 9.381752018498129564e-02 -2.277877486203034874e-01 2.208279962628619160e+02
-2.208095053604219593e-01 2.836296586021291172e-02 9.749064316813509379e-01 1.676537087846745067e+02 9.827368296254224145e-02 9.951400753461226989e-01 -6.693258223684474262e-03 -1.420575611819130479e+01 -9.703555241710368762e-01 9.432953211233714719e-02 -2.225230740060912815e-01 2.206209258801831083e+02
-2.153004312261712905e-01 3.228312264156164846e-02 9.760160709238654420e-01 1.685655376187212369e+02 9.716945288408496140e-02 9.952047661182304994e-01 -1.148304079114744608e-02 -1.424476258992333300e+01 -9.717037735180453772e-01 9.236647112342066812e-02 -2.174043164190253841e-01 2.204179543307096765e+02
-2.095956650467558080e-01 3.623592614683976421e-02 9.771184484814734450e-01 1.694830367366376151e+02 9.731711684735379342e-02 9.951275033807778225e-01 -1.602882512996832778e-02 -1.427801067812323588e+01 -9.729354762157274017e-01 9.173060706487633220e-02 -2.121001703731321686e-01 2.202171894358828865e+02
-2.038434235169322983e-01 3.642628010159940088e-02 9.783275697815211336e-01 1.704011452843713812e+02 9.606890592187491973e-02 9.952320073934894928e-01 -1.703879768566820066e-02 -1.431361356162133092e+01 -9.742807815316828490e-01 9.051344502824959504e-02 -2.063703282262868421e-01 2.200292652037230425e+02
-1.972427545811413219e-01 3.325382841514680499e-02 9.797924947797811424e-01 1.713160948090328759e+02 9.439812398135399851e-02 9.954279648437696082e-01 -1.478107451886435421e-02 -1.434588929436756821e+01 -9.758015788506175792e-01 8.957494903753764059e-02 -1.994794596933460173e-01 2.198491717592350199e+02
-1.902353722452793106e-01 3.047638856979454150e-02 9.812673196345773619e-01 1.722336854995919282e+02 9.665125775199714941e-02 9.952470464001164085e-01 -1.217302071822604081e-02 -1.438449789896809605e+01 -9.769715839380793687e-01 9.252480910222971033e-02 -1.922762045969811373e-01 2.196726936119748643e+02
-1.836524353888192851e-01 2.942816983042942022e-02 9.825526088614142672e-01 1.731463318480359703e+02 9.643267790526427463e-02 9.952729284688581757e-01 -1.178451451329029336e-02 -1.441850754880639585e+01 -9.782519953522763601e-01 9.258575263736874839e-02 -1.856215796279408192e-01 2.195013128907506541e+02
-1.782154813688240635e-01 2.960702260826451535e-02 9.835479308514217811e-01 1.740569720718660847e+02 9.636987473639899160e-02 9.952703115074527096e-01 -1.249794386882575187e-02 -1.445122262815420200e+01 -9.792632632233813084e-01 9.255689257597776720e-02 -1.802252646724666341e-01 2.193400597069576179e+02
-1.745805404471090783e-01 3.163979860092459850e-02 9.841363850048593376e-01 1.749610750826740855e+02 9.327274472028425356e-02 9.955237557796343673e-01 -1.545975320532274461e-02 -1.448779282691598702e+01 -9.802174718979419499e-01 8.909396831295103569e-02 -1.767496765192359542e-01 2.191840429868110789e+02
-1.727375427460849933e-01 3.440343353121835812e-02 9.843688406047415018e-01 1.758579977712098810e+02 9.402715998418387233e-02 9.954048234470931344e-01 -1.828914463624917511e-02 -1.452445647278122998e+01 -9.804718762286427358e-01 8.939802253709526469e-02 -1.751781125149562968e-01 2.190218447165887028e+02
-1.717750354792366985e-01 3.575141855853230383e-02 9.844892293639463388e-01 1.767443575341907831e+02 9.483733160320959032e-02 9.953030766621062675e-01 -1.959671253256321799e-02 -1.455996546150701398e+01 -9.805629436912117747e-01 8.999994194917314283e-02 -1.743582645613709625e-01 2.188693441729910205e+02
-1.715423517229438810e-01 3.295315975676740144e-02 9.846274343730314627e-01 1.776223243705257175e+02 9.620442386862658457e-02 9.952272490304743258e-01 -1.654706107972093651e-02 -1.459694188979998941e+01 -9.804705006850623628e-01 9.188682419801240397e-02 -1.738933410038853988e-01 2.187107683719676174e+02
-1.707997557268311484e-01 2.649590121720854508e-02 9.849514162421137975e-01 1.784776101985413845e+02 9.756123105625683078e-02 9.951839559679297453e-01 -9.853076572151679008e-03 -1.462858509629325710e+01 -9.804660745131552613e-01 9.440999288635264219e-02 -1.725616324667867130e-01 2.185627995031063051e+02
-1.701775058311255084e-01 2.060014731013766129e-02 9.852000501244457809e-01 1.793191738309862444e+02 9.786434991600287403e-02 9.951953151385763974e-01 -3.904585987892706354e-03 -1.466207590034325570e+01 -9.805440638399807174e-01 9.575130978678161875e-02 -1.713753648710131805e-01 2.184160641258580995e+02
-1.699132463375248314e-01 2.019916772517043463e-02 9.852539642805050457e-01 1.801406423313100618e+02 9.840370945518880919e-02 9.951438740538373073e-01 -3.431524851086973499e-03 -1.469300732230116679e+01 -9.805359119278557190e-01 9.636940138227620412e-02 -1.710752878339183713e-01 2.182709115945121141e+02
-1.691228378235254959e-01 2.423531142143859479e-02 9.852989484808994947e-01 1.809520097379954677e+02 9.954424190447670739e-02 9.950089320076010990e-01 -7.387692956434458932e-03 -1.472009276850687520e+01 -9.805574370502124770e-01 9.683122474755416487e-02 -1.706907135021943078e-01 2.181323866009669814e+02
-1.688196488778666016e-01 3.003879368709505560e-02 9.851910991860600708e-01 1.817557637523362359e+02 9.965451415853203432e-02 9.949369730399351131e-01 -1.325936259876159436e-02 -1.474970882911521031e+01 -9.805984820788661294e-01 9.594011725960407966e-02 -1.709579068214916731e-01 2.179929942424691944e+02
-1.688332784541856924e-01 3.303095929656118396e-02 9.850929833000114932e-01 1.825633136795142946e+02 9.786322810872466471e-02 9.950647668502533572e-01 -1.659266104488331742e-02 -1.477879867154637417e+01 -9.807765262832413011e-01 9.360281032149393721e-02 -1.712320594382124306e-01 2.178577672825687159e+02
-1.690855483521648828e-01 3.367478409556123181e-02 9.850279150570114828e-01 1.833665427147496416e+02 9.724582476319348912e-02 9.951127882487849075e-01 -1.732670078655996343e-02 -1.480757058206492971e+01 -9.807944823096116371e-01 9.285998357524642699e-02 -1.715334162498733661e-01 2.177197121536784152e+02
-1.695991538709897828e-01 3.261102859088822747e-02 9.849754141818227726e-01 1.841705850687888244e+02 9.755974718258970946e-02 9.951018970421288135e-01 -1.614779800845244154e-02 -1.483659291791865797e+01 -9.806746219277464593e-01 9.335512493657317779e-02 -1.719494591302693776e-01 2.175801727584190814e+02
-1.709287246218410272e-01 3.025155976981727321e-02 9.848208654332862855e-01 1.849745027664510815e+02 9.852237250266560054e-02 9.950469661406453614e-01 -1.346575562245797518e-02 -1.486893113387232113e+01 -9.803474930767992479e-01 9.472502497109643038e-02 -1.730620599235111468e-01 2.174394243260727819e+02
-1.725161174255936958e-01 2.612351973758394313e-02 9.846622141711990350e-01 1.857706960440450530e+02 9.931438155661878597e-02 9.950186663820769217e-01 -8.998004976472080696e-03 -1.489402171716456458e+01 -9.799894595057426772e-01 9.623863475839121440e-02 -1.742506930701101520e-01 2.172955424007913905e+02
-1.740607666693012590e-01 2.220851522299426700e-02 9.844864439555388591e-01 1.865764178749418534e+02 1.023979754029213513e-01 9.947373165855175614e-01 -4.335362018273380795e-03 -1.491833111359936304e+01 -9.793988010388705590e-01 1.000546080997309767e-01 -1.754183421662229847e-01 2.171486400343523258e+02
-1.754914590195444379e-01 2.019086144509928474e-02 9.842758782694968067e-01 1.873627484436911459e+02 1.053629512860657091e-01 9.944357837066460926e-01 -1.613523700334058494e-03 -1.494361915966331189e+01 -9.788288487770906432e-01 1.034228480933485073e-01 -1.766418493001379320e-01 2.170019496110190289e+02
-1.767637204663701500e-01 2.227506555739340588e-02 9.840032211732622214e-01 1.881565848542040271e+02 1.072709813053255024e-01 9.942278163433870830e-01 -3.236581897819892743e-03 -1.496800872500650570e+01 -9.783925823868417915e-01 1.049826727562842704e-01 -1.781323684991176770e-01 2.168552528204677117e+02
-1.771916229637824913e-01 2.905605372267367620e-02 9.837493618322374900e-01 1.889315056238550028e+02 1.070736687977594387e-01 9.942032723524520943e-01 -1.007878777025573470e-02 -1.498890891190723451e+01 -9.783367958687554378e-01 1.035475725850761169e-01 -1.792751227583040952e-01 2.167152139576153900e+02
-1.758047239787953742e-01 3.526765296132659128e-02 9.837951135476900033e-01 1.897052671533542991e+02 1.077654123224992683e-01 9.940447232142465284e-01 -1.637728174924945809e-02 -1.502192553032137390e+01 -9.785110385568714930e-01 1.031396796760589568e-01 -1.785578903310095777e-01 2.165744224052689049e+02
-1.735866001316392904e-01 3.710568762767716550e-02 9.841213321894294319e-01 1.904864423177892547e+02 1.102861545012794597e-01 9.937398731281457120e-01 -1.801519111012352126e-02 -1.505201862807669322e+01 -9.786261819133244000e-01 1.054075511130787846e-01 -1.765916721077137874e-01 2.164281175976200302e+02
-1.705331833687630805e-01 3.467710184101913812e-02 9.847435547769001207e-01 1.912632511155023849e+02 1.109249025035616704e-01 9.937067370842664893e-01 -1.578321931107781392e-02 -1.507964016257198558e+01 -9.790907272935814865e-01 1.065408066254641822e-01 -1.733060396521601543e-01 2.162899026914043077e+02
-1.663914810265618438e-01 2.972395605688654685e-02 9.856136672965699619e-01 1.920658897059547883e+02 1.090211738217874565e-01 9.939753670633740823e-01 -1.157108021682570591e-02 -1.510351539231799833e+01 -9.800167453164224662e-01 1.055272193108053730e-01 -1.686291033145596308e-01 2.161601590396071515e+02
-1.616160897895909387e-01 2.714282320071498278e-02 9.864823629005344818e-01 1.928359147034365435e+02 1.083872304382896001e-01 9.940657455769085216e-01 -9.594249415910473602e-03 -1.513077332974927813e+01 -9.808858323447683381e-01 1.053712970963614076e-01 -1.635985019644764504e-01 2.160360795198369885e+02
-1.574464384232571734e-01 2.625032119785414980e-02 9.871805745118088504e-01 1.936097321079140556e+02 1.057607855114777590e-01 9.943488239197940670e-01 -9.572964836473223799e-03 -1.515847142216424892e+01 -9.818502254352714509e-01 1.028975619630480565e-01 -1.593324902981305691e-01 2.159124362924139859e+02
-1.538155747535660256e-01 2.662186406342280376e-02 9.877428794563773984e-01 1.943773899487148071e+02 1.060837061320067942e-01 9.943073811996832045e-01 -1.027890742058349891e-02 -1.518318887901878611e+01 -9.823907629083808990e-01 1.032021664170571784e-01 -1.557636741301926808e-01 2.157943589547954559e+02
-1.501277822198976986e-01 2.877863960846691743e-02 9.882496610907467449e-01 1.951355401748911333e+02 1.056469650300921603e-01 9.943232538508941509e-01 -1.290630702406879438e-02 -1.521711837058291827e+01 -9.830081229380057684e-01 1.024677811682329909e-01 -1.523155000837716766e-01 2.156775487495460766e+02
-1.467468614561348306e-01 3.066438819874384852e-02 9.887006666281653589e-01 1.958960033359685156e+02 1.042312457596293318e-01 9.944376071843439302e-01 -1.537183200133511451e-02 -1.524467082406368590e+01 -9.836695690478054477e-01 1.007975377779358056e-01 -1.491263743541138276e-01 2.155615047992966140e+02
-1.437304351345005948e-01 3.011850164219047679e-02 9.891604484262556118e-01 1.966608961570761096e+02 1.044393811175315517e-01 9.944198991776652674e-01 -1.510295795632473313e-02 -1.527327911309417807e+01 -9.840927863080044524e-01 1.011363528465812345e-01 -1.460735609729860163e-01 2.154493612502061808e+02
-1.416874609697158505e-01 2.538340240778967985e-02 9.895879452170197599e-01 1.974211658937249467e+02 1.053012472371804426e-01 9.943890134325538144e-01 -1.042963227445940083e-02 -1.528836820449591727e+01 -9.842971939451871100e-01 1.027268947640060659e-01 -1.435649627886469992e-01 2.153445715763934629e+02
-1.396794909611344671e-01 2.211647588392171015e-02 9.899517445225597401e-01 1.981915516065318457e+02 1.096206049857023912e-01 9.939540047362256381e-01 -6.738648922960868183e-03 -1.531440865793841333e+01 -9.841126101738095766e-01 1.075776422163326196e-01 -1.412590207437019185e-01 2.152312549647627407e+02
-1.384600450760010981e-01 2.160918478488821695e-02 9.901342406806468155e-01 1.989508415604167340e+02 1.073552425499098434e-01 9.942016002281374165e-01 -6.685358008452563054e-03 -1.534806848345224495e+01 -9.845345846766223596e-01 1.053702370155584767e-01 -1.399766692154821024e-01 2.151284610619021294e+02
-1.379052997885130694e-01 2.452244052407404756e-02 9.901437945075310942e-01 1.997015520217753419e+02 1.040828165297793817e-01 9.945203573498483385e-01 -1.013430730256541928e-02 -1.537615189013976824e+01 -9.849637502751577012e-01 1.016591812611953027e-01 -1.397016056280362684e-01 2.150258595056518232e+02
-1.377564425531150327e-01 2.831855403489100947e-02 9.900632190449215608e-01 2.004457725440168474e+02 9.791902013738439103e-02 9.950871277377045798e-01 -1.483782013530678644e-02 -1.540372121399017580e+01 -9.856164211864009150e-01 9.490183533566971807e-02 -1.398522001557215566e-01 2.149247777253520155e+02
-1.376987713344941799e-01 3.015758418629032808e-02 9.900169314107380991e-01 2.011725214557181687e+02 9.510569209031849436e-02 9.953238157131871766e-01 -1.709117316550329280e-02 -1.543743309207533443e+01 -9.858999283532650093e-01 9.180264111044346420e-02 -1.399226361328448909e-01 2.148369081964113150e+02
-1.379729153107199513e-01 2.883057388777340163e-02 9.900183019618107316e-01 2.019008139787900404e+02 9.131226397956353213e-02 9.956927563875711540e-01 -1.627010327686405008e-02 -1.546572739936247665e+01 -9.862201891412101240e-01 8.815581709828293477e-02 -1.400108232197900260e-01 2.147421697095243189e+02
-1.382474657508125371e-01 2.548163957991405812e-02 9.900718609582085383e-01 2.025738716339580776e+02 9.187123927285831271e-02 9.956920240832679569e-01 -1.279788366871948725e-02 -1.548887709245167521e+01 -9.861298272545608867e-01 8.918968904570571954e-02 -1.399925344958941054e-01 2.146501669504631309e+02
-1.384721199940135983e-01 2.147197511364914296e-02 9.901355422144371143e-01 2.032468938823418227e+02 9.283599350690140140e-02 9.956475812852927376e-01 -8.608162642661959171e-03 -1.551443902163456734e+01 -9.860079532715952944e-01 9.072805700805532114e-02 -1.398624085835025455e-01 2.145595328471082155e+02
-1.390130594607660863e-01 1.871898008593326362e-02 9.901156180674648422e-01 2.038940564463379133e+02 9.286538731474233699e-02 9.956652486230171961e-01 -5.785447481455752855e-03 -1.553690945549232083e+01 -9.859290695584886910e-01 9.114304640077984521e-02 -1.401484251930132929e-01 2.144677901861255691e+02
-1.393830686312862999e-01 1.824961222825070492e-02 9.900723611081448938e-01 2.045171851789590107e+02 8.908714987428707766e-02 9.960102341158830752e-01 -5.817236842676494490e-03 -1.556786032290441923e+01 -9.862254247120015860e-01 8.739174000724619917e-02 -1.404523737523886706e-01 2.143845290977695583e+02
-1.392649830686399082e-01 2.046628243511382575e-02 9.900456382292478485e-01 2.051147056219851663e+02 8.761851922551026906e-02 9.961231873313919349e-01 -8.266964114691008336e-03 -1.559090216608533552e+01 -9.863736670098572912e-01 8.559487877266525047e-02 -1.405179106766595853e-01 2.143060587594919184e+02
-1.387823358192202261e-01 2.424010640231260075e-02 9.900282079152589176e-01 2.056852110827454680e+02 8.736624658692462853e-02 9.961056516793953541e-01 -1.214181586791503523e-02 -1.561780580887104897e+01 -9.864640661771199026e-01 8.480982563873226687e-02 -1.403592435285533624e-01 2.142251915815681684e+02
-1.378653812913507581e-01 2.691641164230611227e-02 9.900871757867906187e-01 2.062277782289425261e+02 8.876904783151122469e-02 9.959469294831597708e-01 -1.471493074660552847e-02 -1.563434567183696622e+01 -9.864674096107517443e-01 8.586025998917207191e-02 -1.396955559125685753e-01 2.141458895565221212e+02
-1.370014132663618656e-01 2.799480961720247907e-02 9.901771944978856599e-01 2.067512263561854695e+02 8.882531137701131507e-02 9.959242240589708528e-01 -1.586730210143546746e-02 -1.565775230334445567e+01 -9.865827091241309299e-01 8.577879849019207081e-02 -1.389292844577516561e-01 2.140732679015354449e+02
-1.361788418686931956e-01 2.790471926670109667e-02 9.902932012792451388e-01 2.072527844242861192e+02 8.693552722833472468e-02 9.960870214898335240e-01 -1.611308046147734083e-02 -1.567508594244312370e+01 -9.868648866574882828e-01 8.389724998093545105e-02 -1.380715027400470918e-01 2.140105622443081757e+02
-1.357661287764245495e-01 2.806133935282851752e-02 9.903454477546281831e-01 2.077276146211357570e+02 8.574734587977984879e-02 9.961841513888076705e-01 -1.647162778048671256e-02 -1.569689002543933221e+01 -9.870256942362818364e-01 8.268305601834576024e-02 -1.376538648487718175e-01 2.139463916433108182e+02
-1.361189479327628848e-01 2.953257371143832785e-02 9.902542348283842610e-01 2.081905644841167771e+02 8.545412415057586364e-02 9.961835747425108467e-01 -1.796292948754884405e-02 -1.572221417893149820e+01 -9.870025332874466928e-01 8.217606763679133342e-02 -1.381227516468945815e-01 2.138826941901027112e+02
-1.377102484288255102e-01 3.186085994526293569e-02 9.899620020532295950e-01 2.086468691630131218e+02 8.493427184022245280e-02 9.961842539175712608e-01 -2.024612198158947524e-02 -1.574690699644171055e+01 -9.868266552987969842e-01 8.129346070215748288e-02 -1.398904665050001439e-01 2.138200887651541677e+02
-1.411569886670513974e-01 3.445280879226345072e-02 9.893895627925215486e-01 2.090950020677189229e+02 8.507478979440515066e-02 9.961227874401386018e-01 -2.254951372331807230e-02 -1.576711540493037056e+01 -9.863274206596147620e-01 8.098894862904768011e-02 -1.435403524937988451e-01 2.137544980804970578e+02
-1.456182821205818378e-01 3.635124633349001017e-02 9.886748224783939998e-01 2.095382296248023692e+02 8.461689297233795926e-02 9.961239787866100759e-01 -2.416214834209816711e-02 -1.578704223235858173e+01 -9.857180612593406943e-01 8.014000387389678959e-02 -1.481293727712178765e-01 2.136864297398318513e+02
-1.503532295337174640e-01 3.681382560859475933e-02 9.879487133131733545e-01 2.099742054356437677e+02 8.488881763031366767e-02 9.960999631657939668e-01 -2.419849358380462070e-02 -1.580794897313309910e+01 -9.849835531786165221e-01 8.022733383766697535e-02 -1.528914961389339355e-01 2.136158806200020877e+02
-1.553105341720620314e-01 3.660394279503371984e-02 9.871893496583064032e-01 2.104005012097880751e+02 8.534847582741106331e-02 9.960772737602500149e-01 -2.350589251956311868e-02 -1.582662599598383402e+01 -9.841743152598956268e-01 8.060424491703009620e-02 -1.578249378584347107e-01 2.135423111430978054e+02
-1.603788705361529898e-01 3.688383804621796214e-02 9.863681999525081290e-01 2.108155157746469968e+02 8.707841302591283472e-02 9.959374246135402897e-01 -2.308305142771548482e-02 -1.584700686773444822e+01 -9.832094277462833931e-01 8.218918879221484564e-02 -1.629386467232728508e-01 2.134678162721362753e+02
-1.656810642303730152e-01 3.663420731544479725e-02 9.855007621273028651e-01 2.112085927550835720e+02 8.854974204102894486e-02 9.958292976964181475e-01 -2.213121915706819584e-02 -1.586809284302683309e+01 -9.821983204891371333e-01 8.359895169193985731e-02 -1.682335348949265952e-01 2.133920238020378406e+02
-1.706117855363080416e-01 3.526303322567771181e-02 9.847091804236470791e-01 2.115892715368443646e+02 9.001624386537890321e-02 9.957416553439256690e-01 -2.006173103660666146e-02 -1.588437450529847261e+01 -9.812204176119587729e-01 8.521688652836248434e-02 -1.730590221862415568e-01 2.133213847496955680e+02
-1.749101973161565626e-01 3.419534627771143170e-02 9.839924512997452188e-01 2.119388156170691957e+02 9.065297385483118975e-02 9.957143493312302640e-01 -1.848855531277478551e-02 -1.590158721146873333e+01 -9.804046490216560272e-01 8.596783454159415139e-02 -1.772600040203285432e-01 2.132551954275052424e+02
-1.791896358148798163e-01 3.461846317023330871e-02 9.832073430970071914e-01 2.122708425388686635e+02 8.999003238969155438e-02 9.957712869040299397e-01 -1.866007438419459499e-02 -1.591596003173137497e+01 -9.796926495642699351e-01 8.513500062642669064e-02 -1.815466986522251969e-01 2.131921175852989450e+02
-1.831800172288755024e-01 3.644079532644746433e-02 9.824058198121006225e-01 2.125816317276545817e+02 8.960996757471317853e-02 9.957749535477191660e-01 -2.022789953049325060e-02 -1.593333720106762286e+01 -9.789892549555921919e-01 8.432784104373994283e-02 -1.856710112565468362e-01 2.131307076149224145e+02
-1.867784239070999774e-01 3.886532009168885970e-02 9.816350404771257976e-01 2.128928188804337367e+02 8.968122181692213257e-02 9.957229642888960619e-01 -2.235912941885474098e-02 -1.594753031438657942e+01 -9.783025731394017210e-01 8.385786243941298346e-02 -1.894645244600677569e-01 2.130673110857170798e+02
-1.904852138568856323e-01 3.962705966412775199e-02 9.808920050753523467e-01 2.132009453731523649e+02 9.144148935834850445e-02 9.955605418021377107e-01 -2.246201836220791670e-02 -1.596305366299883133e+01 -9.774245074849911008e-01 8.541537465113928362e-02 -1.932625793999258046e-01 2.130036553210992452e+02
-1.947145110607972907e-01 3.892773790948782231e-02 9.800892518957660116e-01 2.135054556179096039e+02 9.309635931300015710e-02 9.954381938960282783e-01 -2.104183264951905996e-02 -1.597626399774054740e+01 -9.764344103977015132e-01 8.714541616973033034e-02 -1.974497416863254251e-01 2.129348524513264636e+02
-2.003077779424571603e-01 3.782516062072133201e-02 9.790046528842105689e-01 2.138103672645435438e+02 9.393572831273735990e-02 9.953958238918891865e-01 -1.923880508504752923e-02 -1.598795025146218407e+01 -9.752218740739800884e-01 8.810965269237538977e-02 -2.029380959019879138e-01 2.128690280640686581e+02
-2.059254931903935770e-01 3.754259650131899773e-02 9.778493261798809622e-01 2.141141611918436070e+02 9.395847059415117497e-02 9.954089828506212934e-01 -1.842995828039390924e-02 -1.600363818690413709e+01 -9.740489347682278476e-01 8.808184827563182717e-02 -2.085069496539301570e-01 2.127972981529254355e+02
-2.111975566490339740e-01 3.799504086304982681e-02 9.767067275145741023e-01 2.144129416748336894e+02 9.440251752261100138e-02 9.953692212451783483e-01 -1.830789241731230199e-02 -1.601453138401284804e+01 -9.728764502166408201e-01 8.833681095928032356e-02 -2.138057785846864123e-01 2.127301070611124771e+02
-2.168921303746678408e-01 3.821819008823564706e-02 9.754492485063654961e-01 2.147002717928053528e+02 9.356904372796771840e-02 9.954499593556517256e-01 -1.819657377171996285e-02 -1.602804734597512493e+01 -9.717033847414653369e-01 8.732498180719699965e-02 -2.194806887645589233e-01 2.126629970522247959e+02
-2.237161014571966144e-01 3.825156732919399866e-02 9.739055334459818525e-01 2.149909915909333904e+02 9.237096394727072057e-02 9.955675188372241635e-01 -1.788373717025261087e-02 -1.603926579473851888e+01 -9.702698306721874166e-01 8.595953858297457340e-02 -2.262571846214566640e-01 2.125930611229753993e+02
-2.314850038181397729e-01 3.917947815072293782e-02 9.720512993504227817e-01 2.152797092737505409e+02 9.243304352849726624e-02 9.955575808369028223e-01 -1.811477182464453842e-02 -1.605078155315845834e+01 -9.684398054455851668e-01 8.565618986325865269e-02 -2.340774721193272789e-01 2.125197963419903431e+02
-2.399405769470025762e-01 4.166624721271341980e-02 9.698951037747750581e-01 2.155570947504346009e+02 9.255146758488157210e-02 9.955130824605827877e-01 -1.987056654514093509e-02 -1.606526915195878402e+01 -9.663682392215983130e-01 8.499729078946145766e-02 -2.427195744342089401e-01 2.124422940320075952e+02
-2.505848400954279187e-01 4.356812208134427933e-02 9.671158809765795228e-01 2.158472940243736673e+02 9.254911861429226949e-02 9.954929247239510115e-01 -2.086644963582527310e-02 -1.607821837509631990e+01 -9.636631794248953220e-01 8.427673994837121818e-02 -2.534869139544924654e-01 2.123600619416993709e+02
-2.635618989218521668e-01 4.474783012661762149e-02 9.636061597962696235e-01 2.161398347380417420e+02 9.186142523155545192e-02 9.955515769430243189e-01 -2.110563870093745686e-02 -1.608385970547458044e+01 -9.602611240573702966e-01 8.295543018167339522e-02 -2.664993127920380345e-01 2.122702898073143842e+02
-2.779134739745971472e-01 4.618585943590537007e-02 9.594972863911642724e-01 2.164393025031551474e+02 9.068369375086662854e-02 9.956476446132320746e-01 -2.165982681996998088e-02 -1.609457808165245396e+01 -9.563186632248472652e-01 8.099104323285662155e-02 -2.808914073183123028e-01 2.121732533522726669e+02
-2.921963520734503494e-01 4.705396141356813638e-02 9.552022257689783968e-01 2.167357917484758900e+02 9.043162808594132351e-02 9.956765194945427222e-01 -2.138464107127358016e-02 -1.610828732438976729e+01 -9.520757444038594475e-01 8.013182375217035858e-02 -2.951873783895199166e-01 2.120671321513923431e+02
-3.066340522368127264e-01 4.686137474264723962e-02 9.506753628432345060e-01 2.170368045716838026e+02 8.964972573875684692e-02 9.957726046858060842e-01 -2.016833466963919436e-02 -1.611807659468375675e+01 -9.475986952223836024e-01 7.904333517670808495e-02 -3.095380217450768856e-01 2.119612602829853358e+02
-3.227240332490305952e-01 4.629140369132889177e-02 9.453625664946150309e-01 2.173420000770665865e+02 8.696623561362382127e-02 9.960319189159747566e-01 -1.908425941241913629e-02 -1.612012326919832361e+01 -9.424918399377075762e-01 7.605552981304300464e-02 -3.254683020895534074e-01 2.118522435883276103e+02
-3.398480429888406928e-01 4.670427645741088984e-02 9.393221469500599996e-01 2.176485701152143974e+02 8.503795780932142667e-02 9.962044555886069297e-01 -1.876560366740432501e-02 -1.613485446437740123e+01 -9.366304710913392340e-01 7.350044635591194975e-02 -3.425287958228691032e-01 2.117327681988659549e+02
-3.582794705022928072e-01 4.784096209585717019e-02 9.323900157904392305e-01 2.179573677532308977e+02 8.583809494274967367e-02 9.961476378604944282e-01 -1.812820801925682512e-02 -1.614581707768861207e+01 -9.296625326665671762e-01 7.353948134795210145e-02 -3.610047949417978241e-01 2.115958024965321442e+02
-3.779846456585186920e-01 4.999712294676864760e-02 9.244630742537804924e-01 2.182723054404786467e+02 8.650177619509544225e-02 9.960833449403656559e-01 -1.850250815176494520e-02 -1.616147915126276047e+01 -9.217645155021826353e-01 7.297390089986810491e-02 -3.808279596492584185e-01 2.114561250272534778e+02
-3.987687010011253252e-01 5.133121348093032388e-02 9.156160279249464518e-01 2.185991495227050052e+02 8.602482563135241400e-02 9.961269319041441417e-01 -1.837923599477371550e-02 -1.617207425187748626e+01 -9.130104103108135361e-01 7.143651775972771623e-02 -4.016388497684945103e-01 2.112895399725375967e+02
-4.213676647926832275e-01 5.139784476707227878e-02 9.054345020732254001e-01 2.189227507530502521e+02 8.327344668285736884e-02 9.963711142368815166e-01 -1.780638665035307044e-02 -1.618039798553366282e+01 -9.030612207904723521e-01 6.789549928286205127e-02 -4.241174278217648141e-01 2.111283071742217032e+02
-4.455280779477387432e-01 5.055846541914033043e-02 8.938415182476728837e-01 2.192642751208355207e+02 7.932421079673294961e-02 9.967101236863435965e-01 -1.683843811537047430e-02 -1.619075198108123459e+01 -8.917494771072576043e-01 6.340117248353747959e-02 -4.480715679815462371e-01 2.109432075472463168e+02
-4.708390396755050555e-01 4.957143166592459238e-02 8.808276549343410089e-01 2.195990934492491249e+02 7.598247448114774094e-02 9.969922579146972552e-01 -1.549309105403297651e-02 -1.619578528871183920e+01 -8.789436673305617287e-01 5.963262058017313599e-02 -4.731880754154507152e-01 2.107519610676187369e+02
-4.968913711288662771e-01 4.904346987210615044e-02 8.664281789883183649e-01 2.199404690919124903e+02 7.478820945719637237e-02 9.971108571623256145e-01 -1.354998530059394607e-02 -1.620593219171498234e+01 -8.645868261826887835e-01 5.806565443619199351e-02 -4.991222155977420027e-01 2.105414573545331223e+02
-5.235237424287420005e-01 4.876571574156583766e-02 8.506167640676829400e-01 2.202920600513918146e+02 7.546578450069894861e-02 9.970942836949899801e-01 -1.071671262292946472e-02 -1.621175710587402463e+01 -8.486651129346994837e-01 5.858191976803076711e-02 -5.256811556248749406e-01 2.102947982186895501e+02
-5.512478184029090400e-01 4.807782020725315936e-02 8.329576492718969716e-01 2.206267381558157581e+02 7.663916147094036735e-02 9.970389916555703058e-01 -6.828943006693506505e-03 -1.621998228574430101e+01 -8.308170210082045370e-01 6.007264334358490554e-02 -5.532986131362707116e-01 2.100521167443571073e+02
-5.789583797937326581e-01 4.686676131573589560e-02 8.140115353361120354e-01 2.209859500341384546e+02 7.638014838800515072e-02 9.970774931879027303e-01 -3.082017108847937437e-03 -1.622798143307322505e+01 -8.117745284188060406e-01 6.038987006114928530e-02 -5.808443759506043413e-01 2.097624975071091171e+02
-6.071345954375927390e-01 4.561845576219757115e-02 7.932910040319443024e-01 2.213190204845135156e+02 7.557499034763388857e-02 9.971434830603673749e-01 4.993286541448804620e-04 -1.623362937630158243e+01 -7.909997423525414462e-01 6.025602873384359320e-02 -6.088461522703332296e-01 2.094895618535715300e+02
-6.347328057276220292e-01 4.601311504205684438e-02 7.713631671854906946e-01 2.216732075080625179e+02 7.582348135832799041e-02 9.971204902389764202e-01 2.913152734050560369e-03 -1.623610300780100246e+01 -7.690056070136653821e-01 6.033642381961076134e-02 -6.363921090803681402e-01 2.091597491621899962e+02
-6.625632487060966191e-01 4.608300208091616057e-02 7.475897087447637146e-01 2.220016470168980618e+02 7.569954379061206995e-02 9.971182946944812109e-01 5.625542965818558679e-03 -1.624077918651872210e+01 -7.451738367260879459e-01 6.031938829201253377e-02 -6.641404635873937590e-01 2.088457175572486051e+02
-6.897588933200297090e-01 4.591750429718835513e-02 7.225844746268593743e-01 2.223481756473523205e+02 7.620267834035761301e-02 9.970516985754517281e-01 9.382177004348055127e-03 -1.624149809911133246e+01 -7.200210513754635722e-01 6.153421990257317009e-02 -6.912222967075279945e-01 2.084891319550154947e+02
-7.163702250476255973e-01 4.500325320683102454e-02 6.962704052770660734e-01 2.226890848920492374e+02 7.550910734005931990e-02 9.970606458963939822e-01 1.324423405288016262e-02 -1.623615855411379627e+01 -6.936256466825302391e-01 6.206243881227412745e-02 -7.176606182071082474e-01 2.081014477172718387e+02
-7.422844587636409086e-01 4.363884937920845669e-02 6.686654650730636806e-01 2.230040062693010157e+02 7.389903736016587010e-02 9.971249922456932868e-01 1.696032745559209257e-02 -1.623600148905650187e+01 -6.660008608737774116e-01 6.200302565868383298e-02 -7.433730783459867597e-01 2.077297734514848173e+02
-7.673582817275673706e-01 4.259916912636612513e-02 6.398051614760174033e-01 2.233309255781764762e+02 7.114111785986565462e-02 9.972902456363135215e-01 1.892303660469471863e-02 -1.623123831950496054e+01 -6.372633724544648492e-01 6.003711316310236801e-02 -7.683072323302251316e-01 2.073043370241915113e+02
-7.913021300023790339e-01 4.254724580279685420e-02 6.099465062136204541e-01 2.236248729744949912e+02 7.014750600537647540e-02 9.973097725773941713e-01 2.143655635694706116e-02 -1.622929551189868391e+01 -6.073916648289341413e-01 5.974893248362714987e-02 -7.921556043833708483e-01 2.068887837632377114e+02
-8.140042479590379187e-01 4.370993142513006358e-02 5.792155032272434667e-01 2.239277419604512716e+02 7.042788403658495344e-02 9.972383012386587531e-01 2.372078182056186479e-02 -1.621753605826075173e+01 -5.765772638943712503e-01 6.010165243650229805e-02 -8.148322088575369326e-01 2.064162680732450497e+02
-8.350473073313112726e-01 4.513359267592494811e-02 5.483274832864322157e-01 2.241985869619868197e+02 7.049238668178828271e-02 9.971956336849367997e-01 2.527234596487458462e-02 -1.621297042586219916e+01 -5.456474465865144285e-01 5.975643079292055487e-02 -8.358846314248582487e-01 2.059607710190568355e+02
-8.542780870165633811e-01 4.664172119373796721e-02 5.177234563860416694e-01 2.244716167199334507e+02 7.054721084931701858e-02 9.971579288523773066e-01 2.657372398989907986e-02 -1.620408508498045919e+01 -5.150110046631158900e-01 5.922520978537556408e-02 -8.551380760985808349e-01 2.054693230655866785e+02
-8.721467281079626765e-01 4.821105223944639750e-02 4.868673914000320457e-01 2.247438656550007465e+02 7.108170495908600062e-02 9.970639209192978525e-01 2.859966090354262164e-02 -1.618873108489085766e+01 -4.840575853250818628e-01 5.955037655351555492e-02 -8.730103674799776226e-01 2.049509629193801175e+02
-8.885287340590284355e-01 4.899100388579542137e-02 4.562024232625583320e-01 2.249765389252617069e+02 7.069136242496409928e-02 9.970318858783802085e-01 3.061312263611809872e-02 -1.618657962296498454e+01 -4.533471844688515828e-01 5.945011943913393326e-02 -8.893520775961312186e-01 2.044457183396377786e+02
-9.046402062594217641e-01 4.755121672609036870e-02 4.235198433546932817e-01 2.252214586345182283e+02 6.790500161824490621e-02 9.971464295047055559e-01 3.308967917305997292e-02 -1.617372126028653412e+01 -4.207365373396232400e-01 5.869328143850061075e-02 -9.052850245606498536e-01 2.038905902214887362e+02
-9.195079280848188485e-01 4.495692772185579111e-02 3.904972778707341274e-01 2.254484292021085423e+02 6.443786797996228777e-02 9.972419406556576327e-01 3.692282696813648651e-02 -1.615802775791511081e+01 -3.877591198710186315e-01 5.911355435198433622e-02 -9.198660593616772019e-01 2.033392092929744308e+02
-9.335436504840820549e-01 4.465019306692646905e-02 3.556777916856138089e-01 2.256568989388412945e+02 6.394882826559626643e-02 9.970435576240073150e-01 4.268161157290847191e-02 -1.613657553460982541e+01 -3.527194128767226489e-01 6.259022586450749270e-02 -9.336362252310327348e-01 2.027479554715186225e+02
-9.460823333269325897e-01 4.692496257249148539e-02 3.205157568838942206e-01 2.258239768983119689e+02 6.616363751280192329e-02 9.965890273990473114e-01 4.939355126110456240e-02 -1.611926726167763491e+01 -3.171037124663345086e-01 6.793673979055692147e-02 -9.459571674351427983e-01 2.021582124682714721e+02
-9.577003464968419921e-01 4.841082026175051040e-02 2.836732762812965158e-01 2.259788238297251155e+02 6.694218959098623134e-02 9.961878984060507092e-01 5.599522245276458005e-02 -1.609553149481179801e+01 -2.798802462543786840e-01 7.261622804465169001e-02 -9.572873487167586903e-01 2.015405204506382120e+02
-9.683704170709450665e-01 4.567371607768624941e-02 2.453094700561089248e-01 2.261254919145876556e+02 6.213951834923248096e-02 9.962776945591176325e-01 5.980376442504252432e-02 -1.606787256691899302e+01 -2.416641500434421330e-01 7.315548043658798294e-02 -9.676010824755173489e-01 2.008986409719311155e+02
-9.773095370203286336e-01 4.516394415690428571e-02 2.069550091777164480e-01 2.262428749560496897e+02 5.907376031272591060e-02 9.963590878369134041e-01 6.152982855088052344e-02 -1.603600914533948441e+01 -2.034219537404505507e-01 7.235917287969716172e-02 -9.764163077296000859e-01 2.002780997223481165e+02
-9.845367231204201763e-01 5.079057940814340338e-02 1.676658970231319490e-01 2.263280105062987104e+02 6.201145090769050183e-02 9.961278048999060442e-01 6.237825026524638355e-02 -1.600419197248610104e+01 -1.638479387673301702e-01 7.181076016108449422e-02 -9.838710372654048131e-01 1.996098138711175238e+02
-9.900499539059690601e-01 5.680605315845411313e-02 1.287566120599690778e-01 2.263733123029785759e+02 6.538486411200647441e-02 9.958470363459497321e-01 6.340804553195270032e-02 -1.597300218092917667e+01 -1.246195574249870514e-01 7.119574502078364342e-02 -9.896495764343958834e-01 1.989825728950485200e+02
-9.942795663221020153e-01 5.935890711251541607e-02 8.881874134820820499e-02 2.264096850564208978e+02 6.504757664798667405e-02 9.959211751038457017e-01 6.258527721193631044e-02 -1.594639511382137442e+01 -8.474122830523402039e-02 6.800459547663478821e-02 -9.940822209329351899e-01 1.983131246098379563e+02
-9.969769703308321018e-01 6.045708201791166053e-02 4.884637528369018683e-02 2.264331770881015586e+02 6.334108475598633492e-02 9.962007186204311360e-01 5.982584891089592904e-02 -1.590646682140191537e+01 -4.504378258741766061e-02 6.273888130390625761e-02 -9.970155752081398814e-01 1.976138459484879206e+02
-9.980080312816311805e-01 6.158237550078527606e-02 1.384531349161471914e-02 2.264313146542933737e+02 6.227237899449973579e-02 9.964533495719500866e-01 5.665663615630932293e-02 -1.588016128771388757e+01 -1.030715505358084476e-02 5.740588304228591565e-02 -9.983003053880977751e-01 1.969527270173799138e+02
-9.977171244201756828e-01 6.470683769730992130e-02 -1.943397622227252888e-02 2.263942307923868782e+02 6.357138915791435418e-02 9.965050407056427195e-01 5.425389321327218906e-02 -1.585786464344300839e+01 2.287655250668625337e-02 5.289453143017577852e-02 -9.983406271019285017e-01 1.962492398208487998e+02
-9.964929788349220496e-01 6.726584551475159324e-02 -4.981139486836543701e-02 2.263397302153153419e+02 6.450395273502348981e-02 9.963974489163659465e-01 5.512235636556542945e-02 -1.582278333022083672e+01 5.333959882125296342e-02 5.171594570280617364e-02 -9.972389529640630634e-01 1.955644955925248496e+02
-9.944244716242700566e-01 7.015529556446890858e-02 -7.875491371798294671e-02 2.262709130545556206e+02 6.560504034893471781e-02 9.961062592014143791e-01 5.895265691232357691e-02 -1.578514937151711628e+01 8.258380836826324789e-02 5.345717546538499010e-02 -9.951519619014752571e-01 1.948406783651754779e+02
-9.919580127922417168e-01 7.101674386456867383e-02 -1.047857945796569629e-01 2.261756473686137952e+02 6.472762833288708828e-02 9.959630559468810596e-01 6.224985949954055936e-02 -1.575185080026696482e+01 1.087831826660147772e-01 5.496663369747238626e-02 -9.925472670179784629e-01 1.941354398422399470e+02
-9.891771682914882735e-01 7.085219254015574786e-02 -1.285015488524496874e-01 2.260725600483398523e+02 6.291887009873819991e-02 9.959172962368809667e-01 6.478483392311464029e-02 -1.571865310251864045e+01 1.325666073287235514e-01 5.599842522061149186e-02 -9.895935883490997176e-01 1.934188348873219638e+02
-9.860559745308709045e-01 7.115140677778990230e-02 -1.504501442745386219e-01 2.259503093806507650e+02 6.169480369688271071e-02 9.958727330657761723e-01 6.662109828503348652e-02 -1.568183765260892848e+01 1.545688562545644851e-01 5.641005752964192710e-02 -9.863729384008100842e-01 1.926878810717054762e+02
-9.831056841859869833e-01 6.988234884115836210e-02 -1.691858008650685974e-01 2.258305480460826118e+02 5.889324415958410025e-02 9.958714835765932749e-01 6.912810546797140687e-02 -1.564803949437858499e+01 1.733175642282996920e-01 5.799624816504602570e-02 -9.831595318159189745e-01 1.919695973321020688e+02
-9.795242876345363614e-01 6.925492879357082743e-02 -1.890505047937200700e-01 2.256818205691714354e+02 5.636335199069126417e-02 9.957604334041559868e-01 7.274238112126174549e-02 -1.560074801360679686e+01 1.932861333041566154e-01 6.059731773952542477e-02 -9.792719976817079175e-01 1.912302115623333520e+02
-9.756222902889168935e-01 6.932647649468058615e-02 -2.082286190293871353e-01 2.255228379884378000e+02 5.411856793635467372e-02 9.954970719760504183e-01 7.787094895865244448e-02 -1.555564418022063755e+01 2.126887904335592605e-01 6.470349569182129446e-02 -9.749780242364552985e-01 1.904932685722045278e+02
-9.711875963957038449e-01 6.973675762201807238e-02 -2.278938574101756764e-01 2.253393031842539926e+02 5.183238194064371945e-02 9.951512194512274201e-01 8.363362679497815533e-02 -1.550250142802482856e+01 2.326204169126962762e-01 6.941154190767534482e-02 -9.700901990903945116e-01 1.897427746250809832e+02
-9.664664964879117193e-01 6.852659579189912531e-02 -2.474889879542281068e-01 2.251387233476632730e+02 4.785480064196706573e-02 9.949203401077539866e-01 8.860345602964840583e-02 -1.544763815712218324e+01 2.523026872393110964e-01 7.378860427771136155e-02 -9.648335660190611174e-01 1.889859351444871720e+02
-9.619907528859150680e-01 6.496837729213382484e-02 -2.652491286643701707e-01 2.249365122748753549e+02 4.193611986467102315e-02 9.949163800569987837e-01 9.159645998285932678e-02 -1.538962503658905767e+01 2.698506810830567093e-01 7.699128728545596989e-02 -9.598219443679409935e-01 1.882385374556227760e+02
-9.573248048942749611e-01 6.170580859623180092e-02 -2.823575996225304308e-01 2.247101574278871681e+02 3.745564530561438371e-02 9.951958617447104194e-01 9.049547974661657779e-02 -1.532688633295456704e+01 2.865842584326476206e-01 7.605754390305639878e-02 -9.550339941546746036e-01 1.874764195875898452e+02
-9.530458723181556291e-01 6.018333991866746391e-02 -2.967924123805800174e-01 2.244731093158014232e+02 3.636981746790329123e-02 9.957102814926378498e-01 8.512012400793754485e-02 -1.528360058133236876e+01 3.006410709738366327e-01 7.032897771819751620e-02 -9.511435229530862401e-01 1.867330085803942268e+02
-9.492030627010816790e-01 5.663271297610927846e-02 -3.095326936049419553e-01 2.242325292048884080e+02 3.397802257070018511e-02 9.963698046642114337e-01 7.810168085855345721e-02 -1.523505037400212103e+01 3.128311005060892547e-01 6.361694743243348493e-02 -9.476786414581007678e-01 1.859803006476537348e+02
-9.454819756832985034e-01 5.232168725537449105e-02 -3.214505926831601190e-01 2.239732212997184320e+02 3.002806748347615004e-02 9.968150444328420789e-01 7.392735349091948682e-02 -1.517678554036976735e+01 3.242937130439506599e-01 6.024435257804909571e-02 -9.440388923964007084e-01 1.852035058543945070e+02
-9.422615410242700662e-01 5.561542082128540648e-02 -3.302337463161182929e-01 2.237084697224013894e+02 3.272728036154713693e-02 9.966894356197892879e-01 7.447327314571669521e-02 -1.511518505643322818e+01 3.332812421115919355e-01 5.936556186642241023e-02 -9.409593876011501656e-01 1.844431645622505869e+02
-9.395315987939577562e-01 6.052663103562347380e-02 -3.370773189810530313e-01 2.234198424214714294e+02 3.612644973021982703e-02 9.962864168690011013e-01 7.820123065576460586e-02 -1.507298725309592413e+01 3.405576800104309632e-01 6.129502657472851029e-02 -9.382263123598849619e-01 1.836630548746307170e+02
-9.370606624205469748e-01 6.662429181328194394e-02 -3.427575640944309776e-01 2.231293047808709105e+02 4.188283822181832622e-02 9.959904751230502784e-01 7.909480209663118100e-02 -1.502086211089591927e+01 3.466517516132055499e-01 5.976087407629871590e-02 -9.360910371746384850e-01 1.828981879710464966e+02
-9.352100432106049688e-01 6.838072371216137590e-02 -3.474341520322510868e-01 2.228428046147844555e+02 4.368773842629628673e-02 9.959658897174731296e-01 7.842521989589684717e-02 -1.498094321569156406e+01 3.513941699763137305e-01 5.816535112311477240e-02 -9.344218353388070719e-01 1.821184214443086375e+02
-9.337626463318995373e-01 6.822061396702679137e-02 -3.513367571664229860e-01 2.225464097677907205e+02 4.362825717090555028e-02 9.960445348012380018e-01 7.745354201658953552e-02 -1.491858901562534889e+01 3.552298037126563335e-01 5.699493247985614602e-02 -9.330426609103515956e-01 1.813309046056774605e+02
-9.325356272266523971e-01 6.741744881249196741e-02 -3.547343322947151267e-01 2.222477267822076499e+02 4.299455947957580432e-02 9.961614580412608833e-01 7.629554487848108635e-02 -1.488251653812254993e+01 3.585151283445292547e-01 5.589659172771165030e-02 -9.318517697173542835e-01 1.805504790853230190e+02
-9.315885791298932350e-01 6.810495416860876117e-02 -3.570836036674032710e-01 2.219408510945966668e+02 4.378724840089687209e-02 9.961678978668061513e-01 7.575876140637535783e-02 -1.483305931420765056e+01 3.608735700830258963e-01 5.494021793818994193e-02 -9.309979030107486953e-01 1.797586259214909603e+02
-9.312224245005562562e-01 6.970815825138827748e-02 -3.577287199084662195e-01 2.216364865831296811e+02 4.556277444456748038e-02 9.961080832790365491e-01 7.549778415288428690e-02 -1.478820580229886339e+01 3.615980787795783913e-01 5.400604772460159547e-02 -9.307714186863049743e-01 1.789746352447629931e+02
-9.314811549637977972e-01 7.147188721390045074e-02 -3.567056202588448910e-01 2.213371924020588608e+02 4.739767081919065567e-02 9.960000141482605596e-01 7.579332806354435736e-02 -1.473652246876633320e+01 3.606946955200035498e-01 5.369297205469434481e-02 -9.311399801672511911e-01 1.781838214257718676e+02
-9.319751250912197138e-01 7.450019726325832203e-02 -3.547905869453500949e-01 2.210296701746252381e+02 5.059641489657727004e-02 9.958119352729143392e-01 7.619573043278740632e-02 -1.469050756957791570e+01 3.589801040628515794e-01 5.306132581176805502e-02 -9.318385282700579753e-01 1.773861718422573404e+02
-9.330257391309685344e-01 7.676101298496927627e-02 -3.515323586930441668e-01 2.207315500665379773e+02 5.292400407955506064e-02 9.956338320623722149e-01 7.693842320427976555e-02 -1.464400542486637491e+01 3.559021966253569369e-01 5.318095943133905462e-02 -9.330116193418295234e-01 1.765978224531104104e+02
-9.345017333142002780e-01 7.962363861294464995e-02 -3.469450626420665929e-01 2.204285110892228374e+02 5.600214592596194224e-02 9.954137773040099280e-01 7.760395136484422862e-02 -1.459652104397462935e+01 3.515318346812578154e-01 5.309128635781696498e-02 -9.346721142472278476e-01 1.757956641050617179e+02
-9.365808390215216717e-01 8.049068667077274863e-02 -3.410892564821367823e-01 2.201494963148512340e+02 5.685974740840154390e-02 9.952761047374429904e-01 7.873788158582399610e-02 -1.455284472762272152e+01 3.458145040372546664e-01 5.435006961917396989e-02 -9.367303167141004527e-01 1.750119785607898280e+02
-9.387398243834121914e-01 8.152934099525248335e-02 -3.348504357737951409e-01 2.198629979710644591e+02 5.809443686647341315e-02 9.951495408679491561e-01 7.943326106154041666e-02 -1.450379042453276135e+01 3.397012700344137492e-01 5.511414522824888834e-02 -9.389200010628728776e-01 1.742122021301998416e+02
-9.408753382233323581e-01 8.146700578353807676e-02 -3.288176344797374417e-01 2.195853296049480434e+02 5.838692427793269052e-02 9.951284919544233221e-01 7.948253169484159608e-02 -1.445805959154034781e+01 3.336898908758590410e-01 5.558443131345222610e-02 -9.410455462332144583e-01 1.734132740350641768e+02
-9.430774965313900582e-01 8.126492288179469614e-02 -3.224983168172793069e-01 2.193245010124019814e+02 5.857787280419263221e-02 9.951193100160885541e-01 7.945702289134733143e-02 -1.440954989524774632e+01 3.273802825348719470e-01 5.604279233362360890e-02 -9.432320236677440572e-01 1.726303891823067147e+02
-9.450094271389445355e-01 8.257123467743866796e-02 -3.164545683487210437e-01 2.190630728270139684e+02 6.048521765910757492e-02 9.950409202206301762e-01 7.900847596789289939e-02 -1.436416747944958061e+01 3.214080050222453133e-01 5.552285866594754149e-02 -9.453144477932113876e-01 1.718420540589407608e+02
-9.469516652012038849e-01 8.323568304186967914e-02 -3.104169569658755123e-01 2.188098061384270920e+02 6.161252608246615969e-02 9.949849071562144598e-01 7.884266993750770058e-02 -1.431855734174031802e+01 3.154216620764833112e-01 5.553455342025431785e-02 -9.473280266684683815e-01 1.710596138448546526e+02
-9.489131861187701800e-01 8.263879312690879109e-02 -3.045306581326415740e-01 2.185652688835348840e+02 6.126701265466127228e-02 9.949860986895092685e-01 7.909650713635332786e-02 -1.427430918228117207e+01 3.095391822379399138e-01 5.639796127248144358e-02 -9.492155011947712717e-01 1.702829831809744974e+02
-9.506576635547693277e-01 8.211361435521538632e-02 -2.991850445516782697e-01 2.183328118661178792e+02 6.077271886141270840e-02 9.949469294454409418e-01 7.996581053256683613e-02 -1.423014088752725392e+01 3.042385127001400735e-01 5.783774358092117623e-02 -9.508412215188702943e-01 1.695200198573146224e+02
-9.521707546026696445e-01 8.139156095128288748e-02 -2.945345726776096296e-01 2.181014232765108432e+02 6.013179581639999105e-02 9.949390100633122014e-01 8.054688001959264820e-02 -1.418788857154184413e+01 2.995987797623844706e-01 5.898340373087285898e-02 -9.522430578838551041e-01 1.687662494344310744e+02
-9.532322493180380718e-01 8.278205593869890355e-02 -2.906884282142648268e-01 2.178762721715228281e+02 6.150357498044675686e-02 9.947688822089031380e-01 8.160545981192149356e-02 -1.414387883372692301e+01 2.959222882201903437e-01 5.991049121840866937e-02 -9.533341748692967244e-01 1.680146594680342389e+02
-9.539339336490353372e-01 8.261998138460849295e-02 -2.884238950711681682e-01 2.176677533332279495e+02 6.133228835324950473e-02 9.947391335507734800e-01 8.209555229914433649e-02 -1.410421468850529969e+01 2.936882943018397363e-01 6.062394513343982716e-02 -9.539796861379805648e-01 1.673048844650094225e+02
-9.544257274235240507e-01 8.058349117702662268e-02 -2.873711840541582352e-01 2.174591960157399626e+02 5.944709237895070414e-02 9.948986242117940915e-01 8.154788634527315727e-02 -1.406269436277840335e+01 2.924756405780968294e-01 6.074792541565403325e-02 -9.543442832714201796e-01 1.665974995997640349e+02
-9.546359233877202977e-01 7.927138171827220747e-02 -2.870377530106678621e-01 2.172603837053480902e+02 5.830029615123482473e-02 9.950194875526734428e-01 8.089861302018637457e-02 -1.402483197971233331e+01 2.920201361808449358e-01 6.049424098706086828e-02 -9.544998747836780373e-01 1.659219209270634963e+02
-9.545671689253488745e-01 7.928448995892457829e-02 -2.872627196681430961e-01 2.170672696832969848e+02 5.847102000445268677e-02 9.950549654404122757e-01 8.033709740926375797e-02 -1.398694024121494905e+01 2.922107136393911064e-01 5.989051699775536225e-02 -9.544796264798067753e-01 1.652659168685217139e+02
-9.543402885737219954e-01 7.970817037969071817e-02 -2.878986151930380544e-01 2.168693453431178568e+02 5.901263522718357829e-02 9.950601058042717328e-01 7.987612916734047885e-02 -1.395165210274909029e+01 2.928422371896660659e-01 5.923926367651459468e-02 -9.543267109757421762e-01 1.646100108808784057e+02
-9.539731139623697231e-01 7.956864678978714522e-02 -2.891513895139936619e-01 2.166749012480134979e+02 5.869971325758484293e-02 9.950561000027898784e-01 8.015615534917630569e-02 -1.391639067254791939e+01 2.940987990516947814e-01 5.949362089319817221e-02 -9.539243936071348795e-01 1.639618840627459804e+02
-9.531648778120579424e-01 7.963619429250867743e-02 -2.917862242841537945e-01 2.164898021651556235e+02 5.852236263852181319e-02 9.950467079629914391e-01 8.040207993466606806e-02 -1.388260440301312748e+01 2.967428570597964166e-01 5.956032814907414458e-02 -9.531010418301980591e-01 1.633512561671191179e+02
-9.522313440977459020e-01 7.902844421708239697e-02 -2.949820232431477618e-01 2.163043492647377946e+02 5.771337665367229364e-02 9.951027980103371862e-01 8.029265878878534546e-02 -1.384593684334178754e+01 2.998818519040981068e-01 5.943268045336588118e-02 -9.521260379616778291e-01 1.627477108870022846e+02
-9.510228191303841117e-01 7.913103524998467420e-02 -2.988282136112750953e-01 2.161160485409243108e+02 5.763104774802413344e-02 9.951229666223939674e-01 8.010161104525378994e-02 -1.381381270622271273e+01 3.037083400140192513e-01 5.895658180960920702e-02 -9.509420218187990548e-01 1.621500224720986978e+02
-9.494886817265056900e-01 7.797551729426688283e-02 -3.039662677955349834e-01 2.159362950232755338e+02 5.605534678837335166e-02 9.952051600907203532e-01 8.019861345185559653e-02 -1.378083435668171219e+01 3.087613087293604730e-01 5.910864354098399609e-02 -9.493039489352642635e-01 1.615884558945120943e+02
-9.473155874856438174e-01 7.759212973463930352e-02 -3.107685174238398185e-01 2.157488288663776359e+02 5.525031748464551834e-02 9.952601229086625034e-01 8.007509794942754833e-02 -1.374899197781561178e+01 3.155076700194137107e-01 5.868623204702137081e-02 -9.471093928460203593e-01 1.610202098219835136e+02
-9.447977252948505100e-01 7.671271136197202467e-02 -3.185543191964523846e-01 2.155642930956191208e+02 5.397966786714579468e-02 9.953678235952775344e-01 7.960165955767849189e-02 -1.371910582528666822e+01 3.231841130446186372e-01 5.801191447968047366e-02 -9.445591643694140060e-01 1.604858153056931656e+02
-9.414193136811785934e-01 7.539495980279105336e-02 -3.287091716605177738e-01 2.153729035826197844e+02 5.187271394652852308e-02 9.954668563433792805e-01 7.976402612134643466e-02 -1.368734922848418556e+01 3.332317939402398288e-01 5.804025821272315588e-02 -9.410596539760779367e-01 1.599460211643999799e+02
-9.367549778967156904e-01 7.610945795204815401e-02 -3.416166139468593266e-01 2.151731677451894029e+02 5.155578159440307034e-02 9.954320084478393005e-01 8.040187204291071588e-02 -1.365708151298747453e+01 3.461743150303504546e-01 5.770444157914532413e-02 -9.363967726560123994e-01 1.594118925955011150e+02
-9.308649976728684550e-01 7.593681582711341027e-02 -3.573911214244527290e-01 2.149679372698646205e+02 5.006894059087044907e-02 9.954513838260045100e-01 8.109867110750475228e-02 -1.362630056586889182e+01 3.619226690112459233e-01 5.759761652392963310e-02 -9.304299391061052749e-01 1.588999036007587335e+02
-9.232426105093137769e-01 7.606671878140264242e-02 -3.766183795125495615e-01 2.147487423762026140e+02 4.872492698762671132e-02 9.954759011985583328e-01 8.161476318677780839e-02 -1.359432976853809194e+01 3.811214322297681867e-01 5.699941920724593825e-02 -9.227691467259079294e-01 1.583868544574656028e+02
-9.142367692230483067e-01 7.786124004786572350e-02 -3.976345444261650819e-01 2.145267969818391123e+02 4.895838860496952438e-02 9.954041844232383029e-01 8.234649161338843115e-02 -1.356367697213113033e+01 4.022173632328290838e-01 5.581654190300650020e-02 -9.138441259869005684e-01 1.579140833330221483e+02
-9.035311541365474985e-01 7.731457967349429639e-02 -4.214954203828541468e-01 2.142924571893049688e+02 4.664301476984479555e-02 9.954929589027873282e-01 8.261695445885267053e-02 -1.353614925596700047e+01 4.259818124941355810e-01 5.498707471872076036e-02 -9.030621771109803575e-01 1.574468533400453225e+02
-8.901275343877960156e-01 7.562615801308222863e-02 -4.493975372004233582e-01 2.140413329278499077e+02 4.300312782785426641e-02 9.956765599577104275e-01 8.237893616369218464e-02 -1.349921778197422029e+01 4.536830968072842474e-01 5.400216043157409634e-02 -8.895284094744307923e-01 1.569825791635514349e+02
-8.732423420801633807e-01 7.347612533835828907e-02 -4.817193909417534781e-01 2.137909544615600055e+02 3.862962791127395878e-02 9.958972483253564212e-01 8.187673899147840384e-02 -1.347228813560655247e+01 4.857573941203449097e-01 5.288949603229261415e-02 -8.724951758899954779e-01 1.565540940071501836e+02
-8.534275563366797712e-01 7.175808684805955184e-02 -5.162525451421172695e-01 2.134987098955655824e+02 3.486843851616205914e-02 9.961225516613739783e-01 8.081729049577146551e-02 -1.344162505729982726e+01 5.200483738656558330e-01 5.097068970720295550e-02 -8.526177638628190669e-01 1.561227253690462362e+02
-8.304161706020127820e-01 7.170745310102891179e-02 -5.525138365265719331e-01 2.132110078336888819e+02 3.314863409865086152e-02 9.962888034809496141e-01 7.948061823760955991e-02 -1.341539312858666122e+01 5.561608570588522094e-01 4.768682963242078243e-02 -8.297086465838543479e-01 1.557350969526910944e+02
-8.047033862397380277e-01 7.241232178696910271e-02 -5.892482025573864135e-01 2.128891515885072181e+02 3.263582607805202984e-02 9.964319821859383142e-01 7.788189235206251226e-02 -1.338966269089939232e+01 5.927833944913859510e-01 4.344115307215908744e-02 -8.041928165018594754e-01 1.553535585608508711e+02
-7.757280921121195716e-01 7.139296788019319773e-02 -6.270195484508589434e-01 2.125722815970356123e+02 2.949856697913701142e-02 9.965999462333564596e-01 7.697899693284386557e-02 -1.336164854269556557e+01 6.303813110331497604e-01 4.121853078022630346e-02 -7.751940468813960372e-01 1.550014161800473005e+02
-7.444566564879293580e-01 7.294447595737844903e-02 -6.636775894166627721e-01 2.122168687354304382e+02 2.895630554252788882e-02 9.966098869896683476e-01 7.705616024092058758e-02 -1.332717145994633334e+01 6.670462473835200301e-01 3.814727038181625618e-02 -7.440426465007822232e-01 1.546578041685577318e+02
-7.094964640309121551e-01 7.298519720549249967e-02 -7.009226024893383533e-01 2.118708683685270273e+02 2.518533792000287805e-02 9.966168161440149831e-01 7.828160484224369609e-02 -1.330596406968004430e+01 7.042623036804434022e-01 3.788749915540801094e-02 -7.089319553088919701e-01 1.543430726707194935e+02
-6.717340932298212497e-01 7.249517547536121764e-02 -7.372396710517202800e-01 2.114806213551003111e+02 1.977364543959912388e-02 9.966038248035938851e-01 7.998256364875781788e-02 -1.327127804373018627e+01 7.405317557229823544e-01 3.914904420846273408e-02 -6.708840728518167262e-01 1.540391838701062852e+02
-6.312989919787389548e-01 7.091364422330000139e-02 -7.722936106472058082e-01 2.111115802458911332e+02 1.243773722349770898e-02 9.966121858737443384e-01 8.134400402414328213e-02 -1.324004013653306622e+01 7.754430338939599654e-01 4.174673968890571518e-02 -6.300402168090101229e-01 1.537673939891696193e+02
-5.898275715760323834e-01 7.047323603753767596e-02 -8.044510889382237018e-01 2.107196856834664516e+02 7.544563414893492616e-03 9.966258220635834109e-01 8.177680520221504434e-02 -1.321796334220577052e+01 8.074971037013055630e-01 4.216492010506416727e-02 -5.883671539881494272e-01 1.535203658926727712e+02
-5.471208704984572568e-01 7.209995043722534913e-02 -8.339454143190752067e-01 2.102918042124515239e+02 5.662038129460468701e-03 9.965831316121833705e-01 8.244635538630039340e-02 -1.318836035391643691e+01 8.370375093862751914e-01 4.038623464668193025e-02 -5.456578740701207852e-01 1.532957759329452472e+02
-5.018922333665279956e-01 7.306582458368045263e-02 -8.618411591605734667e-01 2.098956223521309994e+02 2.552339120175617978e-03 9.965500001404105079e-01 8.299990393224927765e-02 -1.316007923093908083e+01 8.649293660451414789e-01 3.945724276833082605e-02 -5.003455484219152538e-01 1.530985480162215424e+02
-4.556978895266020624e-01 7.269511380793702848e-02 -8.871637235831071333e-01 2.094514062042750027e+02 -3.156898362930166818e-03 9.965250810095797052e-01 8.327784330494711340e-02 -1.313356615061116273e+01 8.901318095965375932e-01 4.075016543651954759e-02 -4.538833886542427698e-01 1.529213710377453026e+02
-4.085468894353622149e-01 7.116711829041401371e-02 -9.099611563885958709e-01 2.090290896803874716e+02 -1.182500272916108680e-02 9.964629652843266516e-01 8.324141152502373409e-02 -1.310233242478056326e+01 9.126635807890755014e-01 4.476824268566806375e-02 -4.062589487960349688e-01 1.527495331073075704e+02
-3.613303571957869886e-01 7.192256457718303186e-02 -9.296623856237522521e-01 2.085671496921280266e+02 -1.732723072005401196e-02 9.963343809381378646e-01 8.381511993689187701e-02 -1.306795711300233798e+01 9.322796642917051679e-01 4.639334496646631972e-02 -3.587584463810201130e-01 1.526161169268333424e+02
-3.130266241899672952e-01 7.236123546524085570e-02 -9.469861796628301631e-01 2.081142282167181747e+02 -2.090633510236119749e-02 9.963304230303234865e-01 8.304231893562936950e-02 -1.304223173387594947e+01 9.495169941460005480e-01 4.579239096380719604e-02 -3.103641017281447145e-01 1.524845416406784580e+02
-2.660047377980739314e-01 7.268618115477350206e-02 -9.612298600680077021e-01 2.076240322668313354e+02 -2.337574259521488923e-02 9.963772664108744292e-01 8.181280080466508953e-02 -1.301390585941994260e+01 9.636909993506622696e-01 4.423198282358568184e-02 -2.633410922063827431e-01 1.523981357064280928e+02
-2.197733757811200228e-01 7.229591319869040078e-02 -9.728708108711474623e-01 2.071560726298538953e+02 -2.772279663912951067e-02 9.963883694989447148e-01 8.030617247758051191e-02 -1.298684784008113979e+01 9.751596874050386665e-01 4.461978515254002436e-02 -2.169746524057655224e-01 1.523114065026631181e+02
-1.770043667672770993e-01 7.328544372063941492e-02 -9.814801851938659283e-01 2.066541906939612545e+02 -3.172174435845969559e-02 9.962847305418793820e-01 8.011170203830926539e-02 -1.294835799640039475e+01 9.837014310785624494e-01 4.531430935897674817e-02 -1.740214062102858894e-01 1.522479505346984467e+02
-1.376369741786210854e-01 7.559139076183012118e-02 -9.875964076050153251e-01 2.061218870776874610e+02 -3.395497532363436766e-02 9.961411115545015793e-01 8.097755811744437870e-02 -1.291800006150683622e+01 9.899032545428017027e-01 4.467924424431830854e-02 -1.345386725283574947e-01 1.522132679628822700e+02
-1.028366819631513773e-01 8.019795358788592288e-02 -9.914623372968834891e-01 2.056083075219070793e+02 -3.385223291380869831e-02 9.958886244881670624e-01 8.406721294516225629e-02 -1.287840665855556210e+01 9.941247312955782123e-01 4.220834123716174502e-02 -9.969864142567669285e-02 1.521640842965650506e+02
-7.164592509500079809e-02 8.380109892032117092e-02 -9.939058836800427343e-01 2.050649000103865092e+02 -3.561362172769211992e-02 9.956177262422765128e-01 8.651264372773578848e-02 -1.284724314450773441e+01 9.967968082350904258e-01 4.159479944779119476e-02 -6.834723273897273799e-02 1.521533018681606961e+02
-4.400229752641282577e-02 8.355987122469776818e-02 -9.955331356624783634e-01 2.045344135319513441e+02 -3.894609818920954231e-02 9.955987149001072067e-01 8.528677803325655782e-02 -1.281111097879508520e+01 9.982746846299318522e-01 4.252487645944454109e-02 -4.055413181368186515e-02 1.521374376288727319e+02
-1.900577482251758488e-02 8.125969286047528273e-02 -9.965140865143885529e-01 2.039666383974473831e+02 -4.283163244933678449e-02 9.957143284270238981e-01 8.201136853357987588e-02 -1.277759272477912766e+01 9.989041887949841048e-01 4.424094050912654591e-02 -1.544375031653771359e-02 1.521455017818334738e+02
1.811790255438302209e-03 7.738498979489277785e-02 -9.970019912051141242e-01 2.034129787635660307e+02 -4.577562251144603328e-02 9.959663105144364037e-01 7.722141252241014608e-02 -1.274399442268551219e+01 9.989527799942585773e-01 4.549840021976524901e-02 5.346844137150404651e-03 1.521516109438407796e+02
2.007792029063539332e-02 7.480416625579869305e-02 -9.969984527893956949e-01 2.028313835470201525e+02 -4.899268375958047705e-02 9.960764793079674995e-01 7.374835320168544872e-02 -1.270622032390572187e+01 9.985999907320897151e-01 4.736483651884704216e-02 2.366395779680844150e-02 1.521676835309842772e+02
3.584203191258530236e-02 7.288441601387130042e-02 -9.966985082299403276e-01 2.022300990328408830e+02 -5.327121465504279507e-02 9.960620862142690601e-01 7.092219764439570973e-02 -1.266678478960479914e+01 9.979393137492058585e-01 5.055325567173748341e-02 3.958343668125127029e-02 1.521966114001384938e+02
4.884459514721609802e-02 7.273055808557858659e-02 -9.961572058551001474e-01 2.016265681194881552e+02 -5.535720580784907197e-02 9.960131742577764680e-01 7.000570650616314006e-02 -1.263173725049971452e+01 9.972738517769564881e-01 5.172498649472608706e-02 5.267588384452950856e-02 1.522200104273008208e+02
6.118797472157096878e-02 7.481786438372121928e-02 -9.953205661018891259e-01 2.010045324645203095e+02 -5.611801000948890561e-02 9.958709468193923664e-01 7.140934199619719536e-02 -1.259747221611274171e+01 9.965501254791034880e-01 5.148592304829878452e-02 6.513378081200384140e-02 1.522618769861469730e+02
7.435303132749879196e-02 7.680831641022334288e-02 -9.942720053079558973e-01 2.003587243901370414e+02 -5.685502888986961045e-02 9.957379511756413448e-01 7.266986176832140876e-02 -1.256391361442784849e+01 9.956126175040450610e-01 5.112604615259198210e-02 7.840285660005849588e-02 1.523229397659514177e+02
8.594744047944591347e-02 7.734941371995303350e-02 -9.932949329368536695e-01 1.997149073001842510e+02 -5.957208214661582207e-02 9.956006201448825976e-01 7.237432719782664614e-02 -1.252608557015729929e+01 9.945197641215369755e-01 5.295215862842732324e-02 9.017693414944928654e-02 1.523763435139302942e+02
9.646012845342312458e-02 7.703341425932978825e-02 -9.923537773546692309e-01 1.990406012189227738e+02 -6.033409837031435130e-02 9.956234693060930230e-01 7.142255038079232954e-02 -1.248771514632046831e+01 9.935092339399045347e-01 5.298324318849755715e-02 1.006854154318834599e-01 1.524487684419226525e+02
1.044211415178293717e-01 7.626793860799320479e-02 -9.916068527085423190e-01 1.983707138387661644e+02 -5.901735417798500971e-02 9.957770601775597363e-01 7.037386109062461481e-02 -1.245105787860679314e+01 9.927832282920665552e-01 5.117340169389583693e-02 1.084809880931194986e-01 1.525259349330618477e+02
1.096589711163375030e-01 7.583025397635088927e-02 -9.910748746248918550e-01 1.976785699217463730e+02 -5.755126258176362225e-02 9.959010372658674282e-01 6.983167196282563660e-02 -1.241494399028484885e+01 9.923044522386261779e-01 4.937985513511038149e-02 1.135732702091797885e-01 1.526078791919960054e+02
1.126748363469090158e-01 7.519449997579487344e-02 -9.907849890975520823e-01 1.969686764581367413e+02 -5.742002048301043243e-02 9.959625961036160380e-01 6.905748362247367267e-02 -1.237368776044467822e+01 9.919741365988324899e-01 4.910976953904352960e-02 1.165372420751829979e-01 1.526907305055176209e+02
1.131209998437480851e-01 7.469650415800233034e-02 -9.907718224881713054e-01 1.962578028914096251e+02 -5.850951803791633321e-02 9.959441361405391158e-01 6.840615431909659316e-02 -1.233423648090859537e+01 9.918596912292122481e-01 5.023132204672546564e-02 1.170323010038891304e-01 1.527649838737240486e+02
1.124856446373864588e-01 7.470889715736472869e-02 -9.908432254602610456e-01 1.955265395952036442e+02 -5.942043540060366197e-02 9.958944699817671165e-01 6.834403899586838360e-02 -1.229263829928650686e+01 9.918778002210424383e-01 5.118852170501114740e-02 1.164627160723917948e-01 1.528470609554032364e+02
1.114854616081594613e-01 7.502840956748754730e-02 -9.909321219506522782e-01 1.947861529913555216e+02 -6.045011214452285231e-02 9.958150971228090231e-01 6.859714075093348296e-02 -1.225028097471630240e+01 9.919285048520225523e-01 5.225427877238637137e-02 1.155540337819087604e-01 1.529254305270265490e+02
1.114709632727137467e-01 7.499774681671915466e-02 -9.909360754340001964e-01 1.940149077586812609e+02 -6.255834769761409175e-02 9.957038430105655813e-01 6.832135713316962733e-02 -1.221035917165858642e+01 9.917994096152492611e-01 5.437537416943742652e-02 1.156834540271873546e-01 1.530040493563061830e+02
1.122405908638756944e-01 7.472645219499665648e-02 -9.908696957882136003e-01 1.932422270139025500e+02 -6.408320826754024258e-02 9.956406541247053710e-01 6.782722871110648255e-02 -1.216963887553644774e+01 9.916152428108834238e-01 5.588503505064917193e-02 1.165396573901117810e-01 1.530853651633844379e+02
1.130131863472799425e-01 7.442168527806547473e-02 -9.908048167929607297e-01 1.924644483070739511e+02 -6.557942944312288025e-02 9.955789981575016157e-01 6.730014895346211889e-02 -1.212793120969938876e+01 9.914296567114528891e-01 5.737050178648726850e-02 1.173937382538525753e-01 1.531727027270577821e+02
1.148144143162983244e-01 7.433803734014181319e-02 -9.906039899086208633e-01 1.916639514330497889e+02 -6.674482781355701999e-02 9.955237278012473157e-01 6.697125763839113788e-02 -1.208344716149628084e+01 9.911448886723728258e-01 5.842831500653841020e-02 1.192617988135731555e-01 1.532626983438591139e+02
1.161747025551119888e-01 7.445728718899304044e-02 -9.904364238067251414e-01 1.908608745563306002e+02 -6.716999669178012888e-02 9.954959705263654035e-01 6.695882272919079226e-02 -1.203922681588858090e+01 9.909576417731349451e-01 5.874857694016222265e-02 1.206523851003746262e-01 1.533551327309082524e+02
1.176084968413170784e-01 7.432156087571945013e-02 -9.902773893595920862e-01 1.900379841570705821e+02 -6.719470976276960272e-02 9.955094085937865600e-01 6.673395329248155150e-02 -1.199919329033719606e+01 9.907868294649587737e-01 5.869280877315821016e-02 1.220740127957272297e-01 1.534527200112767105e+02
1.197405190531862645e-01 7.512910048071047564e-02 -9.899609037263615852e-01 1.892031828394297293e+02 -6.781379441696840094e-02 9.954265180412471548e-01 6.734146848884554892e-02 -1.195375268181246575e+01 9.904892365445688851e-01 5.906938904997337952e-02 1.242872996492015436e-01 1.535522454458943855e+02
1.211914892113366005e-01 7.575568402204611862e-02 -9.897365658700334468e-01 1.883614556941436717e+02 -6.847587969928145557e-02 9.953500299121225137e-01 6.780057516485819835e-02 -1.190808633366035352e+01 9.902671914189379310e-01 5.955611525045009097e-02 1.258150098511031934e-01 1.536499341988022707e+02
1.236115362971508813e-01 7.590852952560062095e-02 -9.894255177331089390e-01 1.875010925957862185e+02 -6.872124813990193593e-02 9.953347716427171088e-01 6.777633918868024299e-02 -1.186235197837936006e+01 9.899510161203622927e-01 5.961650448191961604e-02 1.282509999576442183e-01 1.537532144857906644e+02
1.255146710192251991e-01 7.622389578248046915e-02 -9.891616436263600542e-01 1.866276511129671860e+02 -7.045292733287267239e-02 9.952154500993543040e-01 6.775060740021526806e-02 -1.181880988058058790e+01 9.895897585948874031e-01 6.118551829236400230e-02 1.302839404932392420e-01 1.538599964607972197e+02
1.286781146225819683e-01 7.625757171076892604e-02 -9.887524978645770846e-01 1.857505935852836103e+02 -7.097792148321929728e-02 9.951940128776549654e-01 6.751715307962782853e-02 -1.177292539348265876e+01 9.891458535993065126e-01 6.149149432234551904e-02 1.334718868906047406e-01 1.539682594917353242e+02
1.323111181357495558e-01 7.656511184644788914e-02 -9.882491243322328867e-01 1.848567338598310812e+02 -7.242298271060768067e-02 9.950978821550130471e-01 6.739940141820054131e-02 -1.172285413481118077e+01 9.885616484385346681e-01 6.265413277027508110e-02 1.372071681111853292e-01 1.540885430969919696e+02
1.352358704430725311e-01 7.661881085260988100e-02 -9.878489769037496204e-01 1.839621528320870425e+02 -7.348148164306361751e-02 9.950393757671727180e-01 6.711692693830492717e-02 -1.167580403987559023e+01 9.880876429679433803e-01 6.351185909748197078e-02 1.401946525917641684e-01 1.542101950333147897e+02
1.384146617916429955e-01 7.606857744680442512e-02 -9.874511333118825007e-01 1.830460323758779282e+02 -7.306822331686024796e-02 9.951167849156720147e-01 6.641684478510036238e-02 -1.163668478536354556e+01 9.876780256335416786e-01 6.295810380055143207e-02 1.432965072234650139e-01 1.543470208589228321e+02
1.397388685718666812e-01 7.598199168285299510e-02 -9.872712764770837923e-01 1.821325678742859964e+02 -7.035158891491957722e-02 9.952974780470844607e-01 6.664208562891053844e-02 -1.159290865584089580e+01 9.876888038713956819e-01 6.014349175114593049e-02 1.444267512424892708e-01 1.544717499278184789e+02
1.405871144554180774e-01 7.602811448420235263e-02 -9.871472944197134947e-01 1.812097353700541191e+02 -7.022220079936924986e-02 9.953057134597764755e-01 6.665556881806038170e-02 -1.154281093905815325e+01 9.875776334747785601e-01 5.994862023325280703e-02 1.452655711411281192e-01 1.546036559136195194e+02
1.398920663571214251e-01 7.577112283748128896e-02 -9.872657905401019951e-01 1.802789800469669785e+02 -6.969854816003025200e-02 9.953518801036742580e-01 6.651566343691710237e-02 -1.149741404144737089e+01 9.877134205885697016e-01 5.950585967281501326e-02 1.445225226411827324e-01 1.547385571183225181e+02
1.391511111713373550e-01 7.568993336360023416e-02 -9.873767253034869684e-01 1.793445914928656180e+02 -6.956663707765742277e-02 9.953622868609052210e-01 6.649803564309950121e-02 -1.145063037922754923e+01 9.878273800623108558e-01 5.943508402159606435e-02 1.437708189457277685e-01 1.548668215452080688e+02
1.385873868411903742e-01 7.565325935577094096e-02 -9.874588180407719573e-01 1.784039294269875597e+02 -7.097561361156240478e-02 9.952766282097297301e-01 6.629094249819278417e-02 -1.140579801833225915e+01 9.878064015615656279e-01 6.089828350052239186e-02 1.433018819443080405e-01 1.549927568490531939e+02
1.378209303750144721e-01 7.585572496256665076e-02 -9.875505594970116485e-01 1.774561449211619504e+02 -7.133260775438668433e-02 9.952377529506969411e-01 6.649111212899742884e-02 -1.135611854981179469e+01 9.878879236483543158e-01 6.128056380086546046e-02 1.425751404015990487e-01 1.551195001555464614e+02
1.370347170751756161e-01 7.657595269673631022e-02 -9.876043849280254916e-01 1.765167459961876659e+02 -7.219760606656032420e-02 9.951316896505487675e-01 6.714182326018591773e-02 -1.131395123071614250e+01 9.879344585957458014e-01 6.210178102892015273e-02 1.418957528101376375e-01 1.552493863019705316e+02
1.362094438630108151e-01 7.719646164740043282e-02 -9.876702433756323618e-01 1.755695643815519702e+02 -7.272059763149678335e-02 9.950527573225580458e-01 6.774457460086225069e-02 -1.127177809519431229e+01 9.880102255636413755e-01 6.259638550850152305e-02 1.411489206407745278e-01 1.553749678891852284e+02
1.353209035744118716e-01 7.743817913826565869e-02 -9.877734547315195623e-01 1.746289103827006386e+02 -7.433716221874434038e-02 9.949284876172735936e-01 6.781520289988131334e-02 -1.122724988024348569e+01 9.880120202172145705e-01 6.425132146196795013e-02 1.403907242652664145e-01 1.554967377515096132e+02
1.353838925091405132e-01 7.692408123970928546e-02 -9.878049935934222203e-01 1.736922231787883106e+02 -7.477377439288970806e-02 9.949354064091507910e-01 6.723119072597243118e-02 -1.118048435707591537e+01 9.879704440850578528e-01 6.475974591848175643e-02 1.404496982882716127e-01 1.556255850208246727e+02
1.348372738092844525e-01 7.561478977730516637e-02 -9.879808389993235407e-01 1.727478807521698911e+02 -7.448222573777572852e-02 9.950403778327860937e-01 6.598991106110242699e-02 -1.114411531225796992e+01 9.880672177558361691e-01 6.468897152403840778e-02 1.398000522254645994e-01 1.557526649064928677e+02
1.351670976878051600e-01 7.512071539073371385e-02 -9.879734610368199332e-01 1.718102756897719985e+02 -7.574109232638168154e-02 9.949913929469990093e-01 6.529197824225299596e-02 -1.109931139308478443e+01 9.879264474166836729e-01 6.600471639314521577e-02 1.401793859912790208e-01 1.558746052682616892e+02
1.353171919095203790e-01 7.697746362383499352e-02 -9.878099833935553020e-01 1.708552269558188073e+02 -7.757863314042147407e-02 9.947436133903801991e-01 6.689049548631743891e-02 -1.105367979524817912e+01 9.877633022987298839e-01 6.758136612908589858e-02 1.405772741772029488e-01 1.560015757210994138e+02
1.363108645313033107e-01 8.022941958771614979e-02 -9.874145204097709572e-01 1.699201430973022013e+02 -7.646378618425876683e-02 9.945978292524625397e-01 7.025736522207004509e-02 -1.100676464632571516e+01 9.877136054089580286e-01 6.592447033432101422e-02 1.417086886463770345e-01 1.561285840480795457e+02
1.368004906579847746e-01 8.213784442060782787e-02 -9.871898762579942588e-01 1.689775716370303087e+02 -7.660676939711374978e-02 9.944530418403291216e-01 7.212631326390493702e-02 -1.096059677301827051e+01 9.876348300033838123e-01 6.575837318645512408e-02 1.423335306650430343e-01 1.562560722822787511e+02
1.377181821353964386e-01 8.074488466784930651e-02 -9.871771997624678718e-01 1.680358285414723696e+02 -7.664710149804100647e-02 9.945555165814281562e-01 7.065555358438596611e-02 -1.092089464523778908e+01 9.875041533551250916e-01 6.593357717059843137e-02 1.431567875974743553e-01 1.563850535958258092e+02
1.384815464944584018e-01 8.014868784042741834e-02 -9.871189946580039010e-01 1.671079786892924801e+02 -7.699462782088042911e-02 9.945783474105217570e-01 6.995285855523489249e-02 -1.087699668779242934e+01 9.873703552179570186e-01 6.631553771034066902e-02 1.439013128263545993e-01 1.565171410147092672e+02
1.386072730958648191e-01 7.962030824984460409e-02 -9.871441098467605979e-01 1.661751106024752573e+02 -7.658229521265799700e-02 9.946438794120192606e-01 6.947209589302026644e-02 -1.083264771108571090e+01 9.873847810502077715e-01 6.596828365258340654e-02 1.439619277819755572e-01 1.566403581079663638e+02
1.394023123111766405e-01 7.980285675509958543e-02 -9.870174096084293192e-01 1.652459246069597327e+02 -7.664454060884068332e-02 9.946306036050385213e-01 6.959342298895411505e-02 -1.079131345379156137e+01 9.872680205506718654e-01 6.594787104957712531e-02 1.447698028098042544e-01 1.567707955853637998e+02
1.396345651086622897e-01 8.006719660011350770e-02 -9.869631730937664660e-01 1.643218198804220265e+02 -7.683568085841974149e-02 9.946002509516275181e-01 6.981609931982826756e-02 -1.074509661034491437e+01 9.872203433450050802e-01 6.608510454134625123e-02 1.450321335572621606e-01 1.568953693155216342e+02
1.400778268037075058e-01 7.978002908481360289e-02 -9.869236170503639105e-01 1.633972109686979763e+02 -7.662191216557580342e-02 9.946369066882728704e-01 6.952829172633193111e-02 -1.069910140875484394e+01 9.871741642505238445e-01 6.588046203738298634e-02 1.454390115101708569e-01 1.570270162172965627e+02
1.404331257419430545e-01 7.876013150355548609e-02 -9.869550439319698665e-01 1.624743705810981282e+02 -7.669566568065749879e-02 9.947049400155079102e-01 6.846559305452717958e-02 -1.065688872148803412e+01 9.871179555313187581e-01 6.608019629533254391e-02 1.457296199807799619e-01 1.571567717196523972e+02
1.401923952888889657e-01 7.777544256699914227e-02 -9.870673508125453743e-01 1.615560827590426243e+02 -7.604364694386533952e-02 9.948151829328076845e-01 6.758549280261859360e-02 -1.061695645389957043e+01 9.872026155010090731e-01 6.558509103362458736e-02 1.453793864810568326e-01 1.572838514943578900e+02
1.399853012602139679e-01 7.663709086798153880e-02 -9.871857803266230746e-01 1.606317927867939090e+02 -7.572580875992444838e-02 9.949126608713588782e-01 6.649882683348608270e-02 -1.057154198577330639e+01 9.872564357069180119e-01 6.544644880807090614e-02 1.450760846673304072e-01 1.574135998112141124e+02
1.394432132036395877e-01 7.665620812110859883e-02 -9.872610141094455560e-01 1.597205532283147420e+02 -7.598021933070109313e-02 9.948920456332116524e-01 6.651706984165631220e-02 -1.053208573930960412e+01 9.873136031580355132e-01 6.573681874207237819e-02 1.445548303498611908e-01 1.575394677946400748e+02
1.394663606928682742e-01 7.656205753052035268e-02 -9.872650518504824113e-01 1.587966818285143802e+02 -7.566700336392240267e-02 9.949192982454549972e-01 6.646649796891125617e-02 -1.048347865035955451e+01 9.873343881627379970e-01 6.543341322497304990e-02 1.445505275421429536e-01 1.576674593289899917e+02
1.392215496859092461e-01 7.704283959539923177e-02 -9.872622055330965152e-01 1.578779469904587245e+02 -7.593036299801160516e-02 9.948682422782704204e-01 6.692884108640764773e-02 -1.044689497136701739e+01 9.873487229996060766e-01 6.564510582306598563e-02 1.443565175612449847e-01 1.577927043314856519e+02
1.392280715172735384e-01 7.736711788108084631e-02 -9.872359294537058627e-01 1.569568801072815916e+02 -7.551298872285762409e-02 9.948738775243697319e-01 6.731620833645132751e-02 -1.039884135506546414e+01 9.873798126643564821e-01 6.517669787466784381e-02 1.443561238605749752e-01 1.579181259595546010e+02
1.400347585337134992e-01 7.715169477079743265e-02 -9.871386882323390788e-01 1.560304909053769791e+02 -7.608421141050492054e-02 9.948543008071556448e-01 6.696145683654755598e-02 -1.036369521071575406e+01 9.872218741629058547e-01 6.572860340927748346e-02 1.451837352853740937e-01 1.580502526638960887e+02
1.402567458936447575e-01 7.719842538811796939e-02 -9.871035184602200419e-01 1.551140905727314703e+02 -7.727034871047745723e-02 9.947724684265888406e-01 6.681889429708898209e-02 -1.032297563789101069e+01 9.870982322245466234e-01 6.690189473842664269e-02 1.454882243473296921e-01 1.581751742535818721e+02
1.421418972300084183e-01 7.609462378658204962e-02 -9.869195526470050384e-01 1.541877915816166649e+02 -7.709949018498424289e-02 9.948666508262463681e-01 6.560303576419627969e-02 -1.027975036647779028e+01 9.868419006673025962e-01 6.676591432155801198e-02 1.472786053721532595e-01 1.583071786652567425e+02
1.442601544146648040e-01 7.473809533968348018e-02 -9.867158367500550309e-01 1.532673535994144345e+02 -7.853320857002218935e-02 9.948670397350678485e-01 6.387374805842199743e-02 -1.024351380025890812e+01 9.864213764368870985e-01 6.827537703625803645e-02 1.493886049087817247e-01 1.584366000559046199e+02
1.466550083044082242e-01 7.398820927998567276e-02 -9.864192718519655401e-01 1.523462095619397303e+02 -7.897913747190760114e-02 9.948949328482811216e-01 6.288177162841447621e-02 -1.020475859418975340e+01 9.860325557396643070e-01 6.868446566374550311e-02 1.517493504222293954e-01 1.585735338192609163e+02
1.489924992041087026e-01 7.379448494815657456e-02 -9.860834326192777777e-01 1.514124898521043008e+02 -7.825376695281446859e-02 9.949677811088376567e-01 6.263556475526337042e-02 -1.016181344110841778e+01 9.857399157793625966e-01 6.783236604557590921e-02 1.540169263794395893e-01 1.587171749472459794e+02
1.509398354844073142e-01 7.400972908075796608e-02 -9.857710967853952067e-01 1.504922497782529263e+02 -7.686876254496180505e-02 9.950567365324791691e-01 6.293682453524400422e-02 -1.012425264038076556e+01 9.855526174604222200e-01 6.627518797003642548e-02 1.558822267711994780e-01 1.588580943272409343e+02
1.528783152055875616e-01 7.413861525359881355e-02 -9.854626423202250685e-01 1.495555580044317878e+02 -7.705969877665384826e-02 9.950439905582264544e-01 6.290487939430465525e-02 -1.008631902987759510e+01 9.852388682529500397e-01 6.632252066367523569e-02 1.578332295118155815e-01 1.590028826533778954e+02
1.541319934020892735e-01 7.407725186041688725e-02 -9.852719543474772745e-01 1.486206189117417296e+02 -7.661503059054858289e-02 9.950830895994139391e-01 6.282953397729390543e-02 -1.004903117821493730e+01 9.850782074387938181e-01 6.580245921034845458e-02 1.590490487500725025e-01 1.591434475372921895e+02
1.553701605124421514e-01 7.451277291185438856e-02 -9.850446155901927403e-01 1.476830071013867496e+02 -7.378486355580406164e-02 9.952450508013713781e-01 6.364634215305063625e-02 -1.000615500236851041e+01 9.850997516133556120e-01 6.279251011668930682e-02 1.601287726724402727e-01 1.592954928847946405e+02
1.560325311021207029e-01 7.600566683795076384e-02 -9.848258341845481656e-01 1.467486865341745670e+02 -6.946547876721358150e-02 9.954147129387155291e-01 6.581698653283277189e-02 -9.966797690356576922e+00 9.853090950263497794e-01 5.814169290781808636e-02 1.605963217706057877e-01 1.594508919461635799e+02
1.557026466443682533e-01 7.675159249769103464e-02 -9.848201943145883375e-01 1.458055755360151124e+02 -7.184046785303860316e-02 9.952204644067293993e-01 6.620395074248830447e-02 -9.921614429857388728e+00 9.851909760234071056e-01 6.044169100231884528e-02 1.604718039892946146e-01 1.595949617391291611e+02
1.559008711432622596e-01 7.405858025909964337e-02 -9.849950183614629706e-01 1.448522474427716986e+02 -7.129139472525464205e-02 9.954323220872973721e-01 6.355960705831630031e-02 -9.879798343224006629e+00 9.851995139927980372e-01 6.031254968448920145e-02 1.604679804386696107e-01 1.597468658116082736e+02
1.545507185410996964e-01 7.137315583671556551e-02 -9.854059518385279715e-01 1.439111530872385458e+02 -7.290884430150941509e-02 9.954955447084354869e-01 6.066893134327049769e-02 -9.838599910439212337e+00 9.852938680332455901e-01 6.246825409105597610e-02 1.590577663425482846e-01 1.598916191636361077e+02
1.538906888610778456e-01 6.925806352876288929e-02 -9.856601466896698360e-01 1.429537717871060067e+02 -7.174287649862350069e-02 9.956946323104117758e-01 5.876194148953055307e-02 -9.801355535258151619e+00 9.854827497831486482e-01 6.167105439589635335e-02 1.581963839921764758e-01 1.600388662898365624e+02
1.514233488579534159e-01 6.914235314775871166e-02 -9.860503308790422583e-01 1.419963840079444140e+02 -7.277321386131198333e-02 9.956271431304256625e-01 5.863840705327196673e-02 -9.759596179628559298e+00 9.857893633972166780e-01 6.287869832576865881e-02 1.557923917978803752e-01 1.601781725923841009e+02
1.487296316944652086e-01 6.951849946589747087e-02 -9.864337937053226923e-01 1.410328672352994772e+02 -7.198185635397733040e-02 9.956446222224608622e-01 5.931453983855609902e-02 -9.722095123816167472e+00 9.862574465159656967e-01 6.218337790114284586e-02 1.530854231179895886e-01 1.603238994191649169e+02
1.439861304197510017e-01 6.963720415264371133e-02 -9.871289742663397204e-01 1.400597511698235280e+02 -7.086240887096470487e-02 9.956895829447828250e-01 5.990485472971446984e-02 -9.679410691730728544e+00 9.870421265654913956e-01 6.132474218136581973e-02 1.482996619233881430e-01 1.604630817547106574e+02
1.389294535086699200e-01 6.927144085920815264e-02 -9.878790583704442074e-01 1.390799722452982223e+02 -6.935390845744421329e-02 9.957857055589318662e-01 6.007232819739746071e-02 -9.643108185155552903e+00 9.878736223238855363e-01 6.016733522551047375e-02 1.431477386804351215e-01 1.605987821302352927e+02
1.339443628675421327e-01 6.901535810294853746e-02 -9.885852260852936446e-01 1.381019464123556588e+02 -6.910937900409573620e-02 9.957977057480538186e-01 6.015516585431265190e-02 -9.601340645616939895e+00 9.885790082120168298e-01 6.026294198984066125e-02 1.381506443186228950e-01 1.607257567039717401e+02
1.286239397395502193e-01 6.947087728480540181e-02 -9.892596439641282435e-01 1.371054796917701424e+02 -7.016215905305872580e-02 9.956849466411438199e-01 6.079956476294606088e-02 -9.560753596866033988e+00 9.892112094983400716e-01 6.158818359683426724e-02 1.329427085868049863e-01 1.608492740012366085e+02
1.240359984645294650e-01 7.086073174732755720e-02 -9.897468355111634919e-01 1.361079942809071213e+02 -7.023813564792885655e-02 9.955758247123907001e-01 6.247573061717216769e-02 -9.512847513687576750e+00 9.897915640562389150e-01 6.176860171433324470e-02 1.284639436934157664e-01 1.609664739258605266e+02
1.192958566245826968e-01 7.142280247935986481e-02 -9.902889760012628662e-01 1.350960774108114606e+02 -7.106702601699857458e-02 9.954690495109947967e-01 6.323524554317933033e-02 -9.466202435581148933e+00 9.903149269490210127e-01 6.283305346857580298e-02 1.238307272820512867e-01 1.610829294109109924e+02
1.153565093364779109e-01 7.046468480832716874e-02 -9.908241920610932896e-01 1.340898298208161350e+02 -7.172435895939842376e-02 9.954718105379344317e-01 6.244469547937261250e-02 -9.420157198571576629e+00 9.907341580970259187e-01 6.386268782852710935e-02 1.198877899591709317e-01 1.611932904988245809e+02
1.127824160416982663e-01 6.748756179720588610e-02 -9.913276650649823774e-01 1.330804788008664445e+02 -7.219345808231968087e-02 9.956143125757581647e-01 5.956598490925994749e-02 -9.381073660704203121e+00 9.909964251553394776e-01 6.484923253391786102e-02 1.171595640936695659e-01 1.613034669491742932e+02
1.104207564782618278e-01 6.397984400622899748e-02 -9.918260048990789057e-01 1.320568292325962432e+02 -7.307712318122849826e-02 9.957513204393572126e-01 5.609730078768342815e-02 -9.336417185805659713e+00 9.911975962105287197e-01 6.628533592224110371e-02 1.146267012318062939e-01 1.614094822540197072e+02
1.089990533065894884e-01 6.254303469421158834e-02 -9.920748791721745174e-01 1.310234387299319394e+02 -7.265876884491803689e-02 9.958542681993083345e-01 5.479826983350549741e-02 -9.296743524939557801e+00 9.913856973710660769e-01 6.610983046629516358e-02 1.130910997476905350e-01 1.615234122204322489e+02
1.075602595317053239e-01 6.230700213882110761e-02 -9.922467540277289944e-01 1.299834109731593799e+02 -6.982429797209660505e-02 9.960471952510707716e-01 5.497661756057977550e-02 -9.260534499471793524e+00 9.917464658346043516e-01 6.336949421620059753e-02 1.114852728169154761e-01 1.616371063171712308e+02
1.073454044238748850e-01 6.377531083450474481e-02 -9.921767334659725712e-01 1.289469756604867428e+02 -6.735164062552478903e-02 9.961184720661948599e-01 5.674175726546593773e-02 -9.220320582133522791e+00 9.919407318619248848e-01 6.073363323019459470e-02 1.112237496690911820e-01 1.617496306682467093e+02
1.068892261755387818e-01 6.604174312367135091e-02 -9.920777120965525997e-01 1.278947228814465831e+02 -6.627122821333275571e-02 9.960499036622846303e-01 5.916589609672304184e-02 -9.176470174594712148e+00 9.920627565141203474e-01 5.942188667068788038e-02 1.108433096230613119e-01 1.618653054543647727e+02
1.063317391959800462e-01 6.887333693815425595e-02 -9.919450767156091642e-01 1.268409749149851393e+02 -6.454540470806485741e-02 9.959762465037402812e-01 6.223424988860286333e-02 -9.129429882355951875e+00 9.922364372908376584e-01 5.740790304689571272e-02 1.103489845607469322e-01 1.619749956788342899e+02
1.062739914628377386e-01 7.036175043112975758e-02 -9.918467998389584039e-01 1.257863621329005213e+02 -6.466058404039003171e-02 9.958748763813387583e-01 6.371925268999825698e-02 -9.081762724079503357e+00 9.922351292081871277e-01 5.736157705754055258e-02 1.103848679307248837e-01 1.620870173980318327e+02
1.053175543010961279e-01 7.122087894082852755e-02 -9.918874991336970037e-01 1.247228233288149681e+02 -6.736000835734257119e-02 9.956560706266828209e-01 6.433923669132363132e-02 -9.035675671642952267e+00 9.921575288160124906e-01 6.003737287246216359e-02 1.096571404306114217e-01 1.621911269625496459e+02
1.050200571810753353e-01 7.191609091400835707e-02 -9.918688802151073292e-01 1.236626775418466764e+02 -6.866684795704602884e-02 9.955296843269494378e-01 6.491098220644388184e-02 -8.991456644015114463e+00 9.920994791780648470e-01 6.129142363432857343e-02 1.094884761099466919e-01 1.623005991963407268e+02
1.043073285446446535e-01 7.220007931562891224e-02 -9.919234596184489661e-01 1.226005670026725198e+02 -6.892585266020292978e-02 9.954921295379559609e-01 6.521180101214328617e-02 -8.943484655868568112e+00 9.921567081179590852e-01 6.156696997792025089e-02 1.088132200394561766e-01 1.624070876337333686e+02
1.043078226768768269e-01 7.179956609595310180e-02 -9.919524795004325268e-01 1.215378417992556308e+02 -7.113644616989285574e-02 9.953786299747058308e-01 6.456724852108845780e-02 -8.893210475038344498e+00 9.920006132386979258e-01 6.382896524297755614e-02 1.089329889393816087e-01 1.625134797494910686e+02
1.049951484358210146e-01 7.060936241183947415e-02 -9.919654021933979049e-01 1.204746022482728591e+02 -7.354596138421833074e-02 9.953000033916815648e-01 6.306218460694906769e-02 -8.847827968079910121e+00 9.917523609002085738e-01 6.633367726595619518e-02 1.096943491146002980e-01 1.626223019119841808e+02
1.053150415891228181e-01 6.981272865436279063e-02 -9.919878814104362563e-01 1.193994057958492050e+02 -7.520853561218399097e-02 9.952389505588817853e-01 6.205693980731399190e-02 -8.801763813824827309e+00 9.915937454823553487e-01 6.807027116366311248e-02 1.100637862948998652e-01 1.627305388389215182e+02
1.062221901581868605e-01 6.861154301304192571e-02 -9.919749667647215219e-01 1.183418228115249491e+02 -7.304775025352314155e-02 9.954633290884246088e-01 6.103073189566522033e-02 -8.761768712112511182e+00 9.916585184010602294e-01 6.597857349501931590e-02 1.107518517496464544e-01 1.628432544739978880e+02
1.063366045366626600e-01 6.870337458440874123e-02 -9.919563549988585915e-01 1.172638885249393041e+02 -7.355902388634981415e-02 9.954240052773978276e-01 6.105807609234120692e-02 -8.720535825474165392e+00 9.916084617170068949e-01 6.647448300960391576e-02 1.109033996628821933e-01 1.629536499568549459e+02
1.070669101948671514e-01 6.822578170221117733e-02 -9.919107605443115983e-01 1.162034507309012952e+02 -7.310215635975386705e-02 9.954868084552479512e-01 6.058107310149832975e-02 -8.683099025822498263e+00 9.915636663451145028e-01 6.602443907558051828e-02 1.115707841471902800e-01 1.630674319261591734e+02
1.072295154475524648e-01 6.818074897699959169e-02 -9.918962923798577691e-01 1.151335406405896720e+02 -7.289509950130046434e-02 9.955039870233524102e-01 6.054834149547947547e-02 -8.638538850220751186e+00 9.915613419131932282e-01 6.581166216139559821e-02 1.117170901143876988e-01 1.631786349403850522e+02
1.074964288858706873e-01 6.760313285416341689e-02 -9.919069376429217044e-01 1.140662050335248807e+02 -7.341416970787277563e-02 9.955055343403760304e-01 5.989221708773225655e-02 -8.596837856902325825e+00 9.914941441787574750e-01 6.638167546071283009e-02 1.119759547798373361e-01 1.632904533615529488e+02
1.078214040004342456e-01 6.772199674368285793e-02 -9.918635570148273128e-01 1.130090898304551246e+02 -7.522272202803562124e-02 9.953769766279199072e-01 5.978470545237879463e-02 -8.555692223736000912e+00 9.913232846785168251e-01 6.816445023345436838e-02 1.124168089305878221e-01 1.634009587449207288e+02
1.078668531795695801e-01 6.890623600920506298e-02 -9.917770486463766133e-01 1.119393811901421998e+02 -7.509552853446355147e-02 9.953137973889872869e-01 6.098445520187545377e-02 -8.511186022952601959e+00 9.913279842320052992e-01 6.789966543088536699e-02 1.125355508081100075e-01 1.635135187247603312e+02
1.080785453994905637e-01 6.859551338394469233e-02 -9.917755422147647160e-01 1.108826652188579800e+02 -7.488319423993744506e-02 9.953482703195718484e-01 6.068221117981369150e-02 -8.469691202162307420e+00 9.913209917300527252e-01 6.770872129316889143e-02 1.127120749960875828e-01 1.636263028269216022e+02
1.077254528354483071e-01 6.794913041331801518e-02 -9.918584503716342260e-01 1.098124917436006456e+02 -7.613240048500512225e-02 9.952999144530056963e-01 5.991615024097450559e-02 -8.429702565458793373e+00 9.912642744530786310e-01 6.905791146103117117e-02 1.123918971824656721e-01 1.637382149988077060e+02
1.073279079139780740e-01 6.796635027637501492e-02 -9.919003674970844342e-01 1.087483639785703815e+02 -7.611344639053826966e-02 9.952985212676458415e-01 5.996336617763114996e-02 -8.390742809497943711e+00 9.913088529937829074e-01 6.906105365977346922e-02 1.119960957614958702e-01 1.638507412157037777e+02
1.067189192854162416e-01 6.966959959783429468e-02 -9.918479073215735742e-01 1.076968250556329423e+02 -7.750034054961786600e-02 9.950940776335476246e-01 6.155886078760326036e-02 -8.349185732261904747e+00 9.912671448043360867e-01 7.029889133688915770e-02 1.115944127747379860e-01 1.639633719402072813e+02
1.060730195016020283e-01 7.156627158879250161e-02 -9.917821537689408551e-01 1.066239083397638723e+02 -7.734401442534732940e-02 9.949826582676833953e-01 6.352509949118863297e-02 -8.301744040277867498e+00 9.913486779642239899e-01 6.996995058174451665e-02 1.110756709695779609e-01 1.640751913094568692e+02
1.056812008102033656e-01 7.189339398162114536e-02 -9.918003236478963869e-01 1.055675523835926271e+02 -7.826799001441614445e-02 9.948942384853635135e-01 6.377779890055602918e-02 -8.261408618727196895e+00 9.913180086426767179e-01 7.088593674761765884e-02 1.107682058305280853e-01 1.641821264675869827e+02
1.053023140464185020e-01 7.126275949694327316e-02 -9.918861369997207245e-01 1.044969950233067806e+02 -7.896671882076303217e-02 9.948825897044035749e-01 6.309461483075232135e-02 -8.214152761988888329e+00 9.913029148941482349e-01 7.168181453159590266e-02 1.103904622695203452e-01 1.642947796203230268e+02
1.055581254106231076e-01 7.147502053776912112e-02 -9.918436728980523087e-01 1.034488431629132918e+02 -8.000559670897038067e-02 9.947946162488507937e-01 6.317295830472326179e-02 -8.175160905430344016e+00 9.911924037558983436e-01 7.268445153677836890e-02 1.107266942093755174e-01 1.644010576679627036e+02
1.064256186315892527e-01 7.264623231933754754e-02 -9.916658614075772871e-01 1.023756607730805399e+02 -8.313228920082864348e-02 9.944897486763005778e-01 6.393131454092836063e-02 -8.123453917167193339e+00 9.908422725970894573e-01 7.563533869170001311e-02 1.118780671007014033e-01 1.645122328849659255e+02
1.082772718377709997e-01 7.198017995899363974e-02 -9.915139719031883514e-01 1.013202486493755998e+02 -8.669289835507650033e-02 9.942633166452288229e-01 6.271253665230312746e-02 -8.078085548723622722e+00 9.903363987071455155e-01 7.916667956814041340e-02 1.138959200713508396e-01 1.646181763354506984e+02
1.110017231360034690e-01 6.891373032763818685e-02 -9.914305771302039938e-01 1.002653666560825911e+02 -8.992196777492252047e-02 9.942014677826429558e-01 5.903853901627920814e-02 -8.038731054799079345e+00 9.897466678179998034e-01 8.259779803506052398e-02 1.165545557262612220e-01 1.647284695098671250e+02
1.139825324504601667e-01 6.513961677580032417e-02 -9.913475120786012784e-01 9.920328235883647494e+01 -9.397205821070438170e-02 9.940852375242709149e-01 5.451482116620725432e-02 -8.002271100436203710e+00 9.890313672800146172e-01 8.694500219712170130e-02 1.194292696021315159e-01 1.648429908689057584e+02
1.174453346071528403e-01 6.379966463290091816e-02 -9.910304101595142079e-01 9.813441822204605103e+01 -9.582496498675158181e-02 9.940096436528556012e-01 5.263537730544923243e-02 -7.967794721177529738e+00 9.884482716606973751e-01 8.878344152919522003e-02 1.228549950051988082e-01 1.649639413523669305e+02
1.207796287276391295e-01 6.551883569017791231e-02 -9.905173605730498432e-01 9.706246674987077938e+01 -9.484154994230625801e-02 9.940206459686445895e-01 5.418594670957397469e-02 -7.929443921019139196e+00 9.881412745631992234e-01 8.739741464341842236e-02 1.262709406395664535e-01 1.650929738760157761e+02
1.242416102580496118e-01 6.831649542253295793e-02 -9.898999737245675057e-01 9.599908701013738721e+01 -9.270591787584522847e-02 9.940665440524067975e-01 5.696856563194598044e-02 -7.890855870489278168e+00 9.879147056784637337e-01 8.469150023769150826e-02 1.298373511337352348e-01 1.652256061762679735e+02
1.278636998879539854e-01 7.018000394582163404e-02 -9.893082030042008590e-01 9.493672640701521459e+01 -9.167714385519391829e-02 9.940630862644134202e-01 5.866841473802449081e-02 -7.852637552201052529e+00 9.875484833628280779e-01 8.319517603199959310e-02 1.335380535113589728e-01 1.653658370061332050e+02
1.311472671255985156e-01 7.166003712458426933e-02 -9.887721238942067670e-01 9.386016595273051166e+01 -9.034391567072648510e-02 9.941018439819705454e-01 6.006337291703655462e-02 -7.811601275029874891e+00 9.872407038671124901e-01 8.145219033956004051e-02 1.368473455279611006e-01 1.655057703888393235e+02
1.347110185977354602e-01 7.271225397188837980e-02 -9.882160445406470428e-01 9.278671819328260995e+01 -9.004367319069248032e-02 9.940800737101485041e-01 6.086917748284755014e-02 -7.772555587705131330e+00 9.867881823855615409e-01 8.078264873416182712e-02 1.404603638729313431e-01 1.656531159122880013e+02
1.373564343915694985e-01 7.331615418395212580e-02 -9.878071845900848746e-01 9.171219715223631397e+01 -9.134735309167278661e-02 9.939488122430744088e-01 6.106994172418925282e-02 -7.722362034560567245e+00 9.863035598418705696e-01 8.184501342197667006e-02 1.432220398496349134e-01 1.658002153191830530e+02
1.401230353393125849e-01 7.217670137923561102e-02 -9.875024775056231441e-01 9.064599912608012744e+01 -9.044363743482178308e-02 9.941071101461269599e-01 5.982577845757315604e-02 -7.678699047069266648e+00 9.859976296493990766e-01 8.093014073609486325e-02 1.458247562990196422e-01 1.659521105969272412e+02
1.420498241386038418e-01 6.952190715024889056e-02 -9.874176663820211086e-01 8.956981424166531269e+01 -9.070795996351210810e-02 9.942517107228007189e-01 5.695380631805541105e-02 -7.638594379809709345e+00 9.856975986861793437e-01 8.147615603624419611e-02 1.475389910519588621e-01 1.661017933065197383e+02
1.439375990358960633e-01 6.601704848175062035e-02 -9.873848392766383375e-01 8.850328514971339189e+01 -9.010654977336653160e-02 9.945058611341243138e-01 5.335770643805894109e-02 -7.604273060535285289e+00 9.854788788197899052e-01 8.128945374614404695e-02 1.490948651549050263e-01 1.662596519993617505e+02
1.452951614807607983e-01 6.451301826472616296e-02 -9.872854203901493264e-01 8.743215980983518421e+01 -8.976268767029983719e-02 9.946202353126947227e-01 5.178222902706786784e-02 -7.566725344729251290e+00 9.853110285037357530e-01 8.109748306475940416e-02 1.503038725630078953e-01 1.664165896891582292e+02
1.451672583189589638e-01 6.518233577964954728e-02 -9.872602740469057503e-01 8.635327655592460872e+01 -8.862921307448683172e-02 9.946768623019459632e-01 5.263988971799603289e-02 -7.530401016403833303e+00 9.854324821785006572e-01 7.985831410663603303e-02 1.501710749986743532e-01 1.665748870353418170e+02
1.455706230011676039e-01 6.598579270635021587e-02 -9.871475006280219233e-01 8.527608685319886206e+01 -8.292483745631056002e-02 9.950801553339436722e-01 5.428743185579468916e-02 -7.491449495913163226e+00 9.858694249372369489e-01 7.395621328496269908e-02 1.503258042581917531e-01 1.667382103086678171e+02
1.448255195166219811e-01 6.641788346228037765e-02 -9.872281172881162137e-01 8.418553642898821465e+01 -8.085016650552445672e-02 9.952065500163048695e-01 5.509396937028261665e-02 -7.458047144432869757e+00 9.861514478330474232e-01 7.183837393291282736e-02 1.495007106057978929e-01 1.668972775768118311e+02
1.440792402998689881e-01 6.584197443052733356e-02 -9.873758828362872997e-01 8.310206615780064965e+01 -7.967485506670310413e-02 9.953205678598133765e-01 5.474545687203567768e-02 -7.421001401191510638e+00 9.863564063032347340e-01 7.078118058049971684e-02 1.486504937081538358e-01 1.670540591728913853e+02
1.432389689012548983e-01 6.716460080285416301e-02 -9.874090598216866965e-01 8.200788660180334944e+01 -7.775200895631417808e-02 9.953786963321406001e-01 5.642753592369575966e-02 -7.384158393474766768e+00 9.866321981214476455e-01 6.869025629351702134e-02 1.477987136709962013e-01 1.672142033055147010e+02
1.413105100422115956e-01 7.040249112293583966e-02 -9.874613772619210694e-01 8.091149559607173103e+01 -7.407839445020530933e-02 9.954276058103966873e-01 6.036944232202324373e-02 -7.342009304231666533e+00 9.871927892903515911e-01 6.461857106410114071e-02 1.458792058884528786e-01 1.673713668064849855e+02
1.393351473451513445e-01 7.388787881829866899e-02 -9.874874415832197716e-01 7.981020724483146012e+01 -7.241106672154631885e-02 9.953070120402924825e-01 6.425568559879560326e-02 -7.289841402744500876e+00 9.875971993583817499e-01 6.255180504942402242e-02 1.440310727372403898e-01 1.675266090372686847e+02
1.359729418982648652e-01 7.224209797736515226e-02 -9.880777266741577192e-01 7.870895042109472683e+01 -7.077804220646657929e-02 9.955018963530730680e-01 6.304485020118925920e-02 -7.245658406472378132e+00 9.881840430365085304e-01 6.136167977335786616e-02 1.404740111142414039e-01 1.676756881890593149e+02
1.331686608622452694e-01 6.537384162666531884e-02 -9.889375751768861855e-01 7.761393986210481444e+01 -6.956221488895845961e-02 9.959820205380083280e-01 5.647235019727486066e-02 -7.204084449861221096e+00 9.886521541548611847e-01 6.127220791736066874e-02 1.371806874462568604e-01 1.678189672536275054e+02
1.294437740090402522e-01 5.977320074457912608e-02 -9.897861559652840757e-01 7.650330570569032318e+01 -6.857716633632453263e-02 9.963352493913882890e-01 5.120017535479901016e-02 -7.163996043693188653e+00 9.892155268632474296e-01 6.124905317060971854e-02 1.330680321763475504e-01 1.679625408363612848e+02
1.261186630149831456e-01 6.055808890483908163e-02 -9.901676472018403619e-01 7.538655567641094990e+01 -6.755384709235731644e-02 9.963463810824410016e-01 5.233153911418905041e-02 -7.121660418322391273e+00 9.897153325497729526e-01 6.028952012910335223e-02 1.297483751977494271e-01 1.681025595440351594e+02
1.231811381249605930e-01 6.432862373090049435e-02 -9.902996562400256941e-01 7.426983243510944988e+01 -6.627321141342276678e-02 9.962064918167218286e-01 5.646871418193009223e-02 -7.081725675644052309e+00 9.901717775312560699e-01 5.867433364737986018e-02 1.269766923308641160e-01 1.682412190523988613e+02
1.198999959016667782e-01 6.606515488307787565e-02 -9.905879886198620810e-01 7.314283771953166990e+01 -6.689387011478734046e-02 9.960575731306842151e-01 5.833312039433771051e-02 -7.039007371993478479e+00 9.905327268093784276e-01 5.926999638265865317e-02 1.238462418172041057e-01 1.683724041069444866e+02
1.172769984660259057e-01 6.639652937060984417e-02 -9.908798030009672297e-01 7.201835255646014389e+01 -6.854050201911016105e-02 9.959286269298902594e-01 5.862259483460498938e-02 -6.995088120028765566e+00 9.907341696696838618e-01 6.104018378544449203e-02 1.213499677323420928e-01 1.685014246582756527e+02
1.146623566411698464e-01 6.756266486978317054e-02 -9.911069644668183409e-01 7.088104423407381205e+01 -6.939711024476545587e-02 9.957960775211274207e-01 5.985364644747020318e-02 -6.949252904897236682e+00 9.909805628910336450e-01 6.191686344007397980e-02 1.188685827104581649e-01 1.686267551184097613e+02
1.126482075213140061e-01 6.886814300033293479e-02 -9.912480775303513791e-01 6.973909554776942343e+01 -6.881867742379273178e-02 9.957445567267916298e-01 6.135975845872007617e-02 -6.901569585428319442e+00 9.912518667329298649e-01 6.130418252639203286e-02 1.169078669784353319e-01 1.687538074580322132e+02
1.110797333211567539e-01 6.866013452329025601e-02 -9.914394959231563886e-01 6.860003526112963357e+01 -6.713478608435960449e-02 9.958543048760080119e-01 6.144413369315622486e-02 -6.859207390731874021e+00 9.915443042294331821e-01 5.973475320597201182e-02 1.152283311373107216e-01 1.688790315087602494e+02
1.088129028700086237e-01 6.739385521654407685e-02 -9.917777100636803178e-01 6.744698828703300819e+01 -6.588531332730147849e-02 9.959984671787088795e-01 6.045202290165269804e-02 -6.814402399653202380e+00 9.918794141512983220e-01 5.876550071461414393e-02 1.128173753161731269e-01 1.690037273354233207e+02
1.073008397249238383e-01 6.621759561996481969e-02 -9.920216599043788497e-01 6.630246791911382331e+01 -6.491923220399584138e-02 9.961210639578426118e-01 5.946928460297018493e-02 -6.764959558379555205e+00 9.921078158833985805e-01 5.802005720403905636e-02 1.111830542728751703e-01 1.691251108828763847e+02
1.048450666476134219e-01 6.548014894033696298e-02 -9.923331492065031734e-01 6.513979581225861182e+01 -6.540395742747300012e-02 9.961278946824502212e-01 5.882025126472256032e-02 -6.720372117662393840e+00 9.923385170237376540e-01 5.873537604155378011e-02 1.087213999403094239e-01 1.692468735675839753e+02
1.026451597367250973e-01 6.500100869626707079e-02 -9.925946090871775596e-01 6.398010686897097798e+01 -6.559302143410614128e-02 9.961372633930145604e-01 5.844992948619904399e-02 -6.674046304862381263e+00 9.925560075757685619e-01 5.910754996487442570e-02 1.065119341496666705e-01 1.693610673680003345e+02
1.006433910741419968e-01 6.694022313799273538e-02 -9.926707089523176819e-01 6.281966900707151780e+01 -6.629221870626139657e-02 9.959721062666759828e-01 6.044168006844752306e-02 -6.631263756931843112e+00 9.927145371916162864e-01 5.972315849975120411e-02 1.046752877821051780e-01 1.694779833564727483e+02
9.752304445312183490e-02 6.953352288370225065e-02 -9.928038930633219517e-01 6.165051782659340063e+01 -6.617826300744643342e-02 9.958057291419234458e-01 6.324304269079039642e-02 -6.580754079644546728e+00 9.930335328578545617e-01 5.953425368110042137e-02 1.017152881113374124e-01 1.695875628557781738e+02
9.502844657206618861e-02 6.990438762089017100e-02 -9.930197377156056993e-01 6.049241927634738403e+01 -6.620562765505560998e-02 9.957707945972720243e-01 6.376236930585188478e-02 -6.530257387725589169e+00 9.932735369163216976e-01 5.968412735638611161e-02 9.925430078523422850e-02 1.696969623567644589e+02
9.192981918939731323e-02 6.944310831774995474e-02 -9.933437445457807824e-01 5.932662209054480229e+01 -6.664749473656650380e-02 9.957616453821683811e-01 6.344415356184190946e-02 -6.480931182478594899e+00 9.935355709864095441e-01 6.037133151904245515e-02 9.616809433775298788e-02 1.697998074374405633e+02
9.040941271501566623e-02 6.914960749568328791e-02 -9.935037543296247886e-01 5.816969481874361492e+01 -6.724646957573830741e-02 9.957378201184460265e-01 6.318559897027128947e-02 -6.434302165770916737e+00 9.936347256557460650e-01 6.109690935614377205e-02 9.467384534649585237e-02 1.699028274979752098e+02
8.836536553019080920e-02 6.906208104665327585e-02 -9.936937326431701800e-01 5.700193116653867520e+01 -6.828111179116046203e-02 9.956710964187355239e-01 6.312749611852747078e-02 -6.385659992745642555e+00 9.937480444461946893e-01 6.227208562164512906e-02 9.269819408446254572e-02 1.700032939555796077e+02
8.687789471067351721e-02 6.919853860414981739e-02 -9.938153943754506336e-01 5.584138618586040792e+01 -6.870097613868227093e-02 9.956300462404834573e-01 6.331911666282295792e-02 -6.342335836451221454e+00 9.938502566698016460e-01 6.277491088096935623e-02 9.125197294034498308e-02 1.700995808152410405e+02
8.565762823547090621e-02 6.954947204296868524e-02 -9.938968193590066447e-01 5.469184681819027105e+01 -6.865807086717042040e-02 9.956053949192755770e-01 6.375179508484926649e-02 -6.290733331667619055e+00 9.939591374878954388e-01 6.277806588027008694e-02 9.005605754481910141e-02 1.701964083277200359e+02
8.416891696351795626e-02 7.009555246726849320e-02 -9.939856415988497229e-01 5.353149868355857421e+01 -6.789383685630748233e-02 9.956121390198359178e-01 6.446108613324949554e-02 -6.243138529935785996e+00 9.941388015117224031e-01 6.205973772951146189e-02 8.855838960432914353e-02 1.702915284688581323e+02
8.352499663010513886e-02 6.940434370970854916e-02 -9.940884624906121125e-01 5.238680367036159424e+01 -6.705385881129732883e-02 9.957063082861377090e-01 6.388327937140965418e-02 -6.199991782287247233e+00 9.942501165787261952e-01 6.132147394541890423e-02 8.781993453551502349e-02 1.703870828180392323e+02
8.213790463054282398e-02 6.880988475685960448e-02 -9.942453544627970485e-01 5.122633159807464409e+01 -6.807017865831237191e-02 9.956755334331893748e-01 6.328532307033261917e-02 -6.154493029062227727e+00 9.942966143897516984e-01 6.248018770052828769e-02 8.646634883954970596e-02 1.704775344125991410e+02
8.103059629608734549e-02 6.777086545647069415e-02 -9.944075690347821128e-01 5.008371452080109520e+01 -6.598427682595811583e-02 9.958659549886534901e-01 6.249340405405220955e-02 -6.107541328394716196e+00 9.945280592512638629e-01 6.055124645400691841e-02 8.516717340438093031e-02 1.705673138514382003e+02
8.030266068780857192e-02 6.532134039412884619e-02 -9.946305187294509631e-01 4.895158947496900481e+01 -6.681886500019780517e-02 9.959628010928117670e-01 6.001409850162131576e-02 -6.067519788082685217e+00 9.945313800321259334e-01 6.164064670833697274e-02 8.434291435184934627e-02 1.706592105777774577e+02
7.911609925364412876e-02 6.136986010130065367e-02 -9.949772119219935096e-01 4.780247232401366375e+01 -6.637627880588337081e-02 9.962166773205993753e-01 5.616832872724921571e-02 -6.029357580175459752e+00 9.946561098726974803e-01 6.159892213873326139e-02 8.289003945808318119e-02 1.707451988435796011e+02
7.838400289957855871e-02 5.822399538879697439e-02 -9.952241917406690064e-01 4.667503048837460966e+01 -6.608647307933675219e-02 9.964048400001179751e-01 5.308804798274871506e-02 -5.990163012044337876e+00 9.947333671182342352e-01 6.160945780499108709e-02 8.194977971290708096e-02 1.708318181534674807e+02
7.676104173058843905e-02 5.828749116100283290e-02 -9.953469742941576381e-01 4.553501821877448208e+01 -6.641209888098914549e-02 9.963758362010116665e-01 5.322600848172405474e-02 -5.951734310052017918e+00 9.948382409498558454e-01 6.201724963971508992e-02 8.035360339410323183e-02 1.709147082692628317e+02
7.536092981773709343e-02 6.104830489641533547e-02 -9.952884624340222475e-01 4.440781210331876849e+01 -6.020185068294620079e-02 9.965861788611064531e-01 5.656951971252289352e-02 -5.915687269475441212e+00 9.953403538670402284e-01 5.565495124626817364e-02 7.877865068422212902e-02 1.710010548559471033e+02
7.416690539455390863e-02 6.363349959069929118e-02 -9.952162296666120511e-01 4.329352348992610189e+01 -6.085402081664412904e-02 9.963953250227712832e-01 5.917380217718716529e-02 -5.882113907935831776e+00 9.953903826436540925e-01 5.617404508536377045e-02 7.777168064465440900e-02 1.710824049589832043e+02
7.265454035089723150e-02 6.488593769532077782e-02 -9.952469210870470429e-01 4.216784022790395170e+01 -5.964014604616841436e-02 9.963826354139923014e-01 6.060612073394697208e-02 -5.844658851869412253e+00 9.955753778124520892e-01 5.495323984573481646e-02 7.626129788639519902e-02 1.711592120073034380e+02
7.156367990883077956e-02 6.503244293646044671e-02 -9.953163930889937783e-01 4.106043008218280477e+01 -6.086681524269785953e-02 9.963014956111623244e-01 6.072041796522113094e-02 -5.805654183364043597e+00 9.955801507234327552e-01 5.623623554777922029e-02 7.525709080976086818e-02 1.712351426568832551e+02
6.995638449008952098e-02 6.630628768731240685e-02 -9.953466140329095824e-01 3.995474282342428296e+01 -6.307914247756758741e-02 9.960898852105604107e-01 6.192234293439666942e-02 -5.766471805237645576e+00 9.955566775428436044e-01 5.845361241078535913e-02 7.386516660726190342e-02 1.713049080946115907e+02
6.902650184317721260e-02 6.875538289133339975e-02 -9.952453696212614220e-01 3.886457877573329256e+01 -6.436597166984631135e-02 9.958547451688911645e-01 6.433325803981838897e-02 -5.719908607792527633e+00 9.955392194640585446e-01 5.961909564055976885e-02 7.316565280310420583e-02 1.713748394508732531e+02
6.766997870287233541e-02 7.009512971590235730e-02 -9.952450721526016064e-01 3.777836202660284926e+01 -6.627079018192344462e-02 9.956460072098336500e-01 6.561735994193600152e-02 -5.676412849150015205e+00 9.955073770506188691e-01 6.151520508971187323e-02 7.202038273487615383e-02 1.714372501956482040e+02
6.657851336842010581e-02 6.972946672087974862e-02 -9.953443705372043704e-01 3.670794336317619866e+01 -6.773907511516877311e-02 9.955736690713035131e-01 6.521442949241243459e-02 -5.635687126188922313e+00 9.954821456176256023e-01 6.308167368812191145e-02 7.100700950220951990e-02 1.715048842212214311e+02
6.568698219291010942e-02 6.973307701897850375e-02 -9.954033512398838823e-01 3.565417125437659251e+01 -6.908728331499053299e-02 9.954833084078252847e-01 6.517954745750439982e-02 -5.592937745570773167e+00 9.954487225811005091e-01 6.448810652211857397e-02 7.020775243266604015e-02 1.715707098065482228e+02
6.410642754380359298e-02 7.018218163445150148e-02 -9.954748324574981266e-01 3.461487181143098724e+01 -6.946494431400777880e-02 9.954224832969622572e-01 6.570506134435490087e-02 -5.552336609236948384e+00 9.955254841971822310e-01 6.493832704402084655e-02 6.868797280019907359e-02 1.716288770116751721e+02
6.233192120382766849e-02 7.086231417732681559e-02 -9.955393411928824543e-01 3.358963737475234268e+01 -7.091370934344820576e-02 9.952739822717028284e-01 6.640339517031587646e-02 -5.513919136402853916e+00 9.955360320025087306e-01 6.645817034936951639e-02 6.706224459442720887e-02 1.716916374192270496e+02
6.026798782781150887e-02 7.210591721342571314e-02 -9.955771330062960223e-01 3.258082686258860861e+01 -7.079425894965317434e-02 9.951888618427910949e-01 6.779217608738177803e-02 -5.471442886386861382e+00 9.956716138775157932e-01 6.639528104541850273e-02 6.508252389290326845e-02 1.717441694725962975e+02
5.840090431919481295e-02 7.213749824728435400e-02 -9.956861141358860356e-01 3.158353657220957444e+01 -7.079073832798701837e-02 9.951784514028599871e-01 6.794852492593990434e-02 -5.433404627975670920e+00 9.957831237811735070e-01 6.651693322920879115e-02 6.322580276680796196e-02 1.717946295117070292e+02
5.683305543115708958e-02 7.215012444717178175e-02 -9.957759222905395724e-01 3.061458202306123511e+01 -7.084514633630625835e-02 9.951667905653870383e-01 6.806252512256971698e-02 -5.390937515224762500e+00 9.958699682926017704e-01 6.667752241553556725e-02 6.166967587573920356e-02 1.718483620986112044e+02
5.472359027739589349e-02 7.157919790998600040e-02 -9.959352772925738062e-01 2.964756780628519905e+01 -7.133696674809265892e-02 9.951629228218797918e-01 6.760390363522282564e-02 -5.350199001759384565e+00 9.959530101822499093e-01 6.734730575151096077e-02 5.956495662894342735e-02 1.718941401521743160e+02
5.301371357288890002e-02 7.070967119464120765e-02 -9.960898648293061708e-01 2.870667472296084455e+01 -7.236327006280143803e-02 9.951437079985011591e-01 6.679116447363585285e-02 -5.317634426561691718e+00 9.959714575831019046e-01 6.853929991149905476e-02 5.787287989118811149e-02 1.719441912961285652e+02
5.108923088733535733e-02 7.043434031089031155e-02 -9.962099318735214704e-01 2.776913344710464671e+01 -7.305649056153443177e-02 9.951052320475013424e-01 6.660959719239406551e-02 -5.279159812126002826e+00 9.960214298077260109e-01 6.937639381699510499e-02 5.598468815146424860e-02 1.719874144390663560e+02
4.974320313411726563e-02 7.017856625547057303e-02 -9.962961033372078612e-01 2.686967111239640715e+01 -7.331831969070545796e-02 9.950977520155359635e-01 6.643346688781326392e-02 -5.244795305667877550e+00 9.960703286534222656e-01 6.974196517083758318e-02 5.464456855485642917e-02 1.720301530401092123e+02
4.855282981452224006e-02 7.052302986212508062e-02 -9.963305028975319999e-01 2.595740387745785327e+01 -7.406710816103936890e-02 9.950163814334264112e-01 6.682055928678951040e-02 -5.206844723443376566e+00 9.960736675024475240e-01 7.055081165761059592e-02 5.353414437932393216e-02 1.720639616232556932e+02
4.856133325121327060e-02 7.084275739637843627e-02 -9.963074090948210726e-01 2.507686515855140641e+01 -7.413284022636452975e-02 9.949902761092909165e-01 6.713572613266666211e-02 -5.173793983730235801e+00 9.960683670910676080e-01 7.059871979724062496e-02 5.356967949788134231e-02 1.721029095742196375e+02
4.974658701917245712e-02 7.040922652152581396e-02 -9.962796653201276831e-01 2.421451847984285877e+01 -7.583559136131705347e-02 9.949029577254625556e-01 6.652523857261054274e-02 -5.140501254040626300e+00 9.958816796817289152e-01 7.224386965982765307e-02 5.483239715121295682e-02 1.721424746859569552e+02
5.231208240927426312e-02 6.981122395413065507e-02 -9.961903399332701081e-01 2.336433240787899379e+01 -7.714749864082409703e-02 9.948591303497963390e-01 6.566671150386142741e-02 -5.108132655271806044e+00 9.956494324557901843e-01 7.341824171997365922e-02 5.742874872399676006e-02 1.721817329982739864e+02
5.656401568765538623e-02 6.870103131468352498e-02 -9.960351575464512219e-01 2.253279359150691263e+01 -7.734277828846355951e-02 9.949375720938437029e-01 6.423304810080757155e-02 -5.079184166486405694e+00 9.954017823728157355e-01 7.340265853593018475e-02 6.159101001357823735e-02 1.722267580350531091e+02
6.203399178229430933e-02 6.819946279208123630e-02 -9.957439308672749734e-01 2.171285802431788170e+01 -7.879296184337884756e-02 9.948879043889600204e-01 6.323205355224664759e-02 -5.045468914592256660e+00 9.949620903299241093e-01 7.453488430857715952e-02 6.709030205443625161e-02 1.722748353601068629e+02
6.896271520479392569e-02 6.765512611478065319e-02 -9.953252164827834925e-01 2.090465588963837362e+01 -8.175848918457237491e-02 9.947292817513838648e-01 6.194980394009924618e-02 -5.016997537277505970e+00 9.942664671267806842e-01 7.710385695193204547e-02 7.413038206465930036e-02 1.723311268257076847e+02
7.817975619358835671e-02 6.765063798770663828e-02 -9.946439947706793294e-01 2.009201306137063270e+01 -8.496689145916246078e-02 9.945213009003098792e-01 6.096378707638697159e-02 -4.980069009463667484e+00 9.933149892956489868e-01 7.974546204377178094e-02 8.349923063538970680e-02 1.723888203679676110e+02
8.885814326296577470e-02 6.732976748995792016e-02 -9.937687322370420961e-01 1.931598075589147712e+01 -8.478794344980571107e-02 9.946069181296410822e-01 5.980517014550811722e-02 -4.962560748560732371e+00 9.924320374928528032e-01 7.894522195781962515e-02 9.408736989855422117e-02 1.724612195313272025e+02
1.003106061692562168e-01 6.676395079401825638e-02 -9.927163362849728001e-01 1.854964238891552242e+01 -8.400928746755069454e-02 9.947557654376231184e-01 5.841220755525247665e-02 -4.933447365826721942e+00 9.914062451403945486e-01 7.753782518544563573e-02 1.053929966127187395e-01 1.725432307275322614e+02
1.120899831894721366e-01 6.565633408181084651e-02 -9.915293484657811129e-01 1.778590800469279998e+01 -8.143804461494473512e-02 9.950695029430453031e-01 5.668432957781458642e-02 -4.913728541790557180e+00 9.903584211137321791e-01 7.439427475264197287e-02 1.168838532231809141e-01 1.726332130882532567e+02
1.232752276576216804e-01 6.598627176087488999e-02 -9.901789738265549534e-01 1.703576142908046975e+01 -8.118038556967653585e-02 9.951175476950265830e-01 5.620853869329172497e-02 -4.885432961567275356e+00 9.890495878500574767e-01 7.345380397587573940e-02 1.280296982635218406e-01 1.727325789269467577e+02
1.344666132216234822e-01 6.665038152228593138e-02 -9.886768059411760179e-01 1.628919089603853365e+01 -7.876123593021623626e-02 9.953019735901581511e-01 5.638490219879289250e-02 -4.863364405668172630e+00 9.877861798629579138e-01 7.028734586410644025e-02 1.390838730269327306e-01 1.728388226889074701e+02
1.452900817071537398e-01 6.770949231613730690e-02 -9.870722302459489228e-01 1.555596712468181941e+01 -7.723629295224178348e-02 9.953915089802570781e-01 5.691146944128693680e-02 -4.841872826846210565e+00 9.863728955852318903e-01 6.796896220009895906e-02 1.498496264925539001e-01 1.729544191072006925e+02
1.554245929721185804e-01 6.800080507799483032e-02 -9.855072079780603511e-01 1.483866046752782175e+01 -7.460332405678445078e-02 9.955912040425529685e-01 5.693084334076778386e-02 -4.816577938836617889e+00 9.850297881841064696e-01 6.467350729402279730e-02 1.598118883648199373e-01 1.730744042887625369e+02
1.652078977829989359e-01 6.709815965921621383e-02 -9.839764010064496746e-01 1.413721342834556793e+01 -7.063302942071381096e-02 9.959304930218284557e-01 5.605410157553218642e-02 -4.795730239696013975e+00 9.837293715382442461e-01 6.024051762499710999e-02 1.692743372468049901e-01 1.732023445649149949e+02
1.735707054533726090e-01 6.639837535469103602e-02 -9.825832466295988388e-01 1.344889115905196242e+01 -6.751518797527190918e-02 9.961838073724957887e-01 5.539100487808489015e-02 -4.776945644246197276e+00 9.825075393641177213e-01 5.672491443443569009e-02 1.773906008070193774e-01 1.733333045175437519e+02
1.806100978232236809e-01 6.620505342205637578e-02 -9.813267858959799916e-01 1.276229365207175626e+01 -6.464565632233536252e-02 9.963779380797896934e-01 5.532259246252786006e-02 -4.755834006637123856e+00 9.814311454689047531e-01 5.344658384814007790e-02 1.842351352208042581e-01 1.734686533592883393e+02
1.852117240728593794e-01 6.629238903836486008e-02 -9.804628067673735181e-01 1.208402419859103993e+01 -6.165528587718971387e-02 9.965445912962470620e-01 5.573284875146333750e-02 -4.735707649445128453e+00 9.807657237240658965e-01 5.012823796621325434e-02 1.886583502765293852e-01 1.736044506976312789e+02
1.873552304753336450e-01 6.658417347432241118e-02 -9.800356873073845509e-01 1.142280119290368212e+01 -5.814586137793881226e-02 9.967066028942167533e-01 5.660090053854527348e-02 -4.714399527138848356e+00 9.805729187358883658e-01 4.638045871453507635e-02 1.906091139687458857e-01 1.737385492138924405e+02
1.883229510875378820e-01 6.662253811503189571e-02 -9.798475844083056607e-01 1.077226608090677118e+01 -5.409878231086679562e-02 9.968897109723522387e-01 5.738364986936127926e-02 -4.693945531449965181e+00 9.806191736308567108e-01 4.220183268174712565e-02 1.913407325474578424e-01 1.738680042002692971e+02
1.872789408538863276e-01 6.630116760085345839e-02 -9.800694583100771906e-01 1.013975130890162646e+01 -5.099220686557914134e-02 9.970349058714848001e-01 5.770484964118807042e-02 -4.676083442224597597e+00 9.809855119420053393e-01 3.916894269191550232e-02 1.901038107045291692e-01 1.739918178589207969e+02
1.846392741744527777e-01 6.638190041953712095e-02 -9.805647262737182679e-01 9.522475563207679627e+00 -4.882468177407232185e-02 9.971083030149253679e-01 5.830817092495938631e-02 -4.657377418004533531e+00 9.815959881149542987e-01 3.710973058734903102e-02 1.873457653461476635e-01 1.741104782498493933e+02
1.806191974815351264e-01 6.682226688825647354e-02 -9.812832902136455759e-01 8.922576821151029236e+00 -4.671114840332107887e-02 9.971507725410327927e-01 5.930488416341921781e-02 -4.637270526689587058e+00 9.824464251506691559e-01 3.512522353042824008e-02 1.832252693121976528e-01 1.742185505884728229e+02
1.769153241449505920e-01 6.719267332452548425e-02 -9.819325448174772708e-01 8.337934151779153424e+00 -4.415007276769890299e-02 9.972087774314002395e-01 6.028341502675744340e-02 -4.617428873547305024e+00 9.832385009777683260e-01 3.268729700016308193e-02 1.793874421126059604e-01 1.743278444853662847e+02
1.724826785110700200e-01 6.799758002270725465e-02 -9.826654945659213380e-01 7.770743798178443740e+00 -4.191985402981655839e-02 9.972216745327228127e-01 6.164677690866427612e-02 -4.598992770317693157e+00 9.841233010666512460e-01 3.056016068987153431e-02 1.748532977450021342e-01 1.744300043488976257e+02
1.679030152249121888e-01 6.897653838464566645e-02 -9.833901772768495197e-01 7.224671648665395907e+00 -4.002225626562541660e-02 9.972079652750096557e-01 6.311232860759710683e-02 -4.578753281127455388e+00 9.849939222457080312e-01 2.876071511242599826e-02 1.701942215428751126e-01 1.745175308172105417e+02
1.635246153990131956e-01 6.917592207278712435e-02 -9.841137237163045670e-01 6.695059128105282475e+00 -3.736757392118415788e-02 9.972613963746457255e-01 6.389089580497030185e-02 -4.560148917985619832e+00 9.858344695036533878e-01 2.632618894893551734e-02 1.656611407599914154e-01 1.746039804107026328e+02
1.590099038928776132e-01 6.928245801500045042e-02 -9.848457859216735999e-01 6.191352428468857916e+00 -3.694550258317099573e-02 9.972578860368026543e-01 6.419047995659150907e-02 -4.542559096388090190e+00 9.865886296275880873e-01 2.617868157823117700e-02 1.611329904788627587e-01 1.746802455787322401e+02
1.543372863013194873e-01 6.888511846103148595e-02 -9.856166973558997402e-01 5.702022449931408943e+00 -3.684216408947470212e-02 9.972783788275355610e-01 6.393100374593516100e-02 -4.523445679164962208e+00 9.873342429969281797e-01 2.644529450286226685e-02 1.564545676835621957e-01 1.747531433523517705e+02
1.502024221697111916e-01 6.770707917963991740e-02 -9.863368683361368738e-01 5.249022515804695033e+00 -3.581053569444214713e-02 9.973744856388050417e-01 6.301136065321950863e-02 -4.510568305457954175e+00 9.880096639544097004e-01 2.585677536478413543e-02 1.522321603646556165e-01 1.748171960356341970e+02
1.459731080532897518e-01 6.533992639939190106e-02 -9.871311877584815209e-01 4.813849139572799807e+00 -3.658043387758337650e-02 9.974949690550373171e-01 6.061649411958106720e-02 -4.497996529215880557e+00 9.886151883413041297e-01 2.726128643488657383e-02 1.479970931518663491e-01 1.748764767775296036e+02
1.418251670892483884e-01 6.371166958608452668e-02 -9.878420327118534461e-01 4.402867669209067358e+00 -3.823396315047996458e-02 9.975388791388285492e-01 5.884774109898349009e-02 -4.486348643040260598e+00 9.891562371492909067e-01 2.942299435825423970e-02 1.439115732938864300e-01 1.749296935953849754e+02
1.380044350392949648e-01 6.256428740082525808e-02 -9.884563336061225058e-01 4.020120006981266592e+00 -3.829536879398414556e-02 9.975980031318097963e-01 5.779620093672559189e-02 -4.471963245188982583e+00 9.896941553318141516e-01 2.987713552759946670e-02 1.400683907435972264e-01 1.749780203945177846e+02
1.345720793043305996e-01 6.180159538418534410e-02 -9.889774302325021749e-01 3.662537624522986146e+00 -3.795019852244536918e-02 9.976467424047993360e-01 5.717932937357132761e-02 -4.460817407200472040e+00 9.901799946209655090e-01 2.983711665523286136e-02 1.366003135598791995e-01 1.750222810287565665e+02
1.313578087015604412e-01 6.078414648415260413e-02 -9.894725142396787465e-01 3.330977154936790807e+00 -3.814489780971988542e-02 9.976935486276186094e-01 5.622517313053234517e-02 -4.447968076434563045e+00 9.906040477421058643e-01 3.035767825605937761e-02 1.333729878600122820e-01 1.750622621842303488e+02
1.282347897953943772e-01 6.014688520749724571e-02 -9.899210255340903375e-01 3.021084853633307254e+00 -3.936079918165664993e-02 9.976858238685077929e-01 5.551979622170453293e-02 -4.439507648052315680e+00 9.909656170622649363e-01 3.184447359488268986e-02 1.303050169540715952e-01 1.750948573919060607e+02
1.254666337341950877e-01 6.013816993457223731e-02 -9.902762138636587164e-01 2.737260712345091385e+00 -4.081236536548576987e-02 9.976333848100590318e-01 5.541403293717617889e-02 -4.430014322968319540e+00 9.912612001312173238e-01 3.346285656818492188e-02 1.276236440469090683e-01 1.751234829628453440e+02
1.231067401912550735e-01 6.001279144927443993e-02 -9.905799575639333554e-01 2.465878720586297312e+00 -4.202503699247063518e-02 9.975940798244502528e-01 5.521490988912904768e-02 -4.421806763131207241e+00 9.915063906509830050e-01 3.483178116458995194e-02 1.253321630260969266e-01 1.751516329082103312e+02
1.206838381014893602e-01 5.982999306039085002e-02 -9.908891166846498511e-01 2.222725368346954777e+00 -4.253573510347315872e-02 9.975813612440751488e-01 5.505343779077568472e-02 -4.415707605996550988e+00 9.917824468565057394e-01 3.550408389002148585e-02 1.229364390031210397e-01 1.751765563170166331e+02
1.186137261513357383e-01 5.912531991735401476e-02 -9.911813352151469525e-01 1.992915200091164740e+00 -4.230839516717740945e-02 9.976243358425989083e-01 5.444658974512483346e-02 -4.410382687921716283e+00 9.920418781961098942e-01 3.547712595471288338e-02 1.208330248067693014e-01 1.752043129106303923e+02
1.165012930298478938e-01 5.752408132655673079e-02 -9.915260437843745889e-01 1.769088074325930737e+00 -4.234901673966592200e-02 9.977054689466895443e-01 5.290664516242090526e-02 -4.409575957877652996e+00 9.922904397314659120e-01 3.582640447844367970e-02 1.186696580062819445e-01 1.752277570976327183e+02
1.146740727909920238e-01 5.548463104054788403e-02 -9.918552216186182768e-01 1.555309082990670166e+00 -4.254061901587340155e-02 9.978017629232058816e-01 5.089885763104053801e-02 -4.405377789197645555e+00 9.924950684987317029e-01 3.635729743444042483e-02 1.167819418277016436e-01 1.752516937170408937e+02
1.125591451306281465e-01 5.408931257722026514e-02 -9.921745077120053269e-01 1.344320565204675244e+00 -4.240162924483363571e-02 9.978736057454689057e-01 4.958960923039341245e-02 -4.400146387173437645e+00 9.927430958195184729e-01 3.648799253037014051e-02 1.146128814117846895e-01 1.752704905752424338e+02
1.107764275813734878e-01 5.356237855738401471e-02 -9.924037105992312702e-01 1.146844058088766216e+00 -4.148065979262960390e-02 9.979301033838421375e-01 4.923033795713558508e-02 -4.393083632267963168e+00 9.929825038854469543e-01 3.571194412399901486e-02 1.127685489371499511e-01 1.752934396238754573e+02
1.087484304076161562e-01 5.248761892305338350e-02 -9.926853978078756802e-01 9.469541277486419606e-01 -4.063416568279375890e-02 9.980095399312991500e-01 4.831760552922741841e-02 -4.388455411839853326e+00 9.932416447054666087e-01 3.508242603585232100e-02 1.106643839896200715e-01 1.753149637637847036e+02
1.066371419642888063e-01 5.089868262261738885e-02 -9.929971377681087175e-01 7.512894522469185654e-01 -4.085802934716635526e-02 9.980740738359263897e-01 4.677114130931055158e-02 -4.382973989396527159e+00 9.934613576107154120e-01 3.558431070211803826e-02 1.085110191452404449e-01 1.753326751878644245e+02
1.046285667519999130e-01 4.985847828259252351e-02 -9.932635437573843484e-01 5.532810083859148742e-01 -4.145637752116043684e-02 9.980974598206360238e-01 4.573412188983322357e-02 -4.376207787729072152e+00 9.936501221890023938e-01 3.639195501664845012e-02 1.064960972401650663e-01 1.753496274292575947e+02
1.026492894896779695e-01 4.989590957429933249e-02 -9.934681655341260909e-01 3.543360069773143772e-01 -4.116215002113110533e-02 9.981031467517792466e-01 4.587558716908711476e-02 -4.369758010492561517e+00 9.938687719433232370e-01 3.618413248616392242e-02 1.045080493542069333e-01 1.753661889153772222e+02
1.007788913092414473e-01 5.041315472894691840e-02 -9.936335371252026372e-01 1.575613026384897752e-01 -3.996005250712561518e-02 9.981190140687060675e-01 4.658773310503989268e-02 -4.366708482839690042e+00 9.941092231310553196e-01 3.501053670808088047e-02 1.026034972417529667e-01 1.753891162383787901e+02
9.881116679947807291e-02 5.078279634950310512e-02 -9.938123256751052459e-01 -3.947972594280984432e-02 -3.866098380247211946e-02 9.981432976828917836e-01 4.716011798296344815e-02 -4.361664911476853312e+00 9.943580954513224768e-01 3.376176910759905864e-02 1.005906826322271047e-01 1.754072052116219993e+02
9.676079244114901834e-02 5.119076936370153819e-02 -9.939931276926141646e-01 -2.372554513097339390e-01 -3.792345921695241401e-02 9.981453259134293043e-01 4.771286431815183887e-02 -4.357785193208948193e+00 9.945881067541294529e-01 3.307887781337444377e-02 9.852233933979410996e-02 1.754238936028979765e+02
9.451713286973187356e-02 5.168445061213192138e-02 -9.941834423269457766e-01 -4.326954832161190589e-01 -3.756179301406466914e-02 9.981298677314004442e-01 4.831854425259778790e-02 -4.351889103392752034e+00 9.948175547929023477e-01 3.277633751747813934e-02 9.628141600153959645e-02 1.754413327095442696e+02
9.196104926413616043e-02 5.212561940714884740e-02 -9.944001082022528859e-01 -6.307997147106755298e-01 -3.764462018970134854e-02 9.981014548403173148e-01 4.883824152716991635e-02 -4.346589919201704788e+00 9.950539658681787358e-01 3.294255203064144072e-02 9.374839663077266794e-02 1.754552534709542613e+02
8.964029391096306476e-02 5.275559654465487858e-02 -9.945787827955878679e-01 -8.274964528684809473e-01 -3.893757112163478279e-02 9.980227808701622738e-01 4.942881028186286302e-02 -4.341404298052085942e+00 9.952159757249219307e-01 3.429561722649550337e-02 9.151692771923763958e-02 1.754700152600455567e+02
8.671687288677694394e-02 5.279344164037739345e-02 -9.948359299023404878e-01 -1.027328674792576946e+00 -4.158157380051449858e-02 9.979208833662858158e-01 4.933254379082775698e-02 -4.330297748275490299e+00 9.953680305297349928e-01 3.708881728396603433e-02 8.873152171056271353e-02 1.754771918974145990e+02
8.336102426199293314e-02 4.950657152039437958e-02 -9.952916824951648644e-01 -1.233295407137326549e+00 -4.547027110275357609e-02 9.979183359812286991e-01 4.582877620253746065e-02 -4.324410251283267392e+00 9.954846868140632132e-01 4.143576966516130528e-02 8.543829768291906490e-02 1.754862956274459407e+02
7.997073105991968356e-02 4.534858194300412509e-02 -9.957678894815628068e-01 -1.463912957527564451e+00 -4.745104200846186893e-02 9.980097004953352169e-01 4.163978647015863926e-02 -4.318272037748257297e+00 9.956703521384351330e-01 4.392017184957809628e-02 8.196314372420235306e-02 1.754962275023281109e+02
7.671075081796389916e-02 4.322297760690171214e-02 -9.961188368658357994e-01 -1.710636145295941990e+00 -4.791603014608637051e-02 9.980698072119728037e-01 3.961756915000794188e-02 -4.313884430905900125e+00 9.959045572104461286e-01 4.469087626301616878e-02 7.863351030353263327e-02 1.755080069889270362e+02
7.316944609024295110e-02 4.328658531518900926e-02 -9.963824627521155053e-01 -1.980092625347461555e+00 -4.850589627653933977e-02 9.980342103752903871e-01 3.979624135996159828e-02 -4.308736021922046078e+00 9.961424533410901949e-01 4.541846056819220240e-02 7.512503543415204044e-02 1.755271559094419160e+02
6.959881634749792712e-02 4.296321965004026161e-02 -9.966522337777645735e-01 -2.264492692606145052e+00 -4.842875311456992099e-02 9.980441262223557208e-01 3.964124836338454860e-02 -4.300739440378513301e+00 9.964020480095382437e-01 4.550754576260896550e-02 7.154312970553594608e-02 1.755413870497110054e+02
6.582937093920715466e-02 4.144079108212582463e-02 -9.969727498939823240e-01 -2.565436220050960170e+00 -4.810478025489933751e-02 9.981117179234695325e-01 3.831174424724935468e-02 -4.292838089369353405e+00 9.966738764014647645e-01 4.543702216082814993e-02 6.769836383131511148e-02 1.755590610144990933e+02
6.252327662764302352e-02 3.938785599013919919e-02 -9.972687442444272410e-01 -2.890848097597541688e+00 -4.808004899509429192e-02 9.981841100202253347e-01 3.640958606441818679e-02 -4.286423633808191802e+00 9.968879302614035431e-01 4.567218718344227130e-02 6.430331858799863409e-02 1.755750762339648645e+02
5.967555571208624926e-02 3.708396386058997879e-02 -9.975315135006277423e-01 -3.227928838610918838e+00 -4.986247709124196070e-02 9.981773839761143297e-01 3.412497270017483125e-02 -4.274979068760629275e+00 9.969749051417721164e-01 4.770286120717955741e-02 6.141570821486870557e-02 1.755922561687481789e+02
5.795707710680772506e-02 3.511773706980378384e-02 -9.977039815126225175e-01 -3.590452672278146462e+00 -5.331912972152633157e-02 9.980680480635170104e-01 3.203315215211646055e-02 -4.261833199730577171e+00 9.968974164287417450e-01 5.134004168622159636e-02 5.971738123700559564e-02 1.756019808026115641e+02
5.801930754336391549e-02 3.356439002984418912e-02 -9.977538311788036740e-01 -3.988316031039750964e+00 -5.706312514786825857e-02 9.979165951117140443e-01 3.025158662237070056e-02 -4.249690160137435058e+00 9.966865014077518348e-01 5.517964133995431619e-02 5.981354712359383125e-02 1.756176972804383354e+02
5.910169847590279746e-02 3.320477372276195438e-02 -9.977023365436727964e-01 -4.401718529786745826e+00 -6.023364200179892602e-02 9.977486558198055411e-01 2.963814649017017244e-02 -4.242632667005153735e+00 9.964363129202283842e-01 5.834343499395606286e-02 6.096850779594206043e-02 1.756384794458433873e+02
5.979361111212502106e-02 3.539377282549798637e-02 -9.975858495940529425e-01 -4.841441126854205024e+00 -6.138620706576938119e-02 9.976145367393290941e-01 3.171534461004333477e-02 -4.231798316261198067e+00 9.963246894017520061e-01 5.934148792600339728e-02 6.182348581315749020e-02 1.756601884043140842e+02
6.095287252539366429e-02 3.919207785194166876e-02 -9.973736776814986493e-01 -5.307279995083302282e+00 -6.088547840814563517e-02 9.975185474586852896e-01 3.547679264103670294e-02 -4.226251735993537650e+00 9.962851679072582955e-01 5.856301562305719910e-02 6.318766655168313318e-02 1.756906488638720134e+02
6.187449057320798529e-02 4.426193260909299515e-02 -9.971047871818210506e-01 -5.790600067769275938e+00 -6.206955572985939362e-02 9.972576086105381377e-01 4.041698201003217361e-02 -4.210895596954363995e+00 9.961552829605935244e-01 5.938892256317185314e-02 6.445193838710762402e-02 1.757200429092995648e+02
6.366930923227444306e-02 4.877948848541450305e-02 -9.967809778004900201e-01 -6.298915784561818221e+00 -6.431172939749499329e-02 9.969336466496684368e-01 4.467899303954715046e-02 -4.191922204228697879e+00 9.958999215172308350e-01 6.125987589742327988e-02 6.661097354580494678e-02 1.757490946202135262e+02
6.416911024567872879e-02 5.398106113696430480e-02 -9.964807618403082046e-01 -6.824673213490887846e+00 -6.390366572624109343e-02 9.967132829055411758e-01 4.987847406921078891e-02 -4.171785655742143994e+00 9.958941111271173430e-01 6.047796683463992073e-02 6.740759422269015921e-02 1.757789720507911113e+02
6.475366965171309996e-02 5.764537161713149255e-02 -9.962376783932235247e-01 -7.363157155662523934e+00 -5.672139510965362036e-02 9.969331612715071067e-01 5.399876522903208909e-02 -4.151332837540823384e+00 9.962911626573173196e-01 5.301125226630661047e-02 6.782460693040415212e-02 1.758285520034735896e+02
6.623127589681164495e-02 5.770494556436217559e-02 -9.961370869859275112e-01 -7.921740857240777700e+00 -4.741736840074661785e-02 9.973849170617312687e-01 5.462447947118834191e-02 -4.146027643112964789e+00 9.966802131323113656e-01 4.361626634392960083e-02 6.879408833926832501e-02 1.758790259664521329e+02
6.605130680603228666e-02 5.659064978754642372e-02 -9.962129639650006974e-01 -8.498518025270792364e+00 -4.163684364733000187e-02 9.976816325407594777e-01 5.391339698588038659e-02 -4.128609082724233659e+00 9.969503677253716001e-01 3.791805356614273009e-02 6.825422713323901769e-02 1.759278299585344882e+02
6.474225981570637389e-02 5.479353870809882537e-02 -9.963993484187555483e-01 -9.091718110586366919e+00 -4.332700703586598451e-02 9.977086109050240514e-01 5.205025191079619418e-02 -4.100607758350794718e+00 9.969642172832883231e-01 3.980108493241613782e-02 6.696775432435128628e-02 1.759610257178433130e+02
6.319140373211379336e-02 5.294394919278318234e-02 -9.965988872410292965e-01 -9.709985122434257931e+00 -4.543816018199418189e-02 9.977134360107888789e-01 5.012199744644358496e-02 -4.062757051355299964e+00 9.969697427231309916e-01 4.211626639740759931e-02 6.545240288717511790e-02 1.759919501673196578e+02
6.131655281690654574e-02 5.335103004121363041e-02 -9.966942904950428783e-01 -1.034624272395012490e+01 -4.178147361446209879e-02 9.978368459461105511e-01 5.084173725224189200e-02 -4.035941997729181274e+00 9.972467313897361851e-01 3.852585702341530111e-02 6.341282211033036353e-02 1.760373362718068222e+02
5.883112741099739973e-02 5.671302101320020717e-02 -9.966584634472072102e-01 -1.100674195421550472e+01 -3.331153015994727656e-02 9.979449251460840165e-01 5.481984128116207389e-02 -4.014731818768762395e+00 9.977152385063153828e-01 2.997507938001373051e-02 6.059925614980739283e-02 1.760881099104343548e+02
5.605917934766366933e-02 5.806560362221104693e-02 -9.967403460712922492e-01 -1.168486414604263146e+01 -3.118145962174179858e-02 9.979267791559337519e-01 5.638093582963249473e-02 -3.994856331099698732e+00 9.979436596179215302e-01 2.791913169517386967e-02 5.775337107830710165e-02 1.761254988812691806e+02
5.389902296548294142e-02 5.452131396042385336e-02 -9.970596215012665908e-01 -1.237595841528310991e+01 -3.225834634814488122e-02 9.980866543825881454e-01 5.283359266433025614e-02 -3.959211181021778714e+00 9.980284378076842433e-01 2.931579201285646960e-02 5.555451996955799304e-02 1.761600379227212443e+02
5.007684221572610006e-02 4.679477590107338630e-02 -9.976513068950469965e-01 -1.307541046516941563e+01 -3.528101062598243409e-02 9.983656914795641102e-01 4.505730128956915437e-02 -3.935682917742623133e+00 9.981252581850940109e-01 3.294178296145836710e-02 5.164584182732719769e-02 1.761805940045231864e+02
4.831916436596721959e-02 3.676821184766899953e-02 -9.981577690632699174e-01 -1.379536141604284083e+01 -3.820113154573560182e-02 9.986636129718929888e-01 3.493752895910364614e-02 -3.915530709440544932e+00 9.981044058264072483e-01 3.644255555160356291e-02 4.965906127469389697e-02 1.762119864526393371e+02
4.742463108836007801e-02 3.178717199047876446e-02 -9.983717025731889683e-01 -1.453800580797947717e+01 -4.090365825969949354e-02 9.987214461321066716e-01 2.985524049953069275e-02 -3.884903507221635355e+00 9.980402145055287111e-01 3.942112075892284517e-02 4.866409494946367237e-02 1.762368636517034020e+02
4.631270477531926333e-02 3.537882717463594617e-02 -9.983030853214612810e-01 -1.531039937208245227e+01 -3.848016961347693055e-02 9.986985423208873947e-01 3.360762933896090099e-02 -3.871398296934374983e+00 9.981888028484312558e-01 3.685836141922393949e-02 4.761370701656024440e-02 1.762750017942698832e+02
4.569156721175757913e-02 4.164862227361882524e-02 -9.980898038609773426e-01 -1.609626627634505169e+01 -3.606606038369892381e-02 9.985523912760838616e-01 4.001679317735130914e-02 -3.847361999566675905e+00 9.983075675068051602e-01 3.416869796938108716e-02 4.712742445240278300e-02 1.763152355240159750e+02
4.447988054899056076e-02 4.626832201531581867e-02 -9.979410665028540794e-01 -1.690077582256497379e+01 -3.463529904658393943e-02 9.984023201719856022e-01 4.474589155612190144e-02 -3.833757229921583409e+00 9.984129500626953702e-01 3.257366202569724617e-02 4.601124081992959830e-02 1.763459026829865763e+02
4.308174950771977846e-02 4.435664606552678496e-02 -9.980891958719763091e-01 -1.770648822442199233e+01 -3.871530333322530104e-02 9.983421838908888013e-01 4.269670769574457347e-02 -3.806236191023917748e+00 9.983243848969362011e-01 3.680182810342453453e-02 4.472752471221380643e-02 1.763754740559667766e+02
4.166475884579102368e-02 4.025527571671950328e-02 -9.983231731715828117e-01 -1.851952613438555417e+01 -4.084903420248338357e-02 9.984257178874627048e-01 3.855451999491667225e-02 -3.777394910690986762e+00 9.982995031927874852e-01 3.917411563010785025e-02 4.324348129869178686e-02 1.764010224114011578e+02
4.135322130213762992e-02 3.721035153348470348e-02 -9.984542562991955972e-01 -1.937718290645578989e+01 -4.143233145597615547e-02 9.985150826832187576e-01 3.549653856855903428e-02 -3.755826497565925237e+00 9.982884188961422822e-01 3.990033206539765620e-02 4.283345454355280690e-02 1.764350763880849513e+02
4.040149248453867026e-02 3.875984276429843278e-02 -9.984342757759966380e-01 -2.022541544495297572e+01 -4.209435289252123208e-02 9.984307286987811336e-01 3.705629674971508414e-02 -3.735380780547125745e+00 9.982996956125775867e-01 4.053125228496161359e-02 4.196959741585070541e-02 1.764658071604652037e+02
3.985701645884740657e-02 4.226305767095366039e-02 -9.983140114358004524e-01 -2.108947271004878488e+01 -4.260850698932851927e-02 9.982727192415224993e-01 4.056012657600684135e-02 -3.712104099315738370e+00 9.982997715266694883e-01 4.091999944929265026e-02 4.158887835266485838e-02 1.764943136164659450e+02
3.874885965392505655e-02 4.514430648303530136e-02 -9.982315018475351742e-01 -2.198208521727685749e+01 -4.298509890207356798e-02 9.981340421642493910e-01 4.347125737461481065e-02 -3.685015715751615240e+00 9.983272568304550898e-01 4.122455224812604513e-02 4.061703403852792715e-02 1.765301989914180751e+02
3.774613145273362363e-02 4.750230639384778186e-02 -9.981605007882555780e-01 -2.288613280532208094e+01 -4.400043137754931777e-02 9.979842802178469086e-01 4.582994615676563160e-02 -3.667287517045312750e+00 9.983214400775267672e-01 4.218952149797582096e-02 3.976011611652367078e-02 1.765628720695705169e+02
3.810021956119347131e-02 4.965415002196612443e-02 -9.980423174486727778e-01 -2.380292573854689309e+01 -4.456795041000738422e-02 9.978597887957422197e-01 4.794361968651612849e-02 -3.637707896873757285e+00 9.982828182419822838e-01 4.265396908175125845e-02 4.023160774276732937e-02 1.765961588975310406e+02
3.833696138718696578e-02 5.031554742732540636e-02 -9.980001274550506229e-01 -2.475558526191444386e+01 -4.348669662085000165e-02 9.978738666227073839e-01 4.863862278213726409e-02 -3.604093213432902676e+00 9.983214451116110277e-01 4.153500688415471404e-02 4.044345043411627649e-02 1.766219669884833081e+02
3.956541061471886833e-02 4.816908978779776973e-02 -9.980580889903992725e-01 -2.569288351294009232e+01 -4.598039531196820157e-02 9.978716014278614654e-01 4.633724604585211237e-02 -3.576421700675915805e+00 9.981617662388639900e-01 4.405767845281634981e-02 4.169597184817008112e-02 1.766538542357635322e+02
4.087503435918539429e-02 4.574220541928367134e-02 -9.981194892544826835e-01 -2.664005404735464921e+01 -4.784406275630926492e-02 9.978997767891606419e-01 4.377275350185942659e-02 -3.545876398071889035e+00 9.980213970693180281e-01 4.596479647459374152e-02 4.297761461596227156e-02 1.766884503392624595e+02
4.248447906162908932e-02 4.538294413577179803e-02 -9.980686800706209949e-01 -2.760165402285401726e+01 -4.995569178593128878e-02 9.978193087438855802e-01 4.324508660810985616e-02 -3.511883630669089484e+00 9.978507093293814689e-01 4.802187601727422178e-02 4.465889726099265405e-02 1.767219889589137267e+02
4.449404669217903868e-02 4.739279750610096015e-02 -9.978876867999826317e-01 -2.857020764744435226e+01 -4.694823263807352404e-02 9.978742272024797577e-01 4.529874869516789526e-02 -3.483618817492021957e+00 9.979091581353547458e-01 4.483346068746392465e-02 4.662439002292910473e-02 1.767664916938510942e+02
4.596375432759063073e-02 4.890034612307889855e-02 -9.977483265607400842e-01 -2.955724830298102290e+01 -4.850645453652029787e-02 9.977367286793580314e-01 4.666513779627826791e-02 -3.455519733661228443e+00 9.977680121026506477e-01 4.625224561190167255e-02 4.823162037016445053e-02 1.768084645188979778e+02
4.764865715197641460e-02 4.948789981559496148e-02 -9.976403094701039587e-01 -3.054526665281418474e+01 -4.764291593797740504e-02 9.977523351767102477e-01 4.721789618419520995e-02 -3.424727449095829712e+00 9.977305823143256536e-01 4.528054454418200397e-02 4.989921159779736604e-02 1.768516472600003056e+02
4.914637118795515958e-02 4.946728809025715407e-02 -9.975686724170278463e-01 -3.154469928381944044e+01 -4.821814110841064760e-02 9.977302891099802951e-01 4.709970897794718558e-02 -3.393983784582402574e+00 9.976302939849654994e-01 4.578604582908650522e-02 5.141994294525289305e-02 1.768976626394164100e+02
5.015248394063107074e-02 4.897027929838936033e-02 -9.975431192631003530e-01 -3.254805471236466019e+01 -4.638651527931219459e-02 9.978381291018548760e-01 4.665256195606966999e-02 -3.368201007566863137e+00 9.976670678512999935e-01 4.393273336081508079e-02 5.231551675594198897e-02 1.769443320855990009e+02
5.078051592159604083e-02 4.826910294229918436e-02 -9.975455230789914696e-01 -3.355370227827837937e+01 -4.571642558965112457e-02 9.979012388962561486e-01 4.595902886327252884e-02 -3.342000671395094269e+00 9.976662312440457425e-01 4.327032250932205670e-02 5.288052274361859650e-02 1.769967202585861514e+02
5.072270206863301739e-02 4.763318861860559028e-02 -9.975790336082615006e-01 -3.456457725851738161e+01 -4.550840051237966394e-02 9.979392295143225677e-01 4.533640589487704375e-02 -3.311530788133367320e+00 9.976786845074613330e-01 4.309857358922365017e-02 5.278577730357725262e-02 1.770433535642041534e+02
5.022776854087752235e-02 4.786818774576095947e-02 -9.975928289044819763e-01 -3.558230242888943451e+01 -4.601802193373714933e-02 9.979053966586333146e-01 4.556615287776355494e-02 -3.279145676679954491e+00 9.976803513942597013e-01 4.361849234284310983e-02 5.232525462180468573e-02 1.770903798137315164e+02
4.927564996738666853e-02 4.883265468850855884e-02 -9.975935680167395958e-01 -3.660472565631876307e+01 -4.340837624897597724e-02 9.979695929499708962e-01 4.670685416026613274e-02 -3.258589693401314324e+00 9.978447808395849439e-01 4.100234631418169656e-02 5.129524577085133735e-02 1.771380683397989344e+02
4.817689481161586268e-02 4.928363411066827293e-02 -9.976250573513889552e-01 -3.763950853110500105e+01 -4.598314387827853039e-02 9.978370470165176531e-01 4.707343616968314576e-02 -3.222593596434902175e+00 9.977831054966056490e-01 4.360601411489208740e-02 5.033880961242393620e-02 1.771799342715956129e+02
4.732591094831253148e-02 4.769467837290464890e-02 -9.977430136982570197e-01 -3.866701482508093335e+01 -4.814152335688897527e-02 9.978121411825693343e-01 4.541441481946036085e-02 -3.195028866127480605e+00 9.977220323593214424e-01 4.588351079717072761e-02 4.951837137748654055e-02 1.772155141795121267e+02
4.653173305380722824e-02 4.634318653226579543e-02 -9.978440527847842745e-01 -3.971824422065343896e+01 -5.058697803529171172e-02 9.977554155778695089e-01 4.398001016135285463e-02 -3.170046911727679717e+00 9.976383941159306934e-01 4.843136005655947901e-02 4.877156403772963528e-02 1.772597949181810861e+02
4.592448204059992878e-02 4.704664678286435420e-02 -9.978392668182329839e-01 -4.077394274670123053e+01 -4.955119473534373709e-02 9.977725829072434660e-01 4.476288669809420223e-02 -3.134048683916516698e+00 9.977185183761904108e-01 4.738833065094689295e-02 4.815332445133773537e-02 1.773033784780812425e+02
4.537172665903448088e-02 4.970400008941404379e-02 -9.977357219003893940e-01 -4.181525825987123568e+01 -5.143472508044497071e-02 9.975575397283518164e-01 4.735607072000484752e-02 -3.099164392788925859e+00 9.976484862774371853e-01 4.916954460419455109e-02 4.781733434372043012e-02 1.773424596870022754e+02
4.482000890817219169e-02 5.100063779685632542e-02 -9.976952210917001684e-01 -4.287615640717505272e+01 -5.034112105082064192e-02 9.975470888354796006e-01 4.873148926832061856e-02 -3.071883139764048476e+00 9.977292078060174818e-01 4.804086312782296364e-02 4.727741724484848390e-02 1.773913702920889079e+02
4.524486502611776984e-02 5.155311060527140166e-02 -9.976476521374502138e-01 -4.392239276049991759e+01 -5.161601668271890292e-02 9.974588219188647020e-01 4.920241878835383831e-02 -3.043257439958288124e+00 9.976448969569343683e-01 4.926834812821218046e-02 4.779077313801649574e-02 1.774335151924194349e+02
4.556646603541365803e-02 5.286807283361384668e-02 -9.975641949802376285e-01 -4.498776624641783428e+01 -4.928085695649916248e-02 9.975063070503172868e-01 5.061389920798763098e-02 -3.009043952237726138e+00 9.977483424416445645e-01 4.685443841550765431e-02 4.805813881107706687e-02 1.774813871721231635e+02
4.568611417154988530e-02 5.385457373204829284e-02 -9.975059515708614155e-01 -4.605236869233694108e+01 -4.869453894136586969e-02 9.974833900532219522e-01 5.162305904465222528e-02 -2.977596666841100692e+00 9.977716628026878087e-01 4.621455452048995466e-02 4.819348141900376553e-02 1.775238996333595196e+02
4.563598908884052008e-02 5.398722671668784723e-02 -9.975010768309215958e-01 -4.711066117850900525e+01 -4.844785026942800832e-02 9.974877920308924395e-01 5.176993332149976146e-02 -2.945139178213438402e+00 9.977859658341281524e-01 4.596413031113228548e-02 4.813682437845896028e-02 1.775727621192060042e+02
4.543026746084530276e-02 5.330976205823701602e-02 -9.975469030416919125e-01 -4.817865564528035804e+01 -4.954235081504549526e-02 9.974711688352101424e-01 5.104938750892999699e-02 -2.912126402115323476e+00 9.977416089606598870e-01 4.710154658016565271e-02 4.795639148496456255e-02 1.776145522229062124e+02
4.546464776079586073e-02 5.200557453531261254e-02 -9.976141788078842776e-01 -4.922477985533160449e+01 -5.310834555146958652e-02 9.973621902625677826e-01 4.957204139983959618e-02 -2.878850153036932369e+00 9.975565881696535353e-01 5.072776406329398274e-02 4.810656843481334044e-02 1.776552461435802854e+02
4.550318471956164151e-02 4.957220567291908964e-02 -9.977362981440106582e-01 -5.029273494417814305e+01 -5.626920032658625642e-02 9.973141026901313211e-01 4.698492114305691247e-02 -2.853809878298087188e+00 9.973815305545783438e-01 5.400374829816297073e-02 4.817027382703134575e-02 1.776978104151309594e+02
4.520197375693428554e-02 4.857562004049278959e-02 -9.977990052372417429e-01 -5.134761000783230145e+01 -5.970739937775247641e-02 9.971674646107719919e-01 4.583995808402573091e-02 -2.824242778603501591e+00 9.971953125030406095e-01 5.750380143053377552e-02 4.797417954845799998e-02 1.777360100186950262e+02
4.482759249356504938e-02 5.214152008533864263e-02 -9.976359124720173277e-01 -5.241184467628245613e+01 -6.345870484683070745e-02 9.967733784482680770e-01 4.924492608054290704e-02 -2.792678622059372895e+00 9.969805279318132429e-01 6.110101092729410682e-02 4.799169965244465957e-02 1.777764666484315796e+02
4.438663641485816880e-02 5.943572543033440875e-02 -9.972476568229088345e-01 -5.349135377731207086e+01 -6.008167736276295162e-02 9.965851953278332953e-01 5.672198711310416641e-02 -2.759731703965424998e+00 9.972094636223106656e-01 5.739848774427516037e-02 4.780598203552288705e-02 1.778215860223263860e+02
4.419281480252089389e-02 6.571651687371359019e-02 -9.968620780025752026e-01 -5.455050964869592889e+01 -5.769020808096649716e-02 9.963414926145935935e-01 6.312460844609717181e-02 -2.711221098771412485e+00 9.973592800532616875e-01 5.471941058096963656e-02 4.782225462501529800e-02 1.778665960589379438e+02
4.389363453840211537e-02 6.504247419758193982e-02 -9.969195057503468238e-01 -5.561751694956515735e+01 -5.912836757825510464e-02 9.963029059047588953e-01 6.239879400295113288e-02 -2.666460678458187239e+00 9.972882656810879709e-01 5.620719300694124870e-02 4.757713374819364655e-02 1.779071272235141521e+02
4.354835177087300335e-02 5.925091949096087524e-02 -9.972956196265814199e-01 -5.667067398877770756e+01 -6.103678604244713174e-02 9.965374748695516871e-01 5.654054509153709496e-02 -2.624563281822170691e+00 9.971884235754456816e-01 5.840934385018096281e-02 4.701397379409061328e-02 1.779428341188709624e+02
4.352791379947239941e-02 5.179719699271018857e-02 -9.977114101770134802e-01 -5.772291978072533425e+01 -6.157720267552912324e-02 9.969000915985897215e-01 4.906852831891463096e-02 -2.592176403317022260e+00 9.971560909755921021e-01 5.930029572495162243e-02 4.658243109093784806e-02 1.779831275919302414e+02
4.462679726333202562e-02 4.712271475829252904e-02 -9.978945774297507398e-01 -5.878847629007005793e+01 -6.165395427645825599e-02 9.971173562036634852e-01 4.432871601400908274e-02 -2.561205734354939700e+00 9.971027729601508183e-01 5.954576588269891446e-02 4.740337466362381375e-02 1.780276722931380391e+02
4.494292017241186682e-02 4.750637678702149258e-02 -9.978622004153783198e-01 -5.984513667002725157e+01 -6.011668763952347089e-02 9.971916522657706672e-01 4.476677223155089980e-02 -2.531493952761526334e+00 9.971824402120188502e-01 5.797609550492734132e-02 4.767254921674132090e-02 1.780711412113657275e+02
4.505639434151983980e-02 4.862786001192679480e-02 -9.978030598080991354e-01 -6.091252486095243768e+01 -5.975945570122612877e-02 9.971616970743019115e-01 4.589805633705969223e-02 -2.506115226454406653e+00 9.971987928015301206e-01 5.756004326161344442e-02 4.783440180403115971e-02 1.781206544387030704e+02
4.554209679863691768e-02 4.999301599962079762e-02 -9.977135414374360689e-01 -6.197027886328861257e+01 -5.583737767554790982e-02 9.973176007141586474e-01 4.742432443282023485e-02 -2.473935365035595080e+00 9.974040346599239992e-01 5.354979734712346506e-02 4.821132942913247676e-02 1.781692156219897640e+02
4.558034636165029380e-02 4.976950929345375779e-02 -9.977229695524870712e-01 -6.304253184351337325e+01 -5.492348872014203576e-02 9.973769516337727126e-01 4.724303020109853896e-02 -2.447563813946739053e+00 9.974530302390200998e-01 5.264496846468676855e-02 4.819421730375269414e-02 1.782177738130131388e+02
4.503276083425261644e-02 4.877040085146315540e-02 -9.977971714364982647e-01 -6.410037608090910055e+01 -5.267955492956975794e-02 9.975384832347561348e-01 4.638014081990472770e-02 -2.417379147720729815e+00 9.975989284643106414e-01 5.047478954440930143e-02 4.749103333658778736e-02 1.782638088051078853e+02
4.413436238358599967e-02 4.651530334532263944e-02 -9.979449801825052146e-01 -6.516435911703585759e+01 -5.329173986567845717e-02 9.976074862096974138e-01 4.414265849667957375e-02 -2.398156497929694098e+00 9.976065646314733470e-01 5.123391867484205359e-02 4.650757465897373960e-02 1.783063756626113161e+02
4.329699060483190032e-02 4.573423952298050210e-02 -9.980177627611334090e-01 -6.624074202486342244e+01 -5.145041968948205896e-02 9.977328510173029130e-01 4.348904162118463756e-02 -2.371260220868051327e+00 9.977399180463994988e-01 4.946539687263896978e-02 4.555180302769721440e-02 1.783521635036409805e+02
4.232119179823121830e-02 4.761914498908190879e-02 -9.979714660839348328e-01 -6.729938406403455531e+01 -4.915107994166895838e-02 9.977579771110033358e-01 4.552452892710630306e-02 -2.344252209393413278e+00 9.978976945789049813e-01 4.712463805226726338e-02 4.456677048270535346e-02 1.783990569669061870e+02
4.157860306791542893e-02 5.135735522306644069e-02 -9.978172966524481158e-01 -6.837960660563564375e+01 -4.641500683964617374e-02 9.977037974620485139e-01 4.941735204617013488e-02 -2.312222961813749755e+00 9.980599121495159487e-01 4.425891835814290548e-02 4.386681755711517583e-02 1.784437867666190414e+02
4.064229272697025830e-02 5.417592590213243797e-02 -9.977068158094632988e-01 -6.944706153661351777e+01 -4.631039989049005184e-02 9.975626726283032264e-01 5.228154371117160054e-02 -2.273533484826485651e+00 9.981033388380474713e-01 4.407928671739975296e-02 4.305208004027974433e-02 1.784870644705932250e+02
4.037756472889927895e-02 5.198738816099733595e-02 -9.978339956485274831e-01 -7.052587312610073411e+01 -4.678425124188696077e-02 9.976532720608555227e-01 5.008476939283641044e-02 -2.251922757721181778e+00 9.980919852954295290e-01 4.466054004553380447e-02 4.271493977200901959e-02 1.785282852432827667e+02
3.931701327881079178e-02 4.758556919555784193e-02 -9.980959411242800172e-01 -7.157114059937973138e+01 -4.990274296824264572e-02 9.977171518964725871e-01 4.560166957421413203e-02 -2.217734815753905409e+00 9.979832775069540363e-01 4.801471617744931808e-02 4.160185585155488919e-02 1.785596092290588786e+02
3.902856502799257471e-02 4.445293558825231389e-02 -9.982516892734155656e-01 -7.264082459671611502e+01 -5.233787322123598096e-02 9.977342823648813752e-01 4.238357529203734542e-02 -2.190029664797683129e+00 9.978698580557657793e-01 5.059210123511080626e-02 4.126666020220069730e-02 1.785939112198640544e+02
3.900655536797724421e-02 4.598104804037804472e-02 -9.981833298164723978e-01 -7.372263665676031508e+01 -5.362875167629935907e-02 9.976019793298497307e-01 4.385851812852597370e-02 -2.165800753432243653e+00 9.978021767423125299e-01 5.182045211071049928e-02 4.137887234315062307e-02 1.786322960857814337e+02
3.820883793100479653e-02 4.976550416350002809e-02 -9.980326699958632641e-01 -7.478563865754104256e+01 -5.194602537841134376e-02 9.975123055863781563e-01 4.775077724539902174e-02 -2.131245933936051440e+00 9.979220584644852288e-01 5.001923112367998719e-02 4.069886040392084459e-02 1.786694483504611242e+02
3.771722036879734952e-02 5.261581883072020960e-02 -9.979051652620497537e-01 -7.589383035849640180e+01 -4.903702485982124049e-02 9.975118990071896174e-01 5.074159098283633623e-02 -2.097310784169033049e+00 9.980879331382316311e-01 4.702038262195296081e-02 4.020345594909808390e-02 1.787096612556292712e+02
3.671379334958479318e-02 5.244799625785327019e-02 -9.979514206177605429e-01 -7.695506180167394916e+01 -5.046301442811738924e-02 9.974497413131567791e-01 5.056506861336353131e-02 -2.071626384933489717e+00 9.980542687914163436e-01 4.850310984729398062e-02 3.926680816474364955e-02 1.787417143981207062e+02
3.575110232353299888e-02 4.993669200537630137e-02 -9.981151869565274559e-01 -7.803174743404514402e+01 -5.244301299087158336e-02 9.974730906219936299e-01 4.802606056948109658e-02 -2.043489179740459072e+00 9.979871411283440796e-01 5.062708421551077170e-02 3.827956100240842430e-02 1.787787303554661946e+02
3.427213488933726626e-02 4.881317098037324387e-02 -9.982226386618660019e-01 -7.913538346014956915e+01 -5.514211283828118759e-02 9.973821078810095608e-01 4.687879492984976804e-02 -2.008593388840319349e+00 9.978935403600703857e-01 5.343735886964084969e-02 3.687404973306541295e-02 1.788071940602609970e+02
3.252639369310240253e-02 4.860316596546056939e-02 -9.982912938191251806e-01 -8.018907097021438801e+01 -5.995292421572278457e-02 9.971179094171768176e-01 4.659257717369631735e-02 -1.978575230887411829e+00 9.976745134329486620e-01 5.833486384531347962e-02 3.534653156369568089e-02 1.788323276389136822e+02
3.088779349972674282e-02 4.832411009833159632e-02 -9.983568831701232771e-01 -8.128826728174858829e+01 -5.742048824257925399e-02 9.972715053468619306e-01 4.649499243267531806e-02 -1.937988636159199585e+00 9.978755392587401740e-01 5.588989204791099119e-02 3.357829679181864591e-02 1.788660021182518562e+02
2.768679195576782825e-02 4.598562037284858323e-02 -9.985612179269578448e-01 -8.234806574581169514e+01 -6.011654842530727433e-02 9.972144699037054361e-01 4.425669716314938051e-02 -1.929460042597350267e+00 9.978107059254641698e-01 5.880459639485487860e-02 3.037416577978479387e-02 1.788861100725577842e+02
2.481705230311293323e-02 4.575273159810857443e-02 -9.986473580109217485e-01 -8.344726092078585111e+01 -5.983415537421053060e-02 9.972339264298075712e-01 4.420098970962262064e-02 -1.888341124827976447e+00 9.979031804870960309e-01 5.865615150329178684e-02 2.748599431863735232e-02 1.789142269401021679e+02
2.194091279357238133e-02 4.466522044378682527e-02 -9.987639153793065327e-01 -8.451143609033610460e+01 -5.436343584875645563e-02 9.975815026376562145e-01 4.341801534434692328e-02 -1.875850244045888182e+00 9.982835205986175797e-01 5.334349745988014452e-02 2.431602792993900475e-02 1.789367445870806534e+02
1.993919321494497243e-02 4.146490963180549799e-02 -9.989438609492452548e-01 -8.559293735447081986e+01 -5.315032284855281119e-02 9.977754496203625756e-01 4.035544724853556975e-02 -1.850025834537490033e+00 9.983908298881748467e-01 5.228942778625968874e-02 2.209874117397620658e-02 1.789610306008954694e+02
1.814009012349072220e-02 3.746652144245061350e-02 -9.991361022620970367e-01 -8.669392275651343027e+01 -5.324249371620132926e-02 9.979206886578299018e-01 3.645421836342489785e-02 -1.835778290748245389e+00 9.984202288705992245e-01 5.253510674651738072e-02 2.009722263564240469e-02 1.789742992453484476e+02
1.534180144778229428e-02 3.639793562478868538e-02 -9.992224847275668065e-01 -8.776716631873017604e+01 -5.411590686767270286e-02 9.979074324987872169e-01 3.551908296465106779e-02 -1.813377891735028946e+00 9.984201942524276729e-01 5.352879195197897400e-02 1.727945500677232835e-02 1.789838570430269442e+02
1.341620334458536873e-02 3.909399507216998471e-02 -9.991483477273372937e-01 -8.886614514411378707e+01 -5.411039978725014354e-02 9.978043021791807021e-01 3.831476277121483726e-02 -1.794744902123947217e+00 9.984482247678198030e-01 5.355016546201905175e-02 1.550219406219136530e-02 1.789963553769465818e+02
1.102498229289475620e-02 4.316209087194131794e-02 -9.990101318363412419e-01 -8.995101179592101914e+01 -5.393780274043975809e-02 9.976438200824490066e-01 4.250773851088853611e-02 -1.772810171465613482e+00 9.984868310279219061e-01 5.341565125383479495e-02 1.332713890578864080e-02 1.790011060410405719e+02
8.895155678552474701e-03 4.738711952591895260e-02 -9.988398775299357490e-01 -9.104522829787029536e+01 -5.347168270552970365e-02 9.974746181573388437e-01 4.684608885801044148e-02 -1.744407107627050424e+00 9.985331467171357778e-01 5.299283363206860886e-02 1.140663289966130541e-02 1.790115647670096450e+02
6.727351196047059133e-03 4.809913839688913922e-02 -9.988227983447940383e-01 -9.214578310464608535e+01 -5.345909974444361390e-02 9.974361519835711620e-01 4.767223323533077706e-02 -1.715067317378158762e+00 9.985507792632026813e-01 5.307534631721016333e-02 9.281521830834587802e-03 1.790141484016052686e+02
4.193725695743106933e-03 4.509027868032310093e-02 -9.989770014960779321e-01 -9.322347722382474444e+01 -5.396141876063229731e-02 9.975422901234647366e-01 4.479892188810705167e-02 -1.686908638559296847e+00 9.985376163134564997e-01 5.371822558852419605e-02 6.616648294448692139e-03 1.790120755875541363e+02
1.956207541550084462e-03 4.030073553246499990e-02 -9.991885698620437406e-01 -9.432348814105070289e+01 -5.388842418382186472e-02 9.977446914536435285e-01 4.013692815912164175e-02 -1.663824879298680726e+00 9.985484498228075489e-01 5.376606537081469323e-02 4.123645315452325287e-03 1.790095618223771794e+02
-7.492792757517532931e-04 3.755742489898974273e-02 -9.992970819111172132e-01 -9.541467028142956508e+01 -5.319973119124537381e-02 9.978825792915889670e-01 3.754408410051569833e-02 -1.640046667640881584e+00 9.985870144733431930e-01 5.319035441672124997e-02 1.250466984013209881e-03 1.790045567334708210e+02
-3.618848847967814052e-03 3.769484665845834054e-02 -9.992856362398848669e-01 -9.650838823709946723e+01 -5.279801867153986056e-02 9.978929861736930418e-01 3.783345011393299262e-02 -1.620982751196087035e+00 9.986020590829449706e-01 5.289710338597344852e-02 -1.620884449041528090e-03 1.789967763754168004e+02
-5.737593354169216557e-03 3.992564436845353476e-02 -9.991890734737065571e-01 -9.760286658845761565e+01 -5.319863522866316585e-02 9.977801903370006054e-01 4.017476022128430024e-02 -1.599588501537533514e+00 9.985708715737063867e-01 5.338588749163800107e-02 -3.600733466197899354e-03 1.789852135832983606e+02
-8.496981714205681380e-03 4.217211434341029686e-02 -9.990771248099671320e-01 -9.870457897555805005e+01 -5.374240122519888946e-02 9.976517748608197955e-01 4.256895029177447387e-02 -1.577581501693078758e+00 9.985220888788373106e-01 5.405439332223229559e-02 -6.210458788116599189e-03 1.789699557609590954e+02
-1.054767531274446168e-02 4.250852166956681222e-02 -9.990433226448425241e-01 -9.979022814344980929e+01 -5.468951486792265199e-02 9.975808007935185184e-01 4.302362543152515872e-02 -1.552658146437836173e+00 9.984511080458831067e-01 5.509087216937610249e-02 -8.197241555084356160e-03 1.789541683614282022e+02
-1.317891231783704584e-02 4.235840855675813282e-02 -9.990184534734477539e-01 -1.008830046156532489e+02 -5.511248438744254657e-02 9.975575318825187221e-01 4.302343424283804063e-02 -1.528478089219041047e+00 9.983965867867459210e-01 5.562526726623236162e-02 -1.081208861122606203e-02 1.789368216988100357e+02
-1.552661461716189212e-02 4.216134652612452127e-02 -9.989930601069624272e-01 -1.019743699299234692e+02 -5.335253846683701839e-02 9.976570624292057099e-01 4.293411337223202590e-02 -1.503747430030968113e+00 9.984584416670703177e-01 5.396532018727936975e-02 -1.324065552439376674e-02 1.789186257513659086e+02
-1.877265375139388487e-02 4.143463494056010693e-02 -9.989677412457492744e-01 -1.030675593318433272e+02 -5.223900201735687948e-02 9.977403035416960719e-01 4.236533470173345362e-02 -1.476760783178767245e+00 9.984615697698094872e-01 5.298027500216161145e-02 -1.656554987245533947e-02 1.788965532702930545e+02
-2.156240549961286820e-02 3.960449300993373195e-02 -9.989856559158564187e-01 -1.041686737794029654e+02 -5.140862992754204053e-02 9.978540162540707747e-01 4.066918211831329483e-02 -1.456477536683238982e+00 9.984483276293792953e-01 5.223330081044157830e-02 -1.947993487180426503e-02 1.788690902392920066e+02
-2.384159395192133463e-02 3.899994397519281758e-02 -9.989576452648570859e-01 -1.052670983045212552e+02 -5.222388733698716395e-02 9.978306079844877496e-01 4.020227814557818941e-02 -1.431705731694956851e+00 9.983541978557498586e-01 5.312782569058336485e-02 -2.175294767318727493e-02 1.788409839829630528e+02
-2.596974304042755019e-02 3.973729530815728328e-02 -9.988755248616321136e-01 -1.063898713630747039e+02 -4.911320855748711051e-02 9.979570219584446011e-01 4.097758339155103263e-02 -1.409130746076311835e+00 9.984589792206128855e-01 5.012205926552534829e-02 -2.396485567906894362e-02 1.788127817518812321e+02
-2.745747711545016775e-02 3.921005625603283390e-02 -9.988565726845296533e-01 -1.074891683018796869e+02 -5.039674306303192769e-02 9.979101629510266358e-01 4.055819129870998074e-02 -1.386922481599302204e+00 9.983552114142658640e-01 5.145263822593230951e-02 -2.542382469027021363e-02 1.787800487761525119e+02
-2.946773567549669168e-02 3.761506021174990111e-02 -9.988606280993602704e-01 -1.086004525958339144e+02 -4.736365601962262695e-02 9.981214333757615353e-01 3.898445046808467901e-02 -1.365313570328224202e+00 9.984464014750279448e-01 4.845838180122696848e-02 -2.763057232312809280e-02 1.787437645931334771e+02
-3.152871014061108673e-02 3.835564382554133150e-02 -9.987695341004367844e-01 -1.097046573586131188e+02 -4.688521589973124876e-02 9.981114279206014794e-01 3.981035711627329415e-02 -1.348583234837120726e+00 9.984060325418923076e-01 4.808260305321705730e-02 -2.967062995171372564e-02 1.787088823554686314e+02
-3.284349876691576575e-02 4.164370064234516888e-02 -9.985954662875553556e-01 -1.108029764335147576e+02 -4.221784459974488313e-02 9.981867893478603149e-01 4.301512403375476468e-02 -1.314274994735675772e+00 9.985719051805171942e-01 4.357124269519185855e-02 -3.102560882560987873e-02 1.786712536655128929e+02
-3.477910721159845064e-02 4.330609632342064669e-02 -9.984592103607609070e-01 -1.119183236468715421e+02 -3.940060584909055308e-02 9.982293490355877985e-01 4.466849324003569627e-02 -1.292755138158613537e+00 9.986214993239725946e-01 4.089336624932211894e-02 -3.301099965117736817e-02 1.786313039225488524e+02
-3.568274385155958961e-02 4.136734690096000033e-02 -9.985095309991208756e-01 -1.130089243817243130e+02 -4.397718491964282966e-02 9.981148168245349561e-01 4.292249774779159643e-02 -1.268529128613278711e+00 9.983985416543194047e-01 4.544315040501389902e-02 -3.379601325411538126e-02 1.785926346811015151e+02
-3.749004376953073148e-02 3.955895239401317071e-02 -9.985165944081666467e-01 -1.141220031448484207e+02 -4.500015966352344243e-02 9.981404279549825898e-01 4.123354701140160422e-02 -1.248533422244883617e+00 9.982867275591353895e-01 4.647916965251409210e-02 -3.563991325819396844e-02 1.785494944354717575e+02
-3.867169534831477185e-02 3.922348253320605271e-02 -9.984847629624109544e-01 -1.152299101812645148e+02 -4.277754586036953965e-02 9.982530601433392548e-01 4.087110452171466290e-02 -1.222863850096611360e+00 9.983393680235331802e-01 4.429320770611951813e-02 -3.692599329035051864e-02 1.785012587927519974e+02
-3.961219319138092887e-02 3.849828518883624540e-02 -9.984761188119782860e-01 -1.163402623628755777e+02 -4.017727315394538368e-02 9.983928115601536923e-01 4.008894489899963304e-02 -1.201763535770329128e+00 9.984105259081219597e-01 4.170399455189480881e-02 -3.800150870262038877e-02 1.784501421706031010e+02
-4.140289349510353073e-02 3.752795189094414174e-02 -9.984404123560197686e-01 -1.174598384654218108e+02 -4.201214370416114091e-02 9.983499687465341443e-01 3.926662632455261981e-02 -1.175323195375019614e+00 9.982623417833139667e-01 4.357230222750516774e-02 -3.975767576356999816e-02 1.784048887616098682e+02
-4.198570485886992526e-02 3.723760656666200153e-02 -9.984269465755579720e-01 -1.185763052623083809e+02 -4.078770189699548743e-02 9.984130613035965274e-01 3.895221651824511827e-02 -1.156581502921283811e+00 9.982887827042615791e-01 4.235891070583285012e-02 -4.039996437231629933e-02 1.783527540118600143e+02
-4.232081135181862963e-02 3.920083456218210333e-02 -9.983376460720866374e-01 -1.196974543277039658e+02 -3.860834247894265325e-02 9.984242493080802694e-01 4.084082149885939067e-02 -1.123582071218015566e+00 9.983612947548828886e-01 4.027252127352545785e-02 -4.074036786898981022e-02 1.783035755404371514e+02
-4.182081255370333206e-02 4.127918319396800539e-02 -9.982749451464054680e-01 -1.208168318995064254e+02 -3.478217343823771651e-02 9.984851714102545017e-01 4.274493606682973346e-02 -1.109434600160793316e+00 9.985229866993234893e-01 3.650975995571414251e-02 -4.032140151544208462e-02 1.782605147168632698e+02
-4.191722806306333315e-02 4.095071630512569366e-02 -9.982844318097040537e-01 -1.219379081770953519e+02 -3.379561640146019896e-02 9.985346095906680874e-01 4.237996104584480783e-02 -1.083579299579586097e+00 9.985528233412956922e-01 3.551404972383092468e-02 -4.047156550824079768e-02 1.782145827282765254e+02
-4.216962249414233505e-02 3.773463907626676411e-02 -9.984005428242659352e-01 -1.230536662244165029e+02 -3.582569403419037790e-02 9.985915792063934093e-01 3.925496419263203862e-02 -1.055267701314514417e+00 9.984714232073181872e-01 3.742371377211108074e-02 -4.075807498589333056e-02 1.781618825705622271e+02
-4.175857915847092788e-02 3.483348973333095372e-02 -9.985232491586596426e-01 -1.241739130782665512e+02 -3.545215570290660700e-02 9.987158667553209801e-01 3.632275882693301178e-02 -1.037035942974088742e+00 9.985020311353285383e-01 3.691654455626800641e-02 -4.046974960732625803e-02 1.781132557889564225e+02
-4.160854976092294433e-02 3.373681943500421443e-02 -9.985671663244981566e-01 -1.252878547765295849e+02 -3.832685232672537051e-02 9.986450691560808668e-01 3.533639284399408415e-02 -1.019140089177313246e+00 9.984020848874487486e-01 3.974217687913350616e-02 -4.025886428025887004e-02 1.780613073767057415e+02
-4.133168182345965669e-02 3.441503086244795256e-02 -9.985555209893436368e-01 -1.264128206312171443e+02 -4.123686865239815924e-02 9.985011047590762745e-01 3.611993878403400166e-02 -9.990047057955919740e-01 9.982976295377650189e-01 4.267013311556575733e-02 -3.985028200868984821e-02 1.780034413481872377e+02
-4.178764411986799626e-02 3.687988387691042147e-02 -9.984485464575203473e-01 -1.275421562313605222e+02 -4.041220578311820188e-02 9.984431490079059834e-01 3.857096825181859090e-02 -9.770867340072184604e-01 9.983123714603472365e-01 4.196123287337921726e-02 -4.023190749147759204e-02 1.779526584088661423e+02
-4.211476378332789511e-02 3.907347471574832559e-02 -9.983513643026331597e-01 -1.286683875422846199e+02 -4.064717186348678485e-02 9.983455064799331424e-01 4.078784729830074035e-02 -9.587615415739458857e-01 9.982890859129689431e-01 4.229786291562643435e-02 -4.045657556855414977e-02 1.779024324170962643e+02
-4.240251672317963544e-02 4.084559743290012979e-02 -9.982682522555992310e-01 -1.298005649637079273e+02 -4.089508555399336276e-02 9.982604556046099642e-01 4.258227006213797378e-02 -9.299007523400660835e-01 9.982667799526577790e-01 4.262979232808877111e-02 -4.065808602008634531e-02 1.778496187334606020e+02
-4.345453112366563092e-02 4.090439958302034829e-02 -9.982206047575675756e-01 -1.309288318323283136e+02 -4.137515407512329380e-02 9.982353855468911741e-01 4.270607811334132392e-02 -9.094952449651630966e-01 9.982017570769839976e-01 4.315723413139817971e-02 -4.168513621757199278e-02 1.777934052412263668e+02
-4.410861816238697414e-02 3.924981960911499285e-02 -9.982583460790175334e-01 -1.320515537668287038e+02 -4.214651602747586379e-02 9.982700211242332422e-01 4.111247652110246870e-02 -8.841715813135411217e-01 9.981407961426488340e-01 4.388645357306493466e-02 -4.237777626624663480e-02 1.777418010171233220e+02
-4.479644486102646317e-02 3.726222162387852338e-02 -9.983038869511777769e-01 -1.331939769143901344e+02 -4.323666782740216014e-02 9.983002467122302770e-01 3.920215508077180833e-02 -8.662496630297693567e-01 9.980635338157111125e-01 4.491937460322262959e-02 -4.310891253166432291e-02 1.776798603356068327e+02
-4.495774972271306819e-02 3.653492804951370687e-02 -9.983235180055907154e-01 -1.343274818676604241e+02 -4.531631736979840896e-02 9.982325484207484889e-01 3.857226996078992609e-02 -8.423609301518270032e-01 9.979640213426684836e-01 4.697438285778258310e-02 -4.322236195388602653e-02 1.776231298709904536e+02
-4.542595768779884163e-02 3.638051104336341435e-02 -9.983079628714948139e-01 -1.354636084783693093e+02 -4.645216709168215746e-02 9.981835307951133496e-01 3.848961817236563887e-02 -8.161305527203149834e-01 9.978905950521650414e-01 4.812190675349353741e-02 -4.365319093842159881e-02 1.775606844694836752e+02
-4.537641598447055696e-02 3.694717966051455638e-02 -9.982894060446221296e-01 -1.365987867404664087e+02 -4.639289808610930210e-02 9.981644755045565587e-01 3.905123736530381751e-02 -7.986396753649009916e-01 9.978956069859138411e-01 4.808545486007741177e-02 -4.357873955967225127e-02 1.775033823813404581e+02
-4.524073126606394102e-02 3.818997588430275009e-02 -9.982487972955533806e-01 -1.377439653735081038e+02 -4.740846861299758547e-02 9.980658491383833653e-01 4.033146404215022518e-02 -7.703074153734638108e-01 9.978540360108956175e-01 4.914997722984409956e-02 -4.334239902280567769e-02 1.774443804461544403e+02
-4.491066216738904410e-02 3.839367339747899038e-02 -9.982558878614938846e-01 -1.388821294990743809e+02 -4.531442201762604649e-02 9.981591933001833228e-01 4.042854098788997708e-02 -7.560192569908544824e-01 9.979662365034251970e-01 4.705097538258879580e-02 -4.308790239979167630e-02 1.773926314569459635e+02
-4.426149872866805973e-02 3.798747965208418287e-02 -9.983004216362113548e-01 -1.400234825895086885e+02 -4.414539240163536243e-02 9.982311692747362075e-01 3.994203979068242094e-02 -7.364527846701909297e-01 9.980476381900647009e-01 4.583817717396651559e-02 -4.250593940515014213e-02 1.773416304746202456e+02
-4.431877658163028283e-02 3.861026737390376579e-02 -9.982739915422438326e-01 -1.411632921701064731e+02 -4.362457445690887808e-02 9.982297541845371880e-01 4.054521502372675917e-02 -7.024448325678335214e-01 9.980679985074069061e-01 4.534611195115546139e-02 -4.255566415421330878e-02 1.772868627624193891e+02
-4.434377963836909353e-02 3.724370248014948620e-02 -9.983247992880114330e-01 -1.423054367185241915e+02 -3.951158518452417556e-02 9.984624205970076272e-01 3.900379758244704870e-02 -6.806623183425337675e-01 9.982381767750440060e-01 4.117490828963382699e-02 -4.280373891888703680e-02 1.772368919143355015e+02
-4.454385085745876660e-02 3.334928602605523318e-02 -9.984535743552114262e-01 -1.434426815314753583e+02 -4.350055694397213929e-02 9.984347954459342755e-01 3.528926967819995264e-02 -6.731707934168423835e-01 9.980633973742314424e-01 4.500512818914693958e-02 -4.302311520369399983e-02 1.771827087002133112e+02
-4.482822597759052868e-02 3.276082669427398536e-02 -9.984603287497921809e-01 -1.445795187228111160e+02 -4.647844320474095459e-02 9.983162891675491091e-01 3.484278702283601092e-02 -6.506976493491876123e-01 9.979164242456448619e-01 4.796873138118057378e-02 -4.322977237084899005e-02 1.771242897216790766e+02
-4.469199329788506314e-02 3.521477948153682591e-02 -9.983829004620237146e-01 -1.457217343922754367e+02 -4.319681007238022896e-02 9.983805549029907134e-01 3.714830295717964914e-02 -6.276477423846019699e-01 9.980699776288407543e-01 4.478711029545394406e-02 -4.309814374204735954e-02 1.770666348991089762e+02
-4.482969788953711926e-02 3.692054297707506733e-02 -9.983151058487398366e-01 -1.468555337633992792e+02 -4.376761635311463006e-02 9.982895683849571933e-01 3.888492652914458253e-02 -6.061989122006297137e-01 9.980389348551422790e-01 4.543699057149588882e-02 -4.313679245633884191e-02 1.770101383830499913e+02
-4.500327833620539064e-02 3.689393041538260865e-02 -9.983082813747503614e-01 -1.479955978297157628e+02 -4.041866881018715135e-02 9.984371593655240185e-01 3.872067764048485461e-02 -5.917324733535765935e-01 9.981723672307258877e-01 4.209278016180415666e-02 -4.344143417044334099e-02 1.769592030160512479e+02
-4.536559306790062529e-02 3.665447238284955112e-02 -9.983007035330905277e-01 -1.491367924468921444e+02 -3.786532357101837776e-02 9.985502442478754181e-01 3.838427112876709874e-02 -5.732786174607197305e-01 9.982560908930996346e-01 3.954224609847037386e-02 -4.391158190122090854e-02 1.769113289739229060e+02
-4.619234164711291668e-02 3.707873313520700098e-02 -9.982471223723697884e-01 -1.502692138821480228e+02 -3.478137752904580937e-02 9.986501187080689679e-01 3.870308679580017341e-02 -5.499309197307278296e-01 9.983303931124800634e-01 3.650815052413036721e-02 -4.484002505847893560e-02 1.768587120972509297e+02
-4.658010818884018162e-02 3.722038703518776998e-02 -9.982238329779444808e-01 -1.514032995828594892e+02 -3.344079574879912226e-02 9.986922206615503894e-01 3.879822791132064852e-02 -5.292513171017512175e-01 9.983581845433290303e-01 3.518858537612946230e-02 -4.527419416826180404e-02 1.768043762924263831e+02
-4.703149945937813020e-02 3.584660839376197644e-02 -9.982529463090773492e-01 -1.525356891124609433e+02 -3.561867442934003869e-02 9.986650329577704266e-01 3.753946590790167848e-02 -5.098923350066046911e-01 9.982616958007918262e-01 3.732193574493709864e-02 -4.569158228442787850e-02 1.767444784931169011e+02
-4.713223101983737146e-02 3.518036951062587098e-02 -9.982718972330809626e-01 -1.536694469859328649e+02 -3.574604658563946408e-02 9.986849616530150131e-01 3.688256233686484226e-02 -4.922637889900515762e-01 9.982523951224959724e-01 3.742258243035759269e-02 -4.581236650016235618e-02 1.766866526548800493e+02
-4.731533142925899160e-02 3.715295157501175699e-02 -9.981917677289910973e-01 -1.547970582160157562e+02 -3.573094072619314304e-02 9.986104298467105567e-01 3.886214668190399180e-02 -4.742897845796127387e-01 9.982442741524530927e-01 3.750505671374129713e-02 -4.592174818181535972e-02 1.766292805944611359e+02
-4.758722472889571203e-02 4.171344740100377951e-02 -9.979986641820363102e-01 -1.559334361725146891e+02 -3.430796259033495887e-02 9.984747557882983626e-01 4.336916999714767601e-02 -4.484804096854773658e-01 9.982812688072640883e-01 3.630307399568360321e-02 -4.608321212514634307e-02 1.765725669278358225e+02
-4.735328069557709352e-02 4.517812977954866610e-02 -9.978589555956344226e-01 -1.570749465002643035e+02 -3.192771110815824376e-02 9.984026394593460418e-01 4.671779969715531000e-02 -4.144940949317532097e-01 9.983713539758983790e-01 3.407155694391372780e-02 -4.583487951176500735e-02 1.765212390392143789e+02
-4.714654765313732593e-02 4.218175704928441710e-02 -9.979999019240243241e-01 -1.581890216576505281e+02 -3.028903861996451452e-02 9.985930617631580963e-01 4.363764190816369487e-02 -4.070249126004801266e-01 9.984321961958417813e-01 3.228579312736081647e-02 -4.580224327460027944e-02 1.764667421949163497e+02
-4.663150934099184047e-02 3.239174526297752127e-02 -9.983897945312641964e-01 -1.593085775148339565e+02 -3.407010281706374100e-02 9.988459114481077483e-01 3.399777463257115662e-02 -3.878413034781562074e-01 9.983345148443902861e-01 3.560056892830510550e-02 -4.547377705274985304e-02 1.764077241259337541e+02
-4.624912351977140956e-02 2.526366191905820083e-02 -9.986133799068315220e-01 -1.604188254468558625e+02 -3.723127203309923444e-02 9.989468545276461997e-01 2.699633167311237675e-02 -3.735546486309780922e-01 9.982394124102262900e-01 3.842815148023913385e-02 -4.525949619674662916e-02 1.763448507061423811e+02
-4.596585339454283686e-02 2.724600653351069365e-02 -9.985743407634323221e-01 -1.615368833679592626e+02 -3.476097365572049930e-02 9.989838469488228068e-01 2.885720756181165553e-02 -3.669735190383746071e-01 9.983415693592736506e-01 3.603782082200177039e-02 -4.497172595968158826e-02 1.762878503404869548e+02
-4.553763452899046299e-02 3.475980888306348660e-02 -9.983606566237502866e-01 -1.626585531379027145e+02 -3.190203267239648255e-02 9.988389913116958452e-01 3.623152032386279392e-02 -3.478938530105079585e-01 9.984566384200252998e-01 3.349959970117958458e-02 -4.437553760617482523e-02 1.762388075536262306e+02
-4.518783239490315601e-02 4.209744692651305048e-02 -9.980940793157526691e-01 -1.637699088035227248e+02 -2.990519621678364159e-02 9.986118185872785435e-01 4.347314410302049320e-02 -3.289775422313227504e-01 9.985343333649391306e-01 3.181263095522255530e-02 -4.386585142635771734e-02 1.761862102914408297e+02
-4.521119990932932070e-02 4.532679705851859475e-02 -9.979515852009431809e-01 -1.648816164555119883e+02 -2.956142711914623925e-02 9.984768360649224350e-01 4.668983347036918807e-02 -3.029097289768218904e-01 9.985435122067018998e-01 3.161175077946936501e-02 -4.380209032558741999e-02 1.761342834836292752e+02
-4.523078011983892172e-02 4.370312104946619258e-02 -9.980231235206088458e-01 -1.659791068142380936e+02 -2.727114744583008024e-02 9.986211676401521853e-01 4.496517710734481560e-02 -2.651499900471200322e-01 9.986078018939026357e-01 2.925103106120910054e-02 -4.397626273638870209e-02 1.760804542602711820e+02
-4.481050094717686089e-02 3.526271947110438260e-02 -9.983759353244188173e-01 -1.670713471401738275e+02 -2.664013299837916793e-02 9.989841605873124308e-01 3.647983116653916863e-02 -2.690858000464924071e-01 9.986437827294484260e-01 2.823153867379583903e-02 -4.382526413434239404e-02 1.760320022211422497e+02
-4.459020703837945909e-02 2.632547582778374529e-02 -9.986614206162403029e-01 -1.681562696363664315e+02 -2.715468744360842804e-02 9.992563508397968031e-01 2.755354403496366317e-02 -2.610967019323889304e-01 9.986397843441546796e-01 2.834694902809798897e-02 -4.384187556470393876e-02 1.759804805248357411e+02
-4.622570655991802696e-02 2.702300496156662818e-02 -9.985684214267874781e-01 -1.692385393787901364e+02 -2.866307239970201579e-02 9.991914736327073276e-01 2.836666543734506565e-02 -2.612051867779025538e-01 9.985232620300937834e-01 2.993329338589537439e-02 -4.541345357406729316e-02 1.759272313382324171e+02
-4.743157292122945207e-02 3.988698572802498732e-02 -9.980807711344211741e-01 -1.703312962304750044e+02 -1.678391783541861859e-02 9.990344411636851163e-01 4.072264578975872545e-02 -2.194360378246367205e-01 9.987370261759767054e-01 1.868327620396727923e-02 -4.671599042661820494e-02 1.758852184215838292e+02
-4.737440392498559749e-02 5.516036917711675258e-02 -9.973559803343938768e-01 -1.714131102859971350e+02 -6.843132697594436244e-03 9.984376587615361176e-01 5.554517152222920168e-02 -1.894772076745661615e-01 9.988573193942431594e-01 9.456527310329952002e-03 -4.692259068843945835e-02 1.758436157881337749e+02
-4.720597313487531754e-02 5.912556248782756957e-02 -9.971367589048661939e-01 -1.724872876648597071e+02 -8.988099544914383843e-03 9.981860241662247057e-01 5.961321887678001918e-02 -1.574120331737456635e-01 9.988482990600329181e-01 1.177652266383451274e-02 -4.658858828827872750e-02 1.757871221396184467e+02
-4.707458358354544431e-02 5.364501158851692902e-02 -9.974528307446012265e-01 -1.735393079655923145e+02 -1.298439741177702389e-02 9.984445847068105229e-01 5.431107477457984556e-02 -1.255878378357493386e-01 9.988105513270119085e-01 1.550803825580942576e-02 -4.630448484934704401e-02 1.757261862229498774e+02
-4.740882025966919322e-02 4.198420939937879542e-02 -9.979958339538143042e-01 -1.745726022595130758e+02 -2.230738903850350632e-02 9.988275525358657481e-01 4.307881723735783319e-02 -1.061674284928260936e-01 9.986300206603400120e-01 2.430500460334065679e-02 -4.641634563423894383e-02 1.756610134753339025e+02
-4.780074685612179658e-02 3.091255908974023525e-02 -9.983814207479222436e-01 -1.756071881205042189e+02 -2.764646619404105207e-02 9.991020775205439186e-01 3.225846418563641654e-02 -1.052642579860509908e-01 9.984777936951836352e-01 2.914368495957274374e-02 -4.690286333280340586e-02 1.756080217427358718e+02
-4.863248979942873251e-02 2.768702305211662856e-02 -9.984359122896071526e-01 -1.766352105213356083e+02 -3.059386061243335106e-02 9.991103655381277093e-01 2.919583861013472226e-02 -9.491390103128913291e-02 9.983516644745034085e-01 3.196585286552072053e-02 -4.774182753615159591e-02 1.755491178830216086e+02
-4.863797605598049051e-02 3.442139687429875833e-02 -9.982261650750204884e-01 -1.776632436629368215e+02 -2.583829087683955222e-02 9.990331470668593061e-01 3.570810559656147770e-02 -7.155090649523061785e-02 9.984857988148536645e-01 2.752922318815247821e-02 -4.770121292553385767e-02 1.755000367693996282e+02
-4.914042636643205925e-02 4.389856060935214827e-02 -9.978296981349740191e-01 -1.786999927533486243e+02 -2.770682435798489315e-02 9.985942492312951391e-01 4.529660968127537102e-02 -5.603228276421376441e-02 9.984110934358655376e-01 2.987257087763398739e-02 -4.785470904641699053e-02 1.754423832718932204e+02
-4.952058490948984398e-02 5.099128062026059283e-02 -9.974735981084523750e-01 -1.797142483820904886e+02 -2.799355236274236186e-02 9.982376643299968322e-01 5.242003530676671991e-02 -2.627710411624251466e-02 9.983843127800556827e-01 3.051867908487435402e-02 -4.800553588071063138e-02 1.753867568011620222e+02
-4.991265039523331420e-02 5.159199629181791119e-02 -9.974231710351795233e-01 -1.807262871016799863e+02 -2.916349561070227109e-02 9.981687735026837371e-01 5.308987830984599615e-02 1.987190488909676422e-03 9.983312987520148729e-01 3.173817801755632328e-02 -4.831629682880510951e-02 1.753306286405981496e+02
-5.109761591146366744e-02 4.947608450865229740e-02 -9.974703709308907484e-01 -1.817296815130804646e+02 -2.912145795276490853e-02 9.982785590366567430e-01 5.100791027453432935e-02 2.766759017605675830e-02 9.982725779570592595e-01 3.165415003918797821e-02 -4.956848557152368495e-02 1.752739258326384117e+02
-5.134052839572281202e-02 4.823050555335240547e-02 -9.975189039226847187e-01 -1.827157275869210196e+02 -2.793944193409427651e-02 9.983778160542752245e-01 4.970995580551836740e-02 5.360565452528343044e-02 9.982938976812449905e-01 3.042223888665575998e-02 -4.990936034977642988e-02 1.752219352924949476e+02
-5.163406570043922034e-02 4.574774544363527373e-02 -9.976207025824900265e-01 -1.837047915997901555e+02 -2.592151557407048820e-02 9.985572532079688424e-01 4.713224631120221941e-02 6.834805545767780321e-02 9.983331952111830221e-01 2.829346213789894066e-02 -5.037336981051864643e-02 1.751672329187476009e+02
-5.145327260384379570e-02 4.066440060719396510e-02 -9.978501733260014550e-01 -1.846821951669535053e+02 -2.694084514833752081e-02 9.987555019095396558e-01 4.209040365809499362e-02 9.446967704051857651e-02 9.983155425248451120e-01 2.904860579778445126e-02 -5.029335588495659898e-02 1.751153349801964509e+02
-5.084540325731369548e-02 3.885206159909326828e-02 -9.979535393416026912e-01 -1.856516793194358854e+02 -2.685046957059411543e-02 9.988336262312994540e-01 4.025427530833463469e-02 1.170979605560282938e-01 9.983491215195625657e-01 2.884225663011500199e-02 -4.974255488543957715e-02 1.750673737080376213e+02
-4.936619572978558079e-02 4.080559455150750692e-02 -9.979498431555663407e-01 -1.866318554577993041e+02 -2.556801458260384713e-02 9.987909900664856400e-01 4.210470522049231806e-02 1.385609160418950769e-01 9.984570233993009802e-01 2.759414119802830467e-02 -4.826285376080397677e-02 1.750159465454561882e+02
-4.772495517425189016e-02 3.985100836746074959e-02 -9.980682514949836825e-01 -1.875862505528831718e+02 -2.689749803460266681e-02 9.987952007702174395e-01 4.116613007774309885e-02 1.529444586241220927e-01 9.985018935479502700e-01 2.881018205393547429e-02 -4.659523374336740215e-02 1.749650412113608411e+02
-4.657420717078154804e-02 3.538138073927514504e-02 -9.982910475153726759e-01 -1.885417741726737120e+02 -2.998693601801592085e-02 9.988775951960180421e-01 3.680110715868957494e-02 1.719998554051624384e-01 9.984682312828464523e-01 3.164965159679640483e-02 -4.546062382034495031e-02 1.749108494438077344e+02
-4.557116424646913411e-02 3.347186554932739255e-02 -9.984031839769460515e-01 -1.894869278641968151e+02 -3.190027113972103423e-02 9.988850204999556448e-01 3.494400584338684668e-02 1.856018021443174848e-01 9.984552220261867506e-01 3.344174327306947969e-02 -4.445226724520012079e-02 1.748631378245998462e+02
-4.563199813600947452e-02 3.498243727378983620e-02 -9.983486250262607609e-01 -1.904405596985884870e+02 -3.196714766075986480e-02 9.988286912710309107e-01 3.646032562962939205e-02 2.016740045921068258e-01 9.984503051915037952e-01 3.357808662259911814e-02 -4.445993251834964161e-02 1.748123026296023284e+02
-4.599163344716018786e-02 3.705831358874194653e-02 -9.982572211750545543e-01 -1.913794440705515001e+02 -3.198969181995483385e-02 9.987494915800876338e-01 3.855034378277565760e-02 2.094579791884795261e-01 9.984330851141697272e-01 3.370690443232840505e-02 -4.474830987781877600e-02 1.747633221004059578e+02
-4.684715163275341571e-02 3.855186773434853692e-02 -9.981608732679871920e-01 -1.923165425718689505e+02 -3.086451944232980124e-02 9.987270008478469352e-01 4.002224253032349993e-02 2.220115004986517038e-01 9.984287285186143057e-01 3.268265700663801343e-02 -4.559729794481098136e-02 1.747181060156544845e+02
-4.825232926854260834e-02 3.834791864043613635e-02 -9.981017889690757539e-01 -1.932390631993103227e+02 -3.301217605101174762e-02 9.986606066098790979e-01 3.996526230240412397e-02 2.382283154722323881e-01 9.982931040566843661e-01 3.487789280447563950e-02 -4.692141270721049418e-02 1.746680419385761240e+02
-5.083259477223592976e-02 3.592453212838827431e-02 -9.980638790901104063e-01 -1.941652756460690625e+02 -3.649068741942505106e-02 9.986237477782692329e-01 3.780312799394712486e-02 2.537021650183760579e-01 9.980439334654849226e-01 3.834161734573625357e-02 -4.945137469250480977e-02 1.746149145810353218e+02
-5.430872389425462493e-02 3.502583836276732671e-02 -9.979127140422454634e-01 -1.950838923124366602e+02 -3.944319757402683230e-02 9.985343622384156292e-01 3.719417596170942336e-02 2.662656895587795503e-01 9.977484763360295883e-01 4.138077280996660390e-02 -5.284723039986658627e-02 1.745551088696337843e+02
-5.789278345183234559e-02 3.647317534331468575e-02 -9.976593431546009194e-01 -1.959994369984615332e+02 -3.922854473027889005e-02 9.984825109571066060e-01 3.877957492982272991e-02 2.742400890147375647e-01 9.975554051481055895e-01 4.138171772521531677e-02 -5.637375986841393349e-02 1.744983635591695474e+02
-6.175632274819036621e-02 3.881363355296532647e-02 -9.973393055055337353e-01 -1.969115426981349799e+02 -3.617646607086983518e-02 9.985049827062528749e-01 4.109901172734418962e-02 2.958139679773713615e-01 9.974390542554196770e-01 3.861828302332881435e-02 -6.025945608262744252e-02 1.744306161396695245e+02
-6.600186408694705409e-02 4.081277411307619729e-02 -9.969875141784679817e-01 -1.978228825071428787e+02 -3.409348669323979120e-02 9.984925634920660542e-01 4.313134511863905146e-02 3.091205326916465768e-01 9.972405165191469134e-01 3.683748478225917777e-02 -6.451050082780040995e-02 1.743706537001920935e+02
-7.061791346539046665e-02 4.232348899232919043e-02 -9.966081800825926651e-01 -1.987206737269332280e+02 -2.944714928392123954e-02 9.985806211564751678e-01 4.449375414536503592e-02 3.300691570624458282e-01 9.970723362105131660e-01 3.248929958808566276e-02 -6.927093261478664554e-02 1.743117045611547837e+02
-7.630471682363607067e-02 3.981853474723918984e-02 -9.962921794239351092e-01 -1.996202416197188256e+02 -2.991500743710850604e-02 9.986660908413410587e-01 4.220449043631618880e-02 3.423821356163481155e-01 9.966393292470663301e-01 3.302446129662110763e-02 -7.501129519261309775e-02 1.742322474997229449e+02
-8.226577439062487951e-02 3.478256325873472360e-02 -9.960062991252337516e-01 -2.005072288816825505e+02 -3.161555823453631592e-02 9.988017558522751527e-01 3.749141977310028323e-02 3.548887898723893652e-01 9.961124831637869770e-01 3.457352151003505875e-02 -8.106703768401908594e-02 1.741555489756621569e+02
-8.832876269188534579e-02 3.235038564931472238e-02 -9.955689400258658228e-01 -2.013858151653212474e+02 -2.804594673376366309e-02 9.990005097205972850e-01 3.495010788719831590e-02 3.683630566462363642e-01 9.957001262147564535e-01 3.100875470568129760e-02 -8.733266294851235734e-02 1.740731292019696070e+02
-9.484484061046331849e-02 3.543796149519840011e-02 -9.948641328198521983e-01 -2.022747264625994603e+02 -2.492806289269236530e-02 9.989733130866637056e-01 3.796076382384969139e-02 3.840248635997487447e-01 9.951835690848139793e-01 2.840041057541549049e-02 -9.386351655894653589e-02 1.739842979703308856e+02
-1.014984047369631714e-01 4.039563034810410291e-02 -9.940182614155589347e-01 -2.031537694467008066e+02 -2.304765767142594179e-02 9.988166713318566980e-01 4.294393567162174685e-02 4.012493868872638036e-01 9.945723586150707618e-01 2.726853030534013775e-02 -1.004466996061640083e-01 1.738883911235416520e+02
-1.086095172829450450e-01 4.327868498352452353e-02 -9.931449870340905983e-01 -2.040280401060994961e+02 -2.344027738461845409e-02 9.986676528493765304e-01 4.608268332241591964e-02 4.187918118009927304e-01 9.938117754397894910e-01 2.828460386540385813e-02 -1.074497423876372842e-01 1.737852841712694101e+02
-1.152142977445405198e-01 4.234887751746563983e-02 -9.924405652643243370e-01 -2.048888922514293824e+02 -2.306913491775449201e-02 9.987123553408155940e-01 4.529456852125567090e-02 4.339114554027308501e-01 9.930764369195647090e-01 2.811331993230899162e-02 -1.140883553092792296e-01 1.736788427555688372e+02
-1.210768195395079544e-01 3.815909997467999831e-02 -9.919124581278347952e-01 -2.057505425806498920e+02 -2.542428712886814907e-02 9.988188955181235285e-01 4.152810812061439455e-02 4.525998150937566855e-01 9.923211931165900612e-01 3.024674230850718168e-02 -1.199629850269085113e-01 1.735667077249177055e+02
-1.255982922163421944e-01 3.455778364409010928e-02 -9.914821564047476832e-01 -2.066017799494110250e+02 -2.765169733930064946e-02 9.988879976650065773e-01 3.831867959198933388e-02 4.732395943682806694e-01 9.916994495677277088e-01 3.222890102543913421e-02 -1.245023627775427716e-01 1.734465298513117375e+02
-1.283703646789068342e-01 3.375285036809768519e-02 -9.911547974032950403e-01 -2.074524963825131749e+02 -3.315878145481274131e-02 9.987208802653559925e-01 3.830502261502774508e-02 4.848238128877071507e-01 9.911755125203918215e-01 3.778266686612753722e-02 -1.270862662724729641e-01 1.733260513715930529e+02
-1.299380984063343014e-01 3.663582770523855781e-02 -9.908480940718584762e-01 -2.083015889225905539e+02 -3.729792643390261730e-02 9.984343706655431916e-01 4.180743455832232336e-02 5.039324757760619278e-01 9.908240601928339775e-01 4.238888935662924601e-02 -1.283675259654535050e-01 1.732009848856550605e+02
-1.296235193196513535e-01 3.844370779542111843e-02 -9.908208039909521814e-01 -2.091464429440083848e+02 -3.966104230009841886e-02 9.982525602859455560e-01 4.392061515699643287e-02 5.148686290535444687e-01 9.907734905555518612e-01 4.499005055174516710e-02 -1.278715956214736549e-01 1.730814808790052837e+02
-1.291938148103654316e-01 3.881584743583089969e-02 -9.908624169506716761e-01 -2.099874251309710473e+02 -4.450457147612717212e-02 9.980048500571836456e-01 4.489830733972520471e-02 5.301752328427316030e-01 9.906238786069083702e-01 4.989838952430933339e-02 -1.272078768782526903e-01 1.729626536665120113e+02
-1.285585246045301555e-01 3.988205730221218437e-02 -9.909027038370266105e-01 -2.108203690427716595e+02 -4.605565530234848048e-02 9.978779323164240767e-01 4.613792813687817712e-02 5.498112913029382653e-01 9.906356313012787407e-01 5.156798860289229375e-02 -1.264482288617707617e-01 1.728468592923750009e+02
-1.272347402187031795e-01 4.199404777162343838e-02 -9.909863078148302140e-01 -2.116511445296043235e+02 -4.532052813958944298e-02 9.978188331609703088e-01 4.810230208484884279e-02 5.665928968627377271e-01 9.908404252388463007e-01 5.103220006294496153e-02 -1.250533408624152909e-01 1.727370535575127519e+02
-1.259115654383398952e-01 4.360687809294844924e-02 -9.910856468884867709e-01 -2.124669904408660841e+02 -4.900227995741887610e-02 9.975456500575120566e-01 5.011648700298504400e-02 5.959160078366166902e-01 9.908342122198863233e-01 5.487557808510958035e-02 -1.234650182478273794e-01 1.726236924270173745e+02
-1.228705247554376379e-01 4.095465848585616575e-02 -9.915803509483467337e-01 -2.132700284824079802e+02 -5.542456401183481346e-02 9.973107119168024282e-01 4.805913190795581269e-02 6.074054242799404868e-01 9.908775621650164345e-01 6.086280998316526830e-02 -1.202695284663367198e-01 1.725128213774758592e+02
-1.178213306254678877e-01 3.851408607360197467e-02 -9.922907069136910341e-01 -2.140583752446279959e+02 -6.021247164362553833e-02 9.971370621686620472e-01 4.585154652232579370e-02 6.302428779857475183e-01 9.912113751780766702e-01 6.515039627237757813e-02 -1.151643373309870211e-01 1.724079163846283791e+02
-1.094620004059816964e-01 3.794569580226708067e-02 -9.932694718402811374e-01 -2.148321837867378861e+02 -6.529941331523306247e-02 9.968430590543331249e-01 4.527838338085168196e-02 6.495121120779074886e-01 9.918474978779346918e-01 6.981598545157242930e-02 -1.066379895697289054e-01 1.723145557613994185e+02
-9.786293188102851426e-02 3.863284769638165167e-02 -9.944528150760805207e-01 -2.156023588225174592e+02 -6.970028109274524486e-02 9.965316021247778711e-01 4.557265539779532804e-02 6.653142190838222669e-01 9.927598512673431186e-01 7.377330698289405464e-02 -9.483022050196014685e-02 1.722326243544215458e+02
-8.534900103087869616e-02 3.917860088724087891e-02 -9.955835663759625698e-01 -2.163696463976560551e+02 -7.145299039843609756e-02 9.964182231661870004e-01 4.533686727048782950e-02 6.825118370084283237e-01 9.937894293142851554e-01 7.500666654647755727e-02 -8.224336184050735910e-02 1.721654254771150079e+02
-7.248386235389030208e-02 3.926642257974682915e-02 -9.965993631491295579e-01 -2.171158166157940173e+02 -7.228217832512694174e-02 9.963954551215261635e-01 4.451548301243540839e-02 6.955701641134812707e-01 9.947506195239228521e-01 7.526281314563766645e-02 -6.938387355366575082e-02 1.721117155824482552e+02
-6.007379599265548487e-02 3.973926363334286116e-02 -9.974056262580767163e-01 -2.178548894047076772e+02 -7.088448388102265574e-02 9.965199423263056966e-01 4.397327663273688236e-02 7.070673843177751605e-01 9.956776365779572702e-01 7.334201911349198799e-02 -5.704743549347741222e-02 1.720718559709419253e+02
-4.751688481501437078e-02 4.018493549895670730e-02 -9.980648126583895330e-01 -2.185884031825968066e+02 -6.977268315951985767e-02 9.966214235608905625e-01 4.344855381474938688e-02 7.208879327298185480e-01 9.964343202638554775e-01 7.170200135965876242e-02 -4.455218520995341686e-02 1.720433290337580843e+02
-3.511362671428817916e-02 4.149544223871413917e-02 -9.985245208696676977e-01 -2.193073074467826018e+02 -7.146879796413634078e-02 9.964804027997697933e-01 4.392365636662384776e-02 7.317193533833580288e-01 9.968283100738427605e-01 7.290546325793416382e-02 -3.202411518167968402e-02 1.720171334452387271e+02
-2.206626847717004652e-02 4.206067508778847663e-02 -9.988743852300655535e-01 -2.200229462220611651e+02 -7.286880218630090167e-02 9.963947095258031128e-01 4.356593989801194750e-02 7.485790147327181510e-01 9.971011240565134104e-01 7.374791122779339458e-02 -1.892156245739728265e-02 1.720001571468197028e+02
-7.944942608822350150e-03 4.372185975525442331e-02 -9.990151862599478960e-01 -2.207152138762877485e+02 -7.342631030172312723e-02 9.963263863837107381e-01 4.418805028724480388e-02 7.560486966903252615e-01 9.972727259962543833e-01 7.370486736008764750e-02 -4.705240975036094689e-03 1.719945630277969713e+02
6.905522944094529859e-03 4.396784937902659812e-02 -9.990121161645182379e-01 -2.214058573357834518e+02 -7.254621176851339115e-02 9.964275599269422079e-01 4.335255579985501651e-02 7.720233874973849719e-01 9.973448731082538155e-01 7.217497574938919191e-02 1.007067018470282453e-02 1.720036106847792041e+02
2.118107335376463035e-02 4.424635523419517130e-02 -9.987991276897153492e-01 -2.220745403958428881e+02 -7.285028461001483158e-02 9.964379731557125863e-01 4.259677270179518943e-02 7.758230467984683631e-01 9.971216762198903405e-01 7.186035739587744164e-02 2.432903760281598243e-02 1.720209715491613736e+02
3.561968371147898604e-02 4.424877684705757347e-02 -9.983883850480136379e-01 -2.227375478753524476e+02 -7.297725056519252518e-02 9.964724604295774890e-01 4.156015345005689698e-02 7.968883720990270758e-01 9.967010600815792154e-01 7.137908036157740443e-02 3.872317480559873959e-02 1.720510268045514124e+02
5.084669580411355083e-02 4.389725897395534843e-02 -9.977443197712535516e-01 -2.233937127208020570e+02 -6.955318565155359234e-02 9.967686681856766651e-01 4.030970142958615471e-02 8.027208524706790360e-01 9.962853057559376557e-01 6.734649896179681350e-02 5.373550891217929171e-02 1.720909442848309823e+02
6.570672296448631933e-02 4.311168537046453086e-02 -9.969102737256497759e-01 -2.240247916730143913e+02 -7.034534907662247372e-02 9.967857911100693746e-01 3.846972851371092267e-02 8.135140916396563782e-01 9.953600351416849179e-01 6.760009775838679569e-02 6.852809346415260350e-02 1.721401817154858236e+02
8.106811313425972554e-02 4.257483714796432561e-02 -9.958019024416371323e-01 -2.246620028089470225e+02 -6.596581767363562943e-02 9.971310948421214793e-01 3.726130943167209331e-02 8.213287781332287985e-01 9.945269816308579536e-01 6.266802064070822742e-02 8.364381415451464796e-02 1.722027415365839147e+02
9.595946090199893030e-02 4.012851508766297759e-02 -9.945790920404120605e-01 -2.252650328972472096e+02 -6.596743754016064221e-02 9.972518901908143940e-01 3.387156598877679586e-02 8.227287947751158459e-01 9.932006432161580856e-01 6.235937593780951221e-02 9.834265996987713587e-02 1.722676744578299406e+02
1.104744702535096906e-01 3.827211920444539145e-02 -9.931448654131399545e-01 -2.258693332302865144e+02 -6.443310406250143951e-02 9.974371544004730916e-01 3.127009465254131787e-02 8.273530477904672553e-01 9.917919123138925208e-01 6.053670670419124267e-02 1.126570001261247844e-01 1.723450439176411351e+02
1.249296533726026864e-01 3.718516147666665883e-02 -9.914715995796079540e-01 -2.264455017508524861e+02 -6.465963956157336212e-02 9.974834018542788616e-01 2.926315455751080444e-02 8.345488313266289371e-01 9.900601756705175172e-01 6.045220840037866111e-02 1.270192388114123605e-01 1.724228780542497361e+02
1.388505975338916454e-01 3.723068406468563185e-02 -9.896163280542786822e-01 -2.270186378865083725e+02 -6.264786148674235389e-02 9.976269306176825946e-01 2.874200102500048745e-02 8.326448903279457525e-01 9.883335443975886925e-01 5.800636009328440090e-02 1.408530655957428712e-01 1.725120837664884732e+02
1.519793476329711346e-01 3.778894786100760878e-02 -9.876640948583127466e-01 -2.275864517163321636e+02 -6.286184627321939056e-02 9.976205061805144547e-01 2.849677367488967841e-02 8.385510731746955715e-01 9.863863822922742663e-01 5.775532500312331036e-02 1.539926862326562174e-01 1.726062947258219538e+02
1.646416511056604248e-01 3.889981219990475830e-02 -9.855891769954689963e-01 -2.281334383621896507e+02 -5.937068716834669607e-02 9.978062735982786702e-01 2.946410642601128213e-02 8.390259457321082026e-01 9.845687789983326166e-01 5.366396114101449483e-02 1.665894223578251454e-01 1.727070612931458413e+02
1.768082890807765040e-01 3.976619721620838765e-02 -9.834447486644174452e-01 -2.286737472195667635e+02 -5.898517925652212862e-02 9.978208700018539323e-01 2.974278823042284317e-02 8.381692863720102693e-01 9.824800254852228409e-01 5.274977014146441101e-02 1.787680059797696897e-01 1.728129271431426162e+02
1.869117064170447984e-01 4.021703652818511832e-02 -9.815562645729171143e-01 -2.291982327275766522e+02 -6.024130337460155415e-02 9.977557111510408916e-01 2.940930394919158419e-02 8.418068701482076532e-01 9.805317035841567552e-01 5.363315765844033078e-02 1.889142919356952832e-01 1.729162425664864315e+02
1.951756786439715619e-01 3.956842743514211308e-02 -9.799729031683611646e-01 -2.297148900079639873e+02 -5.770832834229009528e-02 9.979231994630800573e-01 2.879967824141948032e-02 8.453025548084901475e-01 9.790728379911080026e-01 5.093148573697811599e-02 1.970530716030965412e-01 1.730277518752357366e+02
2.011631873403573745e-01 3.895283903856445323e-02 -9.787860571571778134e-01 -2.302202855822115453e+02 -5.478860962634527626e-02 9.980974751780034016e-01 2.846096431051758913e-02 8.466353713517257296e-01 9.780281167573996459e-01 4.790092660163796506e-02 2.029139218600921057e-01 1.731397522862900757e+02
2.041258488680606220e-01 3.854838349682537801e-02 -9.781885115550826848e-01 -2.307120056370643510e+02 -5.210813613598997557e-02 9.982408991559521549e-01 2.846473130441554145e-02 8.465030316967665502e-01 9.775606382357093782e-01 4.516110023033977072e-02 2.057747227083462915e-01 1.732483836255035499e+02
2.047392437307385959e-01 3.882370826047695095e-02 -9.780494197073913432e-01 -2.311970734660696678e+02 -4.940293807602083587e-02 9.983546292928353605e-01 2.928791616609647749e-02 8.474308475984676514e-01 9.775728210308124444e-01 4.232204909024913503e-02 2.063196419181266283e-01 1.733542807067647402e+02
2.033137017381566047e-01 3.898702836903157609e-02 -9.783402588675522704e-01 -2.316698655855150264e+02 -4.905257286830670693e-02 9.983629683729754456e-01 2.959099933218200737e-02 8.522218922161027832e-01 9.778879383170782091e-01 4.197377243178346262e-02 2.048925559915404371e-01 1.734502616698485440e+02
2.000708017809069705e-01 3.929950618023440867e-02 -9.789960861932461844e-01 -2.321333657330836218e+02 -4.894541429787953313e-02 9.983538003539661476e-01 3.007385106500375799e-02 8.543753294150429056e-01 9.785619362001704014e-01 4.190039037610436556e-02 2.016642604786009207e-01 1.735422044200622622e+02
1.942013739260238236e-01 3.920796562121005302e-02 -9.801809425256307051e-01 -2.325872781056218344e+02 -4.781972384816011307e-02 9.983965828061888148e-01 3.046209113600828466e-02 8.551837836544770033e-01 9.797992410079507941e-01 4.095612757396809023e-02 1.957642126289674822e-01 1.736300278958628382e+02
1.854532419986943403e-01 3.951475869135617769e-02 -9.818613966866640563e-01 -2.330284295541938491e+02 -4.622209088582562159e-02 9.984411478240060589e-01 3.145153317282129574e-02 8.608831344518962370e-01 9.815691928645317033e-01 3.955082811991748187e-02 1.869899524106198307e-01 1.737060840371080417e+02
1.737785374712544073e-01 3.964393380747675139e-02 -9.839895872018095124e-01 -2.334532161413069673e+02 -4.251431260509704047e-02 9.985650503462911720e-01 3.272280146806352819e-02 8.613998785990638618e-01 9.838704371065967180e-01 3.614706540446217115e-02 1.752140102777745012e-01 1.737766473770628579e+02
1.589554015680288979e-01 3.959666770012667397e-02 -9.864945122283813594e-01 -2.338679312778843951e+02 -4.072607514078838142e-02 9.986131170517000832e-01 3.352075646771277007e-02 8.652816618870595722e-01 9.864492256004565585e-01 3.484769345055531431e-02 1.603470318540947404e-01 1.738335069358541887e+02
1.414648776269354091e-01 3.914955608978869933e-02 -9.891719468291956252e-01 -2.342668167740476690e+02 -3.885340930550472416e-02 9.986725874930917346e-01 3.396893403066194445e-02 8.698226132897832752e-01 9.891843225953437235e-01 3.362724602593456652e-02 1.427977315375207334e-01 1.738765407182843035e+02
1.219927387754198705e-01 3.888943696140052808e-02 -9.917719136096454502e-01 -2.346568414786116819e+02 -3.831277298084603822e-02 9.986770841335574911e-01 3.444746691488161094e-02 8.780877632722505766e-01 9.917950616483126591e-01 3.379514296428220294e-02 1.233209418185907263e-01 1.739094873338707714e+02
1.012036018834314016e-01 3.957307836018952862e-02 -9.940814617604787351e-01 -2.350370593785284541e+02 -3.769951778411011201e-02 9.986486624900416942e-01 3.591677300731222627e-02 8.815269942534460501e-01 9.941549867231892490e-01 3.384143407448191032e-02 1.025584470982596474e-01 1.739263593781699058e+02
7.677887362803569038e-02 3.997131837063481324e-02 -9.962496928854231992e-01 -2.354076648157275997e+02 -3.498988849362564407e-02 9.986938531580741296e-01 3.737271085128938269e-02 8.853558133360258653e-01 9.964378020473727560e-01 3.198918765519227075e-02 7.807700827871645599e-02 1.739401244588829627e+02
4.949339788889904612e-02 4.111271328769103284e-02 -9.979310113383879077e-01 -2.357675595355092923e+02 -3.228884052160287815e-02 9.987012623790162413e-01 3.954297627671652521e-02 8.902604865541892121e-01 9.982561967707029860e-01 3.026488198768301219e-02 5.075654836168584649e-02 1.739381744721217160e+02
1.821044877835086354e-02 4.208234687011828262e-02 -9.989512561890619979e-01 -2.361150503780636711e+02 -3.249490849004912918e-02 9.986161767472432338e-01 4.147579109565935340e-02 8.969332337637399011e-01 9.993097992735905377e-01 3.170549277657983001e-02 1.955279410206854987e-02 1.739157259731566967e+02
-1.570471771285790463e-02 4.268809154265752748e-02 -9.989680903230870879e-01 -2.364431951642259833e+02 -3.466662139645425300e-02 9.984695337517945912e-01 4.321170661603494084e-02 9.047290900195131824e-01 9.992793504655517189e-01 3.530941617113536601e-02 -1.420060089972644685e-02 1.738804802433595853e+02
-4.996807417240325261e-02 4.217179909940059479e-02 -9.978631607781333068e-01 -2.367754761583247500e+02 -3.787667263803354278e-02 9.983146241844739199e-01 4.408748332514675350e-02 9.084285466440659151e-01 9.980361675168257785e-01 3.999862245214590162e-02 -4.828615420909310174e-02 1.738241699477449913e+02
-8.727243789820607334e-02 3.941705491141827417e-02 -9.954074423350394163e-01 -2.370855941602173402e+02 -3.966017285841168249e-02 9.982924369985662905e-01 4.300843197253655104e-02 9.189145320668737904e-01 9.953985358580732523e-01 4.323138887671976183e-02 -8.555958528392397511e-02 1.737588521543913203e+02
-1.241027751475992091e-01 3.504807985098224582e-02 -9.916533137812449938e-01 -2.374000853016272004e+02 -4.112633083997101202e-02 9.983408202354318028e-01 4.043121070660048860e-02 9.184545903957077595e-01 9.914205893458893915e-01 4.580058553150363754e-02 -1.224547622345257131e-01 1.736823381268905280e+02
-1.608810032549174984e-01 3.216120359975742360e-02 -9.864527978566914879e-01 -2.377066555034431588e+02 -4.069198625109438083e-02 9.984082155607313380e-01 3.918738079258346496e-02 9.293030031773049648e-01 9.861384894891118691e-01 4.644512527656113887e-02 -1.593153480521148635e-01 1.736019241926775010e+02
-1.978189835400503416e-01 3.166112032055045516e-02 -9.797302631787377925e-01 -2.380018335855846772e+02 -4.060585692505536137e-02 9.983608843418741996e-01 4.046191026953729897e-02 9.334579493512954462e-01 9.794010733838467431e-01 4.778680927634470360e-02 -1.962080835190685435e-01 1.735117603486501707e+02
-2.326215572649732999e-01 3.105538626580199579e-02 -9.720745581288273707e-01 -2.382996654810491464e+02 -3.972757865689875018e-02 9.983576828356882649e-01 4.140196711568867871e-02 9.442979482123058377e-01 9.717595219871755230e-01 4.824904693736057487e-02 -2.310045844889260513e-01 1.734055191111227998e+02
-2.683776236150024475e-01 3.042253779108776077e-02 -9.628364822860964178e-01 -2.385814441485139810e+02 -4.071830437001689590e-02 9.982548949261197402e-01 4.289124221627816508e-02 9.524091833226692172e-01 9.624568026510386121e-01 5.071599592006039575e-02 -2.666691908522969556e-01 1.732925211462335255e+02
-3.022235638692515325e-01 2.911717096883591899e-02 -9.527955063404272007e-01 -2.388614068482455366e+02 -4.417233837764393545e-02 9.980371052091886463e-01 4.451098269954943676e-02 9.651702035408774583e-01 9.522170647222238937e-01 5.553932982405895835e-02 -3.003426812994479111e-01 1.731609345864574436e+02
-3.358847572272745108e-01 2.538267552221496609e-02 -9.415642922636608958e-01 -2.391252867705832443e+02 -4.797444065323189927e-02 9.978835809384787314e-01 4.401480053080673166e-02 9.709178794281253522e-01 9.406845799990131152e-01 5.995475845898813605e-02 -3.339545423038362548e-01 1.730224131199769602e+02
-3.685845393649471169e-01 2.203501686570490462e-02 -9.293363547304979155e-01 -2.393767997201068738e+02 -5.245595149651521155e-02 9.976383461938406194e-01 4.445899283830435922e-02 9.853656494526094045e-01 9.281171194376612865e-01 6.513593489711247408e-02 -3.665564373294413758e-01 1.728823926130702660e+02
-3.993990790605287944e-01 2.047258610486294567e-02 -9.165519144768476956e-01 -2.396374546445595684e+02 -5.597963054301412222e-02 9.973457794977159674e-01 4.667099478635192145e-02 9.856511093574188420e-01 9.150706022535384232e-01 6.994838425173592611e-02 -3.971910424501821635e-01 1.727206063771861579e+02
-4.296222009007850118e-01 2.165228278082995811e-02 -9.027525156826660124e-01 -2.398798236292863351e+02 -5.919687246512329859e-02 9.968920192588530682e-01 5.208205776391819364e-02 1.006445156057663048e+00 9.010704820388013569e-01 7.581550242427372022e-02 -4.270031727671943500e-01 1.725712818177824488e+02
-4.574684687592767696e-01 2.471242548346850101e-02 -8.888858507900785355e-01 -2.401320804199206691e+02 -5.605344624111757018e-02 9.968296376292754557e-01 5.656147152636332998e-02 1.007769742887579367e+00 8.874616063024830526e-01 7.569997384825218056e-02 -4.546307663285940048e-01 1.724080516582806126e+02
-4.858689328806512497e-01 2.396500974829646885e-02 -8.737065952913029010e-01 -2.403596317877451440e+02 -5.574775860802907296e-02 9.967442101689560907e-01 5.834111536408806420e-02 1.017068009853112409e+00 8.722562836767260297e-01 7.705308280968693746e-02 -4.829487837895263813e-01 1.722504293299664653e+02
-5.118450110019634458e-01 1.983778995508010332e-02 -8.588523180677718472e-01 -2.405863517999688668e+02 -5.767732752766407262e-02 9.966893469589008792e-01 5.739507659067623335e-02 1.030248363076768481e+00 8.571437638990282437e-01 7.891344381253816154e-02 -5.090039005738752342e-01 1.720757150517304694e+02
-5.360009868454940207e-01 1.784535620714199078e-02 -8.440323710740421648e-01 -2.408093883243540176e+02 -6.059511310766360626e-02 9.963899186171546463e-01 5.954736638470357196e-02 1.049771046821457388e+00 8.420442778662972083e-01 8.306141872409082694e-02 -5.329821564346328699e-01 1.718942031438700155e+02
-5.574665474167557200e-01 1.763759999699969147e-02 -8.300157369337903823e-01 -2.410261354469257071e+02 -6.342113034146071304e-02 9.959533269661684507e-01 6.375942001960759054e-02 1.066386342734132242e+00 8.277778533696622532e-01 8.818399258335964108e-02 -5.540894941283172059e-01 1.717175292309586041e+02
-5.752007001153041088e-01 1.494966901015456519e-02 -8.178794680881152912e-01 -2.412531928292377472e+02 -6.700264337443438689e-02 9.956176223343310427e-01 6.532021010897544333e-02 1.082038596860415813e+00 8.152681408950230857e-01 9.237200938866682587e-02 -5.716756386345577257e-01 1.715266249661820268e+02
-5.913628216862972797e-01 1.055336688048598599e-02 -8.063403748700381790e-01 -2.414716053566262701e+02 -6.893110631367713181e-02 9.955983865753391671e-01 6.358374956421156132e-02 1.095569528561834982e+00 8.034586684510679477e-01 9.318268912694394057e-02 -5.880296993395247585e-01 1.713389222102165945e+02
-6.080057706689586672e-01 6.118535450990027040e-03 -7.939129074025510491e-01 -2.416900603139587247e+02 -6.866555395304720089e-02 9.958233770955574604e-01 6.026097924523655947e-02 1.108916664577050959e+00 7.909622695319065144e-01 9.115319176702141313e-02 -6.050434392410635187e-01 1.711468538712678935e+02
-6.226656433799971913e-01 9.771215732078016025e-03 -7.824309404420636271e-01 -2.419090550234780892e+02 -6.174367885892087515e-02 9.961960413715303941e-01 6.157686952290369886e-02 1.105176337281961629e+00 7.800528671329300945e-01 8.665168449368193526e-02 -6.196908869499868633e-01 1.709654658770542710e+02
-6.357703105626575368e-01 1.140470687636272601e-02 -7.717980308906142728e-01 -2.421314594145837589e+02 -5.625277171935388204e-02 9.965527337810998754e-01 6.106411758828907826e-02 1.115589633126847779e+00 7.698304862313033459e-01 8.223826978296948365e-02 -6.329341856879505679e-01 1.707646369901825381e+02
-6.489735579447593050e-01 1.048671245083235629e-02 -7.607427320446114027e-01 -2.423475335909178625e+02 -5.374649007606599471e-02 9.967802454942605861e-01 5.959035498423331800e-02 1.124040334401639196e+00 7.589149155899489463e-01 7.955956627271607018e-02 -6.463174330669892997e-01 1.705652507195399892e+02
-6.623549603588694268e-01 8.211142874403460495e-03 -7.491492747398434959e-01 -2.425512356290640241e+02 -5.038309689590356188e-02 9.971933379530663055e-01 5.547562120272436781e-02 1.142053640133171122e+00 7.474989195425993938e-01 7.448878595819120874e-02 -6.600792279482362579e-01 1.703689437746747899e+02
-6.756858779410973570e-01 5.729609663986489146e-03 -7.371715659642742446e-01 -2.427656341143728582e+02 -4.686302433264950829e-02 9.976187172882104992e-01 5.070811308164847181e-02 1.157276224078654270e+00 7.357034777472506448e-01 6.880864261693633854e-02 -6.738052922306809744e-01 1.701597294658828332e+02
-6.885517162238926625e-01 4.303064566770349077e-03 -7.251787197830830145e-01 -2.429729628303939251e+02 -4.410537287182141053e-02 9.978880457018128869e-01 4.779888696660036101e-02 1.173733665022140382e+00 7.238496942557632874e-01 6.489609596283768544e-02 -6.869045993998357247e-01 1.699418162524556521e+02
-7.028087881478530807e-01 4.922466058933559763e-03 -7.113661058247363611e-01 -2.431956102090410923e+02 -4.224918410158893384e-02 9.979274148346144457e-01 4.864623932426119512e-02 1.186556384337861703e+00 7.101280984719688938e-01 6.424345574911284606e-02 -7.011409886766019062e-01 1.697078165938409597e+02
-7.182018862326091657e-01 7.423427646889640616e-03 -6.957996130602243090e-01 -2.434065777590269590e+02 -4.020248283978154757e-02 9.978354030594410728e-01 5.214257041627946149e-02 1.208342799345795138e+00 6.946775357924153127e-01 6.542157201827195068e-02 -7.163455660828134119e-01 1.694651506922038209e+02
-7.345453015363204718e-01 1.218669197155202409e-02 -6.784547458472071080e-01 -2.436084424551121970e+02 -3.647574321656932295e-02 9.976893051447484062e-01 5.741213791171093095e-02 1.214023776326364379e+00 6.775837597043019578e-01 6.691875704985737749e-02 -7.324001425463094739e-01 1.692230822247749131e+02
-7.521976579937212914e-01 1.586618229934331700e-02 -6.587511733499615829e-01 -2.438117522813656137e+02 -3.250485462087635002e-02 9.976048947714681869e-01 6.114323010629138522e-02 1.230813043448184985e+00 6.581406450572845346e-01 6.740419919743700916e-02 -7.498769321416910438e-01 1.689601083968887565e+02
-7.694901945265805177e-01 1.807211661106697745e-02 -6.384077103812247911e-01 -2.440052558546592252e+02 -2.871520485342695522e-02 9.976150009616198133e-01 6.285168863285126029e-02 1.239273907609387715e+00 6.380182061291610474e-01 6.669556060822694199e-02 -7.671325376340064617e-01 1.686989782075091853e+02
-7.868863286318655836e-01 1.784297491385981871e-02 -6.168449630527602645e-01 -2.441981123117574839e+02 -2.759681463271125221e-02 9.975697107224054117e-01 6.405999319599540998e-02 1.253367020240244267e+00 6.164862053576027900e-01 6.743068571450686055e-02 -7.844779998978250735e-01 1.684164397506820876e+02
-8.037473773527642473e-01 1.776212378597437705e-02 -5.947107162249603007e-01 -2.443776606335236465e+02 -2.717229682689514467e-02 9.974208276643981019e-01 6.651282585264733926e-02 1.269684652246048540e+00 5.943556997034001865e-01 6.961895419952066066e-02 -8.011881061727916808e-01 1.681270652317169834e+02
-8.214548161362414946e-01 1.767027586857660912e-02 -5.700052027883358852e-01 -2.445592921062177254e+02 -2.552227825458366559e-02 9.973845384260269231e-01 6.770003963248803769e-02 1.287797575961935337e+00 5.697082035938535460e-01 7.016014564342112902e-02 -8.188516408402937152e-01 1.678167952669351166e+02
-8.390928319229197241e-01 1.843152255401881573e-02 -5.436816008387376220e-01 -2.447346346236038812e+02 -2.217343088884049171e-02 9.974417569996087973e-01 6.803587588838977407e-02 1.309673402139895471e+00 5.435424067386616098e-01 6.914349793184842996e-02 -8.365337585392561559e-01 1.675045580778568421e+02
-8.558603558288111479e-01 2.026238184258731881e-02 -5.168158986052830972e-01 -2.449072517300417644e+02 -1.694952505796611802e-02 9.976021507319006165e-01 6.718087173959001734e-02 1.321912367200100302e+00 5.169356929789465926e-01 6.625703463128615467e-02 -8.534608411708645148e-01 1.671839234175174624e+02
-8.728859417973505730e-01 1.955504257449549449e-02 -4.875386310469945195e-01 -2.450807498109901985e+02 -1.387247132291580774e-02 9.978033484312728296e-01 6.485864447568501223e-02 1.348176739859497264e+00 4.877339237957283302e-01 6.337738371885894006e-02 -8.706933152297183787e-01 1.668295925736320839e+02
-8.885619328612649470e-01 1.521605948565621022e-02 -4.585110151232368869e-01 -2.452274525715006064e+02 -1.497516644171616347e-02 9.979604885250827895e-01 6.213877170749626533e-02 1.369061515312568256e+00 4.585194486836471350e-01 6.208025260356977298e-02 -8.865178420722836794e-01 1.664783852421612096e+02
-9.039137262342390455e-01 9.283707989772576816e-03 -4.276213051784455432e-01 -2.453782174615353142e+02 -1.858171407850269310e-02 9.979735165035646949e-01 6.094430596671293610e-02 1.401659643954547674e+00 4.273187342901542118e-01 6.303415499810217926e-02 -9.019053865579946816e-01 1.660765430312679030e+02
-9.178920783296384833e-01 9.854428070763662437e-03 -3.967155325283487910e-01 -2.455286252310770578e+02 -1.633154057407932777e-02 9.979119788573485028e-01 6.257472212565140524e-02 1.426146480858779819e+00 3.965021685451886047e-01 6.391563600014682489e-02 -9.158104394468511433e-01 1.656715927954702181e+02
-9.295314123870269674e-01 1.617150898824255834e-02 -3.683965672894365939e-01 -2.456790478036951129e+02 -8.508092015144724102e-03 9.978367455394975272e-01 6.526929659106846249e-02 1.439511744356845702e+00 3.686536095040610084e-01 6.380403235637287229e-02 -9.273788353400098661e-01 1.652569069703119453e+02
-9.396244431807285746e-01 1.859034339038098671e-02 -3.417111515395416244e-01 -2.458281123489082347e+02 -4.267415825594914579e-03 9.978145833977445367e-01 6.601892421180050041e-02 1.461952915575488232e+00 3.421902809771618093e-01 6.349104218712429970e-02 -9.374874115515879902e-01 1.648010452489629074e+02
-9.477032179710795923e-01 1.540499907314553212e-02 -3.187907034427859276e-01 -2.459592295528040609e+02 -6.102918804695833116e-03 9.977825169708297581e-01 6.635862729853031494e-02 1.487435402822970820e+00 3.191047463777707538e-01 6.483365518784336978e-02 -9.455034152069029529e-01 1.643379195886990090e+02
-9.536127576273232265e-01 1.205952951978369117e-02 -3.008047523398117984e-01 -2.460940730432200780e+02 -8.554227996069387746e-03 9.977137479953226418e-01 6.711761945325896150e-02 1.519941174518870008e+00 3.009252289916893308e-01 6.657717817544912819e-02 -9.513250962534502975e-01 1.638412638510559987e+02
-9.573574995302295276e-01 1.032241269844024444e-02 -2.887322162967487227e-01 -2.462335255989333973e+02 -9.883277840534870212e-03 9.976119427597542888e-01 6.843542594904962473e-02 1.553220030496697213e+00 2.887479673063721997e-01 6.837058673957364940e-02 -9.549649369543682376e-01 1.633226245774025074e+02
-9.605613518054213484e-01 1.225168843368038517e-02 -2.778093215889652079e-01 -2.463864843980518060e+02 -7.329246437412455413e-03 9.975718276157176101e-01 6.933549726174771666e-02 1.591670011958376652e+00 2.779831222991401840e-01 6.863693156957925701e-02 -9.581348119003763042e-01 1.627772413989096947e+02
-9.638311568998872980e-01 1.759793526463491325e-02 -2.659437071322385271e-01 -2.465380286939667371e+02 -1.050249283093105876e-03 9.975646566707396801e-01 6.981649147748172912e-02 1.619211104621156361e+00 2.665236171934547427e-01 6.757042272392582705e-02 -9.614610578213228509e-01 1.622174156875412621e+02
-9.672339624622674492e-01 2.352531479435829645e-02 -2.528067893067388328e-01 -2.466931973447160260e+02 6.236839501786380774e-03 9.976045192120693850e-01 6.897120558535034529e-02 1.652799498051584104e+00 2.538227763736901066e-01 6.513439601634223031e-02 -9.650593153309108274e-01 1.616384845458455857e+02
-9.712082645162646299e-01 2.432623101232173415e-02 -2.369999878256798531e-01 -2.468310271161577134e+02 8.895229225488758898e-03 9.977877906668458641e-01 6.596290440188237736e-02 1.691092268492543793e+00 2.380794068098908978e-01 6.195538181335306233e-02 -9.692717377942082768e-01 1.610276599819148942e+02
-9.747366085689666004e-01 2.458418940936185973e-02 -2.220144714816428000e-01 -2.469678363033478377e+02 1.061203167744017954e-02 9.979046956099620891e-01 6.390868750235038920e-02 1.725666058662349345e+00 2.231195774768213735e-01 5.993795528521235483e-02 -9.729507036660396402e-01 1.603873225465915766e+02
-9.782392934442025734e-01 2.483921385073778118e-02 -2.060028336205813881e-01 -2.470953345267076600e+02 1.186030787441326277e-02 9.978847345199637342e-01 6.400088377964661956e-02 1.773069889291960743e+00 2.071560408611089754e-01 6.016476529060704737e-02 -9.764602164715640020e-01 1.597192193801799078e+02
-9.812712182482919987e-01 2.691114656182882689e-02 -1.907586317954500232e-01 -2.472262805205564007e+02 1.453192333844220176e-02 9.977192275382983366e-01 6.599921177998015198e-02 1.815124454924324837e+00 1.920989651582127311e-01 6.199087139438610311e-02 -9.794197796849616333e-01 1.590197753884086183e+02
-9.841319000315842391e-01 3.023358349127195852e-02 -1.748616739686000565e-01 -2.473484386414304765e+02 1.839610576201476666e-02 9.974575672801779813e-01 6.892551370893670870e-02 1.860719859417178768e+00 1.765003321377745238e-01 6.461484540109274644e-02 -9.821815262943001112e-01 1.582933485834697080e+02
-9.865533216774732272e-01 3.079072385211898896e-02 -1.605327299595880330e-01 -2.474626002820254769e+02 1.970602250559137444e-02 9.973443569484767846e-01 7.019017676773829650e-02 1.900516986216915560e+00 1.622670539656541899e-01 6.608270665129650778e-02 -9.845356657471844297e-01 1.575413873751431595e+02
-9.884558869905811784e-01 3.033902108452871463e-02 -1.484614284148089991e-01 -2.475805165062474202e+02 2.032533861745150147e-02 9.974488796946554547e-01 6.850823117778488680e-02 1.955850442380804077e+00 1.501606494951123749e-01 6.469965632835529556e-02 -9.865463662983912085e-01 1.567648308359693772e+02
-9.900878901617972128e-01 2.819475820410325892e-02 -1.376129574122670063e-01 -2.476838145555480537e+02 1.928538887114245037e-02 9.976616253057545292e-01 6.565156722699071190e-02 1.996669797111740641e+00 1.391417388665931731e-01 6.234673222544310361e-02 -9.883119251108113401e-01 1.559592030611118219e+02
-9.911042975888773032e-01 2.902115083475032345e-02 -1.299090146417631597e-01 -2.477886924212965312e+02 2.070209043041770433e-02 9.976800539951152791e-01 6.493620838361938152e-02 2.047679643853382192e+00 1.314917353783869869e-01 6.166900274455078962e-02 -9.894012644193299622e-01 1.551316478649361841e+02
-9.920106647672995992e-01 2.747981823616501770e-02 -1.231503564133165363e-01 -2.478865275949118256e+02 1.951633097813128270e-02 9.976729487876051516e-01 6.541084670575911253e-02 2.099278605239327078e+00 1.246608682925232636e-01 6.248464585088111395e-02 -9.902339837964511116e-01 1.542781877134479771e+02
-9.925620360993496760e-01 2.803335843535214103e-02 -1.184949554150074857e-01 -2.479848476564197597e+02 2.025929752917041138e-02 9.975988157549554591e-01 6.630949903022018144e-02 2.149468692025339855e+00 1.200689380419853181e-01 6.341549754162767449e-02 -9.907421124832651582e-01 1.533974647461886889e+02
-9.929673376894231351e-01 2.899925415697324552e-02 -1.148095653820299378e-01 -2.480839775303395243e+02 2.142626624387587719e-02 9.975514469191126832e-01 6.665445589743032584e-02 2.198534238803978802e+00 1.164610289690473782e-01 6.372558988307915062e-02 -9.911528093439289089e-01 1.525001342140221823e+02
-9.932919837404056151e-01 2.721324871070998630e-02 -1.124135441516317530e-01 -2.481882016539333051e+02 1.986208006170138429e-02 9.976270732084152604e-01 6.600390255565029285e-02 2.244895036103461639e+00 1.139426381956566148e-01 6.332821425830942319e-02 -9.914709407102367811e-01 1.515799551139802475e+02
-9.934671534425223438e-01 2.748357770111212878e-02 -1.107881164025312365e-01 -2.482884448319871353e+02 2.027742528200237107e-02 9.976417895489551046e-01 6.565426183834469076e-02 2.297237521298612695e+00 1.123309391560387283e-01 6.297869161861627263e-02 -9.916770973843492820e-01 1.506391040429428756e+02
-9.936243784712927019e-01 2.892623747211353277e-02 -1.089963883134456440e-01 -2.483924189435539631e+02 2.178326434845571924e-02 9.975763610418628691e-01 6.616411426167885523e-02 2.356879633858741219e+00 1.106457778776466783e-01 6.336781448980564890e-02 -9.918417512317589946e-01 1.496656740962540937e+02
-9.937420519073894010e-01 3.032043230153236638e-02 -1.075349103978173598e-01 -2.484976623651984653e+02 2.313684455295679857e-02 9.974609830242603392e-01 6.743200171186117253e-02 2.411228823350522354e+00 1.093061293342935947e-01 6.452182857987795450e-02 -9.919158902255901245e-01 1.486758162169385287e+02
-9.938672207114532808e-01 3.260633484915503866e-02 -1.056935591499612581e-01 -2.486057707454928334e+02 2.541279871466277027e-02 9.973185948650370447e-01 6.870672142142664196e-02 2.474347693006766491e+00 1.076501189793839380e-01 6.559921515888535171e-02 -9.920263229019332663e-01 1.476543773719019157e+02
-9.939481013297155609e-01 3.492733099188680829e-02 -1.041807177060364298e-01 -2.487171816651682832e+02 2.769512581520274658e-02 9.971625228591753931e-01 7.007639500664851473e-02 2.532719301587149197e+00 1.063323862382242330e-01 6.676682293396377088e-02 -9.920905432635835908e-01 1.466281349985481199e+02
-9.941394060874516603e-01 3.441994063040269142e-02 -1.025108849994684490e-01 -2.488229294350896623e+02 2.749066219753724949e-02 9.972943268337071121e-01 6.825772457055093168e-02 2.604469760639586351e+00 1.045826518815305001e-01 6.503942927440919952e-02 -9.923912436053464736e-01 1.455570608626561580e+02
-9.942888583027744698e-01 3.448528725825630165e-02 -1.010287363255152338e-01 -2.489342135277056514e+02 2.796634593103612329e-02 9.974826542629968706e-01 6.524624526725306128e-02 2.657003562912938932e+00 1.030241569889396303e-01 6.204805195599010642e-02 -9.927457422232731643e-01 1.444779527608570220e+02
-9.945033150488611362e-01 3.159468050839160658e-02 -9.985646986523885604e-02 -2.490383723180154050e+02 2.539467928365472457e-02 9.977108431641228403e-01 6.276166943429523082e-02 2.723836424856449945e+00 1.016105298130886847e-01 5.988071703608999208e-02 -9.930244949350954808e-01 1.433846183048949001e+02
-9.946960942671111416e-01 3.140174136164079061e-02 -9.797955793274203129e-02 -2.491416578835244593e+02 2.529053448639409507e-02 9.976983056996718835e-01 6.300257987482796307e-02 2.780802530861433919e+00 9.973214997634484436e-02 6.019031527313742358e-02 -9.931961906934209106e-01 1.422426466749273004e+02
-9.948064598727751617e-01 3.134709367693760962e-02 -9.687028353588049423e-02 -2.492497211798630019e+02 2.514599203511917389e-02 9.976007621267443115e-01 6.458519841920960791e-02 2.841650598217775769e+00 9.866215230851917151e-02 6.181371608660980732e-02 -9.932033507204980349e-01 1.410985311304452523e+02
-9.948983898357253164e-01 3.301485960180484264e-02 -9.536037593788410094e-02 -2.493580615038710278e+02 2.650738463111634163e-02 9.972892566884551391e-01 6.871938945299357893e-02 2.909577964608692113e+00 9.737036690097122804e-02 6.584087885945096030e-02 -9.930720249393097943e-01 1.399174912216085431e+02
-9.950204240042673787e-01 3.386652271893925148e-02 -9.377528438235517572e-02 -2.494698263133461182e+02 2.689085297283556886e-02 9.968506239460718232e-01 7.467652091836168848e-02 2.976474189417459115e+00 9.600872098839881297e-02 7.178276161853026915e-02 -9.927928413490384463e-01 1.387458818591305771e+02
-9.951184348261852275e-01 3.686259553028985864e-02 -9.157970525206032830e-02 -2.495792939547951335e+02 2.957980666506095785e-02 9.963896614532506968e-01 7.964639730336842138e-02 3.049085365180068674e+00 9.418478828763118815e-02 7.654846096987107107e-02 -9.926115175189268447e-01 1.375660560893904574e+02
-9.952688703560648165e-01 3.770648573927470881e-02 -8.957951515716382207e-02 -2.496884975753861511e+02 3.050309751511091558e-02 9.962961231197118295e-01 8.046412495894747496e-02 3.111737278426330633e+00 9.228149579759944987e-02 7.735075490506758411e-02 -9.927280898004934295e-01 1.364107349314672319e+02
-9.953885046382304758e-01 3.808997282714150778e-02 -8.807537653269460753e-02 -2.497919753958049967e+02 3.119149880487799564e-02 9.964380941801619374e-01 7.841618872538561047e-02 3.174736224937259266e+00 9.074829118802076044e-02 7.530714803314172978e-02 -9.930265149783897849e-01 1.352638819604084972e+02
-9.956560253524024962e-01 3.593294130606874970e-02 -8.593195938503415954e-02 -2.498901437806638057e+02 2.946546890026966251e-02 9.967247919324377925e-01 7.538146478582483101e-02 3.232539311472642840e+00 8.835896128586520626e-02 7.252177600000443702e-02 -9.934492262252447858e-01 1.340843795381418602e+02
-9.959002931980779350e-01 3.449150750834509283e-02 -8.366207529210467619e-02 -2.499806059307867088e+02 2.824706376899266055e-02 9.968108425277321105e-01 7.470702671652673654e-02 3.299967774556343159e+00 8.597180160103450042e-02 7.203733628274457124e-02 -9.936938918865823034e-01 1.329373236058530665e+02
-9.962030099522746207e-01 3.133995992175923201e-02 -8.126364105128684734e-02 -2.500661130161267067e+02 2.519492897655389516e-02 9.968275451641410712e-01 7.557090445127663536e-02 3.363221101631997723e+00 8.337401640020530857e-02 7.323632026400393735e-02 -9.938275978136305033e-01 1.317556187823210507e+02
-9.964025921470195390e-01 3.068714297047184236e-02 -7.903533704760749845e-02 -2.501569710957538177e+02 2.466923240909371651e-02 9.968062805537840632e-01 7.602350462750898097e-02 3.429259363525257953e+00 8.111566597791680655e-02 7.380006257962884453e-02 -9.939727785288186013e-01 1.305852612403663500e+02
-9.965779910305159195e-01 2.995473959335732961e-02 -7.708069561586486373e-02 -2.502442424671280889e+02 2.404715461707014612e-02 9.967881295401649355e-01 7.645958846261395603e-02 3.489621719762479923e+00 7.912325883423200479e-02 7.434415614405810724e-02 -9.940928249786994408e-01 1.294264943433215933e+02
-9.967776598311488545e-01 3.035340891169244215e-02 -7.429261812813471588e-02 -2.503247157599680861e+02 2.462347730469406984e-02 9.967430821510354644e-01 7.686244673533346172e-02 3.558245912058232818e+00 7.638350976028439321e-02 7.478520717848052834e-02 -9.942740171372814739e-01 1.282477178423411317e+02
-9.968883299688376942e-01 3.261657071118036211e-02 -7.180702699587933335e-02 -2.504112243422816277e+02 2.709433780136850933e-02 9.967008857368045982e-01 7.657787582369571244e-02 3.621557275173095114e+00 7.406766615512741514e-02 7.439380814775718720e-02 -9.944785725601871240e-01 1.270827687259396441e+02
-9.970446882225458829e-01 3.353378777972828434e-02 -6.916510454977650713e-02 -2.504915122295502385e+02 2.819384490559270762e-02 9.966543201030776400e-01 7.678676883368995565e-02 3.689038042398754325e+00 7.150849462461487949e-02 7.460958960046842892e-02 -9.946497039759055747e-01 1.258969696747063693e+02
-9.971535029609032152e-01 3.448866333998863026e-02 -6.709593745984245017e-02 -2.505696295505785827e+02 2.924731798330090088e-02 9.965618223932113384e-01 7.758910034641770814e-02 3.752643600799812962e+00 6.954104436628748276e-02 7.540564293293554321e-02 -9.947291706024483648e-01 1.247430652044529751e+02
-9.973203276335133038e-01 3.306576866675720039e-02 -6.530904341080431830e-02 -2.506394050509424858e+02 2.794013770773929109e-02 9.965755711310890774e-01 7.789371391018944102e-02 3.818143636006878783e+00 6.766087119233789304e-02 7.586001367851122335e-02 -9.948242837750981282e-01 1.235513432415954327e+02
-9.974624927329760471e-01 3.176879019585594072e-02 -6.376343878428271383e-02 -2.507061208762416982e+02 2.673555458597257767e-02 9.965773210183094255e-01 7.829309489389804644e-02 3.885872868558817750e+00 6.603233953055642758e-02 7.638944493504525035e-02 -9.948931971371157701e-01 1.223788699153604824e+02
-9.975947954930003414e-01 2.941248561748499926e-02 -6.281713639426171614e-02 -2.507766466227957096e+02 2.447739997907231319e-02 9.966633361611165753e-01 7.793595442192725875e-02 3.944228703512438372e+00 6.489969697467701248e-02 7.621067282498582285e-02 -9.949814338368623279e-01 1.212268427805941258e+02
-9.977239078581178200e-01 2.705876376813392409e-02 -6.181661890795360492e-02 -2.508412868680140377e+02 2.219317514664770688e-02 9.967052854567938214e-01 7.808330735081463192e-02 4.010113559287833418e+00 6.372566421542440185e-02 7.653344338631494492e-02 -9.950325437996502265e-01 1.200559958247694397e+02
-9.977640566687424606e-01 2.690172203423505867e-02 -6.123443350645021294e-02 -2.509089850243604474e+02 2.209094759146719780e-02 9.967197875021180931e-01 7.792705300555564929e-02 4.074770163158888181e+00 6.312982383039149326e-02 7.639985549630635975e-02 -9.950807913272003979e-01 1.189016674651685150e+02
-9.978072630913360497e-01 2.642144244543031747e-02 -6.073752390825744307e-02 -2.509723767440163726e+02 2.175301999000902459e-02 9.968548062623848738e-01 7.627761606843584674e-02 4.134126459787075270e+00 6.256174161377277276e-02 7.478891286507678704e-02 -9.952390379127857845e-01 1.177381760517656488e+02
-9.978889809899523788e-01 2.535390519689021890e-02 -5.984343033558427866e-02 -2.510379080498057078e+02 2.081726644987860406e-02 9.969528873440947070e-01 7.525001171369623265e-02 4.195553631424163044e+00 6.156885215750395463e-02 7.384516363566881458e-02 -9.953714248168172851e-01 1.165831774267259959e+02
-9.978982275740214680e-01 2.684980422778650636e-02 -5.903129239149353807e-02 -2.511066421439583678e+02 2.232368104936141573e-02 9.968604815846093814e-01 7.603827512242496145e-02 4.257432490433529892e+00 6.088746750970286392e-02 7.456044356655197602e-02 -9.953600163341004281e-01 1.154254832495626033e+02
-9.979317430734050420e-01 2.804275753776983363e-02 -5.789924340188384172e-02 -2.511732311916130413e+02 2.350314517991683103e-02 9.967091838081372224e-01 7.764919037752916753e-02 4.319118337322869650e+00 5.988609934607884433e-02 7.612754844161993828e-02 -9.953021445769526521e-01 1.142682273836116309e+02
-9.979901307046464831e-01 2.810385677579328723e-02 -5.685384104720708764e-02 -2.512325153796813026e+02 2.357802354719204865e-02 9.966198315141190367e-01 7.876539412312431876e-02 4.382961991551377778e+00 5.887517225888080213e-02 7.726634885042280021e-02 -9.952747040512258669e-01 1.131283560278936022e+02
-9.981234251740965790e-01 2.635809541225628272e-02 -5.532964918161552975e-02 -2.512929065049116559e+02 2.200458552500049805e-02 9.967263353579893792e-01 7.786792458946055484e-02 4.442796436393654957e+00 5.720087107974117929e-02 7.650406245905762292e-02 -9.954312132999271201e-01 1.119770910601018130e+02
-9.982140690177584430e-01 2.601850784471853445e-02 -5.383494658405491712e-02 -2.513492537615483116e+02 2.183205972526763156e-02 9.968020983962108117e-01 7.694117265959136975e-02 4.507782282151608477e+00 5.566459259923171171e-02 7.562820635112087186e-02 -9.955852260294797418e-01 1.108373324356235514e+02
-9.983570798972741800e-01 2.461504772158408516e-02 -5.180479910842306773e-02 -2.514012626530332568e+02 2.056749521274887915e-02 9.968041428582634644e-01 7.726247376365627528e-02 4.569941192791274531e+00 5.354097862235511485e-02 7.606981493399112004e-02 -9.956680481564442742e-01 1.096845987884146325e+02
-9.984764110311926677e-01 2.366393896226380925e-02 -4.991367566045361304e-02 -2.514537019901702877e+02 1.972151237724001707e-02 9.967600001373861929e-01 7.804857844389952171e-02 4.635472510002707658e+00 5.159882472325780928e-02 7.694506062150575920e-02 -9.957033382219657724e-01 1.085573784804017805e+02
-9.985720469045786807e-01 2.268493415927014603e-02 -4.843308501646452491e-02 -2.515040906834464920e+02 1.889817957719881411e-02 9.968374767584250451e-01 7.725887237216173820e-02 4.693901491725344322e+00 5.003246254878249838e-02 7.623302518798440175e-02 -9.958380434566327377e-01 1.074199123786433603e+02
-9.986607865959432617e-01 2.280191122269771553e-02 -4.651037475801009929e-02 -2.515498524412098504e+02 1.927064114096737821e-02 9.970023091535333837e-01 7.500716943718778451e-02 4.754273847014384380e+00 4.808120620419207430e-02 7.401021581604941280e-02 -9.961018110466249853e-01 1.062845310286370477e+02
-9.987641658217811802e-01 2.013029351648851217e-02 -4.551296484436145179e-02 -2.515949458473308198e+02 1.680112667548629146e-02 9.972410673621936450e-01 7.238110560686768225e-02 4.812542172383402317e+00 4.684439954837005260e-02 7.152677780552593734e-02 -9.963421388960987946e-01 1.051670668915543274e+02
-9.987923189566341176e-01 2.006291340524840594e-02 -4.492108008733464858e-02 -2.516425176516457611e+02 1.677710212060562478e-02 9.972427593226055320e-01 7.236338359669686193e-02 4.867432947829782641e+00 4.624899308379282897e-02 7.152213929661881131e-02 -9.963702878281575082e-01 1.040285747084886196e+02
-9.988467645787424409e-01 1.908750719157012096e-02 -4.412855343274707520e-02 -2.516870450562345525e+02 1.576363152882048063e-02 9.971035176176930026e-01 7.447910808688529283e-02 4.925958124939482374e+00 4.542231022427273279e-02 7.369737273891360796e-02 -9.962497926469566778e-01 1.029052636286538274e+02
-9.988373696349971409e-01 1.987869023739548963e-02 -4.399170699155594000e-02 -2.517295931277842840e+02 1.647108794610719837e-02 9.969383518232652897e-01 7.650936453312370822e-02 4.986988100134515989e+00 4.537787926007631062e-02 7.569559420416241413e-02 -9.961019845699667918e-01 1.017826817044634424e+02
-9.988609053226306100e-01 2.002966473575317277e-02 -4.338475277449524437e-02 -2.517709171481546662e+02 1.667729349845483572e-02 9.969510984434070133e-01 7.629836401654231659e-02 5.045118183081344299e+00 4.478066614620239416e-02 7.548768941027622636e-02 -9.961447894895660848e-01 1.006532229337381494e+02
-9.988334379175589639e-01 1.975817703451587456e-02 -4.413514859356185149e-02 -2.518162186468932759e+02 1.645245177468629416e-02 9.971247208389584227e-01 7.404510477478108699e-02 5.098663048263899711e+00 4.547119988018640674e-02 7.323238298058148965e-02 -9.962818548296082932e-01 9.953411944481173634e+01
-9.988136446178708105e-01 1.833256683768007267e-02 -4.518579264801300677e-02 -2.518604436010914185e+02 1.508303120818136646e-02 9.973511560951512367e-01 7.123374002442062203e-02 5.156267560136223338e+00 4.637194989397770001e-02 7.046749332953662626e-02 -9.964397231372875696e-01 9.842578557061300160e+01
-9.987314111863715427e-01 1.625904223158880155e-02 -4.772577511583327159e-02 -2.519043361835610995e+02 1.290478123252159111e-02 9.974854683120424337e-01 6.976589794788913557e-02 5.206869508375114641e+00 4.874003167392989416e-02 6.906130953692027341e-02 -9.964251568295136030e-01 9.731161762623571576e+01
-9.985451399730808086e-01 1.583148058380409035e-02 -5.160918412648865528e-02 -2.519533619700316081e+02 1.214396961849518314e-02 9.974082427912627224e-01 7.099574665006962160e-02 5.269976434948510757e+00 5.259931193702303831e-02 7.026551882448298092e-02 -9.961446786182686086e-01 9.620644232466010237e+01
-9.982917297768605369e-01 1.633610610624022449e-02 -5.615421609967364419e-02 -2.520086068748755110e+02 1.230248965221158140e-02 9.973746142984731833e-01 7.143950391175728221e-02 5.319346809900459938e+00 5.717372899257792268e-02 7.062642939675568832e-02 -9.958670720575836244e-01 9.509500443203195630e+01
-9.980184854874989409e-01 1.769042437128572759e-02 -6.043754111785878264e-02 -2.520739425587721882e+02 1.343958532716064795e-02 9.974599257427528842e-01 7.002964762325257497e-02 5.370614849243544597e+00 6.152275510099373262e-02 6.907843567050300781e-02 -9.957164628285263275e-01 9.398871922754916852e+01
-9.977467631239980150e-01 2.106201306303367993e-02 -6.375216597807355223e-02 -2.521422952034307059e+02 1.665916333534187693e-02 9.974954410504707214e-01 6.882151015332522992e-02 5.417467801530026605e+00 6.504187267725003441e-02 6.760419607755942251e-02 -9.955939842776755366e-01 9.290141816042230971e+01
-9.974443813461780772e-01 2.450074116260383961e-02 -6.716377513620505613e-02 -2.522206714986282066e+02 1.977423949846063983e-02 9.973456340941887488e-01 7.015519288195207204e-02 5.474828924176245337e+00 6.870419199870134164e-02 6.864759994472095783e-02 -9.952765421572301596e-01 9.180571768455884296e+01
-9.972125280285754068e-01 2.695052586230536548e-02 -6.962326072327203186e-02 -2.522970942210971828e+02 2.174997147182131108e-02 9.969966619729589974e-01 7.440218517635124873e-02 5.529093281194667142e+00 7.141916144465654259e-02 7.268027617648434302e-02 -9.947989945799479150e-01 9.071131386503670058e+01
-9.971329520541166724e-01 2.373779189005198811e-02 -7.189544795476154881e-02 -2.523673425181874279e+02 1.800339974149778310e-02 9.966871958052732072e-01 7.938267323796452390e-02 5.585335676589151532e+00 7.354145642852243092e-02 7.786048162538861117e-02 -9.942522610434667563e-01 8.962043311200181961e+01
-9.970299292208393283e-01 2.120244946801675204e-02 -7.408336513095981068e-02 -2.524446096383336737e+02 1.488502646020837226e-02 9.962916641674480767e-01 8.480837320222936460e-02 5.666349856790760420e+00 7.560658978113649065e-02 8.345349207780453082e-02 -9.936434560822099415e-01 8.851365362254144031e+01
-9.969225689970604432e-01 1.894606429973737238e-02 -7.611186860510239793e-02 -2.525175831371939807e+02 1.228429498857905484e-02 9.961330282125351321e-01 8.705860006534880957e-02 5.727497929720285263e+00 7.746675882836918936e-02 8.585543118399596718e-02 -9.932954778111680039e-01 8.742723452577172338e+01
-9.968846129090525032e-01 1.241761382105543987e-02 -7.793238024240088657e-02 -2.525874310202423487e+02 5.985267719856348853e-03 9.966006831411201583e-01 8.223366243361879269e-02 5.795438189148529595e+00 7.868839488626640233e-02 8.151077693415091641e-02 -9.935654435025708109e-01 8.634262319578765243e+01
-9.968840339008840923e-01 8.841083288685892480e-03 -7.842603644651136019e-02 -2.526637423240329952e+02 2.965436215850711116e-03 9.972056517095981842e-01 7.472093451769842853e-02 5.857778958147542347e+00 7.886728411077172096e-02 7.425532510861122815e-02 -9.941198428739322912e-01 8.525239704185717926e+01
-9.968607425284871093e-01 1.122595088030605391e-02 -7.841703253110499094e-02 -2.527487083060971145e+02 5.729621955442010077e-03 9.975384653925608580e-01 6.996652335250816424e-02 5.905990681633910278e+00 7.900923270713514079e-02 6.929738855167186240e-02 -9.944664792547678323e-01 8.417215220999520398e+01
-9.968327462382230442e-01 1.422902349413136813e-02 -7.828543415069635913e-02 -2.528385282706018984e+02 8.775076383331192886e-03 9.975437422837616364e-01 6.957455266957413009e-02 5.966862377265633732e+00 7.908290822468372339e-02 6.866704127117155554e-02 -9.945043471229935150e-01 8.308411950862620188e+01
-9.968400641795929218e-01 1.595458883065146993e-02 -7.785845125579918258e-02 -2.529201043410992327e+02 1.028994481559516658e-02 9.973121121474468609e-01 7.262099886609317545e-02 6.026159607586615508e+00 7.880759976688657409e-02 7.159015594488606082e-02 -9.943200588156674291e-01 8.199839254820535928e+01
-9.968011614541618659e-01 1.766979235398459525e-02 -7.798605021422949646e-02 -2.530037154589934403e+02 1.171428362197916850e-02 9.970314118626112387e-01 7.617271467318165179e-02 6.081795834064958939e+00 7.910028200027081902e-02 7.501527689450804282e-02 -9.940442760902704622e-01 8.089008649757499825e+01
-9.968265157298069612e-01 1.599320008964215042e-02 -7.802384213806172475e-02 -2.530780146010249041e+02 9.798948579349467738e-03 9.968213608936383752e-01 7.913471380256725807e-02 6.139488473003134494e+00 7.904123560441929375e-02 7.811879185966327799e-02 -9.938098951045480911e-01 7.981277907812767580e+01
-9.967492135355587868e-01 1.506662878857274561e-02 -7.918720471065973654e-02 -2.531608416163503250e+02 8.633410796788015124e-03 9.966853210843885646e-01 8.096289614037019411e-02 6.208876714037856459e+00 8.014434496616007486e-02 8.001579967583349884e-02 -9.935705950265349973e-01 7.871222144781948771e+01
-9.967205748946353916e-01 1.507855871384521269e-02 -7.954461147794032738e-02 -2.532355509618377312e+02 8.610310390009758355e-03 9.966792605438473673e-01 8.103998793749538077e-02 6.264483531176086473e+00 8.050221089500911309e-02 8.008907122712885518e-02 -9.935357647988597440e-01 7.763594844716645582e+01
-9.967098776051628306e-01 1.418679588305649976e-02 -7.984214258349296711e-02 -2.533192062483339839e+02 7.852607455414797183e-03 9.968417689869086828e-01 7.909483256202418100e-02 6.336473032420407492e+00 8.071186301572175203e-02 7.820739290053352333e-02 -9.936686483746667298e-01 7.655313902460797237e+01
-9.966955394273310231e-01 1.574157551099423027e-02 -7.972970156496750338e-02 -2.534068421123919563e+02 9.514999519856735463e-03 9.969228315002924834e-01 7.788139255722774379e-02 6.394302638410231943e+00 8.071011764301930236e-02 7.686517453039609649e-02 -9.937735195678409905e-01 7.546922005079046869e+01
-9.968069759641553507e-01 1.582560181370882765e-02 -7.830726845997801333e-02 -2.534835536331243873e+02 9.743850701939964568e-03 9.969545725946890036e-01 7.744558195670783740e-02 6.457071061384526800e+00 7.929420054362511239e-02 7.643505135525545391e-02 -9.939206732936531896e-01 7.440283979901803946e+01
-9.968684049887456267e-01 1.670585953482616598e-02 -7.733645152970056169e-02 -2.535678646947318384e+02 1.070045604215029769e-02 9.969463557742260784e-01 7.742511005550663239e-02 6.514426327418926910e+00 7.839353894120532074e-02 7.635487828997902793e-02 -9.939982790348285135e-01 7.332124447504368447e+01
-9.970260708610422240e-01 1.540664061405497970e-02 -7.555321657679880953e-02 -2.536463873835358243e+02 9.474289241176638010e-03 9.968938272007684676e-01 7.825681393015244958e-02 6.579703366152593880e+00 7.652401464115787810e-02 7.730803657883969504e-02 -9.940702889628194594e-01 7.225718407787580588e+01
-9.971584820486177891e-01 1.522894382735998260e-02 -7.382197342085343450e-02 -2.537179262227249694e+02 9.362890127536587642e-03 9.968231312237895159e-01 7.916553300071302313e-02 6.635145160753425309e+00 7.479287137022885834e-02 7.824915697704785955e-02 -9.941284135369713448e-01 7.118827854681936174e+01
-9.972869786143085946e-01 1.528479225489174677e-02 -7.205351233101155162e-02 -2.537944280447050289e+02 9.557076540079858726e-03 9.968204416954132840e-01 7.917621441509725688e-02 6.692524199364891402e+00 7.303442862252250423e-02 7.827254407343317566e-02 -9.942573075938216931e-01 7.010436100255080305e+01
-9.974492290648817594e-01 1.375190026690106121e-02 -7.008977599330810937e-02 -2.538619976605722854e+02 8.179368222205361111e-03 9.968323936103109517e-01 7.918008162289685847e-02 6.751295105481496250e+00 7.095646852383785674e-02 7.840457880660264833e-02 -9.943973624965297686e-01 6.904146256958686934e+01
-9.975784776407137233e-01 1.375088920355974076e-02 -6.822576658251842951e-02 -2.539282517150205649e+02 8.355859486567918104e-03 9.968658492154194306e-01 7.873926893452497244e-02 6.812323013348945189e+00 6.909451577468482542e-02 7.797827270521022480e-02 -9.945619907191712850e-01 6.797685432003922301e+01
-9.977064984036393414e-01 1.334931102599604819e-02 -6.640934044315859042e-02 -2.539919105418519507e+02 8.136621263662924958e-03 9.969138646703128437e-01 7.815217926035952778e-02 6.869941654640103756e+00 6.724752347782425588e-02 7.743234972264030624e-02 -9.947312326480466371e-01 6.691403900078761069e+01
-9.978378153406323170e-01 1.301613966073918854e-02 -6.447432243466999502e-02 -2.540535779509218912e+02 7.960093914511211233e-03 9.969222536948710855e-01 7.806329863725583462e-02 6.926310921670090437e+00 6.529183288685000419e-02 7.738104975102377825e-02 -9.948655061406559419e-01 6.584632755408111393e+01
-9.979559010564611476e-01 1.240497942809267763e-02 -6.274396091770291506e-02 -2.541099205221940736e+02 7.507960141473716577e-03 9.969550556222865900e-01 7.768834644068912942e-02 6.986217526810159839e+00 6.351650086800064710e-02 7.705822518831943746e-02 -9.950054851093448338e-01 6.479657004910708906e+01
-9.980399691376885540e-01 1.127705516907967324e-02 -6.160941731296799839e-02 -2.541725036834546643e+02 6.491006347423665911e-03 9.969894945917043838e-01 7.733724492433868836e-02 7.041423725870490813e+00 6.229595341831685451e-02 7.678551533927360784e-02 -9.951037285469667149e-01 6.374130590693202691e+01
-9.981159182866655710e-01 1.017793892760529041e-02 -6.056157361110804660e-02 -2.542301242729957664e+02 5.466033482514238984e-03 9.969857208584633756e-01 7.746508849526642648e-02 7.097123309508032385e+00 6.116734372280663995e-02 7.698786278866974475e-02 -9.951581085753501421e-01 6.268361146246279247e+01
-9.981797802955035825e-01 9.324682805067152636e-03 -5.963945749059167828e-02 -2.542873287671603748e+02 4.663982527240447158e-03 9.969626689737036696e-01 7.781348812999024089e-02 7.154186460943285475e+00 6.018379142766316220e-02 7.739344507890867642e-02 -9.951866205134646259e-01 6.163405087734929566e+01
-9.982334102547654187e-01 8.248537154777819264e-03 -5.889578070076436495e-02 -2.543403183662712479e+02 3.625525285624537578e-03 9.969388703075312552e-01 7.817292347569805566e-02 7.209268236651801942e+00 5.936020493726167774e-02 7.782104405230515221e-02 -9.952027428663613451e-01 6.058806513752009693e+01
-9.982442698033731077e-01 6.827337544727662445e-03 -5.889363635630538024e-02 -2.543953094582280698e+02 2.198388050717527738e-03 9.969325555237602554e-01 7.830651244683574375e-02 7.266501966917586763e+00 5.924750808740071595e-02 7.803930253615060098e-02 -9.951923679737657569e-01 5.954132456988193667e+01
-9.982363630953821065e-01 6.200568770340661971e-03 -5.909664114531542473e-02 -2.544488722189768168e+02 1.592994473501930727e-03 9.969814963589583856e-01 7.769570139096391992e-02 7.323837016192093152e+00 5.939991403281259796e-02 7.746428278931954958e-02 -9.952282081912866563e-01 5.850317891252957025e+01
-9.982148686175175145e-01 4.705648983088312788e-03 -5.959559287994233706e-02 -2.545061160576631210e+02 1.228023968057133223e-04 9.970622532844471975e-01 7.666889025474526997e-02 7.380253484956192267e+00 5.978118651034421832e-02 7.652445975182170512e-02 -9.952780877262813464e-01 5.746589462454183916e+01
-9.981871282934456913e-01 3.533694909507912544e-03 -6.013877662742618535e-02 -2.545569723763088348e+02 -1.040290764466774527e-03 9.971239740182141764e-01 7.585493441489667144e-02 7.432941554180657384e+00 6.023375506533871354e-02 7.577973671636223374e-02 -9.953077829207802596e-01 5.643160801690444117e+01
-9.981077613412342453e-01 2.697203479241635973e-03 -6.148435626319436603e-02 -2.546158720756482978e+02 -1.948753075524450526e-03 9.971588737467669272e-01 7.537676420229363905e-02 7.487968928210305464e+00 6.151286256378504791e-02 7.535370987074459237e-02 -9.952618971201054876e-01 5.539620214201926984e+01
-9.979795232812186390e-01 7.458234525032045618e-04 -6.358479536115153874e-02 -2.546730256268956794e+02 -4.062153598063379840e-03 9.971469023857433278e-01 7.545088490314720564e-02 7.547423681883288715e+00 6.345953253224309587e-02 7.555648470455766930e-02 -9.951242968014224477e-01 5.436304160582575662e+01
-9.977690593908535854e-01 6.704534210777813663e-04 -6.680699481789406646e-02 -2.547412551493122237e+02 -4.427382971158375612e-03 9.970938677574535669e-01 7.612823770365699516e-02 7.601013456846542837e+00 6.666374339664907223e-02 7.625393318167614232e-02 -9.948615708163465188e-01 5.333302549073611232e+01
-9.975605096055033538e-01 1.148821238420095038e-03 -6.984582624705398812e-02 -2.548081344573464264e+02 -4.254403217727743304e-03 9.970153126359531104e-01 7.716002038904336280e-02 7.654940108223796891e+00 6.972583990522897290e-02 7.726868959616979560e-02 -9.945733358708228611e-01 5.230234593942488175e+01
-9.973529945305990019e-01 1.076261063808044800e-03 -7.275011230569558562e-02 -2.548779805949645549e+02 -4.564594951302168926e-03 9.970011259247627544e-01 7.732544282486851495e-02 7.712098618543594242e+00 7.261498959097832662e-02 7.745258508983933476e-02 -9.943522640086142061e-01 5.128706172541224362e+01
-9.971201603444463935e-01 1.771343202226033321e-03 -7.586165581109632905e-02 -2.549515663738364424e+02 -4.075422937429184177e-03 9.970403096392179698e-01 7.684612476012749049e-02 7.768132923279593705e+00 7.577306021751106790e-02 7.693374163351406059e-02 -9.941568840395816897e-01 5.027582908708968290e+01
-9.969362737688021170e-01 2.357161044771791288e-03 -7.822566523583844578e-02 -2.550264794837984539e+02 -3.618063801638792595e-03 9.970951956839170238e-01 7.615378418465124088e-02 7.821208041756065654e+00 7.817774149459863486e-02 7.620325152824392045e-02 -9.940269482532598788e-01 4.924072387261582406e+01
-9.967441463597033202e-01 1.954212732453477520e-03 -8.064765530286797934e-02 -2.551064175522899120e+02 -4.170733888807755946e-03 9.971270205231110850e-01 7.570760819105032402e-02 7.872648111250816427e+00 8.056368690894800955e-02 7.579723419759726299e-02 -9.938674673675781390e-01 4.823556987514127314e+01
-9.966172872375034242e-01 1.783063196038856685e-03 -8.220442419977831705e-02 -2.551810600716376314e+02 -4.447239682305935242e-03 9.971382410266071972e-01 7.554391540982638431e-02 7.928481123617236115e+00 8.210364871611672277e-02 7.565371635988457633e-02 -9.937523754531828457e-01 4.722144382675928398e+01
-9.964748744144213966e-01 1.384622426892077526e-03 -8.392068507637004404e-02 -2.552616602790267848e+02 -4.982169545635298062e-03 9.971307979988249803e-01 7.560880042167349158e-02 7.977348664188046001e+00 8.378435704664342898e-02 7.576014200648634178e-02 -9.936039774806447733e-01 4.621344540838808257e+01
-9.963448380961553719e-01 2.476042745358778517e-03 -8.542606411176506542e-02 -2.553423182915471159e+02 -4.019842584340588970e-03 9.971218244242712192e-01 7.578426559350409653e-02 8.032604165446002753e+00 8.536759647516886651e-02 7.585042539196482081e-02 -9.934623134921197751e-01 4.521277739336927937e+01
-9.962310663197502247e-01 2.549399296876716289e-03 -8.674068211356579516e-02 -2.554252333518466855e+02 -4.064740329972183104e-03 9.971060729988603377e-01 7.598885991944624718e-02 8.090527787334357512e+00 8.668313957030561456e-02 7.605480544774138874e-02 -9.933327675366884213e-01 4.420758026886832681e+01
-9.961224766300343925e-01 2.595439854972320971e-03 -8.797761022496768113e-02 -2.555059898479927369e+02 -4.091897985831872454e-03 9.971244925837932094e-01 7.574532037336198509e-02 8.140415238432780143e+00 8.792096871277331471e-02 7.581137698966308736e-02 -9.932425821456654091e-01 4.321232121576628060e+01
-9.960263288205046806e-01 3.559257220359162473e-03 -8.902625815305072188e-02 -2.555923973138325493e+02 -3.137431609366682101e-03 9.971867230829049022e-01 7.496768876079683286e-02 8.194483754884794635e+00 8.904237531288697327e-02 7.494887423446812413e-02 -9.932081414045974554e-01 4.221948392442809705e+01
-9.959342683471361646e-01 2.679850760037708664e-03 -9.008077306238576609e-02 -2.556799448997776949e+02 -4.012075038601767979e-03 9.972540862054326549e-01 7.402400379247120465e-02 8.232645838080058454e+00 9.003152915132506262e-02 7.408422566047419278e-02 -9.931838410513743609e-01 4.122147292125563212e+01
-9.958880656905713114e-01 2.811941569400487791e-03 -9.058614829100117283e-02 -2.557655972306484955e+02 -3.997225597840500279e-03 9.971888990800863439e-01 7.489787060242641958e-02 8.291091533480800635e+00 9.054184264443684849e-02 7.495175691577594945e-02 -9.930723561603337357e-01 4.023474616189243847e+01
-9.959934105962551243e-01 4.121467232207065394e-03 -8.936968398232686406e-02 -2.558520449934712531e+02 -2.681180465727019905e-03 9.971202914221624081e-01 7.586375602382615380e-02 8.338250091477050319e+00 8.942473258527393332e-02 7.579918047814714066e-02 -9.931092575767803687e-01 3.924929085941903395e+01
-9.962064899839110366e-01 5.609495752944143598e-03 -8.687910075902224860e-02 -2.559372143912440265e+02 -1.039557504397619139e-03 9.970902555891327790e-01 7.629763679761536466e-02 8.393465964121102019e+00 8.705404232245392282e-02 7.609827424363320436e-02 -9.932970067150678206e-01 3.826873953164678710e+01
-9.965869618462334101e-01 6.131976619443112175e-03 -8.236287594757196739e-02 -2.560111760048928318e+02 -1.259938942298746082e-04 9.971317625051017153e-01 7.576028687242333803e-02 8.438951868683410851e+00 8.259096892574697979e-02 7.551185233310378497e-02 -9.937227934775041405e-01 3.728844922478635482e+01
-9.971009518304291275e-01 6.286904495816837517e-03 -7.587480539495908283e-02 -2.560825268508172030e+02 5.590302828531514565e-04 9.971682685579967842e-01 7.527629970209934185e-02 8.489692949336820504e+00 7.613300504893072418e-02 7.501541725990000520e-02 -9.942759942955641250e-01 3.630402517993402256e+01
-9.976947860633543774e-01 6.494581483179356039e-03 -6.759996588359849790e-02 -2.561424118502044394e+02 1.383173554031234213e-03 9.971592481418967147e-01 7.538508250373485153e-02 8.540223769737192328e+00 6.789736959133281513e-02 7.511756372723915609e-02 -9.948646143485297966e-01 3.533092503507440796e+01
-9.982726094617591084e-01 6.474528568047956123e-03 -5.845255147594279749e-02 -2.561902890200681782e+02 2.032621326979832180e-03 9.971318490518832345e-01 7.573200302539101481e-02 8.591171868134015455e+00 5.877511977388490821e-02 7.548213250439236854e-02 -9.954176201069329100e-01 3.435733753776448651e+01
-9.988044400105645648e-01 6.740953156849482236e-03 -4.848788919710558809e-02 -2.562309372338324920e+02 3.025901628043562146e-03 9.970871535939218600e-01 7.628529183211461839e-02 8.645056536827844695e+00 4.886082751572034394e-02 7.604712544807867847e-02 -9.959105193624596675e-01 3.338698401947787175e+01
-9.992598265193513019e-01 6.085225358362194616e-03 -3.807356598778904172e-02 -2.562568658163627902e+02 3.130241279948682478e-03 9.970169409348929035e-01 7.719336685305960843e-02 8.697519245189841541e+00 3.842972341990889829e-02 7.701680393946316872e-02 -9.962930685063573488e-01 3.242003709305476633e+01
-9.996081702125694246e-01 6.518556624843541494e-03 -2.734684731075333330e-02 -2.562775121184290583e+02 4.363140832860899765e-03 9.969381052350929640e-01 7.814585982585343926e-02 8.752700689198160688e+00 2.777255972966611794e-02 7.799566580916462988e-02 -9.965709594790873593e-01 3.145298573510065054e+01
-9.998518365643015438e-01 6.005403949504749435e-03 -1.634269453461597785e-02 -2.562842074200549405e+02 4.714759189117226010e-03 9.969564790382657860e-01 7.789064774908062427e-02 8.798610623429565791e+00 1.676082255740005481e-02 7.780180330326558202e-02 -9.968321192862064084e-01 3.047999263149989346e+01
-9.999640498996549276e-01 7.321504611328893269e-03 -5.013960544145261433e-03 -2.562836265841538079e+02 6.920397692016871764e-03 9.971050209657948971e-01 7.579641208178035383e-02 8.846426496535526596e+00 5.554549468347572301e-03 7.575874613060369633e-02 -9.971148820749603514e-01 2.952133238376329416e+01
-9.999529623656507882e-01 7.195709310793583363e-03 7.010108166365701735e-03 -2.562686249261264493e+02 7.685626570032895975e-03 9.973383553211943031e-01 7.258479372946741170e-02 8.894809052296734464e+00 -6.468930974251897378e-03 7.263503020727954396e-02 -9.973417861384545891e-01 2.856222140788149844e+01
-9.997610704428737671e-01 7.902918075338242684e-03 2.054758637416489314e-02 -2.562406530253462051e+02 9.362170393156638709e-03 9.973717484204547290e-01 7.192608741001049744e-02 8.942003745028641148e+00 -1.992486794426547025e-02 7.210104680526442655e-02 -9.972024780531408839e-01 2.759660974860541316e+01
-9.992948618016288531e-01 9.842036681881842844e-03 3.632873210200405351e-02 -2.562028474796743467e+02 1.253806580408367566e-02 9.971292234939541643e-01 7.474980985830195768e-02 8.992662136923005534e+00 -3.548838612532935477e-02 7.515234959045728746e-02 -9.965445534962651397e-01 2.664680782392682090e+01
-9.984773575075192031e-01 1.180834018277429100e-02 5.394810637479512117e-02 -2.561468880608363747e+02 1.586198640255996259e-02 9.970372540482360657e-01 7.534283138566104376e-02 9.043401722564350820e+00 -5.289814592226108059e-02 7.608358648091087528e-02 -9.957014725601980309e-01 2.569282083898711022e+01
-9.972676724204153631e-01 1.242127114729340599e-02 7.286821555247333104e-02 -2.560695075084510677e+02 1.776155302852033477e-02 9.971718396673991958e-01 7.310461197881394646e-02 9.089984296710223788e+00 -7.175353343257737104e-02 7.419888210168229525e-02 -9.946629125802974869e-01 2.473801672939680429e+01
-9.956260691286669129e-01 1.202623816678550020e-02 9.268754556312225334e-02 -2.559740930967993791e+02 1.864158346890839105e-02 9.973190771985721570e-01 7.084200299594706207e-02 9.137561087703062412e+00 -9.158644672833754496e-02 7.225976180437822249e-02 -9.931761188887658909e-01 2.379432933757635737e+01
-9.935476839491802492e-01 1.182033752966040428e-02 1.128280396492306326e-01 -2.558562721652907896e+02 1.989583112716153401e-02 9.973035566231448490e-01 7.071925755631552901e-02 9.187912331762250417e+00 -1.116871284939627978e-01 7.250753725190911547e-02 -9.910988849377463383e-01 2.284981044253834881e+01
-9.910340174158321913e-01 1.025767101783418671e-02 1.332413052222803374e-01 -2.557181028889334016e+02 1.989991562888701604e-02 9.972664799959243265e-01 7.123905866526621111e-02 9.237157433127755723e+00 -1.321454847690406442e-01 7.325159326320769548e-02 -9.885242193959302703e-01 2.190392352420261446e+01
-9.880513037649284458e-01 1.011766671626340881e-02 1.538153074781718754e-01 -2.555600944183056527e+02 2.135112796224728979e-02 9.972136587768957172e-01 7.155762612018028157e-02 9.281654261459639343e+00 -1.526617675976279509e-01 7.398650646425383726e-02 -9.855093810178716662e-01 2.096040357794895570e+01
-9.845272722895174189e-01 1.008662040321969301e-02 1.749606044339102051e-01 -2.553861138418246526e+02 2.280245452294081890e-02 9.972340539542133842e-01 7.082189373294714430e-02 9.329357573778564117e+00 -1.737612485294906806e-01 7.371539162893425701e-02 -9.820292406066128965e-01 2.002204272912580407e+01
-9.803814192251868453e-01 1.026455943829123786e-02 1.968598978852371950e-01 -2.551888775932240492e+02 2.452139683528561237e-02 9.972427349475631031e-01 7.012189378004680951e-02 9.377868472506381892e+00 -1.955961503774985288e-01 7.357325751838912631e-02 -9.779250911295774840e-01 1.908453412850423803e+01
-9.757048166428500258e-01 9.628105534052758263e-03 2.188934092433995615e-01 -2.549635007875387771e+02 2.525796783333365825e-02 9.973220131306107517e-01 6.871894102465454790e-02 9.423385552630929141e+00 -2.176442876710431018e-01 7.257798733866695218e-02 -9.733302430448820264e-01 1.814038254006737816e+01
-9.703829700350684595e-01 9.275728473475804148e-03 2.414078987745724436e-01 -2.547227994772285058e+02 2.594396365474487681e-02 9.974906804219095813e-01 6.595993909261278765e-02 9.464422551273349526e+00 -2.401888942593292386e-01 7.026927632850960004e-02 -9.681838090051948509e-01 1.720440998377887709e+01
-9.644186251013642242e-01 8.548996303864084614e-03 2.642547214505515663e-01 -2.544521872072513702e+02 2.622922685354257474e-02 9.976459653707079323e-01 6.345091898282392839e-02 9.509003047544332787e+00 -2.630886901427699764e-01 6.812425501688479379e-02 -9.623678048394020967e-01 1.626725257118761192e+01
-9.578786504318145267e-01 7.726979965606361501e-03 2.870813849937627338e-01 -2.541641271015126051e+02 2.687927345970671233e-02 9.976677584784517938e-01 6.283322161595947253e-02 9.550835478032066561e+00 -2.859246900019581927e-01 6.790295119271599900e-02 -9.558475990585323379e-01 1.533490227378893422e+01
-9.509305646661736500e-01 7.472583511855225395e-03 3.093253345960290668e-01 -2.538555573216076766e+02 2.834939830484142081e-02 9.976132420700019043e-01 6.305234385299358923e-02 9.594442929833439493e+00 -3.081141310303905922e-01 6.872739556943900652e-02 -9.488680624127694418e-01 1.441493613666128581e+01
-9.432674463676846699e-01 6.549648493632091728e-03 3.319797754174161342e-01 -2.535175527687325143e+02 2.937278707585623885e-02 9.975375063080181848e-01 6.377798512526858254e-02 9.636510526542036104e+00 -3.307426832253056448e-01 6.991067075831318423e-02 -9.411323755374744193e-01 1.348499769322389241e+01
-9.351469457339401936e-01 6.901734997097970677e-03 3.542026301611450045e-01 -2.531627896368756012e+02 3.184212745197737698e-02 9.974066663642594532e-01 6.463351309822414070e-02 9.679415024488925212e+00 -3.528359980296838505e-01 7.172019075424171386e-02 -9.329369462222172338e-01 1.257588973205354854e+01
-9.264189319068134587e-01 8.255626999187318238e-03 3.764130244137127157e-01 -2.527819248922281190e+02 3.500245689724474502e-02 9.973240039846087424e-01 6.427390458579482213e-02 9.723605619313298476e+00 -3.748730285238955906e-01 7.271972616501966302e-02 -9.242242312922269720e-01 1.165050493299702694e+01
-9.169374924463410403e-01 8.612372977699733756e-03 3.989466487310476817e-01 -2.523722330333742150e+02 3.642346571176513503e-02 9.974056100209326425e-01 6.218410019631454705e-02 9.758200931136531864e+00 -3.973738613364349859e-01 7.154973930944301397e-02 -9.148677679393356632e-01 1.073231821776820993e+01
-9.071173939505564610e-01 7.477790945766014767e-03 4.208195425808769485e-01 -2.519461364163618668e+02 3.648559187209646226e-02 9.974811220921037114e-01 6.092370366440630347e-02 9.805175482182100666e+00 -4.193016527480207256e-01 7.061859391274181996e-02 -9.051008348447900920e-01 9.837667684344712171e+00
-8.970975989443132903e-01 5.969535661750663587e-03 4.418000027408348629e-01 -2.514916188419584842e+02 3.711018441574234078e-02 9.973993557187835757e-01 6.187770872096530483e-02 9.840257996288004350e+00 -4.402792247108872070e-01 7.190540983301059452e-02 -8.949816742846712359e-01 8.929762658564584399e+00
-8.873876502412886280e-01 5.893976647601733947e-03 4.609939319601297214e-01 -2.510119044966764648e+02 3.878847365992171142e-02 9.973332055502956983e-01 6.191465059131773946e-02 9.896520410837382542e+00 -4.593971028807562473e-01 7.282332883202365104e-02 -8.852454163878333837e-01 8.038204274277596539e+00
-8.773729098426351625e-01 4.991130413541502997e-03 4.797904277517699434e-01 -2.505129748002524366e+02 3.716736250772727235e-02 9.976540812480488851e-01 5.758835206651662791e-02 9.922852121120730118e+00 -4.783748226998655317e-01 6.835880889987860920e-02 -8.754958520241679087e-01 7.139544666540516893e+00
-8.671330380766488766e-01 2.823181086877613738e-03 4.980756124781658967e-01 -2.499902002670402226e+02 3.459752689149659527e-02 9.979157587738167745e-01 5.457702915763959495e-02 9.982349255493842222e+00 -4.968807047448125513e-01 6.455755296989539038e-02 -8.654191328604765587e-01 6.260100094186251241e+00
-8.569103951110466078e-01 3.177063777259652409e-03 5.154623929123418602e-01 -2.494488044557148214e+02 3.548055546343865940e-02 9.979786399645659278e-01 5.283244835914612664e-02 1.000892268335178947e+01 -5.142498006863513993e-01 6.356139530261466219e-02 -8.552867823357926946e-01 5.373749201581314416e+00
-8.474371581924242669e-01 2.337899961220607503e-03 5.308971651014747772e-01 -2.488826704477045553e+02 3.573122004608050850e-02 9.979798187303738910e-01 5.264091142721463723e-02 1.005985256128463057e+01 -5.296987037754301575e-01 6.357929593927762191e-02 -8.458045554041199177e-01 4.496458071203179863e+00
-8.394130419654575181e-01 1.886708383238185072e-03 5.434971924815975575e-01 -2.483031589180461083e+02 3.566073971475947069e-02 9.980360613037022599e-01 5.161243159416014498e-02 1.007819525592819687e+01 -5.423294703519518922e-01 6.270548940273057426e-02 -8.378276417494304740e-01 3.627214040487087843e+00
-8.323346270357675492e-01 -2.676572531037730174e-03 5.542733302834327302e-01 -2.477013740187469182e+02 3.065795015831559653e-02 9.982409487683451266e-01 5.085877688286054993e-02 1.011922404350225690e+01 -5.534314576261140095e-01 5.932424970738751219e-02 -8.307843563844843349e-01 2.741183990265938064e+00
-8.270338839738704539e-01 -3.682249492359392258e-03 5.621462631656556352e-01 -2.470904806172684403e+02 3.010149284729521021e-02 9.982596186612420208e-01 5.082471097870932403e-02 1.015513039937021311e+01 -5.613520188418037460e-01 5.895504533507057998e-02 -8.254796229347863834e-01 1.865641036832448307e+00
-8.226281598290778874e-01 -7.262746161893304797e-03 5.685395275697316952e-01 -2.464695393428746968e+02 2.605321852363027407e-02 9.983924395757002301e-01 5.045085968539368693e-02 1.019257624565431009e+01 -5.679888989919588127e-01 5.631444070471822161e-02 -8.211124701973465667e-01 9.866251985644440836e-01
-8.195373051669621045e-01 -7.461692099384407625e-03 5.729833942617583720e-01 -2.458454675521716695e+02 2.591578094454436917e-02 9.984152225588599494e-01 5.006940643377163352e-02 1.023082849142444140e+01 -5.724458446116682531e-01 5.588292337048687830e-02 -8.180411087569017248e-01 1.092434205401784375e-01
-8.173398504291633504e-01 -4.771037949486753652e-03 5.761422180740304322e-01 -2.452131233193696858e+02 2.808387588010491376e-02 9.984529622663768089e-01 4.810938722621339869e-02 1.025355154326585527e+01 -5.754773178553171942e-01 5.550189544588848833e-02 -8.159373754572486481e-01 -7.832681323185186617e-01
-8.153735503772712168e-01 -5.267949386997158347e-03 5.789173374979386111e-01 -2.445751301792842867e+02 2.632605356035409502e-02 9.985926032344711878e-01 4.616587290806498101e-02 1.028320035382612829e+01 -5.783426375171479838e-01 5.288292622180769398e-02 -8.140832909360010694e-01 -1.670307434034324245e+00
-8.141677871118584431e-01 -4.045330666666849956e-03 5.806216652887306040e-01 -2.439289045036516086e+02 2.677214156157058447e-02 9.986564156382869983e-01 4.449891178158885130e-02 1.031344150600346232e+01 -5.800184215238930463e-01 5.177395933370296244e-02 -8.129615661576796715e-01 -2.565980258212405385e+00
-8.129492058993251780e-01 -3.831731751063310182e-03 5.823280663175427474e-01 -2.432797707607862208e+02 2.713477475942957864e-02 9.986487008182541869e-01 4.445238026694298128e-02 1.034085074315994568e+01 -5.817083450862898797e-01 5.193875999502130941e-02 -8.117426857874785462e-01 -3.463543141033316619e+00
-8.124262458745397097e-01 -4.440197118814476381e-03 5.830531295177251438e-01 -2.426226109884532036e+02 2.645118099044864099e-02 9.986665882860495946e-01 4.446255271930296682e-02 1.036969153205328986e+01 -5.824699469636768212e-01 5.154488251129695636e-02 -8.112214921465301654e-01 -4.363922672871372477e+00
-8.118572508397750020e-01 -4.859348547928487617e-03 5.838418142617205486e-01 -2.419635976146826408e+02 2.647068562849402840e-02 9.986365595970656539e-01 4.512054489091005260e-02 1.039776710679553240e+01 -5.832618780849421203e-01 5.208602596161542725e-02 -8.106176979368386881e-01 -5.266027228882224520e+00
-8.123316908631543765e-01 -5.356726499351993805e-03 5.831771646646007889e-01 -2.413122112007713156e+02 2.615739645986151288e-02 9.986226399708694190e-01 4.560869579515774985e-02 1.042156829758478231e+01 -5.826150769453417588e-01 5.230367446989381275e-02 -8.110686931508147568e-01 -6.165132732898102930e+00
-8.128571415714836990e-01 -5.805818472913009884e-03 5.824402484543665937e-01 -2.406516486745305770e+02 2.523770497787949929e-02 9.986659334761633922e-01 4.517689730195964537e-02 1.045328915496446598e+01 -5.819223708131600059e-01 5.142171220218985650e-02 -8.116222009924020098e-01 -7.069518222472502167e+00
-8.144060170928507647e-01 -6.597392251316959964e-03 5.802640793769917593e-01 -2.399945379717466665e+02 2.380481358385030943e-02 9.987196396737355597e-01 4.476556960554468889e-02 1.047593799358658551e+01 -5.798133269677596680e-01 5.027032427339292453e-02 -8.132022138252659182e-01 -7.975676935444787397e+00
-8.170860448202648119e-01 -7.962618841469308595e-03 5.764668999014924688e-01 -2.393458601017550222e+02 2.226324257325343337e-02 9.987287621136539117e-01 4.535144165116958975e-02 1.050340214330777933e+01 -5.760920668341649176e-01 4.988994871896560573e-02 -8.158660247061931825e-01 -8.883311646427289432e+00
-8.200182918485322547e-01 -8.503378198916899250e-03 5.722803456416193368e-01 -2.386982672450077700e+02 2.193246335613406942e-02 9.986941085611138469e-01 4.626651538399443458e-02 1.053460556675365467e+01 -5.719233296324111038e-01 5.049079935892284571e-02 -8.187568858420217754e-01 -9.793030175516694413e+00
-8.236357103932536727e-01 -9.976425084184703182e-03 5.670377373537913712e-01 -2.380533952896107905e+02 2.031210649939951818e-02 9.986906037629456057e-01 4.707493051132200651e-02 1.055911312576312433e+01 -5.667618232509507026e-01 5.029021473531016667e-02 -8.223505264412351856e-01 -1.072095986556118952e+01
-8.272075888588759085e-01 -1.074617199207043849e-02 5.617999949042540297e-01 -2.374169160669254666e+02 1.937931212052541527e-02 9.986824555551879756e-01 4.763768322517891035e-02 1.058556988628979667e+01 -5.615686713105929595e-01 5.029344125773738128e-02 -8.259053570903264196e-01 -1.163621934635392208e+01
-8.312338629006055246e-01 -1.050232616392638221e-02 5.558300871979379165e-01 -2.367956264435821367e+02 1.908077162531240240e-02 9.986992594812820201e-01 4.740544107572291360e-02 1.061183991347568423e+01 -5.556019414750001939e-01 5.001057081998171172e-02 -8.299481255705802862e-01 -1.255346394222716455e+01
-8.356926615851016926e-01 -1.276013212923697397e-02 5.490556206343304435e-01 -2.361815453805808147e+02 1.580307644823557636e-02 9.987631697223228189e-01 4.726476874730053263e-02 1.064259707328579196e+01 -5.489766488243196241e-01 4.817549327891870042e-02 -8.344532515855692667e-01 -1.347891540472530636e+01
-8.402021086635711455e-01 -1.155730711205257312e-02 5.421567758335663623e-01 -2.355772786618521479e+02 1.698991196904842127e-02 9.987267999380290417e-01 4.762031028024438922e-02 1.067299702483260226e+01 -5.420139117223620184e-01 4.922178067362478759e-02 -8.389318250835521296e-01 -1.439707495289282058e+01
-8.450322440781331546e-01 -1.047806253443183018e-02 5.346193481473210385e-01 -2.349843602318761668e+02 1.823777175585218971e-02 9.986673030740038648e-01 4.840027510796685029e-02 1.069676618918714439e+01 -5.344110915740505341e-01 5.064995245542298213e-02 -8.437107602227249536e-01 -1.533783900167335901e+01
-8.493272685856994020e-01 -9.359219081612177304e-03 5.277904258118025771e-01 -2.344013496341228233e+02 1.948460079794200189e-02 9.986114060525270730e-01 4.906330968207951032e-02 1.072479632089099866e+01 -5.275138577938970341e-01 5.195447969080745770e-02 -8.479612889694024824e-01 -1.626146904361988987e+01
-8.534581252566868503e-01 -7.242906892386350923e-03 5.211179450067394692e-01 -2.338297046754721578e+02 2.172177378367338291e-02 9.985460043952413267e-01 4.945352434675785031e-02 1.075427347634862763e+01 -5.207155888706465063e-01 5.352599760232298193e-02 -8.520555932745199623e-01 -1.720258450580120169e+01
-8.562370513046327902e-01 -4.114486165292745301e-03 5.165736480877058945e-01 -2.332633967026758910e+02 2.486903882305158478e-02 9.984863712901310695e-01 4.917434336246634397e-02 1.078296867430701589e+01 -5.159912573138674130e-01 5.495145617856929399e-02 -8.548344010230461976e-01 -1.813862495544084652e+01
-8.581389931782655855e-01 -6.218596627732632430e-04 5.134240296668851622e-01 -2.327049647553568263e+02 2.849814949536743844e-02 9.984057250467982536e-01 4.884142493441892552e-02 1.081143993124427460e+01 -5.126330624184941565e-01 5.654422806657074391e-02 -8.567488476204790926e-01 -1.907909554217193815e+01
-8.594811713571363088e-01 2.461970538810322271e-03 5.111684742562593309e-01 -2.321546583193332651e+02 3.180831075647422290e-02 9.983138957519136492e-01 4.867464713229496809e-02 1.083659242943083534e+01 -5.101839672281739402e-01 5.809420157704751897e-02 -8.581059837904332355e-01 -2.001087640688701441e+01
-8.603349989211230842e-01 4.884213415352255290e-03 5.097126591229943493e-01 -2.315999300292939154e+02 3.495523051315303775e-02 9.981712623695412345e-01 4.943579500150178246e-02 1.087003093106894624e+01 -5.085362954489904830e-01 6.034830663463713885e-02 -8.589280658612152841e-01 -2.093789920935544657e+01
-8.613277977596688340e-01 6.268195712762001173e-03 5.080180177486707249e-01 -2.310502410648213640e+02 3.682312341376167003e-02 9.980700837607340281e-01 5.011791765187401798e-02 1.089877550916813931e+01 -5.067206650827170700e-01 6.187460102164794862e-02 -8.598919769991958395e-01 -2.186236266839841136e+01
-8.620873372968780313e-01 7.624330454259411680e-03 5.067094495308223090e-01 -2.305073868676286111e+02 3.822734692241240573e-02 9.980221434070684072e-01 5.002114051391447908e-02 1.092507448186722030e+01 -5.053231090946573856e-01 6.249258223799196432e-02 -8.606693588410008200e-01 -2.278104262993333862e+01
-8.627310042041246296e-01 1.050101184249535753e-02 5.055612012492586294e-01 -2.299666101765675137e+02 4.142618991180727073e-02 9.978972538786067270e-01 4.996596377332849365e-02 1.095517396374440189e+01 -5.039706830245234137e-01 6.405048109216933405e-02 -8.613475507611122461e-01 -2.370491043682144294e+01
-8.631887801110407210e-01 1.281755513961183555e-02 5.047256963155465348e-01 -2.294332097954610958e+02 4.426568449252115539e-02 9.977552200379206093e-01 5.036594601292961049e-02 1.098118507009954925e+01 -5.029443765532251032e-01 6.581715918843711322e-02 -8.618141201826661213e-01 -2.462534304739867963e+01
-8.633243792914202519e-01 1.663135461972385307e-02 5.043824025443485182e-01 -2.289018124403920922e+02 4.870808280647780097e-02 9.975425302279811168e-01 5.047860563585934018e-02 1.101507068188266203e+01 -5.023006204999507229e-01 6.814670825199413418e-02 -8.620084906952956150e-01 -2.553223713649656190e+01
-8.637042921136347529e-01 1.844195596197260173e-02 5.036685269616564264e-01 -2.283673892190782624e+02 5.026000215728092246e-02 9.975064621625954198e-01 4.966349187550640754e-02 1.103924017371147670e+01 -5.014939738929620194e-01 6.820874944755156433e-02 -8.624731245193020257e-01 -2.645201618394048637e+01
-8.637777032459821314e-01 1.765069793082046229e-02 5.035709810734168013e-01 -2.278371954869357978e+02 4.893561171402837501e-02 9.976064727211243488e-01 4.897257448408116193e-02 1.106139296814592221e+01 -5.014985266775403572e-01 6.694377625985220570e-02 -8.625695868969939228e-01 -2.735662982115428221e+01
-8.639940400664670728e-01 1.880496092404159922e-02 5.031579012074716140e-01 -2.273120314858312270e+02 5.066055516466059366e-02 9.974837980307343921e-01 4.971183521595742144e-02 1.109206488346883290e+01 -5.009542832869218199e-01 6.844078463574021498e-02 -8.627683367570142536e-01 -2.825814377034817326e+01
-8.643315374091758985e-01 2.033316080727319911e-02 5.025184151789268139e-01 -2.267884161423225180e+02 5.277544167430538169e-02 9.973386349189791167e-01 5.041916834559866806e-02 1.111958084163575045e+01 -5.001531118143488497e-01 7.009929657900974831e-02 -8.630999350186414620e-01 -2.916596199946312495e+01
-8.644267747984551997e-01 2.223429318514398567e-02 5.022740211384951747e-01 -2.262691211264722426e+02 5.560008726266892770e-02 9.971273717585609209e-01 5.154937354759356327e-02 1.114510531946210925e+01 -4.996822779619970456e-01 7.248691321307333679e-02 -8.631754284487364037e-01 -3.005108833683711467e+01
-8.648231103958190502e-01 2.346784452207160629e-02 5.015350978844798080e-01 -2.257494647205334104e+02 5.690041380592722464e-02 9.970585186692456636e-01 5.146221758607966157e-02 1.116670384249177772e+01 -4.988494066479570721e-01 7.304304146411280674e-02 -8.636101769244339810e-01 -3.095190975363233576e+01
-8.648964865244769262e-01 2.337633906039911572e-02 5.014128254835258369e-01 -2.252419053792871182e+02 5.702185628862990047e-02 9.970301455797910828e-01 5.187585305930030727e-02 1.119825254728292663e+01 -4.987083077411326726e-01 7.345850301632625423e-02 -8.636564285548689046e-01 -3.182171377465941120e+01
-8.650370508812150749e-01 2.357235811791141139e-02 5.011611053130974325e-01 -2.247379170073897399e+02 5.741797774108254454e-02 9.969897837201164847e-01 5.221356424687160352e-02 1.122204338714016991e+01 -4.984189788872538385e-01 7.394209208711108317e-02 -8.637821734210295865e-01 -3.268898809519077986e+01
-8.646939913300233371e-01 2.324008252268382202e-02 5.017682886107102114e-01 -2.242346634331753421e+02 5.739893730975875741e-02 9.969631859444626487e-01 5.273975774644196896e-02 1.125172687747642897e+01 -4.990161050942250598e-01 7.440448581669070749e-02 -8.633976239492068272e-01 -3.355532798140559692e+01
-8.630758027387016584e-01 2.437856268779938287e-02 5.044928770510770377e-01 -2.237488350537919359e+02 5.949450997397868340e-02 9.967936773286513175e-01 5.361424478782905040e-02 1.127615434753686685e+01 -5.015655291122558257e-01 7.628747073141475821e-02 -8.617544909731930103e-01 -3.437486459321983290e+01
-8.612437635466715369e-01 2.474663740913000606e-02 5.075963017577601599e-01 -2.232691028806123654e+02 6.073180183203398530e-02 9.966735283229938291e-01 5.445410011801951611e-02 1.129764816393594984e+01 -5.045574833028706463e-01 7.772524062082684926e-02 -8.598773744792993501e-01 -3.519188249836951599e+01
-8.584158237981968087e-01 2.509824238086041936e-02 5.123471297502483202e-01 -2.227975430838541513e+02 6.267362376649265876e-02 9.964567092141707327e-01 5.619404229462169470e-02 1.132191618341857620e+01 -5.091185809539782170e-01 8.034824136365113778e-02 -8.569428258362774553e-01 -3.597677546440382201e+01
-8.549797413783787325e-01 2.588457992208883021e-02 5.180220738436954742e-01 -2.223345545020420957e+02 6.418922093964816999e-02 9.963623547425776161e-01 5.615629810152550361e-02 1.134299983573029103e+01 -5.146812998173777576e-01 8.126365949266216304e-02 -8.535267782441156026e-01 -3.673644437133469154e+01
-8.511885881465652837e-01 2.763043084930497106e-02 5.241390924664531825e-01 -2.218808575752323122e+02 6.569339605599106013e-02 9.963748337965845359e-01 5.415994025084312075e-02 1.136551919720612069e+01 -5.207396958113370555e-01 8.053253329559646734e-02 -8.499136810138022691e-01 -3.747309257199605526e+01
-8.469317968964568122e-01 2.786861657511737617e-02 5.309775176258886287e-01 -2.214361320244233298e+02 6.591860670479475492e-02 9.964305622018465591e-01 5.284509849731900549e-02 1.137932418631274878e+01 -5.276066277830419038e-01 7.975723207391087477e-02 -8.457414640745177792e-01 -3.816711916219149714e+01
-8.434688758937851638e-01 2.730108559783255354e-02 5.364905974611957618e-01 -2.209970947587304408e+02 6.643914886867301195e-02 9.963474125372526746e-01 5.375327265801045640e-02 1.140358779538533973e+01 -5.330605857640262624e-01 8.098292450372422679e-02 -8.421975887431544239e-01 -3.885356950695175726e+01
-8.398960721360511084e-01 2.635826545029970949e-02 5.421135392687712606e-01 -2.205700046857427310e+02 6.680098350771784821e-02 9.962520912003465234e-01 5.505588932078060022e-02 1.142591097339537143e+01 -5.386276274892694005e-01 8.245466826151187645e-02 -8.385046890281653287e-01 -3.950265094702928081e+01
-8.362652557270330300e-01 2.528195833896690337e-02 5.477485838836219090e-01 -2.201504204822070108e+02 6.631793143626565912e-02 9.962727412776697378e-01 5.526585371647553535e-02 1.143987798740373840e+01 -5.443067821128648731e-01 8.254218884058546479e-02 -8.348206532841693228e-01 -4.013352455070096880e+01
-8.327125680212238423e-01 2.410014728900366013e-02 5.531873412259841194e-01 -2.197374411798967060e+02 6.463730003685971837e-02 9.964587148787250603e-01 5.388703988809658008e-02 1.145991981898188250e+01 -5.499266602691932349e-01 8.062868216513732755e-02 -8.313172046738878107e-01 -4.074424167987334755e+01
-8.292007572027919604e-01 2.352579540471997493e-02 5.584621001255987149e-01 -2.193358004204055476e+02 6.356272049450695238e-02 9.966074198655049399e-01 5.239462525489873429e-02 1.147279817619650721e+01 -5.553318180771575907e-01 7.894277150275193222e-02 -8.278787489301704383e-01 -4.132119789451041925e+01
-8.258516967037703438e-01 2.262365825808579020e-02 5.634398232216742963e-01 -2.189529172059223470e+02 6.284724209472052070e-02 9.966683200949272292e-01 5.209847526815869490e-02 1.149273662389418327e+01 -5.603809073773665661e-01 7.843599003771926925e-02 -8.245178329102966774e-01 -4.187828996315487728e+01
-8.223862724149754166e-01 2.270786083437010064e-02 5.684825994587378029e-01 -2.185787386410669058e+02 6.364427457366796104e-02 9.966092339639691655e-01 5.226096790208031861e-02 1.150638671858336970e+01 -5.653651900757649118e-01 7.915909775527270320e-02 -8.210387717993556933e-01 -4.240634614250786427e+01
-8.189020898652527025e-01 2.231238233279111971e-02 5.735057346192031780e-01 -2.182151032543763165e+02 6.397866218596698351e-02 9.965708990445872884e-01 5.258277275277086632e-02 1.152147950538207155e+01 -5.703627677603523294e-01 7.975199893988342559e-02 -8.175173201726476657e-01 -4.292136686383170030e+01
-8.147781495614564440e-01 2.209425575733886191e-02 5.793580198483128108e-01 -2.178558425201261173e+02 6.477306372609903384e-02 9.964926050439067984e-01 5.309160724263418951e-02 1.153264278217706362e+01 -5.761498220760724598e-01 8.078439667662641599e-02 -8.133473467684350089e-01 -4.342075356717631252e+01
-8.097650463092913586e-01 2.268792666198458929e-02 5.863217021846490740e-01 -2.175065311874279814e+02 6.632782563831784994e-02 9.963925763424643645e-01 5.304939305919203346e-02 1.154637153416546091e+01 -5.829998346350415694e-01 8.184670113548181414e-02 -8.083445792144352549e-01 -4.388474097261187268e+01
-8.036904119441262706e-01 2.320968911627315293e-02 5.946009977793664802e-01 -2.171616504297975325e+02 6.724822781317116305e-02 9.963860401494971653e-01 5.200307826482041679e-02 1.155981799124689324e+01 -5.912419390159059374e-01 8.177995284747532900e-02 -8.023426067762789993e-01 -4.434734506759287598e+01
-7.965702233236153784e-01 2.356853188791400294e-02 6.040924795518453072e-01 -2.168160714022953641e+02 6.745770222968217045e-02 9.964706715288701444e-01 5.007441947794184778e-02 1.156849085839858127e+01 -6.007769891719073607e-01 8.063820389869605365e-02 -7.953446691309123961e-01 -4.478848397482713750e+01
-7.885711843353369055e-01 2.384650523735099004e-02 6.144869054027586319e-01 -2.164738313401110759e+02 6.802954948512079936e-02 9.965032804037987635e-01 4.863107152063463057e-02 1.157864381797480924e+01 -6.111752122726533676e-01 8.015205289489650553e-02 -7.874320057531737360e-01 -4.521898938741234986e+01
-7.800497802250594415e-01 2.392043966502292382e-02 6.252659286369847136e-01 -2.161261556712323397e+02 6.767543020502259088e-02 9.966383805617244906e-01 4.630079610220041997e-02 1.158707139998386104e+01 -6.220531065791891079e-01 7.843179969841150567e-02 -7.790423869354071718e-01 -4.562017714459829421e+01
-7.710956171122623770e-01 2.411225308052144731e-02 6.362684088793059134e-01 -2.157839994609084329e+02 6.766081722949227051e-02 9.967335980730536171e-01 4.422598949381235933e-02 1.159794209197649373e+01 -6.331202735597682985e-01 7.715264802297679136e-02 -7.702044212081631258e-01 -4.601595684343271131e+01
-7.615074414097428024e-01 2.510803371808521464e-02 6.476753431671385952e-01 -2.154485891039547880e+02 6.932433885790478811e-02 9.966784852165592179e-01 4.287101202567009800e-02 1.160722716061941995e+01 -6.444441749488029059e-01 7.754599797383458781e-02 -7.607147886729772601e-01 -4.640356794949071428e+01
-7.510173494108421943e-01 2.590753972976166802e-02 6.597795778088779706e-01 -2.151085500312590568e+02 7.075574850644761327e-02 9.966398585962207290e-01 4.140540955627719510e-02 1.161855918362215334e+01 -6.564863515548977624e-01 7.777911524181270464e-02 -7.503230944506719124e-01 -4.676211886030542786e+01
-7.396638304434917099e-01 2.715291956315992253e-02 6.724340050744178621e-01 -2.147830299632767606e+02 7.270746421785161118e-02 9.965673619262878091e-01 3.973550467912194406e-02 1.162299759655688369e+01 -6.690432203881528928e-01 7.828162031467451876e-02 -7.390952733965620025e-01 -4.711799894948555334e+01
-7.266970688226755959e-01 2.743505654723848650e-02 6.864153615332668767e-01 -2.144517465671948173e+02 7.353300521648049870e-02 9.965738382616069480e-01 3.801677322275349297e-02 1.162711265366219493e+01 -6.830168987609529507e-01 7.810059570165367449e-02 -7.262209583719567707e-01 -4.744400357517689315e+01
-7.113718662779133783e-01 2.669196629820596439e-02 7.023140128936002924e-01 -2.141273990560426341e+02 7.471865546557204807e-02 9.964935108195358548e-01 3.781003216661090599e-02 1.163105878054185105e+01 -6.988383488545605315e-01 7.937267907371180209e-02 -7.108682062689375414e-01 -4.775078802765934682e+01
-6.942072041672172622e-01 2.611509918059902111e-02 7.193064232422807791e-01 -2.138028161367822122e+02 7.603361656489875109e-02 9.964168206935987149e-01 3.720486435150546084e-02 1.163614620504920083e+01 -7.157535385520299442e-01 8.051907458458922029e-02 -6.937018208595659985e-01 -4.803908622748974722e+01
-6.762436402464852003e-01 2.491153060973655756e-02 7.362617276698527613e-01 -2.134845411655196017e+02 7.541612062483227241e-02 9.965241222684003697e-01 3.555103639154424261e-02 1.163457127371346012e+01 -7.328129800640030833e-01 7.956689187447850420e-02 -6.757683855249464466e-01 -4.830562609355544623e+01
-6.559676239171353673e-01 2.347574737163486344e-02 7.544287594813602338e-01 -2.131742984388542368e+02 7.376062275303910121e-02 9.967318181040827341e-01 3.311868869936873683e-02 1.163444541097375939e+01 -7.511816062059735177e-01 7.737166126107768160e-02 -6.555520490243303966e-01 -4.853828212842090295e+01
-6.356173751930438431e-01 2.083153247626497520e-02 7.717279257412300586e-01 -2.128771984703133739e+02 6.985967593918718244e-02 9.970925771568412976e-01 3.062373513099053354e-02 1.163143341210070147e+01 -7.688420985595189050e-01 7.337740088792431281e-02 -6.352214185254339007e-01 -4.873812141212796689e+01
-6.156939978046208628e-01 1.698679120882893787e-02 7.878069244283318895e-01 -2.125996565643551719e+02 6.501874463893726752e-02 9.974595093476694707e-01 2.930685879591929735e-02 1.163795058474175370e+01 -7.853034440698600793e-01 6.926605787406613091e-02 -6.152311603195441680e-01 -4.892475366138192783e+01
-5.969348317377409785e-01 1.528440964028337200e-02 8.021487391323627314e-01 -2.123387245574590736e+02 6.097438742645981680e-02 9.977970311342893028e-01 2.636310427476369622e-02 1.163477575978218148e+01 -7.999743755094653741e-01 6.464738999745518744e-02 -5.965487252735575119e-01 -4.909406900948185637e+01
-5.779446512943446912e-01 1.636068408879579744e-02 8.159164910237214352e-01 -2.120762212861801856e+02 5.901803984981239537e-02 9.980249295932300813e-01 2.179257811702286704e-02 1.163463688702833032e+01 -8.139440733731880817e-01 6.074852412680882552e-02 -5.777658092914454979e-01 -4.924055002776596979e+01
-5.590476537342103924e-01 1.825775671354568780e-02 8.289389571694630865e-01 -2.118274072305310085e+02 5.778749913260288612e-02 9.981902850303132624e-01 1.698723892489851367e-02 1.162997765669123318e+01 -8.271242121848535467e-01 5.739883234026077474e-02 -5.590881688043662923e-01 -4.938192671112700793e+01
-5.390474328659264902e-01 1.933233395227611229e-02 8.420579265982096606e-01 -2.115595683674410452e+02 5.727184318482449882e-02 9.982699267894542539e-01 1.374428343155109818e-02 1.162905620310168864e+01 -8.403308745025097615e-01 5.563488789177595262e-02 -5.392193018012632066e-01 -4.951462321067489114e+01
-5.165561735730374027e-01 1.777397991545126565e-02 8.560731492264835873e-01 -2.112973090940896839e+02 5.651157209319592617e-02 9.983183101156450912e-01 1.337203944334530020e-02 1.162482937982596631e+01 -8.543912308903299779e-01 5.528530900312447066e-02 -5.166893020294640593e-01 -4.964240986489886609e+01
-4.925656490546644894e-01 1.414256010784421466e-02 8.701646451239417601e-01 -2.110444279532548251e+02 5.444370286096102129e-02 9.984161402719490264e-01 1.459157431817431280e-02 1.162058340935998224e+01 -8.685753950062838902e-01 5.456215953032730187e-02 -4.925529742734823246e-01 -4.976361941171283831e+01
-4.678291131011647064e-01 1.011271036641450682e-02 8.837652968971982936e-01 -2.107731618889828269e+02 5.018619620770057438e-02 9.986310429212496009e-01 1.513957522695108873e-02 1.161662676653890713e+01 -8.823976170998840685e-01 5.143543627773612681e-02 -4.676938297563977276e-01 -4.986409144489973500e+01
-4.413096604209604812e-01 7.281168305499808799e-03 8.973294949380741237e-01 -2.105174090027263389e+02 4.678441433964541235e-02 9.987997296872251907e-01 1.490435643027281619e-02 1.161337466390031459e+01 -8.961391240777871747e-01 4.855837132978445964e-02 -4.411183896508912294e-01 -4.995321565194922186e+01
-4.152680274158753737e-01 5.484619388639955760e-03 9.096866744180762687e-01 -2.102417025357129035e+02 4.486762269105826900e-02 9.988942082611963480e-01 1.445956022192212802e-02 1.161092468437358605e+01 -9.085965693079315342e-01 4.681998101706909277e-02 -4.150528205539033566e-01 -5.004016925278202166e+01
-3.897377675476648151e-01 4.037745723704674015e-03 9.209210792531198342e-01 -2.099773333317232300e+02 4.329643454570151345e-02 9.989708840921769362e-01 1.394343319360326350e-02 1.160308595358736561e+01 -9.199121106967680372e-01 4.530679881197305359e-02 -3.895095460373162455e-01 -5.012607548143619596e+01
-3.634454090995533071e-01 3.261503673740381425e-03 9.316137986625107059e-01 -2.097241085370194185e+02 4.081863316547912346e-02 9.990952155238270738e-01 1.242674429791080018e-02 1.159698798327464608e+01 -9.307253651461733224e-01 4.254357442631849506e-02 -3.632478822067914392e-01 -5.019900727532025542e+01
-3.361613900890100815e-01 3.049197253841507294e-03 9.418034300046199681e-01 -2.094419628722852451e+02 3.803810175296861579e-02 9.992286933750977873e-01 1.034210323689065125e-02 1.159706680622292652e+01 -9.410404271746194427e-01 3.930097514956584076e-02 -3.360164185749964783e-01 -5.026266801324547373e+01
-3.082853141502244765e-01 3.485960681861393056e-03 9.512914890793545686e-01 -2.091660362692432784e+02 3.641133311695646940e-02 9.993096748970127230e-01 8.138050165098015959e-03 1.159152704651590327e+01 -9.506013217568745066e-01 3.714658698758740302e-02 -3.081978967074555653e-01 -5.032560438325714358e+01
-2.788400779135492558e-01 4.088747643218843854e-03 9.603327445010528818e-01 -2.088669710718423573e+02 3.622324481464240381e-02 9.993300209269708745e-01 6.263055594154687267e-03 1.159113560901087681e+01 -9.596585896276285110e-01 3.653271621962425608e-02 -2.787999932530219604e-01 -5.038091840474477578e+01
-2.496767720458539785e-01 4.999792445561838591e-03 9.683201961279896963e-01 -2.085766633324392956e+02 3.723498402510528466e-02 9.993025959205760200e-01 4.441238596545582160e-03 1.158129832089129607e+01 -9.676174962440223792e-01 3.716421445190249556e-02 -2.496875892474109404e-01 -5.043650731070601267e+01
-2.204685582342677530e-01 6.149013896804355651e-03 9.753785410720637872e-01 -2.082422207817450897e+02 3.813997254908360612e-02 9.992756399880319274e-01 2.321398158147004731e-03 1.157538747055855310e+01 -9.746525214387719016e-01 3.771265575296647160e-02 -2.205423089113797142e-01 -5.048294751216099030e+01
-1.900798068813928376e-01 7.615674606869484581e-03 9.817429235739002502e-01 -2.079142500340558399e+02 3.940336887222044976e-02 9.992293095922049062e-01 -1.221109296288329870e-04 1.156747029537615745e+01 -9.809819814513159875e-01 3.866071085345510611e-02 -1.902324806392015066e-01 -5.052513033638258122e+01
-1.592374072192464241e-01 9.688169047601905004e-03 9.871965813397348688e-01 -2.075809499060269729e+02 3.945767587547173438e-02 9.992212480634428129e-01 -3.441409794865733004e-03 1.156351861829550032e+01 -9.864558616230042487e-01 3.840442519392885806e-02 -1.594949174316265261e-01 -5.055691077769065345e+01
-1.286214122609235233e-01 1.169512658307247065e-02 9.916285945953158265e-01 -2.072130668392414634e+02 4.006060725688877222e-02 9.991814682320963037e-01 -6.587913172457026019e-03 1.155514220704977646e+01 -9.908886559871077360e-01 3.887783323452129874e-02 -1.289840474897634981e-01 -5.057469761646492401e+01
-9.730500439796625767e-02 1.284637418058886399e-02 9.951754757047834854e-01 -2.068510089209125340e+02 4.011004577484029998e-02 9.991608875006067203e-01 -8.975854981288656359e-03 1.155261061022921965e+01 -9.944503964148524444e-01 3.904307391906218505e-02 -9.773818835490778734e-02 -5.058903695741200579e+01
-6.577943488981782827e-02 1.352790742819888828e-02 9.977462536537862192e-01 -2.064573443418865963e+02 4.142934552743521986e-02 9.990888426678458112e-01 -1.081461839381927907e-02 1.153529362208328202e+01 -9.969781150391437974e-01 4.062452297684030628e-02 -6.627968164985582888e-02 -5.059224946745943186e+01
-3.496116082954141974e-02 1.504370795434355201e-02 9.992792050475453047e-01 -2.060565627677397060e+02 4.003282844114012390e-02 9.991111960250130819e-01 -1.364043739640126776e-02 1.152729623994458485e+01 -9.985909042826779380e-01 3.952702128152225242e-02 -3.553222064239708322e-02 -5.057910104649915439e+01
-4.345883499036934210e-03 1.627629271912706815e-02 9.998618513721492240e-01 -2.056500442915595386e+02 3.663573250919492652e-02 9.992048282634096168e-01 -1.610622203849293790e-02 1.152071202311505260e+01 -9.993235976037047053e-01 3.656062506197400169e-02 -4.938773410306743911e-03 -5.054990649305453587e+01
2.635515571929583287e-02 1.541241584017779588e-02 9.995375880356986986e-01 -2.051981573658248976e+02 3.379944932117755207e-02 9.993016516323875997e-01 -1.629984138649163278e-02 1.151065439587838668e+01 -9.990854446538063316e-01 3.421336682912776150e-02 2.581560845450705036e-02 -5.050531221806712523e+01
5.488035925837674023e-02 1.257257012817277267e-02 9.984175511183197571e-01 -2.047487463555678175e+02 3.282906456875168272e-02 9.993633440751914510e-01 -1.438886846913182797e-02 1.149769251201705700e+01 -9.979574764905696505e-01 3.356674432395195806e-02 5.443231350271644786e-02 -5.046546991403479865e+01
8.221135997827061503e-02 9.610051158669591018e-03 9.965723616112520666e-01 -2.042546249545458181e+02 3.435304206403921173e-02 9.993379011333690665e-01 -1.247050900402277458e-02 1.148612300718692936e+01 -9.960270549275843655e-01 3.526046367806007220e-02 8.182628952789972043e-02 -5.040337312944562598e+01
1.070007789229045769e-01 7.823047793601298899e-03 9.942319493693902999e-01 -2.037719692414768247e+02 3.594928013335144112e-02 9.992907004279483196e-01 -1.173163520505573175e-02 1.146768728278195759e+01 -9.936132133094706109e-01 3.699716197229737519e-02 1.066430175243431727e-01 -5.034275095639952724e+01
1.298009410053120316e-01 6.145088107957287146e-03 9.915248314153174425e-01 -2.032324299243271355e+02 3.749602787723409908e-02 9.992410584553257369e-01 -1.110139702488970904e-02 1.145383623429570541e+01 -9.908352525686845436e-01 3.861915120050066902e-02 1.294712618441463403e-01 -5.025989106831029574e+01
1.512691362714747301e-01 4.813950688660191372e-03 9.884847058572010514e-01 -2.026823363266184970e+02 3.736403660573087149e-02 9.992516158760662570e-01 -1.058411895510998416e-02 1.143593935729941613e+01 -9.877906201125391528e-01 3.853476737334211866e-02 1.509751967654232030e-01 -5.016144103725045511e+01
1.731657525013662047e-01 4.774974206588536614e-03 9.848849495848280844e-01 -2.021316410928319840e+02 3.710371122509187325e-02 9.992527038673557627e-01 -1.136819392189956229e-02 1.142829530684044315e+01 -9.841979814144745653e-01 3.851140789929282521e-02 1.728581994536188271e-01 -5.004430973950986328e+01
1.965005907989824663e-01 5.448315267508981562e-03 9.804924155317121803e-01 -2.015393521430756039e+02 3.620619756619533613e-02 9.992682035459744538e-01 -1.280859945343103615e-02 1.141156031542754690e+01 -9.798394542626429615e-01 3.801674033452219492e-02 1.961584289104874312e-01 -4.990734140532095608e+01
2.200113434146038216e-01 4.432979315326188857e-03 9.754911098383611812e-01 -2.009367019459990900e+02 3.646445415761531694e-02 9.992593736698239804e-01 -1.276500966953758934e-02 1.140560650573819323e+01 -9.748200243046019065e-01 3.837913514971364598e-02 2.196855282509409257e-01 -4.975837509255940461e+01
2.455011840012137347e-01 -1.220059005968581819e-05 9.694001865334687107e-01 -2.002949738187451203e+02 4.035113261606580043e-02 9.991393906242157508e-01 -1.020622867576173945e-02 1.139069791256738995e+01 -9.685606232019002837e-01 4.162195987691753862e-02 2.452890379480624772e-01 -4.958962180744454429e+01
2.711058537393676859e-01 -4.604980629412261731e-03 9.625424477648466537e-01 -1.996576529654370518e+02 4.503610863261967717e-02 9.989600387474063536e-01 -7.905333939463663612e-03 1.137971711315443812e+01 -9.614999116647814370e-01 4.549225273335180675e-02 2.710298127801948898e-01 -4.939960495173733790e+01
2.964834981243470446e-01 -1.197342537946930949e-02 9.549668742135904997e-01 -1.990019294960284810e+02 5.084484431350902445e-02 9.987071947212959877e-01 -3.263533213917668620e-03 1.135500593834112060e+01 -9.536881284748724985e-01 4.952261235282868351e-02 2.967073621980506615e-01 -4.918926814479069520e+01
3.236056727757730123e-01 -1.596009527965857114e-02 9.460614154172445334e-01 -1.983226077100709119e+02 5.496254001605202499e-02 9.984924662156723363e-01 -1.955485606263635944e-03 1.134935583683379079e+01 -9.445989525476364834e-01 5.263061497660882077e-02 3.239932648893306677e-01 -4.895120777555594316e+01
3.504778359447459635e-01 -1.723857258201206416e-02 9.364164038926742206e-01 -1.976525327190737471e+02 5.965072805148236013e-02 9.982174630953970507e-01 -3.949384373132536381e-03 1.132732380915931714e+01 -9.346741458063950736e-01 5.724193600262750953e-02 3.508794811062671548e-01 -4.869995045754563989e+01
3.780975977266070598e-01 -1.643809713292534308e-02 9.256238786459426438e-01 -1.969483703447552898e+02 6.686879050216504305e-02 9.977216059147389071e-01 -9.595834847906003356e-03 1.132513235778114691e+01 -9.233522846901452974e-01 6.552330817984319822e-02 3.783332886592215560e-01 -4.840188498670946160e+01
4.046687057524663844e-01 -1.435434370436162489e-02 9.143548334452152870e-01 -1.962637279046228969e+02 7.176468027911046821e-02 9.972975461894971749e-01 -1.610449088529617920e-02 1.129128994059507107e+01 -9.116478048163274561e-01 7.213512593679245744e-02 4.046030546890271307e-01 -4.809825655511934883e+01
4.297427341912916643e-01 -1.309954991284780976e-02 9.028605390885604542e-01 -1.955539420620511919e+02 7.433844574828427088e-02 9.970196430140685351e-01 -2.091768193074368051e-02 1.127967115398873865e+01 -8.998908866489977454e-01 7.610620995138404898e-02 4.294334289122714865e-01 -4.775144568250056665e+01
4.518884650905367617e-01 -1.466152354836823893e-02 8.919581971827138522e-01 -1.948230502941840427e+02 7.407427774513303254e-02 9.970346388162107942e-01 -2.113900909464066016e-02 1.125303172978873434e+01 -8.889985555347190704e-01 7.562337688335027397e-02 4.516320585796292364e-01 -4.737519250504215762e+01
4.717497832852620698e-01 -1.786647284493241700e-02 8.815557273433168861e-01 -1.940883811923283986e+02 7.308321141395243692e-02 9.971527310740481154e-01 -1.889980809734607622e-02 1.122452798683299235e+01 -8.787033517898212853e-01 7.334265942524643977e-02 4.717097846083214141e-01 -4.697323219651173787e+01
4.895294669823211375e-01 -2.005766898549798602e-02 8.717603844773864630e-01 -1.933469399048592834e+02 7.148574351480807554e-02 9.972993623109874806e-01 -1.719591887926858603e-02 1.119793849914161044e+01 -8.690565423894124342e-01 7.073611740954303950e-02 4.896386307583596720e-01 -4.654280350285798562e+01
5.039635362789345319e-01 -2.046737370080392582e-02 8.634867820652153414e-01 -1.925983886008733350e+02 6.922319611185680233e-02 9.974664150412126951e-01 -1.675797679829734918e-02 1.117029429110301386e+01 -8.609514947160483711e-01 6.821850801166899625e-02 5.041008118405515548e-01 -4.609566908983544664e+01
5.159063560182994834e-01 -1.904234001426774112e-02 8.564377447702250512e-01 -1.918373530114759262e+02 6.630936056828386216e-02 9.976469933911307209e-01 -1.776162879085357513e-02 1.114015798655242229e+01 -8.540797777389368406e-01 6.595297309956411891e-02 5.159523416887359382e-01 -4.562402161705088588e+01
5.249748467004509145e-01 -1.613550494298954252e-02 8.509692432536186679e-01 -1.910744599008600630e+02 6.234778780450748320e-02 9.978691246800602821e-01 -1.954211413993321711e-02 1.111420520022661407e+01 -8.488361010067864143e-01 6.331497914066461230e-02 5.248593886066552638e-01 -4.514379949926855318e+01
5.312825443099699063e-01 -1.316859799816293662e-02 8.470968349569247824e-01 -1.902848890343299786e+02 5.803355622105952488e-02 9.981022053023561602e-01 -2.088125602382882862e-02 1.108299576897141492e+01 -8.452097517112656666e-01 6.025371685555357820e-02 5.310356514621601409e-01 -4.463302821517601870e+01
5.343310841339431461e-01 -1.164251159774056833e-02 8.451995923970145874e-01 -1.894861037183349879e+02 5.389508024118919161e-02 9.983458087837498995e-01 -2.031993355061680745e-02 1.105235676106442178e+01 -8.435604147419519805e-01 5.640952095568440433e-02 5.340718083668758442e-01 -4.411324308038361153e+01
5.346055169256307416e-01 -1.157119224907434546e-02 8.450270180886193527e-01 -1.886671499663470115e+02 5.106617594603493626e-02 9.985273988118056332e-01 -1.863365682574922785e-02 1.101770802258093873e+01 -8.435625362812224637e-01 5.311382009021720085e-02 5.344062870761293604e-01 -4.359107157958997902e+01
5.344223936681761211e-01 -1.056875501907230015e-02 8.451559752739614684e-01 -1.878455943306128972e+02 4.964979551662076357e-02 9.985936774670840510e-01 -1.890764246859158795e-02 1.098615307778791284e+01 -8.437631018342829359e-01 5.206636053800079572e-02 5.341926952991475908e-01 -4.305534609888810138e+01
5.330851204535851373e-01 -7.815256673324659509e-03 8.460300226529720025e-01 -1.870135287232678252e+02 4.862665017422940911e-02 9.985934015662570884e-01 -2.141498139032018549e-02 1.094975024793502527e+01 -8.446681484380901273e-01 5.255548220558588224e-02 5.327124559722565822e-01 -4.253297171242054020e+01
5.327503764903234185e-01 -6.085712735732453325e-03 8.462550630939937868e-01 -1.861732796904686040e+02 4.882830518801976882e-02 9.985352983307644870e-01 -2.355831350513760275e-02 1.091123997390836742e+01 -8.448676959223774263e-01 5.387175985208725315e-02 5.322643538467662916e-01 -4.199505400770030406e+01
5.315206199764912487e-01 -6.643638079465218581e-03 8.470238081463651314e-01 -1.853116521903292551e+02 4.885174169326264582e-02 9.985512341264436431e-01 -2.282290227624019299e-02 1.087282358683873795e+01 -8.456405501366618394e-01 5.350928882005102916e-02 5.310722699002704550e-01 -4.145750361619978008e+01
5.308698201120565230e-01 -8.134275700815745552e-03 8.474188507344971866e-01 -1.844317763942020747e+02 4.862608934036188185e-02 9.986048400216842591e-01 -2.087638573650548238e-02 1.083610554228140899e+01 -8.460622562774890998e-01 5.228917133458924754e-02 5.305218572660898024e-01 -4.089919203832828032e+01
5.293636106008383635e-01 -9.769700918241036244e-03 8.483433089775508362e-01 -1.835404008079587754e+02 4.716545614314020946e-02 9.987321533407881313e-01 -1.792930474883199995e-02 1.080046172839243290e+01 -8.470880688571368333e-01 4.950349490245902623e-02 5.291504062660773444e-01 -4.034035541267634528e+01
5.280980362713872944e-01 -1.006216278610175437e-02 8.491282985960616481e-01 -1.826466949239095356e+02 4.572864760175215926e-02 9.988218861463782350e-01 -1.660378494636112132e-02 1.076813139943001296e+01 -8.479563471569689925e-01 4.759779908860833214e-02 5.279331674901791560e-01 -3.977390571417022613e+01
5.262863850789778475e-01 -9.164456902600405519e-03 8.502624948103318925e-01 -1.817368920784955719e+02 4.428505065290527093e-02 9.988862556894297917e-01 -1.664452023979183862e-02 1.073318579373449921e+01 -8.491584621018496426e-01 4.641359493067162556e-02 5.261032545074318945e-01 -3.920585698338521041e+01
5.242320787559132667e-01 -6.829581011059414168e-03 8.515525523067964953e-01 -1.808038730615267013e+02 4.312329045647321502e-02 9.989037809534118129e-01 -1.853598149770109907e-02 1.069578193250050724e+01 -8.504879383398644688e-01 4.643880033063504942e-02 5.239490997642368697e-01 -3.863373535911828327e+01
5.219868311010470441e-01 -3.626407510876053595e-03 8.529503345841024098e-01 -1.798690030076136281e+02 4.120634437475444167e-02 9.989365669170334749e-01 -2.097011079285360929e-02 1.065726872687733184e+01 -8.519626840988434591e-01 4.609298847560428652e-02 5.215783527012910481e-01 -3.804764755969188172e+01
5.189787187318452011e-01 -7.532525059080048780e-04 8.547913210452188215e-01 -1.789201148808277821e+02 3.865373372930359930e-02 9.990033316344548719e-01 -2.258774449795263733e-02 1.061819226767006619e+01 -8.539178035452971161e-01 4.476334470629116796e-02 5.184877890432959546e-01 -3.746460956021395816e+01
5.161440681130594621e-01 -1.113268950901213613e-03 8.565055438592744652e-01 -1.779558127608096925e+02 3.665596910865621949e-02 9.991176439733556736e-01 -2.079065987653947942e-02 1.057762908712769168e+01 -8.557220844245756464e-01 4.212693861522467248e-02 5.157266728345365481e-01 -3.687633171308657154e+01
5.121258234054748559e-01 -3.979192481670885788e-03 8.589056999674692383e-01 -1.769733649187586479e+02 3.477893046192732235e-02 9.992712145231796850e-01 -1.610739689739742672e-02 1.054203893505319733e+01 -8.582110592899035995e-01 3.812077457635913019e-02 5.118882252915020192e-01 -3.628702144675030894e+01
5.081520412937409192e-01 -5.448006673594170922e-03 8.612546196863933856e-01 -1.759798880091131537e+02 3.339752031270424443e-02 9.993585334403506382e-01 -1.338320249804689915e-02 1.050744670535813619e+01 -8.606246401581008065e-01 3.556442208141946670e-02 5.080052888306105796e-01 -3.568448550897942795e+01
5.027555400915334483e-01 -5.072682818561603281e-03 8.644182121567354216e-01 -1.749701756330566695e+02 3.172606765826112979e-02 9.994233357679707108e-01 -1.258712215173504387e-02 1.047281235364651586e+01 -8.638512632555956916e-01 3.375279648840338181e-02 5.026238434193981419e-01 -3.509211953973138520e+01
4.970163192401911845e-01 -4.877519293072598607e-03 8.677319314055635946e-01 -1.739593200049844768e+02 3.206206095396917782e-02 9.994105937800386030e-01 -1.274652199417177466e-02 1.044404202189283382e+01 -8.671536757200714041e-01 3.415646058224559162e-02 4.968770755432183051e-01 -3.450630411394735120e+01
4.915405956398957721e-01 -5.879347425103727438e-03 8.708392487296244822e-01 -1.729175429303563760e+02 3.408096802986057550e-02 9.993470306894262079e-01 -1.248969460134113224e-02 1.040165090474126863e+01 -8.701925318073678861e-01 3.581818314195179404e-02 4.914173515277472926e-01 -3.391848367226206307e+01
4.859104464451733940e-01 -8.303289045363730289e-03 8.739735793212302095e-01 -1.718760760528811886e+02 3.663204419028202180e-02 9.992756753186154972e-01 -1.087271478796685009e-02 1.036854569221151579e+01 -8.732455877758630303e-01 3.729854237912166859e-02 4.858600255299021509e-01 -3.334301903648368892e+01
4.808582217819486471e-01 -1.148215490728139027e-02 8.767275850680936733e-01 -1.708284177149202776e+02 3.948105491168647785e-02 9.991895909562261702e-01 -8.567983330011496798e-03 1.033806525156516543e+01 -8.759140098324972312e-01 3.873404594975014131e-02 4.809192496280711437e-01 -3.276731101737063057e+01
4.751434135692925165e-01 -1.269988897456344849e-02 8.798211108180747919e-01 -1.697741669284869204e+02 4.038414820896847612e-02 9.991629307955072203e-01 -7.386559873994305754e-03 1.030222191906660711e+01 -8.789861253375820249e-01 3.904043177319503621e-02 4.752559816076267207e-01 -3.219624548348669180e+01
4.686185399261579287e-01 -1.173406000114806357e-02 8.833270723504456079e-01 -1.687135535149626264e+02 4.052815477119790788e-02 9.991505256238498722e-01 -8.227982912816652131e-03 1.026809524778581739e+01 -8.824754349123208330e-01 3.965532975602092947e-02 4.686934757033180965e-01 -3.163032319637937206e+01
4.624793959343571625e-01 -8.935403121221010408e-03 8.865893704952154675e-01 -1.676583257842571584e+02 3.915995314830604535e-02 9.991852870726068980e-01 -1.035698727556840990e-02 1.023235380691301621e+01 -8.857697650632674335e-01 3.950862148847564259e-02 4.624500033843119695e-01 -3.107264402917036250e+01
4.551724035100703225e-01 -7.353495444397086661e-03 8.903773122600149303e-01 -1.665850882830412161e+02 3.832239272578034928e-02 9.992071066179317729e-01 -1.133842534370664047e-02 1.019407312864815474e+01 -8.895831938027980446e-01 3.928225934747052450e-02 4.550908272497203311e-01 -3.051690278768194275e+01
4.483615864675731810e-01 -7.847742145401790867e-03 8.938221601553859585e-01 -1.655109177193598953e+02 3.800798144234638493e-02 9.992304407156528123e-01 -1.029226983878041290e-02 1.015493281703298045e+01 -8.930487527370232215e-01 3.858696914482999396e-02 4.483123822080271048e-01 -2.997555105890690896e+01
4.410003420441130917e-01 -9.566715427936545516e-03 8.974602685872129504e-01 -1.644264796594049471e+02 3.841111340862109896e-02 9.992341978551019244e-01 -8.222945725169940323e-03 1.011872063035184688e+01 -8.966895162187261681e-01 3.809870580760339742e-02 4.410276892414467520e-01 -2.944319800463691195e+01
4.347481922235321705e-01 -1.069228283034942377e-02 9.004928896313784126e-01 -1.633429768614877844e+02 3.870260638823313365e-02 9.992335090290490607e-01 -6.820312787638172815e-03 1.007955541879612049e+01 -8.997249181924295014e-01 3.781647855975724809e-02 4.348264112349067290e-01 -2.891341489453885671e+01
4.286117804381077701e-01 -1.113456627196584420e-02 9.034244428215891798e-01 -1.622573213291326226e+02 3.673309066232135350e-02 9.993180567682412585e-01 -5.110671081787723953e-03 1.004423395028694088e+01 -9.027466099113332643e-01 3.537601677151798463e-02 4.287261609334039325e-01 -2.839009519763310152e+01
4.227873335460115012e-01 -1.323282083827771738e-02 9.061365944340469269e-01 -1.611681397886730736e+02 3.841102174815477777e-02 9.992624955818169008e-01 -3.328937980504478519e-03 1.001987785522361385e+01 -9.054194040060202786e-01 3.621301350859983809e-02 4.229815014484468172e-01 -2.787902241669517878e+01
4.186097239778894807e-01 -1.558502850629926544e-02 9.080367683626038300e-01 -1.600769057988895270e+02 3.550357161456890731e-02 9.993752580401763508e-01 7.855506035039232530e-04 9.983112017820559458e+00 -9.074768519531954958e-01 3.190968059332440626e-02 4.188992362613579989e-01 -2.737031671488685447e+01
4.150617514600032920e-01 -1.627330612582690572e-02 9.096519618200460400e-01 -1.589859552971123549e+02 3.943297669455729515e-02 9.992282306552520144e-01 -1.167631244014767975e-04 9.967972059689737208e+00 -9.089431408608964480e-01 3.591869867514700665e-02 4.153808537449241722e-01 -2.686614641609174825e+01
4.137321139771375500e-01 -1.411031419801821174e-02 9.102935850603082191e-01 -1.579065225218225805e+02 4.230771546722966736e-02 9.991036415720226938e-01 -3.741905795083172274e-03 9.933353034271307891e+00 -9.094199537599311212e-01 4.006051638896500344e-02 4.139559732059158725e-01 -2.638166073125132982e+01
4.130007947233754750e-01 -8.663034850894715810e-03 9.106937330471895908e-01 -1.568135235088241757e+02 4.378657011117887549e-02 9.989932740899530872e-01 -1.035409819580922382e-02 9.894954547943239476e+00 -9.096823307300306860e-01 4.415230901218348408e-02 4.129620814095837922e-01 -2.588941553073885515e+01
4.125841384143554835e-01 -8.445286363227161655e-03 9.108846220262146742e-01 -1.557288723288982339e+02 4.548053452409417385e-02 9.989068956527191734e-01 -1.133879322077311312e-02 9.861946641139075709e+00 -9.097882844635948318e-01 4.610561830738162115e-02 4.125149798228282538e-01 -2.539632704233661897e+01
4.126473880410845285e-01 -1.131736287386562664e-02 9.108248148884617867e-01 -1.546452142922805422e+02 4.799433121736863123e-02 9.988100289956717281e-01 -9.332947323893441005e-03 9.826769587595668654e+00 -9.096304493135852764e-01 4.756553032170893203e-02 4.126972608493564842e-01 -2.490317634702179816e+01
4.116351656544733895e-01 -1.245035541058487662e-02 9.112679477908965930e-01 -1.535597810718146263e+02 4.589063265863663893e-02 9.989273953675000817e-01 -7.081384039565195333e-03 9.790228104821878219e+00 -9.101974629266496031e-01 4.473351048194305901e-02 4.117627454625184535e-01 -2.441108986183536089e+01
4.106883278398335557e-01 -1.289338849811661782e-02 9.116889007674998657e-01 -1.524743686487605885e+02 4.416214173850491892e-02 9.990137699222322309e-01 -5.765173243307356206e-03 9.764871950876383266e+00 -9.107105418334012770e-01 4.262973620532808233e-02 4.108504453985928340e-01 -2.390653411581453369e+01
4.100946251053156355e-01 -1.281633101133319505e-02 9.119572021094662917e-01 -1.513900372434692372e+02 4.408853809637437032e-02 9.990169037684937248e-01 -5.786001579416787804e-03 9.733860381760001346e+00 -9.109816120711579090e-01 4.257957851833967661e-02 4.102542669230474504e-01 -2.341439271858930482e+01
4.096393310638903884e-01 -1.064308970564731630e-02 9.121897510729843894e-01 -1.503082335206972573e+02 4.593923601333226026e-02 9.989099515990241818e-01 -8.974967936504957278e-03 9.699447818402719079e+00 -9.110950041100459584e-01 4.558169427566300530e-02 4.096794940845842614e-01 -2.292906142271715808e+01
4.098848006498855834e-01 -7.418793562385029954e-03 9.121114030514486659e-01 -1.492193913770862252e+02 4.736265241039085139e-02 9.987971052910141756e-01 -1.315980176947777192e-02 9.656338844080186945e+00 -9.109117041351332267e-01 4.859389548053837105e-02 4.097408805495398876e-01 -2.243659743657985572e+01
4.089698867130860949e-01 -5.040650975393453324e-03 9.125382313978422921e-01 -1.481328621027012957e+02 4.947797390323215722e-02 9.986423307079066447e-01 -1.665797423028436350e-02 9.616818779752419388e+00 -9.112104421938230780e-01 5.196301191075786835e-02 4.086618015203980492e-01 -2.194959077459685304e+01
4.086380612630758358e-01 -4.906153192388156524e-03 9.126876054733986665e-01 -1.470429658135645070e+02 5.027421391979115806e-02 9.985943863310378088e-01 -1.714118221797302291e-02 9.576076881214754977e+00 -9.113157235608414508e-01 5.288904563349616089e-02 4.083080889263964175e-01 -2.145237621252354998e+01
4.079486775560527967e-01 -6.122811667286802775e-03 9.129886031568684723e-01 -1.459471115018412206e+02 5.034453276292344404e-02 9.986129959499375763e-01 -1.579812633810024139e-02 9.530033746380388138e+00 -9.116206541944144037e-01 5.240866571736061547e-02 4.076888673650554962e-01 -2.095820408007567082e+01
4.073245976892990727e-01 -8.473509813464244478e-03 9.132484197498322853e-01 -1.448543556437363122e+02 5.254551799533912354e-02 9.985240175262972695e-01 -1.417130510985604649e-02 9.485917254212079541e+00 -9.117754958555791545e-01 5.375928142819248051e-02 4.071664067617525862e-01 -2.047172355123726817e+01
4.069926465513699076e-01 -9.907756585607371824e-03 9.133819737427268937e-01 -1.437577668805785720e+02 5.314121679912622853e-02 9.985104027037275953e-01 -1.284778026739447770e-02 9.443007173463868753e+00 -9.118892001296899918e-01 5.376703157424765622e-02 4.069106734267224357e-01 -1.997808175082739623e+01
4.061292033319161554e-01 -9.313303483315106893e-03 9.137724814851290178e-01 -1.426627213586096730e+02 5.361306488128022435e-02 9.984745131336341117e-01 -1.365173334084288613e-02 9.400463064036854277e+00 -9.122464755569140715e-01 5.453436007754294129e-02 4.060067461977145409e-01 -1.949362813353470258e+01
4.060815126482257287e-01 -7.442558628552745602e-03 9.138108295547625604e-01 -1.415676162958586417e+02 5.324916360701439227e-02 9.984665284882137115e-01 -1.553078410930376456e-02 9.357495387142536813e+00 -9.122890201979152458e-01 5.496627201238723365e-02 4.058528796642046910e-01 -1.900270509021863674e+01
4.056864683478361711e-01 -6.835011406869952871e-03 9.139910242699716969e-01 -1.404777991698918811e+02 5.352346814014988935e-02 9.984397585428393951e-01 -1.629036046622255388e-02 9.312627651299992593e+00 -9.124487130072732599e-01 5.552859020329604933e-02 4.054171054892325432e-01 -1.851740160261611479e+01
4.050220191769406397e-01 -7.705355416438593348e-03 9.142787390729836261e-01 -1.393903490362173727e+02 5.317840087523628689e-02 9.984762627443586336e-01 -1.514270397544323354e-02 9.269269116814703224e+00 -9.127640160215978460e-01 5.475285586765063495e-02 4.048124069306187067e-01 -1.803486871592377838e+01
4.042306116175520825e-01 -1.023152716699234077e-02 9.146041515569272029e-01 -1.382976467783971941e+02 5.273514071887923371e-02 9.985408344457454843e-01 -1.213683939422739722e-02 9.227248199177468635e+00 -9.131404851807120027e-01 5.313771483284012581e-02 4.041781133509247392e-01 -1.754410571030702570e+01
4.040398801901209924e-01 -1.280383455529763778e-02 9.146560381137868179e-01 -1.372138896526739700e+02 5.305011662790726223e-02 9.985531388070653103e-01 -9.455900495297557898e-03 9.188245085664275891e+00 -9.132066529167350843e-01 5.234303126402152506e-02 4.041323142494825937e-01 -1.706208362267436129e+01
4.046657475208885191e-01 -1.339330729965641439e-02 9.143708693726846359e-01 -1.361355115785333396e+02 5.335366946014710038e-02 9.985413056560594747e-01 -8.985931770880029035e-03 9.149746147558991183e+00 -9.129117989070701933e-01 5.242120020814195619e-02 4.047878213758974719e-01 -1.658145925381359476e+01
4.062795820656992518e-01 -1.216077076455911871e-02 9.136721803785768925e-01 -1.350587201845139305e+02 5.474264253922724033e-02 9.984453795712582291e-01 -1.105297364487371065e-02 9.106132855588663588e+00 -9.121124261783922771e-01 5.450727515804767304e-02 4.063114513740719302e-01 -1.610193488969887099e+01
4.079841524587755064e-01 -1.036875265227439613e-02 9.129344220230943829e-01 -1.339945300896410174e+02 5.528800975158728453e-02 9.983870116325489485e-01 -1.336837093787231028e-02 9.063064249064307631e+00 -9.113183315273328811e-01 5.592824983188658672e-02 4.078971043209558833e-01 -1.562321121373286026e+01
4.097517131689499825e-01 -9.600881515508334282e-03 9.121508645957041583e-01 -1.329234352764941889e+02 5.501225848714109967e-02 9.983907129589852936e-01 -1.420354941725352621e-02 9.020111550359128927e+00 -9.105416641729781047e-01 5.599924427386605841e-02 4.096182180055289446e-01 -1.513503357239026315e+01
4.111899841822851398e-01 -1.120917054875160239e-02 9.114850530900319159e-01 -1.318549752011035139e+02 5.581975050625768292e-02 9.983635418586331856e-01 -1.290370806602560670e-02 8.976725390536259397e+00 -9.098438846791824242e-01 5.618458249174970720e-02 4.111405162681185388e-01 -1.465391133818387459e+01
4.128101490492676606e-01 -1.210732797534753991e-02 9.107409332394681423e-01 -1.307895421328559564e+02 5.558040336912564716e-02 9.983891236860846785e-01 -1.192015327940763175e-02 8.934092929201575828e+00 -9.091246023776462515e-01 5.553995253969412627e-02 4.128158176301278681e-01 -1.416836509253156962e+01
4.140476355110839224e-01 -1.126313676781052868e-02 9.101898457888950578e-01 -1.297360727862298120e+02 5.447799114668525761e-02 9.984437126232592608e-01 -1.242676793066973921e-02 8.894246004618732826e+00 -9.086284471694393572e-01 5.473043526171354756e-02 4.140145636817988417e-01 -1.368407008592341256e+01
4.145516844588941208e-01 -7.393327671039865920e-03 9.100000574468487535e-01 -1.286865649844100687e+02 5.060732566562142765e-02 9.986129418553296722e-01 -1.494079243986954839e-02 8.849683204641671352e+00 -9.086224520813432903e-01 5.224625956832237156e-02 4.143485351275413286e-01 -1.320201750482626757e+01
4.134548901910420904e-01 -5.388358491395805333e-03 9.105129793191776288e-01 -1.276382522824563210e+02 4.495468589972420603e-02 9.988898387043736449e-01 -1.450193479232687009e-02 8.806654955511161731e+00 -9.094190973318986293e-01 4.692760911211101005e-02 4.132358261413323630e-01 -1.271431392186848797e+01
4.097690413909597096e-01 -8.558815759000691289e-03 9.121534676593063828e-01 -1.265832576621649110e+02 4.092689005523633683e-02 9.991275890729925946e-01 -9.010616707030271941e-03 8.767981067402779161e+00 -9.112756401542321250e-01 4.102379545917095999e-02 4.097595642311798736e-01 -1.222994943921326261e+01
4.046470848850013402e-01 -1.292830093877736682e-02 9.143858431578598678e-01 -1.255268504265011416e+02 3.910947409510563688e-02 9.992359530905077225e-01 -3.179133609845308153e-03 8.735478827572762839e+00 -9.136411589744529715e-01 3.704751537145871410e-02 4.048412808140912644e-01 -1.174942544192100691e+01
3.977184919911428418e-01 -9.710811759401746096e-03 9.174603962498421028e-01 -1.244826157277442462e+02 3.368657597996984471e-02 9.994304215617531018e-01 -4.024517473642026666e-03 8.697719603786129738e+00 -9.168937813004799375e-01 3.250668816540483452e-02 3.978168661124881766e-01 -1.128554637852401221e+01
3.889438517997922951e-01 -1.273707572876262928e-03 9.212648577815323314e-01 -1.234495442533766862e+02 2.743563343648428715e-02 9.995776027320264490e-01 -1.020075018822736400e-02 8.661128790929160104e+00 -9.208577345110188217e-01 2.924298484309736587e-02 3.888123343624854678e-01 -1.083540179480741017e+01
3.794566447153334132e-01 5.376890650858567183e-03 9.251981557347399576e-01 -1.224096119936413771e+02 2.194575038261063413e-02 9.996555398969206863e-01 -1.481016722929316166e-02 8.619672232834371783e+00 -9.249540804995306509e-01 2.592398303771770857e-02 3.792058122095324779e-01 -1.039499773727157717e+01
3.689358068221800235e-01 4.709277918438572151e-03 9.294471898174052615e-01 -1.213563145504257363e+02 2.177728646818542779e-02 9.996749288060822192e-01 -1.370923323822147502e-02 8.579592745333606274e+00 -9.292045752975840456e-01 2.529866664140103735e-02 3.687112511629210831e-01 -9.965027272752987386e+00
3.590268958507056296e-01 6.209062395953940426e-04 9.333312332832598424e-01 -1.202842889418565022e+02 2.132183205181319499e-02 9.997394263925578617e-01 -8.866837583069442363e-03 8.546559403411549738e+00 -9.330884755683056531e-01 2.308377879411558503e-02 3.589180834398471021e-01 -9.546866704961484373e+00
3.486442852117750957e-01 -2.323542231525004952e-03 9.372564517447682375e-01 -1.192291434810223905e+02 2.222439382124519885e-02 9.997423372482285853e-01 -5.788496833406601288e-03 8.515733358950756227e+00 -9.369964200423370748e-01 2.284809753991329587e-02 3.486041210335199536e-01 -9.145594372078349465e+00
3.395852073450342790e-01 -8.144294383824670237e-04 9.405791399570809785e-01 -1.181767429058865702e+02 2.265527444354019718e-02 9.997226744726994685e-01 -7.313615134286388306e-03 8.485954380971916677e+00 -9.403072301008456035e-01 2.379268334355880837e-02 3.395075613695393013e-01 -8.760461016079114316e+00
3.323115121919943959e-01 2.693455364849353835e-03 9.431700306144058521e-01 -1.171276543576226885e+02 2.264945501748705584e-02 9.996908490700875394e-01 -1.083488687904878012e-02 8.445667664578891731e+00 -9.429025062299576376e-01 2.496284481275707484e-02 3.321458832008881146e-01 -8.389071785568425810e+00
3.263090888128186706e-01 3.141203091650834455e-03 9.452620905434039322e-01 -1.160756280687534314e+02 2.471246070527153421e-02 9.996304387241642386e-01 -1.185256747395044448e-02 8.407571874108132448e+00 -9.449448498732527790e-01 2.722734239301422693e-02 3.261090049476039199e-01 -8.026721023793152554e+00
3.217014931936094113e-01 -2.699219482131175359e-03 9.468414725692410050e-01 -1.150033703691195797e+02 3.098789656837084433e-02 9.994963694450781366e-01 -7.679038842076177027e-03 8.376625614648080642e+00 -9.463387372517387819e-01 3.181094961047780528e-02 3.216212727329955112e-01 -7.668756247983233187e+00
3.176546169165773703e-01 -5.837849513749693818e-03 9.481926900883808074e-01 -1.139409550303805645e+02 3.292696297255010007e-02 9.994519718867324043e-01 -4.877268768367509083e-03 8.349777246947942544e+00 -9.476394222599409112e-01 3.277035412565278139e-02 3.176709284879865036e-01 -7.307629166761178574e+00
3.135613944386060337e-01 -2.114971568353556704e-03 9.495697425870647246e-01 -1.128736611108637646e+02 3.092178251600523689e-02 9.994960327407093059e-01 -7.984469755514462738e-03 8.330847727828899707e+00 -9.490691352468548780e-01 3.186597616797154364e-02 3.134669571905561170e-01 -6.943369996010509304e+00
3.088065844426918227e-01 4.353531698816306798e-03 9.511190567696627962e-01 -1.118137394755337368e+02 2.463043035243863213e-02 9.996236871653055855e-01 -1.257231832419317130e-02 8.266790303022018449e+00 -9.508106937703235673e-01 2.730887565504205167e-02 3.085813567071287178e-01 -6.594366449898509508e+00
3.042196214078977667e-01 8.134574902958642204e-03 9.525713483263585912e-01 -1.107534567865597666e+02 2.381497937688865918e-02 9.995921871049545659e-01 -1.614165823415906337e-02 8.244052883089054262e+00 -9.523089943584748251e-01 2.759606294564180551e-02 3.039000610386287105e-01 -6.244008787145605588e+00
3.012194141763410715e-01 7.769382894620566887e-03 9.535273609274476092e-01 -1.096852480548794375e+02 2.208746586084823008e-02 9.996477909260399475e-01 -1.512243820254675387e-02 8.202637706323743672e+00 -9.533038157745902241e-01 2.561617407580510028e-02 3.009399588350146204e-01 -5.897097986151186078e+00
2.990817562301308907e-01 4.814069065395959295e-03 9.542195017311407845e-01 -1.086105062612777488e+02 2.529059785469985749e-02 9.996021364664573472e-01 -1.296970707178853911e-02 8.159332080856035674e+00 -9.538970883544680701e-01 2.801177180861500957e-02 2.988392617555599151e-01 -5.553098108394888932e+00
2.981805150826162265e-01 2.124753666007115401e-03 9.545112895175075218e-01 -1.075369557042296123e+02 2.567253210027746826e-02 9.996240441143779965e-01 -1.024486528013165802e-02 8.121866638893996182e+00 -9.541689961309667289e-01 2.755953337020649804e-02 2.980121149525484792e-01 -5.212211927707812720e+00
2.972821115531005809e-01 7.244989891151680679e-05 9.547938429400061322e-01 -1.064592557358825644e+02 2.524928914142934855e-02 9.996558120195799813e-01 -7.937234345792656270e-03 8.084235120909468719e+00 -9.544605778977500732e-01 2.646746493710806086e-02 2.971762152632593246e-01 -4.871024808897931102e+00
2.955617835544017136e-01 -1.447225953093414855e-03 9.553266873478433174e-01 -1.053898600656959417e+02 2.163427724278076461e-02 9.997586805790549258e-01 -5.178568748432456348e-03 8.057026045527049263e+00 -9.550834388870295122e-01 2.219841411923374752e-02 2.955200323491499748e-01 -4.527773639609633527e+00
2.925535644773367694e-01 -4.174490581396895898e-04 9.562531988851501463e-01 -1.043143219991258661e+02 1.524001017368735618e-02 9.998810770460081487e-01 -4.225821306298167650e-03 8.026590310882932400e+00 -9.561324939872981599e-01 1.580964679854858154e-02 2.925234135670488067e-01 -4.181614234961517518e+00
2.876349697672169192e-01 4.022935728233539496e-03 9.577358156004105449e-01 -1.032536952925475475e+02 1.270429927955810459e-02 9.998933186385703387e-01 -8.015303164431481983e-03 7.997256905385652814e+00 -9.576606500568199953e-01 1.447291154631559669e-02 2.875514793418930126e-01 -3.854730790551300856e+00
2.819156472282999260e-01 1.254755816592987953e-02 9.593612923218454158e-01 -1.021851762725396355e+02 8.332700374850147626e-03 9.998509035107032705e-01 -1.552557995942317227e-02 7.959512902041209870e+00 -9.594078078371468532e-01 1.237105350650700812e-02 2.817673841355069486e-01 -3.524733606870201541e+00
2.755561580218892637e-01 1.874025404932042060e-02 9.611064334384540331e-01 -1.011098821601405859e+02 6.294874102539847055e-03 9.997595021169951579e-01 -2.129855067055959686e-02 7.912494322216866216e+00 -9.612691564953345091e-01 1.191907350413688553e-02 2.753702797157594473e-01 -3.208225146135666339e+00
2.695144106454901434e-01 1.748538379040083524e-02 9.628417396733537359e-01 -1.000287135189110757e+02 1.161234067822801592e-02 9.997096058422587639e-01 -2.140521618355218161e-02 7.872626661855430363e+00 -9.629311298207691161e-01 1.694991583361383711e-02 2.692314877964575026e-01 -2.904919696754075797e+00
2.623553618421368139e-01 1.344047727961227012e-02 9.648818534248093659e-01 -9.894282343895015686e+01 1.628134795723372441e-02 9.997051756444952364e-01 -1.835234993703457537e-02 7.825289948310620858e+00 -9.648387495548323978e-01 2.052445145128195536e-02 2.620576099505433354e-01 -2.610215648668778865e+00
2.542318585693260080e-01 1.072042991744429075e-02 9.670880091103235543e-01 -9.785476975315826564e+01 1.828786302167337979e-02 9.997126669746820848e-01 -1.588949934317989907e-02 7.782416902404676762e+00 -9.669751579723560031e-01 2.172561751193607948e-02 2.539612197844862140e-01 -2.327567083739558562e+00
2.461191172970887131e-01 9.788476641878533779e-03 9.691942797350845407e-01 -9.676348291602322149e+01 1.759153598021850201e-02 9.997453534962986721e-01 -1.456408860408199557e-02 7.742407476596636862e+00 -9.690847072918191696e-01 2.063414939098764944e-02 2.458827585640480096e-01 -2.040878847409437480e+00
2.374959904134188171e-01 9.107674306821989321e-03 9.713499333197270769e-01 -9.567594338105433849e+01 1.810903801808665808e-02 9.997469336157011055e-01 -1.380143858303227965e-02 7.701901836190017114e+00 -9.712244714383255761e-01 2.086803001316952372e-02 2.372695128294642630e-01 -1.772484568441826003e+00
2.289407429310589548e-01 9.320083060385014537e-03 9.733998490038259233e-01 -9.458174916969205981e+01 1.910710818021246066e-02 9.997246715983025833e-01 -1.406590104783944292e-02 7.662846770996258883e+00 -9.732575802869395387e-01 2.181914196420987190e-02 2.286982307691445560e-01 -1.506890233598747963e+00
2.205910712840329080e-01 9.600734165360507930e-03 9.753232334709808216e-01 -9.348557628354345184e+01 1.964208932873687946e-02 9.997112288983256434e-01 -1.428312431698494991e-02 7.626344652902320220e+00 -9.751733378159783694e-01 2.230814469427768593e-02 2.203374333527801376e-01 -1.254225439998063907e+00
2.126083629315079493e-01 9.305436507152932760e-03 9.770972822444463635e-01 -9.238554119577636925e+01 2.118060714811106568e-02 9.996820105913662990e-01 -1.412907637210602217e-02 7.587772346560250014e+00 -9.769126612921983366e-01 2.369949455727089066e-02 2.123423472250411115e-01 -1.015785286232874451e+00
2.056982764471605996e-01 7.937267896616350196e-03 9.785873655701067264e-01 -9.128323186505926401e+01 2.289213889520182524e-02 9.996606442734767839e-01 -1.291992560137895235e-02 7.553580589783678967e+00 -9.783524207127614059e-01 2.505958112251629663e-02 2.054454899561197478e-01 -7.776348859295543203e-01
1.986200750632705347e-01 5.998262231765838157e-03 9.800622978624348169e-01 -9.018186440088332745e+01 2.485308638543788293e-02 9.996350747785240909e-01 -1.115461980019607363e-02 7.515851403418369436e+00 -9.797661378438000668e-01 2.657311645275865428e-02 1.983972735135369758e-01 -5.522035413326822351e-01
1.921730938137204692e-01 4.858299836127343528e-03 9.813531078103729932e-01 -8.907207366770838064e+01 2.557769668408049063e-02 9.996294414942494821e-01 -9.957347453495721951e-03 7.483716474015350784e+00 -9.810324075776482022e-01 2.701429646660842912e-02 1.919764084415364058e-01 -3.317371044950537251e-01
1.862563272200795927e-01 3.621883682994663217e-03 9.824985953022475904e-01 -8.796815573908521912e+01 2.855401453526074107e-02 9.995570526095186592e-01 -9.097690955584250908e-03 7.447861319835447524e+00 -9.820909162317436047e-01 2.974877801078243747e-02 1.860692261148694238e-01 -1.182543341929170322e-01
1.822776448908855484e-01 3.160600172285674397e-03 9.832461028883415777e-01 -8.685711643099324419e+01 3.139523566601510468e-02 9.994724361813691615e-01 -9.032738752457147163e-03 7.415999391443197197e+00 -9.827504871260854813e-01 3.251569057996327866e-02 1.820810956820579363e-01 9.029979051381720190e-02
1.793705851152525843e-01 4.418938654665974068e-03 9.837757343903379414e-01 -8.575236068958491842e+01 3.411120397541777399e-02 9.993668825153113611e-01 -1.070824225253571085e-02 7.374994262963769920e+00 -9.831947640591055526e-01 3.547848255787212912e-02 1.791051459024387005e-01 2.899635288874330974e-01
1.767146720947347094e-01 6.168666933783438326e-03 9.842468711371276102e-01 -8.465945154572609965e+01 3.521880930776260382e-02 9.993065756497720997e-01 -1.258616124047594494e-02 7.334210903403445947e+00 -9.836365631199436299e-01 3.688811787914524076e-02 1.763737543137019192e-01 4.837000363116341073e-01
1.741748354440456892e-01 5.363314667841736008e-03 9.847042167134238966e-01 -8.354692446398446748e+01 3.574352009721221135e-02 9.992979524487125564e-01 -1.176494692439141072e-02 7.297341706458385424e+00 -9.840705562495980496e-01 3.724590701897877859e-02 1.738597405591048584e-01 6.821102037119879391e-01
1.710880657732101739e-01 1.181217608871850972e-03 9.852591115217598228e-01 -8.245412225712465215e+01 3.856106826467084470e-02 9.992312808202121754e-01 -7.893833145361310935e-03 7.267169555993944208e+00 -9.845055887098127512e-01 3.934312916452085279e-02 1.709099062145975068e-01 8.728552465731427290e-01
1.684447046750496835e-01 -2.044117122588475638e-03 9.857130625121842682e-01 -8.135516369473836562e+01 3.905330730896956759e-02 9.992327520665855722e-01 -4.601336032405383206e-03 7.234762722174569838e+00 -9.849419079164626334e-01 3.927037142949138526e-02 1.683942179264220906e-01 1.070228450750371874e+00
1.653200593937944884e-01 -2.906468215678743687e-03 9.862397635330270029e-01 -8.025353082357122503e+01 3.992198919863228224e-02 9.992019952293840213e-01 -3.747142377303112112e-03 7.203585286913329000e+00 -9.854363813477660106e-01 3.999207211768609355e-02 1.653031011603358635e-01 1.255099805409400249e+00
1.618935467635541636e-01 -2.123200103380708508e-03 9.868100192208376642e-01 -7.916369197263595936e+01 4.096404236901563661e-02 9.991563953874400550e-01 -4.570515596638019193e-03 7.171883176965389239e+00 -9.859623649595452566e-01 4.116359952498339914e-02 1.618429047867216419e-01 1.428283896811092246e+00
1.588768297445966593e-01 -1.793046411040715316e-03 9.873008572568423569e-01 -7.808060813161704061e+01 4.115022002076963725e-02 9.991476356169133322e-01 -4.807170750358175267e-03 7.143624004781357506e+00 -9.864452197301123437e-01 4.139132913675581948e-02 1.588141664295833755e-01 1.607892459455463108e+00
1.565898442037719496e-01 -3.139602864090591632e-03 9.876628016341504335e-01 -7.699368990555146297e+01 4.367448590572560463e-02 9.990450177165502987e-01 -3.748443864025060007e-03 7.111928955857099055e+00 -9.867023523396499796e-01 4.372255487107901128e-02 1.565764081796326423e-01 1.782536062713582226e+00
1.549898830258093774e-01 -3.968808901551876440e-03 9.879121597230852148e-01 -7.589172651031437056e+01 4.470905352101278707e-02 9.990017799747936689e-01 -3.000696015012042570e-03 7.077510611589421075e+00 -9.869086149768198091e-01 4.463361176664711744e-02 1.550116032394819876e-01 1.966945401924511394e+00
1.528374099108953110e-01 -3.598245909296282283e-03 9.882488716350272817e-01 -7.480492478984251647e+01 4.566217405229786724e-02 9.989573105041248402e-01 -3.424454240389417526e-03 7.045567813457911832e+00 -9.872006260531444033e-01 4.564888655416663582e-02 1.528413591825330820e-01 2.132466923943209469e+00
1.506219436625246266e-01 -2.438195882756190834e-03 9.885925057887938738e-01 -7.372881892849916596e+01 4.448026674192322172e-02 9.990071974807664956e-01 -4.312948048986451656e-03 7.019504980197507571e+00 -9.875950207023042049e-01 4.462239754605901165e-02 1.505798736152554052e-01 2.298277196148293289e+00
1.488136179232187051e-01 -9.958269103609348593e-04 9.888688370398722727e-01 -7.263118984553834423e+01 4.297242568979726257e-02 9.990675828205892728e-01 -5.460585707236536267e-03 6.988237967724646005e+00 -9.879358632192802858e-01 4.330662324051353512e-02 1.487166773897929672e-01 2.473859206007507527e+00
1.470410419201049201e-01 -8.421908008281436386e-04 9.891341085633622576e-01 -7.155084891643072353e+01 4.248188155346407924e-02 9.990885418512930327e-01 -5.464351934082848500e-03 6.959273901415363284e+00 -9.882224524322058556e-01 4.282368598520529257e-02 1.469418307565596160e-01 2.638450533862962466e+00
1.453078611558209221e-01 -2.686359706296540494e-03 9.893869190987013562e-01 -7.046838705112433843e+01 4.318670107640441153e-02 9.990666772222732694e-01 -3.629860145770279038e-03 6.931478742024925310e+00 -9.884482445509515935e-01 4.325572746826430309e-02 1.452873025203176849e-01 2.800456418377680556e+00
1.431542384346833896e-01 -4.753964555565829732e-03 9.896930502469230007e-01 -6.937151560962357166e+01 4.573056222537816989e-02 9.989584154359916202e-01 -1.816050828932794410e-03 6.899556482028290638e+00 -9.886480573544685901e-01 4.551910539860305055e-02 1.432215865989707460e-01 2.958001167563402589e+00
1.413427766758142967e-01 -5.264853479789535252e-03 9.899507923395534092e-01 -6.830183403067765369e+01 4.670059787019505831e-02 9.989142735347966706e-01 -1.355093488205169573e-03 6.871181897365581825e+00 -9.888633299127672638e-01 4.642273228296323051e-02 1.414342517753883477e-01 3.114974432338583732e+00
1.398699638222252739e-01 -4.096348323475349461e-03 9.901654835041263647e-01 -6.722765466327230399e+01 4.844555702721001916e-02 9.988284087561721813e-01 -2.711011577110232582e-03 6.845379281878558153e+00 -9.889887942930447595e-01 4.834820230563416366e-02 1.399036157024596827e-01 3.266119601251438187e+00
1.382115019832403091e-01 -1.952788392861798004e-03 9.904048889133642009e-01 -6.615009432704434289e+01 4.988725882792275496e-02 9.987486463660676383e-01 -4.992371450618594310e-03 6.817315085184112000e+00 -9.891502714277782271e-01 5.009847270066415670e-02 1.381350552217435190e-01 3.411740940611190265e+00
1.361797086443345406e-01 -1.540828642548398549e-03 9.906870290585715333e-01 -6.507861806424925533e+01 5.205956193932677334e-02 9.986345354464177815e-01 -5.602730372648976991e-03 6.786599917517458280e+00 -9.893201248352709865e-01 5.233758307190770898e-02 1.360730716960800724e-01 3.558792844016698265e+00
1.341503839200166859e-01 -2.903644172049299650e-03 9.909608115380862392e-01 -6.401408100646347066e+01 5.322834684753610657e-02 9.985794723927863270e-01 -4.279588765522092733e-03 6.755937247053724448e+00 -9.895351629349360412e-01 5.332118057222684504e-02 1.341134839220617936e-01 3.708271728769302111e+00
1.319349477924437741e-01 -5.929183317691379476e-03 9.912447241679970267e-01 -6.294838093359451392e+01 5.310097905795235773e-02 9.985948271761092565e-01 -1.094426182935884229e-03 6.726012217128531923e+00 -9.898398255158850079e-01 5.278032817678287442e-02 1.320635242064645831e-01 3.842774449220776933e+00
1.302990463633162954e-01 -7.317054388330447579e-03 9.914518192849945954e-01 -6.189415195519384838e+01 5.242722572748814008e-02 9.986309151844817711e-01 4.801021722700193135e-04 6.706608631271938847e+00 -9.900924073352619370e-01 5.191638612787068119e-02 1.305034030581533611e-01 3.995556421362928656e+00
1.279940073923900579e-01 -6.790904207909068818e-03 9.917557727421415503e-01 -6.083088951346702089e+01 5.261999334973326004e-02 9.986208925778707890e-01 4.706207147849563252e-05 6.678185337890652384e+00 -9.903828057990962108e-01 5.218003294792869506e-02 1.281739732317712654e-01 4.123016544907964764e+00
1.258245882721657494e-01 -3.278387096128382392e-03 9.920511722489846473e-01 -5.976608974739558988e+01 5.174418640232027883e-02 9.986613323116289020e-01 -3.262445694151685019e-03 6.648482320257987688e+00 -9.907068917339214575e-01 5.174325408210439514e-02 1.258249441626989318e-01 4.269469861603457872e+00
1.235223616188023538e-01 -8.141469071245925311e-04 9.923455425049546585e-01 -5.871468055372395156e+01 5.153422780869630626e-02 9.986618483214515507e-01 -5.595221046371882077e-03 6.620839125168663131e+00 -9.910075092428362042e-01 5.183077265424362173e-02 1.233981934450133905e-01 4.403554068347124151e+00
1.212715776850679106e-01 7.266318286139630508e-05 9.926234519651671029e-01 -5.766638612282199716e+01 5.168930446671751722e-02 9.986490813859691951e-01 -6.387951414316579528e-03 6.594522667595203558e+00 -9.912773867159205832e-01 5.208256963705950454e-02 1.211031754656483328e-01 4.535611014227028726e+00
1.182771720287679323e-01 1.578031995128575601e-03 9.929834537606704314e-01 -5.661467736973882836e+01 5.253143095229393517e-02 9.985947651587532281e-01 -7.843944109728481773e-03 6.559203187604287777e+00 -9.915948778934648988e-01 5.309047257375235085e-02 1.180272681476763202e-01 4.660733917999995590e+00
1.148768314161041082e-01 3.691555141603275556e-03 9.933769727657796311e-01 -5.557427486353451229e+01 5.058687125901492609e-02 9.986802017824671918e-01 -9.561084741735366779e-03 6.522589266514517981e+00 -9.920956275040148098e-01 5.135006296278504800e-02 1.145376881127616875e-01 4.785356868014623899e+00
1.118743990765786872e-01 3.832806763128269144e-03 9.937190515446699957e-01 -5.453542314412287340e+01 4.711137599471573734e-02 9.988539826637315988e-01 -9.156300286553434656e-03 6.496206723766358770e+00 -9.926097393565398441e-01 4.783972967981367508e-02 1.115648538477357760e-01 4.911381957795617481e+00
1.085050258247898802e-01 1.743035414787798493e-03 9.940984614225577554e-01 -5.349073677508049940e+01 4.651232152490455268e-02 9.989006881740806199e-01 -6.828054740132239418e-03 6.463373475502088183e+00 -9.930119443597363871e-01 4.697861217406261447e-02 1.083039227509388081e-01 5.028448262238223165e+00
1.058317559427068705e-01 2.928158969271847938e-04 9.943881018332396682e-01 -5.245060724558134524e+01 4.563305971004047445e-02 9.989513060914169129e-01 -5.150659130425988726e-03 6.433379653951138977e+00 -9.933411914135690246e-01 4.592198688453106442e-02 1.057066731160874185e-01 5.145627963020313445e+00
1.034991910218890088e-01 1.616554589511982496e-03 9.946323203574042315e-01 -5.142237790973100431e+01 4.526370354179150290e-02 9.989613146591093118e-01 -6.333445768079525376e-03 6.404274769649187959e+00 -9.936038324508110753e-01 4.567616036796664364e-02 1.033177961093079966e-01 5.255228036249523171e+00
1.015981625763804352e-01 4.458428818024576419e-03 9.948196271608228392e-01 -5.040195909168737387e+01 4.545975628175875222e-02 9.989308677704141770e-01 -9.119347648244371246e-03 6.370506516090896909e+00 -9.937910686528509396e-01 4.615067239362807827e-02 1.012861542973096524e-01 5.359885101705283539e+00
9.937541198220879723e-02 6.710381644130521128e-03 9.950314867996904455e-01 -4.936466814204259634e+01 4.623723694890169433e-02 9.988722886337798590e-01 -1.135388443535167990e-02 6.338219038973130104e+00 -9.939799371949389339e-01 4.713570085913564717e-02 9.895238589747799851e-02 5.467234761041366298e+00
9.697909139400331946e-02 6.788754758182227213e-03 9.952673683783460623e-01 -4.834627135919814123e+01 4.698219831361598320e-02 9.988371086242786578e-01 -1.139087264243485512e-02 6.304780435394484073e+00 -9.941816749262311070e-01 4.786441965910271518e-02 9.654668455295396801e-02 5.565412296072262954e+00
9.487820866004632869e-02 6.145870699495644893e-03 9.954740184277115489e-01 -4.730033107459066599e+01 4.931542376713784342e-02 9.987304807996704170e-01 -1.086601934379614193e-02 6.262834726887576586e+00 -9.942713883094606020e-01 5.012305343212544728e-02 9.445400157105258987e-02 5.669579893149989225e+00
9.276460085878690531e-02 4.837280255355871222e-03 9.956804230403881739e-01 -4.628193465937965811e+01 5.045438109278883171e-02 9.986870239852206899e-01 -9.552383909744891627e-03 6.229455556722811593e+00 -9.944136797000128203e-01 5.112243930073259723e-02 9.239807681194905919e-02 5.765674358678835709e+00
9.086245259653775996e-02 3.505265292671978696e-03 9.958613903970231496e-01 -4.526730905932326010e+01 5.215806395880880769e-02 9.986109135245084811e-01 -8.273658550646512469e-03 6.197033136646029838e+00 -9.945014015524826778e-01 5.269383578764375020e-02 9.055275007704127743e-02 5.856350874900436487e+00
8.902740028715624976e-02 2.253199298208755433e-03 9.960307366310048316e-01 -4.424410791983530800e+01 5.241621025979487786e-02 9.986075304555073195e-01 -6.943914368455559281e-03 6.165243525556522108e+00 -9.946537843192160278e-01 5.282622369259130229e-02 8.878468059004575308e-02 5.953060850247417157e+00
8.680923554555775024e-02 1.894149851300543216e-03 9.962272599434669473e-01 -4.324284028420238712e+01 5.366353825355620055e-02 9.985437792165153814e-01 -6.574498583622781847e-03 6.135904347772215495e+00 -9.947833287148339920e-01 5.403166895579530199e-02 8.658054020939803808e-02 6.041546921711474560e+00
8.504051935715076227e-02 3.042706524919956516e-03 9.963769566535691791e-01 -4.224467541976171248e+01 5.417656723564944626e-02 9.985082403064118317e-01 -7.672983019926279784e-03 6.102287877657018633e+00 -9.949082872401482369e-01 5.463265505322083271e-02 8.474819037220900075e-02 6.126740767765145534e+00
8.347088966066112947e-02 4.746931612952081693e-03 9.965030217830023185e-01 -4.125511127870422001e+01 5.468729984117842030e-02 9.984662295034112400e-01 -9.336913146033425440e-03 6.075215999947774392e+00 -9.950132682374485116e-01 5.527527115804049124e-02 8.308264656516148317e-02 6.215959925601152847e+00
8.190058649259950030e-02 5.963150654831946007e-03 9.966267760330040915e-01 -4.027986810967468756e+01 5.482290339819414354e-02 9.984474595859799129e-01 -1.047908299976625310e-02 6.042542789016068561e+00 -9.951362914207039223e-01 5.549606589979044768e-02 8.144590254309951038e-02 6.297041194083583093e+00
8.080998343963011199e-02 5.622725105307186874e-03 9.967177838070260254e-01 -3.929751096683202860e+01 5.564184599599971554e-02 9.984056271009998929e-01 -1.014328547836404644e-02 6.010029678017802190e+00 -9.951800013051887994e-01 5.627874724561357511e-02 8.036767768629023145e-02 6.382888267532544013e+00
7.895228056417620544e-02 4.413580115279275989e-03 9.968727469473349645e-01 -3.833992700630916772e+01 5.593146250783442158e-02 9.984017503068512989e-01 -8.849934399865684240e-03 5.968913166225782163e+00 -9.953128718020517463e-01 5.645512298005708751e-02 7.857864167126013544e-02 6.460458595174965346e+00
7.768183124314731458e-02 3.038357331157311852e-03 9.969776940257993880e-01 -3.738540814390098888e+01 5.685789348982855235e-02 9.983606809430689566e-01 -7.472602005215255375e-03 5.937729671524429875e+00 -9.953603456065862609e-01 5.726638386245457707e-02 7.738114223721868912e-02 6.541871377505206198e+00
7.640155643156060217e-02 3.223656729778653831e-03 9.970760410837100629e-01 -3.645898061406668944e+01 5.650753345996421123e-02 9.983799336238912137e-01 -7.557612185691404971e-03 5.904654624511998406e+00 -9.954793856561210408e-01 5.691956998930659123e-02 7.609503819871016317e-02 6.618008846736078254e+00
7.491550919986927903e-02 3.893082585705005295e-03 9.971864104125748307e-01 -3.554415186522835057e+01 5.623563352988720371e-02 9.983908547162128055e-01 -8.122407259110535002e-03 5.872917025703874749e+00 -9.956077196624277814e-01 5.668575544988344039e-02 7.457545180369033744e-02 6.690190304177895619e+00
7.367890689461756293e-02 3.203958908888534119e-03 9.972809969555883614e-01 -3.462439158927380589e+01 5.616044785367979575e-02 9.984010274756495162e-01 -7.356493660945068180e-03 5.840981994848533532e+00 -9.957042407070050283e-01 5.654961896180097508e-02 7.338058971887913284e-02 6.764995094050536117e+00
7.269210285633292967e-02 3.557270733442871504e-04 9.973584974056707297e-01 -3.372193721629861329e+01 5.739396082142757954e-02 9.983476669245462398e-01 -4.539031163964207458e-03 5.817202712552176358e+00 -9.957064356669662608e-01 5.757215541673254416e-02 7.255100544312710620e-02 6.829107498289210376e+00
7.150001913931156028e-02 -4.340018933954246580e-03 9.974352893050361102e-01 -3.282890442149538046e+01 5.918815402510474444e-02 9.982532197129052598e-01 1.009285433601820502e-04 5.787961686329263777e+00 -9.956877147213419876e-01 5.902897903000881019e-02 7.163143674131727812e-02 6.894369502729129628e+00
7.030772126720340187e-02 -9.387269750379973604e-03 9.974853137875507869e-01 -3.194806628507914326e+01 5.987607095975193416e-02 9.981987924547182089e-01 5.173807743286393257e-03 5.772424407049996375e+00 -9.957314879121569318e-01 5.936158381277505808e-02 7.074259621125084108e-02 6.957413547926487141e+00
6.843863437082654821e-02 -1.216597288217341997e-02 9.975852809259566634e-01 -3.108813580389577069e+01 6.217327642460734882e-02 9.980404394809465618e-01 7.906353848079271385e-03 5.751621718520169679e+00 -9.957209240289440766e-01 6.148187398768336503e-02 6.906037277962340237e-02 7.013857428994723975e+00
6.741891319618183165e-02 -1.188911788193740791e-02 9.976580528867542430e-01 -3.024117692179126138e+01 6.212639939715237231e-02 9.980450070214851310e-01 7.695586522529487480e-03 5.735045109168027011e+00 -9.957934138722357442e-01 6.146190323889568624e-02 6.802519212502627921e-02 7.074215260636863789e+00
6.615912192296376226e-02 -9.952686665430789115e-03 9.977635838911689259e-01 -2.941923589438382081e+01 6.104809144109202973e-02 9.981237267080909081e-01 5.908522139218289927e-03 5.716070833837187060e+00 -9.959445902923569349e-01 6.052049368877961133e-02 6.664204035712914531e-02 7.128630434867855747e+00
6.492033007300530845e-02 -7.481547909611670558e-03 9.978665407978819513e-01 -2.861401710975680857e+01 5.976544715714160461e-02 9.982123599799490599e-01 3.596036493192109051e-03 5.698316281662116012e+00 -9.961038943880028418e-01 5.940432360059721972e-02 6.525087891498912440e-02 7.186433428174844984e+00
6.396539566395967324e-02 -4.026510005899748210e-03 9.979481310348348178e-01 -2.782370074535826632e+01 5.889749548146008817e-02 9.982703933427592435e-01 2.528462255039788643e-04 5.681922147698614367e+00 -9.962173658458950420e-01 5.876031451807215561e-02 6.409138221662047386e-02 7.241161468088663788e+00
6.259254863515206768e-02 -1.674944715787888422e-03 9.980418956025364219e-01 -2.706898447855646239e+01 5.829664038123701097e-02 9.983037303171863330e-01 -1.980526458715252663e-03 5.659906824493045718e+00 -9.963399027481985026e-01 5.830630027213130895e-02 6.258349592137606165e-02 7.289708780873865201e+00
6.258771362517130676e-02 -7.749232827247266127e-04 9.980433039557897734e-01 -2.632119557152385525e+01 6.012021172977336653e-02 9.981930454690531862e-01 -2.994938463719332838e-03 5.634514370566811259e+00 -9.962318368401822388e-01 6.018985534299687440e-02 6.252068511289519959e-02 7.339237103158238185e+00
6.280939460943404939e-02 -2.731811734068983772e-03 9.980259412683135656e-01 -2.559677908213320663e+01 6.022933927347534633e-02 9.981904007451211092e-01 -1.058003309143176187e-03 5.621831629001006192e+00 -9.962112935179456841e-01 6.017673065603245525e-02 6.285974436971399071e-02 7.383740675351205596e+00
6.398517189345805101e-02 -4.257026603920703936e-03 9.979459106311895367e-01 -2.488416535064274981e+01 6.012315773235984290e-02 9.981972824944151945e-01 4.033754041515917837e-04 5.597335842145003681e+00 -9.961428809116138483e-01 5.997368662629835867e-02 6.412523874674559698e-02 7.433434384667399364e+00
6.498528094692501700e-02 -5.956713417930969111e-03 9.978725887698493002e-01 -2.418978421044469229e+01 6.005870872128470789e-02 9.981991473034593776e-01 2.047594635894000887e-03 5.584630976996919571e+00 -9.960820254827222886e-01 5.979771623660534025e-02 6.522546829874339980e-02 7.480230568513051459e+00
6.595668245486899228e-02 -7.053815795189673395e-03 9.978017015569644599e-01 -2.351559965565266097e+01 6.086131101107476044e-02 9.981480269771939584e-01 3.033395736600301949e-03 5.561698112353668400e+00 -9.959694561021050774e-01 6.052728464153852433e-02 6.626329235229493075e-02 7.526457883330722076e+00
6.654527346816520306e-02 -6.821411614662120128e-03 9.977642365192121998e-01 -2.285764711001844773e+01 6.151286961825486177e-02 9.981089853447440152e-01 2.721391432761728017e-03 5.543898146851594433e+00 -9.958902726656232440e-01 6.119407932987918491e-02 6.683849260572652384e-02 7.571078865789798940e+00
6.613690788595313896e-02 -5.192814209382837047e-03 9.978011940865824103e-01 -2.221558657096965916e+01 6.031606843329215956e-02 9.981850169371956349e-01 1.197090389888661333e-03 5.528076314450196094e+00 -9.959906759370127372e-01 6.010411378863417947e-02 6.632953426157088550e-02 7.617840350862767451e+00
6.526312492125152520e-02 -2.877218417354577510e-03 9.978680914922738454e-01 -2.159900884371113605e+01 6.007818054350414633e-02 9.981995283975880762e-01 -1.050904847513543794e-03 5.507892630850022897e+00 -9.960626905707133938e-01 6.001852666211000137e-02 6.531793704264450551e-02 7.663964193096599153e+00
6.320424411332066505e-02 -1.317339353977937727e-03 9.980038949123293257e-01 -2.099178280733226387e+01 5.978197052096829306e-02 9.982148144265881040e-01 -2.468224923717311607e-03 5.493508696472678920e+00 -9.962132753718417888e-01 5.981848595687516007e-02 6.316963571886886897e-02 7.703353696041085996e+00
6.092545952958407923e-02 -8.272495544586537476e-04 9.981461269720436347e-01 -2.039810399516538197e+01 6.205671008522507109e-02 9.980746432331307760e-01 -2.960477289021476010e-03 5.480224952112876302e+00 -9.962161436813394833e-01 6.212186410349410798e-02 6.085897492710133638e-02 7.736381417605235455e+00
5.911768476142170714e-02 -5.673931956160824892e-04 9.982550110071614080e-01 -1.982321400301674785e+01 6.342647042597714113e-02 9.979878322815471936e-01 -3.188752317828012599e-03 5.460684119057510166e+00 -9.962387956031942826e-01 6.350412534595117897e-02 5.903420743889675054e-02 7.767420530934350253e+00
5.686460640172175812e-02 -1.532658573285719571e-03 9.983848763420842820e-01 -1.926304133773520277e+01 6.590987108772042302e-02 9.978295237267115203e-01 -2.222010847563556189e-03 5.443196805407089833e+00 -9.962087465897371263e-01 6.592957869636270618e-02 5.684169836721897351e-02 7.792440935453395667e+00
5.533086587655629274e-02 -2.469935651609850638e-03 9.984691744914938605e-01 -1.872320123738941433e+01 6.827347808479455882e-02 9.976721985789094305e-01 -1.315273368477175471e-03 5.432146847298284342e+00 -9.961359305135915054e-01 6.824153141485150842e-02 5.537020054108847400e-02 7.824605274050021819e+00
5.344814213545343029e-02 -1.550605205828281975e-03 9.985735774343863502e-01 -1.820711312685978100e+01 6.834989172666393331e-02 9.976656052049999168e-01 -2.109012848693218086e-03 5.413983905797540963e+00 -9.962334838716205843e-01 6.836491076090771279e-02 5.342887012348351145e-02 7.846819314841630089e+00
5.145849187849867862e-02 -7.307677902379474582e-04 9.986790217415613125e-01 -1.771174128459006170e+01 6.836002061323841195e-02 9.976632342859894642e-01 -2.792145669387611964e-03 5.399871621691565871e+00 -9.963375430682105405e-01 6.841318961673253929e-02 5.138772557516707584e-02 7.874930314904030837e+00
4.952629308831647120e-02 3.843941537759763068e-04 9.987769008554391315e-01 -1.723575302937479847e+01 6.681185768516940959e-02 9.977651716650580704e-01 -3.696812947380740972e-03 5.387935775962255924e+00 -9.965404663149609599e-01 6.691302951352430528e-02 4.938946328611612535e-02 7.902415077135440669e+00
4.804839552051833051e-02 3.335172258745913113e-03 9.988435956545694827e-01 -1.678708068913830331e+01 6.801337621165459701e-02 9.976689901876168998e-01 -6.602779593069841094e-03 5.372042791059717715e+00 -9.965315407088610744e-01 6.825176967725873900e-02 4.770910255726800581e-02 7.925144525178851040e+00
4.735394252128505982e-02 8.040315512148805271e-03 9.988499700199124920e-01 -1.636596573112272424e+01 6.734169119330682407e-02 9.976732804214917261e-01 -1.122322287145011317e-02 5.353371480194847543e+00 -9.966103974865896387e-01 6.779550207712875531e-02 4.670185996994907773e-02 7.948964202329509732e+00
4.624178737465901856e-02 1.129587510007034473e-02 9.988705683940147795e-01 -1.596604493016336157e+01 6.781317027123823227e-02 9.976002524624213441e-01 -1.442067065985446449e-02 5.331096198146878962e+00 -9.966306511146310054e-01 6.840320458212811872e-02 4.536436183646672810e-02 7.962053039059382442e+00
4.575773216527966036e-02 1.237136810129508754e-02 9.988801195499147356e-01 -1.559492265824714252e+01 6.701596944938396916e-02 9.976390926519133062e-01 -1.542574813104706510e-02 5.323509497980786875e+00 -9.967069171192211030e-01 6.764655815363575242e-02 4.482018139835244885e-02 7.985272167281065592e+00
4.578589067160541287e-02 1.307315572610317188e-02 9.988698931823233318e-01 -1.523871288935841584e+01 6.810022138976477846e-02 9.975537649597566725e-01 -1.617729980402308684e-02 5.310427467951599922e+00 -9.966321306950711723e-01 6.876373909708737020e-02 4.478315801427808218e-02 7.998874603067077871e+00
4.713181272068117655e-02 1.490726087705037534e-02 9.987816010804588807e-01 -1.490684181320162160e+01 6.795628718928078960e-02 9.975306355630786381e-01 -1.809521442027491392e-02 5.297143813840815341e+00 -9.965792148937476780e-01 6.872613655493432783e-02 4.600193422164505774e-02 8.016422920104762539e+00
4.920453537178837849e-02 1.600525973082972050e-02 9.986646444257439859e-01 -1.459419362763468442e+01 6.803939802423883410e-02 9.975016379848399284e-01 -1.933876003864710633e-02 5.280820714128570792e+00 -9.964733587746973376e-01 6.889988427754585587e-02 4.799215486228702865e-02 8.033056009386930540e+00
5.354261158475845384e-02 1.630711675442369363e-02 9.984365750146230178e-01 -1.429300459977566540e+01 6.621687796529833470e-02 9.976143485920416776e-01 -1.984448062928831358e-02 5.270767719099861637e+00 -9.963724791470738307e-01 6.717567677528128722e-02 5.233458575832386495e-02 8.058141977242682330e+00
5.936358306659626771e-02 1.608812686474707376e-02 9.981109523916712467e-01 -1.401054911331291564e+01 6.509907491135238922e-02 9.976857527813274285e-01 -1.995292131180802925e-02 5.252527628383222513e+00 -9.961163022962525870e-01 6.616038430352749744e-02 5.817836167623136739e-02 8.082763781622633203e+00
6.587528090464381259e-02 1.515482963550577634e-02 9.977169514331437616e-01 -1.373570078257686333e+01 6.296392783190904452e-02 9.978353550031066055e-01 -1.931370590967597042e-02 5.240270192615215095e+00 -9.958441674501667951e-01 6.409229395892490633e-02 6.477792277514608787e-02 8.106006655171475117e+00
7.514837334648701017e-02 1.413143542773247219e-02 9.970764075505458290e-01 -1.346671373724045750e+01 6.149680940023450476e-02 9.979370654263555185e-01 -1.877838984233464598e-02 5.229038048505923797e+00 -9.952790974915323163e-01 6.272801194744201392e-02 7.412370265000278735e-02 8.137161174041898093e+00
8.655281142797549565e-02 1.397542835611114385e-02 9.961534206462675511e-01 -1.321271987484531074e+01 6.130726715327193543e-02 9.979382518923615164e-01 -1.932709499205180134e-02 5.216228512635943559e+00 -9.943639427396672170e-01 6.274408722624182089e-02 8.551689510535201433e-02 8.168566766813036395e+00
9.945770495862510385e-02 1.466659370821443535e-02 9.949378855678409073e-01 -1.296004740421363444e+01 6.225937918467432802e-02 9.978469083994774280e-01 -2.093297585061093882e-02 5.202687448821264660e+00 -9.930969532497363472e-01 6.402598216967471390e-02 9.832968683245819908e-02 8.199604268481065716e+00
1.147872975182673977e-01 1.484105977843674408e-02 9.932834242424093407e-01 -1.270902644377443025e+01 6.255866907998069992e-02 9.978021843257934842e-01 -2.213789433200679876e-02 5.187081854858960561e+00 -9.914231772590813563e-01 6.467945585780568440e-02 1.136057491977833372e-01 8.245367386326782011e+00
1.321780460229391441e-01 1.396424717000084234e-02 9.911318313875361330e-01 -1.247151431462290461e+01 6.119365166623370184e-02 9.978850031045186642e-01 -2.222004300232810134e-02 5.176515845333580224e+00 -9.893401494576058441e-01 6.358780199839172975e-02 1.310430380536532768e-01 8.290462257933311818e+00
1.499760665271215598e-01 1.266276785453763522e-02 9.886127540038563977e-01 -1.222904669152993762e+01 5.799975659089762897e-02 9.980897188827851929e-01 -2.158274447791761266e-02 5.163896343960832525e+00 -9.869918131311129494e-01 6.057603586326087974e-02 1.489541032384394392e-01 8.347656029275672296e+00
1.661989121251604973e-01 1.178372810471163719e-02 9.860260688484330238e-01 -1.199724697902468051e+01 5.304586035155162138e-02 9.983803681359370019e-01 -2.087229844069381918e-02 5.150248167963971113e+00 -9.846693306296349091e-01 5.577342367265643308e-02 1.653035316052965109e-01 8.410550947231170582e+00
1.779691157815580516e-01 9.285742671122594605e-03 9.839965049627988902e-01 -1.177668956679485035e+01 5.036611058143764669e-02 9.985653126139432123e-01 -1.853244014619332206e-02 5.146674980723580539e+00 -9.827511825128352196e-01 5.285815985218579593e-02 1.772449096824955661e-01 8.465482615281620937e+00
1.862622603017798362e-01 4.938672030371627809e-03 9.824919018231552670e-01 -1.157676099405748182e+01 4.910371709738871326e-02 9.986973441268648388e-01 -1.432910773040831261e-02 5.139584164442102754e+00 -9.812771447828413374e-01 5.091286709228189794e-02 1.857758792244628143e-01 8.510953607847321578e+00
1.933641160985793694e-01 1.624187944366215462e-03 9.811299832416330302e-01 -1.143052620121210694e+01 5.027109928169710973e-02 9.986751499039577817e-01 -1.156063855550068693e-02 5.130429077629026224e+00 -9.798432424283644027e-01 5.155778000371246533e-02 1.930250073323477589e-01 8.543854971640737261e+00
1.984854446613265599e-01 1.467029714566420694e-03 9.801070053606431021e-01 -1.132225853776162694e+01 5.024978594641697771e-02 9.986749403272741077e-01 -1.167093444440258330e-02 5.122848616869926097e+00 -9.788197660058740590e-01 5.156656133169756212e-02 1.981474114936891406e-01 8.571753091217150455e+00
2.011269507719541105e-01 3.359255715555216869e-03 9.795636972400517672e-01 -1.125113802415871156e+01 4.890660023768336057e-02 9.987190237477400201e-01 -1.346641887150836457e-02 5.119468174457362686e+00 -9.783484791741164921e-01 5.061547932785945975e-02 2.007036971158275840e-01 8.592267143585868183e+00
2.028854996843471314e-01 4.407316626099539066e-03 9.791968260997691020e-01 -1.121327456378589638e+01 4.748095850431052756e-02 9.987757551737782569e-01 -1.433311932578829745e-02 5.118700448130428349e+00 -9.780555649487830960e-01 4.940108220395102862e-02 2.024265195920746385e-01 8.602949443127577922e+00
2.034529765418321978e-01 4.354339636770390362e-03 9.790793151441314901e-01 -1.120591732069892466e+01 4.752393209518603751e-02 9.987739395027607214e-01 -1.431723977702857066e-02 5.122105374104903852e+00 -9.779355920706966909e-01 4.944247851660917015e-02 2.029952569435860554e-01 8.604945696069743022e+00
2.031555570439072811e-01 5.793469112081927816e-03 9.791336152251500780e-01 -1.121769578833965575e+01 4.858114297372552459e-02 9.986977106213821287e-01 -1.598891181795924696e-02 5.122683429333332761e+00 -9.779454761407125885e-01 5.081555283404654705e-02 2.026081996136138152e-01 8.600467208250284656e+00
2.035654130800636230e-01 9.849014355185915087e-03 9.790160882611114168e-01 -1.123332559334075320e+01 5.035620853544726938e-02 9.985270414713469656e-01 -2.051561539763391978e-02 5.112405523053994649e+00 -9.777704420814329334e-01 5.347567864897555256e-02 2.027682725215281812e-01 8.594123019486918480e+00
2.036373464245369858e-01 1.389315956997686473e-02 9.789520925400189144e-01 -1.123578741391814262e+01 5.029851464494623781e-02 9.984368783455922491e-01 -2.463238747717294563e-02 5.106400290384724983e+00 -9.777584339968140581e-01 5.425577847070436194e-02 2.026188926289949344e-01 8.595299421424680730e+00
2.031132415039492711e-01 1.426184338027018141e-02 9.790556687345056686e-01 -1.123144025887360620e+01 5.005331700063872513e-02 9.984418634587792774e-01 -2.492804223678028036e-02 5.109570086890600216e+00 -9.778800250748490575e-01 5.406806681852092955e-02 2.020815751484328904e-01 8.598617842011501367e+00
2.036356279216326171e-01 1.308064416496436573e-02 9.789636477955625526e-01 -1.123569144827967747e+01 4.951872268706379587e-02 9.984998022755067204e-01 -2.364196554699858621e-02 5.115153479715225160e+00 -9.777985958540243994e-01 5.329124784258342656e-02 2.026810593837462260e-01 8.597061028575597064e+00
2.035020960467272266e-01 1.251742904928620191e-02 9.789987793141020633e-01 -1.123217583461934943e+01 4.942502810869524310e-02 9.985185015284339105e-01 -2.304069184740917611e-02 5.113617372253622229e+00 -9.778311360368072691e-01 5.307574389436821305e-02 2.025805965155089150e-01 8.596301779879446769e+00
2.031642725319070530e-01 1.212922683594154852e-02 9.790738279580867287e-01 -1.122848070485967220e+01 4.954129295169482083e-02 9.985216763382774863e-01 -2.265012497199661232e-02 5.113297376835223673e+00 -9.778954985649397358e-01 5.310615156771211764e-02 2.022616967200948357e-01 8.596047923819039482e+00
2.034817575780476506e-01 1.186784799011848975e-02 9.790111005179598092e-01 -1.123054768263440906e+01 4.980479923792961727e-02 9.985129615643574263e-01 -2.245571663932504139e-02 5.113182213720659064e+00 -9.778160995642687370e-01 5.332865211141001732e-02 2.025867573758933227e-01 8.596234447042091276e+00
2.034243571660236394e-01 1.226920958334289623e-02 9.790180821067554495e-01 -1.123193303512195840e+01 4.987634215436458074e-02 9.984998348101857824e-01 -2.287669127551580917e-02 5.112886616592308364e+00 -9.778243962957415825e-01 5.348338869889630864e-02 2.025059048360937641e-01 8.595793156487498976e+00
2.033431778829691561e-01 1.207229899461237030e-02 9.790373970900952960e-01 -1.122982301457701837e+01 4.976505558937794477e-02 9.985105979715244162e-01 -2.264829716706858245e-02 5.113348938988417025e+00 -9.778469520722929964e-01 5.332709812758971296e-02 2.024382035464863672e-01 8.596580124161466330e+00
2.033781599848108190e-01 1.173459417845479705e-02 9.790342396623743504e-01 -1.123131395735914317e+01 4.978786170961835289e-02 9.985170678105529385e-01 -2.231054051728684207e-02 5.113896359929618995e+00 -9.778385161138214432e-01 5.328136878437758628e-02 2.024909871585897359e-01 8.597927749446689916e+00
2.033125093465306121e-01 1.190315081991169012e-02 9.790458436429433364e-01 -1.123202347157103453e+01 4.963070432126287512e-02 9.985218532365714994e-01 -2.244626846396517370e-02 5.113741256656218148e+00 -9.778601583798902652e-01 5.315421367577521927e-02 2.024198825086588605e-01 8.594697824612586246e+00
2.033949959310193678e-01 1.196850058751902472e-02 9.790279147015505945e-01 -1.123132391959287801e+01 4.977053840180588329e-02 9.985126380013579217e-01 -2.254644925807009967e-02 5.112961862202009655e+00 -9.778358982799016941e-01 5.331245144592784008e-02 2.024954569929661441e-01 8.596168777209111767e+00
2.033277940986024934e-01 1.169138368609964201e-02 9.790452259025534953e-01 -1.123105433568015243e+01 4.979834337550425455e-02 9.985175520820420703e-01 -2.226584033663427109e-02 5.114351880770421133e+00 -9.778484588546277889e-01 5.328196408458104466e-02 2.024428206073229375e-01 8.597127939179946665e+00
2.033856018778142372e-01 1.185799962795061613e-02 9.790312204576492316e-01 -1.123087933242291570e+01 4.973379153684024528e-02 9.985171991707750827e-01 -2.242561713515019151e-02 5.113523847474022332e+00 -9.778397227243909029e-01 5.325185002836912984e-02 2.024929363116050873e-01 8.596924961463521697e+00
2.033761724129404258e-01 1.185721033556788942e-02 9.790331896394561806e-01 -1.123153118913323212e+01 4.979336061065292585e-02 9.985139850495133862e-01 -2.243662410590840928e-02 5.113391088990198341e+00 -9.778386534589011969e-01 5.331229515737576780e-02 2.024822011334461436e-01 8.595704718413337275e+00
2.033089134161455147e-01 1.186696790987172567e-02 9.790470424187981413e-01 -1.123226795897946850e+01 4.975280720788845257e-02 9.985160563478803208e-01 -2.243443972282298249e-02 5.113637469284078030e+00 -9.778547059824431731e-01 5.327132913648893048e-02 2.024154582953913151e-01 8.597114270560611615e+00
2.034211886626687837e-01 1.176827953862614844e-02 9.790249124529462055e-01 -1.122934130132065889e+01 4.989224337777863061e-02 9.985105700568243092e-01 -2.236890430873988631e-02 5.113129470287217870e+00 -9.778242524211049336e-01 5.339592660815889458e-02 2.025297189749366289e-01 8.598161195078393604e+00
2.033580920100724887e-01 1.189685492754916779e-02 9.790364679100336254e-01 -1.122897220259165429e+01 4.980173379601224304e-02 9.985126449593907383e-01 -2.247778219744846206e-02 5.112809719695545319e+00 -9.778419915818667985e-01 5.332862204978478654e-02 2.024617986066493402e-01 8.598118529066315574e+00
2.033849902659561060e-01 1.184504662310246342e-02 9.790315095048210958e-01 -1.123035464738519629e+01 4.980782591710772311e-02 9.985134679521311396e-01 -2.242770090037930764e-02 5.113332704363721781e+00 -9.778360872486139277e-01 5.332475905288956014e-02 2.024913322319822628e-01 8.597103337563506642e+00
2.033272211103461791e-01 1.179605856333321851e-02 9.790441019022676494e-01 -1.123118063471235928e+01 4.986096240032555915e-02 9.985117632919174868e-01 -2.238552703971566360e-02 5.113535312882251382e+00 -9.778453947284950765e-01 5.336753657927054140e-02 2.024351148714366166e-01 8.597709121822138201e+00
2.032944646853162007e-01 1.183502547211178792e-02 9.790504347599555679e-01 -1.123144280090948399e+01 4.977790337199629322e-02 9.985154451099242934e-01 -2.240625208033460852e-02 5.113580945453847448e+00 -9.778564395956563793e-01 5.329001435441908796e-02 2.024021935899603664e-01 8.595895472076035659e+00
2.033414897268811528e-01 1.181956235527144641e-02 9.790408569442903275e-01 -1.123292529933267403e+01 4.980457498287908791e-02 9.985142866753424773e-01 -2.239861614198617248e-02 5.114041792097037131e+00 -9.778453051469627733e-01 5.331515127852145403e-02 2.024493673174788955e-01 8.595830672557911001e+00
2.032786904988654331e-01 1.181263226206902793e-02 9.790539827445140508e-01 -1.123128817937107726e+01 4.984396075046283042e-02 9.985123756498177627e-01 -2.239620864245036105e-02 5.114447367374716613e+00 -9.778563566094762294e-01 5.335246908692707624e-02 2.023861530708039314e-01 8.597178134819738915e+00
2.033114300097245419e-01 1.177189370718712512e-02 9.790476763052562426e-01 -1.123150319910802430e+01 4.972322961241686101e-02 9.985198497491996061e-01 -2.233149331883788058e-02 5.114282922565124956e+00 -9.778557016805867752e-01 5.322153059156999738e-02 2.024238172928053969e-01 8.595616811911805044e+00
2.032957270244279691e-01 1.180300852325536984e-02 9.790505630874127840e-01 -1.123339433211162230e+01 4.983326730477972283e-02 9.985131689384725284e-01 -2.238513237805732012e-02 5.114587927619317576e+00 -9.778533695235230860e-01 5.333995991765854566e-02 2.024039365932558121e-01 8.596392557296262282e+00
2.033252915362297186e-01 1.185986667342025722e-02 9.790437375801620545e-01 -1.123192316190566231e+01 4.969021357575206799e-02 9.985196293352907038e-01 -2.241515322295076218e-02 5.113300475139913814e+00 -9.778545072968857221e-01 5.320632953518061176e-02 2.024336301090668422e-01 8.595792223549093336e+00
2.032959909914684171e-01 1.176726641420759722e-02 9.790509399573730231e-01 -1.123133334684253803e+01 4.984036045425290634e-02 9.985136044242567399e-01 -2.235016463250011701e-02 5.114336329012259874e+00 -9.778529593708426004e-01 5.333981930546050076e-02 2.024059813465500235e-01 8.595792064689842249e+00
2.033651448204707168e-01 1.176844060503475821e-02 9.790365655446502391e-01 -1.123116942169686716e+01 4.994393516821710871e-02 9.985078382238800065e-01 -2.237665220234227523e-02 5.114545604572338533e+00 -9.778332987990840941e-01 5.344743744506694205e-02 2.024725823669473734e-01 8.597900649498841474e+00
2.032933277281865347e-01 1.181181812769348943e-02 9.790509609949871184e-01 -1.123138721006847263e+01 4.990607604219168825e-02 9.985090062614923045e-01 -2.240904948880473660e-02 5.113398112214244229e+00 -9.778501685874679827e-01 5.341607181055378628e-02 2.023993893835347169e-01 8.596769651708669358e+00
2.033151264643380807e-01 1.183208886023088581e-02 9.790461898433764354e-01 -1.123104504142079740e+01 4.982240769276230496e-02 9.985130845996614823e-01 -2.241361888118480195e-02 5.113978470464613402e+00 -9.778499057698710750e-01 5.333533627213671996e-02 2.024219620910885364e-01 8.597139005196927641e+00
2.033500595646113296e-01 1.177718600607424899e-02 9.790395982791272322e-01 -1.123088816466728090e+01 4.991447843865581824e-02 9.985092735489641269e-01 -2.237862850485061034e-02 5.113418218005858051e+00 -9.778379486993100667e-01 5.341881725605342190e-02 2.024577165003051960e-01 8.595946553005058277e+00
2.033935963338466546e-01 1.179300916257830685e-02 9.790303645736879723e-01 -1.123018950231183588e+01 4.993498985618640557e-02 9.985077367640103896e-01 -2.240143969799992738e-02 5.114253310632025595e+00 -9.778278472192408755e-01 5.344405114355844921e-02 2.024998437824905295e-01 8.596851892368201575e+00
2.033620981041779630e-01 1.177616385360338684e-02 9.790371112677058729e-01 -1.123043512916173725e+01 4.997354022902207593e-02 9.985060541513783861e-01 -2.239048573931430239e-02 5.114226433612204303e+00 -9.778324300377327916e-01 5.347919657305490182e-02 2.024684376161758337e-01 8.596866699329822836e+00
2.032650867088010849e-01 1.178057168463365542e-02 9.790572070571578189e-01 -1.123011277381552731e+01 4.991013428677378710e-02 9.985095424198453529e-01 -2.237644310202338907e-02 5.114652101313390098e+00 -9.778558440899579596e-01 5.341309647679038514e-02 2.023728074718456060e-01 8.597420146765776039e+00
2.033017216193356846e-01 1.174249435307140113e-02 9.790500580766059446e-01 -1.123091189325949024e+01 5.011953731664917783e-02 9.984989082953327211e-01 -2.238299479886891527e-02 5.115297986836591981e+00 -9.778375194139582449e-01 5.361990626727262954e-02 2.024066667598173330e-01 8.598134975296204630e+00
2.033000145831365402e-01 1.175491399092403605e-02 9.790502636735797237e-01 -1.123113724666233182e+01 5.002497128887770789e-02 9.985038123465924675e-01 -2.237599153420041093e-02 5.114940423391686863e+00 -9.778427217011014250e-01 5.352587013991372961e-02 2.024064469278721856e-01 8.596834851508370789e+00
2.032983399379851841e-01 1.177894949041254427e-02 9.790503227528914998e-01 -1.123112405167205985e+01 4.996917297084541715e-02 9.985063192346936845e-01 -2.238886160732215733e-02 5.114440491817204837e+00 -9.778459243004811174e-01 5.347382291952042926e-02 2.024047382955426744e-01 8.597058117036796787e+00
2.032690766024629059e-01 1.177959295543556766e-02 9.790563912238960942e-01 -1.123216440297237106e+01 5.000016032980535152e-02 9.985046462781080878e-01 -2.239429928326560834e-02 5.114910547610407754e+00 -9.778504241912808759e-01 5.350491450445913483e-02 2.023747816238510022e-01 8.596889471697560126e+00
2.032760388938043561e-01 1.178782984921816594e-02 9.790548467359814211e-01 -1.123161914079468460e+01 4.995463105596253950e-02 9.985069401884145712e-01 -2.239366592509543438e-02 5.114233375094922707e+00 -9.778513048860875134e-01 5.346028896964910571e-02 2.023823244094252460e-01 8.596769027622375603e+00
2.033634954362973646e-01 1.172982404162269121e-02 9.790373845954966070e-01 -1.123220508472536139e+01 4.999944788552852792e-02 9.985057061046556104e-01 -2.234866162987211163e-02 5.114382847133878585e+00 -9.778308327349987117e-01 5.349610245842784800e-02 2.024717699788071423e-01 8.597286107309241032e+00
2.033418594180512184e-01 1.166627662665305903e-02 9.790426391005729867e-01 -1.123151821808251150e+01 5.012104448043521593e-02 9.985005262799534487e-01 -2.230782070549289578e-02 5.114918909935252778e+00 -9.778291102044184280e-01 5.360662362621470417e-02 2.024508687542940222e-01 8.597385441033603470e+00
2.033298760544186290e-01 1.173109987010247969e-02 9.790443551579975923e-01 -1.123065771853489814e+01 5.012287777340319189e-02 9.984989634226101307e-01 -2.237364124351962774e-02 5.114811100188704884e+00 -9.778315088247665487e-01 5.362162133959239019e-02 2.024353136572856204e-01 8.597585417539622910e+00
2.032419549250286395e-01 1.173221788379245206e-02 9.790625997950681558e-01 -1.123183987673621509e+01 5.010066876018723359e-02 9.985002665804952882e-01 -2.236526603626082590e-02 5.114572950465595014e+00 -9.778509285600188727e-01 5.359712272507228398e-02 2.023479942181411195e-01 8.598253195635066959e+00
2.033264196612779851e-01 1.181064279112770642e-02 9.790441197564334619e-01 -1.123068920246039504e+01 4.998766446422828191e-02 9.985045558475371674e-01 -2.242657788736417482e-02 5.114262864435943357e+00 -9.778391534826800235e-01 5.349991603120802380e-02 2.024306086586404041e-01 8.597065836605800371e+00
2.033637362486210021e-01 1.178054045748298632e-02 9.790367327395714803e-01 -1.123052329929198301e+01 4.993727858131876557e-02 9.985079545701169845e-01 -2.238752706032271986e-02 5.113776065041286678e+00 -9.778339684103920515e-01 5.344311334559846000e-02 2.024706594212173361e-01 8.596045656323429540e+00
2.033658696976489433e-01 1.174574211011818366e-02 9.790367081607125321e-01 -1.122923939222405210e+01 5.002607349225996619e-02 9.985038934113280584e-01 -2.237054225376547065e-02 5.114446069606674250e+00 -9.778289889440807681e-01 5.352663851101563397e-02 2.024726564389350836e-01 8.594763147438053252e+00
2.033646512639489257e-01 1.173383444795230400e-02 9.790371041881743563e-01 -1.123030476762640717e+01 4.996265040707553728e-02 9.985076377906465517e-01 -2.234519670686516135e-02 5.113732126179950654e+00 -9.778324863346026241e-01 5.345938343573843760e-02 2.024735415666072957e-01 8.597772657771622917e+00
2.032944892736892606e-01 1.173178756389264311e-02 9.790517003845690125e-01 -1.123323331091082267e+01 5.007806647169399383e-02 9.985014559673334178e-01 -2.236308765914647029e-02 5.114802607770145393e+00 -9.778411724602444899e-01 5.357517962932462768e-02 2.024009761223211357e-01 8.596760395600227866e+00
2.032518865092106108e-01 1.177524797124407038e-02 9.790600246415762653e-01 -1.123228573357777194e+01 5.007118867829536690e-02 9.985008930142355021e-01 -2.240360707523992786e-02 5.114311207360363376e+00 -9.778503813466723482e-01 5.357614625118971990e-02 2.023562272021376673e-01 8.597075868628024864e+00
2.033105299923319564e-01 1.180281469266306754e-02 9.790475168676902040e-01 -1.123064530414595552e+01 4.990273342892481701e-02 9.985094056375740657e-01 -2.240012887680022102e-02 5.114650464288666321e+00 -9.778468031379737857e-01 5.341120194638235286e-02 2.024171209037891050e-01 8.596757904374122461e+00
2.032682612574811809e-01 1.174727236289069797e-02 9.790569628090554088e-01 -1.123242878226906072e+01 5.002304460057448859e-02 9.985041551658194736e-01 -2.236602963426393906e-02 5.114935069862886152e+00 -9.778494485545439208e-01 5.352158507316030767e-02 2.023752020752238034e-01 8.597483136045939389e+00
2.033216928896918463e-01 1.174928245381140664e-02 9.790458451552647157e-01 -1.123147175347392590e+01 5.003270191496654584e-02 9.985035138133042665e-01 -2.237306125640372775e-02 5.114696735706773190e+00 -9.778378472489911433e-01 5.353310842622874960e-02 2.024282090668836076e-01 8.596765841351134085e+00
2.032609413826757805e-01 1.179947232227237207e-02 9.790578573069312895e-01 -1.123267978704620873e+01 5.004286124191140162e-02 9.985018860379357708e-01 -2.242295868071428333e-02 5.115228307943572972e+00 -9.778499580931881985e-01 5.355243996227923575e-02 2.023645868812787019e-01 8.597723065163959788e+00
2.032850563148325129e-01 1.177299987902927052e-02 9.790531702514525536e-01 -1.123081419737115816e+01 5.008203777400898477e-02 9.985003164147822075e-01 -2.240541541857696620e-02 5.115058346722689109e+00 -9.778429401903703244e-01 5.358753643716140241e-02 2.023892092177678736e-01 8.596516156609769865e+00
2.032791359378136598e-01 1.176371252323203144e-02 9.790545111846186144e-01 -1.123133180513839591e+01 5.003189282277348271e-02 9.985032847127401912e-01 -2.238523443169122829e-02 5.114490247508396870e+00 -9.778467396256553812e-01 5.353427425751228902e-02 2.023849564489233477e-01 8.597564584075300331e+00
2.033083710321079984e-01 1.168933378441156315e-02 9.790493329213975082e-01 -1.123121942617832403e+01 5.008817521038332055e-02 9.985018653628285890e-01 -2.232266004032098725e-02 5.114685635081920090e+00 -9.778377813151195586e-01 5.357705166670054253e-02 2.024169207000780513e-01 8.596554063901875153e+00
2.032300648979714630e-01 1.179337165291331931e-02 9.790643481455024721e-01 -1.123124564089617294e+01 5.003854626341547318e-02 9.985023081789401456e-01 -2.241411682470739741e-02 5.114315130652790309e+00 -9.778566028802783139e-01 5.354605733192252526e-02 2.023341932806078380e-01 8.596435320693069926e+00
2.033367062585752782e-01 1.171480975775304918e-02 9.790431497129233884e-01 -1.123225210900165827e+01 5.008279366705598729e-02 9.985015471880516191e-01 -2.234910968863829117e-02 5.115526987170892603e+00 -9.778321684423325610e-01 5.357748898340245619e-02 2.024439321477296827e-01 8.597632000407839925e+00
2.033270313015392849e-01 1.179505062643045749e-02 9.790441959857477672e-01 -1.123047758220266878e+01 4.994052708986004147e-02 9.985075119315213188e-01 -2.240095237252134538e-02 5.114251722094458330e+00 -9.778414572673752581e-01 5.344858174526715550e-02 2.024331430328576709e-01 8.596769301935680119e+00
2.033035567614847328e-01 1.179758200573927975e-02 9.790490407314028642e-01 -1.123200842931205479e+01 4.997753886483915359e-02 9.985054605422170049e-01 -2.240988780598510491e-02 5.114446465581474754e+00 -9.778444484313635332e-01 5.348635050954946707e-02 2.024087233737143776e-01 8.596958216257780450e+00
2.035259627281353068e-01 1.197900293589607319e-02 9.790006299987291660e-01 -1.123226598349147842e+01 5.019988963288465889e-02 9.984888153766674490e-01 -2.265340279874935442e-02 5.115066601795750678e+00 -9.777867948472790394e-01 5.375615457018581567e-02 2.026156802316834427e-01 8.598390280181913425e+00
2.039900124677267446e-01 1.263863260560316518e-02 9.788957526495528638e-01 -1.123085088900018924e+01 5.000768779356075389e-02 9.984832959807181663e-01 -2.331233416271227474e-02 5.114960032828045122e+00 -9.776999401588862826e-01 5.370766838485469680e-02 2.030472169632926982e-01 8.600107609573221623e+00
2.042987203800151197e-01 1.338475204336646816e-02 9.788214541403229552e-01 -1.122040203845891071e+01 4.976953240813514895e-02 9.984779132862368067e-01 -2.404120144708695589e-02 5.116476252577901285e+00 -9.776476329790900754e-01 5.362694398896262343e-02 2.033202301132092105e-01 8.601140345267205944e+00
2.047059111868523018e-01 1.372829616666962869e-02 9.787316204197680225e-01 -1.121061523351788303e+01 4.958643823092100111e-02 9.984788984147978663e-01 -2.437630962896139911e-02 5.116922923434454873e+00 -9.775717602321807309e-01 5.352166073823456938e-02 2.037124156702843358e-01 8.606255634396685394e+00
2.054567304855759446e-01 1.370564783745894903e-02 9.785746009181222060e-01 -1.119839186897548622e+01 4.953994140264054991e-02 9.984809840585465723e-01 -2.438542432515380248e-02 5.115893938362171767e+00 -9.774165941649718414e-01 5.348854970573154594e-02 2.044642772335065473e-01 8.609330463850216830e+00
2.061328100842676758e-01 1.362380294478760141e-02 9.784335541606785647e-01 -1.118275583071324064e+01 4.941020334441550976e-02 9.984891930176795771e-01 -2.431243108030392217e-02 5.115252863825088703e+00 -9.772808038719751345e-01 5.335606356657669053e-02 2.051468404941095280e-01 8.612838946873818458e+00
2.069036099261461481e-01 1.369474934344076106e-02 9.782698597648760153e-01 -1.116562905480345513e+01 4.914008847561935484e-02 9.985010991857925511e-01 -2.437088386942605836e-02 5.114325655635525436e+00 -9.771315299925987796e-01 5.311456709661475928e-02 2.059191291820608172e-01 8.617670118790529799e+00
2.082109796137184832e-01 1.405694370106922754e-02 9.779873018110845084e-01 -1.114627755363962791e+01 4.861214587602607357e-02 9.985188240535090021e-01 -2.470126618452891942e-02 5.111928871370397864e+00 -9.768802029748018256e-01 5.268501306237025755e-02 2.072178443274196868e-01 8.623740535462971479e+00
2.098550932573106653e-01 1.483163761715384360e-02 9.776243857861887099e-01 -1.112248278425285974e+01 4.856522092617460151e-02 9.984991616657906688e-01 -2.557306848274027919e-02 5.112377981170219243e+00 -9.765306677986661521e-01 5.284505599500238793e-02 2.088184237328254700e-01 8.630078759310132241e+00
2.127753516365942787e-01 1.728004145825544000e-02 9.769527287570705099e-01 -1.108879556585486270e+01 4.821586490829540828e-02 9.984464545142045511e-01 -2.816120241903040042e-02 5.109482131448356057e+00 -9.759158617365534250e-01 5.309649867408270524e-02 2.116101939382683816e-01 8.642465303857626679e+00
2.173910255657800217e-01 2.051924273238975999e-02 9.758732997811979670e-01 -1.104156080736900236e+01 4.724882986181827560e-02 9.983923660110041176e-01 -3.151797258576417154e-02 5.107578110596127097e+00 -9.749454266390394919e-01 5.296045865105486472e-02 2.160705725042197101e-01 8.655988120896545013e+00
2.239066121773980733e-01 2.346357460972375852e-02 9.743325330297519793e-01 -1.097323584951447550e+01 4.633330526635967561e-02 9.983301333973789715e-01 -3.468892542760709796e-02 5.102989692837970104e+00 -9.735137125254452739e-01 5.291098834217834723e-02 2.224440776240367290e-01 8.681038362836357436e+00
2.329486957079931198e-01 2.491155199551230159e-02 9.721743244514703397e-01 -1.088098254837304246e+01 4.522259748392126744e-02 9.983195090678906869e-01 -3.641739417114774058e-02 5.097536980728217593e+00 -9.714420811090160868e-01 5.244749683801895601e-02 2.314291150152385790e-01 8.714990463591036018e+00
2.442022166068859579e-01 2.499309690217363725e-02 9.694066339463310866e-01 -1.076665880178044432e+01 4.412515529153093752e-02 9.983525699675284137e-01 -3.685471690684772456e-02 5.091937638536222721e+00 -9.687250094326845806e-01 5.177508923330598894e-02 2.426954734957265658e-01 8.754381323784956592e+00
2.585175519722350823e-01 2.497101063163411835e-02 9.656882138194627929e-01 -1.062944331586091451e+01 4.246466498683020702e-02 9.984123332652673488e-01 -3.718493323944602885e-02 5.084314638467249736e+00 -9.650778846152757717e-01 5.062045829168011074e-02 2.570450312233846235e-01 8.806961296625001268e+00
2.762762954864232956e-01 2.524720141581710681e-02 9.607510575401996267e-01 -1.047569395739926712e+01 4.124729647960933415e-02 9.984289322879490447e-01 -3.809833300865383271e-02 5.076332641432592219e+00 -9.601978778519344448e-01 5.015392486614188988e-02 2.747990697500702906e-01 8.867670214614864932e+00
2.971041446626918603e-01 2.492597157765466878e-02 9.545241946484924744e-01 -1.029069528318493809e+01 4.103994858897531267e-02 9.984086744591121887e-01 -3.884582023815875973e-02 5.066531547031169147e+00 -9.539678960881131653e-01 5.071474903504662179e-02 2.956064766968958812e-01 8.942504114904904711e+00
3.210511133834589859e-01 2.276073527063668042e-02 9.467928785183229445e-01 -1.009012716241569052e+01 4.137957402699975890e-02 9.984259374266570841e-01 -3.803334083683170691e-02 5.054893187896467133e+00 -9.461626754451093468e-01 5.138840131863318950e-02 3.196018735788992982e-01 9.028548567743316156e+00
3.478724115103419834e-01 1.976103080125103315e-02 9.373382091036275288e-01 -9.863454973312890672e+00 4.076695766290563266e-02 9.985199987115563891e-01 -3.618044825690463345e-02 5.048043739498424110e+00 -9.366604136909127964e-01 5.079848007697156803e-02 3.465497529399718668e-01 9.141408238576254064e+00
3.773091833598550826e-01 1.606336381057297050e-02 9.259526869607350719e-01 -9.623212208560385506e+00 4.146845051581061342e-02 9.985602072915661376e-01 -3.422042602881517070e-02 5.036799572927742830e+00 -9.251637797952374509e-01 5.130937520473164565e-02 3.760974348753555740e-01 9.265555554024075491e+00
4.089512282854715353e-01 1.325386511715704284e-02 9.124647203428900566e-01 -9.373820804341468360e+00 4.132727927430633608e-02 9.986062409081213342e-01 -3.302710477715112281e-02 5.017709817595858546e+00 -9.116253654953723196e-01 5.121603220669254664e-02 4.078309428646462176e-01 9.402660577741121628e+00
4.424896241477179748e-01 1.179129480340534650e-02 8.967009164148093125e-01 -9.104662234255423314e+00 3.713629979770595446e-02 9.988214860523056959e-01 -3.145938628624697642e-02 5.003120264486970115e+00 -8.960098535126213015e-01 4.722050213360828863e-02 4.415275068663525593e-01 9.577478023408195540e+00
4.776474622584180874e-01 1.096115443325485633e-02 8.784881268500845941e-01 -8.834789969809978771e+00 3.233218197979761260e-02 9.990320892740921499e-01 -3.004453264995085582e-02 4.995151053647357564e+00 -8.779620313762838135e-01 4.275405545707348237e-02 4.768277912788058126e-01 9.766270794075822437e+00
5.138241819371263119e-01 1.119238791112215498e-02 8.578275300853294150e-01 -8.545560383241712188e+00 2.651423108764155989e-02 9.992366385937725415e-01 -2.891878861098455197e-02 4.968325661604797716e+00 -8.574913774696705238e-01 3.760376219959781635e-02 5.131320307999973629e-01 9.986487762194911966e+00
5.508736773814437715e-01 1.151431767603987993e-02 8.345143761076754263e-01 -8.253120041340126889e+00 2.176123140737781445e-02 9.993732952233911337e-01 -2.815365509218098819e-02 4.949357054721406080e+00 -8.343107079452264374e-01 3.366914178772288657e-02 5.502745052177062668e-01 1.022544780556145483e+01
5.890338515364608174e-01 1.254695266987204509e-02 8.080162931811499805e-01 -7.972377831469019682e+00 1.696374516137082525e-02 9.994737419976106318e-01 -2.788608426428369758e-02 4.933770005092799948e+00 -8.079362746941877171e-01 3.013282475152148990e-02 5.885074367836351517e-01 1.048145483707359737e+01
6.273888414055778240e-01 1.181402821447740531e-02 7.786220552013808360e-01 -7.670459081919639210e+00 1.474904540364524626e-02 9.995318538896262872e-01 -2.704999670398004416e-02 4.921352512577513494e+00 -7.785726195380654469e-01 2.845480383078752631e-02 6.269170814426371363e-01 1.077819239151973996e+01
6.647859469032936230e-01 1.278343290147254153e-02 7.469302916566981088e-01 -7.380496056974307884e+00 1.262157321383413668e-02 9.995252452752535488e-01 -2.833979050480176995e-02 4.906671007575345911e+00 -7.469336625300148080e-01 2.826733640619623691e-02 6.643049741305135925e-01 1.108950337322789004e+01
7.006180283351348681e-01 1.558705300922894228e-02 7.133723090084589380e-01 -7.097449779758083110e+00 9.743121286922467109e-03 9.994657805730693401e-01 -3.140684124399050620e-02 4.881975628736081596e+00 -7.134766575687443435e-01 2.895467290261178814e-02 7.000876612303020829e-01 1.141101163572414201e+01
7.354729442762456548e-01 1.709475909794230114e-02 6.773447744704700346e-01 -6.803340341094504140e+00 6.732424850870818989e-03 9.994545377819155085e-01 -3.253407878483323412e-02 4.870004558732332178e+00 -6.775275976477960205e-01 2.848811016467526006e-02 7.349522704413455898e-01 1.179289343875717044e+01
7.682350485098784487e-01 1.397718256441963375e-02 6.400220087409130842e-01 -6.523165202235040816e+00 5.817876970501985670e-03 9.995744914911589563e-01 -2.881239931892012884e-02 4.846945437453584304e+00 -6.401487451234717518e-01 2.585828451035497230e-02 7.678222451991920661e-01 1.217631332491580132e+01
7.985063353177028755e-01 1.102574954161708934e-02 6.018925893151535478e-01 -6.228774029221545661e+00 4.701878391488870448e-03 9.996941245826289624e-01 -2.455038568585109562e-02 4.827557527137077642e+00 -6.019757553586433385e-01 2.243370807441187609e-02 7.982054841951280455e-01 1.262720110568580267e+01
8.269911252720567596e-01 7.623003210431376041e-03 5.621709606836223783e-01 -5.957488476560299340e+00 5.871570457129536048e-03 9.997430396310741374e-01 -2.219363787853514611e-02 4.810681027240877761e+00 -5.621925142777576268e-01 2.165481772086926687e-02 8.267289352060609442e-01 1.308211402157427017e+01
8.526259760342316252e-01 1.151776871525401862e-02 5.224030077594002952e-01 -5.698498677978151683e+00 1.588773446591358217e-03 9.997018707040058461e-01 -2.463385919358784815e-02 4.784887197133688375e+00 -5.225280580671988195e-01 2.183349654989821809e-02 8.523484152579030582e-01 1.355252165103868123e+01
8.761160470427302727e-01 1.472177918908032512e-02 4.818843775130760010e-01 -5.446081999512329297e+00 -2.819281343219949727e-03 9.996796157252717530e-01 -2.541456590501148943e-02 4.777027061157409271e+00 -4.821014492164822918e-01 2.090759454038150500e-02 8.758716600562170829e-01 1.409781064443702370e+01
8.968625248629800151e-01 1.062610547023839537e-02 4.421914817070783377e-01 -5.203848493276045595e+00 -4.674980825290245235e-04 9.997402048735708480e-01 -2.307575303003799386e-02 4.755201314091099363e+00 -4.423193615244707111e-01 2.048911027073974794e-02 8.966291794219612976e-01 1.463106432187316841e+01
9.141648518412874846e-01 6.555399591937117326e-03 4.053002108931905156e-01 -4.956098725239143299e+00 1.805377699601536361e-03 9.998000631684584860e-01 -2.024263209497400434e-02 4.727695557988302433e+00 -4.053496529486699251e-01 1.923688436213455769e-02 9.139648343533427477e-01 1.523010840414782585e+01
9.290176542975094875e-01 4.519429553259166933e-03 3.700194341018036015e-01 -4.730490388882291342e+00 3.236037144582047057e-03 9.997945638567835580e-01 -2.033590346880475436e-02 4.717960824115820628e+00 -3.700333165753805220e-01 2.008986697313238506e-02 9.288066890737343151e-01 1.584522016741131267e+01
9.419128550767107422e-01 1.531682058346593321e-03 3.358666968430746302e-01 -4.522215407439347246e+00 6.158536188837334703e-03 9.997493295474735309e-01 -2.182994175680548488e-02 4.690027833053503237e+00 -3.358141383268190561e-01 2.263039305928618225e-02 9.416617581437518592e-01 1.647646660766946169e+01
9.533779245655079615e-01 -6.076640689781951515e-03 3.017320267118394628e-01 -4.309861464993737457e+00 1.364833997824567782e-02 9.996490865006802951e-01 -2.299181412802122487e-02 4.663947424589560242e+00 -3.014848344752075748e-01 2.603805370808634154e-02 9.531206926833237780e-01 1.715843786053748943e+01
9.634464980953970636e-01 -1.376926342198226891e-02 2.675628167527516199e-01 -4.125263356976991425e+00 2.069722786183107732e-02 9.995257462545322769e-01 -2.308911342229655328e-02 4.633374696040254648e+00 -2.671166128587652011e-01 2.778294954682118678e-02 9.632688964232880569e-01 1.785122813855495139e+01
9.721959001515563248e-01 -1.318454168879034001e-02 2.338159908192908032e-01 -3.960684761726012137e+00 1.959394891209150641e-02 9.994992682717511734e-01 -2.510977470793765778e-02 4.612490475007286150e+00 -2.333666598266551373e-01 2.899300971068179134e-02 9.719617042944563856e-01 1.858886963739798404e+01
9.793209722938474027e-01 -1.500159488572881845e-02 2.017771215025166431e-01 -3.822604767899930422e+00 2.047836701591284475e-02 9.994822453089126091e-01 -2.508172023868025444e-02 4.589160235354579953e+00 -2.012953843672747878e-01 2.869513615532660183e-02 9.791153703715593792e-01 1.934084755969632496e+01
9.851587265630763479e-01 -1.576612897476030450e-02 1.709454406475829635e-01 -3.698313481296450878e+00 2.065742240186671519e-02 9.994320541383953094e-01 -2.687124449563993434e-02 4.556463547562049854e+00 -1.704238799180966268e-01 3.000374553941859146e-02 9.849190990859103545e-01 2.013420404544680764e+01
9.897416380787025236e-01 -1.521126189046776399e-02 1.420870905792094852e-01 -3.596228315491015515e+00 1.961139216638468213e-02 9.993755097260990095e-01 -2.961775277444056789e-02 4.522220803222086971e+00 -1.415471904530701819e-01 3.210044983296252152e-02 9.894160454947265038e-01 2.093490418825400567e+01
9.931919377971194507e-01 -1.237562600495372561e-02 1.158674279794256051e-01 -3.513670363606404834e+00 1.624484991821126614e-02 9.993460841476869971e-01 -3.250760045022351580e-02 4.488322459078307958e+00 -1.153888700533747258e-01 3.416852715748263519e-02 9.927376693084617454e-01 2.175839359530494121e+01
9.957200681391468189e-01 -9.390765298784862006e-03 9.198916648697830212e-02 -3.452769767493501618e+00 1.254937885322384566e-02 9.993558714137680266e-01 -3.381706074945468876e-02 4.453932148487766973e+00 -9.161200019619232526e-02 3.482672262877481439e-02 9.951906871005330446e-01 2.261569940069882989e+01
9.973930116593773265e-01 -5.329035325689810386e-03 7.202383316885646591e-02 -3.400215131093140553e+00 7.831395944406993256e-03 9.993805057230286115e-01 -3.450381405993790951e-02 4.414226269651190471e+00 -7.179511710127817192e-02 3.497789956225893365e-02 9.968110022903983181e-01 2.349684633241707132e+01
9.984663179147753587e-01 -2.418306275149080444e-03 5.538789396918489955e-02 -3.365913668631649092e+00 4.377623184578904002e-03 9.993745787336256736e-01 -3.527786489976719037e-02 4.370227914879025732e+00 -5.526781467752911459e-02 3.546621449117252911e-02 9.978465747894993410e-01 2.439763698941834846e+01
9.990757523042664845e-01 9.892335703119204716e-04 4.307340912225755131e-02 -3.336348097166818683e+00 5.723920598453499393e-04 9.993501447238677393e-01 -3.622431278933858217e-02 4.326326507578949432e+00 -4.308120009930976185e-02 3.621546979362174484e-02 9.984200627459240973e-01 2.532710839118784918e+01
9.994227219892711789e-01 3.645092152276237576e-03 3.390568628648371607e-02 -3.315499326002939728e+00 -2.416769200164443215e-03 9.993484722675383125e-01 -3.619434504531247876e-02 4.286609551089930470e+00 -3.401553075110329283e-02 3.609149103290046345e-02 9.987745107708181358e-01 2.627020245881767124e+01
9.996087628966585648e-01 5.619360799834373539e-03 2.755733435051778077e-02 -3.298843845886630266e+00 -4.639906302221379064e-03 9.993664642000144038e-01 -3.547368332287881287e-02 4.242739421121817678e+00 -2.773925663140925507e-02 3.533192764355459758e-02 9.989956792348679837e-01 2.725615992261263898e+01
9.997100439117470039e-01 7.602403299493083744e-03 2.303690201737236889e-02 -3.283100362205543465e+00 -6.822035789690017102e-03 9.994132958917164578e-01 -3.376040714942421528e-02 4.198942566538034882e+00 -2.328011517363134594e-02 3.359345610396968079e-02 9.991695046814843550e-01 2.824007999972187832e+01
9.997471817596579324e-01 8.673356717101888408e-03 2.095267556527249247e-02 -3.269373248748937311e+00 -7.977232625161496254e-03 9.994276345759613989e-01 -3.307580129129632229e-02 4.154088284412265963e+00 -2.122764249569054906e-02 3.290029476076399700e-02 9.992382811783588892e-01 2.926129400386423995e+01
9.997378915006676081e-01 9.470503648042263856e-03 2.105070605650873755e-02 -3.251631456121741426e+00 -8.749307934345593521e-03 9.993872280476315817e-01 -3.408606828443665887e-02 4.104295213200511050e+00 -2.136069971190358505e-02 3.389294764345508748e-02 9.992022709408061587e-01 3.031467728422685326e+01
9.997268968844994497e-01 1.115222295494236633e-02 2.074694620422003200e-02 -3.238218897216556869e+00 -1.043276394636489211e-02 9.993581482623323797e-01 -3.446289565973487817e-02 4.062884115856342682e+00 -2.111805020224745422e-02 3.423702649584937224e-02 9.991956992401511695e-01 3.135992447791873872e+01
9.997522584924634081e-01 9.226380646982354147e-03 2.046891247603708011e-02 -3.214961684562997579e+00 -8.545481450237601279e-03 9.994221165223172720e-01 -3.310061608781228459e-02 4.018115853244940361e+00 -2.076256686586320718e-02 3.291749667721210332e-02 9.992474917827197656e-01 3.245943494623346481e+01
9.997812736610965922e-01 7.543854977302820279e-03 1.972758281656317517e-02 -3.194871778190395695e+00 -6.954080172322665322e-03 9.995386445116994922e-01 -2.978897855890717816e-02 3.972259522337446835e+00 -1.994329352510756936e-02 2.964529236965944212e-02 9.993666083004836276e-01 3.355406352248819246e+01
9.997964348833597859e-01 7.044433477084454526e-03 1.913502619185434087e-02 -3.175257732524747301e+00 -6.555343427846103965e-03 9.996600452180490759e-01 -2.549649314933114669e-02 3.930254481084578977e+00 -1.930822106649159736e-02 2.536590783095167903e-02 9.994968564943975675e-01 3.469738317887683365e+01
9.998166262385353997e-01 7.736127995462226299e-03 1.776375481869095149e-02 -3.163368854354080550e+00 -7.333561151594693121e-03 9.997241095648136122e-01 -2.260916613695785476e-02 3.880515122315376875e+00 -1.793386176795584361e-02 2.247480703452804651e-02 9.995916482925284452e-01 3.582709784090690164e+01
9.998332231033542072e-01 7.883156524580528859e-03 1.673536094933536153e-02 -3.149779420229570359e+00 -7.527654838493631241e-03 9.997537085777616905e-01 -2.119234319223054636e-02 3.833202512738751899e+00 -1.689840521488862254e-02 2.106289700634786724e-02 9.996404376324510288e-01 3.697645258174934924e+01
9.998536577813069703e-01 7.746121398000849201e-03 1.553556839518466064e-02 -3.132818691052599913e+00 -7.441604190725394780e-03 9.997877112317438142e-01 -1.955551106427070446e-02 3.788377521579256335e+00 -1.568385859959725570e-02 1.943711418864930290e-02 9.996931656993129911e-01 3.814476246650267655e+01
9.998760987002488498e-01 8.301352200025672798e-03 1.369565595099886054e-02 -3.123757975422804645e+00 -8.051985703690570442e-03 9.998094201737032227e-01 -1.815363539871720291e-02 3.749028260638679999e+00 -1.384386502205056310e-02 1.804119042810420001e-02 9.997465047777551739e-01 3.927194521092599189e+01
9.999013201575975840e-01 7.752818863987133435e-03 1.208069593656981716e-02 -3.111618023338360572e+00 -7.552633796431912176e-03 9.998416817245768806e-01 -1.651781146599544739e-02 3.699971800689745294e+00 -1.220697286644578314e-02 1.642503245873242965e-02 9.997956889619731280e-01 4.044727836362073248e+01
9.999158742310021442e-01 8.396471638949354332e-03 1.031735668334874886e-02 -3.106827538660128951e+00 -8.243851931647686038e-03 9.998641023564913688e-01 -1.473390885501760922e-02 3.659711126378998980e+00 -1.043980695932953361e-02 1.464771480629893478e-02 9.998433219675395556e-01 4.158104592216665196e+01
9.999313713537251180e-01 8.501479245116917369e-03 8.583938657452666252e-03 -3.102047842238366826e+00 -8.378736724065140654e-03 9.998704329950919290e-01 -1.421934565952829958e-02 3.616768900383095175e+00 -8.703860238402388871e-03 1.414654941619424879e-02 9.998671579688921396e-01 4.274990006148074428e+01
9.999200031644227549e-01 1.087547505230260919e-02 7.100859109437530382e-03 -3.101599859314296381e+00 -1.074920786930122843e-02 9.997945618011362390e-01 -1.756618285411500752e-02 3.568881363498621617e+00 -7.290595224538083848e-03 1.748853148902560287e-02 9.998255929643061757e-01 4.387220000388824559e+01
9.998905402986085766e-01 1.409134605783019141e-02 5.390374998142525957e-03 -3.105921543066545887e+00 -1.397334029743092614e-02 9.996818102996916089e-01 -2.131457582842399834e-02 3.518665478980096850e+00 -5.689173373086082487e-03 2.123698101241026925e-02 9.997633936257054321e-01 4.501838072322637174e+01
9.998750880375073535e-01 1.554080360627408536e-02 4.123981050561458320e-03 -3.103825870267181930e+00 -1.545170208449614738e-02 9.996709845869475863e-01 -2.079558673760608864e-02 3.470359687659323900e+00 -4.445974947475149659e-03 2.072932901713201923e-02 9.997803502479147841e-01 4.618253221168538403e+01
9.999040072011178282e-01 1.395940806687331892e-02 2.415596408989137151e-03 -3.111491567183790163e+00 -1.391546667955156046e-02 9.997602760575170500e-01 -1.729299488518612482e-02 3.430159996113184118e+00 -2.656596944383907231e-03 1.725780310305922993e-02 9.998526549730796242e-01 4.730800449058572354e+01
9.999398237442449489e-01 1.123638990536995723e-02 1.681478968724728178e-03 -3.108510554090412992e+00 -1.120936045585681738e-02 9.998278132865185963e-01 -1.523163634361387499e-02 3.387742637273063462e+00 -1.852520965545584753e-03 1.521196658617635783e-02 9.998876863514667424e-01 4.847192951743019762e+01
9.999338714618644097e-01 1.185704163118824969e-02 6.334199156571457831e-04 -3.115619308889954198e+00 -1.184600705670394230e-02 9.998226344522658238e-01 -1.508914323952658711e-02 3.342565723286818891e+00 -8.124090405095765353e-04 1.508073896671766403e-02 9.998910610598287230e-01 4.959074510771701938e+01
9.999274559644945048e-01 1.240156955728043825e-02 1.656825160332753050e-04 -3.121214500731949837e+00 -1.239684202712246740e-02 9.997856756144838375e-01 -1.697767742138439964e-02 3.304375646820004953e+00 -3.763837632642938816e-04 1.697447866939955433e-02 9.998609668696247788e-01 5.072648227017241140e+01
9.999307225908402597e-01 1.213138949846201929e-02 3.550320042554002027e-04 -3.123471993378303502e+00 -1.212257329536061030e-02 9.997605233355214560e-01 -1.858122198141629391e-02 3.249738349777881563e+00 -5.805495693519798156e-04 1.857570698186250882e-02 9.998324049234603716e-01 5.186562933174982959e+01
9.999195199453492222e-01 1.301804623584950672e-02 4.911034003420003315e-04 -3.132038434789864656e+00 -1.300551646762195847e-02 9.997225164527501207e-01 -1.997697537552801592e-02 3.208542226158414667e+00 -7.512118286466439249e-04 1.996905065778553645e-02 9.998054339887602060e-01 5.298888269156530129e+01
9.999329472745368541e-01 1.191100888094362258e-02 9.941236176460165486e-04 -3.129528992818539912e+00 -1.188490790635218786e-02 9.996720340262824633e-01 -2.297634010839439203e-02 3.153890247682864967e+00 -1.267650515350926804e-03 2.296303597335029242e-02 9.997406326087504569e-01 5.412301136927637657e+01
9.999310743603124774e-01 1.209480600693906872e-02 5.739760930912180242e-04 -3.133446167272585736e+00 -1.207532755293700202e-02 9.995855002681780510e-01 -2.638876478271239695e-02 3.097714518776265802e+00 -8.930821860730477155e-04 2.638004527000846131e-02 9.996567123417808842e-01 5.523157768464879069e+01
9.999507932017070999e-01 1.032159029403644304e-02 8.043351659829298637e-04 -3.133576472830270632e+00 -1.029661613419119957e-02 9.996046288521637235e-01 -2.641822868791830758e-02 3.040660887131549472e+00 -1.076869376601600429e-03 2.640867691802933903e-02 9.996557755870367767e-01 5.635962733690104898e+01
9.999663884341645215e-01 8.705018783193942122e-03 4.657596774152899296e-04 -3.133307022811309572e+00 -8.692566926445917039e-03 9.997279027051162448e-01 -2.195264893225271421e-02 2.992204738393042796e+00 -6.569066636109194323e-04 2.194791934800511754e-02 9.997640248746537672e-01 5.747600701979470728e+01
9.999860933769473270e-01 6.032914396254311813e-03 4.430834257642204152e-04 -3.137153149195799351e+00 -6.025222114411666989e-03 9.998694395518690214e-01 -1.543268836251377070e-02 2.952595184946053219e+00 -5.363023552937151326e-04 1.542990039085485009e-02 9.998859335077007193e-01 5.859594807819419771e+01
9.999979360380327753e-01 3.534653038075040096e-03 6.466402552551791649e-04 -3.134927977403591193e+00 -3.527156362692045709e-03 9.999395049930647206e-01 -1.104165574494284791e-02 2.913858375070472739e+00 -6.857991614795373812e-04 1.103947520073178881e-02 9.999439533283619452e-01 5.971663427497374954e+01
1.000001818538502008e+00 2.201461228640951267e-03 5.502958009566662418e-04 -3.137443648830978482e+00 -2.193854091481870112e-03 9.999169928750770708e-01 -1.321262377174906542e-02 2.868203850351685791e+00 -5.795041926871629919e-04 1.321155111875187659e-02 9.999176833174061585e-01 6.081586131577874710e+01
1.000003658997919986e+00 -6.246989363871911219e-04 1.041565904870298855e-03 -3.129095792406537679e+00 6.428740504936068930e-04 9.998551530321372338e-01 -1.739680120196176322e-02 2.821567752231163961e+00 -1.030706314465069159e-03 1.739762201209040307e-02 9.998532486328323143e-01 6.193855430090888348e+01
1.000003913502987007e+00 5.727582423986355949e-04 8.000080564129211569e-04 -3.132729407795790788e+00 -5.549384346375839990e-04 9.997662866808594284e-01 -2.191929238204763999e-02 2.770082840550732506e+00 -8.125353583061873178e-04 2.191899438166143230e-02 9.997645504015688633e-01 6.303168965922729683e+01
9.999997218920839703e-01 2.866238157738465638e-03 1.067166260760885358e-03 -3.138635527720685214e+00 -2.836930394236227091e-03 9.996542359367148745e-01 -2.639611218331968170e-02 2.722605207751016110e+00 -1.142612346721406024e-03 2.639311001313469907e-02 9.996561194493366331e-01 6.413617422777478794e+01
9.999888732762473031e-01 5.339163887025949289e-03 1.596202652856115647e-03 -3.142181713156141587e+00 -5.291073464374773314e-03 9.995815678957645778e-01 -2.867213297463402227e-02 2.668921595744452091e+00 -1.748773908147138127e-03 2.866338731797380898e-02 9.995927226241816399e-01 6.524325602140822866e+01
9.999672453692820540e-01 8.287836703685651230e-03 2.372505885705585710e-03 -3.150248644218067273e+00 -8.221990582253872054e-03 9.996221188165332894e-01 -2.648441420567509974e-02 2.622166404552577657e+00 -2.591259443967401307e-03 2.646407215773661711e-02 9.996515383385370379e-01 6.633812352624906339e+01
9.999373583291748524e-01 1.106817333842254406e-02 3.403918955141440033e-03 -3.155382242265427184e+00 -1.098329739142501690e-02 9.996587297587928855e-01 -2.398334313384545627e-02 2.572409231134325847e+00 -3.668356248763374704e-03 2.394450110674189308e-02 9.997116908848386885e-01 6.744691744813933099e+01
9.999321108532037705e-01 1.156702502116986782e-02 3.285493619210201350e-03 -3.159899498554415764e+00 -1.149089742914568592e-02 9.996924339963657591e-01 -2.228036718079385095e-02 2.522049725959423228e+00 -3.542344490929805276e-03 2.224115946932467974e-02 9.997514930363892161e-01 6.852771110432267676e+01
9.999347254739228141e-01 1.135445912949857063e-02 3.231324835263354837e-03 -3.159235847323666579e+00 -1.128401879856129157e-02 9.997223856837014200e-01 -2.100581682999431293e-02 2.473627177320151027e+00 -3.469080788784395693e-03 2.096804884199596208e-02 9.997792615940748195e-01 6.963494395702279860e+01
9.999545269592661212e-01 9.634394825210338548e-03 2.637209747438090321e-03 -3.159286014999044934e+00 -9.578665553879097197e-03 9.997539136672585203e-01 -2.034195387125216012e-02 2.422827115182121016e+00 -2.832690500744052681e-03 2.031583788800838189e-02 9.997947330495708940e-01 7.071295758010408861e+01
9.999689586467531699e-01 8.198191567345405537e-03 1.926821733499453886e-03 -3.160645584519144791e+00 -8.159993543281224629e-03 9.997929423772965452e-01 -1.899814051611416893e-02 2.376623461116609715e+00 -2.082324752650879969e-03 1.898190726091054242e-02 9.998227927680179983e-01 7.179041402860750054e+01
9.999795294575180016e-01 6.864461320516468054e-03 1.633549115006691218e-03 -3.157840151929780514e+00 -6.834638270708562856e-03 9.998296003087092654e-01 -1.753589632203677098e-02 2.334372541080368624e+00 -1.753797927349763468e-03 1.752446235595176566e-02 9.998500305730679827e-01 7.288212839711776780e+01
9.999876880839732030e-01 5.723823602837547521e-03 8.447641677100392339e-04 -3.160153280805924947e+00 -5.707343688908309010e-03 9.998243460089786261e-01 -1.822520766118382665e-02 2.288632796651774992e+00 -9.490935808381708834e-04 1.822024889569356237e-02 9.998386826182736886e-01 7.395456254424883014e+01
9.999848250804209693e-01 6.241419308138707045e-03 5.008256174886685855e-04 -3.162647903997634735e+00 -6.228892901850545394e-03 9.997499671631293605e-01 -2.178684074683618146e-02 2.241197030876989515e+00 -6.368395382679059883e-04 2.178345562907618368e-02 9.997676470886611710e-01 7.503510079423045909e+01
9.999791046131385475e-01 7.116580720979243276e-03 -5.775325045075344624e-05 -3.168815069236574633e+00 -7.115757685936449466e-03 9.996877226628723134e-01 -2.423402356006914421e-02 2.194707124220903527e+00 -1.148892301624101987e-04 2.423397848684897757e-02 9.997114454054063515e-01 7.609524828338189195e+01
9.999696950281025121e-01 8.281466576267626847e-03 -9.446394600772539023e-04 -3.175189003533835042e+00 -8.301618144817068251e-03 9.996844681397512034e-01 -2.399000150965329217e-02 2.144944174037240359e+00 7.454998957303021583e-04 2.399716727908429714e-02 9.997168870109079952e-01 7.716480136199174922e+01
9.999637693675333949e-01 8.935270547079838394e-03 -1.219469319580050292e-03 -3.179627216432650449e+00 -8.958476086767161103e-03 9.997523306858834280e-01 -2.070020588509373372e-02 2.100989012576151893e+00 1.034033885349524987e-03 2.071045114563025910e-02 9.997901202786910746e-01 7.824078481414258590e+01
9.999615135609080108e-01 9.108003299918364382e-03 -1.698204156405515959e-03 -3.186855525294377323e+00 -9.134553365498364330e-03 9.998301040544532725e-01 -1.642579235872368773e-02 2.059205279316486781e+00 1.548137853648951867e-03 1.644076959118360298e-02 9.998687851592701348e-01 7.930157429425769067e+01
9.999529578227805970e-01 9.937323946014434833e-03 -2.049694136560616890e-03 -3.196625784130066705e+00 -9.965938595202809488e-03 9.998516028940727107e-01 -1.452375500416838196e-02 2.019581334589386934e+00 1.904887118744555494e-03 1.454360750994117789e-02 9.998975649368483376e-01 8.037386545834172580e+01
9.999264655245679867e-01 1.222077432097124633e-02 -2.567665441231643461e-03 -3.203486204616488475e+00 -1.226189842430509824e-02 9.997918781434566027e-01 -1.671352218264795381e-02 1.973213278520886016e+00 2.362702866258988964e-03 1.674387268180476188e-02 9.998621640463678517e-01 8.142678492483237562e+01
9.999178473186350891e-01 1.280059342305309329e-02 -3.052946755048575704e-03 -3.209645975817201347e+00 -1.285456253692554909e-02 9.997546565811298303e-01 -1.840892265337836300e-02 1.929367028048441846e+00 2.816374236240452942e-03 1.844673937749756812e-02 9.998310250468949167e-01 8.248309823953857745e+01
9.999218932330693477e-01 1.236487552829965662e-02 -3.493224393906745832e-03 -3.215082000929981199e+00 -1.242816438433366061e-02 9.997536374726495589e-01 -1.875406811814302188e-02 1.889553130923203428e+00 3.260290133457072539e-03 1.879610020549601218e-02 9.998231694024194427e-01 8.353841628831044375e+01
9.999271034507011269e-01 1.178014954949943571e-02 -3.988145906082447151e-03 -3.223132780754507820e+00 -1.185695415622488487e-02 9.997394546291012984e-01 -1.984816749136746397e-02 1.841974595723883112e+00 3.753106586722422793e-03 1.989408412522292169e-02 9.998001964834521971e-01 8.457475024985008361e+01
9.999329671603736092e-01 1.111082033846851926e-02 -4.416909344068276587e-03 -3.231186624690421283e+00 -1.119729702088181032e-02 9.997422242558242633e-01 -2.009051074556986172e-02 1.800859568306348857e+00 4.192360527480795164e-03 2.013869652525814707e-02 9.997935538592827021e-01 8.562282800678048034e+01
9.999430641728939140e-01 9.834861995755251121e-03 -5.103568829899249315e-03 -3.242537699307515897e+00 -9.929726449683911466e-03 9.997782022407903924e-01 -1.893341649264237286e-02 1.755343609615377165e+00 4.916037650207802367e-03 1.898309824110827951e-02 9.998128665349208521e-01 8.666679926573721104e+01
9.999471322729095446e-01 9.253480543505478162e-03 -5.386047837832771620e-03 -3.250340083687233594e+00 -9.344698253467970811e-03 9.998153590682644642e-01 -1.718889027792338403e-02 1.721455477449352678e+00 5.225805174802407825e-03 1.723840574340134574e-02 9.998429011008966860e-01 8.771494925356729766e+01
9.999474002276483864e-01 9.366990995661173686e-03 -5.135228728418949652e-03 -3.257930913024386310e+00 -9.454703660073400517e-03 9.998114378550587711e-01 -1.735626232042215486e-02 1.673030428825953209e+00 4.971497233688193865e-03 1.740399771700319037e-02 9.998413307575293452e-01 8.875997442686052352e+01
9.999471803727961738e-01 9.967375825098028636e-03 -3.900008970922806510e-03 -3.269075828184355270e+00 -1.003631597727225148e-02 9.997924257987103047e-01 -1.810879803805817354e-02 1.632917345796145669e+00 3.718525480610389462e-03 1.814707733513136814e-02 9.998335664326568617e-01 8.979786403774963333e+01
9.999507554796243092e-01 1.004891913533151847e-02 -2.535998878200110534e-03 -3.272381609160023075e+00 -1.009645463306829694e-02 9.997649506821723042e-01 -1.953610208616540084e-02 1.582683434141402667e+00 2.338919172556620969e-03 1.956083127592459642e-02 9.998110882724059456e-01 9.084111354523102477e+01
9.999589725316003763e-01 9.388688624900705035e-03 -1.683809983105534133e-03 -3.279398244678126684e+00 -9.419684644348343128e-03 9.997715191947259550e-01 -1.953807274405024511e-02 1.542887139696603738e+00 1.499827679925118829e-03 1.955321708515291024e-02 9.998128487993461766e-01 9.186556957677352386e+01
9.999640100778726115e-01 8.971281202834783045e-03 -6.522921034755551186e-04 -3.282334088842630671e+00 -8.981680759756893381e-03 9.997956921590219759e-01 -1.847874963133712758e-02 1.497731197292367922e+00 4.862251700725302378e-04 1.848403518166160872e-02 9.998341947259575813e-01 9.290752651768474379e+01
9.999596568688032816e-01 9.459253305752072030e-03 3.779094561240576352e-04 -3.286110596412993967e+00 -9.451131598822217275e-03 9.998109625741081752e-01 -1.738627185249204052e-02 1.455582891248623056e+00 -5.424511747107963952e-04 1.738209729066790554e-02 9.998539307951236355e-01 9.393519391457223833e+01
9.999426776136832729e-01 1.097831028518823568e-02 1.749303965619964426e-03 -3.288405267089862249e+00 -1.094837732707865455e-02 9.998151696946253608e-01 -1.622755255541880048e-02 1.416206225859106160e+00 -1.927277208989383768e-03 1.620757549498034675e-02 9.998719493837532335e-01 9.495596901651096289e+01
9.999321511492328396e-01 1.152234242427912711e-02 3.446357562716623017e-03 -3.288385792681721931e+00 -1.146761222887558544e-02 9.998214080496140577e-01 -1.546686409263737030e-02 1.380723940455798493e+00 -3.624093111527262791e-03 1.542640618643930338e-02 9.998795983828001610e-01 9.598675279367162716e+01
9.999215269669149420e-01 1.178944757975953876e-02 5.186325307983697883e-03 -3.288185677879055913e+00 -1.169146709113022889e-02 9.997670819647572760e-01 -1.851140804657601738e-02 1.332509142129356228e+00 -5.403482910214858596e-03 1.844941389863875500e-02 9.998203554968321249e-01 9.700414265136986103e+01
9.998952741399236288e-01 1.304141803558980101e-02 6.950654161548839964e-03 -3.284544729643176009e+00 -1.286500785543863781e-02 9.996156468934690453e-01 -2.483225224178408144e-02 1.284705993250364386e+00 -7.271946032364404178e-03 2.474028676314291020e-02 9.996726308266080663e-01 9.802247124503089992e+01
9.998804708105467620e-01 1.345408729924767524e-02 8.184230560196365661e-03 -3.285300360003950537e+00 -1.320148900193071802e-02 9.994647232941584747e-01 -3.015927319102088694e-02 1.232240166838361795e+00 -8.585723840610471821e-03 3.004764670053146000e-02 9.995167628375961622e-01 9.902481168247298626e+01
9.998717261723170102e-01 1.277048319157263710e-02 1.011944217068639837e-02 -3.272155493436094353e+00 -1.244887915690737375e-02 9.994418170214732777e-01 -3.121992685965800651e-02 1.183866892805723436e+00 -1.051257914880768599e-02 3.108996199010895939e-02 9.994664765590954847e-01 1.000415469577870340e+02
9.998345007426878706e-01 1.332787533684672183e-02 1.273959485629100503e-02 -3.265108680810055564e+00 -1.296638914083569731e-02 9.995295169107007993e-01 -2.803984779454606405e-02 1.135765795844901449e+00 -1.310739157239007406e-02 2.787005611647369249e-02 9.995307922420153535e-01 1.010462827554677432e+02
9.997724917607347939e-01 1.356206198061836454e-02 1.673302740038789399e-02 -3.254060997577509440e+00 -1.318956908294809799e-02 9.996740763187531575e-01 -2.216741416701506831e-02 1.088374672247764963e+00 -1.702826473004463714e-02 2.194174137766731827e-02 9.996194017640904761e-01 1.020772450417663180e+02
9.997196192715132046e-01 1.182436988776739556e-02 2.073225940823082009e-02 -3.234392894828045595e+00 -1.147778838282414830e-02 9.998006158101917507e-01 -1.675147398006052515e-02 1.050769168013106380e+00 -2.092623083409194187e-02 1.650892210175914851e-02 9.996498904967697774e-01 1.030887234614035179e+02
9.996813333536550550e-01 9.352097255109671423e-03 2.363764547158894724e-02 -3.212722491825696913e+00 -8.962049196367064680e-03 9.998297173164819585e-01 -1.654841644682520860e-02 1.008684193330312340e+00 -2.378839554497028802e-02 1.633140799735385146e-02 9.995887919805325206e-01 1.040823811094637961e+02
9.996371687683519580e-01 8.079547474188418857e-03 2.586940575987467517e-02 -3.186431417301647695e+00 -7.452664682488866973e-03 9.996853760488225715e-01 -2.423325472587326002e-02 9.568045538398725069e-01 -2.605706429248276501e-02 2.403172478842550280e-02 9.993767394826078565e-01 1.050870905593505711e+02
9.996039480825964496e-01 8.350283529529052562e-03 2.704062340860793889e-02 -3.163307524912586377e+00 -7.432159268560430652e-03 9.994053275660712554e-01 -3.387342071532555010e-02 9.019973521658850579e-01 -2.730739402122078080e-02 3.365903366226975779e-02 9.990654369223835873e-01 1.060646413808323416e+02
9.995918055874951635e-01 7.881232539479520252e-03 2.762401208404819883e-02 -3.137196879195947030e+00 -6.762590454681047768e-03 9.991694359635668876e-01 -4.035302617297809730e-02 8.480772309325508296e-01 -2.791909642339219372e-02 4.014970327294742347e-02 9.988087413194993713e-01 1.070491161858803366e+02
9.995679948115058222e-01 8.891914889343889225e-03 2.817334974153288055e-02 -3.114000715589796631e+00 -7.698033522923530825e-03 9.990863297279668487e-01 -4.220082853024567648e-02 7.866910203769307275e-01 -2.852284845733169330e-02 4.196566495491427934e-02 9.987170305840721296e-01 1.080531502373061983e+02
9.995408347751848499e-01 1.133686053130884483e-02 2.825914611275787830e-02 -3.093636227044867404e+00 -1.018603598692433172e-02 9.991329746410826385e-01 -4.053655335852505287e-02 7.279583995838315724e-01 -2.869419660047692333e-02 4.023004774125710920e-02 9.987835423046912409e-01 1.090434878669121304e+02
9.995289913145261051e-01 1.104045002381348443e-02 2.879048646356102692e-02 -3.064630451461262783e+00 -9.937877357895490496e-03 9.992291272722861883e-01 -3.815842164325172758e-02 6.699696934932724002e-01 -2.918957337294117785e-02 3.785430221911847276e-02 9.988620534431832398e-01 1.100580713047991424e+02
9.994883137521163308e-01 1.493803200498132477e-02 2.844224067167782505e-02 -3.047771293273205728e+00 -1.400338559853358048e-02 9.993713997548062666e-01 -3.277795411542159393e-02 6.187264189335922593e-01 -2.891400009690351172e-02 3.236289639718491207e-02 9.990630642426356900e-01 1.110684519747096033e+02
9.994910582173510694e-01 1.479043122577631923e-02 2.842293208874153987e-02 -3.019345309645503406e+00 -1.401955356993257219e-02 9.995404871463078322e-01 -2.712853721865808934e-02 5.756736781166795769e-01 -2.881111487053376191e-02 2.671629049402649003e-02 9.992329806121170721e-01 1.120952756475411434e+02
9.995419649569798892e-01 1.381417667463918399e-02 2.709293002446063262e-02 -2.996811300334680794e+00 -1.320064958901489595e-02 9.996622226721157967e-01 -2.269095908145651527e-02 5.220697907478948352e-01 -2.739724243473608267e-02 2.232298666038776136e-02 9.993805425320747560e-01 1.131245941169241007e+02
9.995809753103960249e-01 1.453884931349050218e-02 2.520905755353991876e-02 -2.976615068975982936e+00 -1.408906138265373850e-02 9.997469154159948079e-01 -1.792503590290112428e-02 4.873736171428079134e-01 -2.546330748974340655e-02 1.756244642080187143e-02 9.995266796480897220e-01 1.141749386007806777e+02
9.996281517485594570e-01 1.338348274347424607e-02 2.394677031543182219e-02 -2.952480591550592948e+00 -1.309612879304627477e-02 9.998477373346439379e-01 -1.211225784789669857e-02 4.581164847426886233e-01 -2.410525235715748130e-02 1.179427569231316676e-02 9.996450572589243855e-01 1.152301204142744098e+02
9.996977323081743805e-01 1.081944018742255452e-02 2.228000819856388107e-02 -2.930360200649108293e+00 -1.061730504883387147e-02 9.999084854446013138e-01 -9.165973899362172411e-03 4.260530957966408017e-01 -2.237717605078062139e-02 8.926799963433647983e-03 9.997149510494679481e-01 1.162804430029189717e+02
9.997345259445695742e-01 1.003781520430139552e-02 2.095556247519629947e-02 -2.909758071035622784e+00 -9.794825820612123451e-03 9.998909033258640555e-01 -1.166076406507500496e-02 3.980790288012512335e-01 -2.107037068448750286e-02 1.145254717106303569e-02 9.997176082652147189e-01 1.173488398058947126e+02
9.997908574097819079e-01 5.347246082793073556e-03 1.996664005275465212e-02 -2.887480796229152880e+00 -5.037546804882326971e-03 9.998736897305822158e-01 -1.552295917140426168e-02 3.644511115513751620e-01 -2.004717613770571130e-02 1.541924069975444088e-02 9.996853388619517666e-01 1.184186694326731129e+02
9.998026600938083597e-01 6.689046954852556105e-03 1.894515309287134880e-02 -2.873249385158593405e+00 -6.236955770206103512e-03 9.997037666656577448e-01 -2.381635205374327269e-02 3.251360799950834823e-01 -1.909890651410210347e-02 2.369355162168535964e-02 9.995420292304482146e-01 1.194918707922415990e+02
9.998088731228429449e-01 6.453013915761933797e-03 1.869754205271739050e-02 -2.853793501638358876e+00 -5.804192697694241475e-03 9.993932133315079902e-01 -3.454359982092034681e-02 2.727881642703877119e-01 -1.890916389738011433e-02 3.442846680449083985e-02 9.992334810552248037e-01 1.205797544047092487e+02
9.998172062172231422e-01 7.317283756310296455e-03 1.791745727579714675e-02 -2.839274396682954560e+00 -6.575631855847836361e-03 9.991402312595486501e-01 -4.110116840388415571e-02 2.014676713792681317e-01 -1.820286157898385465e-02 4.097578952044378386e-02 9.989995332897846358e-01 1.216656437548705583e+02
9.998382953380166027e-01 5.100202696144550719e-03 1.750415421623927048e-02 -2.819206934779875162e+00 -4.411211303615210182e-03 9.992296971823021456e-01 -3.917021710544752594e-02 1.584155315348543258e-01 -1.769050977180256293e-02 3.908663347537810057e-02 9.990844375474254857e-01 1.227971253857775622e+02
9.998582099647431720e-01 4.182350986698407484e-03 1.658590754698642186e-02 -2.808637040654904826e+00 -3.615581195774649186e-03 9.994205237053696012e-01 -3.404847008730409186e-02 1.023304302206785449e-01 -1.671876819924007079e-02 3.398367135650164766e-02 9.992877597984625160e-01 1.239068150367144057e+02
9.998780350705355202e-01 2.702078998536219540e-03 1.567287878514004446e-02 -2.789428794224586561e+00 -2.228481345220482447e-03 9.995498192768890178e-01 -3.014889381411951091e-02 5.004724613560176949e-02 -1.574736070067403113e-02 3.011031119279318491e-02 9.994277524636602239e-01 1.250434117354083554e+02
9.998905904174867354e-01 3.129772024045928726e-03 1.476617931418047411e-02 -2.777846277643737150e+00 -2.707037333389721891e-03 9.995954803061215532e-01 -2.855386317614797692e-02 -7.639955900104661302e-03 -1.484965688083123535e-02 2.851079759157721522e-02 9.994884061832801647e-01 1.261633456306232404e+02
9.999027444947506948e-01 5.078781914027354766e-03 1.333199009822872046e-02 -2.770549030584824379e+00 -4.668889938700598007e-03 9.995280292711554715e-01 -3.058924697824153341e-02 -6.629875423597066109e-02 -1.348114510818849976e-02 3.052404483938533225e-02 9.994483447502570117e-01 1.273055486387034563e+02
9.999075036516057446e-01 6.829427128861066676e-03 1.214010800589862375e-02 -2.760041344850580280e+00 -6.425036161184930275e-03 9.994404893296205961e-01 -3.303353291593995322e-02 -1.312877338584814146e-01 -1.235901264681783102e-02 3.295248023982896152e-02 9.993857323014062599e-01 1.284715064118335022e+02
9.999306611405807121e-01 6.249189679622773469e-03 1.042402595298640329e-02 -2.754670467622336805e+00 -5.929425065734303738e-03 9.995265581183122583e-01 -3.041869222004626311e-02 -1.789781070064649371e-01 -1.060928953309018749e-02 3.035479453364261712e-02 9.994881143305482940e-01 1.296128410185446853e+02
9.999556124885441433e-01 4.631957751093197101e-03 8.738584961267026677e-03 -2.747053037363238914e+00 -4.404388859919992384e-03 9.996625074720252302e-01 -2.587038117539820076e-02 -2.315750004220680225e-01 -8.855579225525381931e-03 2.583079425722215397e-02 9.996323396382745807e-01 1.307750079383373816e+02
9.999617849089665889e-01 6.062981714953295624e-03 6.979976444799205863e-03 -2.744416591313403320e+00 -5.893719839632274686e-03 9.997014016072307552e-01 -2.400380412490983606e-02 -2.877289633301469696e-01 -7.123552946551966157e-03 2.396180938010043782e-02 9.996927292699713252e-01 1.319196744674337367e+02
9.999753197332115207e-01 5.352975140322244543e-03 5.455410012497312160e-03 -2.741960708962138504e+00 -5.224208674158222453e-03 9.997210934510125657e-01 -2.332937024100993281e-02 -3.379982639996354510e-01 -5.578907873706307960e-03 2.330035998588452992e-02 9.997181785856880110e-01 1.330631237993641491e+02
9.999827057983077250e-01 5.374100697536751160e-03 3.842372606953484149e-03 -2.739145563123212668e+00 -5.281421608160893726e-03 9.997119144542332414e-01 -2.370694341811698663e-02 -3.892040463772432068e-01 -3.968818259181206703e-03 2.368630356510521839e-02 9.997168010434555052e-01 1.342234918673266861e+02
9.999885498717782095e-01 5.259941929824344872e-03 2.071362653513590234e-03 -2.740493168175282879e+00 -5.208562797499978296e-03 9.997048182761385515e-01 -2.402030058836728335e-02 -4.417325137557137626e-01 -2.197258195686095043e-03 2.400929810069725098e-02 9.997145607329971373e-01 1.353568790360617129e+02
9.999844598147377139e-01 6.296399844882934714e-03 7.065401866715052609e-04 -2.742177652652533215e+00 -6.277755743966575291e-03 9.997058733481156700e-01 -2.371899375344660790e-02 -4.977018014166900706e-01 -8.558456986234436441e-04 2.371425348114121825e-02 9.997236515256401335e-01 1.365063962470941021e+02
9.999848430062937554e-01 6.270911363879087125e-03 -2.348210064277119261e-04 -2.747850142998074396e+00 -6.274423226515429136e-03 9.997489794570453281e-01 -2.182783401125125075e-02 -5.428126581609986623e-01 9.770900565743625293e-05 2.182905127199138637e-02 9.997669587037241179e-01 1.376363819672070861e+02
9.999765531499233973e-01 7.473569327419973297e-03 -3.359913437229829127e-04 -2.749904857055219143e+00 -7.478948246882444195e-03 9.997479949013162726e-01 -2.149105336412564932e-02 -5.940762661036244063e-01 1.751213122840135144e-04 2.149314117757134338e-02 9.997742270371066109e-01 1.387824527888984107e+02
9.999767254066179722e-01 7.444474333409545168e-03 -4.515099172484813282e-04 -2.758634166055637937e+00 -7.452838737854792714e-03 9.997092950952507495e-01 -2.323006201771822196e-02 -6.474049916553252793e-01 2.782712392759078093e-04 2.323295404024428371e-02 9.997352870321775109e-01 1.399026054903629870e+02
9.999671882210564577e-01 8.636653891833261099e-03 -3.265797079924171527e-04 -2.760768778023090508e+00 -8.642126349063892349e-03 9.996279921106459021e-01 -2.613518221325905611e-02 -7.076815874122397432e-01 1.005672657771441769e-04 2.613719645912205430e-02 9.996636082043856009e-01 1.410365156299225475e+02
9.999837699567775129e-01 6.401618215335030601e-03 -7.505335203372013372e-04 -2.765325681814863934e+00 -6.418440557329684222e-03 9.996662574818201419e-01 -2.529905591168363915e-02 -7.574614226297862185e-01 5.881557526406921022e-04 2.530351810623680808e-02 9.996848898059018662e-01 1.421761229318800304e+02
9.999886813651158723e-01 5.248150593325490339e-03 -2.044128005416602587e-03 -2.770522182361559338e+00 -5.289837929821457167e-03 9.997721136712502954e-01 -2.101441881221819893e-02 -8.086095471226156794e-01 1.933194816498682092e-03 2.102507658357377282e-02 9.997823284048233949e-01 1.433058148623812542e+02
9.999953507271951425e-01 2.230850549184484281e-03 -3.661655001662550077e-03 -2.772695361225419930e+00 -2.291098689134382464e-03 9.998670524524546632e-01 -1.656799681381221356e-02 -8.520850209588615165e-01 3.624018142089984861e-03 1.657641994829292184e-02 9.998612831654065669e-01 1.444326073024273853e+02
9.999853143619049645e-01 3.131454216178162706e-03 -5.353508954573295286e-03 -2.784860598730932502e+00 -3.216989528080189346e-03 9.998726695791964048e-01 -1.606782224718072971e-02 -8.963032881933915563e-01 5.302312258979665835e-03 1.608492109375989770e-02 9.998618193794843734e-01 1.455412673142754727e+02
9.999768828196067272e-01 3.552107533198254740e-03 -6.535470874072096641e-03 -2.796699590410866687e+00 -3.666313500231417957e-03 9.998459275268770652e-01 -1.756597873811611976e-02 -9.403860811616573390e-01 6.471862532065738791e-03 1.758963645681144855e-02 9.998295960556531359e-01 1.466555652658652491e+02
9.999619612052149664e-01 5.261644558877999651e-03 -7.582273423432237675e-03 -2.809128560828641596e+00 -5.421019698164001449e-03 9.997681215511735608e-01 -2.117084636641353504e-02 -9.913725836328911578e-01 7.468912054259467005e-03 2.121122356032279985e-02 9.997523705637982872e-01 1.477576579572257174e+02
9.999533736617238766e-01 6.516852806424965928e-03 -7.738493928726469795e-03 -2.821857559768975676e+00 -6.699503014025751796e-03 9.997004810251971518e-01 -2.383193389763835907e-02 -1.044546482545787747e+00 7.580659693946603314e-03 2.388272932587328160e-02 9.996912802765948181e-01 1.488532649306641247e+02
9.999625296390599605e-01 6.367276792457324426e-03 -6.595608304512214255e-03 -2.831699962942679782e+00 -6.520576881159281975e-03 9.997093646057373384e-01 -2.350672332070192702e-02 -1.089604625417365025e+00 6.443818161367209987e-03 2.354891378946668418e-02 9.997071749129441409e-01 1.499483645091414132e+02
9.999737714934934241e-01 5.840617101423993540e-03 -5.239500710229139623e-03 -2.841810425134978946e+00 -5.954315321918287121e-03 9.997476794315373061e-01 -2.197790439147849495e-02 -1.142738230098739649e+00 5.109626510833027713e-03 2.200859766805688539e-02 9.997499834496326176e-01 1.510258464222901864e+02
9.999861444077092765e-01 4.764511207782365018e-03 -3.758698271591714817e-03 -2.848374745884152848e+00 -4.841303025279622939e-03 9.997803906205215974e-01 -2.072793969525448324e-02 -1.192984655209848865e+00 3.658940728952440359e-03 2.074592717226746152e-02 9.997833458548501806e-01 1.520955563351056412e+02
9.999901116923002320e-01 4.881150702476405936e-03 -2.252583716402074658e-03 -2.856216998582002287e+00 -4.927187764373181476e-03 9.997750313499217389e-01 -2.096486153502867891e-02 -1.241968751636566504e+00 2.149580647560715447e-03 2.097583020192751724e-02 9.997829361917240920e-01 1.531533096235168898e+02
9.999891193371475140e-01 5.492871864856860471e-03 -8.475562642736879631e-04 -2.861599146748245559e+00 -5.509719696391638527e-03 9.997600762489887716e-01 -2.152566355604763546e-02 -1.290339631017366706e+00 7.289614223203733090e-04 2.153017386703622721e-02 9.997731975022911000e-01 1.542105997411940734e+02
9.999883131837234984e-01 5.622562885888948356e-03 9.448808223826093240e-04 -2.861963538528479400e+00 -5.601311493701372629e-03 9.997698761576374604e-01 -2.104150171558530347e-02 -1.336584219729047174e+00 -1.063113479181359384e-03 2.103604163305408323e-02 9.997834198534568673e-01 1.552622584785936510e+02
9.999816694356588043e-01 6.338444555455063391e-03 2.371461233202902790e-03 -2.869114206611714124e+00 -6.288754861655603337e-03 9.997800183109603056e-01 -2.035432455817074229e-02 -1.382057395204466355e+00 -2.500090484040847286e-03 2.033911966279624770e-02 9.997952804910790192e-01 1.563000155258945369e+02
9.999740678567318186e-01 6.812037338875641911e-03 3.822533025813735618e-03 -2.868768603923275151e+00 -6.733096460096757614e-03 9.997789190853104691e-01 -2.026636429261654757e-02 -1.425014030883653193e+00 -3.959865720650484512e-03 2.024018426954856537e-02 9.997925734856389912e-01 1.573438607170483579e+02
9.999502306820461373e-01 9.057557152507831819e-03 5.162776797548805641e-03 -2.871888421395710100e+00 -8.938469551878500466e-03 9.997111828567697422e-01 -2.261879763395387502e-02 -1.472103154684116344e+00 -5.366267015143736177e-03 2.257159281980067322e-02 9.997360976424782830e-01 1.583824541685814609e+02
9.999497498307458043e-01 8.150965048584349684e-03 6.574409022949658475e-03 -2.868007865710276771e+00 -7.987321025904202745e-03 9.996742458354688221e-01 -2.452684998454974369e-02 -1.519919232007145293e+00 -6.772287140212605513e-03 2.447316187771263196e-02 9.996828193873388280e-01 1.594076346254093153e+02
9.999281905652834812e-01 9.039818361441576133e-03 8.429770971607897928e-03 -2.862840065612732410e+00 -8.819896778983357666e-03 9.996363022149050703e-01 -2.575726458954507442e-02 -1.575630636239460758e+00 -8.659635188477220538e-03 2.568111492392648534e-02 9.996379508545051307e-01 1.604428655599770650e+02
9.998816090648621202e-01 1.188753668032959884e-02 1.022876501972006663e-02 -2.859803449640081041e+00 -1.159349724977668493e-02 9.995383695965291970e-01 -2.833037458531490957e-02 -1.614130449721499216e+00 -1.056089855882804719e-02 2.820846676240633399e-02 9.995515452466622319e-01 1.614509737240972242e+02
9.998896630269048513e-01 9.627537213565899588e-03 1.171121205941670282e-02 -2.847788128042616052e+00 -9.257535289608398790e-03 9.994760809860000483e-01 -3.123843952089381051e-02 -1.681538936366555825e+00 -1.200589334001660180e-02 3.112659056108936159e-02 9.994486158647003515e-01 1.624736750913142487e+02
9.998906216730386598e-01 6.453651380700945947e-03 1.364848744102022809e-02 -2.828747827674895632e+00 -6.035602240877872490e-03 9.995252645307253214e-01 -3.044342200002242080e-02 -1.727102161089862031e+00 -1.383853283360454017e-02 3.035773567913841592e-02 9.994485706143418913e-01 1.634823707973752960e+02
9.998729733133765452e-01 5.082181894088249469e-03 1.540764781089820797e-02 -2.815891517214065054e+00 -4.648638365581343052e-03 9.996030830867336237e-01 -2.803664806794156292e-02 -1.783564340041425167e+00 -1.554406093144357175e-02 2.796149822622665329e-02 9.994934123206846710e-01 1.644979809427312887e+02
9.998616242780249408e-01 5.212489122962075255e-03 1.608589917312184744e-02 -2.805542682706013480e+00 -4.779092005102112718e-03 9.996348641762532461e-01 -2.685691551646192041e-02 -1.826721205265388948e+00 -1.622005685906222072e-02 2.677636547088598287e-02 9.995151235270463008e-01 1.654954948784454984e+02
9.998170770502557980e-01 9.142694351563097899e-03 1.707106495245810235e-02 -2.795060952254968534e+00 -8.605453774441359019e-03 9.994807175780735520e-01 -3.127685007994875782e-02 -1.888305650498649291e+00 -1.734818641188422619e-02 3.112423854918422439e-02 9.993702363370774444e-01 1.665106752164928139e+02
9.997065779109901573e-01 1.606157851023526720e-02 1.838443043096443449e-02 -2.789069871573474746e+00 -1.535390208822710358e-02 9.991666806349682739e-01 -3.800273536924990425e-02 -1.942396041805800166e+00 -1.897951550322319464e-02 3.770928328236278909e-02 9.991137749349772168e-01 1.675189145763717420e+02
9.995943274285428171e-01 2.221430756968978751e-02 1.808070121428809185e-02 -2.789567167777154744e+00 -2.146088317651995148e-02 9.989420409237078635e-01 -4.084407354673579016e-02 -1.995516088206446881e+00 -1.896891792109486191e-02 4.043942968248493558e-02 9.990071971745672075e-01 1.685189168810353237e+02
9.995586026826875914e-01 2.439230449059458586e-02 1.722852915725092346e-02 -2.778671354870228427e+00 -2.370290164798313434e-02 9.989595297729173540e-01 -3.914128131939307448e-02 -2.046247694461192257e+00 -1.816537747477307840e-02 3.871560238017235367e-02 9.990904209848532336e-01 1.695460727142709061e+02
9.995645976893291484e-01 2.567278796576937319e-02 1.485707331594235577e-02 -2.769655896298516051e+00 -2.509479894551142759e-02 9.989749833793877265e-01 -3.785820832560456151e-02 -2.114138087879317673e+00 -1.581381360142447567e-02 3.746886195216502652e-02 9.991779414962138617e-01 1.705582697152261176e+02
9.996270337219455016e-01 2.454912693893103459e-02 1.234307756729011163e-02 -2.763050444823873519e+00 -2.407594402312782100e-02 9.990278140499656567e-01 -3.711864395317996529e-02 -2.162204887271947484e+00 -1.324236698455613648e-02 3.680760706180694064e-02 9.992399068679344021e-01 1.715820563033370831e+02
9.997984106143367189e-01 1.737293103883627565e-02 1.051400378577234049e-02 -2.748506534693178960e+00 -1.699033025264519783e-02 9.992344775519690359e-01 -3.543744732257549102e-02 -2.229648780233186578e+00 -1.112167816237636525e-02 3.525165715325768306e-02 9.993218604691976870e-01 1.726122926556190293e+02
9.998749687417344267e-01 1.347539375538485233e-02 8.814317327183176717e-03 -2.733554686096625552e+00 -1.318683959457101797e-02 9.994077908121806741e-01 -3.200325840961234375e-02 -2.283703652124028149e+00 -9.240432338575417515e-03 3.188303740985846957e-02 9.994541713805341621e-01 1.736414610727172771e+02
9.999042033974199217e-01 1.222892233426294342e-02 7.160283902544524286e-03 -2.731529177110551210e+00 -1.203989142622916182e-02 9.996001205181839211e-01 -2.585892587699980052e-02 -2.328592156563233040e+00 -7.473739104549164541e-03 2.577029248131426295e-02 9.996452369208230770e-01 1.746920174887932546e+02
9.999599367578340114e-01 7.942646069038843473e-03 5.125602471589724672e-03 -2.721675578109515214e+00 -7.854096258260665972e-03 9.998308371621879020e-01 -1.704868962782068662e-02 -2.364530045686667137e+00 -5.260251318882187659e-03 1.700785919725418191e-02 9.998468034468421806e-01 1.757391121613707412e+02
9.999964534972194397e-01 2.137800428284614401e-03 3.429669885602936678e-03 -2.717746791749886981e+00 -2.098523887634845108e-03 9.999401020974126864e-01 -1.137735375784023305e-02 -2.407196744494235041e+00 -3.453899450281364136e-03 1.137026259618901386e-02 9.999346761292514651e-01 1.767921075528340964e+02
1.000001912013496197e+00 1.479387556115586120e-04 2.323034862882020473e-03 -2.711146504539302171e+00 -1.166112816548368355e-04 9.999169365075186722e-01 -1.342272774368549748e-02 -2.444891783883115011e+00 -2.324943802315120479e-03 1.342261706389807907e-02 9.999124975030151408e-01 1.778573699490439424e+02
1.000001213860464144e+00 2.605279194479725568e-03 1.742794631549960749e-04 -2.720796551645712658e+00 -2.601168669548016912e-03 9.998056962742760678e-01 -1.989652165915092863e-02 -2.478472541512150684e+00 -2.262096403697793680e-04 1.989618550692018664e-02 9.998073150002829701e-01 1.789040118925450429e+02
1.000001119921450687e+00 2.503602116400772872e-03 -8.595905357427939064e-04 -2.721004796559675754e+00 -2.525306784161634663e-03 9.996549611773966060e-01 -2.641312016124509540e-02 -2.531885312689133638e+00 7.930329099440819362e-04 2.641537199747643130e-02 9.996560300276725597e-01 1.799699918381506620e+02
9.999950112205294728e-01 4.232389871369305299e-03 -1.147060471092904146e-03 -2.728386138355847201e+00 -4.264993115739313875e-03 9.995414445465417019e-01 -3.021239268175011233e-02 -2.573479059067237174e+00 1.018532059287597345e-03 3.021716183253352062e-02 9.995481315877109418e-01 1.810318036483783430e+02
9.999926161799168600e-01 4.885693426733354362e-03 3.879939389607424882e-04 -2.728238650466274340e+00 -4.870266840903705007e-03 9.994600097701584751e-01 -3.271160405741081051e-02 -2.631974392447252953e+00 -5.477245474756896500e-04 3.270948516650057369e-02 9.994700455738377842e-01 1.821203584341758415e+02
9.999671503221461144e-01 8.564087448240022965e-03 1.270892709994662700e-03 -2.741216847209560381e+00 -8.516708567698422563e-03 9.994117741883179473e-01 -3.343140329933124572e-02 -2.676908925578155074e+00 -1.556572206211440058e-03 3.341948988368305395e-02 9.994454953924127860e-01 1.831998973759490070e+02
9.999914749765315136e-01 4.638030421782269284e-03 2.191834969380507866e-03 -2.737048619989626008e+00 -4.559257126637841426e-03 9.993971675104612595e-01 -3.462090594071409733e-02 -2.733196927842027169e+00 -2.351198030353753021e-03 3.461061833680378202e-02 9.994034023092471797e-01 1.842867873521432500e+02
9.999923741438184743e-01 4.529126713509638164e-03 2.001377939168142925e-03 -2.734555732852046450e+00 -4.453865897853331174e-03 9.993461711773230505e-01 -3.607620996950718778e-02 -2.800650660269076386e+00 -2.163573467178172248e-03 3.606701286891298569e-02 9.993523301849979168e-01 1.853935012345112909e+02
9.999864679683123647e-01 5.550323284423653268e-03 2.350847847499750159e-03 -2.738259327993773251e+00 -5.460556545288164539e-03 9.993235005895237943e-01 -3.656266854935038418e-02 -2.851956817551014378e+00 -2.552302655538059815e-03 3.654932610490135153e-02 9.993338917161146417e-01 1.864824408289208577e+02
9.999887356475651856e-01 4.813439564074165934e-03 2.938360522644589603e-03 -2.737256727199964157e+00 -4.704748288288837163e-03 9.993513485628625626e-01 -3.590070725228322601e-02 -2.918158644787978151e+00 -3.109363666093907432e-03 3.588647144853844562e-02 9.993563378357261939e-01 1.876142325912833542e+02
9.999629863465203661e-01 8.447713829988528350e-03 3.455532341411686990e-03 -2.743485575707284685e+00 -8.321569721253065099e-03 9.993600455029284513e-01 -3.499099616744572733e-02 -2.971314766911004490e+00 -3.749017235724086405e-03 3.496094419512496554e-02 9.993869500130122541e-01 1.887205370721786437e+02
9.999355132739372598e-01 1.085087621988914050e-02 4.528659688188474940e-03 -2.751508848620059844e+00 -1.069202324785541343e-02 9.993812778538108121e-01 -3.371741739358225659e-02 -3.031594661460903062e+00 -4.891818133699686773e-03 3.366682959038416051e-02 9.994264428115082755e-01 1.898424282417620361e+02
9.999365566368493274e-01 1.042792226121103116e-02 5.236774818888285769e-03 -2.745181356340862244e+00 -1.025919811615260725e-02 9.994658872813781958e-01 -3.125407389052314855e-02 -3.087821256825679761e+00 -5.559983086371006814e-03 3.119838843530169797e-02 9.995030523645023202e-01 1.909769721831519860e+02
9.999735605539613603e-01 5.260001891184186602e-03 5.873606378588847737e-03 -2.739604631927494260e+00 -5.073713871011035527e-03 9.995050766356523564e-01 -3.127288506965367892e-02 -3.146643892130259967e+00 -6.035280799303347106e-03 3.124227978717292534e-02 9.994989244154660613e-01 1.921009020074255886e+02
9.999741242160720134e-01 4.461948408569420786e-03 6.413472052298671393e-03 -2.733537358076848278e+00 -4.228095237561330273e-03 9.993496842880376096e-01 -3.600651825594961691e-02 -3.215083654607554742e+00 -6.570041251988898053e-03 3.597846204744151177e-02 9.993362752236625290e-01 1.932362557299144896e+02
9.999461344028391929e-01 8.279468537626556018e-03 6.962064720900781357e-03 -2.730111639129101597e+00 -7.994434578176468423e-03 9.991746915145727215e-01 -4.000205793903998525e-02 -3.285578673743306144e+00 -7.287590517356425969e-03 3.994421158679804795e-02 9.991806435257030161e-01 1.943383203452322618e+02
9.999679130205672006e-01 4.192390117850731610e-03 7.476127862205867412e-03 -2.719946994156039022e+00 -3.906692270992887656e-03 9.992843040739153304e-01 -3.781218793498906938e-02 -3.341771813462215412e+00 -7.629372167076349867e-03 3.778174865779658498e-02 9.992621978315708864e-01 1.954687136359197268e+02
9.999428692812638575e-01 7.832417015939912089e-03 7.887396737484566114e-03 -2.721119061817203644e+00 -7.565307914544685056e-03 9.994228477058263449e-01 -3.332999498901566965e-02 -3.396620468863073228e+00 -8.143970993862739011e-03 3.326842924951110836e-02 9.994185801086623577e-01 1.965793391438695892e+02
9.999116186825143249e-01 1.021308531836531350e-02 9.041739027398713532e-03 -2.721967380450123652e+00 -9.927482752835090768e-03 9.994748024936401798e-01 -3.107607322942205000e-02 -3.455824740512211779e+00 -9.354440382227564160e-03 3.098358857055416582e-02 9.994814276213750404e-01 1.976940919154010885e+02
9.998672358120324066e-01 1.310258479738721574e-02 1.015599703614310928e-02 -2.717255383108390987e+00 -1.276740360156198607e-02 9.994010305714297049e-01 -3.238427481955698239e-02 -3.520142828615829611e+00 -1.057428689566774181e-02 3.225032578339438044e-02 9.994291959743961673e-01 1.988172192192356817e+02
9.998649405033848137e-01 1.339538365914570012e-02 9.998902940251193361e-03 -2.714839162898185165e+00 -1.307286463705330422e-02 9.994208349721240836e-01 -3.164276323835939903e-02 -3.585123178394593157e+00 -1.041703515625257322e-02 3.150779705142078141e-02 9.994545319521824789e-01 1.999259813714635072e+02
9.998780303164017669e-01 1.233827184804722581e-02 1.005025894608033155e-02 -2.704239127435326573e+00 -1.202210259237884368e-02 9.994565188029934655e-01 -3.092423507653553616e-02 -3.628613413692604261e+00 -1.042640386706087524e-02 3.079966476773064038e-02 9.994765071102713616e-01 2.010342770700911217e+02
9.998879546412905439e-01 1.227306685386844905e-02 9.098016256909596464e-03 -2.697501275858095404e+00 -1.198604372190623275e-02 9.994562422165692572e-01 -3.094726335058520239e-02 -3.705477654623269501e+00 -9.472949342822415894e-03 3.083477602166853973e-02 9.994849169291045721e-01 2.021230237102139995e+02
9.998774720221880186e-01 1.311453270358086884e-02 9.076025325548315453e-03 -2.698573302754580183e+00 -1.282810684472055797e-02 9.994467154863557745e-01 -3.091737820336946246e-02 -3.751757827381060117e+00 -9.476532779441692797e-03 3.079719119065125327e-02 9.994860434573045183e-01 2.032203038993652910e+02
9.998682724837834046e-01 1.370100588063802305e-02 9.221955026833004998e-03 -2.691797489032963675e+00 -1.342925113711486602e-02 9.994991510379697131e-01 -2.890132009713139785e-02 -3.817670086589249667e+00 -9.613374954315296109e-03 2.877371154708040571e-02 9.995450372913621262e-01 2.043111358344237374e+02
9.998590774905763423e-01 1.420676729720402737e-02 9.450933848940898385e-03 -2.687206538413348778e+00 -1.396748424124072928e-02 9.995992156732543821e-01 -2.490995723195765441e-02 -3.859935656079363842e+00 -9.801098527684379974e-03 2.477450955665176646e-02 9.996503333094323152e-01 2.053808003101330826e+02
9.998514690499606949e-01 1.396954346383168927e-02 1.054627646439730039e-02 -2.681494725932401568e+00 -1.372582767850339010e-02 9.996522551936327661e-01 -2.282901268854469964e-02 -3.917561791508326507e+00 -1.086157411637204799e-02 2.268094617226572643e-02 9.996890659289574543e-01 2.064538168276597503e+02
9.998391140844231639e-01 1.425444895767745065e-02 1.130890417577962853e-02 -2.677106888692834197e+00 -1.400157229467080891e-02 9.996642629499717936e-01 -2.212503429803156646e-02 -3.964480822860550813e+00 -1.162053878984091633e-02 2.196321679944310268e-02 9.996965607634923368e-01 2.074963933272178167e+02
9.998611531905409189e-01 1.106458230792623995e-02 1.282943427339151149e-02 -2.663997545504365405e+00 -1.079646877392241404e-02 9.997329978890251434e-01 -2.077448831440065896e-02 -4.020739131169596803e+00 -1.305591156465713693e-02 2.063318523109371194e-02 9.997071813164233323e-01 2.085330733107438732e+02
9.998508130783506642e-01 1.114036050854923243e-02 1.354962349781917152e-02 -2.657603707059267073e+00 -1.083220307115198740e-02 9.996930138696487056e-01 -2.259990835331739459e-02 -4.061108087681246204e+00 -1.379727305932015521e-02 2.244984630418480828e-02 9.996580787853760475e-01 2.095431652502345514e+02
9.998358464977045168e-01 1.101205655392302474e-02 1.470934992931223831e-02 -2.645630719894962457e+00 -1.060815880188097603e-02 9.995793907721297611e-01 -2.725299319670653267e-02 -4.119116940509363722e+00 -1.500330566463633879e-02 2.709253241314274821e-02 9.995256531253131627e-01 2.105381862596147755e+02
9.997397486042790549e-01 1.653585080927297279e-02 1.601134329801427378e-02 -2.637597710117214334e+00 -1.602223931786475597e-02 9.993765575680236823e-01 -3.168616775401001534e-02 -4.173989432828894230e+00 -1.652534041185639221e-02 3.142140751051274855e-02 9.993749267268716707e-01 2.115327763623982378e+02
9.997373218114776749e-01 1.550322729846762872e-02 1.715530259876613464e-02 -2.627312725373517566e+00 -1.497282899394162571e-02 9.994260609301923726e-01 -3.062023817607416321e-02 -4.220725388243320886e+00 -1.762018002880651885e-02 3.035536216202104620e-02 9.993891730475497059e-01 2.125028110644124126e+02
9.997765326279349773e-01 1.323933744438392061e-02 1.676236168291841966e-02 -2.620228441088179760e+00 -1.277058970755498048e-02 9.995400694096757688e-01 -2.776336007996523317e-02 -4.262080415089601892e+00 -1.712223160582615478e-02 2.754314125842850791e-02 9.994792870330656553e-01 2.134796917959224913e+02
9.997821048859903970e-01 1.313640048993458369e-02 1.650937751411525253e-02 -2.608384139711665384e+00 -1.266361288041301450e-02 9.995230611657915931e-01 -2.841707124382419555e-02 -4.323810715449776687e+00 -1.687481454338939785e-02 2.820186102324160130e-02 9.994651280425650430e-01 2.144169553960606152e+02
9.998063243467677497e-01 1.154149506667826418e-02 1.623279474127460598e-02 -2.592989825718122088e+00 -1.103390138091734154e-02 9.994652163996790017e-01 -3.101284629653985186e-02 -4.376340324233832568e+00 -1.658206684325452471e-02 3.082776128854769135e-02 9.993924815396589834e-01 2.153561077965391632e+02
9.997818469781014628e-01 1.355251973624575432e-02 1.618607970076529207e-02 -2.579770881137137817e+00 -1.302189049528847294e-02 9.993958450893223322e-01 -3.244446273129730079e-02 -4.427047705734881156e+00 -1.661602362033338595e-02 3.222663442117565391e-02 9.993477871937573864e-01 2.163076597403787957e+02
9.997707904945583035e-01 1.360620740897334341e-02 1.681199334668662115e-02 -2.568392296047200762e+00 -1.306104747761454264e-02 9.994059410904928553e-01 -3.211616543706064669e-02 -4.476461553123531445e+00 -1.723900251050871496e-02 3.188924743958929803e-02 9.993480590257253215e-01 2.172354712011018023e+02
9.998038502571918729e-01 1.022784439841768755e-02 1.723554262905122036e-02 -2.548387792683078690e+00 -9.696299901358876663e-03 9.994905867521324261e-01 -3.064032240407880275e-02 -4.527489008756714561e+00 -1.754016019849498689e-02 3.046722651927022407e-02 9.993871829964714459e-01 2.181849823513195474e+02
9.997961779736015409e-01 9.304954659579598233e-03 1.817799117376646401e-02 -2.534805092963881901e+00 -8.748231891868823995e-03 9.995047479828496062e-01 -3.046332629998270425e-02 -4.576574449130996314e+00 -1.845245274546767830e-02 3.029812540013296016e-02 9.993758979351052840e-01 2.190924515577662817e+02
9.997985211037052622e-01 5.078631275798861297e-03 1.966095988014236046e-02 -2.519748854411060446e+00 -4.474635042113971409e-03 9.995276953039194945e-01 -3.063756933320799930e-02 -4.626338353150485361e+00 -1.980726589637549565e-02 3.054345377121265095e-02 9.993424961413310825e-01 2.200345515994602295e+02
9.997798424257167138e-01 4.671464613787972009e-03 2.068519410797738101e-02 -2.501122674210249475e+00 -4.026831758821401361e-03 9.995156032178741379e-01 -3.109091067431367719e-02 -4.675242604189605800e+00 -2.082040228739305554e-02 3.100079999384213955e-02 9.993078185775672306e-01 2.209501167588223041e+02
9.997555640091405627e-01 1.121372583611673999e-03 2.229345580243394243e-02 -2.480293338427013605e+00 -4.284300976401299657e-04 9.995246661230242635e-01 -3.105752185590630529e-02 -4.721934411264389730e+00 -2.231766344164342469e-02 3.104040975504599939e-02 9.992742716471950670e-01 2.218690356690561885e+02
9.997144153888544160e-01 2.569704344682209769e-04 2.409304777994490318e-02 -2.455428284043693843e+00 5.104923822435697813e-04 9.995001030992906044e-01 -3.183716065292607061e-02 -4.780315244830842580e+00 -2.408914828555868554e-02 3.184039418208822053e-02 9.992079652867917883e-01 2.228029474596371813e+02
9.996628659498101310e-01 -3.025094735338676758e-04 2.614434935674409335e-02 -2.434457443521968578e+00 1.141506944447181517e-03 9.994919190243758411e-01 -3.207698739107249508e-02 -4.823734278783968321e+00 -2.612131285314718901e-02 3.209604230964809707e-02 9.991487261520350938e-01 2.237061842139079033e+02
9.996008600621579809e-01 2.939793806578700104e-03 2.826579179379843515e-02 -2.415351423137225062e+00 -2.010489071234704619e-03 9.994655984181940456e-01 -3.284540570273284527e-02 -4.874647902016558731e+00 -2.834718249563749487e-02 3.277548838401281306e-02 9.990659941591667481e-01 2.246542939803782417e+02
9.995268755889282764e-01 -6.289231108279532204e-03 3.026475765139107280e-02 -2.377684955890880580e+00 7.313733389844432990e-03 9.994071489201324932e-01 -3.385577283556652495e-02 -4.920632165463432628e+00 -3.003381213502120950e-02 3.406111637767961220e-02 9.989737066468291626e-01 2.255621491062966584e+02
9.995148650306866500e-01 -5.550533806963388328e-03 3.080128649693768955e-02 -2.353914761136537859e+00 6.771818726905317817e-03 9.991965096748463004e-01 -3.968424065851892252e-02 -4.978141320038968587e+00 -3.055618905688913325e-02 3.987354393798615143e-02 9.987427476587075192e-01 2.264782552288441764e+02
9.994962584182860432e-01 -1.409537766016506289e-03 3.185504364161239471e-02 -2.331783384811325632e+00 2.955696599273168260e-03 9.988241368169282763e-01 -4.853840855913345992e-02 -5.023812215087368749e+00 -3.174908257013391716e-02 4.860802803563164104e-02 9.983185421693383521e-01 2.274113583872243112e+02
9.995615799850269267e-01 -1.408920231359427630e-03 2.973491667170841471e-02 -2.306308484665072989e+00 3.091622474828129106e-03 9.983984456907196714e-01 -5.661588671251633481e-02 -5.083090911467540884e+00 -2.960745312591478787e-02 5.668285673161453653e-02 9.979584716341419748e-01 2.283204557221203856e+02
9.996676466829833574e-01 -4.847973474465527843e-03 2.550682377508679127e-02 -2.281831998841725717e+00 6.329122075599442031e-03 9.982858487251137225e-01 -5.830679008003088193e-02 -5.163253396773331616e+00 -2.518038609984028092e-02 5.844869877633231819e-02 9.979781342816432810e-01 2.292601622320472927e+02
9.998053873967667204e-01 -2.878067576063937216e-03 1.975900052230991980e-02 -2.269733314455926187e+00 3.959173581848843271e-03 9.984918441584650362e-01 -5.488849647682612215e-02 -5.224834689580707625e+00 -1.957122311825047062e-02 5.495591652159600993e-02 9.983022958944101077e-01 2.301980430338355461e+02
9.999289964747567483e-01 -1.335168854692581758e-03 1.223701133789407806e-02 -2.269463986159325319e+00 1.944106001756259550e-03 9.987607836744839540e-01 -4.987496624401683426e-02 -5.299336934248596975e+00 -1.215530380883022600e-02 4.989511657087503799e-02 9.986858306919911277e-01 2.311385259400355778e+02
9.999979641310922096e-01 4.399206487189830485e-04 3.662407009118211730e-03 -2.275135429775777318e+00 -2.887254405207329943e-04 9.991603065461166500e-01 -4.114612630378026992e-02 -5.358751511732159578e+00 -3.677542174281021696e-03 4.114494206256912728e-02 9.991517571409987974e-01 2.320999328045722621e+02
9.999817829670624159e-01 5.176413752089778844e-03 -4.379105332058702039e-03 -2.298632532341798651e+00 -5.313849423514606027e-03 9.994807495388398078e-01 -3.200633678860449749e-02 -5.406414841651504766e+00 4.210986419833256597e-03 3.202904013881738982e-02 9.994834045342234630e-01 2.330504385191361791e+02
9.998999365394165562e-01 8.435530644338998935e-03 -1.176863113885942211e-02 -2.319092975121055833e+00 -8.724655200094801402e-03 9.996629135445029846e-01 -2.474585250837514974e-02 -5.452523771080032944e+00 1.155569937139549683e-02 2.484611568658472158e-02 9.996298368449049176e-01 2.340035473913668511e+02
9.998143373114827259e-01 7.562000803310710631e-03 -1.799028733793727602e-02 -2.339855392531235978e+00 -7.955274392179030596e-03 9.997358038111184841e-01 -2.189648475912517669e-02 -5.494974520794371209e+00 1.781968949830433496e-02 2.203561792176906078e-02 9.996037042249352744e-01 2.349962021994404608e+02
9.996917843590760189e-01 1.083941430865457099e-02 -2.254746495709378934e-02 -2.372996747969223108e+00 -1.135062158912616796e-02 9.996856840140695422e-01 -2.267415810804179754e-02 -5.537196113719787149e+00 2.229430882497007368e-02 2.292317203539840850e-02 9.994939567026124294e-01 2.359630078769548618e+02
9.995852339328037406e-01 1.562401445914555348e-02 -2.438844483817107986e-02 -2.416248201331570034e+00 -1.625610889446743937e-02 9.995384766636633556e-01 -2.594220863842934890e-02 -5.565117343105722370e+00 2.397156107449007964e-02 2.632796145034387372e-02 9.993712452941805324e-01 2.369626212885021062e+02
9.995867812715040213e-01 1.759775761882273817e-02 -2.293767736609148011e-02 -2.440534497078788778e+00 -1.826273575033773161e-02 9.994164491207537804e-01 -2.911468840470161565e-02 -5.618840962116103732e+00 2.241164329386319612e-02 2.952159311853901763e-02 9.993182114740640776e-01 2.379510383350343830e+02
9.996760499277141943e-01 1.556651123192219835e-02 -2.037247785903748346e-02 -2.457155892983522882e+00 -1.618381650965622712e-02 9.994109791751372152e-01 -3.049951769125590351e-02 -5.658889706685825693e+00 1.988542381425009026e-02 3.081936060217565360e-02 9.993324960907963295e-01 2.389793631662670919e+02
9.997662516541214739e-01 1.252529844851650587e-02 -1.789197506658676134e-02 -2.470551757892916811e+00 -1.309484922129333997e-02 9.994066292384028438e-01 -3.208366655225412117e-02 -5.716294015566710129e+00 1.747923261004911272e-02 3.231046738559614773e-02 9.993303821305439261e-01 2.400157730146496249e+02
9.998477606682261154e-01 8.498197976915844096e-03 -1.555028759483478851e-02 -2.486831186314212072e+00 -9.016832872614557667e-03 9.994019788103557511e-01 -3.359821710289168789e-02 -5.750175665711460660e+00 1.525521091758269554e-02 3.373331350236033477e-02 9.993197910781833615e-01 2.410364629969705277e+02
9.998947343031352464e-01 4.365459743986445720e-03 -1.417902006165330103e-02 -2.491752750136456918e+00 -4.891806010600538955e-03 9.992990340417358119e-01 -3.730921275813960797e-02 -5.813296273677593717e+00 1.400596237206524347e-02 3.737461852274787805e-02 9.992085245914485991e-01 2.420951838028038594e+02
9.999241551931838945e-01 4.139896697266515040e-03 -1.200535131851686137e-02 -2.509449350244143506e+00 -4.632657849331798562e-03 9.991424125818064716e-01 -4.132125876122379887e-02 -5.868668286439079118e+00 1.182375892648243956e-02 4.137368751254018318e-02 9.990791373102968498e-01 2.431303455894635590e+02
9.999366398484332841e-01 4.366946465819405640e-03 -1.082766802830397411e-02 -2.520294330759789148e+00 -4.839722839561853493e-03 9.990253245884078703e-01 -4.403925141612168720e-02 -5.929819837330660981e+00 1.062457594210761136e-02 4.408879066696204385e-02 9.989764778551388780e-01 2.442081218970233749e+02
9.999457665581626964e-01 5.642330522246825734e-03 -9.285623617694050216e-03 -2.537061655894727874e+00 -6.033415509366439958e-03 9.990789239372525055e-01 -4.265422523170612351e-02 -5.992982386693702423e+00 9.036189023098495365e-03 4.270787138355770785e-02 9.990520970308837123e-01 2.452805953486582951e+02
9.999487959365570555e-01 6.226626027314148201e-03 -8.557577327176936824e-03 -2.551880987856057548e+00 -6.559023200841880216e-03 9.992095610049200882e-01 -3.939183446108542735e-02 -6.047717963307288613e+00 8.305328078604368516e-03 3.944590521861631588e-02 9.991925498340359368e-01 2.463871882265921158e+02
9.999546696766644649e-01 6.628428573934876632e-03 -7.504807223921583156e-03 -2.567481455778622301e+00 -6.897411042935453797e-03 9.993202001139867008e-01 -3.641509159309190558e-02 -6.111876920210827180e+00 7.258133650950923318e-03 3.646518387453131366e-02 9.993139299817158649e-01 2.474983197626822005e+02
9.999777301618650860e-01 4.200479490738189686e-03 -6.041986358345045535e-03 -2.574581915634146956e+00 -4.409856942679916091e-03 9.993818320088342366e-01 -3.508579607097277175e-02 -6.165382015925231940e+00 5.890687788272517926e-03 3.511164917420319526e-02 9.993713989889237981e-01 2.486144770132790995e+02
9.999877374241907813e-01 2.126571218429058104e-03 -5.442213380266877447e-03 -2.584590282954739138e+00 -2.317588928451557156e-03 9.993793112776541143e-01 -3.535719358592192413e-02 -6.229238526567407952e+00 5.363462680435243136e-03 3.536936283991970464e-02 9.993652803414088126e-01 2.497541507376398897e+02
9.999945659225075723e-01 -4.559169745662418382e-05 -4.525805978474899995e-03 -2.585514676285390667e+00 -1.279154186858137319e-04 9.992714457422324781e-01 -3.835459677385440885e-02 -6.288301502627365203e+00 4.524078934991990902e-03 3.835493781119368034e-02 9.992593034536844110e-01 2.508947336731827136e+02
9.999934960222203184e-01 1.101894741943593332e-03 -4.627952242742844335e-03 -2.597354336436111133e+00 -1.299369211319713552e-03 9.990853554564695926e-01 -4.291025218141885506e-02 -6.342690459240591494e+00 4.576263358289747382e-03 4.291592530483609447e-02 9.990735758518648479e-01 2.520311132959587042e+02
9.999934655794603389e-01 1.844253652900404005e-03 -4.393540238212453701e-03 -2.603869274982526516e+00 -2.042534591267473713e-03 9.989655576760144706e-01 -4.558707534309845016e-02 -6.418903514196662385e+00 4.304753984268685357e-03 4.559567032497553740e-02 9.989560724784446455e-01 2.531965038338846625e+02
9.999976741393888924e-01 1.326781441720263632e-03 -3.539840062104101202e-03 -2.615850391192863444e+00 -1.478653597435991432e-03 9.990690025151431897e-01 -4.328377955033795021e-02 -6.482613342038476389e+00 3.478956847384104788e-03 4.328884689632794130e-02 9.990619126393838201e-01 2.543612676044031957e+02
9.999989620409394098e-01 1.107462346715661636e-03 -3.238699496829081179e-03 -2.623203929696874326e+00 -1.230021766252067852e-03 9.992795663688764929e-01 -3.812331957292646595e-02 -6.551170895045736131e+00 3.193990157307396126e-03 3.812723222024804598e-02 9.992731625504066573e-01 2.555542177589084361e+02
1.000001025075028194e+00 1.657819595625266765e-04 -2.750284287337404279e-03 -2.629198899973514969e+00 -2.598088518984680993e-04 9.994200540351594331e-01 -3.426434372513294246e-02 -6.622156378538556432e+00 2.742858548741705215e-03 3.426508852446063375e-02 9.994143907446974007e-01 2.567314296553886948e+02
9.999974859979644526e-01 2.826830692867889593e-03 -2.586341563888772729e-03 -2.640219719317061564e+00 -2.908451326630829420e-03 9.994857383130131279e-01 -3.216158639643883904e-02 -6.684751493014677415e+00 2.493945182124319981e-03 3.216903720404561823e-02 9.994847060746547829e-01 2.579035727536103764e+02
9.999975571624728499e-01 3.345089687864418945e-03 -1.829937755312582891e-03 -2.647779594277166026e+00 -3.401701448013681305e-03 9.994918357953168631e-01 -3.192287991475197678e-02 -6.749135813996228528e+00 1.722076187780408312e-03 3.192903775726322474e-02 9.994940314355997835e-01 2.590795534409041920e+02
9.999950852324785977e-01 3.845450015622888656e-03 -2.166845657778670216e-03 -2.654169971801392691e+00 -3.911857365007368435e-03 9.995009727110966136e-01 -3.157650798393500657e-02 -6.806187976218070368e+00 2.044189628953453196e-03 3.158484222688499876e-02 9.995043614301123425e-01 2.602449879290437593e+02
9.999788498742591125e-01 6.895008605430355368e-03 -2.101798122300886640e-03 -2.665630626044893425e+00 -6.962285368156668694e-03 9.994069469965478625e-01 -3.393910259868024304e-02 -6.875800769835952231e+00 1.866397131362404135e-03 3.395301469132050443e-02 9.994270669063164414e-01 2.614040736018833400e+02
9.999847436907129961e-01 6.106508871098232684e-03 -1.699702221756552774e-03 -2.668044310543845832e+00 -6.165454724349452714e-03 9.992952094252727235e-01 -3.722450323438068059e-02 -6.945870779289913699e+00 1.471046694894977440e-03 3.723438971828681859e-02 9.993108586510640601e-01 2.625630043263382731e+02
9.999781005471101158e-01 7.120256637885498049e-03 -1.663576213968749997e-03 -2.676843770535934475e+00 -7.180407887320622122e-03 9.991985695470326778e-01 -3.956334575621133637e-02 -7.006597246266236922e+00 1.380396675844939788e-03 3.957438336631361603e-02 9.992210586667327199e-01 2.636964573796327045e+02
9.999939807746367482e-01 4.505085628348402642e-03 -1.191076303554026213e-03 -2.681423482888768195e+00 -4.549760793173348097e-03 9.991670047988215897e-01 -4.073331662621190036e-02 -7.078684994715544576e+00 1.006434964928359715e-03 4.073844207680204360e-02 9.991747234055736726e-01 2.648536656986730122e+02
1.000003890121127892e+00 8.775564593229535177e-04 -1.064257541358519955e-03 -2.683493881520136792e+00 -9.183336686248542860e-04 9.992441333464188169e-01 -3.905038866292225713e-02 -7.144373059898736500e+00 1.029044286267497346e-03 3.905148133161476243e-02 9.992420551262785056e-01 2.660020295141098359e+02
1.000003784248399086e+00 -1.249019578607762264e-03 -7.447864896264199145e-04 -2.686151550825552903e+00 1.222924492590837060e-03 9.994210471222466641e-01 -3.421536215340988812e-02 -7.211313618140242632e+00 7.869530041302579427e-04 3.421457750460162039e-02 9.994195850976757001e-01 2.671545862082261351e+02
1.000000579122537703e+00 -2.895795618792094007e-03 -3.782983809168285181e-04 -2.692810862324103827e+00 2.882894690585548810e-03 9.995288029881417291e-01 -3.079745313554660760e-02 -7.264868313721660975e+00 4.671649253228484563e-04 3.079640077092799313e-02 9.995309548693542823e-01 2.683053782703665320e+02
1.000004217112767657e+00 1.091753093526618519e-03 -2.669514191750116763e-04 -2.703110223045615879e+00 -1.099697178009064261e-03 9.994842646007729980e-01 -3.232070846425520727e-02 -7.336393820533530175e+00 2.313906247914490112e-04 3.232114748231197654e-02 9.994828944262658110e-01 2.694505627409340036e+02
9.999877339549445576e-01 5.848754555705042157e-03 1.691506629167456317e-04 -2.714544919124488143e+00 -5.838666924305919298e-03 9.993320895511885738e-01 -3.627567598733188320e-02 -7.398169485676431734e+00 -3.813384444411736427e-04 3.627422518788504802e-02 9.993471877370272427e-01 2.705955775179815532e+02
9.999505912074035940e-01 1.037161377294748554e-02 9.782064677638468812e-04 -2.723734537229258290e+00 -1.032739477931634772e-02 9.992462834500875912e-01 -3.761458832732716973e-02 -7.469164295429997047e+00 -1.367720135696250464e-03 3.760260018091306222e-02 9.992972232538329669e-01 2.717277950662489161e+02
9.999534768340153645e-01 1.004386594959159190e-02 1.373618067170948118e-03 -2.732555412225128322e+00 -9.986355467864466498e-03 9.992784349797432242e-01 -3.684480183026452721e-02 -7.534233947285986943e+00 -1.742813900152168040e-03 3.682934816538618178e-02 9.993254368215418459e-01 2.728632158717047105e+02
9.999509272121448467e-01 1.032553791566369512e-02 1.118449716244367727e-03 -2.736972784116256552e+00 -1.027895647151605245e-02 9.993172891510877509e-01 -3.569259837048222028e-02 -7.602667635564201554e+00 -1.486353378045251940e-03 3.567933687541553767e-02 9.993675731929602124e-01 2.739701791327008209e+02
9.999551062463269968e-01 9.975250178645075905e-03 7.082795651644964191e-05 -2.737243117141682891e+00 -9.967296668962193421e-03 9.994054093194059130e-01 -3.322870109738366301e-02 -7.669039118799300780e+00 -4.023799364593977292e-04 3.322650675648440577e-02 9.994531556046498677e-01 2.750804777083270665e+02
9.999771305929705534e-01 7.327563599172543657e-03 -1.333052994125338191e-03 -2.738154120608881303e+00 -7.364267041509291525e-03 9.995273403372284537e-01 -3.009212557166887625e-02 -7.731658899672063434e+00 1.111782152600652562e-03 3.010127994239253715e-02 9.995516244494713209e-01 2.761797767589633850e+02
9.999851518189882826e-01 5.778640953743968169e-03 -2.458427790127976943e-03 -2.746408583273399540e+00 -5.849517113105252852e-03 9.995426221407149869e-01 -2.991673054741117443e-02 -7.791648484399167351e+00 2.284277884031441722e-03 2.993069393912617393e-02 9.995547552770515098e-01 2.772460962109332172e+02
9.999705997441530325e-01 7.559171536093598279e-03 -3.377556244254510155e-03 -2.752771857078351481e+00 -7.664904525925587096e-03 9.994495660093394296e-01 -3.250393895229002073e-02 -7.855851871106840356e+00 3.129844628500022107e-03 3.252888187106330736e-02 9.994712858669002609e-01 2.783089576758360408e+02
9.999496484720612477e-01 9.373598679356826349e-03 -4.752887008630876306e-03 -2.766040526915785946e+00 -9.530309594337291884e-03 9.993797088198466128e-01 -3.411842643103363965e-02 -7.916765479375992953e+00 4.429967284233574110e-03 3.416200354032434411e-02 9.994118811998521368e-01 2.793527053668782401e+02
9.999332983502299266e-01 1.025661414295854328e-02 -6.161740667026938643e-03 -2.778905179072670872e+00 -1.046074759366470708e-02 9.993716995534206449e-01 -3.408060648971171502e-02 -7.977715349676964607e+00 5.808146568400687770e-03 3.414278929187785500e-02 9.994054790104004438e-01 2.803819564055068554e+02
9.999300728350896117e-01 9.527929981956265518e-03 -7.670610109111779956e-03 -2.789972906304237554e+00 -9.772683659090777505e-03 9.994299491169962302e-01 -3.254207494961099817e-02 -8.043606400408849666e+00 7.356000196993990256e-03 3.261477194913361272e-02 9.994463189357780664e-01 2.814242489581170616e+02
9.999196538795481759e-01 9.480447397165836163e-03 -8.976522296717701424e-03 -2.802343615064723625e+00 -9.734552450435290244e-03 9.995477093301924354e-01 -2.871123086686534417e-02 -8.104747827154547224e+00 8.700079588045367060e-03 2.879634295499220592e-02 9.995528307982129990e-01 2.824212515534186423e+02
9.999128016590478341e-01 8.769273367445729397e-03 -1.035669805506459450e-02 -2.816950206738381368e+00 -9.005529523994080729e-03 9.997022789959314482e-01 -2.299951826726706616e-02 -8.152029835413744152e+00 1.015172790595500647e-02 2.309085633629020390e-02 9.996872217523854465e-01 2.834201986992740103e+02
9.999125571532178069e-01 7.792964479543283002e-03 -1.113224927841119545e-02 -2.832195605256683013e+00 -8.016649623252533607e-03 9.997711613401987218e-01 -2.020127637853864899e-02 -8.199420877610572589e+00 1.097207476081295784e-02 2.028884738901361173e-02 9.997393489370217656e-01 2.843812224280866872e+02
9.998929791144203216e-01 9.291984978856774810e-03 -1.172481634345000530e-02 -2.847993050578862650e+00 -9.554264210925146952e-03 9.997080235190357600e-01 -2.252385838899906637e-02 -8.250466389401834633e+00 1.151190167796102906e-02 2.263354762051684663e-02 9.996829460541984957e-01 2.853393350399503561e+02
9.998686139103922788e-01 1.131620077508778584e-02 -1.202015555504938431e-02 -2.863651774662546945e+00 -1.164431243638482973e-02 9.995587455463940119e-01 -2.759475123923391462e-02 -8.304169253580232279e+00 1.170238463270610943e-02 2.773113495907190973e-02 9.995523170750052477e-01 2.862622601104267233e+02
9.998613884476262870e-01 1.132290767445105241e-02 -1.260094139294317718e-02 -2.878126899485536239e+00 -1.171620834371358590e-02 9.994394225465117465e-01 -3.159622487657928747e-02 -8.353408715127498496e+00 1.223591147810562663e-02 3.173949559484631061e-02 9.994266780826185359e-01 2.871989811464300715e+02
9.998691640336672126e-01 9.921731942806773230e-03 -1.315328906856083960e-02 -2.889646011462682296e+00 -1.034519037246730590e-02 9.994244606740888548e-01 -3.253431464521423094e-02 -8.403248676824009777e+00 1.282271342004274832e-02 3.266614019265041968e-02 9.993894632798655531e-01 2.881445351700987771e+02
9.998700636555253318e-01 9.404755893067266725e-03 -1.346112629794603971e-02 -2.907130013007837910e+00 -9.832312585068321217e-03 9.994448361899436195e-01 -3.206409479294585613e-02 -8.450873256591270533e+00 1.315188836404612531e-02 3.219229465168147591e-02 9.994005631636510012e-01 2.890669961185216152e+02
9.998751826167403545e-01 9.070894654017806411e-03 -1.330917483226289749e-02 -2.926443443121288901e+00 -9.484494013561091050e-03 9.994706331120311038e-01 -3.135703437923328951e-02 -8.503241713160177184e+00 1.301748432734458130e-02 3.147936839597446218e-02 9.994250348329511979e-01 2.900194073966015935e+02
9.998720196800990889e-01 1.094217732178126394e-02 -1.208363259265318908e-02 -2.943529558570495031e+00 -1.131828538306645440e-02 9.994465329132532494e-01 -3.151658407613432133e-02 -8.553578227417773405e+00 1.173188378274088450e-02 3.164933260033335471e-02 9.994355850060460122e-01 2.909404636384651326e+02
9.998717163459839297e-01 1.297207386079370604e-02 -9.903608465558927723e-03 -2.954665974035339371e+00 -1.330248415286126515e-02 9.993383420551370522e-01 -3.406900060272313041e-02 -8.602614954666213620e+00 9.454925337349451633e-03 3.419637175299621024e-02 9.993758146436909628e-01 2.918626141499926803e+02
9.998230677691913870e-01 1.744998728409482419e-02 -7.690536528148102929e-03 -2.971884299773627003e+00 -1.774250644987929865e-02 9.990583139163777826e-01 -3.978029650415989410e-02 -8.667601191500695634e+00 6.988962195071015369e-03 3.990966683155424549e-02 9.991842571875416690e-01 2.927983869776830375e+02
9.998028882896089486e-01 1.920357624984492945e-02 -5.934764522196685557e-03 -2.992496216516025154e+00 -1.944795482098592848e-02 9.988354841791998728e-01 -4.431973218080229732e-02 -8.711772081168625448e+00 5.076603768898201030e-03 4.442634339648992431e-02 9.990051737764246154e-01 2.937108984556187465e+02
9.997775354097937495e-01 2.104805714215805118e-02 -3.417138800088526801e-03 -3.001678972798900169e+00 -2.118457537192328446e-02 9.986939503559129072e-01 -4.665183637579444625e-02 -8.772269118099286445e+00 2.430611210052787286e-03 4.671376073717111582e-02 9.989107717401836117e-01 2.946401911422056514e+02
9.997352376728875223e-01 2.320826186534651059e-02 -8.059445765165035433e-04 -3.011987864251183922e+00 -2.322049636899349914e-02 9.986437795432642206e-01 -4.675683092089892579e-02 -8.829630813076216000e+00 -2.804080060926096552e-04 4.676307730051953993e-02 9.989113841315164777e-01 2.955564308947300560e+02
9.996843703630983180e-01 2.520120099511987191e-02 2.424567214305063580e-03 -3.013527064157551560e+00 -2.506363560604430232e-02 9.986419744139862775e-01 -4.583468165040891634e-02 -8.893225536289413924e+00 -3.576454112178454638e-03 4.575936410940024263e-02 9.989515067629948231e-01 2.964887399678685824e+02
9.996687985367478380e-01 2.539015517379012224e-02 5.239831702309433181e-03 -3.013047402393154162e+00 -2.513442615738114769e-02 9.987161400998140204e-01 -4.414899138940919787e-02 -8.949655998387273215e+00 -6.354123257350606686e-03 4.400259910282572351e-02 9.990166269750250239e-01 2.974103506613664649e+02
9.996919130644920104e-01 2.348027969063128453e-02 8.636117852845228912e-03 -3.003179804875249381e+00 -2.308650256787948135e-02 9.988085265073237684e-01 -4.316649937244598778e-02 -9.017932616016922864e+00 -9.639434768776806647e-03 4.295376009323672445e-02 9.990359755417742571e-01 2.983394491320239013e+02
9.997044707480569059e-01 2.139961914205707263e-02 1.195246861243186819e-02 -2.990595595097515602e+00 -2.088537578337794007e-02 9.989233414848708303e-01 -4.160254720902208797e-02 -9.077459610620071118e+00 -1.282989946965922869e-02 4.134056963348028274e-02 9.990681537507233312e-01 2.992871306125402384e+02
9.996634677788222012e-01 2.120581747830573016e-02 1.526775847968565684e-02 -2.982644209993745132e+00 -2.056386197438367022e-02 9.989533668892142115e-01 -4.103799272831970546e-02 -9.138503242257327130e+00 -1.612201893173448655e-02 4.071016905159838273e-02 9.990463397979360005e-01 3.002155395195898109e+02
9.996413731631321742e-01 1.968910692007818167e-02 1.842054384424516786e-02 -2.968413812930486007e+00 -1.893819275340047001e-02 9.990242433934442001e-01 -4.008412195202480655e-02 -9.192094679207356123e+00 -1.919176340927338659e-02 3.972085314518903482e-02 9.990319096835919011e-01 3.011696651196425591e+02
9.995616832935929619e-01 2.067756242556303276e-02 2.141825695513842678e-02 -2.954130102888437914e+00 -1.984612718375415585e-02 9.990755814254426159e-01 -3.832695547428113803e-02 -9.244961294544477681e+00 -2.219092045632353044e-02 3.788505693090658821e-02 9.990410968396200575e-01 3.021124016556893821e+02
9.994578638748332633e-01 2.147564355318638471e-02 2.515242656847204578e-02 -2.935433107803699038e+00 -2.057881038199050466e-02 9.991692782325605204e-01 -3.538528972595265942e-02 -9.294179976073371208e+00 -2.589138762376353223e-02 3.484849092005069815e-02 9.990625857347258387e-01 3.030732392179762655e+02
9.993118302829480104e-01 2.310824395683412288e-02 2.918470259766711011e-02 -2.918090850537340408e+00 -2.208906998853231093e-02 9.991585686435745517e-01 -3.477189223167825166e-02 -9.349538019575646786e+00 -2.996356636974098833e-02 3.410329716315139981e-02 9.989744656108738852e-01 3.040689237692538995e+02
9.991538537058506364e-01 2.496543085128852951e-02 3.283562024813900526e-02 -2.893793788769504438e+00 -2.370831611856416554e-02 9.989988965910946428e-01 -3.813110286290262441e-02 -9.408409061161403741e+00 -3.375458286598258251e-02 3.732033503078965864e-02 9.987385321797295212e-01 3.050291462691366178e+02
9.990173154464617733e-01 2.486251772401991411e-02 3.682571516171568443e-02 -2.862110767306070613e+00 -2.334775717274386111e-02 9.988935197764692298e-01 -4.100586878302358435e-02 -9.461606109023293243e+00 -3.780432445512816458e-02 4.010572937973808788e-02 9.984854531806020006e-01 3.060251359271032356e+02
9.989277747689435660e-01 2.214217587209271407e-02 4.077875767448330829e-02 -2.821515647325553822e+00 -2.054186934352349864e-02 9.990256299318822641e-01 -3.925166220598169664e-02 -9.511441621922081424e+00 -4.160795939817853173e-02 3.837187056042746375e-02 9.984023308137798258e-01 3.070194351153420484e+02
9.988330746618806488e-01 1.808049403193305246e-02 4.489401091061036991e-02 -2.773524374533076653e+00 -1.644008594529272962e-02 9.992006535386688260e-01 -3.664223605218015073e-02 -9.557535959469699804e+00 -4.552042377402999718e-02 3.586140066206141425e-02 9.983249410181066485e-01 3.080417447485162370e+02
9.986983587791704586e-01 1.629633154772278450e-02 4.843455244909170704e-02 -2.725096253463490825e+00 -1.433484615592755911e-02 9.990812619549638285e-01 -4.057123387767398032e-02 -9.621825206909377926e+00 -4.905097861835112927e-02 3.982408015251216737e-02 9.980074575978379325e-01 3.090530582262865664e+02
9.984672441668547282e-01 1.914062191632899534e-02 5.202589208031165730e-02 -2.675012390276693797e+00 -1.656760854950619852e-02 9.986469145073714193e-01 -4.944433703846314032e-02 -9.685300804121455442e+00 -5.290162533354704488e-02 4.850650232277167739e-02 9.974263778815208870e-01 3.100634254648368255e+02
9.981917716492048065e-01 2.079956654045651138e-02 5.648420671609904326e-02 -2.621206629844934799e+00 -1.768922554793729909e-02 9.983361673620431143e-01 -5.501710687222448326e-02 -9.757296558029745270e+00 -5.753425751096923751e-02 5.391832072851008434e-02 9.968919032227432364e-01 3.110985945379314330e+02
9.979762045256513892e-01 1.981261860851725107e-02 6.050502901956458096e-02 -2.563927139157062385e+00 -1.666840404972425721e-02 9.985136078313582297e-01 -5.203495108072294512e-02 -9.827550841347235888e+00 -6.144571321801917813e-02 5.092100085605926613e-02 9.968160909797098013e-01 3.121300658761190903e+02
9.977504262648165811e-01 1.628976742021720145e-02 6.510483357537830140e-02 -2.498524333508782558e+00 -1.332244778276523919e-02 9.988713737061928333e-01 -4.575362786061047682e-02 -9.885381832376696210e+00 -6.577630643916734798e-02 4.478326951619760604e-02 9.968343795345282476e-01 3.132145500556640627e+02
9.974596983268253503e-01 1.621755180141567013e-02 6.943378714961605247e-02 -2.436080878713690723e+00 -1.313930726382608882e-02 9.989276710691818995e-01 -4.456201515879559816e-02 -9.957829403698749360e+00 -7.008162369736439801e-02 4.353643465301106769e-02 9.965962028962893626e-01 3.142612280121972503e+02
9.970829199983586300e-01 1.949215216922889349e-02 7.386217219590993088e-02 -2.359127916024482907e+00 -1.596035412495630870e-02 9.987221068801257484e-01 -4.810749689400235091e-02 -1.002799780500938986e+01 -7.470507512935876948e-02 4.678820620572225752e-02 9.961128763249536000e-01 3.153329729218231705e+02
9.967859958091197514e-01 1.948763313467538963e-02 7.776777583836183561e-02 -2.282891165872968031e+00 -1.548817007491042584e-02 9.985498466820827979e-01 -5.170339919349161567e-02 -1.009786174288718463e+01 -7.866211716489140970e-02 5.033262733130815930e-02 9.956353514331277577e-01 3.163912494889596587e+02
9.964545530104952364e-01 1.951617567319163457e-02 8.189849391968434533e-02 -2.200284452983349404e+00 -1.506844665631871388e-02 9.984032734929221276e-01 -5.457814089145768960e-02 -1.016673979807039885e+01 -8.283238740366781483e-02 5.315041728083283457e-02 9.951505847599587673e-01 3.174675446848109459e+02
9.960867638574828486e-01 1.935529831817854249e-02 8.629283899341737285e-02 -2.105974195036580898e+00 -1.448803066424403027e-02 9.982949101523781454e-01 -5.667721456903055538e-02 -1.024894130153056260e+01 -8.724218425013087475e-02 5.520505817710283369e-02 9.946617859746690327e-01 3.185609870882937571e+02
9.956920311131990386e-01 2.145760510731623341e-02 9.026003937008650335e-02 -2.017434472543850443e+00 -1.641716775602338613e-02 9.982909365938134050e-01 -5.621942705635186305e-02 -1.033267958382140961e+01 -9.131156450298161253e-02 5.449527371119203961e-02 9.943356234058602361e-01 3.196379680254527216e+02
9.952920778018913284e-01 1.918389349050809989e-02 9.505571803474369141e-02 -1.917086222051067823e+00 -1.431948440690559467e-02 9.985729507723378751e-01 -5.159422672235994961e-02 -1.040552161771506690e+01 -9.590926087169167336e-02 4.999006073476684048e-02 9.941394658422598729e-01 3.207542638938236905e+02
9.949304907262457309e-01 1.605044946791579080e-02 9.932590209576054596e-02 -1.808502923710067156e+00 -1.144683985313081631e-02 9.988487269033042848e-01 -4.674550858191157954e-02 -1.047444179814925569e+01 -9.996122050197714382e-02 4.537148130023175435e-02 9.939617968081668753e-01 3.218535339066353913e+02
9.945081351303145523e-01 1.594282282994485475e-02 1.034858952567040413e-01 -1.692925952638858256e+00 -1.136988327553694472e-02 9.989464164497715570e-01 -4.462891263709500844e-02 -1.055101564944991210e+01 -1.040877309222868058e-01 4.320712655224184101e-02 9.936346220973967247e-01 3.229654522838932280e+02
9.941170242917062305e-01 1.404857005001062739e-02 1.074426272104723051e-01 -1.568460613103069612e+00 -9.374369984291648639e-03 9.990000698888688024e-01 -4.388555953973181240e-02 -1.061779684849094885e+01 -1.079510500358262376e-01 4.262011249763981990e-02 9.932476891354247162e-01 3.241011284389413731e+02
9.938249859922739793e-01 1.044791141364076817e-02 1.105109926510723789e-01 -1.441596328186101728e+00 -5.604416118747063483e-03 9.990211983730931111e-01 -4.404769510633597257e-02 -1.068294528551503220e+01 -1.108623383478254676e-01 4.315628497388095813e-02 9.929037983058890404e-01 3.252080978949285281e+02
9.936164950995067802e-01 1.027472877975184329e-02 1.123861043827251716e-01 -1.313127273454608002e+00 -4.989070403449091806e-03 9.988799665018638363e-01 -4.721113811822858636e-02 -1.076447199670193555e+01 -1.127446007926278665e-01 4.634897448793103697e-02 9.925478855213933915e-01 3.263603090329875158e+02
9.934812096723942831e-01 1.284105585741938081e-02 1.133143591711953391e-01 -1.191679817739963010e+00 -7.001137864587730561e-03 9.986412126369271780e-01 -5.178501924483278063e-02 -1.084074602028634082e+01 -1.138246444413870267e-01 5.065399434014922903e-02 9.922141914358227899e-01 3.274783809993861610e+02
9.933755700420663359e-01 1.292768438586991767e-02 1.142270085942786173e-01 -1.058890373095158211e+00 -6.819179526458794827e-03 9.985410021402990610e-01 -5.370614537066781963e-02 -1.091838853431444356e+01 -1.147539177228428936e-01 5.257130207419580953e-02 9.920073987998441201e-01 3.286341410754663457e+02
9.932885262062403076e-01 1.212404640544143160e-02 1.150689903456269952e-01 -9.317826567192881715e-01 -6.103392065368660156e-03 9.986081812603972985e-01 -5.253041434017682171e-02 -1.099782613821655808e+01 -1.155449764373838728e-01 5.147541965923563279e-02 9.919730502524917171e-01 3.297796020422547940e+02
9.932258175608944528e-01 1.023209421805859956e-02 1.157918240584963065e-01 -7.996920666387652421e-01 -4.496153932533391781e-03 9.987621155369946768e-01 -4.968927393651776520e-02 -1.107191901293432146e+01 -1.161561640854467115e-01 4.883194435761977620e-02 9.920353227632765503e-01 3.309453737684861494e+02
9.931839254229489766e-01 8.152921481006537158e-03 1.163150433560015545e-01 -6.599322616841887257e-01 -2.514236935381058188e-03 9.988255056419219624e-01 -4.854166803919065382e-02 -1.115227501963196843e+01 -1.165734354005897450e-01 4.791825989898844396e-02 9.920309320002834719e-01 3.321219428703902850e+02
9.931881976254457456e-01 8.300515355276354840e-03 1.162681187256581206e-01 -5.260587459502248375e-01 -2.524691893801818063e-03 9.987667417476010501e-01 -4.973559196091510010e-02 -1.124156500941033698e+01 -1.165368086510110979e-01 4.910315256392440431e-02 9.919772932250114916e-01 3.332922062566437376e+02
9.932164526918237923e-01 8.338697951657945973e-03 1.160237730030129477e-01 -3.866700698767356892e-01 -2.391779514733659035e-03 9.986879131695198808e-01 -5.130052661768826072e-02 -1.132540265925283585e+01 -1.162985660731493814e-01 5.067490290512052103e-02 9.919262063584933786e-01 3.344819119787576369e+02
9.932970689337299319e-01 7.695061226874070313e-03 1.153763149054394671e-01 -2.542803821138775455e-01 -1.739696088964124690e-03 9.986723692225875082e-01 -5.162834421491412085e-02 -1.140978077756636289e+01 -1.156196727167905641e-01 5.108144092801253366e-02 9.919847184536437767e-01 3.356584465356058899e+02
9.933426752948449900e-01 7.214288663484063821e-03 1.150141912313078218e-01 -1.202480159232472978e-01 -1.452970038177149419e-03 9.987508264531944624e-01 -5.009692474865137801e-02 -1.149309217307005859e+01 -1.152311916244516676e-01 4.959618922003811853e-02 9.921052876776159657e-01 3.368498098148232884e+02
9.933987886377261267e-01 4.231560591808192391e-03 1.146774691683531827e-01 1.835702679032655965e-02 1.075751566883676293e-03 9.989401589152629990e-01 -4.617824524207952974e-02 -1.157234015775717673e+01 -1.147505966347505263e-01 4.599669133465825871e-02 9.923343782002045366e-01 3.380495870681430119e+02
9.934901178199180283e-01 -7.565528807222886808e-04 1.139596326720065528e-01 1.540756951954010412e-01 5.568850482122763776e-03 9.991131924728084979e-01 -4.191479249776154659e-02 -1.165135178118520720e+01 -1.138261264474992179e-01 4.227649674825807030e-02 9.926062792520232714e-01 3.392263461555359072e+02
9.936164822520410222e-01 3.834860696954397346e-04 1.128544765619014789e-01 2.874896238613031674e-01 4.265331473073288686e-03 9.991597094144833990e-01 -4.094782835957184314e-02 -1.172503080393466313e+01 -1.127746207978302523e-01 4.116774702028433430e-02 9.927728926650623009e-01 3.404204972416079045e+02
9.937053808220279727e-01 -1.945543998267602089e-05 1.120696697095883571e-01 4.139612368567328615e-01 4.816779704333379146e-03 9.990908896527304073e-01 -4.253515150153854008e-02 -1.180554715473237160e+01 -1.119662349575581972e-01 4.280716033708026336e-02 9.927950576333061106e-01 3.415895612491737552e+02
9.937821359455348835e-01 2.352113654636754387e-03 1.113621683986237981e-01 5.413979924718074210e-01 2.656703707867147119e-03 9.989996547143814576e-01 -4.480716937513205128e-02 -1.188112394706831232e+01 -1.113554387437916543e-01 4.482434287504492854e-02 9.927747290166515359e-01 3.427611999310399256e+02
9.939109565483152942e-01 3.171042388808493432e-03 1.101859984846327994e-01 6.632255742778847551e-01 1.939176744006187959e-03 9.989360484556037978e-01 -4.623922857434800693e-02 -1.196115060772435079e+01 -1.102146786315082450e-01 4.617125845807195511e-02 9.928403002886463380e-01 3.439403750587682111e+02
9.940539701167103726e-01 4.970372616415402039e-03 1.088209735335322198e-01 7.816709495516648287e-01 1.098382524042765170e-04 9.989198718110557929e-01 -4.662765621558762064e-02 -1.204091968693614412e+01 -1.089344852159363081e-01 4.636227004595674245e-02 9.929726785198533801e-01 3.451042536527833136e+02
9.941807461546388058e-01 5.114201315380500004e-03 1.076498879444017509e-01 9.079686266769458891e-01 -9.861860047595889702e-05 9.989237468747690363e-01 -4.654470651558598876e-02 -1.212419582656380790e+01 -1.077713668681641451e-01 4.626314774257741375e-02 9.931042158401178765e-01 3.462715517048991387e+02
9.943088610014059192e-01 5.205193052659040642e-03 1.064556498552688413e-01 1.022588925763644463e+00 -3.511055026966809875e-04 9.989688822346971531e-01 -4.556449884183409044e-02 -1.220372571419610530e+01 -1.065823592727888486e-01 4.526772766354573985e-02 9.932783927162678328e-01 3.474305938522916222e+02
9.944124780769252325e-01 6.647041328318002359e-03 1.054023508894954136e-01 1.144300155883320125e+00 -1.814929170192498831e-03 9.989531559414052131e-01 -4.587349573650534307e-02 -1.228926803937331691e+01 -1.055962470760493377e-01 4.542579739379435516e-02 9.933764953490398231e-01 3.486024382871594298e+02
9.945399308969147256e-01 8.690814136427886180e-03 1.040423684467394749e-01 1.256472437989912150e+00 -3.782452238665075933e-03 9.988820391109072272e-01 -4.728052575680087577e-02 -1.237379027968746925e+01 -1.043362807989522273e-01 4.662874586245972092e-02 9.934538907278874786e-01 3.497560491124211808e+02
9.946524284376415670e-01 1.040454283695477558e-02 1.028023631559452228e-01 1.369516371773349617e+00 -5.517927887085660732e-03 9.988538365653809592e-01 -4.770392612528712856e-02 -1.245325662523917742e+01 -1.031802045464162709e-01 4.688147830232244906e-02 9.935627336716418290e-01 3.509065726621948897e+02
9.948185105437604703e-01 9.768837733899226813e-03 1.012459412275723003e-01 1.482178605414899986e+00 -5.055451406880053823e-03 9.989034681273492033e-01 -4.670556361864188627e-02 -1.253290822090860779e+01 -1.015905213485778641e-01 4.595163079018572960e-02 9.937699674736806266e-01 3.520630244173498795e+02
9.950270419675460998e-01 8.551206370361543949e-03 9.928799830088835821e-02 1.594911995632158686e+00 -3.932218085361763142e-03 9.989123720577063326e-01 -4.662317901231173567e-02 -1.261601486121581139e+01 -9.957804868717394509e-02 4.600081697425763283e-02 9.939713636574840638e-01 3.532080533248886809e+02
9.952363268136281693e-01 9.641137667211816323e-03 9.706568143774639557e-02 1.701648901601706676e+00 -4.712372039017045933e-03 9.987012945540127973e-01 -5.087866151182210417e-02 -1.269920489289967946e+01 -9.742951868381272140e-02 5.017876770639284612e-02 9.939821551815056777e-01 3.543403324564420132e+02
9.954727065735384794e-01 7.637288266387337425e-03 9.479351170202188204e-02 1.806175675302501116e+00 -2.445550923114118893e-03 9.985039101406922857e-01 -5.476389936777508599e-02 -1.279454380836545901e+01 -9.506932560386149866e-02 5.428400060226121204e-02 9.939949776098362388e-01 3.554602673953369845e+02
9.956951915430537481e-01 4.008024825041843660e-03 9.265568886782413194e-02 1.909508892227534060e+00 7.597114875143761359e-04 9.986873319705287244e-01 -5.136311214459815533e-02 -1.287829066847906923e+01 -9.273932498413468839e-02 5.121227343398623150e-02 9.943780304088453148e-01 3.565926261107389337e+02
9.958251016682522216e-01 7.321665699962797997e-04 9.133393434209316486e-02 2.018608030687520483e+00 3.046822799133137947e-03 9.991526890590852750e-01 -4.122814639813439375e-02 -1.295080735935230365e+01 -9.128613712236396949e-02 4.133425033148527272e-02 9.949719956483528138e-01 3.577353252297457971e+02
9.959376193512197162e-01 2.022717638686964692e-03 9.007899189589352318e-02 2.108147033152525385e+00 9.476339402587998818e-04 9.994651525433559947e-01 -3.291887931385262950e-02 -1.301191810110655389e+01 -9.009681439784757162e-02 3.287052191890193348e-02 9.953959241305195826e-01 3.588591191704654761e+02
9.959932144236569584e-01 1.878925446043375235e-03 8.946537061246005729e-02 2.205248039744064137e+00 8.415105566233383079e-04 9.995462789603701825e-01 -3.035914028021571842e-02 -1.308310873235089922e+01 -8.948123852888278940e-02 3.031281438120987659e-02 9.955326190978027734e-01 3.599867350980390484e+02
9.960137764967306184e-01 7.291291319280909095e-03 8.895768129369013844e-02 2.289186600250662895e+00 -4.230463204016522705e-03 9.994017087370550279e-01 -3.454686977631504091e-02 -1.314321140461437132e+01 -8.915576807925514047e-02 3.403283137394190472e-02 9.954415960364838556e-01 3.610878373690934495e+02
9.959856502310816539e-01 1.476714194664381294e-02 8.834361860528049115e-02 2.373997933998433396e+00 -1.104019829727959090e-02 9.990419041402758271e-01 -4.252705430653445223e-02 -1.321716582598847722e+01 -8.888640059272290284e-02 4.138095660786015456e-02 9.951873090618974516e-01 3.621878312475200801e+02
9.959711022276895864e-01 1.886058160161867628e-02 8.772641002108137742e-02 2.457092164105316279e+00 -1.471576263348377267e-02 9.987630129264026824e-01 -4.765561115891282784e-02 -1.329591623123604194e+01 -8.851612804217068309e-02 4.617256732182214995e-02 9.950095213069241051e-01 3.632883325106423058e+02
9.959893931846418580e-01 2.149518126408408308e-02 8.690896228856501149e-02 2.543391717348549186e+00 -1.745916501259756060e-02 9.987529285739815688e-01 -4.693545666149916834e-02 -1.336694337864458149e+01 -8.780889483878392965e-02 4.522978242024600082e-02 9.951154848251848595e-01 3.643788793791756575e+02
9.960083155696447532e-01 2.135945003085953919e-02 8.672540387550857488e-02 2.627453387287722375e+00 -1.767659667223671696e-02 9.989257080934010880e-01 -4.301330640969360658e-02 -1.343256489762454819e+01 -8.755040418185038031e-02 4.130855273807942929e-02 9.953087431410948538e-01 3.654696213310120925e+02
9.960644641099741792e-01 2.342479402782578907e-02 8.553918732567823702e-02 2.714049457824529554e+00 -2.002693673270420499e-02 9.989918065994791707e-01 -4.036673767150678743e-02 -1.350296387241556673e+01 -8.639796468436612698e-02 3.849475832099564371e-02 9.955222305093817114e-01 3.665477313334642417e+02
9.961612359864588928e-01 2.327972120663107311e-02 8.444490899038981091e-02 2.803009546268987240e+00 -2.005576230440256694e-02 9.990522491502406011e-01 -3.882727281253026130e-02 -1.357583250095013661e+01 -8.526820674024430946e-02 3.698460171546300024e-02 9.956768745216346694e-01 3.676584171915172305e+02
9.963180205372357268e-01 2.458153761186285952e-02 8.219640631429941946e-02 2.880718696043282900e+00 -2.133473775982728041e-02 9.989735620885734635e-01 -4.014776318353944357e-02 -1.364914354618881909e+01 -8.309839102006930101e-02 3.824627777217438906e-02 9.958126574339181136e-01 3.687223502295562980e+02
